COSMOS 1249 COOLANT
1 26503U 81021E   09001.92226694 -.00000034 +00000-0 +45451-4 0  9999
2 26503 064.9569 103.7996 0052575 195.6278 164.3156 13.90097201446602
COSMOS 1249 COOLANT
1 26503U 81021E   09002.64168877 -.00000035 +00000-0 +44323-4 0  9995
2 26503 064.9572 101.9143 0052232 195.4410 164.4999 13.90097231446706
COSMOS 1249 COOLANT
1 26503U 81021E   09003.64888030 -.00000036  00000-0  43484-4 0  9994
2 26503 064.9576 099.2758 0052012 195.1360 164.8109 13.90097318446846
COSMOS 1249 COOLANT
1 26503U 81021E   09004.65607133 -.00000037 +00000-0 +43102-4 0  9997
2 26503 064.9578 096.6369 0052079 194.7991 165.1557 13.90097422446987
COSMOS 1249 COOLANT
1 26503U 81021E   09005.87908783 -.00000037  00000-0  42783-4 0  9991
2 26503 064.9580 093.4334 0051993 194.5218 165.4341 13.90097543447159
COSMOS 1249 COOLANT
1 26503U 81021E   09007.60569963 -.00000038 +00000-0 +42106-4 0  9997
2 26503 064.9585 088.9088 0051987 194.0819 165.8802 13.90097712447394
COSMOS 1249 COOLANT
1 26503U 81021E   09008.61288955 -.00000038  00000-0  41791-4 0  9997
2 26503 064.9599 086.2703 0051927 193.7777 166.1864 13.90097874447534
COSMOS 1249 COOLANT
1 26503U 81021E   09009.83590605 -.00000038 +00000-0 +41800-4 0  9991
2 26503 064.9587 083.0665 0051920 193.4203 166.5483 13.90097941447702
COSMOS 1249 COOLANT
1 26503U 81021E   09010.77115375 -.00000040  00000-0  40404-4 0  9995
2 26503 064.9595 080.6150 0051353 193.4095 166.5536 13.90098006447838
COSMOS 1249 COOLANT
1 26503U 81021E   09011.56251858 -.00000041 +00000-0 +39544-4 0  9994
2 26503 064.9598 078.5418 0051275 193.1040 166.8666 13.90098052447944
COSMOS 1249 COOLANT
1 26503U 81021E   09012.56970895 -.00000042 +00000-0 +38631-4 0  9991
2 26503 064.9597 075.9037 0051035 192.7798 167.1937 13.90098106448081
COSMOS 1249 COOLANT
1 26503U 81021E   09013.79272584 -.00000043  00000-0  38305-4 0  9996
2 26503 064.9595 072.6996 0050982 192.3894 167.5913 13.90098204448256
COSMOS 1249 COOLANT
1 26503U 81021E   09015.51933678 -.00000043 +00000-0 +37902-4 0  9998
2 26503 064.9596 068.1768 0050902 191.8248 168.1605 13.90098346448491
COSMOS 1249 COOLANT
1 26503U 81021E   09016.52652673 -.00000043  00000-0  37848-4 0  9992
2 26503 064.9596 065.5385 0050886 191.4951 168.4951 13.90098440448633
COSMOS 1249 COOLANT
1 26503U 81021E   09017.74954261 -.00000043 +00000-0 +37733-4 0  9998
2 26503 064.9593 062.3338 0050778 191.1501 168.8432 13.90098532448800
COSMOS 1249 COOLANT
1 26503U 81021E   09019.47615319 -.00000044  00000-0  37218-4 0  9997
2 26503 064.9593 057.8106 0050713 190.6349 169.3637 13.90098672449040
COSMOS 1249 COOLANT
1 26503U 81021E   09020.48334271 -.00000044 +00000-0 +36785-4 0  9993
2 26503 064.9594 055.1718 0050666 190.3330 169.6687 13.90098748449182
COSMOS 1249 COOLANT
1 26503U 81021E   09021.70635843 -.00000045  00000-0  36647-4 0  9996
2 26503 064.9589 051.9666 0050507 190.0320 169.9730 13.90098827449351
COSMOS 1249 COOLANT
1 26503U 81021E   09022.71354782 -.00000045 +00000-0 +36478-4 0  9990
2 26503 064.9588 049.3278 0050458 189.7514 170.2568 13.90098901449497
COSMOS 1249 COOLANT
1 26503U 81021E   09023.43296876 -.00000046 +00000-0 +35779-4 0  9993
2 26503 064.9590 047.4425 0050054 189.5953 170.4110 13.90098946449595
COSMOS 1249 COOLANT
1 26503U 81021E   09024.44015884 -.00000046  00000-0  35720-4 0  9999
2 26503 064.9591 044.8032 0049906 189.3516 170.6613 13.90099036449735
COSMOS 1249 COOLANT
1 26503U 81021E   09025.44734808 -.00000046 +00000-0 +35887-4 0  9998
2 26503 064.9590 042.1644 0049901 189.0702 170.9470 13.90099132449879
COSMOS 1249 COOLANT
1 26503U 81021E   09028.39697264 -.00000046  00000-0  35325-4 0  9996
2 26503 064.9589 034.4356 0049514 188.4128 171.6085 13.90099361450287
COSMOS 1249 COOLANT
1 26503U 81021E   09029.40416196 -.00000046 +00000-0 +35295-4 0  9998
2 26503 064.9589 031.7967 0049489 188.1071 171.9199 13.90099452450426
COSMOS 1249 COOLANT
1 26503U 81021E   09030.62717682 -.00000046  00000-0  35375-4 0  9997
2 26503 064.9584 028.5912 0049356 187.7818 172.2484 13.90099544450593
COSMOS 1249 COOLANT
1 26503U 81021E   09031.34659730 -.00000047 +00000-0 +35062-4 0  9990
2 26503 064.9583 026.7044 0049122 187.7276 172.3021 13.90099582450698
COSMOS 1249 COOLANT
1 26503U 81021E   09032.35378620 -.00000047 +00000-0 +35142-4 0  9997
2 26503 064.9581 024.0654 0049007 187.4778 172.5553 13.90099662450837
COSMOS 1249 COOLANT
1 26503U 81021E   09033.36097488 -.00000046  00000-0  35465-4 0  9996
2 26503 064.9580 021.4248 0048779 187.2604 172.7748 13.90099760450979
COSMOS 1249 COOLANT
1 26503U 81021E   09034.58398963 -.00000046 +00000-0 +35637-4 0  9994
2 26503 064.9578 018.2200 0048562 187.0014 173.0362 13.90099867451145
COSMOS 1249 COOLANT
1 26503U 81021E   09035.51923626 -.00000046  00000-0  35389-4 0  9992
2 26503 064.9573 015.7678 0048221 186.9692 173.0684 13.90099909451271
COSMOS 1249 COOLANT
1 26503U 81021E   09036.31059897 -.00000047 +00000-0 +34829-4 0  9990
2 26503 064.9576 013.6950 0048094 186.7347 173.3047 13.90099954451385
COSMOS 1249 COOLANT
1 26503U 81021E   09037.31778782 -.00000048 +00000-0 +34301-4 0  9998
2 26503 064.9577 011.0557 0048024 186.3588 173.6855 13.90100017451526
COSMOS 1249 COOLANT
1 26503U 81021E   09038.54080245 -.00000047  00000-0  34495-4 0  9997
2 26503 064.9575 007.8516 0047957 185.9944 174.0551 13.90100124451692
COSMOS 1249 COOLANT
1 26503U 81021E   09040.48323672 -.00000048 +00000-0 +33834-4 0  9994
2 26503 064.9572 002.7607 0047636 185.5696 174.4816 13.90100241451966
COSMOS 1249 COOLANT
1 26503U 81021E   09041.27459932 -.00000049  00000-0  32924-4 0  9991
2 26503 064.9572 000.6877 0047551 185.2285 174.8253 13.90100253452074
COSMOS 1249 COOLANT
1 26503U 81021E   09042.49761408 -.00000050 +00000-0 +32774-4 0  9995
2 26503 064.9571 357.4824 0047494 184.9133 175.1472 13.90100340452245
COSMOS 1249 COOLANT
1 26503U 81021E   09043.50480204 -.00000050  00000-0  32802-4 0  9992
2 26503 064.9571 354.8442 0047446 184.6092 175.4536 13.90100426452384
COSMOS 1249 COOLANT
1 26503U 81021E   09045.23140997 -.00000052 +00000-0 +31214-4 0  9994
2 26503 064.9572 350.3211 0047191 183.9284 176.1347 13.90100478452624
COSMOS 1249 COOLANT
1 26503U 81021E   09046.23859923 -.00000051  00000-0  31229-4 0  9996
2 26503 064.9573 347.6813 0047200 183.6160 176.4576 13.90100559452765
COSMOS 1249 COOLANT
1 26503U 81021E   09047.46161289 -.00000051 +00000-0 +31387-4 0  9998
2 26503 064.9573 344.4774 0047117 183.2902 176.7859 13.90100667452939
COSMOS 1249 COOLANT
1 26503U 81021E   09048.39685867 -.00000052  00000-0  31065-4 0  9998
2 26503 064.9574 342.0267 0047006 183.0200 177.0572 13.90100724453062
COSMOS 1249 COOLANT
1 26503U 81021E   09049.18822076 -.00000052 +00000-0 +30695-4 0  9999
2 26503 064.9577 339.9532 0046903 182.7308 177.3487 13.90100776453172
COSMOS 1249 COOLANT
1 26503U 81021E   09050.19540883 -.00000053 +00000-0 +30172-4 0  9996
2 26503 064.9578 337.3148 0046856 182.3418 177.7415 13.90100832453317
COSMOS 1249 COOLANT
1 26503U 81021E   09051.41842276 -.00000052  00000-0  30590-4 0  9996
2 26503 064.9577 334.1097 0046873 181.9190 178.1715 13.90100944453485
COSMOS 1249 COOLANT
1 26503U 81021E   09052.13784217 -.00000052 +00000-0 +30679-4 0  9994
2 26503 064.9577 332.2246 0046845 181.7562 178.3351 13.90101004453587
COSMOS 1249 COOLANT
1 26503U 81021E   09053.14502957 -.00000053 +00000-0 +30177-4 0  9999
2 26503 064.9580 329.5852 0046705 181.3801 178.7118 13.90101067453720
COSMOS 1249 COOLANT
1 26503U 81021E   09055.37523084 -.00000052  00000-0  30458-4 0  9991
2 26503 064.9578 323.7428 0046596 180.7047 179.3963 13.90101248454036
COSMOS 1249 COOLANT
1 26503U 81021E   09056.31047614 -.00000052 +00000-0 +30681-4 0  9994
2 26503 064.9578 321.2929 0046581 180.3897 179.7141 13.90101339454165
COSMOS 1249 COOLANT
1 26503U 81021E   09057.10183751 -.00000052 +00000-0 +30603-4 0  9999
2 26503 064.9581 319.2196 0046514 180.1552 179.9502 13.90101410454279
COSMOS 1249 COOLANT
1 26503U 81021E   09058.10902481 -.00000052  00000-0  30544-4 0  9993
2 26503 064.9584 316.5799 0046340 179.7703 180.3371 13.90101497454411
COSMOS 1249 COOLANT
1 26503U 81021E   09059.33203820 -.00000051 +00000-0 +31648-4 0  9995
2 26503 064.9579 313.3759 0046332 179.3491 180.7664 13.90101633454586
COSMOS 1249 COOLANT
1 26503U 81021E   09061.05864409 -.00000050  00000-0  32044-4 0  9993
2 26503 064.9583 308.8523 0046247 178.8253 181.2932 13.90101814454826
COSMOS 1249 COOLANT
1 26503U 81021E   09062.06583096 -.00000050 +00000-0 +32394-4 0  9993
2 26503 064.9587 306.2136 0046101 178.4683 181.6522 13.90101937454964
COSMOS 1249 COOLANT
1 26503U 81021E   09063.28884375 -.00000048  00000-0  33714-4 0  9996
2 26503 064.9582 303.0090 0046049 177.9543 182.1733 13.90102087455130
COSMOS 1249 COOLANT
1 26503U 81021E   09064.29603017 -.00000047 +00000-0 +34457-4 0  9994
2 26503 064.9579 300.3703 0045942 177.5592 182.5709 13.90102208455275
COSMOS 1249 COOLANT
1 26503U 81021E   09065.23127483 -.00000047 +00000-0 +34955-4 0  9990
2 26503 064.9581 297.9204 0045829 177.2849 182.8473 13.90102326455408
COSMOS 1249 COOLANT
1 26503U 81021E   09066.02263568 -.00000046  00000-0  35552-4 0  9996
2 26503 064.9582 295.8473 0045779 177.0656 183.0693 13.90102438455515
COSMOS 1249 COOLANT
1 26503U 81021E   09067.24564765 -.00000044 +00000-0 +37100-4 0  9993
2 26503 064.9579 292.6420 0045408 176.5164 183.6205 13.90102612455682
COSMOS 1249 COOLANT
1 26503U 81021E   09076.16643903 -.00000018  00000-0  58307-4 0  9999
2 26503 064.9574 269.2631 0043423 173.4169 186.7588 13.90104382456929
COSMOS 1249 COOLANT
1 26503U 81021E   09078.10886486 -.00000021 +00000-0 +55959-4 0  9994
2 26503 064.9570 264.1742 0043193 172.7930 187.3724 13.90104559457199
COSMOS 1249 COOLANT
1 26503U 81021E   09079.11605048 -.00000022  00000-0  55005-4 0  9992
2 26503 064.9567 261.5354 0043129 172.4508 187.7199 13.90104650457330
COSMOS 1249 COOLANT
1 26503U 81021E   09080.12323554 -.00000021 +00000-0 +55751-4 0  9991
2 26503 064.9563 258.8961 0043233 172.0702 188.1070 13.90104796457476
COSMOS 1249 COOLANT
1 26503U 81021E   09081.05847812 -.00000021 +00000-0 +55332-4 0  9997
2 26503 064.9561 256.4459 0043163 171.7814 188.3957 13.90104904457604
COSMOS 1249 COOLANT
1 26503U 81021E   09082.06566286 -.00000023  00000-0  54274-4 0  9998
2 26503 064.9559 253.8071 0043061 171.4482 188.7304 13.90104986457742
COSMOS 1249 COOLANT
1 26503U 81021E   09083.07284777 -.00000023 +00000-0 +54274-4 0  9992
2 26503 064.9559 251.1685 0043061 171.1192 189.0643 13.90105123457888
COSMOS 1249 COOLANT
1 26503U 81021E   09084.08003216 -.00000023  00000-0  54274-4 0  9991
2 26503 064.9559 248.5299 0043061 170.7902 189.3961 13.90105259458026
COSMOS 1249 COOLANT
1 26503U 81021E   09085.08721645 -.00000022 +00000-0 +54964-4 0  9990
2 26503 064.9548 245.8896 0043063 170.3597 189.8306 13.90105373458165
COSMOS 1249 COOLANT
1 26503U 81021E   09086.02245882 -.00000023 +00000-0 +54409-4 0  9994
2 26503 064.9547 243.4394 0043054 170.0332 190.1584 13.90105470458290
COSMOS 1249 COOLANT
1 26503U 81021E   09087.02964312 -.00000023  00000-0  53849-4 0  9998
2 26503 064.9544 240.8003 0042963 169.7009 190.4929 13.90105565458436
COSMOS 1249 COOLANT
1 26503U 81021E   09089.04401135 -.00000024  00000-0  53524-4 0  9992
2 26503 064.9543 235.5226 0042980 169.0278 191.1728 13.90105813458715
COSMOS 1249 COOLANT
1 26503U 81021E   09090.77061221 -.00000025 +00000-0 +52885-4 0  9992
2 26503 064.9545 230.9986 0042871 168.2491 191.9535 13.90106004458959
COSMOS 1249 COOLANT
1 26503U 81021E   09091.77779686 -.00000025  00000-0  52897-4 0  9997
2 26503 064.9545 228.3598 0042879 167.9315 192.2788 13.90106140459099
COSMOS 1249 COOLANT
1 26503U 81021E   09093.00080544 -.00000025 +00000-0 +52736-4 0  9995
2 26503 064.9544 225.1554 0042868 167.5356 192.6775 13.90106287459265
COSMOS 1249 COOLANT
1 26503U 81021E   09094.72740568 -.00000025  00000-0  52695-4 0  9998
2 26503 064.9546 220.6314 0042802 166.8981 193.3190 13.90106519459509
COSMOS 1249 COOLANT
1 26503U 81021E   09095.73458929 -.00000025 +00000-0 +52799-4 0  9992
2 26503 064.9547 217.9926 0042776 166.5467 193.6745 13.90106661459646
COSMOS 1249 COOLANT
1 26503U 81021E   09098.68419705 -.00000024  00000-0  53195-4 0  9998
2 26503 064.9549 210.2647 0042738 165.5403 194.6897 13.90107084460057
COSMOS 1249 COOLANT
1 26503U 81021E   09099.69137990 -.00000024 +00000-0 +53327-4 0  9990
2 26503 064.9555 207.6254 0042566 165.0666 195.1638 13.90107251460193
COSMOS 1249 COOLANT
1 26503U 81021E   09101.92157085 -.00000025  00000-0  52715-4 0  9998
2 26503 064.9563 201.7817 0042427 164.5281 195.7082 13.90107541460501
COSMOS 1249 COOLANT
1 26503U 81021E   09101.92157085 -.00000025 +00000-0 +52715-4 0  9998
2 26503 064.9563 201.7817 0042427 164.5281 195.7082 13.90107541460501
COSMOS 1249 COOLANT
1 26503U 81021E   09102.64098718 -.00000026 +00000-0 +51902-4 0  9993
2 26503 064.9566 199.8964 0042353 164.2297 196.0070 13.90107603460607
COSMOS 1249 COOLANT
1 26503U 81021E   09103.86399513 -.00000027 +00000-0 +50997-4 0  9999
2 26503 064.9562 196.6914 0042151 163.8261 196.4131 13.90107692460773
COSMOS 1249 COOLANT
1 26503U 81021E   09104.65535340 -.00000027  00000-0  50968-4 0  9995
2 26503 064.9569 194.6175 0042122 163.5106 196.7331 13.90107821460881
COSMOS 1249 COOLANT
1 26503U 81021E   09105.87836081 -.00000027 +00000-0 +50880-4 0  9999
2 26503 064.9568 191.4132 0042180 163.1825 197.0657 13.90107963461058
COSMOS 1249 COOLANT
1 26503U 81021E   09106.59777660 -.00000027 +00000-0 +50518-4 0  9994
2 26503 064.9574 189.5280 0041901 162.7698 197.4758 13.90108063461159
COSMOS 1249 COOLANT
1 26503U 81021E   09107.60495970 -.00000027  00000-0  50518-4 0  9998
2 26503 064.9574 186.8896 0041901 162.4405 197.8118 13.90108190461295
COSMOS 1249 COOLANT
1 26503U 81021E   09109.83514958 -.00000028  00000-0  49784-4 0  9997
2 26503 064.9580 181.0454 0041689 161.5964 198.6632 13.90108465461602
COSMOS 1249 COOLANT
1 26503U 81021E   09110.55456506 -.00000028 +00000-0 +49735-4 0  9998
2 26503 064.9584 179.1600 0041593 161.3821 198.8774 13.90108568461705
COSMOS 1249 COOLANT
1 26503U 81021E   09111.56174704 -.00000029 +00000-0 +49105-4 0  9999
2 26503 064.9587 176.5216 0041267 160.7930 199.4645 13.90108678461845
COSMOS 1249 COOLANT
1 26503U 81021E   09112.56893003 -.00000029  00000-0  48916-4 0  9999
2 26503 064.9590 173.8829 0041261 160.4634 199.8019 13.90108804461986
COSMOS 1249 COOLANT
1 26503U 81021E   09113.79193654 -.00000029 +00000-0 +48965-4 0  9994
2 26503 064.9593 170.6783 0041508 160.1534 200.1184 13.90108968462153
COSMOS 1249 COOLANT
1 26503U 81021E   09115.73435775 -.00000030  00000-0  48353-4 0  9996
2 26503 064.9585 165.5870 0041007 159.6252 200.6429 13.90109126462422
COSMOS 1249 COOLANT
1 26503U 81021E   09116.52571527 -.00000030 +00000-0 +48206-4 0  9997
2 26503 064.9587 163.5133 0041003 159.3878 200.8851 13.90109224462533
COSMOS 1249 COOLANT
1 26503U 81021E   09117.74872133 -.00000030  00000-0  48751-4 0  9994
2 26503 064.9594 160.3098 0041317 159.0300 201.2506 13.90109434462705
COSMOS 1249 COOLANT
1 26503U 81021E   09118.68396043 -.00000031 +00000-0 +48041-4 0  9992
2 26503 064.9583 157.8574 0040674 158.6743 201.5974 13.90109457462835
COSMOS 1249 COOLANT
1 26503U 81021E   09119.47531822 -.00000031 +00000-0 +47870-4 0  9995
2 26503 064.9584 155.7836 0040512 158.4337 201.8438 13.90109553462949
COSMOS 1249 COOLANT
1 26503U 81021E   09120.48249956 -.00000031  00000-0  48080-4 0  9996
2 26503 064.9586 153.1447 0040510 158.1561 202.1254 13.90109697463080
COSMOS 1249 COOLANT
1 26503U 81021E   09121.70550495 -.00000031 +00000-0 +48080-4 0  9995
2 26503 064.9586 149.9410 0040510 157.7559 202.5273 13.90109843463252
COSMOS 1249 COOLANT
1 26503U 81021E   09122.71268597 -.00000030  00000-0  48308-4 0  9998
2 26503 064.9581 147.3008 0040504 157.3989 202.8881 13.90109956463396
COSMOS 1249 COOLANT
1 26503U 81021E   09123.43210068 -.00000031 +00000-0 +47920-4 0  9998
2 26503 064.9581 145.4154 0040354 157.1015 203.1838 13.90110023463492
COSMOS 1249 COOLANT
1 26503U 81021E   09124.43928195 -.00000031 +00000-0 +47878-4 0  9998
2 26503 064.9582 142.7763 0040284 156.8032 203.4860 13.90110141463631
COSMOS 1249 COOLANT
1 26503U 81021E   09127.60470699 -.00000032  00000-0  47327-4 0  9991
2 26503 064.9578 134.4819 0039804 155.8027 204.4889 13.90110472464073
COSMOS 1249 COOLANT
1 26503U 81021E   09128.39606367 -.00000032 +00000-0 +47181-4 0  9999
2 26503 064.9578 132.4083 0039713 155.5291 204.7661 13.90110558464181
COSMOS 1249 COOLANT
1 26503U 81021E   09129.40324428 -.00000032 +00000-0 +47206-4 0  9995
2 26503 064.9579 129.7695 0039734 155.2251 205.0738 13.90110683464320
COSMOS 1249 COOLANT
1 26503U 81021E   09130.62624887 -.00000031  00000-0  47454-4 0  9997
2 26503 064.9576 126.5646 0039702 154.7953 205.5067 13.90110830464498
COSMOS 1249 COOLANT
1 26503U 81021E   09131.56148751 -.00000031 +00000-0 +47462-4 0  9991
2 26503 064.9571 124.1128 0039302 154.4687 205.8309 13.90110919464624
COSMOS 1249 COOLANT
1 26503U 81021E   09132.35284373 -.00000031 +00000-0 +47522-4 0  9997
2 26503 064.9571 122.0385 0039159 154.1850 206.1174 13.90111017464731
COSMOS 1249 COOLANT
1 26503U 81021E   09133.36002391 -.00000031  00000-0  47636-4 0  9993
2 26503 064.9571 119.4000 0039150 153.8645 206.4409 13.90111145464875
COSMOS 1249 COOLANT
1 26503U 81021E   09136.30962213 -.00000031  00000-0  47522-4 0  9992
2 26503 064.9572 111.6729 0039071 152.8228 207.4871 13.90111482465280
COSMOS 1249 COOLANT
1 26503U 81021E   09137.31680228 -.00000031 +00000-0 +47424-4 0  9998
2 26503 064.9571 109.0343 0039095 152.4916 207.8227 13.90111592465425
COSMOS 1249 COOLANT
1 26503U 81021E   09138.53980615 -.00000030  00000-0  48159-4 0  9991
2 26503 064.9566 105.8291 0038997 151.9746 208.3431 13.90111753465590
COSMOS 1249 COOLANT
1 26503U 81021E   09139.47504421 -.00000031 +00000-0 +47992-4 0  9997
2 26503 064.9565 103.3782 0038815 151.6340 208.6832 13.90111846465729
COSMOS 1249 COOLANT
1 26503U 81021E   09140.26639980 -.00000031 +00000-0 +47778-4 0  9997
2 26503 064.9567 101.3050 0038803 151.3640 208.9558 13.90111934465832
COSMOS 1249 COOLANT
1 26503U 81021E   09141.27357933 -.00000031  00000-0  47615-4 0  9994
2 26503 064.9569 098.6661 0038714 150.9493 209.3721 13.90112053465977
COSMOS 1249 COOLANT
1 26503U 81021E   09142.28075891 -.00000031 +00000-0 +47630-4 0  9993
2 26503 064.9569 096.0276 0038762 150.6095 209.7162 13.90112176466115
COSMOS 1249 COOLANT
1 26503U 81021E   09143.50376218 -.00000031  00000-0  47802-4 0  9997
2 26503 064.9568 092.8236 0038702 150.1651 210.1628 13.90112329466282
COSMOS 1249 COOLANT
1 26503U 81021E   09144.43899996 -.00000032 +00000-0 +47163-4 0  9994
2 26503 064.9564 090.3725 0038439 149.7279 210.5985 13.90112388466411
COSMOS 1249 COOLANT
1 26503U 81021E   09145.23035552 -.00000032 +00000-0 +46566-4 0  9999
2 26503 064.9564 088.2991 0038404 149.3724 210.9573 13.90112446466529
COSMOS 1249 COOLANT
1 26503U 81021E   09146.23753490 -.00000032  00000-0  46558-4 0  9999
2 26503 064.9564 085.6605 0038414 149.0196 211.3143 13.90112563466666
COSMOS 1249 COOLANT
1 26503U 81021E   09148.17995131 -.00000033 +00000-0 +46080-4 0  9995
2 26503 064.9565 080.5709 0038314 148.2638 212.0722 13.90112761466938
COSMOS 1249 COOLANT
1 26503U 81021E   09149.18713053 -.00000033  00000-0  45789-4 0  9993
2 26503 064.9564 077.9316 0038177 147.8601 212.4780 13.90112847467072
COSMOS 1249 COOLANT
1 26503U 81021E   09150.19430964 -.00000034 +00000-0 +45601-4 0  9997
2 26503 064.9565 075.2930 0038206 147.4892 212.8530 13.90112958467213
COSMOS 1249 COOLANT
1 26503U 81021E   09151.41731233 -.00000033  00000-0  45966-4 0  9999
2 26503 064.9563 072.0884 0038082 146.9781 213.3663 13.90113103467381
COSMOS 1249 COOLANT
1 26503U 81021E   09152.13672571 -.00000034 +00000-0 +45238-4 0  9991
2 26503 064.9562 070.2029 0037995 146.6127 213.7317 13.90113139467484
COSMOS 1249 COOLANT
1 26503U 81021E   09153.14390468 -.00000035 +00000-0 +44717-4 0  9997
2 26503 064.9565 067.5639 0037910 146.1540 214.1931 13.90113237467626
COSMOS 1249 COOLANT
1 26503U 81021E   09154.15108354 -.00000035  00000-0  44687-4 0  9996
2 26503 064.9565 064.9247 0037901 145.8349 214.5165 13.90113343467761
COSMOS 1249 COOLANT
1 26503U 81021E   09155.37408574 -.00000035 +00000-0 +44833-4 0  9991
2 26503 064.9564 061.7200 0037990 145.4906 214.8651 13.90113487467938
COSMOS 1249 COOLANT
1 26503U 81021E   09156.30932233 -.00000036  00000-0  44029-4 0  9997
2 26503 064.9563 059.2693 0037719 144.9616 215.3902 13.90113547468063
COSMOS 1249 COOLANT
1 26503U 81021E   09157.10067736 -.00000036 +00000-0 +43392-4 0  9995
2 26503 064.9564 057.1952 0037650 144.5173 215.8381 13.90113603468178
COSMOS 1249 COOLANT
1 26503U 81021E   09158.10785597 -.00000037 +00000-0 +42876-4 0  9995
2 26503 064.9564 054.5567 0037592 144.0641 216.2941 13.90113685468314
COSMOS 1249 COOLANT
1 26503U 81021E   09159.33085827 -.00000037  00000-0  43031-4 0  9994
2 26503 064.9566 051.3526 0037563 143.6716 216.6913 13.90113835468480
COSMOS 1249 COOLANT
1 26503U 81021E   09161.05744890 -.00000037 +00000-0 +42896-4 0  9996
2 26503 064.9564 046.8285 0037407 142.9415 217.4217 13.90113996468725
COSMOS 1249 COOLANT
1 26503U 81021E   09162.06462723 -.00000038  00000-0  42521-4 0  9996
2 26503 064.9566 044.1898 0037313 142.4652 217.9005 13.90114094468867
COSMOS 1249 COOLANT
1 26503U 81021E   09163.07180543 -.00000037 +00000-0 +42853-4 0  9992
2 26503 064.9568 041.5505 0037271 142.0741 218.2961 13.90114224469000
COSMOS 1249 COOLANT
1 26503U 81021E   09164.29480683 -.00000037  00000-0  43010-4 0  9991
2 26503 064.9567 038.3466 0037136 141.5953 218.7756 13.90114364469178
COSMOS 1249 COOLANT
1 26503U 81021E   09165.23004330 -.00000037 +00000-0 +42638-4 0  9992
2 26503 064.9568 035.8958 0036826 141.0553 219.3143 13.90114448469308
COSMOS 1249 COOLANT
1 26503U 81021E   09168.25157617 -.00000037  00000-0  42679-4 0  9999
2 26503 064.9565 027.9779 0036630 139.7695 220.6072 13.90114760469721
COSMOS 1249 COOLANT
1 26503U 81021E   09169.18681255 -.00000037 +00000-0 +42674-4 0  9997
2 26503 064.9570 025.5287 0036675 139.4628 220.9179 13.90114888469853
COSMOS 1249 COOLANT
1 26503U 81021E   09170.19398968 -.00000038 +00000-0 +42528-4 0  9995
2 26503 064.9569 022.8895 0036545 139.0249 221.3558 13.90114983469994
COSMOS 1249 COOLANT
1 26503U 81021E   09172.20834405 -.00000037  00000-0  42757-4 0  9993
2 26503 064.9567 017.6119 0036581 138.3747 222.0123 13.90115204470274
COSMOS 1249 COOLANT
1 26503U 81021E   09173.14357954 -.00000037 +00000-0 +43011-4 0  9990
2 26503 064.9567 015.1617 0036478 137.9882 222.3982 13.90115312470401
COSMOS 1249 COOLANT
1 26503U 81021E   09174.15075654 -.00000037 +00000-0 +43080-4 0  9992
2 26503 064.9568 012.5228 0036397 137.5983 222.7899 13.90115429470544
COSMOS 1249 COOLANT
1 26503U 81021E   09175.15793337 -.00000037  00000-0  42894-4 0  9990
2 26503 064.9570 009.8838 0036257 137.0946 223.2936 13.90115535470683
COSMOS 1249 COOLANT
1 26503U 81021E   09176.16511046 -.00000036 +00000-0 +43444-4 0  9998
2 26503 064.9567 007.2439 0036308 136.7182 223.6754 13.90115659470828
COSMOS 1249 COOLANT
1 26503U 81021E   09177.10034566 -.00000036 +00000-0 +43807-4 0  9993
2 26503 064.9565 004.7944 0036251 136.2972 224.0958 13.90115760470956
COSMOS 1249 COOLANT
1 26503U 81021E   09178.10752242 -.00000036  00000-0  43645-4 0  9992
2 26503 064.9564 002.1558 0036213 135.9161 224.4790 13.90115856471092
COSMOS 1249 COOLANT
1 26503U 81021E   09179.11469902 -.00000037 +00000-0 +43210-4 0  9991
2 26503 064.9565 359.5169 0036092 135.4222 224.9729 13.90115942471237
COSMOS 1249 COOLANT
1 26503U 81021E   09180.12187587 -.00000037  00000-0  43244-4 0  9997
2 26503 064.9564 356.8783 0036060 135.0675 225.3315 13.90116051471374
COSMOS 1249 COOLANT
1 26503U 81021E   09181.84846376 -.00000037 +00000-0 +42659-4 0  9994
2 26503 064.9567 352.3545 0036037 134.2213 226.1773 13.90116200471617
COSMOS 1249 COOLANT
1 26503U 81021E   09182.06428815 -.00000037 +00000-0 +42658-4 0  9992
2 26503 064.9566 351.7888 0035970 134.1011 226.3018 13.90116219471646
COSMOS 1249 COOLANT
1 26503U 81021E   09183.07146439 -.00000038  00000-0  42457-4 0  9991
2 26503 064.9566 349.1495 0035844 133.6258 226.7772 13.90116313471789
COSMOS 1249 COOLANT
1 26503U 81021E   09184.07864079 -.00000037 +00000-0 +42628-4 0  9998
2 26503 064.9565 346.5109 0035772 133.2124 227.1929 13.90116423471926
COSMOS 1249 COOLANT
1 26503U 81021E   09185.08581693 -.00000037  00000-0  42857-4 0  9992
2 26503 064.9564 343.8727 0035635 132.6779 227.7273 13.90116533472064
COSMOS 1249 COOLANT
1 26503U 81021E   09186.02105216 -.00000037 +00000-0 +42598-4 0  9992
2 26503 064.9565 341.4226 0035577 132.2750 228.1322 13.90116619472192
COSMOS 1249 COOLANT
1 26503U 81021E   09187.81958074 -.00000039  00000-0  41604-4 0  9997
2 26503 064.9566 336.7106 0035550 131.5042 228.9047 13.90116754472444
COSMOS 1249 COOLANT
1 26503U 81021E   09188.03540481 -.00000039 +00000-0 +41533-4 0  9992
2 26503 064.9565 336.1448 0035528 131.4079 229.0045 13.90116766472476
COSMOS 1249 COOLANT
1 26503U 81021E   09189.04258061 -.00000039 +00000-0 +41676-4 0  9992
2 26503 064.9566 333.5062 0035470 130.9772 229.4359 13.90116879472613
COSMOS 1249 COOLANT
1 26503U 81021E   09190.76916761 -.00000039  00000-0  41676-4 0  9991
2 26503 064.9566 328.9830 0035470 130.4129 230.0038 13.90117058472853
COSMOS 1249 COOLANT
1 26503U 81021E   09190.76916761 -.00000039 +00000-0 +41676-4 0  9991
2 26503 064.9566 328.9830 0035470 130.4129 230.0038 13.90117058472853
COSMOS 1249 COOLANT
1 26503U 81021E   09191.77634313 -.00000040 +00000-0 +40694-4 0  9994
2 26503 064.9566 326.3438 0035437 129.5674 230.8448 13.90117088472997
COSMOS 1249 COOLANT
1 26503U 81021E   09192.99934354 -.00000040  00000-0  40190-4 0  9998
2 26503 064.9568 323.1400 0035349 129.1835 231.2367 13.90117185473163
COSMOS 1249 COOLANT
1 26503U 81021E   09194.72593016 -.00000042 +00000-0 +38846-4 0  9994
2 26503 064.9572 318.6163 0035275 128.3440 232.0750 13.90117296473409
COSMOS 1249 COOLANT
1 26503U 81021E   09195.73310657 -.00000043  00000-0  38136-4 0  9997
2 26503 064.9573 315.9776 0035301 127.9859 232.4384 13.90117352473544
COSMOS 1249 COOLANT
1 26503U 81021E   09196.95610551 -.00000043 +00000-0 +37963-4 0  9995
2 26503 064.9573 312.7729 0035270 127.5707 232.8562 13.90117452473712
COSMOS 1249 COOLANT
1 26503U 81021E   09198.68269172 -.00000045 +00000-0 +36690-4 0  9994
2 26503 064.9579 308.2492 0035218 126.8507 233.5762 13.90117575473959
COSMOS 1249 COOLANT
1 26503U 81021E   09200.91286589 -.00000046 +00000-0 +35808-4 0  9996
2 26503 064.9581 302.4062 0035165 126.0745 234.3568 13.90117743474263
COSMOS 1249 COOLANT
1 26503U 81021E   09201.92004126 -.00000046 +00000-0 +35585-4 0  9995
2 26503 064.9582 299.7676 0035185 125.9238 234.5112 13.90117824474403
COSMOS 1249 COOLANT
1 26503U 81021E   09202.85527494 -.00000048 +00000-0 +34436-4 0  9992
2 26503 064.9584 297.3168 0035003 125.4106 235.0200 13.90117847474536
COSMOS 1249 COOLANT
1 26503U 81021E   09203.64662744 -.00000049  00000-0  33598-4 0  9997
2 26503 064.9586 295.2434 0035000 125.0174 235.4158 13.90117882474646
COSMOS 1249 COOLANT
1 26503U 81021E   09204.86962612 -.00000049 +00000-0 +33138-4 0  9999
2 26503 064.9587 292.0384 0034971 124.6312 235.8054 13.90117957474812
COSMOS 1249 COOLANT
1 26503U 81021E   09206.59621173 -.00000050  00000-0  32208-4 0  9994
2 26503 064.9591 287.5153 0034865 123.6871 236.7474 13.90118066475056
COSMOS 1249 COOLANT
1 26503U 81021E   09207.60338759 -.00000052 +00000-0 +31036-4 0  9992
2 26503 064.9595 284.8769 0034756 122.8446 237.5914 13.90118109475192
COSMOS 1249 COOLANT
1 26503U 81021E   09208.82638674 -.00000053  00000-0  30143-4 0  9995
2 26503 064.9588 281.6722 0034567 121.8668 238.5716 13.90118134475361
COSMOS 1249 COOLANT
1 26503U 81021E   09209.83356255 -.00000053 +00000-0 +30192-4 0  9993
2 26503 064.9589 279.0334 0034576 121.5202 238.9250 13.90118222475504
COSMOS 1249 COOLANT
1 26503U 81021E   09210.55297300 -.00000053 +00000-0 +30044-4 0  9995
2 26503 064.9594 277.1482 0034529 121.2190 239.2267 13.90118297475609
COSMOS 1249 COOLANT
1 26503U 81021E   09211.56014764 -.00000053  00000-0  30236-4 0  9991
2 26503 064.9595 274.5100 0034532 120.8947 239.5525 13.90118391475747
COSMOS 1249 COOLANT
1 26503U 81021E   09212.56732215 -.00000053 +00000-0 +30416-4 0  9990
2 26503 064.9595 271.8717 0034512 120.5496 239.8984 13.90118479475889
COSMOS 1249 COOLANT
1 26503U 81021E   09213.79031974 -.00000053  00000-0  30380-4 0  9990
2 26503 064.9592 268.6674 0034477 120.0812 240.3675 13.90118554476057
COSMOS 1249 COOLANT
1 26503U 81021E   09214.72555324 -.00000053 +00000-0 +29877-4 0  9993
2 26503 064.9586 266.2159 0034188 119.3934 241.0523 13.90118573476182
COSMOS 1249 COOLANT
1 26503U 81021E   09215.51690512 -.00000053 +00000-0 +29861-4 0  9993
2 26503 064.9587 264.1425 0034117 119.0636 241.3850 13.90118638476294
COSMOS 1249 COOLANT
1 26503U 81021E   09216.52407954 -.00000053  00000-0  30046-4 0  9998
2 26503 064.9588 261.5041 0034102 118.7113 241.7388 13.90118729476437
COSMOS 1249 COOLANT
1 26503U 81021E   09217.74707686 -.00000053 +00000-0 +30046-4 0  9998
2 26503 064.9588 258.3005 0034102 118.3111 242.1400 13.90118820476606
COSMOS 1249 COOLANT
1 26503U 81021E   09219.68948432 -.00000052  00000-0  30570-4 0  9990
2 26503 064.9574 253.2080 0033490 116.6411 243.8056 13.90118938476875
COSMOS 1249 COOLANT
1 26503U 81021E   09220.69665806 -.00000051 +00000-0 +32070-4 0  9990
2 26503 064.9577 250.5684 0033329 116.4077 244.0413 13.90119125477011
COSMOS 1249 COOLANT
1 26503U 81021E   09221.48800905 -.00000051 +00000-0 +32070-4 0  9999
2 26503 064.9577 248.4953 0033329 116.1489 244.3009 13.90119188477125
COSMOS 1249 COOLANT
1 26503U 81021E   09222.71100595 -.00000051  00000-0  32070-4 0  9994
2 26503 064.9577 245.2916 0033329 115.7489 244.7020 13.90119285477297
COSMOS 1249 COOLANT
1 26503U 81021E   09223.43041585 -.00000049 +00000-0 +33484-4 0  9994
2 26503 064.9564 243.4011 0032900 114.8616 245.5894 13.90119373477392
COSMOS 1249 COOLANT
1 26503U 81021E   09224.43758917 -.00000048 +00000-0 +34083-4 0  9994
2 26503 064.9566 240.7618 0032843 114.4687 245.9815 13.90119495477535
COSMOS 1249 COOLANT
1 26503U 81021E   09225.44476267 -.00000047  00000-0  34690-4 0  9994
2 26503 064.9567 238.1228 0032794 114.0807 246.3700 13.90119618477679
COSMOS 1249 COOLANT
1 26503U 81021E   09226.66775897 -.00000047 +00000-0 +34690-4 0  9990
2 26503 064.9567 234.9189 0032794 113.6810 246.7700 13.90119723477848
COSMOS 1249 COOLANT
1 26503U 81021E   09227.38716860 -.00000046 +00000-0 +35606-4 0  9992
2 26503 064.9569 233.0328 0032720 113.3792 247.0739 13.90119848477945
COSMOS 1249 COOLANT
1 26503U 81021E   09228.39434157 -.00000046  00000-0  36037-4 0  9999
2 26503 064.9569 230.3940 0032659 112.9489 247.5027 13.90119959478088
COSMOS 1249 COOLANT
1 26503U 81021E   09229.40151486 -.00000044 +00000-0 +37019-4 0  9992
2 26503 064.9571 227.7546 0032607 112.4928 247.9600 13.90120102478228
COSMOS 1249 COOLANT
1 26503U 81021E   09230.62451075 -.00000044  00000-0  37019-4 0  9995
2 26503 064.9571 224.5507 0032607 112.0929 248.3601 13.90120215478396
COSMOS 1249 COOLANT
1 26503U 81021E   09231.55974293 -.00000044 +00000-0 +37019-4 0  9990
2 26503 064.9571 222.1007 0032607 111.7872 248.6666 13.90120301478523
COSMOS 1249 COOLANT
1 26503U 81021E   09232.35109320 -.00000043 +00000-0 +38355-4 0  9993
2 26503 064.9566 220.0254 0032444 111.0650 249.3895 13.90120430478631
COSMOS 1249 COOLANT
1 26503U 81021E   09233.35826598 -.00000042  00000-0  38861-4 0  9998
2 26503 064.9567 217.3863 0032478 110.7966 249.6594 13.90120554478771
COSMOS 1249 COOLANT
1 26503U 81021E   09235.51649317 -.00000041  00000-0  39447-4 0  9990
2 26503 064.9564 211.7310 0032375 109.7764 250.6790 13.90120780479078
COSMOS 1249 COOLANT
1 26503U 81021E   09236.52366592 -.00000041 +00000-0 +39608-4 0  9992
2 26503 064.9562 209.0920 0032313 109.3206 251.1352 13.90120876479214
COSMOS 1249 COOLANT
1 26503U 81021E   09237.31501589 -.00000041 +00000-0 +39546-4 0  9998
2 26503 064.9563 207.0188 0032307 109.0001 251.4559 13.90120953479322
COSMOS 1249 COOLANT
1 26503U 81021E   09238.53801124 -.00000041  00000-0  39965-4 0  9996
2 26503 064.9563 203.8142 0032325 108.6042 251.8544 13.90121092479497
COSMOS 1249 COOLANT
1 26503U 81021E   09239.47324261 -.00000041 +00000-0 +39783-4 0  9990
2 26503 064.9562 201.3638 0032271 108.2049 252.2523 13.90121169479624
COSMOS 1249 COOLANT
1 26503U 81021E   09240.26459249 -.00000041 +00000-0 +39532-4 0  9996
2 26503 064.9564 199.2907 0032271 107.8284 252.6285 13.90121235479731
COSMOS 1249 COOLANT
1 26503U 81021E   09241.48758782 -.00000042  00000-0  39347-4 0  9990
2 26503 064.9561 196.0859 0032179 107.2645 253.1934 13.90121331479904
COSMOS 1249 COOLANT
1 26503U 81021E   09242.27893764 -.00000041 +00000-0 +39387-4 0  9991
2 26503 064.9562 194.0123 0032200 106.9921 253.4673 13.90121412480012
COSMOS 1249 COOLANT
1 26503U 81021E   09243.50193245 -.00000041  00000-0  39382-4 0  9990
2 26503 064.9563 190.8087 0032129 106.4674 253.9917 13.90121534480185
COSMOS 1249 COOLANT
1 26503U 81021E   09244.43716381 -.00000042 +00000-0 +39072-4 0  9992
2 26503 064.9561 188.3584 0032110 105.9756 254.4834 13.90121602480317
COSMOS 1249 COOLANT
1 26503U 81021E   09245.22851355 -.00000042 +00000-0 +38926-4 0  9998
2 26503 064.9561 186.2850 0032131 105.6868 254.7737 13.90121671480427
COSMOS 1249 COOLANT
1 26503U 81021E   09246.23568566 -.00000042  00000-0  39028-4 0  9993
2 26503 064.9561 183.6459 0032129 105.3423 255.1197 13.90121776480560
COSMOS 1249 COOLANT
1 26503U 81021E   09247.45868003 -.00000042 +00000-0 +39120-4 0  9990
2 26503 064.9560 180.4413 0032141 104.9479 255.5152 13.90121897480732
COSMOS 1249 COOLANT
1 26503U 81021E   09248.17808835 -.00000042 +00000-0 +38871-4 0  9999
2 26503 064.9560 178.5555 0032083 104.5645 255.8970 13.90121951480836
COSMOS 1249 COOLANT
1 26503U 81021E   09249.18526031 -.00000043  00000-0  38446-4 0  9995
2 26503 064.9560 175.9168 0032083 104.1803 256.2818 13.90122023480971
COSMOS 1249 COOLANT
1 26503U 81021E   09250.19243221 -.00000042 +00000-0 +38682-4 0  9996
2 26503 064.9560 173.2777 0032073 103.7290 256.7343 13.90122130481116
COSMOS 1249 COOLANT
1 26503U 81021E   09251.41542639 -.00000042 +00000-0 +38893-4 0  9991
2 26503 064.9558 170.0731 0032105 103.3219 257.1434 13.90122251481289
COSMOS 1249 COOLANT
1 26503U 81021E   09252.35065697 -.00000042 +00000-0 +38817-4 0  9995
2 26503 064.9559 167.6230 0032080 102.8960 257.5683 13.90122349481418
COSMOS 1249 COOLANT
1 26503U 81021E   09253.14200610 -.00000042 +00000-0 +38690-4 0  9998
2 26503 064.9559 165.5497 0032097 102.6369 257.8281 13.90122413481520
COSMOS 1249 COOLANT
1 26503U 81021E   09254.14917760 -.00000042  00000-0  38593-4 0  9992
2 26503 064.9559 162.9106 0032089 102.2908 258.1749 13.90122504481663
COSMOS 1249 COOLANT
1 26503U 81021E   09255.37217140 -.00000042 +00000-0 +38998-4 0  9992
2 26503 064.9560 159.7065 0032154 101.9756 258.4927 13.90122651481836
COSMOS 1249 COOLANT
1 26503U 81021E   09256.30740158 -.00000042  00000-0  38865-4 0  9999
2 26503 064.9559 157.2565 0032159 101.4924 258.9742 13.90122733481964
COSMOS 1249 COOLANT
1 26503U 81021E   09257.09875058 -.00000042 +00000-0 +38737-4 0  9992
2 26503 064.9559 155.1833 0032140 101.1019 259.3654 13.90122808482074
COSMOS 1249 COOLANT
1 26503U 81021E   09258.10592184 -.00000042 +00000-0 +38679-4 0  9996
2 26503 064.9561 152.5446 0032140 100.5914 259.8762 13.90122913482213
COSMOS 1249 COOLANT
1 26503U 81021E   09259.32891543 -.00000042  00000-0  38951-4 0  9995
2 26503 064.9561 149.3400 0032163 100.2372 260.2330 13.90123048482382
COSMOS 1249 COOLANT
1 26503U 81021E   09261.27131625 -.00000041 +00000-0 +39560-4 0  9996
2 26503 064.9561 144.2508 0032054 099.2489 261.2201 13.90123275482650
COSMOS 1249 COOLANT
1 26503U 81021E   09262.06266472 -.00000041  00000-0  39864-4 0  9990
2 26503 064.9562 142.1775 0032046 098.9840 261.4861 13.90123378482762
COSMOS 1249 COOLANT
1 26503U 81021E   09263.06983524 -.00000040 +00000-0 +40289-4 0  9997
2 26503 064.9563 139.5381 0032052 098.6106 261.8601 13.90123510482905
COSMOS 1249 COOLANT
1 26503U 81021E   09264.29282789 -.00000040  00000-0  40619-4 0  9995
2 26503 064.9561 136.3340 0032100 098.3513 262.1209 13.90123649483076
COSMOS 1249 COOLANT
1 26503U 81021E   09265.22805727 -.00000039 +00000-0 +41564-4 0  9990
2 26503 064.9558 133.8814 0031947 097.2808 263.1877 13.90123786483202
COSMOS 1249 COOLANT
1 26503U 81021E   09266.01940564 -.00000037 +00000-0 +43050-4 0  9997
2 26503 064.9562 131.8074 0031873 095.7949 264.6690 13.90123952483316
COSMOS 1249 COOLANT
1 26503U 81021E   09267.24239925 -.00000037  00000-0  43050-4 0  9995
2 26503 064.9562 128.6034 0031873 095.3953 265.0747 13.90124083483489
COSMOS 1249 COOLANT
1 26503U 81021E   09268.24956940 -.00000037 +00000-0 +43050-4 0  9999
2 26503 064.9562 125.9649 0031873 095.0662 265.4040 13.90124190483620
COSMOS 1249 COOLANT
1 26503U 81021E   09269.18479876 -.00000037 +00000-0 +43050-4 0  9991
2 26503 064.9562 123.5148 0031873 094.7606 265.7097 13.90124291483753
COSMOS 1249 COOLANT
1 26503U 81021E   09270.19196876 -.00000034  00000-0  45669-4 0  9995
2 26503 064.9556 120.8733 0031899 093.6867 266.7872 13.90124535483899
COSMOS 1249 COOLANT
1 26503U 81021E   09272.20630769 -.00000034  00000-0  45669-4 0  9993
2 26503 064.9556 115.5961 0031898 093.0288 267.4426 13.90124764484172
COSMOS 1249 COOLANT
1 26503U 81021E   09273.14153662 -.00000031 +00000-0 +47573-4 0  9992
2 26503 064.9558 113.1447 0031942 092.6436 267.8322 13.90124993484305
COSMOS 1249 COOLANT
1 26503U 81021E   09274.14870531 -.00000031 +00000-0 +48125-4 0  9998
2 26503 064.9558 110.5055 0031886 092.1367 268.3349 13.90125137484447
COSMOS 1249 COOLANT
1 26503U 81021E   09277.09827240 -.00000029  00000-0  49747-4 0  9992
2 26503 064.9560 102.7780 0031844 090.8869 269.5856 13.90125589484856
COSMOS 1249 COOLANT
1 26503U 81021E   09278.10544115 -.00000028 +00000-0 +50271-4 0  9995
2 26503 064.9563 100.1389 0031802 090.4891 269.9828 13.90125755484994
COSMOS 1249 COOLANT
1 26503U 81021E   09280.11977861 -.00000027  00000-0  51295-4 0  9993
2 26503 064.9560 094.8609 0031756 089.7476 270.7257 13.90126065485276
COSMOS 1249 COOLANT
1 26503U 81021E   09281.12694665 -.00000026 +00000-0 +51840-4 0  9998
2 26503 064.9559 092.2222 0031778 089.3870 271.0844 13.90126221485411
COSMOS 1249 COOLANT
1 26503U 81021E   09282.06217439 -.00000026 +00000-0 +52152-4 0  9999
2 26503 064.9558 089.7717 0031765 088.8496 271.6196 13.90126350485547
COSMOS 1249 COOLANT
1 26503U 81021E   09283.06934302 -.00000026  00000-0  52050-4 0  9992
2 26503 064.9558 087.1329 0031747 088.3335 272.1349 13.90126471485680
COSMOS 1249 COOLANT
1 26503U 81021E   09284.07651166 -.00000025 +00000-0 +52398-4 0  9992
2 26503 064.9555 084.4931 0031740 087.7686 272.7006 13.90126605485822
COSMOS 1249 COOLANT
1 26503U 81021E   09285.08367999 -.00000025  00000-0  52726-4 0  9997
2 26503 064.9553 081.8540 0031748 087.2774 273.1917 13.90126743485962
COSMOS 1249 COOLANT
1 26503U 81021E   09286.81025396 -.00000025 +00000-0 +52859-4 0  9998
2 26503 064.9553 077.3303 0031910 086.1671 274.2974 13.90126954486201
COSMOS 1249 COOLANT
1 26503U 81021E   09287.02607699 -.00000025 +00000-0 +52648-4 0  9990
2 26503 064.9551 076.7643 0031897 085.9491 274.5205 13.90126958486237
COSMOS 1249 COOLANT
1 26503U 81021E   09288.03324517 -.00000025  00000-0  52633-4 0  9991
2 26503 064.9551 074.1252 0031901 085.4663 275.0034 13.90127086486371
COSMOS 1249 COOLANT
1 26503U 81021E   09289.04041319 -.00000025 +00000-0 +52633-4 0  9999
2 26503 064.9551 071.4865 0031901 085.1374 275.3330 13.90127217486511
COSMOS 1249 COOLANT
1 26503U 81021E   09290.76698642 -.00000025  00000-0  52633-4 0  9997
2 26503 064.9551 066.9631 0031901 084.5737 275.8964 13.90127443486752
COSMOS 1249 COOLANT
1 26503U 81021E   09291.98997562 -.00000025 +00000-0 +52700-4 0  9990
2 26503 064.9547 063.7571 0032047 083.7002 276.7663 13.90127577486926
COSMOS 1249 COOLANT
1 26503U 81021E   09293.93237088 -.00000025  00000-0  52392-4 0  9994
2 26503 064.9547 058.6673 0032095 082.6505 277.8166 13.90127804487194
COSMOS 1249 COOLANT
1 26503U 81021E   09294.72371736 -.00000026 +00000-0 +51464-4 0  9991
2 26503 064.9546 056.5937 0032224 082.0872 278.3791 13.90127843487304
COSMOS 1249 COOLANT
1 26503U 81021E   09295.73088572 -.00000026 +00000-0 +51464-4 0  9996
2 26503 064.9546 053.9550 0032224 081.7584 278.7131 13.90127972487442
COSMOS 1249 COOLANT
1 26503U 81021E   09296.95387441 -.00000028  00000-0  50279-4 0  9993
2 26503 064.9551 050.7504 0032228 081.0411 279.4250 13.90128073487610
COSMOS 1249 COOLANT
1 26503U 81021E   09297.88910197 -.00000029 +00000-0 +49764-4 0  9994
2 26503 064.9552 048.2996 0032149 080.6974 279.7722 13.90128162487749
COSMOS 1249 COOLANT
1 26503U 81021E   09298.68044751 -.00000029 +00000-0 +49764-4 0  9997
2 26503 064.9552 046.2264 0032149 080.4390 280.0304 13.90128260487857
COSMOS 1249 COOLANT
1 26503U 81021E   09299.68761448 -.00000029  00000-0  49764-4 0  9997
2 26503 064.9552 043.5877 0032149 080.1101 280.3589 13.90128385487995
COSMOS 1249 COOLANT
1 26503U 81021E   09300.69478136 -.00000030 +00000-0 +48644-4 0  9998
2 26503 064.9559 040.9470 0032368 079.5930 280.8721 13.90128467488138
COSMOS 1249 COOLANT
1 26503U 81021E   09301.84583033 -.00000031  00000-0  47899-4 0  9991
2 26503 064.9560 037.9306 0032220 079.0885 281.3801 13.90128569488290
COSMOS 1249 COOLANT
1 26503U 81021E   09302.85299708 -.00000032 +00000-0 +46979-4 0  9995
2 26503 064.9562 035.2923 0032240 078.5772 281.8885 13.90128653488436
COSMOS 1249 COOLANT
1 26503U 81021E   09303.86016427 -.00000034 +00000-0 +45713-4 0  9999
2 26503 064.9567 032.6536 0032253 077.6984 282.7640 13.90128728488578
COSMOS 1249 COOLANT
1 26503U 81021E   09304.86733189 -.00000034 +00000-0 +45515-4 0  9991
2 26503 064.9569 030.0141 0032221 077.4286 283.0385 13.90128841488714
COSMOS 1249 COOLANT
1 26503U 81021E   09305.87449833 -.00000034 +00000-0 +45546-4 0  9997
2 26503 064.9570 027.3759 0032207 076.9136 283.5510 13.90128963488857
COSMOS 1249 COOLANT
1 26503U 81021E   09306.59390315 -.00000034 +00000-0 +45569-4 0  9992
2 26503 064.9574 025.4902 0032184 076.5415 283.9233 13.90129067488953
COSMOS 1249 COOLANT
1 26503U 81021E   09307.60106958 -.00000034 +00000-0 +45110-4 0  9995
2 26503 064.9580 022.8514 0032271 075.7909 284.6700 13.90129186489091
COSMOS 1249 COOLANT
1 26503U 81021E   09308.60823666 -.00000035  00000-0  44699-4 0  9990
2 26503 064.9592 020.2129 0032381 074.7815 285.6778 13.90129339489237
COSMOS 1249 COOLANT
1 26503U 81021E   09309.83122525 -.00000035 +00000-0 +44757-4 0  9997
2 26503 064.9595 017.0087 0032364 074.4099 286.0538 13.90129490489405
COSMOS 1249 COOLANT
1 26503U 81021E   09310.76645092 -.00000035  00000-0  44481-4 0  9994
2 26503 064.9593 014.5581 0032314 073.8401 286.6206 13.90129572489532
COSMOS 1249 COOLANT
1 26503U 81021E   09311.55779593 -.00000036 +00000-0 +43777-4 0  9994
2 26503 064.9596 012.4851 0032448 073.0348 287.4220 13.90129644489649
COSMOS 1249 COOLANT
1 26503U 81021E   09312.56496297 -.00000036 +00000-0 +43942-4 0  9997
2 26503 064.9599 009.8463 0032423 072.6791 287.7824 13.90129780489780
COSMOS 1249 COOLANT
1 26503U 81021E   09313.78795008 -.00000036  00000-0  43660-4 0  9991
2 26503 064.9598 006.6423 0032411 072.1211 288.3373 13.90129892489958
COSMOS 1249 COOLANT
1 26503U 81021E   09314.72317576 -.00000036 +00000-0 +43441-4 0  9993
2 26503 064.9595 004.1916 0032406 071.4364 289.0201 13.90129970490081
COSMOS 1249 COOLANT
1 26503U 81021E   09315.51452064 -.00000036 +00000-0 +43418-4 0  9997
2 26503 064.9597 002.1182 0032395 071.0655 289.3914 13.90130065490195
COSMOS 1249 COOLANT
1 26503U 81021E   09316.52168643 -.00000037  00000-0  43291-4 0  9996
2 26503 064.9598 359.4799 0032429 070.6824 289.7732 13.90130174490338
COSMOS 1249 COOLANT
1 26503U 81021E   09317.74467353 -.00000037 +00000-0 +43043-4 0  9996
2 26503 064.9597 356.2751 0032434 070.2913 290.1649 13.90130292490504
COSMOS 1249 COOLANT
1 26503U 81021E   09319.47124302 -.00000036  00000-0  43596-4 0  9994
2 26503 064.9600 351.7516 0032394 069.5634 290.8911 13.90130518490740
COSMOS 1249 COOLANT
1 26503U 81021E   09320.47840830 -.00000036 +00000-0 +43623-4 0  9998
2 26503 064.9601 349.1133 0032410 069.1889 291.2638 13.90130633490888
COSMOS 1249 COOLANT
1 26503U 81021E   09321.48557373 -.00000036  00000-0  43958-4 0  9998
2 26503 064.9601 346.4751 0032405 068.8570 291.5961 13.90130766491027
COSMOS 1249 COOLANT
1 26503U 81021E   09322.70855995 -.00000036 +00000-0 +44082-4 0  9994
2 26503 064.9600 343.2710 0032409 068.2953 292.1553 13.90130900491191
COSMOS 1249 COOLANT
1 26503U 81021E   09323.42796369 -.00000035 +00000-0 +44406-4 0  9992
2 26503 064.9602 341.3856 0032394 067.8907 292.5595 13.90131006491299
COSMOS 1249 COOLANT
1 26503U 81021E   09324.43512869 -.00000035  00000-0  44638-4 0  9992
2 26503 064.9605 338.7473 0032412 067.4694 292.9795 13.90131148491436
COSMOS 1249 COOLANT
1 26503U 81021E   09325.44229367 -.00000035 +00000-0 +44937-4 0  9994
2 26503 064.9607 336.1087 0032400 067.1503 293.2989 13.90131291491577
COSMOS 1249 COOLANT
1 26503U 81021E   09327.38468279 -.00000034  00000-0  45327-4 0  9999
2 26503 064.9609 331.0193 0032389 066.3562 294.0906 13.90131544491842
COSMOS 1249 COOLANT
1 26503U 81021E   09328.39184732 -.00000034 +00000-0 +45698-4 0  9991
2 26503 064.9612 328.3802 0032387 065.7899 294.6545 13.90131687491984
COSMOS 1249 COOLANT
1 26503U 81021E   09329.61483291 -.00000033  00000-0  46276-4 0  9991
2 26503 064.9600 325.1735 0032475 065.0001 295.4427 13.90131803492155
COSMOS 1249 COOLANT
1 26503U 81021E   09330.62199743 -.00000032 +00000-0 +46599-4 0  9997
2 26503 064.9596 322.5340 0032506 064.7684 295.6753 13.90131921492290
COSMOS 1249 COOLANT
1 26503U 81021E   09331.55722131 -.00000032 +00000-0 +46726-4 0  9995
2 26503 064.9593 320.0835 0032545 064.0086 296.4309 13.90132023492426
COSMOS 1249 COOLANT
1 26503U 81021E   09332.34856497 -.00000031  00000-0  47439-4 0  9997
2 26503 064.9596 318.0100 0032565 063.4124 297.0268 13.90132167492531
COSMOS 1249 COOLANT
1 26503U 81021E   09333.35572921 -.00000030 +00000-0 +48353-4 0  9991
2 26503 064.9595 315.3712 0032624 062.6635 297.7736 13.90132328492674
COSMOS 1249 COOLANT
1 26503U 81021E   09334.57871427 -.00000030  00000-0  48353-4 0  9999
2 26503 064.9595 312.1676 0032624 062.2631 298.1735 13.90132475492846
COSMOS 1249 COOLANT
1 26503U 81021E   09335.51393796 -.00000030 +00000-0 +48353-4 0  9992
2 26503 064.9595 309.7178 0032624 061.9568 298.4788 13.90132588492970
COSMOS 1249 COOLANT
1 26503U 81021E   09336.30528102 -.00000029 +00000-0 +49168-4 0  9994
2 26503 064.9590 307.6426 0032750 061.0471 299.3866 13.90132714493083
COSMOS 1249 COOLANT
1 26503U 81021E   09337.31244483 -.00000028  00000-0  49819-4 0  9995
2 26503 064.9590 305.0032 0032809 060.4563 299.9762 13.90132872493220
COSMOS 1249 COOLANT
1 26503U 81021E   09338.53542928 -.00000028 +00000-0 +49819-4 0  9995
2 26503 064.9590 301.7995 0032809 060.0560 300.3754 13.90133023493399
COSMOS 1249 COOLANT
1 26503U 81021E   09340.26199527 -.00000028  00000-0  50254-4 0  9996
2 26503 064.9590 297.2745 0032859 059.0809 301.3478 13.90133265493639
COSMOS 1249 COOLANT
1 26503U 81021E   09341.26915861 -.00000027 +00000-0 +50854-4 0  9999
2 26503 064.9591 294.6361 0032875 058.6763 301.7516 13.90133426493778
COSMOS 1249 COOLANT
1 26503U 81021E   09342.27632173 -.00000027  00000-0  51148-4 0  9990
2 26503 064.9592 291.9970 0032847 058.5736 301.8550 13.90133575493913
COSMOS 1249 COOLANT
1 26503U 81021E   09343.49930515 -.00000026 +00000-0 +51480-4 0  9994
2 26503 064.9588 288.7916 0032915 057.8705 302.5541 13.90133731494087
COSMOS 1249 COOLANT
1 26503U 81021E   09344.21870737 -.00000026 +00000-0 +51613-4 0  9992
2 26503 064.9592 286.9065 0032900 057.6487 302.7756 13.90133843494181
COSMOS 1249 COOLANT
1 26503U 81021E   09345.22587026 -.00000026  00000-0  51488-4 0  9990
2 26503 064.9593 284.2682 0032937 057.2260 303.1958 13.90133967494325
COSMOS 1249 COOLANT
1 26503U 81021E   09346.23303332 -.00000026 +00000-0 +51488-4 0  9998
2 26503 064.9593 281.6299 0032937 056.8962 303.5255 13.90134096494467
COSMOS 1249 COOLANT
1 26503U 81021E   09347.45601665 -.00000026  00000-0  51750-4 0  9995
2 26503 064.9589 278.4247 0032995 056.2914 304.1286 13.90134250494636
COSMOS 1249 COOLANT
1 26503U 81021E   09348.17541853 -.00000026 +00000-0 +51563-4 0  9999
2 26503 064.9586 276.5378 0033072 055.4493 304.9662 13.90134316494737
COSMOS 1249 COOLANT
1 26503U 81021E   09349.18258151 -.00000026 +00000-0 +51590-4 0  9997
2 26503 064.9584 273.8977 0033136 054.7478 305.6663 13.90134432494879
COSMOS 1249 COOLANT
1 26503U 81021E   09351.41272711 -.00000026  00000-0  52170-4 0  9999
2 26503 064.9580 268.0533 0033254 053.5391 306.8716 13.90134724495182
COSMOS 1249 COOLANT
1 26503U 81021E   09352.34794941 -.00000026 +00000-0 +51566-4 0  9994
2 26503 064.9580 265.6021 0033330 052.6971 307.7094 13.90134809495314
COSMOS 1249 COOLANT
1 26503U 81021E   09353.35511211 -.00000027 +00000-0 +51116-4 0  9995
2 26503 064.9579 262.9633 0033354 052.1904 308.2155 13.90134909495458
COSMOS 1249 COOLANT
1 26503U 81021E   09354.14645405 -.00000028  00000-0  50345-4 0  9990
2 26503 064.9579 260.8900 0033438 051.8647 308.5394 13.90134963495565
COSMOS 1249 COOLANT
1 26503U 81021E   09355.36943704 -.00000027 +00000-0 +50738-4 0  9993
2 26503 064.9576 257.6847 0033466 051.4268 308.9793 13.90135127495731
COSMOS 1249 COOLANT
1 26503U 81021E   09356.30465863 -.00000027  00000-0  50790-4 0  9991
2 26503 064.9574 255.2334 0033527 050.6934 309.7083 13.90135239495862
COSMOS 1249 COOLANT
1 26503U 81021E   09357.09600025 -.00000028 +00000-0 +50399-4 0  9995
2 26503 064.9576 253.1604 0033573 050.3585 310.0418 13.90135326495977
COSMOS 1249 COOLANT
1 26503U 81021E   09358.10316228 -.00000028 +00000-0 +49808-4 0  9990
2 26503 064.9577 250.5219 0033682 049.9091 310.4891 13.90135423496112
COSMOS 1249 COOLANT
1 26503U 81021E   09359.32614479 -.00000028  00000-0  50158-4 0  9994
2 26503 064.9573 247.3160 0033716 049.4627 310.9373 13.90135577496283
COSMOS 1249 COOLANT
1 26503U 81021E   09361.05270718 -.00000029 +00000-0 +49288-4 0  9994
2 26503 064.9576 242.7908 0033852 048.4400 311.9526 13.90135759496524
COSMOS 1249 COOLANT
1 26503U 81021E   09362.05986921 -.00000029  00000-0  49283-4 0  9990
2 26503 064.9576 240.1530 0033801 048.2253 312.1698 13.90135886496664
COSMOS 1249 COOLANT
1 26503U 81021E   09363.06703037 -.00000029 +00000-0 +49716-4 0  9998
2 26503 064.9575 237.5134 0033906 047.7078 312.6843 13.90136025496807
COSMOS 1249 COOLANT
1 26503U 81021E   09364.29001198 -.00000028  00000-0  49920-4 0  9999
2 26503 064.9575 234.3087 0033965 047.2919 313.0997 13.90136189496977
COSMOS 1249 COOLANT
1 26503U 81021E   09365.22523296 -.00000029 +00000-0 +49792-4 0  9999
2 26503 064.9574 231.8578 0034089 046.5626 313.8245 13.90136299497100
COSMOS 1249 COOLANT
1 26503U 81021E   10002.02373506 -.00000028  00000-0  49898-4 0  9990
2 26503 064.9576 227.1466 0034154 045.7978 314.5875 13.90136543497356
COSMOS 1249 COOLANT
1 26503U 81021E   10003.24671618 -.00000027 +00000-0 +50919-4 0  9995
2 26503 064.9572 223.9416 0034229 045.5150 314.8721 13.90136736497520
COSMOS 1249 COOLANT
1 26503U 81021E   10004.18193643 -.00000026  00000-0  51490-4 0  9990
2 26503 064.9574 221.4908 0034355 044.9660 315.4174 13.90136900497656
COSMOS 1249 COOLANT
1 26503U 81021E   10005.18909702 -.00000026 +00000-0 +51490-4 0  9992
2 26503 064.9574 218.8524 0034355 044.6366 315.7453 13.90137029497791
COSMOS 1249 COOLANT
1 26503U 81021E   10006.19625748 -.00000026  00000-0  51490-4 0  9999
2 26503 064.9574 216.2139 0034355 044.3073 316.0730 13.90137158497938
COSMOS 1249 COOLANT
1 26503U 81021E   10007.20341784 -.00000026 +00000-0 +51490-4 0  9997
2 26503 064.9574 213.5754 0034355 043.9779 316.4008 13.90137287498070
COSMOS 1249 COOLANT
1 26503U 81021E   10008.13863809 -.00000026 +00000-0 +51490-4 0  9997
2 26503 064.9574 211.1254 0034355 043.6721 316.7051 13.90137407498203
COSMOS 1249 COOLANT
1 26503U 81021E   10009.14579827 -.00000025  00000-0  52374-4 0  9994
2 26503 064.9565 208.4822 0034819 042.5246 317.8489 13.90137568498348
COSMOS 1249 COOLANT
1 26503U 81021E   10010.15295857 -.00000024 +00000-0 +53214-4 0  9998
2 26503 064.9564 205.8427 0034914 042.0629 318.3099 13.90137730498484
COSMOS 1249 COOLANT
1 26503U 81021E   10011.16011857 -.00000024  00000-0  53633-4 0  9991
2 26503 064.9563 203.2031 0034933 041.8269 318.5460 13.90137876498625
COSMOS 1249 COOLANT
1 26503U 81021E   10012.09533823 -.00000023 +00000-0 +53896-4 0  9996
2 26503 064.9562 200.7525 0035025 041.2624 319.1066 13.90138007498756
COSMOS 1249 COOLANT
1 26503U 81021E   10013.10249811 -.00000023 +00000-0 +53826-4 0  9993
2 26503 064.9562 198.1135 0035057 040.8250 319.5422 13.90138137498897
COSMOS 1249 COOLANT
1 26503U 81021E   10014.10965783 -.00000023  00000-0  53826-4 0  9997
2 26503 064.9562 195.4749 0035056 040.4959 319.8703 13.90138272499031
COSMOS 1249 COOLANT
1 26503U 81021E   10015.11681731 -.00000023 +00000-0 +53826-4 0  9997
2 26503 064.9562 192.8363 0035056 040.1667 320.1977 13.90138407499170
COSMOS 1249 COOLANT
1 26503U 81021E   10016.84337618 -.00000023  00000-0  53836-4 0  9991
2 26503 064.9559 188.3109 0035397 039.3626 320.9941 13.90138600499418
COSMOS 1249 COOLANT
1 26503U 81021E   10017.05919720 -.00000024 +00000-0 +53608-4 0  9993
2 26503 064.9558 187.7452 0035427 039.2130 321.1481 13.90138610499440
COSMOS 1249 COOLANT
1 26503U 81021E   10018.06635658 -.00000024 +00000-0 +53372-4 0  9998
2 26503 064.9558 185.1066 0035430 038.8229 321.5364 13.90138730499583
COSMOS 1249 COOLANT
1 26503U 81021E   10019.07351579 -.00000024  00000-0  53372-4 0  9997
2 26503 064.9558 182.4680 0035430 038.4939 321.8641 13.90138864499724
COSMOS 1249 COOLANT
1 26503U 81021E   10020.08067481 -.00000024  00000-0  53372-4 0  9996
2 26503 064.9558 179.8294 0035430 038.1648 322.1913 13.90138998499868
COSMOS 1249 COOLANT
1 26503U 81021E   10021.01589381 -.00000024 +00000-0 +53081-4 0  9995
2 26503 064.9556 177.3783 0035645 037.6370 322.7132 13.90139081499993
COSMOS 1249 COOLANT
1 26503U 81021E   10022.02305354 -.00000025 +00000-0 +52392-4 0  9998
2 26503 064.9556 174.7395 0035679 037.2220 323.1286 13.90139174500137
COSMOS 1249 COOLANT
1 26503U 81021E   10023.03021272 -.00000026  00000-0  51742-4 0  9993
2 26503 064.9556 172.1004 0035707 036.8404 323.5086 13.90139264500274
COSMOS 1249 COOLANT
1 26503U 81021E   10024.03737176 -.00000026 +00000-0 +51593-4 0  9995
2 26503 064.9556 169.4615 0035753 036.4335 323.9138 13.90139381500419
COSMOS 1249 COOLANT
1 26503U 81021E   10025.76392960 -.00000028  00000-0  50218-4 0  9999
2 26503 064.9558 164.9376 0035973 035.8632 324.4773 13.90139524500658
COSMOS 1249 COOLANT
1 26503U 81021E   10026.77108938 -.00000029 +00000-0 +49514-4 0  9999
2 26503 064.9558 162.2988 0036042 035.5296 324.8134 13.90139612500797
COSMOS 1249 COOLANT
1 26503U 81021E   10027.99406795 -.00000029  00000-0  49306-4 0  9995
2 26503 064.9559 159.0944 0036048 035.0669 325.2752 13.90139753500965
COSMOS 1249 COOLANT
1 26503U 81021E   10029.72062518 -.00000032 +00000-0 +47075-4 0  9994
2 26503 064.9559 154.5705 0036441 034.2284 326.1032 13.90139857501205
COSMOS 1249 COOLANT
1 26503U 81021E   10031.95076295 -.00000032  00000-0  46788-4 0  9999
2 26503 064.9565 148.7282 0036379 033.4904 326.8452 13.90140127501516
COSMOS 1249 COOLANT
1 26503U 81021E   10033.67731958 -.00000033 +00000-0 +45947-4 0  9991
2 26503 064.9566 144.2037 0036429 032.8825 327.4466 13.90140276501750
COSMOS 1249 COOLANT
1 26503U 81021E   10034.90029770 -.00000035  00000-0  44929-4 0  9991
2 26503 064.9567 140.9993 0036404 032.3874 327.9396 13.90140359501925
COSMOS 1249 COOLANT
1 26503U 81021E   10035.69163641 -.00000035 +00000-0 +44860-4 0  9998
2 26503 064.9570 138.9255 0036363 032.2155 328.1125 13.90140456502036
COSMOS 1249 COOLANT
1 26503U 81021E   10036.91461370 -.00000035  00000-0  44255-4 0  9992
2 26503 064.9569 135.7213 0036259 031.7793 328.5460 13.90140560502200
COSMOS 1249 COOLANT
1 26503U 81021E   10036.91461370 -.00000035 +00000-0 +44255-4 0  9992
2 26503 064.9569 135.7213 0036259 031.7793 328.5460 13.90140560502200
COSMOS 1249 COOLANT
1 26503U 81021E   10037.63401189 -.00000036 +00000-0 +43391-4 0  9995
2 26503 064.9572 133.8364 0036442 031.4249 328.8938 13.90140606502302
COSMOS 1249 COOLANT
1 26503U 81021E   10038.64117053 -.00000037 +00000-0 +42639-4 0  9996
2 26503 064.9575 131.1978 0036503 031.0500 329.2693 13.90140688502449
COSMOS 1249 COOLANT
1 26503U 81021E   10039.86414811 -.00000037  00000-0  42629-4 0  9992
2 26503 064.9573 127.9934 0036547 030.5795 329.7384 13.90140810502618
COSMOS 1249 COOLANT
1 26503U 81021E   10039.86414811 -.00000037 +00000-0 +42629-4 0  9992
2 26503 064.9573 127.9934 0036547 030.5795 329.7384 13.90140810502618
COSMOS 1249 COOLANT
1 26503U 81021E   10040.87130582 -.00000038 +00000-0 +42462-4 0  9991
2 26503 064.9572 125.3553 0036556 030.1939 330.1218 13.90140905502754
COSMOS 1249 COOLANT
1 26503U 81021E   10041.59070413 -.00000038 +00000-0 +42169-4 0  9991
2 26503 064.9574 123.4701 0036683 029.8836 330.4291 13.90140977502856
COSMOS 1249 COOLANT
1 26503U 81021E   10042.81368150 -.00000039  00000-0  41544-4 0  9992
2 26503 064.9570 120.2653 0036895 029.2065 331.1019 13.90141054503029
COSMOS 1249 COOLANT
1 26503U 81021E   10043.60502012 -.00000039 +00000-0 +41319-4 0  9997
2 26503 064.9571 118.1921 0036958 028.9481 331.3613 13.90141130503131
COSMOS 1249 COOLANT
1 26503U 81021E   10044.82799710 -.00000039 +00000-0 +41225-4 0  9991
2 26503 064.9575 114.9882 0037018 028.4504 331.8557 13.90141266503305
COSMOS 1249 COOLANT
1 26503U 81021E   10045.54739543 -.00000039 +00000-0 +41332-4 0  9998
2 26503 064.9575 113.1030 0037028 028.1543 332.1515 13.90141347503401
COSMOS 1249 COOLANT
1 26503U 81021E   10046.55455259 -.00000039 +00000-0 +41269-4 0  9998
2 26503 064.9576 110.4643 0037071 027.8048 332.4979 13.90141450503543
COSMOS 1249 COOLANT
1 26503U 81021E   10047.56170989 -.00000039 +00000-0 +41405-4 0  9996
2 26503 064.9580 107.8264 0037129 027.5036 332.7977 13.90141586503681
COSMOS 1249 COOLANT
1 26503U 81021E   10048.78468642 -.00000039 +00000-0 +41583-4 0  9994
2 26503 064.9578 104.6217 0037199 027.0843 333.2148 13.90141714503857
COSMOS 1249 COOLANT
1 26503U 81021E   10049.71990366 -.00000039  00000-0  41719-4 0  9992
2 26503 064.9575 102.1700 0037501 026.3120 333.9816 13.90141806503986
COSMOS 1249 COOLANT
1 26503U 81021E   10050.51124164 -.00000038 +00000-0 +42289-4 0  9999
2 26503 064.9576 100.0955 0037582 025.8367 334.4577 13.90141932504095
COSMOS 1249 COOLANT
1 26503U 81021E   10051.51839816 -.00000038 +00000-0 +42365-4 0  9992
2 26503 064.9587 097.4568 0037950 025.1886 335.0985 13.90142110504239
COSMOS 1249 COOLANT
1 26503U 81021E   10052.74137479 -.00000037  00000-0  42878-4 0  9992
2 26503 064.9584 094.2521 0037980 024.8423 335.4469 13.90142257504408
COSMOS 1249 COOLANT
1 26503U 81021E   10054.46792867 -.00000035 +00000-0 +44473-4 0  9992
2 26503 064.9585 089.7284 0038145 023.9562 336.3292 13.90142551504649
COSMOS 1249 COOLANT
1 26503U 81021E   10055.69090372 -.00000034  00000-0  45638-4 0  9993
2 26503 064.9579 086.5226 0038291 023.4758 336.8057 13.90142728504816
COSMOS 1249 COOLANT
1 26503U 81021E   10056.48224045 -.00000033 +00000-0 +46498-4 0  9991
2 26503 064.9581 084.4497 0038374 023.0808 337.1977 13.90142877504922
COSMOS 1249 COOLANT
1 26503U 81021E   10058.42461271 -.00000030  00000-0  48386-4 0  9996
2 26503 064.9582 079.3602 0038422 022.2447 338.0315 13.90143221505198
COSMOS 1249 COOLANT
1 26503U 81021E   10059.43176772 -.00000028 +00000-0 +49770-4 0  9992
2 26503 064.9582 076.7216 0038509 021.8631 338.4078 13.90143417505339
COSMOS 1249 COOLANT
1 26503U 81021E   10060.43892316 -.00000027  00000-0  50820-4 0  9990
2 26503 064.9582 074.0828 0038586 021.4658 338.8028 13.90143606505473
COSMOS 1249 COOLANT
1 26503U 81021E   10061.66189747 -.00000027 +00000-0 +50820-4 0  9993
2 26503 064.9582 070.8790 0038586 021.0657 339.1985 13.90143761505647
COSMOS 1249 COOLANT
1 26503U 81021E   10062.38129424 -.00000024 +00000-0 +53225-4 0  9998
2 26503 064.9582 068.9925 0038484 020.9782 339.2923 13.90144003505743
COSMOS 1249 COOLANT
1 26503U 81021E   10063.38844805 -.00000023  00000-0  54110-4 0  9999
2 26503 064.9582 066.3531 0038627 020.4672 339.7931 13.90144181505886
COSMOS 1249 COOLANT
1 26503U 81021E   10064.39560316 -.00000022 +00000-0 +54936-4 0  9998
2 26503 064.9582 063.7141 0038778 019.9715 340.2857 13.90144362506024
COSMOS 1249 COOLANT
1 26503U 81021E   10065.61857707 -.00000021 +00000-0 +55797-4 0  9992
2 26503 064.9577 060.5086 0038855 019.6160 340.6400 13.90144553506196
COSMOS 1249 COOLANT
1 26503U 81021E   10066.55379205 -.00000020 +00000-0 +56488-4 0  9995
2 26503 064.9572 058.0570 0039165 018.9515 341.2979 13.90144695506322
COSMOS 1249 COOLANT
1 26503U 81021E   10067.34512824 -.00000019 +00000-0 +57399-4 0  9999
2 26503 064.9571 055.9828 0039488 018.3721 341.8740 13.90144842506432
COSMOS 1249 COOLANT
1 26503U 81021E   10068.35228320 -.00000018 +00000-0 +58497-4 0  9995
2 26503 064.9568 053.3437 0039777 017.8677 342.3754 13.90145025506571
COSMOS 1249 COOLANT
1 26503U 81021E   10069.57525685 -.00000016 +00000-0 +59670-4 0  9996
2 26503 064.9564 050.1385 0040009 017.3985 342.8428 13.90145238506749
COSMOS 1249 COOLANT
1 26503U 81021E   10071.30180718 -.00000015  00000-0  60208-4 0  9992
2 26503 064.9567 045.6148 0039942 016.8285 343.4105 13.90145532506981
COSMOS 1249 COOLANT
1 26503U 81021E   10072.30896100 -.00000015 +00000-0 +60802-4 0  9992
2 26503 064.9571 042.9762 0040038 016.4593 343.7752 13.90145722507123
COSMOS 1249 COOLANT
1 26503U 81021E   10073.31611511 -.00000014  00000-0  61202-4 0  9999
2 26503 064.9572 040.3374 0039940 016.3026 343.9323 13.90145897507269
COSMOS 1249 COOLANT
1 26503U 81021E   10075.47430152 -.00000014  00000-0  61205-4 0  9991
2 26503 064.9572 034.6828 0040088 015.3988 344.8272 13.90146227507564
COSMOS 1249 COOLANT
1 26503U 81021E   10076.26563675 -.00000015 +00000-0 +60862-4 0  9995
2 26503 064.9572 032.6095 0040101 015.1701 345.0543 13.90146326507671
COSMOS 1249 COOLANT
1 26503U 81021E   10077.27279049 -.00000014 +00000-0 +61042-4 0  9996
2 26503 064.9572 029.9699 0040129 014.8304 345.3929 13.90146486507819
COSMOS 1249 COOLANT
1 26503U 81021E   10078.49576240 -.00000014  00000-0  61194-4 0  9992
2 26503 064.9572 026.7659 0040168 014.4175 345.8024 13.90146680507980
COSMOS 1249 COOLANT
1 26503U 81021E   10079.21515759 -.00000015 +00000-0 +60796-4 0  9999
2 26503 064.9572 024.8805 0040292 014.1404 346.0756 13.90146769508087
COSMOS 1249 COOLANT
1 26503U 81021E   10080.22231120 -.00000015 +00000-0 +60919-4 0  9996
2 26503 064.9570 022.2401 0040546 013.6643 346.5484 13.90146908508224
COSMOS 1249 COOLANT
1 26503U 81021E   10081.22946474 -.00000015  00000-0  60665-4 0  9990
2 26503 064.9567 019.6006 0040571 013.3700 346.8426 13.90147040508362
COSMOS 1249 COOLANT
1 26503U 81021E   10082.45243622 -.00000015 +00000-0 +60774-4 0  9992
2 26503 064.9569 016.3968 0040633 012.9142 347.2948 13.90147239508532
COSMOS 1249 COOLANT
1 26503U 81021E   10083.17183118 -.00000015 +00000-0 +60521-4 0  9995
2 26503 064.9572 014.5116 0040752 012.6165 347.5897 13.90147353508639
COSMOS 1249 COOLANT
1 26503U 81021E   10084.17898415 -.00000016  00000-0  60101-4 0  9994
2 26503 064.9574 011.8722 0040931 012.2577 347.9450 13.90147493508775
COSMOS 1249 COOLANT
1 26503U 81021E   10085.18613725 -.00000015 +00000-0 +60271-4 0  9992
2 26503 064.9574 009.2325 0040942 011.8873 348.3156 13.90147656508916
COSMOS 1249 COOLANT
1 26503U 81021E   10087.34432094 -.00000015  00000-0  60160-4 0  9997
2 26503 064.9576 003.5778 0041111 011.1261 349.0692 13.90147995509213
COSMOS 1249 COOLANT
1 26503U 81021E   10088.13565508 -.00000015 +00000-0 +60621-4 0  9994
2 26503 064.9574 001.5033 0041274 010.7386 349.4549 13.90148134509329
COSMOS 1249 COOLANT
1 26503U 81021E   10089.14280725 -.00000015 +00000-0 +60765-4 0  9990
2 26503 064.9574 358.8643 0041325 010.4432 349.7479 13.90148297509460
COSMOS 1249 COOLANT
1 26503U 81021E   10090.36577763 -.00000015  00000-0  60765-4 0  9997
2 26503 064.9574 355.6604 0041325 010.0432 350.1447 13.90148482509634
COSMOS 1249 COOLANT
1 26503U 81021E   10092.09232375 -.00000013 +00000-0 +61827-4 0  9994
2 26503 064.9578 351.1352 0041411 009.5255 350.6606 13.90148829509874
COSMOS 1249 COOLANT
1 26503U 81021E   10093.09947499 -.00000013  00000-0  62164-4 0  9990
2 26503 064.9580 348.4965 0041514 009.1835 350.9977 13.90149018510013
COSMOS 1249 COOLANT
1 26503U 81021E   10094.10662658 -.00000012 +00000-0 +63144-4 0  9992
2 26503 064.9579 345.8572 0041569 008.9110 351.2691 13.90149222510158
COSMOS 1249 COOLANT
1 26503U 81021E   10096.04898972 -.00000010  00000-0  64266-4 0  9991
2 26503 064.9581 340.7668 0041882 008.1215 352.0515 13.90149598510427
COSMOS 1249 COOLANT
1 26503U 81021E   10097.05614090 -.00000010 +00000-0 +64900-4 0  9995
2 26503 064.9582 338.1281 0041969 007.7971 352.3738 13.90149804510565
COSMOS 1249 COOLANT
1 26503U 81021E   10098.06329183 -.00000008  00000-0  66304-4 0  9990
2 26503 064.9578 335.4897 0042309 007.3372 352.8290 13.90150025510704
COSMOS 1249 COOLANT
1 26503U 81021E   10099.28626088 -.00000007 +00000-0 +66625-4 0  9994
2 26503 064.9577 332.2840 0041998 007.3109 352.8597 13.90150248510872
COSMOS 1249 COOLANT
1 26503U 81021E   10100.22147141 -.00000006  00000-0  67433-4 0  9996
2 26503 064.9581 329.8343 0042058 006.9671 353.1975 13.90150470511001
COSMOS 1249 COOLANT
1 26503U 81021E   10101.01280379 -.00000005 +00000-0 +68844-4 0  9991
2 26503 064.9576 327.7607 0042543 006.5264 353.6319 13.90150651511118
COSMOS 1249 COOLANT
1 26503U 81021E   10102.23577254 -.00000004  00000-0  69623-4 0  9992
2 26503 064.9576 324.5559 0042771 006.1179 354.0385 13.90150900511286
COSMOS 1249 COOLANT
1 26503U 81021E   10103.24292293 -.00000003 +00000-0 +69953-4 0  9996
2 26503 064.9573 321.9165 0042779 005.8457 354.3105 13.90151085511424
COSMOS 1249 COOLANT
1 26503U 81021E   10104.17813349 -.00000002 +00000-0 +70618-4 0  9999
2 26503 064.9575 319.4658 0042915 005.3893 354.7631 13.90151298511554
COSMOS 1249 COOLANT
1 26503U 81021E   10105.18528320 -.00000001  00000-0  71443-4 0  9999
2 26503 064.9575 316.8261 0043127 004.8819 355.2659 13.90151522511694
COSMOS 1249 COOLANT
1 26503U 81021E   10107.19958240 -.00000000  00000-0  72509-4 0  9993
2 26503 064.9573 311.5479 0043422 004.1963 355.9444 13.90151927511975
COSMOS 1249 COOLANT
1 26503U 81021E   10108.92612437 +.00000000 +00000-0 +72872-4 0  9992
2 26503 064.9581 307.0238 0043492 003.5250 356.6118 13.90152296512210
COSMOS 1249 COOLANT
1 26503U 81021E   10109.14194190 +.00000001 +00000-0 +73040-4 0  9997
2 26503 064.9580 306.4582 0043578 003.4112 356.7238 13.90152343512245
COSMOS 1249 COOLANT
1 26503U 81021E   10110.14909105  .00000001  00000-0  73109-4 0  9995
2 26503 064.9576 303.8180 0043784 003.0105 357.1204 13.90152514512385
COSMOS 1249 COOLANT
1 26503U 81021E   10112.88278100  .00000002  00000-0  73974-4 0  9993
2 26503 064.9575 296.6549 0044145 002.1376 357.9834 13.90153043512761
COSMOS 1249 COOLANT
1 26503U 81021E   10113.09859924 +.00000002 +00000-0 +73810-4 0  9995
2 26503 064.9574 296.0892 0044203 002.0331 358.0896 13.90153068512790
COSMOS 1249 COOLANT
1 26503U 81021E   10114.10574795 +.00000002 +00000-0 +73810-4 0  9998
2 26503 064.9574 293.4506 0044203 001.7037 358.4168 13.90153253512930
COSMOS 1249 COOLANT
1 26503U 81021E   10115.11289638  .00000002  00000-0  73810-4 0  9999
2 26503 064.9574 290.8121 0044203 001.3743 358.7433 13.90153439513074
COSMOS 1249 COOLANT
1 26503U 81021E   10116.12004467 +.00000002 +00000-0 +73810-4 0  9996
2 26503 064.9574 288.1735 0044203 001.0450 359.0698 13.90153624513216
COSMOS 1249 COOLANT
1 26503U 81021E   10118.06240172  .00000002  00000-0  73810-4 0  9996
2 26503 064.9574 283.0849 0044203 000.4097 359.6994 13.90153982513487
COSMOS 1249 COOLANT
1 26503U 81021E   10119.06954962 +.00000002 +00000-0 +73810-4 0  9996
2 26503 064.9574 280.4464 0044203 000.0804 000.0259 13.90154168513627
COSMOS 1249 COOLANT
1 26503U 81021E   10120.79608856  .00000002  00000-0  73810-4 0  9996
2 26503 064.9574 275.9231 0044202 359.5157 000.5855 13.90154486513866
COSMOS 1249 COOLANT
1 26503U 81021E   10122.01905341 +.00000002 +00000-0 +73810-4 0  9992
2 26503 064.9574 272.7192 0044202 359.1158 000.9820 13.90154712514032
COSMOS 1249 COOLANT
1 26503U 81021E   10123.02620078 -.00000000  00000-0  72145-4 0  9994
2 26503 064.9562 270.0737 0045102 358.8006 001.2804 13.90154705514176
COSMOS 1249 COOLANT
1 26503U 81021E   10124.03335084 -.00000000 +00000-0 +72231-4 0  9992
2 26503 064.9562 267.4344 0045091 358.5263 001.5655 13.90154886514312
COSMOS 1249 COOLANT
1 26503U 81021E   10125.75988887 -.00000002  00000-0  70593-4 0  9998
2 26503 064.9563 262.9107 0045261 358.1211 001.9604 13.90155095514555
COSMOS 1249 COOLANT
1 26503U 81021E   10126.76703733 -.00000004 +00000-0 +69528-4 0  9993
2 26503 064.9563 260.2719 0045280 357.8743 002.2087 13.90155202514696
COSMOS 1249 COOLANT
1 26503U 81021E   10129.71653946 -.00000006  00000-0  67480-4 0  9998
2 26503 064.9568 252.5428 0045316 357.0222 003.0514 13.90155615515105
COSMOS 1249 COOLANT
1 26503U 81021E   10130.72368713 -.00000008 +00000-0 +66042-4 0  9991
2 26503 064.9570 249.9040 0045432 356.6875 003.3843 13.90155713515248
COSMOS 1249 COOLANT
1 26503U 81021E   10131.94665160 -.00000008  00000-0  65856-4 0  9994
2 26503 064.9568 246.6994 0045460 356.2597 003.8116 13.90155897515415
COSMOS 1249 COOLANT
1 26503U 81021E   10133.88900549 -.00000011 +00000-0 +63699-4 0  9999
2 26503 064.9570 241.6092 0045670 355.3804 004.6799 13.90156109515688
COSMOS 1249 COOLANT
1 26503U 81021E   10134.68033541 -.00000012  00000-0  62494-4 0  9990
2 26503 064.9572 239.5359 0045655 355.1419 004.9173 13.90156175515799
COSMOS 1249 COOLANT
1 26503U 81021E   10135.68748214 -.00000013 +00000-0 +62068-4 0  9999
2 26503 064.9574 236.8965 0045515 354.8079 005.2516 13.90156320515930
COSMOS 1249 COOLANT
1 26503U 81021E   10136.91044516 -.00000013  00000-0  61666-4 0  9993
2 26503 064.9575 233.6925 0045590 354.3161 005.7368 13.90156488516107
COSMOS 1249 COOLANT
1 26503U 81021E   10136.91044516 -.00000013 +00000-0 +61666-4 0  9993
2 26503 064.9575 233.6925 0045590 354.3161 005.7368 13.90156488516107
COSMOS 1249 COOLANT
1 26503U 81021E   10137.62983544 -.00000015 +00000-0 +60398-4 0  9998
2 26503 064.9579 231.8074 0045733 354.1352 005.9126 13.90156540516209
COSMOS 1249 COOLANT
1 26503U 81021E   10138.63698237 -.00000016 +00000-0 +59605-4 0  9992
2 26503 064.9579 229.1686 0045796 353.8581 006.1893 13.90156652516340
COSMOS 1249 COOLANT
1 26503U 81021E   10140.86709161 -.00000017  00000-0  59218-4 0  9990
2 26503 064.9578 223.3251 0045820 353.1886 006.8541 13.90156962516657
COSMOS 1249 COOLANT
1 26503U 81021E   10141.58648158 -.00000018 +00000-0 +58299-4 0  9997
2 26503 064.9575 221.4405 0045904 353.0010 007.0378 13.90157005516756
COSMOS 1249 COOLANT
1 26503U 81021E   10143.60077345 -.00000019  00000-0  56915-4 0  9990
2 26503 064.9577 216.1629 0046236 352.5308 007.4997 13.90157237517030
COSMOS 1249 COOLANT
1 26503U 81021E   10144.82373717 -.00000020 +00000-0 +56718-4 0  9990
2 26503 064.9580 212.9586 0046159 352.0893 007.9443 13.90157413517204
COSMOS 1249 COOLANT
1 26503U 81021E   10146.55027200 -.00000022  00000-0  54766-4 0  9998
2 26503 064.9578 208.4345 0046525 351.5749 008.4458 13.90157540517444
COSMOS 1249 COOLANT
1 26503U 81021E   10147.55741872 -.00000023 +00000-0 +54245-4 0  9990
2 26503 064.9579 205.7947 0046494 351.2121 008.8121 13.90157652517589
COSMOS 1249 COOLANT
1 26503U 81021E   10148.78038085 -.00000023  00000-0  53861-4 0  9994
2 26503 064.9578 202.5893 0046543 350.7386 009.2811 13.90157784517751
COSMOS 1249 COOLANT
1 26503U 81021E   10150.72273219 -.00000024 +00000-0 +52836-4 0  9993
2 26503 064.9576 197.4991 0046743 349.9693 010.0415 13.90157984518026
COSMOS 1249 COOLANT
1 26503U 81021E   10152.52120569 -.00000024  00000-0  52852-4 0  9990
2 26503 064.9577 192.7869 0046720 349.3747 010.6329 13.90158225518274
COSMOS 1249 COOLANT
1 26503U 81021E   10154.46355626 -.00000025 +00000-0 +52029-4 0  9996
2 26503 064.9577 187.6973 0047074 348.7917 011.2052 13.90158446518543
COSMOS 1249 COOLANT
1 26503U 81021E   10155.47070175 -.00000025  00000-0  52091-4 0  9990
2 26503 064.9577 185.0582 0047127 348.4650 011.5329 13.90158585518680
COSMOS 1249 COOLANT
1 26503U 81021E   10156.47784632 -.00000025 +00000-0 +52091-4 0  9991
2 26503 064.9577 182.4197 0047127 348.1355 011.8593 13.90158716518820
COSMOS 1249 COOLANT
1 26503U 81021E   10158.42019630 -.00000025  00000-0  52125-4 0  9995
2 26503 064.9580 177.3301 0047486 347.5181 012.4683 13.90158996519099
COSMOS 1249 COOLANT
1 26503U 81021E   10159.42734095 -.00000025 +00000-0 +52202-4 0  9991
2 26503 064.9579 174.6908 0047618 347.1659 012.8180 13.90159126519231
COSMOS 1249 COOLANT
1 26503U 81021E   10161.65744596 -.00000025  00000-0  52338-4 0  9996
2 26503 064.9576 168.8464 0047851 346.4080 013.5687 13.90159413519542
COSMOS 1249 COOLANT
1 26503U 81021E   10162.37683458 -.00000025 +00000-0 +52730-4 0  9991
2 26503 064.9575 166.9602 0047945 346.1412 013.8343 13.90159533519640
COSMOS 1249 COOLANT
1 26503U 81021E   10163.38397822 -.00000024 +00000-0 +53084-4 0  9992
2 26503 064.9574 164.3209 0048066 345.7887 014.1824 13.90159685519781
COSMOS 1249 COOLANT
1 26503U 81021E   10164.39112192 -.00000024  00000-0  53560-4 0  9998
2 26503 064.9574 161.6813 0048195 345.4798 014.4877 13.90159846519929
COSMOS 1249 COOLANT
1 26503U 81021E   10165.61408205 -.00000024 +00000-0 +53560-4 0  9997
2 26503 064.9574 158.4773 0048195 345.0798 014.8840 13.90160010520093
COSMOS 1249 COOLANT
1 26503U 81021E   10167.34061374 -.00000023  00000-0  53956-4 0  9999
2 26503 064.9568 153.9501 0048454 344.6275 015.3315 13.90160243520336
COSMOS 1249 COOLANT
1 26503U 81021E   10169.57071664 -.00000023  00000-0  53956-4 0  9999
2 26503 064.9568 148.1074 0048454 343.8984 016.0536 13.90160544520646
COSMOS 1249 COOLANT
1 26503U 81021E   10171.29724763 -.00000022 +00000-0 +54703-4 0  9996
2 26503 064.9561 143.5797 0048911 343.3431 016.6006 13.90160779520884
COSMOS 1249 COOLANT
1 26503U 81021E   10172.30439088 -.00000022  00000-0  54989-4 0  9998
2 26503 064.9563 140.9408 0048911 343.0358 016.9064 13.90160933521027
COSMOS 1249 COOLANT
1 26503U 81021E   10173.31153373 -.00000022 +00000-0 +54989-4 0  9990
2 26503 064.9563 138.3021 0048911 342.7067 017.2328 13.90161072521169
COSMOS 1249 COOLANT
1 26503U 81021E   10175.25388029 -.00000023  00000-0  54255-4 0  9990
2 26503 064.9564 133.2123 0049004 342.1546 017.7762 13.90161291521437
COSMOS 1249 COOLANT
1 26503U 81021E   10176.26102347 -.00000023 +00000-0 +54044-4 0  9995
2 26503 064.9564 130.5735 0049000 341.8560 018.0745 13.90161417521574
COSMOS 1249 COOLANT
1 26503U 81021E   10177.26816608 -.00000023  00000-0  53874-4 0  9998
2 26503 064.9564 127.9336 0049016 341.5355 018.3924 13.90161539521710
COSMOS 1249 COOLANT
1 26503U 81021E   10179.42632849 -.00000023  00000-0  53777-4 0  9993
2 26503 064.9558 122.2761 0049875 340.6882 019.2255 13.90161792522013
COSMOS 1249 COOLANT
1 26503U 81021E   10180.21765517 -.00000024 +00000-0 +53114-4 0  9997
2 26503 064.9557 120.2027 0049807 340.5106 019.4033 13.90161850522121
COSMOS 1249 COOLANT
1 26503U 81021E   10182.44775579 -.00000025  00000-0  52744-4 0  9992
2 26503 064.9556 114.3582 0049744 339.7945 020.1149 13.90162118522430
COSMOS 1249 COOLANT
1 26503U 81021E   10183.38295897 -.00000025 +00000-0 +52095-4 0  9995
2 26503 064.9557 111.9073 0049899 339.4429 020.4607 13.90162212522565
COSMOS 1249 COOLANT
1 26503U 81021E   10184.39010120 -.00000027 +00000-0 +50917-4 0  9994
2 26503 064.9558 109.2690 0050081 339.1809 020.7169 13.90162280522702
COSMOS 1249 COOLANT
1 26503U 81021E   10185.18142779 -.00000027  00000-0  50431-4 0  9999
2 26503 064.9558 107.1957 0050025 339.0082 020.8909 13.90162344522811
COSMOS 1249 COOLANT
1 26503U 81021E   10186.40438598 -.00000028 +00000-0 +50289-4 0  9994
2 26503 064.9558 103.9912 0050120 338.5805 021.3153 13.90162492522988
COSMOS 1249 COOLANT
1 26503U 81021E   10188.34673065 -.00000030  00000-0  48540-4 0  9999
2 26503 064.9556 098.9018 0050479 338.0835 021.8004 13.90162636523252
COSMOS 1249 COOLANT
1 26503U 81021E   10189.13805745 -.00000030 +00000-0 +48540-4 0  9999
2 26503 064.9556 096.8284 0050479 337.8250 022.0629 13.90162732523367
COSMOS 1249 COOLANT
1 26503U 81021E   10190.36101495 -.00000032  00000-0  46786-4 0  9999
2 26503 064.9554 093.6231 0050427 337.5758 022.3060 13.90162771523539
COSMOS 1249 COOLANT
1 26503U 81021E   10193.09468689 -.00000034  00000-0  44860-4 0  9996
2 26503 064.9553 086.4602 0050629 336.9513 022.9278 13.90162964523919
COSMOS 1249 COOLANT
1 26503U 81021E   10194.10182819 -.00000036 +00000-0 +43615-4 0  9996
2 26503 064.9554 083.8209 0050784 336.7982 023.0735 13.90163007524059
COSMOS 1249 COOLANT
1 26503U 81021E   10195.32478650 -.00000036  00000-0  43638-4 0  9997
2 26503 064.9555 080.6167 0050822 336.4011 023.4718 13.90163143524226
COSMOS 1249 COOLANT
1 26503U 81021E   10196.25998908 -.00000036 +00000-0 +43616-4 0  9999
2 26503 064.9553 078.1654 0051026 336.0804 023.7878 13.90163236524357
COSMOS 1249 COOLANT
1 26503U 81021E   10197.05131445 -.00000036 +00000-0 +43353-4 0  9991
2 26503 064.9552 076.0915 0050964 335.8692 023.9976 13.90163298524466
COSMOS 1249 COOLANT
1 26503U 81021E   10198.05845565 -.00000037  00000-0  42766-4 0  9995
2 26503 064.9554 073.4527 0051030 335.6097 024.2526 13.90163377524609
COSMOS 1249 COOLANT
1 26503U 81021E   10201.00794033 -.00000039  00000-0  41477-4 0  9998
2 26503 064.9556 065.7244 0051099 334.6912 025.1615 13.90163629525016
COSMOS 1249 COOLANT
1 26503U 81021E   10202.23089773 -.00000039 +00000-0 +41059-4 0  9998
2 26503 064.9558 062.5202 0051173 334.2881 025.5629 13.90163742525184
COSMOS 1249 COOLANT
1 26503U 81021E   10203.23803868 -.00000039  00000-0  41217-4 0  9994
2 26503 064.9559 059.8823 0051254 333.9784 025.8696 13.90163863525328
COSMOS 1249 COOLANT
1 26503U 81021E   10205.18038151 -.00000041 +00000-0 +39764-4 0  9992
2 26503 064.9562 054.7922 0051501 333.4415 026.3955 13.90163987525597
COSMOS 1249 COOLANT
1 26503U 81021E   10206.18752322 -.00000041  00000-0  39724-4 0  9992
2 26503 064.9558 052.1519 0051667 333.1387 026.6994 13.90164067525736
COSMOS 1249 COOLANT
1 26503U 81021E   10207.19466392 -.00000041 +00000-0 +39724-4 0  9993
2 26503 064.9558 049.5132 0051667 332.8096 027.0263 13.90164167525870
COSMOS 1249 COOLANT
1 26503U 81021E   10208.92119039 -.00000042  00000-0  39034-4 0  9993
2 26503 064.9562 044.9886 0052015 332.4755 027.3501 13.90164317526119
COSMOS 1249 COOLANT
1 26503U 81021E   10208.92119039 -.00000042 +00000-0 +39034-4 0  9993
2 26503 064.9562 044.9886 0052015 332.4755 027.3501 13.90164317526119
COSMOS 1249 COOLANT
1 26503U 81021E   10209.13700726 -.00000042 +00000-0 +38872-4 0  9995
2 26503 064.9560 044.4226 0052134 332.4037 027.4252 13.90164322526148
COSMOS 1249 COOLANT
1 26503U 81021E   10210.14414778 -.00000042 +00000-0 +38872-4 0  9997
2 26503 064.9560 041.7838 0052134 332.0747 027.7520 13.90164420526286
COSMOS 1249 COOLANT
1 26503U 81021E   10211.15128807 -.00000042  00000-0  38872-4 0  9994
2 26503 064.9560 039.1451 0052134 331.7456 028.0781 13.90164518526428
COSMOS 1249 COOLANT
1 26503U 81021E   10212.87781412 -.00000042 +00000-0 +38395-4 0  9991
2 26503 064.9561 034.6197 0052380 331.3409 028.4752 13.90164672526662
COSMOS 1249 COOLANT
1 26503U 81021E   10213.09363036 -.00000042 +00000-0 +38512-4 0  9995
2 26503 064.9559 034.0539 0052515 331.3021 028.5147 13.90164693526698
COSMOS 1249 COOLANT
1 26503U 81021E   10214.10077059 -.00000042  00000-0  38512-4 0  9995
2 26503 064.9559 031.4151 0052515 330.9730 028.8414 13.90164790526835
COSMOS 1249 COOLANT
1 26503U 81021E   10215.10791061 -.00000042 +00000-0 +38512-4 0  9992
2 26503 064.9559 028.7764 0052515 330.6440 029.1675 13.90164888526975
COSMOS 1249 COOLANT
1 26503U 81021E   10216.11505057 -.00000042  00000-0  38512-4 0  9992
2 26503 064.9559 026.1376 0052515 330.3149 029.4936 13.90164985527117
COSMOS 1249 COOLANT
1 26503U 81021E   10217.05025189 -.00000041 +00000-0 +39278-4 0  9998
2 26503 064.9557 023.6855 0052897 330.1874 029.6157 13.90165110527247
COSMOS 1249 COOLANT
1 26503U 81021E   10218.05739208 -.00000041 +00000-0 +39154-4 0  9996
2 26503 064.9557 021.0462 0053035 329.9014 029.8991 13.90165200527383
COSMOS 1249 COOLANT
1 26503U 81021E   10219.06453205 -.00000041  00000-0  39154-4 0  9998
2 26503 064.9557 018.4074 0053035 329.5724 030.2263 13.90165299527528
COSMOS 1249 COOLANT
1 26503U 81021E   10220.79105711 -.00000042 +00000-0 +38683-4 0  9993
2 26503 064.9557 013.8824 0053212 329.1345 030.6566 13.90165445527761
COSMOS 1249 COOLANT
1 26503U 81021E   10222.01401280 -.00000043  00000-0  38326-4 0  9995
2 26503 064.9559 010.6781 0053347 328.8033 030.9846 13.90165555527934
COSMOS 1249 COOLANT
1 26503U 81021E   10223.02115267 -.00000043 +00000-0 +38011-4 0  9995
2 26503 064.9559 008.0393 0053446 328.5368 031.2485 13.90165635528070
COSMOS 1249 COOLANT
1 26503U 81021E   10224.02829240 -.00000042  00000-0  38480-4 0  9998
2 26503 064.9560 005.3997 0053392 328.2063 031.5795 13.90165762528215
COSMOS 1249 COOLANT
1 26503U 81021E   10225.75481662 -.00000043 +00000-0 +38242-4 0  9998
2 26503 064.9561 000.8757 0053568 327.7534 032.0232 13.90165922528458
COSMOS 1249 COOLANT
1 26503U 81021E   10226.76195634 -.00000042  00000-0  38339-4 0  9997
2 26503 064.9562 358.2368 0053573 327.4329 032.3435 13.90166029528594
COSMOS 1249 COOLANT
1 26503U 81021E   10227.98491097 -.00000042 +00000-0 +38863-4 0  9996
2 26503 064.9563 355.0327 0053685 327.0848 032.6872 13.90166180528766
COSMOS 1249 COOLANT
1 26503U 81021E   10229.71143508 -.00000041  00000-0  39580-4 0  9996
2 26503 064.9564 350.5077 0053981 326.6666 033.0982 13.90166385529003
COSMOS 1249 COOLANT
1 26503U 81021E   10230.71857437 -.00000041 +00000-0 +39468-4 0  9996
2 26503 064.9567 347.8687 0054063 326.4001 033.3626 13.90166491529146
COSMOS 1249 COOLANT
1 26503U 81021E   10231.94152888 -.00000040 +00000-0 +40249-4 0  9998
2 26503 064.9564 344.6646 0054086 326.0338 033.7274 13.90166646529311
COSMOS 1249 COOLANT
1 26503U 81021E   10231.94152888 -.00000040  00000-0  40249-4 0  9998
2 26503 064.9564 344.6646 0054086 326.0338 033.7274 13.90166646529311
COSMOS 1249 COOLANT
1 26503U 81021E   10232.94866742 -.00000040 +00000-0 +40472-4 0  9998
2 26503 064.9562 342.0254 0054017 325.7219 034.0370 13.90166753529459
COSMOS 1249 COOLANT
1 26503U 81021E   10233.88386741 -.00000039 +00000-0 +40905-4 0  9997
2 26503 064.9561 339.5746 0054307 325.5636 034.1885 13.90166859529581
COSMOS 1249 COOLANT
1 26503U 81021E   10234.67519110 -.00000040  00000-0  40594-4 0  9999
2 26503 064.9563 337.5011 0054257 325.2962 034.4565 13.90166935529694
COSMOS 1249 COOLANT
1 26503U 81021E   10235.68232961 -.00000039 +00000-0 +41122-4 0  9993
2 26503 064.9565 334.8615 0054346 325.0897 034.6595 13.90167069529830
COSMOS 1249 COOLANT
1 26503U 81021E   10236.90528359 -.00000039  00000-0  41338-4 0  9997
2 26503 064.9564 331.6572 0054377 324.7274 035.0194 13.90167205530008
COSMOS 1249 COOLANT
1 26503U 81021E   10237.62466812 -.00000039 +00000-0 +41364-4 0  9991
2 26503 064.9568 329.7712 0054450 324.5320 035.2126 13.90167304530106
COSMOS 1249 COOLANT
1 26503U 81021E   10238.63180640 -.00000038 +00000-0 +41708-4 0  9996
2 26503 064.9567 327.1336 0054458 324.1819 035.5599 13.90167420530247
COSMOS 1249 COOLANT
1 26503U 81021E   10239.85475983 -.00000039  00000-0  41440-4 0  9992
2 26503 064.9569 323.9273 0054614 323.9300 035.8064 13.90167545530416
COSMOS 1249 COOLANT
1 26503U 81021E   10239.85475983 -.00000039 +00000-0 +41440-4 0  9992
2 26503 064.9569 323.9273 0054614 323.9300 035.8064 13.90167545530416
COSMOS 1249 COOLANT
1 26503U 81021E   10240.86189829 -.00000038 +00000-0 +41923-4 0  9991
2 26503 064.9569 321.2882 0054618 323.6485 036.0875 13.90167676530551
COSMOS 1249 COOLANT
1 26503U 81021E   10242.58842047 -.00000038  00000-0  42183-4 0  9999
2 26503 064.9571 316.7640 0054839 323.1992 036.5296 13.90167881530794
COSMOS 1249 COOLANT
1 26503U 81021E   10243.81137386 -.00000037 +00000-0 +42480-4 0  9998
2 26503 064.9573 313.5601 0054911 322.8668 036.8596 13.90168042530960
COSMOS 1249 COOLANT
1 26503U 81021E   10244.81851172 -.00000037  00000-0  42911-4 0  9994
2 26503 064.9571 310.9211 0054917 322.5866 037.1384 13.90168167531103
COSMOS 1249 COOLANT
1 26503U 81021E   10246.54503324 -.00000036 +00000-0 +43375-4 0  9993
2 26503 064.9576 306.3974 0055031 322.0569 037.6629 13.90168413531343
COSMOS 1249 COOLANT
1 26503U 81021E   10247.55217057 -.00000035  00000-0  43999-4 0  9991
2 26503 064.9578 303.7580 0055094 321.7578 037.9592 13.90168569531483
COSMOS 1249 COOLANT
1 26503U 81021E   10248.77512291 -.00000035 +00000-0 +44502-4 0  9995
2 26503 064.9578 300.5527 0055038 321.3710 038.3437 13.90168731531654
COSMOS 1249 COOLANT
1 26503U 81021E   10251.50878073 -.00000033  00000-0  46211-4 0  9990
2 26503 064.9583 293.3902 0055244 320.5293 039.1773 13.90169160532034
COSMOS 1249 COOLANT
1 26503U 81021E   10252.51591728 -.00000031 +00000-0 +47245-4 0  9997
2 26503 064.9587 290.7514 0055253 320.2548 039.4490 13.90169359532172
COSMOS 1249 COOLANT
1 26503U 81021E   10253.73886884 -.00000031  00000-0  47245-4 0  9992
2 26503 064.9587 287.5474 0055252 319.8545 039.8441 13.90169504532342
COSMOS 1249 COOLANT
1 26503U 81021E   10255.46538894 -.00000028 +00000-0 +49971-4 0  9993
2 26503 064.9591 283.0228 0055353 319.2748 040.4250 13.90169897532583
COSMOS 1249 COOLANT
1 26503U 81021E   10256.47252409 -.00000026  00000-0  51219-4 0  9996
2 26503 064.9593 280.3838 0055380 318.9670 040.7259 13.90170107532726
COSMOS 1249 COOLANT
1 26503U 81021E   10257.69547482 -.00000026 +00000-0 +51219-4 0  9999
2 26503 064.9593 277.1800 0055380 318.5666 041.1203 13.90170264532896
COSMOS 1249 COOLANT
1 26503U 81021E   10258.41485786 -.00000024 +00000-0 +53149-4 0  9990
2 26503 064.9595 275.2932 0055337 318.2645 041.4268 13.90170490532995
COSMOS 1249 COOLANT
1 26503U 81021E   10259.42199263 -.00000023  00000-0  53861-4 0  9994
2 26503 064.9599 272.6539 0055521 317.9973 041.6843 13.90170684533131
COSMOS 1249 COOLANT
1 26503U 81021E   10260.42912850 -.00000022 +00000-0 +54352-4 0  9996
2 26503 064.9599 270.0148 0055607 317.7034 041.9750 13.90170848533277
COSMOS 1249 COOLANT
1 26503U 81021E   10261.65207909 -.00000022  00000-0  55023-4 0  9990
2 26503 064.9593 266.8089 0055684 317.4030 042.2727 13.90171026533442
COSMOS 1249 COOLANT
1 26503U 81021E   10263.37859724 -.00000019 +00000-0 +56948-4 0  9992
2 26503 064.9588 262.2845 0055981 317.0139 042.6560 13.90171342533688
COSMOS 1249 COOLANT
1 26503U 81021E   10267.33520011 -.00000016  00000-0  59798-4 0  9999
2 26503 064.9593 251.9172 0056416 315.8929 043.7672 13.90172100534230
COSMOS 1249 COOLANT
1 26503U 81021E   10269.34946920 -.00000012  00000-0  62289-4 0  9998
2 26503 064.9589 246.6379 0056607 315.5021 044.1512 13.90172517534518
COSMOS 1249 COOLANT
1 26503U 81021E   10270.57241813 -.00000012 +00000-0 +62289-4 0  9994
2 26503 064.9589 243.4340 0056607 315.1018 044.5473 13.90172709534684
COSMOS 1249 COOLANT
1 26503U 81021E   10271.29179990 -.00000011 +00000-0 +63716-4 0  9995
2 26503 064.9584 241.5453 0056636 314.9143 044.7372 13.90172888534780
COSMOS 1249 COOLANT
1 26503U 81021E   10272.29893339 -.00000010  00000-0  64308-4 0  9993
2 26503 064.9586 238.9062 0056842 314.7188 044.9237 13.90173084534921
COSMOS 1249 COOLANT
1 26503U 81021E   10273.30606788 -.00000009 +00000-0 +64793-4 0  9992
2 26503 064.9586 236.2670 0056781 314.3993 045.2437 13.90173272535060
COSMOS 1249 COOLANT
1 26503U 81021E   10274.52901615 -.00000009  00000-0  64793-4 0  9994
2 26503 064.9586 233.0631 0056781 313.9991 045.6399 13.90173471535236
COSMOS 1249 COOLANT
1 26503U 81021E   10275.24839752 -.00000008 +00000-0 +65422-4 0  9995
2 26503 064.9584 231.1754 0056980 313.8566 045.7806 13.90173617535334
COSMOS 1249 COOLANT
1 26503U 81021E   10276.25553110 -.00000008 +00000-0 +65629-4 0  9997
2 26503 064.9587 228.5367 0056989 313.5317 046.1020 13.90173806535475
COSMOS 1249 COOLANT
1 26503U 81021E   10277.26266473 -.00000008  00000-0  66063-4 0  9995
2 26503 064.9586 225.8966 0057094 313.2707 046.3601 13.90173989535612
COSMOS 1249 COOLANT
1 26503U 81021E   10278.48561255 -.00000008 +00000-0 +66063-4 0  9996
2 26503 064.9586 222.6926 0057094 312.8704 046.7571 13.90174192535780
COSMOS 1249 COOLANT
1 26503U 81021E   10280.21212685 -.00000007  00000-0  66891-4 0  9998
2 26503 064.9578 218.1648 0057507 312.6099 047.0106 13.90174486536028
COSMOS 1249 COOLANT
1 26503U 81021E   10281.43507454 -.00000007 +00000-0 +66741-4 0  9998
2 26503 064.9575 214.9598 0057712 312.3177 047.2988 13.90174674536192
COSMOS 1249 COOLANT
1 26503U 81021E   10282.44220785 -.00000006  00000-0  67096-4 0  9992
2 26503 064.9572 212.3191 0057788 312.0448 047.5710 13.90174846536334
COSMOS 1249 COOLANT
1 26503U 81021E   10284.16872114 -.00000008 +00000-0 +65957-4 0  9998
2 26503 064.9571 207.7945 0057957 311.6891 047.9174 13.90175067536573
COSMOS 1249 COOLANT
1 26503U 81021E   10285.17585476 -.00000008  00000-0  66058-4 0  9995
2 26503 064.9571 205.1556 0058004 311.4093 048.1985 13.90175235536715
COSMOS 1249 COOLANT
1 26503U 81021E   10288.12531425 -.00000008  00000-0  65594-4 0  9992
2 26503 064.9571 197.4251 0058176 310.5721 049.0269 13.90175698537122
COSMOS 1249 COOLANT
1 26503U 81021E   10289.13244685 -.00000008 +00000-0 +65769-4 0  9997
2 26503 064.9569 194.7847 0058365 310.3224 049.2744 13.90175864537266
COSMOS 1249 COOLANT
1 26503U 81021E   10290.13957904 -.00000007  00000-0  66138-4 0  9994
2 26503 064.9568 192.1441 0058402 310.0371 049.5584 13.90176048537405
COSMOS 1249 COOLANT
1 26503U 81021E   10291.36252485 -.00000007 +00000-0 +66226-4 0  9990
2 26503 064.9565 188.9388 0058488 309.6976 049.8936 13.90176244537574
COSMOS 1249 COOLANT
1 26503U 81021E   10293.08903654 -.00000009  00000-0  65102-4 0  9996
2 26503 064.9567 184.4149 0058650 309.3276 050.2553 13.90176481537814
COSMOS 1249 COOLANT
1 26503U 81021E   10294.31198298 -.00000008 +00000-0 +65757-4 0  9998
2 26503 064.9563 181.2078 0058931 309.1449 050.4373 13.90176698537988
COSMOS 1249 COOLANT
1 26503U 81021E   10297.04562559 -.00000008  00000-0  65475-4 0  9993
2 26503 064.9564 174.0457 0058911 308.2489 051.3272 13.90177132538367
COSMOS 1249 COOLANT
1 26503U 81021E   10299.27570181 -.00000007  00000-0  66536-4 0  9998
2 26503 064.9561 168.2008 0058839 307.6205 051.9543 13.90177550538674
COSMOS 1249 COOLANT
1 26503U 81021E   10301.21802521 -.00000007 +00000-0 +66716-4 0  9992
2 26503 064.9563 163.1114 0059018 307.1599 052.4064 13.90177901538943
COSMOS 1249 COOLANT
1 26503U 81021E   10302.22515621 -.00000006  00000-0  67037-4 0  9992
2 26503 064.9560 160.4722 0059126 306.9009 052.6653 13.90178086539085
COSMOS 1249 COOLANT
1 26503U 81021E   10303.23228654 -.00000006 +00000-0 +67037-4 0  9991
2 26503 064.9560 157.8334 0059126 306.5718 052.9912 13.90178256539223
COSMOS 1249 COOLANT
1 26503U 81021E   10305.17460932 -.00000005  00000-0  68041-4 0  9998
2 26503 064.9563 152.7417 0059582 306.3059 053.2503 13.90178672539495
COSMOS 1249 COOLANT
1 26503U 81021E   10306.18173955 -.00000004 +00000-0 +68561-4 0  9992
2 26503 064.9565 150.1019 0059703 306.1215 053.4322 13.90178880539632
COSMOS 1249 COOLANT
1 26503U 81021E   10309.13119137 -.00000002  00000-0  70668-4 0  9991
2 26503 064.9563 142.3733 0059926 305.3822 054.1648 13.90179487540048
COSMOS 1249 COOLANT
1 26503U 81021E   10310.13832093 -.00000001 +00000-0 +71008-4 0  9994
2 26503 064.9561 139.7336 0059998 305.1064 054.4387 13.90179679540181
COSMOS 1249 COOLANT
1 26503U 81021E   10312.87195739 -.00000001  00000-0  71336-4 0  9990
2 26503 064.9565 132.5700 0060107 304.3291 055.2084 13.90180202540567
COSMOS 1249 COOLANT
1 26503U 81021E   10312.87195739 -.00000001 +00000-0 +71336-4 0  9990
2 26503 064.9565 132.5700 0060107 304.3291 055.2084 13.90180202540567
COSMOS 1249 COOLANT
1 26503U 81021E   10313.87908655 -.00000001 +00000-0 +71495-4 0  9996
2 26503 064.9565 129.9307 0060112 304.0179 055.5187 13.90180395540704
COSMOS 1249 COOLANT
1 26503U 81021E   10314.09489981 -.00000000 +00000-0 +71781-4 0  9994
2 26503 064.9565 129.3654 0060111 303.9787 055.5575 13.90180451540732
COSMOS 1249 COOLANT
1 26503U 81021E   10315.10202859  .00000000  00000-0  72191-4 0  9999
2 26503 064.9564 126.7263 0060170 303.7415 055.7919 13.90180654540873
COSMOS 1249 COOLANT
1 26503U 81021E   10316.10915735 +.00000000 +00000-0 +72191-4 0  9994
2 26503 064.9564 124.0875 0060170 303.4123 056.1193 13.90180837541015
COSMOS 1249 COOLANT
1 26503U 81021E   10318.05147659  .00000002  00000-0  73361-4 0  9994
2 26503 064.9562 118.9975 0060313 303.0454 056.4802 13.90181238541283
COSMOS 1249 COOLANT
1 26503U 81021E   10319.05860527 +.00000002 +00000-0 +73345-4 0  9993
2 26503 064.9561 116.3579 0060436 302.8094 056.7144 13.90181414541421
COSMOS 1249 COOLANT
1 26503U 81021E   10320.06573365  .00000002  00000-0  73823-4 0  9998
2 26503 064.9558 113.7180 0060478 302.6065 056.9156 13.90181604541569
COSMOS 1249 COOLANT
1 26503U 81021E   10322.00805202 +.00000002 +00000-0 +73484-4 0  9995
2 26503 064.9564 108.6279 0060619 302.0729 057.4439 13.90181969541830
COSMOS 1249 COOLANT
1 26503U 81021E   10323.01518011  .00000001  00000-0  73221-4 0  9994
2 26503 064.9561 105.9882 0060713 301.8430 057.6718 13.90182130541976
COSMOS 1249 COOLANT
1 26503U 81021E   10324.02230802 +.00000002 +00000-0 +73467-4 0  9998
2 26503 064.9560 103.3486 0060766 301.5970 057.9164 13.90182319542115
COSMOS 1249 COOLANT
1 26503U 81021E   10325.96462532  .00000001  00000-0  73040-4 0  9995
2 26503 064.9562 098.2590 0060885 301.0946 058.4128 13.90182664542383
COSMOS 1249 COOLANT
1 26503U 81021E   10326.75594005 +.00000002 +00000-0 +73330-4 0  9997
2 26503 064.9562 096.1849 0060937 300.9770 058.5296 13.90182820542491
COSMOS 1249 COOLANT
1 26503U 81021E   10327.97888049  .00000002  00000-0  73881-4 0  9997
2 26503 064.9562 092.9799 0060955 300.6353 058.8710 13.90183073542667
COSMOS 1249 COOLANT
1 26503U 81021E   10330.71251096  .00000001  00000-0  73191-4 0  9992
2 26503 064.9565 085.8166 0060935 299.8322 059.6688 13.90183550543048
COSMOS 1249 COOLANT
1 26503U 81021E   10332.94257721  .00000001  00000-0  73066-4 0  9991
2 26503 064.9566 079.9727 0060920 299.1698 060.3276 13.90183951543350
COSMOS 1249 COOLANT
1 26503U 81021E   10333.66195322 +.00000001 +00000-0 +72713-4 0  9997
2 26503 064.9570 078.0865 0060937 299.0633 060.4314 13.90184083543456
COSMOS 1249 COOLANT
1 26503U 81021E   10334.66907991 +.00000000 +00000-0 +72295-4 0  9995
2 26503 064.9572 075.4480 0061014 298.8276 060.6654 13.90184262543592
COSMOS 1249 COOLANT
1 26503U 81021E   10335.89201913 -.00000001  00000-0  71462-4 0  9999
2 26503 064.9576 072.2426 0061110 298.5997 060.8898 13.90184460543766
COSMOS 1249 COOLANT
1 26503U 81021E   10336.89914572 -.00000000 +00000-0 +71990-4 0  9997
2 26503 064.9575 069.6033 0061090 298.3183 061.1728 13.90184667543902
COSMOS 1249 COOLANT
1 26503U 81021E   10338.62564711 -.00000001  00000-0  71202-4 0  9993
2 26503 064.9580 065.0797 0061162 297.9235 061.5610 13.90184963544148
COSMOS 1249 COOLANT
1 26503U 81021E   10339.63277346 -.00000001 +00000-0 +71179-4 0  9993
2 26503 064.9584 062.4398 0061140 297.5870 061.8994 13.90185157544286
COSMOS 1249 COOLANT
1 26503U 81021E   10340.85571160 -.00000002  00000-0  70802-4 0  9993
2 26503 064.9583 059.2354 0061216 297.2088 062.2736 13.90185349544454
COSMOS 1249 COOLANT
1 26503U 81021E   10340.85571160 -.00000002 +00000-0 +70802-4 0  9993
2 26503 064.9583 059.2354 0061216 297.2088 062.2736 13.90185349544454
COSMOS 1249 COOLANT
1 26503U 81021E   10342.58221243 -.00000003 +00000-0 +69878-4 0  9991
2 26503 064.9589 054.7117 0061238 296.7616 062.7155 13.90185629544699
COSMOS 1249 COOLANT
1 26503U 81021E   10343.58933838 -.00000003  00000-0  69430-4 0  9996
2 26503 064.9590 052.0729 0061217 296.4427 063.0350 13.90185780544830
COSMOS 1249 COOLANT
1 26503U 81021E   10344.81227631 -.00000003 +00000-0 +69221-4 0  9998
2 26503 064.9587 048.8673 0061250 296.0406 063.4360 13.90185965545007
COSMOS 1249 COOLANT
1 26503U 81021E   10346.53877624 -.00000004  00000-0  68735-4 0  9992
2 26503 064.9588 044.3429 0061304 295.5293 063.9424 13.90186239545243
COSMOS 1249 COOLANT
1 26503U 81021E   10347.54590138 -.00000004 +00000-0 +68471-4 0  9993
2 26503 064.9589 041.7036 0061314 295.1948 064.2764 13.90186402545381
COSMOS 1249 COOLANT
1 26503U 81021E   10348.55302614 -.00000005  00000-0  68275-4 0  9998
2 26503 064.9591 039.0645 0061279 294.8395 064.6304 13.90186570545528
COSMOS 1249 COOLANT
1 26503U 81021E   10349.77596314 -.00000005 +00000-0 +68080-4 0  9999
2 26503 064.9590 035.8601 0061373 294.4990 064.9672 13.90186762545697
COSMOS 1249 COOLANT
1 26503U 81021E   10350.49533797 -.00000006 +00000-0 +66954-4 0  9995
2 26503 064.9593 033.9744 0061532 294.5387 064.9224 13.90186846545792
COSMOS 1249 COOLANT
1 26503U 81021E   10351.50246331 -.00000007  00000-0  66721-4 0  9996
2 26503 064.9593 031.3353 0061558 294.1657 065.2985 13.90187006545937
COSMOS 1249 COOLANT
1 26503U 81021E   10352.72539981 -.00000007 +00000-0 +66165-4 0  9999
2 26503 064.9587 028.1283 0061835 294.0545 065.4020 13.90187146546106
COSMOS 1249 COOLANT
1 26503U 81021E   10353.73252471 -.00000007  00000-0  66116-4 0  9993
2 26503 064.9585 025.4897 0061935 293.7422 065.7152 13.90187301546243
COSMOS 1249 COOLANT
1 26503U 81021E   10354.45189907 -.00000008 +00000-0 +65797-4 0  9991
2 26503 064.9587 023.6032 0062018 293.6379 065.8165 13.90187411546347
COSMOS 1249 COOLANT
1 26503U 81021E   10355.67483566 -.00000008 +00000-0 +65679-4 0  9993
2 26503 064.9585 020.3980 0062170 293.3423 066.1100 13.90187603546512
COSMOS 1249 COOLANT
1 26503U 81021E   10356.46614740 -.00000008  00000-0  65497-4 0  9999
2 26503 064.9586 018.3247 0062142 293.0934 066.3579 13.90187724546627
COSMOS 1249 COOLANT
1 26503U 81021E   10357.68908354 -.00000008 +00000-0 +65664-4 0  9997
2 26503 064.9582 015.1202 0062178 292.7034 066.7471 13.90187918546793
COSMOS 1249 COOLANT
1 26503U 81021E   10359.41558096 -.00000011  00000-0  63342-4 0  9999
2 26503 064.9589 010.5961 0062511 292.8639 066.5713 13.90188129547034
COSMOS 1249 COOLANT
1 26503U 81021E   10360.42270682 -.00000011 +00000-0 +63088-4 0  9991
2 26503 064.9590 007.9567 0062544 292.5463 066.8991 13.90188284547174
COSMOS 1249 COOLANT
1 26503U 81021E   10363.37213925 -.00000012  00000-0  62218-4 0  9990
2 26503 064.9590 000.2277 0062660 291.7346 067.7027 13.90188704547580
COSMOS 1249 COOLANT
1 26503U 81021E   10364.37926290 -.00000013 +00000-0 +61833-4 0  9990
2 26503 064.9591 357.5881 0062733 291.4733 067.9637 13.90188842547726
COSMOS 1249 COOLANT
1 26503U 81021E   10365.60219818 -.00000013  00000-0  61808-4 0  9990
2 26503 064.9585 354.3819 0062891 291.2157 068.2187 13.90189006547893
COSMOS 1249 COOLANT
1 26503U 81021E   11002.32869462 -.00000013 +00000-0 +61663-4 0  9993
2 26503 064.9584 349.8569 0063046 290.8130 068.6171 13.90189258548136
COSMOS 1249 COOLANT
1 26503U 81021E   11003.33581763 -.00000013  00000-0  61558-4 0  9993
2 26503 064.9583 347.2176 0063097 290.5283 068.9011 13.90189404548277
COSMOS 1249 COOLANT
1 26503U 81021E   11004.34294031 -.00000013 +00000-0 +61819-4 0  9994
2 26503 064.9583 344.5783 0063101 290.2253 069.2034 13.90189569548418
COSMOS 1249 COOLANT
1 26503U 81021E   11005.56587469 -.00000013  00000-0  61892-4 0  9990
2 26503 064.9581 341.3734 0063133 289.8877 069.5388 13.90189756548589
COSMOS 1249 COOLANT
1 26503U 81021E   11006.28524784 -.00000013 +00000-0 +61588-4 0  9993
2 26503 064.9579 339.4869 0063289 289.8298 069.5927 13.90189835548680
COSMOS 1249 COOLANT
1 26503U 81021E   11007.29237056 -.00000014 +00000-0 +61002-4 0  9990
2 26503 064.9580 336.8480 0063289 289.5504 069.8714 13.90189964548825
COSMOS 1249 COOLANT
1 26503U 81021E   11008.29949310 -.00000014  00000-0  60935-4 0  9998
2 26503 064.9580 334.2081 0063309 289.2636 070.1581 13.90190108548964
COSMOS 1249 COOLANT
1 26503U 81021E   11011.24892180 -.00000016  00000-0  59497-4 0  9992
2 26503 064.9585 326.4807 0063352 288.3857 071.0278 13.90190496549370
COSMOS 1249 COOLANT
1 26503U 81021E   11012.25604452 -.00000017 +00000-0 +58782-4 0  9994
2 26503 064.9586 323.8414 0063332 288.1086 071.3062 13.90190602549515
COSMOS 1249 COOLANT
1 26503U 81021E   11013.47897856 -.00000017  00000-0  58722-4 0  9995
2 26503 064.9581 320.6348 0063470 287.8354 071.5786 13.90190754549689
COSMOS 1249 COOLANT
1 26503U 81021E   11015.20547283 -.00000019 +00000-0 +56623-4 0  9994
2 26503 064.9582 316.1109 0063568 287.6088 071.7958 13.90190896549922
COSMOS 1249 COOLANT
1 26503U 81021E   11016.21259598 -.00000020  00000-0  55682-4 0  9991
2 26503 064.9581 313.4696 0063715 287.3556 072.0531 13.90190977550061
COSMOS 1249 COOLANT
1 26503U 81021E   11019.16202317 -.00000024  00000-0  53024-4 0  9997
2 26503 064.9582 305.7407 0063833 286.5172 072.8821 13.90191237550477
COSMOS 1249 COOLANT
1 26503U 81021E   11020.16914573 -.00000026 +00000-0 +51607-4 0  9990
2 26503 064.9583 303.1018 0063838 286.2550 073.1464 13.90191299550611
COSMOS 1249 COOLANT
1 26503U 81021E   11021.17626765 -.00000026  00000-0  51280-4 0  9992
2 26503 064.9582 300.4605 0063794 285.8928 073.5117 13.90191406550751
COSMOS 1249 COOLANT
1 26503U 81021E   11022.39920038 -.00000026 +00000-0 +51158-4 0  9991
2 26503 064.9582 297.2573 0063952 285.5764 073.8234 13.90191555550926
COSMOS 1249 COOLANT
1 26503U 81021E   11023.33438449 -.00000027  00000-0  50194-4 0  9996
2 26503 064.9581 294.8058 0064237 285.6633 073.7298 13.90191623551059
COSMOS 1249 COOLANT
1 26503U 81021E   11024.12569491 -.00000029 +00000-0 +48900-4 0  9990
2 26503 064.9581 292.7312 0064104 285.4705 073.9249 13.90191645551164
COSMOS 1249 COOLANT
1 26503U 81021E   11025.13281664 -.00000029 +00000-0 +48812-4 0  9997
2 26503 064.9580 290.0929 0064139 285.1180 074.2794 13.90191760551303
COSMOS 1249 COOLANT
1 26503U 81021E   11026.35574920 -.00000029  00000-0  49020-4 0  9994
2 26503 064.9578 286.8876 0064153 284.7826 074.6137 13.90191915551477
COSMOS 1249 COOLANT
1 26503U 81021E   11027.07512118 -.00000030 +00000-0 +47891-4 0  9991
2 26503 064.9580 285.0013 0064104 284.6882 074.7044 13.90191945551573
COSMOS 1249 COOLANT
1 26503U 81021E   11029.08936348 -.00000032  00000-0  46483-4 0  9997
2 26503 064.9582 279.7239 0064097 284.2323 075.1576 13.90192119551852
COSMOS 1249 COOLANT
1 26503U 81021E   11030.31229676 -.00000032 +00000-0 +46850-4 0  9992
2 26503 064.9577 276.5174 0064090 283.8770 075.5181 13.90192262552028
COSMOS 1249 COOLANT
1 26503U 81021E   11032.03878890 -.00000034  00000-0  44709-4 0  9994
2 26503 064.9576 271.9940 0064085 283.6962 075.6882 13.90192342552266
COSMOS 1249 COOLANT
1 26503U 81021E   11033.04591122 -.00000034 +00000-0 +44692-4 0  9997
2 26503 064.9575 269.3539 0064112 283.4573 075.9342 13.90192443552409
COSMOS 1249 COOLANT
1 26503U 81021E   11034.26884337 -.00000034  00000-0  45173-4 0  9990
2 26503 064.9572 266.1479 0064077 283.1021 076.2902 13.90192591552577
COSMOS 1249 COOLANT
1 26503U 81021E   11036.21114668 -.00000034 +00000-0 +45173-4 0  9990
2 26503 064.9572 261.0588 0064077 282.4670 076.9229 13.90192813552840
COSMOS 1249 COOLANT
1 26503U 81021E   11037.21826687 -.00000015  00000-0  60212-4 0  9992
2 26503 064.9566 258.4090 0064992 284.4905 074.8711 13.90193065552988
COSMOS 1249 COOLANT
1 26503U 81021E   11038.22539164 -.00000033 +00000-0 +45576-4 0  9991
2 26503 064.9557 255.7739 0064646 282.7655 076.6364 13.90193001553128
COSMOS 1249 COOLANT
1 26503U 81021E   11040.16769089 -.00000033  00000-0  45576-4 0  9998
2 26503 064.9557 250.6846 0064646 282.1310 077.2516 13.90193224553395
COSMOS 1249 COOLANT
1 26503U 81021E   11042.18193047 -.00000033  00000-0  45576-4 0  9997
2 26503 064.9557 245.4067 0064646 281.4729 077.9079 13.90193456553677
COSMOS 1249 COOLANT
1 26503U 81021E   11043.18905014 -.00000013 +00000-0 +61374-4 0  9995
2 26503 064.9550 242.7607 0064954 282.7875 076.5796 13.90193931553813
COSMOS 1249 COOLANT
1 26503U 81021E   11044.12423509 -.00000032 +00000-0 +46670-4 0  9997
2 26503 064.9555 240.3144 0064944 281.2582 078.1325 13.90193761553947
COSMOS 1249 COOLANT
1 26503U 81021E   11045.13135177 -.00000031  00000-0  47039-4 0  9999
2 26503 064.9557 237.6752 0065003 280.9917 078.3843 13.90193910554087
COSMOS 1249 COOLANT
1 26503U 81021E   11046.13847104 -.00000031 +00000-0 +47039-4 0  9990
2 26503 064.9557 235.0363 0065003 280.6626 078.7121 13.90194030554224
COSMOS 1249 COOLANT
1 26503U 81021E   11047.14559031 -.00000031  00000-0  47039-4 0  9991
2 26503 064.9557 232.3973 0065003 280.3336 079.0403 13.90194149554369
COSMOS 1249 COOLANT
1 26503U 81021E   11048.87208029 -.00000028 +00000-0 +49273-4 0  9998
2 26503 064.9557 227.8712 0065058 280.0126 079.3625 13.90194491554609
COSMOS 1249 COOLANT
1 26503U 81021E   11049.08789099 -.00000028 +00000-0 +49273-4 0  9993
2 26503 064.9557 227.3057 0065058 279.9421 079.4303 13.90194517554637
COSMOS 1249 COOLANT
1 26503U 81021E   11051.10212876 -.00000028  00000-0  49273-4 0  9993
2 26503 064.9557 222.0278 0065058 279.2840 080.0870 13.90194768554918
COSMOS 1249 COOLANT
1 26503U 81021E   11052.82861799 -.00000025 +00000-0 +52067-4 0  9999
2 26503 064.9558 217.5019 0065046 279.0328 080.3392 13.90195142555153
COSMOS 1249 COOLANT
1 26503U 81021E   11053.04442880 -.00000025 +00000-0 +52067-4 0  9990
2 26503 064.9558 216.9364 0065046 278.9623 080.4081 13.90195170555185
COSMOS 1249 COOLANT
1 26503U 81021E   11054.05154727 -.00000025  00000-0  52067-4 0  9992
2 26503 064.9558 214.2974 0065046 278.6333 080.7365 13.90195303555320
COSMOS 1249 COOLANT
1 26503U 81021E   11055.05866564 -.00000025 +00000-0 +52067-4 0  9992
2 26503 064.9558 211.6585 0065046 278.3042 081.0649 13.90195435555463
COSMOS 1249 COOLANT
1 26503U 81021E   11056.78515407 -.00000022  00000-0  54785-4 0  9996
2 26503 064.9556 207.1335 0065053 277.9986 081.3726 13.90195815555702
COSMOS 1249 COOLANT
1 26503U 81021E   11057.79227151 -.00000020 +00000-0 +55693-4 0  9991
2 26503 064.9558 204.4942 0065057 277.7202 081.6486 13.90196015555845
COSMOS 1249 COOLANT
1 26503U 81021E   11060.02231790 -.00000020  00000-0  55693-4 0  9995
2 26503 064.9558 198.6508 0065057 276.9916 082.3750 13.90196328556154
COSMOS 1249 COOLANT
1 26503U 81021E   11061.74880524 -.00000015 +00000-0 +60076-4 0  9995
2 26503 064.9558 194.1263 0064931 276.9160 082.4521 13.90196820556394
COSMOS 1249 COOLANT
1 26503U 81021E   11062.75592250 -.00000014  00000-0  60705-4 0  9991
2 26503 064.9558 191.4874 0064924 276.6035 082.7654 13.90197016556536
COSMOS 1249 COOLANT
1 26503U 81021E   11066.71245330 -.00000012  00000-0  62706-4 0  9996
2 26503 064.9558 181.1198 0064846 275.3361 084.0337 13.90197739557088
COSMOS 1249 COOLANT
1 26503U 81021E   11069.66186543 -.00000006  00000-0  66804-4 0  9999
2 26503 064.9553 173.3904 0064695 274.7223 084.6481 13.90198419557490
COSMOS 1249 COOLANT
1 26503U 81021E   11070.66898101 -.00000005 +00000-0 +67913-4 0  9992
2 26503 064.9555 170.7510 0064621 274.5489 084.8195 13.90198671557637
COSMOS 1249 COOLANT
1 26503U 81021E   11071.89190751 -.00000005  00000-0  67913-4 0  9994
2 26503 064.9555 167.5466 0064620 274.1494 085.2185 13.90198881557808
COSMOS 1249 COOLANT
1 26503U 81021E   11073.61839170 -.00000001 +00000-0 +71444-4 0  9991
2 26503 064.9555 163.0216 0064497 273.9637 085.4089 13.90199407558047
COSMOS 1249 COOLANT
1 26503U 81021E   11075.84843218 -.00000001  00000-0  71444-4 0  9996
2 26503 064.9555 157.1782 0064497 273.2352 086.1333 13.90199808558355
COSMOS 1249 COOLANT
1 26503U 81021E   11076.85554734 -.00000001 +00000-0 +71444-4 0  9990
2 26503 064.9555 154.5392 0064497 272.9063 086.4620 13.90199990558497
COSMOS 1249 COOLANT
1 26503U 81021E   11077.57491524 +.00000006 +00000-0 +76754-4 0  9990
2 26503 064.9565 152.6536 0064306 273.0492 086.3306 13.90200529558596
COSMOS 1249 COOLANT
1 26503U 81021E   11078.58202808  .00000007  00000-0  77455-4 0  9997
2 26503 064.9570 150.0151 0064340 272.8788 086.4914 13.90200799558731
COSMOS 1249 COOLANT
1 26503U 81021E   11080.81206713  .00000007  00000-0  77455-4 0  9995
2 26503 064.9570 144.1720 0064340 272.1496 087.2200 13.90201235559044
COSMOS 1249 COOLANT
1 26503U 81021E   11081.53143443 +.00000013 +00000-0 +81860-4 0  9997
2 26503 064.9571 142.2848 0064519 271.9324 087.4468 13.90201647559146
COSMOS 1249 COOLANT
1 26503U 81021E   11082.53854598 +.00000015 +00000-0 +84161-4 0  9997
2 26503 064.9574 139.6456 0064636 271.6312 087.7392 13.90201998559281
COSMOS 1249 COOLANT
1 26503U 81021E   11083.54565876  .00000019  00000-0  86562-4 0  9998
2 26503 064.9579 137.0062 0064707 271.1981 088.1725 13.90202362559424
COSMOS 1249 COOLANT
1 26503U 81021E   11084.76858107 +.00000019 +00000-0 +86562-4 0  9995
2 26503 064.9579 133.8020 0064707 270.7980 088.5669 13.90202629559591
COSMOS 1249 COOLANT
1 26503U 81021E   11087.50217379  .00000024  00000-0  91205-4 0  9996
2 26503 064.9575 126.6381 0064765 269.9514 089.4223 13.90203485559973
COSMOS 1249 COOLANT
1 26503U 81021E   11088.72509431 +.00000026 +00000-0 +92887-4 0  9993
2 26503 064.9571 123.4313 0064771 269.6493 089.7177 13.90203841560147
COSMOS 1249 COOLANT
1 26503U 81021E   11090.45157192  .00000031  00000-0  96157-4 0  9999
2 26503 064.9569 118.9062 0064931 269.3740 089.9917 13.90204417560384
COSMOS 1249 COOLANT
1 26503U 81021E   11091.45868314 +.00000033 +00000-0 +97896-4 0  9998
2 26503 064.9567 116.2667 0064913 269.2704 090.0915 13.90204737560525
COSMOS 1249 COOLANT
1 26503U 81021E   11092.68160456  .00000034  00000-0  98776-4 0  9995
2 26503 064.9556 113.0582 0064978 269.1877 090.1735 13.90205035560696
COSMOS 1249 COOLANT
1 26503U 81021E   11094.40808126 +.00000037 +00000-0 +10134-3 0  9994
2 26503 064.9562 108.5329 0065223 268.9209 090.4414 13.90205638560934
COSMOS 1249 COOLANT
1 26503U 81021E   11095.41519161  .00000037  00000-0  10134-3 0  9994
2 26503 064.9562 105.8940 0065223 268.5917 090.7673 13.90205895561076
COSMOS 1249 COOLANT
1 26503U 81021E   11097.64522248  .00000037  00000-0  10134-3 0  9991
2 26503 064.9562 100.0507 0065223 267.8629 091.4964 13.90206465561383
COSMOS 1249 COOLANT
1 26503U 81021E   11098.36458708 +.00000042 +00000-0 +10536-3 0  9992
2 26503 064.9564 098.1627 0065360 267.9510 091.4146 13.90206912561487
COSMOS 1249 COOLANT
1 26503U 81021E   11099.58750490 +.00000042 +00000-0 +10536-3 0  9990
2 26503 064.9564 094.9583 0065360 267.5513 091.8066 13.90207238561657
COSMOS 1249 COOLANT
1 26503U 81021E   11100.37880553  .00000042  00000-0  10536-3 0  9994
2 26503 064.9564 092.8849 0065360 267.2927 092.0654 13.90207448561766
COSMOS 1249 COOLANT
1 26503U 81021E   11103.32819775  .00000050  00000-0  11185-3 0  9990
2 26503 064.9560 085.1531 0065559 267.2121 092.1503 13.90208605562177
COSMOS 1249 COOLANT
1 26503U 81021E   11104.33530529 +.00000052 +00000-0 +11304-3 0  9994
2 26503 064.9561 082.5135 0065612 266.9504 092.4081 13.90208973562318
COSMOS 1249 COOLANT
1 26503U 81021E   11105.55822223  .00000052  00000-0  11304-3 0  9994
2 26503 064.9561 079.3091 0065611 266.5507 092.8049 13.90209322562486
COSMOS 1249 COOLANT
1 26503U 81021E   11107.28469357 +.00000058 +00000-0 +11815-3 0  9994
2 26503 064.9554 074.7813 0065470 266.2764 093.0886 13.90210083562729
COSMOS 1249 COOLANT
1 26503U 81021E   11108.29179985  .00000058  00000-0  11815-3 0  9991
2 26503 064.9554 072.1423 0065470 265.9474 093.4103 13.90210383562866
COSMOS 1249 COOLANT
1 26503U 81021E   11109.51471614 +.00000063 +00000-0 +12201-3 0  9997
2 26503 064.9555 068.9390 0065278 265.5372 093.8284 13.90210972563030
COSMOS 1249 COOLANT
1 26503U 81021E   11111.24118434  .00000063  00000-0  12201-3 0  9998
2 26503 064.9555 064.4150 0065278 264.9732 094.3877 13.90211503563279
COSMOS 1249 COOLANT
1 26503U 81021E   11112.46409967 +.00000063 +00000-0 +12201-3 0  9997
2 26503 064.9555 061.2105 0065278 264.5738 094.7876 13.90211880563446
COSMOS 1249 COOLANT
1 26503U 81021E   11113.47120617  .00000063  00000-0  12201-3 0  9991
2 26503 064.9555 058.5715 0065278 264.2448 095.1170 13.90212190563589
COSMOS 1249 COOLANT
1 26503U 81021E   11124.11774715  .00000068  00000-0  12556-3 0  9996
2 26503 064.9558 030.6681 0065219 261.0353 098.3383 13.90215693565067
COSMOS 1249 COOLANT
1 26503U 81021E   11124.33355394 +.00000066 +00000-0 +12440-3 0  9998
2 26503 064.9557 030.1016 0065352 261.1864 098.1751 13.90215674565098
COSMOS 1249 COOLANT
1 26503U 81021E   11125.34065901 +.00000065 +00000-0 +12365-3 0  9997
2 26503 064.9556 027.4621 0065315 260.8683 098.4976 13.90215931565236
COSMOS 1249 COOLANT
1 26503U 81021E   11126.34776285  .00000065  00000-0  12333-3 0  9997
2 26503 064.9559 024.8236 0065389 260.6684 098.6963 13.90216237565375
COSMOS 1249 COOLANT
1 26503U 81021E   11128.07422606 +.00000062 +00000-0 +12072-3 0  9991
2 26503 064.9564 020.2990 0065303 260.3591 099.0015 13.90216657565614
COSMOS 1249 COOLANT
1 26503U 81021E   11129.29713848  .00000062  00000-0  12072-3 0  9997
2 26503 064.9564 017.0946 0065302 259.9594 099.4096 13.90217030565782
COSMOS 1249 COOLANT
1 26503U 81021E   11130.30424135 +.00000058 +00000-0 +11777-3 0  9995
2 26503 064.9562 014.4538 0065438 259.9798 099.3829 13.90217185565924
COSMOS 1249 COOLANT
1 26503U 81021E   11136.20298400  .00000051  00000-0  11258-3 0  9991
2 26503 064.9561 358.9942 0065326 258.6531 100.7021 13.90218620566742
COSMOS 1249 COOLANT
1 26503U 81021E   11136.99428159 +.00000049 +00000-0 +11088-3 0  9991
2 26503 064.9565 356.9199 0065178 258.5499 100.8175 13.90218763566856
COSMOS 1249 COOLANT
1 26503U 81021E   11139.22429340  .00000049  00000-0  11081-3 0  9996
2 26503 064.9565 351.0764 0065194 257.8913 101.4836 13.90219382567165
COSMOS 1249 COOLANT
1 26503U 81021E   11140.95075259 +.00000046 +00000-0 +10859-3 0  9993
2 26503 064.9572 346.5525 0065146 257.4640 101.9080 13.90219782567404
COSMOS 1249 COOLANT
1 26503U 81021E   11141.95785457  .00000045  00000-0  10746-3 0  9996
2 26503 064.9575 343.9124 0065051 257.0304 102.3465 13.90219992567541
COSMOS 1249 COOLANT
1 26503U 81021E   11143.18076318 +.00000045 +00000-0 +10750-3 0  9997
2 26503 064.9574 340.7068 0065053 256.6203 102.7609 13.90220322567719
COSMOS 1249 COOLANT
1 26503U 81021E   11156.84854037  .00000038  00000-0  10235-3 0  9996
2 26503 064.9600 304.8948 0064723 253.0411 106.3286 13.90223812569611
COSMOS 1249 COOLANT
1 26503U 81021E   11162.96306780  .00000013  00000-0  82436-4 0  9999
2 26503 064.9598 288.8715 0064730 251.2502 108.0777 13.90223898570462
COSMOS 1249 COOLANT
1 26503U 81021E   11164.76147237 +.00000014 +00000-0 +82727-4 0  9993
2 26503 064.9598 284.1596 0064691 250.5550 108.8532 13.90224299570710
COSMOS 1249 COOLANT
1 26503U 81021E   11179.79598998 +.00000012 +00000-0 +81660-4 0  9999
2 26503 064.9573 244.7507 0064377 247.3797 112.0305 13.90227225572804
COSMOS 1249 COOLANT
1 26503U 81021E   11182.52953809  .00000012  00000-0  81303-4 0  9994
2 26503 064.9581 237.5868 0064112 247.1703 112.2467 13.90227778573181
COSMOS 1249 COOLANT
1 26503U 81021E   11183.53663574 +.00000012 +00000-0 +81329-4 0  9991
2 26503 064.9577 234.9431 0063878 246.5261 112.9112 13.90227976573323
COSMOS 1249 COOLANT
1 26503U 81021E   11186.70179103  .00000012  00000-0  81512-4 0  9997
2 26503 064.9562 226.6374 0063839 246.6031 112.8269 13.90228558573761
COSMOS 1249 COOLANT
1 26503U 81021E   11189.72307562  .00000012  00000-0  81526-4 0  9999
2 26503 064.9566 218.7081 0063790 245.7200 113.7231 13.90229193574188
COSMOS 1249 COOLANT
1 26503U 81021E   11190.65823451 +.00000010 +00000-0 +80089-4 0  9994
2 26503 064.9568 216.2565 0063762 245.4346 114.0078 13.90229317574313
COSMOS 1249 COOLANT
1 26503U 81021E   11192.45661667  .00000009  00000-0  79357-4 0  9997
2 26503 064.9569 211.5441 0063622 244.9520 114.4896 13.90229644574560
COSMOS 1249 COOLANT
1 26503U 81021E   11192.67242322 +.00000006 +00000-0 +77009-4 0  9993
2 26503 064.9572 210.9788 0063712 245.1092 114.3312 13.90229592574595
COSMOS 1249 COOLANT
1 26503U 81021E   11196.41305815  .00000006  00000-0  76520-4 0  9993
2 26503 064.9576 201.1762 0063545 243.9404 115.5083 13.90230312575119
COSMOS 1249 COOLANT
1 26503U 81021E   11199.57820941  .00000005  00000-0  76033-4 0  9993
2 26503 064.9571 192.8811 0063489 243.2309 116.2217 13.90230866575558
COSMOS 1249 COOLANT
1 26503U 81021E   11200.36949754 +.00000005 +00000-0 +75548-4 0  9997
2 26503 064.9569 190.8086 0063445 243.0361 116.4187 13.90230977575668
COSMOS 1249 COOLANT
1 26503U 81021E   11203.31884164  .00000003  00000-0  74353-4 0  9999
2 26503 064.9573 183.0797 0063341 242.2554 117.2034 13.90231494576077
COSMOS 1249 COOLANT
1 26503U 81021E   11203.53464806 +.00000003 +00000-0 +74065-4 0  9990
2 26503 064.9569 182.5131 0063321 242.4150 117.0454 13.90231502576108
COSMOS 1249 COOLANT
1 26503U 81021E   11204.54174149 +.00000002 +00000-0 +73342-4 0  9996
2 26503 064.9574 179.8742 0063298 242.2417 117.2212 13.90231675576248
COSMOS 1249 COOLANT
1 26503U 81021E   11205.54883422  .00000002  00000-0  73374-4 0  9993
2 26503 064.9572 177.2347 0063279 241.9313 117.5342 13.90231852576388
COSMOS 1249 COOLANT
1 26503U 81021E   11206.55592669 +.00000002 +00000-0 +73568-4 0  9990
2 26503 064.9569 174.5949 0063275 241.4792 117.9906 13.90232035576524
COSMOS 1249 COOLANT
1 26503U 81021E   11207.49108396 +.00000002 +00000-0 +73140-4 0  9990
2 26503 064.9567 172.1439 0063171 241.3658 118.1029 13.90232170576658
COSMOS 1249 COOLANT
1 26503U 81021E   11208.28237097  .00000002  00000-0  73144-4 0  9993
2 26503 064.9573 170.0693 0063057 241.3174 118.1514 13.90232337576766
COSMOS 1249 COOLANT
1 26503U 81021E   11209.50526917 +.00000002 +00000-0 +73133-4 0  9999
2 26503 064.9572 166.8648 0063023 240.9689 118.5048 13.90232558576937
COSMOS 1249 COOLANT
1 26503U 81021E   11210.51236117 -.00000002  00000-0  70377-4 0  9990
2 26503 064.9572 164.2254 0063032 240.5756 118.9005 13.90232655577074
COSMOS 1249 COOLANT
1 26503U 81021E   11211.44751795 -.00000002 +00000-0 +70134-4 0  9998
2 26503 064.9572 161.7740 0063008 240.4072 119.0694 13.90232814577207
COSMOS 1249 COOLANT
1 26503U 81021E   11212.45460995 -.00000004 +00000-0 +69063-4 0  9990
2 26503 064.9572 159.1342 0063010 240.2089 119.2686 13.90232943577346
COSMOS 1249 COOLANT
1 26503U 81021E   11213.24589654 -.00000004  00000-0  69016-4 0  9990
2 26503 064.9572 157.0607 0063002 239.9563 119.5240 13.90233079577452
COSMOS 1249 COOLANT
1 26503U 81021E   11213.46170193 -.00000004 +00000-0 +68742-4 0  9993
2 26503 064.9569 156.4945 0062995 239.9444 119.5358 13.90233094577484
COSMOS 1249 COOLANT
1 26503U 81021E   11214.46879358 -.00000004 +00000-0 +68689-4 0  9993
2 26503 064.9571 153.8560 0062988 239.6678 119.8139 13.90233272577623
COSMOS 1249 COOLANT
1 26503U 81021E   11216.19523613 -.00000006  00000-0  67527-4 0  9997
2 26503 064.9570 149.3321 0062901 239.1271 120.3565 13.90233504577860
COSMOS 1249 COOLANT
1 26503U 81021E   11216.41104204 -.00000006 +00000-0 +67199-4 0  9998
2 26503 064.9569 148.7665 0062911 239.0738 120.4128 13.90233523577890
COSMOS 1249 COOLANT
1 26503U 81021E   11217.41813360 -.00000007 +00000-0 +66160-4 0  9997
2 26503 064.9569 146.1272 0062896 238.7985 120.6896 13.90233639578037
COSMOS 1249 COOLANT
1 26503U 81021E   11218.42522496 -.00000007  00000-0  66094-4 0  9992
2 26503 064.9567 143.4876 0062896 238.4472 121.0442 13.90233794578172
COSMOS 1249 COOLANT
1 26503U 81021E   11220.36747225 -.00000008 +00000-0 +65360-4 0  9993
2 26503 064.9566 138.3974 0062835 237.8945 121.6005 13.90234067578449
COSMOS 1249 COOLANT
1 26503U 81021E   11221.15875806 -.00000009  00000-0  65146-4 0  9991
2 26503 064.9566 136.3239 0062818 237.6431 121.8535 13.90234184578552
COSMOS 1249 COOLANT
1 26503U 81021E   11222.38165416 -.00000008 +00000-0 +65162-4 0  9993
2 26503 064.9565 133.1192 0062804 237.2708 122.2290 13.90234381578723
COSMOS 1249 COOLANT
1 26503U 81021E   11224.10809527 -.00000009  00000-0  64843-4 0  9999
2 26503 064.9565 128.5951 0062781 236.7121 122.7908 13.90234645578961
COSMOS 1249 COOLANT
1 26503U 81021E   11224.32390059 -.00000009 +00000-0 +64699-4 0  9997
2 26503 064.9564 128.0294 0062763 236.7247 122.7785 13.90234667578994
COSMOS 1249 COOLANT
1 26503U 81021E   11225.11518614 -.00000010 +00000-0 +64148-4 0  9995
2 26503 064.9567 125.9549 0062663 236.5513 122.9518 13.90234765579108
COSMOS 1249 COOLANT
1 26503U 81021E   11226.33808221 -.00000010  00000-0  64064-4 0  9993
2 26503 064.9566 122.7504 0062654 236.2056 123.3025 13.90234957579271
COSMOS 1249 COOLANT
1 26503U 81021E   11227.34517259 -.00000010 +00000-0 +64156-4 0  9995
2 26503 064.9566 120.1115 0062638 235.8964 123.6145 13.90235125579416
COSMOS 1249 COOLANT
1 26503U 81021E   11228.28032775 -.00000010 +00000-0 +63587-4 0  9991
2 26503 064.9567 117.6607 0062560 235.6993 123.8111 13.90235243579548
COSMOS 1249 COOLANT
1 26503U 81021E   11229.07161336 -.00000013  00000-0  61837-4 0  9994
2 26503 064.9572 115.5870 0062355 235.6881 123.8216 13.90235319579653
COSMOS 1249 COOLANT
1 26503U 81021E   11230.29450948 -.00000013 +00000-0 +61888-4 0  9996
2 26503 064.9571 112.3824 0062339 235.3192 124.1985 13.90235506579824
COSMOS 1249 COOLANT
1 26503U 81021E   11231.30159941 -.00000012  00000-0  62018-4 0  9993
2 26503 064.9570 109.7434 0062318 234.9984 124.5221 13.90235668579962
COSMOS 1249 COOLANT
1 26503U 81021E   11233.02803896 -.00000013 +00000-0 +61832-4 0  9993
2 26503 064.9572 105.2189 0062280 234.4983 125.0252 13.90235934580209
COSMOS 1249 COOLANT
1 26503U 81021E   11234.25093361 -.00000013  00000-0  61863-4 0  9991
2 26503 064.9569 102.0138 0062234 234.1619 125.3647 13.90236116580378
COSMOS 1249 COOLANT
1 26503U 81021E   11235.25802318 -.00000012 +00000-0 +62041-4 0  9990
2 26503 064.9568 099.3747 0062192 233.8852 125.6442 13.90236279580511
COSMOS 1249 COOLANT
1 26503U 81021E   11236.98446202 -.00000013  00000-0  61235-4 0  9992
2 26503 064.9570 094.8498 0062090 233.4934 126.0373 13.90236516580759
COSMOS 1249 COOLANT
1 26503U 81021E   11239.21444561 -.00000013  00000-0  61853-4 0  9993
2 26503 064.9571 089.0060 0061963 232.8760 126.6623 13.90236900581065
COSMOS 1249 COOLANT
1 26503U 81021E   11240.22153471 -.00000012 +00000-0 +62203-4 0  9992
2 26503 064.9568 086.3667 0061979 232.4235 127.1207 13.90237065581207
COSMOS 1249 COOLANT
1 26503U 81021E   11241.94797247 -.00000013  00000-0  61962-4 0  9999
2 26503 064.9566 081.8420 0061870 232.0545 127.4911 13.90237318581444
COSMOS 1249 COOLANT
1 26503U 81021E   11241.94797247 -.00000013 +00000-0 +61962-4 0  9999
2 26503 064.9566 081.8420 0061870 232.0545 127.4911 13.90237318581444
COSMOS 1249 COOLANT
1 26503U 81021E   11243.17086589 -.00000012 +00000-0 +62370-4 0  9999
2 26503 064.9564 078.6370 0061829 231.6912 127.8588 13.90237524581619
COSMOS 1249 COOLANT
1 26503U 81021E   11244.17795422 -.00000012  00000-0  62718-4 0  9999
2 26503 064.9562 075.9974 0061817 231.3295 128.2239 13.90237696581758
COSMOS 1249 COOLANT
1 26503U 81021E   11244.89730280 -.00000011 +00000-0 +63212-4 0  9998
2 26503 064.9563 074.1119 0061774 231.1852 128.3688 13.90237840581851
COSMOS 1249 COOLANT
1 26503U 81021E   11245.11310738 -.00000011 +00000-0 +63293-4 0  9995
2 26503 064.9561 073.5461 0061729 231.2221 128.3311 13.90237872581884
COSMOS 1249 COOLANT
1 26503U 81021E   11246.91147907 -.00000010  00000-0  63695-4 0  9995
2 26503 064.9563 068.8338 0061724 230.6254 128.9334 13.90238192582136
COSMOS 1249 COOLANT
1 26503U 81021E   11246.91147907 -.00000010 +00000-0 +63695-4 0  9995
2 26503 064.9563 068.8338 0061724 230.6254 128.9334 13.90238192582136
COSMOS 1249 COOLANT
1 26503U 81021E   11247.12728359 -.00000010 +00000-0 +63932-4 0  9999
2 26503 064.9559 068.2672 0061685 230.6016 128.9579 13.90238226582160
COSMOS 1249 COOLANT
1 26503U 81021E   11248.85371964 -.00000009 +00000-0 +64491-4 0  9995
2 26503 064.9560 063.7427 0061631 230.1314 129.4314 13.90238542582408
COSMOS 1249 COOLANT
1 26503U 81021E   11249.86080746 -.00000009  00000-0  64941-4 0  9992
2 26503 064.9560 061.1031 0061576 229.9067 129.6585 13.90238728582543
COSMOS 1249 COOLANT
1 26503U 81021E   11250.86789509 -.00000008 +00000-0 +65505-4 0  9993
2 26503 064.9559 058.4627 0061454 229.7122 129.8553 13.90238917582688
COSMOS 1249 COOLANT
1 26503U 81021E   11251.08369969 -.00000008 +00000-0 +65637-4 0  9998
2 26503 064.9558 057.8969 0061430 229.6617 129.9072 13.90238956582715
COSMOS 1249 COOLANT
1 26503U 81021E   11254.82430939 -.00000006  00000-0  66868-4 0  9994
2 26503 064.9564 048.0948 0061378 228.5856 130.9938 13.90239678583238
COSMOS 1249 COOLANT
1 26503U 81021E   11258.78072126 -.00000005  00000-0  67936-4 0  9999
2 26503 064.9565 037.7265 0061158 227.5269 132.0607 13.90240415583786
COSMOS 1249 COOLANT
1 26503U 81021E   11261.01069714 -.00000000  00000-0  71905-4 0  9994
2 26503 064.9561 031.8807 0061101 226.7263 132.8764 13.90241054584099
COSMOS 1249 COOLANT
1 26503U 81021E   11262.73712864 +.00000003 +00000-0 +74166-4 0  9999
2 26503 064.9562 027.3565 0060990 226.2955 133.3066 13.90241495584336
COSMOS 1249 COOLANT
1 26503U 81021E   11268.92350912  .00000009  00000-0  79260-4 0  9994
2 26503 064.9562 011.1444 0060777 224.6261 135.0036 13.90243014585198
COSMOS 1249 COOLANT
1 26503U 81021E   11268.92350912 +.00000009 +00000-0 +79260-4 0  9994
2 26503 064.9562 011.1444 0060777 224.6261 135.0036 13.90243014585198
COSMOS 1249 COOLANT
1 26503U 81021E   11272.66410530  .00000015  00000-0  83982-4 0  9996
2 26503 064.9558 001.3394 0060558 223.4089 136.2330 13.90244069585719
COSMOS 1249 COOLANT
1 26503U 81021E   11272.87990631  .00000032  00000-0  97599-4 0  9992
2 26503 064.9558 000.7767 0060145 223.5205 136.1617 13.90245208585745
COSMOS 1249 COOLANT
1 26503U 81021E   11274.89406166  .00000038  00000-0  10178-3 0  9994
2 26503 064.9562 355.4982 0060208 222.7751 136.8710 13.90245965586029
COSMOS 1249 COOLANT
1 26503U 81021E   11275.61340441 +.00000045 +00000-0 +10765-3 0  9998
2 26503 064.9567 353.6133 0059778 223.2864 136.3571 13.90246550586125
COSMOS 1249 COOLANT
1 26503U 81021E   11276.83628806 +.00000045 +00000-0 +10765-3 0  9997
2 26503 064.9567 350.4089 0059778 222.8867 136.7527 13.90246882586299
COSMOS 1249 COOLANT
1 26503U 81021E   11278.77851688  .00000052  00000-0  11294-3 0  9994
2 26503 064.9567 345.3177 0059506 222.5360 137.1151 13.90247720586564
COSMOS 1249 COOLANT
1 26503U 81021E   11279.78559667 +.00000056 +00000-0 +11680-3 0  9991
2 26503 064.9566 342.6788 0059241 222.3497 137.3005 13.90248212586709
COSMOS 1249 COOLANT
1 26503U 81021E   11280.79267701  .00000060  00000-0  11976-3 0  9992
2 26503 064.9560 340.0381 0058877 222.2698 137.3823 13.90248647586845
COSMOS 1249 COOLANT
1 26503U 81021E   11281.79975733 +.00000060 +00000-0 +11976-3 0  9994
2 26503 064.9560 337.3991 0058877 221.9407 137.7140 13.90248950586983
COSMOS 1249 COOLANT
1 26503U 81021E   11287.48256400  .00000088  00000-0  14177-3 0  9995
2 26503 064.9579 322.5035 0060111 219.7687 139.9659 13.90252183587777
COSMOS 1249 COOLANT
1 26503U 81021E   11287.69835252 +.00000088 +00000-0 +14177-3 0  9996
2 26503 064.9579 321.9381 0060111 219.6981 139.9675 13.90252260587808
COSMOS 1249 COOLANT
1 26503U 81021E   11288.70543038 +.00000093 +00000-0 +14577-3 0  9997
2 26503 064.9570 319.2965 0059688 219.8021 139.8697 13.90252835587947
COSMOS 1249 COOLANT
1 26503U 81021E   11289.71250696  .00000095  00000-0  14739-3 0  9996
2 26503 064.9566 316.6564 0059466 219.5350 140.1369 13.90253279588084
COSMOS 1249 COOLANT
1 26503U 81021E   11292.44600120  .00000101  00000-0  15226-3 0  9991
2 26503 064.9565 309.4920 0059074 219.1529 140.5273 13.90254551588462
COSMOS 1249 COOLANT
1 26503U 81021E   11293.66887892 +.00000101 +00000-0 +15226-3 0  9999
2 26503 064.9565 306.2875 0059074 218.7532 140.9287 13.90255020588635
COSMOS 1249 COOLANT
1 26503U 81021E   11295.61109628  .00000105  00000-0  15576-3 0  9992
2 26503 064.9565 301.1955 0058778 218.4633 141.2268 13.90255962588905
COSMOS 1249 COOLANT
1 26503U 81021E   11297.62524554  .00000112  00000-0  16072-3 0  9994
2 26503 064.9562 295.9165 0058221 218.0569 141.6363 13.90256977589180
COSMOS 1249 COOLANT
1 26503U 81021E   11299.56746034 +.00000112 +00000-0 +16072-3 0  9998
2 26503 064.9562 290.8269 0058220 217.4222 142.2781 13.90257762589451
COSMOS 1249 COOLANT
1 26503U 81021E   11300.57453413  .00000112  00000-0  16072-3 0  9998
2 26503 064.9562 288.1879 0058220 217.0931 142.6103 13.90258169589590
COSMOS 1249 COOLANT
1 26503U 81021E   11301.58160762 +.00000119 +00000-0 +16690-3 0  9995
2 26503 064.9549 285.5472 0057685 217.2300 142.4830 13.90258898589731
COSMOS 1249 COOLANT
1 26503U 81021E   11302.58867907  .00000119  00000-0  16690-3 0  9991
2 26503 064.9549 282.9081 0057685 216.9012 142.8076 13.90259321589877
COSMOS 1249 COOLANT
1 26503U 81021E   11303.52381558 +.00000122 +00000-0 +16931-3 0  9991
2 26503 064.9555 280.4552 0057866 216.7478 142.9612 13.90259917590000
COSMOS 1249 COOLANT
1 26503U 81021E   11304.53088777 +.00000126 +00000-0 +17264-3 0  9994
2 26503 064.9552 277.8171 0057755 216.4524 143.2627 13.90260500590145
COSMOS 1249 COOLANT
1 26503U 81021E   11305.32215795  .00000126  00000-0  17264-3 0  9994
2 26503 064.9552 275.7435 0057755 216.1939 143.5210 13.90260844590256
COSMOS 1249 COOLANT
1 26503U 81021E   11305.53795901 +.00000126 +00000-0 +17264-3 0  9999
2 26503 064.9552 275.1780 0057755 216.1234 143.5922 13.90260937590287
COSMOS 1249 COOLANT
1 26503U 81021E   11306.54503045 +.00000126 +00000-0 +17264-3 0  9997
2 26503 064.9552 272.5389 0057754 215.7945 143.9242 13.90261375590428
COSMOS 1249 COOLANT
1 26503U 81021E   11308.48723661 +.00000138 +00000-0 +18170-3 0  9990
2 26503 064.9562 267.4459 0057579 215.3213 144.4032 13.90262720590696
COSMOS 1249 COOLANT
1 26503U 81021E   11309.49430685 +.00000139 +00000-0 +18241-3 0  9993
2 26503 064.9563 264.8066 0057456 215.0889 144.6386 13.90263225590833
COSMOS 1249 COOLANT
1 26503U 81021E   11312.22778128  .00000140  00000-0  18361-3 0  9990
2 26503 064.9569 257.6424 0057508 214.2894 145.4493 13.90264584591212
COSMOS 1249 COOLANT
1 26503U 81021E   11313.45064976 +.00000140 +00000-0 +18361-3 0  9995
2 26503 064.9569 254.4379 0057508 213.8896 145.8488 13.90265148591386
COSMOS 1249 COOLANT
1 26503U 81021E   11314.45771823  .00000146  00000-0  18824-3 0  9992
2 26503 064.9559 251.7967 0057002 213.6867 146.0586 13.90265831591520
COSMOS 1249 COOLANT
1 26503U 81021E   11316.39992000 +.00000146 +00000-0 +18824-3 0  9999
2 26503 064.9559 246.7071 0057001 213.0521 146.6975 13.90266750591798
COSMOS 1249 COOLANT
1 26503U 81021E   11318.41405418  .00000152  00000-0  19276-3 0  9995
2 26503 064.9558 241.4279 0056738 212.3707 147.3929 13.90267973592070
COSMOS 1249 COOLANT
1 26503U 81021E   11319.42111938 +.00000153 +00000-0 +19412-3 0  9991
2 26503 064.9555 238.7884 0056690 211.9600 147.8049 13.90268540592217
COSMOS 1249 COOLANT
1 26503U 81021E   11321.14751736  .00000159  00000-0  19893-3 0  9998
2 26503 064.9566 234.2636 0057014 211.4565 148.3226 13.90269706592455
COSMOS 1249 COOLANT
1 26503U 81021E   11321.36331423 +.00000161 +00000-0 +19977-3 0  9995
2 26503 064.9565 233.6982 0056904 211.4490 148.3173 13.90269865592485
COSMOS 1249 COOLANT
1 26503U 81021E   11322.37037802 +.00000165 +00000-0 +20341-3 0  9992
2 26503 064.9566 231.0580 0056807 211.2409 148.5285 13.90270587592627
COSMOS 1249 COOLANT
1 26503U 81021E   11323.37744232 +.00000167 +00000-0 +20467-3 0  9996
2 26503 064.9562 228.4184 0056789 210.7760 148.9999 13.90271170592766
COSMOS 1249 COOLANT
1 26503U 81021E   11326.11090048  .00000175  00000-0  21091-3 0  9993
2 26503 064.9567 221.2544 0056513 210.2700 149.5161 13.90272917593147
COSMOS 1249 COOLANT
1 26503U 81021E   11326.32669837 +.00000177 +00000-0 +21305-3 0  9994
2 26503 064.9564 220.6885 0056543 209.9985 149.7879 13.90273142593170
COSMOS 1249 COOLANT
1 26503U 81021E   11330.28301279  .00000180  00000-0  21546-3 0  9998
2 26503 064.9563 210.3205 0056259 208.9129 150.8816 13.90275382593727
COSMOS 1249 COOLANT
1 26503U 81021E   11347.90652376  .00000161  00000-0  20040-3 0  9999
2 26503 064.9552 164.1289 0051529 204.2552 155.5688 13.90284680596179
COSMOS 1249 COOLANT
1 26503U 81021E   11352.86986682  .00000182  00000-0  21671-3 0  9994
2 26503 064.9589 151.1276 0055742 201.9315 157.9933 13.90287964596866
COSMOS 1249 COOLANT
1 26503U 81021E   11353.80497518 +.00000178 +00000-0 +21407-3 0  9996
2 26503 064.9592 148.6754 0055496 201.8025 158.0591 13.90288319596996
COSMOS 1249 COOLANT
1 26503U 81021E   11354.81202867 +.00000175 +00000-0 +21151-3 0  9992
2 26503 064.9599 146.0353 0055465 201.4694 158.4016 13.90288759597135
COSMOS 1249 COOLANT
1 26503U 81021E   11355.81908073  .00000175  00000-0  21134-3 0  9996
2 26503 064.9600 143.3964 0055451 201.0912 158.7855 13.90289283597272
COSMOS 1249 COOLANT
1 26503U 81021E   11358.76830103  .00000167  00000-0  20535-3 0  9996
2 26503 064.9605 135.6685 0054085 200.4342 159.4322 13.90290546597689
COSMOS 1249 COOLANT
1 26503U 81021E   11359.99115241 +.00000164 +00000-0 +20261-3 0  9994
2 26503 064.9586 132.4602 0053626 200.2879 159.6002 13.90290950597859
COSMOS 1249 COOLANT
1 26503U 81021E   11364.73867101  .00000158  00000-0  19764-3 0  9990
2 26503 064.9583 120.0141 0053697 198.7129 161.1900 13.90293034598519
COSMOS 1249 COOLANT
1 26503U 81021E   12001.68083658 +.00000154 +00000-0 +19516-3 0  9991
2 26503 064.9596 114.9231 0053004 198.4710 161.4304 13.90293889598788
COSMOS 1249 COOLANT
1 26503U 81021E   12011.60743744  .00000124  00000-0  17138-3 0  9998
2 26503 064.9589 088.8958 0051087 196.7605 163.1309 13.90297584600164
COSMOS 1249 COOLANT
1 26503U 81021E   12015.56369343  .00000119  00000-0  16684-3 0  9995
2 26503 064.9586 078.5276 0051019 195.2957 164.6468 13.90299016600714
COSMOS 1249 COOLANT
1 26503U 81021E   12017.57778318  .00000117  00000-0  16522-3 0  9993
2 26503 064.9584 073.2497 0051045 194.5123 165.4445 13.90299763600998
COSMOS 1249 COOLANT
1 26503U 81021E   12018.58482734 +.00000115 +00000-0 +16423-3 0  9997
2 26503 064.9582 070.6102 0051133 194.0505 165.9127 13.90300115601130
COSMOS 1249 COOLANT
1 26503U 81021E   12019.51993915 +.00000112 +00000-0 +16106-3 0  9994
2 26503 064.9585 068.1592 0051106 193.8255 166.1351 13.90300332601264
COSMOS 1249 COOLANT
1 26503U 81021E   12023.54811097  .00000109  00000-0  15911-3 0  9991
2 26503 064.9578 057.5996 0051650 192.0658 167.9206 13.90301823601824
COSMOS 1249 COOLANT
1 26503U 81021E   12028.65524885  .00000089  00000-0  14308-3 0  9990
2 26503 064.9585 044.2101 0050981 192.1204 167.8287 13.90302887602535
COSMOS 1249 COOLANT
1 26503U 81021E   12029.44650256 +.00000086 +00000-0 +14056-3 0  9997
2 26503 064.9579 042.1370 0051050 191.2288 168.7553 13.90302970602644
COSMOS 1249 COOLANT
1 26503U 81021E   12030.45354548 +.00000084 +00000-0 +13952-3 0  9997
2 26503 064.9576 039.4982 0051145 190.5478 169.4483 13.90303239602781
COSMOS 1249 COOLANT
1 26503U 81021E   12034.40977712  .00000077  00000-0  13380-3 0  9997
2 26503 064.9575 029.1314 0050751 188.9676 171.0300 13.90304261603333
COSMOS 1249 COOLANT
1 26503U 81021E   12036.42386105  .00000069  00000-0  12732-3 0  9992
2 26503 064.9575 023.8533 0049877 188.5622 171.4410 13.90304597603610
COSMOS 1249 COOLANT
1 26503U 81021E   12044.26438428  .00000050  00000-0  11235-3 0  9996
2 26503 064.9573 003.3001 0049025 186.4868 173.5089 13.90306068604706
COSMOS 1249 COOLANT
1 26503U 81021E   12045.48722676  .00000047  00000-0  10995-3 0  9990
2 26503 064.9570 000.0905 0047174 187.6955 172.3234 13.90306268604872
COSMOS 1249 COOLANT
1 26503U 81021E   12049.44345236  .00000036  00000-0  10131-3 0  9993
2 26503 064.9569 349.7201 0048014 186.0097 174.0405 13.90306959605424
COSMOS 1249 COOLANT
1 26503U 81021E   12051.16980338 +.00000033 +00000-0 +98924-4 0  9997
2 26503 064.9572 345.1898 0048175 185.1231 174.9315 13.90307255605663
COSMOS 1249 COOLANT
1 26503U 81021E   12055.19795515  .00000032  00000-0  98007-4 0  9996
2 26503 064.9570 334.6338 0048159 183.6469 176.4213 13.90308181606227
COSMOS 1249 COOLANT
1 26503U 81021E   12058.14713630  .00000029  00000-0  95198-4 0  9996
2 26503 064.9579 326.9045 0047943 182.7357 177.3388 13.90308793606638
COSMOS 1249 COOLANT
1 26503U 81021E   12059.15417454 +.00000029 +00000-0 +95198-4 0  9993
2 26503 064.9579 324.2656 0047943 182.4062 177.6777 13.90309034606776
COSMOS 1249 COOLANT
1 26503U 81021E   12066.27535964  .00000025  00000-0  91975-4 0  9996
2 26503 064.9600 305.6045 0046335 180.5869 179.4964 13.90310667607766
COSMOS 1249 COOLANT
1 26503U 81021E   12071.02281579  .00000035  00000-0  10006-3 0  9991
2 26503 064.9600 293.1634 0047454 178.4017 181.7545 13.90312336608425
COSMOS 1249 COOLANT
1 26503U 81021E   12073.03687784  .00000035  00000-0  10006-3 0  9992
2 26503 064.9600 287.8860 0047453 177.7418 182.3868 13.90312841608709
COSMOS 1249 COOLANT
1 26503U 81021E   12075.98604869  .00000047  00000-0  10970-3 0  9994
2 26503 064.9579 280.1390 0043491 176.4566 183.6746 13.90314831609112
COSMOS 1249 COOLANT
1 26503U 81021E   12079.94224812  .00000057  00000-0  11822-3 0  9998
2 26503 064.9581 269.7718 0043406 175.1300 185.0212 13.90316121609668
COSMOS 1249 COOLANT
1 26503U 81021E   12081.88437994 +.00000057 +00000-0 +11822-3 0  9991
2 26503 064.9581 264.6825 0043406 174.4945 185.6604 13.90316696609936
COSMOS 1249 COOLANT
1 26503U 81021E   12083.10720348  .00000061  00000-0  12148-3 0  9993
2 26503 064.9589 261.4777 0043132 174.1866 185.9699 13.90317181610108
COSMOS 1249 COOLANT
1 26503U 81021E   12085.12126513  .00000067  00000-0  12623-3 0  9995
2 26503 064.9581 256.1995 0043300 173.2376 186.9300 13.90317880610382
COSMOS 1249 COOLANT
1 26503U 81021E   12086.84760229 +.00000069 +00000-0 +12761-3 0  9998
2 26503 064.9584 251.6753 0043352 172.7631 187.4088 13.90318481610626
COSMOS 1249 COOLANT
1 26503U 81021E   12087.85463178  .00000070  00000-0  12838-3 0  9990
2 26503 064.9587 249.0363 0043302 172.3941 187.7785 13.90318836610768
COSMOS 1249 COOLANT
1 26503U 81021E   12099.93897202  .00000081  00000-0  13705-3 0  9997
2 26503 064.9566 217.3633 0042662 168.4334 191.7855 13.90323095612446
COSMOS 1249 COOLANT
1 26503U 81021E   12100.94599575 +.00000082 +00000-0 +13771-3 0  9997
2 26503 064.9564 214.7233 0042481 168.1480 192.0598 13.90323469612587
COSMOS 1249 COOLANT
1 26503U 81021E   12102.67232607  .00000082  00000-0  13765-3 0  9992
2 26503 064.9569 210.1976 0042367 167.5687 192.6426 13.90324083612827
COSMOS 1249 COOLANT
1 26503U 81021E   12103.89514313 +.00000081 +00000-0 +13734-3 0  9999
2 26503 064.9563 206.9907 0042021 167.2233 192.9884 13.90324459612995
COSMOS 1249 COOLANT
1 26503U 81021E   12104.90216898  .00000082  00000-0  13782-3 0  9993
2 26503 064.9561 204.3512 0041957 166.8540 193.3628 13.90324819613138
COSMOS 1249 COOLANT
1 26503U 81021E   12104.90216898 +.00000082 +00000-0 +13782-3 0  9993
2 26503 064.9561 204.3512 0041957 166.8540 193.3628 13.90324819613138
COSMOS 1249 COOLANT
1 26503U 81021E   12106.62849765 +.00000082 +00000-0 +13803-3 0  9993
2 26503 064.9563 199.8261 0041924 166.3431 193.8787 13.90325441613376
COSMOS 1249 COOLANT
1 26503U 81021E   12107.63552217  .00000082  00000-0  13802-3 0  9997
2 26503 064.9564 197.1866 0041859 165.9864 194.2364 13.90325792613512
COSMOS 1249 COOLANT
1 26503U 81021E   12108.85833770 +.00000082 +00000-0 +13798-3 0  9992
2 26503 064.9564 193.9819 0041779 165.5908 194.6350 13.90326210613683
COSMOS 1249 COOLANT
1 26503U 81021E   12109.86536199  .00000082  00000-0  13772-3 0  9991
2 26503 064.9563 191.3425 0041697 165.2901 194.9379 13.90326542613824
COSMOS 1249 COOLANT
1 26503U 81021E   12110.58466497 +.00000081 +00000-0 +13731-3 0  9999
2 26503 064.9565 189.4564 0041571 164.9745 195.2542 13.90326771613922
COSMOS 1249 COOLANT
1 26503U 81021E   12111.59168916 +.00000081 +00000-0 +13731-3 0  9996
2 26503 064.9565 186.8173 0041571 164.6453 195.5883 13.90327117614064
COSMOS 1249 COOLANT
1 26503U 81021E   12112.81450338  .00000081  00000-0  13756-3 0  9991
2 26503 064.9564 183.6118 0041240 164.2121 196.0206 13.90327531614232
COSMOS 1249 COOLANT
1 26503U 81021E   12113.82152722 +.00000081 +00000-0 +13713-3 0  9992
2 26503 064.9560 180.9709 0041379 163.9259 196.3143 13.90327836614371
COSMOS 1249 COOLANT
1 26503U 81021E   12115.54785182  .00000081  00000-0  13692-3 0  9991
2 26503 064.9561 176.4461 0041312 163.3098 196.9323 13.90328418614619
COSMOS 1249 COOLANT
1 26503U 81021E   12119.50401060  .00000082  00000-0  13820-3 0  9995
2 26503 064.9564 166.0783 0041198 161.9696 198.2857 13.90329873615168
COSMOS 1249 COOLANT
1 26503U 81021E   12120.72682203 +.00000082 +00000-0 +13836-3 0  9998
2 26503 064.9566 162.8743 0041163 161.5695 198.6869 13.90330318615339
COSMOS 1249 COOLANT
1 26503U 81021E   12125.47420539  .00000084  00000-0  13989-3 0  9998
2 26503 064.9570 150.4333 0041122 159.8977 200.3750 13.90332090615991
COSMOS 1249 COOLANT
1 26503U 81021E   12136.33562011  .00000087  00000-0  14204-3 0  9991
2 26503 064.9589 121.9696 0040793 156.3571 203.9372 13.90336073617504
COSMOS 1249 COOLANT
1 26503U 81021E   12137.55842665 +.00000087 +00000-0 +14194-3 0  9990
2 26503 064.9584 118.7643 0040375 155.8732 204.4203 13.90336480617673
COSMOS 1249 COOLANT
1 26503U 81021E   12144.31982048  .00000087  00000-0  14173-3 0  9999
2 26503 064.9586 101.0459 0040599 153.7111 206.6028 13.90338873618613
COSMOS 1249 COOLANT
1 26503U 81021E   12148.20401977  .00000084  00000-0  13946-3 0  9992
2 26503 064.9581 090.8621 0040251 152.3369 207.9761 13.90340062619150
COSMOS 1249 COOLANT
1 26503U 81021E   12149.21103563 +.00000083 +00000-0 +13887-3 0  9997
2 26503 064.9578 088.2204 0040095 151.9061 208.4151 13.90340352619290
COSMOS 1249 COOLANT
1 26503U 81021E   12150.43383874  .00000083  00000-0  13855-3 0  9993
2 26503 064.9563 085.0084 0039498 151.5822 208.7410 13.90340697619463
COSMOS 1249 COOLANT
1 26503U 81021E   12154.38996203  .00000079  00000-0  13577-3 0  9993
2 26503 064.9567 074.6390 0039304 150.0522 210.2743 13.90341932620011
COSMOS 1249 COOLANT
1 26503U 81021E   12160.14431815  .00000079  00000-0  13577-3 0  9997
2 26503 064.9567 059.5585 0039304 148.1709 212.1741 13.90343886620811
COSMOS 1249 COOLANT
1 26503U 81021E   12163.16535124  .00000076  00000-0  13308-3 0  9999
2 26503 064.9554 051.6360 0038153 145.2349 215.0915 13.90344612621230
COSMOS 1249 COOLANT
1 26503U 81021E   12166.04253000  .00000075  00000-0  13263-3 0  9998
2 26503 064.9558 044.0908 0037468 143.9282 216.4263 13.90345555621639
COSMOS 1249 COOLANT
1 26503U 81021E   12167.04954115 +.00000075 +00000-0 +13263-3 0  9994
2 26503 064.9558 041.4516 0037468 143.5991 216.7631 13.90345889621775
COSMOS 1249 COOLANT
1 26503U 81021E   12168.05655090  .00000075  00000-0  13263-3 0  9996
2 26503 064.9558 038.8125 0037468 143.2700 217.0941 13.90346222621912
COSMOS 1249 COOLANT
1 26503U 81021E   12182.87395196  .00000059  00000-0  11962-3 0  9996
2 26503 064.9567 359.9756 0037446 137.6395 222.7146 13.90350301623973
COSMOS 1249 COOLANT
1 26503U 81021E   12184.09674252 +.00000058 +00000-0 +11916-3 0  9993
2 26503 064.9565 356.7686 0036895 137.1785 223.2135 13.90350624624145
COSMOS 1249 COOLANT
1 26503U 81021E   12188.05283807 +.00000017 +00000-0 +86301-4 0  9991
2 26503 064.9598 346.3960 0034972 134.8805 225.4869 13.90351175624692
COSMOS 1249 COOLANT
1 26503U 81021E   12190.78614463  .00000049  00000-0  11183-3 0  9990
2 26503 064.9561 339.2319 0036168 134.5995 225.8096 13.90352078625079
COSMOS 1249 COOLANT
1 26503U 81021E   12199.70532538  .00000028  00000-0  95001-4 0  9992
2 26503 064.9573 315.8520 0035239 130.3214 230.0537 13.90353662626318
COSMOS 1249 COOLANT
1 26503U 81021E   12200.92812408 +.00000028 +00000-0 +94986-4 0  9997
2 26503 064.9572 312.6467 0034929 129.7511 230.6622 13.90353946626483
COSMOS 1249 COOLANT
1 26503U 81021E   12202.72634554  .00000029  00000-0  95906-4 0  9995
2 26503 064.9572 307.9334 0035227 129.3159 231.1078 13.90354435626732
COSMOS 1249 COOLANT
1 26503U 81021E   12203.66141944 +.00000028 +00000-0 +95137-4 0  9990
2 26503 064.9567 305.4796 0035160 128.7948 231.6241 13.90354581626869
COSMOS 1249 COOLANT
1 26503U 81021E   12209.70343778  .00000026  00000-0  93510-4 0  9991
2 26503 064.9572 289.6460 0035283 126.9104 233.5178 13.90355950627701
COSMOS 1249 COOLANT
1 26503U 81021E   12212.58058762  .00000022  00000-0  90230-4 0  9999
2 26503 064.9598 282.1095 0034877 125.1824 235.2338 13.90356507628100
COSMOS 1249 COOLANT
1 26503U 81021E   12213.58759328 +.00000017 +00000-0 +85789-4 0  9993
2 26503 064.9607 279.4698 0035144 125.1227 235.3137 13.90356610628242
COSMOS 1249 COOLANT
1 26503U 81021E   12215.81738347  .00000015  00000-0  84427-4 0  9995
2 26503 064.9599 273.6209 0034828 124.5533 235.8849 13.90356994628551
COSMOS 1249 COOLANT
1 26503U 81021E   12217.75945773 +.00000016 +00000-0 +85132-4 0  9998
2 26503 064.9587 268.5268 0034295 123.2983 237.1357 13.90357381628829
COSMOS 1249 COOLANT
1 26503U 81021E   12221.71553423  .00000017  00000-0  86079-4 0  9998
2 26503 064.9582 258.1577 0033940 121.6166 238.8217 13.90358258629371
COSMOS 1249 COOLANT
1 26503U 81021E   12230.63467836  .00000021  00000-0  89666-4 0  9991
2 26503 064.9572 234.7732 0032960 117.1726 243.2796 13.90360417630617
COSMOS 1249 COOLANT
1 26503U 81021E   12234.59074356  .00000023  00000-0  90906-4 0  9992
2 26503 064.9572 224.4050 0032717 115.6871 244.7614 13.90361400631169
COSMOS 1249 COOLANT
1 26503U 81021E   12238.33102176  .00000027  00000-0  93811-4 0  9992
2 26503 064.9574 214.6030 0032800 113.9299 246.5156 13.90362358631689
COSMOS 1249 COOLANT
1 26503U 81021E   12240.34501798  .00000027  00000-0  93787-4 0  9991
2 26503 064.9575 209.3247 0032792 113.1432 247.3080 13.90362833631966
COSMOS 1249 COOLANT
1 26503U 81021E   12242.35901275  .00000027  00000-0  93801-4 0  9995
2 26503 064.9575 204.0469 0032854 112.4167 248.0371 13.90363301632244
COSMOS 1249 COOLANT
1 26503U 81021E   12245.45193182  .00000027  00000-0  94357-4 0  9996
2 26503 064.9564 195.9382 0032548 110.7557 249.6973 13.90363996632670
COSMOS 1249 COOLANT
1 26503U 81021E   12248.25713632  .00000029  00000-0  96007-4 0  9991
2 26503 064.9558 188.5831 0032321 108.6119 251.8420 13.90364728633069
COSMOS 1249 COOLANT
1 26503U 81021E   12251.20619594  .00000034  00000-0  99415-4 0  9994
2 26503 064.9567 180.8529 0032089 106.7221 253.7374 13.90365677633470
COSMOS 1249 COOLANT
1 26503U 81021E   12254.15525270  .00000040  00000-0  10440-3 0  9995
2 26503 064.9566 173.1205 0031866 104.9221 255.5456 13.90366733633887
COSMOS 1249 COOLANT
1 26503U 81021E   12255.16224551 +.00000040 +00000-0 +10440-3 0  9995
2 26503 064.9566 170.4814 0031866 104.5928 255.8672 13.90366996634024
COSMOS 1249 COOLANT
1 26503U 81021E   12261.13227993  .00000051  00000-0  11361-3 0  9997
2 26503 064.9611 154.8369 0031548 102.1174 258.3618 13.90369337634851
COSMOS 1249 COOLANT
1 26503U 81021E   12265.30410163  .00000077  00000-0  13416-3 0  9994
2 26503 064.9588 143.8961 0032300 102.4834 258.0229 13.90371370635433
COSMOS 1249 COOLANT
1 26503U 81021E   12267.03036430 +.00000077 +00000-0 +13382-3 0  9999
2 26503 064.9588 139.3709 0032076 100.9178 259.5431 13.90371918635672
COSMOS 1249 COOLANT
1 26503U 81021E   12268.25314002  .00000077  00000-0  13387-3 0  9993
2 26503 064.9580 136.1633 0031796 099.2000 261.2608 13.90372301635849
COSMOS 1249 COOLANT
1 26503U 81021E   12269.97941016 +.00000076 +00000-0 +13320-3 0  9990
2 26503 064.9579 131.6357 0031749 098.5096 261.9565 13.90372834636082
COSMOS 1249 COOLANT
1 26503U 81021E   12272.20917343  .00000075  00000-0  13276-3 0  9995
2 26503 064.9578 125.7920 0031755 097.4826 262.9819 13.90373549636398
COSMOS 1249 COOLANT
1 26503U 81021E   12274.00736928 +.00000076 +00000-0 +13355-3 0  9992
2 26503 064.9580 121.0796 0031855 097.1422 263.3292 13.90374204636648
COSMOS 1249 COOLANT
1 26503U 81021E   12277.96339550  .00000083  00000-0  13928-3 0  9994
2 26503 064.9581 110.7101 0031901 095.4643 265.0139 13.90375845637194
COSMOS 1249 COOLANT
1 26503U 81021E   12284.86844793  .00000091  00000-0  14525-3 0  9994
2 26503 064.9579 092.6089 0031772 092.1694 268.3139 13.90378636638154
COSMOS 1249 COOLANT
1 26503U 81021E   12289.04024159  .00000093  00000-0  14738-3 0  9993
2 26503 064.9578 081.6732 0031574 089.9640 270.5068 13.90380280638739
COSMOS 1249 COOLANT
1 26503U 81021E   12298.75043761  .00000107  00000-0  15805-3 0  9993
2 26503 064.9558 056.2216 0032219 084.8331 275.6593 13.90384498640085
COSMOS 1249 COOLANT
1 26503U 81021E   12301.91523138  .00000115  00000-0  16458-3 0  9991
2 26503 064.9573 047.9302 0032044 082.7336 277.7406 13.90386163640529
COSMOS 1249 COOLANT
1 26503U 81021E   12305.87122239  .00000115  00000-0  16458-3 0  9997
2 26503 064.9573 037.5623 0032044 081.4395 279.0297 13.90387790641072
COSMOS 1249 COOLANT
1 26503U 81021E   12318.53036468  .00000122  00000-0  16994-3 0  9995
2 26503 064.9556 004.3721 0032954 074.8013 285.6720 13.90393294642832
COSMOS 1249 COOLANT
1 26503U 81021E   12321.47936103  .00000120  00000-0  16893-3 0  9993
2 26503 064.9564 356.6395 0033045 073.4720 286.9895 13.90394478643241
COSMOS 1249 COOLANT
1 26503U 81021E   12323.49331034  .00000117  00000-0  16643-3 0  9998
2 26503 064.9579 351.3568 0032677 071.6839 288.7760 13.90395284643520
COSMOS 1249 COOLANT
1 26503U 81021E   12331.62101659  .00000112  00000-0  16175-3 0  9995
2 26503 064.9590 330.0515 0032509 067.4308 293.0091 13.90398479644657
COSMOS 1249 COOLANT
1 26503U 81021E   12333.41918122 +.00000112 +00000-0 +16191-3 0  9993
2 26503 064.9599 325.3389 0032594 065.6704 294.7731 13.90399297644902
COSMOS 1249 COOLANT
1 26503U 81021E   12335.36119630  .00000113  00000-0  16322-3 0  9993
2 26503 064.9602 320.2476 0032526 064.4168 296.0271 13.90400175645176
COSMOS 1249 COOLANT
1 26503U 81021E   12337.37513561  .00000114  00000-0  16349-3 0  9997
2 26503 064.9605 314.9694 0032596 063.8205 296.6205 13.90401023645450
COSMOS 1249 COOLANT
1 26503U 81021E   12347.22903755  .00000097  00000-0  15005-3 0  9998
2 26503 064.9608 289.1425 0033243 059.5398 300.8428 13.90404121646822
COSMOS 1249 COOLANT
1 26503U 81021E   12350.17802228  .00000091  00000-0  14499-3 0  9999
2 26503 064.9606 281.4135 0033579 057.3510 303.0564 13.90404874647234
COSMOS 1249 COOLANT
1 26503U 81021E   12356.14789615  .00000066  00000-0  12493-3 0  9990
2 26503 064.9629 265.7621 0032130 055.5564 304.8444 13.90406090648065
COSMOS 1249 COOLANT
1 26503U 81021E   12360.10383364  .00000065  00000-0  12415-3 0  9995
2 26503 064.9625 255.3933 0032187 054.3553 306.0488 13.90407260648612
COSMOS 1249 COOLANT
1 26503U 81021E   12365.28250833  .00000059  00000-0  12005-3 0  9991
2 26503 064.9581 241.8096 0033279 049.5460 310.8299 13.90408447649330
COSMOS 1249 COOLANT
1 26503U 81021E   13003.02266270  .00000054  00000-0  11586-3 0  9993
2 26503 064.9578 232.0030 0034662 045.5633 314.8003 13.90409350649859
COSMOS 1249 COOLANT
1 26503U 81021E   13007.98555425  .00000054  00000-0  11559-3 0  9995
2 26503 064.9575 218.9940 0034625 045.3289 315.0558 13.90410767650543
COSMOS 1249 COOLANT
1 26503U 81021E   13015.91180763  .00000100  00000-0  15242-3 0  9991
2 26503 064.9581 198.1925 0036477 041.1562 031.3635 13.90412676651644
COSMOS 1249 COOLANT
1 26503U 81021E   13020.06908567  .00000059  00000-0  11991-3 0  9993
2 26503 064.9541 187.3089 0035704 041.5289 318.8465 13.90414354652227
COSMOS 1249 COOLANT
1 26503U 81021E   13023.80921957  .00000059  00000-0  11991-3 0  9996
2 26503 064.9541 177.5050 0035703 040.3078 320.0622 13.90415476652741
COSMOS 1249 COOLANT
1 26503U 81021E   13029.77904199  .00000060  00000-0  12053-3 0  9999
2 26503 064.9568 161.8539 0035634 038.2552 322.1088 13.90417453653572
COSMOS 1249 COOLANT
1 26503U 81021E   13032.94376273  .00000058  00000-0  11871-3 0  9992
2 26503 064.9573 153.5585 0035298 037.3586 322.9926 13.90418318654010
COSMOS 1249 COOLANT
1 26503U 81021E   13039.63282745  .00000042  00000-0  10616-3 0  9994
2 26503 064.9585 136.0238 0036160 033.7188 326.5743 13.90419558654947
COSMOS 1249 COOLANT
1 26503U 81021E   13043.58873233  .00000039  00000-0  10335-3 0  9995
2 26503 064.9581 125.6510 0036354 032.3837 327.9358 13.90420390655495
COSMOS 1249 COOLANT
1 26503U 81021E   13047.61655344  .00000039  00000-0  10335-3 0  9994
2 26503 064.9581 115.0945 0036354 031.0653 329.2549 13.90421431656059
COSMOS 1249 COOLANT
1 26503U 81021E   13049.77431256  .00000028  00000-0  95154-4 0  9998
2 26503 064.9617 109.4391 0035786 029.3920 330.9121 13.90421757656355
COSMOS 1249 COOLANT
1 26503U 81021E   13054.52138171  .00000020  00000-0  88450-4 0  9990
2 26503 064.9613 096.9988 0036389 027.9449 332.3377 13.90422510657014
COSMOS 1249 COOLANT
1 26503U 81021E   13057.47032073  .00000020  00000-0  88097-4 0  9998
2 26503 064.9604 089.2672 0036606 027.4685 332.8277 13.90423096657427
COSMOS 1249 COOLANT
1 26503U 81021E   13058.49179491  .00000028  00000-0  94779-4 0  9999
2 26503 064.9589 086.5706 0039669 023.5317 049.4134 13.90422889657565
COSMOS 1249 COOLANT
1 26503U 81021E   13061.44026712  .00000064  00000-0  12341-3 0  9999
2 26503 064.9590 078.8409 0039914 022.4160 048.2120 13.90423377657978
COSMOS 1249 COOLANT
1 26503U 81021E   13066.40339299  .00000050  00000-0  11213-3 0  9999
2 26503 064.9596 065.8282 0040397 020.6100 051.4554 13.90425245658660
COSMOS 1249 COOLANT
1 26503U 81021E   13070.35905300  .00000091  00000-0  14515-3 0  9993
2 26503 064.9604 055.4571 0040759 019.1865 051.7730 13.90426350659218
COSMOS 1249 COOLANT
1 26503U 81021E   13079.50189993  .00000056  00000-0  11731-3 0  9999
2 26503 064.9614 031.4876 0041685 015.9809 096.8789 13.90429925660488
COSMOS 1249 COOLANT
1 26503U 81021E   13086.18204027  .00000068  00000-0  12664-3 0  9996
2 26503 064.9616 013.9762 0042354 013.6957 054.7598 13.90431947661414
COSMOS 1249 COOLANT
1 26503U 81021E   13096.33180792  .00000124  00000-0  17103-3 0  9992
2 26503 064.9606 347.3660 0043346 010.3763 100.0335 13.90435030662822
COSMOS 1249 COOLANT
1 26503U 81021E   13155.50320600  .00000078  00000-0  13434-3 0  9992
2 26503 064.9557 192.2743 0040383 353.0459 006.6041 13.90455408671043
COSMOS 1249 COOLANT
1 26503U 81021E   13163.63063853  .00000077  00000-0  13375-3 0  9992
2 26503 064.9552 170.9583 0044619 348.6234 011.3591 13.90458095672173
COSMOS 1249 COOLANT
1 26503U 81021E   13169.38451118  .00000023  00000-0  90686-4 0  9997
2 26503 064.9527 155.8354 0050278 346.6802 013.2398 13.90458772672976
COSMOS 1249 COOLANT
1 26503U 81021E   13169.38453022  .00000119  00000-0  94177-4 0  9998
2 26503 064.9538 155.8294 0050233 346.2121 013.8046 13.90458724672975
COSMOS 1249 COOLANT
1 26503U 81021E   13170.53529828  .00000275  00000-0  21878-3 0  9995
2 26503 064.9567 152.8302 0048240 344.5834 015.4234 13.90459956673135
COSMOS 1249 COOLANT
1 26503U 81021E   13177.51185417  .00000050  00000-0  11208-3 0  9999
2 26503 064.9569 134.5429 0049952 343.5957 016.3578 13.90461616674105
COSMOS 1249 COOLANT
1 26503U 81021E   13177.53503631  .00000037  00000-0  10134-3 0  9995
2 26503 064.9593 134.4710 0050580 344.3580 131.6283 13.90461493674112
COSMOS 1249 COOLANT
1 26503U 81021E   13204.19529551  .00000050  00000-0  11213-3 0  9991
2 26503 064.9546 064.5915 0051296 336.1735 023.6543 13.90468869677819
COSMOS 1249 COOLANT
1 26503U 81021E   13210.16489581  .00000043  00000-0  10640-3 0  9998
2 26503 064.9544 048.9427 0051603 334.0777 025.7631 13.90470227678640
COSMOS 1249 COOLANT
1 26503U 81021E   13217.86062827  .00000026  00000-0  92361-4 0  9994
2 26503 064.9537 028.7624 0053076 333.2506 026.5299 13.90471400679716
COSMOS 1249 COOLANT
1 26503U 81021E   13221.81638663  .00000024  00000-0  91254-4 0  9999
2 26503 064.9540 018.3896 0053395 332.0663 027.7507 13.90472259680261
COSMOS 1249 COOLANT
1 26503U 81021E   13225.77213283  .00000004  00000-0  74991-4 0  9992
2 26503 064.9554 008.0134 0053229 330.4659 029.3385 13.90472666680815
COSMOS 1249 COOLANT
1 26503U 81021E   13230.73479447  .00000002  00000-0  73330-4 0  9994
2 26503 064.9559 355.0030 0053254 328.9013 030.8893 13.90473551681506
COSMOS 1249 COOLANT
1 26503U 81021E   13234.69053675  .00000002  00000-0  73394-4 0  9994
2 26503 064.9564 344.6319 0053268 327.7470 032.0329 13.90474306682053
COSMOS 1249 COOLANT
1 26503U 81021E   13237.63936156  .00000005  00000-0  75924-4 0  9999
2 26503 064.9563 336.8991 0053243 326.8401 032.9381 13.90474990682469
COSMOS 1249 COOLANT
1 26503U 81021E   13239.65319145  .00000005  00000-0  76236-4 0  9993
2 26503 064.9557 331.6185 0053545 326.3237 033.4427 13.90475364682741
COSMOS 1249 COOLANT
1 26503U 81021E   13242.81777897  .00000010  00000-0  79817-4 0  9991
2 26503 064.9559 323.3174 0053465 325.3326 034.4256 13.90476212683181
COSMOS 1249 COOLANT
1 26503U 81021E   13244.83160774  .00000010  00000-0  79817-4 0  9995
2 26503 064.9559 318.0383 0053465 324.6743 035.0782 13.90476617683460
COSMOS 1249 COOLANT
1 26503U 81021E   13247.56465801  .00000016  00000-0  84731-4 0  9994
2 26503 064.9558 310.8690 0054074 323.8853 035.8579 13.90477512683849
COSMOS 1249 COOLANT
1 26503U 81021E   13249.79425168  .00000020  00000-0  87728-4 0  9997
2 26503 064.9583 305.0247 0054077 322.8859 036.8543 13.90478262684159
COSMOS 1249 COOLANT
1 26503U 81021E   13253.74997819  .00000025  00000-0  91778-4 0  9999
2 26503 064.9583 294.6548 0054650 321.5838 038.1339 13.90479364684709
COSMOS 1249 COOLANT
1 26503U 81021E   13257.70570222  .00000035  00000-0  99993-4 0  9992
2 26503 064.9570 284.2792 0055124 320.7230 038.9843 13.90480659685253
COSMOS 1249 COOLANT
1 26503U 81021E   13260.65451333  .00000036  00000-0  10014-3 0  9998
2 26503 064.9568 276.5477 0055387 319.8797 039.8173 13.90481406685664
COSMOS 1249 COOLANT
1 26503U 81021E   13263.38755646  .00000038  00000-0  10227-3 0  9993
2 26503 064.9571 269.3815 0055796 319.1977 040.4900 13.90482206686049
COSMOS 1249 COOLANT
1 26503U 81021E   13267.34327424  .00000039  00000-0  10271-3 0  9992
2 26503 064.9573 259.0107 0056223 318.0875 041.5870 13.90483263686594
COSMOS 1249 COOLANT
1 26503U 81021E   13269.57285960  .00000039  00000-0  10294-3 0  9992
2 26503 064.9569 253.1645 0056466 317.5409 042.1277 13.90483835686905
COSMOS 1249 COOLANT
1 26503U 81021E   13273.52857264  .00000040  00000-0  10367-3 0  9997
2 26503 064.9571 242.7940 0056690 316.4667 043.1914 13.90484924687453
COSMOS 1249 COOLANT
1 26503U 81021E   13277.26851638  .00000043  00000-0  10574-3 0  9994
2 26503 064.9574 232.9895 0056947 315.3669 044.2835 13.90486055687979
COSMOS 1249 COOLANT
1 26503U 81021E   13279.28232942  .00000045  00000-0  10742-3 0  9998
2 26503 064.9572 227.7081 0056868 314.6779 044.9659 13.90486701688253
COSMOS 1249 COOLANT
1 26503U 81021E   13281.29614241  .00000048  00000-0  10994-3 0  9990
2 26503 064.9572 222.4283 0057024 314.1787 045.4600 13.90487402688530
COSMOS 1249 COOLANT
1 26503U 81021E   13283.45379876  .00000050  00000-0  11151-3 0  9991
2 26503 064.9567 216.7700 0056719 313.4255 046.2146 13.90488066688830
COSMOS 1249 COOLANT
1 26503U 81021E   13286.25874930  .00000054  00000-0  11431-3 0  9998
2 26503 064.9564 209.4158 0057159 312.8846 046.7423 13.90489013689221
COSMOS 1249 COOLANT
1 26503U 81021E   13289.13562008  .00000060  00000-0  11963-3 0  9995
2 26503 064.9554 201.8697 0057524 312.2432 047.3823 13.90490144689627
COSMOS 1249 COOLANT
1 26503U 81021E   13291.36519204  .00000064  00000-0  12286-3 0  9996
2 26503 064.9551 196.0235 0057521 311.6912 047.9271 13.90491004689933
COSMOS 1249 COOLANT
1 26503U 81021E   13294.09821219  .00000073  00000-0  12977-3 0  9998
2 26503 064.9563 188.8576 0057769 310.4244 049.1823 13.90492327690312
COSMOS 1249 COOLANT
1 26503U 81021E   13296.32778162  .00000079  00000-0  13418-3 0  9991
2 26503 064.9554 183.0107 0057908 310.2694 049.3319 13.90493259690622
COSMOS 1249 COOLANT
1 26503U 81021E   13298.05389930  .00000083  00000-0  13791-3 0  9993
2 26503 064.9563 178.4863 0057923 309.5029 050.1011 13.90494101690861
COSMOS 1249 COOLANT
1 26503U 81021E   13300.06769978  .00000089  00000-0  14233-3 0  9990
2 26503 064.9556 173.2059 0058026 309.2732 050.3213 13.90495046691143
COSMOS 1249 COOLANT
1 26503U 81021E   13302.08149941  .00000094  00000-0  14638-3 0  9991
2 26503 064.9557 167.9246 0058173 308.6639 050.9248 13.90496026691428
COSMOS 1249 COOLANT
1 26503U 81021E   13303.01647771  .00000094  00000-0  14638-3 0  9999
2 26503 064.9557 165.4735 0058173 308.3583 051.2261 13.90496372691556
COSMOS 1249 COOLANT
1 26503U 81021E   13305.96525508  .00000103  00000-0  15313-3 0  9990
2 26503 064.9553 157.7400 0058922 308.2939 051.2802 13.90497787691968
COSMOS 1249 COOLANT
1 26503U 81021E   13308.19481705  .00000106  00000-0  15566-3 0  9991
2 26503 064.9549 151.8951 0058988 307.8263 051.7478 13.90498776692274
COSMOS 1249 COOLANT
1 26503U 81021E   13310.92782426  .00000111  00000-0  15982-3 0  9997
2 26503 064.9554 144.7293 0059235 307.0459 052.5205 13.90500118692658
COSMOS 1249 COOLANT
1 26503U 81021E   13313.15738144  .00000114  00000-0  16206-3 0  9996
2 26503 064.9553 138.8839 0059300 306.5218 053.0404 13.90501151692966
COSMOS 1249 COOLANT
1 26503U 81021E   13316.10614825  .00000119  00000-0  16565-3 0  9996
2 26503 064.9555 131.1532 0059807 305.9633 053.5883 13.90502567693374
COSMOS 1249 COOLANT
1 26503U 81021E   13318.83914912  .00000124  00000-0  16989-3 0  9994
2 26503 064.9554 123.9867 0059971 305.3576 054.1914 13.90503950693756
COSMOS 1249 COOLANT
1 26503U 81021E   13320.85293710  .00000127  00000-0  17219-3 0  9995
2 26503 064.9556 118.7079 0060015 304.7770 054.7691 13.90504967694034
COSMOS 1249 COOLANT
1 26503U 81021E   13323.01056525  .00000129  00000-0  17390-3 0  9999
2 26503 064.9558 113.0520 0059770 304.0245 055.5197 13.90506025694331
COSMOS 1249 COOLANT
1 26503U 81021E   13325.02434971  .00000130  00000-0  17478-3 0  9996
2 26503 064.9560 107.7729 0059831 303.4227 056.1132 13.90506979694611
COSMOS 1249 COOLANT
1 26503U 81021E   13327.75733738  .00000144  00000-0  18569-3 0  9998
2 26503 064.9567 100.6062 0059805 302.2890 057.2531 13.90508985694999
COSMOS 1249 COOLANT
1 26503U 81021E   13329.98687688  .00000153  00000-0  19254-3 0  9999
2 26503 064.9563 094.7578 0059689 301.4953 058.0403 13.90510431695303
COSMOS 1249 COOLANT
1 26503U 81021E   13332.93562116  .00000158  00000-0  19648-3 0  9998
2 26503 064.9562 087.0258 0060279 300.9016 058.6128 13.90512107695710
COSMOS 1249 COOLANT
1 26503U 81021E   13335.66860351  .00000168  00000-0  20422-3 0  9996
2 26503 064.9565 079.8598 0060601 300.2433 059.2761 13.90513929696099
COSMOS 1249 COOLANT
1 26503U 81021E   13337.68237532  .00000172  00000-0  20747-3 0  9994
2 26503 064.9563 074.5791 0060859 300.0977 059.4061 13.90515145696378
COSMOS 1249 COOLANT
1 26503U 81021E   13339.69614686  .00000175  00000-0  21011-3 0  9994
2 26503 064.9565 069.2994 0060746 299.2960 060.2035 13.90516323696653
COSMOS 1249 COOLANT
1 26503U 81021E   13342.64488279  .00000175  00000-0  21035-3 0  9996
2 26503 064.9565 061.5678 0060768 298.5345 060.9595 13.90517869697060
COSMOS 1249 COOLANT
1 26503U 81021E   13345.59361597  .00000175  00000-0  20982-3 0  9996
2 26503 064.9565 053.8341 0060915 297.8564 061.6323 13.90519373697474
COSMOS 1249 COOLANT
1 26503U 81021E   13347.60738328  .00000173  00000-0  20803-3 0  9990
2 26503 064.9570 048.5527 0061238 297.3710 062.1128 13.90520364697756
COSMOS 1249 COOLANT
1 26503U 81021E   13350.55611024  .00000173  00000-0  20817-3 0  9996
2 26503 064.9573 040.8218 0061272 296.5432 062.9365 13.90521947698166
COSMOS 1249 COOLANT
1 26503U 81021E   13353.50484976  .00000150  00000-0  11819-3 0  9995
2 26503 064.9694 033.1169 0063319 297.1686 062.3397 13.90522083698578
COSMOS 1249 COOLANT
1 26503U 81021E   13354.51171327  .00000175  00000-0  20988-3 0  9994
2 26503 064.9584 030.4505 0061499 295.4980 063.9744 13.90524224698713
COSMOS 1249 COOLANT
1 26503U 81021E   13357.46043119  .00000178  00000-0  21236-3 0  9998
2 26503 064.9597 022.7211 0061693 295.0584 064.4084 13.90526060699126
COSMOS 1249 COOLANT
1 26503U 81021E   13359.68994693  .00000180  00000-0  21423-3 0  9997
2 26503 064.9593 016.8747 0061361 294.3252 065.1428 13.90527365699439
COSMOS 1249 COOLANT
1 26503U 81021E   13362.42289895  .00000185  00000-0  21753-3 0  9995
2 26503 064.9600 009.7083 0061768 293.7655 065.6951 13.90529072699818
COSMOS 1249 COOLANT
1 26503U 81021E   13365.37160725  .00000187  00000-0  21946-3 0  9998
2 26503 064.9604 001.9769 0062166 292.9921 066.4592 13.90530796700220
COSMOS 1249 COOLANT
1 26503U 81021E   14002.60111643  .00000187  00000-0  21899-3 0  9995
2 26503 064.9601 356.1301 0062463 292.4425 067.0002 13.90531968700537
COSMOS 1249 COOLANT
1 26503U 81021E   14005.33406307  .00000184  00000-0  21689-3 0  9996
2 26503 064.9585 348.9600 0062733 292.2447 067.1921 13.90533222700919
COSMOS 1249 COOLANT
1 26503U 81021E   14007.56356897  .00000183  00000-0  21641-3 0  9998
2 26503 064.9585 343.1133 0063168 291.7374 067.6937 13.90534404701223
COSMOS 1249 COOLANT
1 26503U 81021E   14010.29650975  .00000177  00000-0  21106-3 0  9995
2 26503 064.9582 335.9465 0063283 291.2354 068.1818 13.90535524701608
COSMOS 1249 COOLANT
1 26503U 81021E   14013.24521041  .00000168  00000-0  20447-3 0  9991
2 26503 064.9572 328.2108 0063686 290.7645 068.6564 13.90536642702011
COSMOS 1249 COOLANT
1 26503U 81021E   14015.47471110  .00000167  00000-0  20323-3 0  9991
2 26503 064.9567 322.3634 0063915 290.2615 069.1558 13.90537691702329
COSMOS 1249 COOLANT
1 26503U 81021E   14019.21451602  .00000155  00000-0  19410-3 0  9993
2 26503 064.9560 312.5561 0063765 289.3896 070.0202 13.90539042702841
COSMOS 1249 COOLANT
1 26503U 81021E   14023.17007532  .00000143  00000-0  18429-3 0  9998
2 26503 064.9561 302.1851 0063623 288.3163 071.0866 13.90540395703399
COSMOS 1249 COOLANT
1 26503U 81021E   14026.11876642  .00000132  00000-0  17597-3 0  9994
2 26503 064.9553 294.4497 0063938 288.0055 071.3991 13.90541202703801
COSMOS 1249 COOLANT
1 26503U 81021E   14028.14741007  .00000103  00000-0  15257-3 0  9994
2 26503 064.9594 289.1185 0064158 288.4698 145.5412 13.90540649704091
COSMOS 1249 COOLANT
1 26503U 81021E   14030.31200381  .00000054  00000-0  11445-3 0  9991
2 26503 064.9589 283.4422 0064185 287.9487 181.1940 13.90541976704395
COSMOS 1249 COOLANT
1 26503U 81021E   14032.32717742  .00000069  00000-0  12619-3 0  9998
2 26503 064.9587 278.1583 0064235 287.4436 188.9025 13.90542443704677
COSMOS 1249 COOLANT
1 26503U 81021E   14035.05050005  .00000126  00000-0  17076-3 0  9999
2 26503 064.9585 271.0167 0064276 286.7781 141.5057 13.90543556705054
COSMOS 1249 COOLANT
1 26503U 81021E   14037.28927205  .00000167  00000-0  20332-3 0  9995
2 26503 064.9581 265.1463 0064305 286.2055 188.5435 13.90544129705367
COSMOS 1249 COOLANT
1 26503U 81021E   14040.23804519  .00000135  00000-0  17840-3 0  9991
2 26503 064.9576 257.4131 0064357 285.4917 189.7369 13.90546061705773
COSMOS 1249 COOLANT
1 26503U 81021E   14042.94782124  .00000100  00000-0  15023-3 0  9991
2 26503 064.9568 250.3213 0064419 283.1636 076.2361 13.90546825706141
COSMOS 1249 COOLANT
1 26503U 81021E   14045.20047719  .00000129  00000-0  17358-3 0  9991
2 26503 064.9578 244.3985 0064474 284.2833 191.1051 13.90548458706465
COSMOS 1249 COOLANT
1 26503U 81021E   14047.92444738  .00000126  00000-0  17052-3 0  9992
2 26503 064.9581 237.2547 0064546 283.6090 147.0181 13.90549262706842
COSMOS 1249 COOLANT
1 26503U 81021E   14050.16318523  .00000142  00000-0  18371-3 0  9997
2 26503 064.9582 231.3835 0064599 283.0609 193.9075 13.90550192707157
COSMOS 1249 COOLANT
1 26503U 81021E   14053.89485249  .00000134  00000-0  17746-3 0  9996
2 26503 064.9585 221.5969 0064676 282.1474 154.2676 13.90552882707677
COSMOS 1249 COOLANT
1 26503U 81021E   14056.05915891  .00000157  00000-0  19548-3 0  9995
2 26503 064.9591 215.9206 0064767 281.6375 188.5700 13.90554298707974
COSMOS 1249 COOLANT
1 26503U 81021E   14058.78309148  .00000241  00000-0  26183-3 0  9996
2 26503 064.9595 208.7773 0064851 280.9541 144.3633 13.90556805708352
COSMOS 1249 COOLANT
1 26503U 81021E   14063.81973502  .00000223  00000-0  24746-3 0  9990
2 26503 064.9598 195.5697 0064979 279.7244 157.4367 13.90561419709054
COSMOS 1249 COOLANT
1 26503U 81021E   14065.74598300  .00000347  00000-0  34515-3 0  9995
2 26503 064.9590 190.5281 0064660 279.2197 080.1459 13.90562882709328
COSMOS 1249 COOLANT
1 26503U 81021E   14067.77514012  .00000209  00000-0  23593-3 0  9999
2 26503 064.9601 185.1971 0065066 278.7727 157.9508 13.90564538709600
COSMOS 1249 COOLANT
1 26503U 81021E   14069.94020954  .00000255  00000-0  27281-3 0  9996
2 26503 064.9601 179.5196 0065132 278.2585 196.1683 13.90565413709902
COSMOS 1249 COOLANT
1 26503U 81021E   14070.70832077  .00000334  00000-0  33478-3 0  9992
2 26503 064.9586 177.5151 0065024 277.8465 081.5150 13.90566894710008
COSMOS 1249 COOLANT
1 26503U 81021E   14072.88795259  .00000264  00000-0  27967-3 0  9991
2 26503 064.9598 171.7904 0065220 277.5095 192.4681 13.90567442710312
COSMOS 1249 COOLANT
1 26503U 81021E   14076.84343987  .00000165  00000-0  20148-3 0  9992
2 26503 064.9593 161.4174 0065312 276.5746 193.4589 13.90570173710869
COSMOS 1249 COOLANT
1 26503U 81021E   14078.85833483  .00000177  00000-0  21131-3 0  9996
2 26503 064.9591 156.1335 0065375 276.0814 199.9662 13.90571352711142
COSMOS 1249 COOLANT
1 26503U 81021E   14081.80648442  .00000284  00000-0  29506-3 0  9997
2 26503 064.9588 148.4019 0065437 275.3998 198.2966 13.90573140711556
COSMOS 1249 COOLANT
1 26503U 81021E   14083.82074339  .00000288  00000-0  29875-3 0  9992
2 26503 064.9584 143.1195 0065470 274.9144 201.6360 13.90574471711830
COSMOS 1249 COOLANT
1 26503U 81021E   14086.76789502  .00000235  00000-0  25649-3 0  9990
2 26503 064.9580 135.3904 0065504 274.2133 195.0237 13.90577030712245
COSMOS 1249 COOLANT
1 26503U 81021E   14089.71662331  .00000123  00000-0  16818-3 0  9992
2 26503 064.9580 127.6569 0065528 273.5204 196.3208 13.90579553712652
COSMOS 1249 COOLANT
1 26503U 81021E   14091.73168002  .00000190  00000-0  22092-3 0  9998
2 26503 064.9581 122.3721 0065554 273.0568 203.6761 13.90580728712935
COSMOS 1249 COOLANT
1 26503U 81021E   14094.45525699  .00000200  00000-0  22885-3 0  9991
2 26503 064.9580 115.2288 0065544 272.3980 157.9222 13.90582071713311
COSMOS 1249 COOLANT
1 26503U 81021E   14097.40274484  .00000188  00000-0  21934-3 0  9991
2 26503 064.9580 107.4981 0065524 271.7007 153.0696 13.90584088713722
COSMOS 1249 COOLANT
1 26503U 81021E   14099.64159437  .00000163  00000-0  20006-3 0  9991
2 26503 064.9584 101.6260 0065514 271.1604 200.7935 13.90585626714038
COSMOS 1249 COOLANT
1 26503U 81021E   14102.36557095  .00000125  00000-0  17022-3 0  9999
2 26503 064.9590 094.4817 0065484 270.5289 157.0598 13.90588510714416
COSMOS 1249 COOLANT
1 26503U 81021E   14104.38041933  .00000155  00000-0  19359-3 0  9990
2 26503 064.9594 089.1978 0065469 270.0384 163.4611 13.90588611714692
COSMOS 1249 COOLANT
1 26503U 81021E   14112.29104288  .00000175  00000-0  20942-3 0  9994
2 26503 064.9608 068.4520 0065334 268.1010 164.4041 13.90594966715796
COSMOS 1249 COOLANT
1 26503U 81021E   14117.47761694  .00000130  00000-0  17385-3 0  9997
2 26503 064.9613 054.8491 0065207 266.8581 208.6982 13.90597275716517
COSMOS 1249 COOLANT
1 26503U 81021E   14120.42546561  .00000098  00000-0  14882-3 0  9992
2 26503 064.9611 047.1184 0065132 266.1239 205.8453 13.90598827716920
COSMOS 1249 COOLANT
1 26503U 81021E   14123.14919275  .00000041  00000-0  10346-3 0  9999
2 26503 064.9612 039.9756 0065060 265.4081 161.0723 13.90599969717306
COSMOS 1249 COOLANT
1 26503U 81021E   14125.16408686  .00000070  00000-0  12658-3 0  9992
2 26503 064.9612 034.6915 0065019 264.8987 167.8063 13.90600543717589
COSMOS 1249 COOLANT
1 26503U 81021E   14128.11207325  .00000098  00000-0  14830-3 0  9991
2 26503 064.9611 026.9604 0064952 264.1521 165.6914 13.90601691717990
COSMOS 1249 COOLANT
1 26503U 81021E   14132.06732817  .00000114  00000-0  16138-3 0  9991
2 26503 064.9606 016.5876 0064876 263.1605 166.0606 13.90603642718540
COSMOS 1249 COOLANT
1 26503U 81021E   14135.01503736  .00000093  00000-0  14448-3 0  9993
2 26503 064.9606 008.8569 0064806 262.4413 162.5608 13.90605103718957
COSMOS 1249 COOLANT
1 26503U 81021E   14137.25430618  .00000098  00000-0  14865-3 0  9997
2 26503 064.9605 002.9839 0064763 261.8733 212.5770 13.90605828719266
COSMOS 1249 COOLANT
1 26503U 81021E   14140.05158688  .00000099  00000-0  14906-3 0  9990
2 26503 064.9603 355.6477 0064710 261.1573 176.0749 13.90606767719653
COSMOS 1249 COOLANT
1 26503U 81021E   14142.21693464  .00000091  00000-0  14280-3 0  9993
2 26503 064.9601 349.9685 0064678 260.6093 216.0468 13.90607384719954
COSMOS 1249 COOLANT
1 26503U 81021E   14145.16421476  .00000025  00000-0  91100-4 0  9996
2 26503 064.9600 342.2381 0064624 259.8710 210.4580 13.90608914720369
COSMOS 1249 COOLANT
1 26503U 81021E   14147.17892424  .00000040  00000-0  10271-3 0  9990
2 26503 064.9601 336.9538 0064594 259.3676 216.3256 13.90609225720648
COSMOS 1249 COOLANT
1 26503U 81021E   14170.68619334  .00000002  00000-0  72714-4 0  9998
2 26503 064.9600 275.3028 0064285 253.5001 176.6802 13.90616059723913
COSMOS 1249 COOLANT
1 26503U 81021E   14175.87126338  .00000031  00000-0  95663-4 0  9991
2 26503 064.9585 261.7045 0064228 252.1608 213.9196 13.90616710724633
COSMOS 1249 COOLANT
1 26503U 81021E   14179.82543845 -.00000020  00000-0  55454-4 0  9999
2 26503 064.9586 251.3350 0064165 251.2581 209.0043 13.90618097725186
COSMOS 1249 COOLANT
1 26503U 81021E   14184.56633252  .00000045  00000-0  10669-3 0  9992
2 26503 064.9586 238.9035 0064060 250.0201 182.6825 13.90619054725848
COSMOS 1249 COOLANT
1 26503U 81021E   14188.74453796  .00000064  00000-0  12209-3 0  9992
2 26503 064.9580 227.9449 0063901 249.0802 219.3140 13.90620759726424
COSMOS 1249 COOLANT
1 26503U 81021E   14191.46944709  .00000003  00000-0  74026-4 0  9993
2 26503 064.9578 220.7972 0063779 248.4471 180.5907 13.90622412726801
COSMOS 1249 COOLANT
1 26503U 81021E   14193.55709654  .00000021  00000-0  88045-4 0  9999
2 26503 064.9587 215.3271 0063803 247.7283 191.9037 13.90622641727090
COSMOS 1249 COOLANT
1 26503U 81021E   14194.47596937  .00000046  00000-0  10760-3 0  9994
2 26503 064.9593 212.9288 0064085 246.3440 113.0845 13.90622342727226
COSMOS 1249 COOLANT
1 26503U 81021E   14200.46086928 -.00000035  00000-0  43609-4 0  9993
2 26503 064.9581 197.2146 0063404 246.1496 193.1891 13.90624056728050
COSMOS 1249 COOLANT
1 26503U 81021E   14204.34221214 -.00000063  00000-0  22060-4 0  9992
2 26503 064.9589 187.0349 0063219 245.2026 183.8267 13.90624740728595
COSMOS 1249 COOLANT
1 26503U 81021E   14208.37118178  .00000004  00000-0  74983-4 0  9998
2 26503 064.9594 176.4685 0062975 244.1630 193.5755 13.90625046729156
COSMOS 1249 COOLANT
1 26503U 81021E   14213.25985074  .00000045  00000-0  10694-3 0  9991
2 26503 064.9601 163.6498 0062823 242.7817 187.2642 13.90626651729831
COSMOS 1249 COOLANT
1 26503U 81021E   14215.27439965  .00000033  00000-0  97463-4 0  9995
2 26503 064.9600 158.3639 0062610 242.4150 192.3178 13.90627506730113
COSMOS 1249 COOLANT
1 26503U 81021E   14218.44444972  .00000048  00000-0  10896-3 0  9991
2 26503 064.9601 150.0502 0062435 241.5848 222.2051 13.90628102730555
COSMOS 1249 COOLANT
1 26503U 81021E   14225.12534843 -.00000011  00000-0  63063-4 0  9997
2 26503 064.9597 132.5275 0061988 239.8845 188.0541 13.90629927731482
COSMOS 1249 COOLANT
1 26503U 81021E   14231.09507124  .00000049  00000-0  11032-3 0  9990
2 26503 064.9592 116.8700 0061626 238.3401 193.6831 13.90630333732316
COSMOS 1249 COOLANT
1 26503U 81021E   14237.99743494  .00000004  00000-0  74500-4 0  9998
2 26503 064.9586 098.7665 0061257 236.5088 188.3688 13.90632963733276
COSMOS 1249 COOLANT
1 26503U 81021E   14240.01245647  .00000045  00000-0  10729-3 0  9999
2 26503 064.9591 093.4832 0061186 235.9419 196.0358 13.90633045733555
COSMOS 1249 COOLANT
1 26503U 81021E   14242.96053361  .00000052  00000-0  11217-3 0  9996
2 26503 064.9588 085.7496 0061015 235.2356 194.6779 13.90633815733966
COSMOS 1249 COOLANT
1 26503U 81021E   14247.92296446  .00000036  00000-0  99551-4 0  9990
2 26503 064.9593 072.7335 0060762 233.9681 197.6581 13.90635424734653
COSMOS 1249 COOLANT
1 26503U 81021E   14249.93739705  .00000039  00000-0  10201-3 0  9990
2 26503 064.9595 067.4492 0060735 233.3494 202.4487 13.90636334734938
COSMOS 1249 COOLANT
1 26503U 81021E   14251.95181894  .00000076  00000-0  13183-3 0  9998
2 26503 064.9599 062.1654 0060640 232.8507 207.0714 13.90636841735217
COSMOS 1249 COOLANT
1 26503U 81021E   14256.84050035  .00000146  00000-0  18705-3 0  9996
2 26503 064.9603 049.3421 0060299 231.6755 200.8290 13.90638942735892
COSMOS 1249 COOLANT
1 26503U 81021E   14258.85497808  .00000104  00000-0  15382-3 0  9994
2 26503 064.9605 044.0581 0060159 231.1915 205.7344 13.90640051736171
COSMOS 1249 COOLANT
1 26503U 81021E   14261.01818525  .00000111  00000-0  15898-3 0  9999
2 26503 064.9611 038.3847 0060065 230.6483 235.2456 13.90641034736476
COSMOS 1249 COOLANT
1 26503U 81021E   14264.97227006  .00000108  00000-0  15676-3 0  9995
2 26503 064.9616 028.0146 0059863 229.6678 230.3062 13.90642398737022
COSMOS 1249 COOLANT
1 26503U 81021E   14264.97227006  .00000108  00000-0  15676-3 0  9995
2 26503 064.9616 028.0146 0059863 229.6678 230.3062 13.90642398737022
COSMOS 1249 COOLANT
1 26503U 81021E   14264.97227006  .00000108  00000-0  15676-3 0  9995
2 26503 064.9616 028.0146 0059863 229.6678 230.3062 13.90642398737022
COSMOS 1249 COOLANT
1 26503U 81021E   14276.61612418  .00000161  00000-0  19887-3 0  9991
2 26503 064.9613 357.4774 0059190 226.8326 202.2276 13.90649191738649
COSMOS 1249 COOLANT
1 26503U 81021E   14278.63067251  .00000188  00000-0  21993-3 0  9994
2 26503 064.9611 352.1954 0059111 226.3083 207.6048 13.90650293738929
COSMOS 1249 COOLANT
1 26503U 81021E   14282.57108306  .00000021  00000-0  16403-4 0  9996
2 26503 064.9592 341.8485 0058682 224.8498 134.8284 13.90651194739471
COSMOS 1249 COOLANT
1 26503U 81021E   14282.58573096  .00000103  00000-0  15276-3 0  9996
2 26503 064.9602 341.8200 0058799 225.3139 207.6922 13.90652938739470
COSMOS 1249 COOLANT
1 26503U 81021E   14284.59971303  .00000064  00000-0  12217-3 0  9990
2 26503 064.9601 336.5385 0058688 224.7911 210.2575 13.90654081739758
COSMOS 1249 COOLANT
1 26503U 81021E   14286.76428478  .00000065  00000-0  12310-3 0  9996
2 26503 064.9599 330.8622 0058549 224.2782 246.6785 13.90654711740053
COSMOS 1249 COOLANT
1 26503U 81021E   14289.54667534 -.00000007  00000-0  00000+0 0  9999
2 26503 064.9635 323.6126 0060422 222.0088 137.6798 13.90655117740448
COSMOS 1249 COOLANT
1 26503U 81021E   14289.56242252  .00000082  00000-0  13627-3 0  9992
2 26503 064.9593 323.5225 0058321 223.5719 214.9498 13.90656012740443
COSMOS 1249 COOLANT
1 26503U 81021E   14301.42775644  .00000237  00000-0  25900-3 0  9997
2 26503 064.9590 292.4002 0057471 220.3511 216.5796 13.90663537742099
COSMOS 1249 COOLANT
1 26503U 81021E   14303.59066095  .00000114  00000-0  16198-3 0  9993
2 26503 064.9588 286.7244 0057184 219.8668 244.6998 13.90664812742393
COSMOS 1249 COOLANT
1 26503U 81021E   14306.31598500  .00000063  00000-0  12171-3 0  9997
2 26503 064.9597 279.5793 0057035 219.0600 208.6637 13.90666692742775
COSMOS 1249 COOLANT
1 26503U 81021E   14308.55473500  .00000118  00000-0  16521-3 0  9991
2 26503 064.9592 273.7043 0056551 218.5823 256.4875 13.90667280743081
COSMOS 1249 COOLANT
1 26503U 81021E   14311.27833513  .00000143  00000-0  18458-3 0  9997
2 26503 064.9602 266.5640 0056499 217.8037 211.8171 13.90668699743467
COSMOS 1249 COOLANT
1 26503U 81021E   14313.51708483  .00000154  00000-0  19298-3 0  9998
2 26503 064.9601 260.6929 0056312 217.1868 259.7964 13.90669939743773
COSMOS 1249 COOLANT
1 26503U 81021E   14317.44884630  .00000171  00000-0  20687-3 0  9996
2 26503 064.9601 250.3825 0056134 215.9818 143.7444 13.90672563744310
COSMOS 1249 COOLANT
1 26503U 81021E   14322.19506143  .00000193  00000-0  22399-3 0  9990
2 26503 064.9602 237.9399 0056273 214.4018 145.3443 13.90675328744979
COSMOS 1249 COOLANT
1 26503U 81021E   14325.15806892  .00000184  00000-0  21682-3 0  9997
2 26503 064.9595 230.1621 0055243 213.9043 218.9732 13.90677385745391
COSMOS 1249 COOLANT
1 26503U 81021E   14328.10585799  .00000081  00000-0  13587-3 0  9996
2 26503 064.9591 222.4307 0054965 213.0625 216.7780 13.90679544745803
COSMOS 1249 COOLANT
1 26503U 81021E   14330.34444711  .00000133  00000-0  17657-3 0  9993
2 26503 064.9587 216.5590 0054776 212.4093 264.0776 13.90680354746115
COSMOS 1249 COOLANT
1 26503U 81021E   14333.29213200  .00000207  00000-0  23532-3 0  9998
2 26503 064.9584 208.8280 0054510 211.5948 261.3705 13.90681632746524
COSMOS 1249 COOLANT
1 26503U 81021E   14336.23982875  .00000076  00000-0  13169-3 0  9995
2 26503 064.9579 201.0969 0054242 210.7612 258.7551 13.90683984746934
COSMOS 1249 COOLANT
1 26503U 81021E   14339.26176191  .00000134  00000-0  17754-3 0  9996
2 26503 064.9577 193.1711 0053987 209.9278 267.8005 13.90686068747359
COSMOS 1249 COOLANT
1 26503U 81021E   14342.20893640  .00000104  00000-0  15419-3 0  9992
2 26503 064.9577 185.4403 0053728 209.0904 262.6193 13.90687539747761
COSMOS 1249 COOLANT
1 26503U 81021E   14344.93276856  .00000121  00000-0  16727-3 0  9990
2 26503 064.9577 178.2960 0053539 208.3161 219.3047 13.90688418748143
COSMOS 1249 COOLANT
1 26503U 81021E   14346.94756083  .00000175  00000-0  21010-3 0  9998
2 26503 064.9577 173.0111 0053370 207.7593 226.2207 13.90689485748420
COSMOS 1249 COOLANT
1 26503U 81021E   14350.11933106  .00000211  00000-0  23896-3 0  9990
2 26503 064.9579 164.6916 0053136 206.8937 265.4699 13.90692364748861
COSMOS 1249 COOLANT
1 26503U 81021E   14352.13361291  .00000126  00000-0  17163-3 0  9999
2 26503 064.9582 159.4078 0052960 206.3582 269.8378 13.90694237749146
COSMOS 1249 COOLANT
1 26503U 81021E   14354.85728073  .00000412  00000-0  39748-3 0  9996
2 26503 064.9589 152.2638 0052679 205.6375 225.7216 13.90696198749527
COSMOS 1249 COOLANT
1 26503U 81021E   14357.80506023  .00000338  00000-0  33911-3 0  9996
2 26503 064.9593 144.5320 0052400 204.8214 223.6665 13.90699822749936
COSMOS 1249 COOLANT
1 26503U 81021E   14361.76010595  .00000123  00000-0  16869-3 0  9995
2 26503 064.9598 134.1579 0052062 203.7518 224.4728 13.90703380750487
COSMOS 1249 COOLANT
1 26503U 81021E   14364.78212072  .00000135  00000-0  17820-3 0  9995
2 26503 064.9603 126.2315 0051791 202.9587 234.0953 13.90704864750901
COSMOS 1249 COOLANT
1 26503U 81021E   15002.95416902  .00000155  00000-0  19470-3 0  9997
2 26503 064.9604 117.9115 0051473 202.1361 274.8599 13.90705866751346
COSMOS 1249 COOLANT
1 26503U 81021E   15005.67698037  .00000174  00000-0  20933-3 0  9997
2 26503 064.9603 110.7702 0051230 201.3655 226.6088 13.90707056751729
COSMOS 1249 COOLANT
1 26503U 81021E   15007.76526773  .00000170  00000-0  20655-3 0  9993
2 26503 064.9603 105.2929 0051031 200.7913 241.6068 13.90708933752011
COSMOS 1249 COOLANT
1 26503U 81021E   15010.86352001  .00000112  00000-0  16047-3 0  9995
2 26503 064.9603 097.1665 0050751 199.9711 272.9783 13.90710561752448
COSMOS 1249 COOLANT
1 26503U 81021E   15013.58674918  .00000108  00000-0  15728-3 0  9991
2 26503 064.9601 090.0238 0050491 199.2303 226.8367 13.90711851752826
COSMOS 1249 COOLANT
1 26503U 81021E   15015.60163345  .00000125  00000-0  17073-3 0  9997
2 26503 064.9599 084.7387 0050284 198.6775 234.3780 13.90712712753105
COSMOS 1249 COOLANT
1 26503U 81021E   15018.62307009  .00000036  00000-0  10039-3 0  9995
2 26503 064.9596 076.8131 0049965 197.8487 241.2422 13.90714332753522
COSMOS 1249 COOLANT
1 26503U 81021E   15021.49668214  .00000037  00000-0  10097-3 0  9997
2 26503 064.9597 069.2750 0049662 197.0303 228.0660 13.90715250753920
COSMOS 1249 COOLANT
1 26503U 81021E   15023.51116122  .00000047  00000-0  10902-3 0  9994
2 26503 064.9598 063.9907 0049449 196.4569 233.6221 13.90715696754207
COSMOS 1249 COOLANT
1 26503U 81021E   15028.47376453  .00000094  00000-0  14656-3 0  9991
2 26503 064.9598 050.9733 0048916 194.9873 239.1289 13.90716998754895
COSMOS 1249 COOLANT
1 26503U 81021E   15031.42127493  .00000074  00000-0  13075-3 0  9990
2 26503 064.9601 043.2414 0048579 194.1056 235.9991 13.90718751755301
COSMOS 1249 COOLANT
1 26503U 81021E   15035.60012997  .00000092  00000-0  14469-3 0  9994
2 26503 064.9608 032.2794 0048202 192.7793 277.7711 13.90720871755885
COSMOS 1249 COOLANT
1 26503U 81021E   15037.61470115  .00000128  00000-0  17291-3 0  9993
2 26503 064.9610 026.9952 0047999 192.1291 283.9062 13.90721470756169
COSMOS 1249 COOLANT
1 26503U 81021E   15042.55328119  .00000479  00000-0  37783-3 0  9995
2 26503 064.9438 014.0787 0056199 193.3198 166.6858 13.90731071756856
COSMOS 1249 COOLANT
1 26503U 81021E   15042.57661029  .00000090  00000-0  14306-3 0  9992
2 26503 064.9615 013.9801 0047484 190.5480 286.1627 13.90724596756854
COSMOS 1249 COOLANT
1 26503U 81021E   15045.30014068  .00000063  00000-0  12181-3 0  9990
2 26503 064.9619 006.8363 0047199 189.6689 241.8022 13.90725343757236
COSMOS 1249 COOLANT
1 26503U 81021E   15049.47741037  .00000123  00000-0  16951-3 0  9991
2 26503 064.9619 355.8798 0046794 188.3067 275.7710 13.90726860757810
COSMOS 1249 COOLANT
1 26503U 81021E   15052.20296446  .00000089  00000-0  14218-3 0  9990
2 26503 064.9616 348.7305 0046504 187.3831 241.6042 13.90728023758194
COSMOS 1249 COOLANT
1 26503U 81021E   15054.21767454  .00000088  00000-0  14180-3 0  9992
2 26503 064.9616 343.4466 0046310 186.7249 248.4935 13.90728589758479
COSMOS 1249 COOLANT
1 26503U 81021E   15057.16482846  .00000073  00000-0  12975-3 0  9992
2 26503 064.9615 335.7177 0046055 185.7483 243.7960 13.90729741758888
COSMOS 1249 COOLANT
1 26503U 81021E   15059.17938750  .00000091  00000-0  14428-3 0  9990
2 26503 064.9611 330.4373 0046298 185.0857 249.9444 13.90730407759169
COSMOS 1249 COOLANT
1 26503U 81021E   15062.34935453  .00000141  00000-0  18383-3 0  9990
2 26503 064.9605 322.1209 0045899 184.0272 280.8207 13.90731841759607
COSMOS 1249 COOLANT
1 26503U 81021E   15067.08926105  .00000143  00000-0  18503-3 0  9996
2 26503 064.9599 309.6891 0045483 182.4029 251.8878 13.90733912760264
COSMOS 1249 COOLANT
1 26503U 81021E   15071.04385596  .00000104  00000-0  15400-3 0  9990
2 26503 064.9594 299.3179 0045196 181.1002 251.1473 13.90735427760819
COSMOS 1249 COOLANT
1 26503U 81021E   15074.21562678  .00000115  00000-0  16300-3 0  9992
2 26503 064.9587 290.9972 0044904 180.0330 291.1214 13.90736670761254
COSMOS 1249 COOLANT
1 26503U 81021E   15076.23040686  .00000101  00000-0  15183-3 0  9999
2 26503 064.9584 285.7118 0044716 179.3589 298.4413 13.90737381761535
COSMOS 1249 COOLANT
1 26503U 81021E   15079.17770983  .00000163  00000-0  20075-3 0  9999
2 26503 064.9580 277.9801 0044464 178.4091 294.5680 13.90739258761944
COSMOS 1249 COOLANT
1 26503U 81021E   15082.12507238  .00000115  00000-0  16326-3 0  9990
2 26503 064.9579 270.2486 0044206 177.4180 291.0462 13.90740460762352
COSMOS 1249 COOLANT
1 26503U 81021E   15083.90115462  .00000161  00000-0  19954-3 0  9992
2 26503 064.9611 265.5883 0043721 177.0378 183.0935 13.90741978762599
COSMOS 1249 COOLANT
1 26503U 81021E   15086.86327753  .00000220  00000-0  24671-3 0  9996
2 26503 064.9580 257.8187 0043785 175.8509 253.6913 13.90743108763012
COSMOS 1249 COOLANT
1 26503U 81021E   15088.87765313  .00000250  00000-0  27046-3 0  9999
2 26503 064.9582 252.5346 0043624 175.2050 259.0061 13.90744464763290
COSMOS 1249 COOLANT
1 26503U 81021E   15091.04197024  .00000242  00000-0  26401-3 0  9995
2 26503 064.9584 246.8571 0043430 174.5112 295.0387 13.90745775763594
COSMOS 1249 COOLANT
1 26503U 81021E   15093.05665600  .00000232  00000-0  25581-3 0  9995
2 26503 064.9585 241.5726 0043281 173.8686 301.9234 13.90747120763876
COSMOS 1249 COOLANT
1 26503U 81021E   15095.78002580  .00000193  00000-0  22487-3 0  9997
2 26503 064.9588 234.4288 0043025 172.9840 256.9896 13.90748528764250
COSMOS 1249 COOLANT
1 26503U 81021E   15097.79451684  .00000176  00000-0  21142-3 0  9991
2 26503 064.9590 229.1440 0042802 172.3032 262.9562 13.90749607764530
COSMOS 1249 COOLANT
1 26503U 81021E   15099.93677036  .00000179  00000-0  21359-3 0  9993
2 26503 064.9563 223.5353 0042784 171.4651 188.7045 13.90750578764830
COSMOS 1249 COOLANT
1 26503U 81021E   15103.68957238  .00000131  00000-0  17559-3 0  9991
2 26503 064.9595 213.6810 0042229 170.3882 257.7386 13.90752509765350
COSMOS 1249 COOLANT
1 26503U 81021E   15107.64411145  .00000175  00000-0  21076-3 0  9990
2 26503 064.9594 203.3078 0041802 169.0971 256.9777 13.90754822765907
COSMOS 1249 COOLANT
1 26503U 81021E   15110.89002493  .00000198  00000-0  22932-3 0  9990
2 26503 064.9593 194.7941 0041515 168.0267 308.3666 13.90756722766356
COSMOS 1249 COOLANT
1 26503U 81021E   15113.83661146  .00000207  00000-0  23613-3 0  9991
2 26503 064.9592 187.0652 0041224 167.0463 301.1393 13.90758656766764
COSMOS 1249 COOLANT
1 26503U 81021E   15116.56091584  .00000132  00000-0  17708-3 0  9992
2 26503 064.9589 179.9196 0040968 166.1255 261.0347 13.90759888767140
COSMOS 1249 COOLANT
1 26503U 81021E   15118.57586956  .00000098  00000-0  15004-3 0  9995
2 26503 064.9585 174.6339 0040767 165.4225 269.4222 13.90760705767428
COSMOS 1249 COOLANT
1 26503U 81021E   15122.53030272  .00000082  00000-0  13682-3 0  9994
2 26503 064.9580 164.2608 0040387 164.0599 268.3127 13.90762053767974
COSMOS 1249 COOLANT
1 26503U 81021E   15125.47788517  .00000070  00000-0  12760-3 0  9995
2 26503 064.9578 156.5289 0040080 163.0253 266.1776 13.90763073768381
COSMOS 1249 COOLANT
1 26503U 81021E   15127.49234063  .00000078  00000-0  13396-3 0  9995
2 26503 064.9576 151.2447 0039882 162.3055 272.1113 13.90763942768665
COSMOS 1249 COOLANT
1 26503U 81021E   15131.44713171  .00000143  00000-0  18519-3 0  9992
2 26503 064.9573 140.8705 0039510 160.8560 272.9278 13.90765686769214
COSMOS 1249 COOLANT
1 26503U 81021E   15134.39463257  .00000220  00000-0  24672-3 0  9999
2 26503 064.9575 133.1388 0039236 159.7575 270.4900 13.90767519769623
COSMOS 1249 COOLANT
1 26503U 81021E   15137.34240948  .00000152  00000-0  19261-3 0  9999
2 26503 064.9579 125.4061 0038980 158.6323 269.4802 13.90768943770031
COSMOS 1249 COOLANT
1 26503U 81021E   15139.35663287  .00000131  00000-0  17604-3 0  9993
2 26503 064.9581 120.1230 0038776 157.8675 274.3396 13.90769967770319
COSMOS 1249 COOLANT
1 26503U 81021E   15142.52787186  .00000084  00000-0  13899-3 0  9990
2 26503 064.9583 111.8030 0038539 156.5595 312.2860 13.90771006770753
COSMOS 1249 COOLANT
1 26503U 81021E   15145.32567280  .00000053  00000-0  11444-3 0  9992
2 26503 064.9587 104.4636 0038316 155.4310 280.4635 13.90771764771144
COSMOS 1249 COOLANT
1 26503U 81021E   15148.27336985  .00000039  00000-0  10305-3 0  9994
2 26503 064.9591 096.7313 0038077 154.2396 279.1596 13.90772573771554
COSMOS 1249 COOLANT
1 26503U 81021E   15151.22056980  .00000089  00000-0  14249-3 0  9993
2 26503 064.9595 089.0005 0037848 153.0443 275.3795 13.90773654771961
COSMOS 1249 COOLANT
1 26503U 81021E   15153.45901799  .00000017  00000-0  85705-4 0  9994
2 26503 064.9597 083.1288 0037686 152.1224 322.9972 13.90773876772275
COSMOS 1249 COOLANT
1 26503U 81021E   15156.18267539  .00000068  00000-0  12599-3 0  9990
2 26503 064.9599 075.9843 0037483 151.0030 279.9971 13.90774755772650
COSMOS 1249 COOLANT
1 26503U 81021E   15158.19705012  .00000085  00000-0  13955-3 0  9992
2 26503 064.9601 070.7003 0037333 150.1707 285.7203 13.90775432772937
COSMOS 1249 COOLANT
1 26503U 81021E   15160.21119365  .00000117  00000-0  16477-3 0  9996
2 26503 064.9602 065.4173 0037194 149.3361 290.2930 13.90776233773218
COSMOS 1249 COOLANT
1 26503U 81021E   15161.14463171 +.00000108 +00000-0 +15795-3 0  9998
2 26503 064.9602 062.9687 0037133 148.9410 283.9148 13.90776542773340
COSMOS 1249 COOLANT
1 26503U 81021E   15162.37606631  .00000111  00000-0  15978-3 0  9991
2 26503 064.9602 059.7384 0037048 148.4277 329.5668 13.90777052773519
COSMOS 1249 COOLANT
1 26503U 81021E   15164.09191122 +.00000131 +00000-0 +17591-3 0  9991
2 26503 064.9601 055.2375 0036931 147.7088 280.6121 13.90777766773750
COSMOS 1249 COOLANT
1 26503U 81021E   15165.09927348  .00000127  00000-0  17323-3 0  9997
2 26503 064.9601 052.5950 0036869 147.2858 284.3662 13.90778137773898
COSMOS 1249 COOLANT
1 26503U 81021E   15165.32255937 +.00000120 +00000-0 +16710-3 0  9993
2 26503 064.9601 052.0094 0036847 147.1969 322.3299 13.90778198773920
COSMOS 1249 COOLANT
1 26503U 81021E   15168.12072027  .00000105  00000-0  15553-3 0  9998
2 26503 064.9601 044.6693 0036653 146.0319 292.4177 13.90779132774319
COSMOS 1249 COOLANT
1 26503U 81021E   15169.12777929 +.00000095 +00000-0 +14719-3 0  9993
2 26503 064.9601 042.0277 0036582 145.6148 294.6535 13.90779477774454
COSMOS 1249 COOLANT
1 26503U 81021E   15171.29235219  .00000050  00000-0  11155-3 0  9997
2 26503 064.9600 036.3498 0036438 144.7219 332.4364 13.90780056774752
COSMOS 1249 COOLANT
1 26503U 81021E   15176.03029231  .00000058  00000-0  11820-3 0  9996
2 26503 064.9598 023.9211 0036123 142.7512 294.8241 13.90781490775410
COSMOS 1249 COOLANT
1 26503U 81021E   15178.19428507  .00000037  00000-0  10147-3 0  9992
2 26503 064.9597 018.2440 0035980 141.8572 329.7187 13.90781981775711
COSMOS 1249 COOLANT
1 26503U 81021E   15181.14201451  .00000003  00000-0  74661-4 0  9993
2 26503 064.9597 010.5114 0035801 140.6516 328.6983 13.90782528776127
COSMOS 1249 COOLANT
1 26503U 81021E   15183.86558134 -.00000007  00000-0  66808-4 0  9996
2 26503 064.9598 003.3667 0035621 139.5186 285.4022 13.90783146776504
COSMOS 1249 COOLANT
1 26503U 81021E   15187.11150553  .00000044  00000-0  10694-3 0  9992
2 26503 064.9598 354.8512 0035367 138.1378 337.4787 13.90784029776958
COSMOS 1249 COOLANT
1 26503U 81021E   15191.06536029  .00000026  00000-0  92821-4 0  9990
2 26503 064.9602 344.4791 0035114 136.5326 334.0415 13.90784837777503
COSMOS 1249 COOLANT
1 26503U 81021E   15194.79686434  .00000047  00000-0  10930-3 0  9992
2 26503 064.9605 334.6907 0034867 134.9905 297.3592 13.90786061778021
COSMOS 1249 COOLANT
1 26503U 81021E   15201.92283714 -.00000014  00000-0  61180-4 0  9999
2 26503 064.9607 315.9985 0034376 132.1069 336.4555 13.90787239779019
COSMOS 1249 COOLANT
1 26503U 81021E   15203.93705039 -.00000012  00000-0  62736-4 0  9997
2 26503 064.9607 310.7149 0034221 131.2213 341.5135 13.90787615779293
COSMOS 1249 COOLANT
1 26503U 81021E   15209.60823065 -.00000020  00000-0  55999-4 0  9999
2 26503 064.9602 295.8394 0033870 128.8109 296.7390 13.90788435780082
COSMOS 1249 COOLANT
1 26503U 81021E   15211.84674977  .00000002  00000-0  73630-4 0  9995
2 26503 064.9599 289.9673 0033693 127.8076 344.9120 13.90788784780394
COSMOS 1249 COOLANT
1 26503U 81021E   15214.56977029  .00000017  00000-0  85251-4 0  9999
2 26503 064.9596 282.8243 0033499 126.6045 298.9527 13.90789352780776
COSMOS 1249 COOLANT
1 26503U 81021E   15216.80818553  .00000002  00000-0  73696-4 0  9998
2 26503 064.9592 276.9523 0033343 125.6004 346.6166 13.90789800781082
COSMOS 1249 COOLANT
1 26503U 81021E   15222.47945779  .00000024  00000-0  90795-4 0  9992
2 26503 064.9582 262.0750 0032974 123.0205 302.5223 13.90791000781870
COSMOS 1249 COOLANT
1 26503U 81021E   15225.50115949  .00000017  00000-0  85258-4 0  9997
2 26503 064.9580 254.1483 0032790 121.6136 312.1416 13.90791540782293
COSMOS 1249 COOLANT
1 26503U 81021E   15228.44833483  .00000023  00000-0  90493-4 0  9997
2 26503 064.9578 246.4171 0032619 120.2385 308.6197 13.90792263782704
COSMOS 1249 COOLANT
1 26503U 81021E   15231.39589269 -.00000023  00000-0  53433-4 0  9999
2 26503 064.9577 238.6848 0032455 118.8071 307.0747 13.90792624783111
COSMOS 1249 COOLANT
1 26503U 81021E   15233.41039414  .00000001  00000-0  73218-4 0  9994
2 26503 064.9577 233.4004 0032367 117.8470 313.6903 13.90793065783399
COSMOS 1249 COOLANT
1 26503U 81021E   15233.63279134 -.00000009 +00000-0 +64843-4 0  9996
2 26503 064.9574 232.8153 0032382 117.7375 347.2388 13.90793049783420
COSMOS 1249 COOLANT
1 26503U 81021E   15235.35066064 +.00000007 +00000-0 +77929-4 0  9999
2 26503 064.9576 228.3090 0032316 116.9138 308.6237 13.90793419783668
COSMOS 1249 COOLANT
1 26503U 81021E   15237.36519828  .00000018  00000-0  86102-4 0  9998
2 26503 064.9577 223.0239 0032231 115.9204 315.4596 13.90793837783944
COSMOS 1249 COOLANT
1 26503U 81021E   15241.31989675 +.00000010 +00000-0 +79730-4 0  9990
2 26503 064.9581 212.6495 0032088 113.9632 316.7423 13.90794737784494
COSMOS 1249 COOLANT
1 26503U 81021E   15242.32699252 -.00000003  00000-0  69530-4 0  9991
2 26503 064.9582 210.0077 0032062 113.4709 319.2942 13.90794923784632
COSMOS 1249 COOLANT
1 26503U 81021E   15242.55073182 -.00000008 +00000-0 +65813-4 0  9999
2 26503 064.9582 209.4207 0032040 113.3388 359.5844 13.90794947784664
COSMOS 1249 COOLANT
1 26503U 81021E   15243.33408716 -.00000006 +00000-0 +67129-4 0  9991
2 26503 064.9583 207.3657 0032018 112.9464 321.8725 13.90795106784776
COSMOS 1249 COOLANT
1 26503U 81021E   15244.26694824 +.00000004 +00000-0 +75030-4 0  9998
2 26503 064.9582 204.9178 0031981 112.4436 312.7773 13.90795317784909
COSMOS 1249 COOLANT
1 26503U 81021E   15246.28145984 +.00000015 +00000-0 +84252-4 0  9998
2 26503 064.9584 199.6328 0031927 111.4090 319.5364 13.90795681785189
COSMOS 1249 COOLANT
1 26503U 81021E   15248.22179604 +.00000018 +00000-0 +86022-4 0  9990
2 26503 064.9588 194.5430 0031884 110.4418 314.8700 13.90796101785456
COSMOS 1249 COOLANT
1 26503U 81021E   15252.47445867 -.00000001  00000-0  71474-4 0  9997
2 26503  64.9595 183.3886 0031806 108.3382   8.0997 13.90797050786045
COSMOS 1249 COOLANT
1 26503U 81021E   15253.18385567 -.00000000 +00000-0 +71966-4 0  9991
2 26503 064.9595 181.5277 0031793 107.9817 320.0820 13.90797181786140
COSMOS 1249 COOLANT
1 26503U 81021E   15254.19087071 +.00000008 +00000-0 +78584-4 0  9992
2 26503 064.9595 178.8863 0031776 107.4752 322.2521 13.90797425786282
COSMOS 1249 COOLANT
1 26503U 81021E   15255.42199339  .00000008  00000-0  78748-4 0  9992
2 26503  64.9595 175.6569 0031759 106.8559   6.5405 13.90797692786457
COSMOS 1249 COOLANT
1 26503U 81021E   15256.42948182 +.00000006 +00000-0 +76948-4 0  9999
2 26503 064.9595 173.0139 0031747 106.3531 011.0788 13.90797872786594
COSMOS 1249 COOLANT
1 26503U 81021E   15257.13834581 +.00000015 +00000-0 +84334-4 0  9993
2 26503 064.9595 171.1545 0031741 106.0096 320.3814 13.90798022786696
COSMOS 1249 COOLANT
1 26503U 81021E   15258.14509466  .00000031  00000-0  96865-4 0  9996
2 26503  64.9596 168.5138 0031725 105.4874 321.2374 13.90798285786832
COSMOS 1249 COOLANT
1 26503U 81021E   15259.37519856 +.00000029 +00000-0 +94867-4 0  9993
2 26503 064.9596 165.2873 0031709 104.8689 000.4279 13.90798544787009
COSMOS 1249 COOLANT
1 26503U 81021E   15260.16003565  .00000026  00000-0  92983-4 0  9991
2 26503  64.9595 163.2285 0031708 104.4836 330.1373 13.90798718787115
COSMOS 1249 COOLANT
1 26503U 81021E   15261.16695897 +.00000022 +00000-0 +89232-4 0  9996
2 26503 064.9595 160.5872 0031699 103.9848 331.8463 13.90798931787253
COSMOS 1249 COOLANT
1 26503U 81021E   15262.10016470 +.00000025 +00000-0 +91928-4 0  9993
2 26503 064.9594 158.1392 0031693 103.5192 324.4520 13.90799151787385
COSMOS 1249 COOLANT
1 26503U 81021E   15263.10725873  .00000026  00000-0  92743-4 0  9995
2 26503  64.9593 155.4974 0031691 103.0172 327.0204 13.90799411787524
COSMOS 1249 COOLANT
1 26503U 81021E   15264.11466528 +.00000017 +00000-0 +85479-4 0  9994
2 26503 064.9592 152.8548 0031687 102.5132 331.1566 13.90799637787668
COSMOS 1249 COOLANT
1 26503U 81021E   15265.04760565 +.00000011 +00000-0 +81013-4 0  9999
2 26503 064.9591 150.4075 0031676 102.0690 322.4153 13.90799851787795
COSMOS 1249 COOLANT
1 26503U 81021E   15267.06180821  .00000029  00000-0  95381-4 0  9996
2 26503  64.9587 145.1236 0031673 101.0723 327.6235 13.90800369788070
COSMOS 1249 COOLANT
1 26503U 81021E   15267.28611318 +.00000033 +00000-0 +98512-4 0  9994
2 26503 064.9587 144.5354 0031665 100.9492 010.7414 13.90800448788107
COSMOS 1249 COOLANT
1 26503U 81021E   15268.29330009 +.00000039 +00000-0 +10293-3 0  9996
2 26503 064.9586 141.8932 0031661 100.4461 013.7806 13.90800728788249
COSMOS 1249 COOLANT
1 26503U 81021E   15270.00921475  .00000052  00000-0  11355-3 0  9996
2 26503  64.9584 137.3918 0031650  99.5955 325.4540 13.90801209788484
COSMOS 1249 COOLANT
1 26503U 81021E   15272.02386723  .00000063  00000-0  12239-3 0  9995
2 26503  64.9582 132.1066 0031645  98.5972 332.9266 13.90801814788762
COSMOS 1249 COOLANT
1 26503U 81021E   15273.03110104 +.00000045 +00000-0 +10823-3 0  9992
2 26503 064.9582 129.4643 0031639 098.0966 336.2030 13.90802029788904
COSMOS 1249 COOLANT
1 26503U 81021E   15275.19504924  .00000048  00000-0  10984-3 0  9999
2 26503  64.9579 123.7871 0031629  97.0089  11.2304 13.90802704789202
COSMOS 1249 COOLANT
1 26503U 81021E   15276.20231689 +.00000048 +00000-0 +11037-3 0  9997
2 26503 064.9578 121.1447 0031623 096.5101 014.6781 13.90803019789346
COSMOS 1249 COOLANT
1 26503U 81021E   15277.99317338  .00000035  00000-0  10004-3 0  9999
2 26503  64.9576 116.4464 0031621  95.6407 341.5861 13.90803459789593
COSMOS 1249 COOLANT
1 26503U 81021E   15278.92612534 +.00000035 +00000-0 +99597-4 0  9994
2 26503 064.9575 113.9988 0031617 095.1825 332.9290 13.90803645789721
COSMOS 1249 COOLANT
1 26503U 81021E   15280.15688807  .00000035  00000-0  10006-3 0  9995
2 26503  64.9575 110.7699 0031608  94.5797  15.4264 13.90803907789899
COSMOS 1249 COOLANT
1 26503U 81021E   15281.16443350 +.00000042 +00000-0 +10506-3 0  9992
2 26503 064.9575 108.1267 0031611 094.1108 020.2397 13.90804223790038
COSMOS 1249 COOLANT
1 26503U 81021E   15283.88761723 +.00000028 +00000-0 +94542-4 0  9997
2 26503 064.9576 100.9827 0031597 092.8030 335.3550 13.90804832790412
COSMOS 1249 COOLANT
1 26503U 81021E   15284.11176220  .00000024  00000-0  91384-4 0  9993
2 26503  64.9577 100.3948 0031594  92.6844  17.6709 13.90804876790446
COSMOS 1249 COOLANT
1 26503U 81021E   15286.90919248  .00000004  00000-0  75155-4 0  9993
2 26503  64.9579  93.0560 0031577  91.3307 344.5605 13.90805543790839
COSMOS 1249 COOLANT
1 26503U 81021E   15286.90919248 +.00000004 +00000-0 +75155-4 0  9993
2 26503 064.9579 093.0560 0031577 091.3307 344.5605 13.90805543790839
COSMOS 1249 COOLANT
1 26503U 81021E   15287.84229547 +.00000016 +00000-0 +84532-4 0  9995
2 26503 064.9580 090.6081 0031569 090.8712 336.6683 13.90805800790965
COSMOS 1249 COOLANT
1 26503U 81021E   15288.84965543 +.00000016 +00000-0 +84399-4 0  9990
2 26503 064.9581 087.9653 0031558 090.3946 340.5666 13.90806000791107
COSMOS 1249 COOLANT
1 26503U 81021E   15290.08089500  .00000024  00000-0  90964-4 0  9993
2 26503  64.9582  84.7352 0031551  89.7888  25.4658 13.90806365791271
COSMOS 1249 COOLANT
1 26503U 81021E   15292.02098530 +.00000056 +00000-0 +11648-3 0  9998
2 26503 064.9585 079.6456 0031529 088.8357 019.6291 13.90806975791543
COSMOS 1249 COOLANT
1 26503U 81021E   15294.03558019  .00000080  00000-0  13564-3 0  9990
2 26503  64.9589  74.3608 0031492  87.8749  26.8185 13.90807749791824
COSMOS 1249 COOLANT
1 26503U 81021E   15295.04318378 +.00000084 +00000-0 +13884-3 0  9993
2 26503 064.9591 071.7173 0031481 087.3508 031.9921 13.90808154791962
COSMOS 1249 COOLANT
1 26503U 81021E   15296.75899513  .00000086  00000-0  14008-3 0  9998
2 26503  64.9595  67.2162 0031482  86.4368 343.2575 13.90808783792209
COSMOS 1249 COOLANT
1 26503U 81021E   15297.76608946 +.00000087 +00000-0 +14119-3 0  9992
2 26503 064.9597 064.5743 0031475 085.9340 345.8635 13.90809196792341
COSMOS 1249 COOLANT
1 26503U 81021E   15297.98842860 +.00000081 +00000-0 +13607-3 0  9996
2 26503 064.9597 063.9910 0031480 085.8040 019.1538 13.90809289792371
COSMOS 1249 COOLANT
1 26503U 81021E   15298.99703853  .00000067  00000-0  12531-3 0  9995
2 26503  64.9599  61.3451 0031473  85.2962  29.3548 13.90809637792511
COSMOS 1249 COOLANT
1 26503U 81021E   15300.71338112 +.00000057 +00000-0 +11732-3 0  9992
2 26503 064.9601 056.8427 0031460 084.4166 343.2540 13.90810128792753
COSMOS 1249 COOLANT
1 26503U 81021E   15302.92901994  .00000087  00000-0  14121-3 0  9999
2 26503  64.9601  51.0324 0031460  83.6900 276.7795 13.90811362793050
COSMOS 1249 COOLANT
1 26503U 81021E   15302.95165832 +.00000066 +00000-0 +12419-3 0  9990
2 26503 064.9605 050.9709 0031463 083.2419 030.5648 13.90810910793065
COSMOS 1249 COOLANT
1 26503U 81021E   15304.89203795 +.00000075 +00000-0 +13134-3 0  9991
2 26503 064.9609 045.8811 0031450 082.2512 026.2449 13.90811518793331
COSMOS 1249 COOLANT
1 26503U 81021E   15305.89905358  .00000092  00000-0  14491-3 0  9992
2 26503  64.9610  43.2395 0031450  81.7173  28.4969 13.90811917793478
COSMOS 1249 COOLANT
1 26503U 81021E   15305.89905358 +.00000092 +00000-0 +14491-3 0  9992
2 26503 064.9610 043.2395 0031450 081.7173 028.4969 13.90811917793478
COSMOS 1249 COOLANT
1 26503U 81021E   15306.90671444 +.00000085 +00000-0 +13948-3 0  9999
2 26503 064.9611 040.5963 0031464 081.2402 033.9240 13.90812222793614
COSMOS 1249 COOLANT
1 26503U 81021E   15308.62238690  .00000068  00000-0  12610-3 0  9998
2 26503  64.9612  36.0959 0031465  80.3689 344.4754 13.90812699793852
COSMOS 1249 COOLANT
1 26503U 81021E   15310.85955013  .00000047  00000-0  10941-3 0  9993
2 26503  64.9612  30.2276 0031474  79.2163  26.2064 13.90813288794163
COSMOS 1249 COOLANT
1 26503U 81021E   15312.57722370 +.00000056 +00000-0 +11619-3 0  9995
2 26503 064.9611 025.7218 0031475 078.3500 346.7794 13.90813871794408
COSMOS 1249 COOLANT
1 26503U 81021E   15313.58434178  .00000074  00000-0  13056-3 0  9990
2 26503  64.9611  23.0800 0031479  77.8326 349.5364 13.90814242794542
COSMOS 1249 COOLANT
1 26503U 81021E   15314.57764777  .00000060  00000-0  12011-3 0  9996
2 26503  64.9570  20.4857 0031428  79.4068 281.0565 13.90814436794687
COSMOS 1249 COOLANT
1 26503U 81021E   15315.59870550 +.00000078 +00000-0 +13394-3 0  9990
2 26503 064.9610 017.7958 0031501 076.7834 355.7077 13.90814904794829
COSMOS 1249 COOLANT
1 26503U 81021E   15316.82986203  .00000071  00000-0  12877-3 0  9998
2 26503  64.9609  14.5663 0031510  76.1470  40.2602 13.90815277794997
COSMOS 1249 COOLANT
1 26503U 81021E   15317.53919294 +.00000066 +00000-0 +12461-3 0  9996
2 26503 064.9609 012.7056 0031516 075.7856 351.9627 13.90815443795098
COSMOS 1249 COOLANT
1 26503U 81021E   15318.54599601 +.00000073 +00000-0 +13012-3 0  9995
2 26503 064.9608 010.0645 0031533 075.2648 353.1524 13.90815816795235
COSMOS 1249 COOLANT
1 26503U 81021E   15319.55346331  .00000058  00000-0  11809-3 0  9992
2 26503  64.9607   7.4216 0031551  74.7337 357.6789 13.90816086795374
COSMOS 1249 COOLANT
1 26503U 81021E   15319.77787301 +.00000058 +00000-0 +11815-3 0  9999
2 26503 064.9607 006.8329 0031556 074.6180 041.3272 13.90816204795402
COSMOS 1249 COOLANT
1 26503U 81021E   15321.49342770 +.00000068 +00000-0 +12621-3 0  9995
2 26503 064.9605 002.3324 0031588 073.7291 351.3326 13.90816839795648
COSMOS 1249 COOLANT
1 26503U 81021E   15322.50067510  .00000078  00000-0  13440-3 0  9995
2 26503  64.9603 359.6899 0031611  73.2006 354.7595 13.90817204795784
COSMOS 1249 COOLANT
1 26503U 81021E   15324.51534873  .00000068  00000-0  12625-3 0  9992
2 26503  64.9600 354.4044 0031661  72.1595   2.4963 13.90817822796066
COSMOS 1249 COOLANT
1 26503U 81021E   15325.52223473 +.00000070 +00000-0 +12774-3 0  9993
2 26503 064.9599 351.7628 0031685 071.6389 004.1093 13.90818134796208
COSMOS 1249 COOLANT
1 26503U 81021E   15326.52934209  .00000077  00000-0  13362-3 0  9991
2 26503  64.9598 349.1207 0031711  71.1181   6.8319 13.90818458796340
COSMOS 1249 COOLANT
1 26503U 81021E   15327.46268610 +.00000078 +00000-0 +13442-3 0  9991
2 26503 064.9597 346.6721 0031739 070.6481 000.1999 13.90818752796471
COSMOS 1249 COOLANT
1 26503U 81021E   15328.46961985 +.00000072 +00000-0 +12939-3 0  9991
2 26503 064.9597 344.0304 0031773 070.1308 002.0523 13.90819068796612
COSMOS 1249 COOLANT
1 26503U 81021E   15329.40275727  .00000059  00000-0  11854-3 0  9998
2 26503  64.9597 341.5824 0031801  69.6587 354.3900 13.90819291796749
COSMOS 1249 COOLANT
1 26503U 81021E   15330.41020925 +.00000055 +00000-0 +11558-3 0  9996
2 26503 064.9596 338.9394 0031834 069.1418 358.8385 13.90819572796887
COSMOS 1249 COOLANT
1 26503U 81021E   15331.41695694  .00000054  00000-0  11477-3 0  9997
2 26503  64.9596 336.2982 0031874  68.6238 359.7630 13.90819863797022
COSMOS 1249 COOLANT
1 26503U 81021E   15334.36433019  .00000047  00000-0  10930-3 0  9990
2 26503  64.9595 328.5658 0031996  67.1245 357.6553 13.90820648797431
COSMOS 1249 COOLANT
1 26503U 81021E   15336.60332324  .00000043  00000-0  10649-3 0  9999
2 26503  64.9595 322.6916 0032106  65.9767  48.6066 13.90821158797749
COSMOS 1249 COOLANT
1 26503U 81021E   15337.38629723 +.00000043 +00000-0 +10655-3 0  9994
2 26503 064.9595 320.6373 0032146 065.5872 009.0563 13.90821357797857
COSMOS 1249 COOLANT
1 26503U 81021E   15339.32625178  .00000049  00000-0  11099-3 0  9999
2 26503  64.9596 315.5481 0032231  64.6323   2.6459 13.90821874798125
COSMOS 1249 COOLANT
1 26503U 81021E   15340.33370462 +.00000052 +00000-0 +11311-3 0  9996
2 26503 064.9597 312.9053 0032286 064.1406 007.0824 13.90822146798262
COSMOS 1249 COOLANT
1 26503U 81021E   15341.56456226  .00000038  00000-0  10244-3 0  9993
2 26503  64.9598 309.6762 0032354  63.5294  50.1459 13.90822466798434
COSMOS 1249 COOLANT
1 26503U 81021E   15342.27369362 +.00000033 +00000-0 +98199-4 0  9997
2 26503 064.9598 307.8158 0032397 063.1791 000.8569 13.90822619798533
COSMOS 1249 COOLANT
1 26503U 81021E   15343.28107730 +.00000030 +00000-0 +96103-4 0  9998
2 26503 064.9598 305.1729 0032452 062.6866 004.9507 13.90822841798676
COSMOS 1249 COOLANT
1 26503U 81021E   15344.28827725  .00000041  00000-0  10427-3 0  9998
2 26503  64.9599 302.5308 0032510  62.1998   8.1199 13.90823143798812
COSMOS 1249 COOLANT
1 26503U 81021E   15345.51968840 +.00000042 +00000-0 +10521-3 0  9995
2 26503 064.9600 299.3006 0032581 061.6169 053.9308 13.90823524798986
COSMOS 1249 COOLANT
1 26503U 81021E   15346.52661058  .00000039  00000-0  10273-3 0  9998
2 26503  64.9601 296.6594 0032638  61.1397  55.7019 13.90823771799120
COSMOS 1249 COOLANT
1 26503U 81021E   15347.23530183 +.00000041 +00000-0 +10444-3 0  9994
2 26503 064.9601 294.8001 0032685 060.7931 004.2088 13.90823930799227
COSMOS 1249 COOLANT
1 26503U 81021E   15348.24272082 +.00000063 +00000-0 +12225-3 0  9990
2 26503 064.9601 292.1572 0032747 060.3095 008.4755 13.90824289799367
COSMOS 1249 COOLANT
1 26503U 81021E   15349.24968900  .00000086  00000-0  14009-3 0  9999
2 26503  64.9602 289.5155 0032814  59.8286  10.4842 13.90824732799504
COSMOS 1249 COOLANT
1 26503U 81021E   15350.48090572 +.00000071 +00000-0 +12850-3 0  9994
2 26503 064.9603 286.2858 0032889 059.2530 055.3208 13.90825093799670
COSMOS 1249 COOLANT
1 26503U 81021E   15351.26441182  .00000060  00000-0  11953-3 0  9999
2 26503  64.9603 284.2303 0032936  58.8917  18.4174 13.90825269799789
COSMOS 1249 COOLANT
1 26503U 81021E   15353.20425063 +.00000052 +00000-0 +11348-3 0  9994
2 26503 064.9603 279.1417 0033060 057.9851 011.4074 13.90825883800051
COSMOS 1249 COOLANT
1 26503U 81021E   15355.14459784  .00000055  00000-0  11543-3 0  9996
2 26503  64.9602 274.0518 0033191  57.0910   6.9353 13.90826602800327
COSMOS 1249 COOLANT
1 26503U 81021E   15356.15180646 +.00000060 +00000-0 +11969-3 0  9994
2 26503 064.9601 271.4097 0033259 056.6225 010.1440 13.90826966800460
COSMOS 1249 COOLANT
1 26503U 81021E   15357.14521657  .00000058  00000-0  11823-3 0  9991
2 26503  64.9617 268.8094 0033017  56.6639 303.7598 13.90827477800604
COSMOS 1249 COOLANT
1 26503U 81021E   15357.15904027 +.00000064 +00000-0 +12293-3 0  9997
2 26503 064.9600 268.7672 0033327 056.1625 013.4708 13.90827276800606
COSMOS 1249 COOLANT
1 26503U 81021E   15358.39048876 +.00000076 +00000-0 +13264-3 0  9997
2 26503 064.9598 265.5366 0033417 055.5989 059.4681 13.90827787800778
COSMOS 1249 COOLANT
1 26503U 81021E   15359.39749108  .00000074  00000-0  13055-3 0  9990
2 26503  64.9597 262.8948 0033488  55.1347  61.6434 13.90828111800914
COSMOS 1249 COOLANT
1 26503U 81021E   15360.10626248 +.00000066 +00000-0 +12439-3 0  9996
2 26503 064.9597 261.0355 0033535 054.8105 010.5403 13.90828268801012
COSMOS 1249 COOLANT
1 26503U 81021E   15361.33739781 +.00000072 +00000-0 +12948-3 0  9991
2 26503 064.9595 257.8055 0033621 054.2626 054.9579 13.90828677801186
COSMOS 1249 COOLANT
1 26503U 81021E   15362.12086984  .00000061  00000-0  12021-3 0  9999
2 26503  64.9595 255.7506 0033670  53.9045  17.8911 13.90828885801290
COSMOS 1249 COOLANT
1 26503U 81021E   15363.35171360 +.00000044 +00000-0 +10691-3 0  9990
2 26503 064.9593 252.5216 0033755 053.3508 060.8575 13.90829215801464
COSMOS 1249 COOLANT
1 26503U 81021E   15365.06839212  .00000019  00000-0  87292-4 0  9991
2 26503  64.9591 248.0182 0033880  52.5772  16.4538 13.90829543801704
COSMOS 1249 COOLANT
1 26503U 81021E   16001.29912128 +.00000028 +00000-0 +93977-4 0  9999
2 26503 064.9588 244.7894 0033969 052.0368 058.8366 13.90829943801878
COSMOS 1249 COOLANT
1 26503U 81021E   16002.15619365  .00000012  00000-0  81814-4 0  9992
2 26503  64.9586 242.5411 0034029  51.6576  30.2865 13.90830098801995
COSMOS 1249 COOLANT
1 26503U 81021E   16002.30658772 +.00000014 +00000-0 +83106-4 0  9992
2 26503 064.9586 242.1465 0034035 051.6004 063.3159 13.90830153802012
COSMOS 1249 COOLANT
1 26503U 81021E   16003.01546473 +.00000012 +00000-0 +81311-4 0  9999
2 26503 064.9585 240.2869 0034088 051.2756 012.7482 13.90830310802119
COSMOS 1249 COOLANT
1 26503U 81021E   16005.02965572  .00000028  00000-0  94351-4 0  9992
2 26503  64.9581 235.0028 0034235  50.3814  18.0162 13.90830774802391
COSMOS 1249 COOLANT
1 26503U 81021E   16005.25368234 +.00000029 +00000-0 +94938-4 0  9991
2 26503 064.9581 234.4150 0034254 050.2745 059.7490 13.90830846802423
COSMOS 1249 COOLANT
1 26503U 81021E   16006.26112447 +.00000035 +00000-0 +99865-4 0  9997
2 26503 064.9580 231.7721 0034325 049.8333 064.1147 13.90831132802565
COSMOS 1249 COOLANT
1 26503U 81021E   16012.22975873  .00000011  00000-0  81039-4 0  9998
2 26503  64.9575 216.1136 0034741  47.2327  69.6832 13.90832605803392
COSMOS 1249 COOLANT
1 26503U 81021E   16015.17741006  .00000013  00000-0  82201-4 0  9998
2 26503  64.9572 208.3805 0034943  45.9686  68.8693 13.90833337803807
COSMOS 1249 COOLANT
1 26503U 81021E   16017.11746619 +.00000025 +00000-0 +92098-4 0  9997
2 26503 064.9572 203.2906 0035082 045.1116 062.9532 13.90833766804071
COSMOS 1249 COOLANT
1 26503U 81021E   16019.13190080  .00000031  00000-0  96884-4 0  9990
2 26503  64.9574 198.0057 0035215  44.2300  69.4542 13.90834248804354
COSMOS 1249 COOLANT
1 26503U 81021E   16020.13919362 +.00000028 +00000-0 +93819-4 0  9995
2 26503 064.9576 195.3630 0035306 043.7651 073.1082 13.90834497804499
COSMOS 1249 COOLANT
1 26503U 81021E   16022.07895984  .00000033  00000-0  98182-4 0  9997
2 26503  64.9580 190.2738 0035514  42.8387  65.8187 13.90835068804763
COSMOS 1249 COOLANT
1 26503U 81021E   16023.08676074 +.00000018 +00000-0 +86547-4 0  9991
2 26503 064.9577 187.6302 0035425 042.4840 071.9111 13.90835267804909
COSMOS 1249 COOLANT
1 26503U 81021E   16024.87664744 -.00000001  00000-0  70764-4 0  9997
2 26503  64.9581 182.9342 0035644  41.6605  34.1245 13.90835645805156
COSMOS 1249 COOLANT
1 26503U 81021E   16025.80982788 +.00000001 +00000-0 +72656-4 0  9993
2 26503 064.9580 180.4863 0035600 041.2860 026.6370 13.90835826805287
COSMOS 1249 COOLANT
1 26503U 81021E   16027.82394855  .00000005  00000-0  75563-4 0  9993
2 26503  64.9582 175.2024 0035735  40.4018  31.5829 13.90836217805565
COSMOS 1249 COOLANT
1 26503U 81021E   16028.04826682 -.00000008 +00000-0 +65499-4 0  9997
2 26503 064.9582 174.6139 0035749 040.2941 074.7810 13.90836201805598
COSMOS 1249 COOLANT
1 26503U 81021E   16029.76444709 +.00000012 +00000-0 +81852-4 0  9998
2 26503 064.9585 170.1116 0035857 039.5424 027.9036 13.90836553805831
COSMOS 1249 COOLANT
1 26503U 81021E   16032.00282613  .00000025  00000-0  91614-4 0  9994
2 26503  64.9589 164.2394 0036018  38.5344  75.7698 13.90837087806140
COSMOS 1249 COOLANT
1 26503U 81021E   16034.72590369  .00000017  00000-0  85785-4 0  9998
2 26503  64.9592 157.0958 0036215  37.3494  30.5517 13.90837678806529
COSMOS 1249 COOLANT
1 26503U 81021E   16035.95734061 +.00000007 +00000-0 +77241-4 0  9990
2 26503 064.9593 153.8653 0036304 036.8148 076.5078 13.90837958806696
COSMOS 1249 COOLANT
1 26503U 81021E   16036.96411145  .00000007  00000-0  77251-4 0  9998
2 26503  64.9594 151.2243 0036374  36.3539  77.5582 13.90838239806830
COSMOS 1249 COOLANT
1 26503U 81021E   16036.96411145 +.00000007 +00000-0 +77251-4 0  9998
2 26503 064.9594 151.2243 0036374 036.3539 077.5582 13.90838239806830
COSMOS 1249 COOLANT
1 26503U 81021E   16038.68022256 +.00000032 +00000-0 +97367-4 0  9998
2 26503 064.9594 146.7226 0036484 035.6316 030.3178 13.90838713807079
COSMOS 1249 COOLANT
1 26503U 81021E   16040.69474630  .00000051  00000-0  11251-3 0  9997
2 26503  64.9595 141.4382 0036625  34.7350  37.3144 13.90839257807355
COSMOS 1249 COOLANT
1 26503U 81021E   16042.85907586  .00000063  00000-0  12207-3 0  9993
2 26503  64.9596 135.7602 0036801  33.7898  74.3967 13.90839890807659
COSMOS 1249 COOLANT
1 26503U 81021E   16044.87343841  .00000051  00000-0  11224-3 0  9990
2 26503  64.9596 130.4757 0036960  32.8986  80.5911 13.90840480807932
COSMOS 1249 COOLANT
1 26503U 81021E   16045.88041817 +.00000054 +00000-0 +11460-3 0  9995
2 26503 064.9595 127.8340 0037020 032.4631 082.6714 13.90840849808079
COSMOS 1249 COOLANT
1 26503U 81021E   16046.58950437 +.00000043 +00000-0 +10590-3 0  9991
2 26503 064.9596 125.9738 0037103 032.1655 033.1502 13.90840988808176
COSMOS 1249 COOLANT
1 26503U 81021E   16047.59689993  .00000052  00000-0  11335-3 0  9997
2 26503  64.9595 123.3310 0037184  31.7338  37.3097 13.90841322808319
COSMOS 1249 COOLANT
1 26503U 81021E   16048.60383251 +.00000053 +00000-0 +11417-3 0  9990
2 26503 064.9594 120.6893 0037278 031.2939 039.1602 13.90841624808452
COSMOS 1249 COOLANT
1 26503U 81021E   16049.83491036  .00000047  00000-0  10910-3 0  9997
2 26503  64.9592 117.4596 0037379  30.7698  83.3252 13.90841953808628
COSMOS 1249 COOLANT
1 26503U 81021E   16050.54413285 +.00000044 +00000-0 +10689-3 0  9997
2 26503 064.9592 115.5990 0037431 030.4810 034.4803 13.90842081808720
COSMOS 1249 COOLANT
1 26503U 81021E   16052.55839387  .00000044  00000-0  10663-3 0  9997
2 26503  64.9590 110.3145 0037603  29.6260  40.1442 13.90842498809000
COSMOS 1249 COOLANT
1 26503U 81021E   16056.51312649  .00000031  00000-0  96257-4 0  9994
2 26503  64.9586  99.9390 0037946  27.9763  41.9813 13.90843380809550
COSMOS 1249 COOLANT
1 26503U 81021E   16057.59384353 +.00000017 +00000-0 +85106-4 0  9999
2 26503 064.9585 097.1035 0038043 027.5323 053.2613 13.90843589809704
COSMOS 1249 COOLANT
1 26503U 81021E   16058.75121735  .00000002  00000-0  73791-4 0  9992
2 26503  64.9583  94.0666 0038148  27.0668  88.3621 13.90843802809864
COSMOS 1249 COOLANT
1 26503U 81021E   16059.53431921 +.00000003 +00000-0 +74529-4 0  9991
2 26503 064.9583 092.0120 0038220 026.7447 049.4485 13.90843950809971
COSMOS 1249 COOLANT
1 26503U 81021E   16060.69129895 +.00000001 +00000-0 +72780-4 0  9999
2 26503 064.9583 088.9768 0038329 026.2598 082.5961 13.90844134810137
COSMOS 1249 COOLANT
1 26503U 81021E   16061.69693583  .00000014  00000-0  82907-4 0  9996
2 26503  64.9583  86.3386 0038425  25.8512  77.9388 13.90844407810272
COSMOS 1249 COOLANT
1 26503U 81021E   16062.70561521 +.00000011 +00000-0 +80548-4 0  9991
2 26503 064.9582 083.6920 0038521 025.4443 088.5135 13.90844585810412
COSMOS 1249 COOLANT
1 26503U 81021E   16063.41487446 +.00000017 +00000-0 +85135-4 0  9996
2 26503 064.9582 081.8310 0038590 025.1681 039.8472 13.90844718810514
COSMOS 1249 COOLANT
1 26503U 81021E   16064.42173789  .00000035  00000-0  99404-4 0  9994
2 26503  64.9583  79.1893 0038689  24.7691  41.3230 13.90844979810650
COSMOS 1249 COOLANT
1 26503U 81021E   16065.42922603 +.00000045 +00000-0 +10782-3 0  9994
2 26503 064.9583 076.5458 0038794 024.3708 045.9270 13.90845248810799
COSMOS 1249 COOLANT
1 26503U 81021E   16066.43613605  .00000041  00000-0  10451-3 0  9994
2 26503  64.9584  73.9040 0038892  23.9799  47.6302 13.90845485810936
COSMOS 1249 COOLANT
1 26503U 81021E   16070.61461897  .00000030  00000-0  95253-4 0  9995
2 26503  64.9588  62.9409 0039301  22.3900  89.7096 13.90846704811517
COSMOS 1249 COOLANT
1 26503U 81021E   16071.62199223 +.00000029 +00000-0 +94780-4 0  9990
2 26503 064.9589 060.2979 0039386 022.0191 093.7180 13.90847010811658
COSMOS 1249 COOLANT
1 26503U 81021E   16072.33087069 +.00000036 +00000-0 +10055-3 0  9993
2 26503 064.9590 058.4380 0039474 021.7486 043.1458 13.90847222811759
COSMOS 1249 COOLANT
1 26503U 81021E   16073.33820693  .00000038  00000-0  10197-3 0  9991
2 26503  64.9591  55.7951 0039575  21.3760  46.9711 13.90847441811898
COSMOS 1249 COOLANT
1 26503U 81021E   16074.34539501 +.00000034 +00000-0 +98577-4 0  9993
2 26503 064.9592 053.1526 0039679 021.0069 050.0523 13.90847659812038
COSMOS 1249 COOLANT
1 26503U 81021E   16075.57627493  .00000047  00000-0  10898-3 0  9990
2 26503  64.9595  49.9232 0039806  20.5531  93.1832 13.90848084812201
COSMOS 1249 COOLANT
1 26503U 81021E   16076.58370637 +.00000051 +00000-0 +11266-3 0  9992
2 26503 064.9597 047.2802 0039904 020.1873 097.4818 13.90848362812346
COSMOS 1249 COOLANT
1 26503U 81021E   16078.29954084  .00000054  00000-0  11451-3 0  9995
2 26503  64.9601  42.7788 0040082  19.5659  48.8177 13.90848826812587
COSMOS 1249 COOLANT
1 26503U 81021E   16079.30683137 +.00000041 +00000-0 +10450-3 0  9990
2 26503 064.9602 040.1360 0040174 019.2175 052.3966 13.90849088812721
COSMOS 1249 COOLANT
1 26503U 81021E   16080.53828911  .00000022  00000-0  89231-4 0  9991
2 26503  64.9604  36.9053 0040299  18.7814  98.4086 13.90849353812894
COSMOS 1249 COOLANT
1 26503U 81021E   16081.24691265 +.00000024 +00000-0 +90742-4 0  9991
2 26503 064.9605 035.0463 0040370 018.5300 046.5467 13.90849532812995
COSMOS 1249 COOLANT
1 26503U 81021E   16082.25427233 +.00000023 +00000-0 +90306-4 0  9990
2 26503 064.9607 032.4036 0040471 018.1695 050.4859 13.90849773813132
COSMOS 1249 COOLANT
1 26503U 81021E   16083.48500178  .00000015  00000-0  83869-4 0  9993
2 26503  64.9608  29.1748 0040582  17.7437  92.8442 13.90850049813303
COSMOS 1249 COOLANT
1 26503U 81021E   16084.49247894 +.00000017 +00000-0 +85129-4 0  9991
2 26503 064.9609 026.5319 0040683 017.3948 097.3618 13.90850301813445
COSMOS 1249 COOLANT
1 26503U 81021E   16086.20861145  .00000025  00000-0  91225-4 0  9996
2 26503  64.9611  22.0299 0040851  16.7842  50.1905 13.90850661813680
COSMOS 1249 COOLANT
1 26503U 81021E   16091.17057963  .00000024  00000-0  90668-4 0  9992
2 26503  64.9615   9.0130 0041345  15.0799  55.1620 13.90851844814375
COSMOS 1249 COOLANT
1 26503U 81021E   16092.17767685 +.00000018 +00000-0 +86035-4 0  9998
2 26503 064.9614 006.3711 0041431 014.7461 057.7692 13.90852091814515
COSMOS 1249 COOLANT
1 26503U 81021E   16093.18471244  .00000013  00000-0  82193-4 0  9999
2 26503  64.9613   3.7294 0041518  14.4034  60.0777 13.90852336814658
COSMOS 1249 COOLANT
1 26503U 81021E   16094.11753620 +.00000015 +00000-0 +83882-4 0  9992
2 26503 064.9613 001.2822 0041616 014.0918 050.7957 13.90852535814785
COSMOS 1249 COOLANT
1 26503U 81021E   16095.12507036 +.00000022 +00000-0 +89212-4 0  9993
2 26503 064.9612 358.6388 0041715 013.7577 055.5928 13.90852768814922
COSMOS 1249 COOLANT
1 26503U 81021E   16096.35556804  .00000027  00000-0  93444-4 0  9993
2 26503  64.9610 355.4104 0041834  13.3512  96.7848 13.90853108815094
COSMOS 1249 COOLANT
1 26503U 81021E   16098.14633369 +.00000031 +00000-0 +96246-4 0  9992
2 26503 064.9609 350.7122 0042003 012.7470 063.2939 13.90853509815348
COSMOS 1249 COOLANT
1 26503U 81021E   16099.07929578  .00000035  00000-0  99659-4 0  9990
2 26503  64.9608 348.2645 0042094  12.4405  54.7032 13.90853699815477
COSMOS 1249 COOLANT
1 26503U 81021E   16100.08648355 +.00000038 +00000-0 +10219-3 0  9992
2 26503 064.9607 345.6223 0042173 012.1041 057.7732 13.90853982815611
COSMOS 1249 COOLANT
1 26503U 81021E   16102.02649598  .00000017  00000-0  84884-4 0  9995
2 26503  64.9606 340.5333 0042325  11.4663  51.5632 13.90854394815885
COSMOS 1249 COOLANT
1 26503U 81021E   16103.03378564 +.00000020 +00000-0 +87249-4 0  9991
2 26503 064.9604 337.8902 0042425 011.1325 055.1429 13.90854621816021
COSMOS 1249 COOLANT
1 26503U 81021E   16106.05543032  .00000029  00000-0  94561-4 0  9994
2 26503  64.9600 329.9631 0042698  10.1077  64.7884 13.90855431816440
COSMOS 1249 COOLANT
1 26503U 81021E   16108.21937649  .00000038  00000-0  10221-3 0  9995
2 26503  64.9596 324.2851 0042897   9.3846  99.8540 13.90855899816740
COSMOS 1249 COOLANT
1 26503U 81021E   16109.22597488 +.00000041 +00000-0 +10422-3 0  9997
2 26503 064.9595 321.6445 0042975 009.0482 099.9811 13.90856186816886
COSMOS 1249 COOLANT
1 26503U 81021E   16110.23370520  .00000032  00000-0  97290-4 0  9995
2 26503  64.9594 319.0008 0043043   8.7206 105.7675 13.90856396817022
COSMOS 1249 COOLANT
1 26503U 81021E   16113.18136841  .00000012  00000-0  81647-4 0  9995
2 26503  64.9591 311.2668 0043313   7.7210 104.9993 13.90857003817434
COSMOS 1249 COOLANT
1 26503U 81021E   16114.18847286 -.00000004 +00000-0 +68768-4 0  9999
2 26503 064.9590 308.6244 0043395 007.3864 107.6625 13.90857178817574
COSMOS 1249 COOLANT
1 26503U 81021E   16117.13583541 -.00000008  00000-0  65374-4 0  9992
2 26503  64.9589 300.8915 0043656   6.3811 105.4020 13.90857675817984
COSMOS 1249 COOLANT
1 26503U 81021E   16118.92598762 -.00000004 +00000-0 +68713-4 0  9997
2 26503 064.9588 296.1945 0043804 005.7742 068.8724 13.90857988818233
COSMOS 1249 COOLANT
1 26503U 81021E   16119.93294075  .00000008  00000-0  78028-4 0  9992
2 26503  64.9588 293.5525 0043889   5.4298  70.7908 13.90858185818375
COSMOS 1249 COOLANT
1 26503U 81021E   16119.93294075 +.00000008 +00000-0 +78028-4 0  9992
2 26503 064.9588 293.5525 0043889 005.4298 070.7908 13.90858185818375
COSMOS 1249 COOLANT
1 26503U 81021E   16122.09741990  .00000022  00000-0  88838-4 0  9992
2 26503  64.9588 287.8735 0044050   4.6837 108.5701 13.90858645818670
COSMOS 1249 COOLANT
1 26503U 81021E   16123.10428303 +.00000012 +00000-0 +81083-4 0  9999
2 26503 064.9589 285.2316 0044137 004.3388 110.0412 13.90858824818814
COSMOS 1249 COOLANT
1 26503U 81021E   16124.82053535  .00000011  00000-0  80047-4 0  9998
2 26503  64.9589 280.7286 0044280   3.7513  63.5007 13.90859170819056
COSMOS 1249 COOLANT
1 26503U 81021E   16125.04457383 +.00000007 +00000-0 +77296-4 0  9999
2 26503 064.9589 280.1408 0044305 003.6732 105.2869 13.90859210819084
COSMOS 1249 COOLANT
1 26503U 81021E   16126.05194767 -.00000006 +00000-0 +67201-4 0  9990
2 26503 064.9589 277.4977 0044392 003.3382 109.3072 13.90859379819221
COSMOS 1249 COOLANT
1 26503U 81021E   16128.06648211 -.00000016  00000-0  58826-4 0  9995
2 26503  64.9590 272.2124 0044562   2.6433 116.3071 13.90859776819507
COSMOS 1249 COOLANT
1 26503U 81021E   16128.84906459 -.00000004 +00000-0 +68655-4 0  9990
2 26503 064.9591 270.1591 0044626 002.3535 074.8061 13.90859978819617
COSMOS 1249 COOLANT
1 26503U 81021E   16131.01372775  .00000014  00000-0  83091-4 0  9992
2 26503  64.9592 264.4797 0044816   1.5961 113.5327 13.90860520819911
COSMOS 1249 COOLANT
1 26503U 81021E   16132.80354318 +.00000022 +00000-0 +89141-4 0  9994
2 26503 064.9594 259.7838 0044971 000.9743 075.3501 13.90860902820161
COSMOS 1249 COOLANT
1 26503U 81021E   16134.96713113  .00000007  00000-0  77236-4 0  9990
2 26503  64.9595 254.1075 0045165   0.2174 108.6995 13.90861336820463
COSMOS 1249 COOLANT
1 26503U 81021E   16134.96713113 +.00000007 +00000-0 +77236-4 0  9990
2 26503 064.9595 254.1075 0045165 000.2174 108.6995 13.90861336820463
COSMOS 1249 COOLANT
1 26503U 81021E   16138.69842772  .00000003  00000-0  74318-4 0  9992
2 26503  64.9596 244.3183 0045549 358.9893  71.6872 13.90862065820982
COSMOS 1249 COOLANT
1 26503U 81021E   16146.60720086  .00000011  00000-0  80271-4 0  9999
2 26503  64.9595 223.5700 0046332 356.3009  71.8469 13.90863504822083
COSMOS 1249 COOLANT
1 26503U 81021E   16148.84576567 -.00000021  00000-0  55389-4 0  9994
2 26503  64.9591 217.6971 0046501 355.5674 120.5867 13.90863852822394
COSMOS 1249 COOLANT
1 26503U 81021E   16150.56143610 -.00000017 +00000-0 +58519-4 0  9998
2 26503 064.9589 213.1962 0046664 354.9997 071.1433 13.90864124822633
COSMOS 1249 COOLANT
1 26503U 81021E   16151.56898297 -.00000009  00000-0  64253-4 0  9990
2 26503  64.9588 210.5532 0046752 354.6532  76.0589 13.90864323822778
COSMOS 1249 COOLANT
1 26503U 81021E   16154.51596272  .00000006  00000-0  76176-4 0  9999
2 26503  64.9584 202.8219 0047037 353.6779  71.9266 13.90864796823185
COSMOS 1249 COOLANT
1 26503U 81021E   16155.52305619 +.00000018 +00000-0 +86083-4 0  9995
2 26503 064.9584 200.1801 0047123 353.3407 074.5649 13.90865003823326
COSMOS 1249 COOLANT
1 26503U 81021E   16156.53030388  .00000016  00000-0  84212-4 0  9995
2 26503  64.9581 197.5367 0047202 353.0288  77.9518 13.90865180823464
COSMOS 1249 COOLANT
1 26503U 81021E   16158.47062591 +.00000004 +00000-0 +74680-4 0  9996
2 26503 064.9580 192.4465 0047378 352.3870 073.3746 13.90865526823736
COSMOS 1249 COOLANT
1 26503U 81021E   16159.47784987 -.00000000  00000-0  71592-4 0  9993
2 26503  64.9580 189.8041 0047490 352.0626  76.6570 13.90865737823877
COSMOS 1249 COOLANT
1 26503U 81021E   16160.48496822 -.00000007 +00000-0 +65993-4 0  9999
2 26503 064.9580 187.1623 0047598 351.7351 079.4142 13.90865947824010
COSMOS 1249 COOLANT
1 26503U 81021E   16162.42493147 -.00000028  00000-0  49220-4 0  9990
2 26503  64.9577 182.0715 0047794 351.1430  72.9964 13.90866180824281
COSMOS 1249 COOLANT
1 26503U 81021E   16163.43216498 -.00000017 +00000-0 +58467-4 0  9995
2 26503 064.9575 179.4282 0047893 350.8386 076.3086 13.90866342824423
COSMOS 1249 COOLANT
1 26503U 81021E   16164.43927377 -.00000009  00000-0  64377-4 0  9999
2 26503  64.9574 176.7857 0047992 350.5295  79.0016 13.90866507824567
COSMOS 1249 COOLANT
1 26503U 81021E   16165.44654144 -.00000006 +00000-0 +66581-4 0  9996
2 26503 064.9575 174.1434 0048107 350.2058 082.5048 13.90866684824700
COSMOS 1249 COOLANT
1 26503U 81021E   16167.38637794  .00000004  00000-0  74746-4 0  9992
2 26503  64.9573 169.0536 0048438 349.5471  75.5217 13.90866992824972
COSMOS 1249 COOLANT
1 26503U 81021E   16168.39375207 +.00000012 +00000-0 +81227-4 0  9993
2 26503 064.9575 166.4106 0048485 349.2665 079.5177 13.90867211825113
COSMOS 1249 COOLANT
1 26503U 81021E   16171.34115889 -.00000020  00000-0  55474-4 0  9995
2 26503  64.9578 158.6775 0048694 348.4190  77.4299 13.90867676825529
COSMOS 1249 COOLANT
1 26503U 81021E   16172.34818552 -.00000027 +00000-0 +50653-4 0  9994
2 26503 064.9579 156.0358 0048788 348.1167 079.7092 13.90867794825666
COSMOS 1249 COOLANT
1 26503U 81021E   16173.35564964 -.00000034  00000-0  44795-4 0  9999
2 26503  64.9580 153.3924 0048915 347.8140  84.1799 13.90867927825804
COSMOS 1249 COOLANT
1 26503U 81021E   16173.57823096 -.00000037 +00000-0 +42079-4 0  9993
2 26503 064.9578 152.8068 0048833 347.8276 118.5884 13.90867963825833
COSMOS 1249 COOLANT
1 26503U 81021E   16175.36963113 -.00000036  00000-0  43361-4 0  9991
2 26503  64.9580 148.1074 0049007 347.2851  88.3091 13.90868218826084
COSMOS 1249 COOLANT
1 26503U 81021E   16177.31007036 -.00000017 +00000-0 +58182-4 0  9997
2 26503 064.9583 143.0162 0049190 346.7214 084.2606 13.90868497826355
COSMOS 1249 COOLANT
1 26503U 81021E   16178.54111376 -.00000021  00000-0  55075-4 0  9999
2 26503  64.9585 139.7867 0049286 346.3627 128.2064 13.90868656826524
COSMOS 1249 COOLANT
1 26503U 81021E   16179.24999135 -.00000018 +00000-0 +57628-4 0  9996
2 26503 064.9586 137.9267 0049359 346.1590 077.6183 13.90868765826628
COSMOS 1249 COOLANT
1 26503U 81021E   16180.48110161 -.00000017 +00000-0 +58280-4 0  9992
2 26503 064.9588 134.6965 0049481 345.8093 121.8913 13.90868946826791
COSMOS 1249 COOLANT
1 26503U 81021E   16182.27183079 -.00000026  00000-0  51033-4 0  9998
2 26503  64.9591 129.9986 0049634 345.3032  88.2226 13.90869224827045
COSMOS 1249 COOLANT
1 26503U 81021E   16184.21127463 -.00000045 +00000-0 +36185-4 0  9991
2 26503 064.9593 124.9102 0049803 344.7491 079.1879 13.90869411827313
COSMOS 1249 COOLANT
1 26503U 81021E   16186.22588170 -.00000046  00000-0  35521-4 0  9994
2 26503  64.9594 119.6247 0049976 344.1866  86.4892 13.90869568827595
COSMOS 1249 COOLANT
1 26503U 81021E   16186.44875266 -.00000048 +00000-0 +34000-4 0  9996
2 26503 064.9594 119.0399 0049994 344.1256 122.4214 13.90869602827622
COSMOS 1249 COOLANT
1 26503U 81021E   16188.16602029 -.00000039 +00000-0 +40685-4 0  9998
2 26503 064.9595 114.5344 0050138 343.6403 080.9272 13.90869764827860
COSMOS 1249 COOLANT
1 26503U 81021E   16190.18038345 -.00000014  00000-0  60729-4 0  9991
2 26503  64.9597 109.2496 0050309 343.0774  87.0106 13.90870043828144
COSMOS 1249 COOLANT
1 26503U 81021E   16192.12044159 -.00000011 +00000-0 +62563-4 0  9992
2 26503 064.9598 104.1598 0050464 342.5310 081.0504 13.90870398828413
COSMOS 1249 COOLANT
1 26503U 81021E   16193.12743206 -.00000010  00000-0  63777-4 0  9999
2 26503  64.9599 101.5179 0050547 342.2488  83.1387 13.90870575828559
COSMOS 1249 COOLANT
1 26503U 81021E   16196.37289617 -.00000029  00000-0  48914-4 0  9996
2 26503  64.9600  93.0037 0050777 341.3414 133.4592 13.90871065829007
COSMOS 1249 COOLANT
1 26503U 81021E   16197.08206109 -.00000022 +00000-0 +54425-4 0  9997
2 26503 064.9601 091.1437 0050837 341.1257 084.3274 13.90871192829104
COSMOS 1249 COOLANT
1 26503U 81021E   16198.31332267 -.00000013 +00000-0 +61366-4 0  9991
2 26503 064.9599 087.9127 0050945 340.7889 129.3557 13.90871396829273
COSMOS 1249 COOLANT
1 26503U 81021E   16199.31922633 -.00000012  00000-0  61929-4 0  9998
2 26503  64.9597  85.2732 0051014 340.5097 126.0025 13.90871512829411
COSMOS 1249 COOLANT
1 26503U 81021E   16200.10355475 -.00000012 +00000-0 +61881-4 0  9999
2 26503 064.9597 083.2153 0051074 340.2918 093.2034 13.90871610829527
COSMOS 1249 COOLANT
1 26503U 81021E   16201.03665773 -.00000020 +00000-0 +55730-4 0  9992
2 26503 064.9596 080.7670 0051158 340.0287 085.3359 13.90871679829653
COSMOS 1249 COOLANT
1 26503U 81021E   16202.04398471 -.00000015  00000-0  59797-4 0  9993
2 26503  64.9596  78.1242 0051230 339.7407  89.1187 13.90871792829791
COSMOS 1249 COOLANT
1 26503U 81021E   16208.23692307 -.00000043  00000-0  37258-4 0  9994
2 26503  64.9593  61.8755 0051698 337.9954 137.7459 13.90872633830655
COSMOS 1249 COOLANT
1 26503U 81021E   16208.23692307 -.00000043 +00000-0 +37258-4 0  9994
2 26503 064.9593 061.8755 0051698 337.9954 137.7459 13.90872633830655
COSMOS 1249 COOLANT
1 26503U 81021E   16218.15949223 -.00000042  00000-0  38064-4 0  9993
2 26503  64.9595  35.8402 0052466 335.1394 141.0810 13.90873866832031
COSMOS 1249 COOLANT
1 26503U 81021E   16219.87555821 -.00000034 +00000-0 +44661-4 0  9991
2 26503 064.9596 031.3375 0052608 334.6376 093.6136 13.90874067832277
COSMOS 1249 COOLANT
1 26503U 81021E   16220.88287245 -.00000034  00000-0  44883-4 0  9992
2 26503  64.9596  28.6944 0052691 334.3483  97.3430 13.90874183832419
COSMOS 1249 COOLANT
1 26503U 81021E   16221.10687707 -.00000040 +00000-0 +40134-4 0  9997
2 26503 064.9595 028.1065 0052713 334.2697 138.9724 13.90874149832441
COSMOS 1249 COOLANT
1 26503U 81021E   16222.82274569 -.00000030 +00000-0 +48185-4 0  9998
2 26503 064.9598 023.6045 0052863 333.7827 090.5038 13.90874368832687
COSMOS 1249 COOLANT
1 26503U 81021E   16224.05427175 -.00000017  00000-0  58247-4 0  9993
2 26503  64.9598  20.3730 0052974 333.4360 136.8798 13.90874543832855
COSMOS 1249 COOLANT
1 26503U 81021E   16224.83738633 -.00000014 +00000-0 +60650-4 0  9991
2 26503 064.9600 018.3181 0053041 333.2156 098.0144 13.90874661832960
COSMOS 1249 COOLANT
1 26503U 81021E   16225.06134466 -.00000015 +00000-0 +59412-4 0  9996
2 26503 064.9600 017.7305 0053057 333.1490 139.4005 13.90874717832999
COSMOS 1249 COOLANT
1 26503U 81021E   16226.06872834 -.00000022 +00000-0 +54348-4 0  9996
2 26503 064.9602 015.0876 0053134 332.8567 143.4832 13.90874860833131
COSMOS 1249 COOLANT
1 26503U 81021E   16228.79163459 -.00000025  00000-0  51990-4 0  9997
2 26503  64.9605   7.9435 0053360 332.0488  97.3989 13.90875232833516
COSMOS 1249 COOLANT
1 26503U 81021E   16230.00005932 -.00000024  00000-0  52983-4 0  9997
2 26503  64.9564   4.7822 0051912 331.0510  28.7840 13.90875637833682
COSMOS 1249 COOLANT
1 26503U 81021E   16230.02291932 -.00000035 +00000-0 +43530-4 0  9996
2 26503 064.9606 004.7130 0053464 331.6912 142.5817 13.90875396833688
COSMOS 1249 COOLANT
1 26503U 81021E   16230.02291932 -.00000035  00000-0  43530-4 0  9996
2 26503  64.9606   4.7130 0053464 331.6912 142.5817 13.90875396833688
COSMOS 1249 COOLANT
1 26503U 81021E   16233.75325411 -.00000020  00000-0  55657-4 0  9996
2 26503  64.9608 354.9258 0053780 330.6024 100.8006 13.90875865834202
COSMOS 1249 COOLANT
1 26503U 81021E   16233.97715369 -.00000022 +00000-0 +54079-4 0  9994
2 26503 064.9608 354.3383 0053800 330.5378 141.8916 13.90875907834234
COSMOS 1249 COOLANT
1 26503U 81021E   16236.70039560 -.00000011  00000-0  62457-4 0  9997
2 26503  64.9610 347.1934 0054038 329.7495  97.4778 13.90876289834611
COSMOS 1249 COOLANT
1 26503U 81021E   16238.93893697 -.00000027  00000-0  50344-4 0  9992
2 26503  64.9611 341.3205 0054231 329.1051 146.1124 13.90876618834923
COSMOS 1249 COOLANT
1 26503U 81021E   16238.93893697 -.00000027 +00000-0 +50344-4 0  9992
2 26503 064.9611 341.3205 0054231 329.1051 146.1124 13.90876618834923
COSMOS 1249 COOLANT
1 26503U 81021E   16240.65464300 -.00000023 +00000-0 +53241-4 0  9994
2 26503 064.9611 336.8195 0054376 328.6097 096.8530 13.90876861835163
COSMOS 1249 COOLANT
1 26503U 81021E   16241.88635508 -.00000019  00000-0  56699-4 0  9995
2 26503  64.9608 333.5877 0054478 328.2593 144.1753 13.90877058835332
COSMOS 1249 COOLANT
1 26503U 81021E   16244.60944536  .00000001  00000-0  72343-4 0  9996
2 26503  64.9606 326.4435 0054712 327.4696  99.0153 13.90877514835718
COSMOS 1249 COOLANT
1 26503U 81021E   16245.61648531 +.00000015 +00000-0 +83353-4 0  9992
2 26503 064.9605 323.8012 0054809 327.1900 101.3734 13.90877695835858
COSMOS 1249 COOLANT
1 26503U 81021E   16247.63074255  .00000020  00000-0  87472-4 0  9994
2 26503  64.9602 318.5164 0054984 326.6241 106.9882 13.90878132836134
COSMOS 1249 COOLANT
1 26503U 81021E   16248.56365918 +.00000020 +00000-0 +87255-4 0  9995
2 26503 064.9601 316.0687 0055068 326.3589 098.2120 13.90878326836269
COSMOS 1249 COOLANT
1 26503U 81021E   16249.57063922 +.00000019 +00000-0 +86729-4 0  9990
2 26503 064.9600 313.4269 0055155 326.0759 100.2773 13.90878524836402
COSMOS 1249 COOLANT
1 26503U 81021E   16250.57778072  .00000010  00000-0  79659-4 0  9996
2 26503  64.9598 310.7845 0055242 325.7961 103.1487 13.90878709836540
COSMOS 1249 COOLANT
1 26503U 81021E   16251.80930647 -.00000006 +00000-0 +66928-4 0  9992
2 26503 064.9595 307.5529 0055363 325.4592 149.5338 13.90878947836713
COSMOS 1249 COOLANT
1 26503U 81021E   16253.52516353  .00000005  00000-0  75347-4 0  9990
2 26503  64.9592 303.0509 0055519 324.9798 101.0302 13.90879306836954
COSMOS 1249 COOLANT
1 26503U 81021E   16254.53223558 +.00000012 +00000-0 +80509-4 0  9998
2 26503 064.9590 300.4084 0055610 324.7053 103.5511 13.90879494837098
COSMOS 1249 COOLANT
1 26503U 81021E   16255.53971273  .00000007  00000-0  76930-4 0  9990
2 26503  64.9588 297.7650 0055700 324.4306 108.1010 13.90879634837237
COSMOS 1249 COOLANT
1 26503U 81021E   16257.47959582 +.00000013 +00000-0 +81323-4 0  9993
2 26503 064.9583 292.6741 0055885 323.9175 101.2978 13.90879959837506
COSMOS 1249 COOLANT
1 26503U 81021E   16258.48659873  .00000021  00000-0  88166-4 0  9996
2 26503  64.9583 290.0322 0055963 323.6351 103.4834 13.90880196837648
COSMOS 1249 COOLANT
1 26503U 81021E   16261.43412186  .00000001  00000-0  72238-4 0  9990
2 26503  64.9580 282.2984 0056212 322.8364 102.0666 13.90880773838050
COSMOS 1249 COOLANT
1 26503U 81021E   16262.44118321 -.00000003 +00000-0 +69232-4 0  9999
2 26503 064.9579 279.6564 0056295 322.5613 104.5403 13.90880945838199
COSMOS 1249 COOLANT
1 26503U 81021E   16263.44831197 -.00000006  00000-0  66718-4 0  9992
2 26503  64.9579 277.0141 0056375 322.2901 107.3485 13.90881139838331
COSMOS 1249 COOLANT
1 26503U 81021E   16266.39591613  .00000005  00000-0  75655-4 0  9993
2 26503  64.9575 269.2793 0056632 321.5208 106.3180 13.90881736838740
COSMOS 1249 COOLANT
1 26503U 81021E   16267.40292973 +.00000013 +00000-0 +81946-4 0  9992
2 26503 064.9575 266.6367 0056715 321.2631 108.5386 13.90881922838881
COSMOS 1249 COOLANT
1 26503U 81021E   16268.48370697  .00000011  00000-0  80312-4 0  9995
2 26503  64.9575 263.8005 0056802 320.9872 120.1012 13.90882084839033
COSMOS 1249 COOLANT
1 26503U 81021E   16270.34990919 +.00000014 +00000-0 +82500-4 0  9992
2 26503 064.9577 258.9036 0056931 320.5108 104.3699 13.90882427839299
COSMOS 1249 COOLANT
1 26503U 81021E   16271.35745462  .00000025  00000-0  90831-4 0  9993
2 26503  64.9578 256.2601 0057024 320.2543 109.2551 13.90882703839437
COSMOS 1249 COOLANT
1 26503U 81021E   16272.58758426 +.00000013 +00000-0 +81351-4 0  9997
2 26503 064.9578 253.0321 0057129 319.9557 148.6295 13.90882960839603
COSMOS 1249 COOLANT
1 26503U 81021E   16273.59563807  .00000004  00000-0  74655-4 0  9995
2 26503  64.9579 250.3871 0057185 319.6996 156.0619 13.90883168839749
COSMOS 1249 COOLANT
1 26503U 81021E   16275.31159900 -.00000001 +00000-0 +70331-4 0  9997
2 26503 064.9580 245.8846 0057303 319.2641 108.0606 13.90883455839985
COSMOS 1249 COOLANT
1 26503U 81021E   16276.31870635 -.00000002  00000-0  69665-4 0  9992
2 26503  64.9581 243.2420 0057377 319.0165 110.7469 13.90883651840129
COSMOS 1249 COOLANT
1 26503U 81021E   16278.25896098 -.00000004 +00000-0 +68352-4 0  9992
2 26503 064.9584 238.1511 0057511 318.5236 105.8121 13.90884003840390
COSMOS 1249 COOLANT
1 26503U 81021E   16279.26598558  .00000012  00000-0  80492-4 0  9991
2 26503  64.9585 235.5088 0057582 318.2745 108.0874 13.90884230840539
COSMOS 1249 COOLANT
1 26503U 81021E   16280.27342684 +.00000019 +00000-0 +86240-4 0  9995
2 26503 064.9586 232.8655 0057651 318.0240 112.4505 13.90884415840675
COSMOS 1249 COOLANT
1 26503U 81021E   16281.28036030  .00000024  00000-0  90125-4 0  9995
2 26503  64.9588 230.2234 0057716 317.7783 114.2680 13.90884672840817
COSMOS 1249 COOLANT
1 26503U 81021E   16283.22038373 +.00000018 +00000-0 +85194-4 0  9996
2 26503 064.9591 225.1333 0057846 317.2972 108.1707 13.90885071841089
COSMOS 1249 COOLANT
1 26503U 81021E   16284.22763054  .00000020  00000-0  87423-4 0  9998
2 26503  64.9592 222.4905 0057910 317.0496 111.5611 13.90885304841223
COSMOS 1249 COOLANT
1 26503U 81021E   16302.28376366  .00000025  00000-0  90694-4 0  9990
2 26503  64.9574 175.1111 0059080 312.7356 160.5258 13.90889102843732
COSMOS 1249 COOLANT
1 26503U 81021E   16305.08058051 +.00000032 +00000-0 +96482-4 0  9998
2 26503 064.9569 167.7715 0059249 312.0813 124.4909 13.90889719844121
COSMOS 1249 COOLANT
1 26503U 81021E   16307.02104346 +.00000018 +00000-0 +85242-4 0  9999
2 26503 064.9567 162.6799 0059341 311.5984 120.6328 13.90890154844398
COSMOS 1249 COOLANT
1 26503U 81021E   16311.98252523 -.00000012 +00000-0 +61488-4 0  9991
2 26503 064.9562 149.6613 0059596 310.3403 123.4289 13.90890947845082
COSMOS 1249 COOLANT
1 26503U 81021E   16317.95086031  .00000012  00000-0  81016-4 0  9991
2 26503  64.9562 134.0026 0059872 308.6491 127.8707 13.90892066845911
COSMOS 1249 COOLANT
1 26503U 81021E   16327.80007238  .00000010  00000-0  78837-4 0  9993
2 26503  64.9579 108.1610 0060479 306.1140 124.2982 13.90893740847287
COSMOS 1249 COOLANT
1 26503U 81021E   16328.02394855 +.00000001 +00000-0 +72006-4 0  9994
2 26503 064.9579 107.5753 0060454 305.9493 165.3863 13.90893733847319
COSMOS 1249 COOLANT
1 26503U 81021E   16330.03848558 -.00000009  00000-0  64523-4 0  9996
2 26503  64.9583 102.2900 0060567 305.3968 172.5062 13.90894124847592
COSMOS 1249 COOLANT
1 26503U 81021E   16332.83611293 -.00000009  00000-0  63799-4 0  9994
2 26503  64.9593  94.9491 0060830 304.7978 140.5232 13.90894726847987
COSMOS 1249 COOLANT
1 26503U 81021E   16332.98588141 -.00000018 +00000-0 +57481-4 0  9996
2 26503 064.9591 094.5566 0060818 304.7035 170.4924 13.90894684848001
COSMOS 1249 COOLANT
1 26503U 81021E   16333.99260711 -.00000019 +00000-0 +55960-4 0  9999
2 26503 064.9593 091.9152 0060889 304.4406 171.3239 13.90894868848140
COSMOS 1249 COOLANT
1 26503U 81021E   16338.65593956  .00000008  00000-0  77449-4 0  9990
2 26503  64.9599  79.6796 0061194 303.2631 121.3175 13.90895743848798
COSMOS 1249 COOLANT
1 26503U 81021E   16339.88708512 +.00000008 +00000-0 +77197-4 0  9992
2 26503 064.9600 076.4492 0061298 302.9557 165.8431 13.90895908848967
COSMOS 1249 COOLANT
1 26503U 81021E   16341.82668091 -.00000003  00000-0  68496-4 0  9994
2 26503  64.9602  71.3602 0061419 302.4587 157.6986 13.90896254849239
COSMOS 1249 COOLANT
1 26503U 81021E   16342.61030241 -.00000007 +00000-0 +65629-4 0  9991
2 26503 064.9601 069.3043 0061447 302.2389 121.4320 13.90896373849348
COSMOS 1249 COOLANT
1 26503U 81021E   16343.61739646 -.00000010 +00000-0 +63204-4 0  9998
2 26503 064.9602 066.6618 0061520 301.9875 124.1018 13.90896511849488
COSMOS 1249 COOLANT
1 26503U 81021E   16344.62469044 -.00000001  00000-0  70224-4 0  9992
2 26503  64.9602  64.0188 0061591 301.7381 127.7717 13.90896753849629
COSMOS 1249 COOLANT
1 26503U 81021E   16345.85567221 -.00000005 +00000-0 +66937-4 0  9994
2 26503 064.9601 060.7888 0061666 301.4268 171.4869 13.90896988849794
COSMOS 1249 COOLANT
1 26503U 81021E   16346.86283627 -.00000012  00000-0  61675-4 0  9993
2 26503  64.9601  58.1461 0061731 301.1764 174.5085 13.90897124849936
COSMOS 1249 COOLANT
1 26503U 81021E   16348.57919160 +.00000001 +00000-0 +72146-4 0  9993
2 26503 064.9601 053.6423 0061850 300.7540 128.5539 13.90897410850172
COSMOS 1249 COOLANT
1 26503U 81021E   16349.58600959  .00000003  00000-0  73301-4 0  9994
2 26503  64.9601  51.0005 0061913 300.5050 129.8428 13.90897573850311
COSMOS 1249 COOLANT
1 26503U 81021E   16350.59327727 -.00000006 +00000-0 +66791-4 0  9995
2 26503 064.9601 048.3575 0061977 300.2540 133.3860 13.90897711850452
COSMOS 1249 COOLANT
1 26503U 81021E   16351.52619390 -.00000012 +00000-0 +61809-4 0  9991
2 26503 064.9600 045.9095 0062040 300.0189 124.6452 13.90897813850587
COSMOS 1249 COOLANT
1 26503U 81021E   16352.53301104 -.00000010  00000-0  63138-4 0  9999
2 26503  64.9599  43.2677 0062107 299.7711 125.9302 13.90897951850727
COSMOS 1249 COOLANT
1 26503U 81021E   16354.54747894 -.00000023  00000-0  53282-4 0  9995
2 26503  64.9598  37.9819 0062231 299.2793 132.6714 13.90898196851003
COSMOS 1249 COOLANT
1 26503U 81021E   16356.48751220 -.00000023 +00000-0 +53059-4 0  9990
2 26503 064.9597 032.8912 0062335 298.7975 126.7180 13.90898447851270
COSMOS 1249 COOLANT
1 26503U 81021E   16357.49475786 -.00000014  00000-0  59858-4 0  9995
2 26503  64.9596  30.2481 0062388 298.5492 130.1512 13.90898579851412
COSMOS 1249 COOLANT
1 26503U 81021E   16360.44222419 -.00000016  00000-0  58957-4 0  9998
2 26503  64.9595  22.5142 0062567 297.8343 128.5582 13.90898977851820
COSMOS 1249 COOLANT
1 26503U 81021E   16361.44889067 -.00000007 +00000-0 +65557-4 0  9991
2 26503 064.9595 019.8730 0062643 297.6035 129.0759 13.90899154851968
COSMOS 1249 COOLANT
1 26503U 81021E   16362.45598645 -.00000010  00000-0  63089-4 0  9994
2 26503  64.9594  17.2301 0062683 297.3603 131.7569 13.90899308852102
COSMOS 1249 COOLANT
1 26503U 81021E   16364.47037189 -.00000032  00000-0  46242-4 0  9995
2 26503  64.9594  11.9445 0062802 296.8908 138.0737 13.90899548852380
COSMOS 1249 COOLANT
1 26503U 81021E   16365.40368147 -.00000035 +00000-0 +43586-4 0  9991
2 26503 064.9593 009.4947 0062844 296.6682 131.2945 13.90899627852510
COSMOS 1249 COOLANT
1 26503U 81021E   16366.41044160 -.00000034 +00000-0 +44662-4 0  9994
2 26503 064.9594 006.8536 0062893 296.4265 132.2947 13.90899777852659
COSMOS 1249 COOLANT
1 26503U 81021E   17001.41767512 -.00000038  00000-0  41292-4 0  9994
2 26503  64.9594   4.2106 0062941 296.1917 135.7171 13.90899909852798
COSMOS 1249 COOLANT
1 26503U 81021E   17003.35761723 -.00000037 +00000-0 +41874-4 0  9992
2 26503 064.9594 359.1199 0063035 295.7469 129.2816 13.90900086853068
COSMOS 1249 COOLANT
1 26503U 81021E   17004.58900729 -.00000028  00000-0  49264-4 0  9990
2 26503  64.9595 355.8892 0063094 295.4578 175.0326 13.90900232853232
COSMOS 1249 COOLANT
1 26503U 81021E   17005.59544161 -.00000028 +00000-0 +48983-4 0  9993
2 26503 064.9596 353.2481 0063136 295.2288 174.3911 13.90900358853378
COSMOS 1249 COOLANT
1 26503U 81021E   17006.60326567 -.00000034  00000-0  44341-4 0  9995
2 26503  64.9597 350.6036 0063174 294.9864 180.7217 13.90900460853514
COSMOS 1249 COOLANT
1 26503U 81021E   17007.31236492 -.00000032 +00000-0 +45812-4 0  9993
2 26503 064.9598 348.7430 0063201 294.8090 131.2982 13.90900537853618
COSMOS 1249 COOLANT
1 26503U 81021E   17008.31914531 -.00000033 +00000-0 +45201-4 0  9994
2 26503 064.9599 346.1013 0063238 294.5719 132.3984 13.90900629853754
COSMOS 1249 COOLANT
1 26503U 81021E   17009.32624167 -.00000037  00000-0  42348-4 0  9992
2 26503  64.9599 343.4587 0063273 294.3372 135.0788 13.90900751853895
COSMOS 1249 COOLANT
1 26503U 81021E   17010.55761723 -.00000055 +00000-0 +28179-4 0  9995
2 26503 064.9600 340.2276 0063317 294.0545 180.7547 13.90900849854064
COSMOS 1249 COOLANT
1 26503U 81021E   17012.27357817 -.00000054  00000-0  29039-4 0  9996
2 26503  64.9601 335.7251 0063375 293.6528 132.8279 13.90900994854305
COSMOS 1249 COOLANT
1 26503U 81021E   17013.28069594 -.00000049 +00000-0 +32734-4 0  9990
2 26503 064.9601 333.0824 0063405 293.4199 135.6145 13.90901084854447
COSMOS 1249 COOLANT
1 26503U 81021E   17014.28810278 -.00000053  00000-0  29480-4 0  9993
2 26503  64.9601 330.4390 0063434 293.1873 139.8482 13.90901124854584
COSMOS 1249 COOLANT
1 26503U 81021E   17016.22812678 -.00000039 +00000-0 +40268-4 0  9996
2 26503 064.9602 325.3484 0063492 292.7305 133.8441 13.90901364854856
COSMOS 1249 COOLANT
1 26503U 81021E   17017.23502580 -.00000030  00000-0  47868-4 0  9990
2 26503  64.9603 322.7065 0063518 292.4994 135.5352 13.90901498854996
COSMOS 1249 COOLANT
1 26503U 81021E   17018.46553623 -.00000031 +00000-0 +46747-4 0  9996
2 26503 064.9603 319.4777 0063550 292.2208 176.8786 13.90901669855160
COSMOS 1249 COOLANT
1 26503U 81021E   17021.18969970 -.00000039  00000-0  40742-4 0  9992
2 26503  64.9603 312.3301 0063619 291.5766 137.1884 13.90901987855546
COSMOS 1249 COOLANT
1 26503U 81021E   17022.19659900 -.00000042 +00000-0 +38328-4 0  9994
2 26503 064.9603 309.6884 0063636 291.3334 138.8956 13.90902103855683
COSMOS 1249 COOLANT
1 26503U 81021E   17025.14383281 -.00000041  00000-0  38649-4 0  9993
2 26503  64.9600 301.9550 0063698 290.6447 136.1494 13.90902411856096
COSMOS 1249 COOLANT
1 26503U 81021E   17027.15814907 -.00000025  00000-0  51710-4 0  9996
2 26503  64.9597 296.6695 0063734 290.1716 142.1447 13.90902650856377
COSMOS 1249 COOLANT
1 26503U 81021E   17028.38921619 -.00000021 +00000-0 +54730-4 0  9992
2 26503 064.9599 293.4411 0063746 289.8309 186.3424 13.90902835856545
COSMOS 1249 COOLANT
1 26503U 81021E   17030.10547661 -.00000006  00000-0  66128-4 0  9993
2 26503  64.9596 288.9378 0063793 289.4254 139.9313 13.90903118856782
COSMOS 1249 COOLANT
1 26503U 81021E   17031.33537332 -.00000015 +00000-0 +59152-4 0  9992
2 26503 064.9595 285.7111 0063819 289.1238 178.2324 13.90903313856953
COSMOS 1249 COOLANT
1 26503U 81021E   17032.34360219 -.00000026  00000-0  50590-4 0  9991
2 26503  64.9592 283.0652 0063837 288.8884 186.5939 13.90903440857095
COSMOS 1249 COOLANT
1 26503U 81021E   17033.05237446 -.00000031 +00000-0 +46504-4 0  9991
2 26503 064.9592 281.2055 0063853 288.7290 135.5227 13.90903506857198
COSMOS 1249 COOLANT
1 26503U 81021E   17035.06662244 -.00000031  00000-0  46460-4 0  9993
2 26503  64.9587 275.9204 0063888 288.2460 141.1952 13.90903760857471
COSMOS 1249 COOLANT
1 26503U 81021E   17037.08106691 -.00000024  00000-0  52474-4 0  9990
2 26503  64.9582 270.6345 0063920 287.7511 147.8664 13.90904089857751
COSMOS 1249 COOLANT
1 26503U 81021E   17040.02842685 -.00000007  00000-0  65287-4 0  9995
2 26503  64.9578 262.9003 0063973 287.0385 145.7971 13.90904487858167
COSMOS 1249 COOLANT
1 26503U 81021E   17041.96824167 -.00000009 +00000-0 +64364-4 0  9991
2 26503 064.9576 257.8100 0064008 286.5727 138.7797 13.90904830858430
COSMOS 1249 COOLANT
1 26503U 81021E   17045.21369306 -.00000037  00000-0  42266-4 0  9990
2 26503  64.9573 249.2938 0064069 285.7818 189.3218 13.90905268858885
COSMOS 1249 COOLANT
1 26503U 81021E   17047.15400757 -.00000036 +00000-0 +42551-4 0  9997
2 26503 064.9571 244.2018 0064094 285.3026 184.8234 13.90905434859156
COSMOS 1249 COOLANT
1 26503U 81021E   17048.16149514 -.00000032  00000-0  46013-4 0  9993
2 26503  64.9570 241.5577 0064115 285.0591 189.4888 13.90905543859295
COSMOS 1249 COOLANT
1 26503U 81021E   17050.17525525 -.00000021  00000-0  54467-4 0  9997
2 26503  64.9571 236.2735 0064159 284.5585 192.7517 13.90905831859575
COSMOS 1249 COOLANT
1 26503U 81021E   17051.89146041 +.00000000 +00000-0 +71469-4 0  9996
2 26503 064.9573 231.7698 0064208 284.1372 146.0990 13.90906128859814
COSMOS 1249 COOLANT
1 26503U 81021E   17052.89845087 -.00000003  00000-0  68807-4 0  9999
2 26503  64.9574 229.1273 0064231 283.8972 148.2748 13.90906291859954
COSMOS 1249 COOLANT
1 26503U 81021E   17053.90552407 -.00000010 +00000-0 +63299-4 0  9991
2 26503 064.9574 226.4848 0064260 283.6380 150.8848 13.90906444860092
COSMOS 1249 COOLANT
1 26503U 81021E   17054.91251251 -.00000018  00000-0  56775-4 0  9995
2 26503  64.9576 223.8423 0064284 283.3960 153.0535 13.90906564860238
COSMOS 1249 COOLANT
1 26503U 81021E   17054.91251251 -.00000018 +00000-0 +56775-4 0  9995
2 26503 064.9576 223.8423 0064284 283.3960 153.0535 13.90906564860238
COSMOS 1249 COOLANT
1 26503U 81021E   17055.84564993 -.00000013 +00000-0 +60926-4 0  9996
2 26503 064.9576 221.3938 0064323 283.1388 145.4710 13.90906751860360
COSMOS 1249 COOLANT
1 26503U 81021E   17056.06965543 -.00000015 +00000-0 +59733-4 0  9993
2 26503 064.9576 220.8059 0064326 283.0860 187.1055 13.90906806860394
COSMOS 1249 COOLANT
1 26503U 81021E   17057.07739789 -.00000027  00000-0  49648-4 0  9993
2 26503  64.9577 218.1615 0064358 282.8443 193.0507 13.90906932860536
COSMOS 1249 COOLANT
1 26503U 81021E   17059.79977233 -.00000014  00000-0  60035-4 0  9991
2 26503  64.9579 211.0180 0064446 282.1603 144.4952 13.90907359860916
COSMOS 1249 COOLANT
1 26503U 81021E   17062.03855531  .00000001  00000-0  72025-4 0  9995
2 26503  64.9582 205.1435 0064509 281.5946 194.5120 13.90907773861228
COSMOS 1249 COOLANT
1 26503U 81021E   17065.76859062  .00000004  00000-0  74048-4 0  9991
2 26503  64.9589 195.3561 0064635 280.6791 151.4970 13.90908514861749
COSMOS 1249 COOLANT
1 26503U 81021E   17069.79654145 -.00000015  00000-0  59354-4 0  9999
2 26503  64.9591 184.7867 0064756 279.7074 160.1950 13.90909239862303
COSMOS 1249 COOLANT
1 26503U 81021E   17070.72997750 -.00000018 +00000-0 +56814-4 0  9997
2 26503 064.9591 182.3374 0064785 279.4824 154.0838 13.90909382862432
COSMOS 1249 COOLANT
1 26503U 81021E   17078.86238604 -.00000010 +00000-0 +63429-4 0  9998
2 26503 064.9590 161.0002 0065041 277.4107 194.7039 13.90910709863565
COSMOS 1249 COOLANT
1 26503U 81021E   17081.58603274 -.00000014 +00000-0 +59946-4 0  9993
2 26503 064.9587 153.8530 0065098 276.7849 152.4960 13.90911050863949
COSMOS 1249 COOLANT
1 26503U 81021E   17085.54048819 +.00000012 +00000-0 +80251-4 0  9991
2 26503 064.9586 143.4763 0065193 275.8966 153.1569 13.90911742864499
COSMOS 1249 COOLANT
1 26503U 81021E   17086.54745664 +.00000021 +00000-0 +87870-4 0  9998
2 26503 064.9583 140.8341 0065210 275.6186 155.2811 13.90911949864639
COSMOS 1249 COOLANT
1 26503U 81021E   17090.57560279 +.00000006 +00000-0 +75410-4 0  9993
2 26503 064.9581 130.2640 0065265 274.6675 164.9884 13.90912803865193
COSMOS 1249 COOLANT
1 26503U 81021E   17091.73209583 -.00000012 +00000-0 +62061-4 0  9996
2 26503 064.9578 127.2305 0065320 274.3175 195.8521 13.90912987865359
COSMOS 1249 COOLANT
1 26503U 81021E   17092.51575411 -.00000016 +00000-0 +58578-4 0  9991
2 26503 064.9577 125.1744 0065347 274.1291 159.7860 13.90913138865464
COSMOS 1249 COOLANT
1 26503U 81021E   17093.44907499 -.00000020 +00000-0 +55598-4 0  9993
2 26503 064.9576 122.7249 0065356 273.9350 153.0803 13.90913255865597
COSMOS 1249 COOLANT
1 26503U 81021E   17094.52973473 -.00000002 +00000-0 +69841-4 0  9994
2 26503 064.9574 119.8886 0065369 273.6910 164.1452 13.90913501865746
COSMOS 1249 COOLANT
1 26503U 81021E   17095.46291932 +.00000005 +00000-0 +74869-4 0  9999
2 26503 064.9574 117.4397 0065378 273.4705 156.7849 13.90913671865876
COSMOS 1249 COOLANT
1 26503U 81021E   17097.47709873 +.00000002 +00000-0 +72421-4 0  9999
2 26503 064.9573 112.1539 0065394 272.9922 162.1842 13.90914009866150
COSMOS 1249 COOLANT
1 26503U 81021E   17102.36453998 -.00000022 +00000-0 +53851-4 0  9997
2 26503 064.9576 099.3282 0065413 271.8462 154.5776 13.90914888866834
COSMOS 1249 COOLANT
1 26503U 81021E   17103.37170433 -.00000023 +00000-0 +52880-4 0  9991
2 26503 064.9577 096.6852 0065412 271.6091 157.6529 13.90915038866976
COSMOS 1249 COOLANT
1 26503U 81021E   17104.60255878 -.00000028 +00000-0 +48867-4 0  9990
2 26503 064.9578 093.4549 0065413 271.3504 200.7592 13.90915229867144
COSMOS 1249 COOLANT
1 26503U 81021E   17105.60992105 -.00000033 +00000-0 +45418-4 0  9997
2 26503 064.9579 090.8114 0065408 271.1125 204.8276 13.90915362867282
COSMOS 1249 COOLANT
1 26503U 81021E   17106.31876250 -.00000028 +00000-0 +48989-4 0  9998
2 26503 064.9580 088.9512 0065403 270.9488 154.1376 13.90915450867385
COSMOS 1249 COOLANT
1 26503U 81021E   17107.39979434 -.00000016 +00000-0 +58378-4 0  9995
2 26503 064.9581 086.1142 0065397 270.6996 167.0788 13.90915624867538
COSMOS 1249 COOLANT
1 26503U 81021E   17109.56449233 -.00000009 +00000-0 +63873-4 0  9993
2 26503 064.9584 080.4337 0065367 270.1770 206.1785 13.90916030867833
COSMOS 1249 COOLANT
1 26503U 81021E   17110.27317307 -.00000006 +00000-0 +66155-4 0  9992
2 26503 064.9586 078.5742 0065369 270.0088 154.6903 13.90916168867938
COSMOS 1249 COOLANT
1 26503U 81021E   17111.28023413 -.00000000 +00000-0 +70788-4 0  9997
2 26503 064.9588 075.9315 0065357 269.7679 157.2567 13.90916363868073
COSMOS 1249 COOLANT
1 26503U 81021E   17112.28790823 +.00000013 +00000-0 +81382-4 0  9999
2 26503 064.9590 073.2873 0065343 269.5341 162.8866 13.90916652868216
COSMOS 1249 COOLANT
1 26503U 81021E   17113.29435394 +.00000007 +00000-0 +76184-4 0  9997
2 26503 064.9591 070.6463 0065323 269.2893 162.3780 13.90916877868354
COSMOS 1249 COOLANT
1 26503U 81021E   17115.23442424 -.00000006 +00000-0 +66234-4 0  9990
2 26503 064.9595 065.5556 0065297 268.8234 156.7249 13.90917216868623
COSMOS 1249 COOLANT
1 26503U 81021E   17116.24153072 -.00000004 +00000-0 +67704-4 0  9991
2 26503 064.9596 062.9130 0065277 268.5786 159.5263 13.90917407868764
COSMOS 1249 COOLANT
1 26503U 81021E   17117.47183050 -.00000007 +00000-0 +65903-4 0  9998
2 26503 064.9597 059.6844 0065248 268.2801 199.9062 13.90917673868932
COSMOS 1249 COOLANT
1 26503U 81021E   17119.26289734 -.00000009 +00000-0 +64260-4 0  9990
2 26503 064.9600 054.9849 0065225 267.8398 168.1757 13.90917972869180
COSMOS 1249 COOLANT
1 26503U 81021E   17121.20289531 -.00000002 +00000-0 +69271-4 0  9992
2 26503 064.9603 049.8945 0065185 267.3622 162.1789 13.90918285869450
COSMOS 1249 COOLANT
1 26503U 81021E   17123.44136753 -.00000019 +00000-0 +55869-4 0  9993
2 26503 064.9605 044.0208 0065133 266.8072 210.7169 13.90918638869765
COSMOS 1249 COOLANT
1 26503U 81021E   17124.14999050 -.00000019 +00000-0 +56014-4 0  9991
2 26503 064.9606 042.1615 0065120 266.6273 158.9572 13.90918728869866
COSMOS 1249 COOLANT
1 26503U 81021E   17126.16434236 -.00000029 +00000-0 +48457-4 0  9998
2 26503 064.9607 036.8765 0065085 266.1221 165.2816 13.90918997870144
COSMOS 1249 COOLANT
1 26503U 81021E   17129.11148240 -.00000019 +00000-0 +56071-4 0  9993
2 26503 064.9607 029.1432 0065015 265.3840 162.2936 13.90919355870555
COSMOS 1249 COOLANT
1 26503U 81021E   17131.35003795 -.00000021 +00000-0 +54820-4 0  9990
2 26503 064.9606 023.2695 0064975 264.8335 211.2516 13.90919645870862
COSMOS 1249 COOLANT
1 26503U 81021E   17132.13291962 -.00000018 +00000-0 +56720-4 0  9999
2 26503 064.9606 021.2155 0064959 264.6390 171.3209 13.90919735870979
COSMOS 1249 COOLANT
1 26503U 81021E   17133.06573182 -.00000013 +00000-0 +60522-4 0  9999
2 26503 064.9606 018.7679 0064948 264.4063 162.1286 13.90919863871105
COSMOS 1249 COOLANT
1 26503U 81021E   17135.30464328 -.00000031 +00000-0 +47096-4 0  9990
2 26503 064.9604 012.8935 0064907 263.8512 212.8775 13.90920123871411
COSMOS 1249 COOLANT
1 26503U 81021E   17139.10816241 -.00000023 +00000-0 +53197-4 0  9997
2 26503 064.9599 002.9122 0064828 262.9076 177.9865 13.90920640871942
COSMOS 1249 COOLANT
1 26503U 81021E   17140.04154317 -.00000021 +00000-0 +54861-4 0  9998
2 26503 064.9597 000.4630 0064804 262.6622 171.6572 13.90920785872076
COSMOS 1249 COOLANT
1 26503U 81021E   17142.98883193 +.00000003 +00000-0 +73672-4 0  9994
2 26503 064.9594 352.7282 0064728 261.9352 169.4235 13.90921316872483
COSMOS 1249 COOLANT
1 26503U 81021E   17143.99590457 -.00000003 +00000-0 +69023-4 0  9990
2 26503 064.9594 350.0854 0064711 261.6817 172.0797 13.90921510872629
COSMOS 1249 COOLANT
1 26503U 81021E   17145.00289677 -.00000007 +00000-0 +65299-4 0  9998
2 26503 064.9593 347.4431 0064702 261.4303 174.3310 13.90921662872766
COSMOS 1249 COOLANT
1 26503U 81021E   17145.93597431 -.00000006 +00000-0 +66670-4 0  9993
2 26503 064.9593 344.9941 0064677 261.2049 166.4670 13.90921827872898
COSMOS 1249 COOLANT
1 26503U 81021E   17146.94319623 -.00000010 +00000-0 +63148-4 0  9992
2 26503 064.9592 342.3511 0064659 260.9473 169.8759 13.90921979873039
COSMOS 1249 COOLANT
1 26503U 81021E   17147.16762910 -.00000014 +00000-0 +60152-4 0  9994
2 26503 064.9592 341.7631 0064684 260.8893 213.6668 13.90922005873069
COSMOS 1249 COOLANT
1 26503U 81021E   17149.18130010 -.00000018 +00000-0 +56733-4 0  9992
2 26503 064.9592 336.4801 0064670 260.3224 216.6697 13.90922396873346
COSMOS 1249 COOLANT
1 26503U 81021E   17152.12922631 -.00000005 +00000-0 +67378-4 0  9991
2 26503 064.9591 328.7442 0064637 259.5825 217.6583 13.90922929873752
COSMOS 1249 COOLANT
1 26503U 81021E   17153.84430647 -.00000004 +00000-0 +68243-4 0  9993
2 26503 064.9592 324.2435 0064603 259.1664 165.4725 13.90923189873999
COSMOS 1249 COOLANT
1 26503U 81021E   17154.85162215 -.00000000 +00000-0 +70735-4 0  9993
2 26503 064.9592 321.6000 0064591 258.9160 169.3486 13.90923355874131
COSMOS 1249 COOLANT
1 26503U 81021E   17155.07563865 -.00000000 +00000-0 +70951-4 0  9994
2 26503 064.9592 321.0120 0064587 258.8607 211.0538 13.90923412874168
COSMOS 1249 COOLANT
1 26503U 81021E   17157.09021012 -.00000020 +00000-0 +55139-4 0  9994
2 26503 064.9593 315.7256 0064559 258.3502 218.5184 13.90923716874444
COSMOS 1249 COOLANT
1 26503U 81021E   17158.80576597 -.00000021 +00000-0 +54537-4 0  9999
2 26503 064.9594 311.2239 0064548 257.9187 168.7351 13.90923974874683
COSMOS 1249 COOLANT
1 26503U 81021E   17161.04453911 -.00000030 +00000-0 +47441-4 0  9999
2 26503 064.9595 305.3491 0064521 257.3686 218.8203 13.90924281874996
COSMOS 1249 COOLANT
1 26503U 81021E   17162.83421564 -.00000019 +00000-0 +56290-4 0  9995
2 26503 064.9595 300.6529 0064500 256.9206 180.1783 13.90924508875241
COSMOS 1249 COOLANT
1 26503U 81021E   17163.75339559  .00000084  00000-0  65957-4 0  9990
2 26503  64.9589 298.2326 0060181 256.0001 103.4293 13.90925254875373
COSMOS 1249 COOLANT
1 26503U 81021E   17163.76761666 -.00000006 +00000-0 +66601-4 0  9991
2 26503 064.9596 298.2035 0064491 256.6928 173.9454 13.90924677875379
COSMOS 1249 COOLANT
1 26503U 81021E   17167.94569536 -.00000005 +00000-0 +66808-4 0  9995
2 26503 064.9597 287.2399 0064459 255.6481 214.6390 13.90925310875959
COSMOS 1249 COOLANT
1 26503U 81021E   17168.72878679 -.00000010 +00000-0 +63630-4 0  9999
2 26503 064.9597 285.1851 0064447 255.4527 175.7760 13.90925427876065
COSMOS 1249 COOLANT
1 26503U 81021E   17169.88551192 -.00000025 +00000-0 +51154-4 0  9999
2 26503 064.9597 282.1500 0064433 255.1711 207.7853 13.90925588876225
COSMOS 1249 COOLANT
1 26503U 81021E   17177.86775671 -.00000004 +00000-0 +67911-4 0  9991
2 26503 064.9592 261.2043 0064311 253.2550 216.8495 13.90926717877336
COSMOS 1249 COOLANT
1 26503U 81021E   17182.60576569 -.00000040 +00000-0 +39382-4 0  9995
2 26503 064.9585 248.7732 0064295 251.9664 181.3955 13.90927248877994
COSMOS 1249 COOLANT
1 26503U 81021E   17182.60576569 -.00000040 +00000-0 +39382-4 0  9995
2 26503 064.9585 248.7732 0064295 251.9664 181.3955 13.90927248877994
COSMOS 1249 COOLANT
1 26503U 81021E   17183.61279144 -.00000038 +00000-0 +41105-4 0  9999
2 26503 064.9583 246.1309 0064290 251.7060 183.8451 13.90927386878135
COSMOS 1249 COOLANT
1 26503U 81021E   17185.55287302 -.00000021 +00000-0 +54483-4 0  9994
2 26503 064.9581 241.0400 0064242 251.2510 178.3100 13.90927624878406
COSMOS 1249 COOLANT
1 26503U 81021E   17186.56012824 -.00000019 +00000-0 +55927-4 0  9992
2 26503 064.9580 238.3965 0064205 251.0504 181.8493 13.90927759878548
COSMOS 1249 COOLANT
1 26503U 81021E   17190.51413288 -.00000009 +00000-0 +63961-4 0  9997
2 26503 064.9577 228.0238 0064209 249.9802 180.6740 13.90928364879090
COSMOS 1249 COOLANT
1 26503U 81021E   17190.73762824 -.00000014 +00000-0 +60059-4 0  9995
2 26503 064.9574 227.4345 0064113 249.9835 219.7164 13.90928396879122
COSMOS 1249 COOLANT
1 26503U 81021E   17193.46117076 -.00000031 +00000-0 +46570-4 0  9992
2 26503 064.9571 220.2874 0064037 249.3613 177.1589 13.90928758879502
COSMOS 1249 COOLANT
1 26503U 81021E   17194.46841498 -.00000035 +00000-0 +43673-4 0  9990
2 26503 064.9570 217.6439 0063997 249.1443 180.6641 13.90928875879644
COSMOS 1249 COOLANT
1 26503U 81021E   17196.48268814 -.00000039 +00000-0 +40788-4 0  9997
2 26503 064.9570 212.3584 0063929 248.6528 186.6551 13.90929082879928
COSMOS 1249 COOLANT
1 26503U 81021E   17198.42260712 -.00000007 +00000-0 +65303-4 0  9997
2 26503 064.9570 207.2681 0063869 248.1733 180.3434 13.90929412880194
COSMOS 1249 COOLANT
1 26503U 81021E   17199.42996823 -.00000007 +00000-0 +65532-4 0  9991
2 26503 064.9570 204.6238 0063813 247.9677 184.4250 13.90929557880333
COSMOS 1249 COOLANT
1 26503U 81021E   17201.44404233 -.00000018 +00000-0 +56710-4 0  9996
2 26503 064.9573 199.3395 0063750 247.4530 189.4473 13.90929771880614
COSMOS 1249 COOLANT
1 26503U 81021E   17201.44404233 -.00000018 +00000-0 +56710-4 0  9996
2 26503 064.9573 199.3395 0063750 247.4530 189.4473 13.90929771880614
COSMOS 1249 COOLANT
1 26503U 81021E   17202.37687582 -.00000024 +00000-0 +52408-4 0  9996
2 26503 064.9574 196.8916 0063710 247.2261 180.3903 13.90929878880741
COSMOS 1249 COOLANT
1 26503U 81021E   17203.60741991 -.00000039 +00000-0 +40781-4 0  9995
2 26503 064.9575 193.6625 0063652 246.9276 222.0488 13.90930049880914
COSMOS 1249 COOLANT
1 26503U 81021E   17203.60741991 -.00000039 +00000-0 +40781-4 0  9995
2 26503 064.9575 193.6625 0063652 246.9276 222.0488 13.90930049880914
COSMOS 1249 COOLANT
1 26503U 81021E   17204.61541758 -.00000057 +00000-0 +26833-4 0  9998
2 26503 064.9576 191.0172 0063578 246.6716 229.3705 13.90930109881052
COSMOS 1249 COOLANT
1 26503U 81021E   17207.33847429 -.00000053 +00000-0 +29721-4 0  9999
2 26503 064.9577 183.8716 0063465 245.9980 184.4477 13.90930369881433
COSMOS 1249 COOLANT
1 26503U 81021E   17212.52453900 -.00000032 +00000-0 +45796-4 0  9990
2 26503 064.9585 170.2634 0063216 244.7066 232.4838 13.90930981882152
COSMOS 1249 COOLANT
1 26503U 81021E   17217.26121736 -.00000057 +00000-0 +26775-4 0  9998
2 26503 064.9591 157.8345 0062969 243.5021 190.3539 13.90931419882811
COSMOS 1249 COOLANT
1 26503U 81021E   17219.27527987 -.00000050 +00000-0 +31589-4 0  9991
2 26503 064.9591 152.5496 0062864 242.9880 195.3296 13.90931517883095
COSMOS 1249 COOLANT
1 26503U 81021E   17219.27527987 -.00000050 +00000-0 +31589-4 0  9991
2 26503 064.9591 152.5496 0062864 242.9880 195.3296 13.90931517883095
COSMOS 1249 COOLANT
1 26503U 81021E   17222.44669304 -.00000037 +00000-0 +41871-4 0  9994
2 26503 064.9594 144.2281 0062686 242.1767 235.4892 13.90931818883537
COSMOS 1249 COOLANT
1 26503U 81021E   17225.16954955 -.00000026  00000-0  51026-4 0  9996
2 26503  64.9595 137.0837 0062552 241.4720 189.6112 13.90932186883914
COSMOS 1249 COOLANT
1 26503U 81021E   17225.39373992 -.00000026 +00000-0 +50368-4 0  9995
2 26503 064.9594 136.4954 0062548 241.4005 232.2106 13.90932242883941
COSMOS 1249 COOLANT
1 26503U 81021E   17227.10965590 -.00000040 +00000-0 +40157-4 0  9998
2 26503 064.9594 131.9928 0062439 240.9621 184.2897 13.90932413884189
COSMOS 1249 COOLANT
1 26503U 81021E   17228.11689964 -.00000040  00000-0  40035-4 0  9993
2 26503  64.9594 129.3498 0062379 240.7081 187.8422 13.90932514884324
COSMOS 1249 COOLANT
1 26503U 81021E   17229.34634642 -.00000042 +00000-0 +38116-4 0  9991
2 26503 064.9593 126.1236 0062303 240.3921 224.0347 13.90932667884491
COSMOS 1249 COOLANT
1 26503U 81021E   17231.36216980 -.00000032  00000-0  46071-4 0  9995
2 26503  64.9591 120.8339 0062188 239.8710 237.8443 13.90932902884776
COSMOS 1249 COOLANT
1 26503U 81021E   17233.07856573 -.00000011 +00000-0 +62303-4 0  9996
2 26503 064.9589 116.3299 0062091 239.4183 192.3439 13.90933102885012
COSMOS 1249 COOLANT
1 26503U 81021E   17234.08545406 -.00000009 +00000-0 +63751-4 0  9993
2 26503 064.9589 113.6878 0062033 239.1558 194.1280 13.90933246885152
COSMOS 1249 COOLANT
1 26503U 81021E   17235.31676104 -.00000008 +00000-0 +64807-4 0  9992
2 26503 064.9588 110.4566 0061965 238.8324 239.6459 13.90933462885322
COSMOS 1249 COOLANT
1 26503U 81021E   17237.10640227 -.00000000  00000-0  70821-4 0  9993
2 26503  64.9587 105.7604 0061869 238.3672 200.9047 13.90933789885578
COSMOS 1249 COOLANT
1 26503U 81021E   17238.26342684 -.00000020 +00000-0 +55469-4 0  9990
2 26503 064.9586 102.7243 0061811 238.0661 234.4678 13.90933942885736
COSMOS 1249 COOLANT
1 26503U 81021E   17241.21082566 -.00000022  00000-0  53897-4 0  9994
2 26503  64.9584  94.9899 0061650 237.3038 232.9607 13.90934377886148
COSMOS 1249 COOLANT
1 26503U 81021E   17242.21628797 -.00000014 +00000-0 +60515-4 0  9993
2 26503 064.9583 092.3513 0061596 237.0394 227.6115 13.90934569886286
COSMOS 1249 COOLANT
1 26503U 81021E   17243.22540715 -.00000017  00000-0  58112-4 0  9991
2 26503  64.9583  89.7031 0061544 236.7765 240.5714 13.90934685886426
COSMOS 1249 COOLANT
1 26503U 81021E   17244.94094064 +.00000003 +00000-0 +73602-4 0  9997
2 26503 064.9582 085.2012 0061457 236.3293 190.7592 13.90934962886664
COSMOS 1249 COOLANT
1 26503U 81021E   17245.16525729 +.00000005 +00000-0 +74912-4 0  9996
2 26503 064.9582 084.6125 0061444 236.2734 233.9772 13.90935013886698
COSMOS 1249 COOLANT
1 26503U 81021E   17247.17973470  .00000005  00000-0  75161-4 0  9996
2 26503  64.9582  79.3260 0061341 235.7433 241.0747 13.90935394886970
COSMOS 1249 COOLANT
1 26503U 81021E   17247.96234005 +.00000001 +00000-0 +71623-4 0  9992
2 26503 064.9583 077.2723 0061306 235.5352 199.8194 13.90935522887083
COSMOS 1249 COOLANT
1 26503U 81021E   17253.85677233  .00000005  00000-0  75377-4 0  9995
2 26503  64.9586  61.8039 0061033 234.0042 195.0242 13.90936732887909
COSMOS 1249 COOLANT
1 26503U 81021E   17256.80380965  .00000006  00000-0  76028-4 0  9991
2 26503  64.9591  54.0701 0060884 233.2633 191.7147 13.90937272888318
COSMOS 1249 COOLANT
1 26503U 81021E   17258.81812795  .00000007  00000-0  76975-4 0  9997
2 26503  64.9595  48.7843 0060793 232.7532 198.0107 13.90937601888592
COSMOS 1249 COOLANT
1 26503U 81021E   17264.00258194 -.00000020  00000-0  55572-4 0  9998
2 26503  64.9604  35.1804 0060561 231.4400 238.1403 13.90938477889311
COSMOS 1249 COOLANT
1 26503U 81021E   17266.72614791 -.00000003  00000-0  69140-4 0  9995
2 26503  64.9584  28.0243 0060227 230.9938 195.6213 13.90938807889699
COSMOS 1249 COOLANT
1 26503U 81021E   17269.74766528  .00000008  00000-0  77185-4 0  9998
2 26503  64.9609  20.1042 0060242 230.0423 205.4697 13.90939500890110
COSMOS 1249 COOLANT
1 26503U 81021E   17272.69494306  .00000015  00000-0  83084-4 0  9991
2 26503  64.9610  12.3711 0060102 229.3214 203.3737 13.90940178890522
COSMOS 1249 COOLANT
1 26503U 81021E   17274.63463170 +.00000013 +00000-0 +81230-4 0  9991
2 26503 064.9607 007.2798 0059979 228.8776 195.9508 13.90940614890799
COSMOS 1249 COOLANT
1 26503U 81021E   17276.87198010 +.00000008 +00000-0 +77772-4 0  9997
2 26503 064.9608 001.4100 0059870 228.3204 239.0424 13.90941034891104
COSMOS 1249 COOLANT
1 26503U 81021E   17276.87198010  .00000008  00000-0  77772-4 0  9997
2 26503  64.9608   1.4100 0059870 228.3204 239.0424 13.90941034891104
COSMOS 1249 COOLANT
1 26503U 81021E   17278.88765225 +.00000006 +00000-0 +76266-4 0  9993
2 26503 064.9611 356.1228 0059811 227.7310 252.2234 13.90941361891384
COSMOS 1249 COOLANT
1 26503U 81021E   17278.88765225  .00000006  00000-0  76266-4 0  9993
2 26503  64.9611 356.1228 0059811 227.7310 252.2234 13.90941361891384
COSMOS 1249 COOLANT
1 26503U 81021E   17279.59613691 +.00000019 +00000-0 +86363-4 0  9994
2 26503 064.9610 354.2637 0059763 227.5739 199.8065 13.90941547891480
COSMOS 1249 COOLANT
1 26503U 81021E   17281.83448212  .00000010  00000-0  79390-4 0  9992
2 26503  64.9608 348.3902 0059632 227.0183 247.8966 13.90942018891791
COSMOS 1249 COOLANT
1 26503U 81021E   17282.61752581 +.00000007 +00000-0 +76671-4 0  9991
2 26503 064.9607 346.3357 0059593 226.8271 208.8374 13.90942164891908
COSMOS 1249 COOLANT
1 26503U 81021E   17285.56479347  .00000000  00000-0  71327-4 0  9990
2 26503  64.9602 338.6020 0059418 226.0990 206.7251 13.90942666892314
COSMOS 1249 COOLANT
1 26503U 81021E   17285.56479347 +.00000000 +00000-0 +71327-4 0  9990
2 26503 064.9602 338.6020 0059418 226.0990 206.7251 13.90942666892314
COSMOS 1249 COOLANT
1 26503U 81021E   17286.57177177 -.00000006 +00000-0 +66181-4 0  9997
2 26503 064.9600 335.9596 0059355 225.8543 208.9763 13.90942797892453
COSMOS 1249 COOLANT
1 26503U 81021E   17287.50453998 +.00000002 +00000-0 +72722-4 0  9992
2 26503 064.9599 333.5119 0059296 225.6259 199.6370 13.90942962892589
COSMOS 1249 COOLANT
1 26503U 81021E   17288.51176017  .00000008  00000-0  77763-4 0  9994
2 26503  64.9597 330.8688 0059228 225.3817 203.0998 13.90943114892722
COSMOS 1249 COOLANT
1 26503U 81021E   17289.51883251 +.00000010 +00000-0 +78972-4 0  9996
2 26503 064.9596 328.2261 0059161 225.1311 205.8297 13.90943293892867
COSMOS 1249 COOLANT
1 26503U 81021E   17290.75020983  .00000001  00000-0  72359-4 0  9992
2 26503  64.9594 324.9948 0059077 224.8349 251.7164 13.90943491893036
COSMOS 1249 COOLANT
1 26503U 81021E   17291.45890194 +.00000000 +00000-0 +71513-4 0  9999
2 26503 064.9594 323.1351 0059029 224.6592 200.3624 13.90943595893137
COSMOS 1249 COOLANT
1 26503U 81021E   17294.70437649 -.00000016  00000-0  58904-4 0  9999
2 26503  64.9589 314.6182 0058789 223.8597 251.4816 13.90944147893589
COSMOS 1249 COOLANT
1 26503U 81021E   17294.70437649 -.00000016 +00000-0 +58904-4 0  9999
2 26503 064.9589 314.6182 0058789 223.8597 251.4816 13.90944147893589
COSMOS 1249 COOLANT
1 26503U 81021E   17296.49426106 -.00000019 +00000-0 +56580-4 0  9994
2 26503 064.9588 309.9218 0058661 223.4162 214.0055 13.90944405893833
COSMOS 1249 COOLANT
1 26503U 81021E   17297.42755010 -.00000011  00000-0  62504-4 0  9992
2 26503  64.9587 307.4722 0058581 223.1852 207.2824 13.90944558893960
COSMOS 1249 COOLANT
1 26503U 81021E   17298.65819594 -.00000012 +00000-0 +62168-4 0  9993
2 26503 064.9586 304.2427 0058485 222.8743 249.5270 13.90944762894135
COSMOS 1249 COOLANT
1 26503U 81021E   17302.38876424  .00000003  00000-0  73392-4 0  9994
2 26503  64.9585 294.4526 0058180 221.9245 209.7098 13.90945347894656
COSMOS 1249 COOLANT
1 26503U 81021E   17306.41673792 -.00000028 +00000-0 +49316-4 0  9992
2 26503 064.9586 283.8824 0057840 220.8810 219.1265 13.90945862895214
COSMOS 1249 COOLANT
1 26503U 81021E   17309.36401802 -.00000039  00000-0  40445-4 0  9996
2 26503  64.9587 276.1481 0057572 220.1069 217.1621 13.90946164895625
COSMOS 1249 COOLANT
1 26503U 81021E   17311.52747980 -.00000024  00000-0  52375-4 0  9996
2 26503  64.9588 270.4710 0057436 219.5003 250.3930 13.90946458895928
COSMOS 1249 COOLANT
1 26503U 81021E   17312.31128653 -.00000011 +00000-0 +62975-4 0  9997
2 26503 064.9589 268.4142 0057373 219.2873 215.1888 13.90946616896037
COSMOS 1249 COOLANT
1 26503U 81021E   17313.24399483 -.00000010 +00000-0 +63092-4 0  9991
2 26503 064.9590 265.9660 0057257 219.0618 205.5591 13.90946700896164
COSMOS 1249 COOLANT
1 26503U 81021E   17314.25121802 -.00000006  00000-0  66370-4 0  9998
2 26503  64.9591 263.3230 0057168 218.7899 209.0785 13.90946825896306
COSMOS 1249 COOLANT
1 26503U 81021E   17315.48075326 -.00000018 +00000-0 +57267-4 0  9991
2 26503 064.9592 260.0967 0057066 218.4456 245.8059 13.90946995896479
COSMOS 1249 COOLANT
1 26503U 81021E   17316.48956081 -.00000034  00000-0  44204-4 0  9993
2 26503  64.9593 257.4496 0056987 218.1562 257.2775 13.90947102896612
COSMOS 1249 COOLANT
1 26503U 81021E   17317.49665601 -.00000043 +00000-0 +37281-4 0  9997
2 26503 064.9594 254.8073 0056903 217.8817 260.1604 13.90947211896752
COSMOS 1249 COOLANT
1 26503U 81021E   17318.27952814 -.00000037 +00000-0 +42519-4 0  9992
2 26503 064.9593 252.7526 0056824 217.6675 220.2803 13.90947337896862
COSMOS 1249 COOLANT
1 26503U 81021E   17319.21289531 -.00000036  00000-0  43244-4 0  9991
2 26503  64.9594 250.3035 0056738 217.4163 213.9785 13.90947473896999
COSMOS 1249 COOLANT
1 26503U 81021E   17320.21991991 -.00000034 +00000-0 +44969-4 0  9996
2 26503 064.9594 247.6610 0056645 217.1401 216.5111 13.90947646897137
COSMOS 1249 COOLANT
1 26503U 81021E   17324.17408744 -.00000009  00000-0  64062-4 0  9992
2 26503  64.9594 237.2854 0056285 216.0463 216.4557 13.90948189897684
COSMOS 1249 COOLANT
1 26503U 81021E   17325.18114878 -.00000007 +00000-0 +66136-4 0  9998
2 26503 064.9594 234.6429 0056190 215.7641 219.1811 13.90948384897828
COSMOS 1249 COOLANT
1 26503U 81021E   17327.19510626  .00000004  00000-0  74182-4 0  9998
2 26503  64.9593 229.3582 0056011 215.1991 223.8069 13.90948768898107
COSMOS 1249 COOLANT
1 26503U 81021E   17328.20189995 -.00000002 +00000-0 +69697-4 0  9996
2 26503 064.9592 226.7163 0055920 214.9126 225.1985 13.90948954898241
COSMOS 1249 COOLANT
1 26503U 81021E   17329.35938750 -.00000023  00000-0  53469-4 0  9997
2 26503  64.9591 223.6792 0055809 214.5970 261.1574 13.90949111898401
COSMOS 1249 COOLANT
1 26503U 81021E   17330.14230503 -.00000024 +00000-0 +52537-4 0  9993
2 26503 064.9590 221.6251 0055756 214.3780 221.5149 13.90949251898511
COSMOS 1249 COOLANT
1 26503U 81021E   17332.08225902 -.00000016  00000-0  58578-4 0  9997
2 26503  64.9587 216.5349 0055604 213.8318 215.5859 13.90949578898783
COSMOS 1249 COOLANT
1 26503U 81021E   17333.08960712 -.00000017 +00000-0 +57647-4 0  9990
2 26503 064.9585 213.8917 0055515 213.5474 219.7538 13.90949721898929
COSMOS 1249 COOLANT
1 26503U 81021E   17334.32061434 -.00000011  00000-0  62560-4 0  9995
2 26503  64.9583 210.6616 0055416 213.1992 263.8682 13.90949937899097
COSMOS 1249 COOLANT
1 26503U 81021E   17336.26069536 +.00000004 +00000-0 +74506-4 0  9995
2 26503 064.9580 205.5701 0055233 212.6505 258.5818 13.90950213899364
COSMOS 1249 COOLANT
1 26503U 81021E   17338.27488604 -.00000002  00000-0  69575-4 0  9998
2 26503  64.9578 200.2851 0055080 212.0821 264.3932 13.90950608899645
COSMOS 1249 COOLANT
1 26503U 81021E   17340.21482730 -.00000011 +00000-0 +62450-4 0  9994
2 26503 064.9576 195.1947 0054912 211.5410 258.4051 13.90950907899910
COSMOS 1249 COOLANT
1 26503U 81021E   17341.22192395 -.00000017  00000-0  57833-4 0  9996
2 26503  64.9575 192.5521 0054815 211.2651 261.3112 13.90951097900054
COSMOS 1249 COOLANT
1 26503U 81021E   17342.00505880 -.00000022 +00000-0 +54039-4 0  9991
2 26503 064.9574 190.4970 0054748 211.0434 222.7651 13.90951226900165
COSMOS 1249 COOLANT
1 26503U 81021E   17344.95193581 -.00000017 +00000-0 +57746-4 0  9990
2 26503 064.9570 182.7640 0054497 210.2205 218.8887 13.90951601900576
COSMOS 1249 COOLANT
1 26503U 81021E   17345.17621706 -.00000019  00000-0  56748-4 0  9993
2 26503  64.9570 182.1755 0054484 210.1539 261.9535 13.90951622900608
COSMOS 1249 COOLANT
1 26503U 81021E   17346.18339385 -.00000014 +00000-0 +60202-4 0  9999
2 26503 064.9569 179.5325 0054396 209.8687 265.2723 13.90951783900749
COSMOS 1249 COOLANT
1 26503U 81021E   17347.19039443 -.00000011  00000-0  62656-4 0  9995
2 26503  64.9569 176.8900 0054309 209.5880 267.7049 13.90951936900887
COSMOS 1249 COOLANT
1 26503U 81021E   17348.90647256 +.00000000 +00000-0 +71410-4 0  9997
2 26503 064.9570 172.3867 0054154 209.1148 220.7526 13.90952201901126
COSMOS 1249 COOLANT
1 26503U 81021E   17349.13052262 -.00000004 +00000-0 +68537-4 0  9991
2 26503 064.9570 171.7988 0054141 209.0532 262.6554 13.90952222901157
COSMOS 1249 COOLANT
1 26503U 81021E   17350.13764212 -.00000011  00000-0  62710-4 0  9993
2 26503  64.9571 169.1560 0054055 208.7709 265.6870 13.90952394901290
COSMOS 1249 COOLANT
1 26503U 81021E   17351.14452840 -.00000025 +00000-0 +51780-4 0  9996
2 26503 064.9572 166.5137 0053960 208.4977 267.5425 13.90952543901439
COSMOS 1249 COOLANT
1 26503U 81021E   17352.15177292 -.00000028  00000-0  49034-4 0  9995
2 26503  64.9572 163.8705 0053872 208.2255 271.1911 13.90952700901570
COSMOS 1249 COOLANT
1 26503U 81021E   17352.86083628 -.00000025 +00000-0 +51621-4 0  9994
2 26503 064.9572 162.0099 0053823 208.0315 221.7381 13.90952806901678
COSMOS 1249 COOLANT
1 26503U 81021E   17353.08451771 -.00000027 +00000-0 +50414-4 0  9998
2 26503 064.9572 161.4229 0053805 207.9720 261.7935 13.90952840901705
COSMOS 1249 COOLANT
1 26503U 81021E   17356.10562708 -.00000039  00000-0  40507-4 0  9992
2 26503  64.9574 153.4952 0053572 207.1499 269.6234 13.90953208902122
COSMOS 1249 COOLANT
1 26503U 81021E   17358.04590601 -.00000019 +00000-0 +56638-4 0  9990
2 26503 064.9576 148.4037 0053409 206.6330 265.3187 13.90953460902398
COSMOS 1249 COOLANT
1 26503U 81021E   17359.05257007 -.00000012  00000-0  62185-4 0  9999
2 26503  64.9578 145.7621 0053340 206.3805 266.0444 13.90953654902532
COSMOS 1249 COOLANT
1 26503U 81021E   17360.06040715 -.00000012 +00000-0 +61843-4 0  9998
2 26503 064.9579 143.1175 0053262 206.0987 272.6732 13.90953797902676
COSMOS 1249 COOLANT
1 26503U 81021E   17361.77574167 -.00000005  00000-0  67097-4 0  9999
2 26503  64.9583 138.6164 0053109 205.6403 221.9941 13.90954066902912
COSMOS 1249 COOLANT
1 26503U 81021E   17362.78299947 -.00000017 +00000-0 +57961-4 0  9993
2 26503 064.9584 135.9733 0053018 205.3651 225.7171 13.90954189903055
COSMOS 1249 COOLANT
1 26503U 81021E   17364.01424976 -.00000037  00000-0  42123-4 0  9999
2 26503  64.9587 132.7424 0052905 205.0355 271.0501 13.90954359903221
COSMOS 1249 COOLANT
1 26503U 81021E   17365.02132036 -.00000043 +00000-0 +37730-4 0  9999
2 26503 064.9588 130.0999 0052815 204.7628 273.8345 13.90954480903365
COSMOS 1249 COOLANT
1 26503U 81021E   18002.74445694 -.00000034  00000-0  44624-4 0  9994
2 26503  64.9589 122.9544 0052616 204.0604 229.5795 13.90954865903744
COSMOS 1249 COOLANT
1 26503U 81021E   18006.92216527 -.00000019  00000-0  56130-4 0  9997
2 26503  64.9593 111.9923 0052297 202.9731 268.9129 13.90955322904323
COSMOS 1249 COOLANT
1 26503U 81021E   18006.92216527 -.00000019 +00000-0 +56130-4 0  9997
2 26503 064.9593 111.9923 0052297 202.9731 268.9129 13.90955322904323
COSMOS 1249 COOLANT
1 26503U 81021E   18015.61413403 -.00000033  00000-0  45618-4 0  9990
2 26503  64.9593  89.1842 0051559 200.5710 232.9831 13.90956143905537
COSMOS 1249 COOLANT
1 26503U 81021E   18016.84519970 -.00000032 +00000-0 +46374-4 0  9991
2 26503 064.9589 085.9533 0051531 200.2240 277.4183 13.90956271905703
COSMOS 1249 COOLANT
1 26503U 81021E   18018.56130878 -.00000015  00000-0  59521-4 0  9997
2 26503  64.9589  81.4484 0051198 199.7382 230.6589 13.90956520905941
COSMOS 1249 COOLANT
1 26503U 81021E   18018.56130878 -.00000015 +00000-0 +59521-4 0  9997
2 26503 064.9589 081.4484 0051198 199.7382 230.6589 13.90956520905941
COSMOS 1249 COOLANT
1 26503U 81021E   18019.79128566 -.00000031 +00000-0 +46891-4 0  9998
2 26503 064.9591 078.2231 0051124 199.4423 269.5901 13.90956558906110
COSMOS 1249 COOLANT
1 26503U 81021E   18022.58920319 -.00000044  00000-0  36656-4 0  9997
2 26503  64.9594  70.8813 0050713 198.7365 239.7938 13.90956839906501
COSMOS 1249 COOLANT
1 26503U 81021E   18022.58920319 -.00000044 +00000-0 +36656-4 0  9997
2 26503 064.9594 070.8813 0050713 198.7365 239.7938 13.90956839906501
COSMOS 1249 COOLANT
1 26503U 81021E   18028.48385625 -.00000040  00000-0  39832-4 0  9992
2 26503  64.9591  55.4124 0050116 197.0776 236.6749 13.90957336907327
COSMOS 1249 COOLANT
1 26503U 81021E   18034.45187795 -.00000060  00000-0  24254-4 0  9998
2 26503  64.9592  39.7499 0049509 195.3130 241.0400 13.90957846908159
COSMOS 1249 COOLANT
1 26503U 81021E   18036.61621619 -.00000057  00000-0  26300-4 0  9996
2 26503  64.9596  34.0719 0049304 194.6637 278.7912 13.90957977908456
COSMOS 1249 COOLANT
1 26503U 81021E   18036.61621619 -.00000057 +00000-0 +26300-4 0  9996
2 26503 064.9596 034.0719 0049304 194.6637 278.7912 13.90957977908456
COSMOS 1249 COOLANT
1 26503U 81021E   18037.39937824 -.00000054 +00000-0 +28974-4 0  9996
2 26503 064.9597 032.0166 0049207 194.4415 240.4006 13.90958067908568
COSMOS 1249 COOLANT
1 26503U 81021E   18038.63012939 -.00000056  00000-0  27491-4 0  9990
2 26503  64.9598  28.7865 0049075 194.0751 283.2873 13.90958122908737
COSMOS 1249 COOLANT
1 26503U 81021E   18038.63012939 -.00000056 +00000-0 +27491-4 0  9990
2 26503 064.9598 028.7865 0049075 194.0751 283.2873 13.90958122908737
COSMOS 1249 COOLANT
1 26503U 81021E   18040.34622778 -.00000043 +00000-0 +37300-4 0  9995
2 26503 064.9601 024.2835 0048908 193.5386 236.5360 13.90958215908973
COSMOS 1249 COOLANT
1 26503U 81021E   18041.35342917 -.00000045  00000-0  36018-4 0  9998
2 26503  64.9601  21.6403 0048799 193.2343 240.0211 13.90958338909111
COSMOS 1249 COOLANT
1 26503U 81021E   18041.57741990 -.00000048 +00000-0 +33760-4 0  9990
2 26503 064.9601 021.0525 0048772 193.1667 281.6378 13.90958370909143
COSMOS 1249 COOLANT
1 26503U 81021E   18042.58468927 -.00000056 +00000-0 +27199-4 0  9996
2 26503 064.9603 018.4093 0048660 192.8581 285.4676 13.90958435909282
COSMOS 1249 COOLANT
1 26503U 81021E   18044.30057007 -.00000055  00000-0  28360-4 0  9991
2 26503  64.9605  13.9069 0048496 192.3234 237.6277 13.90958546909520
COSMOS 1249 COOLANT
1 26503U 81021E   18045.30735017 -.00000054 +00000-0 +28955-4 0  9995
2 26503 064.9606 011.2651 0048384 192.0051 239.0179 13.90958656909663
COSMOS 1249 COOLANT
1 26503U 81021E   18047.32148358 -.00000059  00000-0  25280-4 0  9998
2 26503  64.9607   5.9799 0048167 191.3719 244.6660 13.90958803909941
COSMOS 1249 COOLANT
1 26503U 81021E   18048.25452859 -.00000048 +00000-0 +33475-4 0  9998
2 26503 064.9608 003.5316 0048072 191.0793 236.8304 13.90958895910070
COSMOS 1249 COOLANT
1 26503U 81021E   18050.26883300 -.00000038  00000-0  41849-4 0  9994
2 26503  64.9610 358.2461 0047864 190.4345 243.3476 13.90959119910352
COSMOS 1249 COOLANT
1 26503U 81021E   18051.27570810 -.00000038 +00000-0 +41578-4 0  9994
2 26503 064.9611 355.6040 0047761 190.1105 245.2210 13.90959209910496
COSMOS 1249 COOLANT
1 26503U 81021E   18053.21593841 -.00000025  00000-0  51442-4 0  9996
2 26503  64.9612 350.5131 0047557 189.4896 240.8187 13.90959474910761
COSMOS 1249 COOLANT
1 26503U 81021E   18054.44623076 -.00000033 +00000-0 +45361-4 0  9998
2 26503 064.9612 347.2849 0047445 189.0804 281.4579 13.90959662910935
COSMOS 1249 COOLANT
1 26503U 81021E   18059.40824253 -.00000029  00000-0  48609-4 0  9992
2 26503  64.9609 334.2650 0046957 187.4518 288.5141 13.90960320911621
COSMOS 1249 COOLANT
1 26503U 81021E   18060.19118351 -.00000021 +00000-0 +54859-4 0  9991
2 26503 064.9607 332.2101 0046866 187.1923 249.0603 13.90960427911739
COSMOS 1249 COOLANT
1 26503U 81021E   18061.12424976 -.00000009 +00000-0 +64580-4 0  9996
2 26503 064.9607 329.7619 0046773 186.8839 241.3522 13.90960578911869
COSMOS 1249 COOLANT
1 26503U 81021E   18062.13134466 -.00000000  00000-0  71266-4 0  9990
2 26503  64.9606 327.1195 0046680 186.5513 244.3401 13.90960752912002
COSMOS 1249 COOLANT
1 26503U 81021E   18063.36248008 -.00000010 +00000-0 +63539-4 0  9999
2 26503 064.9604 323.8888 0046541 186.1485 289.1989 13.90960898912179
COSMOS 1249 COOLANT
1 26503U 81021E   18064.36929576 -.00000014  00000-0  60747-4 0  9998
2 26503  64.9604 321.2478 0046472 185.8229 290.7832 13.90961057912310
COSMOS 1249 COOLANT
1 26503U 81021E   18065.07853274 -.00000011 +00000-0 +62989-4 0  9995
2 26503 064.9603 319.3867 0046396 185.5916 242.2577 13.90961165912413
COSMOS 1249 COOLANT
1 26503U 81021E   18066.08529142 -.00000011 +00000-0 +62495-4 0  9993
2 26503 064.9602 316.7452 0046307 185.2577 243.5656 13.90961306912559
COSMOS 1249 COOLANT
1 26503U 81021E   18067.09230416 -.00000016  00000-0  59265-4 0  9994
2 26503  64.9599 314.1027 0046216 184.9172 246.1533 13.90961479912699
COSMOS 1249 COOLANT
1 26503U 81021E   18067.31608888 -.00000018 +00000-0 +57621-4 0  9997
2 26503 064.9599 313.5153 0046192 184.8396 286.7512 13.90961536912727
COSMOS 1249 COOLANT
1 26503U 81021E   18068.32366035 -.00000027 +00000-0 +50152-4 0  9996
2 26503 064.9596 310.8712 0046092 184.5031 292.1332 13.90961649912868
COSMOS 1249 COOLANT
1 26503U 81021E   18069.03244390 -.00000024 +00000-0 +52592-4 0  9991
2 26503 064.9595 309.0113 0046027 184.2684 241.3423 13.90961737912967
COSMOS 1249 COOLANT
1 26503U 81021E   18070.03964444 -.00000009  00000-0  64850-4 0  9995
2 26503  64.9593 306.3683 0045923 183.9389 244.8607 13.90961941913105
COSMOS 1249 COOLANT
1 26503U 81021E   18071.04655156 -.00000001 +00000-0 +70746-4 0  9997
2 26503 064.9591 303.7261 0045830 183.6025 246.9174 13.90962117913240
COSMOS 1249 COOLANT
1 26503U 81021E   18073.06073097  .00000002  00000-0  73259-4 0  9991
2 26503  64.9588 298.4407 0045643 182.9422 252.8485 13.90962437913520
COSMOS 1249 COOLANT
1 26503U 81021E   18073.99394757 +.00000008 +00000-0 +77729-4 0  9994
2 26503 064.9587 295.9918 0045560 182.6334 245.9008 13.90962583913655
COSMOS 1249 COOLANT
1 26503U 81021E   18077.23898355 -.00000007  00000-0  65701-4 0  9995
2 26503  64.9582 287.4761 0045271 181.5523 295.3288 13.90963201914107
COSMOS 1249 COOLANT
1 26503U 81021E   18080.18510712 -.00000016  00000-0  59310-4 0  9990
2 26503  64.9578 279.7447 0045011 180.5780 287.9594 13.90963701914510
COSMOS 1249 COOLANT
1 26503U 81021E   18083.13310365 -.00000007  00000-0  65808-4 0  9999
2 26503  64.9574 272.0074 0044753 179.5978 289.9780 13.90964077914928
COSMOS 1249 COOLANT
1 26503U 81021E   18084.14038402 +.00000003 +00000-0 +73934-4 0  9994
2 26503 064.9575 269.3643 0044666 179.2687 293.9045 13.90964297915066
COSMOS 1249 COOLANT
1 26503U 81021E   18085.93038576 +.00000003 +00000-0 +73872-4 0  9995
2 26503 064.9577 264.6670 0044505 178.6920 257.2790 13.90964617915315
COSMOS 1249 COOLANT
1 26503U 81021E   18086.15473559  .00000001  00000-0  72294-4 0  9999
2 26503  64.9578 264.0786 0044495 178.6165 300.7067 13.90964659915347
COSMOS 1249 COOLANT
1 26503U 81021E   18086.93744538 +.00000004 +00000-0 +74544-4 0  9996
2 26503 064.9578 262.0245 0044429 178.3656 260.0994 13.90964790915459
COSMOS 1249 COOLANT
1 26503U 81021E   18087.87066064 +.00000004 +00000-0 +74746-4 0  9995
2 26503 064.9579 259.5754 0044354 178.0666 253.1438 13.90964981915583
COSMOS 1249 COOLANT
1 26503U 81021E   18088.09462128 -.00000003 +00000-0 +69053-4 0  9996
2 26503 064.9578 258.9882 0044360 178.0225 294.5916 13.90964978915615
COSMOS 1249 COOLANT
1 26503U 81021E   18089.10165715 -.00000017  00000-0  57860-4 0  9999
2 26503  64.9578 256.3455 0044293 177.7066 297.2844 13.90965136915759
COSMOS 1249 COOLANT
1 26503U 81021E   18091.82442559 -.00000026  00000-0  51175-4 0  9998
2 26503  64.9580 249.2004 0044032 176.8234 251.4707 13.90965475916130
COSMOS 1249 COOLANT
1 26503U 81021E   18092.04905184 -.00000030 +00000-0 +48112-4 0  9993
2 26503 064.9580 248.6110 0044008 176.7476 296.2832 13.90965473916168
COSMOS 1249 COOLANT
1 26503U 81021E   18092.90547663 -.00000026 +00000-0 +51063-4 0  9996
2 26503 064.9581 246.3636 0043929 176.4683 264.8084 13.90965598916286
COSMOS 1249 COOLANT
1 26503U 81021E   18093.05423994 -.00000026 +00000-0 +50867-4 0  9994
2 26503 064.9582 245.9732 0043908 176.4207 289.7362 13.90965640916304
COSMOS 1249 COOLANT
1 26503U 81021E   18093.83875295 -.00000023  00000-0  53088-4 0  9990
2 26503  64.9583 243.9145 0043842 176.1732 258.1571 13.90965753916417
COSMOS 1249 COOLANT
1 26503U 81021E   18094.77172544 -.00000019 +00000-0 +56973-4 0  9992
2 26503 064.9584 241.4662 0043747 175.8660 249.9965 13.90965867916540
COSMOS 1249 COOLANT
1 26503U 81021E   18098.79997894 -.00000014  00000-0  60407-4 0  9993
2 26503  64.9590 230.8956 0043379 174.5748 261.3590 13.90966476917101
COSMOS 1249 COOLANT
1 26503U 81021E   18100.96415573 -.00000020 +00000-0 +55837-4 0  9993
2 26503 064.9592 225.2168 0043174 173.8875 298.4092 13.90966822917408
COSMOS 1249 COOLANT
1 26503U 81021E   18100.96415573 -.00000020  00000-0  55837-4 0  9993
2 26503  64.9592 225.2168 0043174 173.8875 298.4092 13.90966822917408
COSMOS 1249 COOLANT
1 26503U 81021E   18103.68703881 -.00000033  00000-0  45574-4 0  9998
2 26503  64.9593 218.0722 0042921 173.0257 253.1652 13.90967208917780
COSMOS 1249 COOLANT
1 26503U 81021E   18106.93237448 -.00000015  00000-0  59402-4 0  9995
2 26503  64.9595 209.5569 0042626 171.9864 304.1028 13.90967707918238
COSMOS 1249 COOLANT
1 26503U 81021E   18106.93237448 -.00000015 +00000-0 +59402-4 0  9995
2 26503 064.9595 209.5569 0042626 171.9864 304.1028 13.90967707918238
COSMOS 1249 COOLANT
1 26503U 81021E   18107.93931920 -.00000011 +00000-0 +62882-4 0  9994
2 26503 064.9595 206.9151 0042539 171.6617 306.3566 13.90967833918378
COSMOS 1249 COOLANT
1 26503U 81021E   18109.65553419  .00000001  00000-0  72637-4 0  9995
2 26503  64.9596 202.4117 0042368 171.1128 260.2631 13.90968133918616
COSMOS 1249 COOLANT
1 26503U 81021E   18110.66252494 -.00000006 +00000-0 +66920-4 0  9991
2 26503 064.9596 199.7694 0042270 170.7819 262.7557 13.90968306918759
COSMOS 1249 COOLANT
1 26503U 81021E   18111.89361289 -.00000021  00000-0  54950-4 0  9997
2 26503  64.9595 196.5392 0042150 170.3898 307.4005 13.90968467918920
COSMOS 1249 COOLANT
1 26503U 81021E   18112.60229229 -.00000024 +00000-0 +52837-4 0  9999
2 26503 064.9595 194.6796 0042071 170.1497 256.1106 13.90968545919023
COSMOS 1249 COOLANT
1 26503U 81021E   18114.61672661 -.00000031 +00000-0 +47080-4 0  9996
2 26503 064.9592 189.3940 0041875 169.4912 263.3632 13.90968816919302
COSMOS 1249 COOLANT
1 26503U 81021E   18114.83996619 -.00000031  00000-0  47533-4 0  9995
2 26503  64.9591 188.8080 0041851 169.4123 301.2389 13.90968890919334
COSMOS 1249 COOLANT
1 26503U 81021E   18115.62374022 -.00000033 +00000-0 +45926-4 0  9997
2 26503 064.9590 186.7512 0041779 169.1440 265.9894 13.90968966919441
COSMOS 1249 COOLANT
1 26503U 81021E   18116.55637823 -.00000031 +00000-0 +47476-4 0  9991
2 26503 064.9588 184.3039 0041685 168.8274 256.1741 13.90969047919571
COSMOS 1249 COOLANT
1 26503U 81021E   18119.57817222 -.00000009 +00000-0 +64304-4 0  9993
2 26503 064.9585 176.3747 0041383 167.8066 267.8052 13.90969483919992
COSMOS 1249 COOLANT
1 26503U 81021E   18119.57817222 -.00000009  00000-0  64304-4 0  9993
2 26503  64.9585 176.3747 0041383 167.8066 267.8052 13.90969483919992
COSMOS 1249 COOLANT
1 26503U 81021E   18120.58478275 -.00000011 +00000-0 +62928-4 0  9990
2 26503 064.9584 173.7332 0041290 167.4631 268.4116 13.90969613920134
COSMOS 1249 COOLANT
1 26503U 81021E   18121.51781341 -.00000008 +00000-0 +65709-4 0  9991
2 26503 064.9583 171.2849 0041196 167.1547 260.5572 13.90969779920263
COSMOS 1249 COOLANT
1 26503U 81021E   18122.52504924 -.00000011  00000-0  63201-4 0  9992
2 26503  64.9582 168.6418 0041095 166.8102 264.2967 13.90969930920409
COSMOS 1249 COOLANT
1 26503U 81021E   18130.43333512 -.00000014  00000-0  60668-4 0  9991
2 26503  64.9572 147.8886 0040306 164.0234 265.1821 13.90970816921502
COSMOS 1249 COOLANT
1 26503U 81021E   18131.44018698 -.00000009 +00000-0 +64271-4 0  9996
2 26503 064.9573 145.2470 0040234 163.6622 267.0196 13.90970974921646
COSMOS 1249 COOLANT
1 26503U 81021E   18133.45428507 -.00000019  00000-0  57031-4 0  9990
2 26503  64.9574 139.9620 0040060 162.9372 272.6750 13.90971337921928
COSMOS 1249 COOLANT
1 26503U 81021E   18134.38759640 -.00000020 +00000-0 +55518-4 0  9998
2 26503 064.9578 137.5150 0040032 162.6450 266.2153 13.90971501922051
COSMOS 1249 COOLANT
1 26503U 81021E   18135.39430936 -.00000025 +00000-0 +52029-4 0  9993
2 26503 064.9575 134.8716 0039848 162.2510 267.3927 13.90971653922196
COSMOS 1249 COOLANT
1 26503U 81021E   18136.40157819 -.00000036 +00000-0 +43105-4 0  9999
2 26503 064.9576 132.2286 0039785 161.8636 271.3477 13.90971793922331
COSMOS 1249 COOLANT
1 26503U 81021E   18137.63231573 -.00000049 +00000-0 +33006-4 0  9998
2 26503 064.9577 128.9989 0039662 161.4032 314.3222 13.90971936922508
COSMOS 1249 COOLANT
1 26503U 81021E   18138.41545521 -.00000043  00000-0  37341-4 0  9996
2 26503  64.9577 126.9439 0039579 161.1236 275.9156 13.90972043922616
COSMOS 1249 COOLANT
1 26503U 81021E   18139.34837101 -.00000037 +00000-0 +42562-4 0  9991
2 26503 064.9577 124.4958 0039508 160.7646 267.5443 13.90972136922740
COSMOS 1249 COOLANT
1 26503U 81021E   18140.57825498 -.00000030 +00000-0 +47908-4 0  9996
2 26503 064.9576 121.2672 0039401 160.2312 306.3193 13.90972306922916
COSMOS 1249 COOLANT
1 26503U 81021E   18140.57825498 -.00000030  00000-0  47908-4 0  9996
2 26503  64.9576 121.2672 0039401 160.2312 306.3193 13.90972306922916
COSMOS 1249 COOLANT
1 26503U 81021E   18141.58683135 -.00000031 +00000-0 +46994-4 0  9993
2 26503 064.9577 118.6198 0039286 159.8100 316.8566 13.90972393923052
COSMOS 1249 COOLANT
1 26503U 81021E   18142.29550062 -.00000026 +00000-0 +51311-4 0  9997
2 26503 064.9579 116.7605 0039232 159.5789 265.5176 13.90972487923159
COSMOS 1249 COOLANT
1 26503U 81021E   18145.54091699 -.00000031  00000-0  47059-4 0  9994
2 26503  64.9585 108.2442 0038946 158.2967 317.1647 13.90972918923602
COSMOS 1249 COOLANT
1 26503U 81021E   18147.33079000 -.00000039 +00000-0 +41201-4 0  9996
2 26503 064.9588 103.5475 0038797 157.5836 280.0859 13.90973120923856
COSMOS 1249 COOLANT
1 26503U 81021E   18149.49481689 -.00000051  00000-0  31578-4 0  9995
2 26503  64.9591  97.8691 0038614 156.7299 316.6026 13.90973314924158
COSMOS 1249 COOLANT
1 26503U 81021E   18150.50184206 -.00000050 +00000-0 +32182-4 0  9995
2 26503 064.9592 095.2266 0038532 156.3248 319.3603 13.90973416924297
COSMOS 1249 COOLANT
1 26503U 81021E   18151.28492175 -.00000042 +00000-0 +38294-4 0  9999
2 26503 064.9594 093.1719 0038464 156.0203 280.6829 13.90973486924401
COSMOS 1249 COOLANT
1 26503U 81021E   18153.29883369 -.00000022  00000-0  54639-4 0  9990
2 26503  64.9596  87.8875 0038301 155.2141 285.5021 13.90973732924680
COSMOS 1249 COOLANT
1 26503U 81021E   18155.16516352 -.00000022 +00000-0 +54118-4 0  9995
2 26503 064.9599 082.9903 0038152 154.4703 271.2916 13.90973971924949
COSMOS 1249 COOLANT
1 26503U 81021E   18156.24604463 -.00000020  00000-0  56121-4 0  9990
2 26503  64.9600  80.1540 0038064 154.0289 283.8975 13.90974102925094
COSMOS 1249 COOLANT
1 26503U 81021E   18157.17916932 -.00000022 +00000-0 +54422-4 0  9994
2 26503 064.9601 077.7056 0037993 153.6460 276.6030 13.90974230925224
COSMOS 1249 COOLANT
1 26503U 81021E   18159.19342685 -.00000038  00000-0  41334-4 0  9991
2 26503  64.9603  72.4207 0037841 152.8334 283.1662 13.90974526925502
COSMOS 1249 COOLANT
1 26503U 81021E   18160.12608887 -.00000040 +00000-0 +39923-4 0  9999
2 26503 064.9603 069.9734 0037768 152.4446 273.5620 13.90974621925633
COSMOS 1249 COOLANT
1 26503U 81021E   18161.13355589 -.00000035 +00000-0 +43996-4 0  9998
2 26503 064.9603 067.3297 0037681 152.0295 278.5466 13.90974753925775
COSMOS 1249 COOLANT
1 26503U 81021E   18162.36361319 -.00000033  00000-0  45769-4 0  9990
2 26503  64.9603  64.1018 0037616 151.5193 318.1779 13.90974969925946
COSMOS 1249 COOLANT
1 26503U 81021E   18165.16139156 -.00000016  00000-0  59402-4 0  9993
2 26503  64.9603  56.7604 0037413 150.3740 288.3097 13.90975319926339
COSMOS 1249 COOLANT
1 26503U 81021E   18166.09449167 -.00000014 +00000-0 +61028-4 0  9997
2 26503 064.9603 054.3119 0037348 149.9895 280.8974 13.90975449926465
COSMOS 1249 COOLANT
1 26503U 81021E   18168.03440022 -.00000028  00000-0  49877-4 0  9997
2 26503  64.9603  49.2214 0037211 149.1831 275.1829 13.90975646926730
COSMOS 1249 COOLANT
1 26503U 81021E   18169.26539531 -.00000027 +00000-0 +50602-4 0  9994
2 26503 064.9605 045.9918 0037138 148.6913 319.4943 13.90975808926907
COSMOS 1249 COOLANT
1 26503U 81021E   18170.04877580 -.00000025  00000-0  51627-4 0  9997
2 26503  64.9604  43.9362 0037083 148.3712 282.3456 13.90975911927015
COSMOS 1249 COOLANT
1 26503U 81021E   18172.28724830 -.00000036  00000-0  43332-4 0  9990
2 26503  64.9602  38.0622 0036929 147.4502 331.7150 13.90976206927324
COSMOS 1249 COOLANT
1 26503U 81021E   18173.21967801 -.00000027 +00000-0 +50309-4 0  9993
2 26503 064.9601 035.6152 0036852 147.0711 320.9439 13.90976353927454
COSMOS 1249 COOLANT
1 26503U 81021E   18174.22679576 -.00000018 +00000-0 +57814-4 0  9992
2 26503 064.9601 032.9724 0036783 146.6576 324.1843 13.90976510927591
COSMOS 1249 COOLANT
1 26503U 81021E   18175.23302281 -.00000012  00000-0  62378-4 0  9995
2 26503  64.9600  30.3320 0036714 146.2463 322.9637 13.90976702927735
COSMOS 1249 COOLANT
1 26503U 81021E   18176.24074166 -.00000014 +00000-0 +60356-4 0  9991
2 26503 064.9600 027.6875 0036640 145.8319 329.2164 13.90976844927879
COSMOS 1249 COOLANT
1 26503U 81021E   18178.18078448 -.00000005  00000-0  67404-4 0  9994
2 26503  64.9599  22.5966 0036508 145.0435 324.1665 13.90977158928145
COSMOS 1249 COOLANT
1 26503U 81021E   18178.96411145 -.00000007 +00000-0 +66153-4 0  9997
2 26503 064.9599 020.5410 0036460 144.7211 286.7559 13.90977278928252
COSMOS 1249 COOLANT
1 26503U 81021E   18179.18810459 -.00000010 +00000-0 +64160-4 0  9993
2 26503 064.9599 019.9532 0036449 144.6332 328.4204 13.90977328928289
COSMOS 1249 COOLANT
1 26503U 81021E   18180.19532469 -.00000022  00000-0  54211-4 0  9997
2 26503  64.9599  17.3102 0036375 144.2184 332.1789 13.90977477928424
COSMOS 1249 COOLANT
1 26503U 81021E   18181.20200439 -.00000029 +00000-0 +48925-4 0  9991
2 26503 064.9599 014.6685 0036300 143.8007 333.2346 13.90977612928564
COSMOS 1249 COOLANT
1 26503U 81021E   18182.13480531 -.00000030 +00000-0 +47838-4 0  9991
2 26503 064.9599 012.2207 0036235 143.4206 324.3276 13.90977715928693
COSMOS 1249 COOLANT
1 26503U 81021E   18183.14224715 -.00000032  00000-0  46614-4 0  9996
2 26503  64.9599   9.5770 0036170 143.0121 329.1909 13.90977836928833
COSMOS 1249 COOLANT
1 26503U 81021E   18184.93237477 -.00000038 +00000-0 +42044-4 0  9992
2 26503 064.9598 004.8794 0036050 142.2823 293.4348 13.90978033929081
COSMOS 1249 COOLANT
1 26503U 81021E   18185.15654025 -.00000038  00000-0  41497-4 0  9990
2 26503  64.9598   4.2912 0036041 142.2041 335.9531 13.90978066929115
COSMOS 1249 COOLANT
1 26503U 81021E   18185.93916933 -.00000031 +00000-0 +46853-4 0  9999
2 26503 064.9598 002.2375 0035995 141.8940 295.0380 13.90978143929222
COSMOS 1249 COOLANT
1 26503U 81021E   18196.01130878 -.00000008  00000-0  65365-4 0  9999
2 26503  64.9601 335.8066 0035314 137.8635 332.2606 13.90980143930624
COSMOS 1249 COOLANT
1 26503U 81021E   18197.01849861 -.00000066 +00000-0 +19878-4 0  9991
2 26503 064.9598 333.1631 0035342 137.8215 335.5041 13.90979645930762
COSMOS 1249 COOLANT
1 26503U 81021E   18199.74168021 -.00000028  00000-0  49523-4 0  9993
2 26503  64.9604 326.0179 0035014 136.2569 292.5514 13.90979553931147
COSMOS 1249 COOLANT
1 26503U 81021E   18200.97124168 -.00000035 +00000-0 +44181-4 0  9998
2 26503 064.9604 322.7913 0034937 135.7541 329.7132 13.90979680931312
COSMOS 1249 COOLANT
1 26503U 81021E   18203.84330130 -.00000037 +00000-0 +42378-4 0  9993
2 26503 064.9604 315.2555 0034718 134.5863 311.8584 13.90980148931710
COSMOS 1249 COOLANT
1 26503U 81021E   18204.70265311 -.00000038 +00000-0 +41458-4 0  9996
2 26503 064.9598 312.9993 0034599 134.2023 295.1890 13.90980188931835
COSMOS 1249 COOLANT
1 26503U 81021E   18206.71698183 -.00000069 +00000-0 +17163-4 0  9996
2 26503 064.9599 307.7131 0034394 133.2081 302.3301 13.90980169932117
COSMOS 1249 COOLANT
1 26503U 81021E   18207.64971272 -.00000063 +00000-0 +22127-4 0  9992
2 26503 064.9599 305.2662 0034357 132.8948 293.0144 13.90980203932249
COSMOS 1249 COOLANT
1 26503U 81021E   18208.88110045 -.00000049 +00000-0 +32751-4 0  9990
2 26503 064.9598 302.0350 0034274 132.3775 339.3373 13.90980307932410
COSMOS 1249 COOLANT
1 26503U 81021E   18209.88739675 -.00000042 +00000-0 +38374-4 0  9997
2 26503 064.9599 299.3956 0034248 132.0107 338.4327 13.90980443932553
COSMOS 1249 COOLANT
1 26503U 81021E   18210.89494275 -.00000045 +00000-0 +36422-4 0  9999
2 26503 064.9599 296.7525 0034208 131.6347 343.7952 13.90980517932693
COSMOS 1249 COOLANT
1 26503U 81021E   18212.61130965 -.00000043 +00000-0 +37698-4 0  9998
2 26503 064.9598 292.2489 0034090 130.9296 298.6961 13.90980624932930
COSMOS 1249 COOLANT
1 26503U 81021E   18214.62556892 -.00000057  00000-0  26759-4 0  9993
2 26503  64.9595 286.9635 0033941 130.0479 305.3832 13.90980816933216
COSMOS 1249 COOLANT
1 26503U 81021E   18215.55807035 -.00000060 +00000-0 +24575-4 0  9992
2 26503 064.9593 284.5165 0033870 129.6244 295.0319 13.90980931933348
COSMOS 1249 COOLANT
1 26503U 81021E   18216.56518813 -.00000056 +00000-0 +27155-4 0  9999
2 26503 064.9591 281.8738 0033797 129.1836 298.3168 13.90981019933483
COSMOS 1249 COOLANT
1 26503U 81021E   18217.57225903 -.00000051  00000-0  31580-4 0  9998
2 26503  64.9589 279.2312 0033726 128.7409 301.3689 13.90981114933627
COSMOS 1249 COOLANT
1 26503U 81021E   18218.56488887 -.00000047  00000-0  34573-4 0  9990
2 26503  64.9598 276.6338 0033886 129.0560 231.3558 13.90981537933766
COSMOS 1249 COOLANT
1 26503U 81021E   18218.57950411 -.00000050 +00000-0 +32355-4 0  9998
2 26503 064.9587 276.5882 0033654 128.2962 305.2959 13.90981221933763
COSMOS 1249 COOLANT
1 26503U 81021E   18219.58647083 -.00000045 +00000-0 +36326-4 0  9994
2 26503 064.9586 273.9459 0033580 127.8533 307.8274 13.90981319933902
COSMOS 1249 COOLANT
1 26503U 81021E   18220.51928447 -.00000039 +00000-0 +41019-4 0  9993
2 26503 064.9584 271.4980 0033515 127.4325 299.0368 13.90981358934039
COSMOS 1249 COOLANT
1 26503U 81021E   18222.53343929 -.00000026  00000-0  50902-4 0  9990
2 26503  64.9582 266.2127 0033379 126.5321 305.2242 13.90981568934311
COSMOS 1249 COOLANT
1 26503U 81021E   18222.75629896 -.00000028 +00000-0 +49864-4 0  9991
2 26503 064.9582 265.6277 0033369 126.4309 341.2301 13.90981616934347
COSMOS 1249 COOLANT
1 26503U 81021E   18223.76446966 -.00000039 +00000-0 +40693-4 0  9991
2 26503 064.9581 262.9820 0033302 125.9705 349.8095 13.90981676934486
COSMOS 1249 COOLANT
1 26503U 81021E   18225.48020057 -.00000041 +00000-0 +39718-4 0  9990
2 26503 064.9578 258.4796 0033183 125.1824 301.6174 13.90981846934725
COSMOS 1249 COOLANT
1 26503U 81021E   18226.56132328 -.00000045 +00000-0 +35933-4 0  9994
2 26503 064.9576 255.6423 0033122 124.6740 315.5317 13.90981964934873
COSMOS 1249 COOLANT
1 26503U 81021E   18228.50157789 -.00000056  00000-0  27183-4 0  9998
2 26503  64.9574 250.5506 0033001 123.7777 311.6868 13.90982130935148
COSMOS 1249 COOLANT
1 26503U 81021E   18229.43436521 -.00000051 +00000-0 +31774-4 0  9991
2 26503 064.9573 248.1027 0032940 123.3315 302.7932 13.90982196935272
COSMOS 1249 COOLANT
1 26503U 81021E   18230.44163286 -.00000042 +00000-0 +38173-4 0  9999
2 26503 064.9572 245.4594 0032881 122.8565 306.8669 13.90982264935419
COSMOS 1249 COOLANT
1 26503U 81021E   18231.52237362 -.00000012  00000-0  62584-4 0  9996
2 26503  64.9570 242.6218 0032868 122.3574 318.8657 13.90982724935566
COSMOS 1249 COOLANT
1 26503U 81021E   18234.39566064  .00000046  00000-0  10861-3 0  9994
2 26503  64.9577 235.0846 0032649 120.9589 307.4245 13.90983853935968
COSMOS 1249 COOLANT
1 26503U 81021E   18235.62548675 +.00000063 +00000-0 +12146-3 0  9996
2 26503 064.9576 231.8562 0032620 120.3771 346.0147 13.90984533936138
COSMOS 1249 COOLANT
1 26503U 81021E   18236.41003738  .00000051  00000-0  11211-3 0  9999
2 26503  64.9576 229.7972 0032596 119.9954 314.8122 13.90984734936249
COSMOS 1249 COOLANT
1 26503U 81021E   18237.41684294 +.00000032 +00000-0 +97526-4 0  9995
2 26503 064.9577 227.1546 0032572 119.5007 316.6017 13.90984908936389
COSMOS 1249 COOLANT
1 26503U 81021E   18239.35678564  .00000023  00000-0  90043-4 0  9990
2 26503  64.9572 222.0621 0032535 118.6667 311.1522 13.90985125936656
COSMOS 1249 COOLANT
1 26503U 81021E   18240.36411146 +.00000017 +00000-0 +85143-4 0  9992
2 26503 064.9573 219.4188 0032507 118.2234 315.4966 13.90985314936794
COSMOS 1249 COOLANT
1 26503U 81021E   18243.31083598  .00000020  00000-0  87734-4 0  9998
2 26503  64.9575 211.6855 0032426 116.7208 311.8915 13.90985567937206
COSMOS 1249 COOLANT
1 26503U 81021E   18244.54199252 +.00000006 +00000-0 +76701-4 0  9995
2 26503 064.9574 208.4540 0032241 115.8657 357.4128 13.90985432937374
COSMOS 1249 COOLANT
1 26503U 81021E   18246.48210740  .00000011  00000-0  80262-4 0  9999
2 26503  64.9593 203.3692 0032217 115.1718 352.6885 13.90985824937643
COSMOS 1249 COOLANT
1 26503U 81021E   18248.27216729 -.00000026 +00000-0 +51387-4 0  9994
2 26503 064.9590 198.6698 0032139 114.1990 316.8852 13.90985771937890
COSMOS 1249 COOLANT
1 26503U 81021E   18250.28630966 -.00000050  00000-0  32364-4 0  9992
2 26503  64.9592 193.3844 0032072 113.1486 323.1923 13.90985935938176
COSMOS 1249 COOLANT
1 26503U 81021E   18252.22610017 -.00000042 +00000-0 +38495-4 0  9995
2 26503 064.9592 188.2944 0032025 112.1757 317.1259 13.90986108938446
COSMOS 1249 COOLANT
1 26503U 81021E   18253.45747862 -.00000041  00000-0  39342-4 0  9991
2 26503  64.9593 185.0633 0031998 111.5573   3.5298 13.90986233938611
COSMOS 1249 COOLANT
1 26503U 81021E   18256.18048934 -.00000011  00000-0  62986-4 0  9995
2 26503  64.9595 177.9182 0031934 110.2036 319.6048 13.90986555938994
COSMOS 1249 COOLANT
1 26503U 81021E   18257.41070781 -.00000011 +00000-0 +62996-4 0  9998
2 26503 064.9595 174.6903 0031918 109.6118 000.1763 13.90986756939163
COSMOS 1249 COOLANT
1 26503U 81021E   18259.20149399 -.00000023  00000-0  53966-4 0  9999
2 26503  64.9596 169.9914 0031885 108.7185 327.9389 13.90986977939417
COSMOS 1249 COOLANT
1 26503U 81021E   18259.20149399 -.00000023 +00000-0 +53966-4 0  9999
2 26503 064.9596 169.9914 0031885 108.7185 327.9389 13.90986977939417
COSMOS 1249 COOLANT
1 26503U 81021E   18261.14168031 -.00000034 +00000-0 +44893-4 0  9990
2 26503 064.9595 164.9005 0031853 107.7532 323.8547 13.90987180939689
COSMOS 1249 COOLANT
1 26503U 81021E   18262.14862650 -.00000041  00000-0  39445-4 0  9994
2 26503  64.9594 162.2583 0031844 107.2574 326.3584 13.90987313939824
COSMOS 1249 COOLANT
1 26503U 81021E   18263.15563750 -.00000040 +00000-0 +39926-4 0  9998
2 26503 064.9593 159.6160 0031837 106.7800 329.1686 13.90987440939962
COSMOS 1249 COOLANT
1 26503U 81021E   18266.10311552 -.00000017 +00000-0 +58122-4 0  9990
2 26503 064.9589 151.8812 0031802 105.2903 329.3507 13.90987797940371
COSMOS 1249 COOLANT
1 26503U 81021E   18268.04267451 -.00000004 +00000-0 +68633-4 0  9997
2 26503 064.9587 146.7916 0031783 104.3268 322.1300 13.90988093940641
COSMOS 1249 COOLANT
1 26503U 81021E   18269.04981689 -.00000000 +00000-0 +71455-4 0  9996
2 26503 064.9586 144.1487 0031772 103.8266 325.6231 13.90988227940780
COSMOS 1249 COOLANT
1 26503U 81021E   18270.27978189 -.00000011 +00000-0 +63495-4 0  9991
2 26503 064.9585 140.9214 0031760 103.2247 004.9431 13.90988410940953
COSMOS 1249 COOLANT
1 26503U 81021E   18273.22771128 -.00000025  00000-0  51882-4 0  9995
2 26503  64.9582 133.1858 0031721 101.7665   7.3672 13.90988868941369
COSMOS 1249 COOLANT
1 26503U 81021E   18274.23472487 -.00000029 +00000-0 +48617-4 0  9999
2 26503 064.9581 130.5436 0031717 101.3053 010.1799 13.90989018941509
COSMOS 1249 COOLANT
1 26503U 81021E   18275.24196937 -.00000034  00000-0  44722-4 0  9993
2 26503  64.9579 127.9003 0031708 100.8014  14.1922 13.90989155941646
COSMOS 1249 COOLANT
1 26503U 81021E   18276.95816064 -.00000020 +00000-0 +55879-4 0  9992
2 26503 064.9577 123.3962 0031686 099.9176 328.4468 13.90989391941884
COSMOS 1249 COOLANT
1 26503U 81021E   18277.18171619 -.00000019 +00000-0 +56822-4 0  9995
2 26503 064.9577 122.8096 0031682 099.8131 007.9464 13.90989427941911
COSMOS 1249 COOLANT
1 26503U 81021E   18279.19617078 -.00000010  00000-0  63653-4 0  9993
2 26503  64.9576 117.5229 0031666  98.8127  15.7940 13.90989727942195
COSMOS 1249 COOLANT
1 26503U 81021E   18280.20323124 -.00000010 +00000-0 +63539-4 0  9996
2 26503 064.9576 114.8802 0031658 098.3369 018.8591 13.90989878942335
COSMOS 1249 COOLANT
1 26503U 81021E   18280.98610046 -.00000009 +00000-0 +64939-4 0  9996
2 26503 064.9576 112.8257 0031654 097.9574 339.2496 13.90989977942442
COSMOS 1249 COOLANT
1 26503U 81021E   18282.14290573 -.00000011  00000-0  62938-4 0  9995
2 26503  64.9577 109.7899 0031644  97.3820  12.2228 13.90990148942608
COSMOS 1249 COOLANT
1 26503U 81021E   18283.14878681 -.00000023 +00000-0 +53926-4 0  9998
2 26503 064.9577 107.1502 0031636 096.8946 009.3957 13.90990284942747
COSMOS 1249 COOLANT
1 26503U 81021E   18284.15721156 -.00000035  00000-0  44053-4 0  9998
2 26503  64.9577 104.5038 0031627  96.4167  19.2968 13.90990415942886
COSMOS 1249 COOLANT
1 26503U 81021E   18285.16401712 -.00000039 +00000-0 +40888-4 0  9999
2 26503 064.9577 101.8616 0031616 095.9325 021.0965 13.90990538943027
COSMOS 1249 COOLANT
1 26503U 81021E   18286.88039444 -.00000031  00000-0  47204-4 0  9999
2 26503  64.9578  97.3573 0031596  95.1149 336.2252 13.90990758943262
COSMOS 1249 COOLANT
1 26503U 81021E   18287.10406428 -.00000031 +00000-0 +46985-4 0  9990
2 26503 064.9578 096.7702 0031593 095.0034 016.3053 13.90990807943291
COSMOS 1249 COOLANT
1 26503U 81021E   18289.82723557 -.00000021  00000-0  55491-4 0  9997
2 26503  64.9582  89.6238 0031557  93.6653 333.2153 13.90991146943673
COSMOS 1249 COOLANT
1 26503U 81021E   18290.83423789 -.00000010 +00000-0 +63928-4 0  9996
2 26503 064.9583 086.9812 0031543 093.1661 336.0177 13.90991324943812
COSMOS 1249 COOLANT
1 26503U 81021E   18292.06504692 -.00000015  00000-0  59797-4 0  9990
2 26503  64.9585  83.7513 0031525  92.5550  19.5869 13.90991519943982
COSMOS 1249 COOLANT
1 26503U 81021E   18293.07253737 -.00000026 +00000-0 +51520-4 0  9991
2 26503 064.9587 081.1074 0031509 092.0523 024.8383 13.90991636944122
COSMOS 1249 COOLANT
1 26503U 81021E   18294.00533888 -.00000030 +00000-0 +47778-4 0  9998
2 26503 064.9589 078.6597 0031498 091.5989 016.0548 13.90991726944252
COSMOS 1249 COOLANT
1 26503U 81021E   18295.01217684 -.00000033  00000-0  46000-4 0  9993
2 26503  64.9591  76.0176 0031484  91.0991  18.0366 13.90991845944390
COSMOS 1249 COOLANT
1 26503U 81021E   18296.01784932 -.00000038 +00000-0 +41755-4 0  9996
2 26503 064.9592 073.3786 0031487 090.6112 014.1713 13.90991970944539
COSMOS 1249 COOLANT
1 26503U 81021E   18297.02650729 -.00000049 +00000-0 +32749-4 0  9999
2 26503 064.9594 070.7317 0031450 090.1036 025.2753 13.90992067944672
COSMOS 1249 COOLANT
1 26503U 81021E   18297.02650729 -.00000049  00000-0  32749-4 0  9999
2 26503  64.9594  70.7317 0031450  90.1036  25.2753 13.90992067944672
COSMOS 1249 COOLANT
1 26503U 81021E   18304.71073211 -.00000025  00000-0  52111-4 0  9998
2 26503  64.9608  50.5677 0031372  86.1888 345.9834 13.90992884945744
COSMOS 1249 COOLANT
1 26503U 81021E   18304.93406458 -.00000029 +00000-0 +48991-4 0  9990
2 26503 064.9608 049.9817 0031372 086.0719 024.3811 13.90992916945776
COSMOS 1249 COOLANT
1 26503U 81021E   18305.94151914 -.00000043 +00000-0 +37923-4 0  9995
2 26503 064.9609 047.3382 0031367 085.5703 029.4562 13.90992980945913
COSMOS 1249 COOLANT
1 26503U 81021E   18308.88857951 -.00000043  00000-0  37976-4 0  9993
2 26503  64.9611  39.6052 0031359  84.0941  27.5914 13.90993252946322
COSMOS 1249 COOLANT
1 26503U 81021E   18309.89569767 -.00000044 +00000-0 +37139-4 0  9992
2 26503 064.9612 036.9625 0031360 083.5557 031.0198 13.90993366946463
COSMOS 1249 COOLANT
1 26503U 81021E   18310.60457441 -.00000040 +00000-0 +40330-4 0  9991
2 26503 064.9612 035.1025 0031353 083.1949 340.9022 13.90993433946565
COSMOS 1249 COOLANT
1 26503U 81021E   18311.61221272 -.00000029  00000-0  49219-4 0  9996
2 26503  64.9612  32.4582 0031345  82.6554 346.9371 13.90993563946703
COSMOS 1249 COOLANT
1 26503U 81021E   18311.61221272 -.00000029 +00000-0 +49219-4 0  9996
2 26503 064.9612 032.4582 0031345 082.6554 346.9371 13.90993563946703
COSMOS 1249 COOLANT
1 26503U 81021E   18313.62591730 -.00000021  00000-0  55192-4 0  9997
2 26503  64.9612  27.1745 0031344  81.6196 351.0930 13.90993822946981
COSMOS 1249 COOLANT
1 26503U 81021E   18315.56576682 -.00000023 +00000-0 +53796-4 0  9991
2 26503 064.9613 022.0848 0031340 080.6162 345.4083 13.90994091947254
COSMOS 1249 COOLANT
1 26503U 81021E   18316.57289414 -.00000019  00000-0  56581-4 0  9997
2 26503  64.9612  19.4421 0031346  80.0953 348.8684 13.90994242947395
COSMOS 1249 COOLANT
1 26503U 81021E   18317.58002406 -.00000022 +00000-0 +54100-4 0  9992
2 26503 064.9612 016.7994 0031353 079.5675 352.3491 13.90994399947537
COSMOS 1249 COOLANT
1 26503U 81021E   18317.80277986 -.00000028 +00000-0 +49839-4 0  9993
2 26503 064.9611 016.2149 0031353 079.4462 027.8648 13.90994415947566
COSMOS 1249 COOLANT
1 26503U 81021E   18320.52717800 -.00000028  00000-0  49751-4 0  9993
2 26503  64.9608   9.0660 0031377  78.0267 351.0332 13.90994726947943
COSMOS 1249 COOLANT
1 26503U 81021E   18321.53394970 -.00000026 +00000-0 +51600-4 0  9998
2 26503 064.9607 006.4241 0031389 077.5033 352.7168 13.90994818948089
COSMOS 1249 COOLANT
1 26503U 81021E   18322.61461032 -.00000026 +00000-0 +51216-4 0  9995
2 26503 064.9605 003.5882 0031405 076.9437 004.4181 13.90994945948230
COSMOS 1249 COOLANT
1 26503U 81021E   18324.48112448 -.00000019 +00000-0 +57001-4 0  9996
2 26503 064.9602 358.6896 0031438 075.9488 351.5235 13.90995142948491
COSMOS 1249 COOLANT
1 26503U 81021E   18326.49521128 -.00000020  00000-0  56341-4 0  9996
2 26503  64.9600 353.4042 0031480  74.9070 357.6116 13.90995393948772
COSMOS 1249 COOLANT
1 26503U 81021E   18327.72645895 -.00000033 +00000-0 +45439-4 0  9991
2 26503 064.9600 350.1736 0031507 074.2953 043.3956 13.90995522948943
COSMOS 1249 COOLANT
1 26503U 81021E   18328.43497979 -.00000030 +00000-0 +47915-4 0  9996
2 26503 064.9599 348.3142 0031518 073.9076 351.5289 13.90995627949045
COSMOS 1249 COOLANT
1 26503U 81021E   18329.44238633 -.00000027  00000-0  50143-4 0  9991
2 26503  64.9597 345.6706 0031541  73.3952 356.3845 13.90995761949187
COSMOS 1249 COOLANT
1 26503U 81021E   18330.44901828 -.00000030 +00000-0 +48217-4 0  9999
2 26503 064.9596 343.0290 0031570 072.8673 357.3773 13.90995890949322
COSMOS 1249 COOLANT
1 26503U 81021E   18330.67174862 -.00000033 +00000-0 +45924-4 0  9999
2 26503 064.9597 342.4447 0031575 072.7442 032.7686 13.90995923949355
COSMOS 1249 COOLANT
1 26503U 81021E   18331.52974834 -.00000036  00000-0  43076-4 0  9990
2 26503  64.9595 340.1929 0031604  72.3100   9.4287 13.90996009949470
COSMOS 1249 COOLANT
1 26503U 81021E   18334.40344970 -.00000017  00000-0  58733-4 0  9997
2 26503  64.9593 332.6512 0031702  70.8354   0.2680 13.90996357949871
COSMOS 1249 COOLANT
1 26503U 81021E   18335.41012911 -.00000017 +00000-0 +58172-4 0  9993
2 26503 064.9593 330.0093 0031737 070.3449 001.4636 13.90996489950013
COSMOS 1249 COOLANT
1 26503U 81021E   18336.64157615 -.00000023  00000-0  53892-4 0  9991
2 26503  64.9593 326.7775 0031788  69.6931  48.2907 13.90996634950185
COSMOS 1249 COOLANT
1 26503U 81021E   18338.35728187 -.00000023 +00000-0 +53890-4 0  9997
2 26503 064.9594 322.2752 0031862 068.8245 000.1443 13.90996812950421
COSMOS 1249 COOLANT
1 26503U 81021E   18339.43801309 -.00000029  00000-0  48553-4 0  9991
2 26503  64.9593 319.4390 0031909  68.2898  12.1830 13.90996974950574
COSMOS 1249 COOLANT
1 26503U 81021E   18339.58813720 -.00000033 +00000-0 +45654-4 0  9991
2 26503 064.9593 319.0450 0031914 068.2212 043.9625 13.90996997950594
COSMOS 1249 COOLANT
1 26503U 81021E   18340.59576712 -.00000045 +00000-0 +36418-4 0  9992
2 26503 064.9593 316.4007 0031956 067.7307 049.9200 13.90997090950734
COSMOS 1249 COOLANT
1 26503U 81021E   18341.30431919 -.00000041 +00000-0 +39377-4 0  9994
2 26503 064.9594 314.5415 0031985 067.3600 358.1965 13.90997190950836
COSMOS 1249 COOLANT
1 26503U 81021E   18342.53526818 -.00000040  00000-0  40378-4 0  9995
2 26503  64.9595 311.3114 0032044  66.7348  42.5058 13.90997306951003
COSMOS 1249 COOLANT
1 26503U 81021E   18344.54928564 -.00000033  00000-0  45673-4 0  9997
2 26503  64.9596 306.0263 0032147  65.7400  48.2158 13.90997590951281
COSMOS 1249 COOLANT
1 26503U 81021E   18345.55634640 -.00000026 +00000-0 +50831-4 0  9992
2 26503 064.9596 303.3835 0032201 065.2358 051.3388 13.90997720951425
COSMOS 1249 COOLANT
1 26503U 81021E   18347.49658772 -.00000015  00000-0  60275-4 0  9990
2 26503  64.9597 298.2919 0032307  64.2883  47.5871 13.90997984951695
COSMOS 1249 COOLANT
1 26503U 81021E   18349.51081198 -.00000026  00000-0  50988-4 0  9999
2 26503  64.9599 293.0064 0032413  63.3168  54.3147 13.90998273951970
COSMOS 1249 COOLANT
1 26503U 81021E   18351.22645925 -.00000030 +00000-0 +47646-4 0  9996
2 26503 064.9599 288.5045 0032532 062.4864 005.8472 13.90998441952210
COSMOS 1249 COOLANT
1 26503U 81021E   18352.45690109 -.00000040  00000-0  40218-4 0  9995
2 26503  64.9598 285.2757 0032609  61.9014  47.5831 13.90998602952388
COSMOS 1249 COOLANT
1 26503U 81021E   18353.24077639 -.00000044 +00000-0 +36679-4 0  9990
2 26503 064.9598 283.2187 0032656 061.5249 013.0328 13.90998676952493
COSMOS 1249 COOLANT
1 26503U 81021E   18355.18085740 -.00000027  00000-0  50312-4 0  9998
2 26503  64.9598 278.1279 0032778  60.5949   8.4679 13.90998948952768
COSMOS 1249 COOLANT
1 26503U 81021E   18357.19459786 -.00000019  00000-0  56586-4 0  9996
2 26503  64.9597 272.8437 0032916  59.6368  12.7649 13.90999188953046
COSMOS 1249 COOLANT
1 26503U 81021E   18358.12752493 -.00000020 +00000-0 +55937-4 0  9992
2 26503 064.9597 270.3957 0032977 059.1944 004.6241 13.90999280953173
COSMOS 1249 COOLANT
1 26503U 81021E   18359.20861426 -.00000011  00000-0  63132-4 0  9995
2 26503  64.9597 267.5588 0033050  58.6814  18.4429 13.90999442953322
COSMOS 1249 COOLANT
1 26503U 81021E   18360.14166990 -.00000009 +00000-0 +64808-4 0  9992
2 26503 064.9596 265.1103 0033114 058.2527 010.9337 13.90999589953457
COSMOS 1249 COOLANT
1 26503U 81021E   18361.14880966 -.00000016 +00000-0 +58994-4 0  9996
2 26503 064.9596 262.4675 0033181 057.7890 014.4195 13.90999752953590
COSMOS 1249 COOLANT
1 26503U 81021E   18363.08876248 -.00000032  00000-0  46650-4 0  9993
2 26503  64.9593 257.3770 0033310  56.8820   9.1983 13.91000021953862
COSMOS 1249 COOLANT
1 26503U 81021E   18365.10300063 -.00000035  00000-0  44178-4 0  9991
2 26503  64.9590 252.0917 0033443  55.9781  15.9419 13.91000256954148
COSMOS 1249 COOLANT
1 26503U 81021E   19001.11004722 -.00000032 +00000-0 +46351-4 0  9995
2 26503 064.9588 249.4491 0033515 055.5082 018.9700 13.91000430954287
COSMOS 1249 COOLANT
1 26503U 81021E   19003.12378769 -.00000010  00000-0  63687-4 0  9990
2 26503  64.9585 244.1647 0033651  54.6062  23.2234 13.91000753954568
COSMOS 1249 COOLANT
1 26503U 81021E   19004.05675063 -.00000006 +00000-0 +66996-4 0  9991
2 26503 064.9584 241.7164 0033715 054.1910 015.2405 13.91000877954694
COSMOS 1249 COOLANT
1 26503U 81021E   19005.28774484 -.00000014  00000-0  60539-4 0  9990
2 26503  64.9583 238.4864 0033792  53.6830  59.6761 13.91001033954864
COSMOS 1249 COOLANT
1 26503U 81021E   19007.22799948 -.00000010 +00000-0 +63686-4 0  9990
2 26503 064.9580 233.3946 0033924 052.7674 055.9843 13.91001377955131
COSMOS 1249 COOLANT
1 26503U 81021E   19008.01111289 -.00000011  00000-0  62947-4 0  9994
2 26503  64.9579 231.3397 0033969  52.4216  17.5966 13.91001498955241
COSMOS 1249 COOLANT
1 26503U 81021E   19009.01809206 -.00000022 +00000-0 +54697-4 0  9993
2 26503 064.9578 228.6972 0034037 051.9712 020.2723 13.91001657955384
COSMOS 1249 COOLANT
1 26503U 81021E   19014.20308193 -.00000034  00000-0  44692-4 0  9996
2 26503  64.9571 215.0907 0034360  49.6793  65.2582 13.91002235956103
COSMOS 1249 COOLANT
1 26503U 81021E   19016.92624223 -.00000016 +00000-0 +59356-4 0  9995
2 26503 064.9571 207.9446 0034516 048.5048 022.0608 13.91002510956482
COSMOS 1249 COOLANT
1 26503U 81021E   19017.15014183 -.00000020  00000-0  55724-4 0  9999
2 26503  64.9571 207.3571 0034525  48.4055  63.2882 13.91002508956514
COSMOS 1249 COOLANT
1 26503U 81021E   19019.16438924 -.00000038  00000-0  41792-4 0  9994
2 26503  64.9572 202.0711 0034630  47.5202  70.0791 13.91002710956794
COSMOS 1249 COOLANT
1 26503U 81021E   19021.10405358 -.00000046 +00000-0 +35183-4 0  9992
2 26503 064.9572 196.9810 0034728 046.6758 063.3717 13.91002907957061
COSMOS 1249 COOLANT
1 26503U 81021E   19022.11069767 -.00000057  00000-0  26381-4 0  9996
2 26503  64.9574 194.3393 0034821  46.2025  64.3971 13.91003000957202
COSMOS 1249 COOLANT
1 26503U 81021E   19023.11803303 -.00000065 +00000-0 +20533-4 0  9991
2 26503 064.9574 191.6957 0034885 045.7469 068.8666 13.91003074957340
COSMOS 1249 COOLANT
1 26503U 81021E   19025.84117192 -.00000044  00000-0  36568-4 0  9999
2 26503  64.9576 184.5494 0035050  44.5098  25.6327 13.91003292957728
COSMOS 1249 COOLANT
1 26503U 81021E   19025.91496795 -.00000045 +00000-0 +36339-4 0  9993
2 26503 064.9576 184.3558 0035072 044.4585 035.2014 13.91003292957732
COSMOS 1249 COOLANT
1 26503U 81021E   19027.07208512 -.00000044 +00000-0 +37179-4 0  9992
2 26503 064.9580 181.3190 0035186 043.8917 069.7828 13.91003424957893
COSMOS 1249 COOLANT
1 26503U 81021E   19029.79554490 -.00000033  00000-0  45491-4 0  9996
2 26503  64.9585 174.1723 0035344  42.6789  28.1351 13.91003694958272
COSMOS 1249 COOLANT
1 26503U 81021E   19031.80940139 -.00000055  00000-0  28414-4 0  9990
2 26503  64.9587 168.8877 0035465  41.7897  32.9805 13.91003890958554
COSMOS 1249 COOLANT
1 26503U 81021E   19034.75658859 -.00000060  00000-0  23939-4 0  9995
2 26503  64.9591 161.1541 0035664  40.4472  31.7346 13.91004138958967
COSMOS 1249 COOLANT
1 26503U 81021E   19037.70343841 -.00000042  00000-0  38197-4 0  9997
2 26503  64.9594 153.4216 0035876  39.1151  28.7897 13.91004355959371
COSMOS 1249 COOLANT
1 26503U 81021E   19038.71037119 -.00000028 +00000-0 +49419-4 0  9990
2 26503 064.9594 150.7794 0035936 038.6762 031.2311 13.91004504959513
COSMOS 1249 COOLANT
1 26503U 81021E   19040.72453883 -.00000027  00000-0  50699-4 0  9995
2 26503  64.9596 145.4943 0036074  37.7727  37.6536 13.91004747959795
COSMOS 1249 COOLANT
1 26503U 81021E   19041.65722399 -.00000026 +00000-0 +50900-4 0  9993
2 26503 064.9597 143.0471 0036127 037.3669 028.2836 13.91004832959925
COSMOS 1249 COOLANT
1 26503U 81021E   19042.66446966 -.00000032 +00000-0 +46204-4 0  9997
2 26503 064.9597 140.4039 0036205 036.9243 032.2966 13.91004892960068
COSMOS 1249 COOLANT
1 26503U 81021E   19044.90282500 -.00000051  00000-0  31254-4 0  9998
2 26503  64.9596 134.5300 0036372  35.9595  81.3574 13.91005153960371
COSMOS 1249 COOLANT
1 26503U 81021E   19046.61837013 -.00000047 +00000-0 +34237-4 0  9992
2 26503 064.9595 130.0281 0036497 035.2314 032.3187 13.91005266960617
COSMOS 1249 COOLANT
1 26503U 81021E   19047.84820781 -.00000041  00000-0  39453-4 0  9991
2 26503  64.9592 126.8003 0036597  34.6980  71.0084 13.91005442960782
COSMOS 1249 COOLANT
1 26503U 81021E   19050.57252493 -.00000020  00000-0  55923-4 0  9991
2 26503  64.9591 119.6511 0036804  33.5156  33.6422 13.91005729961160
COSMOS 1249 COOLANT
1 26503U 81021E   19052.81084668 -.00000028  00000-0  49282-4 0  9996
2 26503  64.9590 113.7774 0036980  32.5449  82.5456 13.91005930961472
COSMOS 1249 COOLANT
1 26503U 81021E   19053.51959581 -.00000028 +00000-0 +49398-4 0  9997
2 26503 064.9590 111.9177 0037034 032.2229 031.7830 13.91006032961570
COSMOS 1249 COOLANT
1 26503U 81021E   19058.48076595 -.00000046  00000-0  35570-4 0  9990
2 26503  64.9586  98.8982 0037450  30.1205  35.9278 13.91006517962262
COSMOS 1249 COOLANT
1 26503U 81021E   19060.49475873 -.00000029  00000-0  48546-4 0  9994
2 26503  64.9584  93.6127 0037626  29.2837  41.4223 13.91006719962546
COSMOS 1249 COOLANT
1 26503U 81021E   19062.43439905 -.00000023 +00000-0 +53207-4 0  9990
2 26503 064.9584 088.5223 0037808 028.4792 034.5823 13.91006970962817
COSMOS 1249 COOLANT
1 26503U 81021E   19063.44192192 -.00000017  00000-0  57941-4 0  9998
2 26503  64.9584  85.8785 0037897  28.0642  39.9643 13.91007117962956
COSMOS 1249 COOLANT
1 26503U 81021E   19065.45569625 -.00000029  00000-0  48939-4 0  9990
2 26503  64.9584  80.5935 0038083  27.2664  44.3312 13.91007344963235
COSMOS 1249 COOLANT
1 26503U 81021E   19077.31807962 -.00000029  00000-0  48705-4 0  9998
2 26503  64.9598  49.4631 0039360  22.4598  47.6611 13.91008687964880
COSMOS 1249 COOLANT
1 26503U 81021E   19078.32477147 -.00000037 +00000-0 +42547-4 0  9995
2 26503 064.9599 046.8204 0039430 022.1836 048.7504 13.91008804965029
COSMOS 1249 COOLANT
1 26503U 81021E   19079.55617076 -.00000049  00000-0  32930-4 0  9996
2 26503  64.9608  43.5925 0039404  21.7937  95.1310 13.91008968965192
COSMOS 1249 COOLANT
1 26503U 81021E   19081.27213257 -.00000040 +00000-0 +40097-4 0  9995
2 26503 064.9609 039.0890 0039548 021.2130 048.0547 13.91009090965436
COSMOS 1249 COOLANT
1 26503U 81021E   19082.50192309 -.00000035 +00000-0 +43661-4 0  9990
2 26503 064.9603 035.8590 0039653 020.8553 086.3508 13.91009255965606
COSMOS 1249 COOLANT
1 26503U 81021E   19087.24015255 -.00000026  00000-0  51175-4 0  9999
2 26503  64.9611  23.4249 0040148  19.1872  53.7840 13.91009821966264
COSMOS 1249 COOLANT
1 26503U 81021E   19089.18019854 -.00000030 +00000-0 +47723-4 0  9992
2 26503 064.9612 018.3335 0040369 018.5028 048.8758 13.91010071966537
COSMOS 1249 COOLANT
1 26503U 81021E   19090.18725892 -.00000024  00000-0  52629-4 0  9994
2 26503  64.9613  15.6913 0040454  18.1591  51.8816 13.91010246966674
COSMOS 1249 COOLANT
1 26503U 81021E   19099.10228187 -.00000010  00000-0  63933-4 0  9995
2 26503  64.9610 352.2970 0041344  15.0949  55.2358 13.91011475967918
COSMOS 1249 COOLANT
1 26503U 81021E   19101.11623906 -.00000024  00000-0  53035-4 0  9995
2 26503  64.9623 347.0161 0040890  15.1267  59.7280 13.91011822968195
COSMOS 1249 COOLANT
1 26503U 81021E   19108.01740803 -.00000005 +00000-0 +67647-4 0  9990
2 26503 064.9596 328.8944 0042525 012.2788 058.9051 13.91012812969157
COSMOS 1249 COOLANT
1 26503U 81021E   19112.97841500 -.00000036  00000-0  43300-4 0  9990
2 26503  64.9596 315.8785 0042628  10.7850  61.7485 13.91013403969849
COSMOS 1249 COOLANT
1 26503U 81021E   19116.93239965 -.00000025 +00000-0 +51705-4 0  9992
2 26503 064.9588 305.5011 0043116 009.2300 062.1725 13.91013843970396
COSMOS 1249 COOLANT
1 26503U 81021E   19117.15658771 -.00000027  00000-0  50129-4 0  9998
2 26503  64.9589 304.9173 0043033   8.9399 105.0421 13.91013854970427
COSMOS 1249 COOLANT
1 26503U 81021E   19120.96016500 -.00000025 +00000-0 +52058-4 0  9990
2 26503 064.9590 294.9347 0043394 007.6304 072.0917 13.91014349970953
COSMOS 1249 COOLANT
1 26503U 81021E   19121.11041875 -.00000032  00000-0  46263-4 0  9990
2 26503  64.9585 294.5405 0043298   7.5410 104.5510 13.91014270970973
COSMOS 1249 COOLANT
1 26503U 81021E   19123.83351914 -.00000053  00000-0  29568-4 0  9991
2 26503  64.9585 287.3936 0043545   6.5970  60.9421 13.91014494971354
COSMOS 1249 COOLANT
1 26503U 81021E   19129.80157500 -.00000030  00000-0  47933-4 0  9990
2 26503  64.9588 271.7313 0044049   4.5254  67.0119 13.91015077972188
COSMOS 1249 COOLANT
1 26503U 81021E   19132.74843958 -.00000037  00000-0  41962-4 0  9999
2 26503  64.9590 263.9968 0044346   3.5028  63.9495 13.91015344972592
COSMOS 1249 COOLANT
1 26503U 81021E   19133.82930649 -.00000042 +00000-0 +38486-4 0  9996
2 26503 064.9591 261.1610 0044427 003.1228 076.5844 13.91015473972743
COSMOS 1249 COOLANT
1 26503U 81021E   19137.70967684 -.00000046  00000-0  35041-4 0  9994
2 26503  64.9592 250.9784 0044771   1.7687  68.2294 13.91015913973283
COSMOS 1249 COOLANT
1 26503U 81021E   19138.94027956 -.00000044 +00000-0 +37008-4 0  9993
2 26503 064.9592 247.7494 0044833 001.3475 110.6846 13.91016055973457
COSMOS 1249 COOLANT
1 26503U 81021E   19139.94724715 -.00000042  00000-0  38536-4 0  9996
2 26503  64.9596 245.1075 0044886   1.0262 113.2247 13.91016132973592
COSMOS 1249 COOLANT
1 26503U 81021E   19139.94724715 -.00000042 +00000-0 +38536-4 0  9996
2 26503 064.9596 245.1075 0044886 001.0262 113.2247 13.91016132973592
COSMOS 1249 COOLANT
1 26503U 81021E   19141.66330156 -.00000022 +00000-0 +54284-4 0  9996
2 26503 064.9595 240.6040 0045074 000.4218 066.6805 13.91016345973831
COSMOS 1249 COOLANT
1 26503U 81021E   19142.89279233 -.00000021  00000-0  55348-4 0  9991
2 26503  64.9595 237.3779 0045164 359.9956 103.5742 13.91016513974002
COSMOS 1249 COOLANT
1 26503U 81021E   19143.67765139 -.00000029 +00000-0 +48873-4 0  9996
2 26503 064.9594 235.3178 0045251 359.7463 073.8732 13.91016573974116
COSMOS 1249 COOLANT
1 26503U 81021E   19145.61742105 -.00000039  00000-0  41075-4 0  9998
2 26503  64.9593 230.2277 0045418 359.0718  67.6193 13.91016774974384
COSMOS 1249 COOLANT
1 26503U 81021E   19150.57832269 -.00000039  00000-0  40574-4 0  9993
2 26503  64.9587 217.2093 0045904 357.3982  70.1804 13.91017178975076
COSMOS 1249 COOLANT
1 26503U 81021E   19155.61331316 -.00000023 +00000-0 +53603-4 0  9990
2 26503 064.9583 203.9965 0046376 355.7131 083.7509 13.91017797975770
COSMOS 1249 COOLANT
1 26503U 81021E   19156.54652958 -.00000034 +00000-0 +44491-4 0  9998
2 26503 064.9582 201.5476 0046455 355.4018 076.9916 13.91017910975907
COSMOS 1249 COOLANT
1 26503U 81021E   19157.55383281 -.00000046 +00000-0 +35202-4 0  9993
2 26503 064.9581 198.9042 0046558 355.0628 081.2378 13.91018006976045
COSMOS 1249 COOLANT
1 26503U 81021E   19157.55383281 -.00000046  00000-0  35202-4 0  9993
2 26503  64.9581 198.9042 0046558 355.0628  81.2378 13.91018006976045
COSMOS 1249 COOLANT
1 26503U 81021E   19162.44045461 -.00000037  00000-0  42103-4 0  9990
2 26503  64.9576 186.0810 0047007 353.4797  71.7894 13.91018535976728
COSMOS 1249 COOLANT
1 26503U 81021E   19163.44775670 -.00000025 +00000-0 +51681-4 0  9991
2 26503 064.9574 183.4370 0047138 353.1495 076.0224 13.91018640976862
COSMOS 1249 COOLANT
1 26503U 81021E   19167.40185277 -.00000027  00000-0  49891-4 0  9991
2 26503  64.9578 173.0607 0047413 351.9576  76.7220 13.91019175977415
COSMOS 1249 COOLANT
1 26503U 81021E   19170.42265110 -.00000055  00000-0  28402-4 0  9998
2 26503  64.9577 165.1332 0047791 350.9876  83.8624 13.91019505977832
COSMOS 1249 COOLANT
1 26503U 81021E   19173.59390340 -.00000047  00000-0  34391-4 0  9998
2 26503  64.9577 156.8099 0048123 350.0309 124.3670 13.91019768978273
COSMOS 1249 COOLANT
1 26503U 81021E   19176.31682962 -.00000025  00000-0  51899-4 0  9993
2 26503  64.9578 149.6632 0048390 349.2320  79.7941 13.91020048978655
COSMOS 1249 COOLANT
1 26503U 81021E   19181.27742221 -.00000052  00000-0  30860-4 0  9994
2 26503  64.9584 136.6436 0048897 347.8468  80.5802 13.91020506979341
COSMOS 1249 COOLANT
1 26503U 81021E   19182.28448424 -.00000062 +00000-0 +22739-4 0  9991
2 26503 064.9585 134.0016 0048957 347.5435 083.5917 13.91020566979487
COSMOS 1249 COOLANT
1 26503U 81021E   19183.51543002 -.00000067  00000-0  18886-4 0  9999
2 26503  64.9588 130.7725 0049006 347.1601 127.7475 13.91020673979655
COSMOS 1249 COOLANT
1 26503U 81021E   19184.22436520 -.00000059 +00000-0 +24997-4 0  9995
2 26503 064.9589 128.9123 0049067 346.9385 077.8533 13.91020737979752
COSMOS 1249 COOLANT
1 26503U 81021E   19185.23146042 -.00000049 +00000-0 +32727-4 0  9993
2 26503 064.9590 126.2692 0049163 346.6529 081.0138 13.91020816979891
COSMOS 1249 COOLANT
1 26503U 81021E   19186.46216528 -.00000047  00000-0  34319-4 0  9993
2 26503  64.9592 123.0399 0049269 346.2919 123.9409 13.91020911980062
COSMOS 1249 COOLANT
1 26503U 81021E   19189.18588170 -.00000038  00000-0  41402-4 0  9991
2 26503  64.9595 115.8918 0049510 345.5265  83.3012 13.91021106980444
COSMOS 1249 COOLANT
1 26503U 81021E   19190.26642455 -.00000038 +00000-0 +41819-4 0  9991
2 26503 064.9596 113.0562 0049593 345.2227 094.2598 13.91021247980598
COSMOS 1249 COOLANT
1 26503U 81021E   19191.19976917 -.00000049  00000-0  33035-4 0  9990
2 26503  64.9597 110.6069 0049673 344.9607  88.1041 13.91021327980720
COSMOS 1249 COOLANT
1 26503U 81021E   19193.13997778 -.00000059 +00000-0 +24577-4 0  9996
2 26503 064.9598 105.5153 0049839 344.4131 083.9539 13.91021469980990
COSMOS 1249 COOLANT
1 26503U 81021E   19198.10078882 -.00000044  00000-0  36685-4 0  9991
2 26503  64.9598  92.4968 0050239 343.0088  85.8738 13.91021766981689
COSMOS 1249 COOLANT
1 26503U 81021E   19199.10798905 -.00000040 +00000-0 +39595-4 0  9996
2 26503 064.9598 089.8536 0050326 342.7244 089.5626 13.91021841981824
COSMOS 1249 COOLANT
1 26503U 81021E   19200.33880994 -.00000044  00000-0  36906-4 0  9991
2 26503  64.9598  86.6237 0050403 342.3848 133.0550 13.91021979981990
COSMOS 1249 COOLANT
1 26503U 81021E   19202.05452869 -.00000039 +00000-0 +40335-4 0  9993
2 26503 064.9597 082.1212 0050536 341.8904 084.7566 13.91022150982236
COSMOS 1249 COOLANT
1 26503U 81021E   19204.06886753 -.00000055  00000-0  28284-4 0  9996
2 26503  64.9597  76.8354 0050685 341.3098  91.8416 13.91022335982516
COSMOS 1249 COOLANT
1 26503U 81021E   19204.29282587 -.00000062 +00000-0 +22739-4 0  9993
2 26503 064.9598 076.2478 0050710 341.2406 133.3488 13.91022318982544
COSMOS 1249 COOLANT
1 26503U 81021E   19205.07577726 -.00000066 +00000-0 +19651-4 0  9995
2 26503 064.9596 074.1926 0050773 341.0292 094.0740 13.91022348982656
COSMOS 1249 COOLANT
1 26503U 81021E   19206.00890253 -.00000063 +00000-0 +21757-4 0  9999
2 26503 064.9596 071.7439 0050844 340.7518 086.8389 13.91022413982789
COSMOS 1249 COOLANT
1 26503U 81021E   19208.24715484 -.00000057  00000-0  26581-4 0  9992
2 26503  64.9595  65.8697 0051025 340.1122 135.1982 13.91022588983090
COSMOS 1249 COOLANT
1 26503U 81021E   19213.20780271 -.00000053  00000-0  29717-4 0  9990
2 26503  64.9595  52.8511 0051397 338.6719 136.3591 13.91022962983788
COSMOS 1249 COOLANT
1 26503U 81021E   19215.14768727 -.00000053 +00000-0 +29348-4 0  9997
2 26503 064.9594 047.7591 0051567 338.1152 130.6075 13.91023128984053
COSMOS 1249 COOLANT
1 26503U 81021E   19217.16186521 -.00000065  00000-0  19963-4 0  9992
2 26503  64.9594  42.4726 0051733 337.5404 136.8876 13.91023244984330
COSMOS 1249 COOLANT
1 26503U 81021E   19220.10876337 -.00000050  00000-0  32376-4 0  9998
2 26503  64.9596  34.7382 0051966 336.6813 133.9151 13.91023446984749
COSMOS 1249 COOLANT
1 26503U 81021E   19221.11516584 -.00000048 +00000-0 +33532-4 0  9997
2 26503 064.9597 032.0969 0052039 336.3850 133.6278 13.91023537984885
COSMOS 1249 COOLANT
1 26503U 81021E   19225.85282605 -.00000059  00000-0  25128-4 0  9990
2 26503  64.9603  19.6633 0052444 335.0138  98.1567 13.91023870985547
COSMOS 1249 COOLANT
1 26503U 81021E   19226.07683164 -.00000061 +00000-0 +23712-4 0  9990
2 26503 064.9603 019.0754 0052461 334.9443 139.9030 13.91023919985577
COSMOS 1249 COOLANT
1 26503U 81021E   19230.81370580 -.00000058 +00000-0 +25345-4 0  9992
2 26503 064.9608 006.6441 0052878 333.5819 100.4920 13.91024201986231
COSMOS 1249 COOLANT
1 26503U 81021E   19231.03770000 -.00000058 +00000-0 +25573-4 0  9991
2 26503 064.9608 006.0565 0052875 333.4959 142.1976 13.91024228986269
COSMOS 1249 COOLANT
1 26503U 81021E   19232.75387910 -.00000040  00000-0  39679-4 0  9998
2 26503  64.9609   1.5528 0053005 332.9637  96.2550 13.91024369986502
COSMOS 1249 COOLANT
1 26503U 81021E   19233.98366036 -.00000041 +00000-0 +39283-4 0  9992
2 26503 064.9610 358.3253 0053104 332.6081 134.5682 13.91024501986670
COSMOS 1249 COOLANT
1 26503U 81021E   19246.62980416 -.00000026  00000-0  50716-4 0  9998
2 26503  64.9605 325.1386 0054218 328.9289 102.0690 13.91025736988434
COSMOS 1249 COOLANT
1 26503U 81021E   19246.85236292 -.00000030 +00000-0 +47856-4 0  9995
2 26503 064.9605 324.5546 0054239 328.8623 136.5686 13.91025763988469
COSMOS 1249 COOLANT
1 26503U 81021E   19250.58386667 -.00000027  00000-0  49970-4 0  9997
2 26503  64.9614 314.7658 0054622 327.8661 102.5680 13.91026435988982
COSMOS 1249 COOLANT
1 26503U 81021E   19252.82172545 -.00000034  00000-0  44956-4 0  9991
2 26503  64.9596 308.8894 0054800 327.1652 149.0517 13.91026561989298
COSMOS 1249 COOLANT
1 26503U 81021E   19255.54486205 -.00000007  00000-0  65822-4 0  9999
2 26503  64.9597 301.7441 0055116 326.4418 105.5214 13.91026985989675
COSMOS 1249 COOLANT
1 26503U 81021E   19260.50573212 -.00000035  00000-0  43842-4 0  9995
2 26503  64.9585 288.7239 0055517 325.0529 107.8269 13.91027621990365
COSMOS 1249 COOLANT
1 26503U 81021E   19261.51276684 -.00000039 +00000-0 +40494-4 0  9994
2 26503 064.9580 286.0801 0055538 324.7268 110.7524 13.91027725990503
COSMOS 1249 COOLANT
1 26503U 81021E   19267.48052177 -.00000008  00000-0  64643-4 0  9993
2 26503  64.9576 270.4172 0056078 323.1742 115.0820 13.91028475991338
COSMOS 1249 COOLANT
1 26503U 81021E   19268.48734006 -.00000014 +00000-0 +60440-4 0  9990
2 26503 064.9575 267.7738 0056152 322.9116 116.8620 13.91028591991470
COSMOS 1249 COOLANT
1 26503U 81021E   19275.31463142 -.00000039  00000-0  40285-4 0  9992
2 26503  64.9577 249.8514 0056960 321.3508 105.2419 13.91029327992422
COSMOS 1249 COOLANT
1 26503U 81021E   19277.55277986 -.00000022  00000-0  54072-4 0  9990
2 26503  64.9581 243.9794 0056869 320.6579 153.1936 13.91029656992735
COSMOS 1249 COOLANT
1 26503U 81021E   19278.55976944 -.00000020 +00000-0 +55914-4 0  9995
2 26503 064.9584 241.3372 0056948 320.3886 155.8419 13.91029819992879
COSMOS 1249 COOLANT
1 26503U 81021E   19280.49966498 -.00000014  00000-0  60507-4 0  9991
2 26503  64.9587 236.2459 0057096 319.9058 150.1191 13.91030129993143
COSMOS 1249 COOLANT
1 26503U 81021E   19281.50536060 -.00000020 +00000-0 +55191-4 0  9992
2 26503 064.9587 233.6069 0057155 319.6528 146.2736 13.91030282993282
COSMOS 1249 COOLANT
1 26503U 81021E   19282.28979491 -.00000030 +00000-0 +47361-4 0  9998
2 26503 064.9588 231.5484 0057204 319.4450 114.4435 13.91030375993396
COSMOS 1249 COOLANT
1 26503U 81021E   19283.29657500 -.00000040  00000-0  39493-4 0  9992
2 26503  64.9589 228.9062 0057277 319.1999 116.0210 13.91030469993533
COSMOS 1249 COOLANT
1 26503U 81021E   19284.22954028 -.00000042 +00000-0 +38558-4 0  9994
2 26503 064.9590 226.4577 0057341 318.9652 107.9691 13.91030547993667
COSMOS 1249 COOLANT
1 26503U 81021E   19285.23642453 -.00000040 +00000-0 +39559-4 0  9992
2 26503 064.9590 223.8153 0057407 318.7151 110.0730 13.91030626993806
COSMOS 1249 COOLANT
1 26503U 81021E   19286.24390255 -.00000042  00000-0  38347-4 0  9990
2 26503  64.9591 221.1714 0057474 318.4658 115.1502 13.91030726993943
COSMOS 1249 COOLANT
1 26503U 81021E   19287.47457354 -.00000040 +00000-0 +39903-4 0  9997
2 26503 064.9592 217.9418 0057550 318.1543 157.9025 13.91030837994110
COSMOS 1249 COOLANT
1 26503U 81021E   19289.19045347 -.00000015  00000-0  59607-4 0  9998
2 26503  64.9593 213.4388 0057659 317.7235 110.4015 13.91031058994356
COSMOS 1249 COOLANT
1 26503U 81021E   19290.42138980 -.00000013 +00000-0 +60625-4 0  9992
2 26503 064.9593 210.2083 0057734 317.4201 154.4762 13.91031249994525
COSMOS 1249 COOLANT
1 26503U 81021E   19294.15165716 -.00000029  00000-0  48588-4 0  9994
2 26503  64.9594 200.4190 0057956 316.5007 114.2822 13.91031694995049
COSMOS 1249 COOLANT
1 26503U 81021E   19297.09872979 -.00000038  00000-0  41745-4 0  9994
2 26503  64.9591 192.6854 0058116 315.7395 112.1770 13.91032040995455
COSMOS 1249 COOLANT
1 26503U 81021E   19299.11263983 -.00000025  00000-0  51486-4 0  9997
2 26503  64.9588 187.4000 0058230 315.2408 117.1041 13.91032277995732
COSMOS 1249 COOLANT
1 26503U 81021E   19300.34365948 -.00000020 +00000-0 +55426-4 0  9992
2 26503 064.9586 184.1689 0058310 314.9430 161.5959 13.91032435995903
COSMOS 1249 COOLANT
1 26503U 81021E   19303.28974747 -.00000008  00000-0  64983-4 0  9995
2 26503  64.9582 176.4367 0058469 314.2021 154.5484 13.91032905996313
COSMOS 1249 COOLANT
1 26503U 81021E   19312.98848588 -.00000013  00000-0  60792-4 0  9995
2 26503  64.9568 150.9821 0059064 311.7672 122.3782 13.91034070997663
COSMOS 1249 COOLANT
1 26503U 81021E   19313.99533890 -.00000012 +00000-0 +61805-4 0  9999
2 26503 064.9568 148.3397 0059109 311.5180 124.3379 13.91034172997807
COSMOS 1249 COOLANT
1 26503U 81021E   19316.15826684 -.00000021  00000-0  54798-4 0  9999
2 26503  64.9563 142.6622 0059172 310.8481 155.6473 13.91034476998109
COSMOS 1249 COOLANT
1 26503U 81021E   19316.94251366 -.00000030 +00000-0 +47660-4 0  9995
2 26503 064.9564 140.6040 0059224 310.6833 122.8472 13.91034577998218
COSMOS 1249 COOLANT
1 26503U 81021E   19322.91026917 -.00000033  00000-0  45469-4 0  9999
2 26503  64.9568 124.9402 0059617 309.2461 127.2120 13.91035188999046
COSMOS 1249 COOLANT
1 26503U 81021E   19322.91026917 -.00000033 +00000-0 +45469-4 0  9999
2 26503 064.9568 124.9402 0059617 309.2461 127.2120 13.91035188999046
COSMOS 1249 COOLANT
1 26503U 81021E   19324.85049861 -.00000013 +00000-0 +61330-4 0  9990
2 26503 064.9572 119.8466 0059846 308.8665 123.0955 13.91035558999310
COSMOS 1249 COOLANT
1 26503U 81021E   19325.07438749 -.00000019  00000-0  56168-4 0  9991
2 26503  64.9572 119.2593 0059846 308.7703 164.2930 13.91035541999342
COSMOS 1249 COOLANT
1 26503U 81021E   19328.80448095 -.00000025  00000-0  51737-4 0  9994
2 26503  64.9581 109.4698 0060149 307.8379 123.3012 13.91036139999864
COSMOS 1249 COOLANT
1 26503U 81021E   19330.81833513 -.00000041  00000-0  39331-4 0  9995
2 26503  64.9584 104.1844 0060283 307.2977 128.0217 13.91036413   147
COSMOS 1249 COOLANT
1 26503U 81021E   19331.66876506 -.00000033 +00000-0 +45288-4 0  9997
2 26503 064.9588 101.9546 0060328 306.9894 066.7759 13.91036560000130
COSMOS 1249 COOLANT
1 26503U 81021E   19333.60946240 -.00000022  00000-0  53648-4 0  9993
2 26503  64.9591  96.8611 0060480 306.4944  65.1268 13.91036839   529
COSMOS 1249 COOLANT
1 26503U 81021E   19334.77233861 -.00000024 +00000-0 +51965-4 0  9992
2 26503 064.9592 093.8095 0060536 306.1524 128.4594 13.91036867000566
COSMOS 1249 COOLANT
1 26503U 81021E   19337.71945897 -.00000014 +00000-0 +59934-4 0  9991
2 26503 064.9596 086.0752 0060712 305.3764 126.6605 13.91037210000978
COSMOS 1249 COOLANT
1 26503U 81021E   19339.03377640 -.00000028  00000-0  49247-4 0  9994
2 26503  64.9598  82.6259 0060817 305.0459 228.3128 13.91037383  1284
COSMOS 1249 COOLANT
1 26503U 81021E   19342.75384441 -.00000044  00000-0  36609-4 0  9990
2 26503  64.9603  72.8633 0061057 304.1091 137.1438 13.91037718  1808
COSMOS 1249 COOLANT
1 26503U 81021E   19343.68716730 -.00000051 +00000-0 +31281-4 0  9992
2 26503 064.9603 070.4137 0061126 303.8780 130.9030 13.91037740001803
COSMOS 1249 COOLANT
1 26503U 81021E   19347.94866049 -.00000032 +00000-0 +46203-4 0  9993
2 26503 064.9604 059.2296 0061400 302.8103 231.0076 13.91038190002396
COSMOS 1249 COOLANT
1 26503U 81021E   19347.94866049 -.00000032  00000-0  46203-4 0  9993
2 26503  64.9604  59.2296 0061400 302.8103 231.0076 13.91038190  2521
COSMOS 1249 COOLANT
1 26503U 81021E   19349.58130851 -.00000026 +00000-0 +50609-4 0  9998
2 26503 064.9604 054.9449 0061540 302.3870 126.7684 13.91038356002624
COSMOS 1249 COOLANT
1 26503U 81021E   19350.81119306 -.00000036  00000-0  43194-4 0  9990
2 26503  64.9604  51.7171 0061614 302.0706 165.6216 13.91038487  2929
COSMOS 1249 COOLANT
1 26503U 81021E   19351.59514069 -.00000040 +00000-0 +39486-4 0  9995
2 26503 064.9604 049.6598 0061670 301.8747 131.3655 13.91038575002905
COSMOS 1249 COOLANT
1 26503U 81021E   19353.45204898 -.00000045  00000-0  35981-4 0  9999
2 26503  64.9604  44.7866 0061811 301.4221  70.1212 13.91038735  3288
COSMOS 1249 COOLANT
1 26503U 81021E   19354.54218928 -.00000043 +00000-0 +37125-4 0  9999
2 26503 064.9603 041.9255 0061875 301.1453 129.1789 13.91038820003315
COSMOS 1249 COOLANT
1 26503U 81021E   19359.50314878 -.00000025  00000-0  51244-4 0  9999
2 26503  64.9600  28.9052 0062182 299.9183 131.9790 13.91039426  4135
COSMOS 1249 COOLANT
1 26503U 81021E   19359.72714444 -.00000027 +00000-0 +49520-4 0  9992
2 26503 064.9600 028.3174 0062174 299.8408 173.6963 13.91039480004038
COSMOS 1249 COOLANT
1 26503U 81021E   19365.77820273 -.00000053  00000-0  29508-4 0  9995
2 26503  64.9599  12.4359 0062521 298.4066 235.2927 13.91040038  5009
COSMOS 1249 COOLANT
1 26503U 81021E   20001.47795464 -.00000047 +00000-0 +34145-4 0  9990
2 26503 064.9598 010.5992 0062561 298.2217 139.4266 13.91040077004979
COSMOS 1249 COOLANT
1 26503U 81021E   20003.72601399 -.00000044  00000-0  36311-4 0  9997
2 26503  64.9598   4.6989 0062676 297.6934 236.9252 13.91040300  5412
COSMOS 1249 COOLANT
1 26503U 81021E   20005.27519411 -.00000045 +00000-0 +35800-4 0  9995
2 26503 064.9599 000.6329 0062743 297.3097 074.7002 13.91040397005506
COSMOS 1249 COOLANT
1 26503U 81021E   20006.36501587 -.00000039  00000-0  40336-4 0  9994
2 26503  64.9599 357.7725 0062795 297.0549 132.1479 13.91040526  5778
COSMOS 1249 COOLANT
1 26503U 81021E   20007.59527002 -.00000049 +00000-0 +33035-4 0  9999
2 26503 064.9600 354.5435 0062851 296.7815 172.8190 13.91040660005825
COSMOS 1249 COOLANT
1 26503U 81021E   20012.33293032 -.00000060  00000-0  24198-4 0  9993
2 26503  64.9601 342.1091 0063035 295.6665 137.3850 13.91040999  6615
COSMOS 1249 COOLANT
1 26503U 81021E   20013.33980619 -.00000056 +00000-0 +26805-4 0  9990
2 26503 064.9601 339.4665 0063074 295.4318 139.4699 13.91041078006621
COSMOS 1249 COOLANT
1 26503U 81021E   20014.27303332 -.00000048 +00000-0 +33296-4 0  9998
2 26503 064.9601 337.0171 0063108 295.2001 132.7619 13.91041153006758
COSMOS 1249 COOLANT
1 26503U 81021E   20015.35356778 -.00000038  00000-0  40980-4 0  9997
2 26503  64.9602 334.1812 0063142 294.9497 143.7024 13.91041275  7031
COSMOS 1249 COOLANT
1 26503U 81021E   20016.59513146 -.00000045 +00000-0 +35822-4 0  9995
2 26503 064.9602 330.9226 0063185 294.6608 241.0234 13.91041389007077
COSMOS 1249 COOLANT
1 26503U 81021E   20017.51788517 -.00000054  00000-0  28766-4 0  9993
2 26503  64.9603 328.5008 0063217 294.4450 181.8555 13.91041417  7336
COSMOS 1249 COOLANT
1 26503U 81021E   20021.47181775 -.00000069  00000-0  17107-4 0  9999
2 26503  64.9602 318.1239 0063327 293.4918 181.8169 13.91041688  7887
COSMOS 1249 COOLANT
1 26503U 81021E   20022.25466817 -.00000067 +00000-0 +18639-4 0  9998
2 26503 064.9602 316.0693 0063348 293.3059 142.0652 13.91041718007864
COSMOS 1249 COOLANT
1 26503U 81021E   20023.18753650 -.00000062 +00000-0 +22771-4 0  9992
2 26503 064.9602 313.6213 0063372 293.1185 133.5174 13.91041748007991
COSMOS 1249 COOLANT
1 26503U 81021E   20024.19475902 -.00000054  00000-0  29023-4 0  9993
2 26503  64.9601 310.9778 0063392 292.8730 137.3513 13.91041823  8253
COSMOS 1249 COOLANT
1 26503U 81021E   20025.50950356 -.00000049 +00000-0 +32757-4 0  9992
2 26503 064.9601 307.5274 0063417 292.5558 241.1509 13.91041979008317
COSMOS 1249 COOLANT
1 26503U 81021E   20027.21562594 -.00000039  00000-0  40434-4 0  9995
2 26503  64.9600 303.0497 0063456 292.1624 144.8210 13.91042103  8685
COSMOS 1249 COOLANT
1 26503U 81021E   20027.21562594 -.00000039 +00000-0 +40434-4 0  9995
2 26503 064.9600 303.0497 0063456 292.1624 144.8210 13.91042103008551
COSMOS 1249 COOLANT
1 26503U 81021E   20028.52893528 -.00000038 +00000-0 +41302-4 0  9998
2 26503 064.9598 299.6029 0063494 291.8671 241.4126 13.91042223008731
COSMOS 1249 COOLANT
1 26503U 81021E   20029.37995569 -.00000044  00000-0  36506-4 0  9997
2 26503  64.9597 297.3694 0063522 291.6671 183.0334 13.91042326  8986
COSMOS 1249 COOLANT
1 26503U 81021E   20031.16958514 -.00000053 +00000-0 +29644-4 0  9991
2 26503 064.9595 292.6727 0063561 291.2422 144.8936 13.91042472009102
COSMOS 1249 COOLANT
1 26503U 81021E   20032.10256081 -.00000051  00000-0  30750-4 0  9994
2 26503  64.9594 290.2242 0063576 291.0336 136.9080 13.91042557  9358
COSMOS 1249 COOLANT
1 26503U 81021E   20033.33201715 -.00000053 +00000-0 +29416-4 0  9993
2 26503 064.9592 286.9975 0063595 290.7401 173.6133 13.91042711009406
COSMOS 1249 COOLANT
1 26503U 81021E   20035.97362389 -.00000041  00000-0  39174-4 0  9999
2 26503  64.9587 280.0646 0063647 290.1174  81.8868 13.91042934  9894
COSMOS 1249 COOLANT
1 26503U 81021E   20038.37848696 -.00000027  00000-0  50250-4 0  9998
2 26503  64.9583 273.7528 0063689 289.5408 244.6407 13.91043233 10237
COSMOS 1249 COOLANT
1 26503U 81021E   20041.39795764 -.00000023  00000-0  53281-4 0  9994
2 26503  64.9579 265.8276 0063765 288.7980 245.1687 13.91043630 10658
TBA - TO BE ASSIGNED
1 26503U 81021E   20042.24779201 -.00000034 +00000-0 +44590-4 0  9992
2 26503 064.9577 263.5971 0063788 288.5895 180.8633 13.91043715010640
TBA - TO BE ASSIGNED
1 26503U 81021E   20043.25565139 -.00000045 +00000-0 +35427-4 0  9998
2 26503 064.9575 260.9518 0063807 288.3439 187.8946 13.91043815010780
TBA - TO BE ASSIGNED
1 26503U 81021E   20044.97134438 -.00000044  00000-0  36290-4 0  9990
2 26503  64.9572 256.4487 0063845 287.9223 139.5296 13.91043961 11145
TBA - TO BE ASSIGNED
1 26503U 81021E   20046.20276799 -.00000038 +00000-0 +41622-4 0  9993
2 26503 064.9570 253.2165 0063869 287.6203 186.1010 13.91044156011196
TBA - TO BE ASSIGNED
1 26503U 81021E   20047.20981775 -.00000038 +00000-0 +41614-4 0  9992
2 26503 064.9569 250.5732 0063893 287.3648 189.0897 13.91044261011463
TBA - TO BE ASSIGNED
1 26503U 81021E   20049.93227059 -.00000017 +00000-0 +57774-4 0  9993
2 26503 064.9569 243.4274 0063954 286.6889 142.2631 13.91044533011719
TBA - TO BE ASSIGNED
1 26503U 81021E   20050.15632240 -.00000017  00000-0  57435-4 0  9995
2 26503  64.9569 242.8393 0063956 286.6257 184.2508 13.91044573 11875
TBA - TO BE ASSIGNED
1 26503U 81021E   20051.16370693 -.00000022 +00000-0 +53598-4 0  9990
2 26503 064.9569 240.1951 0063983 286.3800 188.9077 13.91044707011889
TBA - TO BE ASSIGNED
1 26503U 81021E   20051.94637795 -.00000028 +00000-0 +49395-4 0  9991
2 26503 064.9570 238.1409 0064003 286.1827 148.2784 13.91044791011996
TBA - TO BE ASSIGNED
1 26503U 81021E   20053.88596272 -.00000035 +00000-0 +43243-4 0  9994
2 26503 064.9571 233.0500 0064059 285.7032 141.1013 13.91045005012264
TBA - TO BE ASSIGNED
1 26503U 81021E   20054.11030271 -.00000037  00000-0  41680-4 0  9998
2 26503  64.9570 232.4611 0064064 285.6484 184.5242 13.91045044 12421
TBA - TO BE ASSIGNED
1 26503U 81021E   20055.11620667 -.00000045 +00000-0 +35416-4 0  9992
2 26503 064.9571 229.8209 0064092 285.3989 181.7729 13.91045174012437
TBA - TO BE ASSIGNED
1 26503U 81021E   20056.12455126 -.00000055  00000-0  28282-4 0  9994
2 26503  64.9572 227.1743 0064122 285.1444 191.2481 13.91045269 12706
TBA - TO BE ASSIGNED
1 26503U 81021E   20059.69833472 -.00000034  00000-0  44467-4 0  9993
2 26503  64.9576 217.7944 0064225 284.2551  87.6287 13.91045614 13191
TBA - TO BE ASSIGNED
1 26503U 81021E   20060.07854547 -.00000034 +00000-0 +44564-4 0  9991
2 26503 064.9576 216.7964 0064240 284.1595 191.6054 13.91045655013122
TBA - TO BE ASSIGNED
1 26503U 81021E   20060.16208233 -.00000033 +00000-0 +44836-4 0  9997
2 26503 064.9576 216.5772 0064243 284.1417 249.9287 13.91045665013130
TBA - TO BE ASSIGNED
1 26503U 81021E   20062.80092887 -.00000011  00000-0  62411-4 0  9991
2 26503  64.9581 209.6513 0064330 283.4852 144.4433 13.91046005 13629
TBA - TO BE ASSIGNED
1 26503U 81021E   20063.80827639 -.00000016 +00000-0 +58774-4 0  9995
2 26503 064.9583 207.0074 0064366 283.2324 148.9268 13.91046159013643
TBA - TO BE ASSIGNED
1 26503U 81021E   20064.03260508 -.00000022 +00000-0 +53888-4 0  9995
2 26503 064.9583 206.4187 0064376 283.1807 192.2904 13.91046162013673
TBA - TO BE ASSIGNED
1 26503U 81021E   20064.81514069 -.00000032  00000-0  45955-4 0  9992
2 26503  64.9584 204.3649 0064391 282.9856 150.9846 13.91046220 13910
TBA - TO BE ASSIGNED
1 26503U 81021E   20065.82203797 -.00000035 +00000-0 +43262-4 0  9999
2 26503 064.9586 201.7223 0064433 282.7314 153.2160 13.91046357013922
TBA - TO BE ASSIGNED
1 26503U 81021E   20066.75506081 -.00000035 +00000-0 +43698-4 0  9997
2 26503 064.9587 199.2736 0064468 282.4992 145.5035 13.91046477014053
TBA - TO BE ASSIGNED
1 26503U 81021E   20067.76198095 -.00000039  00000-0  40395-4 0  9996
2 26503  64.9587 196.6310 0064503 282.2484 147.8463 13.91046596 14317
TBA - TO BE ASSIGNED
1 26503U 81021E   20067.98457271 -.00000042 +00000-0 +38234-4 0  9997
2 26503 064.9587 196.0468 0064512 282.1928 182.5170 13.91046631014228
TBA - TO BE ASSIGNED
1 26503U 81021E   20070.08328429 -.00000041  00000-0  38869-4 0  9997
2 26503  64.9588 190.5387 0064581 281.6753 252.2075 13.91046831 14641
TBA - TO BE ASSIGNED
1 26503U 81021E   20070.70878650 -.00000027 +00000-0 +49598-4 0  9997
2 26503 064.9589 188.8971 0064606 281.5174 144.5307 13.91046938014600
TBA - TO BE ASSIGNED
1 26503U 81021E   20076.05048142 -.00000013  00000-0  60501-4 0  9998
2 26503  64.9593 174.8780 0064789 280.2102 254.0668 13.91047674 15478
TBA - TO BE ASSIGNED
1 26503U 81021E   20076.90048818 -.00000027 +00000-0 +49593-4 0  9995
2 26503 064.9593 172.6473 0064810 280.0002 190.6372 13.91047726015469
TBA - TO BE ASSIGNED
1 26503U 81021E   20077.90831111 -.00000040 +00000-0 +40047-4 0  9992
2 26503 064.9592 170.0023 0064836 279.7501 197.5048 13.91047832015608
TBA - TO BE ASSIGNED
1 26503U 81021E   20078.61689993 -.00000041  00000-0  38713-4 0  9998
2 26503  64.9591 168.1426 0064858 279.5748 145.8992 13.91047891 15820
TBA - TO BE ASSIGNED
1 26503U 81021E   20079.84807962 -.00000034 +00000-0 +44768-4 0  9991
2 26503 064.9590 164.9114 0064896 279.2763 191.2621 13.91048067015878
TBA - TO BE ASSIGNED
1 26503U 81021E   20081.94564929 -.00000028  00000-0  49428-4 0  9999
2 26503  64.9588 159.4064 0064962 278.7686 255.2363 13.91048356 16292
TBA - TO BE ASSIGNED
1 26503U 81021E   20082.64486291 -.00000022 +00000-0 +53709-4 0  9993
2 26503 064.9587 157.5713 0064977 278.5974 156.6820 13.91048431016268
TBA - TO BE ASSIGNED
1 26503U 81021E   20084.58455039 +.00000005 +00000-0 +74845-4 0  9998
2 26503 064.9585 152.4805 0065039 278.1319 150.0300 13.91048794016534
TBA - TO BE ASSIGNED
1 26503U 81021E   20084.58455039  .00000005  00000-0  74845-4 0  9998
2 26503  64.9585 152.4805 0065039 278.1319 150.0300 13.91048794 16657
TBA - TO BE ASSIGNED
1 26503U 81021E   20084.96541127 +.00000006 +00000-0 +75509-4 0  9993
2 26503 064.9585 151.4809 0065049 278.0384 257.2648 13.91048880016585
TBA - TO BE ASSIGNED
1 26503U 81021E   20085.90003339 -.00000001 +00000-0 +70491-4 0  9997
2 26503 064.9584 149.0280 0065072 277.8142 257.5614 13.91049043016718
TBA - TO BE ASSIGNED
1 26503U 81021E   20086.82281341 -.00000008  00000-0  64922-4 0  9999
2 26503  64.9583 146.6061 0065099 277.5921 198.5577 13.91049179 16978
COSMOS 1249 COOLANT
1 26503U 81021E   20088.91924950 -.00000014 +00000-0 +60212-4 0  9996
2 26503 064.9581 141.1037 0065153 277.0887 256.8604 13.91049507017139
COSMOS 1249 COOLANT
1 26503U 81021E   20088.91924950 -.00000014  00000-0  60212-4 0  9996
2 26503  64.9581 141.1037 0065153 277.0887 256.8604 13.91049507 17263
COSMOS 1249 COOLANT
1 26503U 81021E   20090.86069737 -.00000029 +00000-0 +48565-4 0  9999
2 26503 064.9578 136.0081 0065205 276.6258 259.0301 13.91049837017407
COSMOS 1249 COOLANT
1 26503U 81021E   20096.36387631 -.00000008  00000-0  64405-4 0  9994
2 26503  64.9573 121.5636 0065322 275.3196  97.2471 13.91050595 18295
COSMOS 1249 COOLANT
1 26503U 81021E   20097.83425282 -.00000005 +00000-0 +66774-4 0  9990
2 26503 064.9573 117.7041 0065307 274.9734 260.4373 13.91050834018378
COSMOS 1249 COOLANT
1 26503U 81021E   20098.46071852 -.00000010  00000-0  63455-4 0  9999
2 26503  64.9573 116.0598 0065341 274.8239 157.5870 13.91050946 18590
COSMOS 1249 COOLANT
1 26503U 81021E   20098.68508308 -.00000015 +00000-0 +58917-4 0  9996
2 26503 064.9573 115.4709 0065344 274.7720 201.1347 13.91050977018492
COSMOS 1249 COOLANT
1 26503U 81021E   20100.47450557 -.00000030 +00000-0 +47185-4 0  9991
2 26503 064.9573 110.7740 0065364 274.3446 162.0180 13.91051200018746
COSMOS 1249 COOLANT
1 26503U 81021E   20100.47450557 -.00000030  00000-0  47185-4 0  9991
2 26503  64.9573 110.7740 0065364 274.3446 162.0180 13.91051200 18870
COSMOS 1249 COOLANT
1 26503U 81021E   20101.40761868 -.00000031 +00000-0 +47076-4 0  9995
2 26503 064.9574 108.3248 0065373 274.1272 154.7596 13.91051348018874
COSMOS 1249 COOLANT
1 26503U 81021E   20102.41456197 -.00000037 +00000-0 +42210-4 0  9994
2 26503 064.9574 105.6818 0065378 273.8883 157.2243 13.91051459019013
COSMOS 1249 COOLANT
1 26503U 81021E   20103.64588170 -.00000043  00000-0  37096-4 0  9990
2 26503  64.9574 102.4496 0065389 273.5885 203.3068 13.91051631 19314
COSMOS 1249 COOLANT
1 26503U 81021E   20104.42845203 -.00000039 +00000-0 +40228-4 0  9996
2 26503 064.9574 100.3955 0065390 273.4033 162.1803 13.91051710019291
COSMOS 1249 COOLANT
1 26503U 81021E   20105.36116990 -.00000029 +00000-0 +47992-4 0  9998
2 26503 064.9576 097.9473 0065392 273.1900 152.9397 13.91051819019421
COSMOS 1249 COOLANT
1 26503U 81021E   20106.36816354 -.00000019  00000-0  55952-4 0  9994
2 26503  64.9577  95.3042 0065393 272.9505 155.6587 13.91051970 19682
COSMOS 1249 COOLANT
1 26503U 81021E   20107.68380657 -.00000021 +00000-0 +54567-4 0  9996
2 26503 064.9579 091.8510 0065389 272.6389 264.0004 13.91052174019740
COSMOS 1249 COOLANT
1 26503U 81021E   20108.60685277 -.00000024 +00000-0 +52068-4 0  9992
2 26503 064.9581 089.4283 0065386 272.4192 206.3373 13.91052283019873
COSMOS 1249 COOLANT
1 26503U 81021E   20108.60685277 -.00000024 +00000-0 +52068-4 0  9992
2 26503 064.9581 089.4283 0065386 272.4192 206.3373 13.91052283020000
COSMOS 1249 COOLANT
1 26503U 81021E   20109.23275696 -.00000021 +00000-0 +54688-4 0  9999
2 26503 064.9582 087.7855 0065391 272.2636 100.6838 13.91052376019962
COSMOS 1249 COOLANT
1 26503U 81021E   20110.32200323 -.00000020 +00000-0 +55241-4 0  9991
2 26503 064.9584 084.9265 0065376 272.0111 155.2946 13.91052529020112
COSMOS 1249 COOLANT
1 26503U 81021E   20113.34320899 -.00000048  00000-0  33753-4 0  9991
2 26503  64.9590  76.9969 0065352 271.2897 164.5903 13.91052884 20667
COSMOS 1249 COOLANT
1 26503U 81021E   20118.22975786 -.00000036  00000-0  42603-4 0  9995
2 26503  64.9598  64.1718 0065280 270.1012 154.9933 13.91053383 21339
COSMOS 1249 COOLANT
1 26503U 81021E   20119.23725873 -.00000028 +00000-0 +48846-4 0  9993
2 26503 064.9600 061.5275 0065279 269.8629 160.2563 13.91053512021354
COSMOS 1249 COOLANT
1 26503U 81021E   20120.46861319 -.00000030  00000-0  47507-4 0  9992
2 26503  64.9601  58.2958 0065254 269.5469 206.5377 13.91053723 21652
COSMOS 1249 COOLANT
1 26503U 81021E   20122.18424948 -.00000033 +00000-0 +45071-4 0  9993
2 26503 064.9604 053.7932 0065234 269.1205 157.9544 13.91053935021761
COSMOS 1249 COOLANT
1 26503U 81021E   20123.19076567 -.00000033  00000-0  45190-4 0  9997
2 26503  64.9605  51.1517 0065218 268.8738 158.2972 13.91054053 22023
COSMOS 1249 COOLANT
1 26503U 81021E   20124.42082385 -.00000042 +00000-0 +37767-4 0  9990
2 26503 064.9606 047.9235 0065200 268.5628 198.0838 13.91054195022075
COSMOS 1249 COOLANT
1 26503U 81021E   20125.20527872 -.00000048  00000-0  33545-4 0  9998
2 26503  64.9607  45.8647 0065185 268.3764 166.4022 13.91054263 22318
COSMOS 1249 COOLANT
1 26503U 81021E   20126.13781456 -.00000055 +00000-0 +28283-4 0  9992
2 26503 064.9607 043.4172 0065165 268.1460 156.2750 13.91054279022316
COSMOS 1249 COOLANT
1 26503U 81021E   20127.14480417 -.00000043 +00000-0 +37460-4 0  9991
2 26503 064.9608 040.7744 0065147 267.9010 158.9875 13.91054398022454
COSMOS 1249 COOLANT
1 26503U 81021E   20128.15188750 -.00000034 +00000-0 +44503-4 0  9994
2 26503 064.9609 038.1311 0065127 267.6578 162.1680 13.91054523022596
COSMOS 1249 COOLANT
1 26503U 81021E   20128.15188750 -.00000034  00000-0  44503-4 0  9994
2 26503  64.9609  38.1311 0065127 267.6578 162.1680 13.91054523 22710
COSMOS 1249 COOLANT
1 26503U 81021E   20129.15904000 -.00000032 +00000-0 +46041-4 0  9996
2 26503 064.9609 035.4878 0065106 267.4075 165.7027 13.91054645022736
COSMOS 1249 COOLANT
1 26503U 81021E   20132.10605531 -.00000024  00000-0  52442-4 0  9995
2 26503  64.9609  27.7530 0065060 266.6867 163.5116 13.91054970 23269
COSMOS 1249 COOLANT
1 26503U 81021E   20133.11291760 -.00000030 +00000-0 +47617-4 0  9997
2 26503 064.9609 025.1106 0065040 266.4359 165.5953 13.91055093023282
COSMOS 1249 COOLANT
1 26503U 81021E   20133.33687698 -.00000034 +00000-0 +44034-4 0  9994
2 26503 064.9609 024.5230 0065041 266.3804 207.1207 13.91055108023314
COSMOS 1249 COOLANT
1 26503U 81021E   20136.28391296 -.00000043  00000-0  37161-4 0  9990
2 26503  64.9608  16.7889 0064984 265.6292 205.0679 13.91055347 23858
COSMOS 1249 COOLANT
1 26503U 81021E   20136.91150751 -.00000043 +00000-0 +37601-4 0  9998
2 26503 064.9607 015.1417 0064974 265.4722 107.8866 13.91055404023819
COSMOS 1249 COOLANT
1 26503U 81021E   20138.38157022 -.00000043 +00000-0 +37004-4 0  9996
2 26503 064.9605 011.2833 0064951 265.1099 269.5467 13.91055570024149
COSMOS 1249 COOLANT
1 26503U 81021E   20139.93103841 -.00000032 +00000-0 +46159-4 0  9997
2 26503 064.9604 007.2166 0064929 264.7221 108.8529 13.91055708024236
COSMOS 1249 COOLANT
1 26503U 81021E   20140.01379924 -.00000033 +00000-0 +44828-4 0  9997
2 26503 064.9604 006.9994 0064922 264.6998 163.2974 13.91055687024240
COSMOS 1249 COOLANT
1 26503U 81021E   20149.15264087 -.00000032  00000-0  45636-4 0  9991
2 26503  64.9595 343.0130 0064782 262.3995 208.1142 13.91056728 25640
COSMOS 1249 COOLANT
1 26503U 81021E   20150.16005965 -.00000031 +00000-0 +46912-4 0  9999
2 26503 064.9593 340.3687 0064770 262.1499 212.9897 13.91056839025653
COSMOS 1249 COOLANT
1 26503U 81021E   20153.88912331 -.00000021 +00000-0 +54891-4 0  9999
2 26503 064.9592 330.5806 0064725 261.2096 167.1325 13.91057265026178
COSMOS 1249 COOLANT
1 26503U 81021E   20154.11366053 -.00000022  00000-0  53752-4 0  9996
2 26503  64.9592 329.9912 0064723 261.1508 211.5567 13.91057308 26331
COSMOS 1249 COOLANT
1 26503U 81021E   20155.12077753 -.00000027 +00000-0 +49648-4 0  9998
2 26503 064.9591 327.3476 0064709 260.8962 214.9289 13.91057460026349
COSMOS 1249 COOLANT
1 26503U 81021E   20156.12760625 -.00000033 +00000-0 +44978-4 0  9994
2 26503 064.9591 324.7049 0064700 260.6479 216.8516 13.91057599026615
COSMOS 1249 COOLANT
1 26503U 81021E   20158.06725903 -.00000038 +00000-0 +41272-4 0  9998
2 26503 064.9591 319.6140 0064687 260.1546 210.1170 13.91057784026758
COSMOS 1249 COOLANT
1 26503U 81021E   20158.85033859 -.00000037  00000-0  41768-4 0  9996
2 26503  64.9591 317.5586 0064682 259.9544 171.5729 13.91057886 26997
COSMOS 1249 COOLANT
1 26503U 81021E   20160.16500528 -.00000043 +00000-0 +37537-4 0  9991
2 26503 064.9591 314.1081 0064671 259.6255 275.0702 13.91058020027043
COSMOS 1249 COOLANT
1 26503U 81021E   20161.87103306 -.00000027 +00000-0 +49734-4 0  9997
2 26503 064.9592 309.6302 0064659 259.1960 178.4013 13.91058188027285
COSMOS 1249 COOLANT
1 26503U 81021E   20161.87103306 -.00000027  00000-0  49734-4 0  9997
2 26503  64.9592 309.6302 0064659 259.1960 178.4013 13.91058188 27410
COSMOS 1249 COOLANT
1 26503U 81021E   20164.11922571 -.00000021  00000-0  54325-4 0  9996
2 26503  64.9593 303.7295 0064670 258.6048 276.7779 13.91058527 27723
COSMOS 1249 COOLANT
1 26503U 81021E   20165.66870096 -.00000024 +00000-0 +52313-4 0  9999
2 26503 064.9594 299.6627 0064629 258.2490 116.1042 13.91058674027810
COSMOS 1249 COOLANT
1 26503U 81021E   20166.75817308 -.00000024  00000-0  51820-4 0  9999
2 26503  64.9594 296.8033 0064627 257.9731 171.8938 13.91058809 28084
COSMOS 1249 COOLANT
1 26503U 81021E   20167.76516500 -.00000035 +00000-0 +43436-4 0  9997
2 26503 064.9595 294.1604 0064621 257.7176 174.6453 13.91058906028109
COSMOS 1249 COOLANT
1 26503U 81021E   20167.98896214 -.00000040 +00000-0 +39755-4 0  9999
2 26503 064.9595 293.5730 0064619 257.6652 215.3585 13.91058934028130
COSMOS 1249 COOLANT
1 26503U 81021E   20170.71222536 -.00000044 +00000-0 +36710-4 0  9996
2 26503 064.9594 286.4256 0064597 256.9899 172.7324 13.91059149028634
COSMOS 1249 COOLANT
1 26503U 81021E   20171.56350705 -.00000040 +00000-0 +39712-4 0  9991
2 26503 064.9595 284.1913 0064583 256.7942 115.7082 13.91059241028633
COSMOS 1249 COOLANT
1 26503U 81021E   20171.71910016 -.00000040 +00000-0 +39913-4 0  9998
2 26503 064.9595 283.7829 0064581 256.7517 174.8808 13.91059243028656
COSMOS 1249 COOLANT
1 26503U 81021E   20172.56998902 -.00000040 +00000-0 +39361-4 0  9999
2 26503 064.9595 281.5498 0064574 256.5423 115.9037 13.91059322028771
COSMOS 1249 COOLANT
1 26503U 81021E   20174.58296279 -.00000021  00000-0  54210-4 0  9990
2 26503  64.9595 276.2667 0064555 256.0540 116.3297 13.91059561 29177
COSMOS 1249 COOLANT
1 26503U 81021E   20175.67300091 -.00000013 +00000-0 +60429-4 0  9999
2 26503 064.9594 273.4058 0064543 255.7871 174.9481 13.91059717029201
COSMOS 1249 COOLANT
1 26503U 81021E   20176.98788485 -.00000023  00000-0  52865-4 0  9997
2 26503  64.9595 269.9549 0064523 255.4626 279.5380 13.91059912 29511
COSMOS 1249 COOLANT
1 26503U 81021E   20179.70052466 -.00000033  00000-0  44846-4 0  9994
2 26503  64.9592 262.8354 0064494 254.7996 183.7141 13.91060237 29897
COSMOS 1249 COOLANT
1 26503U 81021E   20180.85698115 -.00000046 +00000-0 +34744-4 0  9999
2 26503 064.9590 259.8003 0064481 254.5198 214.9376 13.91060358029925
COSMOS 1249 COOLANT
1 26503U 81021E   20181.64078913 -.00000051 +00000-0 +31274-4 0  9996
2 26503 064.9589 257.7432 0064470 254.3258 180.0421 13.91060423030030
COSMOS 1249 COOLANT
1 26503U 81021E   20182.64765139 -.00000046  00000-0  34897-4 0  9998
2 26503  64.9587 255.1006 0064460 254.0810 182.1396 13.91060535 30305
COSMOS 1249 COOLANT
1 26503U 81021E   20183.58046476 -.00000035 +00000-0 +43859-4 0  9994
2 26503 064.9586 252.6524 0064450 253.8545 173.4198 13.91060645030307
COSMOS 1249 COOLANT
1 26503U 81021E   20184.58736289 -.00000023 +00000-0 +52993-4 0  9999
2 26503 064.9585 250.0097 0064436 253.6093 175.6982 13.91060803030449
COSMOS 1249 COOLANT
1 26503U 81021E   20185.90253486 -.00000024 +00000-0 +52268-4 0  9995
2 26503 064.9583 246.5579 0064415 253.2947 281.7252 13.91060958030623
COSMOS 1249 COOLANT
1 26503U 81021E   20185.90253486 -.00000024  00000-0  52268-4 0  9995
2 26503  64.9583 246.5579 0064415 253.2947 281.7252 13.91060958 30757
COSMOS 1249 COOLANT
1 26503U 81021E   20187.53420347 -.00000017 +00000-0 +57393-4 0  9994
2 26503 064.9582 242.2754 0064387 252.8952 172.6922 13.91061142030852
COSMOS 1249 COOLANT
1 26503U 81021E   20188.54130851 -.00000014 +00000-0 +60160-4 0  9997
2 26503 064.9581 239.6321 0064370 252.6537 176.0053 13.91061320030996
COSMOS 1249 COOLANT
1 26503U 81021E   20188.54130851 -.00000014  00000-0  60160-4 0  9997
2 26503  64.9581 239.6321 0064370 252.6537 176.0053 13.91061320 31111
COSMOS 1249 COOLANT
1 26503U 81021E   20189.54861406 -.00000024 +00000-0 +51915-4 0  9994
2 26503 064.9580 236.9883 0064347 252.4165 180.3189 13.91061465031132
COSMOS 1249 COOLANT
1 26503U 81021E   20191.40588601 -.00000043 +00000-0 +36965-4 0  9994
2 26503 064.9577 232.1136 0064317 251.9587 121.0562 13.91061686031396
COSMOS 1249 COOLANT
1 26503U 81021E   20191.40588601 -.00000043  00000-0  36965-4 0  9994
2 26503  64.9577 232.1136 0064317 251.9587 121.0562 13.91061686 31510
COSMOS 1249 COOLANT
1 26503U 81021E   20193.72518611 -.00000046  00000-0  35206-4 0  9995
2 26503  64.9574 226.0262 0064256 251.4006 215.4990 13.91061989 31847
COSMOS 1249 COOLANT
1 26503U 81021E   20195.51633427 -.00000043 +00000-0 +37221-4 0  9993
2 26503 064.9572 221.3250 0064213 250.9615 185.1050 13.91062130031965
COSMOS 1249 COOLANT
1 26503U 81021E   20196.36639824 -.00000033  00000-0  45094-4 0  9990
2 26503  64.9572 219.0939 0064191 250.7562 122.0021 13.91062206 32207
COSMOS 1249 COOLANT
1 26503U 81021E   20198.77132562 -.00000025  00000-0  51445-4 0  9992
2 26503  64.9572 212.7816 0064118 250.1711 285.2538 13.91062513 32543
COSMOS 1249 COOLANT
1 26503U 81021E   20199.47021013 -.00000027 +00000-0 +50201-4 0  9999
2 26503 064.9572 210.9473 0064099 249.9963 185.0911 13.91062575032512
COSMOS 1249 COOLANT
1 26503U 81021E   20201.79065799 -.00000034  00000-0  44734-4 0  9999
2 26503  64.9573 204.8566 0063998 249.4663 285.2600 13.91062857 32967
COSMOS 1249 COOLANT
1 26503U 81021E   20205.43787218 -.00000054 +00000-0 +29085-4 0  9995
2 26503 064.9574 195.2838 0063851 248.5674 189.5820 13.91063159033476
COSMOS 1249 COOLANT
1 26503U 81021E   20206.21568404 -.00000051 +00000-0 +30713-4 0  9993
2 26503 064.9574 193.2422 0063840 248.3671 124.6756 13.91063235033457
COSMOS 1249 COOLANT
1 26503U 81021E   20207.60247747 -.00000049  00000-0  32589-4 0  9991
2 26503  64.9575 189.6023 0063793 248.0262 229.3850 13.91063374 33771
COSMOS 1249 COOLANT
1 26503U 81021E   20209.23530685 -.00000034 +00000-0 +44292-4 0  9996
2 26503 064.9577 185.3167 0063728 247.6202 126.1850 13.91063508033876
COSMOS 1249 COOLANT
1 26503U 81021E   20212.33897199 -.00000046  00000-0  34893-4 0  9996
2 26503  64.9582 177.1708 0063562 246.8424 188.5714 13.91063820 34436
COSMOS 1249 COOLANT
1 26503U 81021E   20214.50280271 -.00000056  00000-0  27543-4 0  9999
2 26503  64.9584 171.4915 0063446 246.2912 224.5111 13.91064039 34730
COSMOS 1249 COOLANT
1 26503U 81021E   20215.28573010 -.00000062 +00000-0 +22852-4 0  9996
2 26503 064.9585 169.4366 0063412 246.0903 185.2234 13.91064094034717
COSMOS 1249 COOLANT
1 26503U 81021E   20216.51705242 -.00000071 +00000-0 +15375-4 0  9999
2 26503 064.9586 166.2049 0063343 245.7776 231.3868 13.91064177034884
COSMOS 1249 COOLANT
1 26503U 81021E   20216.51705242 -.00000071  00000-0  15375-4 0  9999
2 26503  64.9586 166.2049 0063343 245.7776 231.3868 13.91064177 35010
COSMOS 1249 COOLANT
1 26503U 81021E   20217.22544073 -.00000069 +00000-0 +16660-4 0  9996
2 26503 064.9586 164.3457 0063309 245.5903 178.8307 13.91064185034981
COSMOS 1249 COOLANT
1 26503U 81021E   20218.61340449 -.00000052 +00000-0 +30639-4 0  9995
2 26503 064.9587 160.7028 0063236 245.2424 289.4118 13.91064316035177
COSMOS 1249 COOLANT
1 26503U 81021E   20218.61340449 -.00000052 +00000-0 +30639-4 0  9995
2 26503 064.9587 160.7028 0063236 245.2424 289.4118 13.91064316035302
COSMOS 1249 COOLANT
1 26503U 81021E   20219.23952726 -.00000043 +00000-0 +37353-4 0  9991
2 26503 064.9587 159.0595 0063209 245.0834 184.8830 13.91064400035263
COSMOS 1249 COOLANT
1 26503U 81021E   20220.47104345 -.00000038 +00000-0 +41118-4 0  9993
2 26503 064.9588 155.8274 0063146 244.7664 232.0229 13.91064554035436
COSMOS 1249 COOLANT
1 26503U 81021E   20222.18668031 -.00000028  00000-0  49339-4 0  9992
2 26503  64.9590 151.3247 0063069 244.3359 183.5131 13.91064725 35792
COSMOS 1249 COOLANT
1 26503U 81021E   20223.57395858 -.00000026 +00000-0 +50715-4 0  9998
2 26503 064.9591 147.6837 0062987 243.9856 290.6670 13.91064917035860
COSMOS 1249 COOLANT
1 26503U 81021E   20225.20757240 -.00000045  00000-0  35666-4 0  9996
2 26503  64.9594 143.3963 0062904 243.5817 191.4026 13.91065074 36227
COSMOS 1249 COOLANT
1 26503U 81021E   20229.16179462 -.00000056  00000-0  27329-4 0  9998
2 26503  64.9592 133.0182 0062684 242.5564 193.2222 13.91065337 36777
COSMOS 1249 COOLANT
1 26503U 81021E   20229.38538701 -.00000057 +00000-0 +26064-4 0  9993
2 26503 064.9592 132.4314 0062672 242.5012 232.9181 13.91065353036674
COSMOS 1249 COOLANT
1 26503U 81021E   20231.32548703 -.00000034  00000-0  44017-4 0  9996
2 26503  64.9591 127.3393 0062573 242.0045 228.4797 13.91065516 37073
COSMOS 1249 COOLANT
1 26503U 81021E   20232.10837128 -.00000028 +00000-0 +49276-4 0  9990
2 26503 064.9590 125.2845 0062525 241.7925 188.9904 13.91065569037057
COSMOS 1249 COOLANT
1 26503U 81021E   20233.42305069 -.00000026  00000-0  50424-4 0  9995
2 26503  64.9591 121.8342 0062446 241.4566 292.5951 13.91065763 37366
COSMOS 1249 COOLANT
1 26503U 81021E   20237.29276828 -.00000046  00000-0  34770-4 0  9992
2 26503  64.9589 111.6777 0062222 240.4453 231.2540 13.91066110 37909
COSMOS 1249 COOLANT
1 26503U 81021E   20240.86734014 -.00000036 +00000-0 +42611-4 0  9997
2 26503 064.9587 102.2955 0062031 239.5110 131.8966 13.91066529038270
COSMOS 1249 COOLANT
1 26503U 81021E   20240.86734014 -.00000036  00000-0  42611-4 0  9997
2 26503  64.9587 102.2955 0062031 239.5110 131.8966 13.91066529 38393
COSMOS 1249 COOLANT
1 26503U 81021E   20242.33737770 -.00000040 +00000-0 +39624-4 0  9998
2 26503 064.9584 098.4370 0061991 239.0646 293.5725 13.91066553038475
COSMOS 1249 COOLANT
1 26503U 81021E   20243.03692425 -.00000028  00000-0  49102-4 0  9991
2 26503  64.9584  96.6008 0061948 238.9037 196.7218 13.91066698 38704
COSMOS 1249 COOLANT
1 26503U 81021E   20243.88665611 -.00000020 +00000-0 +55009-4 0  9996
2 26503 064.9584 094.3705 0061906 238.6885 131.9797 13.91066791038690
COSMOS 1249 COOLANT
1 26503U 81021E   20248.93094017 -.00000030  00000-0  47361-4 0  9996
2 26503  64.9584  81.1303 0061655 237.3861 192.6064 13.91067457 39512
COSMOS 1249 COOLANT
1 26503U 81021E   20249.78208883 -.00000039 +00000-0 +40734-4 0  9994
2 26503 064.9585 078.8961 0061609 237.1742 134.9582 13.91067526039512
COSMOS 1249 COOLANT
1 26503U 81021E   20252.80163285 -.00000035  00000-0  44030-4 0  9996
2 26503  64.9583  70.9698 0061486 236.4215 136.1267 13.91067878 40055
COSMOS 1249 COOLANT
1 26503U 81021E   20253.89170433 -.00000032 +00000-0 +46004-4 0  9999
2 26503 064.9585 068.1087 0061422 236.1346 194.9635 13.91067923040085
COSMOS 1249 COOLANT
1 26503U 81021E   20254.89864781 -.00000033  00000-0  45464-4 0  9996
2 26503  64.9587  65.4657 0061373 235.8765 197.5079 13.91068023 40359
COSMOS 1249 COOLANT
1 26503U 81021E   20255.20651096 -.00000033 +00000-0 +44943-4 0  9996
2 26503 064.9588 064.6577 0061360 235.7876 299.2272 13.91068077040264
COSMOS 1249 COOLANT
1 26503U 81021E   20256.75560051 -.00000024 +00000-0 +52379-4 0  9999
2 26503 064.9589 060.5916 0061319 235.3899 136.7185 13.91068283040483
COSMOS 1249 COOLANT
1 26503U 81021E   20258.85254838 -.00000028 +00000-0 +48919-4 0  9994
2 26503 064.9592 055.0877 0061228 234.8476 197.7657 13.91068531040775
COSMOS 1249 COOLANT
1 26503U 81021E   20259.07680734 -.00000036  00000-0  42588-4 0  9992
2 26503  64.9593  54.4990 0061216 234.8032 240.7906 13.91068498 40936
COSMOS 1249 COOLANT
1 26503U 81021E   20262.17978574 -.00000044  00000-0  36851-4 0  9994
2 26503  64.9598  46.3546 0061066 234.0324 299.7853 13.91068777 41360
COSMOS 1249 COOLANT
1 26503U 81021E   20263.03077637 -.00000044 +00000-0 +36785-4 0  9996
2 26503 064.9599 044.1210 0061016 233.8153 241.3550 13.91068898041357
COSMOS 1249 COOLANT
1 26503U 81021E   20264.82027986 -.00000039  00000-0  40760-4 0  9998
2 26503  64.9602  39.4241 0060935 233.3638 202.7817 13.91069093 41732
COSMOS 1249 COOLANT
1 26503U 81021E   20267.61121752 -.00000026 +00000-0 +50467-4 0  9995
2 26503 064.9608 032.0990 0060798 232.6656 139.1592 13.91069438041991
COSMOS 1249 COOLANT
1 26503U 81021E   20267.61121752 -.00000026  00000-0  50467-4 0  9995
2 26503  64.9608  32.0990 0060798 232.6656 139.1592 13.91069438 42116
COSMOS 1249 COOLANT
1 26503U 81021E   20269.78099833 -.00000030  00000-0  47872-4 0  9990
2 26503  64.9611  26.4043 0060707 232.1241 204.9261 13.91069662 42428
COSMOS 1249 COOLANT
1 26503U 81021E   20270.08789234 -.00000030 +00000-0 +47718-4 0  9995
2 26503 064.9611 025.5989 0060690 232.0545 301.7744 13.91069703042332
COSMOS 1249 COOLANT
1 26503U 81021E   20271.56533473 -.00000028 +00000-0 +49361-4 0  9994
2 26503 064.9613 021.7215 0060632 231.6931 140.4634 13.91069958042545
COSMOS 1249 COOLANT
1 26503U 81021E   20271.94434207 -.00000031 +00000-0 +46500-4 0  9997
2 26503 064.9613 020.7267 0060619 231.6044 238.4403 13.91070005042728
COSMOS 1249 COOLANT
1 26503U 81021E   20278.62208512 -.00000007  00000-0  65290-4 0  9997
2 26503  64.9613   3.2010 0060312 229.9620 199.0523 13.91071020 43645
COSMOS 1249 COOLANT
1 26503U 81021E   20283.96346738 -.00000011  00000-0  62065-4 0  9995
2 26503  64.9609 349.1831 0060012 228.6704 307.4716 13.91071913 44392
COSMOS 1249 COOLANT
1 26503U 81021E   20284.58974744 -.00000013 +00000-0 +61074-4 0  9999
2 26503 064.9608 347.5394 0059981 228.5174 203.7414 13.91072009044356
COSMOS 1249 COOLANT
1 26503U 81021E   20289.55053333 -.00000005 +00000-0 +67157-4 0  9992
2 26503 064.9599 334.5189 0059687 227.2877 206.2661 13.91072674045049
COSMOS 1249 COOLANT
1 26503U 81021E   20289.55053333 -.00000005 +00000-0 +67157-4 0  9992
2 26503 064.9599 334.5189 0059687 227.2877 206.2661 13.91072674045173
COSMOS 1249 COOLANT
1 26503U 81021E   20292.49749050 -.00000010 +00000-0 +63385-4 0  9992
2 26503 064.9594 326.7840 0059505 226.5709 203.9729 13.91073098045451
COSMOS 1249 COOLANT
1 26503U 81021E   20292.49749050 -.00000010  00000-0  63385-4 0  9992
2 26503  64.9594 326.7840 0059505 226.5709 203.9729 13.91073098 45574
COSMOS 1249 COOLANT
1 26503U 81021E   20293.72825410 -.00000022 +00000-0 +53697-4 0  9992
2 26503 064.9592 323.5536 0059421 226.2576 247.3796 13.91073292045757
COSMOS 1249 COOLANT
1 26503U 81021E   20294.51137824 -.00000028 +00000-0 +49547-4 0  9990
2 26503 064.9590 321.4980 0059374 226.0551 209.1049 13.91073377045732
COSMOS 1249 COOLANT
1 26503U 81021E   20294.51137824 -.00000028 +00000-0 +49547-4 0  9990
2 26503 064.9590 321.4980 0059374 226.0551 209.1049 13.91073377045866
COSMOS 1249 COOLANT
1 26503U 81021E   20297.53195986 -.00000016 +00000-0 +58785-4 0  9999
2 26503 064.9586 313.5696 0059154 225.3107 215.5233 13.91073779046157
COSMOS 1249 COOLANT
1 26503U 81021E   20297.53195986 -.00000016  00000-0  58785-4 0  9999
2 26503  64.9586 313.5696 0059154 225.3107 215.5233 13.91073779 46281
COSMOS 1249 COOLANT
1 26503U 81021E   20299.47204000 -.00000014 +00000-0 +60248-4 0  9997
2 26503 064.9584 308.4771 0059015 224.8205 211.0394 13.91074032046423
COSMOS 1249 COOLANT
1 26503U 81021E   20300.47901715 -.00000005 +00000-0 +66817-4 0  9995
2 26503 064.9586 305.8345 0058907 224.5984 213.7383 13.91074197046691
COSMOS 1249 COOLANT
1 26503U 81021E   20300.47901715 -.00000005 +00000-0 +66817-4 0  9995
2 26503 064.9586 305.8345 0058907 224.5984 213.7383 13.91074197046691
COSMOS 1249 COOLANT
1 26503U 81021E   20304.43285973 -.00000028  00000-0  48804-4 0  9997
2 26503  64.9583 295.4566 0058635 223.5742 213.7907 13.91074744 47248
COSMOS 1249 COOLANT
1 26503U 81021E   20306.59626249 -.00000034 +00000-0 +44175-4 0  9995
2 26503 064.9584 289.7781 0058444 223.0186 247.6772 13.91075080047418
COSMOS 1249 COOLANT
1 26503U 81021E   20306.59626249 -.00000034 +00000-0 +44175-4 0  9995
2 26503 064.9584 289.7781 0058444 223.0186 247.6772 13.91075080047542
COSMOS 1249 COOLANT
1 26503U 81021E   20307.37989878 -.00000039 +00000-0 +40499-4 0  9992
2 26503 064.9584 287.7212 0058385 222.8030 211.9852 13.91075154047521
COSMOS 1249 COOLANT
1 26503U 81021E   20309.23407322 -.00000091 +00000-0 +00000-0 0  9996
2 26503 064.9585 282.8543 0058244 222.3142 137.3325 13.91075379047905
COSMOS 1249 COOLANT
1 26503U 81021E   20309.23660204 -.00000027  00000-0  50166-4 0  9997
2 26503  64.9585 282.8477 0058244 222.3134 149.9965 13.91075379 47901
COSMOS 1249 COOLANT
1 26503U 81021E   20314.28062678 -.00000015 +00000+0 +59470-4 0  9992
2 26503  64.9590 269.6085 0057830 220.9587 209.5300 13.91076033048489
COSMOS 1249 COOLANT
1 26503U 81021E   20316.29445810 -.00000040 +00000+0 +39429-4 0  9998
2 26503  64.9591 264.3228 0057657 220.4322 214.4106 13.91076242048762
COSMOS 1249 COOLANT
1 26503U 81021E   20318.61482934 -.00000042 +00000-0 +37957-4 0  9991
2 26503 064.9590 258.2322 0057421 219.8442 314.3660 13.91076444049087
COSMOS 1249 COOLANT
1 26503U 81021E   20318.61482934 -.00000042  00000-0  37957-4 0  9991
2 26503  64.9590 258.2322 0057421 219.8442 314.3660 13.91076444 49212
COSMOS 1249 COOLANT
1 26503U 81021E   20324.51005403 -.00000019  00000-0  56107-4 0  9991
2 26503  64.9593 242.7596 0056885 218.2350 316.5992 13.91077200 50035
COSMOS 1249 COOLANT
1 26503U 81021E   20326.05943608 -.00000019 +00000-0 +56444-4 0  9994
2 26503 064.9594 238.6932 0056745 217.7981 155.6450 13.91077429050127
COSMOS 1249 COOLANT
1 26503U 81021E   20328.00020412 -.00000022  00000-0  54281-4 0  9991
2 26503  64.9593 233.5997 0056572 217.2626 154.6774 13.91077790 50512
COSMOS 1249 COOLANT
1 26503U 81021E   20328.37949252 -.00000032 +00000-0 +46232-4 0  9991
2 26503 064.9593 232.6043 0056560 217.1734 254.0724 13.91077766050445
COSMOS 1249 COOLANT
1 26503U 81021E   20329.16297633 -.00000036 +00000-0 +43196-4 0  9998
2 26503 064.9591 230.5481 0056490 216.9533 217.6288 13.91077849050556
COSMOS 1249 COOLANT
1 26503U 81021E   20330.16989647 -.00000031  00000-0  46776-4 0  9995
2 26503  64.9590 227.9054 0056402 216.6764 220.1114 13.91077995 50826
COSMOS 1249 COOLANT
1 26503U 81021E   20331.48324267 -.00000016 +00000-0 +58437-4 0  9992
2 26503 064.9589 224.4586 0056284 216.3107 317.1280 13.91078214050873
COSMOS 1249 COOLANT
1 26503U 81021E   20332.11000091 -.00000011 +00000-0 +62611-4 0  9993
2 26503 064.9588 222.8137 0056229 216.1334 215.8308 13.91078311050968
COSMOS 1249 COOLANT
1 26503U 81021E   20340.01764067 -.00000006  00000-0  66274-4 0  9994
2 26503  64.9579 202.0596 0055553 213.9309 215.9908 13.91079813 52184
COSMOS 1249 COOLANT
1 26503U 81021E   20340.01764067 -.00000006  00000-0  66274-4 0  9994
2 26503  64.9579 202.0596 0055553 213.9309 215.9908 13.91079813 52061
COSMOS 1249 COOLANT
1 26503U 81021E   20340.86870535 -.00000012  00000-0  61408-4 0  9996
2 26503  64.9578 199.8259 0055479 213.6924 157.9870 13.91079963 52188
COSMOS 1249 COOLANT
1 26503U 81021E   20341.02464212 -.00000012  00000-0  61784-4 0  9993
2 26503  64.9577 199.4166 0055463 213.6475 218.8947 13.91079995 52204
COSMOS 1249 COOLANT
1 26503U 81021E   20343.97148538 -.00000008  00000-0  64747-4 0  9996
2 26503  64.9573 191.6822 0055211 212.8248 216.2139 13.91080341 52733
COSMOS 1249 COOLANT
1 26503U 81021E   20343.97148538 -.00000008  00000-0  64747-4 0  9996
2 26503  64.9573 191.6822 0055211 212.8248 216.2139 13.91080341 52610
COSMOS 1249 COOLANT
1 26503U 81021E   20346.29310832 -.00000001  00000-0  70167-4 0  9998
2 26503  64.9572 185.5887 0055008 212.1710 322.5398 13.91080744 53068
COSMOS 1249 COOLANT
1 26503U 81021E   20346.29310832 -.00000001  00000-0  70167-4 0  9998
2 26503  64.9572 185.5887 0055008 212.1710 322.5398 13.91080744 52933
COSMOS 1249 COOLANT
1 26503U 81021E   20348.93229258 -.00000006  00000-0  66564-4 0  9993
2 26503  64.9576 178.6633 0054741 211.5311 219.0611 13.91081129 53300
COSMOS 1249 COOLANT
1 26503U 81021E   20348.93229258 -.00000006  00000-0  66564-4 0  9993
2 26503  64.9576 178.6633 0054741 211.5311 219.0611 13.91081129 53423
COSMOS 1249 COOLANT
1 26503U 81021E   20350.16376450 -.00000021  00000-0  54518-4 0  9991
2 26503  64.9573 175.4297 0054677 211.1117 266.1586 13.91081336 53478
COSMOS 1249 COOLANT
1 26503U 81021E   20350.78978856 -.00000031  00000-0  46679-4 0  9997
2 26503  64.9573 173.7866 0054625 210.9366 161.1903 13.91081393 53567
COSMOS 1249 COOLANT
1 26503U 81021E   20352.25954690 -.00000039  00000-0  40291-4 0  9993
2 26503  64.9572 169.9289 0054500 210.5382 321.5006 13.91081570 53897
COSMOS 1249 COOLANT
1 26503U 81021E   20352.25954690 -.00000039  00000-0  40291-4 0  9993
2 26503  64.9572 169.9289 0054500 210.5382 321.5006 13.91081570 53763
COSMOS 1249 COOLANT
1 26503U 81021E   20353.26630073 -.00000040  00000-0  39603-4 0  9998
2 26503  64.9571 167.2861 0054421 210.2663 323.1590 13.91081647 53907
COSMOS 1249 COOLANT
1 26503U 81021E   20356.21383656 -.00000031  00000-0  46711-4 0  9996
2 26503  64.9572 159.5496 0054182 209.4711 323.9371 13.91081964 54441
COSMOS 1249 COOLANT
1 26503U 81021E   20356.21383656 -.00000031  00000-0  46711-4 0  9996
2 26503  64.9572 159.5496 0054182 209.4711 323.9371 13.91081964 54317
COSMOS 1249 COOLANT
1 26503U 81021E   20357.84695781 -.00000008  00000-0  64894-4 0  9997
2 26503  64.9573 155.2632 0054052 209.0366 222.3369 13.91082223 54544
COSMOS 1249 COOLANT
1 26503U 81021E   20359.16167306 -.00000013  00000-0  61159-4 0  9998
2 26503  64.9576 151.8126 0053938 208.6724 326.2287 13.91082451 54852
COSMOS 1249 COOLANT
1 26503U 81021E   20359.86068582 -.00000017  00000-0  57752-4 0  9999
2 26503  64.9578 149.9780 0053877 208.4750 226.7808 13.91082526 54820
COSMOS 1249 COOLANT
1 26503U 81021E   20362.18103943 -.00000029  00000-0  48820-4 0  9998
2 26503  64.9582 143.8879 0053687 207.8598 326.7297 13.91082844 55275
COSMOS 1249 COOLANT
1 26503U 81021E   20362.18103943 -.00000029  00000-0  48820-4 0  9998
2 26503  64.9582 143.8879 0053687 207.8598 326.7297 13.91082844 55141
COSMOS 1249 COOLANT
1 26503U 81021E   21002.07586115 -.00000031  00000-0  47075-4 0  9998
2 26503  64.9590 128.4164 0053175 206.2228 327.1115 13.91083632 56096
COSMOS 1249 COOLANT
1 26503U 81021E   21002.07586115 -.00000031  00000-0  47075-4 0  9998
2 26503  64.9590 128.4164 0053175 206.2228 327.1115 13.91083632 55961
COSMOS 1249 COOLANT
1 26503U 81021E   21003.62519735 -.00000018  00000-0  57452-4 0  9999
2 26503  64.9591 124.3500 0053074 205.8901 165.8597 13.91083846 56185
COSMOS 1249 COOLANT
1 26503U 81021E   21008.04286711 -.00000039  00000-0  40689-4 0  9992
2 26503  64.9597 112.7558 0052694 204.7344 328.8277 13.91084364 56925
COSMOS 1249 COOLANT
1 26503U 81021E   21008.04286711 -.00000039  00000-0  40689-4 0  9992
2 26503  64.9597 112.7558 0052694 204.7344 328.8277 13.91084364 56790
COSMOS 1249 COOLANT
1 26503U 81021E   21010.99036892 -.00000053  00000-0  29663-4 0  9997
2 26503  64.9598 105.0199 0052436 204.0059 329.3971 13.91084675 57330
COSMOS 1249 COOLANT
1 26503U 81021E   21010.99036892 -.00000053  00000-0  29663-4 0  9997
2 26503  64.9598 105.0199 0052436 204.0059 329.3971 13.91084675 57206
COSMOS 1249 COOLANT
1 26503U 81021E   21012.53992929 -.00000043  00000-0  37635-4 0  9998
2 26503  64.9598 100.9530 0052297 203.5209 169.4238 13.91084742 57423
COSMOS 1249 COOLANT
1 26503U 81021E   21022.38880277 -.00000042  00000-0  38099-4 0  9998
2 26503  64.9594  75.1032 0051371 200.8442 171.1192 13.91085951 58917
COSMOS 1249 COOLANT
1 26503U 81021E   21022.38880277 -.00000042  00000-0  38099-4 0  9998
2 26503  64.9594  75.1032 0051371 200.8442 171.1192 13.91085951 58793
COSMOS 1249 COOLANT
1 26503U 81021E   21027.81297475 -.00000026  00000-0  51143-4 0  9990
2 26503  64.9589  60.8655 0050830 199.4143 334.5379 13.91086535 59678
COSMOS 1249 COOLANT
1 26503U 81021E   21027.81297475 -.00000026  00000-0  51143-4 0  9990
2 26503  64.9589  60.8655 0050830 199.4143 334.5379 13.91086535 59544
COSMOS 1249 COOLANT
1 26503U 81021E   21031.30353788 -.00000038  00000-0  41396-4 0  9991
2 26503  64.9591  51.7040 0050527 198.4148 174.8282 13.91086992 60032
COSMOS 1249 COOLANT
1 26503U 81021E   21031.30353788 -.00000038  00000-0  41396-4 0  9991
2 26503  64.9591  51.7040 0050527 198.4148 174.8282 13.91086992 60155
COSMOS 1249 COOLANT
1 26503U 81021E   21034.32291213 -.00000057  00000-0  26679-4 0  9998
2 26503  64.9622  43.7796 0050121 197.6507 175.3650 13.91087092 60572
COSMOS 1249 COOLANT
1 26503U 81021E   21034.32291213 -.00000057  00000-0  26679-4 0  9998
2 26503  64.9622  43.7796 0050121 197.6507 175.3650 13.91087092 60459
COSMOS 1249 COOLANT
1 26503U 81021E   21034.78624229 -.00000039  00000-0  40733-4 0  9992
2 26503  64.9613  42.5631 0050083 197.4623 335.7216 13.91087348 60519
COSMOS 1249 COOLANT
1 26503U 81021E   21036.72757758 -.00000035  00000-0  44002-4 0  9991
2 26503  64.9598  37.4673 0049903 196.8645 337.7250 13.91087564 60910
COSMOS 1249 COOLANT
1 26503U 81021E   21036.72757758 -.00000035  00000-0  44002-4 0  9991
2 26503  64.9598  37.4673 0049903 196.8645 337.7250 13.91087564 60785
COSMOS 1249 COOLANT
1 26503U 81021E   21038.27694909 -.00000027  00000-0  50391-4 0  9990
2 26503  64.9597  33.4003 0049784 196.4170 176.7867 13.91087756 61007
COSMOS 1249 COOLANT
1 26503U 81021E   21038.35994507 -.00000031  00000-0  47262-4 0  9994
2 26503  64.9597  33.1825 0049765 196.3832 232.4298 13.91087719 61017
COSMOS 1249 COOLANT
1 26503U 81021E   21040.68141700 -.00000040  00000-0  39767-4 0  9993
2 26503  64.9600  27.0893 0049512 195.6873 338.1017 13.91087989 61467
COSMOS 1249 COOLANT
1 26503U 81021E   21040.68141700 -.00000040  00000-0  39767-4 0  9993
2 26503  64.9600  27.0893 0049512 195.6873 338.1017 13.91087989 61333
COSMOS 1249 COOLANT
1 26503U 81021E   21041.38062816 -.00000048  00000-0  33756-4 0  9991
2 26503  64.9603  25.2543 0049453 195.4695 239.6812 13.91088028 61436
COSMOS 1249 COOLANT
1 26503U 81021E   21042.23074064 -.00000050  00000-0  32000-4 0  9998
2 26503  64.9604  23.0231 0049378 195.2178 176.9472 13.91088104 61550
COSMOS 1249 COOLANT
1 26503U 81021E   21045.64185662 -.00000053  00000-0  29444-4 0  9994
2 26503  64.9608  14.0701 0049025 194.1769 339.4569 13.91088396 62028
COSMOS 1249 COOLANT
1 26503U 81021E   21045.64185662 -.00000053  00000-0  29444-4 0  9994
2 26503  64.9608  14.0701 0049025 194.1769 339.4569 13.91088396 62152
COSMOS 1249 COOLANT
1 26503U 81021E   21046.34141499 -.00000048  00000-0  33358-4 0  9995
2 26503  64.9609  12.2341 0048945 193.9509 242.7839 13.91088435 62129
COSMOS 1249 COOLANT
1 26503U 81021E   21047.19133213 -.00000039  00000-0  40743-4 0  9990
2 26503  64.9610  10.0033 0048895 193.7115 179.0607 13.91088537 62241
COSMOS 1249 COOLANT
1 26503U 81021E   21051.14543736 -.00000038  00000-0  41364-4 0  9994
2 26503  64.9614 359.6257 0048481 192.4795 180.8350 13.91088928 62919
COSMOS 1249 COOLANT
1 26503U 81021E   21051.14543736 -.00000038  00000-0  41364-4 0  9994
2 26503  64.9614 359.6257 0048481 192.4795 180.8350 13.91088928 62795
COSMOS 1249 COOLANT
1 26503U 81021E   21052.23523326 -.00000032  00000-0  46516-4 0  9996
2 26503  64.9615 356.7656 0048350 192.1116 238.4561 13.91089081 62948
COSMOS 1249 COOLANT
1 26503U 81021E   21053.46530476 -.00000035  00000-0  44162-4 0  9994
2 26503  64.9615 353.5376 0048252 191.6974 278.5690 13.91089319 63245
COSMOS 1249 COOLANT
1 26503U 81021E   21053.46530476 -.00000035  00000-0  44162-4 0  9994
2 26503  64.9615 353.5376 0048252 191.6974 278.5690 13.91089319 63111
COSMOS 1249 COOLANT
1 26503U 81021E   21057.04024338 -.00000012  00000-0  61649-4 0  9991
2 26503  64.9614 344.1554 0047903 190.5513 181.5574 13.91089895 63734
COSMOS 1249 COOLANT
1 26503U 81021E   21057.04024338 -.00000012  00000-0  61649-4 0  9991
2 26503  64.9614 344.1554 0047903 190.5513 181.5574 13.91089895 63611
COSMOS 1249 COOLANT
1 26503U 81021E   21060.05980168 -.00000001  00000-0  70344-4 0  9998
2 26503  64.9612 336.2305 0047604 189.5844 183.2530 13.91090379 64158
COSMOS 1249 COOLANT
1 26503U 81021E   21062.15671476  .00000002  00000-0  73334-4 0  9992
2 26503  64.9610 330.7272 0047395 188.8745 244.4611 13.91090801 64450
COSMOS 1249 COOLANT
1 26503U 81021E   21062.15671476  .00000002  00000-0  73334-4 0  9992
2 26503  64.9610 330.7272 0047395 188.8745 244.4611 13.91090801 64326
COSMOS 1249 COOLANT
1 26503U 81021E   21065.95467314 -.00000006  00000-0  66897-4 0  9998
2 26503  64.9603 320.7593 0047014 187.6568 184.3350 13.91091432 64852
COSMOS 1249 COOLANT
1 26503U 81021E   21065.95467314 -.00000006  00000-0  66897-4 0  9998
2 26503  64.9603 320.7593 0047014 187.6568 184.3350 13.91091432 64975
COSMOS 1249 COOLANT
1 26503U 81021E   21069.05736406  .00000005  00000-0  75374-4 0  9992
2 26503  64.9597 312.6160 0046717 186.6409 242.3922 13.91091938 65409
COSMOS 1249 COOLANT
1 26503U 81021E   21069.05736406  .00000005  00000-0  75374-4 0  9992
2 26503  64.9597 312.6160 0046717 186.6409 242.3922 13.91091938 65285
COSMOS 1249 COOLANT
1 26503U 81021E   21074.86914449  .00000001  00000-0  71937-4 0  9999
2 26503  64.9585 297.3615 0046183 184.7323 187.4016 13.91092961 66211
COSMOS 1249 COOLANT
1 26503U 81021E   21075.24886655 -.00000006  00000-0  67063-4 0  9990
2 26503  64.9587 296.3653 0046130 184.5985 289.0340 13.91093024 66140
COSMOS 1249 COOLANT
1 26503U 81021E   21078.04567542 -.00000012  00000-0  62267-4 0  9990
2 26503  64.9582 289.0243 0045878 183.6913 255.2642 13.91093464 66663
COSMOS 1249 COOLANT
1 26503U 81021E   21078.04567542 -.00000012  00000-0  62267-4 0  9990
2 26503  64.9582 289.0243 0045878 183.6913 255.2642 13.91093464 66539
COSMOS 1249 COOLANT
1 26503U 81021E   21084.24712087  .00000014  00000-0  82309-4 0  9995
2 26503  64.9573 272.7446 0045318 181.7494 351.6342 13.91094664 67526
COSMOS 1249 COOLANT
1 26503U 81021E   21084.24712087  .00000014  00000-0  82309-4 0  9995
2 26503  64.9573 272.7446 0045318 181.7494 351.6342 13.91094664 67391
COSMOS 1249 COOLANT
1 26503U 81021E   21087.26649574 -.00000027  00000-0  50540-4 0  9997
2 26503  64.9578 264.8202 0045144 180.7097 352.5344 13.91094844 67946
COSMOS 1249 COOLANT
1 26503U 81021E   21087.26649574 -.00000027  00000-0  50540-4 0  9997
2 26503  64.9578 264.8202 0045144 180.7097 352.5344 13.91094844 67812
COSMOS 1249 COOLANT
1 26503U 81021E   21089.90742078 -.00000025  00000-0  51471-4 0  9995
2 26503  64.9577 257.8888 0044813 179.8748 258.1065 13.91095429 68189
COSMOS 1249 COOLANT
1 26503U 81021E   21089.90742078 -.00000025  00000-0  51471-4 0  9995
2 26503  64.9577 257.8888 0044813 179.8748 258.1065 13.91095429 68314
COSMOS 1249 COOLANT
1 26503U 81021E   21090.75714812 -.00000017  00000-0  58408-4 0  9993
2 26503  64.9577 255.6585 0044735 179.6167 193.4730 13.91095573 68309
COSMOS 1249 COOLANT
1 26503U 81021E   21093.86096128  .00000001  00000-0  72091-4 0  9997
2 26503  64.9582 247.5117 0044459 178.6040 257.1953 13.91096183 68862
COSMOS 1249 COOLANT
1 26503U 81021E   21093.86096128  .00000001  00000-0  72091-4 0  9997
2 26503  64.9582 247.5117 0044459 178.6040 257.1953 13.91096183 68738
COSMOS 1249 COOLANT
1 26503U 81021E   21101.76863605 -.00000031  00000-0  46670-4 0  9996
2 26503  64.9589 226.7567 0043753 176.1482 258.2853 13.91097250 69965
COSMOS 1249 COOLANT
1 26503U 81021E   21101.76863605 -.00000031  00000-0  46670-4 0  9996
2 26503  64.9589 226.7567 0043753 176.1482 258.2853 13.91097250 69831
COSMOS 1249 COOLANT
1 26503U 81021E   21103.70858029 -.00000023  00000-0  53746-4 0  9999
2 26503  64.9594 221.6657 0043593 175.5139 253.4272 13.91097421 70109
COSMOS 1249 COOLANT
1 26503U 81021E   21104.78911147 -.00000012  00000-0  62336-4 0  9992
2 26503  64.9594 218.8297 0043489 175.1745 264.6592 13.91097583 70388
COSMOS 1249 COOLANT
1 26503U 81021E   21105.56667466 -.00000010  00000-0  63553-4 0  9991
2 26503  64.9594 216.7889 0043422 174.9318 198.6457 13.91097706 70363
COSMOS 1249 COOLANT
1 26503U 81021E   21107.73624052 -.00000009  00000-0  64649-4 0  9991
2 26503  64.9595 211.0948 0043210 174.2592 263.6894 13.91098037 70793
COSMOS 1249 COOLANT
1 26503U 81021E   21107.73624052 -.00000009  00000-0  64649-4 0  9991
2 26503  64.9595 211.0948 0043210 174.2592 263.6894 13.91098037 70669
COSMOS 1249 COOLANT
1 26503U 81021E   21108.04308774 -.00000007  00000-0  66332-4 0  9995
2 26503  64.9595 210.2894 0043181 174.1621   0.3626 13.91098116 70701
COSMOS 1249 COOLANT
1 26503U 81021E   21109.52078970 -.00000012  00000-0  62366-4 0  9990
2 26503  64.9595 206.4113 0043030 173.7174 200.5861 13.91098393 70918
COSMOS 1249 COOLANT
1 26503U 81021E   21109.89948095 -.00000013  00000-0  61140-4 0  9994
2 26503  64.9595 205.4175 0042990 173.5829 297.0654 13.91098498 70966
COSMOS 1249 COOLANT
1 26503U 81021E   21109.89948095 -.00000013  00000-0  61140-4 0  9994
2 26503  64.9595 205.4175 0042990 173.5829 297.0654 13.91098498 71091
COSMOS 1249 COOLANT
1 26503U 81021E   21114.48132602 -.00000020  00000-0  55711-4 0  9999
2 26503  64.9591 193.3924 0042567 172.1227 202.7010 13.91099164 71721
COSMOS 1249 COOLANT
1 26503U 81021E   21114.48132602 -.00000020  00000-0  55711-4 0  9999
2 26503  64.9591 193.3924 0042567 172.1227 202.7010 13.91099164 71608
COSMOS 1249 COOLANT
1 26503U 81021E   21114.94470332 -.00000016  00000-0  59008-4 0  9993
2 26503  64.9590 192.1765 0042508 171.9524   3.2933 13.91099276 71667
COSMOS 1249 COOLANT
1 26503U 81021E   21115.64376250 -.00000009  00000-0  64389-4 0  9995
2 26503  64.9589 190.3417 0042446 171.7175 264.1574 13.91099375 71760
COSMOS 1249 COOLANT
1 26503U 81021E   21116.57691400  .00000005  00000-0  75371-4 0  9993
2 26503  64.9589 187.8926 0042355 171.4168 257.3356 13.91099543 71897
COSMOS 1249 COOLANT
1 26503U 81021E   21116.57691400  .00000005  00000-0  75371-4 0  9993
2 26503  64.9589 187.8926 0042355 171.4168 257.3356 13.91099543 72012
COSMOS 1249 COOLANT
1 26503U 81021E   21121.53762794 -.00000016  00000-0  59157-4 0  9997
2 26503  64.9584 174.8730 0041869 169.7844 260.3991 13.91100351 72701
COSMOS 1249 COOLANT
1 26503U 81021E   21121.53762794 -.00000016  00000-0  59157-4 0  9997
2 26503  64.9584 174.8730 0041869 169.7844 260.3991 13.91100351 72587
COSMOS 1249 COOLANT
1 26503U 81021E   21122.38921948 -.00000020  00000-0  55885-4 0  9998
2 26503  64.9582 172.6377 0041794 169.4888 205.1548 13.91100543 72702
COSMOS 1249 COOLANT
1 26503U 81021E   21122.76707559 -.00000024  00000-0  52796-4 0  9992
2 26503  64.9581 171.6461 0041746 169.3660 297.4427 13.91100605 72752
COSMOS 1249 COOLANT
1 26503U 81021E   21123.85918363 -.00000032  00000-0  46192-4 0  9992
2 26503  64.9580 168.7797 0041639 168.9959   6.6913 13.91100751 73031
COSMOS 1249 COOLANT
1 26503U 81021E   21126.49828882 -.00000014  00000-0  60457-4 0  9991
2 26503  64.9575 161.8529 0041384 168.1028 263.2610 13.91101072 73276
COSMOS 1249 COOLANT
1 26503U 81021E   21126.49828882 -.00000014  00000-0  60457-4 0  9991
2 26503  64.9575 161.8529 0041384 168.1028 263.2610 13.91101072 73399
COSMOS 1249 COOLANT
1 26503U 81021E   21127.50519942 -.00000013  00000-0  60915-4 0  9996
2 26503  64.9574 159.2100 0041285 167.7543 265.8514 13.91101190 73416
COSMOS 1249 COOLANT
1 26503U 81021E   21129.82582037 -.00000006  00000-0  66722-4 0  9992
2 26503  64.9573 153.1190 0041048 166.9562   7.4775 13.91101522 73863
COSMOS 1249 COOLANT
1 26503U 81021E   21129.82582037 -.00000006  00000-0  66722-4 0  9992
2 26503  64.9573 153.1190 0041048 166.9562   7.4775 13.91101522 73739
COSMOS 1249 COOLANT
1 26503U 81021E   21131.68289733 -.00000018  00000-0  57484-4 0  9994
2 26503  64.9572 148.2447 0040874 166.2962 307.7082 13.91101813 73999
COSMOS 1249 COOLANT
1 26503U 81021E   21132.53954030 -.00000023  00000-0  53701-4 0  9992
2 26503  64.9572 145.9961 0040801 165.9889 277.7748 13.91101944 74247
COSMOS 1249 COOLANT
1 26503U 81021E   21132.53954030 -.00000023  00000-0  53701-4 0  9992
2 26503  64.9572 145.9961 0040801 165.9889 277.7748 13.91101944 74113
COSMOS 1249 COOLANT
1 26503U 81021E   21133.47282500 -.00000026  00000-0  50702-4 0  9993
2 26503  64.9571 143.5465 0040708 165.6506 271.6670 13.91102081 74248
COSMOS 1249 COOLANT
1 26503U 81021E   21135.48639272 -.00000033  00000-0  45295-4 0  9997
2 26503  64.9571 138.2615 0040506 164.9204 275.6205 13.91102339 74524
COSMOS 1249 COOLANT
1 26503U 81021E   21135.63507270 -.00000036  00000-0  43540-4 0  9990
2 26503  64.9571 137.8712 0040492 164.8633 300.2138 13.91102368 74540
COSMOS 1249 COOLANT
1 26503U 81021E   21138.35967655 -.00000027  00000-0  49875-4 0  9996
2 26503  64.9572 130.7196 0040239 163.8678 265.0487 13.91102676 75049
COSMOS 1249 COOLANT
1 26503U 81021E   21138.35967655 -.00000027  00000-0  49875-4 0  9996
2 26503  64.9572 130.7196 0040239 163.8678 265.0487 13.91102676 74925
COSMOS 1249 COOLANT
1 26503U 81021E   21143.32033743 -.00000017  00000-0  58291-4 0  9992
2 26503  64.9580 117.6995 0039775 162.0081 268.1309 13.91103486 75734
COSMOS 1249 COOLANT
1 26503U 81021E   21143.32033743 -.00000017  00000-0  58291-4 0  9992
2 26503  64.9580 117.6995 0039775 162.0081 268.1309 13.91103486 75611
COSMOS 1249 COOLANT
1 26503U 81021E   21143.70059264 -.00000021  00000-0  54948-4 0  9990
2 26503  64.9580 116.7014 0039739 161.8642  12.4579 13.91103540 75668
COSMOS 1249 COOLANT
1 26503U 81021E   21144.55027872 -.00000030  00000-0  47510-4 0  9991
2 26503  64.9581 114.4710 0039679 161.5185 307.7312 13.91103686 75788
COSMOS 1249 COOLANT
1 26503U 81021E   21145.33416760 -.00000038  00000-0  41947-4 0  9992
2 26503  64.9582 112.4136 0039611 161.2168 273.4711 13.91103791 76020
COSMOS 1249 COOLANT
1 26503U 81021E   21145.33416760 -.00000038  00000-0  41947-4 0  9992
2 26503  64.9582 112.4136 0039611 161.2168 273.4711 13.91103791 75894
COSMOS 1249 COOLANT
1 26503U 81021E   21147.19120831 -.00000040  00000-0  39691-4 0  9995
2 26503  64.9585 107.5394 0039446 160.5087 213.5825 13.91104004 76155
COSMOS 1249 COOLANT
1 26503U 81021E   21148.28110045 -.00000028  00000-0  49414-4 0  9992
2 26503  64.9586 104.6787 0039357 160.0758 271.8104 13.91104191 76436
COSMOS 1249 COOLANT
1 26503U 81021E   21148.28110045 -.00000028  00000-0  49414-4 0  9992
2 26503  64.9586 104.6787 0039357 160.0758 271.8104 13.91104191 76302
COSMOS 1249 COOLANT
1 26503U 81021E   21150.29483021 -.00000028  00000-0  49620-4 0  9992
2 26503  64.9589  99.3934 0039188 159.2826 276.6528 13.91104425 76715
COSMOS 1249 COOLANT
1 26503U 81021E   21150.29483021 -.00000028  00000-0  49620-4 0  9992
2 26503  64.9589  99.3934 0039188 159.2826 276.6528 13.91104425 76580
COSMOS 1249 COOLANT
1 26503U 81021E   21151.22788373 -.00000015  00000-0  59604-4 0  9993
2 26503  64.9591  96.9444 0039110 158.9097 269.4294 13.91104573 76712
COSMOS 1249 COOLANT
1 26503U 81021E   21152.23481757 -.00000010  00000-0  63643-4 0  9994
2 26503  64.9593  94.3017 0039026 158.5041 272.2058 13.91104712 76853
COSMOS 1249 COOLANT
1 26503U 81021E   21153.46625090 -.00000019  00000-0  56396-4 0  9996
2 26503  64.9596  91.0697 0038922 158.0184 319.2774 13.91104851 77156
COSMOS 1249 COOLANT
1 26503U 81021E   21153.46625090 -.00000019  00000-0  56396-4 0  9996
2 26503  64.9596  91.0697 0038922 158.0184 319.2774 13.91104851 77022
COSMOS 1249 COOLANT
1 26503U 81021E   21157.03969554 -.00000036  00000-0  43045-4 0  9995
2 26503  64.9600  81.6911 0038639 156.5946 215.2620 13.91105246 77648
COSMOS 1249 COOLANT
1 26503U 81021E   21157.03969554 -.00000036  00000-0  43045-4 0  9995
2 26503  64.9600  81.6911 0038639 156.5946 215.2620 13.91105246 77525
COSMOS 1249 COOLANT
1 26503U 81021E   21160.05944749 -.00000033  00000-0  45638-4 0  9997
2 26503  64.9603  73.7656 0038400 155.3851 218.3380 13.91105642 78061
COSMOS 1249 COOLANT
1 26503U 81021E   21160.05944749 -.00000033  00000-0  45638-4 0  9997
2 26503  64.9603  73.7656 0038400 155.3851 218.3380 13.91105642 77947
COSMOS 1249 COOLANT
1 26503U 81021E   21161.14949455 -.00000023  00000-0  53279-4 0  9996
2 26503  64.9603  70.9048 0038313 154.9466 277.3523 13.91105759 78091
COSMOS 1249 COOLANT
1 26503U 81021E   21163.16306892 -.00000024  00000-0  52969-4 0  9998
2 26503  64.9604  65.6201 0038171 154.1402 281.4405 13.91105997 78503
COSMOS 1249 COOLANT
1 26503U 81021E   21163.16306892 -.00000024  00000-0  52969-4 0  9998
2 26503  64.9604  65.6201 0038171 154.1402 281.4405 13.91105997 78378
COSMOS 1249 COOLANT
1 26503U 81021E   21165.48325764 -.00000013  00000-0  61180-4 0  9997
2 26503  64.9605  59.5306 0037979 153.1907  21.0925 13.91106354 78699
COSMOS 1249 COOLANT
1 26503U 81021E   21165.48325764 -.00000013  00000-0  61180-4 0  9997
2 26503  64.9605  59.5306 0037979 153.1907  21.0925 13.91106354 78824
COSMOS 1249 COOLANT
1 26503U 81021E   21166.33307934 -.00000020  00000-0  55481-4 0  9996
2 26503  64.9605  57.3002 0037918 152.8389 317.0584 13.91106481 78815
COSMOS 1249 COOLANT
1 26503U 81021E   21169.13047663 -.00000023  00000-0  53144-4 0  9994
2 26503  64.9605  49.9583 0037712 151.7021 286.5987 13.91106870 79336
COSMOS 1249 COOLANT
1 26503U 81021E   21169.13047663 -.00000023  00000-0  53144-4 0  9994
2 26503  64.9605  49.9583 0037712 151.7021 286.5987 13.91106870 79202
COSMOS 1249 COOLANT
1 26503U 81021E   21171.07065139 -.00000031  00000-0  47151-4 0  9998
2 26503  64.9604  44.8660 0037569 150.9140 283.1170 13.91107121 79605
COSMOS 1249 COOLANT
1 26503U 81021E   21171.07065139 -.00000031  00000-0  47151-4 0  9998
2 26503  64.9604  44.8660 0037569 150.9140 283.1170 13.91107121 79470
COSMOS 1249 COOLANT
1 26503U 81021E   21172.07746852 -.00000033  00000-0  45841-4 0  9993
2 26503  64.9603  42.2234 0037501 150.5118 285.3145 13.91107202 79741
COSMOS 1249 COOLANT
1 26503U 81021E   21172.07746852 -.00000033  00000-0  45841-4 0  9993
2 26503  64.9603  42.2234 0037501 150.5118 285.3145 13.91107202 79617
COSMOS 1249 COOLANT
1 26503U 81021E   21173.01067510 -.00000024  00000-0  52645-4 0  9995
2 26503  64.9603  39.7740 0037432 150.1294 278.8762 13.91107321 79742
COSMOS 1249 COOLANT
1 26503U 81021E   21176.03131227 -.00000023  00000-0  53352-4 0  9992
2 26503  64.9603  31.8458 0037221 148.9086 286.4179 13.91107705 80296
COSMOS 1249 COOLANT
1 26503U 81021E   21176.03131227 -.00000023  00000-0  53352-4 0  9992
2 26503  64.9603  31.8458 0037221 148.9086 286.4179 13.91107705 80162
COSMOS 1249 COOLANT
1 26503U 81021E   21178.35172366 -.00000022  00000-0  54268-4 0  9994
2 26503  64.9603  25.7554 0037055 147.9689  27.1896 13.91108019 80619
COSMOS 1249 COOLANT
1 26503U 81021E   21178.35172366 -.00000022  00000-0  54268-4 0  9994
2 26503  64.9603  25.7554 0037055 147.9689  27.1896 13.91108019 80484
COSMOS 1249 COOLANT
1 26503U 81021E   21179.20086956 -.00000029  00000-0  48590-4 0  9996
2 26503  64.9602  23.5267 0036994 147.6293 319.7641 13.91108126 80600
COSMOS 1249 COOLANT
1 26503U 81021E   21180.29272547 -.00000035  00000-0  44000-4 0  9999
2 26503  64.9602  20.6609 0036918 147.1907  27.8478 13.91108264 80755
COSMOS 1249 COOLANT
1 26503U 81021E   21180.99189039 -.00000035  00000-0  44315-4 0  9998
2 26503  64.9601  18.8258 0036882 146.9076 289.3124 13.91108328 80986
COSMOS 1249 COOLANT
1 26503U 81021E   21182.93198182 -.00000023  00000-0  53482-4 0  9995
2 26503  64.9601  13.7335 0036746 146.1303 285.4123 13.91108573 81125
COSMOS 1249 COOLANT
1 26503U 81021E   21183.93886840 -.00000024  00000-0  52607-4 0  9990
2 26503  64.9601  11.0907 0036675 145.7193 287.9721 13.91108707 81269
COSMOS 1249 COOLANT
1 26503U 81021E   21183.93886840 -.00000024  00000-0  52607-4 0  9990
2 26503  64.9601  11.0907 0036675 145.7193 287.9721 13.91108707 81393
COSMOS 1249 COOLANT
1 26503U 81021E   21184.24677168 -.00000025  00000-0  51703-4 0  9993
2 26503  64.9602  10.2825 0036675 145.6027  29.9652 13.91108779 81306
COSMOS 1249 COOLANT
1 26503U 81021E   21184.94567425 -.00000025  00000-0  51500-4 0  9999
2 26503  64.9601   8.4480 0036662 145.3573 290.0801 13.91108860 81409
COSMOS 1249 COOLANT
1 26503U 81021E   21185.95257125 -.00000019  00000-0  56511-4 0  9994
2 26503  64.9602   5.8052 0036585 144.9563 292.6829 13.91108999 81540
COSMOS 1249 COOLANT
1 26503U 81021E   21185.95257125 -.00000019  00000-0  56511-4 0  9994
2 26503  64.9602   5.8052 0036585 144.9563 292.6829 13.91108999 81674
COSMOS 1249 COOLANT
1 26503U 81021E   21186.95944722 -.00000021  00000-0  55306-4 0  9995
2 26503  64.9602   3.1625 0036513 144.5588 295.1773 13.91109107 81684
COSMOS 1249 COOLANT
1 26503U 81021E   21187.89296389 -.00000027  00000-0  50454-4 0  9993
2 26503  64.9602   0.7123 0036454 144.1948 290.2804 13.91109234 81817
COSMOS 1249 COOLANT
1 26503U 81021E   21188.11604345 -.00000038  00000-0  41761-4 0  9997
2 26503  64.9602   0.1268 0036411 144.0922 327.4901 13.91109191 81975
COSMOS 1249 COOLANT
1 26503U 81021E   21188.89952639 -.00000043  00000-0  38033-4 0  9998
2 26503  64.9603 358.0705 0036361 143.7827 291.2201 13.91109271 81959
COSMOS 1249 COOLANT
1 26503U 81021E   21192.06851946 -.00000047  00000-0  34575-4 0  9992
2 26503  64.9603 349.7530 0036129 142.5323 321.7294 13.91109603 82526
COSMOS 1249 COOLANT
1 26503U 81021E   21192.06851946 -.00000047  00000-0  34575-4 0  9992
2 26503  64.9603 349.7530 0036129 142.5323 321.7294 13.91109603 82391
COSMOS 1249 COOLANT
1 26503U 81021E   21204.71453998 -.00000035  00000-0  44365-4 0  9998
2 26503  64.9604 316.5638 0035303 137.6591 293.6806 13.91110708 84271
COSMOS 1249 COOLANT
1 26503U 81021E   21204.71453998 -.00000035  00000-0  44365-4 0  9998
2 26503  64.9604 316.5638 0035303 137.6591 293.6806 13.91110708 84158
COSMOS 1249 COOLANT
1 26503U 81021E   21206.02925692 -.00000038  00000-0  41824-4 0  9999
2 26503  64.9605 313.1113 0035064 136.8447  38.1630 13.91110853 84333
COSMOS 1249 COOLANT
1 26503U 81021E   21209.89951682 -.00000030  00000-0  47829-4 0  9998
2 26503  64.9601 302.9539 0034792 135.3314 340.6679 13.91111310 84873
COSMOS 1249 COOLANT
1 26503U 81021E   21209.89951682 -.00000030  00000-0  47829-4 0  9998
2 26503  64.9601 302.9539 0034792 135.3314 340.6679 13.91111310 85009
COSMOS 1249 COOLANT
1 26503U 81021E   21213.47366339 -.00000048  00000-0  33817-4 0  9997
2 26503  64.9596 293.5732 0034510 133.8115 240.3468 13.91111640 85493
COSMOS 1249 COOLANT
1 26503U 81021E   21213.47366339 -.00000048  00000-0  33817-4 0  9997
2 26503  64.9596 293.5732 0034510 133.8115 240.3468 13.91111640 85370
COSMOS 1249 COOLANT
1 26503U 81021E   21216.49245500 -.00000034  00000-0  44606-4 0  9991
2 26503  64.9590 285.6505 0034312 132.4081 238.8767 13.91111984 85916
COSMOS 1249 COOLANT
1 26503U 81021E   21216.49245500 -.00000034  00000-0  44606-4 0  9991
2 26503  64.9590 285.6505 0034312 132.4081 238.8767 13.91111984 85792
COSMOS 1249 COOLANT
1 26503U 81021E   21217.58277840 -.00000026  00000-0  50788-4 0  9993
2 26503  64.9590 282.7884 0034199 132.0507 299.2188 13.91112061 85944
COSMOS 1249 COOLANT
1 26503U 81021E   21218.89740120 -.00000025  00000-0  52107-4 0  9990
2 26503  64.9589 279.3382 0034108 131.4600  43.0149 13.91112265 86123
COSMOS 1249 COOLANT
1 26503U 81021E   21218.89740120 -.00000025  00000-0  52107-4 0  9990
2 26503  64.9589 279.3382 0034108 131.4600  43.0149 13.91112265 86257
COSMOS 1249 COOLANT
1 26503U 81021E   21221.91666442 -.00000028  00000-0  49204-4 0  9998
2 26503  64.9584 271.4135 0033864 130.1016  43.8673 13.91112525 86547
COSMOS 1249 COOLANT
1 26503U 81021E   21221.91666442 -.00000028  00000-0  49204-4 0  9998
2 26503  64.9584 271.4135 0033864 130.1016  43.8673 13.91112525 86671
COSMOS 1249 COOLANT
1 26503U 81021E   21227.57758370 -.00000044  00000-0  37187-4 0  9993
2 26503  64.9574 256.5548 0033526 127.5393 314.4965 13.91113149 87333
COSMOS 1249 COOLANT
1 26503U 81021E   21227.57758370 -.00000044  00000-0  37187-4 0  9993
2 26503  64.9574 256.5548 0033526 127.5393 314.4965 13.91113149 87467
COSMOS 1249 COOLANT
1 26503U 81021E   21227.81175574 -.00000045  00000-0  36257-4 0  9997
2 26503  64.9574 255.9404 0033462 127.4563  47.2382 13.91113174 87369
COSMOS 1249 COOLANT
1 26503U 81021E   21229.36140679 -.00000018  00000-0  57672-4 0  9991
2 26503  64.9575 251.8728 0033318 126.7970 248.0552 13.91113469 87589
COSMOS 1249 COOLANT
1 26503U 81021E   21231.45782472 -.00000016  00000-0  59200-4 0  9994
2 26503  64.9573 246.3699 0033225 125.7960 307.2481 13.91113677 88006
COSMOS 1249 COOLANT
1 26503U 81021E   21231.45782472 -.00000016  00000-0  59200-4 0  9994
2 26503  64.9573 246.3699 0033225 125.7960 307.2481 13.91113677 87870
COSMOS 1249 COOLANT
1 26503U 81021E   21232.46470087 -.00000022  00000-0  54360-4 0  9991
2 26503  64.9573 243.7271 0033164 125.3240 309.8360 13.91113816 88012
COSMOS 1249 COOLANT
1 26503U 81021E   21233.47146100 -.00000025  00000-0  51753-4 0  9995
2 26503  64.9574 241.0845 0033103 124.8514 311.8439 13.91113944 88159
COSMOS 1249 COOLANT
1 26503U 81021E   21233.77845008 -.00000027  00000-0  49965-4 0  9995
2 26503  64.9574 240.2787 0033083 124.7011  49.2983 13.91113984 88322
COSMOS 1249 COOLANT
1 26503U 81021E   21233.77845008 -.00000027  00000-0  49965-4 0  9995
2 26503  64.9574 240.2787 0033083 124.7011  49.2983 13.91113984 88197
COSMOS 1249 COOLANT
1 26503U 81021E   21235.25607072 -.00000037  00000-0  42597-4 0  9992
2 26503  64.9574 236.4003 0033001 124.0090 249.4466 13.91114161 88407
COSMOS 1249 COOLANT
1 26503U 81021E   21235.63400671 -.00000042  00000-0  38273-4 0  9992
2 26503  64.9573 235.4083 0032976 123.8445 342.1952 13.91114200 88454
COSMOS 1249 COOLANT
1 26503U 81021E   21236.41839300 -.00000047  00000-0  34898-4 0  9998
2 26503  64.9573 233.3495 0032929 123.4689 310.5294 13.91114291 88696
COSMOS 1249 COOLANT
1 26503U 81021E   21236.41839300 -.00000047  00000-0  34898-4 0  9998
2 26503  64.9573 233.3495 0032929 123.4689 310.5294 13.91114291 88562
COSMOS 1249 COOLANT
1 26503U 81021E   21239.36532701 -.00000032  00000-0  46323-4 0  9990
2 26503  64.9574 225.6144 0032779 122.0391 309.2740 13.91114571 88973
COSMOS 1249 COOLANT
1 26503U 81021E   21241.37936551 -.00000001  00000-0  70744-4 0  9995
2 26503  64.9577 220.3280 0032688 121.0591 315.9254 13.91114976 89388
COSMOS 1249 COOLANT
1 26503U 81021E   21241.37936551 -.00000001  00000-0  70744-4 0  9995
2 26503  64.9577 220.3280 0032688 121.0591 315.9254 13.91114976 89254
COSMOS 1249 COOLANT
1 26503U 81021E   21242.38589389  .00000008  00000-0  77706-4 0  9991
2 26503  64.9578 217.6862 0032644 120.5520 316.8106 13.91115123 89394
COSMOS 1249 COOLANT
1 26503U 81021E   21244.54920317 -.00000006  00000-0  66853-4 0  9991
2 26503  64.9582 212.0081 0032558 119.4849 351.0537 13.91115418 89695
COSMOS 1249 COOLANT
1 26503U 81021E   21244.54920317 -.00000006  00000-0  66853-4 0  9991
2 26503  64.9582 212.0081 0032558 119.4849 351.0537 13.91115418 89820
COSMOS 1249 COOLANT
1 26503U 81021E   21248.50188867 -.00000035  00000-0  44093-4 0  9991
2 26503  64.9587 201.6339 0032397 117.6038 346.7543 13.91115936 90247
COSMOS 1249 COOLANT
1 26503U 81021E   21250.21928302 -.00000036  00000-0  43154-4 0  9996
2 26503  64.9589 197.1267 0032344 116.7412 307.7949 13.91116133 90489
COSMOS 1249 COOLANT
1 26503U 81021E   21251.45032586 -.00000018  00000-0  57484-4 0  9994
2 26503  64.9589 193.8954 0032319 116.1498 353.0677 13.91116323 90657
COSMOS 1249 COOLANT
1 26503U 81021E   21252.45705184 -.00000009  00000-0  64592-4 0  9994
2 26503  64.9590 191.2533 0032304 115.6659 354.9240 13.91116475 90925
COSMOS 1249 COOLANT
1 26503U 81021E   21252.45705184 -.00000009  00000-0  64592-4 0  9994
2 26503  64.9590 191.2533 0032304 115.6659 354.9240 13.91116475 90790
COSMOS 1249 COOLANT
1 26503U 81021E   21253.24029230 -.00000002  00000-0  70366-4 0  9992
2 26503  64.9591 189.1977 0032282 115.2794 317.5371 13.91116615 90909
COSMOS 1249 COOLANT
1 26503U 81021E   21254.47140139 -.00000001  00000-0  70999-4 0  9991
2 26503  64.9592 185.9664 0032248 114.6763   3.1557 13.91116817 91075
COSMOS 1249 COOLANT
1 26503U 81021E   21254.47140139 -.00000001  00000-0  70999-4 0  9991
2 26503  64.9592 185.9664 0032248 114.6763   3.1557 13.91116817 91200
COSMOS 1249 COOLANT
1 26503U 81021E   21255.40393726  .00000004  00000-0  75024-4 0  9993
2 26503  64.9593 183.5189 0032217 114.2082 353.4771 13.91116993 91207
COSMOS 1249 COOLANT
1 26503U 81021E   21257.41666962 -.00000005  00000-0  67573-4 0  9993
2 26503  64.9594 178.2365 0032169 113.2087 353.6247 13.91117377 91617
COSMOS 1249 COOLANT
1 26503U 81021E   21257.41666962 -.00000005  00000-0  67573-4 0  9993
2 26503  64.9594 178.2365 0032169 113.2087 353.6247 13.91117377 91482
COSMOS 1249 COOLANT
1 26503U 81021E   21260.14094015 -.00000023  00000-0  53510-4 0  9997
2 26503  64.9594 171.0867 0032102 111.8688 317.2820 13.91117764 91863
COSMOS 1249 COOLANT
1 26503U 81021E   21260.14094015 -.00000023  00000-0  53510-4 0  9997
2 26503  64.9594 171.0867 0032102 111.8688 317.2820 13.91117764 91986
COSMOS 1249 COOLANT
1 26503U 81021E   21262.46245928 -.00000023  00000-0  53503-4 0  9997
2 26503  64.9592 164.9937 0032054 110.7101  63.9039 13.91118083 92317
COSMOS 1249 COOLANT
1 26503U 81021E   21262.46245928 -.00000023  00000-0  53503-4 0  9997
2 26503  64.9592 164.9937 0032054 110.7101  63.9039 13.91118083 92182
COSMOS 1249 COOLANT
1 26503U 81021E   21264.01184736  .00000001  00000-0  72529-4 0  9993
2 26503  64.9591 160.9273 0032013 109.9464 263.5344 13.91118364 92401
COSMOS 1249 COOLANT
1 26503U 81021E   21265.48163521  .00000017  00000-0  85479-4 0  9999
2 26503  64.9589 157.0696 0031986 109.1920  64.5426 13.91118630 92609
COSMOS 1249 COOLANT
1 26503U 81021E   21265.48163521  .00000017  00000-0  85479-4 0  9999
2 26503  64.9589 157.0696 0031986 109.1920  64.5426 13.91118630 92733
COSMOS 1249 COOLANT
1 26503U 81021E   21266.33214328  .00000013  00000-0  81878-4 0  9991
2 26503  64.9589 154.8374 0031969 108.7597   4.0630 13.91118743 92727
COSMOS 1249 COOLANT
1 26503U 81021E   21272.92610304  .00000001  00000-0  72301-4 0  9995
2 26503  64.9581 137.5306 0031848 105.4938 267.9160 13.91120031 93767
COSMOS 1249 COOLANT
1 26503U 81021E   21272.92610304  .00000001  00000-0  72301-4 0  9995
2 26503  64.9581 137.5306 0031848 105.4938 267.9160 13.91120031 93644
COSMOS 1249 COOLANT
1 26503U 81021E   21274.08953797  .00000011  00000-0  80444-4 0  9998
2 26503  64.9579 134.4769 0031852 104.9070 334.6407 13.91120248 93800
COSMOS 1249 COOLANT
1 26503U 81021E   21275.33065032  .00000009  00000-0  78876-4 0  9996
2 26503  64.9579 131.2193 0031865 104.2800  70.3932 13.91120506 94102
COSMOS 1249 COOLANT
1 26503U 81021E   21275.33065032  .00000009  00000-0  78876-4 0  9996
2 26503  64.9579 131.2193 0031865 104.2800  70.3932 13.91120506 93976
COSMOS 1249 COOLANT
1 26503U 81021E   21276.02963028  .00000018  00000-0  86095-4 0  9997
2 26503  64.9578 129.3846 0031838 103.9423 331.0176 13.91120684 94071
COSMOS 1249 COOLANT
1 26503U 81021E   21277.96961984  .00000025  00000-0  91766-4 0  9999
2 26503  64.9577 124.2925 0031808 102.9956 326.8642 13.91121050 94460
COSMOS 1249 COOLANT
1 26503U 81021E   21277.96961984  .00000025  00000-0  91766-4 0  9999
2 26503  64.9577 124.2925 0031808 102.9956 326.8642 13.91121050 94347
COSMOS 1249 COOLANT
1 26503U 81021E   21287.26410666  .00000018  00000-0  85609-4 0  9990
2 26503  64.9578  99.8955 0031678  98.3957  75.5766 13.91122986 95639
COSMOS 1249 COOLANT
1 26503U 81021E   21287.26410666  .00000018  00000-0  85609-4 0  9990
2 26503  64.9578  99.8955 0031678  98.3957  75.5766 13.91122986 95763
COSMOS 1249 COOLANT
1 26503U 81021E   21288.11507035  .00000013  00000-0  81777-4 0  9999
2 26503  64.9578  97.6618 0031661  98.0418  17.3130 13.91123070 95759
COSMOS 1249 COOLANT
1 26503U 81021E   21288.89787130  .00000011  00000-0  80100-4 0  9997
2 26503  64.9579  95.6071 0031654  97.6616 337.7376 13.91123207 95863
COSMOS 1249 COOLANT
1 26503U 81021E   21293.15905595 -.00000012  00000-0  61994-4 0  9991
2 26503  64.9586  84.4221 0031585  95.5988  78.6103 13.91124044 96585
COSMOS 1249 COOLANT
1 26503U 81021E   21293.15905595 -.00000012  00000-0  61994-4 0  9991
2 26503  64.9586  84.4221 0031585  95.5988  78.6103 13.91124044 96451
COSMOS 1249 COOLANT
1 26503U 81021E   21297.11305596 -.00000022  00000-0  54321-4 0  9993
2 26503  64.9591  74.0434 0031497  93.7016  81.0328 13.91124641 97138
COSMOS 1249 COOLANT
1 26503U 81021E   21297.11305596 -.00000022  00000-0  54321-4 0  9993
2 26503  64.9591  74.0434 0031497  93.7016  81.0328 13.91124641 97004
COSMOS 1249 COOLANT
1 26503U 81021E   21300.98187824  .00000010  00000-0  79501-4 0  9998
2 26503  64.9599  63.8891 0031488  91.7289  16.9899 13.91125337 97671
COSMOS 1249 COOLANT
1 26503U 81021E   21300.98187824  .00000010  00000-0  79501-4 0  9998
2 26503  64.9599  63.8891 0031488  91.7289  16.9899 13.91125337 97547
COSMOS 1249 COOLANT
1 26503U 81021E   21301.76574253  .00000011  00000-0  80026-4 0  9996
2 26503  64.9601  61.8318 0031427  91.3580 342.7369 13.91125508 97650
COSMOS 1249 COOLANT
1 26503U 81021E   21306.02723387  .00000011  00000-0  80223-4 0  9993
2 26503  64.9606  50.6476 0031341  89.4187  85.0580 13.91126559 98371
COSMOS 1249 COOLANT
1 26503U 81021E   21306.02723387  .00000011  00000-0  80223-4 0  9993
2 26503  64.9606  50.6476 0031341  89.4187  85.0580 13.91126559 98247
COSMOS 1249 COOLANT
1 26503U 81021E   21307.65956081  .00000040  00000-0  10360-3 0  9998
2 26503  64.9607  46.3634 0031347  88.6886 340.0380 13.91127048 98470
COSMOS 1249 COOLANT
1 26503U 81021E   21310.52406531  .00000022  00000-0  89443-4 0  9997
2 26503  64.9615  38.8457 0031262  86.8427 286.5467 13.91127637 98996
COSMOS 1249 COOLANT
1 26503U 81021E   21310.52406531  .00000022  00000-0  89443-4 0  9997
2 26503  64.9615  38.8457 0031262  86.8427 286.5467 13.91127637 98873
COSMOS 1249 COOLANT
1 26503U 81021E   21313.62692395  .00000021  00000-0  87939-4 0  9993
2 26503  64.9615  30.7014 0031273  85.2805 346.3959 13.91128347 99307
COSMOS 1249 COOLANT
1 26503U 81021E   21315.48442513 -.00000008  00000-0  65274-4 0  9998
2 26503  64.9616  25.8263 0031265  84.2904 289.2585 13.91128615 99565
COSMOS 1249 COOLANT
1 26503U 81021E   21317.58069767 -.00000012  00000-0  61873-4 0  9993
2 26503  64.9614  20.3243 0031266  83.2011 347.9246 13.91128860 99850
COSMOS 1249 COOLANT
1 26503U 81021E   21317.58069767 -.00000012  00000-0  61873-4 0  9993
2 26503  64.9614  20.3243 0031266  83.2011 347.9246 13.91128860 99973
COSMOS 1249 COOLANT
1 26503U 81021E   21320.60123010  .00000000  00000-0  71367-4 0  9997
2 26503  64.9615  12.3969 0031326  81.6821 355.4749 13.91129403100270
COSMOS 1249 COOLANT
1 26503U 81021E   21320.60123010 -.00000000  00000-0  71367-4 0  9998
2 26503  64.9615  12.3969 0031326  81.6821 355.4749 13.91129403100405
COSMOS 1249 COOLANT
1 26503U 81021E   21321.91458508  .00000006  00000-0  76479-4 0  9990
2 26503  64.9612   8.9495 0031298  80.9502  93.1439 13.91129620100451
COSMOS 1249 COOLANT
1 26503U 81021E   21322.76457267 -.00000003  00000-0  68925-4 0  9990
2 26503  64.9610   6.7187 0031283  80.4995  30.1095 13.91129687100708
COSMOS 1249 COOLANT
1 26503U 81021E   21322.76457267 -.00000003  00000-0  68925-4 0  9990
2 26503  64.9610   6.7187 0031283  80.4995  30.1095 13.91129687100573
COSMOS 1249 COOLANT
1 26503U 81021E   21326.56851078 -.00000011  00000-0  63177-4 0  9993
2 26503  64.9603 356.7345 0031315  78.5528   1.1893 13.91130297101108
COSMOS 1249 COOLANT
1 26503U 81021E   21326.56851078 -.00000011  00000-0  63177-4 0  9993
2 26503  64.9603 356.7345 0031315  78.5528   1.1893 13.91130297101232
COSMOS 1249 COOLANT
1 26503U 81021E   21330.44869507 -.00000001  00000-0  70519-4 0  9998
2 26503  64.9599 346.5500 0031370  76.5124 354.1922 13.91130923101765
COSMOS 1249 COOLANT
1 26503U 81021E   21330.44869507 -.00000001  00000-0  70519-4 0  9998
2 26503  64.9599 346.5500 0031370  76.5124 354.1922 13.91130923101642
COSMOS 1249 COOLANT
1 26503U 81021E   21330.82877105  .00000001  00000-0  72242-4 0  9997
2 26503  64.9599 345.5523 0031384  76.3342  97.6938 13.91131020101691
COSMOS 1249 COOLANT
1 26503U 81021E   21335.25407536  .00000014  00000-0  82698-4 0  9996
2 26503  64.9594 333.9358 0031493  74.1522 300.6725 13.91131829102431
COSMOS 1249 COOLANT
1 26503U 81021E   21335.25407536  .00000014  00000-0  82698-4 0  9996
2 26503  64.9594 333.9358 0031493  74.1522 300.6725 13.91131829102318
COSMOS 1249 COOLANT
1 26503U 81021E   21338.27316834 -.00000000  00000-0  71517-4 0  9995
2 26503  64.9595 326.0119 0031602  72.4354 301.2456 13.91132414102851
COSMOS 1249 COOLANT
1 26503U 81021E   21338.27316834  .00000000  00000-0  71517-4 0  9994
2 26503  64.9595 326.0119 0031602  72.4354 301.2456 13.91132414102738
COSMOS 1249 COOLANT
1 26503U 81021E   21341.22056081 -.00000011  00000-0  62843-4 0  9993
2 26503  64.9595 318.2754 0031735  70.9224 302.5625 13.91132900103263
COSMOS 1249 COOLANT
1 26503U 81021E   21341.22056081 -.00000011  00000-0  62843-4 0  9993
2 26503  64.9595 318.2754 0031735  70.9224 302.5625 13.91132900103140
COSMOS 1249 COOLANT
1 26503U 81021E   21342.38355389 -.00000008  00000-0  65413-4 0  9996
2 26503  64.9595 315.2228 0031764  70.3682   7.0951 13.91133030103309
COSMOS 1249 COOLANT
1 26503U 81021E   21343.39044191 -.00000001  00000-0  70565-4 0  9991
2 26503  64.9595 312.5798 0031805  69.8465   9.8610 13.91133176103571
COSMOS 1249 COOLANT
1 26503U 81021E   21343.69683214 -.00000002  00000-0  69881-4 0  9999
2 26503  64.9595 311.7755 0031819  69.6856 104.3481 13.91133226103485
COSMOS 1249 COOLANT
1 26503U 81021E   21344.54714212 -.00000004  00000-0  68436-4 0  9994
2 26503  64.9595 309.5436 0031848  69.2626  42.9128 13.91133388103607
COSMOS 1249 COOLANT
1 26503U 81021E   21351.22400641 -.00000010  00000-0  63972-4 0  9992
2 26503  64.9597 292.0185 0032176  65.9587   2.3140 13.91134544104655
COSMOS 1249 COOLANT
1 26503U 81021E   21352.30455042  .00000006  00000-0  76022-4 0  9991
2 26503  64.9597 289.1824 0032238  65.4334  13.9407 13.91134786104681
COSMOS 1249 COOLANT
1 26503U 81021E   21354.24458542  .00000041  00000-0  10383-3 0  9990
2 26503  64.9597 284.0904 0032352  64.4963  10.1037 13.91135345105083
COSMOS 1249 COOLANT
1 26503U 81021E   21354.24458542  .00000041  00000-0  10383-3 0  9990
2 26503  64.9597 284.0904 0032352  64.4963  10.1037 13.91135345104958
COSMOS 1249 COOLANT
1 26503U 81021E   21356.18465485  .00000060  00000-0  11910-3 0  9997
2 26503  64.9597 278.9983 0032457  63.5632   6.4393 13.91135891105226
COSMOS 1249 COOLANT
1 26503U 81021E   21357.19144883  .00000064  00000-0  12251-3 0  9998
2 26503  64.9597 276.3558 0032517  63.0816   8.7056 13.91136221105489
COSMOS 1249 COOLANT
1 26503U 81021E   21357.41405156  .00000070  00000-0  12698-3 0  9998
2 26503  64.9597 275.7716 0032531  62.9730  43.5560 13.91136344105390
COSMOS 1249 COOLANT
1 26503U 81021E   21360.21201656  .00000045  00000-0  10702-3 0  9995
2 26503  64.9595 268.4279 0032702  61.6426  16.4356 13.91137060105915
COSMOS 1249 COOLANT
1 26503U 81021E   21360.21201656  .00000045  00000-0  10702-3 0  9995
2 26503  64.9595 268.4279 0032702  61.6426  16.4356 13.91137060105780
COSMOS 1249 COOLANT
1 26503U 81021E   21363.15891383  .00000029  00000-0  94742-4 0  9992
2 26503  64.9591 260.6936 0032883  60.2862  15.1676 13.91137851106329
COSMOS 1249 COOLANT
1 26503U 81021E   21363.15891383  .00000029  00000-0  94742-4 0  9992
2 26503  64.9591 260.6936 0032883  60.2862  15.1676 13.91137851106194
COSMOS 1249 COOLANT
1 26503U 81021E   21364.09189964  .00000032  00000-0  96707-4 0  9998
2 26503  64.9590 258.2448 0032940  59.8493   7.7815 13.91138057106328
COSMOS 1249 COOLANT
1 26503U 81021E   22001.32958608  .00000036  00000-0  10018-3 0  9996
2 26503  64.9587 252.3715 0033086  58.8084  54.6416 13.91138612106632
COSMOS 1249 COOLANT
1 26503U 81021E   22001.32958608  .00000036  00000-0  10018-3 0  9996
2 26503  64.9587 252.3715 0033086  58.8084  54.6416 13.91138612106766
COSMOS 1249 COOLANT
1 26503U 81021E   22002.11253740  .00000038  00000-0  10136-3 0  9992
2 26503  64.9586 250.3164 0033139  58.4344  15.8570 13.91138813106746
COSMOS 1249 COOLANT
1 26503U 81021E   22004.05252378  .00000032  00000-0  96828-4 0  9990
2 26503  64.9584 245.2244 0033256  57.5353  11.7674 13.91139240107135
COSMOS 1249 COOLANT
1 26503U 81021E   22004.05252378  .00000032  00000-0  96828-4 0  9990
2 26503  64.9584 245.2244 0033256  57.5353  11.7674 13.91139240107012
COSMOS 1249 COOLANT
1 26503U 81021E   22005.28162218  .00000019  00000-0  86520-4 0  9992
2 26503  64.9582 241.9976 0033360  56.9251  47.4256 13.91139548107182
COSMOS 1249 COOLANT
1 26503U 81021E   22007.92347610 -.00000013  00000-0  61752-4 0  9991
2 26503  64.9579 235.0643 0033492  55.7815 318.3825 13.91140044107671
COSMOS 1249 COOLANT
1 26503U 81021E   22007.92347610 -.00000013  00000-0  61752-4 0  9991
2 26503  64.9579 235.0643 0033492  55.7815 318.3825 13.91140044107558
COSMOS 1249 COOLANT
1 26503U 81021E   22009.08670348 -.00000003  00000-0  69098-4 0  9997
2 26503  64.9576 232.0111 0033568  55.2571  24.0903 13.91140310107712
COSMOS 1249 COOLANT
1 26503U 81021E   22013.34695293  .00000029  00000-0  94409-4 0  9998
2 26503  64.9572 220.8285 0033847  53.2956 120.4389 13.91141173108303
COSMOS 1249 COOLANT
1 26503U 81021E   22014.19635480  .00000028  00000-0  94082-4 0  9990
2 26503  64.9572 218.5990 0033898  52.9343  54.4178 13.91141312108422
COSMOS 1249 COOLANT
1 26503U 81021E   22014.98041847  .00000031  00000-0  96068-4 0  9995
2 26503  64.9572 216.5409 0033940  52.5775  21.1944 13.91141509108530
COSMOS 1249 COOLANT
1 26503U 81021E   22017.30098685  .00000036  00000-0  99794-4 0  9990
2 26503  64.9572 210.4498 0034076  51.5087 123.1667 13.91142121108982
COSMOS 1249 COOLANT
1 26503U 81021E   22017.30098685  .00000036  00000-0  99794-4 0  9990
2 26503  64.9572 210.4498 0034076  51.5087 123.1667 13.91142121108858
COSMOS 1249 COOLANT
1 26503U 81021E   22019.94099745  .00000007  00000-0  77521-4 0  9992
2 26503  64.9572 203.5201 0034235  50.3193  24.9621 13.91142663109350
COSMOS 1249 COOLANT
1 26503U 81021E   22019.94099745  .00000007  00000-0  77521-4 0  9992
2 26503  64.9572 203.5201 0034235  50.3193  24.9621 13.91142663109226
COSMOS 1249 COOLANT
1 26503U 81021E   22021.88091709  .00000003  00000-0  73909-4 0  9992
2 26503  64.9573 198.4282 0034357  49.4361  20.5489 13.91143022109492
COSMOS 1249 COOLANT
1 26503U 81021E   22022.26113868  .00000004  00000-0  75036-4 0  9990
2 26503  64.9573 197.4301 0034377  49.2565 124.7974 13.91143107109679
COSMOS 1249 COOLANT
1 26503U 81021E   22022.26113868  .00000004  00000-0  75036-4 0  9990
2 26503  64.9573 197.4301 0034377  49.2565 124.7974 13.91143107109545
COSMOS 1249 COOLANT
1 26503U 81021E   22023.11165688 -.00000001  00000-0  70455-4 0  9990
2 26503  64.9573 195.1976 0034425  48.8770  64.3916 13.91143243109664
COSMOS 1249 COOLANT
1 26503U 81021E   22026.68617277  .00000017  00000-0  84760-4 0  9991
2 26503  64.9577 185.8149 0034621  47.2749 326.4163 13.91143968110283
COSMOS 1249 COOLANT
1 26503U 81021E   22026.68617277  .00000017  00000-0  84760-4 0  9991
2 26503  64.9577 185.8149 0034621  47.2749 326.4163 13.91143968110160
COSMOS 1249 COOLANT
1 26503U 81021E   22028.15590365  .00000005  00000-0  75662-4 0  9991
2 26503  64.9580 181.9573 0034721  46.6028 127.1945 13.91144300110363
COSMOS 1249 COOLANT
1 26503U 81021E   22032.80886667  .00000010  00000-0  79172-4 0  9997
2 26503  64.9586 169.7447 0034989  44.4404  30.4356 13.91145364111143
COSMOS 1249 COOLANT
1 26503U 81021E   22032.80886667  .00000010  00000-0  79172-4 0  9997
2 26503  64.9586 169.7447 0034989  44.4404  30.4356 13.91145364111019
COSMOS 1249 COOLANT
1 26503U 81021E   22034.12274865  .00000010  00000-0  79127-4 0  9995
2 26503  64.9587 166.2961 0035068  43.8368 130.6912 13.91145553111194
COSMOS 1249 COOLANT
1 26503U 81021E   22035.12907712  .00000036  00000-0  99691-4 0  9996
2 26503  64.9588 163.6548 0035131  43.3837 130.6325 13.91145875111469
COSMOS 1249 COOLANT
1 26503U 81021E   22035.12907712  .00000036  00000-0  99691-4 0  9996
2 26503  64.9588 163.6548 0035131  43.3837 130.6325 13.91145875111335
COSMOS 1249 COOLANT
1 26503U 81021E   22035.75569738  .00000039  00000-0  10250-3 0  9993
2 26503  64.9589 162.0101 0035177  43.1150  28.8881 13.91146008111424
COSMOS 1249 COOLANT
1 26503U 81021E   22035.97841644  .00000051  00000-0  11179-3 0  9991
2 26503  64.9589 161.4256 0035192  43.0119  64.3235 13.91146151111459
COSMOS 1249 COOLANT
1 26503U 81021E   22037.76929491  .00000050  00000-0  11135-3 0  9998
2 26503  64.9592 156.7251 0035306  42.2080  33.4864 13.91146577111839
COSMOS 1249 COOLANT
1 26503U 81021E   22037.76929491  .00000050  00000-0  11135-3 0  9998
2 26503  64.9592 156.7251 0035306  42.2080  33.4864 13.91146577111705
COSMOS 1249 COOLANT
1 26503U 81021E   22044.04322454  .00000032  00000-0  96965-4 0  9998
2 26503  64.9594 140.2581 0035723  39.3868 134.9100 13.91148225112708
COSMOS 1249 COOLANT
1 26503U 81021E   22044.04322454  .00000032  00000-0  96965-4 0  9998
2 26503  64.9594 140.2581 0035723  39.3868 134.9100 13.91148225112573
COSMOS 1249 COOLANT
1 26503U 81021E   22044.89422545  .00000032  00000-0  97029-4 0  9995
2 26503  64.9593 138.0244 0035783  39.0454  76.8988 13.91148439112695
COSMOS 1249 COOLANT
1 26503U 81021E   22047.61673819  .00000043  00000-0  10558-3 0  9993
2 26503  64.9591 130.8783 0035955  37.8190  31.9449 13.91149072113199
COSMOS 1249 COOLANT
1 26503U 81021E   22047.61673819  .00000043  00000-0  10558-3 0  9993
2 26503  64.9591 130.8783 0035955  37.8190  31.9449 13.91149072113076
COSMOS 1249 COOLANT
1 26503U 81021E   22048.46830285  .00000049  00000-0  11023-3 0  9993
2 26503  64.9591 128.6432 0036015  37.4469 336.7907 13.91149342113193
COSMOS 1249 COOLANT
1 26503U 81021E   22050.48118590  .00000039  00000-0  10209-3 0  9990
2 26503  64.9591 123.3601 0036177  36.5296 337.8446 13.91149806113599
COSMOS 1249 COOLANT
1 26503U 81021E   22050.48118590  .00000039  00000-0  10209-3 0  9990
2 26503  64.9591 123.3601 0036177  36.5296 337.8446 13.91149806113476
COSMOS 1249 COOLANT
1 26503U 81021E   22051.57029316  .00000035  00000-0  99359-4 0  9998
2 26503  64.9590 120.5014 0036255  36.0447  32.3733 13.91150020113625
COSMOS 1249 COOLANT
1 26503U 81021E   22053.89215231  .00000016  00000-0  83901-4 0  9993
2 26503  64.9588 114.4068 0036434  35.0331 140.8232 13.91150592113941
COSMOS 1249 COOLANT
1 26503U 81021E   22053.89215231  .00000016  00000-0  83901-4 0  9993
2 26503  64.9588 114.4068 0036434  35.0331 140.8232 13.91150592114076
COSMOS 1249 COOLANT
1 26503U 81021E   22055.44136707  .00000013  00000-0  82086-4 0  9996
2 26503  64.9586 110.3403 0036553  34.3557 339.6818 13.91150934114164
COSMOS 1249 COOLANT
1 26503U 81021E   22057.76071032  .00000019  00000-0  86403-4 0  9995
2 26503  64.9583 104.2521 0036747  33.3667  75.5154 13.91151413114612
COSMOS 1249 COOLANT
1 26503U 81021E   22057.76071032  .00000019  00000-0  86403-4 0  9995
2 26503  64.9583 104.2521 0036747  33.3667  75.5154 13.91151413114487
COSMOS 1249 COOLANT
1 26503U 81021E   22067.45860133  .00000039  00000-0  10232-3 0  9998
2 26503  64.9582  78.7949 0037566  29.4117  44.7809 13.91153941115968
COSMOS 1249 COOLANT
1 26503U 81021E   22067.45860133  .00000039  00000-0  10232-3 0  9998
2 26503  64.9582  78.7949 0037566  29.4117  44.7809 13.91153941115834
COSMOS 1249 COOLANT
1 26503U 81021E   22068.30894053  .00000049  00000-0  10987-3 0  9999
2 26503  64.9584  76.5630 0037660  29.0451 343.4990 13.91154207115950
COSMOS 1249 COOLANT
1 26503U 81021E   22071.25637117  .00000084  00000-0  13777-3 0  9992
2 26503  64.9587  68.8259 0037924  27.8745 344.8984 13.91155237116480
COSMOS 1249 COOLANT
1 26503U 81021E   22071.25637117  .00000084  00000-0  13777-3 0  9992
2 26503  64.9587  68.8259 0037924  27.8745 344.8984 13.91155237116367
COSMOS 1249 COOLANT
1 26503U 81021E   22073.35226944  .00000103  00000-0  15295-3 0  9996
2 26503  64.9587  63.3238 0038135  26.9699  41.7103 13.91156034116774
COSMOS 1249 COOLANT
1 26503U 81021E   22073.35226944  .00000103  00000-0  15295-3 0  9996
2 26503  64.9587  63.3238 0038135  26.9699  41.7103 13.91156034116651
COSMOS 1249 COOLANT
1 26503U 81021E   22075.36596147  .00000076  00000-0  13120-3 0  9998
2 26503  64.9589  58.0378 0038305  26.1691  46.7487 13.91156665117068
COSMOS 1249 COOLANT
1 26503U 81021E   22075.36596147  .00000076  00000-0  13120-3 0  9998
2 26503  64.9589  58.0378 0038305  26.1691  46.7487 13.91156665116933
COSMOS 1249 COOLANT
1 26503U 81021E   22077.37956229  .00000049  00000-0  11021-3 0  9990
2 26503  64.9593  52.7522 0038487  25.4037  51.2997 13.91157226117344
COSMOS 1249 COOLANT
1 26503U 81021E   22077.37956229  .00000049  00000-0  11021-3 0  9990
2 26503  64.9593  52.7522 0038487  25.4037  51.2997 13.91157226117210
COSMOS 1249 COOLANT
1 26503U 81021E   22078.69272803  .00000044  00000-0  10661-3 0  9999
2 26503  64.9595  49.3050 0038608  24.9030 147.9230 13.91157608117398
COSMOS 1249 COOLANT
1 26503U 81021E   22079.54265457  .00000043  00000-0  10539-3 0  9994
2 26503  64.9597  47.0740 0038689  24.5861  84.5362 13.91157876117645
COSMOS 1249 COOLANT
1 26503U 81021E   22079.54265457  .00000043  00000-0  10539-3 0  9994
2 26503  64.9597  47.0740 0038689  24.5861  84.5362 13.91157876117511
COSMOS 1249 COOLANT
1 26503U 81021E   22081.33318611  .00000046  00000-0  10784-3 0  9990
2 26503  64.9601  42.3739 0038864  23.9234  51.8963 13.91158345117768
COSMOS 1249 COOLANT
1 26503U 81021E   22084.58772323  .00000073  00000-0  12877-3 0  9999
2 26503  64.9608  33.8315 0039192  22.7241 151.3099 13.91159505118216
COSMOS 1249 COOLANT
1 26503U 81021E   22084.58772323  .00000073  00000-0  12877-3 0  9999
2 26503  64.9608  33.8315 0039192  22.7241 151.3099 13.91159505118340
COSMOS 1249 COOLANT
1 26503U 81021E   22085.28684208  .00000076  00000-0  13176-3 0  9997
2 26503  64.9611  31.9967 0039287  22.5026  52.6099 13.91159709118316
COSMOS 1249 COOLANT
1 26503U 81021E   22089.54803872  .00000129  00000-0  17341-3 0  9997
2 26503  64.9617  20.8124 0039732  21.0103 153.5344 13.91161594119038
COSMOS 1249 COOLANT
1 26503U 81021E   22090.24729346  .00000140  00000-0  18188-3 0  9992
2 26503  64.9618  18.9772 0039808  20.7625  55.5470 13.91161895119007
COSMOS 1249 COOLANT
1 26503U 81021E   22093.50173937  .00000167  00000-0  20352-3 0  9998
2 26503  64.9619  10.4352 0040097  19.6062 154.5051 13.91163636119586
COSMOS 1249 COOLANT
1 26503U 81021E   22093.50173937  .00000167  00000-0  20352-3 0  9998
2 26503  64.9619  10.4352 0040097  19.6062 154.5051 13.91163636119452
COSMOS 1249 COOLANT
1 26503U 81021E   22095.13396156  .00000151  00000-0  19016-3 0  9997
2 26503  64.9620   6.1514 0040247  19.0254  49.0281 13.91164295119680
COSMOS 1249 COOLANT
1 26503U 81021E   22096.14089328  .00000147  00000-0  18772-3 0  9992
2 26503  64.9619   3.5086 0040331  18.6782  51.9525 13.91164794119944
COSMOS 1249 COOLANT
1 26503U 81021E   22096.14089328  .00000147  00000-0  18772-3 0  9992
2 26503  64.9619   3.5086 0040331  18.6782  51.9525 13.91164794119821
COSMOS 1249 COOLANT
1 26503U 81021E   22097.14767656  .00000137  00000-0  17969-3 0  9996
2 26503  64.9617   0.8667 0040334  18.3730  54.0949 13.91165321119963
COSMOS 1249 COOLANT
1 26503U 81021E   22098.15455128  .00000132  00000-0  17590-3 0  9991
2 26503  64.9617 358.2238 0040419  18.0554  56.7095 13.91165872120236
COSMOS 1249 COOLANT
1 26503U 81021E   22098.15455128  .00000132  00000-0  17590-3 0  9991
2 26503  64.9617 358.2238 0040419  18.0554  56.7095 13.91165872120102
COSMOS 1249 COOLANT
1 26503U 81021E   22100.47483069  .00000106  00000-0  15512-3 0  9998
2 26503  64.9615 352.1330 0040725  17.2129 157.2109 13.91166796120553
COSMOS 1249 COOLANT
1 26503U 81021E   22100.47483069  .00000106  00000-0  15512-3 0  9998
2 26503  64.9615 352.1330 0040725  17.2129 157.2109 13.91166796120429
COSMOS 1249 COOLANT
1 26503U 81021E   22101.32455069  .00000102  00000-0  15156-3 0  9992
2 26503  64.9613 349.9027 0040798  16.9181  92.7950 13.91167127120547
COSMOS 1249 COOLANT
1 26503U 81021E   22102.10812795  .00000090  00000-0  14246-3 0  9997
2 26503  64.9611 347.8460 0040869  16.6375  57.1319 13.91167394120656
COSMOS 1249 COOLANT
1 26503U 81021E   22103.11491133  .00000105  00000-0  15398-3 0  9994
2 26503  64.9610 345.2033 0040954  16.2961  59.3194 13.91167884120924
COSMOS 1249 COOLANT
1 26503U 81021E   22103.11491133  .00000105  00000-0  15398-3 0  9994
2 26503  64.9610 345.2033 0040954  16.2961  59.3194 13.91167884120799
COSMOS 1249 COOLANT
1 26503U 81021E   22104.12193497  .00000103  00000-0  15280-3 0  9996
2 26503  64.9608 342.5601 0041031  15.9472  62.7182 13.91168215120937
COSMOS 1249 COOLANT
1 26503U 81021E   22105.05495664  .00000106  00000-0  15469-3 0  9992
2 26503  64.9606 340.1109 0041109  15.6152  55.5095 13.91168605121061
COSMOS 1249 COOLANT
1 26503U 81021E   22107.06873935  .00000089  00000-0  14178-3 0  9992
2 26503  64.9602 334.8248 0041283  14.9269  60.9812 13.91169344121478
COSMOS 1249 COOLANT
1 26503U 81021E   22107.06873935  .00000089  00000-0  14178-3 0  9992
2 26503  64.9602 334.8248 0041283  14.9269  60.9812 13.91169344121344
COSMOS 1249 COOLANT
1 26503U 81021E   22109.00847516  .00000095  00000-0  14614-3 0  9996
2 26503  64.9598 329.7329 0041452  14.2409  55.6378 13.91170101121619
COSMOS 1249 COOLANT
1 26503U 81021E   22109.86006839  .00000094  00000-0  14517-3 0  9996
2 26503  64.9597 327.4974 0041537  13.9449   0.6147 13.91170434121852
COSMOS 1249 COOLANT
1 26503U 81021E   22109.86006839  .00000094  00000-0  14517-3 0  9996
2 26503  64.9597 327.4974 0041537  13.9449   0.6147 13.91170434121739
COSMOS 1249 COOLANT
1 26503U 81021E   22113.03582501  .00000110  00000-0  15816-3 0  9997
2 26503  64.9590 319.1606 0041817  12.8436  65.5491 13.91171667122302
COSMOS 1249 COOLANT
1 26503U 81021E   22113.34244350  .00000111  00000-0  15877-3 0  9996
2 26503  64.9590 318.3556 0041850  12.7374 161.1671 13.91171791122215
COSMOS 1249 COOLANT
1 26503U 81021E   22114.19144942  .00000109  00000-0  15759-3 0  9992
2 26503  64.9589 316.1268 0041917  12.4562  93.1780 13.91172137122332
COSMOS 1249 COOLANT
1 26503U 81021E   22116.83308091  .00000126  00000-0  17101-3 0  9994
2 26503  64.9588 309.1922 0042147  11.5376   3.1066 13.91173245122822
COSMOS 1249 COOLANT
1 26503U 81021E   22116.83308091  .00000126  00000-0  17101-3 0  9994
2 26503  64.9588 309.1922 0042147  11.5376   3.1066 13.91173245122709
COSMOS 1249 COOLANT
1 26503U 81021E   22118.92974745  .00000129  00000-0  17268-3 0  9998
2 26503  64.9586 303.6881 0042334  10.7962  63.7404 13.91174245123126
COSMOS 1249 COOLANT
1 26503U 81021E   22118.92974745  .00000129  00000-0  17268-3 0  9998
2 26503  64.9586 303.6881 0042334  10.7962  63.7404 13.91174245122990
COSMOS 1249 COOLANT
1 26503U 81021E   22119.93613692  .00000123  00000-0  16814-3 0  9991
2 26503  64.9586 301.0461 0042408  10.4572  63.9787 13.91174727123130
COSMOS 1249 COOLANT
1 26503U 81021E   22122.25649432  .00000103  00000-0  15263-3 0  9996
2 26503  64.9585 294.9549 0042606   9.6512 164.9098 13.91175663123586
COSMOS 1249 COOLANT
1 26503U 81021E   22122.25649432  .00000103  00000-0  15263-3 0  9996
2 26503  64.9585 294.9549 0042606   9.6512 164.9098 13.91175663123452
COSMOS 1249 COOLANT
1 26503U 81021E   22122.72757172  .00000088  00000-0  14092-3 0  9990
2 26503  64.9585 293.7181 0042656   9.4784   4.1938 13.91175796123528
COSMOS 1249 COOLANT
1 26503U 81021E   22123.10618234  .00000080  00000-0  13454-3 0  9991
2 26503  64.9584 292.7243 0042686   9.3361 100.3816 13.91175883123574
COSMOS 1249 COOLANT
1 26503U 81021E   22124.89660153  .00000075  00000-0  13012-3 0  9999
2 26503  64.9585 288.0242 0042831   8.7068  67.2634 13.91176506123821
COSMOS 1249 COOLANT
1 26503U 81021E   22124.89660153  .00000075  00000-0  13012-3 0  9999
2 26503  64.9585 288.0242 0042831   8.7068  67.2634 13.91176506123955
COSMOS 1249 COOLANT
1 26503U 81021E   22132.80371852  .00000048  00000-0  10906-3 0  9993
2 26503  64.9589 267.2673 0043518   5.8946  68.2248 13.91179025124921
COSMOS 1249 COOLANT
1 26503U 81021E   22132.80371852  .00000048  00000-0  10906-3 0  9993
2 26503  64.9589 267.2673 0043518   5.8946  68.2248 13.91179025125056
COSMOS 1249 COOLANT
1 26503U 81021E   22135.59523017  .00000091  00000-0  14323-3 0  9999
2 26503  64.9588 259.9387 0043736   4.9279   8.8548 13.91180093125315
COSMOS 1249 COOLANT
1 26503U 81021E   22135.59523017  .00000091  00000-0  14323-3 0  9999
2 26503  64.9588 259.9387 0043736   4.9279   8.8548 13.91180093125438
COSMOS 1249 COOLANT
1 26503U 81021E   22136.60174029  .00000094  00000-0  14509-3 0  9996
2 26503  64.9589 257.2970 0043846   4.5776   9.7275 13.91180441125454
COSMOS 1249 COOLANT
1 26503U 81021E   22137.06494473  .00000111  00000-0  15898-3 0  9997
2 26503  64.9590 256.0816 0043903   4.4023 169.5935 13.91180670125519
COSMOS 1249 COOLANT
1 26503U 81021E   22139.07778334  .00000144  00000-0  18451-3 0  9995
2 26503  64.9592 250.7980 0044084   3.6890 170.4489 13.91181550125926
COSMOS 1249 COOLANT
1 26503U 81021E   22139.07778334  .00000144  00000-0  18451-3 0  9995
2 26503  64.9592 250.7980 0044084   3.6890 170.4489 13.91181550125791
COSMOS 1249 COOLANT
1 26503U 81021E   22139.70406428  .00000161  00000-0  19838-3 0  9996
2 26503  64.9592 249.1541 0044141   3.4647  67.0421 13.91181925125881
COSMOS 1249 COOLANT
1 26503U 81021E   22144.50915267  .00000109  00000-0  15692-3 0  9992
2 26503  64.9590 236.5409 0044580   1.7868  12.2728 13.91184067126675
COSMOS 1249 COOLANT
1 26503U 81021E   22147.61114877  .00000069  00000-0  12595-3 0  9999
2 26503  64.9589 228.3991 0044883   0.7056  67.9515 13.91184952126980
COSMOS 1249 COOLANT
1 26503U 81021E   22147.61114877  .00000069  00000-0  12595-3 0  9999
2 26503  64.9589 228.3991 0044883   0.7056  67.9515 13.91184952127105
COSMOS 1249 COOLANT
1 26503U 81021E   22148.46281663  .00000074  00000-0  12955-3 0  9997
2 26503  64.9589 226.1636 0044964   0.4106  13.3468 13.91185252127106
COSMOS 1249 COOLANT
1 26503U 81021E   22150.63158774  .00000055  00000-0  11451-3 0  9994
2 26503  64.9587 220.4706 0045171 359.6837  75.1500 13.91185835127537
COSMOS 1249 COOLANT
1 26503U 81021E   22150.63158774  .00000055  00000-0  11451-3 0  9994
2 26503  64.9587 220.4706 0045171 359.6837  75.1500 13.91185835127403
COSMOS 1249 COOLANT
1 26503U 81021E   22151.56468928  .00000057  00000-0  11633-3 0  9996
2 26503  64.9586 218.0212 0045253 359.3474  68.4048 13.91186128127534
COSMOS 1249 COOLANT
1 26503U 81021E   22157.37652731  .00000006  00000-0  76287-4 0  9999
2 26503  64.9587 202.7627 0045341 357.8382  15.2900 13.91187575128461
COSMOS 1249 COOLANT
1 26503U 81021E   22157.37652731  .00000006  00000-0  76287-4 0  9999
2 26503  64.9587 202.7627 0045341 357.8382  15.2900 13.91187575128348
COSMOS 1249 COOLANT
1 26503U 81021E   22158.84638752  .00000011  00000-0  80167-4 0  9997
2 26503  64.9576 198.9072 0045984 356.8588 177.2466 13.91187991128546
COSMOS 1249 COOLANT
1 26503U 81021E   22159.38959659  .00000016  00000-0  83600-4 0  9999
2 26503  64.9577 197.4815 0046019 356.6977  17.7707 13.91188081128745
COSMOS 1249 COOLANT
1 26503U 81021E   22159.38959659  .00000016  00000-0  83600-4 0  9999
2 26503  64.9577 197.4815 0046019 356.6977  17.7707 13.91188081128622
COSMOS 1249 COOLANT
1 26503U 81021E   22160.39590177  .00000031  00000-0  95941-4 0  9996
2 26503  64.9576 194.8397 0046110 356.3737  17.6204 13.91188319128760
COSMOS 1249 COOLANT
1 26503U 81021E   22160.85998005  .00000037  00000-0  10064-3 0  9997
2 26503  64.9575 193.6215 0046160 356.2229 181.8521 13.91188445128828
COSMOS 1249 COOLANT
1 26503U 81021E   22162.80031896  .00000051  00000-0  11139-3 0  9990
2 26503  64.9573 188.5279 0046345 355.5955 179.6033 13.91189006129224
COSMOS 1249 COOLANT
1 26503U 81021E   22162.80031896  .00000051  00000-0  11139-3 0  9990
2 26503  64.9573 188.5279 0046345 355.5955 179.6033 13.91189006129099
COSMOS 1249 COOLANT
1 26503U 81021E   22165.81934228  .00000066  00000-0  12320-3 0  9994
2 26503  64.9571 180.6026 0046633 354.6475 179.6821 13.91189903129649
COSMOS 1249 COOLANT
1 26503U 81021E   22165.81934228  .00000066  00000-0  12320-3 0  9994
2 26503  64.9571 180.6026 0046633 354.6475 179.6821 13.91189903129515
COSMOS 1249 COOLANT
1 26503U 81021E   22166.66916962  .00000059  00000-0  11749-3 0  9999
2 26503  64.9568 178.3716 0046697 354.4225 115.8057 13.91190150129634
COSMOS 1249 COOLANT
1 26503U 81021E   22168.30322606  .00000042  00000-0  10403-3 0  9996
2 26503  64.9570 174.0821 0046868 353.8618  19.6529 13.91190600129866
COSMOS 1249 COOLANT
1 26503U 81021E   22171.40630869  .00000057  00000-0  11621-3 0  9993
2 26503  64.9570 165.9362 0047172 352.8928  80.7378 13.91191623130428
COSMOS 1249 COOLANT
1 26503U 81021E   22171.71423491  .00000063  00000-0  12084-3 0  9999
2 26503  64.9572 165.1280 0047203 352.8078 182.9065 13.91191806130333
COSMOS 1249 COOLANT
1 26503U 81021E   22175.66768265  .00000053  00000-0  11293-3 0  9998
2 26503  64.9576 154.7497 0047577 351.6092 182.8339 13.91193013131019
COSMOS 1249 COOLANT
1 26503U 81021E   22175.66768265  .00000053  00000-0  11293-3 0  9998
2 26503  64.9576 154.7497 0047577 351.6092 182.8339 13.91193013130883
COSMOS 1249 COOLANT
1 26503U 81021E   22178.30634553  .00000034  00000-0  98005-4 0  9990
2 26503  64.9579 147.8230 0047811 350.8450  77.9401 13.91193758131379
COSMOS 1249 COOLANT
1 26503U 81021E   22178.30634553  .00000034  00000-0  98005-4 0  9990
2 26503  64.9579 147.8230 0047811 350.8450  77.9401 13.91193758131256
COSMOS 1249 COOLANT
1 26503U 81021E   22179.53583628  .00000011  00000-0  80179-4 0  9990
2 26503  64.9580 144.5955 0047927 350.4938 115.5448 13.91194014131426
COSMOS 1249 COOLANT
1 26503U 81021E   22182.17736738 -.00000004  00000-0  68211-4 0  9992
2 26503  64.9584 137.6614 0048170 349.7184  25.0333 13.91194505131793
COSMOS 1249 COOLANT
1 26503U 81021E   22187.60093263  .00000046  00000-0  10745-3 0  9997
2 26503  64.9591 123.4244 0048656 348.1508 187.6804 13.91195973132547
COSMOS 1249 COOLANT
1 26503U 81021E   22188.45031431  .00000031  00000-0  96014-4 0  9998
2 26503  64.9590 121.1947 0048700 347.9564 121.5591 13.91196116132663
COSMOS 1249 COOLANT
1 26503U 81021E   22192.18057007  .00000053  00000-0  11271-3 0  9995
2 26503  64.9596 111.4029 0049051 346.8534  83.7107 13.91197349133300
COSMOS 1249 COOLANT
1 26503U 81021E   22192.18057007  .00000053  00000-0  11271-3 0  9995
2 26503  64.9596 111.4029 0049051 346.8534  83.7107 13.91197349133186
COSMOS 1249 COOLANT
1 26503U 81021E   22193.49541723  .00000066  00000-0  12329-3 0  9992
2 26503  64.9594 107.9512 0049157 346.4547 188.8422 13.91197817133365
COSMOS 1249 COOLANT
1 26503U 81021E   22194.19417888  .00000063  00000-0  12059-3 0  9991
2 26503  64.9595 106.1170 0049220 346.2658  88.4177 13.91197969133594
COSMOS 1249 COOLANT
1 26503U 81021E   22194.19417888  .00000063  00000-0  12059-3 0  9991
2 26503  64.9595 106.1170 0049220 346.2658  88.4177 13.91197969133460
COSMOS 1249 COOLANT
1 26503U 81021E   22195.20102177  .00000065  00000-0  12238-3 0  9997
2 26503  64.9596 103.4740 0049307 345.9799  90.9573 13.91198220133607
COSMOS 1249 COOLANT
1 26503U 81021E   22199.15452841  .00000072  00000-0  12793-3 0  9995
2 26503  64.9597  93.0958 0049618 344.8590  91.1921 13.91199514134287
COSMOS 1249 COOLANT
1 26503U 81021E   22199.15452841  .00000072  00000-0  12793-3 0  9995
2 26503  64.9597  93.0958 0049618 344.8590  91.1921 13.91199514134153
COSMOS 1249 COOLANT
1 26503U 81021E   22200.08757153  .00000078  00000-0  13275-3 0  9996
2 26503  64.9597  90.6465 0049702 344.5888  84.1340 13.91199876134282
COSMOS 1249 COOLANT
1 26503U 81021E   22202.95217838  .00000047  00000-0  10784-3 0  9993
2 26503  64.9596  83.1264 0049905 343.7804  30.8755 13.91200755134804
COSMOS 1249 COOLANT
1 26503U 81021E   22202.95217838  .00000047  00000-0  10784-3 0  9993
2 26503  64.9596  83.1264 0049905 343.7804  30.8755 13.91200755134680
COSMOS 1249 COOLANT
1 26503U 81021E   22203.95852986  .00000048  00000-0  10887-3 0  9998
2 26503  64.9596  80.4846 0049990 343.4909  30.9685 13.91201043134823
COSMOS 1249 COOLANT
1 26503U 81021E   22206.36285028  .00000024  00000-0  90341-4 0  9991
2 26503  64.9594  74.1728 0050184 342.8009 192.4871 13.91201558135284
COSMOS 1249 COOLANT
1 26503U 81021E   22206.36285028  .00000024  00000-0  90341-4 0  9991
2 26503  64.9594  74.1728 0050184 342.8009 192.4871 13.91201558135150
COSMOS 1249 COOLANT
1 26503U 81021E   22209.07511774  .00000017  00000-0  84517-4 0  9992
2 26503  64.9593  67.0525 0050403 342.0164  96.3028 13.91202057135660
COSMOS 1249 COOLANT
1 26503U 81021E   22209.38192470  .00000018  00000-0  85093-4 0  9995
2 26503  64.9594  66.2470 0050432 341.9340 192.8744 13.91202139135575
COSMOS 1249 COOLANT
1 26503U 81021E   22215.27648589 -.00000027  00000-0  49685-4 0  9995
2 26503  64.9593  50.7724 0050908 340.2210 194.5596 13.91203043136390
COSMOS 1249 COOLANT
1 26503U 81021E   22216.90856573 -.00000020  00000-0  55410-4 0  9996
2 26503  64.9594  46.4876 0051023 339.7469  88.4949 13.91203256136624
COSMOS 1249 COOLANT
1 26503U 81021E   22216.98211157 -.00000021  00000-0  54657-4 0  9990
2 26503  64.9594  46.2946 0051044 339.7234  96.8359 13.91203239136633
COSMOS 1249 COOLANT
1 26503U 81021E   22219.14642567 -.00000006  00000-0  66724-4 0  9995
2 26503  64.9596  40.6126 0051202 339.0793 136.3742 13.91203607137065
COSMOS 1249 COOLANT
1 26503U 81021E   22219.14642567 -.00000006  00000-0  66724-4 0  9995
2 26503  64.9596  40.6126 0051202 339.0793 136.3742 13.91203607136930
COSMOS 1249 COOLANT
1 26503U 81021E   22223.88234178  .00000003  00000-0  73819-4 0  9995
2 26503  64.9602  28.1795 0051627 337.7199  95.2334 13.91204568137722
COSMOS 1249 COOLANT
1 26503U 81021E   22223.88234178  .00000003  00000-0  73819-4 0  9995
2 26503  64.9602  28.1795 0051627 337.7199  95.2334 13.91204568137597
COSMOS 1249 COOLANT
1 26503U 81021E   22224.88942222 -.00000002  00000-0  69244-4 0  9999
2 26503  64.9603  25.5358 0051706 337.4151  99.0062 13.91204761137738
COSMOS 1249 COOLANT
1 26503U 81021E   22227.83590660  .00000003  00000-0  73886-4 0  9999
2 26503  64.9604  17.8009 0051890 336.4808  95.9642 13.91205339138145
COSMOS 1249 COOLANT
1 26503U 81021E   22227.83590660  .00000003  00000-0  73886-4 0  9999
2 26503  64.9604  17.8009 0051890 336.4808  95.9642 13.91205339138268
COSMOS 1249 COOLANT
1 26503U 81021E   22229.84952640  .00000024  00000-0  89706-4 0  9993
2 26503  64.9607  12.5147 0052069 335.8864 100.7900 13.91205789138553
COSMOS 1249 COOLANT
1 26503U 81021E   22229.84952640  .00000024  00000-0  89706-4 0  9993
2 26503  64.9607  12.5147 0052069 335.8864 100.7900 13.91205789138429
COSMOS 1249 COOLANT
1 26503U 81021E   22230.78257240  .00000028  00000-0  93393-4 0  9993
2 26503  64.9608  10.0654 0052149 335.6086  93.7738 13.91205970138555
COSMOS 1249 COOLANT
1 26503U 81021E   22232.01213142  .00000020  00000-0  86511-4 0  9990
2 26503  64.9610   6.8377 0052248 335.2382 131.7927 13.91206214138856
COSMOS 1249 COOLANT
1 26503U 81021E   22232.01213142  .00000020  00000-0  86511-4 0  9990
2 26503  64.9610   6.8377 0052248 335.2382 131.7927 13.91206214138722
COSMOS 1249 COOLANT
1 26503U 81021E   22232.79613635  .00000007  00000-0  76763-4 0  9999
2 26503  64.9611   4.7796 0052317 335.0121  98.3267 13.91206315138830
COSMOS 1249 COOLANT
1 26503U 81021E   22234.73608889 -.00000007  00000-0  66026-4 0  9992
2 26503  64.9612 359.6871 0052486 334.4268  94.2236 13.91206613139225
COSMOS 1249 COOLANT
1 26503U 81021E   22234.73608889 -.00000007  00000-0  66026-4 0  9992
2 26503  64.9612 359.6871 0052486 334.4268  94.2236 13.91206613139102
COSMOS 1249 COOLANT
1 26503U 81021E   22244.50139598  .00000024  00000-0  90305-4 0  9999
2 26503  64.9611 334.0530 0053346 331.5489  41.9399 13.91208394140580
COSMOS 1249 COOLANT
1 26503U 81021E   22244.50139598  .00000024  00000-0  90305-4 0  9999
2 26503  64.9611 334.0530 0053346 331.5489  41.9399 13.91208394140467
COSMOS 1249 COOLANT
1 26503U 81021E   22246.67025642  .00000020  00000-0  86554-4 0  9990
2 26503  64.9608 328.3596 0053567 330.9543 104.2384 13.91208937140897
COSMOS 1249 COOLANT
1 26503U 81021E   22246.67025642  .00000020  00000-0  86554-4 0  9990
2 26503  64.9608 328.3596 0053567 330.9543 104.2384 13.91208937140763
COSMOS 1249 COOLANT
1 26503U 81021E   22247.52060749  .00000035  00000-0  98739-4 0  9996
2 26503  64.9607 326.1274 0053651 330.7042  43.0675 13.91209204140881
COSMOS 1249 COOLANT
1 26503U 81021E   22253.79330069  .00000072  00000-0  12733-3 0  9997
2 26503  64.9594 309.6603 0054263 328.8869 138.7112 13.91211164141756
COSMOS 1249 COOLANT
1 26503U 81021E   22253.79330069  .00000072  00000-0  12733-3 0  9997
2 26503  64.9594 309.6603 0054263 328.8869 138.7112 13.91211164141880
COSMOS 1249 COOLANT
1 26503U 81021E   22265.50444770  .00000089  00000-0  14063-3 0  9990
2 26503  64.9576 278.9145 0055325 325.6680 111.8191 13.91215095143513
COSMOS 1249 COOLANT
1 26503U 81021E   22276.66629833  .00000187  00000-0  21718-3 0  9998
2 26503  64.9577 249.6093 0056259 322.7754 213.8638 13.91219730145069
COSMOS 1249 COOLANT
1 26503U 81021E   22276.66629833  .00000187  00000-0  21718-3 0  9998
2 26503  64.9577 249.6093 0056259 322.7754 213.8638 13.91219730144934
COSMOS 1249 COOLANT
1 26503U 81021E   22281.31839444  .00000194  00000-0  22319-3 0  9993
2 26503  64.9582 237.3960 0056591 321.5917 113.0631 13.91222511145716
COSMOS 1249 COOLANT
1 26503U 81021E   22281.31839444  .00000194  00000-0  22319-3 0  9993
2 26503  64.9582 237.3960 0056591 321.5917 113.0631 13.91222511145581
COSMOS 1249 COOLANT
1 26503U 81021E   22289.53342455  .00000164  00000-0  19955-3 0  9995
2 26503  64.9593 215.8273 0057203 319.6762 216.5354 13.91227695146724
COSMOS 1249 COOLANT
1 26503U 81021E   22289.53342455  .00000164  00000-0  19955-3 0  9995
2 26503  64.9593 215.8273 0057203 319.6762 216.5354 13.91227695146858
COSMOS 1249 COOLANT
1 26503U 81021E   22291.08236808  .00000147  00000-0  18566-3 0  9990
2 26503  64.9596 211.7620 0057344 319.3197  54.1451 13.91228502146949
COSMOS 1249 COOLANT
1 26503U 81021E   22293.48686263  .00000099  00000-0  14810-3 0  9994
2 26503  64.9600 205.4508 0057478 318.6134 216.7918 13.91229458147408
COSMOS 1249 COOLANT
1 26503U 81021E   22293.48686263  .00000099  00000-0  14810-3 0  9994
2 26503  64.9600 205.4508 0057478 318.6134 216.7918 13.91229458147273
COSMOS 1249 COOLANT
1 26503U 81021E   22297.13214328  .00000114  00000-0  16041-3 0  9995
2 26503  64.9591 195.8822 0057572 317.6481 113.6876 13.91230834147900
COSMOS 1249 COOLANT
1 26503U 81021E   22297.35476916  .00000113  00000-0  15928-3 0  9994
2 26503  64.9591 195.2982 0057552 317.5554 148.7138 13.91230927147812
COSMOS 1249 COOLANT
1 26503U 81021E   22298.13901830  .00000093  00000-0  14373-3 0  9999
2 26503  64.9590 193.2394 0057592 317.3553 116.5147 13.91231093147927
COSMOS 1249 COOLANT
1 26503U 81021E   22299.99583237  .00000097  00000-0  14693-3 0  9990
2 26503  64.9590 188.3647 0057726 316.9376  56.0519 13.91231728148309
COSMOS 1249 COOLANT
1 26503U 81021E   22299.99583237  .00000097  00000-0  14693-3 0  9990
2 26503  64.9590 188.3647 0057726 316.9376  56.0519 13.91231728148185
COSMOS 1249 COOLANT
1 26503U 81021E   22302.09239851  .00000112  00000-0  15866-3 0  9997
2 26503  64.9588 182.8606 0057873 316.3959 116.4246 13.91232719148594
COSMOS 1249 COOLANT
1 26503U 81021E   22302.40042502  .00000114  00000-0  16005-3 0  9995
2 26503  64.9587 182.0519 0057906 316.3210 219.1304 13.91232877148518
COSMOS 1249 COOLANT
1 26503U 81021E   22305.41964873  .00000123  00000-0  16692-3 0  9995
2 26503  64.9582 174.1255 0058116 315.5948 220.4698 13.91234201149060
COSMOS 1249 COOLANT
1 26503U 81021E   22306.26892542  .00000112  00000-0  15887-3 0  9995
2 26503  64.9580 171.8959 0058165 315.3829 153.9571 13.91234479149059
COSMOS 1249 COOLANT
1 26503U 81021E   22321.77675079  .00000094  00000-0  14476-3 0  9994
2 26503  64.9569 131.1808 0059140 311.3848  63.1631 13.91241340151337
COSMOS 1249 COOLANT
1 26503U 81021E   22321.77675079  .00000094  00000-0  14476-3 0  9994
2 26503  64.9569 131.1808 0059140 311.3848  63.1631 13.91241340151214
COSMOS 1249 COOLANT
1 26503U 81021E   22330.69008933  .00000062  00000-0  11908-3 0  9996
2 26503  64.9581 107.7789 0059736 309.0717  64.7852 13.91244275152577
COSMOS 1249 COOLANT
1 26503U 81021E   22330.69008933  .00000062  00000-0  11908-3 0  9996
2 26503  64.9581 107.7789 0059736 309.0717  64.7852 13.91244275152454
COSMOS 1249 COOLANT
1 26503U 81021E   22342.70678566  .00000111  00000-0  15786-3 0  9999
2 26503  64.9601  76.2308 0060548 305.9763 129.4109 13.91248833154127
COSMOS 1249 COOLANT
1 26503U 81021E   22342.70678566  .00000111  00000-0  15786-3 0  9999
2 26503  64.9601  76.2308 0060548 305.9763 129.4109 13.91248833154251
COSMOS 1249 COOLANT
1 26503U 81021E   22349.60665687  .00000137  00000-0  17799-3 0  9999
2 26503  64.9600  58.1166 0061040 304.1038 127.0380 13.91252112155201
COSMOS 1249 COOLANT
1 26503U 81021E   22349.60665687  .00000137  00000-0  17799-3 0  9999
2 26503  64.9600  58.1166 0061040 304.1038 127.0380 13.91252112155087
COSMOS 1249 COOLANT
1 26503U 81021E   22354.41119249  .00000143  00000-0  18266-3 0  9999
2 26503  64.9601  45.5023 0061472 302.9946  70.1418 13.91254340155875
COSMOS 1249 COOLANT
1 26503U 81021E   22354.56693611  .00000138  00000-0  17840-3 0  9996
2 26503  64.9594  45.0922 0061417 302.8779 130.2523 13.91254306155777
COSMOS 1249 COOLANT
1 26503U 81021E   22357.51338025  .00000119  00000-0  16335-3 0  9996
2 26503  64.9598  37.3563 0061556 302.1688 127.3131 13.91255471156184
COSMOS 1249 COOLANT
1 26503U 81021E   22357.51338025  .00000119  00000-0  16335-3 0  9996
2 26503  64.9598  37.3563 0061556 302.1688 127.3131 13.91255471156308
COSMOS 1249 COOLANT
1 26503U 81021E   22361.46668002  .00000120  00000-0  16473-3 0  9991
2 26503  64.9598  26.9765 0061749 301.1967 127.1833 13.91257262156733
COSMOS 1249 COOLANT
1 26503U 81021E   22361.46668002  .00000120  00000-0  16473-3 0  9991
2 26503  64.9598  26.9765 0061749 301.1967 127.1833 13.91257262156856
COSMOS 1249 COOLANT
1 26503U 81021E   22365.42004809  .00000142  00000-0  18167-3 0  9996
2 26503  64.9596  16.5966 0062020 300.2469 127.3954 13.91259045157401
COSMOS 1249 COOLANT
1 26503U 81021E   22365.42004809  .00000142  00000-0  18167-3 0  9996
2 26503  64.9596  16.5966 0062020 300.2469 127.3954 13.91259045157287
COSMOS 1249 COOLANT
1 26503U 81021E   23011.65513392  .00000237  00000-0  25557-3 0  9998
2 26503  64.9602 347.0990 0062648 297.6873 237.6846 13.91265513158977
COSMOS 1249 COOLANT
1 26503U 81021E   23013.20408711  .00000253  00000-0  26768-3 0  9992
2 26503  64.9600 343.0324 0062665 297.2857  75.5992 13.91266509159067
COSMOS 1249 COOLANT
1 26503U 81021E   23015.52340458  .00000302  00000-0  30590-3 0  9995
2 26503  64.9607 336.9433 0062765 296.7359 171.8363 13.91268537159388
COSMOS 1249 COOLANT
1 26503U 81021E   23015.52340458  .00000302  00000-0  30590-3 0  9995
2 26503  64.9607 336.9433 0062765 296.7359 171.8363 13.91268537159513
COSMOS 1249 COOLANT
1 26503U 81021E   23019.25371622  .00000378  00000-0  36511-3 0  9998
2 26503  64.9606 327.1490 0062914 295.8636 135.0263 13.91272336160022
COSMOS 1249 COOLANT
1 26503U 81021E   23019.25371622  .00000378  00000-0  36511-3 0  9998
2 26503  64.9606 327.1490 0062914 295.8636 135.0263 13.91272336159907
COSMOS 1249 COOLANT
1 26503U 81021E   23022.20016266  .00000345  00000-0  33964-3 0  9990
2 26503  64.9606 319.4138 0062995 295.1282 132.3220 13.91274843160437
COSMOS 1249 COOLANT
1 26503U 81021E   23024.43799861  .00000324  00000-0  32306-3 0  9992
2 26503  64.9603 313.5383 0063054 294.5686 180.5554 13.91276603160755
COSMOS 1249 COOLANT
1 26503U 81021E   23025.44448211  .00000274  00000-0  28403-3 0  9991
2 26503  64.9602 310.8958 0063081 294.3259 181.5378 13.91277149160768
COSMOS 1249 COOLANT
1 26503U 81021E   23027.38430618  .00000210  00000-0  23452-3 0  9997
2 26503  64.9601 305.8028 0063137 293.8815 177.1489 13.91278261161168
COSMOS 1249 COOLANT
1 26503U 81021E   23027.38430618  .00000210  00000-0  23452-3 0  9997
2 26503  64.9601 305.8028 0063137 293.8815 177.1489 13.91278261161034
COSMOS 1249 COOLANT
1 26503U 81021E   23028.39128650  .00000176  00000-0  20778-3 0  9998
2 26503  64.9599 303.1590 0063163 293.6431 180.6221 13.91278791161172
COSMOS 1249 COOLANT
1 26503U 81021E   23031.11324271  .00000105  00000-0  15294-3 0  9998
2 26503  64.9595 296.0125 0063227 292.9995 133.5792 13.91279883161678
COSMOS 1249 COOLANT
1 26503U 81021E   23031.11324271  .00000105  00000-0  15294-3 0  9998
2 26503  64.9595 296.0125 0063227 292.9995 133.5792 13.91279883161555
COSMOS 1249 COOLANT
1 26503U 81021E   23032.34415716  .00000109  00000-0  15567-3 0  9996
2 26503  64.9594 292.7807 0063257 292.7116 178.6321 13.91280447161725
COSMOS 1249 COOLANT
1 26503U 81021E   23033.12706332  .00000104  00000-0  15162-3 0  9996
2 26503  64.9593 290.7251 0063271 292.5241 139.8346 13.91280736161950
COSMOS 1249 COOLANT
1 26503U 81021E   23033.12706332  .00000104  00000-0  15162-3 0  9996
2 26503  64.9593 290.7251 0063271 292.5241 139.8346 13.91280736161837
COSMOS 1249 COOLANT
1 26503U 81021E   23034.35783743  .00000112  00000-0  15836-3 0  9990
2 26503  64.9591 287.4936 0063303 292.2298 184.1949 13.91281273162002
COSMOS 1249 COOLANT
1 26503U 81021E   23036.07356544  .00000129  00000-0  17160-3 0  9996
2 26503  64.9588 282.9889 0063345 291.8136 137.4674 13.91281994162362
COSMOS 1249 COOLANT
1 26503U 81021E   23036.07356544  .00000129  00000-0  17160-3 0  9996
2 26503  64.9588 282.9889 0063345 291.8136 137.4674 13.91281994162249
COSMOS 1249 COOLANT
1 26503U 81021E   23041.03378795  .00000255  00000-0  26955-3 0  9992
2 26503  64.9578 269.9651 0063460 290.6143 140.9143 13.91285272163056
COSMOS 1249 COOLANT
1 26503U 81021E   23041.03378795  .00000255  00000-0  26955-3 0  9992
2 26503  64.9578 269.9651 0063460 290.6143 140.9143 13.91285272162932
COSMOS 1249 COOLANT
1 26503U 81021E   23046.21725786  .00000301  00000-0  30486-3 0  9999
2 26503  64.9571 256.3547 0063572 289.3582 182.5753 13.91289207163780
COSMOS 1249 COOLANT
1 26503U 81021E   23046.21725786  .00000301  00000-0  30486-3 0  9999
2 26503  64.9571 256.3547 0063572 289.3582 182.5753 13.91289207163656
COSMOS 1249 COOLANT
1 26503U 81021E   23058.70435925  .00000447  00000-0  41911-3 0  9995
2 26503  64.9571 223.5658 0063917 286.1926  85.2488 13.91298391165510
COSMOS 1249 COOLANT
1 26503U 81021E   23058.70435925  .00000447  00000-0  41911-3 0  9995
2 26503  64.9571 223.5658 0063917 286.1926  85.2488 13.91298391165396
COSMOS 1249 COOLANT
1 26503U 81021E   23060.17435711  .00000269  00000-0  28055-3 0  9998
2 26503  64.9574 219.7050 0063968 285.8917 247.8028 13.91298285165594
COSMOS 1249 COOLANT
1 26503U 81021E   23061.18063660  .00000262  00000-0  27453-3 0  9994
2 26503  64.9577 217.0632 0064016 285.6556 247.8355 13.91298961165860
COSMOS 1249 COOLANT
1 26503U 81021E   23061.18063660  .00000262  00000-0  27453-3 0  9994
2 26503  64.9577 217.0632 0064016 285.6556 247.8355 13.91298961165736
COSMOS 1249 COOLANT
1 26503U 81021E   23063.82000295  .00000346  00000-0  34046-3 0  9991
2 26503  64.9578 210.1330 0064121 284.9802 147.3931 13.91301732166229
COSMOS 1249 COOLANT
1 26503U 81021E   23063.82000295  .00000346  00000-0  34046-3 0  9991
2 26503  64.9578 210.1330 0064121 284.9802 147.3931 13.91301732166106
COSMOS 1249 COOLANT
1 26503U 81021E   23064.12802072  .00000339  00000-0  33464-3 0  9993
2 26503  64.9584 209.3249 0064083 284.9348 250.1014 13.91302006166148
COSMOS 1249 COOLANT
1 26503U 81021E   23065.83349631  .00000455  00000-0  42487-3 0  9993
2 26503  64.9585 204.8470 0064176 284.5174 152.1617 13.91304336166385
COSMOS 1249 COOLANT
1 26503U 81021E   23065.83349631  .00000455  00000-0  42487-3 0  9993
2 26503  64.9585 204.8470 0064176 284.5174 152.1617 13.91304336166510
COSMOS 1249 COOLANT
1 26503U 81021E   23076.91025641  .00000308  00000-0  31014-3 0  9997
2 26503  64.9592 175.7636 0064563 281.7900 191.6240 13.91315939167921
COSMOS 1249 COOLANT
1 26503U 81021E   23076.91025641  .00000308  00000-0  31014-3 0  9997
2 26503  64.9592 175.7636 0064563 281.7900 191.6240 13.91315939168056
COSMOS 1249 COOLANT
1 26503U 81021E   23077.69306892  .00000283  00000-0  29078-3 0  9992
2 26503  64.9592 173.7078 0064545 281.5912 152.4691 13.91316454168031
COSMOS 1249 COOLANT
1 26503U 81021E   23085.59935365  .00000347  00000-0  34029-3 0  9996
2 26503  64.9585 152.9485 0064821 279.6439 152.4314 13.91323048169257
COSMOS 1249 COOLANT
1 26503U 81021E   23085.90715075  .00000328  00000-0  32564-3 0  9996
2 26503  64.9587 152.1406 0064833 279.5899 254.0672 13.91323259169177
COSMOS 1249 COOLANT
1 26503U 81021E   23088.54581312  .00000313  00000-0  31409-3 0  9995
2 26503  64.9581 145.2128 0064935 278.8533 150.3852 13.91325364169666
COSMOS 1249 COOLANT
1 26503U 81021E   23097.83898017  .00000203  00000-0  22881-3 0  9992
2 26503  64.9575 120.8090 0065218 276.8309 256.8113 13.91331342170960
COSMOS 1249 COOLANT
1 26503U 81021E   23097.83898017  .00000203  00000-0  22881-3 0  9992
2 26503  64.9575 120.8090 0065218 276.8309 256.8113 13.91331342170836
COSMOS 1249 COOLANT
1 26503U 81021E   23098.68869306  .00000174  00000-0  20621-3 0  9992
2 26503  64.9576 118.5772 0065195 276.5569 192.8428 13.91331643170952
COSMOS 1249 COOLANT
1 26503U 81021E   23107.37850787  .00000310  00000-0  31151-3 0  9994
2 26503  64.9577  95.7574 0065250 274.5009 157.6403 13.91337991172280
COSMOS 1249 COOLANT
1 26503U 81021E   23107.60232730  .00000307  00000-0  30935-3 0  9997
2 26503  64.9575  95.1690 0065224 274.3908 198.7490 13.91338190172192
COSMOS 1249 COOLANT
1 26503U 81021E   23112.33832471  .00000269  00000-0  27952-3 0  9993
2 26503  64.9571  82.7297 0065260 273.1844 160.1931 13.91342230172978
COSMOS 1249 COOLANT
1 26503U 81021E   23112.33832471  .00000269  00000-0  27952-3 0  9993
2 26503  64.9571  82.7297 0065260 273.1844 160.1931 13.91342230172855
COSMOS 1249 COOLANT
1 26503U 81021E   23114.27787331  .00000740  00000-0  64567-3 0  9999
2 26503  64.9587  77.6390 0065196 272.8103 154.8199 13.91346979173122
COSMOS 1249 COOLANT
1 26503U 81021E   23119.23775844  .00000198  00000-0  22481-3 0  9992
2 26503  64.9596  64.6156 0065145 271.5438 157.7452 13.91347237173930
COSMOS 1249 COOLANT
1 26503U 81021E   23119.23775844  .00000198  00000-0  22481-3 0  9992
2 26503  64.9596  64.6156 0065145 271.5438 157.7452 13.91347237173817
COSMOS 1249 COOLANT
1 26503U 81021E   23120.24451568  .00000186  00000-0  21539-3 0  9999
2 26503  64.9599  61.9719 0065146 271.3229 160.3327 13.91347840173958
COSMOS 1249 COOLANT
1 26503U 81021E   23123.10773863  .00000170  00000-0  20290-3 0  9998
2 26503  64.9603  54.4533 0065117 270.6614 101.5242 13.91349447174479
COSMOS 1249 COOLANT
1 26503U 81021E   23123.10773863  .00000170  00000-0  20290-3 0  9998
2 26503  64.9603  54.4533 0065117 270.6614 101.5242 13.91349447174356
COSMOS 1249 COOLANT
1 26503U 81021E   23125.20427407  .00000175  00000-0  20669-3 0  9996
2 26503  64.9606  48.9483 0065091 270.1473 162.6021 13.91350596174765
COSMOS 1249 COOLANT
1 26503U 81021E   23125.20427407  .00000175  00000-0  20669-3 0  9996
2 26503  64.9606  48.9483 0065091 270.1473 162.6021 13.91350596174642
COSMOS 1249 COOLANT
1 26503U 81021E   23128.15057007  .00000218  00000-0  24000-3 0  9999
2 26503  64.9609  41.2120 0065049 269.4179 159.9618 13.91352300175171
COSMOS 1249 COOLANT
1 26503U 81021E   23128.15057007  .00000218  00000-0  24000-3 0  9999
2 26503  64.9609  41.2120 0065049 269.4179 159.9618 13.91352300175058
COSMOS 1249 COOLANT
1 26503U 81021E   23129.38015226  .00000197  00000-0  22364-3 0  9999
2 26503  64.9611  37.9837 0065018 269.0868 198.7064 13.91352945175225
COSMOS 1249 COOLANT
1 26503U 81021E   23131.17069537  .00000206  00000-0  23046-3 0  9992
2 26503  64.9610  33.2820 0065001 268.6444 167.1636 13.91354065175479
COSMOS 1249 COOLANT
1 26503U 81021E   23132.10368264  .00000200  00000-0  22617-3 0  9992
2 26503  64.9610  30.8323 0064987 268.4073 160.3116 13.91354589175602
COSMOS 1249 COOLANT
1 26503U 81021E   23137.91443219  .00000114  00000-0  15941-3 0  9996
2 26503  64.9606  15.5739 0064895 266.9524 105.2171 13.91357261176419
COSMOS 1249 COOLANT
1 26503U 81021E   23137.91443219  .00000114  00000-0  15941-3 0  9996
2 26503  64.9606  15.5739 0064895 266.9524 105.2171 13.91357261176532
COSMOS 1249 COOLANT
1 26503U 81021E   23138.29396098  .00000108  00000-0  15478-3 0  9998
2 26503  64.9607  14.5770 0064884 266.9098 206.1530 13.91357487176463
COSMOS 1249 COOLANT
1 26503U 81021E   23141.01648211  .00000149  00000-0  18650-3 0  9999
2 26503  64.9605   7.4278 0064861 266.2441 162.7337 13.91358943176960
COSMOS 1249 COOLANT
1 26503U 81021E   23141.01648211  .00000149  00000-0  18650-3 0  9999
2 26503  64.9605   7.4278 0064861 266.2441 162.7337 13.91358943176847
COSMOS 1249 COOLANT
1 26503U 81021E   23142.02317222  .00000155  00000-0  19134-3 0  9991
2 26503  64.9604   4.7842 0064841 265.9742 165.0768 13.91359476176982
COSMOS 1249 COOLANT
1 26503U 81021E   23142.87396677  .00000153  00000-0  18952-3 0  9990
2 26503  64.9603   2.5500 0064829 265.7552 106.5575 13.91359918177103
COSMOS 1249 COOLANT
1 26503U 81021E   23147.98964300  .00000102  00000-0  14999-3 0  9992
2 26503  64.9597 349.1162 0064765 264.4737 170.0688 13.91361964177935
COSMOS 1249 COOLANT
1 26503U 81021E   23147.98964300  .00000102  00000-0  14999-3 0  9992
2 26503  64.9597 349.1162 0064765 264.4737 170.0688 13.91361964177812
COSMOS 1249 COOLANT
1 26503U 81021E   23150.93594073  .00000123  00000-0  16645-3 0  9990
2 26503  64.9596 341.3791 0064727 263.7253 167.5781 13.91363277178226
COSMOS 1249 COOLANT
1 26503U 81021E   23150.93594073  .00000123  00000-0  16645-3 0  9990
2 26503  64.9596 341.3791 0064727 263.7253 167.5781 13.91363277178349
COSMOS 1249 COOLANT
1 26503U 81021E   23153.79900618  .00000136  00000-0  17639-3 0  9991
2 26503  64.9594 333.8603 0064706 263.0087 108.1924 13.91364552178741
COSMOS 1249 COOLANT
1 26503U 81021E   23153.79900618  .00000136  00000-0  17639-3 0  9991
2 26503  64.9594 333.8603 0064706 263.0087 108.1924 13.91364552178628
COSMOS 1249 COOLANT
1 26503U 81021E   23154.88907500  .00000135  00000-0  17561-3 0  9992
2 26503  64.9593 330.9977 0064694 262.7245 168.1798 13.91365062178775
COSMOS 1249 COOLANT
1 26503U 81021E   23158.84200323  .00000145  00000-0  18355-3 0  9994
2 26503  64.9590 320.6166 0064683 261.7634 167.7338 13.91366785179327
COSMOS 1249 COOLANT
1 26503U 81021E   23158.84200323  .00000145  00000-0  18355-3 0  9994
2 26503  64.9590 320.6166 0064683 261.7634 167.7338 13.91366785179440
COSMOS 1249 COOLANT
1 26503U 81021E   23159.22234699  .00000152  00000-0  18856-3 0  9994
2 26503  64.9592 319.6180 0064668 261.6347 272.8502 13.91367019179373
COSMOS 1249 COOLANT
1 26503U 81021E   23159.69286720  .00000157  00000-0  19295-3 0  9990
2 26503  64.9591 318.3824 0064671 261.5059 109.6237 13.91367277179442
COSMOS 1249 COOLANT
1 26503U 81021E   23165.81507240  .00000123  00000-0  16594-3 0  9996
2 26503  64.9592 302.3048 0064637 259.9671 174.8358 13.91370068180292
COSMOS 1249 COOLANT
1 26503U 81021E   23165.81507240  .00000123  00000-0  16594-3 0  9996
2 26503  64.9592 302.3048 0064637 259.9671 174.8358 13.91370068180416
COSMOS 1249 COOLANT
1 26503U 81021E   23173.72118380  .00000173  00000-0  20546-3 0  9995
2 26503  64.9591 281.5428 0064572 257.9836 175.4609 13.91374170181510
COSMOS 1249 COOLANT
1 26503U 81021E   23177.67428333  .00000159  00000-0  19434-3 0  9993
2 26503  64.9590 271.1639 0064583 257.1632 175.8635 13.91376261182063
COSMOS 1249 COOLANT
1 26503U 81021E   23181.47218579  .00000113  00000-0  15873-3 0  9998
2 26503  64.9585 261.1899 0064501 256.1289 119.1879 13.91377902182593
COSMOS 1249 COOLANT
1 26503U 81021E   23190.38399897  .00000088  00000-0  13931-3 0  9995
2 26503  64.9573 237.7868 0064361 253.9308 117.4431 13.91381368183830
COSMOS 1249 COOLANT
1 26503U 81021E   23199.45246708  .00000125  00000-0  16819-3 0  9994
2 26503  64.9566 213.9714 0064169 251.7425 180.4291 13.91385065185092
COSMOS 1249 COOLANT
1 26503U 81021E   23205.41900556  .00000118  00000-0  16277-3 0  9996
2 26503  64.9572 198.3037 0063942 250.2014 186.3546 13.91387686185807
COSMOS 1249 COOLANT
1 26503U 81021E   23215.33799920  .00000172  00000-0  20440-3 0  9996
2 26503  64.9576 172.2533 0063607 247.8508 189.7455 13.91392893187311
COSMOS 1249 COOLANT
1 26503U 81021E   23220.22391411  .00000204  00000-0  22946-3 0  9992
2 26503  64.9585 159.4254 0063334 246.5920 183.0371 13.91395384187984
COSMOS 1249 COOLANT
1 26503U 81021E   23223.55119534  .00000115  00000-0  16009-3 0  9999
2 26503  64.9589 150.6875 0063144 245.8097 289.1653 13.91396698188459
COSMOS 1249 COOLANT
1 26503U 81021E   23230.14308251  .00000138  00000-0  17800-3 0  9993
2 26503  64.9585 133.3756 0062759 244.1216 187.6701 13.91399399189365
COSMOS 1249 COOLANT
1 26503U 81021E   23232.15640428  .00000139  00000-0  17840-3 0  9996
2 26503  64.9585 128.0903 0062717 243.5537 192.3860 13.91400277189652
COSMOS 1249 COOLANT
1 26503U 81021E   23236.10937795  .00000101  00000-0  14926-3 0  9992
2 26503  64.9584 117.7098 0062521 242.5617 192.7030 13.91401994190070
COSMOS 1249 COOLANT
1 26503U 81021E   23239.27869653  .00000115  00000-0  15995-3 0  9992
2 26503  64.9581 109.3866 0062336 241.7130 227.7862 13.91403308190648
COSMOS 1249 COOLANT
1 26503U 81021E   23239.27869653  .00000115  00000-0  15995-3 0  9992
2 26503  64.9581 109.3866 0062336 241.7130 227.7862 13.91403308190514
COSMOS 1249 COOLANT
1 26503U 81021E   23240.37022992  .00000107  00000-0  15410-3 0  9995
2 26503  64.9580 106.5200 0062280 241.4311 295.2582 13.91403672190669
COSMOS 1249 COOLANT
1 26503U 81021E   23248.19188750  .00000116  00000-0  16084-3 0  9996
2 26503  64.9580  85.9782 0061876 239.3866 233.8827 13.91406942191883
COSMOS 1249 COOLANT
1 26503U 81021E   23250.98800066  .00000160  00000-0  19513-3 0  9996
2 26503  64.9582  78.6347 0061709 238.6401 199.6307 13.91408329192270
COSMOS 1249 COOLANT
1 26503U 81021E   23250.98800066  .00000160  00000-0  19513-3 0  9996
2 26503  64.9582  78.6347 0061709 238.6401 199.6307 13.91408329192146
COSMOS 1249 COOLANT
1 26503U 81021E   23260.83362360  .00000269  00000-0  27994-3 0  9993
2 26503  64.9591  52.7767 0061372 236.1206 196.4241 13.91414100193638
COSMOS 1249 COOLANT
1 26503U 81021E   23260.83362360  .00000269  00000-0  27994-3 0  9993
2 26503  64.9591  52.7767 0061372 236.1206 196.4241 13.91414100193515
COSMOS 1249 COOLANT
1 26503U 81021E   23262.14807521  .00000248  00000-0  26374-3 0  9990
2 26503  64.9593  49.3242 0061293 235.8463 300.4745 13.91414802193694
COSMOS 1249 COOLANT
1 26503U 81021E   23263.69666078  .00000297  00000-0  30216-3 0  9995
2 26503  64.9598  45.2569 0061226 235.5867 137.2399 13.91416302194034
COSMOS 1249 COOLANT
1 26503U 81021E   23263.69666078  .00000297  00000-0  30216-3 0  9995
2 26503  64.9598  45.2569 0061226 235.5867 137.2399 13.91416302193910
COSMOS 1249 COOLANT
1 26503U 81021E   23268.73930618  .00000338  00000-0  33352-3 0  9999
2 26503  64.9600  32.0148 0061061 234.2536 196.0558 13.91420121194732
COSMOS 1249 COOLANT
1 26503U 81021E   23268.73930618  .00000338  00000-0  33352-3 0  9999
2 26503  64.9600  32.0148 0061061 234.2536 196.0558 13.91420121194619
COSMOS 1249 COOLANT
1 26503U 81021E   23272.76579000  .00000325  00000-0  32331-3 0  9993
2 26503  64.9613  21.4408 0060790 233.3109 204.8140 13.91423719195306
COSMOS 1249 COOLANT
1 26503U 81021E   23272.76579000  .00000325  00000-0  32331-3 0  9993
2 26503  64.9613  21.4408 0060790 233.3109 204.8140 13.91423719195171
COSMOS 1249 COOLANT
1 26503U 81021E   23275.01362403  .00000334  00000-0  33048-3 0  9997
2 26503  64.9615  15.5374 0060647 232.8038 304.2742 13.91425801195611
COSMOS 1249 COOLANT
1 26503U 81021E   23275.01362403  .00000334  00000-0  33048-3 0  9997
2 26503  64.9615  15.5374 0060647 232.8038 304.2742 13.91425801195486
COSMOS 1249 COOLANT
1 26503U 81021E   23277.65154316  .00000386  00000-0  37121-3 0  9994
2 26503  64.9617   8.6105 0060533 232.1287 197.7818 13.91428360195972
COSMOS 1249 COOLANT
1 26503U 81021E   23277.65154316  .00000386  00000-0  37121-3 0  9994
2 26503  64.9617   8.6105 0060533 232.1287 197.7818 13.91428360195859
COSMOS 1249 COOLANT
1 26503U 81021E   23279.66486291  .00000410  00000-0  39002-3 0  9995
2 26503  64.9615   3.3237 0060471 231.5943 202.6686 13.91430536196250
COSMOS 1249 COOLANT
1 26503U 81021E   23279.66486291  .00000410  00000-0  39002-3 0  9995
2 26503  64.9615   3.3237 0060471 231.5943 202.6686 13.91430536196137
COSMOS 1249 COOLANT
1 26503U 81021E   23281.60437563  .00000403  00000-0  38462-3 0  9991
2 26503  64.9613 358.2306 0060390 231.1164 197.8258 13.91432403196400
COSMOS 1249 COOLANT
1 26503U 81021E   23286.56388025  .00000401  00000-0  38285-3 0  9990
2 26503  64.9606 345.2079 0060169 229.9731 200.3213 13.91437400197093
COSMOS 1249 COOLANT
1 26503U 81021E   23286.56388025  .00000401  00000-0  38285-3 0  9990
2 26503  64.9606 345.2079 0060169 229.9731 200.3213 13.91437400197217
COSMOS 1249 COOLANT
1 26503U 81021E   23287.79405271  .00000372  00000-0  36008-3 0  9997
2 26503  64.9605 341.9765 0060079 229.5974 242.4466 13.91438534197267
COSMOS 1249 COOLANT
1 26503U 81021E   23290.59052177  .00000303  00000-0  30654-3 0  9997
2 26503  64.9602 334.6320 0059880 228.9195 210.2293 13.91440540197650
COSMOS 1249 COOLANT
1 26503U 81021E   23290.59052177  .00000303  00000-0  30654-3 0  9997
2 26503  64.9602 334.6320 0059880 228.9195 210.2293 13.91440540197784
COSMOS 1249 COOLANT
1 26503U 81021E   23299.42894854  .00000205  00000-0  22996-3 0  9995
2 26503  64.9590 311.4206 0059365 226.7003 202.9684 13.91446167199008
COSMOS 1249 COOLANT
1 26503U 81021E   23299.42894854  .00000205  00000-0  22996-3 0  9995
2 26503  64.9590 311.4206 0059365 226.7003 202.9684 13.91446167198883
COSMOS 1249 COOLANT
1 26503U 81021E   23306.40180649  .00000229  00000-0  24890-3 0  9993
2 26503  64.9584 293.1062 0058815 224.9493 210.9810 13.91450983199976
COSMOS 1249 COOLANT
1 26503U 81021E   23306.40180649  .00000229  00000-0  24890-3 0  9993
2 26503  64.9584 293.1062 0058815 224.9493 210.9810 13.91450983199853
COSMOS 1249 COOLANT
1 26503U 81021E   23308.41495551  .00000286  00000-0  29321-3 0  9994
2 26503  64.9583 287.8168 0058602 224.4532 215.1377 13.91452665200264
COSMOS 1249 COOLANT
1 26503U 81021E   23308.41495551  .00000286  00000-0  29321-3 0  9994
2 26503  64.9583 287.8168 0058602 224.4532 215.1377 13.91452665200130
COSMOS 1249 COOLANT
1 26503U 81021E   23309.34775757  .00000351  00000-0  34394-3 0  9995
2 26503  64.9583 285.3662 0058510 224.2176 207.6897 13.91453779200266
COSMOS 1249 COOLANT
1 26503U 81021E   23311.36135510  .00000448  00000-0  41961-3 0  9992
2 26503  64.9594 280.0755 0058221 223.4184 214.4237 13.91456345200673
COSMOS 1249 COOLANT
1 26503U 81021E   23311.36135510  .00000448  00000-0  41961-3 0  9992
2 26503  64.9594 280.0755 0058221 223.4184 214.4237 13.91456345200549
COSMOS 1249 COOLANT
1 26503U 81021E   23313.52456226  .00000343  00000-0  33824-3 0  9995
2 26503  64.9585 274.3939 0057984 223.2036 249.9609 13.91457923200974
COSMOS 1249 COOLANT
1 26503U 81021E   23313.52456226  .00000343  00000-0  33824-3 0  9995
2 26503  64.9585 274.3939 0057984 223.2036 249.9609 13.91457923200840
COSMOS 1249 COOLANT
1 26503U 81021E   23314.53112448  .00000313  00000-0  31449-3 0  9990
2 26503  64.9587 271.7515 0057975 222.8635 252.0941 13.91458785200989
COSMOS 1249 COOLANT
1 26503U 81021E   23316.24635508  .00000232  00000-0  25128-3 0  9994
2 26503  64.9586 267.2469 0057929 222.3869 204.0352 13.91459821201345
COSMOS 1249 COOLANT
1 26503U 81021E   23316.24635508  .00000232  00000-0  25128-3 0  9994
2 26503  64.9586 267.2469 0057929 222.3869 204.0352 13.91459821201222
COSMOS 1249 COOLANT
1 26503U 81021E   23317.47707354  .00000222  00000-0  24350-3 0  9994
2 26503  64.9589 264.0155 0057824 222.0830 248.9195 13.91460608201396
COSMOS 1249 COOLANT
1 26503U 81021E   23318.48276944  .00000189  00000-0  21769-3 0  9995
2 26503  64.9588 261.3742 0057754 221.7928 246.6703 13.91460989201665
COSMOS 1249 COOLANT
1 26503U 81021E   23318.48276944  .00000189  00000-0  21769-3 0  9995
2 26503  64.9588 261.3742 0057754 221.7928 246.6703 13.91460989201531
COSMOS 1249 COOLANT
1 26503U 81021E   23320.27315023  .00000178  00000-0  20924-3 0  9997
2 26503  64.9590 256.6720 0057599 221.3083 215.0524 13.91461888201789
COSMOS 1249 COOLANT
1 26503U 81021E   23321.43003564  .00000163  00000-0  19782-3 0  9994
2 26503  64.9591 253.6337 0057493 221.0088 250.1159 13.91462366202075
COSMOS 1249 COOLANT
1 26503U 81021E   23321.43003564  .00000163  00000-0  19782-3 0  9994
2 26503  64.9591 253.6337 0057493 221.0088 250.1159 13.91462366201940
COSMOS 1249 COOLANT
1 26503U 81021E   23322.43646042  .00000149  00000-0  18712-3 0  9995
2 26503  64.9591 250.9904 0057406 220.7360 251.5069 13.91462782202086
COSMOS 1249 COOLANT
1 26503U 81021E   23324.22596244  .00000120  00000-0  16419-3 0  9993
2 26503  64.9592 246.2907 0057252 220.2459 215.5046 13.91463508202454
COSMOS 1249 COOLANT
1 26503U 81021E   23324.22596244  .00000120  00000-0  16419-3 0  9993
2 26503  64.9592 246.2907 0057252 220.2459 215.5046 13.91463508202331
COSMOS 1249 COOLANT
1 26503U 81021E   23325.15819623  .00000106  00000-0  15340-3 0  9991
2 26503  64.9592 243.8424 0057169 219.9909 205.2635 13.91463813202463
COSMOS 1249 COOLANT
1 26503U 81021E   23326.16525757  .00000155  00000-0  19136-3 0  9996
2 26503  64.9591 241.1977 0057082 219.7219 209.8458 13.91464545202604
COSMOS 1249 COOLANT
1 26503U 81021E   23327.17194624  .00000186  00000-0  21577-3 0  9999
2 26503  64.9590 238.5538 0056996 219.4484 212.5683 13.91465240202862
COSMOS 1249 COOLANT
1 26503U 81021E   23327.39511667  .00000182  00000-0  21269-3 0  9997
2 26503  64.9590 237.9675 0056969 219.3937 250.4722 13.91465372202770
COSMOS 1249 COOLANT
1 26503U 81021E   23329.11119390  .00000218  00000-0  24060-3 0  9998
2 26503  64.9588 233.4607 0056827 218.9249 206.6846 13.91466480203016
COSMOS 1249 COOLANT
1 26503U 81021E   23330.11760508  .00000377  00000-0  36428-3 0  9990
2 26503  64.9588 230.8176 0056738 218.6464 208.0329 13.91468162203274
COSMOS 1249 COOLANT
1 26503U 81021E   23330.34190022  .00000282  00000-0  29020-3 0  9998
2 26503  64.9587 230.2285 0056715 218.5871 251.5741 13.91467673203181
COSMOS 1249 COOLANT
1 26503U 81021E   23331.34866122  .00000263  00000-0  27536-3 0  9999
2 26503  64.9587 227.5846 0056631 218.3087 254.6753 13.91468325203325
COSMOS 1249 COOLANT
1 26503U 81021E   23332.35536203  .00000281  00000-0  28965-3 0  9992
2 26503  64.9587 224.9408 0056545 218.0296 257.4792 13.91469253203597
COSMOS 1249 COOLANT
1 26503U 81021E   23332.35536203  .00000281  00000-0  28965-3 0  9992
2 26503  64.9587 224.9408 0056545 218.0296 257.4792 13.91469253203463
COSMOS 1249 COOLANT
1 26503U 81021E   23335.30126220  .00000303  00000-0  30671-3 0  9996
2 26503  64.9584 217.2041 0056306 217.2056 254.2178 13.91471754204001
COSMOS 1249 COOLANT
1 26503U 81021E   23335.30126220  .00000303  00000-0  30671-3 0  9996
2 26503  64.9584 217.2041 0056306 217.2056 254.2178 13.91471754203875
COSMOS 1249 COOLANT
1 26503U 81021E   23336.30797545  .00000473  00000-0  43942-3 0  9994
2 26503  64.9584 214.5605 0056233 216.9111 257.1173 13.91473905204012
COSMOS 1249 COOLANT
1 26503U 81021E   23336.30797545  .00000473  00000-0  43942-3 0  9994
2 26503  64.9584 214.5605 0056233 216.9111 257.1173 13.91473905204146
COSMOS 1249 COOLANT
1 26503U 81021E   23342.05015226  .00000124  00000-0  16750-3 0  9992
2 26503  64.9575 199.4795 0055731 215.3186 221.1555 13.91475718204941
COSMOS 1249 COOLANT
1 26503U 81021E   23342.05015226  .00000124  00000-0  16750-3 0  9992
2 26503  64.9575 199.4795 0055731 215.3186 221.1555 13.91475718204817
COSMOS 1249 COOLANT
1 26503U 81021E   23344.21335971  .00000126  00000-0  16926-3 0  9991
2 26503  64.9572 193.7980 0055566 214.7222 257.2291 13.91476658205246
COSMOS 1249 COOLANT
1 26503U 81021E   23344.21335971  .00000126  00000-0  16926-3 0  9991
2 26503  64.9572 193.7980 0055566 214.7222 257.2291 13.91476658205112
COSMOS 1249 COOLANT
1 26503U 81021E   23345.22005039  .00000115  00000-0  16038-3 0  9994
2 26503  64.9571 191.1537 0055476 214.4530 260.0009 13.91477039205258
COSMOS 1249 COOLANT
1 26503U 81021E   23346.22692222  .00000111  00000-0  15704-3 0  9996
2 26503  64.9571 188.5091 0055387 214.1771 263.6882 13.91477428205393
COSMOS 1249 COOLANT
1 26503U 81021E   23346.22692222  .00000111  00000-0  15704-3 0  9996
2 26503  64.9571 188.5091 0055387 214.1771 263.6882 13.91477428205528
COSMOS 1249 COOLANT
1 26503U 81021E   23351.18641498  .00000125  00000-0  16843-3 0  9996
2 26503  64.9566 175.4830 0054988 212.8131 267.1270 13.91479603206213
COSMOS 1249 COOLANT
1 26503U 81021E   23351.18641498  .00000125  00000-0  16843-3 0  9996
2 26503  64.9566 175.4830 0054988 212.8131 267.1270 13.91479603206088
COSMOS 1249 COOLANT
1 26503U 81021E   23351.89464414  .00000172  00000-0  20493-3 0  9993
2 26503  64.9566 173.6227 0054904 212.6297 214.8300 13.91480153206183
COSMOS 1249 COOLANT
1 26503U 81021E   23355.84738720  .00000274  00000-0  28411-3 0  9997
2 26503  64.9570 163.2410 0054568 211.5714 215.2043 13.91483185206733
COSMOS 1249 COOLANT
1 26503U 81021E   23357.86099628  .00000356  00000-0  34846-3 0  9998
2 26503  64.9575 157.9526 0054388 211.0272 221.9502 13.91485403207134
COSMOS 1249 COOLANT
1 26503U 81021E   23357.86099628  .00000356  00000-0  34846-3 0  9998
2 26503  64.9575 157.9526 0054388 211.0272 221.9502 13.91485403207011
COSMOS 1249 COOLANT
1 26503U 81021E   23359.09140475  .00000342  00000-0  33721-3 0  9998
2 26503  64.9576 154.7210 0054293 210.6889 265.4325 13.91486530207187
COSMOS 1249 COOLANT
1 26503U 81021E   23360.80679605  .00000337  00000-0  33379-3 0  9994
2 26503  64.9579 150.2170 0054195 210.2712 218.2918 13.91488128207547
COSMOS 1249 COOLANT
1 26503U 81021E   23360.80679605  .00000337  00000-0  33379-3 0  9994
2 26503  64.9579 150.2170 0054195 210.2712 218.2918 13.91488128207424
COSMOS 1249 COOLANT
1 26503U 81021E   23361.81313837  .00000357  00000-0  34933-3 0  9997
2 26503  64.9579 147.5739 0054114 210.0037 219.3593 13.91489143207567
COSMOS 1249 COOLANT
1 26503U 81021E   23362.82011753  .00000319  00000-0  31990-3 0  9999
2 26503  64.9581 144.9295 0054024 209.7548 223.6012 13.91489861207820
COSMOS 1249 COOLANT
1 26503U 81021E   23362.82011753  .00000319  00000-0  31990-3 0  9999
2 26503  64.9581 144.9295 0054024 209.7548 223.6012 13.91489861207707
COSMOS 1249 COOLANT
1 26503U 81021E   23363.04405271  .00000275  00000-0  28521-3 0  9993
2 26503  64.9581 144.3413 0054004 209.6961 265.3592 13.91489833207737
COSMOS 1249 COOLANT
1 26503U 81021E   23364.05076451  .00000259  00000-0  27316-3 0  9992
2 26503  64.9579 141.6962 0053934 209.4211 268.2918 13.91490541207877
COSMOS 1249 COOLANT
1 26503U 81021E   23364.75922661  .00000255  00000-0  26954-3 0  9995
2 26503  64.9580 139.8352 0053866 209.2344 217.1928 13.91491020207978
COSMOS 1249 COOLANT
1 26503U 81021E   24001.77253564  .00000262  00000-0  27508-3 0  9999
2 26503  64.9583 134.5476 0053701 208.7040 222.4729 13.91492476208374
COSMOS 1249 COOLANT
1 26503U 81021E   24001.77253564  .00000262  00000-0  27508-3 0  9999
2 26503  64.9583 134.5476 0053701 208.7040 222.4729 13.91492476208251
COSMOS 1249 COOLANT
1 26503U 81021E   24003.00338257  .00000239  00000-0  25712-3 0  9999
2 26503  64.9585 131.3152 0053603 208.3923 268.1532 13.91493201208421
COSMOS 1249 COOLANT
1 26503U 81021E   24004.94264096  .00000210  00000-0  23429-3 0  9994
2 26503  64.9588 126.2222 0053450 207.8750 262.5118 13.91494286208823
COSMOS 1249 COOLANT
1 26503U 81021E   24004.94264096  .00000210  00000-0  23429-3 0  9994
2 26503  64.9588 126.2222 0053450 207.8750 262.5118 13.91494286208698
COSMOS 1249 COOLANT
1 26503U 81021E   24005.94928303  .00000212  00000-0  23617-3 0  9994
2 26503  64.9588 123.5780 0053368 207.6082 265.1020 13.91494951208837
COSMOS 1249 COOLANT
1 26503U 81021E   24012.62362465  .00000329  00000-0  32760-3 0  9996
2 26503  64.9591 106.0484 0052794 205.8581 219.0425 13.91499926209761
COSMOS 1249 COOLANT
1 26503U 81021E   24012.62362465  .00000329  00000-0  32760-3 0  9996
2 26503  64.9591 106.0484 0052794 205.8581 219.0425 13.91499926209884
COSMOS 1249 COOLANT
1 26503U 81021E   24013.85451597  .00000370  00000-0  35976-3 0  9995
2 26503  64.9591 102.8154 0052690 205.5239 265.0019 13.91501128209938
COSMOS 1249 COOLANT
1 26503U 81021E   24014.86125178  .00000404  00000-0  38593-3 0  9996
2 26503  64.9592 100.1711 0052587 205.2810 268.0632 13.91502250210209
COSMOS 1249 COOLANT
1 26503U 81021E   24014.86125178  .00000404  00000-0  38593-3 0  9996
2 26503  64.9592 100.1711 0052587 205.2810 268.0632 13.91502250210074
COSMOS 1249 COOLANT
1 26503U 81021E   24015.86782499  .00000364  00000-0  35500-3 0  9992
2 26503  64.9592  97.5275 0052498 205.0223 270.3294 13.91503023210210
COSMOS 1249 COOLANT
1 26503U 81021E   24017.65712015  .00000361  00000-0  35259-3 0  9996
2 26503  64.9592  92.8278 0052323 204.5490 233.5369 13.91504748210598
COSMOS 1249 COOLANT
1 26503U 81021E   24017.65712015  .00000361  00000-0  35259-3 0  9996
2 26503  64.9592  92.8278 0052323 204.5490 233.5369 13.91504748210464
COSMOS 1249 COOLANT
1 26503U 81021E   24018.58972429  .00000333  00000-0  33038-3 0  9998
2 26503  64.9592  90.3785 0052247 204.2977 225.2868 13.91505478210599
COSMOS 1249 COOLANT
1 26503U 81021E   24020.60312795  .00000300  00000-0  30512-3 0  9996
2 26503  64.9591  85.0902 0052055 203.7626 231.1530 13.91507180210877
COSMOS 1249 COOLANT
1 26503U 81021E   24020.60312795  .00000300  00000-0  30512-3 0  9996
2 26503  64.9591  85.0902 0052055 203.7626 231.1530 13.91507180210990
COSMOS 1249 COOLANT
1 26503U 81021E   24021.53531340  .00000301  00000-0  30558-3 0  9999
2 26503  64.9590  82.6415 0051957 203.5147 220.8104 13.91507932211007
COSMOS 1249 COOLANT
1 26503U 81021E   24022.76648240  .00000299  00000-0  30416-3 0  9992
2 26503  64.9590  79.4078 0051838 203.1904 268.1855 13.91508861211304
COSMOS 1249 COOLANT
1 26503U 81021E   24022.76648240  .00000299  00000-0  30416-3 0  9992
2 26503  64.9590  79.4078 0051838 203.1904 268.1855 13.91508861211179
COSMOS 1249 COOLANT
1 26503U 81021E   24023.77303332  .00000278  00000-0  28772-3 0  9993
2 26503  64.9589  76.7639 0051738 202.9251 270.3705 13.91509551211313
COSMOS 1249 COOLANT
1 26503U 81021E   24026.49473462  .00000261  00000-0  27466-3 0  9998
2 26503  64.9588  69.6149 0051468 202.1860 224.4100 13.91511401211818
COSMOS 1249 COOLANT
1 26503U 81021E   24026.49473462  .00000261  00000-0  27466-3 0  9998
2 26503  64.9588  69.6149 0051468 202.1860 224.4100 13.91511401211694
COSMOS 1249 COOLANT
1 26503U 81021E   24027.72550062  .00000263  00000-0  27593-3 0  9990
2 26503  64.9587  66.3820 0051344 201.8491 269.7947 13.91512279211866
COSMOS 1249 COOLANT
1 26503U 81021E   24028.73211897  .00000217  00000-0  24052-3 0  9998
2 26503  64.9587  63.7381 0051247 201.5704 272.3427 13.91512754212003
COSMOS 1249 COOLANT
1 26503U 81021E   24028.73211897  .00000217  00000-0  24052-3 0  9998
2 26503  64.9587  63.7381 0051247 201.5704 272.3427 13.91512754212137
COSMOS 1249 COOLANT
1 26503U 81021E   24031.45389184  .00000177  00000-0  20887-3 0  9993
2 26503  64.9588  56.5890 0050986 200.8053 226.7964 13.91514147212509
COSMOS 1249 COOLANT
1 26503U 81021E   24031.45389184  .00000177  00000-0  20887-3 0  9993
2 26503  64.9588  56.5890 0050986 200.8053 226.7964 13.91514147212385
COSMOS 1249 COOLANT
1 26503U 81021E   24033.69148442  .00000152  00000-0  18991-3 0  9997
2 26503  64.9588  50.7114 0050761 200.1719 275.8109 13.91515245212828
COSMOS 1249 COOLANT
1 26503U 81021E   24033.69148442  .00000152  00000-0  18991-3 0  9997
2 26503  64.9588  50.7114 0050761 200.1719 275.8109 13.91515245212693
COSMOS 1249 COOLANT
1 26503U 81021E   24034.47407587  .00000164  00000-0  19912-3 0  9999
2 26503  64.9589  48.6560 0050680 199.9506 236.1322 13.91515657212801
COSMOS 1249 COOLANT
1 26503U 81021E   24034.69816150  .00000151  00000-0  18852-3 0  9991
2 26503  64.9589  48.0674 0050656 199.8885 278.6683 13.91515711212838
COSMOS 1249 COOLANT
1 26503U 81021E   24036.41323211  .00000198  00000-0  22533-3 0  9996
2 26503  64.9590  43.5624 0050491 199.3873 230.1809 13.91516749213199
COSMOS 1249 COOLANT
1 26503U 81021E   24036.63735132  .00000200  00000-0  22663-3 0  9997
2 26503  64.9591  42.9737 0050468 199.3220 272.8891 13.91516893213103
COSMOS 1249 COOLANT
1 26503U 81021E   24037.42015255  .00000206  00000-0  23156-3 0  9996
2 26503  64.9591  40.9175 0050392 199.0909 234.2760 13.91517351213213
COSMOS 1249 COOLANT
1 26503U 81021E   24038.42679491  .00000232  00000-0  25224-3 0  9992
2 26503  64.9593  38.2735 0050284 198.8019 236.9734 13.91518098213350
COSMOS 1249 COOLANT
1 26503U 81021E   24038.42679491  .00000232  00000-0  25224-3 0  9992
2 26503  64.9593  38.2735 0050284 198.8019 236.9734 13.91518098213473
COSMOS 1249 COOLANT
1 26503U 81021E   24042.60324253  .00000254  00000-0  26930-3 0  9999
2 26503  64.9598  27.3034 0049851 197.5718 278.6237 13.91521046214063
COSMOS 1249 COOLANT
1 26503U 81021E   24042.60324253  .00000254  00000-0  26930-3 0  9999
2 26503  64.9598  27.3034 0049851 197.5718 278.6237 13.91521046213938
COSMOS 1249 COOLANT
1 26503U 81021E   24044.54232837  .00000369  00000-0  35867-3 0  9996
2 26503  64.9601  22.2102 0049659 196.9934 272.3750 13.91523062214204
COSMOS 1249 COOLANT
1 26503U 81021E   24045.32514212  .00000346  00000-0  34095-3 0  9990
2 26503  64.9602  20.1540 0049580 196.7539 233.8501 13.91523579214434
COSMOS 1249 COOLANT
1 26503U 81021E   24045.32514212  .00000346  00000-0  34095-3 0  9990
2 26503  64.9602  20.1540 0049580 196.7539 233.8501 13.91523579214311
COSMOS 1249 COOLANT
1 26503U 81021E   24045.54902956  .00000348  00000-0  34240-3 0  9994
2 26503  64.9602  19.5658 0049561 196.6808 275.4101 13.91523756214348
COSMOS 1249 COOLANT
1 26503U 81021E   24046.55598701  .00000331  00000-0  32951-3 0  9994
2 26503  64.9603  16.9210 0049454 196.3756 279.7245 13.91524502214485
COSMOS 1249 COOLANT
1 26503U 81021E   24047.56265139  .00000286  00000-0  29415-3 0  9992
2 26503  64.9605  14.2769 0049350 196.0703 282.5739 13.91525089214628
COSMOS 1249 COOLANT
1 26503U 81021E   24047.56265139  .00000286  00000-0  29415-3 0  9992
2 26503  64.9605  14.2769 0049350 196.0703 282.5739 13.91525089214752
COSMOS 1249 COOLANT
1 26503U 81021E   24049.50162361  .00000312  00000-0  31489-3 0  9995
2 26503  64.9609   9.1844 0049154 195.4800 275.7958 13.91526768214893
COSMOS 1249 COOLANT
1 26503U 81021E   24050.50853071  .00000278  00000-0  28762-3 0  9993
2 26503  64.9610   6.5398 0049050 195.1657 279.8775 13.91527371215166
COSMOS 1249 COOLANT
1 26503U 81021E   24050.50853071  .00000278  00000-0  28762-3 0  9993
2 26503  64.9610   6.5398 0049050 195.1657 279.8775 13.91527371215032
COSMOS 1249 COOLANT
1 26503U 81021E   24051.51501337  .00000233  00000-0  25279-3 0  9991
2 26503  64.9610   3.8964 0048961 194.8490 281.8380 13.91527878215174
COSMOS 1249 COOLANT
1 26503U 81021E   24052.52193351  .00000213  00000-0  23738-3 0  9992
2 26503  64.9611   1.2517 0048858 194.5348 285.9897 13.91528463215444
COSMOS 1249 COOLANT
1 26503U 81021E   24052.52193351  .00000213  00000-0  23738-3 0  9992
2 26503  64.9611   1.2517 0048858 194.5348 285.9897 13.91528463215310
COSMOS 1249 COOLANT
1 26503U 81021E   24053.23002406  .00000193  00000-0  22166-3 0  9992
2 26503  64.9612 359.3922 0048791 194.3160 233.1575 13.91528776215410
COSMOS 1249 COOLANT
1 26503U 81021E   24054.46083542  .00000178  00000-0  20994-3 0  9998
2 26503  64.9613 356.1597 0048659 193.9375 278.8870 13.91529433215583
COSMOS 1249 COOLANT
1 26503U 81021E   24055.46746823  .00000212  00000-0  23617-3 0  9991
2 26503  64.9613 353.5158 0048556 193.6189 281.6093 13.91530205215851
COSMOS 1249 COOLANT
1 26503U 81021E   24055.46746823  .00000212  00000-0  23617-3 0  9991
2 26503  64.9613 353.5158 0048556 193.6189 281.6093 13.91530205215727
COSMOS 1249 COOLANT
1 26503U 81021E   24056.25015255  .00000208  00000-0  23357-3 0  9993
2 26503  64.9614 351.4602 0048473 193.3750 242.4602 13.91530616215837
COSMOS 1249 COOLANT
1 26503U 81021E   24057.18264097  .00000223  00000-0  24538-3 0  9995
2 26503  64.9614 349.0111 0048383 193.0824 233.7574 13.91531188215964
COSMOS 1249 COOLANT
1 26503U 81021E   24058.41327638  .00000210  00000-0  23484-3 0  9998
2 26503  64.9614 345.7789 0048258 192.6926 278.6266 13.91531787216262
COSMOS 1249 COOLANT
1 26503U 81021E   24058.41327638  .00000210  00000-0  23484-3 0  9998
2 26503  64.9614 345.7789 0048258 192.6926 278.6266 13.91531787216138
COSMOS 1249 COOLANT
1 26503U 81021E   24059.41996706  .00000190  00000-0  21897-3 0  9990
2 26503  64.9614 343.1349 0048153 192.3751 281.6455 13.91532259216273
COSMOS 1249 COOLANT
1 26503U 81021E   24060.42662562  .00000171  00000-0  20443-3 0  9998
2 26503  64.9614 340.4911 0048055 192.0557 284.5074 13.91532729216541
COSMOS 1249 COOLANT
1 26503U 81021E   24060.42662562  .00000171  00000-0  20443-3 0  9998
2 26503  64.9614 340.4911 0048055 192.0557 284.5074 13.91532729216417
COSMOS 1249 COOLANT
1 26503U 81021E   24061.13509552  .00000156  00000-0  19258-3 0  9991
2 26503  64.9613 338.6304 0047984 191.8299 233.5935 13.91533016216512
COSMOS 1249 COOLANT
1 26503U 81021E   24063.14840456  .00000163  00000-0  19845-3 0  9995
2 26503  64.9611 333.3427 0047790 191.1845 239.2914 13.91534103216915
COSMOS 1249 COOLANT
1 26503U 81021E   24063.37243350  .00000175  00000-0  20785-3 0  9998
2 26503  64.9611 332.7543 0047770 191.1125 281.5682 13.91534313216821
COSMOS 1249 COOLANT
1 26503U 81021E   24064.37907701  .00000177  00000-0  20903-3 0  9990
2 26503  64.9609 330.1105 0047673 190.7894 284.3667 13.91534911216967
COSMOS 1249 COOLANT
1 26503U 81021E   24066.09415920  .00000199  00000-0  22676-3 0  9991
2 26503  64.9607 325.6059 0047501 190.2305 236.1133 13.91535910217328
COSMOS 1249 COOLANT
1 26503U 81021E   24066.09415920  .00000199  00000-0  22676-3 0  9991
2 26503  64.9607 325.6059 0047501 190.2305 236.1133 13.91535910217205
COSMOS 1249 COOLANT
1 26503U 81021E   24067.32500208  .00000216  00000-0  23995-3 0  9997
2 26503  64.9604 322.3730 0047379 189.8335 282.0515 13.91536711217374
COSMOS 1249 COOLANT
1 26503U 81021E   24068.10736406  .00000215  00000-0  23921-3 0  9993
2 26503  64.9602 320.3180 0047309 189.5747 241.3215 13.91537161217607
COSMOS 1249 COOLANT
1 26503U 81021E   24068.33060269  .00000220  00000-0  24256-3 0  9993
2 26503  64.9602 319.7317 0047289 189.5025 279.6422 13.91537347217517
COSMOS 1249 COOLANT
1 26503U 81021E   24069.33826712  .00000217  00000-0  24083-3 0  9991
2 26503  64.9600 317.0848 0047187 189.1737 287.5710 13.91537948217658
COSMOS 1249 COOLANT
1 26503U 81021E   24070.04665687  .00000193  00000-0  22187-3 0  9999
2 26503  64.9598 315.2242 0047126 188.9422 236.2746 13.91538202217758
COSMOS 1249 COOLANT
1 26503U 81021E   24071.05325410  .00000181  00000-0  21230-3 0  9993
2 26503  64.9597 312.5802 0047033 188.6141 238.8597 13.91538676218018
COSMOS 1249 COOLANT
1 26503U 81021E   24071.27723558  .00000181  00000-0  21253-3 0  9997
2 26503  64.9596 311.9918 0047012 188.5399 280.9046 13.91538816217921
COSMOS 1249 COOLANT
1 26503U 81021E   24072.28413373  .00000172  00000-0  20538-3 0  9995
2 26503  64.9594 309.3471 0046921 188.2127 284.9990 13.91539349218068
COSMOS 1249 COOLANT
1 26503U 81021E   24073.29092914  .00000158  00000-0  19422-3 0  9995
2 26503  64.9592 306.7026 0046823 187.8882 288.5783 13.91539863218338
COSMOS 1249 COOLANT
1 26503U 81021E   24073.29092914  .00000158  00000-0  19422-3 0  9995
2 26503  64.9592 306.7026 0046823 187.8882 288.5783 13.91539863218204
COSMOS 1249 COOLANT
1 26503U 81021E   24074.29709583  .00000169  00000-0  20276-3 0  9994
2 26503  64.9590 304.0597 0046727 187.5598 289.0139 13.91540474218346
COSMOS 1249 COOLANT
1 26503U 81021E   24075.00560479  .00000164  00000-0  19897-3 0  9995
2 26503  64.9588 302.1987 0046666 187.3322 238.3177 13.91540805218448
COSMOS 1249 COOLANT
1 26503U 81021E   24076.23649397  .00000163  00000-0  19816-3 0  9998
2 26503  64.9585 298.9655 0046556 186.9330 284.5115 13.91541420218743
COSMOS 1249 COOLANT
1 26503U 81021E   24076.23649397  .00000163  00000-0  19816-3 0  9998
2 26503  64.9585 298.9655 0046556 186.9330 284.5115 13.91541420218619
COSMOS 1249 COOLANT
1 26503U 81021E   24078.24988720  .00000154  00000-0  19163-3 0  9992
2 26503  64.9582 293.6768 0046373 186.2782 290.7024 13.91542414219022
COSMOS 1249 COOLANT
1 26503U 81021E   24078.24988720  .00000154  00000-0  19163-3 0  9992
2 26503  64.9582 293.6768 0046373 186.2782 290.7024 13.91542414218896
COSMOS 1249 COOLANT
1 26503U 81021E   24080.18890139  .00000247  00000-0  26435-3 0  9997
2 26503  64.9579 288.5833 0046197 185.6553 284.2886 13.91543924219163
COSMOS 1249 COOLANT
1 26503U 81021E   24081.19567308  .00000279  00000-0  28870-3 0  9998
2 26503  64.9578 285.9386 0046112 185.3262 287.7701 13.91544722219438
COSMOS 1249 COOLANT
1 26503U 81021E   24081.19567308  .00000279  00000-0  28870-3 0  9998
2 26503  64.9578 285.9386 0046112 185.3262 287.7701 13.91544722219304
COSMOS 1249 COOLANT
1 26503U 81021E   24082.20231573  .00000307  00000-0  31102-3 0  9997
2 26503  64.9577 283.2944 0046024 184.9966 290.6092 13.91545609219448
COSMOS 1249 COOLANT
1 26503U 81021E   24083.91746735  .00000354  00000-0  34791-3 0  9996
2 26503  64.9575 278.7890 0045872 184.4619 242.7502 13.91547279219680
COSMOS 1249 COOLANT
1 26503U 81021E   24083.91746735  .00000354  00000-0  34791-3 0  9996
2 26503  64.9575 278.7890 0045872 184.4619 242.7502 13.91547279219804
COSMOS 1249 COOLANT
1 26503U 81021E   24084.92408647  .00000998  00000-0  85054-3 0  9997
2 26503  64.9574 276.1446 0045783 184.1425 245.4805 13.91552182219822
COSMOS 1249 COOLANT
1 26503U 81021E   24085.77548959  .00000645  00000-0  57471-3 0  9993
2 26503  64.9573 273.9083 0045739 183.8745 190.6356 13.91550967219949
COSMOS 1249 COOLANT
1 26503U 81021E   24086.93741991  .00000417  00000-0  39658-3 0  9997
2 26503  64.9574 270.8561 0045600 183.5011 251.4106 13.91550908220101
COSMOS 1249 COOLANT
1 26503U 81021E   24087.16145104  .00000441  00000-0  41552-3 0  9990
2 26503  64.9574 270.2677 0045581 183.4250 293.7157 13.91551270220260
COSMOS 1249 COOLANT
1 26503U 81021E   24088.87668003  .00000396  00000-0  38074-3 0  9991
2 26503  64.9574 265.7619 0045432 182.8898 246.2789 13.91552840220371
COSMOS 1249 COOLANT
1 26503U 81021E   24091.89642569  .00000332  00000-0  33044-3 0  9998
2 26503  64.9575 257.8292 0045175 181.9388 253.9448 13.91555442220917
COSMOS 1249 COOLANT
1 26503U 81021E   24092.82907470  .00000320  00000-0  32111-3 0  9998
2 26503  64.9577 255.3794 0045089 181.6461 246.1315 13.91556166220924
COSMOS 1249 COOLANT
1 26503U 81021E   24093.83553448  .00000296  00000-0  30254-3 0  9990
2 26503  64.9578 252.7356 0045003 181.3350 248.0764 13.91556832221065
COSMOS 1249 COOLANT
1 26503U 81021E   24094.05959698  .00000292  00000-0  29905-3 0  9999
2 26503  64.9578 252.1470 0044983 181.2659 290.5369 13.91557011221224
COSMOS 1249 COOLANT
1 26503U 81021E   24094.05959698  .00000292  00000-0  29905-3 0  9999
2 26503  64.9578 252.1470 0044983 181.2659 290.5369 13.91557011221099
COSMOS 1249 COOLANT
1 26503U 81021E   24095.06595086  .00000257  00000-0  27176-3 0  9997
2 26503  64.9579 249.5033 0044896 180.9534 291.9564 13.91557617221236
COSMOS 1249 COOLANT
1 26503U 81021E   24096.78134552  .00000202  00000-0  22858-3 0  9996
2 26503  64.9581 244.9975 0044747 180.4157 245.3893 13.91558557221595
COSMOS 1249 COOLANT
1 26503U 81021E   24096.78134552  .00000202  00000-0  22858-3 0  9996
2 26503  64.9581 244.9975 0044747 180.4157 245.3893 13.91558557221472
COSMOS 1249 COOLANT
1 26503U 81021E   24098.01200556  .00000195  00000-0  22345-3 0  9994
2 26503  64.9582 241.7650 0044632 180.0383 290.4926 13.91559303221645
COSMOS 1249 COOLANT
1 26503U 81021E   24099.01867222  .00000205  00000-0  23097-3 0  9991
2 26503  64.9583 239.1207 0044537 179.7246 293.4881 13.91559968221912
COSMOS 1249 COOLANT
1 26503U 81021E   24099.01867222  .00000205  00000-0  23097-3 0  9991
2 26503  64.9583 239.1207 0044537 179.7246 293.4881 13.91559968221787
COSMOS 1249 COOLANT
1 26503U 81021E   24100.02531573  .00000214  00000-0  23835-3 0  9992
2 26503  64.9584 236.4765 0044447 179.4084 296.3724 13.91560625221920
COSMOS 1249 COOLANT
1 26503U 81021E   24103.75367078  .00000256  00000-0  27127-3 0  9996
2 26503  64.9587 226.6830 0044113 178.2443 253.9633 13.91563046222562
COSMOS 1249 COOLANT
1 26503U 81021E   24103.75367078  .00000256  00000-0  27127-3 0  9996
2 26503  64.9587 226.6830 0044113 178.2443 253.9633 13.91563046222449
COSMOS 1249 COOLANT
1 26503U 81021E   24105.69273238  .00000322  00000-0  32310-3 0  9999
2 26503  64.9591 221.5900 0043921 177.6462 247.9058 13.91564762222716
COSMOS 1249 COOLANT
1 26503U 81021E   24106.92368378  .00000373  00000-0  36230-3 0  9997
2 26503  64.9591 218.3567 0043809 177.2623 294.5041 13.91566078222889
COSMOS 1249 COOLANT
1 26503U 81021E   24106.92368378  .00000373  00000-0  36230-3 0  9997
2 26503  64.9591 218.3567 0043809 177.2623 294.5041 13.91566078223015
COSMOS 1249 COOLANT
1 26503U 81021E   24107.70591758  .00000472  00000-0  44035-3 0  9996
2 26503  64.9591 216.3023 0043743 177.0088 253.2116 13.91567424222997
COSMOS 1249 COOLANT
1 26503U 81021E   24111.88305646  .00000574  00000-0  52000-3 0  9993
2 26503  64.9590 205.3306 0043337 175.7208 299.1474 13.91573228223701
COSMOS 1249 COOLANT
1 26503U 81021E   24112.88919160  .00000636  00000-0  56820-3 0  9999
2 26503  64.9589 202.6879 0043234 175.4069 299.5355 13.91575152223713
COSMOS 1249 COOLANT
1 26503U 81021E   24114.60404025  .00000548  00000-0  49980-3 0  9991
2 26503  64.9589 198.1837 0043061 174.8572 250.3576 13.91577247223959
COSMOS 1249 COOLANT
1 26503U 81021E   24114.60404025  .00000548  00000-0  49980-3 0  9991
2 26503  64.9589 198.1837 0043061 174.8572 250.3576 13.91577247224073
COSMOS 1249 COOLANT
1 26503U 81021E   24115.61090485  .00000555  00000-0  50486-3 0  9995
2 26503  64.9589 195.5390 0042956 174.5427 254.4137 13.91578777224095
COSMOS 1249 COOLANT
1 26503U 81021E   24115.83492222  .00000565  00000-0  51279-3 0  9996
2 26503  64.9589 194.9506 0042931 174.4727 296.6669 13.91579172224124
COSMOS 1249 COOLANT
1 26503U 81021E   24116.61755995  .00000509  00000-0  46920-3 0  9997
2 26503  64.9588 192.8950 0042859 174.2213 257.4320 13.91580001224234
COSMOS 1249 COOLANT
1 26503U 81021E   24116.61755995  .00000509  00000-0  46920-3 0  9997
2 26503  64.9588 192.8950 0042859 174.2213 257.4320 13.91580001224357
COSMOS 1249 COOLANT
1 26503U 81021E   24117.84822053  .00000485  00000-0  45043-3 0  9991
2 26503  64.9587 189.6624 0042731 173.8297 302.6507 13.91581593224407
COSMOS 1249 COOLANT
1 26503U 81021E   24120.56973559  .00000276  00000-0  28671-3 0  9998
2 26503  64.9584 182.5138 0042455 172.9530 256.6048 13.91583558224905
COSMOS 1249 COOLANT
1 26503U 81021E   24120.79391295  .00000261  00000-0  27499-3 0  9995
2 26503  64.9584 181.9251 0042430 172.8816 299.6643 13.91583696224814
COSMOS 1249 COOLANT
1 26503U 81021E   24121.57654115  .00000240  00000-0  25865-3 0  9997
2 26503  64.9583 179.8693 0042356 172.6226 260.4016 13.91584279224929
COSMOS 1249 COOLANT
1 26503U 81021E   24123.51536172  .00000180  00000-0  21144-3 0  9994
2 26503  64.9579 174.7765 0042159 171.9856 253.3236 13.91585332225310
COSMOS 1249 COOLANT
1 26503U 81021E   24123.51536172  .00000180  00000-0  21144-3 0  9994
2 26503  64.9579 174.7765 0042159 171.9856 253.3236 13.91585332225196
COSMOS 1249 COOLANT
1 26503U 81021E   24124.52219064  .00000182  00000-0  21347-3 0  9991
2 26503  64.9577 172.1317 0042052 171.6509 257.2475 13.91585928225338
COSMOS 1249 COOLANT
1 26503U 81021E   24124.74594998  .00000180  00000-0  21191-3 0  9992
2 26503  64.9577 171.5440 0042022 171.5785 298.2157 13.91586048225369
COSMOS 1249 COOLANT
1 26503U 81021E   24125.52886667  .00000198  00000-0  22571-3 0  9998
2 26503  64.9575 169.4876 0041955 171.3258 260.3975 13.91586536225598
COSMOS 1249 COOLANT
1 26503U 81021E   24126.53555764  .00000204  00000-0  23074-3 0  9998
2 26503  64.9575 166.8432 0041857 170.9785 263.6466 13.91587095225613
COSMOS 1249 COOLANT
1 26503U 81021E   24128.47472400  .00000240  00000-0  25880-3 0  9995
2 26503  64.9573 161.7491 0041656 170.3308 258.3302 13.91588333226002
COSMOS 1249 COOLANT
1 26503U 81021E   24128.47472400  .00000240  00000-0  25880-3 0  9995
2 26503  64.9573 161.7491 0041656 170.3308 258.3302 13.91588333225887
COSMOS 1249 COOLANT
1 26503U 81021E   24128.69845000  .00000206  00000-0  23238-3 0  9996
2 26503  64.9573 161.1613 0041630 170.2514 299.1398 13.91588254225911
COSMOS 1249 COOLANT
1 26503U 81021E   24129.48134323  .00000218  00000-0  24162-3 0  9993
2 26503  64.9572 159.1048 0041554 169.9861 261.2234 13.91588782226022
COSMOS 1249 COOLANT
1 26503U 81021E   24130.48774485  .00000215  00000-0  23958-3 0  9993
2 26503  64.9572 156.4613 0041466 169.6432 263.0277 13.91589412226289
COSMOS 1249 COOLANT
1 26503U 81021E   24130.48774485  .00000215  00000-0  23958-3 0  9993
2 26503  64.9572 156.4613 0041466 169.6432 263.0277 13.91589412226166
COSMOS 1249 COOLANT
1 26503U 81021E   24133.43336984  .00000637  00000-0  56930-3 0  9993
2 26503  64.9572 148.7243 0041188 168.6128 259.8893 13.91594914226699
COSMOS 1249 COOLANT
1 26503U 81021E   24133.43336984  .00000637  00000-0  56930-3 0  9993
2 26503  64.9572 148.7243 0041188 168.6128 259.8893 13.91594914226576
COSMOS 1249 COOLANT
1 26503U 81021E   24133.65722314  .00000587  00000-0  53003-3 0  9995
2 26503  64.9571 148.1360 0041189 168.5363 301.3415 13.91595037226604
COSMOS 1249 COOLANT
1 26503U 81021E   24134.43993264  .00000573  00000-0  51889-3 0  9991
2 26503  64.9570 146.0799 0041078 168.2610 262.5353 13.91596078226712
COSMOS 1249 COOLANT
1 26503U 81021E   24142.34489762  .00000471  00000-0  43922-3 0  9999
2 26503  64.9573 125.3140 0040370 165.4310 264.8061 13.91606512227936
COSMOS 1249 COOLANT
1 26503U 81021E   24142.34489762  .00000471  00000-0  43922-3 0  9999
2 26503  64.9573 125.3140 0040370 165.4310 264.8061 13.91606512227813
COSMOS 1249 COOLANT
1 26503U 81021E   24143.57529229  .00000394  00000-0  37923-3 0  9996
2 26503  64.9572 122.0803 0040164 164.9732 308.8744 13.91607645227988
COSMOS 1249 COOLANT
1 26503U 81021E   24145.29050091  .00000358  00000-0  35082-3 0  9997
2 26503  64.9576 117.5764 0040133 164.2916 261.8316 13.91609362228342
COSMOS 1249 COOLANT
1 26503U 81021E   24145.29050091  .00000358  00000-0  35082-3 0  9997
2 26503  64.9576 117.5764 0040133 164.2916 261.8316 13.91609362228229
COSMOS 1249 COOLANT
1 26503U 81021E   24146.52087128  .00000296  00000-0  30235-3 0  9991
2 26503  64.9580 114.3448 0040003 163.8593 305.7616 13.91610022228394
COSMOS 1249 COOLANT
1 26503U 81021E   24147.30327639  .00000281  00000-0  29048-3 0  9996
2 26503  64.9581 112.2902 0039995 163.5944 265.4614 13.91610594228622
COSMOS 1249 COOLANT
1 26503U 81021E   24147.30327639  .00000281  00000-0  29048-3 0  9996
2 26503  64.9581 112.2902 0039995 163.5944 265.4614 13.91610594228509
COSMOS 1249 COOLANT
1 26503U 81021E   24148.53422631  .00000212  00000-0  23653-3 0  9990
2 26503  64.9578 109.0540 0039772 163.0747 312.3881 13.91611051228671
COSMOS 1249 COOLANT
1 26503U 81021E   24150.24923788  .00000188  00000-0  21831-3 0  9998
2 26503  64.9581 104.5489 0039634 162.4131 264.3560 13.91612055229030
COSMOS 1249 COOLANT
1 26503U 81021E   24150.24923788  .00000188  00000-0  21831-3 0  9998
2 26503  64.9581 104.5489 0039634 162.4131 264.3560 13.91612055228916
COSMOS 1249 COOLANT
1 26503U 81021E   24151.47954142  .00000235  00000-0  25526-3 0  9990
2 26503  64.9583 101.3172 0039530 161.9409 308.0055 13.91613057229086
COSMOS 1249 COOLANT
1 26503U 81021E   24152.48644854  .00000254  00000-0  26976-3 0  9999
2 26503  64.9585  98.6721 0039438 161.5472 312.4805 13.91613821229350
COSMOS 1249 COOLANT
1 26503U 81021E   24152.48644854  .00000254  00000-0  26976-3 0  9999
2 26503  64.9585  98.6721 0039438 161.5472 312.4805 13.91613821229226
COSMOS 1249 COOLANT
1 26503U 81021E   24153.49315137  .00000205  00000-0  23122-3 0  9996
2 26503  64.9587  96.0276 0039350 161.1523 315.9344 13.91614146229363
COSMOS 1249 COOLANT
1 26503U 81021E   24154.20153101  .00000193  00000-0  22179-3 0  9994
2 26503  64.9589  94.1669 0039303 160.8736 264.8289 13.91614470229461
COSMOS 1249 COOLANT
1 26503U 81021E   24155.20805878  .00000239  00000-0  25780-3 0  9992
2 26503  64.9590  91.5229 0039220 160.4826 267.4059 13.91615298229722
COSMOS 1249 COOLANT
1 26503U 81021E   24155.43214212  .00000238  00000-0  25719-3 0  9994
2 26503  64.9590  90.9343 0039203 160.3953 310.0358 13.91615441229630
COSMOS 1249 COOLANT
1 26503U 81021E   24156.43871706  .00000265  00000-0  27876-3 0  9998
2 26503  64.9591  88.2901 0039119 159.9997 312.8572 13.91616255229776
COSMOS 1249 COOLANT
1 26503U 81021E   24157.44537101  .00000238  00000-0  25707-3 0  9999
2 26503  64.9592  85.6457 0039040 159.6015 316.0789 13.91616754230047
COSMOS 1249 COOLANT
1 26503U 81021E   24157.44537101  .00000238  00000-0  25707-3 0  9999
2 26503  64.9592  85.6457 0039040 159.6015 316.0789 13.91616754229911
COSMOS 1249 COOLANT
1 26503U 81021E   24158.45188951  .00000267  00000-0  28027-3 0  9996
2 26503  64.9593  83.0016 0038953 159.2044 318.6244 13.91617600230057
COSMOS 1249 COOLANT
1 26503U 81021E   24160.16707500  .00000335  00000-0  33336-3 0  9999
2 26503  64.9595  78.4961 0038821 158.5362 271.5099 13.91619149230410
COSMOS 1249 COOLANT
1 26503U 81021E   24160.39091642  .00000330  00000-0  32905-3 0  9993
2 26503  64.9595  77.9082 0038793 158.4484 312.9312 13.91619295230320
COSMOS 1249 COOLANT
1 26503U 81021E   24161.17346243  .00000321  00000-0  32189-3 0  9994
2 26503  64.9596  75.8526 0038732 158.1388 273.4067 13.91619872230435
COSMOS 1249 COOLANT
1 26503U 81021E   24162.18030388  .00000338  00000-0  33532-3 0  9997
2 26503  64.9597  73.2077 0038648 157.7417 277.5806 13.91620781230698
COSMOS 1249 COOLANT
1 26503U 81021E   24162.40411289  .00000327  00000-0  32730-3 0  9992
2 26503  64.9597  72.6198 0038631 157.6574 318.8374 13.91620902230605
COSMOS 1249 COOLANT
1 26503U 81021E   24166.35636771  .00000207  00000-0  23303-3 0  9998
2 26503  64.9599  62.2380 0038320 156.0941 319.2667 13.91623310231158
COSMOS 1249 COOLANT
1 26503U 81021E   24168.07163286  .00000210  00000-0  23519-3 0  9998
2 26503  64.9600  57.7321 0038192 155.4057 272.6069 13.91624435231396
COSMOS 1249 COOLANT
1 26503U 81021E   24169.30174947  .00000356  00000-0  35002-3 0  9992
2 26503  64.9600  54.5008 0038096 154.9152 315.3926 13.91625995231564
COSMOS 1249 COOLANT
1 26503U 81021E   24170.30883309  .00000177  00000-0  20922-3 0  9999
2 26503  64.9599  51.8552 0038020 154.5115 320.8033 13.91625530231708
COSMOS 1249 COOLANT
1 26503U 81021E   24171.31485132  .00000155  00000-0  19210-3 0  9997
2 26503  64.9599  49.2124 0037943 154.1056 320.8824 13.91625969231970
COSMOS 1249 COOLANT
1 26503U 81021E   24171.31485132  .00000155  00000-0  19210-3 0  9997
2 26503  64.9599  49.2124 0037943 154.1056 320.8824 13.91625969231846
COSMOS 1249 COOLANT
1 26503U 81021E   24174.26104257  .00000176  00000-0  20886-3 0  9994
2 26503  64.9599  41.4729 0037729 152.9219 321.0939 13.91627581232382
COSMOS 1249 COOLANT
1 26503U 81021E   24174.26104257  .00000176  00000-0  20886-3 0  9994
2 26503  64.9599  41.4729 0037729 152.9219 321.0939 13.91627581232258
COSMOS 1249 COOLANT
1 26503U 81021E   24175.26749021  .00000170  00000-0  20421-3 0  9998
2 26503  64.9599  38.8291 0037658 152.5191 323.3284 13.91628104232393
COSMOS 1249 COOLANT
1 26503U 81021E   24176.27407615  .00000161  00000-0  19735-3 0  9996
2 26503  64.9599  36.1850 0037587 152.1189 326.2555 13.91628609232662
COSMOS 1249 COOLANT
1 26503U 81021E   24176.27407615  .00000161  00000-0  19735-3 0  9996
2 26503  64.9599  36.1850 0037587 152.1189 326.2555 13.91628609232538
COSMOS 1249 COOLANT
1 26503U 81021E   24176.98220200  .00000160  00000-0  19597-3 0  9992
2 26503  64.9599  34.3247 0037537 151.8384 273.9175 13.91628947232638
COSMOS 1249 COOLANT
1 26503U 81021E   24178.21267539  .00000186  00000-0  21629-3 0  9993
2 26503  64.9598  31.0923 0037445 151.3522 318.5069 13.91629792232805
COSMOS 1249 COOLANT
1 26503U 81021E   24179.21964182  .00000216  00000-0  24023-3 0  9997
2 26503  64.9598  28.4469 0037378 150.9517 323.3467 13.91630565233070
COSMOS 1249 COOLANT
1 26503U 81021E   24179.21964182  .00000216  00000-0  24023-3 0  9997
2 26503  64.9598  28.4469 0037378 150.9517 323.3467 13.91630565232945
COSMOS 1249 COOLANT
1 26503U 81021E   24180.22598587  .00000252  00000-0  26829-3 0  9998
2 26503  64.9598  25.8032 0037289 150.5508 325.0718 13.91631400233082
COSMOS 1249 COOLANT
1 26503U 81021E   24180.93450323  .00000276  00000-0  28697-3 0  9992
2 26503  64.9597  23.9418 0037253 150.2660 274.7070 13.91631994233185
COSMOS 1249 COOLANT
1 26503U 81021E   24183.95467889  .00000285  00000-0  29449-3 0  9998
2 26503  64.9598  16.0074 0037020 149.0696 285.6273 13.91634261233720
COSMOS 1249 COOLANT
1 26503U 81021E   24183.95467889  .00000285  00000-0  29449-3 0  9998
2 26503  64.9598  16.0074 0037020 149.0696 285.6273 13.91634261233607
COSMOS 1249 COOLANT
1 26503U 81021E   24185.89319622  .00000243  00000-0  26153-3 0  9997
2 26503  64.9599  10.9148 0036880 148.3031 277.5089 13.91635540233876
COSMOS 1249 COOLANT
1 26503U 81021E   24186.89975873  .00000238  00000-0  25738-3 0  9996
2 26503  64.9600   8.2705 0036807 147.9040 280.3454 13.91636289234018
COSMOS 1249 COOLANT
1 26503U 81021E   24186.89975873  .00000238  00000-0  25738-3 0  9996
2 26503  64.9600   8.2705 0036807 147.9040 280.3454 13.91636289234131
COSMOS 1249 COOLANT
1 26503U 81021E   24187.75143186  .00000236  00000-0  25556-3 0  9992
2 26503  64.9600   6.0333 0036754 147.5848 227.1763 13.91636954234138
COSMOS 1249 COOLANT
1 26503U 81021E   24191.07608994  .00000217  00000-0  24059-3 0  9991
2 26503  64.9600 357.2994 0036513 146.3012 323.5626 13.91639049234727
COSMOS 1249 COOLANT
1 26503U 81021E   24191.07608994  .00000217  00000-0  24059-3 0  9991
2 26503  64.9600 357.2994 0036513 146.3012 323.5626 13.91639049234592
COSMOS 1249 COOLANT
1 26503U 81021E   24194.09634350  .00000228  00000-0  24993-3 0  9990
2 26503  64.9602 349.3649 0036285 145.1189 334.9343 13.91641032235140
COSMOS 1249 COOLANT
1 26503U 81021E   24194.09634350  .00000228  00000-0  24993-3 0  9990
2 26503  64.9602 349.3649 0036285 145.1189 334.9343 13.91641032235016
COSMOS 1249 COOLANT
1 26503U 81021E   24194.80405270  .00000268  00000-0  28063-3 0  9992
2 26503  64.9603 347.5059 0036226 144.8235 280.5551 13.91641637235114
COSMOS 1249 COOLANT
1 26503U 81021E   24196.03471156  .00000338  00000-0  33532-3 0  9990
2 26503  64.9604 344.2730 0036129 144.3371 326.1292 13.91642853235281
COSMOS 1249 COOLANT
1 26503U 81021E   24197.04070781  .00000329  00000-0  32840-3 0  9992
2 26503  64.9604 341.6301 0036055 143.9334 326.1578 13.91643553235553
COSMOS 1249 COOLANT
1 26503U 81021E   24197.04070781  .00000329  00000-0  32840-3 0  9992
2 26503  64.9604 341.6301 0036055 143.9334 326.1578 13.91643553235429
COSMOS 1249 COOLANT
1 26503U 81021E   24198.04777956  .00000279  00000-0  28957-3 0  9999
2 26503  64.9604 338.9846 0035975 143.5368 331.5699 13.91644046235562
COSMOS 1249 COOLANT
1 26503U 81021E   24199.98702639  .00000438  00000-0  41418-3 0  9993
2 26503  64.9606 333.8904 0035814 142.7463 327.2011 13.91646570235960
COSMOS 1249 COOLANT
1 26503U 81021E   24199.98702639  .00000438  00000-0  41418-3 0  9993
2 26503  64.9606 333.8904 0035814 142.7463 327.2011 13.91646570235836
COSMOS 1249 COOLANT
1 26503U 81021E   24200.99370983  .00000478  00000-0  44492-3 0  9999
2 26503  64.9606 331.2459 0035735 142.3420 330.6867 13.91647742235978
COSMOS 1249 COOLANT
1 26503U 81021E   24203.00688749  .00000436  00000-0  41239-3 0  9996
2 26503  64.9605 325.9573 0035580 141.5566 336.6995 13.91649589236389
COSMOS 1249 COOLANT
1 26503U 81021E   24203.00688749  .00000436  00000-0  41239-3 0  9996
2 26503  64.9605 325.9573 0035580 141.5566 336.6995 13.91649589236255
COSMOS 1249 COOLANT
1 26503U 81021E   24205.72848472  .00000471  00000-0  43955-3 0  9994
2 26503  64.9603 318.8078 0035377 140.5514 291.8588 13.91652547236753
COSMOS 1249 COOLANT
1 26503U 81021E   24205.95246589  .00000460  00000-0  43122-3 0  9994
2 26503  64.9605 318.2192 0035329 140.3603 334.1094 13.91652716236661
COSMOS 1249 COOLANT
1 26503U 81021E   24206.95894854  .00000375  00000-0  36429-3 0  9996
2 26503  64.9605 315.5751 0035250 139.9624 336.6035 13.91653175236800
COSMOS 1249 COOLANT
1 26503U 81021E   24207.66723470  .00000341  00000-0  33771-3 0  9990
2 26503  64.9605 313.7145 0035190 139.6577 285.1546 13.91653587236907
COSMOS 1249 COOLANT
1 26503U 81021E   24208.04836837  .00000278  00000-0  28903-3 0  9995
2 26503  64.9605 312.7132 0035157 139.5025  34.6470 13.91653618237080
COSMOS 1249 COOLANT
1 26503U 81021E   24208.04836837  .00000278  00000-0  28903-3 0  9995
2 26503  64.9605 312.7132 0035157 139.5025  34.6470 13.91653618236955
COSMOS 1249 COOLANT
1 26503U 81021E   24208.89765369  .00000247  00000-0  26469-3 0  9990
2 26503  64.9604 310.4823 0035087 139.1599 329.5918 13.91654160237070
COSMOS 1249 COOLANT
1 26503U 81021E   24209.90457354  .00000232  00000-0  25284-3 0  9993
2 26503  64.9603 307.8372 0035005 138.7509 334.2950 13.91654869237215
COSMOS 1249 COOLANT
1 26503U 81021E   24210.91122979  .00000243  00000-0  26116-3 0  9995
2 26503  64.9602 305.1928 0034926 138.3395 337.6826 13.91655664237350
COSMOS 1249 COOLANT
1 26503U 81021E   24210.91122979  .00000243  00000-0  26116-3 0  9995
2 26503  64.9602 305.1928 0034926 138.3395 337.6826 13.91655664237484
COSMOS 1249 COOLANT
1 26503U 81021E   24211.91743147  .00000244  00000-0  26189-3 0  9993
2 26503  64.9601 302.5496 0034845 137.9266 338.7966 13.91656329237493
COSMOS 1249 COOLANT
1 26503U 81021E   24212.62613633  .00000281  00000-0  29090-3 0  9993
2 26503  64.9600 300.6879 0034792 137.6313 289.4455 13.91657027237599
COSMOS 1249 COOLANT
1 26503U 81021E   24212.85004837  .00000279  00000-0  28962-3 0  9992
2 26503  64.9599 300.0996 0034778 137.5375 331.2566 13.91657132237621
COSMOS 1249 COOLANT
1 26503U 81021E   24214.86331341  .00000234  00000-0  25435-3 0  9991
2 26503  64.9596 294.8108 0034619 136.6993 337.8251 13.91658179238034
COSMOS 1249 COOLANT
1 26503U 81021E   24214.86331341  .00000234  00000-0  25435-3 0  9991
2 26503  64.9596 294.8108 0034619 136.6993 337.8251 13.91658179237909
COSMOS 1249 COOLANT
1 26503U 81021E   24215.86950439  .00000253  00000-0  26949-3 0  9999
2 26503  64.9594 292.1676 0034542 136.2793 338.9019 13.91658918238048
COSMOS 1249 COOLANT
1 26503U 81021E   24216.57799946  .00000248  00000-0  26555-3 0  9999
2 26503  64.9593 290.3063 0034488 135.9865 288.5027 13.91659303238141
COSMOS 1249 COOLANT
1 26503U 81021E   24216.95926965  .00000259  00000-0  27420-3 0  9998
2 26503  64.9593 289.3046 0034454 135.8203  38.6981 13.91659649238199
COSMOS 1249 COOLANT
1 26503U 81021E   24216.95926965  .00000259  00000-0  27420-3 0  9998
2 26503  64.9593 289.3046 0034454 135.8203  38.6981 13.91659649238324
COSMOS 1249 COOLANT
1 26503U 81021E   24217.58459583  .00000282  00000-0  29199-3 0  9996
2 26503  64.9592 287.6619 0034406 135.5583 291.6237 13.91660182238289
COSMOS 1249 COOLANT
1 26503U 81021E   24218.59134351  .00000274  00000-0  28554-3 0  9996
2 26503  64.9590 285.0171 0034327 135.1302 295.5055 13.91660905238429
COSMOS 1249 COOLANT
1 26503U 81021E   24219.82208510  .00000237  00000-0  25645-3 0  9999
2 26503  64.9588 281.7838 0034228 134.6027 341.6221 13.91661702238724
COSMOS 1249 COOLANT
1 26503U 81021E   24222.54342800  .00000340  00000-0  33722-3 0  9993
2 26503  64.9583 274.6346 0034023 133.4391 295.7845 13.91664282239096
COSMOS 1249 COOLANT
1 26503U 81021E   24222.61724632  .00000342  00000-0  33888-3 0  9993
2 26503  64.9582 274.4407 0034018 133.4091 305.6196 13.91664366238982
COSMOS 1249 COOLANT
1 26503U 81021E   24222.76725757  .00000396  00000-0  38130-3 0  9992
2 26503  64.9582 274.0466 0034005 133.3457 337.1896 13.91664824239004
COSMOS 1249 COOLANT
1 26503U 81021E   24223.55011656  .00000347  00000-0  34247-3 0  9997
2 26503  64.9581 271.9899 0033947 133.0046 299.3926 13.91665239239110
COSMOS 1249 COOLANT
1 26503U 81021E   24226.49571966  .00000566  00000-0  51432-3 0  9996
2 26503  64.9575 264.2512 0033728 131.7302 297.1862 13.91669791239647
COSMOS 1249 COOLANT
1 26503U 81021E   24226.49571966  .00000566  00000-0  51432-3 0  9996
2 26503  64.9575 264.2512 0033728 131.7302 297.1862 13.91669791239524
COSMOS 1249 COOLANT
1 26503U 81021E   24227.50218841  .00000502  00000-0  46434-3 0  9995
2 26503  64.9574 261.6070 0033662 131.2743 299.7349 13.91670817239668
COSMOS 1249 COOLANT
1 26503U 81021E   24230.44759553  .00000471  00000-0  43963-3 0  9991
2 26503  64.9570 253.8680 0033455 129.9581 296.6501 13.91674965240192
COSMOS 1249 COOLANT
1 26503U 81021E   24230.44759553  .00000471  00000-0  43963-3 0  9991
2 26503  64.9570 253.8680 0033455 129.9581 296.6501 13.91674965240079
COSMOS 1249 COOLANT
1 26503U 81021E   24231.45413373  .00000459  00000-0  43079-3 0  9994
2 26503  64.9569 251.2234 0033390 129.4993 299.5704 13.91676310240213
COSMOS 1249 COOLANT
1 26503U 81021E   24232.46076703  .00000375  00000-0  36508-3 0  9994
2 26503  64.9569 248.5786 0033322 129.0373 302.9725 13.91677066240476
COSMOS 1249 COOLANT
1 26503U 81021E   24232.46076703  .00000375  00000-0  36508-3 0  9994
2 26503  64.9569 248.5786 0033322 129.0373 302.9725 13.91677066240353
COSMOS 1249 COOLANT
1 26503U 81021E   24235.40628766  .00000396  00000-0  38129-3 0  9997
2 26503  64.9564 240.8388 0033148 127.6920 300.5431 13.91680341240762
COSMOS 1249 COOLANT
1 26503U 81021E   24235.40628766  .00000396  00000-0  38129-3 0  9997
2 26503  64.9564 240.8388 0033148 127.6920 300.5431 13.91680341240885
COSMOS 1249 COOLANT
1 26503U 81021E   24236.41273212  .00000373  00000-0  36322-3 0  9999
2 26503  64.9565 238.1951 0033054 127.1892 303.0535 13.91681231240906
COSMOS 1249 COOLANT
1 26503U 81021E   24237.41950324  .00000337  00000-0  33506-3 0  9997
2 26503  64.9565 235.5498 0032963 126.6855 307.2044 13.91681982241167
COSMOS 1249 COOLANT
1 26503U 81021E   24237.41950324  .00000337  00000-0  33506-3 0  9997
2 26503  64.9565 235.5498 0032963 126.6855 307.2044 13.91681982241044
COSMOS 1249 COOLANT
1 26503U 81021E   24238.26987529  .00000325  00000-0  32541-3 0  9993
2 26503  64.9568 233.3172 0032975 126.4158 247.6082 13.91682693241161
COSMOS 1249 COOLANT
1 26503U 81021E   24239.58237448  .00000343  00000-0  33951-3 0  9993
2 26503  64.9568 229.8681 0032868 125.7333 343.5601 13.91683892241349
COSMOS 1249 COOLANT
1 26503U 81021E   24239.58237448  .00000343  00000-0  33951-3 0  9993
2 26503  64.9568 229.8681 0032868 125.7333 343.5601 13.91683892241473
COSMOS 1249 COOLANT
1 26503U 81021E   24240.36501220  .00000363  00000-0  35495-3 0  9990
2 26503  64.9569 227.8120 0032823 125.3602 304.7412 13.91684646241451
COSMOS 1249 COOLANT
1 26503U 81021E   24241.59550177  .00000488  00000-0  45331-3 0  9999
2 26503  64.9573 224.5798 0032785 124.7969 349.7391 13.91686616241620
COSMOS 1249 COOLANT
1 26503U 81021E   24241.59550177  .00000488  00000-0  45331-3 0  9999
2 26503  64.9573 224.5798 0032785 124.7969 349.7391 13.91686616241754
COSMOS 1249 COOLANT
1 26503U 81021E   24243.31029025  .00000479  00000-0  44574-3 0  9992
2 26503  64.9575 220.0744 0032685 123.9773 301.2117 13.91688196241867
COSMOS 1249 COOLANT
1 26503U 81021E   24244.54060479  .00000532  00000-0  48795-3 0  9995
2 26503  64.9577 216.8420 0032638 123.4007 345.3616 13.91689992242168
COSMOS 1249 COOLANT
1 26503U 81021E   24244.54060479  .00000532  00000-0  48795-3 0  9995
2 26503  64.9577 216.8420 0032638 123.4007 345.3616 13.91689992242034
COSMOS 1249 COOLANT
1 26503U 81021E   24245.54767451  .00000601  00000-0  54144-3 0  9992
2 26503  64.9578 214.1962 0032595 122.9268 351.0112 13.91691596242175
COSMOS 1249 COOLANT
1 26503U 81021E   24246.55399397  .00000635  00000-0  56828-3 0  9992
2 26503  64.9578 211.5523 0032549 122.4450 352.9137 13.91692988242449
COSMOS 1249 COOLANT
1 26503U 81021E   24246.63753198  .00000637  00000-0  57014-3 0  9994
2 26503  64.9579 211.3329 0032546 122.4062  51.4584 13.91693111242321
COSMOS 1249 COOLANT
1 26503U 81021E   24247.56032499  .00000737  00000-0  64813-3 0  9997
2 26503  64.9580 208.9086 0032511 121.9654 354.8791 13.91694906242455
COSMOS 1249 COOLANT
1 26503U 81021E   24248.26928564  .00000783  00000-0  68424-3 0  9995
2 26503  64.9581 207.0460 0032481 121.6353 306.9414 13.91696109242559
COSMOS 1249 COOLANT
1 26503U 81021E   24249.49921476  .00000731  00000-0  64328-3 0  9998
2 26503  64.9583 203.8147 0032428 121.0358 349.2125 13.91697557242857
COSMOS 1249 COOLANT
1 26503U 81021E   24249.49921476  .00000731  00000-0  64328-3 0  9998
2 26503  64.9583 203.8147 0032428 121.0358 349.2125 13.91697557242723
COSMOS 1249 COOLANT
1 26503U 81021E   24250.50561492  .00000768  00000-0  67238-3 0  9993
2 26503  64.9584 201.1706 0032387 120.5462 351.5510 13.91699317242865
COSMOS 1249 COOLANT
1 26503U 81021E   24251.51249021  .00000876  00000-0  75669-3 0  9993
2 26503  64.9585 198.5253 0032347 120.0639 356.2681 13.91701455243138
COSMOS 1249 COOLANT
1 26503U 81021E   24252.22097545  .00000889  00000-0  76734-3 0  9992
2 26503  64.9586 196.6640 0032318 119.7108 305.9884 13.91702672243107
COSMOS 1249 COOLANT
1 26503U 81021E   24253.45125294  .00000898  00000-0  77361-3 0  9998
2 26503  64.9587 193.4318 0032277 119.1233 350.0240 13.91704822243276
COSMOS 1249 COOLANT
1 26503U 81021E   24254.45809321  .00000860  00000-0  74416-3 0  9996
2 26503  64.9589 190.7866 0032240 118.6324 354.5935 13.91706405243540
COSMOS 1249 COOLANT
1 26503U 81021E   24254.45809321  .00000860  00000-0  74416-3 0  9996
2 26503  64.9589 190.7866 0032240 118.6324 354.5935 13.91706405243416
COSMOS 1249 COOLANT
1 26503U 81021E   24255.46436666  .00000825  00000-0  71658-3 0  9992
2 26503  64.9590 188.1429 0032204 118.1463 356.3237 13.91707934243551
COSMOS 1249 COOLANT
1 26503U 81021E   24257.17945925  .00000916  00000-0  78773-3 0  9991
2 26503  64.9591 183.6373 0032155 117.3100 309.4778 13.91711651243914
COSMOS 1249 COOLANT
1 26503U 81021E   24258.18610045  .00000877  00000-0  75765-3 0  9999
2 26503  64.9591 180.9926 0032123 116.8034 313.0907 13.91713289243939
COSMOS 1249 COOLANT
1 26503U 81021E   24259.19273240  .00000747  00000-0  65534-3 0  9992
2 26503  64.9590 178.3480 0032099 116.3265 316.6276 13.91714052244193
COSMOS 1249 COOLANT
1 26503U 81021E   24259.41657584  .00000738  00000-0  64840-3 0  9993
2 26503  64.9590 177.7600 0032086 116.2320 358.1424 13.91714370244107
COSMOS 1249 COOLANT
1 26503U 81021E   24260.42274619  .00000640  00000-0  57167-3 0  9996
2 26503  64.9589 175.1166 0032058 115.7405 359.3904 13.91715379244242
COSMOS 1249 COOLANT
1 26503U 81021E   24261.13122862  .00000541  00000-0  49436-3 0  9997
2 26503  64.9589 173.2554 0032042 115.3817 309.1387 13.91715873244346
COSMOS 1249 COOLANT
1 26503U 81021E   24262.13811406  .00000522  00000-0  47999-3 0  9998
2 26503  64.9589 170.6101 0032017 114.8616 314.0069 13.91717231244609
COSMOS 1249 COOLANT
1 26503U 81021E   24262.13811406  .00000522  00000-0  47999-3 0  9998
2 26503  64.9589 170.6101 0032017 114.8616 314.0069 13.91717231244485
COSMOS 1249 COOLANT
1 26503U 81021E   24263.36829953  .00000433  00000-0  41034-3 0  9995
2 26503  64.9589 167.3781 0031972 114.2225 357.6953 13.91718149244654
COSMOS 1249 COOLANT
1 26503U 81021E   24264.37471214  .00000438  00000-0  41407-3 0  9999
2 26503  64.9589 164.7340 0031942 113.7210   0.1819 13.91719255244921
COSMOS 1249 COOLANT
1 26503U 81021E   24264.37471214  .00000438  00000-0  41407-3 0  9999
2 26503  64.9589 164.7340 0031942 113.7210   0.1819 13.91719255244796
COSMOS 1249 COOLANT
1 26503U 81021E   24265.38129692  .00000412  00000-0  39314-3 0  9997
2 26503  64.9589 162.0896 0031920 113.2218   3.5318 13.91720088244935
COSMOS 1249 COOLANT
1 26503U 81021E   24266.31399455  .00000349  00000-0  34388-3 0  9992
2 26503  64.9589 159.6394 0031893 112.7765 356.6655 13.91720593245062
COSMOS 1249 COOLANT
1 26503U 81021E   24267.09632123  .00000326  00000-0  32595-3 0  9993
2 26503  64.9589 157.5840 0031875 112.3888 316.4056 13.91721142245292
COSMOS 1249 COOLANT
1 26503U 81021E   24267.09632123  .00000326  00000-0  32595-3 0  9993
2 26503  64.9589 157.5840 0031875 112.3888 316.4056 13.91721142245179
COSMOS 1249 COOLANT
1 26503U 81021E   24268.32627493  .00000344  00000-0  33990-3 0  9994
2 26503  64.9587 154.3525 0031844 111.7810 358.9210 13.91722280245342
COSMOS 1249 COOLANT
1 26503U 81021E   24269.33323095  .00000360  00000-0  35320-3 0  9994
2 26503  64.9586 151.7070 0031817 111.2857   4.1393 13.91723259245612
COSMOS 1249 COOLANT
1 26503U 81021E   24269.33323095  .00000360  00000-0  35320-3 0  9994
2 26503  64.9586 151.7070 0031817 111.2857   4.1393 13.91723259245487
COSMOS 1249 COOLANT
1 26503U 81021E   24270.04165802  .00000376  00000-0  36542-3 0  9998
2 26503  64.9585 149.8458 0031805 110.9273 313.6294 13.91723906245587
COSMOS 1249 COOLANT
1 26503U 81021E   24271.42897074  .00000392  00000-0  37785-3 0  9992
2 26503  64.9582 146.2007 0031778 110.2442  64.5819 13.91725134245901
COSMOS 1249 COOLANT
1 26503U 81021E   24271.42897074  .00000392  00000-0  37785-3 0  9992
2 26503  64.9582 146.2007 0031778 110.2442  64.5819 13.91725134245776
COSMOS 1249 COOLANT
1 26503U 81021E   24272.27860161  .00000402  00000-0  38562-3 0  9999
2 26503  64.9580 143.9685 0031758 109.8249   1.5531 13.91725968245897
COSMOS 1249 COOLANT
1 26503U 81021E   24273.28516498  .00000423  00000-0  40220-3 0  9999
2 26503  64.9579 141.3238 0031739 109.3290   4.8188 13.91727101246033
COSMOS 1249 COOLANT
1 26503U 81021E   24275.00034900  .00000502  00000-0  46417-3 0  9996
2 26503  64.9577 136.8173 0031698 108.4783 318.5602 13.91729376246390
COSMOS 1249 COOLANT
1 26503U 81021E   24275.00034900  .00000502  00000-0  46417-3 0  9996
2 26503  64.9577 136.8173 0031698 108.4783 318.5602 13.91729376246277
COSMOS 1249 COOLANT
1 26503U 81021E   24276.23056806  .00000805  00000-0  70092-3 0  9993
2 26503  64.9575 133.5849 0031677 107.8888   2.4275 13.91732580246440
COSMOS 1249 COOLANT
1 26503U 81021E   24277.23764182  .00000861  00000-0  74515-3 0  9993
2 26503  64.9574 130.9388 0031658 107.4026   8.2582 13.91734095246580
COSMOS 1249 COOLANT
1 26503U 81021E   24277.23764182  .00000861  00000-0  74515-3 0  9993
2 26503  64.9574 130.9388 0031658 107.4026   8.2582 13.91734095246715
COSMOS 1249 COOLANT
1 26503U 81021E   24279.02632240  .00000928  00000-0  79681-3 0  9994
2 26503  64.9573 126.2391 0031602 106.5123 330.2916 13.91737263246835
COSMOS 1249 COOLANT
1 26503U 81021E   24280.18251567  .00000782  00000-0  68268-3 0  9999
2 26503  64.9572 123.2009 0031579 105.9347   3.3114 13.91738339247127
COSMOS 1249 COOLANT
1 26503U 81021E   24280.18251567  .00000782  00000-0  68268-3 0  9999
2 26503  64.9572 123.2009 0031579 105.9347   3.3114 13.91738339246991
COSMOS 1249 COOLANT
1 26503U 81021E   24281.18907586  .00000841  00000-0  72905-3 0  9998
2 26503  64.9571 120.5562 0031566 105.4526   6.5943 13.91740483247139
COSMOS 1249 COOLANT
1 26503U 81021E   24283.91059205  .00000743  00000-0  65227-3 0  9997
2 26503  64.9570 113.4051 0031473 104.0605 322.6372 13.91744934247517
COSMOS 1249 COOLANT
1 26503U 81021E   24284.13449166  .00000741  00000-0  65100-3 0  9999
2 26503  64.9567 112.8159 0031473 103.9659   4.4609 13.91745424247672
COSMOS 1249 COOLANT
1 26503U 81021E   24284.13449166  .00000741  00000-0  65100-3 0  9999
2 26503  64.9567 112.8159 0031473 103.9659   4.4609 13.91745424247548
COSMOS 1249 COOLANT
1 26503U 81021E   24284.91711984  .00001355  00000-0  11306-2 0  9995
2 26503  64.9566 110.7597 0031450 103.6110 325.7650 13.91750925247653
COSMOS 1249 COOLANT
1 26503U 81021E   24285.14085826  .00001346  00000-0  11237-2 0  9993
2 26503  64.9569 110.1715 0031500 103.4873   6.8141 13.91751503247680
COSMOS 1249 COOLANT
1 26503U 81021E   24286.14764095  .00000861  00000-0  74486-3 0  9993
2 26503  64.9571 107.5280 0031451 103.0753  11.1638 13.91750192247951
COSMOS 1249 COOLANT
1 26503U 81021E   24286.14764095  .00000861  00000-0  74486-3 0  9993
2 26503  64.9571 107.5280 0031451 103.0753  11.1638 13.91750192247827
COSMOS 1249 COOLANT
1 26503U 81021E   24289.09267424  .00000622  00000-0  55779-3 0  9993
2 26503  64.9560  99.7841 0031397 101.4241   7.3816 13.91754534248362
COSMOS 1249 COOLANT
1 26503U 81021E   24289.09267424  .00000622  00000-0  55779-3 0  9993
2 26503  64.9560  99.7841 0031397 101.4241   7.3816 13.91754534248238
COSMOS 1249 COOLANT
1 26503U 81021E   24292.11227146  .00000892  00000-0  76882-3 0  9994
2 26503  64.9571  91.8530 0031300 100.1532  16.8209 13.91760204248783
COSMOS 1249 COOLANT
1 26503U 81021E   24292.11227146  .00000892  00000-0  76882-3 0  9994
2 26503  64.9571  91.8530 0031300 100.1532  16.8209 13.91760204248659
COSMOS 1249 COOLANT
1 26503U 81021E   24306.68938836  .00000888  00000-0  76558-3 0  9992
2 26503  64.9599  53.5505 0030999  92.8498 336.0014 13.91780881250801
COSMOS 1249 COOLANT
1 26503U 81021E   24306.91290833  .00000919  00000-0  78935-3 0  9992
2 26503  64.9599  52.9632 0030978  92.7238  15.9814 13.91781523250718
COSMOS 1249 COOLANT
1 26503U 81021E   24315.59921503  .00000653  00000-0  58111-3 0  9990
2 26503  64.9607  30.1413 0030849  88.3587 339.7745 13.91798103251924
COSMOS 1249 COOLANT
1 26503U 81021E   24315.82307953  .00000638  00000-0  57002-3 0  9994
2 26503  64.9608  29.5531 0030841  88.1960  21.5307 13.91798418252080
COSMOS 1249 COOLANT
1 26503U 81021E   24315.82307953  .00000638  00000-0  57002-3 0  9994
2 26503  64.9608  29.5531 0030841  88.1960  21.5307 13.91798418251955
COSMOS 1249 COOLANT
1 26503U 81021E   24317.83591613  .00000502  00000-0  46313-3 0  9998
2 26503  64.9604  24.2643 0030801  87.2198  27.1211 13.91800590252363
COSMOS 1249 COOLANT
1 26503U 81021E   24317.83591613  .00000502  00000-0  46313-3 0  9998
2 26503  64.9604  24.2643 0030801  87.2198  27.1211 13.91800590252239
COSMOS 1249 COOLANT
1 26503U 81021E   24321.78777956  .00000283  00000-0  29245-3 0  9994
2 26503  64.9608  13.8800 0030810  84.9443  28.8642 13.91803729252917
COSMOS 1249 COOLANT
1 26503U 81021E   24321.78777956  .00000283  00000-0  29245-3 0  9994
2 26503  64.9608  13.8800 0030810  84.9443  28.8642 13.91803729252782
COSMOS 1249 COOLANT
1 26503U 81021E   24323.42021131  .00000243  00000-0  26088-3 0  9992
2 26503  64.9608   9.5903 0030821  84.0260 288.5380 13.91804774253010
COSMOS 1249 COOLANT
1 26503U 81021E   24333.41908772  .00000510  00000-0  46937-3 0  9999
2 26503  64.9600 343.3156 0030911  78.7016 350.0770 13.91814456254523
COSMOS 1249 COOLANT
1 26503U 81021E   24333.41908772  .00000510  00000-0  46937-3 0  9999
2 26503  64.9600 343.3156 0030911  78.7016 350.0770 13.91814456254400
COSMOS 1249 COOLANT
1 26503U 81021E   24336.74530419  .00000500  00000-0  46166-3 0  9990
2 26503  64.9599 334.5750 0031004  77.0042  96.8199 13.91818336254999
COSMOS 1249 COOLANT
1 26503U 81021E   24336.74530419  .00000500  00000-0  46166-3 0  9990
2 26503  64.9599 334.5750 0031004  77.0042  96.8199 13.91818336254865
COSMOS 1249 COOLANT
1 26503U 81021E   24339.38349600  .00000462  00000-0  43222-3 0  9990
2 26503  64.9594 327.6412 0031057  75.5663 356.1895 13.91821312255356
COSMOS 1249 COOLANT
1 26503U 81021E   24339.38349600  .00000462  00000-0  43222-3 0  9990
2 26503  64.9594 327.6412 0031057  75.5663 356.1895 13.91821312255233
COSMOS 1249 COOLANT
1 26503U 81021E   24340.69692362  .00000450  00000-0  42252-3 0  9991
2 26503  64.9600 324.1889 0031215  74.4068  97.9230 13.91822776255412
COSMOS 1249 COOLANT
1 26503U 81021E   24357.20286194  .00000339  00000-0  33556-3 0  9991
2 26503  64.9596 280.8154 0031828  66.4029   5.0045 13.91837875257835
COSMOS 1249 COOLANT
1 26503U 81021E   24357.20286194  .00000339  00000-0  33556-3 0  9991
2 26503  64.9596 280.8154 0031828  66.4029   5.0045 13.91837875257712
COSMOS 1249 COOLANT
1 26503U 81021E   24358.35867108  .00000358  00000-0  35050-3 0  9990
2 26503  64.9594 277.7778 0031889  65.8798  36.4684 13.91839107257874
COSMOS 1249 COOLANT
1 26503U 81021E   24359.14140339  .00000379  00000-0  36728-3 0  9994
2 26503  64.9592 275.7208 0031923  65.5624 358.5048 13.91839893257988
COSMOS 1249 COOLANT
1 26503U 81021E   24360.14774397  .00000363  00000-0  35471-3 0  9990
2 26503  64.9592 273.0764 0031982  65.0682   1.0642 13.91840727258248
COSMOS 1249 COOLANT
1 26503U 81021E   24360.37186637  .00000444  00000-0  41740-3 0  9995
2 26503  64.9595 272.4883 0031995  65.2095  43.8447 13.91841340258159
COSMOS 1249 COOLANT
1 26503U 81021E   24361.37811637  .00000415  00000-0  39528-3 0  9990
2 26503  64.9593 269.8440 0032055  64.7124  45.9575 13.91842214258292
COSMOS 1249 COOLANT
1 26503U 81021E   24362.16066035  .00000407  00000-0  38857-3 0  9997
2 26503  64.9592 267.7877 0032102  64.3472   7.1070 13.91842978258520
COSMOS 1249 COOLANT
1 26503U 81021E   24362.38476913  .00000407  00000-0  38911-3 0  9992
2 26503  64.9591 267.1987 0032116  64.2195  50.0884 13.91843228258430
COSMOS 1249 COOLANT
1 26503U 81021E   24364.09943696  .00000412  00000-0  39280-3 0  9995
2 26503  64.9589 262.6927 0032199  63.3833   1.9439 13.91845021258671
COSMOS 1249 COOLANT
1 26503U 81021E   24365.10574137  .00000451  00000-0  42329-3 0  9999
2 26503  64.9588 260.0482 0032254  62.8959   4.3352 13.91846309258810
COSMOS 1249 COOLANT
1 26503U 81021E   25002.34892568  .00000648  00000-0  57710-3 0  9993
2 26503  64.9585 251.5256 0032436  61.3724  55.2764 13.91851516259265
COSMOS 1249 COOLANT
1 26503U 81021E   25003.05735248  .00000509  00000-0  46826-3 0  9995
2 26503  64.9583 249.6636 0032486  61.0231   5.0822 13.91851655259361
COSMOS 1249 COOLANT
1 26503U 81021E   25004.28797516  .00000452  00000-0  42410-3 0  9999
2 26503  64.9579 246.4294 0032563  60.4338  51.5129 13.91853084259531
COSMOS 1249 COOLANT
1 26503U 81021E   25005.07048703  .00000466  00000-0  43432-3 0  9994
2 26503  64.9578 244.3730 0032607  60.0741  12.5297 13.91854292259765
COSMOS 1249 COOLANT
1 26503U 81021E   25005.29410045  .00000446  00000-0  41901-3 0  9997
2 26503  64.9578 243.7855 0032619  59.9752  53.0103 13.91854527259675
COSMOS 1249 COOLANT
1 26503U 81021E   25006.30080184  .00000393  00000-0  37808-3 0  9999
2 26503  64.9576 241.1399 0032678  59.5087  57.4056 13.91855600259814
COSMOS 1249 COOLANT
1 26503U 81021E   25009.24559323  .00000248  00000-0  26485-3 0  9999
2 26503  64.9571 233.4011 0032852  58.1560  53.2148 13.91857760260221
COSMOS 1249 COOLANT
1 26503U 81021E   25009.24559323  .00000248  00000-0  26485-3 0  9999
2 26503  64.9571 233.4011 0032852  58.1560  53.2148 13.91857760260355
COSMOS 1249 COOLANT
1 26503U 81021E   25010.96071851  .00000233  00000-0  25265-3 0  9994
2 26503  64.9569 228.8937 0032955  57.3780   7.3935 13.91859003260464
COSMOS 1249 COOLANT
1 26503U 81021E   25013.19712101  .00000205  00000-0  23052-3 0  9993
2 26503  64.9568 223.0161 0033083  56.3329  53.6355 13.91860265260901
COSMOS 1249 COOLANT
1 26503U 81021E   25013.19712101  .00000205  00000-0  23052-3 0  9993
2 26503  64.9568 223.0161 0033083  56.3329  53.6355 13.91860265260776
COSMOS 1249 COOLANT
1 26503U 81021E   25015.21007123  .00000199  00000-0  22607-3 0  9996
2 26503  64.9567 217.7260 0033204  55.4026  60.1958 13.91861596261180
COSMOS 1249 COOLANT
1 26503U 81021E   25015.21007123  .00000199  00000-0  22607-3 0  9996
2 26503  64.9567 217.7260 0033204  55.4026  60.1958 13.91861596261056
COSMOS 1249 COOLANT
1 26503U 81021E   25015.91831311  .00000195  00000-0  22307-3 0  9990
2 26503  64.9567 215.8647 0033242  55.0833   9.0727 13.91862016261153
COSMOS 1249 COOLANT
1 26503U 81021E   25017.93140253  .00000239  00000-0  25706-3 0  9997
2 26503  64.9567 210.5746 0033355  54.1552  16.3403 13.91863527261439
COSMOS 1249 COOLANT
1 26503U 81021E   25017.93140253  .00000239  00000-0  25706-3 0  9997
2 26503  64.9567 210.5746 0033355  54.1552  16.3403 13.91863527261552
COSMOS 1249 COOLANT
1 26503U 81021E   25020.16818494  .00000317  00000-0  31864-3 0  9994
2 26503  64.9566 204.6959 0033476  53.1304  64.5067 13.91865608261877
COSMOS 1249 COOLANT
1 26503U 81021E   25020.16818494  .00000317  00000-0  31864-3 0  9994
2 26503  64.9566 204.6959 0033476  53.1304  64.5067 13.91865608261743
COSMOS 1249 COOLANT
1 26503U 81021E   25021.10039531  .00000360  00000-0  35210-3 0  9993
2 26503  64.9566 202.2457 0033528  52.7059  55.6685 13.91866538261874
COSMOS 1249 COOLANT
1 26503U 81021E   25021.88304576  .00000365  00000-0  35580-3 0  9997
2 26503  64.9567 200.1889 0033571  52.3349  17.4250 13.91867169261984
COSMOS 1249 COOLANT
1 26503U 81021E   25023.11331080  .00000376  00000-0  36418-3 0  9998
2 26503  64.9569 196.9558 0033647  51.7453  62.1310 13.91868429262282
COSMOS 1249 COOLANT
1 26503U 81021E   25023.11331080  .00000376  00000-0  36418-3 0  9998
2 26503  64.9569 196.9558 0033647  51.7453  62.1310 13.91868429262158
COSMOS 1249 COOLANT
1 26503U 81021E   25024.11968928  .00000411  00000-0  39144-3 0  9995
2 26503  64.9573 194.3107 0033713  51.2543  64.9821 13.91869664262298
COSMOS 1249 COOLANT
1 26503U 81021E   25026.05832354  .00000381  00000-0  36824-3 0  9991
2 26503  64.9575 189.2162 0033806  50.3756  59.2061 13.91871448262693
COSMOS 1249 COOLANT
1 26503U 81021E   25026.05832354  .00000381  00000-0  36824-3 0  9991
2 26503  64.9575 189.2162 0033806  50.3756  59.2061 13.91871448262569
COSMOS 1249 COOLANT
1 26503U 81021E   25026.84083656  .00000376  00000-0  36423-3 0  9990
2 26503  64.9576 187.1599 0033852  50.0185  20.2749 13.91872191262674
COSMOS 1249 COOLANT
1 26503U 81021E   25027.06449272  .00000355  00000-0  34787-3 0  9993
2 26503  64.9576 186.5721 0033864  49.9096  60.9935 13.91872320262701
COSMOS 1249 COOLANT
1 26503U 81021E   25027.84749042  .00000353  00000-0  34645-3 0  9998
2 26503  64.9578 184.5144 0033934  49.5549  24.4909 13.91873091262811
COSMOS 1249 COOLANT
1 26503U 81021E   25028.07110132  .00000349  00000-0  34331-3 0  9993
2 26503  64.9578 183.9267 0033947  49.4424  64.9871 13.91873307262979
COSMOS 1249 COOLANT
1 26503U 81021E   25028.07110132  .00000349  00000-0  34331-3 0  9993
2 26503  64.9578 183.9267 0033947  49.4424  64.9871 13.91873307262845
COSMOS 1249 COOLANT
1 26503U 81021E   25028.69757706  .00000345  00000-0  33975-3 0  9994
2 26503  64.9578 182.2803 0033960  49.1628 324.1719 13.91873876262934
COSMOS 1249 COOLANT
1 26503U 81021E   25030.79230416  .00000364  00000-0  35468-3 0  9992
2 26503  64.9579 176.7755 0034071  48.1884  20.6126 13.91875889263348
COSMOS 1249 COOLANT
1 26503U 81021E   25030.79230416  .00000364  00000-0  35468-3 0  9992
2 26503  64.9579 176.7755 0034071  48.1884  20.6126 13.91875889263225
COSMOS 1249 COOLANT
1 26503U 81021E   25032.02146013  .00000347  00000-0  34175-3 0  9994
2 26503  64.9580 173.5453 0034136  47.6122  59.7837 13.91876850263397
COSMOS 1249 COOLANT
1 26503U 81021E   25033.02874021  .00000408  00000-0  38948-3 0  9992
2 26503  64.9582 170.8982 0034191  47.1211  67.1822 13.91878115263664
COSMOS 1249 COOLANT
1 26503U 81021E   25033.02874021  .00000408  00000-0  38948-3 0  9992
2 26503  64.9582 170.8982 0034191  47.1211  67.1822 13.91878115263530
COSMOS 1249 COOLANT
1 26503U 81021E   25033.73739876  .00000385  00000-0  37141-3 0  9996
2 26503  64.9583 169.0359 0034239  46.8014  18.1880 13.91878589263635
COSMOS 1249 COOLANT
1 26503U 81021E   25034.11807859  .00000359  00000-0  35059-3 0  9993
2 26503  64.9584 168.0356 0034260  46.6339 125.7270 13.91878798263689
COSMOS 1249 COOLANT
1 26503U 81021E   25036.75666846  .00000381  00000-0  36819-3 0  9994
2 26503  64.9588 161.1016 0034417  45.4162  27.4405 13.91881344264179
COSMOS 1249 COOLANT
1 26503U 81021E   25036.75666846  .00000381  00000-0  36819-3 0  9994
2 26503  64.9588 161.1016 0034417  45.4162  27.4405 13.91881344264056
COSMOS 1249 COOLANT
1 26503U 81021E   25039.92544295  .00000266  00000-0  27800-3 0  9991
2 26503  64.9590 152.7744 0034618  43.9449  65.8912 13.91883400264499
COSMOS 1249 COOLANT
1 26503U 81021E   25039.92544295  .00000266  00000-0  27800-3 0  9991
2 26503  64.9590 152.7744 0034618  43.9449  65.8912 13.91883400264624
COSMOS 1249 COOLANT
1 26503U 81021E   25040.70815109  .00000305  00000-0  30867-3 0  9995
2 26503  64.9590 150.7175 0034663  43.5792  27.9796 13.91884226264601
COSMOS 1249 COOLANT
1 26503U 81021E   25045.89005877  .00000271  00000-0  28223-3 0  9998
2 26503  64.9589 137.0994 0035001  41.2057  74.0927 13.91887449265321
COSMOS 1249 COOLANT
1 26503U 81021E   25045.89005877  .00000271  00000-0  28223-3 0  9998
2 26503  64.9589 137.0994 0035001  41.2057  74.0927 13.91887449265455
COSMOS 1249 COOLANT
1 26503U 81021E   25048.83488604  .00000278  00000-0  28780-3 0  9993
2 26503  64.9588 129.3602 0035228  39.8988  70.3688 13.91889566265861
COSMOS 1249 COOLANT
1 26503U 81021E   25048.83488604  .00000278  00000-0  28780-3 0  9993
2 26503  64.9588 129.3602 0035228  39.8988  70.3688 13.91889566265737
COSMOS 1249 COOLANT
1 26503U 81021E   25048.99096374  .00000296  00000-0  30165-3 0  9999
2 26503  64.9589 128.9504 0035237  39.8429 132.4485 13.91889814265757
COSMOS 1249 COOLANT
1 26503U 81021E   25052.56238604  .00000242  00000-0  25975-3 0  9995
2 26503  64.9582 119.5641 0035437  38.2533  28.5796 13.91892303266252
COSMOS 1249 COOLANT
1 26503U 81021E   25052.56238604  .00000242  00000-0  25975-3 0  9995
2 26503  64.9582 119.5641 0035437  38.2533  28.5796 13.91892303266375
COSMOS 1249 COOLANT
1 26503U 81021E   25056.51367278  .00000313  00000-0  31489-3 0  9990
2 26503  64.9577 109.1792 0035745  36.5242  28.1949 13.91895710266923
COSMOS 1249 COOLANT
1 26503U 81021E   25056.58782471  .00000315  00000-0  31615-3 0  9996
2 26503  64.9577 108.9844 0035755  36.4852  39.7715 13.91895762266819
COSMOS 1249 COOLANT
1 26503U 81021E   25057.52001395  .00000347  00000-0  34092-3 0  9997
2 26503  64.9577 106.5344 0035833  36.0647  30.9243 13.91896650266943
COSMOS 1249 COOLANT
1 26503U 81021E   25057.90026836  .00000348  00000-0  34173-3 0  9997
2 26503  64.9577 105.5351 0035868  35.8871 136.3668 13.91896978266994
COSMOS 1249 COOLANT
1 26503U 81021E   25059.75675990  .00000332  00000-0  32941-3 0  9997
2 26503  64.9577 100.6558 0036024  35.0639  79.1499 13.91898621267385
COSMOS 1249 COOLANT
1 26503U 81021E   25059.75675990  .00000332  00000-0  32941-3 0  9997
2 26503  64.9577 100.6558 0036024  35.0639  79.1499 13.91898621267251
COSMOS 1249 COOLANT
1 26503U 81021E   25061.47147052  .00000281  00000-0  28963-3 0  9994
2 26503  64.9576  96.1490 0036165  34.3212  31.4673 13.91899855267490
COSMOS 1249 COOLANT
1 26503U 81021E   25063.70860103  .00000234  00000-0  25317-3 0  9999
2 26503  64.9575  90.2689 0036355  33.3820  81.5824 13.91901438267933
COSMOS 1249 COOLANT
1 26503U 81021E   25063.70860103  .00000234  00000-0  25317-3 0  9999
2 26503  64.9575  90.2689 0036355  33.3820  81.5824 13.91901438267809
COSMOS 1249 COOLANT
1 26503U 81021E   25065.42314047  .00000204  00000-0  22977-3 0  9997
2 26503  64.9575  85.7624 0036507  32.6431  33.0544 13.91902431268048
COSMOS 1249 COOLANT
1 26503U 81021E   25066.42944767  .00000230  00000-0  25016-3 0  9992
2 26503  64.9575  83.1174 0036595  32.2257  35.5959 13.91903138268300
COSMOS 1249 COOLANT
1 26503U 81021E   25066.42944767  .00000230  00000-0  25016-3 0  9992
2 26503  64.9575  83.1174 0036595  32.2257  35.5959 13.91903138268186
COSMOS 1249 COOLANT
1 26503U 81021E   25067.43595086  .00000250  00000-0  26531-3 0  9995
2 26503  64.9575  80.4719 0036682  31.8114  39.1186 13.91903839268321
COSMOS 1249 COOLANT
1 26503U 81021E   25068.44236406  .00000304  00000-0  30792-3 0  9999
2 26503  64.9575  77.8266 0036769  31.4012  42.1901 13.91904814268588
COSMOS 1249 COOLANT
1 26503U 81021E   25068.44236406  .00000304  00000-0  30792-3 0  9999
2 26503  64.9575  77.8266 0036769  31.4012  42.1901 13.91904814268465
COSMOS 1249 COOLANT
1 26503U 81021E   25068.74970457  .00000274  00000-0  28445-3 0  9991
2 26503  64.9576  77.0188 0036802  31.2703 142.2599 13.91904895268503
COSMOS 1249 COOLANT
1 26503U 81021E   25071.61091613  .00000300  00000-0  30460-3 0  9999
2 26503  64.9579  69.4985 0037061  30.1092  79.6157 13.91907018268900
COSMOS 1249 COOLANT
1 26503U 81021E   25071.61091613  .00000300  00000-0  30460-3 0  9999
2 26503  64.9579  69.4985 0037061  30.1092  79.6157 13.91907018269035
COSMOS 1249 COOLANT
1 26503U 81021E   25074.33206311  .00000403  00000-0  38477-3 0  9994
2 26503  64.9584  62.3466 0037348  28.9943  35.1547 13.91910050269406
COSMOS 1249 COOLANT
1 26503U 81021E   25074.33206311  .00000403  00000-0  38477-3 0  9994
2 26503  64.9584  62.3466 0037348  28.9943  35.1547 13.91910050269282
COSMOS 1249 COOLANT
1 26503U 81021E   25076.34504924  .00000485  00000-0  44873-3 0  9995
2 26503  64.9588  57.0563 0037485  28.2399  42.0848 13.91912718269683
COSMOS 1249 COOLANT
1 26503U 81021E   25076.34504924  .00000485  00000-0  44873-3 0  9995
2 26503  64.9588  57.0563 0037485  28.2399  42.0848 13.91912718269560
COSMOS 1249 COOLANT
1 26503U 81021E   25077.57543001  .00000518  00000-0  47418-3 0  9995
2 26503  64.9591  53.8227 0037557  27.7947  87.4310 13.91914542269731
COSMOS 1249 COOLANT
1 26503U 81021E   25079.28984091  .00000619  00000-0  55280-3 0  9991
2 26503  64.9594  49.3168 0037738  27.1160  38.2848 13.91917332270091
COSMOS 1249 COOLANT
1 26503U 81021E   25079.28984091  .00000619  00000-0  55280-3 0  9991
2 26503  64.9594  49.3168 0037738  27.1160  38.2848 13.91917332269976
COSMOS 1249 COOLANT
1 26503U 81021E   25081.30253650  .00000729  00000-0  63797-3 0  9991
2 26503  64.9597  44.0267 0037936  26.3116  43.8656 13.91921109270375
COSMOS 1249 COOLANT
1 26503U 81021E   25081.30253650  .00000729  00000-0  63797-3 0  9991
2 26503  64.9597  44.0267 0037936  26.3116  43.8656 13.91921109270252
COSMOS 1249 COOLANT
1 26503U 81021E   25082.53276828  .00000718  00000-0  62971-3 0  9990
2 26503  64.9600  40.7930 0038057  25.8813  88.4857 13.91923176270423
COSMOS 1249 COOLANT
1 26503U 81021E   25088.57970134  .00000479  00000-0  44378-3 0  9996
2 26503  64.9607  24.9001 0038606  23.6734 149.5257 13.91931324271395
COSMOS 1249 COOLANT
1 26503U 81021E   25088.57970134  .00000479  00000-0  44378-3 0  9996
2 26503  64.9607  24.9001 0038606  23.6734 149.5257 13.91931324271261
COSMOS 1249 COOLANT
1 26503U 81021E   25089.42934437  .00000447  00000-0  41854-3 0  9998
2 26503  64.9607  22.6664 0038716  23.3482  87.0912 13.91932040271383
COSMOS 1249 COOLANT
1 26503U 81021E   25090.43581312  .00000414  00000-0  39252-3 0  9994
2 26503  64.9608  20.0212 0038814  22.9743  90.5062 13.91933007271524
COSMOS 1249 COOLANT
1 26503U 81021E   25091.44178564  .00000388  00000-0  37270-3 0  9995
2 26503  64.9609  17.3771 0038905  22.6190  91.4196 13.91933930271790
COSMOS 1249 COOLANT
1 26503U 81021E   25091.44178564  .00000388  00000-0  37270-3 0  9995
2 26503  64.9609  17.3771 0038905  22.6190  91.4196 13.91933930271666
COSMOS 1249 COOLANT
1 26503U 81021E   25092.22445897  .00000394  00000-0  37737-3 0  9993
2 26503  64.9611  15.3203 0038982  22.3376  53.3911 13.91934706271771
COSMOS 1249 COOLANT
1 26503U 81021E   25094.16307269  .00000426  00000-0  40237-3 0  9993
2 26503  64.9611  10.2252 0039155  21.6747  47.7490 13.91936757272167
COSMOS 1249 COOLANT
1 26503U 81021E   25094.16307269  .00000426  00000-0  40237-3 0  9993
2 26503  64.9611  10.2252 0039155  21.6747  47.7490 13.91936757272044
COSMOS 1249 COOLANT
1 26503U 81021E   25096.39986203  .00000405  00000-0  38606-3 0  9995
2 26503  64.9612   4.3471 0039372  20.8577  96.3273 13.91938864272483
COSMOS 1249 COOLANT
1 26503U 81021E   25096.39986203  .00000405  00000-0  38606-3 0  9995
2 26503  64.9612   4.3471 0039372  20.8577  96.3273 13.91938864272359
COSMOS 1249 COOLANT
1 26503U 81021E   25098.33828911  .00000355  00000-0  34655-3 0  9996
2 26503  64.9612 359.2533 0039551  20.1540  89.8175 13.91940436272628
COSMOS 1249 COOLANT
1 26503U 81021E   25099.12069507  .00000331  00000-0  32800-3 0  9996
2 26503  64.9612 357.1969 0039621  19.8824  50.4584 13.91941069272852
COSMOS 1249 COOLANT
1 26503U 81021E   25099.12069507  .00000331  00000-0  32800-3 0  9996
2 26503  64.9612 357.1969 0039621  19.8824  50.4584 13.91941069272739
COSMOS 1249 COOLANT
1 26503U 81021E   25101.98290424  .00000333  00000-0  33005-3 0  9998
2 26503  64.9609 349.6744 0039881  18.8782 353.0325 13.91943682273258
COSMOS 1249 COOLANT
1 26503U 81021E   25101.98290424  .00000333  00000-0  33005-3 0  9998
2 26503  64.9609 349.6744 0039881  18.8782 353.0325 13.91943682273135
COSMOS 1249 COOLANT
1 26503U 81021E   25103.29571966  .00000335  00000-0  33097-3 0  9990
2 26503  64.9607 346.2240 0040003  18.4174  91.5795 13.91944857273316
COSMOS 1249 COOLANT
1 26503U 81021E   25104.30242076  .00000314  00000-0  31470-3 0  9990
2 26503  64.9606 343.5781 0040091  18.0726  96.1753 13.91945602273584
COSMOS 1249 COOLANT
1 26503U 81021E   25104.30242076  .00000314  00000-0  31470-3 0  9990
2 26503  64.9606 343.5781 0040091  18.0726  96.1753 13.91945602273450
COSMOS 1249 COOLANT
1 26503U 81021E   25106.01689992  .00000299  00000-0  30317-3 0  9993
2 26503  64.9604 339.0720 0040240  17.4691  47.4823 13.91946932273691
COSMOS 1249 COOLANT
1 26503U 81021E   25108.25371937  .00000238  00000-0  25546-3 0  9999
2 26503  64.9600 333.1929 0040434  16.6904  96.2560 13.91948402274130
COSMOS 1249 COOLANT
1 26503U 81021E   25109.96820692  .00000226  00000-0  24627-3 0  9991
2 26503  64.9597 328.6865 0040577  16.0924  47.6175 13.91949589274248
COSMOS 1249 COOLANT
1 26503U 81021E   25110.97445780  .00000224  00000-0  24508-3 0  9991
2 26503  64.9595 326.0416 0040663  15.7382  49.9846 13.91950240274381
COSMOS 1249 COOLANT
1 26503U 81021E   25111.19869536  .00000247  00000-0  26262-3 0  9999
2 26503  64.9594 325.4521 0040684  15.6569  93.6516 13.91950524274542
COSMOS 1249 COOLANT
1 26503U 81021E   25111.19869536  .00000247  00000-0  26262-3 0  9999
2 26503  64.9594 325.4521 0040684  15.6569  93.6516 13.91950524274418
COSMOS 1249 COOLANT
1 26503U 81021E   25111.98127493  .00000261  00000-0  27392-3 0  9996
2 26503  64.9593 323.3951 0040751  15.3821  55.1942 13.91951156274524
COSMOS 1249 COOLANT
1 26503U 81021E   25114.21733975  .00000236  00000-0  25419-3 0  9993
2 26503  64.9590 317.5174 0040936  14.6011 100.2222 13.91952584274968
COSMOS 1249 COOLANT
1 26503U 81021E   25114.92603100  .00000260  00000-0  27267-3 0  9997
2 26503  64.9589 315.6547 0040986  14.3537  51.5112 13.91953217274931
COSMOS 1249 COOLANT
1 26503U 81021E   25115.93220086  .00000263  00000-0  27472-3 0  9998
2 26503  64.9588 313.0098 0041072  13.9955  53.4896 13.91953937275074
COSMOS 1249 COOLANT
1 26503U 81021E   25116.15619391  .00000268  00000-0  27878-3 0  9999
2 26503  64.9587 312.4209 0041084  13.9233  95.9257 13.91954156275102
COSMOS 1249 COOLANT
1 26503U 81021E   25117.16269882  .00000267  00000-0  27855-3 0  9991
2 26503  64.9587 309.7753 0041169  13.5697  99.5823 13.91954950275379
COSMOS 1249 COOLANT
1 26503U 81021E   25117.16269882  .00000267  00000-0  27855-3 0  9991
2 26503  64.9587 309.7753 0041169  13.5697  99.5823 13.91954950275245
COSMOS 1249 COOLANT
1 26503U 81021E   25118.16893697  .00000277  00000-0  28563-3 0  9997
2 26503  64.9586 307.1303 0041253  13.2147 101.9065 13.91955793275385
COSMOS 1249 COOLANT
1 26503U 81021E   25120.88988575  .00000234  00000-0  25215-3 0  9993
2 26503  64.9584 299.9778 0041491  12.2482  56.7735 13.91957455275885
COSMOS 1249 COOLANT
1 26503U 81021E   25120.88988575  .00000234  00000-0  25215-3 0  9993
2 26503  64.9584 299.9778 0041491  12.2482  56.7735 13.91957455275762
COSMOS 1249 COOLANT
1 26503U 81021E   25123.12652869  .00000228  00000-0  24792-3 0  9999
2 26503  64.9583 294.0984 0041682  11.4473 104.7705 13.91959001276209
COSMOS 1249 COOLANT
1 26503U 81021E   25124.84088257  .00000220  00000-0  24163-3 0  9997
2 26503  64.9583 289.5920 0041816  10.8326  55.5429 13.91960009276315
COSMOS 1249 COOLANT
1 26503U 81021E   25125.84724628  .00000203  00000-0  22837-3 0  9994
2 26503  64.9584 286.9466 0041900  10.4706  58.5213 13.91960590276571
COSMOS 1249 COOLANT
1 26503U 81021E   25125.84724628  .00000203  00000-0  22837-3 0  9994
2 26503  64.9584 286.9466 0041900  10.4706  58.5213 13.91960590276458
COSMOS 1249 COOLANT
1 26503U 81021E   25126.07141295  .00000197  00000-0  22364-3 0  9990
2 26503  64.9584 286.3574 0041924  10.3876 101.8431 13.91960718276484
COSMOS 1249 COOLANT
1 26503U 81021E   25128.08413488  .00000153  00000-0  18976-3 0  9995
2 26503  64.9584 281.0668 0042078   9.6638 107.7788 13.91961722276899
COSMOS 1249 COOLANT
1 26503U 81021E   25128.08413488  .00000153  00000-0  18976-3 0  9995
2 26503  64.9584 281.0668 0042078   9.6638 107.7788 13.91961722276765
COSMOS 1249 COOLANT
1 26503U 81021E   25131.02898355  .00000120  00000-0  16395-3 0  9990
2 26503  64.9586 273.3261 0042360   8.6231 104.6806 13.91963064277301
COSMOS 1249 COOLANT
1 26503U 81021E   25131.02898355  .00000120  00000-0  16395-3 0  9990
2 26503  64.9586 273.3261 0042360   8.6231 104.6806 13.91963064277176
COSMOS 1249 COOLANT
1 26503U 81021E   25132.03517539  .00000107  00000-0  15404-3 0  9999
2 26503  64.9586 270.6813 0042444   8.2555 106.8138 13.91963459277313
COSMOS 1249 COOLANT
1 26503U 81021E   25133.74965456  .00000118  00000-0  16248-3 0  9992
2 26503  64.9586 266.1747 0042566   7.6355  58.2456 13.91964155277671
COSMOS 1249 COOLANT
1 26503U 81021E   25133.74965456  .00000118  00000-0  16248-3 0  9992
2 26503  64.9586 266.1747 0042566   7.6355  58.2456 13.91964155277558
COSMOS 1249 COOLANT
1 26503U 81021E   25134.75597546  .00000116  00000-0  16081-3 0  9998
2 26503  64.9587 263.5297 0042660   7.2774  61.0192 13.91964538277695
COSMOS 1249 COOLANT
1 26503U 81021E   25134.98037244  .00000118  00000-0  16201-3 0  9993
2 26503  64.9587 262.9399 0042689   7.1947 105.4978 13.91964658277725
COSMOS 1249 COOLANT
1 26503U 81021E   25139.08894713  .00000137  00000-0  17693-3 0  9998
2 26503  64.9590 252.1406 0043064   5.7283 173.9953 13.91966494278425
COSMOS 1249 COOLANT
1 26503U 81021E   25139.55965174  .00000111  00000-0  15642-3 0  9994
2 26503  64.9590 250.9035 0043090   5.5366  12.7713 13.91966587278368
COSMOS 1249 COOLANT
1 26503U 81021E   25140.94418002  .00000091  00000-0  14101-3 0  9998
2 26503  64.9589 247.2643 0043202   5.0354 110.8015 13.91967107278552
COSMOS 1249 COOLANT
1 26503U 81021E   25142.65871619  .00000076  00000-0  12927-3 0  9992
2 26503  64.9587 242.7578 0043353   4.4397  62.5169 13.91967660278911
COSMOS 1249 COOLANT
1 26503U 81021E   25142.65871619  .00000076  00000-0  12927-3 0  9992
2 26503  64.9587 242.7578 0043353   4.4397  62.5169 13.91967660278797
COSMOS 1249 COOLANT
1 26503U 81021E   25143.66506081  .00000069  00000-0  12439-3 0  9992
2 26503  64.9586 240.1128 0043445   4.0853  65.4185 13.91967985278930
COSMOS 1249 COOLANT
1 26503U 81021E   25144.89532701  .00000068  00000-0  12338-3 0  9993
2 26503  64.9585 236.8790 0043554   3.6492 110.4203 13.91968420279232
COSMOS 1249 COOLANT
1 26503U 81021E   25151.56742192  .00000087  00000-0  13832-3 0  9993
2 26503  64.9581 219.3417 0044187   1.3239  65.0296 13.91970892280153
COSMOS 1249 COOLANT
1 26503U 81021E   25152.57386752  .00000253  00000-0  26687-3 0  9998
2 26503  64.9579 216.6963 0044278   0.9801  68.4436 13.91972463280178
COSMOS 1249 COOLANT
1 26503U 81021E   25152.79786203  .00000247  00000-0  26217-3 0  9999
2 26503  64.9580 216.1077 0044315   0.8918 110.9171 13.91972577280200
COSMOS 1249 COOLANT
1 26503U 81021E   25153.58013951  .00000119  00000-0  16322-3 0  9994
2 26503  64.9579 214.0517 0044395   0.6267  70.9914 13.91972029280434
COSMOS 1249 COOLANT
1 26503U 81021E   25153.58013951  .00000119  00000-0  16322-3 0  9994
2 26503  64.9579 214.0517 0044395   0.6267  70.9914 13.91972029280311
COSMOS 1249 COOLANT
1 26503U 81021E   25154.81035016  .00000142  00000-0  18081-3 0  9997
2 26503  64.9579 210.8185 0044522   0.2046 115.7208 13.91972849280481
COSMOS 1249 COOLANT
1 26503U 81021E   25155.51860247  .00000111  00000-0  15633-3 0  9993
2 26503  64.9578 208.9570 0044590 359.9609  64.8556 13.91972900280589
COSMOS 1249 COOLANT
1 26503U 81021E   25157.53172632  .00000099  00000-0  14738-3 0  9991
2 26503  64.9575 203.6654 0044783 359.2753  72.8534 13.91973644280983
COSMOS 1249 COOLANT
1 26503U 81021E   25157.53172632  .00000099  00000-0  14738-3 0  9991
2 26503  64.9575 203.6654 0044783 359.2753  72.8534 13.91973644280860
COSMOS 1249 COOLANT
1 26503U 81021E   25157.75525757  .00000097  00000-0  14570-3 0  9997
2 26503  64.9575 203.0777 0044811 359.2036 112.9907 13.91973749280895
COSMOS 1249 COOLANT
1 26503U 81021E   25158.84610572  .00000086  00000-0  13751-3 0  9996
2 26503  64.9574 200.2106 0044916 358.8355 179.3573 13.91974145281049
COSMOS 1249 COOLANT
1 26503U 81021E   25161.70636984  .00000078  00000-0  13090-3 0  9997
2 26503  64.9572 192.6921 0045197 357.8761 112.4738 13.91975139281571
COSMOS 1249 COOLANT
1 26503U 81021E   25161.70636984  .00000078  00000-0  13090-3 0  9997
2 26503  64.9572 192.6921 0045197 357.8761 112.4738 13.91975139281447
COSMOS 1249 COOLANT
1 26503U 81021E   25162.33435872  .00000078  00000-0  13126-3 0  9990
2 26503  64.9572 191.0415 0045248 357.6625  19.4039 13.91975391281532
COSMOS 1249 COOLANT
1 26503U 81021E   25164.80989554  .00000112  00000-0  15713-3 0  9998
2 26503  64.9571 184.5346 0045501 356.8591 184.5936 13.91976659282007
COSMOS 1249 COOLANT
1 26503U 81021E   25164.80989554  .00000112  00000-0  15713-3 0  9998
2 26503  64.9571 184.5346 0045501 356.8591 184.5936 13.91976659281871
COSMOS 1249 COOLANT
1 26503U 81021E   25165.43352030  .00000087  00000-0  13787-3 0  9991
2 26503  64.9570 182.8953 0045557 356.6595  69.6435 13.91976687281966
COSMOS 1249 COOLANT
1 26503U 81021E   25166.66410016  .00000075  00000-0  12854-3 0  9997
2 26503  64.9569 179.6606 0045676 356.2650 116.2143 13.91977116282136
COSMOS 1249 COOLANT
1 26503U 81021E   25170.39149513  .00000105  00000-0  15209-3 0  9994
2 26503  64.9569 169.8628 0046037 355.0851  74.5962 13.91978572282775
COSMOS 1249 COOLANT
1 26503U 81021E   25170.39149513  .00000105  00000-0  15209-3 0  9994
2 26503  64.9569 169.8628 0046037 355.0851  74.5962 13.91978572282652
COSMOS 1249 COOLANT
1 26503U 81021E   25171.62181803  .00000091  00000-0  14089-3 0  9998
2 26503  64.9570 166.6288 0046156 354.7034 119.8747 13.91978981282829
COSMOS 1249 COOLANT
1 26503U 81021E   25173.33613719  .00000078  00000-0  13125-3 0  9999
2 26503  64.9573 162.1229 0046313 354.1831  70.5012 13.91979536283187
COSMOS 1249 COOLANT
1 26503U 81021E   25173.33613719  .00000078  00000-0  13125-3 0  9999
2 26503  64.9573 162.1229 0046313 354.1831  70.5012 13.91979536283064
COSMOS 1249 COOLANT
1 26503U 81021E   25175.57273442  .00000067  00000-0  12261-3 0  9990
2 26503  64.9575 156.2438 0046526 353.5003 118.3252 13.91980304283503
COSMOS 1249 COOLANT
1 26503U 81021E   25175.57273442  .00000067  00000-0  12261-3 0  9990
2 26503  64.9575 156.2438 0046526 353.5003 118.3252 13.91980304283378
COSMOS 1249 COOLANT
1 26503U 81021E   25176.57907586  .00000046  00000-0  10638-3 0  9997
2 26503  64.9575 153.5983 0046624 353.1888 121.2140 13.91980549283515
COSMOS 1249 COOLANT
1 26503U 81021E   25177.58533975  .00000043  00000-0  10383-3 0  9990
2 26503  64.9575 150.9532 0046714 352.8926 123.7002 13.91980851283650
COSMOS 1249 COOLANT
1 26503U 81021E   25177.58533975  .00000043  00000-0  10383-3 0  9990
2 26503  64.9575 150.9532 0046714 352.8926 123.7002 13.91980851283784
COSMOS 1249 COOLANT
1 26503U 81021E   25178.36761889  .00000051  00000-0  10986-3 0  9992
2 26503  64.9575 148.8970 0046789 352.6487  83.7912 13.91981107283766
COSMOS 1249 COOLANT
1 26503U 81021E   25179.52374137  .00000048  00000-0  10800-3 0  9998
2 26503  64.9576 145.8580 0046896 352.3118 117.2314 13.91981400283921
COSMOS 1249 COOLANT
1 26503U 81021E   25180.53027985  .00000051  00000-0  11041-3 0  9999
2 26503  64.9577 143.2120 0047008 352.0264 121.0852 13.91981705284197
COSMOS 1249 COOLANT
1 26503U 81021E   25180.53027985  .00000051  00000-0  11041-3 0  9999
2 26503  64.9577 143.2120 0047008 352.0264 121.0852 13.91981705284063
COSMOS 1249 COOLANT
1 26503U 81021E   25183.25112591  .00000092  00000-0  14199-3 0  9991
2 26503  64.9581 136.0602 0047252 351.2198  75.5288 13.91982743284565
COSMOS 1249 COOLANT
1 26503U 81021E   25183.25112591  .00000092  00000-0  14199-3 0  9991
2 26503  64.9581 136.0602 0047252 351.2198  75.5288 13.91982743284442
COSMOS 1249 COOLANT
1 26503U 81021E   25184.48150670  .00000095  00000-0  14447-3 0  9996
2 26503  64.9582 132.8261 0047358 350.8590 121.0947 13.91983228284613
COSMOS 1249 COOLANT
1 26503U 81021E   25185.48774484  .00000091  00000-0  14121-3 0  9997
2 26503  64.9583 130.1812 0047448 350.5668 123.4577 13.91983635284886
COSMOS 1249 COOLANT
1 26503U 81021E   25185.48774484  .00000091  00000-0  14121-3 0  9997
2 26503  64.9583 130.1812 0047448 350.5668 123.4577 13.91983635284752
COSMOS 1249 COOLANT
1 26503U 81021E   25186.49424860  .00000087  00000-0  13780-3 0  9994
2 26503  64.9585 127.5357 0047537 350.2725 127.1550 13.91984029284893
COSMOS 1249 COOLANT
1 26503U 81021E   25187.20218927  .00000080  00000-0  13210-3 0  9990
2 26503  64.9586 125.6749 0047596 350.0679  74.7191 13.91984240284993
COSMOS 1249 COOLANT
1 26503U 81021E   25188.20867404  .00000083  00000-0  13458-3 0  9998
2 26503  64.9586 123.0293 0047684 349.7769  78.3202 13.91984644285253
COSMOS 1249 COOLANT
1 26503U 81021E   25188.20867404  .00000083  00000-0  13458-3 0  9998
2 26503  64.9586 123.0293 0047684 349.7769  78.3202 13.91984644285130
COSMOS 1249 COOLANT
1 26503U 81021E   25192.15954924  .00000049  00000-0  10814-3 0  9996
2 26503  64.9587 112.6444 0048021 348.6341  76.5812 13.91985723285803
COSMOS 1249 COOLANT
1 26503U 81021E   25192.15954924  .00000049  00000-0  10814-3 0  9996
2 26503  64.9587 112.6444 0048021 348.6341  76.5812 13.91985723285689
COSMOS 1249 COOLANT
1 26503U 81021E   25193.39046619  .00000070  00000-0  12500-3 0  9994
2 26503  64.9588 109.4089 0048131 348.2824 124.8375 13.91986201285855
COSMOS 1249 COOLANT
1 26503U 81021E   25194.17240948  .00000078  00000-0  13054-3 0  9995
2 26503  64.9588 107.3536 0048194 348.0560  83.2429 13.91986479286084
COSMOS 1249 COOLANT
1 26503U 81021E   25194.39670229  .00000074  00000-0  12816-3 0  9999
2 26503  64.9588 106.7640 0048215 347.9905 127.2000 13.91986550285991
COSMOS 1249 COOLANT
1 26503U 81021E   25195.40257123  .00000067  00000-0  12199-3 0  9992
2 26503  64.9589 104.1201 0048299 347.7034 127.7190 13.91986814286135
COSMOS 1249 COOLANT
1 26503U 81021E   25197.19121708  .00000067  00000-0  12270-3 0  9999
2 26503  64.9590  99.4185 0048450 347.1973  90.8170 13.91987370286506
COSMOS 1249 COOLANT
1 26503U 81021E   25197.49944550  .00000067  00000-0  12200-3 0  9993
2 26503  64.9590  98.6083 0048479 347.1080 195.3856 13.91987491286421
COSMOS 1249 COOLANT
1 26503U 81021E   25198.34774513  .00000065  00000-0  12057-3 0  9996
2 26503  64.9590  96.3785 0048551 346.8625 126.3142 13.91987796286540
COSMOS 1249 COOLANT
1 26503U 81021E   25199.43869464  .00000049  00000-0  10830-3 0  9996
2 26503  64.9590  93.5109 0048642 346.5497 193.1882 13.91988111286820
COSMOS 1249 COOLANT
1 26503U 81021E   25199.43869464  .00000049  00000-0  10830-3 0  9996
2 26503  64.9590  93.5109 0048642 346.5497 193.1882 13.91988111286695
COSMOS 1249 COOLANT
1 26503U 81021E   25201.06861203  .00000050  00000-0  10938-3 0  9993
2 26503  64.9589  89.2264 0048775 346.0770  80.9002 13.91988623286924
COSMOS 1249 COOLANT
1 26503U 81021E   25202.07468813  .00000054  00000-0  11213-3 0  9996
2 26503  64.9588  86.5818 0048859 345.7866  82.4683 13.91988936287181
COSMOS 1249 COOLANT
1 26503U 81021E   25203.30508280  .00000065  00000-0  12092-3 0  9994
2 26503  64.9587  83.3475 0048964 345.4282 128.1283 13.91989375287238
COSMOS 1249 COOLANT
1 26503U 81021E   25204.31172891  .00000082  00000-0  13418-3 0  9993
2 26503  64.9587  80.7013 0049045 345.1362 132.5574 13.91989794287501
COSMOS 1249 COOLANT
1 26503U 81021E   25204.31172891  .00000082  00000-0  13418-3 0  9993
2 26503  64.9587  80.7013 0049045 345.1362 132.5574 13.91989794287376
COSMOS 1249 COOLANT
1 26503U 81021E   25207.03205155  .00000090  00000-0  14041-3 0  9997
2 26503  64.9586  73.5503 0049265 344.3487  84.4372 13.91990715287873
COSMOS 1249 COOLANT
1 26503U 81021E   25207.25616122  .00000096  00000-0  14465-3 0  9997
2 26503  64.9586  72.9612 0049278 344.2845 127.4790 13.91990854287784
COSMOS 1249 COOLANT
1 26503U 81021E   25208.26264067  .00000083  00000-0  13508-3 0  9999
2 26503  64.9586  70.3154 0049358 343.9924 131.0785 13.91991208287925
COSMOS 1249 COOLANT
1 26503U 81021E   25209.04483889  .00000078  00000-0  13098-3 0  9999
2 26503  64.9586  68.2592 0049415 343.7658  90.7761 13.91991485288151
COSMOS 1249 COOLANT
1 26503U 81021E   25209.26876567  .00000073  00000-0  12730-3 0  9999
2 26503  64.9586  67.6706 0049432 343.7024 132.9012 13.91991553288061
COSMOS 1249 COOLANT
1 26503U 81021E   25211.36470468  .00000069  00000-0  12356-3 0  9992
2 26503  64.9586  62.1609 0049600 343.0913 195.9338 13.91992313288481
COSMOS 1249 COOLANT
1 26503U 81021E   25211.36470468  .00000069  00000-0  12356-3 0  9992
2 26503  64.9586  62.1609 0049600 343.0913 195.9338 13.91992313288357
COSMOS 1249 COOLANT
1 26503U 81021E   25211.98980502  .00000072  00000-0  12616-3 0  9998
2 26503  64.9586  60.5176 0049652 342.9038  88.4023 13.91992566288448
COSMOS 1249 COOLANT
1 26503U 81021E   25215.94063721  .00000067  00000-0  12200-3 0  9996
2 26503  64.9586  50.1316 0049963 341.7455  86.5777 13.91993809288990
COSMOS 1249 COOLANT
1 26503U 81021E   25216.16487447  .00000064  00000-0  11987-3 0  9994
2 26503  64.9586  49.5421 0049980 341.6821 130.2604 13.91993886289154
COSMOS 1249 COOLANT
1 26503U 81021E   25216.16487447  .00000064  00000-0  11987-3 0  9994
2 26503  64.9586  49.5421 0049980 341.6821 130.2604 13.91993886289020
COSMOS 1249 COOLANT
1 26503U 81021E   25218.88612678  .00000063  00000-0  11943-3 0  9992
2 26503  64.9589  42.3884 0050193 340.8789  86.8553 13.91994776289409
COSMOS 1249 COOLANT
1 26503U 81021E   25218.88612678  .00000063  00000-0  11943-3 0  9992
2 26503  64.9589  42.3884 0050193 340.8789  86.8553 13.91994776289522
COSMOS 1249 COOLANT
1 26503U 81021E   25220.11597516  .00000061  00000-0  11749-3 0  9996
2 26503  64.9589  39.1554 0050298 340.5055 129.8185 13.91995128289575
COSMOS 1249 COOLANT
1 26503U 81021E   25225.07364646  .00000048  00000-0  10766-3 0  9995
2 26503  64.9594  26.1224 0050755 339.0546 133.4513 13.91996609290390
COSMOS 1249 COOLANT
1 26503U 81021E   25225.85578999  .00000057  00000-0  11453-3 0  9993
2 26503  64.9595  24.0665 0050798 338.8079  92.9101 13.91996915290372
COSMOS 1249 COOLANT
1 26503U 81021E   25226.07972516  .00000054  00000-0  11190-3 0  9996
2 26503  64.9595  23.4778 0050820 338.7413 135.0848 13.91996983290403
COSMOS 1249 COOLANT
1 26503U 81021E   25233.75798934  .00000046  00000-0  10598-3 0  9991
2 26503  64.9607   3.2947 0051450 336.4138  92.1551 13.91999194291479
COSMOS 1249 COOLANT
1 26503U 81021E   25234.98847545  .00000040  00000-0  10167-3 0  9996
2 26503  64.9608   0.0602 0051576 336.0513 138.3222 13.91999533291649
COSMOS 1249 COOLANT
1 26503U 81021E   25241.66034785  .00000120  00000-0  16332-3 0  9992
2 26503  64.9610 342.5227 0052172 334.0761  92.2065 13.92001991292574
COSMOS 1249 COOLANT
1 26503U 81021E   25246.61791863  .00000206  00000-0  22983-3 0  9993
2 26503  64.9608 329.4922 0052638 332.6154  95.4768 13.92004900293269
COSMOS 1249 COOLANT
1 26503U 81021E   25252.58156544  .00000105  00000-0  15172-3 0  9997
2 26503  64.9597 313.8155 0053186 330.8858 100.4106 13.92007520294097
COSMOS 1249 COOLANT
1 26503U 81021E   25255.52607933  .00000072  00000-0  12568-3 0  9996
2 26503  64.9592 306.0757 0053465 330.0511  95.9126 13.92008544294505
COSMOS 1249 COOLANT
1 26503U 81021E   25255.90828647  .00000065  00000-0  12027-3 0  9997
2 26503  64.9591 305.0705 0053493 329.9602 211.2068 13.92008655294551
COSMOS 1249 COOLANT
1 26503U 81021E   25257.76286058  .00000073  00000-0  12686-3 0  9997
2 26503  64.9587 300.1952 0053661 329.4402 144.8201 13.92009350294818
COSMOS 1249 COOLANT
1 26503U 81021E   25259.47713391  .00000104  00000-0  15057-3 0  9992
2 26503  64.9583 295.6886 0053828 328.9545  95.3699 13.92010067295050
COSMOS 1249 COOLANT
1 26503U 81021E   25260.48373934  .00000108  00000-0  15348-3 0  9997
2 26503  64.9580 293.0422 0053926 328.6666  99.6657 13.92010422295196
COSMOS 1249 COOLANT
1 26503U 81021E   25263.72674831  .00000137  00000-0  17595-3 0  9995
2 26503  64.9576 284.5164 0054231 327.7798 150.9862 13.92011950295641
COSMOS 1249 COOLANT
1 26503U 81021E   25270.62260479  .00000314  00000-0  31275-3 0  9999
2 26503  64.9570 266.3870 0054831 325.9346 147.4441 13.92017151296602
COSMOS 1249 COOLANT
1 26503U 81021E   25270.62260479  .00000314  00000-0  31275-3 0  9999
2 26503  64.9570 266.3870 0054831 325.9346 147.4441 13.92017151296602
COSMOS 1249 COOLANT
1 26503U 81021E   25273.34350873  .00000382  00000-0  36510-3 0  9991
2 26503  64.9573 259.2343 0055086 325.2307 102.4319 13.92019903296987
COSMOS 1249 COOLANT
1 26503U 81021E   25273.34350873  .00000382  00000-0  36510-3 0  9991
2 26503  64.9573 259.2343 0055086 325.2307 102.4319 13.92019903296987
COSMOS 1249 COOLANT
1 26503U 81021E   25274.34940225  .00000454  00000-0  42064-3 0  9999
2 26503  64.9574 256.5901 0055168 324.9674 103.1755 13.92021396297120
COSMOS 1249 COOLANT
1 26503U 81021E   25274.57357962  .00000474  00000-0  43630-3 0  9996
2 26503  64.9573 256.0004 0055147 324.8954 146.5904 13.92021828297155
COSMOS 1249 COOLANT
1 26503U 81021E   25274.57357962  .00000474  00000-0  43630-3 0  9996
2 26503  64.9573 256.0004 0055147 324.8954 146.5904 13.92021828297155
COSMOS 1249 COOLANT
1 26503U 81021E   25275.57999021  .00000503  00000-0  45863-3 0  9998
2 26503  64.9575 253.3550 0055206 324.6146 149.9482 13.92023200297299
COSMOS 1249 COOLANT
1 26503U 81021E   25275.57999021  .00000503  00000-0  45863-3 0  9998
2 26503  64.9575 253.3550 0055206 324.6146 149.9482 13.92023199297296
COSMOS 1249 COOLANT
1 26503U 81021E   25279.53090339  .00000310  00000-0  30990-3 0  9993
2 26503  64.9576 242.9675 0055544 323.6538 148.7846 13.92026511297841
COSMOS 1249 COOLANT
1 26503U 81021E   25279.53090340  .00000310  00000-0  30990-3 0  9995
2 26503  64.9576 242.9675 0055544 323.6538 148.7846 13.92026511297841
COSMOS 1249 COOLANT
1 26503U 81021E   25280.15841737  .00000287  00000-0  29185-3 0  9996
2 26503  64.9577 241.3178 0055589 323.4946  53.3969 13.92026971297930
COSMOS 1249 COOLANT
1 26503U 81021E   25296.11722611  .00000281  00000-0  28671-3 0  9991
2 26503  64.9588 199.3651 0056693 319.4855 106.8417 13.92038881300155
COSMOS 1249 COOLANT
1 26503U 81021E   25296.11722612  .00000281  00000-0  28671-3 0  9992
2 26503  64.9588 199.3651 0056693 319.4855 106.8417 13.92038881300155
COSMOS 1249 COOLANT
1 26503U 81021E   25301.07458541  .00000209  00000-0  23141-3 0  9998
2 26503  64.9584 186.3332 0057019 318.2497 109.4871 13.92041761300845
COSMOS 1249 COOLANT
1 26503U 81021E   25302.08091498  .00000194  00000-0  22001-3 0  9991
2 26503  64.9585 183.6886 0057087 317.9896 112.4874 13.92042302300988
COSMOS 1249 COOLANT
1 26503U 81021E   25312.21958512  .00000189  00000-0  21547-3 0  9994
2 26503  64.9568 157.0334 0057697 315.4273 160.2677 13.92047783302398
COSMOS 1249 COOLANT
1 26503U 81021E   25312.21958512  .00000189  00000-0  21547-3 0  9994
2 26503  64.9568 157.0334 0057697 315.4273 160.2677 13.92047783302398
COSMOS 1249 COOLANT
1 26503U 81021E   25320.12149513  .00000281  00000-0  28703-3 0  9990
2 26503  64.9557 136.2573 0058223 313.3855 159.2241 13.92054103303490
COSMOS 1249 COOLANT
1 26503U 81021E   25329.65728580  .00000202  00000-0  22568-3 0  9990
2 26503  64.9568 111.1879 0058842 310.8156  66.3936 13.92060102304829
COSMOS 1249 COOLANT
1 26503U 81021E   25329.65728581  .00000202  00000-0  22568-3 0  9991
2 26503  64.9568 111.1880 0058842 310.8156  66.3936 13.92060102304821
COSMOS 1249 COOLANT
1 26503U 81021E   25331.75011848  .00000191  00000-0  21752-3 0  9997
2 26503  64.9575 105.6871 0059008 310.2924 114.2887 13.92061184305111
COSMOS 1249 COOLANT
1 26503U 81021E   25332.75629808  .00000184  00000-0  21174-3 0  9999
2 26503  64.9575 103.0411 0059035 310.0073 116.6344 13.92061704305253
COSMOS 1249 COOLANT
1 26503U 81021E   25333.98667075  .00000183  00000-0  21076-3 0  9993
2 26503  64.9578  99.8056 0059137 309.7392 162.4164 13.92062304305420
COSMOS 1249 COOLANT
1 26503U 81021E   25333.98667076  .00000183  00000-0  21076-3 0  9994
2 26503  64.9578  99.8056 0059137 309.7392 162.4164 13.92062305305421
COSMOS 1249 COOLANT
1 26503U 81021E   25334.99307258  .00000168  00000-0  19920-3 0  9997
2 26503  64.9583  97.1605 0059221 309.4784 165.8550 13.92062894305568
COSMOS 1249 COOLANT
1 26503U 81021E   25336.70738516  .00000211  00000-0  23289-3 0  9995
2 26503  64.9583  92.6534 0059366 309.0128 116.9144 13.92064162305800
COSMOS 1249 COOLANT
1 26503U 81021E   25336.70738517  .00000211  00000-0  23289-3 0  9996
2 26503  64.9583  92.6534 0059366 309.0128 116.9145 13.92064162305801
COSMOS 1249 COOLANT
1 26503U 81021E   25338.72022169  .00000321  00000-0  31748-3 0  9990
2 26503  64.9586  87.3614 0059518 308.5019 123.9633 13.92066174306082
COSMOS 1249 COOLANT
1 26503U 81021E   25338.72022170  .00000321  00000-0  31748-3 0  9992
2 26503  64.9586  87.3614 0059518 308.5019 123.9633 13.92066174306082
COSMOS 1249 COOLANT
1 26503U 81021E   25339.95008164  .00000295  00000-0  29743-3 0  9997
2 26503  64.9588  84.1282 0059619 308.1822 167.2459 13.92066878306257
COSMOS 1249 COOLANT
1 26503U 81021E   25343.90113720  .00000269  00000-0  27678-3 0  9998
2 26503  64.9593  73.7408 0059912 307.1657 167.4670 13.92069803306807
COSMOS 1249 COOLANT
1 26503U 81021E   25343.90113720  .00000269  00000-0  27678-3 0  9998
2 26503  64.9593  73.7408 0059912 307.1657 167.4670 13.92069803306807
COSMOS 1249 COOLANT
1 26503U 81021E   25345.61539675  .00000272  00000-0  27972-3 0  9990
2 26503  64.9595  69.2343 0060041 306.7315 118.2715 13.92071170307049
COSMOS 1249 COOLANT
1 26503U 81021E   25347.62800064  .00000229  00000-0  24648-3 0  9995
2 26503  64.9597  63.9435 0060188 306.2197 124.2044 13.92072500307320
COSMOS 1249 COOLANT
1 26503U 81021E   25347.85237360  .00000222  00000-0  24065-3 0  9999
2 26503  64.9597  63.3536 0060206 306.1629 168.6241 13.92072646307351
COSMOS 1249 COOLANT
1 26503U 81021E   25350.57242395  .00000139  00000-0  17722-3 0  9995
2 26503  64.9596  56.2024 0060394 305.4628 119.8658 13.92073882307737
COSMOS 1249 COOLANT
1 26503U 81021E   25355.53022198  .00000129  00000-0  16954-3 0  9998
2 26503  64.9596  43.1681 0060754 304.2280 125.3269 13.92075988308428
COSMOS 1249 COOLANT
1 26503U 81021E   25355.53022198  .00000129  00000-0  16954-3 0  9998
2 26503  64.9596  43.1681 0060754 304.2280 125.3269 13.92075988308428
COSMOS 1249 COOLANT
1 26503U 81021E   25356.53633281  .00000140  00000-0  17794-3 0  9996
2 26503  64.9595  40.5229 0060825 303.9792 127.3444 13.92076523308567
COSMOS 1249 COOLANT
1 26503U 81021E   25357.76651712  .00000135  00000-0  17355-3 0  9998
2 26503  64.9594  37.2885 0060924 303.6751 172.2846 13.92077102308737
COSMOS 1249 COOLANT
1 26503U 81021E   25357.76651712  .00000135  00000-0  17355-3 0  9998
2 26503  64.9594  37.2885 0060924 303.6751 172.2846 13.92077102308737
COSMOS 1249 COOLANT
1 26503U 81021E   25360.48699166  .00000151  00000-0  18640-3 0  9992
2 26503  64.9594  30.1361 0061107 303.0145 125.6558 13.92078479309116
COSMOS 1249 COOLANT
1 26503U 81021E   25360.48699166  .00000151  00000-0  18640-3 0  9992
2 26503  64.9594  30.1361 0061107 303.0145 125.6558 13.92078479309116
COSMOS 1249 COOLANT
1 26503U 81021E   25362.72377492  .00000194  00000-0  21924-3 0  9992
2 26503  64.9594  24.2550 0061245 302.4729 175.0708 13.92080011309429
COSMOS 1249 COOLANT
1 26503U 81021E   25362.72377493  .00000194  00000-0  21924-3 0  9993
2 26503  64.9594  24.2550 0061245 302.4729 175.0708 13.92080011309429
COSMOS 1249 COOLANT
1 26503U 81021E   25363.43157583  .00000237  00000-0  25221-3 0  9990
2 26503  64.9592  22.3935 0061281 302.2895 122.1591 13.92080642309529
COSMOS 1249 COOLANT
1 26503U 81021E   25363.43157584  .00000237  00000-0  25221-3 0  9991
2 26503  64.9592  22.3935 0061281 302.2895 122.1591 13.92080642309529
COSMOS 1249 COOLANT
1 26503U 81021E   25365.44418117  .00000319  00000-0  31531-3 0  9998
2 26503  64.9595  17.1026 0061431 301.8203 128.1248 13.92082429309801
COSMOS 1249 COOLANT
1 26503U 81021E   25365.44418118  .00000319  00000-0  31531-3 0  9999
2 26503  64.9595  17.1026 0061431 301.8203 128.1248 13.92082429309801
COSMOS 1249 COOLANT
1 26503U 81021E   26003.30800868  .00000346  00000-0  33583-3 0  9990
2 26503  64.9593   9.5719 0061553 301.1018  79.9814 13.92085039310203
COSMOS 1249 COOLANT
1 26503U 81021E   26003.30800868  .00000346  00000-0  33583-3 0  9990
2 26503  64.9593   9.5719 0061553 301.1018  79.9814 13.92085039310203
COSMOS 1249 COOLANT
1 26503U 81021E   26004.39500063  .00000283  00000-0  28739-3 0  9991
2 26503  64.9594   6.7137 0061624 300.8649 127.3287 13.92085574310354
COSMOS 1249 COOLANT
1 26503U 81021E   26004.39500063  .00000283  00000-0  28739-3 0  9991
2 26503  64.9594   6.7137 0061624 300.8649 127.3287 13.92085574310354
COSMOS 1249 COOLANT
1 26503U 81021E   26006.63156457  .00000221  00000-0  23983-3 0  9992
2 26503  64.9595   0.8332 0061743 300.3409 175.6841 13.92087048310662
COSMOS 1249 COOLANT
1 26503U 81021E   26008.34580154  .00000205  00000-0  22720-3 0  9997
2 26503  64.9596 356.3261 0061809 299.9131 126.4737 13.92088039310907
COSMOS 1249 COOLANT
1 26503U 81021E   26008.34580155  .00000205  00000-0  22720-3 0  9998
2 26503  64.9596 356.3261 0061809 299.9131 126.4737 13.92088039310907
COSMOS 1249 COOLANT
1 26503U 81021E   26010.58250063  .00000164  00000-0  19582-3 0  9995
2 26503  64.9598 350.4454 0061915 299.3797 175.5328 13.92089164311214
COSMOS 1249 COOLANT
1 26503U 81021E   26012.29666961  .00000147  00000-0  18318-3 0  9990
2 26503  64.9600 345.9384 0061987 298.9753 125.9706 13.92089946311458
COSMOS 1249 COOLANT
1 26503U 81021E   26013.30313748  .00000128  00000-0  16829-3 0  9999
2 26503  64.9601 343.2923 0062028 298.7369 129.8166 13.92090313311595
COSMOS 1249 COOLANT
1 26503U 81021E   26013.52720346  .00000105  00000-0  15066-3 0  9996
2 26503  64.9603 342.7034 0062041 298.6963 172.6954 13.92090304311623
COSMOS 1249 COOLANT
1 26503U 81021E   26013.68449106  .00000103  00000-0  14900-3 0  9999
2 26503  64.9603 342.2897 0062054 298.6751 240.9156 13.92090361311642
COSMOS 1249 COOLANT
1 26503U 81021E   26016.24786057  .00000084  00000-0  13456-3 0  9996
2 26503  64.9604 335.5503 0062149 298.0657 127.0783 13.92091284312003
COSMOS 1249 COOLANT
1 26503U 81021E   26018.48414530  .00000110  00000-0  15473-3 0  9999
2 26503  64.9603 329.6708 0062239 297.5339 174.0829 13.92092172312318
COSMOS 1249 COOLANT
1 26503U 81021E   26019.49043118  .00000134  00000-0  17303-3 0  9991
2 26503  64.9602 327.0251 0062273 297.2978 177.0227 13.92092689312459
COSMOS 1249 COOLANT
1 26503U 81021E   26022.43514211  .00000319  00000-0  31543-3 0  9993
2 26503  64.9601 319.2829 0062363 296.5935 174.2992 13.92095790312866
COSMOS 1249 COOLANT
1 26503U 81021E   26022.43514212  .00000319  00000-0  31543-3 0  9994
2 26503  64.9601 319.2829 0062363 296.5935 174.2992 13.92095790312866
COSMOS 1249 COOLANT
1 26503U 81021E   26023.44139317  .00000330  00000-0  32386-3 0  9994
2 26503  64.9602 316.6375 0062397 296.3561 177.0807 13.92096766313001
COSMOS 1249 COOLANT
1 26503U 81021E   26024.53205191  .00000308  00000-0  30684-3 0  9993
2 26503  64.9602 313.7702 0062433 296.1042 242.8661 13.92097694313152
COSMOS 1249 COOLANT
1 26503U 81021E   26024.53205191  .00000308  00000-0  30684-3 0  9993
2 26503  64.9602 313.7702 0062433 296.1043 242.8661 13.92097694313153
COSMOS 1249 COOLANT
1 26503U 81021E   26026.16174831  .00000280  00000-0  28532-3 0  9998
2 26503  64.9601 309.4857 0062474 295.7200 130.0266 13.92098939313387
COSMOS 1249 COOLANT
1 26503U 81021E   26027.16810248  .00000252  00000-0  26333-3 0  9994
2 26503  64.9600 306.8399 0062508 295.4781 133.3400 13.92099601313526
COSMOS 1249 COOLANT
1 26503U 81021E   26027.39202753  .00000262  00000-0  27091-3 0  9998
2 26503  64.9600 306.2513 0062518 295.4323 175.5253 13.92099797313554
COSMOS 1249 COOLANT
1 26503U 81021E   26027.39202753  .00000262  00000-0  27091-3 0  9998
2 26503  64.9600 306.2513 0062518 295.4323 175.5253 13.92099797313554
COSMOS 1249 COOLANT
1 26503U 81021E   26028.39826451  .00000234  00000-0  24995-3 0  9995
2 26503  64.9598 303.6058 0062543 295.1923 178.2518 13.92100354313697
COSMOS 1249 COOLANT
1 26503U 81021E   26033.35536028  .00000142  00000-0  17889-3 0  9997
2 26503  64.9590 290.5727 0062672 294.0058 180.6238 13.92102840314381
COSMOS 1249 COOLANT
1 26503U 81021E   26033.35536029  .00000142  00000-0  17889-3 0  9998
2 26503  64.9590 290.5727 0062672 294.0058 180.6239 13.92102840314382
COSMOS 1249 COOLANT
1 26503U 81021E   26036.07618262  .00000161  00000-0  19391-3 0  9991
2 26503  64.9584 283.4190 0062741 293.3376 135.9999 13.92104349314766
COSMOS 1249 COOLANT
1 26503U 81021E   26036.07618263  .00000161  00000-0  19391-3 0  9992
2 26503  64.9584 283.4190 0062741 293.3376 135.9999 13.92104349314766
COSMOS 1249 COOLANT
1 26503U 81021E   26038.31257150  .00000140  00000-0  17770-3 0  9991
2 26503  64.9581 277.5391 0062803 292.8024 183.6385 13.92105451315072
COSMOS 1249 COOLANT
1 26503U 81021E   26038.31257152  .00000140  00000-0  17770-3 0  9993
2 26503  64.9581 277.5391 0062803 292.8024 183.6385 13.92105451315072
COSMOS 1249 COOLANT
1 26503U 81021E   26039.09499022  .00000121  00000-0  16287-3 0  9994
2 26503  64.9579 275.4819 0062821 292.6111 144.7268 13.92105685315185
COSMOS 1249 COOLANT
1 26503U 81021E   26039.09499022  .00000121  00000-0  16287-3 0  9994
2 26503  64.9579 275.4819 0062821 292.6111 144.7268 13.92105685315185
COSMOS 1249 COOLANT
1 26503U 81021E   26041.25699368  .00000116  00000-0  15866-3 0  9996
2 26503  64.9574 269.7972 0062878 292.0865 179.6003 13.92106618315482
COSMOS 1249 COOLANT
1 26503U 81021E   26041.25699368  .00000116  00000-0  15866-3 0  9996
2 26503  64.9574 269.7972 0062878 292.0865 179.6003 13.92106618315482
COSMOS 1249 COOLANT
1 26503U 81021E   26042.26318494  .00000118  00000-0  16091-3 0  9999
2 26503  64.9572 267.1515 0062902 291.8362 182.1334 13.92107069315625
COSMOS 1249 COOLANT
1 26503U 81021E   26045.20808164  .00000137  00000-0  17505-3 0  9996
2 26503  64.9567 259.4075 0062966 291.1157 180.4950 13.92108274316039
COSMOS 1249 COOLANT
1 26503U 81021E   26045.20808164  .00000137  00000-0  17505-3 0  9996
2 26503  64.9567 259.4075 0062966 291.1157 180.4949 13.92108274316037
COSMOS 1249 COOLANT
1 26503U 81021E   26045.98997748  .00000118  00000-0  16036-3 0  9995
2 26503  64.9567 257.3518 0062986 290.9242 138.9715 13.92108504316147
COSMOS 1249 COOLANT
1 26503U 81021E   26046.21435507  .00000146  00000-0  18219-3 0  9998
2 26503  64.9566 256.7618 0062995 290.8644 183.4469 13.92108782316177
COSMOS 1249 COOLANT
1 26503U 81021E   26046.21435508  .00000146  00000-0  18219-3 0  9999
2 26503  64.9566 256.7618 0062995 290.8644 183.4469 13.92108782316177
COSMOS 1249 COOLANT
1 26503U 81021E   26047.22023240  .00000121  00000-0  16273-3 0  9998
2 26503  64.9565 254.1169 0063019 290.6081 184.4203 13.92109096316312
COSMOS 1249 COOLANT
1 26503U 81021E   26047.22023240  .00000121  00000-0  16273-3 0  9998
2 26503  64.9565 254.1169 0063019 290.6081 184.4203 13.92109096316312
COSMOS 1249 COOLANT
1 26503U 81021E   26048.93460826  .00000099  00000-0  14587-3 0  9992
2 26503  64.9564 249.6089 0063066 290.2056 136.0163 13.92109681316555
COSMOS 1249 COOLANT
1 26503U 81021E   26048.93460826  .00000099  00000-0  14587-3 0  9992
2 26503  64.9564 249.6089 0063066 290.2056 136.0163 13.92109681316555
COSMOS 1249 COOLANT
1 26503U 81021E   26049.94113517  .00000090  00000-0  13912-3 0  9998
2 26503  64.9563 246.9622 0063097 289.9613 140.2367 13.92110059316694
COSMOS 1249 COOLANT
1 26503U 81021E   26049.94113517  .00000090  00000-0  13912-3 0  9998
2 26503  64.9563 246.9622 0063097 289.9613 140.2367 13.92110059316694
COSMOS 1249 COOLANT
1 26503U 81021E   26051.17153101  .00000076  00000-0  12831-3 0  9992
2 26503  64.9563 243.7270 0063138 289.6624 186.3806 13.92110499316869
COSMOS 1249 COOLANT
1 26503U 81021E   26051.17153101  .00000076  00000-0  12831-3 0  9992
2 26503  64.9563 243.7270 0063138 289.6624 186.3806 13.92110499316869
COSMOS 1249 COOLANT
1 26503U 81021E   26052.17765137  .00000075  00000-0  12735-3 0  9993
2 26503  64.9562 241.0814 0063167 289.4091 188.5754 13.92110855317000
COSMOS 1249 COOLANT
1 26503U 81021E   26052.17765138  .00000075  00000-0  12735-3 0  9994
2 26503  64.9562 241.0814 0063167 289.4091 188.5754 13.92110855317000
COSMOS 1249 COOLANT
1 26503U 81021E   26052.88587098  .00000076  00000-0  12834-3 0  9990
2 26503  64.9562 239.2191 0063190 289.2384 137.8269 13.92111074317109
COSMOS 1249 COOLANT
1 26503U 81021E   26052.88587100  .00000076  00000-0  12834-3 0  9994
2 26503  64.9562 239.2191 0063190 289.2384 137.8269 13.92111074317109
COSMOS 1249 COOLANT
1 26503U 81021E   26053.89151827  .00000108  00000-0  15253-3 0  9993
2 26503  64.9562 236.5747 0063222 288.9870 137.6513 13.92111578317242
COSMOS 1249 COOLANT
1 26503U 81021E   26054.11609004  .00000108  00000-0  15291-3 0  9996
2 26503  64.9562 235.9842 0063231 288.9328 183.0961 13.92111675317272
COSMOS 1249 COOLANT
1 26503U 81021E   26054.11609004  .00000108  00000-0  15291-3 0  9996
2 26503  64.9562 235.9842 0063231 288.9328 183.0961 13.92111676317273
COSMOS 1249 COOLANT
1 26503U 81021E   26054.89783888  .00000110  00000-0  15446-3 0  9999
2 26503  64.9563 233.9286 0063255 288.7367 140.8502 13.92111960317381
COSMOS 1249 COOLANT
1 26503U 81021E   26055.12214212  .00000109  00000-0  15359-3 0  9997
2 26503  64.9563 233.3388 0063260 288.6740 184.9584 13.92112059317411
COSMOS 1249 COOLANT
1 26503U 81021E   26056.12810392  .00000105  00000-0  15084-3 0  9990
2 26503  64.9564 230.6937 0063294 288.4191 186.3660 13.92112451317559
COSMOS 1249 COOLANT
1 26503U 81021E   26056.12810392  .00000105  00000-0  15084-3 0  9990
2 26503  64.9564 230.6937 0063294 288.4191 186.3660 13.92112451317559
COSMOS 1249 COOLANT
1 26503U 81021E   26059.85515253  .00000138  00000-0  17598-3 0  9999
2 26503  64.9570 220.8935 0063431 287.4812 144.5898 13.92114305318074
COSMOS 1249 COOLANT
1 26503U 81021E   26059.85515255  .00000138  00000-0  17598-3 0  9991
2 26503  64.9570 220.8935 0063431 287.4812 144.5898 13.92114305318074
COSMOS 1249 COOLANT
1 26503U 81021E   26060.07853072  .00000140  00000-0  17715-3 0  9993
2 26503  64.9570 220.3062 0063440 287.4238 184.0590 13.92114456318101
COSMOS 1249 COOLANT
1 26503U 81021E   26060.07853072  .00000140  00000-0  17715-3 0  9993
2 26503  64.9570 220.3062 0063440 287.4238 184.0590 13.92114456318101
COSMOS 1249 COOLANT
1 26503U 81021E   26061.08553332  .00000138  00000-0  17606-3 0  9997
2 26503  64.9571 217.6584 0063479 287.1702 190.6900 13.92114965318243
COSMOS 1249 COOLANT
1 26503U 81021E   26061.08553332  .00000138  00000-0  17606-3 0  9997
2 26503  64.9571 217.6584 0063479 287.1702 190.6900 13.92114965318243
COSMOS 1249 COOLANT
1 26503U 81021E   26063.02371735  .00000186  00000-0  21235-3 0  9994
2 26503  64.9573 212.5622 0063557 286.6823 183.9756 13.92116138318515
COSMOS 1249 COOLANT
1 26503U 81021E   26063.02371735  .00000186  00000-0  21235-3 0  9994
2 26503  64.9573 212.5623 0063557 286.6823 183.9756 13.92116138318516
COSMOS 1249 COOLANT
1 26503U 81021E   26064.02977175  .00000174  00000-0  20325-3 0  9991
2 26503  64.9574 209.9169 0063591 286.4482 185.8405 13.92116602318652
COSMOS 1249 COOLANT
1 26503U 81021E   26064.02977175  .00000174  00000-0  20325-3 0  9991
2 26503  64.9574 209.9169 0063591 286.4482 185.8405 13.92116602318652
COSMOS 1249 COOLANT
1 26503U 81021E   26065.03637909  .00000167  00000-0  19774-3 0  9999
2 26503  64.9576 207.2702 0063627 286.1999 190.4924 13.92117086318798
COSMOS 1249 COOLANT
1 26503U 81021E   26067.98066179  .00000208  00000-0  22991-3 0  9991
2 26503  64.9580 199.5289 0063748 285.4556 185.9107 13.92118893319207
COSMOS 1249 COOLANT
1 26503U 81021E   26071.70712098  .00000182  00000-0  20948-3 0  9995
2 26503  64.9586 189.7311 0063878 284.5523 141.2324 13.92120971319721
COSMOS 1249 COOLANT
1 26503U 81021E   26071.70712100  .00000182  00000-0  20948-3 0  9999
2 26503  64.9586 189.7311 0063878 284.5523 141.2324 13.92120971319721
COSMOS 1249 COOLANT
1 26503U 81021E   26072.93750178  .00000152  00000-0  18678-3 0  9996
2 26503  64.9588 186.4960 0063925 284.2889 187.3128 13.92121545319891
COSMOS 1249 COOLANT
1 26503U 81021E   26080.61487360  .00000147  00000-0  18267-3 0  9998
2 26503  64.9583 166.3109 0064214 282.3355 142.9951 13.92124813320969
COSMOS 1249 COOLANT
1 26503U 81021E   26081.62130965  .00000145  00000-0  18109-3 0  9999
2 26503  64.9583 163.6648 0064248 282.0898 146.8153 13.92125228321108
COSMOS 1249 COOLANT
1 26503U 81021E   26085.57202723  .00000114  00000-0  15727-3 0  9998
2 26503  64.9566 153.2718 0064402 281.2691 145.9733 13.92127006321656
COSMOS 1249 COOLANT
1 26503U 81021E   26085.57202725  .00000114  00000-0  15727-3 0  9990
2 26503  64.9566 153.2718 0064402 281.2691 145.9733 13.92127006321656
COSMOS 1249 COOLANT
1 26503U 81021E   26091.53547604  .00000166  00000-0  19710-3 0  9994
2 26503  64.9570 137.5969 0064563 279.6999 152.3790 13.92130021322482
COSMOS 1249 COOLANT
1 26503U 81021E   26091.53547604  .00000166  00000-0  19710-3 0  9994
2 26503  64.9570 137.5969 0064563 279.6999 152.3791 13.92130021322483
COSMOS 1249 COOLANT
1 26503U 81021E   26093.47389066  .00000219  00000-0  23808-3 0  9997
2 26503  64.9553 132.4979 0065155 279.8453 146.2853 13.92131419322757
COSMOS 1249 COOLANT
1 26503U 81021E   26093.47389067  .00000219  00000-0  23808-3 0  9998
2 26503  64.9553 132.4979 0065155 279.8453 146.2853 13.92131419322757
COSMOS 1249 COOLANT
1 26503U 81021E   26094.47973558  .00000206  00000-0  22773-3 0  9999
2 26503  64.9557 129.8554 0065192 279.5870 147.1804 13.92132019322899
COSMOS 1249 COOLANT
1 26503U 81021E   26103.38749484  .00000087  00000-0  13656-3 0  9996
2 26503  64.9564 106.4323 0064862 276.9491 149.7664 13.92135554324133
COSMOS 1249 COOLANT
1 26503U 81021E   26103.38749484  .00000087  00000-0  13656-3 0  9996
2 26503  64.9564 106.4323 0064862 276.9491 149.7664 13.92135554324133
COSMOS 1249 COOLANT
1 26503U 81021E   26104.39360161  .00000076  00000-0  12779-3 0  9992
2 26503  64.9567 103.7869 0064857 276.6991 151.9803 13.92135829324277
COSMOS 1249 COOLANT
1 26503U 81021E   26104.39360161  .00000076  00000-0  12779-3 0  9992
2 26503  64.9567 103.7869 0064857 276.6991 151.9803 13.92135830324279
COSMOS 1249 COOLANT
1 26503U 81021E   26104.61794189  .00000070  00000-0  12363-3 0  9991
2 26503  64.9564 103.1956 0064827 276.6183 196.3129 13.92135912324306
COSMOS 1249 COOLANT
1 26503U 81021E   26104.61794189  .00000070  00000-0  12363-3 0  9991
2 26503  64.9564 103.1956 0064827 276.6183 196.3129 13.92135912324306
COSMOS 1249 COOLANT
1 26503U 81021E   26109.35065109  .00000057  00000-0  11350-3 0  9990
2 26503  64.9571  90.7508 0064844 275.4937 154.7675 13.92137429324962
COSMOS 1249 COOLANT
1 26503U 81021E   26109.57507207  .00000054  00000-0  11101-3 0  9995
2 26503  64.9570  90.1605 0064838 275.4298 199.4878 13.92137508324998
COSMOS 1249 COOLANT
1 26503U 81021E   26109.57507208  .00000054  00000-0  11101-3 0  9996
2 26503  64.9570  90.1605 0064838 275.4298 199.4878 13.92137508324998
COSMOS 1249 COOLANT
1 26503U 81021E   26110.58121821  .00000048  00000-0  10641-3 0  9993
2 26503  64.9572  87.5149 0064833 275.1860 201.8994 13.92137783325139
COSMOS 1249 COOLANT
1 26503U 81021E   26113.52549965  .00000075  00000-0  12738-3 0  9992
2 26503  64.9576  79.7725 0064831 274.4721 197.4965 13.92138793325547
COSMOS 1249 COOLANT
1 26503U 81021E   26113.52549965  .00000075  00000-0  12738-3 0  9992
2 26503  64.9576  79.7725 0064831 274.4721 197.4965 13.92138793325547
COSMOS 1249 COOLANT
1 26503U 81021E   26115.53779132  .00000095  00000-0  14278-3 0  9999
2 26503  64.9581  74.4814 0064823 273.9832 202.3303 13.92139671325821
COSMOS 1249 COOLANT
1 26503U 81021E   26115.53779133  .00000095  00000-0  14278-3 0  9990
2 26503  64.9581  74.4814 0064823 273.9832 202.3303 13.92139671325821
COSMOS 1249 COOLANT
1 26503U 81021E   26117.25245462  .00000121  00000-0  16295-3 0  9995
2 26503  64.9585  69.9728 0064812 273.5714 155.5647 13.92140475326062
COSMOS 1249 COOLANT
1 26503U 81021E   26117.25245462  .00000121  00000-0  16295-3 0  9995
2 26503  64.9585  69.9728 0064812 273.5714 155.5646 13.92140475326061
COSMOS 1249 COOLANT
1 26503U 81021E   26118.25840340  .00000120  00000-0  16218-3 0  9996
2 26503  64.9587  67.3277 0064801 273.3350 156.9908 13.92140922326205
COSMOS 1249 COOLANT
1 26503U 81021E   26118.48249137  .00000119  00000-0  16099-3 0  9993
2 26503  64.9587  66.7384 0064797 273.2772 200.0388 13.92141050326237
COSMOS 1249 COOLANT
1 26503U 81021E   26118.48249137  .00000119  00000-0  16099-3 0  9993
2 26503  64.9587  66.7384 0064797 273.2772 200.0388 13.92141050326237
COSMOS 1249 COOLANT
1 26503U 81021E   26119.48899810  .00000110  00000-0  15395-3 0  9992
2 26503  64.9589  64.0919 0064788 273.0346 204.2697 13.92141472326371
COSMOS 1249 COOLANT
1 26503U 81021E   26119.48899811  .00000110  00000-0  15395-3 0  9993
2 26503  64.9589  64.0919 0064788 273.0346 204.2697 13.92141472326371
COSMOS 1249 COOLANT
1 26503U 81021E   26121.20278101  .00000113  00000-0  15665-3 0  9992
2 26503  64.9592  59.5857 0064770 272.6315 153.0941 13.92142216326614
COSMOS 1249 COOLANT
1 26503U 81021E   26121.20278101  .00000113  00000-0  15665-3 0  9992
2 26503  64.9592  59.5857 0064770 272.6315 153.0941 13.92142216326614
COSMOS 1249 COOLANT
1 26503U 81021E   26122.20874166  .00000108  00000-0  15249-3 0  9998
2 26503  64.9594  56.9406 0064760 272.3906 154.5900 13.92142581326750
COSMOS 1249 COOLANT
1 26503U 81021E   26122.20874166  .00000108  00000-0  15249-3 0  9998
2 26503  64.9594  56.9406 0064760 272.3906 154.5900 13.92142581326750
COSMOS 1249 COOLANT
1 26503U 81021E   26124.44535044  .00000094  00000-0  14162-3 0  9992
2 26503  64.9597  51.0597 0064732 271.8455 203.6481 13.92143537327069
COSMOS 1249 COOLANT
1 26503U 81021E   26124.44535045  .00000094  00000-0  14162-3 0  9993
2 26503  64.9597  51.0597 0064732 271.8455 203.6482 13.92143537327060
COSMOS 1249 COOLANT
1 26503U 81021E   26127.16592791  .00000100  00000-0  14621-3 0  9994
2 26503  64.9600  43.9064 0064700 271.1815 158.1886 13.92144695327442
COSMOS 1249 COOLANT
1 26503U 81021E   26127.16592791  .00000100  00000-0  14621-3 0  9994
2 26503  64.9600  43.9064 0064700 271.1815 158.1886 13.92144695327442
COSMOS 1249 COOLANT
1 26503U 81021E   26128.39638979  .00000078  00000-0  12970-3 0  9998
2 26503  64.9601  40.6711 0064684 270.8897 204.8092 13.92145134327619
COSMOS 1249 COOLANT
1 26503U 81021E   26128.39638980  .00000078  00000-0  12970-3 0  9990
2 26503  64.9601  40.6711 0064684 270.8897 204.8092 13.92145134327619
COSMOS 1249 COOLANT
1 26503U 81021E   26132.34714779  .00000043  00000-0  10280-3 0  9995
2 26503  64.9601  30.2833 0064633 269.9171 204.5961 13.92146330328169
COSMOS 1249 COOLANT
1 26503U 81021E   26132.34714780  .00000043  00000-0  10280-3 0  9997
2 26503  64.9601  30.2833 0064633 269.9171 204.5962 13.92146330328160
COSMOS 1249 COOLANT
1 26503U 81021E   26136.29761637  .00000057  00000-0  11337-3 0  9997
2 26503  64.9600  19.8957 0064574 268.9287 202.9624 13.92147396328711
COSMOS 1249 COOLANT
1 26503U 81021E   26140.02396012  .00000055  00000-0  11214-3 0  9996
2 26503  64.9598  10.0977 0064524 267.9612 158.1436 13.92148406329232
COSMOS 1249 COOLANT
1 26503U 81021E   26140.02396012  .00000055  00000-0  11214-3 0  9996
2 26503  64.9598  10.0977 0064524 267.9612 158.1436 13.92148406329232
COSMOS 1249 COOLANT
1 26503U 81021E   26142.26090455  .00000051  00000-0  10891-3 0  9992
2 26503  64.9597   4.2153 0064490 267.4498 208.8942 13.92149119329542
COSMOS 1249 COOLANT
1 26503U 81021E   26142.26090456  .00000051  00000-0  10891-3 0  9993
2 26503  64.9597   4.2153 0064490 267.4498 208.8942 13.92149119329542
COSMOS 1249 COOLANT
1 26503U 81021E   26149.93794073  .00000135  00000-0  17371-3 0  9993
2 26503  64.9591 344.0276 0064402 265.5126 163.6332 13.92152136330611
COSMOS 1249 COOLANT
1 26503U 81021E   26150.16251336  .00000140  00000-0  17684-3 0  9993
2 26503  64.9592 343.4376 0064404 265.4600 209.1128 13.92152264330648
COSMOS 1249 COOLANT
1 26503U 81021E   26150.16251336  .00000140  00000-0  17684-3 0  9993
2 26503  64.9592 343.4376 0064404 265.4600 209.1128 13.92152265330649
COSMOS 1249 COOLANT
1 26503U 81021E   26151.16847399  .00000126  00000-0  16639-3 0  9997
2 26503  64.9592 340.7926 0064397 265.1950 210.6699 13.92152680330782
COSMOS 1249 COOLANT
1 26503U 81021E   26152.17456398  .00000115  00000-0  15763-3 0  9999
2 26503  64.9592 338.1470 0064389 264.9402 212.8664 13.92153071330924
COSMOS 1249 COOLANT
1 26503U 81021E   26152.17456399  .00000115  00000-0  15763-3 0  9990
2 26503  64.9592 338.1470 0064389 264.9402 212.8664 13.92153071330924
COSMOS 1249 COOLANT
1 26503U 81021E   26153.88876365  .00000115  00000-0  15789-3 0  9996
2 26503  64.9591 333.6396 0064390 264.4845 163.9037 13.92153790331163
COSMOS 1249 COOLANT
1 26503U 81021E   26153.88876365  .00000115  00000-0  15789-3 0  9996
2 26503  64.9591 333.6396 0064390 264.4845 163.9037 13.92153790331163
COSMOS 1249 COOLANT
1 26503U 81021E   26154.89490919  .00000115  00000-0  15784-3 0  9990
2 26503  64.9591 330.9941 0064390 264.2156 166.3967 13.92154235331302
COSMOS 1249 COOLANT
1 26503U 81021E   26154.89490919  .00000115  00000-0  15784-3 0  9990
2 26503  64.9591 330.9941 0064390 264.2156 166.3967 13.92154235331302
COSMOS 1249 COOLANT
1 26503U 81021E   26159.06971242  .00000124  00000-0  16456-3 0  9994
2 26503  64.9590 320.0163 0064385 263.1727 209.1711 13.92155860331884
COSMOS 1249 COOLANT
1 26503U 81021E   26159.06971243  .00000124  00000-0  16456-3 0  9995
2 26503  64.9590 320.0163 0064385 263.1727 209.1711 13.92155860331884
COSMOS 1249 COOLANT
1 26503U 81021E   26160.07604257  .00000089  00000-0  13782-3 0  9995
2 26503  64.9590 317.3699 0064378 262.9292 212.5706 13.92156067332022
COSMOS 1249 COOLANT
1 26503U 81021E   26160.07604258  .00000089  00000-0  13782-3 0  9996
2 26503  64.9590 317.3699 0064378 262.9292 212.5706 13.92156067332022
COSMOS 1249 COOLANT
1 26503U 81021E   26161.79007008  .00000076  00000-0  12841-3 0  9997
2 26503  64.9591 312.8626 0064354 262.5200 162.7166 13.92156624332263
COSMOS 1249 COOLANT
1 26503U 81021E   26162.79627377  .00000074  00000-0  12686-3 0  9990
2 26503  64.9591 310.2166 0064348 262.2726 165.4898 13.92156981332401
COSMOS 1249 COOLANT
1 26503U 81021E   26163.02048789  .00000070  00000-0  12318-3 0  9999
2 26503  64.9592 309.6272 0064349 262.2264 209.1707 13.92157041332436
COSMOS 1249 COOLANT
1 26503U 81021E   26163.80237330  .00000083  00000-0  13356-3 0  9994
2 26503  64.9592 307.5712 0064345 262.0305 167.7368 13.92157405332540
COSMOS 1249 COOLANT
1 26503U 81021E   26164.02669178  .00000080  00000-0  13110-3 0  9993
2 26503  64.9592 306.9814 0064345 261.9801 211.9456 13.92157494332576
COSMOS 1249 COOLANT
1 26503U 81021E   26166.74690022  .00000073  00000-0  12544-3 0  9998
2 26503  64.9592 299.8285 0064337 261.3011 164.7865 13.92158360332950
COSMOS 1249 COOLANT
1 26503U 81021E   26167.75354257  .00000076  00000-0  12810-3 0  9996
2 26503  64.9591 297.1815 0064332 261.0513 169.7659 13.92158675333099
COSMOS 1249 COOLANT
1 26503U 81021E   26167.97735132  .00000075  00000-0  12738-3 0  9993
2 26503  64.9592 296.5930 0064331 261.0126 211.4089 13.92158740333129
COSMOS 1249 COOLANT
1 26503U 81021E   26167.97735132  .00000075  00000-0  12738-3 0  9993
2 26503  64.9592 296.5930 0064331 261.0126 211.4089 13.92158740333129
COSMOS 1249 COOLANT
1 26503U 81021E   26173.71625064  .00000031  00000-0  93789-4 0  9992
2 26503  64.9591 281.5022 0064300 259.6199 172.9787 13.92159963333925
COSMOS 1249 COOLANT
1 26503U 81021E   26173.94042076  .00000031  00000-0  93234-4 0  9998
2 26503  64.9591 280.9130 0064302 259.5529 216.4624 13.92160018333956
COSMOS 1249 COOLANT
1 26503U 81021E   26174.94651914  .00000036  00000-0  97185-4 0  9990
2 26503  64.9592 278.2680 0064301 259.2912 218.7344 13.92160329334094
COSMOS 1249 COOLANT
1 26503U 81021E   26176.88476942  .00000061  00000-0  11676-3 0  9999
2 26503  64.9589 273.1710 0064290 258.8250 212.6457 13.92161030334363
COSMOS 1249 COOLANT
1 26503U 81021E   26176.88476943  .00000061  00000-0  11676-3 0  9990
2 26503  64.9589 273.1711 0064290 258.8250 212.6457 13.92161031334365
COSMOS 1249 COOLANT
1 26503U 81021E   26177.66703795  .00000062  00000-0  11772-3 0  9993
2 26503  64.9588 271.1143 0064290 258.6270 173.1447 13.92161274334472
COSMOS 1249 COOLANT
1 26503U 81021E   26181.61766411  .00000083  00000-0  13357-3 0  9991
2 26503  64.9584 260.7262 0064269 257.6576 172.4980 13.92162603335021
COSMOS 1249 COOLANT
1 26503U 81021E   26181.61766411  .00000083  00000-0  13357-3 0  9991
2 26503  64.9584 260.7262 0064269 257.6576 172.4980 13.92162603335021
COSMOS 1249 COOLANT
1 26503U 81021E   26182.84825737  .00000094  00000-0  14223-3 0  9999
2 26503  64.9583 257.4905 0064251 257.3413 219.8824 13.92163204335194
COSMOS 1249 COOLANT
1 26503U 81021E   26184.56219044  .00000115  00000-0  15803-3 0  9997
2 26503  64.9581 252.9838 0064244 256.9215 169.6102 13.92163926335433
COSMOS 1249 COOLANT
1 26503U 81021E   26184.56219044  .00000115  00000-0  15803-3 0  9997
2 26503  64.9581 252.9837 0064244 256.9215 169.6102 13.92163926335432
COSMOS 1249 COOLANT
1 26503U 81021E   26186.79854576  .00000080  00000-0  13119-3 0  9998
2 26503  64.9577 247.1033 0064219 256.3811 217.5640 13.92164676335746
COSMOS 1249 COOLANT
1 26503U 81021E   26189.59349978  .00000044  00000-0  10394-3 0  9996
2 26503  64.9572 239.7539 0064188 255.6971 185.0663 13.92165442336133
COSMOS 1249 COOLANT
1 26503U 81021E   26190.74889066  .00000043  00000-0  10257-3 0  9999
2 26503  64.9570 236.7157 0064170 255.4196 215.5490 13.92165800336294
COSMOS 1249 COOLANT
1 26503U 81021E   26190.74889067  .00000043  00000-0  10257-3 0  9990
2 26503  64.9570 236.7158 0064170 255.4196 215.5490 13.92165800336295
COSMOS 1249 COOLANT
1 26503U 81021E   26191.75417078  .00000039  00000-0  99979-4 0  9995
2 26503  64.9569 234.0723 0064156 255.1781 213.7213 13.92166095336439
COSMOS 1249 COOLANT
1 26503U 81021E   26192.76148325  .00000035  00000-0  96959-4 0  9994
2 26503  64.9568 231.4234 0064137 254.9409 222.0753 13.92166338336576
COSMOS 1249 COOLANT
1 26503U 81021E   26192.76148326  .00000035  00000-0  96959-4 0  9995
2 26503  64.9568 231.4234 0064137 254.9409 222.0753 13.92166338336576
COSMOS 1249 COOLANT
1 26503U 81021E   26192.76148326  .00000035  00000-0  96959-4 0  9995
2 26503  64.9568 231.4234 0064137 254.9409 222.0753 13.92166338336576
COSMOS 1249 COOLANT
1 26503U 81021E   26193.46960825  .00000038  00000-0  98696-4 0  9992
2 26503  64.9568 229.5615 0064131 254.7651 170.9991 13.92166499336672
COSMOS 1249 COOLANT
1 26503U 81021E   26193.46960826  .00000038  00000-0  98696-4 0  9993
2 26503  64.9568 229.5615 0064131 254.7652 170.9991 13.92166499336673
COSMOS 1249 COOLANT
1 26503U 81021E   26193.61846389  .00000037  00000-0  98031-4 0  9999
2 26503  64.9567 229.1698 0064126 254.7331 197.0171 13.92166546336692
COSMOS 1249 COOLANT
1 26503U 81021E   26193.61846390  .00000037  00000-0  98031-4 0  9991
2 26503  64.9567 229.1698 0064126 254.7331 197.0171 13.92166546336692
COSMOS 1249 COOLANT
1 26503U 81021E   26194.47555821  .00000040  00000-0  10031-3 0  9999
2 26503  64.9567 226.9159 0064110 254.5237 172.5307 13.92166766336812
COSMOS 1249 COOLANT
1 26503U 81021E   26194.47555821  .00000040  00000-0  10031-3 0  9999
2 26503  64.9567 226.9159 0064110 254.5237 172.5307 13.92166766336812
COSMOS 1249 COOLANT
1 26503U 81021E   26195.48195925  .00000035  00000-0  96355-4 0  9994
2 26503  64.9567 224.2694 0064087 254.2869 176.3195 13.92167041336957
COSMOS 1249 COOLANT
1 26503U 81021E   26197.64358889  .00000005  00000-0  73579-4 0  9994
2 26503  64.9565 218.5850 0064041 253.7681 209.7914 13.92167546337255
COSMOS 1249 COOLANT
1 26503U 81021E   26197.64358889  .00000005  00000-0  73579-4 0  9994
2 26503  64.9565 218.5850 0064041 253.7681 209.7914 13.92167546337255
COSMOS 1249 COOLANT
1 26503U 81021E   26197.64358889  .00000005  00000-0  73579-4 0  9994
2 26503  64.9565 218.5850 0064041 253.7681 209.7914 13.92167546337255
COSMOS 1249 COOLANT
1 26503U 81021E   26199.43237563  .00000002  00000-0  71716-4 0  9996
2 26503  64.9563 213.8813 0063997 253.3332 174.6881 13.92167908337501
COSMOS 1249 COOLANT
1 26503U 81021E   26201.66877492  .00000011  00000-0  78299-4 0  9999
2 26503  64.9563 208.0003 0063934 252.7985 222.8879 13.92168438337812
COSMOS 1249 COOLANT
1 26503U 81021E   26201.66877493  .00000011  00000-0  78299-4 0  9990
2 26503  64.9563 208.0003 0063934 252.7985 222.8879 13.92168438337812
COSMOS 1249 COOLANT
1 26503U 81021E   26202.37675148  .00000040  00000-0  10020-3 0  9991
2 26503  64.9563 206.1385 0063909 252.6283 171.0676 13.92168708337917
COSMOS 1249 COOLANT
1 26503U 81021E   26202.60059120  .00000041  00000-0  10106-3 0  9999
2 26503  64.9563 205.5499 0063903 252.5741 212.8899 13.92168765337945
COSMOS 1249 COOLANT
1 26503U 81021E   26205.39532703  .00000092  00000-0  14022-3 0  9998
2 26503  64.9566 198.2007 0063807 251.8864 179.3432 13.92169765338337
COSMOS 1249 COOLANT
1 26503U 81021E   26206.62552377  .00000086  00000-0  13606-3 0  9994
2 26503  64.9567 194.9658 0063763 251.5841 224.7567 13.92170177338508
COSMOS 1249 COOLANT
1 26503U 81021E   26208.56384436  .00000086  00000-0  13567-3 0  9994
2 26503  64.9570 189.8688 0063692 251.1087 219.0985 13.92170880338778
COSMOS 1249 COOLANT
1 26503U 81021E   26208.56384437  .00000086  00000-0  13567-3 0  9995
2 26503  64.9570 189.8688 0063692 251.1087 219.0985 13.92170880338778
COSMOS 1249 COOLANT
1 26503U 81021E   26213.29688865  .00000063  00000-0  11796-3 0  9990
2 26503  64.9574 177.4231 0063488 249.9353 179.8749 13.92172334339434
COSMOS 1249 COOLANT
1 26503U 81021E   26214.14772362  .00000061  00000-0  11679-3 0  9999
2 26503  64.9575 175.1858 0063451 249.7222 124.0413 13.92172596339551
COSMOS 1249 COOLANT
1 26503U 81021E   26214.14772363  .00000061  00000-0  11679-3 0  9990
2 26503  64.9575 175.1858 0063451 249.7222 124.0413 13.92172596339551
COSMOS 1249 COOLANT
1 26503U 81021E   26214.30275642  .00000053  00000-0  11081-3 0  9994
2 26503  64.9575 174.7781 0063446 249.6824 181.0267 13.92172588339575
COSMOS 1249 COOLANT
1 26503U 81021E   26215.53317221  .00000064  00000-0  11922-3 0  9996
2 26503  64.9577 171.5428 0063398 249.3795 227.5507 13.92173012339745
COSMOS 1249 COOLANT
1 26503U 81021E   26216.24115822  .00000061  00000-0  11664-3 0  9998
2 26503  64.9578 169.6812 0063355 249.2018 175.7963 13.92173163339849
COSMOS 1249 COOLANT
1 26503U 81021E   26218.25352030  .00000041  00000-0  10142-3 0  9993
2 26503  64.9582 164.3897 0063260 248.6963 181.2462 13.92173632340126
COSMOS 1249 COOLANT
1 26503U 81021E   26218.47778188  .00000036  00000-0  97454-4 0  9999
2 26503  64.9582 163.8000 0063249 248.6383 225.1906 13.92173695340152
COSMOS 1249 COOLANT
1 26503U 81021E   26219.48409813  .00000020  00000-0  84824-4 0  9997
2 26503  64.9583 161.1540 0063203 248.3781 228.6026 13.92173931340291
COSMOS 1249 COOLANT
1 26503U 81021E   26221.19815022  .00000004  00000-0  73141-4 0  9993
2 26503  64.9585 156.6472 0063122 247.9437 179.0073 13.92174295340531
COSMOS 1249 COOLANT
1 26503U 81021E   26221.19815022  .00000004  00000-0  73141-4 0  9993
2 26503  64.9585 156.6472 0063122 247.9437 179.0073 13.92174295340531
COSMOS 1249 COOLANT
1 26503U 81021E   26224.21699368 -.00000009  00000-0  62567-4 0  9998
2 26503  64.9585 148.7093 0062972 247.1826 188.7029 13.92174841340959
COSMOS 1249 COOLANT
1 26503U 81021E   26224.21699369 -.00000009  00000-0  62567-4 0  9999
2 26503  64.9585 148.7093 0062972 247.1826 188.7029 13.92174841340959
COSMOS 1249 COOLANT
1 26503U 81021E   26225.44659928  .00000001  00000-0  70963-4 0  9992
2 26503  64.9585 145.4761 0062909 246.8735 231.1824 13.92175086341128
COSMOS 1249 COOLANT
1 26503U 81021E   26225.44659929  .00000001  00000-0  70963-4 0  9993
2 26503  64.9585 145.4761 0062909 246.8735 231.1824 13.92175086341128
COSMOS 1249 COOLANT
1 26503U 81021E   26226.37874280  .00000018  00000-0  83543-4 0  9991
2 26503  64.9585 143.0251 0062865 246.6389 222.8562 13.92175301341250
COSMOS 1249 COOLANT
1 26503U 81021E   26226.37874281  .00000018  00000-0  83543-4 0  9992
2 26503  64.9585 143.0251 0062865 246.6389 222.8562 13.92175301341250
COSMOS 1249 COOLANT
1 26503U 81021E   26229.17347653  .00000044  00000-0  10343-3 0  9997
2 26503  64.9585 135.6764 0062724 245.9223 189.3914 13.92176018341646
COSMOS 1249 COOLANT
1 26503U 81021E   26230.17972402  .00000060  00000-0  11596-3 0  9994
2 26503  64.9585 133.0305 0062668 245.6635 192.4651 13.92176337341782
COSMOS 1249 COOLANT
1 26503U 81021E   26231.11137823  .00000059  00000-0  11533-3 0  9998
2 26503  64.9585 130.5808 0062622 245.4268 181.6933 13.92176587341917
COSMOS 1249 COOLANT
1 26503U 81021E   26231.11137823  .00000059  00000-0  11533-3 0  9998
2 26503  64.9585 130.5808 0062622 245.4268 181.6933 13.92176587341917
COSMOS 1249 COOLANT
1 26503U 81021E   26231.33554828  .00000064  00000-0  11880-3 0  9991
2 26503  64.9585 129.9914 0062612 245.3751 225.1748 13.92176689341946
COSMOS 1249 COOLANT
1 26503U 81021E   26232.19223560  .00000054  00000-0  11152-3 0  9993
2 26503  64.9585 127.7386 0062564 245.1612 198.6839 13.92176886342063
COSMOS 1249 COOLANT
1 26503U 81021E   26233.19808080  .00000049  00000-0  10719-3 0  9992
2 26503  64.9584 125.0938 0062514 244.9032 199.7443 13.92177170342200
COSMOS 1249 COOLANT
1 26503U 81021E   26233.27342917  .00000043  00000-0  10302-3 0  9995
2 26503  64.9584 124.8957 0062512 244.8857 217.3708 13.92177161342212
COSMOS 1249 COOLANT
1 26503U 81021E   26235.36014213  .00000039  00000-0  99487-4 0  9999
2 26503  64.9581 119.4085 0062407 244.3507 235.4889 13.92177623342507
COSMOS 1249 COOLANT
1 26503U 81021E   26236.29229374  .00000048  00000-0  10662-3 0  9995
2 26503  64.9580 116.9573 0062361 244.1077 227.2203 13.92177896342634
COSMOS 1249 COOLANT
1 26503U 81021E   26236.29229374  .00000048  00000-0  10662-3 0  9995
2 26503  64.9580 116.9573 0062361 244.1077 227.2203 13.92177896342634
COSMOS 1249 COOLANT
1 26503U 81021E   26237.29784931  .00000056  00000-0  11307-3 0  9997
2 26503  64.9578 114.3131 0062309 243.8513 226.8310 13.92178203342778
COSMOS 1249 COOLANT
1 26503U 81021E   26237.29784931  .00000056  00000-0  11307-3 0  9997
2 26503  64.9578 114.3131 0062309 243.8513 226.8310 13.92178203342778
COSMOS 1249 COOLANT
1 26503U 81021E   26238.08083656  .00000059  00000-0  11529-3 0  9990
2 26503  64.9578 112.2541 0062269 243.6520 190.9815 13.92178400342883
COSMOS 1249 COOLANT
1 26503U 81021E   26238.08083657  .00000059  00000-0  11529-3 0  9991
2 26503  64.9578 112.2541 0062269 243.6520 190.9815 13.92178400342883
COSMOS 1249 COOLANT
1 26503U 81021E   26239.23651818  .00000078  00000-0  12971-3 0  9992
2 26503  64.9577 109.2151 0062214 243.3610 222.9875 13.92178784343048
COSMOS 1249 COOLANT
1 26503U 81021E   26239.31089329  .00000078  00000-0  13003-3 0  9990
2 26503  64.9577 109.0195 0062212 243.3455 235.7350 13.92178808343057
COSMOS 1249 COOLANT
1 26503U 81021E   26239.31089329  .00000078  00000-0  13003-3 0  9990
2 26503  64.9577 109.0195 0062212 243.3455 235.7350 13.92178808343057
COSMOS 1249 COOLANT
1 26503U 81021E   26240.01886867  .00000085  00000-0  13512-3 0  9994
2 26503  64.9576 107.1577 0062181 243.1607 183.9494 13.92179014343155
COSMOS 1249 COOLANT
1 26503U 81021E   26240.24281660  .00000071  00000-0  12419-3 0  9999
2 26503  64.9576 106.5688 0062170 243.1043 226.3242 13.92179000343184
COSMOS 1249 COOLANT
1 26503U 81021E   26240.24281660  .00000071  00000-0  12419-3 0  9999
2 26503  64.9576 106.5688 0062170 243.1043 226.3242 13.92179000343184
COSMOS 1249 COOLANT
1 26503U 81021E   26241.24934089  .00000074  00000-0  12691-3 0  9995
2 26503  64.9575 103.9220 0062120 242.8449 230.7973 13.92179352343323
COSMOS 1249 COOLANT
1 26503U 81021E   26241.24934090  .00000074  00000-0  12691-3 0  9997
2 26503  64.9575 103.9220 0062120 242.8449 230.7973 13.92179352343323
COSMOS 1249 COOLANT
1 26503U 81021E   26242.25559088  .00000060  00000-0  11598-3 0  9999
2 26503  64.9574 101.2759 0062075 242.5850 233.8974 13.92179620343460
COSMOS 1249 COOLANT
1 26503U 81021E   26242.25559089  .00000060  00000-0  11598-3 0  9990
2 26503  64.9574 101.2759 0062075 242.5850 233.8974 13.92179620343460
COSMOS 1249 COOLANT
1 26503U 81021E   26243.26169044  .00000043  00000-0  10283-3 0  9991
2 26503  64.9574  98.6301 0062025 242.3221 236.2475 13.92179843343603
COSMOS 1249 COOLANT
1 26503U 81021E   26243.26169045  .00000043  00000-0  10283-3 0  9992
2 26503  64.9574  98.6301 0062025 242.3221 236.2475 13.92179843343603
COSMOS 1249 COOLANT
1 26503U 81021E   26243.96965368  .00000035  00000-0  96535-4 0  9997
2 26503  64.9573  96.7684 0061993 242.1385 184.4030 13.92179988343709
COSMOS 1249 COOLANT
1 26503U 81021E   26243.96965369  .00000035  00000-0  96535-4 0  9998
2 26503  64.9573  96.7684 0061993 242.1385 184.4030 13.92179988343709
