FENGYUN 1C DEB
1 31451U 99025BUP 09001.44322523  .00000073  00000-0  68294-4 0  9997
2 31451 098.8153 341.9930 0033966 343.2439 016.7352 14.07769872 90648
FENGYUN 1C DEB
1 31451U 99025BUP 09003.43328934 +.00000083 +00000-0 +74265-4 0  9996
2 31451 098.8160 343.9362 0033802 337.9089 022.0622 14.07770546090928
FENGYUN 1C DEB
1 31451U 99025BUP 09006.91589130  .00000105  00000-0  87263-4 0  9996
2 31451 098.8156 347.3352 0034280 327.5129 032.4183 14.07772209 91411
FENGYUN 1C DEB
1 31451U 99025BUP 09007.41340051 +.00000132 +00000-0 +10307-3 0  9993
2 31451 098.8158 347.8205 0033672 326.8993 033.0129 14.07773131091489
FENGYUN 1C DEB
1 31451U 99025BUP 09008.40842497 +.00000143 +00000-0 +10976-3 0  9998
2 31451 098.8161 348.7929 0033775 323.9494 035.9407 14.07773880091621
FENGYUN 1C DEB
1 31451U 99025BUP 09008.90593846  .00000150  00000-0  11385-3 0  9997
2 31451 098.8164 349.2788 0033851 322.5208 037.3662 14.07774287 91694
FENGYUN 1C DEB
1 31451U 99025BUP 09009.90096434 +.00000156 +00000-0 +11737-3 0  9996
2 31451 098.8163 350.2503 0033798 319.7856 040.0843 14.07774862091834
FENGYUN 1C DEB
1 31451U 99025BUP 09010.89599020 +.00000161 +00000-0 +12022-3 0  9999
2 31451 098.8168 351.2227 0033760 317.0495 042.8045 14.07775410091971
FENGYUN 1C DEB
1 31451U 99025BUP 09011.89101659  .00000162  00000-0  12048-3 0  9996
2 31451 098.8170 352.1945 0033641 314.2593 045.5805 14.07775809 92110
FENGYUN 1C DEB
1 31451U 99025BUP 09017.86117274  .00000143  00000-0  10942-3 0  9999
2 31451 098.8179 358.0241 0032605 295.8259 063.9344 14.07777427 92957
FENGYUN 1C DEB
1 31451U 99025BUP 09018.92727757 +.00000142 +00000-0 +10896-3 0  9997
2 31451 098.8207 359.0683 0031955 291.3535 068.4225 14.07777538093104
FENGYUN 1C DEB
1 31451U 99025BUP 09020.13552390  .00000142  00000-0  10896-3 0  9992
2 31451 098.8207 000.2483 0031955 287.9557 071.8129 14.07777985 93277
FENGYUN 1C DEB
1 31451U 99025BUP 09021.41484339 +.00000138 +00000-0 +10661-3 0  9996
2 31451 098.8209 001.4983 0032543 284.8305 074.9206 14.07778265093450
FENGYUN 1C DEB
1 31451U 99025BUP 09022.40987074  .00000132  00000-0  10294-3 0  9996
2 31451 098.8205 002.4696 0032785 282.3358 077.4098 14.07778444 93598
FENGYUN 1C DEB
1 31451U 99025BUP 09022.90738475 +.00000132 +00000-0 +10288-3 0  9993
2 31451 098.8204 002.9553 0032788 280.9531 078.7949 14.07778619093665
FENGYUN 1C DEB
1 31451U 99025BUP 09024.89743719  .00000130  00000-0  10220-3 0  9994
2 31451 098.8203 004.8986 0032769 275.3676 084.3743 14.07779278 93940
FENGYUN 1C DEB
1 31451U 99025BUP 09025.89246474 +.00000093 +00000-0 +80206-4 0  9991
2 31451 098.8205 005.8702 0032971 273.5188 086.2108 14.07778656094083
FENGYUN 1C DEB
1 31451U 99025BUP 09027.38500684  .00000086  00000-0  76270-4 0  9991
2 31451 098.8208 007.3286 0033141 269.6602 090.0726 14.07778847 94291
FENGYUN 1C DEB
1 31451U 99025BUP 09028.38003453 +.00000081 +00000-0 +73342-4 0  9996
2 31451 098.8206 008.3001 0033243 267.1050 092.6285 14.07778953094430
FENGYUN 1C DEB
1 31451U 99025BUP 09029.37506204 +.00000078 +00000-0 +71340-4 0  9990
2 31451 098.8205 009.2717 0033289 264.4945 095.2400 14.07779089094570
FENGYUN 1C DEB
1 31451U 99025BUP 09031.86263010  .00000044  00000-0  51498-4 0  9997
2 31451 098.8200 011.7008 0033147 257.1392 102.5868 14.07778705 94927
FENGYUN 1C DEB
1 31451U 99025BUP 09032.85766192 +.00000045 +00000-0 +51811-4 0  9996
2 31451 098.8199 012.6724 0033131 254.3281 105.4230 14.07778893095067
FENGYUN 1C DEB
1 31451U 99025BUP 09041.38647297  .00000055  00000-0  57639-4 0  9993
2 31451 098.8205 021.0033 0033145 230.0112 129.8381 14.07780952 96260
FENGYUN 1C DEB
1 31451U 99025BUP 09042.38149603 +.00000056 +00000-0 +58123-4 0  9992
2 31451 098.8210 021.9761 0033289 227.6169 132.2253 14.07781215096401
FENGYUN 1C DEB
1 31451U 99025BUP 09044.37154985  .00000054  00000-0  57352-4 0  9993
2 31451 098.8216 023.9211 0033288 221.8790 137.9818 14.07781553 96688
FENGYUN 1C DEB
1 31451U 99025BUP 09047.42770633  .00000049  00000-0  54096-4 0  9992
2 31451 098.8216 026.9056 0033148 212.4485 147.4463 14.07781848 97118
FENGYUN 1C DEB
1 31451U 99025BUP 09048.42273771 +.00000068 +00000-0 +65133-4 0  9999
2 31451 098.8222 027.8783 0033165 209.0505 150.8925 14.07782608097257
FENGYUN 1C DEB
1 31451U 99025BUP 09049.91527485  .00000075  00000-0  69394-4 0  9999
2 31451 098.8224 029.3366 0033381 205.5946 154.3639 14.07783242 97462
FENGYUN 1C DEB
1 31451U 99025BUP 09049.91527485 +.00000075 +00000-0 +69394-4 0  9999
2 31451 098.8224 029.3366 0033381 205.5946 154.3639 14.07783242097462
FENGYUN 1C DEB
1 31451U 99025BUP 09053.46894083  .00000118  00000-0  94686-4 0  9995
2 31451 098.8225 032.8074 0033386 194.6980 165.3430 14.07785447 97964
FENGYUN 1C DEB
1 31451U 99025BUP 09054.39288909 +.00000125 +00000-0 +98561-4 0  9996
2 31451 098.8236 033.7127 0033476 191.6072 168.4363 14.07785951098098
FENGYUN 1C DEB
1 31451U 99025BUP 09056.38293878  .00000124  00000-0  98481-4 0  9998
2 31451 098.8248 035.6581 0033922 185.7640 174.3148 14.07786549 98379
FENGYUN 1C DEB
1 31451U 99025BUP 09059.86552494  .00000103  00000-0  85937-4 0  9995
2 31451 098.8233 039.0610 0034420 175.3008 184.8341 14.07787123 98865
FENGYUN 1C DEB
1 31451U 99025BUP 09060.86055323 +.00000098 +00000-0 +82667-4 0  9996
2 31451 098.8237 040.0345 0034301 172.6841 187.4823 14.07787198099002
FENGYUN 1C DEB
1 31451U 99025BUP 09066.90177005 +.00000098 +00000-0 +82667-4 0  9999
2 31451 098.8237 045.9365 0034301 155.6969 204.5827 14.07788896099854
FENGYUN 1C DEB
1 31451U 99025BUP 09067.89679303 +.00000098 +00000-0 +82667-4 0  9996
2 31451 098.8237 046.9086 0034301 152.8990 207.3979 14.07789175099993
FENGYUN 1C DEB
1 31451U 99025BUP 09068.39430442 +.00000089 +00000-0 +77254-4 0  9997
2 31451 098.8263 047.3989 0034244 151.7827 208.5125 14.07788924100060
FENGYUN 1C DEB
1 31451U 99025BUP 09069.38932885  .00000085  00000-0  75258-4 0  9993
2 31451 098.8263 048.3727 0033989 149.1068 211.2090 14.07789056100209
FENGYUN 1C DEB
1 31451U 99025BUP 09070.38435185 +.00000083 +00000-0 +73831-4 0  9999
2 31451 098.8265 049.3455 0033871 146.3523 213.9791 14.07789229100349
FENGYUN 1C DEB
1 31451U 99025BUP 09071.37937451 +.00000079 +00000-0 +71559-4 0  9992
2 31451 098.8269 050.3186 0033812 143.6110 216.7338 14.07789339100488
FENGYUN 1C DEB
1 31451U 99025BUP 09072.37439725  .00000053  00000-0  56302-4 0  9995
2 31451 098.8270 051.2904 0033984 140.8349 219.5202 14.07788947100622
FENGYUN 1C DEB
1 31451U 99025BUP 09080.40564315  .00000087  00000-0  76221-4 0  9991
2 31451 098.8267 059.1415 0033029 117.9655 242.5357 14.07791878101756
FENGYUN 1C DEB
1 31451U 99025BUP 09081.89816185 +.00000085 +00000-0 +75420-4 0  9998
2 31451 098.8276 060.6015 0034070 114.2430 246.2144 14.07792047101964
FENGYUN 1C DEB
1 31451U 99025BUP 09082.39567444 +.00000089 +00000-0 +77748-4 0  9994
2 31451 098.8279 061.0883 0034295 112.9947 247.4864 14.07792292102035
FENGYUN 1C DEB
1 31451U 99025BUP 09083.39069258  .00000092  00000-0  78961-4 0  9997
2 31451 098.8281 062.0610 0034406 110.2844 250.2039 14.07792619102172
FENGYUN 1C DEB
1 31451U 99025BUP 09085.87823669  .00000091  00000-0  78678-4 0  9990
2 31451 098.8287 064.4938 0034571 103.4367 257.0620 14.07793234102528
FENGYUN 1C DEB
1 31451U 99025BUP 09086.37574619 +.00000090 +00000-0 +78203-4 0  9997
2 31451 098.8292 064.9807 0034613 102.1105 258.3943 14.07793329102591
FENGYUN 1C DEB
1 31451U 99025BUP 09091.91940792  .00000125  00000-0  98470-4 0  9999
2 31451 098.8306 070.4015 0034765 086.7277 273.8084 14.07795827103375
FENGYUN 1C DEB
1 31451U 99025BUP 09091.91940792 +.00000125 +00000-0 +98470-4 0  9999
2 31451 098.8306 070.4015 0034765 086.7277 273.8084 14.07795827103375
FENGYUN 1C DEB
1 31451U 99025BUP 09094.40693843  .00000127  00000-0  99683-4 0  9997
2 31451 098.8307 072.8338 0034791 079.7678 280.7429 14.07796734103723
FENGYUN 1C DEB
1 31451U 99025BUP 09094.90444468 +.00000129 +00000-0 +10101-3 0  9998
2 31451 098.8308 073.3204 0034782 078.3341 282.1753 14.07796987103797
FENGYUN 1C DEB
1 31451U 99025BUP 09097.39197548  .00000130  00000-0  10136-3 0  9998
2 31451 098.8316 075.7541 0034788 071.3744 289.1206 14.07797847104148
FENGYUN 1C DEB
1 31451U 99025BUP 09097.60519218 +.00000127 +00000-0 +10010-3 0  9991
2 31451 098.8317 075.9626 0034821 070.9486 289.5417 14.07797828104171
FENGYUN 1C DEB
1 31451U 99025BUP 09098.88449357 +.00000121 +00000-0 +96561-4 0  9998
2 31451 098.8323 077.2145 0035021 067.9220 292.5579 14.07798034104357
FENGYUN 1C DEB
1 31451U 99025BUP 09100.37701217  .00000116  00000-0  93115-4 0  9998
2 31451 098.8325 078.6747 0034995 063.4653 297.0077 14.07798374104565
FENGYUN 1C DEB
1 31451U 99025BUP 09109.33209718  .00000087  00000-0  76333-4 0  9992
2 31451 098.8323 087.4322 0035042 038.4602 321.8682 14.07800075105820
FENGYUN 1C DEB
1 31451U 99025BUP 09110.39818502 +.00000088 +00000-0 +77196-4 0  9996
2 31451 098.8327 088.4757 0035051 035.6133 324.7381 14.07800404105975
FENGYUN 1C DEB
1 31451U 99025BUP 09111.39319298  .00000083  00000-0  74324-4 0  9990
2 31451 098.8332 089.4497 0035058 032.9807 327.3487 14.07800467106110
FENGYUN 1C DEB
1 31451U 99025BUP 09112.31712998 +.00000077 +00000-0 +70595-4 0  9996
2 31451 098.8329 090.3526 0035191 029.9843 330.3298 14.07800529106241
FENGYUN 1C DEB
1 31451U 99025BUP 09117.86074246  .00000104  00000-0  86269-4 0  9994
2 31451 098.8365 095.7805 0034880 016.0497 344.1948 14.07802650107025
FENGYUN 1C DEB
1 31451U 99025BUP 09118.50038566 +.00000101 +00000-0 +84554-4 0  9993
2 31451 098.8312 096.3951 0034709 014.7141 345.4999 14.07802863107113
FENGYUN 1C DEB
1 31451U 99025BUP 09119.35324846 +.00000102 +00000-0 +85091-4 0  9994
2 31451 098.8325 097.2318 0034645 012.7435 347.4614 14.07803130107234
FENGYUN 1C DEB
1 31451U 99025BUP 09121.34325924  .00000105  00000-0  87240-4 0  9995
2 31451 098.8339 099.1814 0034534 007.7106 352.4611 14.07803811107517
FENGYUN 1C DEB
1 31451U 99025BUP 09121.91183313 +.00000106 +00000-0 +87872-4 0  9994
2 31451 098.8342 099.7386 0034515 006.0087 354.1506 14.07804014107596
FENGYUN 1C DEB
1 31451U 99025BUP 09122.40933439 +.00000100 +00000-0 +84378-4 0  9993
2 31451 098.8283 100.2109 0034075 005.8361 354.3062 14.07804068107660
FENGYUN 1C DEB
1 31451U 99025BUP 09123.33327036 +.00000106 +00000-0 +87586-4 0  9996
2 31451 098.8278 101.1130 0034156 003.1034 357.0368 14.07804512107793
FENGYUN 1C DEB
1 31451U 99025BUP 09125.39435076  .00000106  00000-0  87938-4 0  9999
2 31451 098.8297 103.1364 0034272 356.8619 003.2348 14.07805090108084
FENGYUN 1C DEB
1 31451U 99025BUP 09127.88186071  .00000101  00000-0  84864-4 0  9993
2 31451 098.8313 105.5753 0034150 350.0648 009.9799 14.07805608108431
FENGYUN 1C DEB
1 31451U 99025BUP 09132.35937811  .00000053  00000-0  56795-4 0  9995
2 31451 098.8228 109.9541 0034107 337.0040 022.9319 14.07805709109067
FENGYUN 1C DEB
1 31451U 99025BUP 09137.90297856  .00000060  00000-0  60585-4 0  9999
2 31451 098.8231 115.3707 0034389 321.3701 038.5118 14.07807068109844
FENGYUN 1C DEB
1 31451U 99025BUP 09140.39048604  .00000067  00000-0  64833-4 0  9998
2 31451 098.8242 117.8037 0034234 314.1766 045.6749 14.07807924110199
FENGYUN 1C DEB
1 31451U 99025BUP 09141.38548650 +.00000085 +00000-0 +75480-4 0  9994
2 31451 098.8262 118.7807 0034013 311.2906 048.5409 14.07808567110330
FENGYUN 1C DEB
1 31451U 99025BUP 09143.87299307  .00000068  00000-0  65637-4 0  9996
2 31451 098.8317 121.2220 0033887 304.2885 055.4987 14.07808586110682
FENGYUN 1C DEB
1 31451U 99025BUP 09150.90909127  .00000093  00000-0  80297-4 0  9993
2 31451 098.8335 128.1069 0033859 284.3197 075.4416 14.07810930111677
FENGYUN 1C DEB
1 31451U 99025BUP 09151.90409028 +.00000093 +00000-0 +80454-4 0  9994
2 31451 098.8339 129.0813 0033882 281.4636 078.2718 14.07811176111815
FENGYUN 1C DEB
1 31451U 99025BUP 09156.87910544  .00000066  00000-0  64472-4 0  9997
2 31451 098.8357 133.9537 0033436 266.0798 093.6350 14.07811624112514
FENGYUN 1C DEB
1 31451U 99025BUP 09159.86412047  .00000033  00000-0  44799-4 0  9998
2 31451 098.8416 136.8830 0033848 259.8989 099.8211 14.07811268112931
FENGYUN 1C DEB
1 31451U 99025BUP 09166.90022641  .00000070  00000-0  66698-4 0  9991
2 31451 098.8388 143.7644 0032788 238.7898 121.0596 14.07814066113929
FENGYUN 1C DEB
1 31451U 99025BUP 09171.87523316  .00000046  00000-0  52805-4 0  9996
2 31451 098.8334 148.6215 0029372 221.9117 137.9390 14.07814222114621
FENGYUN 1C DEB
1 31451U 99025BUP 09173.36774735 +.00000050 +00000-0 +54656-4 0  9996
2 31451 098.8350 150.0856 0030549 218.7920 141.1098 14.07814592114836
FENGYUN 1C DEB
1 31451U 99025BUP 09177.91633570  .00000080  00000-0  72355-4 0  9991
2 31451 098.8375 154.5414 0031455 205.5023 154.4754 14.07816349115476
FENGYUN 1C DEB
1 31451U 99025BUP 09177.91633570 +.00000080 +00000-0 +72355-4 0  9991
2 31451 098.8375 154.5414 0031455 205.5023 154.4754 14.07816349115476
FENGYUN 1C DEB
1 31451U 99025BUP 09178.91133572 +.00000077 +00000-0 +70694-4 0  9999
2 31451 098.8384 155.5177 0031747 202.5050 157.4726 14.07816526115619
FENGYUN 1C DEB
1 31451U 99025BUP 09179.90633888 +.00000073 +00000-0 +68412-4 0  9995
2 31451 098.8386 156.4920 0031928 199.6276 160.3644 14.07816653115752
FENGYUN 1C DEB
1 31451U 99025BUP 09183.38884964  .00000062  00000-0  61664-4 0  9995
2 31451 098.8348 159.8933 0033185 188.6260 171.4334 14.07817428116244
FENGYUN 1C DEB
1 31451U 99025BUP 09184.38385272 +.00000059 +00000-0 +60087-4 0  9998
2 31451 098.8348 160.8665 0032921 185.9016 174.1735 14.07817483116385
FENGYUN 1C DEB
1 31451U 99025BUP 09185.37885627 +.00000057 +00000-0 +58605-4 0  9998
2 31451 098.8343 161.8386 0032893 183.1042 176.9907 14.07817606116522
FENGYUN 1C DEB
1 31451U 99025BUP 09192.91244533  .00000074  00000-0  68598-4 0  9992
2 31451 098.8353 169.2096 0032669 161.8229 198.4126 14.07819359117580
FENGYUN 1C DEB
1 31451U 99025BUP 09192.91244533 +.00000074 +00000-0 +68598-4 0  9992
2 31451 098.8353 169.2096 0032669 161.8229 198.4126 14.07819359117580
FENGYUN 1C DEB
1 31451U 99025BUP 09193.90744505 +.00000073 +00000-0 +68162-4 0  9992
2 31451 098.8344 170.1821 0033387 158.8899 201.3626 14.07819730117722
FENGYUN 1C DEB
1 31451U 99025BUP 09194.40494619 +.00000077 +00000-0 +70451-4 0  9994
2 31451 098.8347 170.6692 0033577 157.3767 202.8915 14.07819971117796
FENGYUN 1C DEB
1 31451U 99025BUP 09195.39994657  .00000079  00000-0  71658-4 0  9992
2 31451 098.8350 171.6428 0033644 154.5346 205.7503 14.07820273117933
FENGYUN 1C DEB
1 31451U 99025BUP 09195.89744662 +.00000076 +00000-0 +70082-4 0  9993
2 31451 098.8354 172.1308 0033828 153.1179 207.1735 14.07820316118003
FENGYUN 1C DEB
1 31451U 99025BUP 09197.38994760 +.00000065 +00000-0 +63532-4 0  9995
2 31451 098.8361 173.5920 0034003 149.0618 211.2549 14.07820426118218
FENGYUN 1C DEB
1 31451U 99025BUP 09199.37994822  .00000058  00000-0  59185-4 0  9996
2 31451 098.8366 175.5397 0034005 143.6412 216.7042 14.07820628118499
FENGYUN 1C DEB
1 31451U 99025BUP 09199.87744891 +.00000058 +00000-0 +59185-4 0  9990
2 31451 098.8366 176.0264 0034005 142.2427 218.1137 14.07820728118569
FENGYUN 1C DEB
1 31451U 99025BUP 09200.87245101 +.00000046 +00000-0 +52119-4 0  9990
2 31451 098.8372 177.0010 0034443 139.4006 220.9741 14.07820524118705
FENGYUN 1C DEB
1 31451U 99025BUP 09201.36995098 +.00000039 +00000-0 +48413-4 0  9996
2 31451 098.8374 177.4888 0034581 138.0424 222.3357 14.07820404118779
FENGYUN 1C DEB
1 31451U 99025BUP 09203.35995148 -.00000056  00000-0 -76332-5 0  9996
2 31451 098.8338 179.4357 0034685 132.4439 227.9523 14.07819357119054
FENGYUN 1C DEB
1 31451U 99025BUP 09207.41102711  .00000033  00000-0  44694-4 0  9991
2 31451 098.8401 183.4038 0034763 121.1505 239.3482 14.07821205119621
FENGYUN 1C DEB
1 31451U 99025BUP 09207.90851844 +.00000040 +00000-0 +48817-4 0  9992
2 31451 098.8399 183.8905 0034573 119.6270 240.8420 14.07821533119694
FENGYUN 1C DEB
1 31451U 99025BUP 09208.40601615 +.00000052 +00000-0 +56054-4 0  9992
2 31451 098.8400 184.3776 0034628 118.1171 242.3611 14.07822053119769
FENGYUN 1C DEB
1 31451U 99025BUP 09209.89850884  .00000064  00000-0  62553-4 0  9994
2 31451 098.8396 185.8378 0034561 113.8977 246.5859 14.07822755119971
FENGYUN 1C DEB
1 31451U 99025BUP 09209.89850884 +.00000064 +00000-0 +62553-4 0  9994
2 31451 098.8396 185.8378 0034561 113.8977 246.5859 14.07822755119971
FENGYUN 1C DEB
1 31451U 99025BUP 09211.39100324 +.00000069 +00000-0 +66002-4 0  9997
2 31451 098.8396 187.2985 0034836 110.1098 250.3853 14.07823230120181
FENGYUN 1C DEB
1 31451U 99025BUP 09212.38599900  .00000070  00000-0  66146-4 0  9990
2 31451 098.8398 188.2728 0034861 107.3475 253.1513 14.07823455120323
FENGYUN 1C DEB
1 31451U 99025BUP 09213.87849295 +.00000066 +00000-0 +64044-4 0  9990
2 31451 098.8401 189.7343 0035021 103.2555 257.2483 14.07823652120533
FENGYUN 1C DEB
1 31451U 99025BUP 09215.37098696  .00000065  00000-0  63508-4 0  9991
2 31451 098.8398 191.1951 0034992 099.0135 261.4991 14.07823955120742
FENGYUN 1C DEB
1 31451U 99025BUP 09215.86848465 +.00000084 +00000-0 +74692-4 0  9999
2 31451 098.8389 191.6818 0035161 097.6725 262.8443 14.07824438120819
FENGYUN 1C DEB
1 31451U 99025BUP 09216.36598196 +.00000078 +00000-0 +70738-4 0  9998
2 31451 098.8390 192.1688 0035053 096.1305 264.3835 14.07824387120882
FENGYUN 1C DEB
1 31451U 99025BUP 09217.36097702 +.00000074 +00000-0 +68631-4 0  9991
2 31451 098.8391 193.1428 0035004 093.2656 267.2504 14.07824527121027
FENGYUN 1C DEB
1 31451U 99025BUP 09218.35597160  .00000072  00000-0  67291-4 0  9993
2 31451 098.8390 194.1163 0035013 090.4747 270.0421 14.07824695121164
FENGYUN 1C DEB
1 31451U 99025BUP 09224.89449734  .00000075  00000-0  69310-4 0  9999
2 31451 098.8389 200.5158 0034956 071.9653 288.5371 14.07826341122083
FENGYUN 1C DEB
1 31451U 99025BUP 09227.38197467  .00000067  00000-0  64597-4 0  9992
2 31451 098.8402 202.9533 0034910 064.6434 295.8306 14.07826671122432
FENGYUN 1C DEB
1 31451U 99025BUP 09227.87947091 +.00000057 +00000-0 +58951-4 0  9998
2 31451 098.8401 203.4411 0035040 063.9454 296.5218 14.07826469122504
FENGYUN 1C DEB
1 31451U 99025BUP 09228.87446366 +.00000057 +00000-0 +58642-4 0  9995
2 31451 098.8405 204.4162 0035133 061.4085 299.0585 14.07826637122645
FENGYUN 1C DEB
1 31451U 99025BUP 09229.37195960 +.00000057 +00000-0 +58793-4 0  9999
2 31451 098.8405 204.9033 0035144 060.0476 300.4177 14.07826745122710
FENGYUN 1C DEB
1 31451U 99025BUP 09234.91547468  .00000081  00000-0  72926-4 0  9990
2 31451 098.8418 210.3315 0035244 044.7607 315.6510 14.07828535123498
FENGYUN 1C DEB
1 31451U 99025BUP 09235.91046059 +.00000084 +00000-0 +74398-4 0  9999
2 31451 098.8413 211.3046 0035243 042.1586 318.2283 14.07828874123630
FENGYUN 1C DEB
1 31451U 99025BUP 09237.40294266  .00000086  00000-0  75604-4 0  9993
2 31451 098.8410 212.7653 0035210 038.1443 322.2247 14.07829359123844
FENGYUN 1C DEB
1 31451U 99025BUP 09239.39291682 +.00000095 +00000-0 +81246-4 0  9991
2 31451 098.8407 214.7127 0035279 032.5015 327.8359 14.07830167124122
FENGYUN 1C DEB
1 31451U 99025BUP 09240.38790279  .00000096  00000-0  81740-4 0  9998
2 31451 098.8409 215.6876 0035293 029.6315 330.6853 14.07830465124268
FENGYUN 1C DEB
1 31451U 99025BUP 09241.88038247 +.00000084 +00000-0 +74687-4 0  9993
2 31451 098.8411 217.1498 0035224 026.2856 333.9946 14.07830417124474
FENGYUN 1C DEB
1 31451U 99025BUP 09244.36785098  .00000075  00000-0  69316-4 0  9995
2 31451 098.8415 219.5861 0035078 019.5068 340.7390 14.07830795124822
FENGYUN 1C DEB
1 31451U 99025BUP 09245.36283788 +.00000073 +00000-0 +68425-4 0  9993
2 31451 098.8416 220.5605 0035092 016.6612 343.5689 14.07830972124964
FENGYUN 1C DEB
1 31451U 99025BUP 09247.35280962  .00000073  00000-0  68159-4 0  9999
2 31451 098.8418 222.5091 0035025 011.2248 348.9685 14.07831414125248
FENGYUN 1C DEB
1 31451U 99025BUP 09249.41385091  .00000067  00000-0  64615-4 0  9993
2 31451 098.8409 224.5261 0034895 005.6614 354.4907 14.07831753125534
FENGYUN 1C DEB
1 31451U 99025BUP 09249.91134425 +.00000073 +00000-0 +68091-4 0  9990
2 31451 098.8410 225.0135 0034961 004.1006 356.0497 14.07832050125606
FENGYUN 1C DEB
1 31451U 99025BUP 09251.40382059 +.00000082 +00000-0 +73863-4 0  9998
2 31451 098.8409 226.4749 0034788 000.1268 359.9953 14.07832674125817
FENGYUN 1C DEB
1 31451U 99025BUP 09252.39880416  .00000083  00000-0  74029-4 0  9993
2 31451 098.8411 227.4492 0034787 357.3342 002.7639 14.07832932125951
FENGYUN 1C DEB
1 31451U 99025BUP 09253.39378848 +.00000083 +00000-0 +74029-4 0  9995
2 31451 098.8411 228.4232 0034787 354.5376 005.5409 14.07833183126091
FENGYUN 1C DEB
1 31451U 99025BUP 09254.38877269 +.00000086 +00000-0 +76276-4 0  9995
2 31451 098.8423 229.4004 0034782 351.7777 008.2863 14.07833555126234
FENGYUN 1C DEB
1 31451U 99025BUP 09255.38375576  .00000082  00000-0  73686-4 0  9998
2 31451 098.8427 230.3756 0034832 348.9923 011.0456 14.07833679126372
FENGYUN 1C DEB
1 31451U 99025BUP 09255.88124821 +.00000077 +00000-0 +70764-4 0  9996
2 31451 098.8430 230.8636 0034538 348.1341 011.8910 14.07833583126442
FENGYUN 1C DEB
1 31451U 99025BUP 09256.87623433 +.00000076 +00000-0 +70211-4 0  9995
2 31451 098.8432 231.8383 0034556 345.3017 014.7144 14.07833785126583
FENGYUN 1C DEB
1 31451U 99025BUP 09260.35867753  .00000076  00000-0  70211-4 0  9998
2 31451 098.8432 235.2482 0034555 335.5142 024.4385 14.07834617127075
FENGYUN 1C DEB
1 31451U 99025BUP 09260.85616931 +.00000076 +00000-0 +69920-4 0  9998
2 31451 098.8452 235.7379 0034449 334.3319 025.6095 14.07834640127147
FENGYUN 1C DEB
1 31451U 99025BUP 09261.14045119 +.00000068 +00000-0 +65327-4 0  9993
2 31451 098.8455 236.0171 0034300 333.4822 026.4547 14.07834467127181
FENGYUN 1C DEB
1 31451U 99025BUP 09265.40466753  .00000064  00000-0  62960-4 0  9993
2 31451 098.8452 240.1926 0034130 321.6084 038.2590 14.07835259127787
FENGYUN 1C DEB
1 31451U 99025BUP 09267.39463603 +.00000071 +00000-0 +67392-4 0  9996
2 31451 098.8450 242.1417 0034045 315.9896 043.8654 14.07835986128066
FENGYUN 1C DEB
1 31451U 99025BUP 09268.38961758  .00000087  00000-0  76861-4 0  9998
2 31451 098.8459 243.1181 0033615 313.2484 046.6065 14.07836845128208
FENGYUN 1C DEB
1 31451U 99025BUP 09269.88208732 +.00000090 +00000-0 +78682-4 0  9997
2 31451 098.8466 244.5818 0033685 309.0479 050.7691 14.07837344128411
FENGYUN 1C DEB
1 31451U 99025BUP 09270.87707006  .00000090  00000-0  78445-4 0  9993
2 31451 098.8471 245.5579 0033691 306.2184 053.5883 14.07837609128554
FENGYUN 1C DEB
1 31451U 99025BUP 09271.37456118 +.00000089 +00000-0 +77933-4 0  9993
2 31451 098.8473 246.0457 0033737 304.8126 054.9864 14.07837705128627
FENGYUN 1C DEB
1 31451U 99025BUP 09272.36954397 +.00000088 +00000-0 +77238-4 0  9992
2 31451 098.8479 247.0210 0033576 301.7992 057.9903 14.07837916128765
FENGYUN 1C DEB
1 31451U 99025BUP 09273.36452677  .00000087  00000-0  76554-4 0  9996
2 31451 098.8479 247.9954 0033430 298.9781 060.8007 14.07838121128904
FENGYUN 1C DEB
1 31451U 99025BUP 09274.35951009 +.00000087 +00000-0 +76491-4 0  9999
2 31451 098.8479 248.9702 0033436 296.1890 063.5842 14.07838378129040
FENGYUN 1C DEB
1 31451U 99025BUP 09277.91301960  .00000116  00000-0  93641-4 0  9998
2 31451 098.8482 252.4529 0033835 286.4918 073.2770 14.07840230129540
FENGYUN 1C DEB
1 31451U 99025BUP 09278.41050593 +.00000114 +00000-0 +92767-4 0  9993
2 31451 098.8480 252.9397 0033787 285.0213 074.7207 14.07840350129617
FENGYUN 1C DEB
1 31451U 99025BUP 09283.88290625  .00000113  00000-0  91712-4 0  9990
2 31451 098.8480 258.3018 0033633 269.5713 090.1537 14.07841968130389
FENGYUN 1C DEB
1 31451U 99025BUP 09284.87788934 +.00000107 +00000-0 +88295-4 0  9990
2 31451 098.8482 259.2776 0033605 266.6513 093.0749 14.07842059130522
FENGYUN 1C DEB
1 31451U 99025BUP 09285.37538153 +.00000108 +00000-0 +89163-4 0  9998
2 31451 098.8488 259.7663 0033512 265.1361 094.5995 14.07842256130595
FENGYUN 1C DEB
1 31451U 99025BUP 09287.36534497  .00000094  00000-0  80984-4 0  9992
2 31451 098.8485 261.7165 0033638 259.4171 100.3181 14.07842531130876
FENGYUN 1C DEB
1 31451U 99025BUP 09293.40630763  .00000104  00000-0  86659-4 0  9994
2 31451 098.8484 267.6351 0033636 242.2851 117.4963 14.07844488131725
FENGYUN 1C DEB
1 31451U 99025BUP 09293.90379735 +.00000090 +00000-0 +78624-4 0  9995
2 31451 098.8491 268.1238 0033449 240.2250 119.5450 14.07844152131795
FENGYUN 1C DEB
1 31451U 99025BUP 09294.89878163 +.00000090 +00000-0 +78448-4 0  9997
2 31451 098.8498 269.1003 0033336 237.0337 122.7583 14.07844391131932
FENGYUN 1C DEB
1 31451U 99025BUP 09295.89376450  .00000089  00000-0  77916-4 0  9997
2 31451 098.8498 270.0754 0033321 234.1756 125.6305 14.07844623132071
FENGYUN 1C DEB
1 31451U 99025BUP 09296.88874674 +.00000087 +00000-0 +76774-4 0  9997
2 31451 098.8500 271.0508 0033298 231.3048 128.5121 14.07844812132213
FENGYUN 1C DEB
1 31451U 99025BUP 09297.88372918 +.00000082 +00000-0 +73448-4 0  9992
2 31451 098.8503 272.0265 0033244 228.3264 131.4995 14.07844854132357
FENGYUN 1C DEB
1 31451U 99025BUP 09299.37620362  .00000078  00000-0  71506-4 0  9995
2 31451 098.8502 273.4892 0033279 224.0305 135.8201 14.07845137132560
FENGYUN 1C DEB
1 31451U 99025BUP 09306.90963837  .00000067  00000-0  64988-4 0  9994
2 31451 098.8504 280.8735 0033411 201.9797 157.9817 14.07846585133621
FENGYUN 1C DEB
1 31451U 99025BUP 09308.40211359 +.00000069 +00000-0 +66159-4 0  9990
2 31451 098.8509 282.3372 0033434 197.4628 162.5428 14.07847016133830
FENGYUN 1C DEB
1 31451U 99025BUP 09310.88956682  .00000069  00000-0  65877-4 0  9996
2 31451 098.8512 284.7765 0033427 190.4086 169.6398 14.07847562134188
FENGYUN 1C DEB
1 31451U 99025BUP 09311.88454811 +.00000068 +00000-0 +65503-4 0  9999
2 31451 098.8516 285.7530 0033440 187.5744 172.4919 14.07847754134326
FENGYUN 1C DEB
1 31451U 99025BUP 09312.87952947 +.00000066 +00000-0 +64441-4 0  9990
2 31451 098.8521 286.7296 0033464 184.6933 175.3907 14.07847899134460
FENGYUN 1C DEB
1 31451U 99025BUP 09314.37200153  .00000062  00000-0  61852-4 0  9991
2 31451 098.8525 288.1931 0033254 180.8509 179.2587 14.07848080134673
FENGYUN 1C DEB
1 31451U 99025BUP 09315.36698295 +.00000060 +00000-0 +60577-4 0  9990
2 31451 098.8532 289.1690 0033197 178.1312 181.9980 14.07848218134818
FENGYUN 1C DEB
1 31451U 99025BUP 09316.36196397 +.00000052 +00000-0 +55812-4 0  9994
2 31451 098.8532 290.1442 0033187 175.3389 184.8071 14.07848222134950
FENGYUN 1C DEB
1 31451U 99025BUP 09317.35694530  .00000052  00000-0  55760-4 0  9998
2 31451 098.8532 291.1194 0033215 172.5103 187.6566 14.07848413135098
FENGYUN 1C DEB
1 31451U 99025BUP 09321.90542717  .00000059  00000-0  60023-4 0  9998
2 31451 098.8530 295.5785 0033154 159.7942 200.4611 14.07849532135739
FENGYUN 1C DEB
1 31451U 99025BUP 09325.88534338  .00000090  00000-0  78108-4 0  9997
2 31451 098.8531 299.4821 0033119 149.2373 211.1277 14.07851779136292
FENGYUN 1C DEB
1 31451U 99025BUP 09326.38282182 +.00000094 +00000-0 +80327-4 0  9990
2 31451 098.8532 299.9694 0033639 147.5506 212.7793 14.07852128136369
FENGYUN 1C DEB
1 31451U 99025BUP 09327.37779830 +.00000105 +00000-0 +87216-4 0  9998
2 31451 098.8537 300.9465 0033129 144.1935 216.1492 14.07852638136502
FENGYUN 1C DEB
1 31451U 99025BUP 09329.36775135  .00000139  00000-0  10702-3 0  9995
2 31451 098.8538 302.8962 0033611 138.9568 221.4205 14.07853940136783
FENGYUN 1C DEB
1 31451U 99025BUP 09329.86523802 +.00000131 +00000-0 +10240-3 0  9991
2 31451 098.8537 303.3844 0033745 137.3246 223.0483 14.07853890136859
FENGYUN 1C DEB
1 31451U 99025BUP 09332.35267825  .00000135  00000-0  10456-3 0  9992
2 31451 098.8537 305.8228 0033809 130.3398 230.0750 14.07854868137205
FENGYUN 1C DEB
1 31451U 99025BUP 09338.39359010  .00000176  00000-0  12867-3 0  9993
2 31451 098.8545 311.7467 0034061 113.5706 246.9473 14.07858547138052
FENGYUN 1C DEB
1 31451U 99025BUP 09339.88603671 +.00000186 +00000-0 +13437-3 0  9998
2 31451 098.8542 313.2103 0033663 108.9574 251.5249 14.07859504138261
FENGYUN 1C DEB
1 31451U 99025BUP 09343.36843039  .00000168  00000-0  12417-3 0  9997
2 31451 098.8567 316.6275 0033927 099.0367 261.4435 14.07860418138755
FENGYUN 1C DEB
1 31451U 99025BUP 09344.36340345 +.00000164 +00000-0 +12141-3 0  9990
2 31451 098.8567 317.6038 0033931 096.1690 264.3301 14.07860675138899
FENGYUN 1C DEB
1 31451U 99025BUP 09349.90679469  .00000161  00000-0  11981-3 0  9995
2 31451 098.8561 323.0399 0034137 080.7680 279.7265 14.07862833139675
FENGYUN 1C DEB
1 31451U 99025BUP 09350.40427943 +.00000153 +00000-0 +11524-3 0  9994
2 31451 098.8558 323.5273 0033955 079.1616 281.3332 14.07862795139744
FENGYUN 1C DEB
1 31451U 99025BUP 09353.38917688  .00000161  00000-0  12004-3 0  9997
2 31451 098.8566 326.4564 0034099 070.8112 289.6830 14.07864282140162
FENGYUN 1C DEB
1 31451U 99025BUP 09354.88162159 +.00000158 +00000-0 +11787-3 0  9991
2 31451 098.8568 327.9203 0034270 066.9969 293.4735 14.07864731140376
FENGYUN 1C DEB
1 31451U 99025BUP 09356.87155030  .00000144  00000-0  11008-3 0  9993
2 31451 098.8575 329.8725 0034385 060.9071 299.5450 14.07865140140656
FENGYUN 1C DEB
1 31451U 99025BUP 09363.33880538 -.00000749  00000-0 -41394-3 0  9994
2 31451 098.8681 336.2305 0033235 044.5725 315.5027 14.07849097141560
FENGYUN 1C DEB
1 31451U 99025BUP 09363.90742281  .00000181  00000-0  13153-3 0  9999
2 31451 098.8608 336.7784 0034181 043.4149 317.3404 14.07868828141645
FENGYUN 1C DEB
1 31451U 99025BUP 09364.90230939 +.00000170 +00000-0 +12527-3 0  9994
2 31451 098.8616 337.7564 0034130 040.5273 319.8328 14.07868867141781
FENGYUN 1C DEB
1 31451U 99025BUP 09365.89727086 +.00000167 +00000-0 +12339-3 0  9994
2 31451 098.8614 338.7322 0034135 037.6012 322.7504 14.07869181141920
FENGYUN 1C DEB
1 31451U 99025BUP 10001.39475110  .00000163  00000-0  12129-3 0  9999
2 31451 098.8598 339.2171 0034156 035.7379 324.6037 14.07869296141993
FENGYUN 1C DEB
1 31451U 99025BUP 10001.89223124 +.00000161 +00000-0 +12015-3 0  9992
2 31451 098.8598 339.7050 0034198 034.3064 326.0287 14.07869428142065
FENGYUN 1C DEB
1 31451U 99025BUP 10002.38971110 +.00000162 +00000-0 +12054-3 0  9996
2 31451 098.8590 340.1916 0034145 032.9849 327.3442 14.07869670142135
FENGYUN 1C DEB
1 31451U 99025BUP 10003.88214914 +.00000154 +00000-0 +11601-3 0  9992
2 31451 098.8587 341.6547 0034195 028.6880 331.6092 14.07870020142342
FENGYUN 1C DEB
1 31451U 99025BUP 10004.45069815 +.00000140 +00000-0 +10747-3 0  9999
2 31451 098.8586 342.2124 0033818 027.6633 332.6283 14.07869910142423
FENGYUN 1C DEB
1 31451U 99025BUP 10005.37458896 +.00000125 +00000-0 +98515-4 0  9995
2 31451 098.8585 343.1186 0034140 024.6823 335.5928 14.07869917142556
FENGYUN 1C DEB
1 31451U 99025BUP 10013.40531648  .00000125  00000-0  98689-4 0  9997
2 31451 098.8583 350.9956 0034090 002.1906 357.9414 14.07872643143685
FENGYUN 1C DEB
1 31451U 99025BUP 10014.89774920 +.00000128 +00000-0 +10062-3 0  9994
2 31451 098.8587 352.4620 0034097 358.1704 001.9327 14.07873280143891
FENGYUN 1C DEB
1 31451U 99025BUP 10020.37000264  .00000112  00000-0  91273-4 0  9994
2 31451 098.8590 357.8312 0033920 342.7405 017.2512 14.07874700144663
FENGYUN 1C DEB
1 31451U 99025BUP 10025.91332251  .00000106  00000-0  87959-4 0  9992
2 31451 098.8599 003.2713 0033717 327.4018 032.4955 14.07876146145446
FENGYUN 1C DEB
1 31451U 99025BUP 10029.89314123  .00000111  00000-0  90725-4 0  9992
2 31451 098.8605 007.1781 0033743 316.2657 043.5913 14.07877534146008
FENGYUN 1C DEB
1 31451U 99025BUP 10030.88809352 +.00000110 +00000-0 +90041-4 0  9996
2 31451 098.8614 008.1563 0033826 313.4666 046.3691 14.07877793146144
FENGYUN 1C DEB
1 31451U 99025BUP 10032.38052397  .00000109  00000-0  89714-4 0  9995
2 31451 098.8618 009.6222 0033933 309.5818 050.2359 14.07878260146358
FENGYUN 1C DEB
1 31451U 99025BUP 10041.90364795  .00000098  00000-0  82999-4 0  9996
2 31451 098.8604 018.9651 0033184 281.3784 078.3420 14.07880583147698
FENGYUN 1C DEB
1 31451U 99025BUP 10042.89860623 +.00000099 +00000-0 +83643-4 0  9994
2 31451 098.8609 019.9426 0033189 278.5710 081.1715 14.07880899147831
FENGYUN 1C DEB
1 31451U 99025BUP 10043.39608268 +.00000102 +00000-0 +85310-4 0  9993
2 31451 098.8624 020.4341 0033017 277.0307 082.7135 14.07881116147901
FENGYUN 1C DEB
1 31451U 99025BUP 10044.88851228 +.00000103 +00000-0 +85970-4 0  9997
2 31451 098.8613 021.8998 0033156 273.5243 086.2131 14.07881565148113
FENGYUN 1C DEB
1 31451U 99025BUP 10049.36580224  .00000087  00000-0  76639-4 0  9993
2 31451 098.8645 026.2969 0033025 260.7168 099.0214 14.07882446148746
FENGYUN 1C DEB
1 31451U 99025BUP 10053.91416205  .00000120  00000-0  96261-4 0  9997
2 31451 098.8649 030.7633 0033226 248.6949 111.0937 14.07884673149385
FENGYUN 1C DEB
1 31451U 99025BUP 10058.39144314  .00000170  00000-0  12566-3 0  9993
2 31451 098.8652 035.1597 0033337 236.5046 123.3590 14.07888140150010
FENGYUN 1C DEB
1 31451U 99025BUP 10059.17317735 +.00000161 +00000-0 +11986-3 0  9994
2 31451 098.8659 035.9277 0033060 233.1023 126.6948 14.07888073150121
FENGYUN 1C DEB
1 31451U 99025BUP 10061.87376171  .00000171  00000-0  12570-3 0  9994
2 31451 098.8676 038.5815 0033085 223.6844 136.1656 14.07889322150501
FENGYUN 1C DEB
1 31451U 99025BUP 10062.86871327 +.00000185 +00000-0 +13425-3 0  9992
2 31451 098.8674 039.5587 0032858 220.7336 139.1334 14.07889966150642
FENGYUN 1C DEB
1 31451U 99025BUP 10070.40190295  .00000171  00000-0  12614-3 0  9993
2 31451 098.8680 046.9574 0032873 199.8932 160.0828 14.07892888151708
FENGYUN 1C DEB
1 31451U 99025BUP 10071.89432886 +.00000169 +00000-0 +12455-3 0  9992
2 31451 098.8687 048.4253 0032887 195.5753 164.4391 14.07893412151915
FENGYUN 1C DEB
1 31451U 99025BUP 10073.38675182  .00000168  00000-0  12394-3 0  9997
2 31451 098.8683 049.8913 0032887 191.3169 168.7249 14.07894006152127
FENGYUN 1C DEB
1 31451U 99025BUP 10075.87412195  .00000138  00000-0  10637-3 0  9991
2 31451 098.8697 052.3345 0032655 184.2441 175.8346 14.07894347152470
FENGYUN 1C DEB
1 31451U 99025BUP 10077.36654590 +.00000134 +00000-0 +10436-3 0  9997
2 31451 098.8698 053.8001 0032538 180.2064 179.9078 14.07894788152682
FENGYUN 1C DEB
1 31451U 99025BUP 10084.40224126  .00000175  00000-0  12827-3 0  9999
2 31451 098.8703 060.7122 0033003 160.0930 200.1878 14.07898677153672
FENGYUN 1C DEB
1 31451U 99025BUP 10085.89464940 +.00000180 +00000-0 +13101-3 0  9995
2 31451 098.8705 062.1792 0033103 155.8756 204.3953 14.07899528153881
FENGYUN 1C DEB
1 31451U 99025BUP 10087.38706550  .00000181  00000-0  13166-3 0  9999
2 31451 098.8706 063.6455 0033154 151.6562 208.6428 14.07900231154091
FENGYUN 1C DEB
1 31451U 99025BUP 10088.38200862 +.00000181 +00000-0 +13139-3 0  9995
2 31451 098.8705 064.6226 0033134 148.8698 211.4439 14.07900664154233
FENGYUN 1C DEB
1 31451U 99025BUP 10089.37695158 +.00000177 +00000-0 +12915-3 0  9997
2 31451 098.8709 065.6015 0033210 145.9460 214.3789 14.07900948154374
FENGYUN 1C DEB
1 31451U 99025BUP 10090.86936649  .00000163  00000-0  12105-3 0  9992
2 31451 098.8703 067.0671 0034056 141.6736 218.6721 14.07901190154586
FENGYUN 1C DEB
1 31451U 99025BUP 10091.36684049 +.00000160 +00000-0 +11903-3 0  9994
2 31451 098.8705 067.5562 0033951 140.3352 220.0292 14.07901276154658
FENGYUN 1C DEB
1 31451U 99025BUP 10096.91008497  .00000152  00000-0  11460-3 0  9996
2 31451 098.8716 073.0028 0033970 124.7512 235.6805 14.07903262155430
FENGYUN 1C DEB
1 31451U 99025BUP 10097.90502572 +.00000155 +00000-0 +11613-3 0  9992
2 31451 098.8716 073.9804 0034114 122.0227 238.4257 14.07903736155579
FENGYUN 1C DEB
1 31451U 99025BUP 10098.40249569 +.00000159 +00000-0 +11867-3 0  9997
2 31451 098.8716 074.4691 0034274 120.6615 239.7966 14.07904081155644
FENGYUN 1C DEB
1 31451U 99025BUP 10099.89490384  .00000162  00000-0  12050-3 0  9993
2 31451 098.8719 075.9361 0034162 116.4674 244.0053 14.07904805155854
FENGYUN 1C DEB
1 31451U 99025BUP 10099.89490384 +.00000162 +00000-0 +12050-3 0  9993
2 31451 098.8719 075.9361 0034162 116.4674 244.0053 14.07904805155854
FENGYUN 1C DEB
1 31451U 99025BUP 10100.39237220 +.00000167 +00000-0 +12330-3 0  9995
2 31451 098.8721 076.4253 0034373 115.1149 245.3625 14.07905177155920
FENGYUN 1C DEB
1 31451U 99025BUP 10101.88477857 +.00000166 +00000-0 +12259-3 0  9991
2 31451 098.8723 077.8922 0034406 111.0165 249.4701 14.07905793156138
FENGYUN 1C DEB
1 31451U 99025BUP 10102.38224713  .00000167  00000-0  12350-3 0  9991
2 31451 098.8727 078.3818 0034499 109.5965 250.8949 14.07906066156206
FENGYUN 1C DEB
1 31451U 99025BUP 10110.12853050  .00000189  00000-0  13584-3 0  9998
2 31451 098.8732 085.9939 0034912 088.8332 271.6903 14.07909849157290
FENGYUN 1C DEB
1 31451U 99025BUP 10114.17932495  .00000187  00000-0  13485-3 0  9996
2 31451 098.8733 089.9744 0034894 077.4292 283.0756 14.07911661157868
FENGYUN 1C DEB
1 31451U 99025BUP 10114.88999043 +.00000187 +00000-0 +13485-3 0  9996
2 31451 098.8733 090.6727 0034894 075.4334 285.0701 14.07911988157968
FENGYUN 1C DEB
1 31451U 99025BUP 10116.38238627  .00000185  00000-0  13408-3 0  9990
2 31451 098.8750 092.1435 0035003 071.3430 289.1529 14.07912614158179
FENGYUN 1C DEB
1 31451U 99025BUP 10116.87985141 +.00000183 +00000-0 +13263-3 0  9991
2 31451 098.8754 092.6334 0035096 070.0263 290.4648 14.07912742158245
FENGYUN 1C DEB
1 31451U 99025BUP 10119.36717556  .00000170  00000-0  12511-3 0  9992
2 31451 098.8750 095.0782 0035021 063.0572 297.4116 14.07913523158591
FENGYUN 1C DEB
1 31451U 99025BUP 10119.86464104 +.00000157 +00000-0 +11745-3 0  9998
2 31451 098.8747 095.5666 0035050 062.2978 298.1680 14.07913398158668
FENGYUN 1C DEB
1 31451U 99025BUP 10125.12354700  .00000155  00000-0  11646-3 0  9992
2 31451 098.8749 100.7354 0035088 047.4523 312.9610 14.07915492159403
FENGYUN 1C DEB
1 31451U 99025BUP 10125.90527485 +.00000158 +00000-0 +11808-3 0  9993
2 31451 098.8750 101.5040 0035066 045.2278 315.1764 14.07915903159519
FENGYUN 1C DEB
1 31451U 99025BUP 10126.11847277 +.00000161 +00000-0 +11989-3 0  9995
2 31451 098.8751 101.7137 0035086 044.6057 315.7954 14.07916100159549
FENGYUN 1C DEB
1 31451U 99025BUP 10128.89005081  .00000175  00000-0  12806-3 0  9995
2 31451 098.8755 104.4395 0035012 037.0141 323.3559 14.07917702159936
FENGYUN 1C DEB
1 31451U 99025BUP 10129.88497168 +.00000181 +00000-0 +13134-3 0  9998
2 31451 098.8756 105.4179 0035023 034.9633 325.3823 14.07918372160079
FENGYUN 1C DEB
1 31451U 99025BUP 10132.37228097  .00000187  00000-0  13514-3 0  9997
2 31451 098.8756 107.8631 0034689 028.6159 331.6929 14.07919626160427
FENGYUN 1C DEB
1 31451U 99025BUP 10140.40271876  .00000202  00000-0  14389-3 0  9992
2 31451 098.8754 115.7558 0034809 005.7504 354.4186 14.07923828161557
FENGYUN 1C DEB
1 31451U 99025BUP 10142.89001707 +.00000190 +00000-0 +13684-3 0  9994
2 31451 098.8769 118.2046 0034644 359.2884 000.8194 14.07924534161903
FENGYUN 1C DEB
1 31451U 99025BUP 10142.89001708  .00000190  00000-0  13684-3 0  9995
2 31451 098.8769 118.2046 0034644 359.2884 000.8194 14.07924534161903
FENGYUN 1C DEB
1 31451U 99025BUP 10151.84427837  .00000162  00000-0  12042-3 0  9991
2 31451 098.8765 127.0075 0034577 334.1152 025.8007 14.07927708163160
FENGYUN 1C DEB
1 31451U 99025BUP 10156.17927901  .00000152  00000-0  11463-3 0  9994
2 31451 098.8785 131.2734 0034268 322.2783 037.5879 14.07929104163772
FENGYUN 1C DEB
1 31451U 99025BUP 10157.38739423 +.00000154 +00000-0 +11579-3 0  9998
2 31451 098.8772 132.4570 0033655 319.3818 040.4860 14.07929724163944
FENGYUN 1C DEB
1 31451U 99025BUP 10162.36197456  .00000144  00000-0  11018-3 0  9993
2 31451 098.8773 137.3491 0033274 305.0597 054.7412 14.07931437164647
FENGYUN 1C DEB
1 31451U 99025BUP 10163.14369504 +.00000124 +00000-0 +98411-4 0  9996
2 31451 098.8770 138.1170 0033026 302.8991 056.8905 14.07931209164754
FENGYUN 1C DEB
1 31451U 99025BUP 10167.12336154  .00000153  00000-0  11573-3 0  9998
2 31451 098.8793 142.0359 0033116 291.0948 068.6979 14.07933559165318
FENGYUN 1C DEB
1 31451U 99025BUP 10169.89490493  .00000161  00000-0  12014-3 0  9991
2 31451 098.8791 144.7607 0033117 283.3009 076.4532 14.07934928165700
FENGYUN 1C DEB
1 31451U 99025BUP 10173.37710470  .00000212  00000-0  14973-3 0  9992
2 31451 098.8781 148.1833 0032954 273.2990 086.4555 14.07937437166191
FENGYUN 1C DEB
1 31451U 99025BUP 10174.86947250 +.00000187 +00000-0 +13543-3 0  9998
2 31451 098.8784 149.6505 0032580 268.3866 091.3459 14.07937540166405
FENGYUN 1C DEB
1 31451U 99025BUP 10179.34658568  .00000181  00000-0  13190-3 0  9999
2 31451 098.8788 154.0533 0032599 255.8541 103.8964 14.07939415167034
FENGYUN 1C DEB
1 31451U 99025BUP 10184.88967273  .00000167  00000-0  12338-3 0  9997
2 31451 098.8797 159.5060 0032472 239.8793 119.8965 14.07941312167813
FENGYUN 1C DEB
1 31451U 99025BUP 10185.38713309 +.00000168 +00000-0 +12414-3 0  9998
2 31451 098.8796 159.9944 0032462 238.1234 121.6778 14.07941548167889
FENGYUN 1C DEB
1 31451U 99025BUP 10187.37695920  .00000160  00000-0  11943-3 0  9995
2 31451 098.8790 161.9501 0032427 232.7090 127.1102 14.07942154168164
FENGYUN 1C DEB
1 31451U 99025BUP 10193.13323751  .00000133  00000-0  10363-3 0  9991
2 31451 098.8776 167.6093 0032571 215.9644 143.9114 14.07943618168979
FENGYUN 1C DEB
1 31451U 99025BUP 10194.12815419 +.00000132 +00000-0 +10321-3 0  9991
2 31451 098.8771 168.5868 0032589 213.1770 146.7369 14.07943991169117
FENGYUN 1C DEB
1 31451U 99025BUP 10198.17886685  .00000148  00000-0  11242-3 0  9993
2 31451 098.8776 172.5693 0032745 200.8026 159.1965 14.07946019169680
FENGYUN 1C DEB
1 31451U 99025BUP 10198.39205910 +.00000151 +00000-0 +11429-3 0  9994
2 31451 098.8786 172.7811 0032795 199.8892 160.1033 14.07946206169718
FENGYUN 1C DEB
1 31451U 99025BUP 10198.74738383 +.00000153 +00000-0 +11501-3 0  9991
2 31451 098.8785 173.1302 0032789 198.8699 161.1266 14.07946391169763
FENGYUN 1C DEB
1 31451U 99025BUP 10200.87933521  .00000149  00000-0  11270-3 0  9998
2 31451 098.8788 175.2283 0032785 192.6559 167.3743 14.07947075170063
FENGYUN 1C DEB
1 31451U 99025BUP 10203.36661189  .00000140  00000-0  10754-3 0  9990
2 31451 098.8801 177.6777 0032672 185.8965 174.1740 14.07947672170418
FENGYUN 1C DEB
1 31451U 99025BUP 10204.36152364 +.00000136 +00000-0 +10531-3 0  9999
2 31451 098.8798 178.6564 0032720 183.1177 176.9773 14.07947927170552
FENGYUN 1C DEB
1 31451U 99025BUP 10210.40204451  .00000146  00000-0  11125-3 0  9997
2 31451 098.8800 184.5975 0032849 166.0128 194.2071 14.07950478171400
FENGYUN 1C DEB
1 31451U 99025BUP 10211.11269087 +.00000142 +00000-0 +10889-3 0  9994
2 31451 098.8802 185.2967 0032971 163.8995 196.3185 14.07950598171507
FENGYUN 1C DEB
1 31451U 99025BUP 10212.88931205  .00000145  00000-0  11066-3 0  9998
2 31451 098.8811 187.0464 0033086 158.8050 201.4500 14.07951358171754
FENGYUN 1C DEB
1 31451U 99025BUP 10215.37657945  .00000142  00000-0  10851-3 0  9999
2 31451 098.8823 189.4946 0032858 151.6024 208.6905 14.07952167172103
FENGYUN 1C DEB
1 31451U 99025BUP 10225.11243419  .00000171  00000-0  12540-3 0  9998
2 31451 098.8818 199.0730 0033096 124.4793 235.9768 14.07956756173470
FENGYUN 1C DEB
1 31451U 99025BUP 10225.39668686 +.00000178 +00000-0 +12991-3 0  9992
2 31451 098.8824 199.3538 0033381 123.7589 236.6842 14.07957148173510
FENGYUN 1C DEB
1 31451U 99025BUP 10226.88903845 +.00000173 +00000-0 +12701-3 0  9990
2 31451 098.8829 200.8228 0033566 119.5419 240.9056 14.07957589173726
FENGYUN 1C DEB
1 31451U 99025BUP 10231.15289811  .00000131  00000-0  10226-3 0  9990
2 31451 098.8838 205.0181 0033877 107.7053 252.7550 14.07958170174323
FENGYUN 1C DEB
1 31451U 99025BUP 10231.36609632 +.00000134 +00000-0 +10404-3 0  9991
2 31451 098.8838 205.2276 0034099 107.2751 253.2176 14.07958352174352
FENGYUN 1C DEB
1 31451U 99025BUP 10236.41165521  .00000153  00000-0  11484-3 0  9996
2 31451 098.8846 210.1935 0034378 093.4902 267.0338 14.07960740175068
FENGYUN 1C DEB
1 31451U 99025BUP 10236.90910120 +.00000153 +00000-0 +11513-3 0  9996
2 31451 098.8849 210.6837 0034369 092.1158 268.3954 14.07960947175131
FENGYUN 1C DEB
1 31451U 99025BUP 10237.12229332 +.00000157 +00000-0 +11758-3 0  9994
2 31451 098.8849 210.8938 0034357 091.4261 269.0877 14.07961173175166
FENGYUN 1C DEB
1 31451U 99025BUP 10238.89889385  .00000160  00000-0  11904-3 0  9996
2 31451 098.8854 212.6434 0034313 086.5583 273.9540 14.07961975175416
FENGYUN 1C DEB
1 31451U 99025BUP 10239.39634129 +.00000162 +00000-0 +12045-3 0  9995
2 31451 098.8845 213.1307 0034444 085.3446 275.1670 14.07962281175487
FENGYUN 1C DEB
1 31451U 99025BUP 10241.38613186  .00000162  00000-0  12000-3 0  9998
2 31451 098.8845 215.0882 0034530 079.9527 280.5541 14.07963103175763
FENGYUN 1C DEB
1 31451U 99025BUP 10242.87847367 +.00000146 +00000-0 +11071-3 0  9992
2 31451 098.8852 216.5577 0034799 076.4048 284.0892 14.07963238175975
FENGYUN 1C DEB
1 31451U 99025BUP 10246.36060409  .00000146  00000-0  11113-3 0  9991
2 31451 098.8855 219.9852 0034815 066.8362 293.6452 14.07964520176460
FENGYUN 1C DEB
1 31451U 99025BUP 10246.85805094 +.00000148 +00000-0 +11181-3 0  9999
2 31451 098.8862 220.4754 0034813 065.5941 294.8836 14.07964667176532
FENGYUN 1C DEB
1 31451U 99025BUP 10247.35549772  .00000128  00000-0  10036-3 0  9999
2 31451 098.8864 220.9648 0034715 064.4649 296.0053 14.07964445176602
FENGYUN 1C DEB
1 31451U 99025BUP 10251.12187646  .00000138  00000-0  10610-3 0  9996
2 31451 098.8863 224.6714 0034757 053.7131 306.7315 14.07966051177133
FENGYUN 1C DEB
1 31451U 99025BUP 10251.90357513 +.00000138 +00000-0 +10610-3 0  9994
2 31451 098.8863 225.4407 0034757 051.5185 308.9094 14.07966334177240
FENGYUN 1C DEB
1 31451U 99025BUP 10254.88824617  .00000144  00000-0  10987-3 0  9992
2 31451 098.8880 228.3833 0034728 043.1611 317.2362 14.07967639177669
FENGYUN 1C DEB
1 31451U 99025BUP 10255.88313377 +.00000140 +00000-0 +10728-3 0  9998
2 31451 098.8876 229.3611 0034724 040.3752 319.9930 14.07967850177801
FENGYUN 1C DEB
1 31451U 99025BUP 10260.36013308  .00000127  00000-0  99920-4 0  9995
2 31451 098.8869 233.7668 0034835 027.6752 332.6203 14.07969157178432
FENGYUN 1C DEB
1 31451U 99025BUP 10261.35502322 +.00000124 +00000-0 +98456-4 0  9994
2 31451 098.8861 234.7441 0034640 025.2469 335.0399 14.07969383178576
FENGYUN 1C DEB
1 31451U 99025BUP 10266.40052109  .00000144  00000-0  10985-3 0  9990
2 31451 098.8867 239.7119 0034390 011.5383 348.6772 14.07971805179280
FENGYUN 1C DEB
1 31451U 99025BUP 10267.39540011 +.00000167 +00000-0 +12320-3 0  9993
2 31451 098.8879 240.6928 0034123 009.0520 351.1337 14.07972969179425
FENGYUN 1C DEB
1 31451U 99025BUP 10268.39028327 +.00000171 +00000-0 +12555-3 0  9990
2 31451 098.8881 241.6726 0034060 006.3125 353.8510 14.07973535179563
FENGYUN 1C DEB
1 31451U 99025BUP 10268.39028327  .00000171  00000-0  12555-3 0  9990
2 31451 098.8881 241.6726 0034060 006.3125 353.8510 14.07973535179563
FENGYUN 1C DEB
1 31451U 99025BUP 10270.87749267  .00000168  00000-0  12431-3 0  9998
2 31451 098.8885 244.1221 0033987 359.6051 000.5042 14.07974485179914
FENGYUN 1C DEB
1 31451U 99025BUP 10280.39994042  .00000188  00000-0  13597-3 0  9995
2 31451 098.8896 253.4988 0033650 333.3792 026.5755 14.07979112181258
FENGYUN 1C DEB
1 31451U 99025BUP 10281.11056749 +.00000189 +00000-0 +13668-3 0  9999
2 31451 098.8895 254.1982 0033686 331.3554 028.5780 14.07979491181353
FENGYUN 1C DEB
1 31451U 99025BUP 10287.36409871  .00000149  00000-0  11329-3 0  9998
2 31451 098.8906 260.3572 0034449 314.0817 045.7230 14.07981130182230
FENGYUN 1C DEB
1 31451U 99025BUP 10289.35386445 +.00000150 +00000-0 +11369-3 0  9996
2 31451 098.8914 262.3183 0034344 308.4823 051.3270 14.07981905182515
FENGYUN 1C DEB
1 31451U 99025BUP 10294.89676481  .00000170  00000-0  12554-3 0  9992
2 31451 098.8936 267.7817 0034721 292.9199 066.8617 14.07984857183295
FENGYUN 1C DEB
1 31451U 99025BUP 10294.89676481 +.00000170 +00000-0 +12554-3 0  9992
2 31451 098.8936 267.7817 0034721 292.9199 066.8617 14.07984857183295
FENGYUN 1C DEB
1 31451U 99025BUP 10295.89163725 +.00000168 +00000-0 +12424-3 0  9998
2 31451 098.8942 268.7635 0034652 290.1989 069.5418 14.07985177183432
FENGYUN 1C DEB
1 31451U 99025BUP 10296.38907724 +.00000184 +00000-0 +13359-3 0  9994
2 31451 098.8934 269.2525 0033742 288.6120 071.1438 14.07985933183504
FENGYUN 1C DEB
1 31451U 99025BUP 10296.38907724  .00000184  00000-0  13359-3 0  9994
2 31451 098.8934 269.2525 0033742 288.6120 071.1438 14.07985933183504
FENGYUN 1C DEB
1 31451U 99025BUP 10305.12978612  .00000203  00000-0  14443-3 0  9998
2 31451 098.8941 277.8622 0033604 263.1891 096.5548 14.07990382184738
FENGYUN 1C DEB
1 31451U 99025BUP 10306.40891125 +.00000209 +00000-0 +14843-3 0  9993
2 31451 098.8946 279.1233 0033410 258.8366 100.9098 14.07991216184916
FENGYUN 1C DEB
1 31451U 99025BUP 10310.38841408  .00000207  00000-0  14701-3 0  9995
2 31451 098.8940 283.0425 0033068 247.3660 112.4023 14.07993293185471
FENGYUN 1C DEB
1 31451U 99025BUP 10313.87047713  .00000211  00000-0  14927-3 0  9994
2 31451 098.8940 286.4724 0033067 237.5921 122.2000 14.07995078185961
FENGYUN 1C DEB
1 31451U 99025BUP 10314.86535283 +.00000188 +00000-0 +13557-3 0  9999
2 31451 098.8962 287.4573 0032899 234.5570 125.2428 14.07994917186102
FENGYUN 1C DEB
1 31451U 99025BUP 10315.43385480 +.00000181 +00000-0 +13197-3 0  9998
2 31451 098.8963 288.0178 0033065 232.9501 126.8610 14.07994976186186
FENGYUN 1C DEB
1 31451U 99025BUP 10315.43385480  .00000181  00000-0  13197-3 0  9998
2 31451 098.8963 288.0178 0033065 232.9501 126.8610 14.07994976186186
FENGYUN 1C DEB
1 31451U 99025BUP 10324.74302521 +.00000229 +00000-0 +15948-3 0  9996
2 31451 098.8958 297.1891 0032830 205.9923 153.9611 14.08001074187496
FENGYUN 1C DEB
1 31451U 99025BUP 10324.88514952 +.00000229 +00000-0 +15993-3 0  9994
2 31451 098.8959 297.3293 0032772 205.8573 154.0987 14.08001196187516
FENGYUN 1C DEB
1 31451U 99025BUP 10326.37745635 +.00000229 +00000-0 +15990-3 0  9991
2 31451 098.8963 298.8003 0033209 200.9866 158.9920 14.08001945187728
FENGYUN 1C DEB
1 31451U 99025BUP 10331.13862344  .00000215  00000-0  15164-3 0  9996
2 31451 098.8959 303.4912 0033386 187.0434 173.0065 14.08003953188390
FENGYUN 1C DEB
1 31451U 99025BUP 10335.40235396  .00000207  00000-0  14671-3 0  9994
2 31451 098.8957 307.6930 0033279 175.0004 185.1461 14.08005953188997
FENGYUN 1C DEB
1 31451U 99025BUP 10335.89978919 +.00000212 +00000-0 +14936-3 0  9992
2 31451 098.8959 308.1835 0033273 173.8255 186.3391 14.08006368189062
FENGYUN 1C DEB
1 31451U 99025BUP 10338.88439193  .00000206  00000-0  14636-3 0  9990
2 31451 098.8966 311.1256 0033309 165.4117 194.7981 14.08007711189482
FENGYUN 1C DEB
1 31451U 99025BUP 10340.37669352 +.00000198 +00000-0 +14151-3 0  9991
2 31451 098.8976 312.5980 0033070 161.6971 198.5340 14.08008139189692
FENGYUN 1C DEB
1 31451U 99025BUP 10341.37156152  .00000172  00000-0  12616-3 0  9997
2 31451 098.8971 313.5782 0033795 159.3845 200.8635 14.08007974189832
FENGYUN 1C DEB
1 31451U 99025BUP 10343.36129647 +.00000170 +00000-0 +12491-3 0  9996
2 31451 098.8971 315.5390 0033752 153.8565 206.4299 14.08008751190115
FENGYUN 1C DEB
1 31451U 99025BUP 10345.42209099  .00000156  00000-0  11699-3 0  9998
2 31451 098.8987 317.5698 0033967 148.0869 212.2259 14.08009160190404
FENGYUN 1C DEB
1 31451U 99025BUP 10351.88871420  .00000173  00000-0  12669-3 0  9995
2 31451 098.8991 323.9448 0033702 130.0640 230.3723 14.08012409191316
FENGYUN 1C DEB
1 31451U 99025BUP 10354.37586568  .00000171  00000-0  12572-3 0  9999
2 31451 098.8986 326.3950 0033643 123.0693 237.3694 14.08013430191666
FENGYUN 1C DEB
1 31451U 99025BUP 10355.37072773 +.00000167 +00000-0 +12291-3 0  9991
2 31451 098.8999 327.3786 0033882 120.5717 239.8791 14.08013710191804
FENGYUN 1C DEB
1 31451U 99025BUP 10363.89809556  .00000185  00000-0  13391-3 0  9996
2 31451 098.8992 335.7839 0033678 096.5747 263.9395 14.08017877193007
FENGYUN 1C DEB
1 31451U 99025BUP 10363.89809556 +.00000185 +00000-0 +13391-3 0  9996
2 31451 098.8992 335.7839 0033678 096.5747 263.9395 14.08017877193007
FENGYUN 1C DEB
1 31451U 99025BUP 10364.39552136 +.00000189 +00000-0 +13607-3 0  9995
2 31451 098.8996 336.2750 0033785 095.1688 265.3367 14.08018233193076
FENGYUN 1C DEB
1 31451U 99025BUP 11003.87237118  .00000162  00000-0  12043-3 0  9993
2 31451 098.9006 340.6893 0034264 083.7330 276.7435 14.08019268193707
FENGYUN 1C DEB
1 31451U 99025BUP 11003.87237118 +.00000162 +00000-0 +12043-3 0  9993
2 31451 098.9006 340.6893 0034264 083.7330 276.7435 14.08019268193707
FENGYUN 1C DEB
1 31451U 99025BUP 11006.35951394  .00000162  00000-0  12043-3 0  9998
2 31451 098.9006 343.1411 0034264 076.7528 283.7459 14.08020290194052
FENGYUN 1C DEB
1 31451U 99025BUP 11012.89711670  .00000138  00000-0  10652-3 0  9992
2 31451 098.8993 349.5855 0033934 058.3454 302.0784 14.08022105194979
FENGYUN 1C DEB
1 31451U 99025BUP 11013.39454715 +.00000138 +00000-0 +10652-3 0  9992
2 31451 098.8993 350.0758 0033934 056.9493 303.4928 14.08022286195049
FENGYUN 1C DEB
1 31451U 99025BUP 11014.38939850 +.00000143 +00000-0 +10921-3 0  9995
2 31451 098.9017 351.0614 0034033 054.6285 305.8098 14.08022768195188
FENGYUN 1C DEB
1 31451U 99025BUP 11016.37909895  .00000143  00000-0  10921-3 0  9992
2 31451 098.9017 353.0231 0034033 049.0445 311.3661 14.08023509195464
FENGYUN 1C DEB
1 31451U 99025BUP 11027.89091240  .00000170  00000-0  12531-3 0  9996
2 31451 098.9024 004.3740 0034445 015.8995 344.3592 14.08028843197086
FENGYUN 1C DEB
1 31451U 99025BUP 11028.38832818 +.00000172 +00000-0 +12653-3 0  9992
2 31451 098.9029 004.8659 0034429 014.7743 345.4435 14.08029122197153
FENGYUN 1C DEB
1 31451U 99025BUP 11030.37801740  .00000156  00000-0  11678-3 0  9992
2 31451 098.9029 006.8283 0034151 009.0788 351.0952 14.08029562197432
FENGYUN 1C DEB
1 31451U 99025BUP 11035.13905730  .00000103  00000-0  86225-4 0  9998
2 31451 098.9042 011.5236 0033774 356.1950 003.8676 14.08029988198107
FENGYUN 1C DEB
1 31451U 99025BUP 11040.89494521  .00000133  00000-0  10353-3 0  9999
2 31451 098.9036 017.1984 0033814 339.7482 020.2651 14.08032793198917
FENGYUN 1C DEB
1 31451U 99025BUP 11041.88978168 +.00000138 +00000-0 +10632-3 0  9998
2 31451 098.9044 018.1814 0033635 337.1237 022.8465 14.08033299199059
FENGYUN 1C DEB
1 31451U 99025BUP 11050.13275475  .00000162  00000-0  12066-3 0  9997
2 31451 098.9060 026.3142 0033197 314.0313 045.8257 14.08036930200214
FENGYUN 1C DEB
1 31451U 99025BUP 11054.75165329  .00000181  00000-0  13166-3 0  9998
2 31451 098.9053 030.8672 0032917 300.8153 058.9975 14.08039565200868
FENGYUN 1C DEB
1 31451U 99025BUP 11055.39118903 +.00000181 +00000-0 +13166-3 0  9995
2 31451 098.9080 031.5050 0032882 299.0515 060.7376 14.08039809200955
FENGYUN 1C DEB
1 31451U 99025BUP 11056.88344756  .00000179  00000-0  13044-3 0  9999
2 31451 098.9099 032.9834 0032801 294.8975 064.8775 14.08040372201163
FENGYUN 1C DEB
1 31451U 99025BUP 11056.88344756 +.00000179 +00000-0 +13044-3 0  9999
2 31451 098.9099 032.9834 0032801 294.8975 064.8775 14.08040372201163
FENGYUN 1C DEB
1 31451U 99025BUP 11061.14704271  .00000179  00000-0  13044-3 0  9996
2 31451 098.9099 037.1909 0032800 282.9345 076.8162 14.08042270201769
FENGYUN 1C DEB
1 31451U 99025BUP 11062.42612068 +.00000168 +00000-0 +12407-3 0  9990
2 31451 098.9093 038.4520 0032748 278.7539 080.9844 14.08042500201944
FENGYUN 1C DEB
1 31451U 99025BUP 11068.39515168  .00000192  00000-0  13812-3 0  9993
2 31451 098.9107 044.3444 0032163 260.4078 099.3750 14.08046029202781
FENGYUN 1C DEB
1 31451U 99025BUP 11069.38998305 +.00000201 +00000-0 +14360-3 0  9991
2 31451 098.9110 045.3269 0032115 257.4527 102.3146 14.08046850202925
FENGYUN 1C DEB
1 31451U 99025BUP 11070.88223468  .00000222  00000-0  15567-3 0  9992
2 31451 098.9104 046.7992 0032656 254.1664 105.6049 14.08048333203132
FENGYUN 1C DEB
1 31451U 99025BUP 11070.88223468 +.00000222 +00000-0 +15567-3 0  9992
2 31451 098.9104 046.7992 0032656 254.1664 105.6049 14.08048333203132
FENGYUN 1C DEB
1 31451U 99025BUP 11072.37448561 +.00000243 +00000-0 +16779-3 0  9990
2 31451 098.9107 048.2726 0032671 248.6690 111.1048 14.08049509203341
FENGYUN 1C DEB
1 31451U 99025BUP 11082.39388636  .00000310  00000-0  20682-3 0  9992
2 31451 098.9122 058.1643 0032732 221.3462 138.5946 14.08057623204751
FENGYUN 1C DEB
1 31451U 99025BUP 11083.74400142 +.00000303 +00000-0 +20279-3 0  9993
2 31451 098.9128 059.5001 0032647 217.6915 142.1962 14.08058308204947
FENGYUN 1C DEB
1 31451U 99025BUP 11086.37319584  .00000284  00000-0  19185-3 0  9996
2 31451 098.9124 062.0955 0032921 209.7877 150.1321 14.08059590205318
FENGYUN 1C DEB
1 31451U 99025BUP 11087.43908707 +.00000284 +00000-0 +19185-3 0  9995
2 31451 098.9124 063.1477 0032921 206.7972 153.1497 14.08060288205461
FENGYUN 1C DEB
1 31451U 99025BUP 11093.12382232  .00000262  00000-0  17896-3 0  9990
2 31451 098.9154 068.7640 0032699 190.5914 169.4339 14.08063207206263
FENGYUN 1C DEB
1 31451U 99025BUP 11093.90547733 +.00000265 +00000-0 +18043-3 0  9993
2 31451 098.9154 069.5358 0032827 188.6609 171.4068 14.08063801206374
FENGYUN 1C DEB
1 31451U 99025BUP 11094.90030335 +.00000268 +00000-0 +18216-3 0  9994
2 31451 098.9151 070.5172 0032926 186.2952 173.7890 14.08064557206515
FENGYUN 1C DEB
1 31451U 99025BUP 11097.38736819  .00000301  00000-0  20181-3 0  9991
2 31451 098.9144 072.9723 0033458 177.0906 183.0580 14.08067238206860
FENGYUN 1C DEB
1 31451U 99025BUP 11098.38219094 +.00000301 +00000-0 +20181-3 0  9993
2 31451 098.9144 073.9545 0033457 174.2997 185.8559 14.08067924207006
FENGYUN 1C DEB
1 31451U 99025BUP 11100.37183954  .00000301  00000-0  20181-3 0  9991
2 31451 098.9144 075.9191 0033457 168.7178 191.4749 14.08069295207281
FENGYUN 1C DEB
1 31451U 99025BUP 11108.40147095  .00000433  00000-0  27833-3 0  9996
2 31451 098.9166 083.8527 0033659 148.1245 212.3436 14.08079448208410
FENGYUN 1C DEB
1 31451U 99025BUP 11109.11202475 +.00000428 +00000-0 +27580-3 0  9992
2 31451 098.9167 084.5546 0033909 146.0931 214.2352 14.08079939208511
FENGYUN 1C DEB
1 31451U 99025BUP 11111.88329535  .00000419  00000-0  27053-3 0  9991
2 31451 098.9172 087.2932 0034101 138.0373 222.3267 14.08082167208907
FENGYUN 1C DEB
1 31451U 99025BUP 11112.87811175 +.00000416 +00000-0 +26876-3 0  9996
2 31451 098.9182 088.2784 0034087 135.1363 225.2530 14.08082951209046
FENGYUN 1C DEB
1 31451U 99025BUP 11113.87292527 +.00000393 +00000-0 +25499-3 0  9995
2 31451 098.9200 089.2635 0033843 132.3239 228.0688 14.08083178209185
FENGYUN 1C DEB
1 31451U 99025BUP 11114.37033390  .00000389  00000-0  25290-3 0  9996
2 31451 098.9196 089.7545 0033629 130.9380 229.4694 14.08083513209250
FENGYUN 1C DEB
1 31451U 99025BUP 11114.86774034 +.00000387 +00000-0 +25165-3 0  9996
2 31451 098.9198 090.2463 0033679 129.5176 230.8953 14.08083860209327
FENGYUN 1C DEB
1 31451U 99025BUP 11117.35476887  .00000380  00000-0  24729-3 0  9996
2 31451 098.9193 092.7026 0033648 122.6511 237.7885 14.08085802209673
FENGYUN 1C DEB
1 31451U 99025BUP 11119.41544650  .00000374  00000-0  24414-3 0  9993
2 31451 098.9187 094.7384 0033727 117.0292 243.4317 14.08087435209967
FENGYUN 1C DEB
1 31451U 99025BUP 11123.39467652  .00000388  00000-0  25226-3 0  9998
2 31451 098.9195 098.6701 0034094 106.0005 254.5063 14.08091298210527
FENGYUN 1C DEB
1 31451U 99025BUP 11125.38428335 +.00000400 +00000-0 +25901-3 0  9999
2 31451 098.9195 100.6361 0034311 100.9789 259.5345 14.08093407210800
FENGYUN 1C DEB
1 31451U 99025BUP 11128.86608955  .00000395  00000-0  25604-3 0  9996
2 31451 098.9188 104.0758 0034654 091.5248 268.9781 14.08096258211294
FENGYUN 1C DEB
1 31451U 99025BUP 11129.36349220 +.00000394 +00000-0 +25579-3 0  9999
2 31451 098.9183 104.5660 0034612 090.0234 270.4900 14.08096695211363
FENGYUN 1C DEB
1 31451U 99025BUP 11135.40333913  .00000428  00000-0  27546-3 0  9997
2 31451 098.9171 110.5311 0034776 072.8494 287.6644 14.08102973212214
FENGYUN 1C DEB
1 31451U 99025BUP 11143.36167086  .00000350  00000-0  22990-3 0  9999
2 31451 098.9173 118.3937 0034893 051.8883 308.4300 14.08107270213335
FENGYUN 1C DEB
1 31451U 99025BUP 11150.39626890  .00000311  00000-0  20719-3 0  9997
2 31451 098.9169 125.3425 0035288 031.7220 328.5697 14.08111472214322
FENGYUN 1C DEB
1 31451U 99025BUP 11150.89366962 +.00000309 +00000-0 +20589-3 0  9995
2 31451 098.9174 125.8356 0035330 030.9115 329.4049 14.08111695214393
FENGYUN 1C DEB
1 31451U 99025BUP 11153.87802902  .00000290  00000-0  19475-3 0  9996
2 31451 098.9181 128.7859 0035289 023.0586 337.2001 14.08113143214811
FENGYUN 1C DEB
1 31451U 99025BUP 11153.87802902 +.00000290 +00000-0 +19475-3 0  9996
2 31451 098.9181 128.7859 0035289 023.0586 337.2001 14.08113143214811
FENGYUN 1C DEB
1 31451U 99025BUP 11155.15704170 +.00000280 +00000-0 +18912-3 0  9991
2 31451 098.9182 130.0494 0035097 019.3840 340.8611 14.08113665214996
FENGYUN 1C DEB
1 31451U 99025BUP 11157.14661182  .00000243  00000-0  16736-3 0  9998
2 31451 098.9185 132.0155 0034287 014.0657 346.1344 14.08113888215274
FENGYUN 1C DEB
1 31451U 99025BUP 11165.38910352  .00000279  00000-0  18871-3 0  9990
2 31451 098.9197 140.1615 0032915 352.8466 007.2658 14.08120032216436
FENGYUN 1C DEB
1 31451U 99025BUP 11166.38387397 +.00000290 +00000-0 +19515-3 0  9997
2 31451 098.9196 141.1443 0033149 349.6901 010.3585 14.08120987216571
FENGYUN 1C DEB
1 31451U 99025BUP 11167.87604349  .00000295  00000-0  19784-3 0  9994
2 31451 098.9204 142.6214 0033329 345.1647 014.8596 14.08122123216789
FENGYUN 1C DEB
1 31451U 99025BUP 11167.87604349 +.00000295 +00000-0 +19784-3 0  9994
2 31451 098.9204 142.6214 0033329 345.1647 014.8596 14.08122123216789
FENGYUN 1C DEB
1 31451U 99025BUP 11171.14460046  .00000284  00000-0  19154-3 0  9992
2 31451 098.9205 145.8515 0033070 336.1358 023.8173 14.08123959217242
FENGYUN 1C DEB
1 31451U 99025BUP 11171.35776923 +.00000278 +00000-0 +18806-3 0  9995
2 31451 098.9212 146.0635 0033305 335.4291 024.5258 14.08123906217272
FENGYUN 1C DEB
1 31451U 99025BUP 11176.90009896  .00000282  00000-0  19031-3 0  9995
2 31451 098.9209 151.5407 0033289 319.8993 039.9720 14.08127626218056
FENGYUN 1C DEB
1 31451U 99025BUP 11176.90009972 +.00000282 +00000-0 +19031-3 0  9990
2 31451 098.9209 151.5407 0033289 319.8993 039.9758 14.08127626218057
FENGYUN 1C DEB
1 31451U 99025BUP 11177.18432069 +.00000281 +00000-0 +18998-3 0  9998
2 31451 098.9209 151.8216 0033295 319.0855 040.7813 14.08127793218095
FENGYUN 1C DEB
1 31451U 99025BUP 11179.17387206  .00000278  00000-0  18792-3 0  9999
2 31451 098.9209 153.7875 0033251 313.4581 046.3799 14.08128978218375
FENGYUN 1C DEB
1 31451U 99025BUP 11179.38703871 +.00000273 +00000-0 +18512-3 0  9997
2 31451 098.9216 154.0001 0033433 312.7872 047.0447 14.08128919218402
FENGYUN 1C DEB
1 31451U 99025BUP 11180.80814684 +.00000268 +00000-0 +18233-3 0  9995
2 31451 098.9211 155.4038 0033177 308.5073 051.3110 14.08129724218605
FENGYUN 1C DEB
1 31451U 99025BUP 11189.76111155  .00000240  00000-0  16593-3 0  9999
2 31451 098.9190 164.2472 0032646 282.9111 076.8046 14.08134258219866
FENGYUN 1C DEB
1 31451U 99025BUP 11192.88754840  .00000231  00000-0  16055-3 0  9993
2 31451 098.9212 167.3424 0032535 274.1730 085.5610 14.08135634220303
FENGYUN 1C DEB
1 31451U 99025BUP 11200.70361723  .00000184  00000-0  13354-3 0  9994
2 31451 098.9214 175.0668 0032930 251.8704 107.8493 14.08138325221402
FENGYUN 1C DEB
1 31451U 99025BUP 11204.39849281  .00000195  00000-0  13969-3 0  9997
2 31451 098.9228 178.7225 0032816 240.4956 119.3025 14.08140358221927
FENGYUN 1C DEB
1 31451U 99025BUP 11204.89587692 +.00000199 +00000-0 +14215-3 0  9996
2 31451 098.9228 179.2144 0032932 239.2922 120.5042 14.08140735221990
FENGYUN 1C DEB
1 31451U 99025BUP 11205.39326181 +.00000207 +00000-0 +14653-3 0  9992
2 31451 098.9232 179.7066 0032712 237.0796 122.7256 14.08141216222069
FENGYUN 1C DEB
1 31451U 99025BUP 11209.37234432  .00000208  00000-0  14706-3 0  9991
2 31451 098.9236 183.6395 0032899 224.6267 135.2241 14.08143166222624
FENGYUN 1C DEB
1 31451U 99025BUP 11210.36711490 +.00000207 +00000-0 +14694-3 0  9991
2 31451 098.9237 184.6233 0032863 222.3213 137.5410 14.08143642222761
FENGYUN 1C DEB
1 31451U 99025BUP 11215.12779828  .00000220  00000-0  15403-3 0  9993
2 31451 098.9223 189.3285 0032836 208.7820 151.1574 14.08146335223437
FENGYUN 1C DEB
1 31451U 99025BUP 11216.12256626 +.00000223 +00000-0 +15579-3 0  9997
2 31451 098.9221 190.3119 0032816 206.0599 153.8948 14.08146965223573
FENGYUN 1C DEB
1 31451U 99025BUP 11217.11733401 +.00000226 +00000-0 +15756-3 0  9998
2 31451 098.9219 191.2949 0032812 203.2482 156.7231 14.08147603223710
FENGYUN 1C DEB
1 31451U 99025BUP 11219.88847193  .00000226  00000-0  15756-3 0  9998
2 31451 098.9219 194.0337 0032812 195.4745 164.5424 14.08149097224100
FENGYUN 1C DEB
1 31451U 99025BUP 11221.45167711 +.00000208 +00000-0 +14733-3 0  9999
2 31451 098.9233 195.5826 0033161 191.4046 168.6342 14.08149452224326
FENGYUN 1C DEB
1 31451U 99025BUP 11226.42550868  .00000197  00000-0  14066-3 0  9996
2 31451 098.9254 200.5031 0033013 177.5598 182.5663 14.08151568225027
FENGYUN 1C DEB
1 31451U 99025BUP 11231.11511515  .00000210  00000-0  14845-3 0  9995
2 31451 098.9254 205.1410 0032776 164.8057 195.4214 14.08154249225689
FENGYUN 1C DEB
1 31451U 99025BUP 11231.89671275 +.00000210 +00000-0 +14824-3 0  9997
2 31451 098.9259 205.9153 0032787 162.6104 197.6196 14.08154626225791
FENGYUN 1C DEB
1 31451U 99025BUP 11232.39409429 +.00000213 +00000-0 +14983-3 0  9992
2 31451 098.9259 206.4069 0033316 160.5633 199.6860 14.08155032225866
FENGYUN 1C DEB
1 31451U 99025BUP 11236.87052210  .00000184  00000-0  13326-3 0  9998
2 31451 098.9268 210.8372 0033064 148.3051 211.9899 14.08156384226491
FENGYUN 1C DEB
1 31451U 99025BUP 11237.36790715 +.00000191 +00000-0 +13691-3 0  9995
2 31451 098.9265 211.3268 0034159 146.5535 213.7850 14.08156821226562
FENGYUN 1C DEB
1 31451U 99025BUP 11245.89441514  .00000224  00000-0  15598-3 0  9997
2 31451 098.9263 219.7614 0033841 122.2923 238.1910 14.08162082227763
FENGYUN 1C DEB
1 31451U 99025BUP 11246.88916312 +.00000234 +00000-0 +16234-3 0  9999
2 31451 098.9271 220.7476 0033819 119.3600 241.1023 14.08162987227903
FENGYUN 1C DEB
1 31451U 99025BUP 11249.87342614  .00000230  00000-0  15970-3 0  9991
2 31451 098.9296 223.7043 0033870 111.0646 249.4112 14.08164436228327
FENGYUN 1C DEB
1 31451U 99025BUP 11251.72082683 +.00000225 +00000-0 +15671-3 0  9997
2 31451 098.9296 225.5319 0033792 105.9089 254.5793 14.08165269228584
FENGYUN 1C DEB
1 31451U 99025BUP 11252.71558002  .00000225  00000-0  15691-3 0  9992
2 31451 098.9293 226.5154 0033820 103.1711 257.3234 14.08165817228729
FENGYUN 1C DEB
1 31451U 99025BUP 11258.75513918  .00000276  00000-0  18652-3 0  9995
2 31451 098.9297 232.4916 0033979 086.8853 273.6644 14.08170811229574
FENGYUN 1C DEB
1 31451U 99025BUP 11259.39461102 +.00000284 +00000-0 +19131-3 0  9995
2 31451 098.9292 233.1230 0034171 085.5682 274.9449 14.08171529229661
FENGYUN 1C DEB
1 31451U 99025BUP 11259.74987674 +.00000287 +00000-0 +19307-3 0  9999
2 31451 098.9289 233.4737 0034160 084.5702 275.9392 14.08171881229717
FENGYUN 1C DEB
1 31451U 99025BUP 11261.38410272  .00000287  00000-0  19319-3 0  9990
2 31451 098.9291 235.0897 0034305 080.2173 280.2867 14.08172976229948
FENGYUN 1C DEB
1 31451U 99025BUP 11262.37884847 +.00000291 +00000-0 +19535-3 0  9998
2 31451 098.9287 236.0735 0034259 077.6717 282.8295 14.08173715230089
FENGYUN 1C DEB
1 31451U 99025BUP 11263.72885928 +.00000285 +00000-0 +19168-3 0  9994
2 31451 098.9286 237.4106 0034222 074.0286 286.4652 14.08174506230274
FENGYUN 1C DEB
1 31451U 99025BUP 11264.72360350 +.00000291 +00000-0 +19504-3 0  9993
2 31451 098.9287 238.3946 0034189 071.1149 289.3773 14.08175353230418
FENGYUN 1C DEB
1 31451U 99025BUP 11270.19468391  .00000375  00000-0  24421-3 0  9992
2 31451 098.9265 243.8028 0034319 055.3849 305.1053 14.08181522231180
FENGYUN 1C DEB
1 31451U 99025BUP 11271.40257027  .00000431  00000-0  27663-3 0  9993
2 31451 098.9277 244.9998 0034477 051.9821 308.4901 14.08184356231353
FENGYUN 1C DEB
1 31451U 99025BUP 11272.39729516 +.00000448 +00000-0 +28690-3 0  9998
2 31451 098.9284 245.9850 0034495 049.0118 311.4080 14.08185903231492
FENGYUN 1C DEB
1 31451U 99025BUP 11279.14726360 +.00000303 +00000-0 +20213-3 0  9995
2 31451 098.9319 252.6693 0034760 030.7091 329.6413 14.08192651232448
FENGYUN 1C DEB
1 31451U 99025BUP 11281.70513144  .00000511  00000-0  32335-3 0  9993
2 31451 098.9313 255.1962 0034936 024.1809 336.1257 14.08197295232806
FENGYUN 1C DEB
1 31451U 99025BUP 11289.16554786  .00000574  00000-0  36034-3 0  9997
2 31451 098.9334 262.5840 0034317 003.6910 356.5175 14.08207848233851
FENGYUN 1C DEB
1 31451U 99025BUP 11290.72866196 +.00000575 +00000-0 +36106-3 0  9993
2 31451 098.9334 264.1319 0034211 359.7400 000.3755 14.08209864234075
FENGYUN 1C DEB
1 31451U 99025BUP 11291.43917362  .00000574  00000-0  36016-3 0  9993
2 31451 098.9340 264.8388 0034318 357.7388 002.3593 14.08210669234174
FENGYUN 1C DEB
1 31451U 99025BUP 11299.11267473  .00000690  00000-0  42745-3 0  9992
2 31451 098.9330 272.4268 0035452 334.6689 025.3778 14.08224228235259
FENGYUN 1C DEB
1 31451U 99025BUP 11301.38626772  .00000721  00000-0  44608-3 0  9991
2 31451 098.9368 274.6856 0032547 329.1439 030.8333 14.08228808235572
FENGYUN 1C DEB
1 31451U 99025BUP 11304.37036547  .00000803  00000-0  49374-3 0  9994
2 31451 098.9366 277.6423 0033501 321.7851 038.1226 14.08235480235992
FENGYUN 1C DEB
1 31451U 99025BUP 11312.39897193  .00000978  00000-0  59594-3 0  9995
2 31451 098.9352 285.5910 0032641 298.1847 061.6660 14.08252656237126
FENGYUN 1C DEB
1 31451U 99025BUP 11313.74889290 +.00000867 +00000-0 +53108-3 0  9996
2 31451 098.9367 286.9280 0033250 294.2672 065.5033 14.08253840237311
FENGYUN 1C DEB
1 31451U 99025BUP 11314.88567818  .00000867  00000-0  53120-3 0  9995
2 31451 098.9372 288.0565 0033242 291.2043 068.5563 14.08255901237474
FENGYUN 1C DEB
1 31451U 99025BUP 11315.88036462 +.00000872 +00000-0 +53360-3 0  9994
2 31451 098.9380 289.0446 0033302 288.5542 071.2041 14.08257837237610
FENGYUN 1C DEB
1 31451U 99025BUP 11326.39554866  .00001067  00000-0  64752-3 0  9999
2 31451 098.9371 299.4569 0032052 259.4599 100.5065 14.08284541239099
FENGYUN 1C DEB
1 31451U 99025BUP 11327.17703191 +.00001070 +00000-0 +64868-3 0  9995
2 31451 098.9370 300.2305 0032115 257.4769 102.2831 14.08286363239201
FENGYUN 1C DEB
1 31451U 99025BUP 11329.37950566  .00001070  00000-0  64867-3 0  9998
2 31451 098.9373 302.4119 0032255 251.5134 108.2510 14.08291224239513
FENGYUN 1C DEB
1 31451U 99025BUP 11334.77909124  .00000978  00000-0  59518-3 0  9995
2 31451 098.9360 307.7578 0031940 236.5381 123.2187 14.08300662240272
FENGYUN 1C DEB
1 31451U 99025BUP 11336.76841629 +.00000971 +00000-0 +59122-3 0  9995
2 31451 098.9360 309.7273 0031902 230.9426 128.8846 14.08304512240554
FENGYUN 1C DEB
1 31451U 99025BUP 11337.76307276  .00000972  00000-0  59175-3 0  9990
2 31451 098.9360 310.7123 0031902 228.1226 131.7226 14.08306562240694
FENGYUN 1C DEB
1 31451U 99025BUP 11338.18935308 +.00000972 +00000-0 +59175-3 0  9990
2 31451 098.9360 311.1344 0031880 226.8911 132.9584 14.08307422240758
FENGYUN 1C DEB
1 31451U 99025BUP 11340.17865883  .00000970  00000-0  59044-3 0  9995
2 31451 098.9360 313.1039 0031861 221.2914 138.5819 14.08311386241031
FENGYUN 1C DEB
1 31451U 99025BUP 11343.16260809  .00000957  00000-0  58285-3 0  9995
2 31451 098.9355 316.0573 0031910 213.2136 146.6912 14.08316984241451
FENGYUN 1C DEB
1 31451U 99025BUP 11344.86771921 +.00000951 +00000-0 +57931-3 0  9996
2 31451 098.9358 317.7473 0031445 208.4635 151.4609 14.08319999241696
FENGYUN 1C DEB
1 31451U 99025BUP 11350.19616439  .00000886  00000-0  54120-3 0  9995
2 31451 098.9379 323.0284 0032020 193.0773 166.9240 14.08328679242442
FENGYUN 1C DEB
1 31451U 99025BUP 11353.74844889  .00000862  00000-0  52707-3 0  9994
2 31451 098.9383 326.5477 0032247 183.2124 176.8593 14.08334363242944
FENGYUN 1C DEB
1 31451U 99025BUP 11358.15325886  .00000740  00000-0  45602-3 0  9996
2 31451 098.9500 330.9412 0035105 162.6209 197.4892 14.08337785243565
FENGYUN 1C DEB
1 31451U 99025BUP 11359.14791726 +.00000740 +00000-0 +45602-3 0  9996
2 31451 098.9500 331.9277 0035105 159.8323 200.4242 14.08339343243702
FENGYUN 1C DEB
1 31451U 99025BUP 11360.71090988  .00000632  00000-0  39356-3 0  9992
2 31451 098.9416 333.4555 0031740 157.6889 202.5068 14.08339008243929
FENGYUN 1C DEB
1 31451U 99025BUP 12001.18138529  .00000611  00000-0  38081-3 0  9991
2 31451 098.9413 338.8751 0031699 142.1222 218.2037 14.08345748244699
FENGYUN 1C DEB
1 31451U 99025BUP 12001.39452263 +.00000618 +00000-0 +38510-3 0  9992
2 31451 098.9430 339.0932 0032384 141.1603 219.1948 14.08346227244724
FENGYUN 1C DEB
1 31451U 99025BUP 12002.74437317 +.00000602 +00000-0 +37555-3 0  9996
2 31451 098.9429 340.4327 0032902 136.8026 223.5624 14.08347414244912
FENGYUN 1C DEB
1 31451U 99025BUP 12003.38377753  .00000574  00000-0  35951-3 0  9990
2 31451 098.9425 341.0663 0033246 135.9029 224.4800 14.08347680245005
FENGYUN 1C DEB
1 31451U 99025BUP 12004.16526894 +.00000574 +00000-0 +35951-3 0  9999
2 31451 098.9425 341.8407 0033245 133.7113 226.6819 14.08348645245116
FENGYUN 1C DEB
1 31451U 99025BUP 12006.86496178  .00000552  00000-0  34636-3 0  9994
2 31451 098.9425 344.5157 0033725 126.5552 233.8614 14.08351340245498
FENGYUN 1C DEB
1 31451U 99025BUP 12008.35689717 +.00000535 +00000-0 +33643-3 0  9991
2 31451 098.9435 345.9960 0033961 123.3067 237.1350 14.08352669245707
FENGYUN 1C DEB
1 31451U 99025BUP 12013.75625801  .00000514  00000-0  32444-3 0  9990
2 31451 098.9435 351.3462 0034239 109.1681 251.3018 14.08358153246465
FENGYUN 1C DEB
1 31451U 99025BUP 12014.39565804 +.00000509 +00000-0 +32153-3 0  9998
2 31451 098.9440 351.9812 0034148 107.2561 253.2311 14.08358698246552
FENGYUN 1C DEB
1 31451U 99025BUP 12015.88758402  .00000495  00000-0  31314-3 0  9993
2 31451 098.9441 353.4598 0034104 102.6786 257.8155 14.08359909246766
FENGYUN 1C DEB
1 31451U 99025BUP 12015.88758402 +.00000495 +00000-0 +31314-3 0  9993
2 31451 098.9441 353.4598 0034104 102.6786 257.8155 14.08359909246766
FENGYUN 1C DEB
1 31451U 99025BUP 12016.38489246 +.00000490 +00000-0 +31026-3 0  9991
2 31451 098.9436 353.9516 0033923 101.0430 259.4533 14.08360323246830
FENGYUN 1C DEB
1 31451U 99025BUP 12017.37950799 +.00000457 +00000-0 +29147-3 0  9991
2 31451 098.9436 354.9373 0033746 098.3842 262.1136 14.08360700246974
FENGYUN 1C DEB
1 31451U 99025BUP 12018.16099093  .00000452  00000-0  28814-3 0  9995
2 31451 098.9437 355.7117 0033860 096.6217 263.8786 14.08361317247081
FENGYUN 1C DEB
1 31451U 99025BUP 12019.72395510 +.00000435 +00000-0 +27820-3 0  9998
2 31451 098.9442 357.2610 0033967 092.9810 267.5162 14.08362334247302
FENGYUN 1C DEB
1 31451U 99025BUP 12020.71856936 +.00000426 +00000-0 +27335-3 0  9994
2 31451 098.9443 358.2469 0033986 090.4652 270.0365 14.08363021247447
FENGYUN 1C DEB
1 31451U 99025BUP 12025.76266497  .00000430  00000-0  27536-3 0  9999
2 31451 098.9445 003.2471 0034104 076.0484 284.4552 14.08368022248157
FENGYUN 1C DEB
1 31451U 99025BUP 12027.18353099 +.00000432 +00000-0 +27645-3 0  9995
2 31451 098.9445 004.6555 0034079 072.0145 288.4753 14.08369435248354
FENGYUN 1C DEB
1 31451U 99025BUP 12029.17274220  .00000435  00000-0  27839-3 0  9992
2 31451 098.9446 006.6273 0034047 066.4014 294.0765 14.08371455248633
FENGYUN 1C DEB
1 31451U 99025BUP 12029.74108690 +.00000441 +00000-0 +28211-3 0  9994
2 31451 098.9445 007.1905 0034070 065.0371 295.4400 14.08372239248718
FENGYUN 1C DEB
1 31451U 99025BUP 12030.16734443 +.00000442 +00000-0 +28223-3 0  9997
2 31451 098.9445 007.6131 0034064 063.8308 296.6361 14.08372662248778
FENGYUN 1C DEB
1 31451U 99025BUP 12033.15115218  .00000439  00000-0  28040-3 0  9995
2 31451 098.9454 010.5715 0034179 055.5971 304.8367 14.08375419249198
FENGYUN 1C DEB
1 31451U 99025BUP 12039.75813054  .00000463  00000-0  29437-3 0  9998
2 31451 098.9454 017.1214 0034128 037.8816 322.4916 14.08382552250127
FENGYUN 1C DEB
1 31451U 99025BUP 12041.17897715 +.00000459 +00000-0 +29225-3 0  9993
2 31451 098.9453 018.5295 0034131 033.9454 326.3838 14.08383846250324
FENGYUN 1C DEB
1 31451U 99025BUP 12042.74191141  .00000443  00000-0  28300-3 0  9993
2 31451 098.9463 020.0817 0034129 029.6683 330.6227 14.08384788250546
FENGYUN 1C DEB
1 31451U 99025BUP 12043.87859306 +.00000426 +00000-0 +27318-3 0  9991
2 31451 098.9484 021.2155 0034398 028.2356 332.0468 14.08385255250708
FENGYUN 1C DEB
1 31451U 99025BUP 12045.15735916  .00000415  00000-0  26675-3 0  9997
2 31451 098.9486 022.4830 0034130 024.9795 335.2974 14.08386109250882
FENGYUN 1C DEB
1 31451U 99025BUP 12046.79133254 +.00000390 +00000-0 +25253-3 0  9998
2 31451 098.9496 024.1063 0033886 020.6099 339.6321 14.08386855251116
FENGYUN 1C DEB
1 31451U 99025BUP 12047.78592677  .00000373  00000-0  24263-3 0  9997
2 31451 098.9496 025.0925 0033409 018.0122 342.2206 14.08387219251254
FENGYUN 1C DEB
1 31451U 99025BUP 12048.78051847 +.00000368 +00000-0 +23936-3 0  9997
2 31451 098.9509 026.0801 0033579 015.0329 345.1801 14.08387877251395
FENGYUN 1C DEB
1 31451U 99025BUP 12054.89013880  .00000371  00000-0  24121-3 0  9992
2 31451 098.9502 032.1401 0033721 357.6920 002.4146 14.08393099252257
FENGYUN 1C DEB
1 31451U 99025BUP 12055.17430545 +.00000371 +00000-0 +24121-3 0  9995
2 31451 098.9502 032.4220 0033721 356.8951 003.2004 14.08393335252293
FENGYUN 1C DEB
1 31451U 99025BUP 12057.16347862  .00000373  00000-0  24234-3 0  9992
2 31451 098.9495 034.3930 0033811 350.8060 009.2534 14.08395114252570
FENGYUN 1C DEB
1 31451U 99025BUP 12057.87389607 +.00000366 +00000-0 +23841-3 0  9998
2 31451 098.9496 035.0981 0033789 349.2254 010.8099 14.08395442252675
FENGYUN 1C DEB
1 31451U 99025BUP 12058.15806515 +.00000364 +00000-0 +23741-3 0  9999
2 31451 098.9496 035.3794 0033839 348.2445 011.7918 14.08395617252716
FENGYUN 1C DEB
1 31451U 99025BUP 12060.71556951  .00000354  00000-0  23155-3 0  9998
2 31451 098.9502 037.9167 0034220 340.3301 019.6509 14.08397441253075
FENGYUN 1C DEB
1 31451U 99025BUP 12063.77036293 +.00000389 +00000-0 +25185-3 0  9992
2 31451 098.9496 040.9452 0034373 331.3688 028.5753 14.08400788253502
FENGYUN 1C DEB
1 31451U 99025BUP 12064.76494181 +.00000396 +00000-0 +25589-3 0  9992
2 31451 098.9494 041.9311 0034327 328.5943 031.3219 14.08401861253643
FENGYUN 1C DEB
1 31451U 99025BUP 12065.75952234 +.00000399 +00000-0 +25740-3 0  9992
2 31451 098.9496 042.9182 0034233 326.0027 033.8972 14.08402824253782
FENGYUN 1C DEB
1 31451U 99025BUP 12067.39347574  .00000403  00000-0  25981-3 0  9992
2 31451 098.9509 044.5427 0033873 321.6320 038.2475 14.08404382254018
FENGYUN 1C DEB
1 31451U 99025BUP 12067.74868221 +.00000402 +00000-0 +25960-3 0  9994
2 31451 098.9508 044.8948 0033844 320.6676 039.2030 14.08404689254062
FENGYUN 1C DEB
1 31451U 99025BUP 12068.17493082 +.00000402 +00000-0 +25931-3 0  9999
2 31451 098.9508 045.3176 0033828 319.4957 040.3689 14.08405052254126
FENGYUN 1C DEB
1 31451U 99025BUP 12069.73784133  .00000402  00000-0  25952-3 0  9995
2 31451 098.9506 046.8676 0033812 315.1158 044.7281 14.08406464254342
FENGYUN 1C DEB
1 31451U 99025BUP 12070.16408935 +.00000402 +00000-0 +25948-3 0  9992
2 31451 098.9507 047.2906 0033800 313.9121 045.9257 14.08406838254405
FENGYUN 1C DEB
1 31451U 99025BUP 12072.15324588  .00000401  00000-0  25863-3 0  9999
2 31451 098.9508 049.2638 0033757 308.3972 051.4148 14.08408559254686
FENGYUN 1C DEB
1 31451U 99025BUP 12073.14782380 +.00000401 +00000-0 +25901-3 0  9990
2 31451 098.9507 050.2502 0033758 305.4467 054.3588 14.08409511254820
FENGYUN 1C DEB
1 31451U 99025BUP 12074.71072966  .00000419  00000-0  26901-3 0  9996
2 31451 098.9518 051.8026 0033416 300.7426 059.0638 14.08411533255044
FENGYUN 1C DEB
1 31451U 99025BUP 12075.70530187 +.00000419 +00000-0 +26901-3 0  9990
2 31451 098.9518 052.7893 0033416 297.9538 061.8251 14.08412453255186
FENGYUN 1C DEB
1 31451U 99025BUP 12076.20258962 +.00000432 +00000-0 +27692-3 0  9997
2 31451 098.9528 053.2851 0032733 295.7227 064.0710 14.08413340255258
FENGYUN 1C DEB
1 31451U 99025BUP 12078.19173595  .00000461  00000-0  29376-3 0  9998
2 31451 098.9522 055.2587 0032714 290.4113 069.3613 14.08415914255535
FENGYUN 1C DEB
1 31451U 99025BUP 12079.75463534 +.00000518 +00000-0 +32685-3 0  9996
2 31451 098.9524 056.8098 0032618 287.9280 071.8390 14.08418817255759
FENGYUN 1C DEB
1 31451U 99025BUP 12081.38857264 +.00000528 +00000-0 +33281-3 0  9999
2 31451 098.9530 058.4338 0032261 282.9938 076.7701 14.08420948255983
FENGYUN 1C DEB
1 31451U 99025BUP 12081.38857265  .00000528  00000-0  33281-3 0  9990
2 31451 098.9530 058.4338 0032261 282.9938 076.7701 14.08420948255983
FENGYUN 1C DEB
1 31451U 99025BUP 12082.17001931 +.00000528 +00000-0 +33281-3 0  9999
2 31451 098.9530 059.2091 0032261 280.8026 078.9512 14.08421842256094
FENGYUN 1C DEB
1 31451U 99025BUP 12083.16458901 +.00000523 +00000-0 +32988-3 0  9990
2 31451 098.9530 060.1961 0032159 277.8557 081.8922 14.08422816256238
FENGYUN 1C DEB
1 31451U 99025BUP 12084.72748396  .00000507  00000-0  32033-3 0  9996
2 31451 098.9532 061.7475 0032163 273.0681 086.6689 14.08424029256453
FENGYUN 1C DEB
1 31451U 99025BUP 12086.14829846 +.00000498 +00000-0 +31515-3 0  9997
2 31451 098.9534 063.1579 0031999 268.6560 091.0880 14.08425299256653
FENGYUN 1C DEB
1 31451U 99025BUP 12095.88083264  .00000452  00000-0  28836-3 0  9996
2 31451 098.9558 072.8222 0031571 239.1499 120.5957 14.08433964258025
FENGYUN 1C DEB
1 31451U 99025BUP 12107.88660957  .00000446  00000-0  28456-3 0  9991
2 31451 098.9592 084.7475 0032864 204.7687 155.1542 14.08445031259717
FENGYUN 1C DEB
1 31451U 99025BUP 12108.88117395 +.00000446 +00000-0 +28483-3 0  9995
2 31451 098.9595 085.7353 0033023 201.7340 158.2414 14.08445980259857
FENGYUN 1C DEB
1 31451U 99025BUP 12109.37845264 +.00000444 +00000-0 +28360-3 0  9995
2 31451 098.9602 086.2307 0032918 201.7859 158.1894 14.08446372259923
FENGYUN 1C DEB
1 31451U 99025BUP 12119.18190827  .00000472  00000-0  29980-3 0  9993
2 31451 098.9605 095.9679 0032237 174.9511 185.2193 14.08456741261304
FENGYUN 1C DEB
1 31451U 99025BUP 12119.75021812 +.00000478 +00000-0 +30330-3 0  9990
2 31451 098.9581 096.5269 0033848 172.3936 187.7884 14.08457849261383
FENGYUN 1C DEB
1 31451U 99025BUP 12120.17645071 +.00000479 +00000-0 +30332-3 0  9990
2 31451 098.9582 096.9503 0033815 171.1992 188.9775 14.08458289261440
FENGYUN 1C DEB
1 31451U 99025BUP 12121.17099893  .00000477  00000-0  30265-3 0  9999
2 31451 098.9581 097.9376 0033865 168.3429 191.8520 14.08459294261589
FENGYUN 1C DEB
1 31451U 99025BUP 12122.73385909 +.00000475 +00000-0 +30102-3 0  9996
2 31451 098.9573 099.4873 0033925 163.9065 196.3157 14.08460844261807
FENGYUN 1C DEB
1 31451U 99025BUP 12123.37321101  .00000475  00000-0  30103-3 0  9992
2 31451 098.9584 100.1249 0033689 162.2069 198.0279 14.08461449261894
FENGYUN 1C DEB
1 31451U 99025BUP 12124.15464008 +.00000472 +00000-0 +29948-3 0  9995
2 31451 098.9583 100.9004 0033813 159.8655 200.3826 14.08462174262007
FENGYUN 1C DEB
1 31451U 99025BUP 12127.20931281  .00000472  00000-0  29948-3 0  9996
2 31451 098.9583 103.9333 0033813 151.3016 209.0023 14.08465322262433
FENGYUN 1C DEB
1 31451U 99025BUP 12131.18747896  .00000505  00000-0  31851-3 0  9998
2 31451 098.9587 107.8841 0033718 140.0498 220.3399 14.08470461262990
FENGYUN 1C DEB
1 31451U 99025BUP 12138.78856834  .00000488  00000-0  30863-3 0  9996
2 31451 098.9582 115.4305 0033746 118.6325 241.7970 14.08478085264068
FENGYUN 1C DEB
1 31451U 99025BUP 12139.14376394 +.00000484 +00000-0 +30631-3 0  9994
2 31451 098.9561 115.7805 0033463 116.6712 243.7768 14.08478347264111
FENGYUN 1C DEB
1 31451U 99025BUP 12144.18745472  .00000518  00000-0  32607-3 0  9994
2 31451 098.9549 120.7882 0033495 101.5247 258.9787 14.08484654264824
FENGYUN 1C DEB
1 31451U 99025BUP 12144.75575374 +.00000538 +00000-0 +33745-3 0  9995
2 31451 098.9548 121.3512 0033995 100.5839 259.9301 14.08485898264904
FENGYUN 1C DEB
1 31451U 99025BUP 12146.74480123  .00000536  00000-0  33657-3 0  9993
2 31451 098.9553 123.3269 0034040 095.1647 265.3402 14.08488155265182
FENGYUN 1C DEB
1 31451U 99025BUP 12147.73932544 +.00000530 +00000-0 +33260-3 0  9996
2 31451 098.9557 124.3156 0034087 092.4018 268.1025 14.08489066265325
FENGYUN 1C DEB
1 31451U 99025BUP 12148.16555024 +.00000527 +00000-0 +33088-3 0  9992
2 31451 098.9559 124.7383 0034212 091.3776 269.1292 14.08489449265380
FENGYUN 1C DEB
1 31451U 99025BUP 12155.19822449  .00000520  00000-0  32677-3 0  9997
2 31451 098.9571 131.7291 0035440 071.5141 288.9514 14.08496772266373
FENGYUN 1C DEB
1 31451U 99025BUP 12155.76652659 +.00000520 +00000-0 +32677-3 0  9994
2 31451 098.9571 132.2933 0035439 069.9206 290.5772 14.08497412266459
FENGYUN 1C DEB
1 31451U 99025BUP 12156.19274761 +.00000503 +00000-0 +31693-3 0  9994
2 31451 098.9567 132.7175 0035527 068.2044 292.2698 14.08497285266518
FENGYUN 1C DEB
1 31451U 99025BUP 12158.75007515  .00000488  00000-0  30815-3 0  9996
2 31451 098.9578 135.2605 0035524 060.7134 299.7476 14.08499626266876
FENGYUN 1C DEB
1 31451U 99025BUP 12159.17629729 +.00000479 +00000-0 +30318-3 0  9998
2 31451 098.9638 135.7054 0035538 061.8177 298.6652 14.08499765266935
FENGYUN 1C DEB
1 31451U 99025BUP 12160.73910364 +.00000466 +00000-0 +29558-3 0  9990
2 31451 098.9610 137.2473 0035434 057.3063 303.1498 14.08501057267159
FENGYUN 1C DEB
1 31451U 99025BUP 12161.16532357  .00000428  00000-0  27366-3 0  9993
2 31451 098.9637 137.6735 0035060 057.5016 302.9561 14.08500694267219
FENGYUN 1C DEB
1 31451U 99025BUP 12161.37843291 +.00000429 +00000-0 +27454-3 0  9997
2 31451 098.9626 137.8820 0035006 056.4473 304.0031 14.08500964267247
FENGYUN 1C DEB
1 31451U 99025BUP 12165.71165849  .00000449  00000-0  28583-3 0  9991
2 31451 098.9616 142.1847 0035162 043.8836 316.5235 14.08505719267854
FENGYUN 1C DEB
1 31451U 99025BUP 12166.77720058 +.00000453 +00000-0 +28792-3 0  9994
2 31451 098.9616 143.2430 0035183 040.7553 319.6266 14.08506895268001
FENGYUN 1C DEB
1 31451U 99025BUP 12170.75522395  .00000500  00000-0  31552-3 0  9992
2 31451 098.9602 147.1925 0034976 029.8908 330.4583 14.08512354268560
FENGYUN 1C DEB
1 31451U 99025BUP 12171.89179101 +.00000502 +00000-0 +31669-3 0  9992
2 31451 098.9616 148.3260 0034774 026.7442 333.5525 14.08513664268728
FENGYUN 1C DEB
1 31451U 99025BUP 12172.17593423 +.00000502 +00000-0 +31681-3 0  9995
2 31451 098.9617 148.6081 0034805 026.0006 334.2901 14.08513979268766
FENGYUN 1C DEB
1 31451U 99025BUP 12175.15943673  .00000497  00000-0  31377-3 0  9997
2 31451 098.9608 151.5724 0034520 017.9327 342.3008 14.08517043269183
FENGYUN 1C DEB
1 31451U 99025BUP 12176.72222197 +.00000486 +00000-0 +30723-3 0  9994
2 31451 098.9620 153.1216 0034442 012.7075 347.4877 14.08518318269408
FENGYUN 1C DEB
1 31451U 99025BUP 12177.71672189  .00000480  00000-0  30411-3 0  9992
2 31451 098.9610 154.1077 0034421 009.7081 350.4708 14.08519217269544
FENGYUN 1C DEB
1 31451U 99025BUP 12179.77675282  .00000466  00000-0  29586-3 0  9992
2 31451 098.9573 156.1532 0034476 004.1580 355.9790 14.08521083269830
FENGYUN 1C DEB
1 31451U 99025BUP 12182.76024157  .00000449  00000-0  28601-3 0  9992
2 31451 098.9573 159.1156 0034421 355.9387 004.1358 14.08523570270251
FENGYUN 1C DEB
1 31451U 99025BUP 12183.18644487 +.00000443 +00000-0 +28234-3 0  9999
2 31451 098.9575 159.5388 0034319 355.0548 005.0212 14.08523764270311
FENGYUN 1C DEB
1 31451U 99025BUP 12184.74922313 +.00000427 +00000-0 +27313-3 0  9998
2 31451 098.9576 161.0910 0034311 350.7484 009.2893 14.08524714270535
FENGYUN 1C DEB
1 31451U 99025BUP 12185.88579073 +.00000389 +00000-0 +25119-3 0  9994
2 31451 098.9608 162.2301 0033678 349.9231 010.0866 14.08524400270692
FENGYUN 1C DEB
1 31451U 99025BUP 12187.73271739 +.00000371 +00000-0 +24066-3 0  9999
2 31451 098.9629 164.0665 0033470 344.6779 015.3348 14.08525439270952
FENGYUN 1C DEB
1 31451U 99025BUP 12188.15892952  .00000369  00000-0  23945-3 0  9994
2 31451 098.9629 164.4898 0033419 343.4748 016.5314 14.08525721271018
FENGYUN 1C DEB
1 31451U 99025BUP 12189.15342327 +.00000360 +00000-0 +23445-3 0  9997
2 31451 098.9623 165.4770 0033303 340.7525 019.2336 14.08526304271154
FENGYUN 1C DEB
1 31451U 99025BUP 12193.77070952  .00000329  00000-0  21670-3 0  9995
2 31451 098.9630 170.0679 0033113 328.4319 031.4662 14.08529126271800
FENGYUN 1C DEB
1 31451U 99025BUP 12194.76520493 +.00000333 +00000-0 +21912-3 0  9999
2 31451 098.9624 171.0547 0033069 325.7197 034.1869 14.08530031271943
FENGYUN 1C DEB
1 31451U 99025BUP 12196.39901069  .00000341  00000-0  22350-3 0  9998
2 31451 098.9621 172.6776 0033037 321.1651 038.7190 14.08531495272179
FENGYUN 1C DEB
1 31451U 99025BUP 12196.75418488 +.00000344 +00000-0 +22503-3 0  9999
2 31451 098.9618 173.0297 0033088 320.1545 039.7218 14.08531867272226
FENGYUN 1C DEB
1 31451U 99025BUP 12198.74316380  .00000350  00000-0  22848-3 0  9997
2 31451 098.9617 175.0050 0033243 314.5436 045.3055 14.08533589272509
FENGYUN 1C DEB
1 31451U 99025BUP 12200.73214051 +.00000346 +00000-0 +22637-3 0  9993
2 31451 098.9618 176.9809 0033145 309.0285 050.7889 14.08535014272784
FENGYUN 1C DEB
1 31451U 99025BUP 12201.15835069  .00000342  00000-0  22413-3 0  9996
2 31451 098.9618 177.4047 0033009 307.8239 051.9917 14.08535227272846
FENGYUN 1C DEB
1 31451U 99025BUP 12201.79766505 +.00000339 +00000-0 +22243-3 0  9991
2 31451 098.9618 178.0398 0032892 306.0608 053.7492 14.08535633272931
FENGYUN 1C DEB
1 31451U 99025BUP 12204.71009332  .00000344  00000-0  22529-3 0  9997
2 31451 098.9618 180.9344 0032676 297.7597 062.0293 14.08538016273343
FENGYUN 1C DEB
1 31451U 99025BUP 12206.77010040  .00000346  00000-0  22648-3 0  9997
2 31451 098.9620 182.9815 0032735 291.9836 067.7876 14.08539680273638
FENGYUN 1C DEB
1 31451U 99025BUP 12209.18527926  .00000354  00000-0  23105-3 0  9999
2 31451 098.9621 185.3815 0032631 285.4168 074.3391 14.08541730273979
FENGYUN 1C DEB
1 31451U 99025BUP 12210.74804104 +.00000342 +00000-0 +22407-3 0  9990
2 31451 098.9621 186.9340 0032674 281.1498 078.5869 14.08542528274192
FENGYUN 1C DEB
1 31451U 99025BUP 12211.17425130 +.00000340 +00000-0 +22305-3 0  9991
2 31451 098.9632 187.3616 0032451 279.9571 079.7893 14.08542742274250
FENGYUN 1C DEB
1 31451U 99025BUP 12212.16873657  .00000335  00000-0  22033-3 0  9994
2 31451 098.9631 188.3489 0032500 277.0289 082.7160 14.08543362274393
FENGYUN 1C DEB
1 31451U 99025BUP 12214.15770499 +.00000311 +00000-0 +20623-3 0  9992
2 31451 098.9628 190.3234 0032654 270.5227 089.2102 14.08544146274670
FENGYUN 1C DEB
1 31451U 99025BUP 12219.76943397  .00000273  00000-0  18434-3 0  9997
2 31451 098.9633 195.9011 0032414 253.5496 106.1871 14.08546956275464
FENGYUN 1C DEB
1 31451U 99025BUP 12220.90599078 +.00000278 +00000-0 +18734-3 0  9996
2 31451 098.9671 197.0375 0032280 249.2219 110.5570 14.08547766275621
FENGYUN 1C DEB
1 31451U 99025BUP 12222.18460981  .00000280  00000-0  18821-3 0  9998
2 31451 098.9673 198.3090 0032246 245.7041 114.0773 14.08548648275801
FENGYUN 1C DEB
1 31451U 99025BUP 12223.74736727 +.00000285 +00000-0 +19118-3 0  9990
2 31451 098.9671 199.8622 0031997 240.6448 119.1580 14.08549863276020
FENGYUN 1C DEB
1 31451U 99025BUP 12224.74184786  .00000290  00000-0  19381-3 0  9991
2 31451 098.9671 200.8514 0031800 237.4164 122.3950 14.08550642276164
FENGYUN 1C DEB
1 31451U 99025BUP 12226.16253500 +.00000289 +00000-0 +19329-3 0  9990
2 31451 098.9672 202.2644 0031778 233.5813 126.2435 14.08551592276365
FENGYUN 1C DEB
1 31451U 99025BUP 12227.15701562  .00000294  00000-0  19641-3 0  9999
2 31451 098.9669 203.2547 0031619 230.5181 129.3203 14.08552399276502
FENGYUN 1C DEB
1 31451U 99025BUP 12234.18940458  .00000338  00000-0  22177-3 0  9996
2 31451 098.9656 210.2412 0032169 210.7244 149.2560 14.08558863277496
FENGYUN 1C DEB
1 31451U 99025BUP 12237.74109447  .00000347  00000-0  22661-3 0  9994
2 31451 098.9667 213.7754 0031846 201.0234 158.9597 14.08561700277994
FENGYUN 1C DEB
1 31451U 99025BUP 12238.73557065 +.00000341 +00000-0 +22340-3 0  9995
2 31451 098.9671 214.7651 0031784 197.9633 162.0360 14.08562225278137
FENGYUN 1C DEB
1 31451U 99025BUP 12239.73004623 +.00000337 +00000-0 +22093-3 0  9993
2 31451 098.9676 215.7549 0031765 194.9637 165.0544 14.08562821278273
FENGYUN 1C DEB
1 31451U 99025BUP 12240.15625049  .00000335  00000-0  21963-3 0  9995
2 31451 098.9679 216.1795 0031731 193.3786 166.6499 14.08563037278338
FENGYUN 1C DEB
1 31451U 99025BUP 12245.76791925  .00000342  00000-0  22410-3 0  9990
2 31451 098.9681 221.7583 0031982 177.4963 182.6467 14.08567578279121
FENGYUN 1C DEB
1 31451U 99025BUP 12246.76238823 +.00000352 +00000-0 +22949-3 0  9992
2 31451 098.9675 222.7455 0031952 174.7815 185.3760 14.08568664279264
FENGYUN 1C DEB
1 31451U 99025BUP 12247.89892090 +.00000356 +00000-0 +23177-3 0  9997
2 31451 098.9680 223.8773 0032102 172.5980 187.5668 14.08569804279428
FENGYUN 1C DEB
1 31451U 99025BUP 12251.16646050 +.00000365 +00000-0 +23730-3 0  9990
2 31451 098.9698 227.1283 0032617 162.8404 197.3922 14.08572633279880
FENGYUN 1C DEB
1 31451U 99025BUP 12252.72919316 +.00000372 +00000-0 +24120-3 0  9993
2 31451 098.9705 228.6841 0033182 157.7845 202.4811 14.08574115280104
FENGYUN 1C DEB
1 31451U 99025BUP 12253.36849201 +.00000373 +00000-0 +24165-3 0  9999
2 31451 098.9703 229.3189 0033415 155.8521 204.4231 14.08574675280192
FENGYUN 1C DEB
1 31451U 99025BUP 12259.40630822  .00000482  00000-0  30475-3 0  9999
2 31451 098.9723 235.3248 0033838 140.0047 220.4372 14.08582802281045
FENGYUN 1C DEB
1 31451U 99025BUP 12260.75591645 +.00000486 +00000-0 +30698-3 0  9999
2 31451 098.9720 236.6663 0033780 136.2650 224.1240 14.08584363281230
FENGYUN 1C DEB
1 31451U 99025BUP 12261.18211211 +.00000485 +00000-0 +30651-3 0  9993
2 31451 098.9727 237.0935 0033830 135.0393 225.3518 14.08584766281295
FENGYUN 1C DEB
1 31451U 99025BUP 12264.37857994  .00000467  00000-0  29581-3 0  9991
2 31451 098.9731 240.2751 0033119 125.9769 234.4357 14.08587563281747
FENGYUN 1C DEB
1 31451U 99025BUP 12265.79923399 +.00000453 +00000-0 +28798-3 0  9995
2 31451 098.9734 241.6896 0032888 121.9817 238.4529 14.08588537281946
FENGYUN 1C DEB
1 31451U 99025BUP 12267.71710974  .00000430  00000-0  27434-3 0  9993
2 31451 098.9725 243.5946 0033197 116.8295 243.5990 14.08589529282212
FENGYUN 1C DEB
1 31451U 99025BUP 12271.19769818  .00000387  00000-0  24945-3 0  9996
2 31451 098.9732 247.0570 0033410 107.7248 252.7439 14.08591746282705
FENGYUN 1C DEB
1 31451U 99025BUP 12273.18660241 +.00000391 +00000-0 +25214-3 0  9992
2 31451 098.9731 249.0356 0033328 102.1124 258.3827 14.08593624282988
FENGYUN 1C DEB
1 31451U 99025BUP 12274.18105103  .00000397  00000-0  25559-3 0  9992
2 31451 098.9731 250.0250 0033247 099.2807 261.2185 14.08594706283126
FENGYUN 1C DEB
1 31451U 99025BUP 12274.46517808 +.00000414 +00000-0 +26523-3 0  9994
2 31451 098.9721 250.3052 0033281 098.5561 261.9529 14.08595568283165
FENGYUN 1C DEB
1 31451U 99025BUP 12276.73819776  .00000426  00000-0  27213-3 0  9995
2 31451 098.9720 252.5657 0033334 092.4144 268.0997 14.08598156283486
FENGYUN 1C DEB
1 31451U 99025BUP 12278.72708524  .00000456  00000-0  28966-3 0  9993
2 31451 098.9751 254.5485 0034324 089.6135 270.9224 14.08600917283764
FENGYUN 1C DEB
1 31451U 99025BUP 12282.77588025  .00000510  00000-0  32056-3 0  9991
2 31451 098.9730 258.5742 0033825 078.3729 282.1660 14.08606617284336
FENGYUN 1C DEB
1 31451U 99025BUP 12285.75918522  .00000600  00000-0  37249-3 0  9990
2 31451 098.9709 261.5379 0033824 066.7322 293.7792 14.08612479284754
FENGYUN 1C DEB
1 31451U 99025BUP 12286.75361288 +.00000594 +00000-0 +36923-3 0  9992
2 31451 098.9721 262.5303 0034083 064.3491 296.1192 14.08613528284897
FENGYUN 1C DEB
1 31451U 99025BUP 12287.89010761  .00000586  00000-0  36456-3 0  9997
2 31451 098.9732 263.6642 0034396 061.7155 298.7379 14.08614667285051
FENGYUN 1C DEB
1 31451U 99025BUP 12288.74247991 +.00000586 +00000-0 +36456-3 0  9999
2 31451 098.9732 264.5121 0034395 059.3261 301.1291 14.08615739285179
FENGYUN 1C DEB
1 31451U 99025BUP 12290.16309543  .00000579  00000-0  36076-3 0  9990
2 31451 098.9727 265.9238 0034242 055.3630 305.0684 14.08617261285377
FENGYUN 1C DEB
1 31451U 99025BUP 12293.71462732  .00000579  00000-0  36076-3 0  9994
2 31451 098.9727 269.4565 0034241 045.4072 314.9882 14.08621683285875
FENGYUN 1C DEB
1 31451U 99025BUP 12297.19511470  .00000547  00000-0  34211-3 0  9998
2 31451 098.9780 272.9301 0034076 037.8525 322.4667 14.08624635286365
FENGYUN 1C DEB
1 31451U 99025BUP 12298.75778589 +.00000568 +00000-0 +35401-3 0  9992
2 31451 098.9796 274.4892 0034142 034.8053 325.5497 14.08627242286587
FENGYUN 1C DEB
1 31451U 99025BUP 12298.89984311  .00000579  00000-0  36088-3 0  9993
2 31451 098.9767 274.6231 0033962 031.9954 328.3483 14.08628037286603
FENGYUN 1C DEB
1 31451U 99025BUP 12301.17280011  .00000579  00000-0  36088-3 0  9995
2 31451 098.9767 276.8850 0033962 025.6242 334.6601 14.08630869286927
FENGYUN 1C DEB
1 31451U 99025BUP 12304.72428693  .00000636  00000-0  39356-3 0  9994
2 31451 098.9794 280.4251 0033878 016.9507 343.3033 14.08637215287420
FENGYUN 1C DEB
1 31451U 99025BUP 12309.76736762  .00000750  00000-0  45940-3 0  9995
2 31451 098.9785 285.4446 0034127 001.8535 358.3221 14.08647443288131
FENGYUN 1C DEB
1 31451U 99025BUP 12312.18234441  .00000734  00000-0  44990-3 0  9998
2 31451 098.9785 287.8480 0034071 355.2351 004.8359 14.08650747288478
FENGYUN 1C DEB
1 31451U 99025BUP 12313.74498614  .00000690  00000-0  42451-3 0  9996
2 31451 098.9793 289.4052 0034292 351.3127 008.7079 14.08651401288697
FENGYUN 1C DEB
1 31451U 99025BUP 12316.15997536  .00000660  00000-0  40742-3 0  9999
2 31451 098.9787 291.8078 0034227 344.9562 015.0369 14.08653866289033
FENGYUN 1C DEB
1 31451U 99025BUP 12318.14878932  .00000606  00000-0  37611-3 0  9999
2 31451 098.9786 293.7880 0034818 339.5358 020.4203 14.08654879289316
FENGYUN 1C DEB
1 31451U 99025BUP 12325.74884812  .00000505  00000-0  31766-3 0  9990
2 31451 098.9804 301.3561 0033444 317.2242 042.5931 14.08661557290381
FENGYUN 1C DEB
1 31451U 99025BUP 12328.16382158  .00000603  00000-0  37446-3 0  9995
2 31451 098.9781 303.7548 0034730 311.0537 048.8663 14.08667983290722
FENGYUN 1C DEB
1 31451U 99025BUP 12329.72641435  .00000650  00000-0  40159-3 0  9991
2 31451 098.9790 305.3107 0034486 306.1318 053.6929 14.08671725290943
FENGYUN 1C DEB
1 31451U 99025BUP 12330.15257688 +.00000653 +00000-0 +40321-3 0  9997
2 31451 098.9787 305.7339 0034708 304.9784 054.8153 14.08672431291005
FENGYUN 1C DEB
1 31451U 99025BUP 12335.19555016  .00000698  00000-0  42944-3 0  9994
2 31451 098.9791 310.7580 0034020 291.1095 068.6643 14.08680737291716
FENGYUN 1C DEB
1 31451U 99025BUP 12336.18993194  .00000791  00000-0  48330-3 0  9996
2 31451 098.9801 311.7522 0033210 288.2865 071.5050 14.08684506291855
FENGYUN 1C DEB
1 31451U 99025BUP 12338.74691441  .00000765  00000-0  46779-3 0  9996
2 31451 098.9797 314.2971 0033428 281.6435 078.0984 14.08687817292213
FENGYUN 1C DEB
1 31451U 99025BUP 12341.87210977  .00000734  00000-0  45004-3 0  9991
2 31451 098.9799 317.4146 0033886 274.1867 085.5022 14.08691678292652
FENGYUN 1C DEB
1 31451U 99025BUP 12348.19351248  .00000539  00000-0  33751-3 0  9999
2 31451 098.9804 323.7072 0031142 251.5774 107.9559 14.08693823293543
FENGYUN 1C DEB
1 31451U 99025BUP 12350.18231832  .00000328  00000-0  21554-3 0  9991
2 31451 098.9824 325.6924 0032703 249.3775 110.3271 14.08691186293822
FENGYUN 1C DEB
1 31451U 99025BUP 12357.78223413  .00000341  00000-0  22307-3 0  9992
2 31451 098.9825 333.2620 0032443 227.4849 132.3680 14.08697365294892
FENGYUN 1C DEB
1 31451U 99025BUP 12362.75411796  .00000420  00000-0  26852-3 0  9995
2 31451 098.9866 338.2237 0032442 211.3378 148.6045 14.08702535295593
FENGYUN 1C DEB
1 31451U 99025BUP 12365.16902416  .00000363  00000-0  23555-3 0  9990
2 31451 098.9825 340.6175 0032554 206.3542 153.5919 14.08703868295930
FENGYUN 1C DEB
1 31451U 99025BUP 13002.15214816  .00000344  00000-0  22465-3 0  9996
2 31451 098.9828 343.5888 0032348 196.6894 163.3055 14.08705554296359
FENGYUN 1C DEB
1 31451U 99025BUP 13007.40811806  .00000377  00000-0  24350-3 0  9992
2 31451 098.9849 348.8325 0032151 178.7717 181.3530 14.08710373297098
FENGYUN 1C DEB
1 31451U 99025BUP 13009.89404130  .00000383  00000-0  24685-3 0  9993
2 31451 098.9844 351.3071 0032099 171.8997 188.2730 14.08712685297440
FENGYUN 1C DEB
1 31451U 99025BUP 13012.16688149  .00000378  00000-0  24423-3 0  9995
2 31451 098.9846 353.5716 0032175 165.6792 194.5284 14.08714468297761
FENGYUN 1C DEB
1 31451U 99025BUP 13016.71255355  .00000408  00000-0  26115-3 0  9993
2 31451 098.9862 358.1013 0032808 153.5518 206.7598 14.08719135298407
FENGYUN 1C DEB
1 31451U 99025BUP 13018.91435175  .00000408  00000-0  26155-3 0  9991
2 31451 098.9863 000.2949 0032820 147.4750 212.8465 14.08721155298715
FENGYUN 1C DEB
1 31451U 99025BUP 13020.40589073  .00000459  00000-0  29050-3 0  9998
2 31451 098.9874 001.7824 0033622 143.9151 216.4457 14.08723810298926
FENGYUN 1C DEB
1 31451U 99025BUP 13023.17588659  .00000458  00000-0  28996-3 0  9991
2 31451 098.9880 004.5443 0033732 136.4698 223.9136 14.08726586299310
FENGYUN 1C DEB
1 31451U 99025BUP 13025.80383113  .00000441  00000-0  28039-3 0  9991
2 31451 098.9886 007.1630 0034082 129.6891 230.7272 14.08728646299687
FENGYUN 1C DEB
1 31451U 99025BUP 13031.76995270  .00000419  00000-0  26747-3 0  9995
2 31451 098.9886 013.1090 0034172 113.4291 247.0295 14.08733678300522
FENGYUN 1C DEB
1 31451U 99025BUP 13031.76999553 -.00000012  00000-0  00000+0 0  9993
2 31451 098.9898 013.1115 0034397 112.6026 247.9264 14.08724621300522
FENGYUN 1C DEB
1 31451U 99025BUP 13037.16785273  .00000389  00000-0  25039-3 0  9994
2 31451 098.9883 018.4875 0034337 098.4384 262.0263 14.08737470301286
FENGYUN 1C DEB
1 31451U 99025BUP 13040.79012797  .00000344  00000-0  22402-3 0  9993
2 31451 098.9873 022.0948 0033855 087.7185 272.7608 14.08738974301798
FENGYUN 1C DEB
1 31451U 99025BUP 13044.76751201  .00000317  00000-0  20874-3 0  9995
2 31451 098.9884 026.0628 0034468 076.6337 283.8477 14.08741216302359
FENGYUN 1C DEB
1 31451U 99025BUP 13050.73356724  .00000296  00000-0  19670-3 0  9998
2 31451 098.9904 032.0164 0034549 060.6530 299.7980 14.08744826303190
FENGYUN 1C DEB
1 31451U 99025BUP 13057.19676581  .00000338  00000-0  22076-3 0  9992
2 31451 098.9923 038.4602 0034297 043.0590 317.3440 14.08750438304105
FENGYUN 1C DEB
1 31451U 99025BUP 13060.19242021  .00000547  00000-0  34134-3 0  9994
2 31451 098.9932 041.4528 0034106 035.4962 028.9938 14.08750593304528
FENGYUN 1C DEB
1 31451U 99025BUP 13062.41258206  .00000381  00000-0  24548-3 0  9997
2 31451 098.9930 043.6668 0033979 029.4736 128.3558 14.08755063304838
FENGYUN 1C DEB
1 31451U 99025BUP 13065.74419245  .00000229  00000-0  15816-3 0  9997
2 31451 098.9936 046.9896 0033836 020.2551 104.5679 14.08758918305304
FENGYUN 1C DEB
1 31451U 99025BUP 13067.80250211  .00000366  00000-0  23703-3 0  9998
2 31451 098.9945 049.0431 0033760 014.4883 103.3549 14.08759533305590
FENGYUN 1C DEB
1 31451U 99025BUP 13070.20721219  .00000602  00000-0  37295-3 0  9991
2 31451 098.9948 051.4422 0033598 007.7666 058.9220 14.08760050305938
FENGYUN 1C DEB
1 31451U 99025BUP 13074.18375094  .00000622  00000-0  38502-3 0  9992
2 31451 098.9951 055.4094 0033341 356.4253 066.3181 14.08766331306492
FENGYUN 1C DEB
1 31451U 99025BUP 13077.46722433  .00000260  00000-0  17607-3 0  9990
2 31451 098.9954 058.6845 0033131 347.5739 158.3143 14.08772136306952
FENGYUN 1C DEB
1 31451U 99025BUP 13081.79422635  .00000462  00000-0  29236-3 0  9997
2 31451 098.9963 063.0018 0032892 335.2995 143.2335 14.08774549307569
FENGYUN 1C DEB
1 31451U 99025BUP 13084.19847491  .00000603  00000-0  37371-3 0  9991
2 31451 098.9960 065.4005 0032581 328.6629 096.5037 14.08775558307901
FENGYUN 1C DEB
1 31451U 99025BUP 13087.18078883  .00000461  00000-0  29173-3 0  9997
2 31451 098.9975 068.3758 0032638 319.9600 101.9335 14.08779627308329
FENGYUN 1C DEB
1 31451U 99025BUP 13096.89861321  .00000452  00000-0  28706-3 0  9993
2 31451 098.9969 078.0708 0031777 293.8803 065.9229 14.08789245309681
FENGYUN 1C DEB
1 31451U 99025BUP 13100.24907273  .00000643  00000-0  39687-3 0  9997
2 31451 098.9979 081.4183 0032028 281.9440 140.7908 14.08794082310168
FENGYUN 1C DEB
1 31451U 99025BUP 13131.44528030  .00000537  00000-0  33522-3 0  9997
2 31451 099.0000 112.5637 0033069 190.9470 322.7361 14.08826829314550
FENGYUN 1C DEB
1 31451U 99025BUP 13136.88354199  .00000524  00000-0  32790-3 0  9995
2 31451 099.0025 117.9854 0031884 175.9430 184.2138 14.08834370315317
FENGYUN 1C DEB
1 31451U 99025BUP 13136.89009505  .00000579  00000-0  35965-3 0  9991
2 31451 098.9990 117.9945 0033614 176.5700 216.7944 14.08835692315322
FENGYUN 1C DEB
1 31451U 99025BUP 13144.44140927  .00000717  00000-0  43855-3 0  9996
2 31451 099.0002 125.5352 0034081 155.8018 355.3584 14.08843220316389
FENGYUN 1C DEB
1 31451U 99025BUP 13148.41857184  .00000476  00000-0  30002-3 0  9999
2 31451 098.9991 129.5064 0034068 144.8451 006.7052 14.08848876316943
FENGYUN 1C DEB
1 31451U 99025BUP 13150.47702381  .00000242  00000-0  16521-3 0  9997
2 31451 098.9997 131.5625 0034178 139.1839 006.7622 14.08852163317234
FENGYUN 1C DEB
1 31451U 99025BUP 13151.54281159  .00000220  00000-0  15255-3 0  9990
2 31451 098.9972 132.6261 0035369 136.2867 012.2195 14.08854239317386
FENGYUN 1C DEB
1 31451U 99025BUP 13156.44491815  .00000380  00000-0  24430-3 0  9998
2 31451 099.0019 137.5230 0034315 123.0083 034.6461 14.08855103318076
FENGYUN 1C DEB
1 31451U 99025BUP 13160.88809584  .00000495  00000-0  31068-3 0  9999
2 31451 099.0005 141.9524 0034545 108.4684 252.0253 14.08861453318705
FENGYUN 1C DEB
1 31451U 99025BUP 13163.82277903  .00000124  00000-0  97273-4 0  9990
2 31451 099.0010 144.8886 0034902 103.0270 013.6668 14.08865283319115
FENGYUN 1C DEB
1 31451U 99025BUP 13172.42334455  .00000456  00000-0  28827-3 0  9998
2 31451 099.0018 153.4780 0034775 079.7219 074.2461 14.08871007320322
FENGYUN 1C DEB
1 31451U 99025BUP 13175.47547425  .00000219  00000-0  15185-3 0  9999
2 31451 099.0021 156.5260 0034755 071.5094 074.1164 14.08876693320754
FENGYUN 1C DEB
1 31451U 99025BUP 13181.92021025  .00000446  00000-0  28242-3 0  9999
2 31451 099.0022 162.9628 0034515 054.1144 000.9041 14.08878426321669
FENGYUN 1C DEB
1 31451U 99025BUP 13184.89853978  .00000362  00000-0  23415-3 0  9992
2 31451 099.0031 165.9376 0034385 046.2958 346.3626 14.08882666322086
FENGYUN 1C DEB
1 31451U 99025BUP 13200.47361831  .00000117  00000-0  93250-4 0  9990
2 31451 099.0053 181.4981 0033359 003.2207 142.6102 14.08899749324274
FENGYUN 1C DEB
1 31451U 99025BUP 13206.20820839  .00000445  00000-0  28222-3 0  9995
2 31451 099.0053 187.2252 0033327 346.4469 069.3176 14.08897947325080
FENGYUN 1C DEB
1 31451U 99025BUP 13206.90738731  .00000229  00000-0  13187-3 0  9995
2 31451 099.0017 187.9148 0033815 344.6871 015.3741 14.08900414325184
FENGYUN 1C DEB
1 31451U 99025BUP 13208.42909469  .00000451  00000-0  28529-3 0  9995
2 31451 099.0045 189.4419 0032842 340.6980 173.2663 14.08900869325393
FENGYUN 1C DEB
1 31451U 99025BUP 13213.16832296  .00000174  00000-0  12633-3 0  9996
2 31451 099.0047 194.1771 0032472 327.1582 091.1322 14.08907771326060
FENGYUN 1C DEB
1 31451U 99025BUP 13216.15145992  .00000290  00000-0  19297-3 0  9990
2 31451 099.0055 197.1573 0032632 318.4946 102.1096 14.08907760326482
FENGYUN 1C DEB
1 31451U 99025BUP 13219.43619817  .00000493  00000-0  31005-3 0  9992
2 31451 099.0070 200.4424 0032225 308.9493 202.8842 14.08908719326944
FENGYUN 1C DEB
1 31451U 99025BUP 13225.17000160  .00000148  00000-0  11137-3 0  9996
2 31451 099.0074 206.1713 0032422 292.4398 125.6223 14.08915574327754
FENGYUN 1C DEB
1 31451U 99025BUP 13231.43793325  .00000509  00000-0  31890-3 0  9993
2 31451 099.0074 212.4341 0031966 273.9492 238.1334 14.08917646328635
FENGYUN 1C DEB
1 31451U 99025BUP 13235.18304519  .00000381  00000-0  24508-3 0  9998
2 31451 099.0083 216.1764 0031993 263.0946 154.1022 14.08923610329167
FENGYUN 1C DEB
1 31451U 99025BUP 13237.75260613  .00000203  00000-0  14266-3 0  9992
2 31451 099.0081 218.7447 0032006 255.5778 227.5553 14.08927344329528
FENGYUN 1C DEB
1 31451U 99025BUP 13240.15475931  .00000267  00000-0  17937-3 0  9999
2 31451 099.0075 221.1457 0032084 248.5045 171.9522 14.08927656329866
FENGYUN 1C DEB
1 31451U 99025BUP 13242.21381025  .00000441  00000-0  27990-3 0  9992
2 31451 099.0082 223.2033 0032161 242.5640 175.9213 14.08926811330155
FENGYUN 1C DEB
1 31451U 99025BUP 13244.78280330  .00000490  00000-0  30809-3 0  9990
2 31451 099.0090 225.7712 0032247 235.1525 246.4275 14.08928667330513
FENGYUN 1C DEB
1 31451U 99025BUP 13248.75993214  .00000136  00000-0  10422-3 0  9999
2 31451 099.0101 229.7465 0032385 223.6938 259.3238 14.08934394331076
FENGYUN 1C DEB
1 31451U 99025BUP 13251.16193407  .00000112  00000-0  90138-4 0  9991
2 31451 099.0102 232.1474 0032516 216.7073 202.9262 14.08934917331414
FENGYUN 1C DEB
1 31451U 99025BUP 13253.73136693  .00000325  00000-0  21301-3 0  9991
2 31451 099.0104 234.7163 0032667 209.4332 275.5975 14.08933952331777
FENGYUN 1C DEB
1 31451U 99025BUP 13255.78942137  .00000467  00000-0  29445-3 0  9990
2 31451 099.0106 236.7738 0032779 203.5749 274.4834 14.08934443332061
FENGYUN 1C DEB
1 31451U 99025BUP 13258.19178439  .00000341  00000-0  22213-3 0  9991
2 31451 099.0111 239.1756 0032899 196.7073 219.8042 14.08937614332405
FENGYUN 1C DEB
1 31451U 99025BUP 13260.76134495  .00000114  00000-0  91147-4 0  9992
2 31451 099.0117 241.7444 0033035 189.3989 293.1730 14.08941466332769
FENGYUN 1C DEB
1 31451U 99025BUP 13263.16364704  .00000082  00000-0  72894-4 0  9999
2 31451 099.0123 244.1461 0033164 182.6520 238.1202 14.08942600333105
FENGYUN 1C DEB
1 31451U 99025BUP 13265.73277897  .00000360  00000-0  23302-3 0  9998
2 31451 099.0125 246.7148 0033331 175.4562 309.2604 14.08941727333463
FENGYUN 1C DEB
1 31451U 99025BUP 13268.78555735  .00000532  00000-0  33162-3 0  9992
2 31451 099.0127 249.7673 0033504 166.9605 313.4911 14.08943708333892
FENGYUN 1C DEB
1 31451U 99025BUP 13270.89813912  .00000429  00000-0  27262-3 0  9990
2 31451 099.0128 251.8797 0033620 161.0512 228.9142 14.08947411334191
FENGYUN 1C DEB
1 31451U 99025BUP 13273.75714241  .00000136  00000-0  10397-3 0  9999
2 31451 099.0133 254.7383 0033776 153.1014 330.3233 14.08951886334595
FENGYUN 1C DEB
1 31451U 99025BUP 13276.73995567  .00000235  00000-0  16106-3 0  9996
2 31451 099.0140 257.7208 0033899 144.9049 339.6729 14.08952560335014
FENGYUN 1C DEB
1 31451U 99025BUP 13281.20086869  .00000587  00000-0  36324-3 0  9994
2 31451 099.0146 262.1820 0034084 132.6650 286.1999 14.08953640335643
FENGYUN 1C DEB
1 31451U 99025BUP 13283.76990747  .00000383  00000-0  24578-3 0  9998
2 31451 099.0146 264.7514 0034199 125.5989 356.8392 14.08960136336005
FENGYUN 1C DEB
1 31451U 99025BUP 13286.17142558  .00000224  00000-0  15459-3 0  9997
2 31451 099.0148 267.1532 0034276 119.0049 297.8174 14.08963617336341
FENGYUN 1C DEB
1 31451U 99025BUP 13289.15484148  .00000467  00000-0  29380-3 0  9999
2 31451 099.0154 270.1368 0034335 110.8951 310.2640 14.08965651336760
FENGYUN 1C DEB
1 31451U 99025BUP 13291.21320781  .00000684  00000-0  41846-3 0  9993
2 31451 099.0160 272.1953 0034351 105.3188 310.6851 14.08965895337059
FENGYUN 1C DEB
1 31451U 99025BUP 13293.78244336  .00000805  00000-0  48834-3 0  9997
2 31451 099.0165 274.7650 0034390 098.3389 022.3575 14.08969398337415
FENGYUN 1C DEB
1 31451U 99025BUP 13296.76539473  .00000509  00000-0  31805-3 0  9998
2 31451 099.0165 277.7489 0034412 090.2293 032.5163 14.08976801337837
FENGYUN 1C DEB
1 31451U 99025BUP 13299.16714413  .00000460  00000-0  28993-3 0  9994
2 31451 099.0164 280.1515 0034429 083.6847 334.7665 14.08978688338170
FENGYUN 1C DEB
1 31451U 99025BUP 13301.73658829  .00000566  00000-0  35056-3 0  9994
2 31451 099.0166 282.7217 0034402 076.6957 047.6253 14.08981976338531
FENGYUN 1C DEB
1 31451U 99025BUP 13303.92001721  .00001055  00000-0  63186-3 0  9999
2 31451 099.0171 284.9056 0034367 070.7379 322.5588 14.08983631338845
FENGYUN 1C DEB
1 31451U 99025BUP 13306.19707412  .00000911  00000-0  54920-3 0  9997
2 31451 099.0178 287.1832 0034325 064.5350 352.4067 14.08987781339163
FENGYUN 1C DEB
1 31451U 99025BUP 13309.17974715  .00000656  00000-0  40233-3 0  9998
2 31451 099.0182 290.1670 0034296 056.3975 001.3870 14.08995080339580
FENGYUN 1C DEB
1 31451U 99025BUP 13313.80716559  .00000653  00000-0  40078-3 0  9997
2 31451 099.0180 294.7969 0034164 043.7168 073.1898 14.09000757340237
FENGYUN 1C DEB
1 31451U 99025BUP 13316.14004751  .00000898  00000-0  54136-3 0  9992
2 31451 099.0182 297.1308 0034063 037.3023 026.4079 14.09005047340565
FENGYUN 1C DEB
1 31451U 99025BUP 13318.19787159  .00000922  00000-0  55552-3 0  9990
2 31451 099.0186 299.1895 0034025 031.6663 024.4344 14.09008908340851
FENGYUN 1C DEB
1 31451U 99025BUP 13321.18083512  .00000907  00000-0  54664-3 0  9991
2 31451 099.0194 302.1736 0033885 023.4357 035.2196 14.09020277341276
FENGYUN 1C DEB
1 31451U 99025BUP 13323.81978134  .00000887  00000-0  53489-3 0  9997
2 31451 099.0197 304.8143 0033771 016.1345 101.1283 14.09025713341641
FENGYUN 1C DEB
1 31451U 99025BUP 13326.22237449  .00001086  00000-0  64951-3 0  9990
2 31451 099.0197 307.2186 0033632 009.4366 048.2478 14.09027893341984
FENGYUN 1C DEB
1 31451U 99025BUP 13328.79091703  .00001199  00000-0  71420-3 0  9999
2 31451 099.0196 309.7890 0033494 002.2220 117.2250 14.09030861342343
FENGYUN 1C DEB
1 31451U 99025BUP 13331.19283656  .00000761  00000-0  46303-3 0  9993
2 31451 099.0199 312.1924 0033418 355.5521 060.9441 14.09035888342683
FENGYUN 1C DEB
1 31451U 99025BUP 13334.17518667  .00000540  00000-0  33572-3 0  9996
2 31451 099.0205 315.1765 0033291 347.2347 068.9767 14.09041539343107
FENGYUN 1C DEB
1 31451U 99025BUP 13336.74502434  .00000431  00000-0  27313-3 0  9991
2 31451 099.0211 317.7483 0033186 339.9536 144.6971 14.09044888343468
FENGYUN 1C DEB
1 31451U 99025BUP 13339.21886844  .00000728  00000-0  44388-3 0  9996
2 31451 099.0213 320.2243 0033088 332.9758 093.4821 14.09045930343816
FENGYUN 1C DEB
1 31451U 99025BUP 13342.19950353  .00000903  00000-0  54423-3 0  9990
2 31451 099.0212 323.2074 0032947 324.3973 093.1957 14.09052558344235
FENGYUN 1C DEB
1 31451U 99025BUP 13345.18202840  .00000676  00000-0  41398-3 0  9997
2 31451 099.0214 326.1927 0032850 316.0843 102.2868 14.09060261344652
FENGYUN 1C DEB
1 31451U 99025BUP 13348.16446909  .00000728  00000-0  44369-3 0  9993
2 31451 099.0219 329.1775 0032739 307.5964 111.2162 14.09067107345076
FENGYUN 1C DEB
1 31451U 99025BUP 13350.73372804  .00000851  00000-0  51447-3 0  9993
2 31451 099.0226 331.7490 0032667 300.1692 184.3943 14.09070379345437
FENGYUN 1C DEB
1 31451U 99025BUP 13352.79315053  .00000936  00000-0  56289-3 0  9997
2 31451 099.0229 333.8103 0032626 294.1931 191.3512 14.09073715345726
FENGYUN 1C DEB
1 31451U 99025BUP 13355.19373963  .00000765  00000-0  46511-3 0  9995
2 31451 099.0229 336.2137 0032555 287.3048 128.9122 14.09079639346066
FENGYUN 1C DEB
1 31451U 99025BUP 13358.17635682  .00000482  00000-0  30261-3 0  9996
2 31451 099.0228 339.1997 0032485 278.7640 138.9911 14.09085534346489
FENGYUN 1C DEB
1 31451U 99025BUP 13360.74555704  .00000416  00000-0  26487-3 0  9990
2 31451 099.0230 341.7716 0032464 271.3935 211.9740 14.09087835346841
FENGYUN 1C DEB
1 31451U 99025BUP 13363.21771043  .00000612  00000-0  37690-3 0  9997
2 31451 099.0237 344.2463 0032476 264.2624 152.7232 14.09088425347197
FENGYUN 1C DEB
1 31451U 99025BUP 14001.78088084  .00000648  00000-0  39746-3 0  9998
2 31451 099.0246 347.8135 0032490 253.9783 228.0108 14.09094710347697
FENGYUN 1C DEB
1 31451U 99025BUP 14004.18296532  .00000652  00000-0  39991-3 0  9991
2 31451 099.0247 350.2187 0032464 247.1018 173.3147 14.09100318348036
FENGYUN 1C DEB
1 31451U 99025BUP 14007.16507123  .00000932  00000-0  56047-3 0  9995
2 31451 099.0245 353.2049 0032497 238.5139 181.0702 14.09103994348450
FENGYUN 1C DEB
1 31451U 99025BUP 14009.80414562  .00001100  00000-0  65676-3 0  9998
2 31451 099.0248 355.8474 0032566 230.9465 248.6893 14.09106430348828
FENGYUN 1C DEB
1 31451U 99025BUP 14012.20604346  .00000918  00000-0  55226-3 0  9993
2 31451 099.0254 358.2524 0032614 224.0724 193.1535 14.09109058349168
FENGYUN 1C DEB
1 31451U 99025BUP 14014.77509380  .00000526  00000-0  32771-3 0  9994
2 31451 099.0262 000.8248 0032691 216.7057 265.5895 14.09114618349523
FENGYUN 1C DEB
1 31451U 99025BUP 14018.75198152  .00000315  00000-0  20657-3 0  9993
2 31451 099.0267 004.8078 0032809 205.3390 279.8417 14.09118610350085
FENGYUN 1C DEB
1 31451U 99025BUP 14020.80987623  .00000463  00000-0  29108-3 0  9995
2 31451 099.0265 006.8690 0032939 199.4951 279.2722 14.09118530350371
FENGYUN 1C DEB
1 31451U 99025BUP 14023.14225961  .00000705  00000-0  42980-3 0  9997
2 31451 099.0266 009.2050 0033068 192.9297 231.0951 14.09120370350706
FENGYUN 1C DEB
1 31451U 99025BUP 14025.20156488  .00000639  00000-0  39228-3 0  9990
2 31451 099.0270 011.2673 0033159 187.0681 237.7076 14.09123917350990
FENGYUN 1C DEB
1 31451U 99025BUP 14027.76923731  .00000402  00000-0  25603-3 0  9996
2 31451 099.0276 013.8390 0033256 179.7689 303.2273 14.09129728351359
FENGYUN 1C DEB
1 31451U 99025BUP 14030.82148214  .00000446  00000-0  28146-3 0  9995
2 31451 099.0283 016.8963 0033394 171.1767 306.9134 14.09133039351785
FENGYUN 1C DEB
1 31451U 99025BUP 14033.73347457  .00000658  00000-0  40269-3 0  9993
2 31451 099.0285 019.8137 0033555 163.1400 318.9912 14.09134719352196
FENGYUN 1C DEB
1 31451U 99025BUP 14035.79223502  .00000992  00000-0  59416-3 0  9990
2 31451 099.0285 021.8761 0033650 157.3999 322.8273 14.09136716352481
FENGYUN 1C DEB
1 31451U 99025BUP 14038.19400641  .00000812  00000-0  49081-3 0  9996
2 31451 099.0287 024.2823 0033762 150.6981 266.7376 14.09143248352826
FENGYUN 1C DEB
1 31451U 99025BUP 14040.48012363  .00000541  00000-0  33541-3 0  9994
2 31451 099.0291 026.5725 0033888 144.3522 343.9623 14.09150310353144
FENGYUN 1C DEB
1 31451U 99025BUP 14043.16484032  .00000660  00000-0  40373-3 0  9991
2 31451 099.0298 029.2622 0034011 136.9568 283.2523 14.09153925353525
FENGYUN 1C DEB
1 31451U 99025BUP 14045.22544135  .00000892  00000-0  53635-3 0  9993
2 31451 099.0303 031.3268 0034085 131.3273 296.4539 14.09154429353810
FENGYUN 1C DEB
1 31451U 99025BUP 14048.20707300  .00000832  00000-0  50230-3 0  9991
2 31451 099.0306 034.3145 0034200 123.1711 301.9625 14.09158624354231
FENGYUN 1C DEB
1 31451U 99025BUP 14050.77455012  .00000617  00000-0  37887-3 0  9990
2 31451 099.0306 036.8875 0034288 116.1365 006.5518 14.09164907354590
FENGYUN 1C DEB
1 31451U 99025BUP 14053.17573094  .00000567  00000-0  35034-3 0  9994
2 31451 099.0308 039.2939 0034338 109.5762 307.5701 14.09171803354932
FENGYUN 1C DEB
1 31451U 99025BUP 14055.74513024  .00000761  00000-0  46142-3 0  9994
2 31451 099.0314 041.8692 0034361 102.5703 021.9996 14.09174836355290
FENGYUN 1C DEB
1 31451U 99025BUP 14057.80299921  .00001026  00000-0  61276-3 0  9990
2 31451 099.0320 043.9316 0034368 097.0236 021.4240 14.09178342355584
FENGYUN 1C DEB
1 31451U 99025BUP 14060.20625181  .00001205  00000-0  71502-3 0  9991
2 31451 099.0325 046.3403 0034404 090.5418 333.0044 14.09186369355924
FENGYUN 1C DEB
1 31451U 99025BUP 14063.18742020  .00001009  00000-0  60290-3 0  9997
2 31451 099.0326 049.3288 0034418 082.4543 336.4555 14.09198155356340
FENGYUN 1C DEB
1 31451U 99025BUP 14065.75627579  .00000828  00000-0  49934-3 0  9993
2 31451 099.0325 051.9041 0034394 075.4856 048.3393 14.09204691356709
FENGYUN 1C DEB
1 31451U 99025BUP 14068.15817251  .00000980  00000-0  58655-3 0  9997
2 31451 099.0327 054.3119 0034348 069.0111 353.2511 14.09208265357045
FENGYUN 1C DEB
1 31451U 99025BUP 14070.21805912  .00001207  00000-0  71597-3 0  9991
2 31451 099.0332 056.3772 0034339 063.4471 003.1696 14.09210550357332
FENGYUN 1C DEB
1 31451U 99025BUP 14074.19222343  .00000934  00000-0  56019-3 0  9991
2 31451 099.0340 060.3611 0034211 052.6728 004.4382 14.09222059357896
FENGYUN 1C DEB
1 31451U 99025BUP 14076.76144854  .00000786  00000-0  47526-3 0  9994
2 31451 099.0343 062.9375 0034123 045.6526 078.4682 14.09227961358256
FENGYUN 1C DEB
1 31451U 99025BUP 14080.15708685  .00001140  00000-0  67788-3 0  9997
2 31451 099.0342 066.3424 0033950 036.4310 025.0350 14.09233599358731
FENGYUN 1C DEB
1 31451U 99025BUP 14082.21503769  .00001455  00000-0  85801-3 0  9997
2 31451 099.0343 068.4062 0033823 030.7879 025.4132 14.09238598359028
FENGYUN 1C DEB
1 31451U 99025BUP 14084.78380966  .00001428  00000-0  84252-3 0  9992
2 31451 099.0347 070.9820 0033662 023.7115 097.3621 14.09246971359382
FENGYUN 1C DEB
1 31451U 99025BUP 14086.84143789  .00001116  00000-0  66364-3 0  9999
2 31451 099.0351 073.0454 0033547 018.0394 096.2246 14.09255291359670
FENGYUN 1C DEB
1 31451U 99025BUP 14089.17330020  .00000874  00000-0  52522-3 0  9995
2 31451 099.0355 075.3841 0033403 011.6043 046.4268 14.09262572360000
FENGYUN 1C DEB
1 31451U 99025BUP 14091.23419108  .00001137  00000-0  67583-3 0  9996
2 31451 099.0357 077.4510 0033228 005.8988 061.9829 14.09267176360297
FENGYUN 1C DEB
1 31451U 99025BUP 14094.14429462  .00001250  00000-0  74063-3 0  9990
2 31451 099.0356 080.3700 0033022 357.7197 066.0489 14.09273188360707
FENGYUN 1C DEB
1 31451U 99025BUP 14097.77670337  .00000834  00000-0  50259-3 0  9999
2 31451 099.0356 084.0134 0032797 347.4851 134.7498 14.09284256361218
FENGYUN 1C DEB
1 31451U 99025BUP 14100.17818465  .00000694  00000-0  42249-3 0  9998
2 31451 099.0360 086.4223 0032628 340.7145 078.5281 14.09288961361552
FENGYUN 1C DEB
1 31451U 99025BUP 14103.74075495  .00000797  00000-0  48156-3 0  9999
2 31451 099.0365 089.9960 0032413 330.4823 153.3028 14.09293949362053
FENGYUN 1C DEB
1 31451U 99025BUP 14105.79891326  .00000864  00000-0  51991-3 0  9991
2 31451 099.0368 092.0609 0032301 324.5827 155.4311 14.09296499362348
FENGYUN 1C DEB
1 31451U 99025BUP 14108.20019796  .00000840  00000-0  50619-3 0  9993
2 31451 099.0365 094.4700 0032127 317.6487 098.4927 14.09303977362680
FENGYUN 1C DEB
1 31451U 99025BUP 14111.18233223  .00000770  00000-0  46577-3 0  9997
2 31451 099.0363 097.4620 0031962 309.0427 108.6080 14.09314612363107
FENGYUN 1C DEB
1 31451U 99025BUP 14114.16472497  .00000690  00000-0  42036-3 0  9993
2 31451 099.0365 100.4542 0031878 300.3499 120.2273 14.09318342363520
FENGYUN 1C DEB
1 31451U 99025BUP 14116.80318468  .00000665  00000-0  40572-3 0  9998
2 31451 099.0369 103.1012 0031782 292.5998 186.9543 14.09320959363892
FENGYUN 1C DEB
1 31451U 99025BUP 14119.20483977  .00000651  00000-0  39774-3 0  9990
2 31451 099.0375 105.5110 0031804 285.6541 132.1154 14.09325009364237
FENGYUN 1C DEB
1 31451U 99025BUP 14123.18059293  .00000280  00000-0  18621-3 0  9998
2 31451 099.0374 109.5001 0031713 273.9822 143.9395 14.09331736364792
FENGYUN 1C DEB
1 31451U 99025BUP 14125.74945981  .00000437  00000-0  27553-3 0  9998
2 31451 099.0372 112.0777 0031751 266.4865 217.6370 14.09333522365153
FENGYUN 1C DEB
1 31451U 99025BUP 14135.17874137  .00000422  00000-0  26716-3 0  9994
2 31451 099.0379 121.5395 0031970 238.9722 179.3430 14.09348982366484
FENGYUN 1C DEB
1 31451U 99025BUP 14138.16103247  .00000614  00000-0  37662-3 0  9998
2 31451 099.0377 124.5322 0032117 230.3251 190.7718 14.09350362366900
FENGYUN 1C DEB
1 31451U 99025BUP 14141.21296447  .00000660  00000-0  40297-3 0  9992
2 31451 099.0377 127.5950 0032292 221.5438 195.4959 14.09353228367334
FENGYUN 1C DEB
1 31451U 99025BUP 14144.19567483  .00000311  00000-0  20367-3 0  9992
2 31451 099.0378 130.5881 0032439 213.0133 208.9767 14.09359885367751
FENGYUN 1C DEB
1 31451U 99025BUP 14147.17678362  .00000167  00000-0  12141-3 0  9992
2 31451 099.0378 133.5793 0032614 204.5111 214.3708 14.09362933368173
FENGYUN 1C DEB
1 31451U 99025BUP 14150.15906602  .00000424  00000-0  26785-3 0  9990
2 31451 099.0381 136.5722 0032842 196.0270 225.7374 14.09362033368598
FENGYUN 1C DEB
1 31451U 99025BUP 14153.44262552  .00000543  00000-0  33545-3 0  9998
2 31451 099.0382 139.8678 0033055 186.8240 325.5643 14.09364658369051
FENGYUN 1C DEB
1 31451U 99025BUP 14156.19266325  .00000257  00000-0  17221-3 0  9990
2 31451 099.0386 142.6288 0033223 179.0894 238.5015 14.09369690369440
FENGYUN 1C DEB
1 31451U 99025BUP 14159.17475931  .00000166  00000-0  12027-3 0  9994
2 31451 099.0381 145.6207 0033401 170.7950 248.7981 14.09372313369865
FENGYUN 1C DEB
1 31451U 99025BUP 14163.22096187  .00000641  00000-0  39140-3 0  9990
2 31451 099.0385 149.6811 0033738 159.5960 258.0611 14.09373295370432
FENGYUN 1C DEB
1 31451U 99025BUP 14165.44039921  .00000512  00000-0  31752-3 0  9997
2 31451 099.0388 151.9090 0033972 153.4612 358.8405 14.09377763370745
FENGYUN 1C DEB
1 31451U 99025BUP 14168.19055676  .00000272  00000-0  18061-3 0  9998
2 31451 099.0388 154.6691 0034037 145.9212 272.3102 14.09381571371137
FENGYUN 1C DEB
1 31451U 99025BUP 14171.17256139  .00000163  00000-0  11845-3 0  9999
2 31451 099.0390 157.6630 0034266 137.8600 282.0415 14.09383187371557
FENGYUN 1C DEB
1 31451U 99025BUP 14174.45629514  .00000409  00000-0  25864-3 0  9993
2 31451 099.0393 160.9590 0034430 129.0121 022.6391 14.09382680372016
FENGYUN 1C DEB
1 31451U 99025BUP 14176.79304578  .00000308  00000-0  20151-3 0  9994
2 31451 099.0395 163.3037 0034384 122.6269 358.6341 14.09384802372342
FENGYUN 1C DEB
1 31451U 99025BUP 14179.19501279  .00000094  00000-0  79369-4 0  9996
2 31451 099.0398 165.7143 0034483 116.1221 305.4718 14.09388662372688
FENGYUN 1C DEB
1 31451U 99025BUP 14182.17628593  .00000152  00000-0  11242-3 0  9997
2 31451 099.0398 168.7068 0034513 108.0475 311.5805 14.09391028373105
FENGYUN 1C DEB
1 31451U 99025BUP 14186.15242656  .00000590  00000-0  36196-3 0  9992
2 31451 099.0399 172.6982 0034525 097.3635 325.3114 14.09392926373661
FENGYUN 1C DEB
1 31451U 99025BUP 14188.21163317  .00000650  00000-0  39617-3 0  9995
2 31451 099.0400 174.7654 0034540 091.8708 333.0692 14.09396567373954
FENGYUN 1C DEB
1 31451U 99025BUP 14190.77875006  .00000399  00000-0  25301-3 0  9999
2 31451 099.0404 177.3424 0034544 084.9851 037.8756 14.09403615374312
FENGYUN 1C DEB
1 31451U 99025BUP 14193.17978187  .00000351  00000-0  22585-3 0  9999
2 31451 099.0406 179.7525 0034519 078.5318 340.0850 14.09406029374654
FENGYUN 1C DEB
1 31451U 99025BUP 14196.16219970  .00000410  00000-0  25925-3 0  9996
2 31451 099.0408 182.7465 0034420 070.5005 352.1466 14.09405727375077
FENGYUN 1C DEB
1 31451U 99025BUP 14198.45116950  .00000442  00000-0  27765-3 0  9993
2 31451 099.0408 185.0446 0034340 064.3273 085.8284 14.09406215375397
FENGYUN 1C DEB
1 31451U 99025BUP 14201.78220260  .00000107  00000-0  86785-4 0  9990
2 31451 099.0410 188.3888 0034227 055.3276 066.7062 14.09410598375866
FENGYUN 1C DEB
1 31451U 99025BUP 14204.18295374 -.00000007  00000-0  21689-4 0  9997
2 31451 099.0412 190.7991 0034124 048.7993 007.6230 14.09411982376206
FENGYUN 1C DEB
1 31451U 99025BUP 14208.15954983  .00000327  00000-0  21218-3 0  9997
2 31451 099.0420 194.7912 0033900 037.9205 024.1497 14.09410734376763
FENGYUN 1C DEB
1 31451U 99025BUP 14210.21722344  .00000519  00000-0  32158-3 0  9999
2 31451 099.0423 196.8570 0033776 032.2934 024.4082 14.09411771377055
FENGYUN 1C DEB
1 31451U 99025BUP 14213.19894970  .00000440  00000-0  27647-3 0  9994
2 31451 099.0424 199.8510 0033617 024.0665 033.2221 14.09417194377471
FENGYUN 1C DEB
1 31451U 99025BUP 14215.76777898  .00000397  00000-0  25223-3 0  9997
2 31451 099.0425 202.4306 0033466 016.9411 107.1456 14.09421704377830
FENGYUN 1C DEB
1 31451U 99025BUP 14218.74920374  .00000465  00000-0  29082-3 0  9990
2 31451 099.0429 205.4245 0033261 008.6111 114.6374 14.09422064378256
FENGYUN 1C DEB
1 31451U 99025BUP 14220.80713115  .00000438  00000-0  27539-3 0  9998
2 31451 099.0433 207.4907 0033102 002.8747 116.3758 14.09423399378542
FENGYUN 1C DEB
1 31451U 99025BUP 14223.20833454  .00000430  00000-0  27123-3 0  9995
2 31451 099.0437 209.9017 0032940 356.1491 059.9057 14.09425710378885
FENGYUN 1C DEB
1 31451U 99025BUP 14225.77701683  .00000150  00000-0  11115-3 0  9990
2 31451 099.0439 212.4813 0032752 348.9389 133.2469 14.09429670379249
FENGYUN 1C DEB
1 31451U 99025BUP 14228.17783800  .00000129  00000-0  99366-4 0  9999
2 31451 099.0438 214.8926 0032610 342.1043 074.9982 14.09430662379586
FENGYUN 1C DEB
1 31451U 99025BUP 14231.16036001  .00000395  00000-0  25126-3 0  9993
2 31451 099.0440 217.8881 0032429 333.5751 088.3524 14.09430416380007
FENGYUN 1C DEB
1 31451U 99025BUP 14233.21824225  .00000432  00000-0  27197-3 0  9996
2 31451 099.0444 219.9547 0032308 327.6666 090.0939 14.09432405380299
FENGYUN 1C DEB
1 31451U 99025BUP 14235.78655213  .00000247  00000-0  16685-3 0  9993
2 31451 099.0450 222.5339 0032184 320.2881 161.7702 14.09436452380655
FENGYUN 1C DEB
1 31451U 99025BUP 14241.15765497  .00000697  00000-0  39743-3 0  9996
2 31451 099.0452 227.9261 0032118 305.5165 054.3479 14.09441678381417
FENGYUN 1C DEB
1 31451U 99025BUP 14241.17135772  .00000391  00000-0  24877-3 0  9998
2 31451 099.0459 227.9423 0031958 304.7449 124.6133 14.09440632381418
FENGYUN 1C DEB
1 31451U 99025BUP 14244.22132212  .00000515  00000-0  31956-3 0  9997
2 31451 099.0459 231.0062 0031869 295.8599 120.4447 14.09441990381847
FENGYUN 1C DEB
1 31451U 99025BUP 14246.78981719  .00000287  00000-0  18963-3 0  9993
2 31451 099.0461 233.5864 0031800 288.4021 193.2331 14.09446328382201
FENGYUN 1C DEB
1 31451U 99025BUP 14249.19086984  .00000163  00000-0  11893-3 0  9999
2 31451 099.0466 235.9982 0031755 281.4340 136.4277 14.09450200382548
FENGYUN 1C DEB
1 31451U 99025BUP 14252.17310421  .00000333  00000-0  21557-3 0  9994
2 31451 099.0472 238.9939 0031745 272.7399 148.6939 14.09451754382967
FENGYUN 1C DEB
1 31451U 99025BUP 14254.23288319  .00000620  00000-0  37922-3 0  9995
2 31451 099.0476 241.0630 0031758 266.7233 160.3216 14.09452453383257
FENGYUN 1C DEB
1 31451U 99025BUP 14256.45047611  .00000693  00000-0  42100-3 0  9993
2 31451 099.0475 243.2906 0031795 260.2617 252.7121 14.09456992383569
FENGYUN 1C DEB
1 31451U 99025BUP 14258.78707413  .00000437  00000-0  27479-3 0  9992
2 31451 099.0478 245.6387 0031795 253.4560 228.9768 14.09461406383896
FENGYUN 1C DEB
1 31451U 99025BUP 14261.18797574  .00000341  00000-0  22046-3 0  9996
2 31451 099.0479 248.0509 0031837 246.4956 171.5336 14.09465028384235
FENGYUN 1C DEB
1 31451U 99025BUP 14263.82643642  .00000427  00000-0  26905-3 0  9998
2 31451 099.0483 250.7016 0031928 238.8617 239.5318 14.09466334384600
FENGYUN 1C DEB
1 31451U 99025BUP 14266.22768669  .00000590  00000-0  36229-3 0  9993
2 31451 099.0489 253.1141 0032027 231.9406 183.8714 14.09467142384949
FENGYUN 1C DEB
1 31451U 99025BUP 14266.22768669  .00000590  00000-0  36229-3 0  9993
2 31451 099.0489 253.1141 0032027 231.9406 183.8714 14.09467142384949
FENGYUN 1C DEB
1 31451U 99025BUP 14266.22768669  .00000590  00000-0  36229-3 0  9993
2 31451 099.0489 253.1141 0032027 231.9406 183.8714 14.09467142384949
FENGYUN 1C DEB
1 31451U 99025BUP 14269.79040660  .00000571  00000-0  35097-3 0  9993
2 31451 099.0495 256.6938 0032161 221.7035 261.6803 14.09473675385440
FENGYUN 1C DEB
1 31451U 99025BUP 14272.19111492  .00000494  00000-0  30700-3 0  9993
2 31451 099.0495 259.1063 0032255 214.8001 203.3097 14.09478851385783
FENGYUN 1C DEB
1 31451U 99025BUP 14276.23736292  .00000740  00000-0  44740-3 0  9996
2 31451 099.0496 263.1722 0032464 203.2754 214.7062 14.09483416386355
FENGYUN 1C DEB
1 31451U 99025BUP 14278.80525613  .00000866  00000-0  51920-3 0  9991
2 31451 099.0500 265.7524 0032606 195.9970 284.6660 14.09487257386711
FENGYUN 1C DEB
1 31451U 99025BUP 14282.78113662  .00000389  00000-0  24709-3 0  9995
2 31451 099.0509 269.7474 0032811 184.7906 299.0116 14.09497476387273
FENGYUN 1C DEB
1 31451U 99025BUP 14285.18201683  .00000313  00000-0  20404-3 0  9998
2 31451 099.0510 272.1603 0032939 178.0474 241.5598 14.09500280387616
FENGYUN 1C DEB
1 31451U 99025BUP 14290.22161002  .00000479  00000-0  29819-3 0  9991
2 31451 099.0509 277.2255 0033202 164.0481 253.3851 14.09504423388325
FENGYUN 1C DEB
1 31451U 99025BUP 14292.78996765  .00000748  00000-0  45162-3 0  9994
2 31451 099.0512 279.8065 0033314 156.9431 325.7025 14.09509932388681
FENGYUN 1C DEB
1 31451U 99025BUP 14295.77178360  .00000662  00000-0  40211-3 0  9994
2 31451 099.0519 282.8031 0033443 148.6299 336.1188 14.09516477389104
FENGYUN 1C DEB
1 31451U 99025BUP 14298.17269738  .00001005  00000-0  59761-3 0  9993
2 31451 099.0522 285.2161 0033534 142.0589 278.8390 14.09519035389447
FENGYUN 1C DEB
1 31451U 99025BUP 14300.93497838  .00001087  00000-0  64383-3 0  9991
2 31451 099.0522 287.9927 0033624 134.5260 255.2179 14.09524315389832
FENGYUN 1C DEB
1 31451U 99025BUP 14304.91025170  .00000513  00000-0  31764-3 0  9999
2 31451 099.0522 291.9883 0033755 123.6642 266.6732 14.09535553390396
FENGYUN 1C DEB
1 31451U 99025BUP 14308.83165749  .00000459  00000-0  28647-3 0  9996
2 31451 099.0526 295.9296 0033911 112.7984 005.0817 14.09540959390940
FENGYUN 1C DEB
1 31451U 99025BUP 14311.46535905  .00000804  00000-0  48257-3 0  9997
2 31451 099.0532 298.5767 0033941 105.6118 049.2265 14.09543037391311
FENGYUN 1C DEB
1 31451U 99025BUP 14314.44613900  .00000942  00000-0  56105-3 0  9994
2 31451 099.0536 301.5733 0033876 097.6636 054.3876 14.09550306391733
FENGYUN 1C DEB
1 31451U 99025BUP 14317.19620375  .00000607  00000-0  37068-3 0  9998
2 31451 099.0536 304.3379 0033885 090.0924 329.1514 14.09558248392126
FENGYUN 1C DEB
1 31451U 99025BUP 14320.82792022  .00001016  00000-0  60291-3 0  9990
2 31451 099.0533 307.9891 0033981 080.0750 037.8497 14.09566756392636
FENGYUN 1C DEB
1 31451U 99025BUP 14323.46170743  .00001117  00000-0  66030-3 0  9992
2 31451 099.0539 310.6363 0033895 072.9477 082.6082 14.09570897393008
FENGYUN 1C DEB
1 31451U 99025BUP 14327.20536059  .00000743  00000-0  44788-3 0  9994
2 31451 099.0546 314.3997 0033801 062.7533 359.3563 14.09581360393530
FENGYUN 1C DEB
1 31451U 99025BUP 14329.84210801  .00000377  00000-0  24007-3 0  9995
2 31451 099.0546 317.0508 0033785 055.4968 059.3963 14.09587295393905
FENGYUN 1C DEB
1 31451U 99025BUP 14331.76043088  .00000811  00000-0  48628-3 0  9998
2 31451 099.0544 318.9796 0033734 050.2595 073.8267 14.09590500394176
FENGYUN 1C DEB
1 31451U 99025BUP 14335.15575353  .00001299  00000-0  76377-3 0  9993
2 31451 099.0544 322.3934 0033622 040.9418 023.3250 14.09597748394651
FENGYUN 1C DEB
1 31451U 99025BUP 14337.21289646  .00001095  00000-0  64772-3 0  9999
2 31451 099.0547 324.4616 0033524 035.2840 022.3109 14.09604263394946
FENGYUN 1C DEB
1 31451U 99025BUP 14340.19385653  .00000636  00000-0  38723-3 0  9992
2 31451 099.0556 327.4588 0033398 027.0223 029.3448 14.09612035395366
FENGYUN 1C DEB
1 31451U 99025BUP 14342.25212074  .00000544  00000-0  33479-3 0  9998
2 31451 099.0557 329.5282 0033319 021.3551 034.1279 14.09615446395652
FENGYUN 1C DEB
1 31451U 99025BUP 14344.47176729  .00000721  00000-0  43547-3 0  9994
2 31451 099.0557 331.7602 0033217 015.1903 137.9379 14.09616635395960
FENGYUN 1C DEB
1 31451U 99025BUP 14346.93167053  .00000855  00000-0  51163-3 0  9998
2 31451 099.0554 334.2340 0033036 008.2953 021.0316 14.09621590396311
FENGYUN 1C DEB
1 31451U 99025BUP 14349.78917975  .00000942  00000-0  56103-3 0  9996
2 31451 099.0554 337.1074 0032906 000.3160 121.8508 14.09630909396715
FENGYUN 1C DEB
1 31451U 99025BUP 14352.19003708  .00000509  00000-0  31504-3 0  9992
2 31451 099.0558 339.5217 0032819 353.5272 065.4908 14.09638099397057
FENGYUN 1C DEB
1 31451U 99025BUP 14354.75801045  .00001380  00000-0  80922-3 0  9992
2 31451 099.0567 342.1039 0032779 346.4201 137.1216 14.09643486397412
FENGYUN 1C DEB
1 31451U 99025BUP 14356.81556951  .00001394  00000-0  81744-3 0  9992
2 31451 099.0568 344.1731 0032650 340.5598 138.7705 14.09649827397703
FENGYUN 1C DEB
1 31451U 99025BUP 14359.21795262  .00001152  00000-0  68002-3 0  9993
2 31451 099.0568 346.5893 0032497 333.6111 090.4757 14.09656770398045
FENGYUN 1C DEB
1 31451U 99025BUP 14362.19744216  .00000639  00000-0  38864-3 0  9999
2 31451 099.0565 349.5864 0032415 325.3816 090.5839 14.09664452398467
FENGYUN 1C DEB
1 31451U 99025BUP 14364.76589384  .00000486  00000-0  30181-3 0  9991
2 31451 099.0566 352.1696 0032334 318.0494 165.0922 14.09668351398825
FENGYUN 1C DEB
1 31451U 99025BUP 15002.23863579  .00000699  00000-0  42262-3 0  9993
2 31451 099.0572 354.6566 0032270 310.9324 113.9802 14.09669693399175
FENGYUN 1C DEB
1 31451U 99025BUP 15005.45002417  .00000738  00000-0  44463-3 0  9995
2 31451 099.0581 357.8866 0032189 301.6550 211.4703 14.09675451399623
FENGYUN 1C DEB
1 31451U 99025BUP 15008.19928479  .00000560  00000-0  34377-3 0  9990
2 31451 099.0583 000.6524 0032108 293.9496 123.5172 14.09682958400011
FENGYUN 1C DEB
1 31451U 99025BUP 15011.18079924  .00000577  00000-0  35315-3 0  9996
2 31451 099.0582 003.6520 0032060 285.3737 134.5171 14.09686674400435
FENGYUN 1C DEB
1 31451U 99025BUP 15013.74808020  .00000785  00000-0  47113-3 0  9997
2 31451 099.0582 006.2348 0032055 277.9471 203.3901 14.09689553400792
FENGYUN 1C DEB
1 31451U 99025BUP 15015.80629868  .00000677  00000-0  40997-3 0  9990
2 31451 099.0586 008.3054 0032042 272.0139 208.7815 14.09693805401087
FENGYUN 1C DEB
1 31451U 99025BUP 15018.20783831  .00000438  00000-0  27450-3 0  9992
2 31451 099.0593 010.7214 0032021 265.1505 156.4848 14.09698571401425
FENGYUN 1C DEB
1 31451U 99025BUP 15020.77548875  .00000224  00000-0  15279-3 0  9993
2 31451 099.0597 013.3046 0032013 257.7526 227.3010 14.09701035401780
FENGYUN 1C DEB
1 31451U 99025BUP 15023.95071215  .00000542  00000-0  33361-3 0  9990
2 31451 099.0598 016.4995 0032047 248.5843 141.6107 14.09701757402232
FENGYUN 1C DEB
1 31451U 99025BUP 15026.22896102  .00000627  00000-0  38137-3 0  9993
2 31451 099.0598 018.7918 0032083 242.0075 183.7638 14.09703861402557
FENGYUN 1C DEB
1 31451U 99025BUP 15030.78277956  .00000388  00000-0  24619-3 0  9993
2 31451 099.0604 023.3739 0032199 228.9287 254.4646 14.09713873403194
FENGYUN 1C DEB
1 31451U 99025BUP 15033.18342916  .00000546  00000-0  33547-3 0  9995
2 31451 099.0611 025.7896 0032297 222.0515 197.8456 14.09718179403531
FENGYUN 1C DEB
1 31451U 99025BUP 15035.94563404  .00000743  00000-0  44711-3 0  9992
2 31451 099.0614 028.5693 0032384 214.1213 176.1938 14.09719905403920
FENGYUN 1C DEB
1 31451U 99025BUP 15038.45388984  .00000716  00000-0  43169-3 0  9995
2 31451 099.0617 031.0938 0032477 206.9702 305.7055 14.09725794404271
FENGYUN 1C DEB
1 31451U 99025BUP 15042.19699281  .00000463  00000-0  28801-3 0  9991
2 31451 099.0614 034.8612 0032615 196.2318 222.2857 14.09735180404808
FENGYUN 1C DEB
1 31451U 99025BUP 15049.92761441  .00000625  00000-0  38005-3 0  9994
2 31451 099.0630 042.6420 0033020 174.6265 215.5790 14.09742944405899
FENGYUN 1C DEB
1 31451U 99025BUP 15052.20485219  .00000468  00000-0  29099-3 0  9993
2 31451 099.0633 044.9344 0033102 168.1739 252.8053 14.09747406406218
FENGYUN 1C DEB
1 31451U 99025BUP 15054.77268667  .00000528  00000-0  32508-3 0  9999
2 31451 099.0632 047.5196 0033241 161.0642 324.7232 14.09750377406578
FENGYUN 1C DEB
1 31451U 99025BUP 15056.82972316  .00000565  00000-0  34593-3 0  9997
2 31451 099.0630 049.5904 0033336 155.3679 324.3335 14.09751486406860
FENGYUN 1C DEB
1 31451U 99025BUP 15059.81080156  .00000546  00000-0  33499-3 0  9994
2 31451 099.0632 052.5906 0033275 146.9972 333.6555 14.09755480407284
FENGYUN 1C DEB
1 31451U 99025BUP 15062.44336623  .00000820  00000-0  49034-3 0  9997
2 31451 099.0634 055.2411 0033395 139.6450 014.2269 14.09759923407651
FENGYUN 1C DEB
1 31451U 99025BUP 15065.19230704  .00000730  00000-0  43884-3 0  9992
2 31451 099.0637 058.0088 0033543 132.1142 285.3210 14.09763688408040
FENGYUN 1C DEB
1 31451U 99025BUP 15067.48246748  .00000633  00000-0  38389-3 0  9997
2 31451 099.0640 060.3147 0033633 125.8546 028.0900 14.09767268408364
FENGYUN 1C DEB
1 31451U 99025BUP 15070.46285287  .00000559  00000-0  34230-3 0  9998
2 31451 099.0642 063.3155 0033765 117.7122 033.8374 14.09770855408785
FENGYUN 1C DEB
1 31451U 99025BUP 15073.21369422  .00000656  00000-0  39683-3 0  9993
2 31451 099.0645 066.0855 0033871 110.1467 314.7039 14.09774103409175
FENGYUN 1C DEB
1 31451U 99025BUP 15076.19334756  .00000593  00000-0  36146-3 0  9996
2 31451 099.0649 069.0860 0033926 102.0633 316.7517 14.09777470409593
FENGYUN 1C DEB
1 31451U 99025BUP 15079.17480475  .00000694  00000-0  41858-3 0  9995
2 31451 099.0651 072.0882 0033983 094.0095 327.9900 14.09783732410016
FENGYUN 1C DEB
1 31451U 99025BUP 15081.46391810  .00000549  00000-0  33639-3 0  9991
2 31451 099.0658 074.3936 0034004 087.7746 065.5774 14.09786397410334
FENGYUN 1C DEB
1 31451U 99025BUP 15083.92370059  .00000732  00000-0  43998-3 0  9999
2 31451 099.0658 076.8715 0034056 081.1425 309.2967 14.09790440410689
FENGYUN 1C DEB
1 31451U 99025BUP 15086.20052291  .00000924  00000-0  54882-3 0  9995
2 31451 099.0660 079.1641 0034053 074.9441 344.5545 14.09794344411009
FENGYUN 1C DEB
1 31451U 99025BUP 15088.76819622  .00000958  00000-0  56794-3 0  9998
2 31451 099.0662 081.7503 0034010 067.9867 055.9457 14.09799240411368
FENGYUN 1C DEB
1 31451U 99025BUP 15091.47161249  .00000842  00000-0  50228-3 0  9993
2 31451 099.0663 084.4728 0033961 060.6908 096.2758 14.09803911411743
FENGYUN 1C DEB
1 31451U 99025BUP 15094.22134527  .00000861  00000-0  51277-3 0  9994
2 31451 099.0668 087.2428 0033902 053.1576 011.8300 14.09808835412139
FENGYUN 1C DEB
1 31451U 99025BUP 15097.78162185  .00000799  00000-0  47777-3 0  9999
2 31451 099.0671 090.8292 0033788 043.5258 081.0355 14.09814582412634
FENGYUN 1C DEB
1 31451U 99025BUP 15100.18226943  .00000585  00000-0  35660-3 0  9992
2 31451 099.0671 093.2468 0033675 037.0385 024.8934 14.09817372412975
FENGYUN 1C DEB
1 31451U 99025BUP 15102.47137933  .00000564  00000-0  34477-3 0  9998
2 31451 099.0669 095.5527 0033551 030.8652 122.6869 14.09820661413299
FENGYUN 1C DEB
1 31451U 99025BUP 15104.80710741  .00000700  00000-0  42176-3 0  9998
2 31451 099.0668 097.9057 0033455 024.5109 097.1573 14.09824319413621
FENGYUN 1C DEB
1 31451U 99025BUP 15107.78807007  .00000855  00000-0  50923-3 0  9990
2 31451 099.0667 100.9088 0033260 016.4244 106.4029 14.09829850414045
FENGYUN 1C DEB
1 31451U 99025BUP 15110.18854490  .00000947  00000-0  56149-3 0  9994
2 31451 099.0669 103.3275 0033119 009.6912 049.7779 14.09835300414386
FENGYUN 1C DEB
1 31451U 99025BUP 15112.47841600  .00001032  00000-0  60947-3 0  9994
2 31451 099.0670 105.6343 0032953 003.3524 151.7553 14.09840996414701
FENGYUN 1C DEB
1 31451U 99025BUP 15114.93753692  .00000934  00000-0  55408-3 0  9996
2 31451 099.0671 108.1118 0032817 356.4774 032.8479 14.09845485415051
FENGYUN 1C DEB
1 31451U 99025BUP 15117.21502494  .00000794  00000-0  47491-3 0  9999
2 31451 099.0672 110.4066 0032628 350.1681 072.0574 14.09849228415374
FENGYUN 1C DEB
1 31451U 99025BUP 15121.18877493  .00000539  00000-0  33072-3 0  9991
2 31451 099.0670 114.4104 0032352 338.9026 080.8372 14.09854824415933
FENGYUN 1C DEB
1 31451U 99025BUP 15123.47791190  .00000396  00000-0  24969-3 0  9990
2 31451 099.0672 116.7168 0032207 332.3839 179.4219 14.09857445416252
FENGYUN 1C DEB
1 31451U 99025BUP 15125.93764927  .00000441  00000-0  27523-3 0  9991
2 31451 099.0674 119.1952 0032092 325.3962 063.8940 14.09860213416606
FENGYUN 1C DEB
1 31451U 99025BUP 15128.21407672  .00000602  00000-0  36668-3 0  9995
2 31451 099.0678 121.4891 0032038 318.9410 097.9744 14.09862927416923
FENGYUN 1C DEB
1 31451U 99025BUP 15130.78229461  .00000678  00000-0  40953-3 0  9993
2 31451 099.0678 124.0767 0031804 311.5082 173.2322 14.09866445417287
FENGYUN 1C DEB
1 31451U 99025BUP 15133.48427196  .00000833  00000-0  49688-3 0  9995
2 31451 099.0678 126.7993 0031688 303.6651 207.4720 14.09871949417660
FENGYUN 1C DEB
1 31451U 99025BUP 15137.45906544  .00000746  00000-0  44765-3 0  9999
2 31451 099.0678 130.8045 0031536 292.1398 222.1334 14.09878757418228
FENGYUN 1C DEB
1 31451U 99025BUP 15140.20776914  .00000689  00000-0  41549-3 0  9995
2 31451 099.0678 133.5744 0031435 284.1216 133.6928 14.09882898418611
FENGYUN 1C DEB
1 31451U 99025BUP 15143.18882209  .00000435  00000-0  27202-3 0  9999
2 31451 099.0677 136.5782 0031364 275.3227 144.7285 14.09885967419036
FENGYUN 1C DEB
1 31451U 99025BUP 15145.47788416  .00000273  00000-0  18039-3 0  9996
2 31451 099.0678 138.8848 0031352 268.6105 243.3783 14.09887835419352
FENGYUN 1C DEB
1 31451U 99025BUP 15147.93754537  .00000307  00000-0  19932-3 0  9997
2 31451 099.0679 141.3634 0031339 261.4407 127.9091 14.09889675419708
FENGYUN 1C DEB
1 31451U 99025BUP 15150.21407586  .00000371  00000-0  23552-3 0  9995
2 31451 099.0679 143.6576 0031335 254.8354 162.8995 14.09891119420025
FENGYUN 1C DEB
1 31451U 99025BUP 15152.78220171  .00000390  00000-0  24625-3 0  9995
2 31451 099.0680 146.2454 0031375 247.2995 238.0476 14.09893171420381
FENGYUN 1C DEB
1 31451U 99025BUP 15155.18237563  .00000265  00000-0  17544-3 0  9998
2 31451 099.0681 148.6642 0031450 240.3010 180.6896 14.09894746420728
FENGYUN 1C DEB
1 31451U 99025BUP 15157.47126539  .00000310  00000-0  20090-3 0  9993
2 31451 099.0681 150.9708 0031515 233.6581 278.4619 14.09896612421046
FENGYUN 1C DEB
1 31451U 99025BUP 15159.80720174  .00000568  00000-0  34718-3 0  9994
2 31451 099.0681 153.3250 0031593 226.8455 255.0796 14.09899542421373
FENGYUN 1C DEB
1 31451U 99025BUP 15160.45222981 +.00000614 +00000-0 +37315-3 0  9998
2 31451 099.0682 153.9751 0031616 224.9684 289.0774 14.09900320418641
FENGYUN 1C DEB
1 31451U 99025BUP 15161.44665561 +.00000642 +00000-0 +38898-3 0  9991
2 31451 099.0682 154.9772 0031661 222.0707 296.5353 14.09901347418781
FENGYUN 1C DEB
1 31451U 99025BUP 15162.78806891 +.00000647 +00000-0 +39170-3 0  9991
2 31451 099.0682 156.3292 0031728 218.2199 265.1662 14.09902869421790
FENGYUN 1C DEB
1 31451U 99025BUP 15164.77522255 +.00000603 +00000-0 +36673-3 0  9998
2 31451 099.0682 158.3318 0031854 212.4607 271.4620 14.09905319419256
FENGYUN 1C DEB
1 31451U 99025BUP 15165.18855473 +.00000571 +00000-0 +34833-3 0  9995
2 31451 099.0682 158.7482 0031883 211.2557 209.4428 14.09905758422130
FENGYUN 1C DEB
1 31451U 99025BUP 15169.46459679  .00000368  00000-0  23396-3 0  9994
2 31451 099.0684 163.0577 0032125 199.0123 313.4756 14.09909658422737
FENGYUN 1C DEB
1 31451U 99025BUP 15172.21430937  .00000419  00000-0  26244-3 0  9999
2 31451 099.0684 165.8289 0032276 191.1647 230.2769 14.09912199423126
FENGYUN 1C DEB
1 31451U 99025BUP 15174.78191062  .00000479  00000-0  29619-3 0  9991
2 31451 099.0684 168.4166 0032461 183.9082 302.6852 14.09915089423484
FENGYUN 1C DEB
1 31451U 99025BUP 15177.25219017  .00000288  00000-0  18848-3 0  9997
2 31451 099.0685 170.9061 0032645 176.9760 241.0886 14.09916730423832
FENGYUN 1C DEB
1 31451U 99025BUP 15179.81940023  .00000215  00000-0  14717-3 0  9990
2 31451 099.0686 173.4934 0032817 169.7749 311.4938 14.09918388424199
FENGYUN 1C DEB
1 31451U 99025BUP 15182.22078796  .00000271  00000-0  17893-3 0  9998
2 31451 099.0688 175.9136 0032960 163.0418 260.2982 14.09919775424530
FENGYUN 1C DEB
1 31451U 99025BUP 15184.78740890  .00000327  00000-0  21052-3 0  9996
2 31451 099.0688 178.5002 0033175 155.8992 327.6837 14.09921637424892
FENGYUN 1C DEB
1 31451U 99025BUP 15186.84431866  .00000414  00000-0  25917-3 0  9996
2 31451 099.0689 180.5735 0033288 150.2660 327.8561 14.09923946425189
FENGYUN 1C DEB
1 31451U 99025BUP 15189.47684007  .00000328  00000-0  21109-3 0  9998
2 31451 099.0690 183.2269 0033453 143.0409 009.6656 14.09925577425551
FENGYUN 1C DEB
1 31451U 99025BUP 15192.45758005  .00000488  00000-0  30139-3 0  9990
2 31451 099.0692 186.2311 0033622 134.8430 018.9541 14.09928248425974
FENGYUN 1C DEB
1 31451U 99025BUP 15195.20662360  .00000508  00000-0  31253-3 0  9995
2 31451 099.0693 189.0020 0033778 127.3595 292.1777 14.09930750426366
FENGYUN 1C DEB
1 31451U 99025BUP 15198.18739877  .00000245  00000-0  16370-3 0  9994
2 31451 099.0694 192.0065 0033881 119.3036 301.5691 14.09932762426787
FENGYUN 1C DEB
1 31451U 99025BUP 15202.46338464  .00000172  00000-0  12265-3 0  9996
2 31451 099.0699 196.3166 0034018 107.7200 045.0599 14.09934999427386
FENGYUN 1C DEB
1 31451U 99025BUP 15205.21237563  .00000287  00000-0  18778-3 0  9992
2 31451 099.0702 199.0875 0034095 100.2660 318.0491 14.09936529427779
FENGYUN 1C DEB
1 31451U 99025BUP 15207.78004692  .00000219  00000-0  14924-3 0  9995
2 31451 099.0703 201.6757 0034143 093.4171 030.6240 14.09937866428138
FENGYUN 1C DEB
1 31451U 99025BUP 15211.24612366  .00000175  00000-0  12427-3 0  9991
2 31451 099.0705 205.1697 0034149 084.0756 343.3029 14.09940155428621
FENGYUN 1C DEB
1 31451U 99025BUP 15213.93529801  .00000305  00000-0  19800-3 0  9997
2 31451 099.0708 207.8807 0034157 076.8395 312.6771 14.09941921429001
FENGYUN 1C DEB
1 31451U 99025BUP 15216.21179595  .00000346  00000-0  22104-3 0  9998
2 31451 099.0711 210.1757 0034140 070.6663 347.4983 14.09943154429324
FENGYUN 1C DEB
1 31451U 99025BUP 15219.77298876  .00000294  00000-0  19143-3 0  9997
2 31451 099.0714 213.7658 0034048 061.0863 063.0028 14.09945710429825
FENGYUN 1C DEB
1 31451U 99025BUP 15221.82997953  .00000238  00000-0  16012-3 0  9998
2 31451 099.0714 215.8394 0033984 055.5739 063.6384 14.09946907430117
FENGYUN 1C DEB
1 31451U 99025BUP 15224.23191182  .00000259  00000-0  17161-3 0  9995
2 31451 099.0716 218.2609 0033933 049.0743 015.1590 14.09948194430450
FENGYUN 1C DEB
1 31451U 99025BUP 15226.86778164  .00000293  00000-0  19127-3 0  9999
2 31451 099.0717 220.9183 0033835 041.9471 074.0914 14.09949870430825
FENGYUN 1C DEB
1 31451U 99025BUP 15229.19835682  .00000320  00000-0  20642-3 0  9992
2 31451 099.0719 223.2681 0033716 035.6018 023.4966 14.09951923431155
FENGYUN 1C DEB
1 31451U 99025BUP 15229.77877579 +.00000288 +00000-0 +18824-3 0  9999
2 31451 099.0720 223.8533 0033684 034.0023 089.5767 14.09952245428417
FENGYUN 1C DEB
1 31451U 99025BUP 15230.84258314 +.00000207 +00000-0 +14232-3 0  9999
2 31451 099.0721 224.9259 0033629 031.0777 089.2245 14.09952627428565
FENGYUN 1C DEB
1 31451U 99025BUP 15231.95977338 +.00000157 +00000-0 +11403-3 0  9997
2 31451 099.0723 226.0523 0033567 028.0201 359.8203 14.09953118428727
FENGYUN 1C DEB
1 31451U 99025BUP 15231.95977338  .00000157  00000-0  11403-3 0  9997
2 31451 099.0723 226.0523 0033567 028.0201 359.8203 14.09953118431541
FENGYUN 1C DEB
1 31451U 99025BUP 15233.24465546 +.00000150 +00000-0 +11029-3 0  9991
2 31451 099.0725 227.3478 0033493 024.5063 041.5785 14.09953666428905
FENGYUN 1C DEB
1 31451U 99025BUP 15235.46158490 +.00000223 +00000-0 +15155-3 0  9999
2 31451 099.0726 229.5832 0033384 018.4338 134.2026 14.09954668429216
FENGYUN 1C DEB
1 31451U 99025BUP 15236.92812257 +.00000279 +00000-0 +18331-3 0  9999
2 31451 099.0727 231.0620 0033305 014.4070 018.0266 14.09955499429423
FENGYUN 1C DEB
1 31451U 99025BUP 15238.21065080  .00000294  00000-0  19180-3 0  9997
2 31451 099.0728 232.3552 0033218 010.8794 047.8697 14.09956266432423
FENGYUN 1C DEB
1 31451U 99025BUP 15239.85430824 +.00000282 +00000-0 +18517-3 0  9990
2 31451 099.0729 234.0126 0033101 006.3223 110.7733 14.09957456429832
FENGYUN 1C DEB
1 31451U 99025BUP 15241.19138980  .00000236  00000-0  15892-3 0  9990
2 31451 099.0731 235.3608 0033012 002.5826 057.5935 14.09958448432841
FENGYUN 1C DEB
1 31451U 99025BUP 15241.84156519 +.00000215 +00000-0 +14712-3 0  9997
2 31451 099.0732 236.0164 0032975 000.7567 117.7923 14.09958896430117
FENGYUN 1C DEB
1 31451U 99025BUP 15242.96455671 +.00000157 +00000-0 +11447-3 0  9999
2 31451 099.0733 237.1488 0032906 357.6144 057.9291 14.09959439430272
FENGYUN 1C DEB
1 31451U 99025BUP 15245.23720089  .00000185  00000-0  13041-3 0  9993
2 31451  99.0735 239.4406 0032774 351.2745  73.5163 14.09960749433416
FENGYUN 1C DEB
1 31451U 99025BUP 15245.81624051 +.00000206 +00000-0 +14237-3 0  9991
2 31451 099.0736 240.0245 0032746 349.6446 132.6464 14.09961063430670
FENGYUN 1C DEB
1 31451U 99025BUP 15246.46133105 +.00000228 +00000-0 +15448-3 0  9997
2 31451 099.0737 240.6750 0032710 347.8436 167.0283 14.09961401430765
FENGYUN 1C DEB
1 31451U 99025BUP 15247.22358890 +.00000258 +00000-0 +17163-3 0  9991
2 31451 099.0737 241.4437 0032657 345.7186 076.1316 14.09961805430872
FENGYUN 1C DEB
1 31451U 99025BUP 15248.21647169  .00000289  00000-0  18899-3 0  9992
2 31451  99.0739 242.4449 0032609 342.9373  75.8671 14.09962378433837
FENGYUN 1C DEB
1 31451U 99025BUP 15248.79674947 +.00000294 +00000-0 +19202-3 0  9994
2 31451 099.0739 243.0301 0032571 341.2861 141.3039 14.09962706431091
FENGYUN 1C DEB
1 31451U 99025BUP 15250.20327753 +.00000281 +00000-0 +18433-3 0  9994
2 31451 099.0741 244.4486 0032479 337.2922 080.7069 14.09963557431299
FENGYUN 1C DEB
1 31451U 99025BUP 15253.48642192  .00000187  00000-0  13142-3 0  9991
2 31451  99.0744 247.7598 0032270 327.8998 185.7246 14.09965512434579
FENGYUN 1C DEB
1 31451U 99025BUP 15253.95872314 +.00000155 +00000-0 +11336-3 0  9992
2 31451 099.0744 248.2361 0032245 326.5541 063.0893 14.09965614431829
FENGYUN 1C DEB
1 31451U 99025BUP 15254.95201362 +.00000169 +00000-0 +12129-3 0  9998
2 31451 099.0744 249.2377 0032205 323.7289 064.9517 14.09966194431963
FENGYUN 1C DEB
1 31451U 99025BUP 15256.93916152 +.00000211 +00000-0 +14513-3 0  9995
2 31451 099.0745 251.2417 0032100 318.0771 071.5578 14.09967177432244
FENGYUN 1C DEB
1 31451U 99025BUP 15257.93310168 +.00000245 +00000-0 +16406-3 0  9991
2 31451 099.0744 252.2441 0032035 315.2385 076.7347 14.09967755432386
FENGYUN 1C DEB
1 31451U 99025BUP 15258.22188807 +.00000257 +00000-0 +17111-3 0  9994
2 31451 099.0745 252.5353 0032015 314.4027 102.6074 14.09967937432427
FENGYUN 1C DEB
1 31451U 99025BUP 15259.21549947  .00000265  00000-0  17560-3 0  9997
2 31451  99.0745 253.5374 0031962 311.5413 106.1421 14.09968467435380
FENGYUN 1C DEB
1 31451U 99025BUP 15259.79596330 +.00000262 +00000-0 +17394-3 0  9990
2 31451 099.0745 254.1227 0031922 309.8680 172.5579 14.09968766432645
FENGYUN 1C DEB
1 31451U 99025BUP 15260.20901770 +.00000268 +00000-0 +17735-3 0  9991
2 31451 099.0746 254.5394 0031913 308.6766 109.2103 14.09969077432700
FENGYUN 1C DEB
1 31451U 99025BUP 15261.78313834  .00000237  00000-0  15977-3 0  9995
2 31451  99.0747 256.1269 0031847 304.1228 179.4190 14.09970014435745
FENGYUN 1C DEB
1 31451U 99025BUP 15262.19664675 +.00000231 +00000-0 +15614-3 0  9995
2 31451 099.0748 256.5439 0031842 302.9276 118.3807 14.09970331432985
FENGYUN 1C DEB
1 31451U 99025BUP 15263.19000178 +.00000225 +00000-0 +15305-3 0  9998
2 31451 099.0751 257.5458 0031815 300.0624 120.6290 14.09971063433129
FENGYUN 1C DEB
1 31451U 99025BUP 15264.25393671  .00000205  00000-0  14187-3 0  9994
2 31451  99.0753 258.6187 0031797 297.0305 121.1050 14.09971731436093
FENGYUN 1C DEB
1 31451U 99025BUP 15265.24702841 +.00000193 +00000-0 +13509-3 0  9990
2 31451 099.0754 259.6203 0031769 294.1731 122.0130 14.09972248433410
FENGYUN 1C DEB
1 31451U 99025BUP 15267.23435383  .00000264  00000-0  17491-3 0  9998
2 31451  99.0756 261.6246 0031712 288.4549 129.6299 14.09973500436518
FENGYUN 1C DEB
1 31451U 99025BUP 15267.46620821 +.00000273 +00000-0 +18013-3 0  9997
2 31451 099.0756 261.8585 0031705 287.7861 226.5195 14.09973660433726
FENGYUN 1C DEB
1 31451U 99025BUP 15269.92532645 +.00000354 +00000-0 +22573-3 0  9992
2 31451 099.0758 264.3387 0031647 280.6760 108.9950 14.09975391434075
FENGYUN 1C DEB
1 31451U 99025BUP 15270.21467858  .00000346  00000-0  22144-3 0  9994
2 31451  99.0758 264.6305 0031647 279.8440 137.7411 14.09975502436936
FENGYUN 1C DEB
1 31451U 99025BUP 15271.85860109 +.00000313 +00000-0 +20266-3 0  9998
2 31451 099.0758 266.2886 0031641 275.0653 202.3237 14.09976615434340
FENGYUN 1C DEB
1 31451U 99025BUP 15272.20162214 +.00000310 +00000-0 +20114-3 0  9999
2 31451 099.0759 266.6345 0031635 274.0701 143.5038 14.09976877434391
FENGYUN 1C DEB
1 31451U 99025BUP 15273.84603191  .00000252  00000-0  16823-3 0  9991
2 31451  99.0759 268.2931 0031631 269.2654 210.5937 14.09977994437442
FENGYUN 1C DEB
1 31451U 99025BUP 15274.96371065 +.00000247 +00000-0 +16547-3 0  9994
2 31451 099.0760 269.4205 0031632 266.0177 123.9613 14.09978882434786
FENGYUN 1C DEB
1 31451U 99025BUP 15275.25293005 +.00000257 +00000-0 +17123-3 0  9996
2 31451 099.0761 269.7122 0031623 265.1677 152.0562 14.09979096434822
FENGYUN 1C DEB
1 31451U 99025BUP 15276.17694537  .00000251  00000-0  16775-3 0  9999
2 31451  99.0761 270.6442 0031623 262.5014 162.3664 14.09979672437778
FENGYUN 1C DEB
1 31451U 99025BUP 15277.94406709 +.00000283 +00000-0 +18550-3 0  9995
2 31451 099.0763 272.4266 0031612 257.3960 132.3014 14.09980698435206
FENGYUN 1C DEB
1 31451U 99025BUP 15278.23316123  .00000292  00000-0  19101-3 0  9991
2 31451  99.0764 272.7183 0031612 256.5581 159.7506 14.09980885438062
FENGYUN 1C DEB
1 31451U 99025BUP 15279.93101975 +.00000324 +00000-0 +20896-3 0  9995
2 31451 099.0765 274.4309 0031613 251.6497 138.1155 14.09981911435480
FENGYUN 1C DEB
1 31451U 99025BUP 15281.21396041  .00000374  00000-0  23710-3 0  9992
2 31451  99.0765 275.7249 0031632 247.9118 170.3864 14.09983165438487
FENGYUN 1C DEB
1 31451U 99025BUP 15282.85779002 +.00000291 +00000-0 +19033-3 0  9996
2 31451 099.0764 277.3829 0031666 243.1280 234.5483 14.09984116435892
FENGYUN 1C DEB
1 31451U 99025BUP 15283.20120578 +.00000279 +00000-0 +18346-3 0  9996
2 31451 099.0764 277.7293 0031676 242.1295 177.7442 14.09984369435946
FENGYUN 1C DEB
1 31451U 99025BUP 15284.84498995  .00000191  00000-0  13352-3 0  9993
2 31451  99.0764 279.3874 0031724 237.4040 241.6256 14.09985322438990
FENGYUN 1C DEB
1 31451U 99025BUP 15285.96236977 +.00000167 +00000-0 +12022-3 0  9993
2 31451 099.0765 280.5144 0031752 234.1877 153.4749 14.09986040436339
FENGYUN 1C DEB
1 31451U 99025BUP 15286.48407979 +.00000165 +00000-0 +11871-3 0  9992
2 31451 099.0766 281.0407 0031761 232.6949 281.6802 14.09986347436403
FENGYUN 1C DEB
1 31451U 99025BUP 15287.24563751  .00000200  00000-0  13885-3 0  9995
2 31451  99.0766 281.8088 0031774 230.4952 187.3757 14.09986900439331
FENGYUN 1C DEB
1 31451U 99025BUP 15288.81937564 +.00000254 +00000-0 +16937-3 0  9996
2 31451 099.0767 283.3962 0031810 225.9667 255.7152 14.09987797436738
FENGYUN 1C DEB
1 31451U 99025BUP 15290.45792747  .00000357  00000-0  22724-3 0  9996
2 31451  99.0769 285.0489 0031855 221.2405 293.0688 14.09989096439782
FENGYUN 1C DEB
1 31451U 99025BUP 15290.80648297 +.00000373 +00000-0 +23643-3 0  9994
2 31451 099.0769 285.4005 0031860 220.2479 262.3382 14.09989346437018
FENGYUN 1C DEB
1 31451U 99025BUP 15291.80007152 +.00000421 +00000-0 +26339-3 0  9993
2 31451 099.0769 286.4028 0031902 217.3837 265.8376 14.09990323437159
FENGYUN 1C DEB
1 31451U 99025BUP 15292.79360161  .00000441  00000-0  27467-3 0  9999
2 31451  99.0770 287.4049 0031940 214.5280 269.0358 14.09991318440119
FENGYUN 1C DEB
1 31451U 99025BUP 15294.20032557 +.00000451 +00000-0 +28026-3 0  9995
2 31451 099.0771 288.8239 0032029 210.5511 209.5650 14.09992977437491
FENGYUN 1C DEB
1 31451U 99025BUP 15297.18135625  .00000388  00000-0  24444-3 0  9994
2 31451  99.0773 291.8308 0032139 202.1108 221.3099 14.09996093440738
FENGYUN 1C DEB
1 31451U 99025BUP 15298.47620696 +.00000415 +00000-0 +25985-3 0  9996
2 31451 099.0776 293.1370 0032153 198.4439 313.9960 14.09997502438092
FENGYUN 1C DEB
1 31451U 99025BUP 15299.23952815  .00000402  00000-0  25266-3 0  9990
2 31451  99.0777 293.9070 0032183 196.2790 228.6336 14.09998060441023
FENGYUN 1C DEB
1 31451U 99025BUP 15300.81210797 +.00000442 +00000-0 +27503-3 0  9993
2 31451 099.0776 295.4935 0032239 191.7555 291.1583 14.09999553438427
FENGYUN 1C DEB
1 31451U 99025BUP 15301.92917816  .00000468  00000-0  28975-3 0  9994
2 31451  99.0773 296.6201 0032361 188.5768 201.4569 14.10000766441400
FENGYUN 1C DEB
1 31451U 99025BUP 15301.92917816 +.00000468 +00000-0 +28975-3 0  9994
2 31451 099.0773 296.6201 0032361 188.5768 201.4569 14.10000766438585
FENGYUN 1C DEB
1 31451U 99025BUP 15302.79914502 +.00000470 +00000-0 +29103-3 0  9996
2 31451 099.0773 297.4977 0032399 186.1280 297.4236 14.10001613438700
FENGYUN 1C DEB
1 31451U 99025BUP 15303.21214271 +.00000469 +00000-0 +29014-3 0  9999
2 31451 099.0773 297.9143 0032421 184.9630 233.8107 14.10002046438769
FENGYUN 1C DEB
1 31451U 99025BUP 15304.20562591  .00000444  00000-0  27600-3 0  9992
2 31451  99.0774 298.9164 0032478 182.1663 236.7542 14.10002981441725
FENGYUN 1C DEB
1 31451U 99025BUP 15304.78619390 +.00000412 +00000-0 +25839-3 0  9992
2 31451 099.0774 299.5021 0032496 180.5641 303.6998 14.10003437438982
FENGYUN 1C DEB
1 31451U 99025BUP 15305.19952697 +.00000438 +00000-0 +27284-3 0  9992
2 31451 099.0775 299.9190 0032523 179.4052 241.7847 14.10004007439045
FENGYUN 1C DEB
1 31451U 99025BUP 15306.19296505 +.00000357 +00000-0 +22693-3 0  9991
2 31451 099.0775 300.9209 0032597 176.6198 244.4947 14.10004648439187
FENGYUN 1C DEB
1 31451U 99025BUP 15307.48890223  .00000350  00000-0  22287-3 0  9993
2 31451  99.0778 302.2285 0032660 173.0378 342.6468 14.10005828442185
FENGYUN 1C DEB
1 31451U 99025BUP 15308.24995694 +.00000351 +00000-0 +22357-3 0  9995
2 31451 099.0776 302.9965 0032674 170.8969 245.7850 14.10006444439472
FENGYUN 1C DEB
1 31451U 99025BUP 15309.47510984 +.00000352 +00000-0 +22420-3 0  9998
2 31451 099.0777 304.2324 0032708 167.4319 344.7210 14.10007281439645
FENGYUN 1C DEB
1 31451U 99025BUP 15310.53469963  .00000390  00000-0  24579-3 0  9996
2 31451  99.0770 305.3006 0032835 164.4962 323.1919 14.10008078442612
FENGYUN 1C DEB
1 31451U 99025BUP 15311.46226998 +.00000459 +00000-0 +28424-3 0  9997
2 31451 099.0773 306.2363 0032834 161.9133 351.5483 14.10009003439922
FENGYUN 1C DEB
1 31451U 99025BUP 15312.45624758 +.00000459 +00000-0 +28471-3 0  9995
2 31451 099.0775 307.2392 0032839 159.0941 357.0430 14.10009685440063
FENGYUN 1C DEB
1 31451U 99025BUP 15314.21072081  .00000468  00000-0  28946-3 0  9994
2 31451  99.0775 309.0089 0032923 154.2304 262.7649 14.10011482443133
FENGYUN 1C DEB
1 31451U 99025BUP 15314.79159987 +.00000449 +00000-0 +27894-3 0  9998
2 31451 099.0774 309.5948 0032949 152.6068 331.3286 14.10012044440398
FENGYUN 1C DEB
1 31451U 99025BUP 15315.20478043 +.00000466 +00000-0 +28845-3 0  9998
2 31451 099.0774 310.0116 0032952 151.4833 268.6189 14.10012708440451
FENGYUN 1C DEB
1 31451U 99025BUP 15316.19830039 +.00000394 +00000-0 +24758-3 0  9993
2 31451 099.0774 311.0137 0032991 148.7496 271.7251 14.10013559440597
FENGYUN 1C DEB
1 31451U 99025BUP 15317.84192397  .00000290  00000-0  18911-3 0  9993
2 31451  99.0777 312.6720 0033033 144.2152 334.7735 14.10014812443642
FENGYUN 1C DEB
1 31451U 99025BUP 15318.48736551 +.00000308 +00000-0 +19944-3 0  9997
2 31451 099.0778 313.3229 0033049 142.4098 011.0697 14.10015675440918
FENGYUN 1C DEB
1 31451U 99025BUP 15319.48047433 +.00000302 +00000-0 +19608-3 0  9993
2 31451 099.0780 314.3247 0033070 139.6542 012.1202 14.10016457441057
FENGYUN 1C DEB
1 31451U 99025BUP 15320.47400867  .00000375  00000-0  23691-3 0  9995
2 31451  99.0781 315.3269 0033098 136.8836  15.3481 14.10017615444018
FENGYUN 1C DEB
1 31451U 99025BUP 15320.82273414 +.00000388 +00000-0 +24460-3 0  9999
2 31451 099.0781 315.6787 0033112 135.9217 345.4852 14.10017904441248
FENGYUN 1C DEB
1 31451U 99025BUP 15321.46774745 +.00000459 +00000-0 +28423-3 0  9995
2 31451 099.0782 316.3293 0033128 134.1254 019.6037 14.10018777441332
FENGYUN 1C DEB
1 31451U 99025BUP 15322.80986289  .00000534  00000-0  32653-3 0  9996
2 31451  99.0782 317.6833 0033185 130.4332 352.2057 14.10020254444340
FENGYUN 1C DEB
1 31451U 99025BUP 15322.93361546 +.00000528 +00000-0 +32307-3 0  9992
2 31451 099.0782 317.8081 0033188 130.0921 260.3771 14.10020352441540
FENGYUN 1C DEB
1 31451U 99025BUP 15323.87312800 +.00000546 +00000-0 +33316-3 0  9996
2 31451 099.0781 318.7559 0033218 127.5130 349.3601 14.10021418441674
FENGYUN 1C DEB
1 31451U 99025BUP 15324.79714211 +.00000512 +00000-0 +31400-3 0  9995
2 31451 099.0781 319.6880 0033245 124.9899 359.6630 14.10022297441801
FENGYUN 1C DEB
1 31451U 99025BUP 15325.79048904  .00000486  00000-0  29978-3 0  9992
2 31451  99.0782 320.6901 0033267 122.2750   1.9070 14.10023420444761
FENGYUN 1C DEB
1 31451U 99025BUP 15326.85365894 +.00000441 +00000-0 +27398-3 0  9995
2 31451 099.0781 321.7626 0033295 119.4056 358.5418 14.10024566442097
FENGYUN 1C DEB
1 31451U 99025BUP 15327.77751450 +.00000388 +00000-0 +24402-3 0  9997
2 31451 099.0781 322.6946 0033310 116.8976 008.0363 14.10025406442227
FENGYUN 1C DEB
1 31451U 99025BUP 15329.48602538  .00000320  00000-0  20621-3 0  9994
2 31451  99.0781 324.4181 0033338 112.2018  40.5082 14.10026857445284
FENGYUN 1C DEB
1 31451U 99025BUP 15329.95843078 +.00000289 +00000-0 +18819-3 0  9992
2 31451 099.0781 324.8947 0033347 110.9146 278.4472 14.10027071442534
FENGYUN 1C DEB
1 31451U 99025BUP 15330.95196039 +.00000306 +00000-0 +19813-3 0  9997
2 31451 099.0782 325.8969 0033364 108.1751 281.6574 14.10027901442676
FENGYUN 1C DEB
1 31451U 99025BUP 15331.94574466 +.00000350 +00000-0 +22270-3 0  9991
2 31451 099.0783 326.8994 0033385 105.4327 286.1645 14.10028765442812
FENGYUN 1C DEB
1 31451U 99025BUP 15332.23646044  .00000369  00000-0  23354-3 0  9990
2 31451  99.0782 327.1927 0033397 104.6618 321.8251 14.10029100445679
FENGYUN 1C DEB
1 31451U 99025BUP 15332.93898995 +.00000403 +00000-0 +25294-3 0  9995
2 31451 099.0782 327.9014 0033411 102.7177 287.9141 14.10029758442957
FENGYUN 1C DEB
1 31451U 99025BUP 15333.45999993 +.00000445 +00000-0 +27622-3 0  9996
2 31451 099.0783 328.4270 0033426 101.2973 052.5773 14.10030368443027
FENGYUN 1C DEB
1 31451U 99025BUP 15334.80242047  .00000490  00000-0  30170-3 0  9999
2 31451  99.0783 329.7812 0033444  97.6321  26.7574 14.10031770446032
FENGYUN 1C DEB
1 31451U 99025BUP 15335.79591584 +.00000447 +00000-0 +27734-3 0  9995
2 31451 099.0783 330.7835 0033443 094.9453 029.7575 14.10032494443354
FENGYUN 1C DEB
1 31451U 99025BUP 15336.20877638 +.00000434 +00000-0 +27010-3 0  9992
2 31451 099.0783 331.2000 0033446 093.8325 325.4426 14.10032869443417
FENGYUN 1C DEB
1 31451U 99025BUP 15337.20242193  .00000367  00000-0  23263-3 0  9996
2 31451  99.0784 332.2023 0033436  91.1312 329.2241 14.10033565446379
FENGYUN 1C DEB
1 31451U 99025BUP 15337.20242193 +.00000367 +00000-0 +23263-3 0  9996
2 31451 099.0784 332.2023 0033436 091.1312 329.2241 14.10033565443556
FENGYUN 1C DEB
1 31451U 99025BUP 15338.84593902 +.00000291 +00000-0 +18946-3 0  9992
2 31451 099.0785 333.8603 0033421 086.6540 031.7934 14.10034830443789
FENGYUN 1C DEB
1 31451U 99025BUP 15339.49132563  .00000290  00000-0  18904-3 0  9999
2 31451  99.0785 334.5114 0033412  84.9112  67.7920 14.10035405446696
FENGYUN 1C DEB
1 31451U 99025BUP 15339.96358802 +.00000292 +00000-0 +19013-3 0  9991
2 31451 099.0784 334.9878 0033404 083.6521 304.9926 14.10035811443945
FENGYUN 1C DEB
1 31451U 99025BUP 15340.48490454 +.00000309 +00000-0 +19979-3 0  9990
2 31451 099.0784 335.5137 0033399 082.2555 071.1985 14.10036293444017
FENGYUN 1C DEB
1 31451U 99025BUP 15341.95072825  .00000365  00000-0  23112-3 0  9997
2 31451  99.0784 336.9924 0033404  78.2320 311.8284 14.10037523447047
FENGYUN 1C DEB
1 31451U 99025BUP 15341.95072825 +.00000365 +00000-0 +23112-3 0  9997
2 31451 099.0784 336.9924 0033404 078.2320 311.8284 14.10037523444224
FENGYUN 1C DEB
1 31451U 99025BUP 15342.82026713 +.00000385 +00000-0 +24274-3 0  9991
2 31451 099.0784 337.8697 0033395 075.8033 045.7135 14.10038001444347
FENGYUN 1C DEB
1 31451U 99025BUP 15343.93781935 +.00000383 +00000-0 +24156-3 0  9995
2 31451 099.0784 338.9972 0033427 072.6519 318.5791 14.10038583444507
FENGYUN 1C DEB
1 31451U 99025BUP 15344.93722448 +.00000409 +00000-0 +25585-3 0  9996
2 31451 099.0785 340.0054 0033427 069.8977 351.6531 14.10039454444642
FENGYUN 1C DEB
1 31451U 99025BUP 15345.22039501  .00000405  00000-0  25374-3 0  9992
2 31451  99.0785 340.2910 0033419  69.1503 349.0208 14.10039643447504
FENGYUN 1C DEB
1 31451U 99025BUP 15346.21353273 +.00000430 +00000-0 +26765-3 0  9990
2 31451 099.0786 341.2929 0033411 066.4176 350.2822 14.10040713444822
FENGYUN 1C DEB
1 31451U 99025BUP 15347.20717856 +.00000377 +00000-0 +23822-3 0  9992
2 31451 099.0787 342.2954 0033396 063.6861 354.1237 14.10041442444962
FENGYUN 1C DEB
1 31451U 99025BUP 15349.84474804  .00000340  00000-0  21738-3 0  9991
2 31451  99.0789 344.9563 0033342  56.4488  62.6833 14.10044046448156
FENGYUN 1C DEB
1 31451U 99025BUP 15350.25839214 +.00000337 +00000-0 +21550-3 0  9996
2 31451 099.0790 345.3735 0033334 055.3000 002.3978 14.10044496445396
FENGYUN 1C DEB
1 31451U 99025BUP 15352.94937300  .00000359  00000-0  22772-3 0  9990
2 31451  99.0793 348.0885 0033341  47.8147 342.2025 14.10046748448597
FENGYUN 1C DEB
1 31451U 99025BUP 15352.94937300 +.00000359 +00000-0 +22772-3 0  9990
2 31451 099.0793 348.0885 0033341 047.8147 342.2025 14.10046748445774
FENGYUN 1C DEB
1 31451U 99025BUP 15353.94285348 +.00000424 +00000-0 +26444-3 0  9992
2 31451 099.0793 349.0909 0033335 045.0487 345.2619 14.10047936445910
FENGYUN 1C DEB
1 31451U 99025BUP 15354.93625995 +.00000540 +00000-0 +33008-3 0  9991
2 31451 099.0791 350.0930 0033277 042.4257 347.8105 14.10049633446055
FENGYUN 1C DEB
1 31451U 99025BUP 15355.80600873  .00000566  00000-0  34446-3 0  9991
2 31451  99.0792 350.9704 0033254  40.0273  82.7747 14.10050757448992
FENGYUN 1C DEB
1 31451U 99025BUP 15356.21901914 +.00000535 +00000-0 +32710-3 0  9995
2 31451 099.0791 351.3872 0033233 038.9064 019.2542 14.10051018446237
FENGYUN 1C DEB
1 31451U 99025BUP 15357.21243348 +.00000509 +00000-0 +31236-3 0  9999
2 31451 099.0791 352.3893 0033178 036.2037 021.9304 14.10052092446374
FENGYUN 1C DEB
1 31451U 99025BUP 15357.79292973 +.00000489 +00000-0 +30136-3 0  9995
2 31451 099.0791 352.9751 0033147 034.5810 088.6361 14.10052735446455
FENGYUN 1C DEB
1 31451U 99025BUP 15359.19978216  .00000417  00000-0  26087-3 0  9993
2 31451  99.0791 354.3945 0033085  30.7053  30.0269 14.10054249449479
FENGYUN 1C DEB
1 31451U 99025BUP 15359.84970175 +.00000386 +00000-0 +24301-3 0  9993
2 31451 099.0792 355.0502 0033063 028.9032 089.1289 14.10054920446749
FENGYUN 1C DEB
1 31451U 99025BUP 15360.84343844 +.00000316 +00000-0 +20363-3 0  9999
2 31451 099.0793 356.0527 0033042 026.1479 093.5065 14.10055695446886
FENGYUN 1C DEB
1 31451U 99025BUP 15362.48175966  .00000282  00000-0  18454-3 0  9999
2 31451  99.0794 357.7057 0032975  21.6290 129.8859 14.10056929449932
FENGYUN 1C DEB
1 31451U 99025BUP 16001.22412128  .00000399  00000-0  25062-3 0  9998
2 31451  99.0800   1.4816 0032895  11.2795  46.7546 14.10059659450465
FENGYUN 1C DEB
1 31451U 99025BUP 16001.80450439 +.00000386 +00000-0 +24302-3 0  9991
2 31451 099.0800 002.0671 0032842 009.6568 112.9001 14.10059991447728
FENGYUN 1C DEB
1 31451U 99025BUP 16002.21767453 +.00000348 +00000-0 +22174-3 0  9997
2 31451 099.0800 002.4840 0032849 008.5058 050.2341 14.10060104447784
FENGYUN 1C DEB
1 31451U 99025BUP 16003.79150640  .00000342  00000-0  21831-3 0  9998
2 31451  99.0801   4.0721 0032788   4.0995 119.3468 14.10061429450821
FENGYUN 1C DEB
1 31451U 99025BUP 16004.85474690 +.00000277 +00000-0 +18197-3 0  9998
2 31451 099.0800 005.1449 0032730 001.1210 116.5925 14.10062056448151
FENGYUN 1C DEB
1 31451U 99025BUP 16005.84831171  .00000242  00000-0  16186-3 0  9997
2 31451  99.0800   6.1474 0032687 358.3378 120.1509 14.10062731451112
FENGYUN 1C DEB
1 31451U 99025BUP 16006.84185338 +.00000222 +00000-0 +15066-3 0  9999
2 31451 099.0801 007.1498 0032648 355.5603 123.5883 14.10063388448439
FENGYUN 1C DEB
1 31451U 99025BUP 16007.95948628  .00000228  00000-0  15422-3 0  9993
2 31451  99.0801   8.2776 0032626 352.4415  36.9366 14.10064143451418
FENGYUN 1C DEB
1 31451U 99025BUP 16007.95948628 +.00000228 +00000-0 +15422-3 0  9993
2 31451 099.0801 008.2776 0032626 352.4415 036.9366 14.10064143448593
FENGYUN 1C DEB
1 31451U 99025BUP 16009.94622987 +.00000282 +00000-0 +18464-3 0  9990
2 31451 099.0802 010.2824 0032552 346.8826 042.1022 14.10065503448872
FENGYUN 1C DEB
1 31451U 99025BUP 16010.46742648  .00000300  00000-0  19508-3 0  9997
2 31451  99.0803  10.8084 0032539 345.4289 167.8121 14.10065868451761
FENGYUN 1C DEB
1 31451U 99025BUP 16010.93984963 +.00000316 +00000-0 +20391-3 0  9996
2 31451 099.0803 011.2850 0032541 344.1247 045.9246 14.10066223449015
FENGYUN 1C DEB
1 31451U 99025BUP 16011.80972373 +.00000347 +00000-0 +22129-3 0  9990
2 31451 099.0804 012.1628 0032473 341.6391 141.6632 14.10066974449134
FENGYUN 1C DEB
1 31451U 99025BUP 16012.22254925 +.00000354 +00000-0 +22523-3 0  9999
2 31451 099.0805 012.5794 0032456 340.4852 077.2626 14.10067329449191
FENGYUN 1C DEB
1 31451U 99025BUP 16013.21648297  .00000380  00000-0  23974-3 0  9998
2 31451  99.0806  13.5823 0032413 337.6871  82.7264 14.10068278452151
FENGYUN 1C DEB
1 31451U 99025BUP 16015.20333396 +.00000311 +00000-0 +20094-3 0  9994
2 31451 099.0808 015.5873 0032336 332.0529 088.5451 14.10069756449614
FENGYUN 1C DEB
1 31451U 99025BUP 16015.78348528  .00000289  00000-0  18887-3 0  9991
2 31451  99.0809  16.1727 0032316 330.4058 153.5617 14.10070183452513
FENGYUN 1C DEB
1 31451U 99025BUP 16017.96430867  .00000242  00000-0  16205-3 0  9992
2 31451  99.0812  18.3734 0032245 324.2307  64.0439 14.10071691452825
FENGYUN 1C DEB
1 31451U 99025BUP 16017.96430867 +.00000242 +00000-0 +16205-3 0  9992
2 31451 099.0812 018.3734 0032245 324.2307 064.0439 14.10071691450003
FENGYUN 1C DEB
1 31451U 99025BUP 16018.83386852 +.00000265 +00000-0 +17504-3 0  9991
2 31451 099.0810 019.2509 0032203 321.7792 158.1687 14.10072275450127
FENGYUN 1C DEB
1 31451U 99025BUP 16019.82764098 +.00000309 +00000-0 +19983-3 0  9995
2 31451 099.0811 020.2538 0032180 318.9873 162.8229 14.10072989450265
FENGYUN 1C DEB
1 31451U 99025BUP 16020.47262887  .00000320  00000-0  20608-3 0  9996
2 31451  99.0811  20.9046 0032149 317.1437 196.9870 14.10073404453174
FENGYUN 1C DEB
1 31451U 99025BUP 16020.94481957 +.00000372 +00000-0 +23543-3 0  9997
2 31451 099.0811 021.3811 0032137 315.8159 073.9570 14.10073975450421
FENGYUN 1C DEB
1 31451U 99025BUP 16021.81473587 +.00000381 +00000-0 +24037-3 0  9993
2 31451 099.0811 022.2590 0032095 313.3632 169.8993 14.10074574450540
FENGYUN 1C DEB
1 31451U 99025BUP 16022.80795404  .00000405  00000-0  25428-3 0  9990
2 31451  99.0811  23.2613 0032053 310.5437 171.7795 14.10075469453508
FENGYUN 1C DEB
1 31451U 99025BUP 16023.80146012 +.00000392 +00000-0 +24677-3 0  9996
2 31451 099.0811 024.2640 0032010 307.6716 175.1771 14.10076292450828
FENGYUN 1C DEB
1 31451U 99025BUP 16024.79533742 +.00000341 +00000-0 +21813-3 0  9998
2 31451 099.0811 025.2670 0031981 304.8264 180.4338 14.10076969450969
FENGYUN 1C DEB
1 31451U 99025BUP 16025.20799831  .00000324  00000-0  20818-3 0  9993
2 31451  99.0812  25.6835 0031971 303.6421 115.2441 14.10077308453847
FENGYUN 1C DEB
1 31451U 99025BUP 16025.78860044 +.00000298 +00000-0 +19377-3 0  9999
2 31451 099.0812 026.2695 0031960 301.9760 182.5827 14.10077731451105
FENGYUN 1C DEB
1 31451U 99025BUP 16027.96907708  .00000172  00000-0  12258-3 0  9992
2 31451  99.0815  28.4701 0031909 295.7220  91.4438 14.10078880454233
FENGYUN 1C DEB
1 31451U 99025BUP 16027.96907708 +.00000172 +00000-0 +12258-3 0  9992
2 31451 099.0815 028.4701 0031909 295.7220 091.4438 14.10078880451410
FENGYUN 1C DEB
1 31451U 99025BUP 16029.95626447 +.00000212 +00000-0 +14528-3 0  9998
2 31451 099.0817 030.4757 0031863 290.0187 099.1100 14.10080095451697
FENGYUN 1C DEB
1 31451U 99025BUP 16030.94988317  .00000253  00000-0  16861-3 0  9993
2 31451  99.0818  31.4786 0031836 287.1656 103.0734 14.10080684454650
FENGYUN 1C DEB
1 31451U 99025BUP 16030.94988317 +.00000253 +00000-0 +16861-3 0  9993
2 31451 099.0818 031.4786 0031836 287.1656 103.0734 14.10080684451837
FENGYUN 1C DEB
1 31451U 99025BUP 16031.94365025 +.00000315 +00000-0 +20336-3 0  9990
2 31451 099.0819 032.4818 0031824 284.3583 107.7442 14.10081321451971
FENGYUN 1C DEB
1 31451U 99025BUP 16032.93698322 +.00000343 +00000-0 +21927-3 0  9997
2 31451 099.0819 033.4844 0031793 281.5442 110.2231 14.10081932452119
FENGYUN 1C DEB
1 31451U 99025BUP 16033.22651713  .00000343  00000-0  21924-3 0  9990
2 31451  99.0819  33.7766 0031779 280.7401 139.9737 14.10082019454977
FENGYUN 1C DEB
1 31451U 99025BUP 16033.87633199 +.00000360 +00000-0 +22891-3 0  9992
2 31451 099.0819 034.4324 0031766 278.8700 198.6753 14.10082510452245
FENGYUN 1C DEB
1 31451U 99025BUP 16034.79992105 +.00000346 +00000-0 +22088-3 0  9991
2 31451 099.0820 035.3645 0031765 276.1652 207.2055 14.10083088452376
FENGYUN 1C DEB
1 31451U 99025BUP 16036.20647169  .00000289  00000-0  18868-3 0  9993
2 31451  99.0820  36.7841 0031759 272.0860 147.4194 14.10084001455398
FENGYUN 1C DEB
1 31451U 99025BUP 16036.78688748 +.00000274 +00000-0 +18055-3 0  9996
2 31451 099.0820 037.3701 0031757 270.4139 213.8331 14.10084462452657
FENGYUN 1C DEB
1 31451U 99025BUP 16037.78028043 +.00000248 +00000-0 +16582-3 0  9997
2 31451 099.0821 038.3726 0031754 267.5238 216.7075 14.10085212452796
FENGYUN 1C DEB
1 31451U 99025BUP 16038.96793334  .00000250  00000-0  16658-3 0  9997
2 31451  99.0822  39.5714 0031751 264.1045 125.6930 14.10086209455780
FENGYUN 1C DEB
1 31451U 99025BUP 16038.96793334 +.00000250 +00000-0 +16658-3 0  9997
2 31451 099.0822 039.5714 0031751 264.1045 125.6930 14.10086209452967
FENGYUN 1C DEB
1 31451U 99025BUP 16039.96113060 +.00000254 +00000-0 +16899-3 0  9991
2 31451 099.0823 040.5739 0031744 261.2510 127.5427 14.10086934453108
FENGYUN 1C DEB
1 31451U 99025BUP 16042.46932491  .00000373  00000-0  23582-3 0  9996
2 31451  99.0826  43.1057 0031743 253.9950 260.1573 14.10089076456275
FENGYUN 1C DEB
1 31451U 99025BUP 16043.46281096 +.00000418 +00000-0 +26116-3 0  9991
2 31451 099.0827 044.1085 0031747 251.1132 263.5098 14.10089996453596
FENGYUN 1C DEB
1 31451U 99025BUP 16044.80471359  .00000400  00000-0  25131-3 0  9990
2 31451  99.0828  45.4631 0031748 247.2807 235.5141 14.10090842456609
FENGYUN 1C DEB
1 31451U 99025BUP 16045.79872834 +.00000432 +00000-0 +26943-3 0  9999
2 31451 099.0829 046.4666 0031766 244.4052 241.5510 14.10091942453921
FENGYUN 1C DEB
1 31451U 99025BUP 16046.79164500 +.00000378 +00000-0 +23867-3 0  9995
2 31451 099.0829 047.4688 0031788 241.5259 242.0242 14.10092672454062
FENGYUN 1C DEB
1 31451U 99025BUP 16048.19848588  .00000393  00000-0  24735-3 0  9998
2 31451  99.0830  48.8891 0031835 237.4838 183.7256 14.10094372457085
FENGYUN 1C DEB
1 31451U 99025BUP 16050.83560366  .00000288  00000-0  18805-3 0  9991
2 31451  99.0831  51.5513 0031887 229.8991 250.8352 14.10096125457452
FENGYUN 1C DEB
1 31451U 99025BUP 16051.95290941 +.00000287 +00000-0 +18764-3 0  9997
2 31451 099.0832 052.6792 0031897 226.7003 162.7359 14.10096917454796
FENGYUN 1C DEB
1 31451U 99025BUP 16052.47417000 +.00000319 +00000-0 +20522-3 0  9993
2 31451 099.0833 053.2054 0031915 225.2045 288.8725 14.10097442454865
FENGYUN 1C DEB
1 31451U 99025BUP 16053.46755696  .00000334  00000-0  21375-3 0  9993
2 31451  99.0835  54.2083 0031939 222.3842 291.6901 14.10098118457827
FENGYUN 1C DEB
1 31451U 99025BUP 16053.94830374 +.00000330 +00000-0 +21183-3 0  9996
2 31451 099.0834 054.6936 0031948 220.9636 212.2047 14.10098432455076
FENGYUN 1C DEB
1 31451U 99025BUP 16055.80349628  .00000325  00000-0  20880-3 0  9997
2 31451  99.0834  56.5664 0032007 215.6033 269.9867 14.10099737458154
FENGYUN 1C DEB
1 31451U 99025BUP 16058.20329924  .00000222  00000-0  15095-3 0  9999
2 31451  99.0837  58.9893 0032124 208.7579 212.3779 14.10101121458497
FENGYUN 1C DEB
1 31451U 99025BUP 16058.78341584 +.00000219 +00000-0 +14938-3 0  9999
2 31451 099.0838 059.5750 0032154 207.1116 277.2828 14.10101534455759
FENGYUN 1C DEB
1 31451U 99025BUP 16059.97078156 +.00000166 +00000-0 +11934-3 0  9997
2 31451 099.0838 060.7737 0032210 203.7240 184.8476 14.10102057455923
FENGYUN 1C DEB
1 31451U 99025BUP 16060.26220206  .00000196  00000-0  13637-3 0  9991
2 31451  99.0838  61.0679 0032226 202.8844 224.2280 14.10102353458787
FENGYUN 1C DEB
1 31451U 99025BUP 16060.84029134 +.00000176 +00000-0 +12487-3 0  9992
2 31451 099.0838 061.6515 0032250 201.2464 278.8400 14.10102518456049
FENGYUN 1C DEB
1 31451U 99025BUP 16061.48533767 +.00000220 +00000-0 +14974-3 0  9998
2 31451 099.0838 062.3028 0032274 199.4088 313.3637 14.10103063456135
FENGYUN 1C DEB
1 31451U 99025BUP 16062.47900190  .00000267  00000-0  17602-3 0  9998
2 31451  99.0839  63.3060 0032313 196.5784 317.6175 14.10103681459096
FENGYUN 1C DEB
1 31451U 99025BUP 16064.23481633 +.00000328 +00000-0 +21024-3 0  9991
2 31451 099.0839 065.0788 0032381 191.5601 230.8843 14.10104643456522
FENGYUN 1C DEB
1 31451U 99025BUP 16065.22737448  .00000376  00000-0  23753-3 0  9993
2 31451  99.0840  66.0809 0032421 188.7557 229.5068 14.10105445459485
FENGYUN 1C DEB
1 31451U 99025BUP 16065.80811492 +.00000390 +00000-0 +24530-3 0  9999
2 31451 099.0840 066.6673 0032453 187.1205 297.5737 14.10105899456745
FENGYUN 1C DEB
1 31451U 99025BUP 16071.83849919  .00000243  00000-0  16239-3 0  9998
2 31451  99.0844  72.7562 0032777 170.2182 310.1651 14.10110381460418
FENGYUN 1C DEB
1 31451U 99025BUP 16073.24539619 +.00000293 +00000-0 +19040-3 0  9996
2 31451 099.0845 074.1767 0032848 166.2598 252.1504 14.10111367457791
FENGYUN 1C DEB
1 31451U 99025BUP 16074.23981633  .00000312  00000-0  20124-3 0  9990
2 31451  99.0845  75.1808 0032902 163.4613 260.2375 14.10111936460754
FENGYUN 1C DEB
1 31451U 99025BUP 16074.81958512 +.00000338 +00000-0 +21595-3 0  9995
2 31451 099.0845 075.7662 0032934 161.8406 323.3734 14.10112350458012
FENGYUN 1C DEB
1 31451U 99025BUP 16075.81331341 +.00000399 +00000-0 +25000-3 0  9993
2 31451 099.0845 076.7696 0032988 159.0727 327.9251 14.10113317458157
FENGYUN 1C DEB
1 31451U 99025BUP 16076.22555734 +.00000429 +00000-0 +26712-3 0  9998
2 31451 099.0846 077.1859 0033006 157.9320 260.6296 14.10113814458213
FENGYUN 1C DEB
1 31451U 99025BUP 16077.79944593  .00000371  00000-0  23464-3 0  9993
2 31451  99.0845  78.7752 0033106 153.5848 330.2735 14.10114855461255
FENGYUN 1C DEB
1 31451U 99025BUP 16078.21260566 +.00000353 +00000-0 +22440-3 0  9995
2 31451 099.0844 079.1924 0033133 152.4520 267.6189 14.10115150458492
FENGYUN 1C DEB
1 31451U 99025BUP 16079.20640427 +.00000295 +00000-0 +19147-3 0  9998
2 31451 099.0845 080.1958 0033184 149.7155 272.5071 14.10115799458631
FENGYUN 1C DEB
1 31451U 99025BUP 16080.26994366  .00000240  00000-0  16078-3 0  9990
2 31451  99.0844  81.2698 0033246 146.8007 271.4141 14.10116478461608
FENGYUN 1C DEB
1 31451U 99025BUP 16081.19325498 +.00000210 +00000-0 +14402-3 0  9993
2 31451 099.0844 082.2021 0033287 144.2627 278.4821 14.10117049461735
FENGYUN 1C DEB
1 31451U 99025BUP 16082.25647141 +.00000200 +00000-0 +13825-3 0  9990
2 31451 099.0844 083.2758 0033338 141.3314 275.7698 14.10117637459069
FENGYUN 1C DEB
1 31451U 99025BUP 16083.48179365  .00000224  00000-0  15138-3 0  9999
2 31451  99.0845  84.5130 0033392 137.9499  15.9719 14.10118273462051
FENGYUN 1C DEB
1 31451U 99025BUP 16084.82404144 +.00000262 +00000-0 +17294-3 0  9991
2 31451 099.0847 085.8687 0033425 134.2444 349.7368 14.10118922459427
FENGYUN 1C DEB
1 31451U 99025BUP 16085.81739791  .00000277  00000-0  18134-3 0  9990
2 31451  99.0848  86.8717 0033488 131.5097 352.3903 14.10119380462389
FENGYUN 1C DEB
1 31451U 99025BUP 16086.23018697 +.00000284 +00000-0 +18523-3 0  9992
2 31451 099.0848 087.2886 0033506 130.3821 287.8559 14.10119617459629
FENGYUN 1C DEB
1 31451U 99025BUP 16087.80431977 +.00000283 +00000-0 +18506-3 0  9996
2 31451 099.0848 088.8781 0033591 126.0970 358.7099 14.10120578459840
FENGYUN 1C DEB
1 31451U 99025BUP 16090.20443436  .00000211  00000-0  14446-3 0  9997
2 31451  99.0849  91.3019 0033643 119.5930 302.5252 14.10122218463009
FENGYUN 1C DEB
1 31451U 99025BUP 16090.27662337 +.00000209 +00000-0 +14294-3 0  9995
2 31451 099.0850 091.3748 0033645 119.3912 308.9881 14.10122266460198
FENGYUN 1C DEB
1 31451U 99025BUP 16092.49311959  .00000185  00000-0  12938-3 0  9998
2 31451  99.0850  93.6131 0033706 113.3663  40.7200 14.10123629463322
FENGYUN 1C DEB
1 31451U 99025BUP 16093.83465669 +.00000219 +00000-0 +14862-3 0  9991
2 31451 099.0850 094.9680 0033745 109.7175 010.8498 14.10124385460699
FENGYUN 1C DEB
1 31451U 99025BUP 16094.24810567 +.00000249 +00000-0 +16549-3 0  9995
2 31451 099.0850 095.3855 0033762 108.5974 309.6637 14.10124736460752
FENGYUN 1C DEB
1 31451U 99025BUP 16096.23559091  .00000308  00000-0  19892-3 0  9998
2 31451  99.0851  97.3927 0033821 103.2085 318.8520 14.10125838463857
FENGYUN 1C DEB
1 31451U 99025BUP 16098.22129922 +.00000302 +00000-0 +19536-3 0  9994
2 31451 099.0851 099.3980 0033863 097.8419 319.0130 14.10126985461316
FENGYUN 1C DEB
1 31451U 99025BUP 16099.21544073  .00000284  00000-0  18522-3 0  9995
2 31451  99.0853 100.4022 0033840  95.1372 325.6506 14.10127642464272
FENGYUN 1C DEB
1 31451U 99025BUP 16100.78908829 +.00000187 +00000-0 +13066-3 0  9993
2 31451 099.0853 101.9915 0033844 090.9146 034.0255 14.10128312461673
FENGYUN 1C DEB
1 31451U 99025BUP 16102.19599688  .00000152  00000-0  11126-3 0  9996
2 31451  99.0853 103.4122 0033846  87.1200 335.9990 14.10129049464693
FENGYUN 1C DEB
1 31451U 99025BUP 16103.18952697 +.00000165 +00000-0 +11816-3 0  9999
2 31451 099.0853 104.4156 0033846 084.4362 339.5203 14.10129616462011
FENGYUN 1C DEB
1 31451U 99025BUP 16104.48402671  .00000246  00000-0  16413-3 0  9993
2 31451  99.0853 105.7229 0033851  80.9161  70.8984 14.10130549465011
FENGYUN 1C DEB
1 31451U 99025BUP 16106.81981660  .00000319  00000-0  20516-3 0  9992
2 31451  99.0853 108.0821 0033856  74.6593  48.1809 14.10131929465342
FENGYUN 1C DEB
1 31451U 99025BUP 16107.81323182 +.00000341 +00000-0 +21725-3 0  9990
2 31451 099.0852 109.0853 0033847 071.9875 051.1189 14.10132709462664
FENGYUN 1C DEB
1 31451U 99025BUP 16108.22614848 +.00000365 +00000-0 +23097-3 0  9998
2 31451 099.0852 109.5023 0033830 070.8349 347.2782 14.10133205462721
FENGYUN 1C DEB
1 31451U 99025BUP 16109.80011664  .00000316  00000-0  20343-3 0  9997
2 31451  99.0850 111.0917 0033801  66.6663  57.2595 14.10134341465768
FENGYUN 1C DEB
1 31451U 99025BUP 16110.21311637 +.00000310 +00000-0 +20019-3 0  9991
2 31451 099.0849 111.5090 0033779 065.5289 353.8277 14.10134768463009
FENGYUN 1C DEB
1 31451U 99025BUP 16111.85665574  .00000196  00000-0  13580-3 0  9991
2 31451  99.0849 113.1690 0033723  61.0840  57.0760 14.10135628466050
FENGYUN 1C DEB
1 31451U 99025BUP 16112.85019973 +.00000168 +00000-0 +12032-3 0  9998
2 31451 099.0850 114.1724 0033690 058.3758 060.7165 14.10136178463374
FENGYUN 1C DEB
1 31451U 99025BUP 16113.96773266  .00000154  00000-0  11243-3 0  9991
2 31451  99.0850 115.3011 0033663  55.3557 333.7514 14.10136721466356
FENGYUN 1C DEB
1 31451U 99025BUP 16113.96773266 +.00000154 +00000-0 +11243-3 0  9991
2 31451 099.0850 115.3011 0033663 055.3557 333.7514 14.10136721463533
FENGYUN 1C DEB
1 31451U 99025BUP 16114.83718900 +.00000172 +00000-0 +12262-3 0  9994
2 31451 099.0851 116.1793 0033638 052.9817 067.4768 14.10137104463655
FENGYUN 1C DEB
1 31451U 99025BUP 16115.25061435 +.00000196 +00000-0 +13563-3 0  9996
2 31451 099.0851 116.5968 0033627 051.8644 006.1866 14.10137370463718
FENGYUN 1C DEB
1 31451U 99025BUP 16116.24364880  .00000227  00000-0  15318-3 0  9991
2 31451  99.0852 117.5997 0033596  49.1882   7.2131 14.10137798466670
FENGYUN 1C DEB
1 31451U 99025BUP 16116.82456341 +.00000247 +00000-0 +16477-3 0  9998
2 31451 099.0852 118.1864 0033575 047.6128 076.1708 14.10138076463934
FENGYUN 1C DEB
1 31451U 99025BUP 16117.23713228 +.00000259 +00000-0 +17119-3 0  9991
2 31451 099.0852 118.6031 0033558 046.5106 010.5214 14.10138293463991
FENGYUN 1C DEB
1 31451U 99025BUP 16118.23141354 +.00000291 +00000-0 +18911-3 0  9994
2 31451 099.0852 119.6073 0033515 043.8189 017.8942 14.10138904464136
FENGYUN 1C DEB
1 31451U 99025BUP 16119.80485275  .00000282  00000-0  18441-3 0  9999
2 31451  99.0852 121.1965 0033440  39.4928  85.3780 14.10139791467175
FENGYUN 1C DEB
1 31451U 99025BUP 16119.87429464 +.00000279 +00000-0 +18274-3 0  9994
2 31451 099.0852 121.2667 0033434 039.3054 077.8927 14.10139819464365
FENGYUN 1C DEB
1 31451U 99025BUP 16120.21742046 +.00000275 +00000-0 +18006-3 0  9997
2 31451 099.0852 121.6132 0033414 038.3735 019.7427 14.10140029464410
FENGYUN 1C DEB
1 31451U 99025BUP 16122.27489735  .00000211  00000-0  14446-3 0  9992
2 31451  99.0852 123.6912 0033296  32.7360  24.4122 14.10141248467522
FENGYUN 1C DEB
1 31451U 99025BUP 16122.85537248 +.00000196 +00000-0 +13567-3 0  9994
2 31451 099.0851 124.2775 0033259 031.1457 091.1641 14.10141584464789
FENGYUN 1C DEB
1 31451U 99025BUP 16123.27022145 +.00000206 +00000-0 +14173-3 0  9992
2 31451 099.0852 124.6965 0033238 030.0026 037.1308 14.10141967464844
FENGYUN 1C DEB
1 31451U 99025BUP 16125.18552178  .00000232  00000-0  15629-3 0  9994
2 31451  99.0852 126.6310 0033134  24.7452  40.0700 14.10143277467936
FENGYUN 1C DEB
1 31451U 99025BUP 16125.83507095 +.00000245 +00000-0 +16347-3 0  9996
2 31451 099.0852 127.2871 0033098 022.9668 097.4751 14.10143670465200
FENGYUN 1C DEB
1 31451U 99025BUP 16126.95252501 +.00000272 +00000-0 +17853-3 0  9992
2 31451 099.0852 128.4157 0033041 019.8967 010.1894 14.10144372465362
FENGYUN 1C DEB
1 31451U 99025BUP 16127.24275758  .00000274  00000-0  17990-3 0  9998
2 31451  99.0852 128.7089 0033022  19.1034  43.5405 14.10144516468222
FENGYUN 1C DEB
1 31451U 99025BUP 16128.23582453 +.00000297 +00000-0 +19266-3 0  9994
2 31451 099.0852 129.7119 0032966 016.3677 044.8186 14.10145166465549
FENGYUN 1C DEB
1 31451U 99025BUP 16132.78942278 +.00000212 +00000-0 +14483-3 0  9997
2 31451 099.0851 134.3112 0032620 003.7110 121.1900 14.10148106469007
FENGYUN 1C DEB
1 31451U 99025BUP 16134.84608890  .00000172  00000-0  12255-3 0  9995
2 31451  99.0850 136.3885 0032488 357.9485 121.9287 14.10149219469299
FENGYUN 1C DEB
1 31451U 99025BUP 16136.25283833 +.00000224 +00000-0 +15162-3 0  9996
2 31451 099.0850 137.8093 0032395 354.0248 063.3272 14.10150091466670
FENGYUN 1C DEB
1 31451U 99025BUP 16137.24606574  .00000271  00000-0  17801-3 0  9991
2 31451  99.0850 138.8125 0032329 351.2464  65.4815 14.10150732469630
FENGYUN 1C DEB
1 31451U 99025BUP 16138.82003564 +.00000329 +00000-0 +21104-3 0  9991
2 31451 099.0849 140.4022 0032207 346.8385 135.8060 14.10151791467032
FENGYUN 1C DEB
1 31451U 99025BUP 16139.46497703  .00000323  00000-0  20740-3 0  9993
2 31451  99.0849 141.0536 0032173 345.0165 169.8959 14.10152165469940
FENGYUN 1C DEB
1 31451U 99025BUP 16140.22600931 +.00000308 +00000-0 +19925-3 0  9994
2 31451 099.0849 141.8222 0032122 342.8531 073.3446 14.10152611467232
FENGYUN 1C DEB
1 31451U 99025BUP 16140.80714387 +.00000293 +00000-0 +19092-3 0  9997
2 31451 099.0849 142.4092 0032089 341.1988 143.5296 14.10152957467319
FENGYUN 1C DEB
1 31451U 99025BUP 16142.21342771  .00000232  00000-0  15611-3 0  9994
2 31451  99.0849 143.8296 0031991 337.1805  82.6824 14.10153748470339
FENGYUN 1C DEB
1 31451U 99025BUP 16143.85713116 +.00000159 +00000-0 +11511-3 0  9993
2 31451 099.0848 145.4898 0031887 332.4748 147.1358 14.10154581467748
FENGYUN 1C DEB
1 31451U 99025BUP 16144.50238580  .00000135  00000-0  10192-3 0  9991
2 31451  99.0849 146.1414 0031841 330.6338 182.8414 14.10154863470652
FENGYUN 1C DEB
1 31451U 99025BUP 16145.96792618 +.00000116 +00000-0 +91320-4 0  9991
2 31451 099.0849 147.6217 0031756 326.4488 062.8215 14.10155424468043
FENGYUN 1C DEB
1 31451U 99025BUP 16146.48918299 +.00000138 +00000-0 +10337-3 0  9996
2 31451 099.0849 148.1481 0031729 324.9609 189.0399 14.10155713468114
FENGYUN 1C DEB
1 31451U 99025BUP 16147.25193468  .00000164  00000-0  11819-3 0  9990
2 31451  99.0849 148.9185 0031686 322.7827 101.2357 14.10156061471046
FENGYUN 1C DEB
1 31451U 99025BUP 16148.47577738 +.00000207 +00000-0 +14229-3 0  9997
2 31451 099.0849 150.1547 0031620 319.2821 194.2201 14.10156646468399
FENGYUN 1C DEB
1 31451U 99025BUP 16150.52827207  .00000255  00000-0  16938-3 0  9997
2 31451  99.0849 152.2278 0031525 313.3800 173.9939 14.10157733471506
FENGYUN 1C DEB
1 31451U 99025BUP 16150.81120693 +.00000246 +00000-0 +16431-3 0  9992
2 31451 099.0848 152.5136 0031518 312.5611 170.3574 14.10157774468725
FENGYUN 1C DEB
1 31451U 99025BUP 16151.87444626 +.00000227 +00000-0 +15340-3 0  9991
2 31451 099.0848 153.5875 0031450 309.4566 168.0909 14.10158288468878
FENGYUN 1C DEB
1 31451U 99025BUP 16153.86138984  .00000154  00000-0  11231-3 0  9993
2 31451  99.0848 155.5944 0031368 303.6526 175.1914 14.10159227471971
FENGYUN 1C DEB
1 31451U 99025BUP 16154.85477119 +.00000139 +00000-0 +10420-3 0  9991
2 31451 099.0848 156.5977 0031326 300.7498 178.2870 14.10159824469298
FENGYUN 1C DEB
1 31451U 99025BUP 16156.49373991  .00000161  00000-0  11664-3 0  9992
2 31451  99.0848 158.2532 0031269 296.0000 218.7967 14.10160835472347
FENGYUN 1C DEB
1 31451U 99025BUP 16157.25650731 +.00000177 +00000-0 +12570-3 0  9991
2 31451 099.0848 159.0237 0031260 293.8168 131.0919 14.10161229469639
FENGYUN 1C DEB
1 31451U 99025BUP 16158.95241169 +.00000241 +00000-0 +16172-3 0  9994
2 31451 099.0848 160.7366 0031189 288.8535 100.7011 14.10162296469870
FENGYUN 1C DEB
1 31451U 99025BUP 16159.24163488  .00000253  00000-0  16843-3 0  9992
2 31451  99.0848 161.0288 0031184 288.0246 128.9852 14.10162478472739
FENGYUN 1C DEB
1 31451U 99025BUP 16159.82221272 +.00000264 +00000-0 +17422-3 0  9998
2 31451 099.0848 161.6152 0031162 286.3144 196.4213 14.10162790469991
FENGYUN 1C DEB
1 31451U 99025BUP 16161.80901712  .00000243  00000-0  16262-3 0  9991
2 31451  99.0847 163.6220 0031128 280.4842 202.8715 14.10163781473096
FENGYUN 1C DEB
1 31451U 99025BUP 16162.22187650 +.00000227 +00000-0 +15383-3 0  9990
2 31451 099.0847 164.0390 0031119 279.2699 138.8470 14.10163958470331
FENGYUN 1C DEB
1 31451U 99025BUP 16163.21546388 +.00000204 +00000-0 +14065-3 0  9998
2 31451 099.0847 165.0425 0031114 276.3448 143.0260 14.10164505470475
FENGYUN 1C DEB
1 31451U 99025BUP 16164.85930823  .00000144  00000-0  10714-3 0  9990
2 31451  99.0847 166.7029 0031113 271.5216 208.3748 14.10165267473523
FENGYUN 1C DEB
1 31451U 99025BUP 16165.85260617 +.00000137 +00000-0 +10298-3 0  9997
2 31451 099.0847 167.7061 0031116 268.6394 211.0467 14.10165786470844
FENGYUN 1C DEB
1 31451U 99025BUP 16167.25948009  .00000166  00000-0  11951-3 0  9990
2 31451  99.0848 169.1272 0031114 264.5375 153.3395 14.10166536473864
FENGYUN 1C DEB
1 31451U 99025BUP 16167.25948009 +.00000166 +00000-0 +11951-3 0  9990
2 31451 099.0848 169.1272 0031114 264.5375 153.3395 14.10166536471042
FENGYUN 1C DEB
1 31451U 99025BUP 16168.83302264 +.00000229 +00000-0 +15489-3 0  9992
2 31451 099.0848 170.7165 0031111 259.9541 221.7596 14.10167407471266
FENGYUN 1C DEB
1 31451U 99025BUP 16170.24027928  .00000267  00000-0  17590-3 0  9998
2 31451  99.0848 172.1379 0031118 255.8615 165.9918 14.10168143474283
FENGYUN 1C DEB
1 31451U 99025BUP 16171.23326588 +.00000280 +00000-0 +18353-3 0  9995
2 31451 099.0848 173.1409 0031131 252.9573 167.1156 14.10168738471605
FENGYUN 1C DEB
1 31451U 99025BUP 16172.80695692  .00000240  00000-0  16073-3 0  9997
2 31451  99.0847 174.7304 0031165 248.2450 236.4342 14.10169559474640
FENGYUN 1C DEB
1 31451U 99025BUP 16173.21975873 +.00000225 +00000-0 +15220-3 0  9991
2 31451 099.0847 175.1473 0031183 247.0551 172.1024 14.10169807471883
FENGYUN 1C DEB
1 31451U 99025BUP 16175.20705126  .00000127  00000-0  97324-4 0  9991
2 31451  99.0848 177.1546 0031254 241.2553 181.0512 14.10170663474981
FENGYUN 1C DEB
1 31451U 99025BUP 16175.85717686 +.00000099 +00000-0 +81250-4 0  9995
2 31451 099.0848 177.8113 0031281 239.3719 241.5504 14.10170867472257
FENGYUN 1C DEB
1 31451U 99025BUP 16176.50227050 +.00000097 +00000-0 +80339-4 0  9994
2 31451 099.0848 178.4629 0031304 237.4718 276.5359 14.10171198472344
FENGYUN 1C DEB
1 31451U 99025BUP 16177.49522834  .00000119  00000-0  93030-4 0  9998
2 31451  99.0849 179.4658 0031327 234.6249 277.4677 14.10171722475306
FENGYUN 1C DEB
1 31451U 99025BUP 16178.48900685 +.00000155 +00000-0 +11285-3 0  9993
2 31451 099.0850 180.4696 0031354 231.7472 282.5948 14.10172203472623
FENGYUN 1C DEB
1 31451U 99025BUP 16179.83078883  .00000226  00000-0  15305-3 0  9995
2 31451  99.0850 181.8250 0031406 227.8298 254.4706 14.10172994475635
FENGYUN 1C DEB
1 31451U 99025BUP 16180.24383367 +.00000252 +00000-0 +16754-3 0  9996
2 31451 099.0849 182.2421 0031422 226.6205 191.3958 14.10173316472871
FENGYUN 1C DEB
1 31451U 99025BUP 16185.21119536  .00000174  00000-0  12357-3 0  9991
2 31451  99.0850 187.2597 0031718 212.2579 209.2936 14.10175976476395
FENGYUN 1C DEB
1 31451U 99025BUP 16186.20470001 +.00000113 +00000-0 +89116-4 0  9999
2 31451 099.0850 188.2633 0031781 209.4194 213.0084 14.10176248473711
FENGYUN 1C DEB
1 31451U 99025BUP 16187.97205970  .00000100  00000-0  82015-4 0  9992
2 31451  99.0850 190.0484 0031907 204.3056 185.4116 14.10176951476786
FENGYUN 1C DEB
1 31451U 99025BUP 16187.97205970 +.00000100 +00000-0 +82015-4 0  9992
2 31451 099.0850 190.0484 0031907 204.3056 185.4116 14.10176951473963
FENGYUN 1C DEB
1 31451U 99025BUP 16188.26129723 +.00000094 +00000-0 +78373-4 0  9990
2 31451 099.0851 190.3407 0031896 203.5500 213.7080 14.10176850474003
FENGYUN 1C DEB
1 31451U 99025BUP 16190.47984362  .00000198  00000-0  13713-3 0  9995
2 31451  99.0853 192.5820 0032069 197.2036 316.5903 14.10177727477131
FENGYUN 1C DEB
1 31451U 99025BUP 16190.82874022 +.00000209 +00000-0 +14332-3 0  9996
2 31451 099.0852 192.9342 0032020 196.2793 287.7578 14.10177800474360
FENGYUN 1C DEB
1 31451U 99025BUP 16191.89156404 +.00000232 +00000-0 +15645-3 0  9995
2 31451 099.0851 194.0076 0032099 193.2012 283.4301 14.10178127474510
FENGYUN 1C DEB
1 31451U 99025BUP 16192.23482933 +.00000230 +00000-0 +15482-3 0  9990
2 31451 099.0851 194.3543 0032122 192.2135 226.0897 14.10178183474564
FENGYUN 1C DEB
1 31451U 99025BUP 16193.80898413  .00000233  00000-0  15691-3 0  9993
2 31451  99.0851 195.9444 0032242 187.7716 297.5427 14.10178952477602
FENGYUN 1C DEB
1 31451U 99025BUP 16196.27909932  .00000159  00000-0  11531-3 0  9992
2 31451  99.0853 198.4393 0032401 180.8429 237.4537 14.10180178477953
FENGYUN 1C DEB
1 31451U 99025BUP 16196.85882126 +.00000155 +00000-0 +11281-3 0  9999
2 31451 099.0853 199.0250 0032431 179.2305 300.4874 14.10180527475210
FENGYUN 1C DEB
1 31451U 99025BUP 16197.50370782 +.00000132 +00000-0 +99628-4 0  9999
2 31451 099.0854 199.6763 0032434 177.4140 334.3601 14.10180738475304
FENGYUN 1C DEB
1 31451U 99025BUP 16198.19606690 +.00000139 +00000-0 +10356-3 0  9992
2 31451 099.0854 200.3759 0032464 175.5003 249.2004 14.10181148475407
FENGYUN 1C DEB
1 31451U 99025BUP 16199.49088197 +.00000160 +00000-0 +11543-3 0  9995
2 31451 099.0854 201.6838 0032546 171.8638 342.5338 14.10181673478406
FENGYUN 1C DEB
1 31451U 99025BUP 16200.83274398 +.00000213 +00000-0 +14553-3 0  9999
2 31451 099.0855 203.0392 0032681 168.0871 314.7211 14.10182396475776
FENGYUN 1C DEB
1 31451U 99025BUP 16201.24559294 +.00000210 +00000-0 +14389-3 0  9990
2 31451 099.0855 203.4562 0032715 166.9327 250.6108 14.10182524475833
FENGYUN 1C DEB
1 31451U 99025BUP 16202.23973539  .00000248  00000-0  16516-3 0  9997
2 31451  99.0855 204.4605 0032768 164.1628 257.5163 14.10183144478798
FENGYUN 1C DEB
1 31451U 99025BUP 16203.23275671 +.00000246 +00000-0 +16414-3 0  9995
2 31451 099.0855 205.4636 0032851 161.4061 258.7226 14.10183654476110
FENGYUN 1C DEB
1 31451U 99025BUP 16206.21360133  .00000151  00000-0  11062-3 0  9993
2 31451  99.0856 208.4747 0033034 153.2087 271.3201 14.10185287479355
FENGYUN 1C DEB
1 31451U 99025BUP 16208.20001251 +.00000084 +00000-0 +72595-4 0  9991
2 31451 099.0858 210.4813 0033140 147.7539 275.5611 14.10186033476811
FENGYUN 1C DEB
1 31451U 99025BUP 16210.48831043  .00000153  00000-0  11159-3 0  9999
2 31451  99.0859 212.7929 0033279 141.4607  12.3765 14.10186976479956
FENGYUN 1C DEB
1 31451U 99025BUP 16210.48831043 +.00000153 +00000-0 +11159-3 0  9999
2 31451 099.0859 212.7929 0033279 141.4607 012.3765 14.10186976477134
FENGYUN 1C DEB
1 31451U 99025BUP 16212.24343841 +.00000213 +00000-0 +14526-3 0  9997
2 31451 099.0860 214.5659 0033311 136.5904 282.5373 14.10187552477382
FENGYUN 1C DEB
1 31451U 99025BUP 16214.22964328  .00000203  00000-0  13935-3 0  9998
2 31451  99.0859 216.5719 0033528 131.1913 285.6895 14.10188194480481
FENGYUN 1C DEB
1 31451U 99025BUP 16219.49869968  .00000084  00000-0  72514-4 0  9992
2 31451  99.0865 221.8955 0033719 116.9795  34.4561 14.10189995481223
FENGYUN 1C DEB
1 31451U 99025BUP 16219.97135828 +.00000088 +00000-0 +75000-4 0  9993
2 31451 099.0868 222.3733 0033762 115.7223 273.9271 14.10190111478470
FENGYUN 1C DEB
1 31451U 99025BUP 16220.84081400 +.00000115 +00000-0 +90342-4 0  9994
2 31451 099.0864 223.2505 0033824 113.3423 007.8214 14.10190308478590
FENGYUN 1C DEB
1 31451U 99025BUP 16222.82777985  .00000213  00000-0  14520-3 0  9996
2 31451  99.0864 225.2575 0033913 107.9743  14.8226 14.10191200481690
FENGYUN 1C DEB
1 31451U 99025BUP 16223.24181807 +.00000240 +00000-0 +16018-3 0  9999
2 31451 099.0867 225.6764 0033837 106.7960 316.7841 14.10191551478939
FENGYUN 1C DEB
1 31451U 99025BUP 16224.23411260 +.00000246 +00000-0 +16396-3 0  9993
2 31451 099.0866 226.6789 0033865 104.1576 314.2138 14.10191992479079
FENGYUN 1C DEB
1 31451U 99025BUP 16226.87130998 +.00000181 +00000-0 +12730-3 0  9997
2 31451 099.0866 229.3432 0033887 097.1076 022.1187 14.10193230482265
FENGYUN 1C DEB
1 31451U 99025BUP 16228.20812707 +.00000124 +00000-0 +94945-4 0  9997
2 31451 099.0867 230.6938 0033884 093.4841 328.6127 14.10193772479634
FENGYUN 1C DEB
1 31451U 99025BUP 16229.85158659  .00000109  00000-0  86642-4 0  9996
2 31451  99.0867 232.3539 0033920  89.1514  31.6903 14.10194454482680
FENGYUN 1C DEB
1 31451U 99025BUP 16230.26654204 +.00000119 +00000-0 +92280-4 0  9996
2 31451 099.0868 232.7732 0033913 087.9896 338.2939 14.10194670479929
FENGYUN 1C DEB
1 31451U 99025BUP 16232.25129810  .00000162  00000-0  11629-3 0  9992
2 31451  99.0871 234.7783 0033918  82.5474 334.1858 14.10195270483027
FENGYUN 1C DEB
1 31451U 99025BUP 16233.24480502 +.00000191 +00000-0 +13288-3 0  9995
2 31451 099.0872 235.7820 0033918 079.8557 337.8325 14.10195641480345
FENGYUN 1C DEB
1 31451U 99025BUP 16234.81878650  .00000194  00000-0  13426-3 0  9991
2 31451  99.0872 237.3722 0033904  75.6361  48.2811 14.10196184483389
FENGYUN 1C DEB
1 31451U 99025BUP 16235.88172606 +.00000176 +00000-0 +12437-3 0  9998
2 31451 099.0872 238.4461 0033882 072.7810 044.3913 14.10196611480712
FENGYUN 1C DEB
1 31451U 99025BUP 16236.22491005 +.00000167 +00000-0 +11965-3 0  9999
2 31451 099.0873 238.7929 0033873 071.8516 346.6044 14.10196767480768
FENGYUN 1C DEB
1 31451U 99025BUP 16237.86855535  .00000112  00000-0  88372-4 0  9999
2 31451  99.0874 240.4533 0033832  67.4150  50.7477 14.10197422483811
FENGYUN 1C DEB
1 31451U 99025BUP 16239.20575324 +.00000093 +00000-0 +77796-4 0  9990
2 31451 099.0876 241.8045 0033784 063.7723 359.2140 14.10198064481182
FENGYUN 1C DEB
1 31451U 99025BUP 16240.50082185  .00000105  00000-0  84460-4 0  9993
2 31451  99.0877 243.1129 0033755  60.2551  93.7953 14.10198614484186
FENGYUN 1C DEB
1 31451U 99025BUP 16241.49409977 +.00000142 +00000-0 +10558-3 0  9991
2 31451 099.0878 244.1165 0033733 057.5608 096.2952 14.10199072481505
FENGYUN 1C DEB
1 31451U 99025BUP 16242.95981322  .00000222  00000-0  15018-3 0  9997
2 31451  99.0878 245.5973 0033699  53.5750 337.1859 14.10199851484536
FENGYUN 1C DEB
1 31451U 99025BUP 16242.95981322 +.00000222 +00000-0 +15018-3 0  9997
2 31451 099.0878 245.5973 0033699 053.5750 337.1859 14.10199851481713
FENGYUN 1C DEB
1 31451U 99025BUP 16243.95304465 +.00000255 +00000-0 +16899-3 0  9999
2 31451 099.0878 246.6009 0033662 050.9037 339.4328 14.10200438481859
FENGYUN 1C DEB
1 31451U 99025BUP 16244.24224802 +.00000264 +00000-0 +17376-3 0  9999
2 31451 099.0878 246.8931 0033651 050.1269 007.6042 14.10200598481890
FENGYUN 1C DEB
1 31451U 99025BUP 16248.79613719  .00000198  00000-0  13679-3 0  9990
2 31451  99.0878 251.4941 0033415  37.7429  86.0833 14.10203266485359
FENGYUN 1C DEB
1 31451U 99025BUP 16249.20953883 +.00000184 +00000-0 +12902-3 0  9999
2 31451 099.0878 251.9118 0033386 036.6451 024.7524 14.10203469482594
FENGYUN 1C DEB
1 31451U 99025BUP 16249.98367867 +.00000163 +00000-0 +11702-3 0  9999
2 31451 099.0878 252.6939 0033348 034.5215 354.8086 14.10203843482705
FENGYUN 1C DEB
1 31451U 99025BUP 16250.97705668  .00000155  00000-0  11273-3 0  9999
2 31451  99.0879 253.6976 0033300  31.8004 357.8624 14.10204291485669
FENGYUN 1C DEB
1 31451U 99025BUP 16251.97033619 +.00000165 +00000-0 +11816-3 0  9994
2 31451 099.0879 254.7011 0033268 029.0533 000.4423 14.10204639482986
FENGYUN 1C DEB
1 31451U 99025BUP 16252.83986262 +.00000205 +00000-0 +14096-3 0  9999
2 31451 099.0880 255.5796 0033231 026.6620 094.7528 14.10205067483100
FENGYUN 1C DEB
1 31451U 99025BUP 16253.95735609  .00000259  00000-0  17131-3 0  9992
2 31451  99.0881 256.7086 0033176  23.5968   7.9081 14.10205709486088
FENGYUN 1C DEB
1 31451U 99025BUP 16254.24618321 +.00000265 +00000-0 +17430-3 0  9995
2 31451 099.0881 257.0005 0033172 022.8054 034.1897 14.10205812483301
FENGYUN 1C DEB
1 31451U 99025BUP 16255.82019942 +.00000275 +00000-0 +18021-3 0  9992
2 31451 099.0880 258.5909 0033079 018.4627 104.9952 14.10206558483522
FENGYUN 1C DEB
1 31451U 99025BUP 16257.87685484  .00000226  00000-0  15278-3 0  9996
2 31451  99.0880 260.6689 0032953  12.7440 106.0695 14.10207682486632
FENGYUN 1C DEB
1 31451U 99025BUP 16259.98757020  .00000160  00000-0  11565-3 0  9998
2 31451  99.0880 262.8016 0032837   6.8314  21.6467 14.10208953486939
FENGYUN 1C DEB
1 31451U 99025BUP 16260.50846726 +.00000146 +00000-0 +10769-3 0  9999
2 31451 099.0881 263.3279 0032809 005.3794 146.1050 14.10209193484185
FENGYUN 1C DEB
1 31451U 99025BUP 16261.50179244 +.00000152 +00000-0 +11089-3 0  9997
2 31451 099.0880 264.3315 0032765 002.6052 148.9635 14.10209718484322
FENGYUN 1C DEB
1 31451U 99025BUP 16261.97435395 +.00000185 +00000-0 +12982-3 0  9999
2 31451 099.0869 264.8088 0032732 001.3786 027.9618 14.10210690484390
FENGYUN 1C DEB
1 31451U 99025BUP 16262.96771166  .00000240  00000-0  16072-3 0  9994
2 31451  99.0879 265.8128 0032694 358.5122  31.0865 14.10211666487358
FENGYUN 1C DEB
1 31451U 99025BUP 16263.48881873 +.00000262 +00000-0 +17278-3 0  9992
2 31451 099.0880 266.3393 0032691 357.0432 156.6315 14.10212011484609
FENGYUN 1C DEB
1 31451U 99025BUP 16264.48206233 +.00000341 +00000-0 +21710-3 0  9998
2 31451 099.0883 267.3432 0032671 354.2151 159.1392 14.10212932484742
FENGYUN 1C DEB
1 31451U 99025BUP 16265.24436551  .00000346  00000-0  22019-3 0  9999
2 31451  99.0884 268.1131 0032667 352.1233  69.1283 14.10213313487679
FENGYUN 1C DEB
1 31451U 99025BUP 16269.28743236  .00000244  00000-0  16291-3 0  9990
2 31451  99.0886 272.1998 0032172 340.5861  75.0628 14.10215304488241
FENGYUN 1C DEB
1 31451U 99025BUP 16271.97862703  .00000211  00000-0  14441-3 0  9999
2 31451  99.0886 274.9180 0032195 332.8564  57.8421 14.10216587488628
FENGYUN 1C DEB
1 31451U 99025BUP 16273.84116036 +.00000249 +00000-0 +16556-3 0  9998
2 31451 099.0887 276.7994 0032114 327.7469 153.4010 14.10217341486062
FENGYUN 1C DEB
1 31451U 99025BUP 16274.48604559  .00000264  00000-0  17394-3 0  9999
2 31451  99.0886 277.4510 0032066 325.9125 187.3699 14.10217682488977
FENGYUN 1C DEB
1 31451U 99025BUP 16275.24750294 +.00000271 +00000-0 +17787-3 0  9996
2 31451 099.0885 278.2202 0032032 323.7842 093.1181 14.10217999486269
FENGYUN 1C DEB
1 31451U 99025BUP 16280.28480620  .00000155  00000-0  11279-3 0  9990
2 31451  99.0885 283.3101 0031813 309.1928 106.9242 14.10220448489798
FENGYUN 1C DEB
1 31451U 99025BUP 16281.98241006 +.00000150 +00000-0 +11027-3 0  9997
2 31451 099.0886 285.0254 0031784 304.3365 085.4113 14.10221342487213
FENGYUN 1C DEB
1 31451U 99025BUP 16284.49022340  .00000241  00000-0  16119-3 0  9992
2 31451  99.0887 287.5593 0031709 297.1421 217.2414 14.10222740490380
FENGYUN 1C DEB
1 31451U 99025BUP 16289.22542916  .00000291  00000-0  18954-3 0  9998
2 31451  99.0888 292.3440 0031648 283.4588 137.3865 14.10226039491052
FENGYUN 1C DEB
1 31451U 99025BUP 16291.98642654  .00000187  00000-0  13084-3 0  9997
2 31451  99.0884 295.1327 0031612 275.4800 114.7123 14.10227844491446
FENGYUN 1C DEB
1 31451U 99025BUP 16293.97286988 +.00000167 +00000-0 +11943-3 0  9992
2 31451 099.0886 297.1397 0031663 269.8451 119.5976 14.10228717488908
FENGYUN 1C DEB
1 31451U 99025BUP 16294.96618374  .00000195  00000-0  13543-3 0  9999
2 31451  99.0888 298.1439 0031656 266.9454 122.5923 14.10229159491867
FENGYUN 1C DEB
1 31451U 99025BUP 16296.54625029 +.00000263 +00000-0 +17354-3 0  9990
2 31451 099.0888 299.7405 0031624 262.3090 224.5237 14.10230058489260
FENGYUN 1C DEB
1 31451U 99025BUP 16298.23556807  .00000281  00000-0  18355-3 0  9997
2 31451  99.0888 301.4473 0031647 257.4170 161.0597 14.10230946492326
FENGYUN 1C DEB
1 31451U 99025BUP 16298.81636954 +.00000275 +00000-0 +18025-3 0  9990
2 31451 099.0887 302.0341 0031649 255.7196 229.7617 14.10231279489586
FENGYUN 1C DEB
1 31451U 99025BUP 16299.87913377 +.00000269 +00000-0 +17704-3 0  9990
2 31451 099.0887 303.1080 0031679 252.6565 225.3254 14.10232016489733
FENGYUN 1C DEB
1 31451U 99025BUP 16300.22250091 +.00000267 +00000-0 +17571-3 0  9999
2 31451 099.0887 303.4549 0031688 251.6643 168.5743 14.10232267489786
FENGYUN 1C DEB
1 31451U 99025BUP 16301.28614966  .00000222  00000-0  15082-3 0  9997
2 31451  99.0886 304.5297 0031716 248.6017 168.6284 14.10232803492758
FENGYUN 1C DEB
1 31451U 99025BUP 16302.98348512 +.00000175 +00000-0 +12419-3 0  9994
2 31451 099.0885 306.2446 0031754 243.7435 145.8306 14.10233627490175
FENGYUN 1C DEB
1 31451U 99025BUP 16303.50432436  .00000185  00000-0  13001-3 0  9991
2 31451  99.0885 306.7708 0031763 242.2543 270.0786 14.10233960493069
FENGYUN 1C DEB
1 31451U 99025BUP 16303.85280302 +.00000192 +00000-0 +13372-3 0  9991
2 31451 099.0885 307.1229 0031771 241.2537 239.2737 14.10234137490295
FENGYUN 1C DEB
1 31451U 99025BUP 16304.49767873 +.00000207 +00000-0 +14185-3 0  9995
2 31451 099.0885 307.7745 0031778 239.3912 273.2615 14.10234497490388
FENGYUN 1C DEB
1 31451U 99025BUP 16305.83970116 +.00000242 +00000-0 +16152-3 0  9995
2 31451 099.0885 309.1304 0031799 235.5235 246.6073 14.10235171493390
FENGYUN 1C DEB
1 31451U 99025BUP 16306.83314994 +.00000263 +00000-0 +17369-3 0  9996
2 31451 099.0885 310.1341 0031820 232.6619 250.2722 14.10235698490711
FENGYUN 1C DEB
1 31451U 99025BUP 16307.24670348 +.00000259 +00000-0 +17107-3 0  9995
2 31451 099.0885 310.5520 0031836 231.5072 189.8171 14.10235895490772
FENGYUN 1C DEB
1 31451U 99025BUP 16308.23935566  .00000276  00000-0  18063-3 0  9992
2 31451  99.0885 311.5549 0031868 228.6623 189.4272 14.10236536493738
FENGYUN 1C DEB
1 31451U 99025BUP 16308.89002498 +.00000261 +00000-0 +17264-3 0  9999
2 31451 099.0885 312.2123 0031896 226.8078 252.8105 14.10236867491004
FENGYUN 1C DEB
1 31451U 99025BUP 16309.88301194 +.00000231 +00000-0 +15556-3 0  9993
2 31451 099.0885 313.2155 0031936 223.9693 254.1173 14.10237401491146
FENGYUN 1C DEB
1 31451U 99025BUP 16313.98062123  .00000131  00000-0  99460-4 0  9991
2 31451  99.0886 317.3555 0032085 212.3326 177.2553 14.10239277494544
FENGYUN 1C DEB
1 31451U 99025BUP 16314.97391497 +.00000164 +00000-0 +11774-3 0  9997
2 31451 099.0886 318.3590 0032114 209.5158 180.1031 14.10239744491863
FENGYUN 1C DEB
1 31451U 99025BUP 16315.96739015 +.00000229 +00000-0 +15461-3 0  9998
2 31451 099.0885 319.3627 0032142 206.6937 183.8785 14.10240370492008
FENGYUN 1C DEB
1 31451U 99025BUP 16316.25641383  .00000258  00000-0  17088-3 0  9990
2 31451  99.0886 319.6546 0032141 205.8773 211.2186 14.10240583494863
FENGYUN 1C DEB
1 31451U 99025BUP 16317.48240914 +.00000292 +00000-0 +18997-3 0  9999
2 31451 099.0885 320.8933 0032185 202.3896 315.4849 14.10241256492210
FENGYUN 1C DEB
1 31451U 99025BUP 16318.24375150 +.00000324 +00000-0 +20770-3 0  9993
2 31451 099.0884 321.6625 0032214 200.2477 220.7288 14.10241808492321
FENGYUN 1C DEB
1 31451U 99025BUP 16319.23653043  .00000288  00000-0  18731-3 0  9996
2 31451  99.0884 322.6655 0032258 197.4478 220.9581 14.10242269495289
FENGYUN 1C DEB
1 31451U 99025BUP 16321.80370634 +.00000160 +00000-0 +11572-3 0  9999
2 31451 099.0882 325.2589 0032415 190.1818 294.2656 14.10243604495646
FENGYUN 1C DEB
1 31451U 99025BUP 16323.28240808 +.00000119 +00000-0 +92744-4 0  9997
2 31451 099.0883 326.7528 0032452 186.0681 241.4267 14.10244380493034
FENGYUN 1C DEB
1 31451U 99025BUP 16325.49891600  .00000163  00000-0  11707-3 0  9992
2 31451  99.0884 328.9921 0032522 179.8404 334.3897 14.10245406496165
FENGYUN 1C DEB
1 31451U 99025BUP 16325.97110012 +.00000187 +00000-0 +13062-3 0  9998
2 31451 099.0884 329.4691 0032534 178.5150 211.6151 14.10245635493411
FENGYUN 1C DEB
1 31451U 99025BUP 16326.49198123 +.00000211 +00000-0 +14441-3 0  9995
2 31451 099.0885 329.9953 0032554 177.0413 336.0813 14.10245876493487
FENGYUN 1C DEB
1 31451U 99025BUP 16329.82098759  .00000283  00000-0  18434-3 0  9994
2 31451  99.0883 333.3585 0032698 167.7451 317.0400 14.10247667496778
FENGYUN 1C DEB
1 31451U 99025BUP 16330.88389071 +.00000257 +00000-0 +17008-3 0  9999
2 31451 099.0881 334.4323 0032749 164.8098 313.2436 14.10248327494106
FENGYUN 1C DEB
1 31451U 99025BUP 16331.22722373 +.00000238 +00000-0 +15937-3 0  9992
2 31451 099.0881 334.7792 0032767 163.8627 256.2944 14.10248485494156
FENGYUN 1C DEB
1 31451U 99025BUP 16333.98797876  .00000129  00000-0  98263-4 0  9990
2 31451  99.0879 337.5681 0032871 156.2210 232.2721 14.10249841497361
FENGYUN 1C DEB
1 31451U 99025BUP 16334.27942641 +.00000125 +00000-0 +96020-4 0  9990
2 31451 099.0878 337.8627 0032892 155.4238 271.9027 14.10249937494583
FENGYUN 1C DEB
1 31451U 99025BUP 16335.85083513 +.00000151 +00000-0 +11046-3 0  9992
2 31451 099.0878 339.4501 0032924 151.0506 329.7576 14.10250632494808
FENGYUN 1C DEB
1 31451U 99025BUP 16336.26559325  .00000171  00000-0  12140-3 0  9995
2 31451  99.0877 339.8691 0032953 149.9060 275.4266 14.10250884497685
FENGYUN 1C DEB
1 31451U 99025BUP 16336.84431863 +.00000194 +00000-0 +13462-3 0  9998
2 31451 099.0877 340.4538 0032977 148.2983 333.5450 14.10251168494948
FENGYUN 1C DEB
1 31451U 99025BUP 16337.96147517 +.00000236 +00000-0 +15811-3 0  9999
2 31451 099.0877 341.5824 0033005 145.2040 245.2057 14.10251769495100
FENGYUN 1C DEB
1 31451U 99025BUP 16339.89418095  .00000268  00000-0  17580-3 0  9995
2 31451  99.0879 343.5347 0033072 139.8858 337.2786 14.10252924498191
FENGYUN 1C DEB
1 31451U 99025BUP 16340.88752612 +.00000239 +00000-0 +15993-3 0  9996
2 31451 099.0879 344.5381 0033091 137.1495 340.3575 14.10253431495517
FENGYUN 1C DEB
1 31451U 99025BUP 16343.21784786  .00000157  00000-0  11390-3 0  9999
2 31451  99.0879 346.8922 0033131 130.7490 291.0764 14.10254714498668
FENGYUN 1C DEB
1 31451U 99025BUP 16344.86105620 +.00000146 +00000-0 +10737-3 0  9997
2 31451 099.0878 348.5523 0033154 126.2293 353.4264 14.10255530496077
FENGYUN 1C DEB
1 31451U 99025BUP 16345.50635485  .00000168  00000-0  11970-3 0  9990
2 31451  99.0878 349.2042 0033175 124.4642  29.5130 14.10255937498988
FENGYUN 1C DEB
1 31451U 99025BUP 16346.97189523 +.00000198 +00000-0 +13645-3 0  9993
2 31451 099.0878 350.6847 0033206 120.4265 269.8763 14.10256529496379
FENGYUN 1C DEB
1 31451U 99025BUP 16347.49286564 +.00000213 +00000-0 +14533-3 0  9999
2 31451 099.0878 351.2109 0033233 119.0054 034.7637 14.10256762496443
FENGYUN 1C DEB
1 31451U 99025BUP 16348.83486289  .00000242  00000-0  16111-3 0  9990
2 31451  99.0876 352.5667 0033244 115.2989   7.9274 14.10257337499453
FENGYUN 1C DEB
1 31451U 99025BUP 16351.23413470  .00000199  00000-0  13733-3 0  9998
2 31451  99.0876 354.9905 0033271 108.7469 308.6885 14.10258443499799
FENGYUN 1C DEB
1 31451U 99025BUP 16351.88455072 +.00000169 +00000-0 +12037-3 0  9996
2 31451 099.0876 355.6476 0033276 106.9892 010.7417 14.10258711497063
FENGYUN 1C DEB
1 31451U 99025BUP 16353.99527168  .00000085  00000-0  73352-4 0  9991
2 31451  99.0876 357.7798 0033282 101.2347 286.5727 14.10259535500183
FENGYUN 1C DEB
1 31451U 99025BUP 16354.98904645 +.00000077 +00000-0 +68569-4 0  9995
2 31451 099.0878 358.7836 0033281 098.4912 291.8611 14.10259880497508
FENGYUN 1C DEB
1 31451U 99025BUP 16355.98219050 +.00000097 +00000-0 +79706-4 0  9992
2 31451 099.0879 359.7867 0033288 095.7438 293.9542 14.10260275497645
FENGYUN 1C DEB
1 31451U 99025BUP 16356.97543916  .00000168  00000-0  11974-3 0  9994
2 31451  99.0880   0.7901 0033295  92.9919 296.5836 14.10260882500600
FENGYUN 1C DEB
1 31451U 99025BUP 16357.84488605 +.00000195 +00000-0 +13492-3 0  9991
2 31451 099.0880 001.6684 0033297 090.5602 030.7050 14.10261108497909
FENGYUN 1C DEB
1 31451U 99025BUP 16358.49024711 +.00000217 +00000-0 +14738-3 0  9996
2 31451 099.0880 002.3203 0033307 088.8043 067.1109 14.10261371497995
FENGYUN 1C DEB
1 31451U 99025BUP 16359.48444616  .00000241  00000-0  16088-3 0  9993
2 31451  99.0880   3.3247 0033307  86.0582  74.5597 14.10261778500957
FENGYUN 1C DEB
1 31451U 99025BUP 16361.81872949  .00000206  00000-0  14138-3 0  9992
2 31451  99.0878   5.6828 0033293  79.6872  45.4161 14.10262794501288
FENGYUN 1C DEB
1 31451U 99025BUP 16363.29750155 +.00000140 +00000-0 +10417-3 0  9993
2 31451 099.0877 007.1767 0033267 075.6463 352.9636 14.10263470498672
FENGYUN 1C DEB
1 31451U 99025BUP 16365.51388640  .00000083  00000-0  71984-4 0  9999
2 31451  99.0876   9.4155 0033254  69.5570  85.3201 14.10264428501803
FENGYUN 1C DEB
1 31451U 99025BUP 17001.84861292  .00000152  00000-0  11113-3 0  9996
2 31451  99.0878  11.7741 0033235  63.1579  58.5340 14.10265524502131
FENGYUN 1C DEB
1 31451U 99025BUP 17002.96580248 +.00000186 +00000-0 +12995-3 0  9995
2 31451 099.0878 012.9028 0033225 060.0702 330.4131 14.10265988499471
FENGYUN 1C DEB
1 31451U 99025BUP 17003.95937598  .00000232  00000-0  15553-3 0  9994
2 31451  99.0880  13.9063 0033234  57.3141 334.7155 14.10266560502431
FENGYUN 1C DEB
1 31451U 99025BUP 17003.95937598 +.00000232 +00000-0 +15553-3 0  9994
2 31451 099.0880 013.9063 0033234 057.3141 334.7155 14.10266560499616
FENGYUN 1C DEB
1 31451U 99025BUP 17004.24851125 +.00000246 +00000-0 +16374-3 0  9995
2 31451 099.0881 014.1983 0033226 056.5411 002.6065 14.10266764499654
FENGYUN 1C DEB
1 31451U 99025BUP 17005.24128649 +.00000253 +00000-0 +16766-3 0  9997
2 31451 099.0881 015.2011 0033191 053.8663 002.7809 14.10267297499792
FENGYUN 1C DEB
1 31451U 99025BUP 17006.81560333  .00000210  00000-0  14323-3 0  9991
2 31451  99.0879  16.7916 0033130  49.5498  75.4359 14.10268016502837
FENGYUN 1C DEB
1 31451U 99025BUP 17007.87840546 +.00000167 +00000-0 +11947-3 0  9995
2 31451 099.0878 017.8653 0033080 046.6347 071.1841 14.10268504500166
FENGYUN 1C DEB
1 31451U 99025BUP 17008.87184229  .00000133  00000-0  10022-3 0  9991
2 31451  99.0877  18.8689 0033044  43.8952  74.7870 14.10268933503122
FENGYUN 1C DEB
1 31451U 99025BUP 17009.51682095 +.00000125 +00000-0 +95592-4 0  9994
2 31451 099.0877 019.5205 0033023 042.1230 109.2887 14.10269261500395
FENGYUN 1C DEB
1 31451U 99025BUP 17010.51052483 +.00000116 +00000-0 +90463-4 0  9990
2 31451 099.0877 020.5244 0032992 039.3843 114.2469 14.10269619500537
FENGYUN 1C DEB
1 31451U 99025BUP 17011.85210914  .00000139  00000-0  10364-3 0  9999
2 31451  99.0877  21.8797 0032972  35.6699  85.3855 14.10270099503545
FENGYUN 1C DEB
1 31451U 99025BUP 17012.96935645 +.00000167 +00000-0 +11908-3 0  9993
2 31451 099.0878 023.0083 0032942 032.5974 357.5601 14.10270512500884
FENGYUN 1C DEB
1 31451U 99025BUP 17013.49057859 +.00000186 +00000-0 +12989-3 0  9995
2 31451 099.0878 023.5348 0032923 031.1707 123.7570 14.10270759500950
FENGYUN 1C DEB
1 31451U 99025BUP 17014.25250295  .00000200  00000-0  13800-3 0  9999
2 31451  99.0878  24.3046 0032907  29.0608  32.0019 14.10271042503883
FENGYUN 1C DEB
1 31451U 99025BUP 17019.28885925  .00000108  00000-0  86548-4 0  9998
2 31451  99.0881  29.3925 0032680  15.0684  41.3584 14.10272947504599
FENGYUN 1C DEB
1 31451U 99025BUP 17020.51413764 +.00000097 +00000-0 +79897-4 0  9990
2 31451 099.0883 030.6304 0032641 011.6468 142.0637 14.10273351501940
FENGYUN 1C DEB
1 31451U 99025BUP 17020.98645924 +.00000096 +00000-0 +79740-4 0  9992
2 31451 099.0882 031.1076 0032634 010.3240 020.0319 14.10273483502014
FENGYUN 1C DEB
1 31451U 99025BUP 17021.97954043  .00000127  00000-0  96734-4 0  9994
2 31451  99.0882  32.1108 0032598   7.5665  21.8640 14.10273878504970
FENGYUN 1C DEB
1 31451U 99025BUP 17022.97273778 +.00000167 +00000-0 +11959-3 0  9993
2 31451 099.0882 033.1142 0032585 004.8049 024.2902 14.10274281502291
FENGYUN 1C DEB
1 31451U 99025BUP 17023.49381019 +.00000187 +00000-0 +13094-3 0  9993
2 31451 099.0882 033.6406 0032567 003.3591 149.7532 14.10274504502363
FENGYUN 1C DEB
1 31451U 99025BUP 17024.83606573 +.00000219 +00000-0 +14882-3 0  9999
2 31451 099.0882 034.9971 0032510 359.5497 124.4168 14.10275079505370
FENGYUN 1C DEB
1 31451U 99025BUP 17025.24949284 +.00000215 +00000-0 +14617-3 0  9996
2 31451 099.0881 035.4146 0032481 358.4290 063.3440 14.10275184502610
FENGYUN 1C DEB
1 31451U 99025BUP 17026.82271012 +.00000198 +00000-0 +13694-3 0  9992
2 31451 099.0880 037.0040 0032408 354.0110 130.5654 14.10275878502830
FENGYUN 1C DEB
1 31451U 99025BUP 17027.81638979 +.00000169 +00000-0 +12079-3 0  9995
2 31451 099.0880 038.0080 0032350 351.1923 135.5062 14.10276308505796
FENGYUN 1C DEB
1 31451U 99025BUP 17030.21580039  .00000077  00000-0  68944-4 0  9997
2 31451  99.0881  40.4320 0032233 344.4306  77.3443 14.10277096506131
FENGYUN 1C DEB
1 31451U 99025BUP 17030.51732398 +.00000081 +00000-0 +71178-4 0  9995
2 31451 099.0881 040.7366 0032222 343.5786 168.1859 14.10277245503351
FENGYUN 1C DEB
1 31451U 99025BUP 17033.49735819 +.00000153 +00000-0 +11189-3 0  9991
2 31451 099.0885 043.7475 0032129 335.1905 177.8529 14.10278296503779
FENGYUN 1C DEB
1 31451U 99025BUP 17035.25271041  .00000205  00000-0  14065-3 0  9993
2 31451  99.0884  45.5210 0032049 330.2242  89.8265 14.10278962506846
FENGYUN 1C DEB
1 31451U 99025BUP 17035.83277840 +.00000211 +00000-0 +14407-3 0  9997
2 31451 099.0884 046.1071 0032028 328.5805 154.8522 14.10279190504100
FENGYUN 1C DEB
1 31451U 99025BUP 17037.81930617  .00000173  00000-0  12316-3 0  9999
2 31451  99.0884  48.1143 0031947 322.8891 160.5917 14.10279953507206
FENGYUN 1C DEB
1 31451U 99025BUP 17039.87577814  .00000094  00000-0  78526-4 0  9991
2 31451  99.0884  50.1921 0031879 316.9857 161.4620 14.10280708507495
FENGYUN 1C DEB
1 31451U 99025BUP 17040.86923821 +.00000071 +00000-0 +65595-4 0  9992
2 31451 099.0884 051.1959 0031860 314.1577 165.3150 14.10281068504810
FENGYUN 1C DEB
1 31451U 99025BUP 17041.51422062 +.00000066 +00000-0 +63161-4 0  9997
2 31451 099.0884 051.8476 0031839 312.3139 199.9351 14.10281294504908
FENGYUN 1C DEB
1 31451U 99025BUP 17041.98662788  .00000073  00000-0  67070-4 0  9990
2 31451  99.0884  52.3249 0031819 310.9544  78.3885 14.10281467507798
FENGYUN 1C DEB
1 31451U 99025BUP 17042.50792771 +.00000082 +00000-0 +72118-4 0  9994
2 31451 099.0885 052.8515 0031808 309.4942 205.0335 14.10281635505045
FENGYUN 1C DEB
1 31451U 99025BUP 17043.84943582 +.00000123 +00000-0 +94909-4 0  9998
2 31451 099.0886 054.2070 0031765 305.6734 175.9496 14.10282061505235
FENGYUN 1C DEB
1 31451U 99025BUP 17044.96647743  .00000159  00000-0  11508-3 0  9994
2 31451  99.0886  55.3357 0031730 302.4713  87.2585 14.10282462508219
FENGYUN 1C DEB
1 31451U 99025BUP 17044.96647743 +.00000159 +00000-0 +11508-3 0  9994
2 31451 099.0886 055.3357 0031730 302.4713 087.2585 14.10282462505395
FENGYUN 1C DEB
1 31451U 99025BUP 17045.25662361 +.00000168 +00000-0 +11997-3 0  9992
2 31451 099.0887 055.6289 0031720 301.6443 120.3491 14.10282566505438
FENGYUN 1C DEB
1 31451U 99025BUP 17047.89303337  .00000166  00000-0  11887-3 0  9995
2 31451  99.0888  58.2929 0031664 294.0121 185.6949 14.10283497508624
FENGYUN 1C DEB
1 31451U 99025BUP 17048.23552347 +.00000156 +00000-0 +11347-3 0  9991
2 31451 099.0888 058.6390 0031660 293.0465 124.5303 14.10283622505854
FENGYUN 1C DEB
1 31451U 99025BUP 17050.87273329  .00000099  00000-0  81500-4 0  9999
2 31451  99.0888  61.3037 0031633 285.4331 193.9305 14.10284662509042
FENGYUN 1C DEB
1 31451U 99025BUP 17051.86604347 +.00000099 +00000-0 +81246-4 0  9994
2 31451 099.0888 062.3073 0031620 282.5617 197.0794 14.10285047506361
FENGYUN 1C DEB
1 31451U 99025BUP 17052.51092622 +.00000115 +00000-0 +90359-4 0  9998
2 31451 099.0889 062.9590 0031611 280.7149 231.2056 14.10285347506457
FENGYUN 1C DEB
1 31451U 99025BUP 17053.20323299  .00000123  00000-0  95130-4 0  9993
2 31451  99.0888  63.6586 0031602 278.7086 146.1318 14.10285557509378
FENGYUN 1C DEB
1 31451U 99025BUP 17053.85291933 +.00000173 +00000-0 +12285-3 0  9997
2 31451 099.0887 064.3150 0031590 276.8283 204.6671 14.10285976506640
FENGYUN 1C DEB
1 31451U 99025BUP 17054.84640226 +.00000206 +00000-0 +14138-3 0  9996
2 31451 099.0887 065.3189 0031577 273.9637 208.6889 14.10286391506781
FENGYUN 1C DEB
1 31451U 99025BUP 17055.25915803  .00000229  00000-0  15447-3 0  9997
2 31451  99.0887  65.7360 0031572 272.7548 144.3150 14.10286660509665
FENGYUN 1C DEB
1 31451U 99025BUP 17055.97000275 +.00000247 +00000-0 +16461-3 0  9991
2 31451 099.0887 066.4543 0031563 270.6961 153.3632 14.10287031506948
FENGYUN 1C DEB
1 31451U 99025BUP 17056.90280189 +.00000243 +00000-0 +16198-3 0  9992
2 31451 099.0887 067.3969 0031567 267.9930 209.3045 14.10287408507072
FENGYUN 1C DEB
1 31451U 99025BUP 17057.24619306 +.00000236 +00000-0 +15813-3 0  9992
2 31451 099.0887 067.7439 0031565 267.0121 152.7318 14.10287536507121
FENGYUN 1C DEB
1 31451U 99025BUP 17059.23280300  .00000162  00000-0  11675-3 0  9991
2 31451  99.0888  69.7514 0031587 261.2540 159.0162 14.10288349510228
FENGYUN 1C DEB
1 31451U 99025BUP 17061.21964212 +.00000118 +00000-0 +91956-4 0  9995
2 31451 099.0889 071.7591 0031619 255.5011 166.4648 14.10289304507681
FENGYUN 1C DEB
1 31451U 99025BUP 17062.98699935  .00000130  00000-0  98800-4 0  9996
2 31451  99.0889  73.5450 0031638 250.3948 139.5663 14.10290072510752
FENGYUN 1C DEB
1 31451U 99025BUP 17063.27776831 +.00000138 +00000-0 +10315-3 0  9992
2 31451 099.0889 073.8389 0031649 249.5625 175.8300 14.10290171507971
FENGYUN 1C DEB
1 31451U 99025BUP 17064.97354385 +.00000194 +00000-0 +13452-3 0  9993
2 31451 099.0889 075.5525 0031668 244.6951 145.4727 14.10290870508211
FENGYUN 1C DEB
1 31451U 99025BUP 17065.49463285  .00000216  00000-0  14698-3 0  9999
2 31451  99.0889  76.0790 0031671 243.1752 271.1255 14.10291147511101
FENGYUN 1C DEB
1 31451U 99025BUP 17065.96685722 +.00000235 +00000-0 +15763-3 0  9998
2 31451 099.0889 076.5563 0031687 241.8272 148.6556 14.10291387508354
FENGYUN 1C DEB
1 31451U 99025BUP 17066.48832111 +.00000238 +00000-0 +15920-3 0  9990
2 31451 099.0889 077.0832 0031697 240.3234 276.1955 14.10291611508420
FENGYUN 1C DEB
1 31451U 99025BUP 17068.89288347  .00000197  00000-0  13660-3 0  9996
2 31451  99.0887  79.5131 0031774 233.3514 244.5181 14.10292685511589
FENGYUN 1C DEB
1 31451U 99025BUP 17071.87296361  .00000081  00000-0  71114-4 0  9994
2 31451  99.0887  82.5246 0031903 224.7948 254.7611 14.10293898512005
FENGYUN 1C DEB
1 31451U 99025BUP 17072.51829497 +.00000076 +00000-0 +68479-4 0  9992
2 31451 099.0887 083.1767 0031920 222.9392 291.1933 14.10294152509273
FENGYUN 1C DEB
1 31451U 99025BUP 17073.21004809 +.00000077 +00000-0 +69072-4 0  9993
2 31451 099.0887 083.8757 0031952 220.9506 203.3148 14.10294362509376
FENGYUN 1C DEB
1 31451U 99025BUP 17073.98356465 +.00000098 +00000-0 +80659-4 0  9992
2 31451 099.0888 084.6574 0031972 218.7433 170.5439 14.10294645512308
FENGYUN 1C DEB
1 31451U 99025BUP 17075.97020797 +.00000177 +00000-0 +12510-3 0  9997
2 31451 099.0889 086.6650 0032031 213.0581 176.9705 14.10295407509764
FENGYUN 1C DEB
1 31451U 99025BUP 17076.96355434 +.00000207 +00000-0 +14200-3 0  9998
2 31451 099.0889 087.6688 0032075 210.2129 180.3150 14.10295861509904
FENGYUN 1C DEB
1 31451U 99025BUP 17077.83343957 +.00000211 +00000-0 +14437-3 0  9999
2 31451 099.0889 088.5478 0032120 207.7299 276.8244 14.10296191510028
FENGYUN 1C DEB
1 31451U 99025BUP 17079.23934119 +.00000183 +00000-0 +12861-3 0  9998
2 31451 099.0890 089.9685 0032204 203.7335 214.7383 14.10296719513041
FENGYUN 1C DEB
1 31451U 99025BUP 17080.23291845 +.00000151 +00000-0 +11019-3 0  9991
2 31451 099.0890 090.9725 0032273 200.9189 219.2295 14.10297101510360
FENGYUN 1C DEB
1 31451U 99025BUP 17082.29187597 +.00000111 +00000-0 +87964-4 0  9996
2 31451 099.0889 093.0533 0032413 195.0891 232.7649 14.10297996513479
FENGYUN 1C DEB
1 31451U 99025BUP 17083.98703237 +.00000124 +00000-0 +95132-4 0  9998
2 31451 099.0888 094.7664 0032488 190.3151 199.2214 14.10298627510890
FENGYUN 1C DEB
1 31451U 99025BUP 17085.26935392 +.00000176 +00000-0 +12459-3 0  9997
2 31451 099.0888 096.0623 0032552 186.6775 229.7074 14.10299166513897
FENGYUN 1C DEB
1 31451U 99025BUP 17088.82994275 +.00000251 +00000-0 +16664-3 0  9993
2 31451 099.0886 099.6605 0032789 176.6536 307.1467 14.10300986514396
FENGYUN 1C DEB
1 31451U 99025BUP 17089.82363603 +.00000219 +00000-0 +14841-3 0  9998
2 31451 099.0885 100.6644 0032821 173.8786 312.2028 14.10301471511717
FENGYUN 1C DEB
1 31451U 99025BUP 17090.23649397 +.00000203 +00000-0 +13940-3 0  9994
2 31451 099.0886 101.0821 0032822 172.7815 248.2588 14.10301698511778
FENGYUN 1C DEB
1 31451U 99025BUP 17091.30214420 +.00000149 +00000-0 +10907-3 0  9997
2 31451 099.0884 102.1588 0032901 169.8053 258.6490 14.10302131514747
FENGYUN 1C DEB
1 31451U 99025BUP 17092.00398931 +.00000129 +00000-0 +97734-4 0  9997
2 31451 099.0883 102.8680 0032941 167.8631 221.9549 14.10302486512020
FENGYUN 1C DEB
1 31451U 99025BUP 17093.86658764 +.00000117 +00000-0 +91118-4 0  9992
2 31451 099.0884 104.7505 0033038 162.7112 318.4667 14.10303241515109
FENGYUN 1C DEB
1 31451U 99025BUP 17094.85978306 +.00000154 +00000-0 +11219-3 0  9993
2 31451 099.0884 105.7542 0033086 159.9482 320.9895 14.10303677512428
FENGYUN 1C DEB
1 31451U 99025BUP 17095.27444712 +.00000177 +00000-0 +12475-3 0  9999
2 31451 099.0884 106.1733 0033108 158.7919 266.2712 14.10303884512488
FENGYUN 1C DEB
1 31451U 99025BUP 17096.26745464 +.00000213 +00000-0 +14515-3 0  9995
2 31451 099.0883 107.1768 0033156 156.0307 267.8409 14.10304295515447
FENGYUN 1C DEB
1 31451U 99025BUP 17098.90296479 +.00000232 +00000-0 +15560-3 0  9997
2 31451 099.0882 109.8402 0033284 148.7624 328.4632 14.10305407515811
FENGYUN 1C DEB
1 31451U 99025BUP 17101.81324338 +.00000101 +00000-0 +82029-4 0  9998
2 31451 099.0881 112.7812 0033440 140.8502 344.0029 14.10306501516226
FENGYUN 1C DEB
1 31451U 99025BUP 17103.00053976 +.00000062 +00000-0 +60452-4 0  9990
2 31451 099.0880 113.9809 0033512 137.6195 251.9345 14.10306895513574
FENGYUN 1C DEB
1 31451U 99025BUP 17104.28489765 +.00000060 +00000-0 +58960-4 0  9999
2 31451 099.0880 115.2788 0033579 134.1098 292.6644 14.10307239513759
FENGYUN 1C DEB
1 31451U 99025BUP 17105.20698097 +.00000091 +00000-0 +76276-4 0  9996
2 31451 099.0881 116.2106 0033618 131.5897 294.1147 14.10307562513885
FENGYUN 1C DEB
1 31451U 99025BUP 17106.84992076 +.00000157 +00000-0 +11359-3 0  9994
2 31451 099.0880 117.8709 0033689 127.1204 355.3599 14.10308084514119
FENGYUN 1C DEB
1 31451U 99025BUP 17106.97380699 +.00000160 +00000-0 +11501-3 0  9993
2 31451 099.0880 117.9961 0033690 126.7740 264.3428 14.10308124514139
FENGYUN 1C DEB
1 31451U 99025BUP 17108.25617076 +.00000211 +00000-0 +14389-3 0  9992
2 31451 099.0879 119.2920 0033744 123.3037 294.9202 14.10308696514312
FENGYUN 1C DEB
1 31451U 99025BUP 17109.24916931 +.00000212 +00000-0 +14436-3 0  9998
2 31451 099.0879 120.2955 0033776 120.6173 296.3885 14.10309096517274
FENGYUN 1C DEB
1 31451U 99025BUP 17110.89297635 +.00000186 +00000-0 +12989-3 0  9995
2 31451 099.0877 121.9566 0033817 116.1905 002.0065 14.10309909514684
FENGYUN 1C DEB
1 31451U 99025BUP 17111.23663373 +.00000196 +00000-0 +13537-3 0  9991
2 31451 099.0877 122.3040 0033806 115.2228 306.8018 14.10310296514732
FENGYUN 1C DEB
1 31451U 99025BUP 17112.22978274 +.00000201 +00000-0 +13792-3 0  9990
2 31451 099.0876 123.3076 0033828 112.5627 309.0159 14.10311069517696
FENGYUN 1C DEB
1 31451U 99025BUP 17114.86632125 +.00000204 +00000-0 +13972-3 0  9997
2 31451 099.0876 125.9719 0033877 105.4543 014.7686 14.10312854515247
FENGYUN 1C DEB
1 31451U 99025BUP 17116.85302263 +.00000254 +00000-0 +16803-3 0  9996
2 31451 099.0878 127.9800 0033844 099.9626 021.4277 14.10313993518345
FENGYUN 1C DEB
1 31451U 99025BUP 17117.26728277 +.00000259 +00000-0 +17069-3 0  9999
2 31451 099.0878 128.3988 0033839 098.8295 324.6519 14.10314184515584
FENGYUN 1C DEB
1 31451U 99025BUP 17118.96341868 +.00000262 +00000-0 +17249-3 0  9998
2 31451 099.0873 130.1121 0033947 094.3270 295.9085 14.10315071515824
FENGYUN 1C DEB
1 31451U 99025BUP 17119.83341701 +.00000243 +00000-0 +16183-3 0  9996
2 31451 099.0874 130.9916 0033907 092.0154 032.8802 14.10315449515944
FENGYUN 1C DEB
1 31451U 99025BUP 17121.23948297 +.00000195 +00000-0 +13501-3 0  9993
2 31451 099.0874 132.4124 0033903 088.2381 331.5064 14.10316046518965
FENGYUN 1C DEB
1 31451U 99025BUP 17123.22641528 +.00000114 +00000-0 +89509-4 0  9994
2 31451 099.0872 134.4203 0033867 082.9158 339.1935 14.10316793516424
FENGYUN 1C DEB
1 31451U 99025BUP 17124.86972549 +.00000097 +00000-0 +80138-4 0  9994
2 31451 099.0871 136.0809 0033837 078.4354 042.3861 14.10317344519470
FENGYUN 1C DEB
1 31451U 99025BUP 17125.28281431 +.00000101 +00000-0 +81916-4 0  9995
2 31451 099.0871 136.4985 0033838 077.2751 339.6983 14.10317425516719
FENGYUN 1C DEB
1 31451U 99025BUP 17125.51472416 +.00000105 +00000-0 +84280-4 0  9997
2 31451 099.0871 136.7328 0033835 076.6339 077.1286 14.10317509516741
FENGYUN 1C DEB
1 31451U 99025BUP 17126.27762913 +.00000116 +00000-0 +90461-4 0  9995
2 31451 099.0871 137.5035 0033835 074.6773 350.3227 14.10317599516857
FENGYUN 1C DEB
1 31451U 99025BUP 17127.26951451 +.00000145 +00000-0 +10704-3 0  9995
2 31451 099.0869 138.5058 0033826 072.0060 346.1571 14.10317862519818
FENGYUN 1C DEB
1 31451U 99025BUP 17128.96708241 +.00000192 +00000-0 +13328-3 0  9997
2 31451 099.0867 140.2211 0033798 067.4241 324.7786 14.10318476517230
FENGYUN 1C DEB
1 31451U 99025BUP 17129.25646012 +.00000195 +00000-0 +13499-3 0  9999
2 31451 099.0867 140.5135 0033790 066.6511 353.9538 14.10318603517276
FENGYUN 1C DEB
1 31451U 99025BUP 17130.89935368 +.00000166 +00000-0 +11852-3 0  9995
2 31451 099.0866 142.1736 0033720 062.2343 054.9804 14.10319167517504
FENGYUN 1C DEB
1 31451U 99025BUP 17131.24264067 +.00000143 +00000-0 +10596-3 0  9995
2 31451 099.0865 142.5204 0033708 061.3561 357.8159 14.10319202517558
FENGYUN 1C DEB
1 31451U 99025BUP 17134.87272084 +.00000042 +00000-0 +48873-4 0  9993
2 31451 099.0865 146.1884 0033546 051.5041 067.9643 14.10320362520882
FENGYUN 1C DEB
1 31451U 99025BUP 17135.28600903 +.00000049 +00000-0 +52772-4 0  9994
2 31451 099.0865 146.6060 0033537 050.3672 006.2710 14.10320542518125
FENGYUN 1C DEB
1 31451U 99025BUP 17136.85936552 +.00000105 +00000-0 +84255-4 0  9994
2 31451 099.0864 148.1958 0033460 046.1248 074.2776 14.10321120518348
FENGYUN 1C DEB
1 31451U 99025BUP 17136.98338025 +.00000111 +00000-0 +87897-4 0  9991
2 31451 099.0864 148.3211 0033471 045.7490 343.9479 14.10321191521188
FENGYUN 1C DEB
1 31451U 99025BUP 17137.85288374 +.00000155 +00000-0 +11230-3 0  9994
2 31451 099.0863 149.1997 0033422 043.4201 078.4453 14.10321586518487
FENGYUN 1C DEB
1 31451U 99025BUP 17138.26597652 +.00000183 +00000-0 +12793-3 0  9998
2 31451 099.0864 149.6172 0033407 042.2530 015.7926 14.10321904518543
FENGYUN 1C DEB
1 31451U 99025BUP 17138.97004042 +.00000216 +00000-0 +14643-3 0  9995
2 31451 099.0863 150.3285 0033387 040.3269 350.3898 14.10322309518648
FENGYUN 1C DEB
1 31451U 99025BUP 17139.25937591 +.00000231 +00000-0 +15492-3 0  9991
2 31451 099.0864 150.6209 0033378 039.5189 019.3899 14.10322522521508
FENGYUN 1C DEB
1 31451U 99025BUP 17139.83959669 +.00000239 +00000-0 +15943-3 0  9994
2 31451 099.0863 151.2072 0033338 037.9579 085.1995 14.10322822518768
FENGYUN 1C DEB
1 31451U 99025BUP 17140.83279028 +.00000249 +00000-0 +16537-3 0  9991
2 31451 099.0861 152.2107 0033265 035.2695 087.7116 14.10323466518909
FENGYUN 1C DEB
1 31451U 99025BUP 17142.88925095 +.00000168 +00000-0 +11953-3 0  9997
2 31451 099.0860 154.2887 0033124 029.6122 088.6003 14.10324412522015
FENGYUN 1C DEB
1 31451U 99025BUP 17143.23259437 +.00000157 +00000-0 +11371-3 0  9999
2 31451 099.0860 154.6356 0033090 028.6713 031.7921 14.10324613519249
FENGYUN 1C DEB
1 31451U 99025BUP 17146.51540005 +.00000116 +00000-0 +90474-4 0  9994
2 31451 099.0859 157.9527 0032910 019.5953 139.0333 14.10325919522522
FENGYUN 1C DEB
1 31451U 99025BUP 17147.85594991 +.00000157 +00000-0 +11395-3 0  9994
2 31451 099.0859 159.3073 0032839 015.8842 105.1907 14.10326427519892
FENGYUN 1C DEB
1 31451U 99025BUP 17148.26905271 +.00000178 +00000-0 +12566-3 0  9991
2 31451 099.0858 159.7247 0032808 014.7504 042.5617 14.10326643519956
FENGYUN 1C DEB
1 31451U 99025BUP 17149.49448012 +.00000203 +00000-0 +13962-3 0  9992
2 31451 099.0858 160.9628 0032701 011.3741 144.2143 14.10327152522944
FENGYUN 1C DEB
1 31451U 99025BUP 17149.84281573 +.00000201 +00000-0 +13834-3 0  9994
2 31451 099.0858 161.3149 0032687 010.3788 112.7942 14.10327210520175
FENGYUN 1C DEB
1 31451U 99025BUP 17150.25597286 +.00000208 +00000-0 +14237-3 0  9997
2 31451 099.0858 161.7323 0032654 009.2322 050.4553 14.10327426520230
FENGYUN 1C DEB
1 31451U 99025BUP 17151.89901831 +.00000181 +00000-0 +12741-3 0  9991
2 31451 099.0856 163.3924 0032530 004.6419 112.4792 14.10328117523282
FENGYUN 1C DEB
1 31451U 99025BUP 17152.24244392 +.00000162 +00000-0 +11653-3 0  9993
2 31451 099.0856 163.7395 0032499 003.6693 056.1233 14.10328191520514
FENGYUN 1C DEB
1 31451U 99025BUP 17153.23598703 +.00000114 +00000-0 +89571-4 0  9993
2 31451 099.0855 164.7433 0032419 000.8723 060.5354 14.10328463520652
FENGYUN 1C DEB
1 31451U 99025BUP 17153.88578972 +.00000089 +00000-0 +75594-4 0  9991
2 31451 099.0855 165.3999 0032375 359.0363 119.7180 14.10328664520743
FENGYUN 1C DEB
1 31451U 99025BUP 17154.53186882 +.00000069 +00000-0 +64514-4 0  9997
2 31451 099.0855 166.0526 0032326 357.2231 159.9832 14.10328887520834
FENGYUN 1C DEB
1 31451U 99025BUP 17155.29439053 +.00000065 +00000-0 +62128-4 0  9997
2 31451 099.0855 166.8231 0032285 355.0695 071.4638 14.10329183520943
FENGYUN 1C DEB
1 31451U 99025BUP 17155.99639817 +.00000068 +00000-0 +64048-4 0  9990
2 31451 099.0855 167.5324 0032255 353.0915 035.6969 14.10329416521044
FENGYUN 1C DEB
1 31451U 99025BUP 17156.86559122 +.00000095 +00000-0 +78935-4 0  9997
2 31451 099.0853 168.4106 0032139 350.6489 128.7594 14.10329808523988
FENGYUN 1C DEB
1 31451U 99025BUP 17158.50394331 +.00000161 +00000-0 +11596-3 0  9992
2 31451 099.0853 170.0660 0032088 346.0410 166.9970 14.10330575521396
FENGYUN 1C DEB
1 31451U 99025BUP 17159.84595115 +.00000192 +00000-0 +13342-3 0  9998
2 31451 099.0851 171.4219 0031951 342.2293 140.6784 14.10331208524405
FENGYUN 1C DEB
1 31451U 99025BUP 17160.25869294 +.00000200 +00000-0 +13812-3 0  9999
2 31451 099.0852 171.8389 0031944 341.0484 076.2728 14.10331471521646
FENGYUN 1C DEB
1 31451U 99025BUP 17161.25202840 +.00000188 +00000-0 +13106-3 0  9999
2 31451 099.0851 172.8426 0031872 338.2139 079.6804 14.10331864521786
FENGYUN 1C DEB
1 31451U 99025BUP 17161.83284899 +.00000174 +00000-0 +12317-3 0  9995
2 31451 099.0850 173.4294 0031843 336.5575 148.6488 14.10332087521860
FENGYUN 1C DEB
1 31451U 99025BUP 17162.89563753 +.00000151 +00000-0 +11062-3 0  9992
2 31451 099.0850 174.5033 0031776 333.4880 144.7274 14.10332599524831
FENGYUN 1C DEB
1 31451U 99025BUP 17163.23911087 +.00000156 +00000-0 +11300-3 0  9998
2 31451 099.0850 174.8503 0031762 332.4980 088.6382 14.10332895522069
FENGYUN 1C DEB
1 31451U 99025BUP 17164.23228216 +.00000117 +00000-0 +91479-4 0  9997
2 31451 099.0850 175.8538 0031701 329.6295 091.2526 14.10333278522200
FENGYUN 1C DEB
1 31451U 99025BUP 17165.52721263 +.00000096 +00000-0 +79602-4 0  9990
2 31451 099.0851 177.1622 0031655 325.9334 185.9420 14.10333820525201
FENGYUN 1C DEB
1 31451U 99025BUP 17166.27766167  .00000264  00000-0  14833-3 0  9996
2 31451  99.0903 177.9165 0032147 323.2326  36.7193 14.10334027525310
FENGYUN 1C DEB
1 31451U 99025BUP 17166.86887931 +.00000106 +00000-0 +85490-4 0  9997
2 31451 099.0851 178.5177 0031587 322.0789 157.9494 14.10334337522578
FENGYUN 1C DEB
1 31451U 99025BUP 17166.99287104 +.00000109 +00000-0 +87076-4 0  9992
2 31451 099.0851 178.6429 0031580 321.7238 067.4882 14.10334396522590
FENGYUN 1C DEB
1 31451U 99025BUP 17168.50728740 +.00000176 +00000-0 +12477-3 0  9993
2 31451 099.0851 180.1731 0031501 317.3813 196.5864 14.10335099522806
FENGYUN 1C DEB
1 31451U 99025BUP 17169.50061656 +.00000213 +00000-0 +14502-3 0  9993
2 31451 099.0851 181.1767 0031450 314.5129 200.0071 14.10335537522941
FENGYUN 1C DEB
1 31451U 99025BUP 17170.26266296 +.00000225 +00000-0 +15180-3 0  9991
2 31451 099.0851 181.9467 0031419 312.3095 109.1420 14.10335825523059
FENGYUN 1C DEB
1 31451U 99025BUP 17170.84254837 +.00000231 +00000-0 +15526-3 0  9994
2 31451 099.0851 182.5326 0031386 310.6176 173.4080 14.10336084525959
FENGYUN 1C DEB
1 31451U 99025BUP 17173.89197057 +.00000151 +00000-0 +11027-3 0  9995
2 31451 099.0850 185.6138 0031271 301.7031 176.3415 14.10337373526381
FENGYUN 1C DEB
1 31451U 99025BUP 17175.53071160 +.00000097 +00000-0 +79962-4 0  9996
2 31451 099.0850 187.2695 0031228 296.9313 216.7639 14.10338044523792
FENGYUN 1C DEB
1 31451U 99025BUP 17176.00289015 +.00000090 +00000-0 +76159-4 0  9997
2 31451 099.0850 187.7466 0031217 295.5535 094.1716 14.10338224526687
FENGYUN 1C DEB
1 31451U 99025BUP 17177.28526829 +.00000094 +00000-0 +78580-4 0  9999
2 31451 099.0851 189.0422 0031182 291.8284 125.2155 14.10338657524047
FENGYUN 1C DEB
1 31451U 99025BUP 17177.86546476 +.00000108 +00000-0 +86559-4 0  9994
2 31451 099.0851 189.6285 0031169 290.1297 191.0723 14.10338863524121
FENGYUN 1C DEB
1 31451U 99025BUP 17177.98925005 +.00000112 +00000-0 +88816-4 0  9999
2 31451 099.0850 189.7536 0031163 289.7618 099.5784 14.10338922524142
FENGYUN 1C DEB
1 31451U 99025BUP 17179.50368207 +.00000168 +00000-0 +11979-3 0  9990
2 31451 099.0850 191.2837 0031125 285.3648 228.8352 14.10339533527170
FENGYUN 1C DEB
1 31451U 99025BUP 17180.26588057 +.00000189 +00000-0 +13182-3 0  9993
2 31451 099.0850 192.0538 0031105 283.1186 138.7964 14.10339858524465
FENGYUN 1C DEB
1 31451U 99025BUP 17182.83234089 +.00000178 +00000-0 +12539-3 0  9994
2 31451 099.0848 194.6470 0031081 275.5268 209.6916 14.10340807527648
FENGYUN 1C DEB
1 31451U 99025BUP 17185.30177466 +.00000081 +00000-0 +71461-4 0  9997
2 31451 099.0846 197.1418 0031076 268.2233 147.9528 14.10341451525176
FENGYUN 1C DEB
1 31451U 99025BUP 17185.30177466 +.00000081 +00000-0 +71461-4 0  9997
2 31451 099.0846 197.1418 0031076 268.2233 147.9528 14.10341451527998
FENGYUN 1C DEB
1 31451U 99025BUP 17186.00409609 +.00000066 +00000-0 +62700-4 0  9991
2 31451 099.0847 197.8513 0031081 266.1676 113.8869 14.10341635525279
FENGYUN 1C DEB
1 31451U 99025BUP 17187.21882212 +.00000056 +00000-0 +57452-4 0  9997
2 31451 099.0848 199.0786 0031096 262.6210 161.4714 14.10341877525442
FENGYUN 1C DEB
1 31451U 99025BUP 17189.27618149 +.00000113 +00000-0 +89099-4 0  9997
2 31451 099.0847 201.1572 0031104 256.6429 167.3699 14.10342392525736
FENGYUN 1C DEB
1 31451U 99025BUP 17189.92499027 +.00000135 +00000-0 +10170-3 0  9998
2 31451 099.0848 201.8129 0031122 254.7442 221.6023 14.10342583525823
FENGYUN 1C DEB
1 31451U 99025BUP 17190.56558005 +.00000147 +00000-0 +10839-3 0  9997
2 31451 099.0848 202.4601 0031124 252.9242 234.0491 14.10342714525918
FENGYUN 1C DEB
1 31451U 99025BUP 17191.26191237 +.00000152 +00000-0 +11108-3 0  9991
2 31451 099.0848 203.1636 0031137 250.8668 169.5958 14.10342835528835
FENGYUN 1C DEB
1 31451U 99025BUP 17191.91165779 +.00000149 +00000-0 +10913-3 0  9994
2 31451 099.0848 203.8200 0031160 248.9547 228.5962 14.10342978526106
FENGYUN 1C DEB
1 31451U 99025BUP 17193.24789733 +.00000108 +00000-0 +86080-4 0  9998
2 31451 099.0849 205.1702 0031196 245.0933 173.1145 14.10343195526295
FENGYUN 1C DEB
1 31451U 99025BUP 17195.30534924 +.00000046 +00000-0 +51686-4 0  9992
2 31451 099.0849 207.2488 0031281 239.0793 179.5349 14.10343791529405
FENGYUN 1C DEB
1 31451U 99025BUP 17196.22832470 +.00000046 +00000-0 +51370-4 0  9991
2 31451 099.0849 208.1815 0031318 236.4438 185.7511 14.10344183526714
FENGYUN 1C DEB
1 31451U 99025BUP 17197.00232156 +.00000042 +00000-0 +49292-4 0  9999
2 31451 099.0849 208.9635 0031349 234.1931 155.5998 14.10344403526820
FENGYUN 1C DEB
1 31451U 99025BUP 17198.51644023 +.00000094 +00000-0 +78504-4 0  9991
2 31451 099.0850 210.4934 0031400 229.8190 283.2741 14.10344986527033
FENGYUN 1C DEB
1 31451U 99025BUP 17199.27933198 +.00000124 +00000-0 +95453-4 0  9995
2 31451 099.0850 211.2642 0031433 227.5892 196.7513 14.10345259527149
FENGYUN 1C DEB
1 31451U 99025BUP 17200.50303966 +.00000171 +00000-0 +12139-3 0  9999
2 31451 099.0851 212.5006 0031489 224.0632 289.9079 14.10345724530135
FENGYUN 1C DEB
1 31451U 99025BUP 17201.84507094 +.00000186 +00000-0 +13000-3 0  9999
2 31451 099.0851 213.8566 0031567 220.1409 263.8902 14.10346165527509
FENGYUN 1C DEB
1 31451U 99025BUP 17202.25779113 +.00000176 +00000-0 +12456-3 0  9991
2 31451 099.0851 214.2736 0031593 218.9442 199.4122 14.10346277527562
FENGYUN 1C DEB
1 31451U 99025BUP 17203.25110045 +.00000159 +00000-0 +11508-3 0  9993
2 31451 099.0851 215.2772 0031660 216.0813 202.7687 14.10346647530524
FENGYUN 1C DEB
1 31451U 99025BUP 17203.83186491 +.00000141 +00000-0 +10474-3 0  9997
2 31451 099.0850 215.8640 0031693 214.4129 271.4955 14.10346850527782
FENGYUN 1C DEB
1 31451U 99025BUP 17204.24448182 +.00000118 +00000-0 +91812-4 0  9991
2 31451 099.0850 216.2809 0031721 213.2254 206.4855 14.10346941527847
FENGYUN 1C DEB
1 31451U 99025BUP 17206.53290875 +.00000027 +00000-0 +40867-4 0  9992
2 31451 099.0851 218.5932 0031891 206.6990 305.5162 14.10347552530981
FENGYUN 1C DEB
1 31451U 99025BUP 17206.88145899 +.00000013 +00000-0 +32883-4 0  9999
2 31451 099.0850 218.9453 0031912 205.7070 275.2076 14.10347518528217
FENGYUN 1C DEB
1 31451U 99025BUP 17207.52605538 +.00000010 +00000-0 +31542-4 0  9990
2 31451 099.0851 219.5966 0031959 203.8591 308.0264 14.10347659528302
FENGYUN 1C DEB
1 31451U 99025BUP 17208.28960859 +.00000007 +00000-0 +29604-4 0  9996
2 31451 099.0851 220.3680 0031994 201.6781 224.8168 14.10347630528410
FENGYUN 1C DEB
1 31451U 99025BUP 17209.28129830 +.00000057 +00000-0 +57846-4 0  9997
2 31451 099.0851 221.3700 0032073 198.8416 219.9315 14.10347958531376
FENGYUN 1C DEB
1 31451U 99025BUP 17211.84801191 +.00000167 +00000-0 +11951-3 0  9997
2 31451 099.0851 223.9636 0032194 191.5792 291.8552 14.10348882531732
FENGYUN 1C DEB
1 31451U 99025BUP 17212.84143698 +.00000165 +00000-0 +11784-3 0  9991
2 31451 099.0849 224.9674 0032301 188.7545 295.7697 14.10349198529052
FENGYUN 1C DEB
1 31451U 99025BUP 17213.25433049 +.00000161 +00000-0 +11601-3 0  9993
2 31451 099.0850 225.3846 0032317 187.6092 232.1248 14.10349380529119
FENGYUN 1C DEB
1 31451U 99025BUP 17213.83481573 +.00000147 +00000-0 +10790-3 0  9994
2 31451 099.0849 225.9711 0032369 185.9803 299.4007 14.10349569529198
FENGYUN 1C DEB
1 31451U 99025BUP 17214.24751354 +.00000129 +00000-0 +98180-4 0  9997
2 31451 099.0849 226.3880 0032402 184.8262 234.7720 14.10349693532078
FENGYUN 1C DEB
1 31451U 99025BUP 17215.89090575 +.00000068 +00000-0 +63870-4 0  9990
2 31451 099.0849 228.0485 0032518 180.2484 298.6749 14.10350205529484
FENGYUN 1C DEB
1 31451U 99025BUP 17216.23430734 +.00000055 +00000-0 +56629-4 0  9994
2 31451 099.0850 228.3954 0032539 179.2899 242.2103 14.10350270529538
FENGYUN 1C DEB
1 31451U 99025BUP 17217.22797837 +.00000056 +00000-0 +56732-4 0  9990
2 31451 099.0850 229.3994 0032604 176.5175 247.3266 14.10350703532499
FENGYUN 1C DEB
1 31451U 99025BUP 17218.99482122 +.00000082 +00000-0 +71300-4 0  9990
2 31451 099.0850 231.1846 0032711 171.5888 218.0288 14.10351274529928
FENGYUN 1C DEB
1 31451U 99025BUP 17219.28599748 +.00000107 +00000-0 +85567-4 0  9994
2 31451 099.0851 231.4787 0032741 170.7709 256.4107 14.10351529532789
FENGYUN 1C DEB
1 31451U 99025BUP 17220.27878566 +.00000137 +00000-0 +10206-3 0  9993
2 31451 099.0853 232.4817 0032771 167.9950 257.0514 14.10351797530105
FENGYUN 1C DEB
1 31451U 99025BUP 17220.85768698 +.00000157 +00000-0 +11331-3 0  9993
2 31451 099.0853 233.0666 0032799 166.3813 316.2782 14.10351994530187
FENGYUN 1C DEB
1 31451U 99025BUP 17221.27048703 +.00000167 +00000-0 +11936-3 0  9990
2 31451 099.0853 233.4837 0032823 165.2291 252.1690 14.10352139530242
FENGYUN 1C DEB
1 31451U 99025BUP 17222.26387910 +.00000179 +00000-0 +12598-3 0  9994
2 31451 099.0853 234.4874 0032893 162.4770 255.8539 14.10352455533204
FENGYUN 1C DEB
1 31451U 99025BUP 17223.25708598 +.00000172 +00000-0 +12213-3 0  9990
2 31451 099.0853 235.4909 0032960 159.7413 258.5846 14.10352780530526
FENGYUN 1C DEB
1 31451U 99025BUP 17223.90729562 +.00000161 +00000-0 +11587-3 0  9997
2 31451 099.0852 236.1477 0033016 157.9500 319.8442 14.10353013530616
FENGYUN 1C DEB
1 31451U 99025BUP 17224.90050037  .00000126  00000-0  96135-4 0  9996
2 31451  99.0853 237.1512 0033061 155.2159 322.5654 14.10353320533574
FENGYUN 1C DEB
1 31451U 99025BUP 17225.24389067 +.00000112 +00000-0 +88103-4 0  9993
2 31451 099.0853 237.4981 0033083 154.2746 266.0308 14.10353430530805
FENGYUN 1C DEB
1 31451U 99025BUP 17226.23728160 +.00000061 +00000-0 +59655-4 0  9997
2 31451 099.0854 238.5019 0033136 151.5627 269.6754 14.10353615530941
FENGYUN 1C DEB
1 31451U 99025BUP 17227.53205938  .00000039  00000-0  47366-4 0  9995
2 31451  99.0855 239.8101 0033187 148.0110   3.5396 14.10353986533943
FENGYUN 1C DEB
1 31451U 99025BUP 17228.87387998 +.00000059 +00000-0 +58410-4 0  9994
2 31451 099.0856 241.1660 0033210 144.3129 336.2668 14.10354297531319
FENGYUN 1C DEB
1 31451U 99025BUP 17229.28717985 +.00000070 +00000-0 +64791-4 0  9995
2 31451 099.0856 241.5837 0033228 143.1681 274.6892 14.10354357531375
FENGYUN 1C DEB
1 31451U 99025BUP 17230.98440692  .00000158  00000-0  11391-3 0  9996
2 31451  99.0856 243.2987 0033299 138.5084 251.8802 14.10354950534430
FENGYUN 1C DEB
1 31451U 99025BUP 17231.27465458 +.00000170 +00000-0 +12048-3 0  9990
2 31451 099.0855 243.5920 0033342 137.7394 285.5036 14.10355052531651
FENGYUN 1C DEB
1 31451U 99025BUP 17232.84725988 +.00000207 +00000-0 +14153-3 0  9991
2 31451 099.0854 245.1808 0033461 133.4831 349.9075 14.10355651531871
FENGYUN 1C DEB
1 31451U 99025BUP 17233.84084785 +.00000199 +00000-0 +13720-3 0  9994
2 31451 099.0853 246.1847 0033514 130.8024 354.5289 14.10356045534834
FENGYUN 1C DEB
1 31451U 99025BUP 17234.25306861 +.00000188 +00000-0 +13107-3 0  9999
2 31451 099.0853 246.6012 0033532 129.7010 287.4364 14.10356220532072
FENGYUN 1C DEB
1 31451U 99025BUP 17234.83415802 +.00000164 +00000-0 +11746-3 0  9990
2 31451 099.0853 247.1883 0033554 128.1323 357.7324 14.10356426532152
FENGYUN 1C DEB
1 31451U 99025BUP 17235.24688807 +.00000148 +00000-0 +10824-3 0  9991
2 31451 099.0853 247.6053 0033566 127.0199 293.2361 14.10356596532218
FENGYUN 1C DEB
1 31451U 99025BUP 17237.23365833  .00000077  00000-0  68534-4 0  9996
2 31451  99.0853 249.6127 0033624 121.6583 300.4321 14.10357436535319
FENGYUN 1C DEB
1 31451U 99025BUP 17238.52840663 +.00000058 +00000-0 +57946-4 0  9992
2 31451 099.0853 250.9208 0033661 118.1482 034.1230 14.10357875532677
FENGYUN 1C DEB
1 31451U 99025BUP 17239.52175861 +.00000082 +00000-0 +71497-4 0  9998
2 31451 099.0854 251.9244 0033686 115.4412 037.5804 14.10358263535634
FENGYUN 1C DEB
1 31451U 99025BUP 17240.28488579 +.00000131 +00000-0 +98753-4 0  9995
2 31451 099.0855 252.6955 0033710 113.3957 312.1059 14.10358734532927
FENGYUN 1C DEB
1 31451U 99025BUP 17241.50824432 +.00000188 +00000-0 +13075-3 0  9998
2 31451 099.0856 253.9315 0033737 110.0616 043.3578 14.10359264533094
FENGYUN 1C DEB
1 31451U 99025BUP 17242.85022111  .00000247  00000-0  16395-3 0  9995
2 31451  99.0856 255.2874 0033760 106.4276  16.8402 14.10359943536106
FENGYUN 1C DEB
1 31451U 99025BUP 17242.85022111 +.00000247 +00000-0 +16395-3 0  9995
2 31451 099.0856 255.2874 0033760 106.4276 016.8402 14.10359943533282
FENGYUN 1C DEB
1 31451U 99025BUP 17243.26310248 +.00000250 +00000-0 +16540-3 0  9998
2 31451 099.0855 255.7046 0033769 105.3201 313.1111 14.10360126533344
FENGYUN 1C DEB
1 31451U 99025BUP 17244.83671473 +.00000237 +00000-0 +15808-3 0  9993
2 31451 099.0854 257.2944 0033784 101.0985 022.6210 14.10360919533562
FENGYUN 1C DEB
1 31451U 99025BUP 17245.24975786  .00000229  00000-0  15399-3 0  9999
2 31451  99.0854 257.7118 0033779 100.0042 319.7019 14.10361171536445
FENGYUN 1C DEB
1 31451U 99025BUP 17247.53848303 +.00000151 +00000-0 +10995-3 0  9998
2 31451 099.0855 260.0243 0033761 093.7993 060.0438 14.10362327536766
FENGYUN 1C DEB
1 31451U 99025BUP 17247.88642628 +.00000133 +00000-0 +10013-3 0  9999
2 31451 099.0854 260.3758 0033763 092.8769 026.6048 14.10362404533995
FENGYUN 1C DEB
1 31451U 99025BUP 17249.29539622 +.00000175 +00000-0 +12348-3 0  9994
2 31451 099.0854 261.7992 0033768 089.0916 340.2122 14.10363297534199
FENGYUN 1C DEB
1 31451U 99025BUP 17249.87324456 +.00000171 +00000-0 +12145-3 0  9996
2 31451 099.0854 262.3830 0033765 087.5082 034.0892 14.10363478534273
FENGYUN 1C DEB
1 31451U 99025BUP 17250.28627494 +.00000182 +00000-0 +12741-3 0  9995
2 31451 099.0854 262.8004 0033770 086.3252 331.1960 14.10363632534339
FENGYUN 1C DEB
1 31451U 99025BUP 17250.86647170 +.00000228 +00000-0 +15321-3 0  9990
2 31451 099.0854 263.3866 0033772 084.7309 037.0020 14.10364061534413
FENGYUN 1C DEB
1 31451U 99025BUP 17250.99029308 +.00000234 +00000-0 +15655-3 0  9998
2 31451 099.0854 263.5117 0033771 084.4130 305.6524 14.10364151534437
FENGYUN 1C DEB
1 31451U 99025BUP 17251.85970000 +.00000274 +00000-0 +17871-3 0  9994
2 31451 099.0853 264.3902 0033760 082.0847 039.7925 14.10364647534557
FENGYUN 1C DEB
1 31451U 99025BUP 17252.27364782 +.00000283 +00000-0 +18373-3 0  9993
2 31451 099.0854 264.8084 0033757 080.9675 341.4911 14.10364837534612
FENGYUN 1C DEB
1 31451U 99025BUP 17252.27364782 +.00000283 +00000-0 +18373-3 0  9993
2 31451 099.0854 264.8084 0033757 080.9675 341.4911 14.10364837537435
FENGYUN 1C DEB
1 31451U 99025BUP 17254.25944536 +.00000280 +00000-0 +18248-3 0  9992
2 31451 099.0854 266.8147 0033723 075.5951 343.8157 14.10365822534897
FENGYUN 1C DEB
1 31451U 99025BUP 17254.83979431 +.00000257 +00000-0 +16957-3 0  9997
2 31451 099.0854 267.4010 0033706 074.0332 050.3669 14.10366060537796
FENGYUN 1C DEB
1 31451U 99025BUP 17255.55055319 +.00000238 +00000-0 +15875-3 0  9994
2 31451 099.0853 268.1192 0033676 072.1370 059.0207 14.10366464535072
FENGYUN 1C DEB
1 31451U 99025BUP 17257.23939038 +.00000141 +00000-0 +10459-3 0  9996
2 31451 099.0853 269.8255 0033603 067.5815 353.6118 14.10367093538135
FENGYUN 1C DEB
1 31451U 99025BUP 17258.23296494 +.00000126 +00000-0 +96116-4 0  9997
2 31451 099.0853 270.8293 0033569 064.8942 358.2135 14.10367591535456
FENGYUN 1C DEB
1 31451U 99025BUP 17258.88247953 +.00000113 +00000-0 +88530-4 0  9991
2 31451 099.0853 271.4855 0033550 063.1217 055.9610 14.10367798535542
FENGYUN 1C DEB
1 31451U 99025BUP 17259.29594307 +.00000125 +00000-0 +95315-4 0  9997
2 31451 099.0853 271.9033 0033532 062.0041 355.2082 14.10368026538422
FENGYUN 1C DEB
1 31451U 99025BUP 17259.87587130 +.00000127 +00000-0 +96760-4 0  9994
2 31451 099.0853 272.4892 0033511 060.4038 059.6664 14.10368211535688
FENGYUN 1C DEB
1 31451U 99025BUP 17260.28912361 +.00000137 +00000-0 +10220-3 0  9996
2 31451 099.0853 272.9067 0033506 059.2775 357.8505 14.10368374535749
FENGYUN 1C DEB
1 31451U 99025BUP 17260.86914531 +.00000156 +00000-0 +11273-3 0  9991
2 31451 099.0853 273.4927 0033486 057.6973 062.7638 14.10368616535826
FENGYUN 1C DEB
1 31451U 99025BUP 17261.28212187 +.00000168 +00000-0 +11968-3 0  9990
2 31451 099.0853 273.9100 0033472 056.5648 359.5552 14.10368779535884
FENGYUN 1C DEB
1 31451U 99025BUP 17262.27661031 +.00000203 +00000-0 +13944-3 0  9992
2 31451 099.0853 274.9148 0033446 053.8490 008.8268 14.10369240536022
FENGYUN 1C DEB
1 31451U 99025BUP 17262.27661031 +.00000203 +00000-0 +13944-3 0  9992
2 31451 099.0853 274.9148 0033446 053.8490 008.8268 14.10369240538844
FENGYUN 1C DEB
1 31451U 99025BUP 17262.85593841 +.00000214 +00000-0 +14542-3 0  9996
2 31451 099.0852 275.5001 0033428 052.2540 070.2371 14.10369472536109
FENGYUN 1C DEB
1 31451U 99025BUP 17264.26212100 +.00000216 +00000-0 +14674-3 0  9997
2 31451 099.0851 276.9208 0033372 048.4108 009.7931 14.10370082536307
FENGYUN 1C DEB
1 31451U 99025BUP 17268.23556862  .00000111  00000-0  87955-4 0  9991
2 31451  99.0850 280.9350 0033154  37.4841  24.1117 14.10371769539683
FENGYUN 1C DEB
1 31451U 99025BUP 17270.52350074  .00000154  00000-0  11168-3 0  9992
2 31451  99.0851 283.2464 0033063  31.1679 120.6227 14.10372803540007
FENGYUN 1C DEB
1 31451U 99025BUP 17270.87205156 +.00000166 +00000-0 +11843-3 0  9993
2 31451 099.0851 283.5986 0033049 030.1917 090.3331 14.10372936537234
FENGYUN 1C DEB
1 31451U 99025BUP 17271.28500265 +.00000210 +00000-0 +14314-3 0  9994
2 31451 099.0852 284.0159 0033031 029.0361 027.0251 14.10373300537294
FENGYUN 1C DEB
1 31451U 99025BUP 17271.86539502 +.00000218 +00000-0 +14798-3 0  9998
2 31451 099.0851 284.6022 0033004 027.4294 093.8556 14.10373486537378
FENGYUN 1C DEB
1 31451U 99025BUP 17273.27254780  .00000262  00000-0  17234-3 0  9994
2 31451  99.0851 286.0237 0032939  23.5570  38.3823 14.10374134540390
FENGYUN 1C DEB
1 31451U 99025BUP 17273.85221156 +.00000277 +00000-0 +18070-3 0  9994
2 31451 099.0851 286.6094 0032908 021.9359 101.5324 14.10374465537651
FENGYUN 1C DEB
1 31451U 99025BUP 17274.26488546 +.00000277 +00000-0 +18099-3 0  9999
2 31451 099.0851 287.0263 0032887 020.7878 036.8128 14.10374682537713
FENGYUN 1C DEB
1 31451U 99025BUP 17276.25140108  .00000243  00000-0  16162-3 0  9991
2 31451  99.0850 289.0333 0032781  15.2164  43.0546 14.10375844540812
FENGYUN 1C DEB
1 31451U 99025BUP 17279.01766650  .00000139  00000-0  10330-3 0  9999
2 31451  99.0848 291.8278 0032619   7.4418  48.3920 14.10377250541204
FENGYUN 1C DEB
1 31451U 99025BUP 17279.88148300 +.00000134 +00000-0 +10072-3 0  9998
2 31451 099.0847 292.7003 0032577 005.0414 114.2781 14.10377683538509
FENGYUN 1C DEB
1 31451U 99025BUP 17282.28147170  .00000186  00000-0  12983-3 0  9990
2 31451  99.0847 295.1248 0032465 358.2970  59.9032 14.10378759541663
FENGYUN 1C DEB
1 31451U 99025BUP 17282.86189965 +.00000201 +00000-0 +13847-3 0  9990
2 31451 099.0847 295.7111 0032436 356.6582 126.9581 14.10378993538926
FENGYUN 1C DEB
1 31451U 99025BUP 17283.85490948 +.00000227 +00000-0 +15279-3 0  9995
2 31451 099.0846 296.7141 0032380 353.8671 128.8375 14.10379411539069
FENGYUN 1C DEB
1 31451U 99025BUP 17285.26103216  .00000252  00000-0  16664-3 0  9998
2 31451  99.0846 298.1345 0032311 349.8953  68.2679 14.10380124542086
FENGYUN 1C DEB
1 31451U 99025BUP 17285.84176161 +.00000241 +00000-0 +16083-3 0  9994
2 31451 099.0846 298.7212 0032288 348.2360 136.8768 14.10380368539349
FENGYUN 1C DEB
1 31451U 99025BUP 17286.25412301 +.00000235 +00000-0 +15728-3 0  9997
2 31451 099.0846 299.1378 0032280 347.0575 070.6107 14.10380574539402
FENGYUN 1C DEB
1 31451U 99025BUP 17288.89096333  .00000159  00000-0  11488-3 0  9996
2 31451  99.0844 301.8012 0032143 339.5227 138.9767 14.10381826542599
FENGYUN 1C DEB
1 31451U 99025BUP 17289.01492654 +.00000156 +00000-0 +11336-3 0  9996
2 31451 099.0844 301.9265 0032138 339.1699 048.3897 14.10381895539795
FENGYUN 1C DEB
1 31451U 99025BUP 17290.29768698 +.00000139 +00000-0 +10377-3 0  9997
2 31451 099.0843 303.2224 0032098 335.5255 081.4945 14.10382405539977
FENGYUN 1C DEB
1 31451U 99025BUP 17290.87772170 +.00000143 +00000-0 +10558-3 0  9997
2 31451 099.0843 303.8083 0032080 333.8716 146.5772 14.10382650540054
FENGYUN 1C DEB
1 31451U 99025BUP 17291.52247545  .00000150  00000-0  10999-3 0  9990
2 31451  99.0842 304.4596 0032050 332.0440 180.2554 14.10382924542960
FENGYUN 1C DEB
1 31451U 99025BUP 17291.99487560 +.00000165 +00000-0 +11804-3 0  9996
2 31451 099.0842 304.9368 0032039 330.7051 058.8241 14.10383139540210
FENGYUN 1C DEB
1 31451U 99025BUP 17292.98811436 +.00000197 +00000-0 +13619-3 0  9990
2 31451 099.0841 305.9400 0032000 327.8820 061.9127 14.10383614540357
FENGYUN 1C DEB
1 31451U 99025BUP 17293.85764183  .00000220  00000-0  14873-3 0  9993
2 31451  99.0840 306.8184 0031967 325.4010 156.8783 14.10384012543292
FENGYUN 1C DEB
1 31451U 99025BUP 17296.25700525  .00000231  00000-0  15505-3 0  9995
2 31451  99.0839 309.2420 0031890 318.5010  99.5432 14.10385238543631
FENGYUN 1C DEB
1 31451U 99025BUP 17298.82385709  .00000178  00000-0  12547-3 0  9996
2 31451  99.0837 311.8346 0031808 311.0946 172.6628 14.10386604543997
FENGYUN 1C DEB
1 31451U 99025BUP 17299.53883597 +.00000158 +00000-0 +11434-3 0  9995
2 31451 099.0838 312.5568 0031802 309.0277 202.9541 14.10386947541270
FENGYUN 1C DEB
1 31451U 99025BUP 17300.30021157 +.00000149 +00000-0 +10910-3 0  9997
2 31451 099.0837 313.3259 0031786 306.8436 108.8074 14.10387261541385
FENGYUN 1C DEB
1 31451U 99025BUP 17300.88039648  .00000155  00000-0  11239-3 0  9996
2 31451  99.0836 313.9119 0031776 305.1781 174.6739 14.10387539544288
FENGYUN 1C DEB
1 31451U 99025BUP 17300.88039648 +.00000155 +00000-0 +11239-3 0  9996
2 31451 099.0836 313.9119 0031776 305.1781 174.6739 14.10387539541465
FENGYUN 1C DEB
1 31451U 99025BUP 17301.52527487 +.00000162 +00000-0 +11675-3 0  9993
2 31451 099.0836 314.5632 0031762 303.3310 209.0153 14.10387830541552
FENGYUN 1C DEB
1 31451U 99025BUP 17302.51859010 +.00000194 +00000-0 +13464-3 0  9996
2 31451 099.0836 315.5665 0031741 300.4885 212.5282 14.10388330541694
FENGYUN 1C DEB
1 31451U 99025BUP 17302.86706410 +.00000208 +00000-0 +14252-3 0  9991
2 31451 099.0836 315.9185 0031742 299.4990 181.8815 14.10388492541745
FENGYUN 1C DEB
1 31451U 99025BUP 17302.99089476  .00000212  00000-0  14449-3 0  9994
2 31451  99.0836 316.0436 0031740 299.1454  90.6254 14.10388560544581
FENGYUN 1C DEB
1 31451U 99025BUP 17303.27989851 +.00000221 +00000-0 +14942-3 0  9990
2 31451 099.0836 316.3355 0031733 298.3111 118.0365 14.10388696541807
FENGYUN 1C DEB
1 31451U 99025BUP 17303.86054490 +.00000240 +00000-0 +15998-3 0  9990
2 31451 099.0834 316.9219 0031715 296.6305 186.2629 14.10389006541880
FENGYUN 1C DEB
1 31451U 99025BUP 17304.27333656 +.00000247 +00000-0 +16419-3 0  9996
2 31451 099.0834 317.3388 0031707 295.4385 122.2060 14.10389209541949
FENGYUN 1C DEB
1 31451U 99025BUP 17305.26655271 +.00000256 +00000-0 +16948-3 0  9993
2 31451 099.0833 318.3420 0031696 292.5658 125.2518 14.10389726544908
FENGYUN 1C DEB
1 31451U 99025BUP 17306.25979345 +.00000244 +00000-0 +16270-3 0  9999
2 31451 099.0832 319.3452 0031692 289.6905 128.4275 14.10390226542226
FENGYUN 1C DEB
1 31451U 99025BUP 17307.25303332 +.00000219 +00000-0 +14822-3 0  9990
2 31451 099.0830 320.3483 0031689 286.8075 131.6093 14.10390752542366
FENGYUN 1C DEB
1 31451U 99025BUP 17309.54167184  .00000139  00000-0  10352-3 0  9992
2 31451  99.0828 322.6598 0031703 280.1856 232.1715 14.10391882545508
FENGYUN 1C DEB
1 31451U 99025BUP 17309.88980649 +.00000131 +00000-0 +99415-4 0  9998
2 31451 099.0828 323.0114 0031706 279.1746 199.8296 14.10392023542739
FENGYUN 1C DEB
1 31451U 99025BUP 17311.29634583 +.00000130 +00000-0 +98406-4 0  9997
2 31451 099.0827 324.4318 0031686 275.1153 141.5250 14.10392591542930
FENGYUN 1C DEB
1 31451U 99025BUP 17311.87647373  .00000159  00000-0  11486-3 0  9995
2 31451  99.0827 325.0178 0031703 273.4568 207.1060 14.10392934545833
FENGYUN 1C DEB
1 31451U 99025BUP 17312.28965591 +.00000187 +00000-0 +13062-3 0  9999
2 31451 099.0827 325.4350 0031692 272.2623 145.0387 14.10393183543078
FENGYUN 1C DEB
1 31451U 99025BUP 17313.86335828 +.00000234 +00000-0 +15676-3 0  9994
2 31451 099.0826 327.0243 0031699 267.7417 215.4868 14.10393821543292
FENGYUN 1C DEB
1 31451U 99025BUP 17314.92614882 +.00000239 +00000-0 +15963-3 0  9996
2 31451 099.0827 328.0977 0031722 264.7332 211.7454 14.10394133543442
FENGYUN 1C DEB
1 31451U 99025BUP 17314.92614882  .00000239  00000-0  15963-3 0  9996
2 31451  99.0827 328.0977 0031722 264.7332 211.7454 14.10394133546265
FENGYUN 1C DEB
1 31451U 99025BUP 17316.26254809 +.00000239 +00000-0 +15986-3 0  9999
2 31451 099.0827 329.4474 0031753 260.8775 157.3151 14.10394771543639
FENGYUN 1C DEB
1 31451U 99025BUP 17317.83610247  .00000196  00000-0  13550-3 0  9992
2 31451  99.0825 331.0365 0031778 256.3178 227.0657 14.10395510546674
FENGYUN 1C DEB
1 31451U 99025BUP 17318.24937708 +.00000184 +00000-0 +12909-3 0  9996
2 31451 099.0825 331.4538 0031793 255.1286 165.4675 14.10395734543911
FENGYUN 1C DEB
1 31451U 99025BUP 17319.24312882 +.00000142 +00000-0 +10551-3 0  9992
2 31451 099.0824 332.4573 0031822 252.2739 171.2379 14.10396160544050
FENGYUN 1C DEB
1 31451U 99025BUP 17320.53796118  .00000127  00000-0  97117-4 0  9991
2 31451  99.0823 333.7649 0031855 248.5646 265.7356 14.10396821547059
FENGYUN 1C DEB
1 31451U 99025BUP 17321.22985017 +.00000116 +00000-0 +90976-4 0  9990
2 31451 099.0822 334.4637 0031871 246.5862 178.7917 14.10397069544338
FENGYUN 1C DEB
1 31451U 99025BUP 17323.28533743  .00000184  00000-0  12877-3 0  9991
2 31451  99.0820 336.5393 0031913 240.7192 175.4895 14.10398069547442
FENGYUN 1C DEB
1 31451U 99025BUP 17323.86588056 +.00000207 +00000-0 +14151-3 0  9995
2 31451 099.0819 337.1257 0031919 239.0426 243.2075 14.10398376544704
FENGYUN 1C DEB
1 31451U 99025BUP 17324.27989910 +.00000223 +00000-0 +15049-3 0  9990
2 31451 099.0819 337.5438 0031926 237.8837 185.3575 14.10398610544767
FENGYUN 1C DEB
1 31451U 99025BUP 17325.85259524  .00000260  00000-0  17161-3 0  9994
2 31451  99.0817 339.1319 0031979 233.3276 250.7694 14.10399508547801
FENGYUN 1C DEB
1 31451U 99025BUP 17326.26530358 +.00000260 +00000-0 +17137-3 0  9990
2 31451 099.0816 339.5486 0031996 232.1480 186.2934 14.10399745545049
FENGYUN 1C DEB
1 31451U 99025BUP 17327.25878795 +.00000238 +00000-0 +15884-3 0  9992
2 31451 099.0816 340.5518 0032035 229.3213 190.6931 14.10400260545180
FENGYUN 1C DEB
1 31451U 99025BUP 17331.53341556  .00000136  00000-0  10175-3 0  9993
2 31451  99.0815 344.8682 0032203 217.2053 295.0153 14.10402417548605
FENGYUN 1C DEB
1 31451U 99025BUP 17332.00510941 +.00000138 +00000-0 +10298-3 0  9990
2 31451 099.0814 345.3446 0032217 215.8910 170.0088 14.10402628545856
FENGYUN 1C DEB
1 31451U 99025BUP 17333.28966703 +.00000192 +00000-0 +13332-3 0  9994
2 31451 099.0814 346.6417 0032248 212.2640 212.3112 14.10403325546037
FENGYUN 1C DEB
1 31451U 99025BUP 17333.86848559 +.00000220 +00000-0 +14878-3 0  9994
2 31451 099.0813 347.2261 0032263 210.5813 271.2945 14.10403648548937
FENGYUN 1C DEB
1 31451U 99025BUP 17335.27556807 +.00000261 +00000-0 +17156-3 0  9990
2 31451 099.0811 348.6470 0032315 206.5995 215.7273 14.10404393546311
FENGYUN 1C DEB
1 31451U 99025BUP 17337.26116123  .00000235  00000-0  15715-3 0  9994
2 31451  99.0809 350.6518 0032406 200.9962 217.5291 14.10405335549418
FENGYUN 1C DEB
1 31451U 99025BUP 17338.25467858 +.00000188 +00000-0 +13082-3 0  9990
2 31451 099.0809 351.6551 0032455 198.2283 222.0572 14.10405741546731
FENGYUN 1C DEB
1 31451U 99025BUP 17339.24824167 +.00000138 +00000-0 +10309-3 0  9994
2 31451 099.0808 352.6583 0032505 195.4440 226.8358 14.10406149546878
FENGYUN 1C DEB
1 31451U 99025BUP 17341.53601031 +.00000089 +00000-0 +75397-4 0  9996
2 31451 099.0807 354.9682 0032596 189.0445 322.8863 14.10407145547197
FENGYUN 1C DEB
1 31451U 99025BUP 17341.88460800 +.00000094 +00000-0 +78101-4 0  9993
2 31451 099.0806 355.3201 0032610 188.0634 292.8828 14.10407272547248
FENGYUN 1C DEB
1 31451U 99025BUP 17341.88460800  .00000094  00000-0  78101-4 0  9993
2 31451  99.0806 355.3201 0032610 188.0634 292.8828 14.10407272550062
FENGYUN 1C DEB
1 31451U 99025BUP 17343.52247576 +.00000145 +00000-0 +10668-3 0  9999
2 31451 099.0806 356.9737 0032669 183.4446 329.1278 14.10407938547470
FENGYUN 1C DEB
1 31451U 99025BUP 17343.99520816  .00000162  00000-0  11618-3 0  9996
2 31451  99.0805 357.4510 0032690 182.1187 209.4117 14.10408109550361
FENGYUN 1C DEB
1 31451U 99025BUP 17344.51586578 +.00000186 +00000-0 +12987-3 0  9998
2 31451 099.0806 357.9766 0032706 180.6615 333.0315 14.10408346547618
FENGYUN 1C DEB
1 31451U 99025BUP 17345.98138078 +.00000229 +00000-0 +15357-3 0  9990
2 31451 099.0805 359.4563 0032745 176.5789 214.1137 14.10408973547828
FENGYUN 1C DEB
1 31451U 99025BUP 17347.26401828  .00000236  00000-0  15737-3 0  9999
2 31451  99.0805   0.7514 0032786 173.0522 246.6030 14.10409642550822
FENGYUN 1C DEB
1 31451U 99025BUP 17347.84451479 +.00000223 +00000-0 +15029-3 0  9990
2 31451 099.0803 001.3374 0032833 171.4019 314.0833 14.10409920548082
FENGYUN 1C DEB
1 31451U 99025BUP 17349.25048674 +.00000167 +00000-0 +11912-3 0  9990
2 31451 099.0802 002.7569 0032885 167.5258 252.8097 14.10410572548288
FENGYUN 1C DEB
1 31451U 99025BUP 17350.31609115  .00000124  00000-0  94779-4 0  9998
2 31451  99.0801   3.8327 0032922 164.5821 263.3511 14.10411024551258
FENGYUN 1C DEB
1 31451U 99025BUP 17351.53860479 +.00000108 +00000-0 +85719-4 0  9991
2 31451 099.0800 005.0669 0032960 161.2015 350.5945 14.10411612548609
FENGYUN 1C DEB
1 31451U 99025BUP 17351.88701569 +.00000113 +00000-0 +88514-4 0  9995
2 31451 099.0800 005.4188 0032982 160.2430 319.6266 14.10411795548652
FENGYUN 1C DEB
1 31451U 99025BUP 17353.52534559  .00000156  00000-0  11275-3 0  9997
2 31451  99.0799   7.0729 0033031 155.6753 358.1940 14.10412611551705
FENGYUN 1C DEB
1 31451U 99025BUP 17354.51846926 +.00000191 +00000-0 +13212-3 0  9993
2 31451 099.0798 008.0756 0033057 152.9166 000.7392 14.10413079549023
FENGYUN 1C DEB
1 31451U 99025BUP 17354.99106097 +.00000207 +00000-0 +14108-3 0  9996
2 31451 099.0798 008.5527 0033068 151.6064 240.3023 14.10413291549095
FENGYUN 1C DEB
1 31451U 99025BUP 17356.27324252  .00000237  00000-0  15810-3 0  9998
2 31451  99.0799   9.8471 0033096 148.0713 270.5057 14.10413984552095
FENGYUN 1C DEB
1 31451U 99025BUP 17356.85364877 +.00000236 +00000-0 +15750-3 0  9991
2 31451 099.0799 010.4331 0033112 146.4732 337.4839 14.10414249549351
FENGYUN 1C DEB
1 31451U 99025BUP 17357.26610045 +.00000233 +00000-0 +15565-3 0  9999
2 31451 099.0798 010.8494 0033141 145.3444 271.6765 14.10414450549412
FENGYUN 1C DEB
1 31451U 99025BUP 17358.25965485 +.00000215 +00000-0 +14568-3 0  9992
2 31451 099.0798 011.8525 0033171 142.6180 276.3834 14.10414942549558
FENGYUN 1C DEB
1 31451U 99025BUP 17359.25304692  .00000183  00000-0  12773-3 0  9990
2 31451  99.0798  12.8553 0033193 139.8969 280.2632 14.10415404552511
FENGYUN 1C DEB
1 31451U 99025BUP 17360.24648442 +.00000137 +00000-0 +10221-3 0  9990
2 31451 099.0798 013.8583 0033205 137.1784 284.3718 14.10415739549837
FENGYUN 1C DEB
1 31451U 99025BUP 17361.54121809  .00000117  00000-0  90740-4 0  9990
2 31451  99.0797  15.1654 0033226 133.6234  18.3044 14.10416313552834
FENGYUN 1C DEB
1 31451U 99025BUP 17362.01886757 +.00000114 +00000-0 +89458-4 0  9994
2 31451 099.0796 015.6477 0033231 132.3075 283.5455 14.10416484550082
FENGYUN 1C DEB
1 31451U 99025BUP 17363.00700692 +.00000125 +00000-0 +95298-4 0  9998
2 31451 099.0796 016.6452 0033249 129.5808 260.7785 14.10416854550227
FENGYUN 1C DEB
1 31451U 99025BUP 17364.00006023  .00000158  00000-0  11365-3 0  9994
2 31451  99.0795  17.6477 0033273 126.8403 262.9628 14.10417249553189
FENGYUN 1C DEB
1 31451U 99025BUP 17365.57997462 +.00000219 +00000-0 +14804-3 0  9992
2 31451 099.0793 019.2427 0033302 122.4895 004.9021 14.10417963550585
FENGYUN 1C DEB
1 31451U 99025BUP 18004.25558185  .00000147  00000-0  10754-3 0  9993
2 31451  99.0794  22.9536 0033340 112.4354 307.5734 14.10419334553927
FENGYUN 1C DEB
1 31451U 99025BUP 18005.89879839 +.00000080 +00000-0 +70194-4 0  9997
2 31451 099.0792 024.6121 0033366 107.9588 010.8950 14.10419943551333
FENGYUN 1C DEB
1 31451U 99025BUP 18007.53681726  .00000064  00000-0  61381-4 0  9996
2 31451  99.0793  26.2656 0033380 103.4645  47.8596 14.10420559554385
FENGYUN 1C DEB
1 31451U 99025BUP 18008.30056808 +.00000092 +00000-0 +76650-4 0  9995
2 31451 099.0792 027.0366 0033378 101.3679 325.7720 14.10420984551670
FENGYUN 1C DEB
1 31451U 99025BUP 18009.52332394 +.00000145 +00000-0 +10627-3 0  9997
2 31451 099.0792 028.2710 0033389 097.9907 054.2820 14.10421487551845
FENGYUN 1C DEB
1 31451U 99025BUP 18009.87218844  .00000156  00000-0  11289-3 0  9995
2 31451  99.0793  28.6234 0033349  96.9802  25.6786 14.10421560554714
FENGYUN 1C DEB
1 31451U 99025BUP 18012.27149397 +.00000219 +00000-0 +14772-3 0  9999
2 31451 099.0791 031.0455 0033358 090.4257 328.0225 14.10422454555057
FENGYUN 1C DEB
1 31451U 99025BUP 18013.84504837 +.00000201 +00000-0 +13778-3 0  9993
2 31451 099.0789 032.6340 0033339 086.1314 037.6626 14.10423129552458
FENGYUN 1C DEB
1 31451U 99025BUP 18014.25808049 +.00000188 +00000-0 +13048-3 0  9995
2 31451 099.0789 033.0509 0033340 085.0274 334.7891 14.10423298552514
FENGYUN 1C DEB
1 31451U 99025BUP 18015.25141528  .00000143  00000-0  10532-3 0  9994
2 31451  99.0788  34.0536 0033319  82.3158 338.3984 14.10423658555472
FENGYUN 1C DEB
1 31451U 99025BUP 18017.53952303  .00000086  00000-0  73362-4 0  9995
2 31451  99.0787  36.3634 0033282  76.0367  76.1919 14.10424531555797
FENGYUN 1C DEB
1 31451U 99025BUP 18018.53297830 +.00000094 +00000-0 +77843-4 0  9990
2 31451 099.0786 037.3660 0033276 073.2739 080.4665 14.10424869553115
FENGYUN 1C DEB
1 31451U 99025BUP 18019.00514375 +.00000106 +00000-0 +84654-4 0  9991
2 31451 099.0787 037.8430 0033267 072.0297 317.8212 14.10425075553184
FENGYUN 1C DEB
1 31451U 99025BUP 18020.28872779  .00000154  00000-0  11179-3 0  9992
2 31451  99.0788  39.1388 0033256  68.5126 355.1762 14.10425595556186
FENGYUN 1C DEB
1 31451U 99025BUP 18021.28162132 +.00000182 +00000-0 +12726-3 0  9998
2 31451 099.0788 040.1410 0033242 065.7828 356.5698 14.10425933553509
FENGYUN 1C DEB
1 31451U 99025BUP 18022.27443466 +.00000203 +00000-0 +13887-3 0  9993
2 31451 099.0788 041.1432 0033222 063.0688 357.5430 14.10426338553647
FENGYUN 1C DEB
1 31451U 99025BUP 18023.26702723 +.00000196 +00000-0 +13515-3 0  9996
2 31451 099.0788 042.1452 0033192 060.3401 357.4123 14.10426693556600
FENGYUN 1C DEB
1 31451U 99025BUP 18025.83397081 +.00000121 +00000-0 +93376-4 0  9990
2 31451 099.0788 044.7367 0033100 053.2677 071.0423 14.10427632556963
FENGYUN 1C DEB
1 31451U 99025BUP 18027.24078796 +.00000094 +00000-0 +78332-4 0  9990
2 31451 099.0788 046.1569 0033052 049.3710 014.1667 14.10428204554347
FENGYUN 1C DEB
1 31451U 99025BUP 18028.53501456 +.00000102 +00000-0 +82578-4 0  9994
2 31451 099.0791 047.4637 0033013 045.7822 105.6169 14.10428714557344
FENGYUN 1C DEB
1 31451U 99025BUP 18029.29833515 +.00000123 +00000-0 +94112-4 0  9992
2 31451 099.0790 048.2342 0032995 043.6763 021.3754 14.10428993554636
FENGYUN 1C DEB
1 31451U 99025BUP 18030.52172847 +.00000159 +00000-0 +11434-3 0  9998
2 31451 099.0788 049.4689 0032965 040.3036 113.1511 14.10429447554809
FENGYUN 1C DEB
1 31451U 99025BUP 18031.51493456 +.00000187 +00000-0 +12996-3 0  9995
2 31451 099.0786 050.4714 0032928 037.5864 116.1329 14.10429848557767
FENGYUN 1C DEB
1 31451U 99025BUP 18032.27699138 +.00000192 +00000-0 +13294-3 0  9992
2 31451 099.0787 051.2409 0032900 035.4788 025.4826 14.10430067555059
FENGYUN 1C DEB
1 31451U 99025BUP 18033.85035045  .00000181  00000-0  12705-3 0  9992
2 31451  99.0786  52.8291 0032840  31.0930  94.2654 14.10430676558094
FENGYUN 1C DEB
1 31451U 99025BUP 18034.26283888 +.00000164 +00000-0 +11756-3 0  9994
2 31451 099.0785 053.2452 0032818 029.9887 028.6441 14.10430784555338
FENGYUN 1C DEB
1 31451U 99025BUP 18035.25619392 +.00000127 +00000-0 +96792-4 0  9990
2 31451 099.0786 054.2480 0032769 027.2264 032.4332 14.10431095555479
FENGYUN 1C DEB
1 31451U 99025BUP 18037.89265344  .00000068  00000-0  63442-4 0  9996
2 31451  99.0786  56.9094 0032649  19.8456  99.1872 14.10431933558660
FENGYUN 1C DEB
1 31451U 99025BUP 18038.30789650 +.00000064 +00000-0 +61352-4 0  9998
2 31451 099.0786 057.3288 0032634 018.6880 047.5989 14.10431979555902
FENGYUN 1C DEB
1 31451U 99025BUP 18039.87927292 +.00000114 +00000-0 +89561-4 0  9995
2 31451 099.0785 058.9151 0032572 014.3306 106.3007 14.10432527556124
FENGYUN 1C DEB
1 31451U 99025BUP 18040.52428538 +.00000140 +00000-0 +10405-3 0  9997
2 31451 099.0785 059.5662 0032541 012.5405 141.3692 14.10432772559038
FENGYUN 1C DEB
1 31451U 99025BUP 18041.51743417 +.00000176 +00000-0 +12406-3 0  9995
2 31451 099.0783 060.5689 0032512 009.7525 144.1424 14.10433148556350
FENGYUN 1C DEB
1 31451U 99025BUP 18042.27975874 +.00000194 +00000-0 +13438-3 0  9999
2 31451 099.0782 061.3385 0032479 007.6212 054.8840 14.10433421556468
FENGYUN 1C DEB
1 31451U 99025BUP 18042.85906428 +.00000201 +00000-0 +13831-3 0  9998
2 31451 099.0782 061.9234 0032442 006.0023 116.3373 14.10433646559366
FENGYUN 1C DEB
1 31451U 99025BUP 18043.27194623 +.00000201 +00000-0 +13826-3 0  9995
2 31451 099.0781 062.3402 0032419 004.8396 052.7757 14.10433810556606
FENGYUN 1C DEB
1 31451U 99025BUP 18044.26544160 +.00000192 +00000-0 +13334-3 0  9993
2 31451 099.0780 063.3431 0032362 002.0484 057.3164 14.10434224556741
FENGYUN 1C DEB
1 31451U 99025BUP 18044.91595234 +.00000176 +00000-0 +12424-3 0  9994
2 31451 099.0779 063.9998 0032325 000.2160 120.3351 14.10434486556832
FENGYUN 1C DEB
1 31451U 99025BUP 18045.25853207 +.00000171 +00000-0 +12127-3 0  9994
2 31451 099.0779 064.3456 0032308 359.2511 059.8105 14.10434652556887
FENGYUN 1C DEB
1 31451U 99025BUP 18047.24532615 +.00000098 +00000-0 +80417-4 0  9998
2 31451 099.0778 066.3513 0032212 353.6241 067.9465 14.10435352559985
FENGYUN 1C DEB
1 31451U 99025BUP 18048.30835847 +.00000083 +00000-0 +71918-4 0  9999
2 31451 099.0779 067.4244 0032169 350.6164 065.5927 14.10435728557310
FENGYUN 1C DEB
1 31451U 99025BUP 18048.88834788 +.00000088 +00000-0 +75086-4 0  9990
2 31451 099.0779 068.0099 0032154 348.9698 130.5492 14.10435951557397
FENGYUN 1C DEB
1 31451U 99025BUP 18049.30161175 +.00000095 +00000-0 +78596-4 0  9998
2 31451 099.0779 068.4271 0032130 347.8079 068.9281 14.10436097560271
FENGYUN 1C DEB
1 31451U 99025BUP 18050.29624168 +.00000123 +00000-0 +94578-4 0  9994
2 31451 099.0779 069.4311 0032083 345.0074 079.2425 14.10436475557595
FENGYUN 1C DEB
1 31451U 99025BUP 18050.87533657 +.00000143 +00000-0 +10546-3 0  9994
2 31451 099.0779 070.0157 0032064 343.3636 139.6576 14.10436680557670
FENGYUN 1C DEB
1 31451U 99025BUP 18051.28916760 +.00000155 +00000-0 +11258-3 0  9994
2 31451 099.0779 070.4335 0032058 342.1979 080.9191 14.10436824557730
FENGYUN 1C DEB
1 31451U 99025BUP 18052.28109090 +.00000180 +00000-0 +12632-3 0  9990
2 31451 099.0779 071.4349 0032016 339.3980 077.4995 14.10437163560699
FENGYUN 1C DEB
1 31451U 99025BUP 18053.27441354 +.00000191 +00000-0 +13231-3 0  9990
2 31451 099.0779 072.4376 0031972 336.5766 081.2044 14.10437508558015
FENGYUN 1C DEB
1 31451U 99025BUP 18054.26765312 +.00000187 +00000-0 +13060-3 0  9998
2 31451 099.0778 073.4403 0031931 333.7281 084.5167 14.10437881558153
FENGYUN 1C DEB
1 31451U 99025BUP 18054.84831486  .00000180  00000-0  12642-3 0  9996
2 31451  99.0778  74.0265 0031903 332.0551 152.9163 14.10438108561059
FENGYUN 1C DEB
1 31451U 99025BUP 18054.91826476 +.00000178 +00000-0 +12541-3 0  9992
2 31451 099.0777 074.0971 0031897 331.8503 148.1010 14.10438134558242
FENGYUN 1C DEB
1 31451U 99025BUP 18056.25441295 +.00000141 +00000-0 +10444-3 0  9993
2 31451 099.0776 075.4459 0031840 328.0018 092.6008 14.10438630558436
FENGYUN 1C DEB
1 31451U 99025BUP 18057.24791962 +.00000110 +00000-0 +87204-4 0  9997
2 31451 099.0776 076.4489 0031806 325.1433 097.2834 14.10438971561396
FENGYUN 1C DEB
1 31451U 99025BUP 18058.31061726 +.00000093 +00000-0 +77960-4 0  9992
2 31451 099.0775 077.5217 0031767 322.0950 093.2857 14.10439348558725
FENGYUN 1C DEB
1 31451U 99025BUP 18059.30438924 +.00000095 +00000-0 +79109-4 0  9999
2 31451 099.0775 078.5250 0031744 319.2626 099.2898 14.10439676561680
FENGYUN 1C DEB
1 31451U 99025BUP 18059.88417917 +.00000106 +00000-0 +85123-4 0  9997
2 31451 099.0775 079.1103 0031729 317.5935 163.2643 14.10439878558940
FENGYUN 1C DEB
1 31451U 99025BUP 18060.29874140 +.00000111 +00000-0 +87562-4 0  9994
2 31451 099.0775 079.5287 0031708 316.4148 108.2541 14.10439966559000
FENGYUN 1C DEB
1 31451U 99025BUP 18061.29163288 +.00000138 +00000-0 +10280-3 0  9990
2 31451 099.0774 080.5310 0031667 313.5660 109.8081 14.10440300559144
FENGYUN 1C DEB
1 31451U 99025BUP 18062.98779229  .00000175  00000-0  12374-3 0  9992
2 31451  99.0773  82.2433 0031620 308.7053  82.3066 14.10440908562202
FENGYUN 1C DEB
1 31451U 99025BUP 18063.27679953 +.00000178 +00000-0 +12540-3 0  9996
2 31451 099.0774 082.5350 0031607 307.8774 109.7836 14.10441017559420
FENGYUN 1C DEB
1 31451U 99025BUP 18063.85752522 +.00000177 +00000-0 +12496-3 0  9993
2 31451 099.0773 083.1213 0031595 306.1946 178.5237 14.10441216559502
FENGYUN 1C DEB
1 31451U 99025BUP 18064.26996956 +.00000172 +00000-0 +12211-3 0  9990
2 31451 099.0773 083.5376 0031582 304.9978 112.7869 14.10441365559565
FENGYUN 1C DEB
1 31451U 99025BUP 18064.85074251 +.00000162 +00000-0 +11658-3 0  9993
2 31451 099.0773 084.1239 0031568 303.3131 181.7699 14.10441568559649
FENGYUN 1C DEB
1 31451U 99025BUP 18065.84352049 +.00000134 +00000-0 +10050-3 0  9991
2 31451 099.0772 085.1261 0031540 300.4209 182.7991 14.10441908562602
FENGYUN 1C DEB
1 31451U 99025BUP 18066.25725788 +.00000121 +00000-0 +93340-4 0  9991
2 31451 099.0772 085.5437 0031534 299.2102 123.6395 14.10442062559847
FENGYUN 1C DEB
1 31451U 99025BUP 18067.25004828 +.00000089 +00000-0 +75741-4 0  9995
2 31451 099.0772 086.5459 0031517 296.3185 124.7329 14.10442379559987
FENGYUN 1C DEB
1 31451U 99025BUP 18068.24343814 +.00000072 +00000-0 +66036-4 0  9995
2 31451 099.0771 087.5487 0031505 293.4323 128.8636 14.10442705562946
FENGYUN 1C DEB
1 31451U 99025BUP 18069.30627524 +.00000079 +00000-0 +70111-4 0  9992
2 31451 099.0771 088.6217 0031494 290.3779 125.5932 14.10443076560276
FENGYUN 1C DEB
1 31451U 99025BUP 18070.53126906  .00000113  00000-0  89204-4 0  9999
2 31451  99.0770  89.8584 0031481 286.8479 225.7101 14.10443502563265
FENGYUN 1C DEB
1 31451U 99025BUP 18071.52458903 +.00000149 +00000-0 +10933-3 0  9995
2 31451 099.0769 090.8611 0031469 283.9688 229.4806 14.10443828560588
FENGYUN 1C DEB
1 31451U 99025BUP 18072.28586029 +.00000177 +00000-0 +12465-3 0  9993
2 31451 099.0769 091.6296 0031468 281.7869 134.9559 14.10444081560691
FENGYUN 1C DEB
1 31451U 99025BUP 18072.86639184 +.00000194 +00000-0 +13418-3 0  9996
2 31451 099.0768 092.2156 0031465 280.0982 202.7225 14.10444307563594
FENGYUN 1C DEB
1 31451U 99025BUP 18073.27974803 +.00000201 +00000-0 +13842-3 0  9992
2 31451 099.0767 092.6328 0031454 278.8699 141.6489 14.10444481560836
FENGYUN 1C DEB
1 31451U 99025BUP 18074.85340340 +.00000196 +00000-0 +13534-3 0  9991
2 31451 099.0765 094.2214 0031456 274.2863 212.2144 14.10445106561054
FENGYUN 1C DEB
1 31451U 99025BUP 18075.26553535  .00000190  00000-0  13217-3 0  9991
2 31451  99.0765  94.6374 0031464 273.0798 144.9080 14.10445311563935
FENGYUN 1C DEB
1 31451U 99025BUP 18076.25902869 +.00000160 +00000-0 +11548-3 0  9991
2 31451 099.0764 095.6403 0031484 270.1733 149.5957 14.10445745561255
FENGYUN 1C DEB
1 31451U 99025BUP 18077.25232730 +.00000118 +00000-0 +91708-4 0  9995
2 31451 099.0764 096.6430 0031503 267.2713 153.2920 14.10446105561391
FENGYUN 1C DEB
1 31451U 99025BUP 18078.02613890  .00000093  00000-0  77523-4 0  9992
2 31451  99.0764  97.4242 0031516 265.0302 122.4749 14.10446397564321
FENGYUN 1C DEB
1 31451U 99025BUP 18078.31766677 +.00000093 +00000-0 +77710-4 0  9994
2 31451 099.0764 097.7185 0031520 264.1742 162.7777 14.10446542561544
FENGYUN 1C DEB
1 31451U 99025BUP 18079.31068557 +.00000079 +00000-0 +70124-4 0  9993
2 31451 099.0764 098.7209 0031537 261.3016 165.0259 14.10446861561683
FENGYUN 1C DEB
1 31451U 99025BUP 18080.30216528  .00000093  00000-0  77802-4 0  9993
2 31451  99.0764  99.7218 0031550 258.4306 159.4626 14.10447200564640
FENGYUN 1C DEB
1 31451U 99025BUP 18081.29655273 +.00000131 +00000-0 +98928-4 0  9991
2 31451 099.0764 100.7258 0031548 255.6216 168.5945 14.10447611561966
FENGYUN 1C DEB
1 31451U 99025BUP 18082.28825497 +.00000170 +00000-0 +12097-3 0  9993
2 31451 099.0764 101.7270 0031579 252.7423 164.1706 14.10448001562101
FENGYUN 1C DEB
1 31451U 99025BUP 18083.28152985  .00000208  00000-0  14226-3 0  9997
2 31451  99.0761 102.7294 0031591 249.8247 167.7682 14.10448459565067
FENGYUN 1C DEB
1 31451U 99025BUP 18083.86213056 +.00000217 +00000-0 +14703-3 0  9998
2 31451 099.0759 103.3151 0031581 248.1071 235.9243 14.10448692562325
FENGYUN 1C DEB
1 31451U 99025BUP 18084.27484090 +.00000220 +00000-0 +14890-3 0  9993
2 31451 099.0758 103.7317 0031595 246.9123 171.5462 14.10448886562380
FENGYUN 1C DEB
1 31451U 99025BUP 18084.85542917 +.00000218 +00000-0 +14759-3 0  9991
2 31451 099.0758 104.3178 0031616 245.2281 239.6069 14.10449131562465
FENGYUN 1C DEB
1 31451U 99025BUP 18086.26130059  .00000179  00000-0  12560-3 0  9992
2 31451  99.0756 105.7370 0031675 241.1715 178.2000 14.10449699565481
FENGYUN 1C DEB
1 31451U 99025BUP 18087.55636881 +.00000130 +00000-0 +98313-4 0  9997
2 31451 099.0755 107.0443 0031737 237.4355 274.1698 14.10450221562842
FENGYUN 1C DEB
1 31451U 99025BUP 18088.55000604  .00000100  00000-0  81351-4 0  9997
2 31451  99.0754 108.0473 0031779 234.5767 279.5565 14.10450582565807
FENGYUN 1C DEB
1 31451U 99025BUP 18089.31102119 +.00000089 +00000-0 +75409-4 0  9999
2 31451 099.0754 108.8155 0031809 232.3948 183.7522 14.10450843563091
FENGYUN 1C DEB
1 31451U 99025BUP 18090.30615836 +.00000095 +00000-0 +78657-4 0  9990
2 31451 099.0754 109.8200 0031848 229.5388 196.7491 14.10451190563233
FENGYUN 1C DEB
1 31451U 99025BUP 18091.52922380  .00000132  00000-0  99671-4 0  9991
2 31451  99.0753 111.0545 0031896 226.0235 287.1012 14.10451674566228
FENGYUN 1C DEB
1 31451U 99025BUP 18091.87787130 +.00000145 +00000-0 +10661-3 0  9996
2 31451 099.0753 111.4065 0031912 225.0269 257.4213 14.10451789563456
FENGYUN 1C DEB
1 31451U 99025BUP 18092.29057934 +.00000158 +00000-0 +11417-3 0  9999
2 31451 099.0753 111.8231 0031936 223.8428 193.0248 14.10451947563510
FENGYUN 1C DEB
1 31451U 99025BUP 18093.28379953 +.00000193 +00000-0 +13357-3 0  9991
2 31451 099.0752 112.8256 0031973 220.9946 196.2896 14.10452399563652
FENGYUN 1C DEB
1 31451U 99025BUP 18093.86439993  .00000203  00000-0  13902-3 0  9994
2 31451  99.0751 113.4116 0031996 219.3131 264.4163 14.10452639566550
FENGYUN 1C DEB
1 31451U 99025BUP 18094.85752493 +.00000206 +00000-0 +14107-3 0  9998
2 31451 099.0750 114.4140 0032040 216.4522 267.2143 14.10453099563872
FENGYUN 1C DEB
1 31451U 99025BUP 18096.26384351  .00000185  00000-0  12905-3 0  9999
2 31451  99.0750 115.8337 0032129 212.5059 207.9885 14.10453874566895
FENGYUN 1C DEB
1 31451U 99025BUP 18100.01748979  .00000108  00000-0  85781-4 0  9996
2 31451  99.0747 119.6226 0032346 201.8942 187.7290 14.10455463567424
FENGYUN 1C DEB
1 31451U 99025BUP 18101.01058854 +.00000144 +00000-0 +10637-3 0  9990
2 31451 099.0746 120.6249 0032404 199.0753 190.3612 14.10455983564740
FENGYUN 1C DEB
1 31451U 99025BUP 18101.87999138 +.00000185 +00000-0 +12891-3 0  9992
2 31451 099.0746 121.5026 0032426 196.6372 284.8757 14.10456363564862
FENGYUN 1C DEB
1 31451U 99025BUP 18102.87339414  .00000226  00000-0  15195-3 0  9994
2 31451  99.0745 122.5053 0032503 193.8366 289.0345 14.10456851567821
FENGYUN 1C DEB
1 31451U 99025BUP 18102.99712292 +.00000228 +00000-0 +15336-3 0  9995
2 31451 099.0745 122.6301 0032507 193.4807 197.2940 14.10456903565027
FENGYUN 1C DEB
1 31451U 99025BUP 18103.86664550 +.00000255 +00000-0 +16805-3 0  9997
2 31451 099.0744 123.5078 0032556 191.0197 292.4437 14.10457372565140
FENGYUN 1C DEB
1 31451U 99025BUP 18104.85978303 +.00000251 +00000-0 +16586-3 0  9993
2 31451 099.0744 124.5102 0032630 188.2501 295.2303 14.10457836565282
FENGYUN 1C DEB
1 31451U 99025BUP 18105.27286116  .00000243  00000-0  16117-3 0  9995
2 31451  99.0741 124.9270 0032644 187.0124 232.7747 14.10457992568163
FENGYUN 1C DEB
1 31451U 99025BUP 18106.91570813 +.00000177 +00000-0 +12464-3 0  9994
2 31451 099.0737 126.5851 0032775 182.4129 294.5711 14.10458706565573
FENGYUN 1C DEB
1 31451U 99025BUP 18107.25922719 +.00000152 +00000-0 +11072-3 0  9995
2 31451 099.0738 126.9318 0032814 181.4736 238.8166 14.10458736565627
FENGYUN 1C DEB
1 31451U 99025BUP 18108.03345101  .00000118  00000-0  91266-4 0  9992
2 31451  99.0738 127.7130 0032892 179.3311 210.0281 14.10459036568558
FENGYUN 1C DEB
1 31451U 99025BUP 18108.90262912 +.00000092 +00000-0 +76845-4 0  9993
2 31451 099.0738 128.5902 0032949 176.9197 303.3879 14.10459369565850
FENGYUN 1C DEB
1 31451U 99025BUP 18109.24613692 +.00000087 +00000-0 +74276-4 0  9996
2 31451 099.0738 128.9368 0032971 175.9554 247.6030 14.10459523565908
FENGYUN 1C DEB
1 31451U 99025BUP 18110.54042303  .00000103  00000-0  83190-4 0  9990
2 31451  99.0737 130.2431 0033050 172.3543 339.5128 14.10460088568902
FENGYUN 1C DEB
1 31451U 99025BUP 18111.53470307 +.00000141 +00000-0 +10410-3 0  9995
2 31451 099.0736 131.2465 0033101 169.5754 348.1148 14.10460503566221
FENGYUN 1C DEB
1 31451U 99025BUP 18113.52034587  .00000220  00000-0  14865-3 0  9998
2 31451  99.0733 133.2506 0033230 164.0687 350.4676 14.10461373569326
FENGYUN 1C DEB
1 31451U 99025BUP 18113.86902956 +.00000229 +00000-0 +15331-3 0  9997
2 31451 099.0732 133.6025 0033250 163.0997 320.9561 14.10461509566558
FENGYUN 1C DEB
1 31451U 99025BUP 18119.24819653  .00000101  00000-0  81873-4 0  9990
2 31451  99.0726 139.0310 0033551 148.3597 274.2300 14.10464035570132
FENGYUN 1C DEB
1 31451U 99025BUP 18121.53620455  .00000100  00000-0  81239-4 0  9990
2 31451  99.0724 141.3402 0033650 142.1140  11.8105 14.10464740570450
FENGYUN 1C DEB
1 31451U 99025BUP 18122.52924191 +.00000136 +00000-0 +10137-3 0  9991
2 31451 099.0723 142.3423 0033703 139.4027 014.0547 14.10465069567776
FENGYUN 1C DEB
1 31451U 99025BUP 18123.52261142 +.00000168 +00000-0 +11952-3 0  9993
2 31451 099.0722 143.3447 0033750 136.6817 017.9951 14.10465366567917
FENGYUN 1C DEB
1 31451U 99025BUP 18124.28383164  .00000187  00000-0  13000-3 0  9993
2 31451  99.0721 144.1128 0033779 134.5931 283.1770 14.10465592570849
FENGYUN 1C DEB
1 31451U 99025BUP 18127.26370491  .00000168  00000-0  11951-3 0  9995
2 31451  99.0718 147.1197 0033883 126.5370 293.7141 14.10466809571266
FENGYUN 1C DEB
1 31451U 99025BUP 18130.02454528  .00000080  00000-0  70284-4 0  9995
2 31451  99.0715 149.9056 0033945 119.0702 272.1100 14.10467777571656
FENGYUN 1C DEB
1 31451U 99025BUP 18131.01733671 +.00000100 +00000-0 +81431-4 0  9993
2 31451 099.0715 150.9074 0033963 116.3537 273.1251 14.10468289568972
FENGYUN 1C DEB
1 31451U 99025BUP 18131.88664531 +.00000126 +00000-0 +95621-4 0  9990
2 31451 099.0714 151.7847 0034027 114.0451 007.0726 14.10468678569097
FENGYUN 1C DEB
1 31451U 99025BUP 18132.53154986  .00000158  00000-0  11375-3 0  9999
2 31451  99.0714 152.4355 0034030 112.2951  41.6378 14.10469059572004
FENGYUN 1C DEB
1 31451U 99025BUP 18133.29470002 +.00000186 +00000-0 +12954-3 0  9998
2 31451 099.0714 153.2056 0034016 110.2910 316.5413 14.10469475569291
FENGYUN 1C DEB
1 31451U 99025BUP 18133.87310566 +.00000205 +00000-0 +13973-3 0  9994
2 31451 099.0713 153.7892 0034038 108.7360 013.4386 14.10469747569371
FENGYUN 1C DEB
1 31451U 99025BUP 18134.28691152 +.00000213 +00000-0 +14450-3 0  9993
2 31451 099.0713 154.2068 0034045 107.6168 314.5755 14.10469942569433
FENGYUN 1C DEB
1 31451U 99025BUP 18135.27959757 +.00000223 +00000-0 +15001-3 0  9995
2 31451 099.0713 155.2084 0034048 104.8818 315.0806 14.10470410572390
FENGYUN 1C DEB
1 31451U 99025BUP 18136.27213256 +.00000201 +00000-0 +13763-3 0  9992
2 31451 099.0712 156.2099 0034055 102.2292 314.7390 14.10470805569716
FENGYUN 1C DEB
1 31451U 99025BUP 18137.26582354 +.00000162 +00000-0 +11607-3 0  9991
2 31451 099.0712 157.2126 0034053 099.5928 320.2496 14.10471179569859
FENGYUN 1C DEB
1 31451U 99025BUP 18138.33156521 +.00000116 +00000-0 +90034-4 0  9994
2 31451 099.0712 158.2879 0034041 096.7112 331.6569 14.10471581570009
FENGYUN 1C DEB
1 31451U 99025BUP 18138.33156521 +.00000116 +00000-0 +90034-4 0  9994
2 31451 099.0712 158.2879 0034041 096.7112 331.6569 14.10471581572821
FENGYUN 1C DEB
1 31451U 99025BUP 18140.89545319 +.00000062 +00000-0 +59926-4 0  9990
2 31451 099.0709 160.8748 0034025 089.8136 030.0164 14.10472379573189
FENGYUN 1C DEB
1 31451U 99025BUP 18141.01965883 +.00000063 +00000-0 +60770-4 0  9997
2 31451 099.0709 161.0001 0034026 089.4869 300.6737 14.10472426570388
FENGYUN 1C DEB
1 31451U 99025BUP 18142.01287126 +.00000090 +00000-0 +75605-4 0  9998
2 31451 099.0708 162.0023 0034019 086.8232 303.7868 14.10472741570524
FENGYUN 1C DEB
1 31451U 99025BUP 18142.88194625 +.00000121 +00000-0 +93099-4 0  9996
2 31451 099.0707 162.8792 0034020 084.4481 036.6261 14.10472947570646
FENGYUN 1C DEB
1 31451U 99025BUP 18143.00587503  .00000126  00000-0  95738-4 0  9999
2 31451  99.0707 163.0042 0034019  84.1203 305.8796 14.10472993573484
FENGYUN 1C DEB
1 31451U 99025BUP 18144.28920319 +.00000173 +00000-0 +12181-3 0  9998
2 31451 099.0706 164.2990 0034015 080.6550 342.1033 14.10473405570844
FENGYUN 1C DEB
1 31451U 99025BUP 18144.86863517 +.00000181 +00000-0 +12632-3 0  9998
2 31451 099.0705 164.8837 0034009 079.0906 044.2265 14.10473578570926
FENGYUN 1C DEB
1 31451U 99025BUP 18145.28166758  .00000186  00000-0  12905-3 0  9996
2 31451  99.0705 165.3004 0033998  77.9898 341.4255 14.10473739573801
FENGYUN 1C DEB
1 31451U 99025BUP 18149.90427380 +.00000046 +00000-0 +51000-4 0  9995
2 31451 099.0701 169.9641 0033839 065.5376 053.1611 14.10475152574458
FENGYUN 1C DEB
1 31451U 99025BUP 18151.02248321 +.00000040 +00000-0 +47819-4 0  9994
2 31451 099.0700 171.0924 0033798 062.4912 331.0158 14.10475490571794
FENGYUN 1C DEB
1 31451U 99025BUP 18152.53550149 +.00000089 +00000-0 +74997-4 0  9995
2 31451 099.0700 172.6188 0033749 058.3857 093.5479 14.10475981574829
FENGYUN 1C DEB
1 31451U 99025BUP 18152.88406458 +.00000099 +00000-0 +80503-4 0  9997
2 31451 099.0700 172.9706 0033742 057.4009 063.4571 14.10476008572053
FENGYUN 1C DEB
1 31451U 99025BUP 18153.53022983 +.00000120 +00000-0 +92409-4 0  9990
2 31451 099.0700 173.6225 0033730 055.6464 104.4403 14.10476186572146
FENGYUN 1C DEB
1 31451U 99025BUP 18153.87737448 +.00000128 +00000-0 +96823-4 0  9998
2 31451 099.0700 173.9728 0033719 054.6906 067.1229 14.10476224572193
FENGYUN 1C DEB
1 31451U 99025BUP 18154.87067337  .00000145  00000-0  10633-3 0  9995
2 31451  99.0699 174.9750 0033681  51.9965  70.7179 14.10476428575158
FENGYUN 1C DEB
1 31451U 99025BUP 18154.94028049 +.00000146 +00000-0 +10722-3 0  9990
2 31451 099.0698 175.0451 0033675 051.8231 064.1412 14.10476455572340
FENGYUN 1C DEB
1 31451U 99025BUP 18155.28370549 +.00000146 +00000-0 +10714-3 0  9994
2 31451 099.0698 175.3915 0033672 050.9052 007.9096 14.10476501572396
FENGYUN 1C DEB
1 31451U 99025BUP 18156.85725844 +.00000125 +00000-0 +95119-4 0  9990
2 31451 099.0696 176.9791 0033568 046.6252 077.8309 14.10476842572617
FENGYUN 1C DEB
1 31451U 99025BUP 18157.26979344 +.00000108 +00000-0 +86044-4 0  9990
2 31451 099.0696 177.3952 0033539 045.5107 012.5243 14.10476902575495
FENGYUN 1C DEB
1 31451U 99025BUP 18160.55132841  .00000031  00000-0  42685-4 0  9997
2 31451  99.0696 180.7057 0033373  36.4827 115.0634 14.10477893575957
FENGYUN 1C DEB
1 31451U 99025BUP 18161.54491525 +.00000041 +00000-0 +48104-4 0  9997
2 31451 099.0696 181.7081 0033330 033.7471 120.1701 14.10478262573279
FENGYUN 1C DEB
1 31451U 99025BUP 18162.30620521 +.00000064 +00000-0 +61188-4 0  9994
2 31451 099.0697 182.4761 0033254 031.6756 025.7263 14.10478595573385
FENGYUN 1C DEB
1 31451U 99025BUP 18163.30066269  .00000110  00000-0  86830-4 0  9991
2 31451  99.0694 183.4795 0033208  28.9358  35.2572 14.10479059576340
FENGYUN 1C DEB
1 31451U 99025BUP 18164.00335843 +.00000128 +00000-0 +96985-4 0  9997
2 31451 099.0694 184.1885 0033171 026.9997 003.3173 14.10479271573621
FENGYUN 1C DEB
1 31451U 99025BUP 18165.28555850 +.00000151 +00000-0 +10994-3 0  9991
2 31451 099.0693 185.4820 0033071 023.4809 033.9000 14.10479692573801
FENGYUN 1C DEB
1 31451U 99025BUP 18166.27851942  .00000157  00000-0  11307-3 0  9997
2 31451  99.0693 186.4838 0033003  20.7295  35.8520 14.10480097576762
FENGYUN 1C DEB
1 31451U 99025BUP 18166.85938951 +.00000146 +00000-0 +10727-3 0  9990
2 31451 099.0692 187.0698 0032960 019.1237 105.3298 14.10480282574029
FENGYUN 1C DEB
1 31451U 99025BUP 18167.27196851 +.00000150 +00000-0 +10955-3 0  9990
2 31451 099.0693 187.4861 0032944 017.9551 040.3064 14.10480538574082
FENGYUN 1C DEB
1 31451U 99025BUP 18167.92208632 +.00000131 +00000-0 +98705-4 0  9992
2 31451 099.0691 188.1419 0032892 016.1484 101.4133 14.10480756574173
FENGYUN 1C DEB
1 31451U 99025BUP 18168.26531524 +.00000115 +00000-0 +90018-4 0  9990
2 31451 099.0691 188.4882 0032858 015.1918 044.2316 14.10480846574226
FENGYUN 1C DEB
1 31451U 99025BUP 18169.25865920 +.00000081 +00000-0 +70754-4 0  9997
2 31451 099.0690 189.4904 0032776 012.4069 048.1653 14.10481151577182
FENGYUN 1C DEB
1 31451U 99025BUP 18169.90855418 +.00000061 +00000-0 +59649-4 0  9998
2 31451 099.0689 190.1460 0032729 010.5827 108.1600 14.10481334574454
FENGYUN 1C DEB
1 31451U 99025BUP 18170.55381684 +.00000057 +00000-0 +57515-4 0  9995
2 31451 099.0689 190.7969 0032685 008.7802 144.6248 14.10481594574548
FENGYUN 1C DEB
1 31451U 99025BUP 18171.54673337 +.00000063 +00000-0 +60555-4 0  9999
2 31451 099.0689 191.7986 0032612 005.9957 146.3906 14.10481927577507
FENGYUN 1C DEB
1 31451U 99025BUP 18172.30820868 +.00000078 +00000-0 +69086-4 0  9991
2 31451 099.0689 192.5668 0032564 003.8634 052.9563 14.10482139574793
FENGYUN 1C DEB
1 31451U 99025BUP 18172.88827639 +.00000095 +00000-0 +78755-4 0  9999
2 31451 099.0688 193.1520 0032520 002.2327 118.3898 14.10482307574874
FENGYUN 1C DEB
1 31451U 99025BUP 18173.01256711 +.00000100 +00000-0 +81195-4 0  9991
2 31451 099.0688 193.2774 0032520 001.8835 029.5057 14.10482355574890
FENGYUN 1C DEB
1 31451U 99025BUP 18173.88150729 +.00000138 +00000-0 +10247-3 0  9998
2 31451 099.0688 194.1541 0032469 359.4510 121.7497 14.10482683577830
FENGYUN 1C DEB
1 31451U 99025BUP 18174.52631462 +.00000160 +00000-0 +11528-3 0  9996
2 31451 099.0687 194.8045 0032424 357.6473 155.9067 14.10482934575103
FENGYUN 1C DEB
1 31451U 99025BUP 18174.87485132 +.00000176 +00000-0 +12388-3 0  9997
2 31451 099.0687 195.1562 0032405 356.6591 125.6954 14.10483085575152
FENGYUN 1C DEB
1 31451U 99025BUP 18175.28842889 +.00000182 +00000-0 +12738-3 0  9995
2 31451 099.0687 195.5734 0032381 355.5008 065.7321 14.10483212575212
FENGYUN 1C DEB
1 31451U 99025BUP 18175.86826480 +.00000184 +00000-0 +12853-3 0  9998
2 31451 099.0687 196.1584 0032340 353.8533 130.0087 14.10483387575297
FENGYUN 1C DEB
1 31451U 99025BUP 18178.84763024  .00000150  00000-0  10942-3 0  9993
2 31451  99.0684 199.1637 0032101 345.3623 138.5972 14.10484765578534
FENGYUN 1C DEB
1 31451U 99025BUP 18180.55573528 +.00000083 +00000-0 +71799-4 0  9995
2 31451 099.0684 200.8868 0031995 340.4710 172.0230 14.10485363575951
FENGYUN 1C DEB
1 31451U 99025BUP 18180.90383302 +.00000079 +00000-0 +69588-4 0  9991
2 31451 099.0684 201.2380 0031984 339.4827 139.5876 14.10485489578822
FENGYUN 1C DEB
1 31451U 99025BUP 18181.24739878 +.00000075 +00000-0 +67298-4 0  9994
2 31451 099.0684 201.5845 0031959 338.5005 084.1467 14.10485621576053
FENGYUN 1C DEB
1 31451U 99025BUP 18182.89060365 +.00000085 +00000-0 +73400-4 0  9997
2 31451 099.0684 203.2421 0031873 333.8142 148.0051 14.10486129576285
FENGYUN 1C DEB
1 31451U 99025BUP 18184.29773531 +.00000108 +00000-0 +86009-4 0  9994
2 31451 099.0684 204.6616 0031775 329.7609 093.1721 14.10486381579309
FENGYUN 1C DEB
1 31451U 99025BUP 18185.28972488 +.00000126 +00000-0 +95855-4 0  9995
2 31451 099.0684 205.6624 0031763 326.9763 090.2487 14.10486570576625
FENGYUN 1C DEB
1 31451U 99025BUP 18186.28333514 +.00000130 +00000-0 +98324-4 0  9996
2 31451 099.0684 206.6647 0031697 324.0921 095.6510 14.10486744576766
FENGYUN 1C DEB
1 31451U 99025BUP 18191.02971384  .00000061  00000-0  59584-4 0  9995
2 31451  99.0683 211.4527 0031491 310.3086  77.0707 14.10488159580251
FENGYUN 1C DEB
1 31451U 99025BUP 18191.55127617 +.00000054 +00000-0 +55754-4 0  9992
2 31451 099.0684 211.9789 0031477 308.7875 205.4956 14.10488278577507
FENGYUN 1C DEB
1 31451U 99025BUP 18192.54394042 +.00000058 +00000-0 +58349-4 0  9997
2 31451 099.0685 212.9802 0031450 305.9710 206.0355 14.10488495577649
FENGYUN 1C DEB
1 31451U 99025BUP 18193.01628155 +.00000070 +00000-0 +65072-4 0  9990
2 31451 099.0685 213.4567 0031443 304.6424 084.4730 14.10488616577711
FENGYUN 1C DEB
1 31451U 99025BUP 18194.53118005  .00000121  00000-0  93129-4 0  9997
2 31451  99.0684 214.9848 0031345 300.1222 217.0360 14.10489209580745
FENGYUN 1C DEB
1 31451U 99025BUP 18195.00267497 +.00000138 +00000-0 +10272-3 0  9995
2 31451 099.0684 215.4604 0031331 298.7527 091.2217 14.10489415577991
FENGYUN 1C DEB
1 31451U 99025BUP 18199.26479434  .00000100  00000-0  81803-4 0  9991
2 31451  99.0684 219.7602 0031276 286.2037 133.8559 14.10490859581410
FENGYUN 1C DEB
1 31451U 99025BUP 18200.32802469 +.00000066 +00000-0 +62452-4 0  9999
2 31451 099.0683 220.8329 0031275 283.0716 132.8431 14.10491148578748
FENGYUN 1C DEB
1 31451U 99025BUP 18201.55288932  .00000058  00000-0  58123-4 0  9999
2 31451  99.0679 222.0677 0031235 279.5756 232.4844 14.10491644581732
FENGYUN 1C DEB
1 31451U 99025BUP 18201.55288932 +.00000058 +00000-0 +58123-4 0  9999
2 31451 099.0679 222.0677 0031235 279.5756 232.4844 14.10491644578918
FENGYUN 1C DEB
1 31451U 99025BUP 18202.54604775 +.00000074 +00000-0 +67218-4 0  9999
2 31451 099.0680 223.0697 0031224 276.6931 235.6119 14.10492033579053
FENGYUN 1C DEB
1 31451U 99025BUP 18203.30918208 +.00000110 +00000-0 +86947-4 0  9994
2 31451 099.0681 223.8400 0031217 274.4189 150.7690 14.10492479579164
FENGYUN 1C DEB
1 31451U 99025BUP 18204.30058194 +.00000153 +00000-0 +11119-3 0  9999
2 31451 099.0679 224.8396 0031212 271.4388 145.0713 14.10492914582126
FENGYUN 1C DEB
1 31451U 99025BUP 18205.94392632 +.00000196 +00000-0 +13511-3 0  9993
2 31451 099.0680 226.4976 0031237 266.6295 209.8025 14.10493512579531
FENGYUN 1C DEB
1 31451U 99025BUP 18206.93717775 +.00000196 +00000-0 +13551-3 0  9996
2 31451 099.0679 227.4995 0031251 263.6850 213.4701 14.10493856579679
FENGYUN 1C DEB
1 31451U 99025BUP 18207.28018785 +.00000185 +00000-0 +12939-3 0  9997
2 31451 099.0679 227.8455 0031250 262.6770 155.2446 14.10493920579720
FENGYUN 1C DEB
1 31451U 99025BUP 18208.27333628 +.00000156 +00000-0 +11306-3 0  9998
2 31451 099.0679 228.8473 0031279 259.7414 158.3827 14.10494216579865
FENGYUN 1C DEB
1 31451U 99025BUP 18210.26013980 +.00000072 +00000-0 +65670-4 0  9997
2 31451 099.0678 230.8514 0031354 253.8967 167.2075 14.10494729582963
FENGYUN 1C DEB
1 31451U 99025BUP 18211.90333534 +.00000045 +00000-0 +50933-4 0  9995
2 31451 099.0678 232.5090 0031425 249.1223 231.1616 14.10495206580379
FENGYUN 1C DEB
1 31451U 99025BUP 18212.54847394  .00000053  00000-0  55101-4 0  9991
2 31451  99.0679 233.1599 0031437 247.3369 267.0105 14.10495413583289
FENGYUN 1C DEB
1 31451U 99025BUP 18213.31126223 +.00000064 +00000-0 +61347-4 0  9999
2 31451 099.0679 233.9294 0031447 245.1184 180.3625 14.10495570580578
FENGYUN 1C DEB
1 31451U 99025BUP 18214.53481624 +.00000109 +00000-0 +86667-4 0  9995
2 31451 099.0679 235.1636 0031484 241.5669 273.4239 14.10495946580742
FENGYUN 1C DEB
1 31451U 99025BUP 18215.00672502  .00000125  00000-0  95758-4 0  9994
2 31451  99.0679 235.6396 0031498 240.2052 149.7129 14.10496075583635
FENGYUN 1C DEB
1 31451U 99025BUP 18215.29692396 +.00000134 +00000-0 +10054-3 0  9993
2 31451 099.0681 235.9324 0031505 239.4251 183.2459 14.10496129580852
FENGYUN 1C DEB
1 31451U 99025BUP 18216.28904113 +.00000143 +00000-0 +10580-3 0  9990
2 31451 099.0681 236.9331 0031534 236.5421 181.1035 14.10496305580998
FENGYUN 1C DEB
1 31451U 99025BUP 18217.28222517  .00000139  00000-0  10354-3 0  9996
2 31451  99.0680 237.9350 0031588 233.6548 184.3811 14.10496502583951
FENGYUN 1C DEB
1 31451U 99025BUP 18217.93238609 +.00000135 +00000-0 +10083-3 0  9992
2 31451 099.0680 238.5908 0031619 231.7537 245.8379 14.10496688581224
FENGYUN 1C DEB
1 31451U 99025BUP 18218.27538575 +.00000128 +00000-0 +97074-4 0  9993
2 31451 099.0680 238.9368 0031635 230.7539 187.5554 14.10496784581276
FENGYUN 1C DEB
1 31451U 99025BUP 18220.26222431  .00000067  00000-0  63127-4 0  9990
2 31451  99.0680 240.9410 0031753 225.0336 196.4520 14.10497302584373
FENGYUN 1C DEB
1 31451U 99025BUP 18222.31840458  .00000052  00000-0  54537-4 0  9992
2 31451  99.0681 243.0151 0031843 219.1495 197.4263 14.10498070584660
FENGYUN 1C DEB
1 31451U 99025BUP 18223.31181807 +.00000077 +00000-0 +68359-4 0  9993
2 31451 099.0681 244.0172 0031883 216.3014 201.8365 14.10498465581987
FENGYUN 1C DEB
1 31451U 99025BUP 18224.88496736 +.00000128 +00000-0 +96893-4 0  9997
2 31451 099.0680 245.6040 0031957 211.7486 270.1054 14.10498992585029
FENGYUN 1C DEB
1 31451U 99025BUP 18225.87823182 +.00000160 +00000-0 +11509-3 0  9992
2 31451 099.0679 246.6061 0032034 208.9392 273.7236 14.10499405582345
FENGYUN 1C DEB
1 31451U 99025BUP 18226.29180736 +.00000164 +00000-0 +11728-3 0  9997
2 31451 099.0679 247.0232 0032065 207.7368 213.8185 14.10499513582409
FENGYUN 1C DEB
1 31451U 99025BUP 18227.28434119  .00000161  00000-0  11568-3 0  9993
2 31451  99.0679 248.0243 0032123 204.9061 213.7515 14.10499782585368
FENGYUN 1C DEB
1 31451U 99025BUP 18228.27752406 +.00000141 +00000-0 +10451-3 0  9993
2 31451 099.0678 249.0262 0032194 202.0891 216.9663 14.10500045582683
FENGYUN 1C DEB
1 31451U 99025BUP 18229.27116991 +.00000109 +00000-0 +86572-4 0  9999
2 31451 099.0677 250.0285 0032283 199.2788 222.5256 14.10500316582828
FENGYUN 1C DEB
1 31451U 99025BUP 18230.26408628  .00000076  00000-0  67835-4 0  9995
2 31451  99.0677 251.0300 0032364 196.4774 224.3752 14.10500582585785
FENGYUN 1C DEB
1 31451U 99025BUP 18231.32952816 +.00000050 +00000-0 +53645-4 0  9992
2 31451 099.0677 252.1047 0032453 193.4682 234.5000 14.10500874583117
FENGYUN 1C DEB
1 31451U 99025BUP 18232.55202252  .00000051  00000-0  53832-4 0  9999
2 31451  99.0677 253.3378 0032535 190.0386 322.0867 14.10501242586108
FENGYUN 1C DEB
1 31451U 99025BUP 18234.30684352 +.00000086 +00000-0 +73269-4 0  9993
2 31451 099.0677 255.1077 0032625 185.0894 232.7487 14.10501553583536
FENGYUN 1C DEB
1 31451U 99025BUP 18235.53165713  .00000129  00000-0  97541-4 0  9991
2 31451  99.0675 256.3430 0032705 181.6237 332.1430 14.10501882586522
FENGYUN 1C DEB
1 31451U 99025BUP 18235.53165713 +.00000129 +00000-0 +97541-4 0  9991
2 31451 099.0675 256.3430 0032705 181.6237 332.1430 14.10501882583709
FENGYUN 1C DEB
1 31451U 99025BUP 18235.88027956 +.00000141 +00000-0 +10412-3 0  9990
2 31451 099.0675 256.6949 0032726 180.6737 302.3519 14.10501964583757
FENGYUN 1C DEB
1 31451U 99025BUP 18236.87357730 +.00000163 +00000-0 +11642-3 0  9996
2 31451 099.0676 257.6968 0032767 177.9130 306.0998 14.10502259583896
FENGYUN 1C DEB
1 31451U 99025BUP 18239.85329922  .00000118  00000-0  91076-4 0  9999
2 31451  99.0674 260.7022 0032965 169.6491 316.4695 14.10503330587139
FENGYUN 1C DEB
1 31451U 99025BUP 18241.90908861 +.00000045 +00000-0 +50740-4 0  9995
2 31451 099.0674 262.7758 0033060 163.9900 315.2795 14.10504031584602
FENGYUN 1C DEB
1 31451U 99025BUP 18241.90908861  .00000045  00000-0  50740-4 0  9995
2 31451  99.0674 262.7758 0033060 163.9900 315.2795 14.10504031587425
FENGYUN 1C DEB
1 31451U 99025BUP 18242.55391569 +.00000044 +00000-0 +50015-4 0  9992
2 31451 099.0674 263.4262 0033107 162.2571 349.5184 14.10504364584698
FENGYUN 1C DEB
1 31451U 99025BUP 18243.89557008 +.00000070 +00000-0 +64383-4 0  9994
2 31451 099.0674 264.7794 0033170 158.5271 322.1593 14.10504837584884
FENGYUN 1C DEB
1 31451U 99025BUP 18244.30885712  .00000094  00000-0  77734-4 0  9997
2 31451  99.0673 265.1961 0033236 157.4351 260.6891 14.10505109587764
FENGYUN 1C DEB
1 31451U 99025BUP 18244.88890226 +.00000119 +00000-0 +92134-4 0  9995
2 31451 099.0673 265.7811 0033250 155.8043 326.0562 14.10505349585025
FENGYUN 1C DEB
1 31451U 99025BUP 18245.88221157 +.00000161 +00000-0 +11518-3 0  9990
2 31451 099.0674 266.7829 0033297 153.0585 329.8602 14.10505728585160
FENGYUN 1C DEB
1 31451U 99025BUP 18247.28886667  .00000197  00000-0  13566-3 0  9993
2 31451  99.0673 268.2017 0033371 149.2067 272.5088 14.10506299588181
FENGYUN 1C DEB
1 31451U 99025BUP 18248.93147201 +.00000184 +00000-0 +12802-3 0  9998
2 31451 099.0671 269.8584 0033449 144.7347 333.2337 14.10506922585599
FENGYUN 1C DEB
1 31451U 99025BUP 18249.85486375  .00000152  00000-0  11004-3 0  9996
2 31451  99.0671 270.7897 0033491 142.2515 341.9494 14.10507234588549
FENGYUN 1C DEB
1 31451U 99025BUP 18252.32419074  .00000075  00000-0  67063-4 0  9995
2 31451  99.0670 273.2800 0033592 135.5567 280.5352 14.10508036588894
FENGYUN 1C DEB
1 31451U 99025BUP 18252.90427236 +.00000076 +00000-0 +67588-4 0  9991
2 31451 099.0670 273.8651 0033608 133.9776 346.0426 14.10508248586158
FENGYUN 1C DEB
1 31451U 99025BUP 18253.89745667 +.00000099 +00000-0 +80548-4 0  9997
2 31451 099.0668 274.8668 0033636 131.2615 349.1941 14.10508674586292
FENGYUN 1C DEB
1 31451U 99025BUP 18255.01497979  .00000138  00000-0  10266-3 0  9996
2 31451  99.0667 275.9938 0033682 128.2329 263.6813 14.10509118589275
FENGYUN 1C DEB
1 31451U 99025BUP 18255.30509584 +.00000155 +00000-0 +11207-3 0  9999
2 31451 099.0667 276.2864 0033683 127.4178 296.8435 14.10509284586494
FENGYUN 1C DEB
1 31451U 99025BUP 18256.00795081 +.00000181 +00000-0 +12652-3 0  9990
2 31451 099.0667 276.9952 0033701 125.4955 265.7740 14.10509580586595
FENGYUN 1C DEB
1 31451U 99025BUP 18256.87733888 +.00000205 +00000-0 +13971-3 0  9994
2 31451 099.0666 277.8720 0033722 123.1303 000.3087 14.10509931586713
FENGYUN 1C DEB
1 31451U 99025BUP 18257.29068581  .00000221  00000-0  14894-3 0  9995
2 31451  99.0666 278.2889 0033729 122.0096 299.1781 14.10510199589594
FENGYUN 1C DEB
1 31451U 99025BUP 18257.94009326 +.00000215 +00000-0 +14531-3 0  9990
2 31451 099.0665 278.9438 0033744 120.2541 356.6968 14.10510429586861
FENGYUN 1C DEB
1 31451U 99025BUP 18259.85682142  .00000169  00000-0  11980-3 0  9998
2 31451  99.0664 280.8768 0033774 115.0934   9.3192 14.10511236589950
FENGYUN 1C DEB
1 31451U 99025BUP 18259.85682142 +.00000169 +00000-0 +11980-3 0  9998
2 31451 099.0664 280.8768 0033774 115.0934 009.3192 14.10511236589950
FENGYUN 1C DEB
1 31451U 99025BUP 18261.26308184 +.00000110 +00000-0 +86657-4 0  9997
2 31451 099.0664 282.2949 0033782 111.2988 309.9376 14.10511736587331
FENGYUN 1C DEB
1 31451U 99025BUP 18263.31937679  .00000088  00000-0  74426-4 0  9997
2 31451  99.0663 284.3686 0033792 105.7297 311.2817 14.10512425590441
FENGYUN 1C DEB
1 31451U 99025BUP 18263.55078764 +.00000093 +00000-0 +77451-4 0  9991
2 31451 099.0663 284.6019 0033791 105.1098 046.3206 14.10512523587652
FENGYUN 1C DEB
1 31451U 99025BUP 18266.29873934 +.00000215 +00000-0 +14562-3 0  9996
2 31451 099.0661 287.3730 0033804 097.6249 319.7705 14.10513668588044
FENGYUN 1C DEB
1 31451U 99025BUP 18266.87904200 +.00000230 +00000-0 +15384-3 0  9991
2 31451 099.0660 287.9581 0033801 096.0540 026.4022 14.10513897588124
FENGYUN 1C DEB
1 31451U 99025BUP 18268.86584784 +.00000221 +00000-0 +14880-3 0  9993
2 31451 099.0656 289.9616 0033778 090.6754 034.9124 14.10514762588400
FENGYUN 1C DEB
1 31451U 99025BUP 18269.27835913 +.00000200 +00000-0 +13707-3 0  9996
2 31451 099.0655 290.3775 0033773 089.5745 329.5278 14.10514871588463
FENGYUN 1C DEB
1 31451U 99025BUP 18269.92834586 +.00000176 +00000-0 +12374-3 0  9994
2 31451 099.0655 291.0330 0033750 087.8049 030.0123 14.10515139588552
FENGYUN 1C DEB
1 31451U 99025BUP 18270.85195808  .00000126  00000-0  95440-4 0  9996
2 31451  99.0655 291.9644 0033714  85.2986  39.8970 14.10515403591501
FENGYUN 1C DEB
1 31451U 99025BUP 18272.90796681  .00000063  00000-0  60263-4 0  9995
2 31451  99.0653 294.0374 0033664  79.7119  39.8341 14.10516018591799
FENGYUN 1C DEB
1 31451U 99025BUP 18273.55266869 +.00000064 +00000-0 +60837-4 0  9995
2 31451 099.0653 294.6875 0033662 077.9496 073.4911 14.10516169589068
FENGYUN 1C DEB
1 31451U 99025BUP 18274.89444625 +.00000106 +00000-0 +84734-4 0  9990
2 31451 099.0653 296.0404 0033633 074.2859 046.7460 14.10516591589255
FENGYUN 1C DEB
1 31451U 99025BUP 18275.30900528  .00000124  00000-0  94324-4 0  9992
2 31451  99.0653 296.4584 0033627  73.1546 351.7861 14.10516717592137
FENGYUN 1C DEB
1 31451U 99025BUP 18276.01156067 +.00000155 +00000-0 +11200-3 0  9997
2 31451 099.0652 297.1667 0033614 071.2293 319.2175 14.10516969589413
FENGYUN 1C DEB
1 31451U 99025BUP 18278.28724715  .00000215  00000-0  14525-3 0  9999
2 31451  99.0650 299.4613 0033569  65.0137 354.6700 14.10517874592556
FENGYUN 1C DEB
1 31451U 99025BUP 18278.86746619 +.00000205 +00000-0 +14005-3 0  9992
2 31451 099.0650 300.0462 0033517 063.4239 060.9054 14.10518054589810
FENGYUN 1C DEB
1 31451U 99025BUP 18279.28011956 +.00000203 +00000-0 +13884-3 0  9990
2 31451 099.0650 300.4624 0033498 062.2858 356.2844 14.10518264589873
FENGYUN 1C DEB
1 31451U 99025BUP 18280.27364781 +.00000172 +00000-0 +12169-3 0  9998
2 31451 099.0649 301.4641 0033443 059.5728 001.2144 14.10518639590010
FENGYUN 1C DEB
1 31451U 99025BUP 18282.25999108  .00000097  00000-0  79712-4 0  9999
2 31451  99.0647 303.4667 0033345  54.1124   7.4936 14.10519346593117
FENGYUN 1C DEB
1 31451U 99025BUP 18283.32502382 +.00000091 +00000-0 +76143-4 0  9991
2 31451 099.0645 304.5404 0033303 051.1833 015.5337 14.10519789590443
FENGYUN 1C DEB
1 31451U 99025BUP 18284.54766948  .00000110  00000-0  86563-4 0  9995
2 31451  99.0644 305.7731 0033254  47.7926 103.9318 14.10520276593433
FENGYUN 1C DEB
1 31451U 99025BUP 18284.54766948 +.00000110 +00000-0 +86563-4 0  9995
2 31451 099.0644 305.7731 0033254 047.7926 103.9318 14.10520276590610
FENGYUN 1C DEB
1 31451U 99025BUP 18285.30912215 +.00000131 +00000-0 +98476-4 0  9999
2 31451 099.0643 306.5408 0033227 045.7089 010.4388 14.10520553590726
FENGYUN 1C DEB
1 31451U 99025BUP 18286.30253650 +.00000165 +00000-0 +11731-3 0  9996
2 31451 099.0642 307.5423 0033191 042.9579 014.8352 14.10520948590868
FENGYUN 1C DEB
1 31451U 99025BUP 18287.29552292  .00000200  00000-0  13690-3 0  9995
2 31451  99.0641 308.5434 0033148  40.2190  17.0493 14.10521393593827
FENGYUN 1C DEB
1 31451U 99025BUP 18289.28208512 +.00000191 +00000-0 +13234-3 0  9992
2 31451 099.0640 310.5461 0033044 034.7119 024.5033 14.10522121591284
FENGYUN 1C DEB
1 31451U 99025BUP 18290.27512997  .00000168  00000-0  11916-3 0  9997
2 31451  99.0640 311.5472 0032992  31.9448  27.0481 14.10522521594240
FENGYUN 1C DEB
1 31451U 99025BUP 18292.84114760  .00000100  00000-0  81233-4 0  9994
2 31451  99.0638 314.1340 0032844  24.7455  96.9864 14.10523454594600
FENGYUN 1C DEB
1 31451U 99025BUP 18293.25511753 +.00000092 +00000-0 +77077-4 0  9994
2 31451 099.0637 314.5512 0032833 023.6263 039.0352 14.10523550591847
FENGYUN 1C DEB
1 31451U 99025BUP 18294.02882407 +.00000100 +00000-0 +81420-4 0  9994
2 31451 099.0636 315.3312 0032796 021.4634 007.8200 14.10523844591952
FENGYUN 1C DEB
1 31451U 99025BUP 18294.89788404  .00000116  00000-0  89973-4 0  9999
2 31451  99.0634 316.2071 0032753  19.0298 100.8019 14.10524099594895
FENGYUN 1C DEB
1 31451U 99025BUP 18295.89122951 +.00000143 +00000-0 +10544-3 0  9996
2 31451 099.0633 317.2085 0032712 016.2511 104.8877 14.10524372592216
FENGYUN 1C DEB
1 31451U 99025BUP 18297.29729462 +.00000183 +00000-0 +12771-3 0  9990
2 31451 099.0631 318.6259 0032653 012.3170 044.7166 14.10524852592412
FENGYUN 1C DEB
1 31451U 99025BUP 18298.29100786 +.00000193 +00000-0 +13308-3 0  9991
2 31451 099.0628 319.6275 0032598 009.5347 050.6774 14.10525234592550
FENGYUN 1C DEB
1 31451U 99025BUP 18299.28377406  .00000187  00000-0  12976-3 0  9999
2 31451  99.0626 320.6282 0032537   6.7307  51.8556 14.10525648595515
FENGYUN 1C DEB
1 31451U 99025BUP 18300.27666959 +.00000164 +00000-0 +11703-3 0  9997
2 31451 099.0625 321.6290 0032485 003.9115 053.7075 14.10526069592839
FENGYUN 1C DEB
1 31451U 99025BUP 18303.90651819  .00000079  00000-0  69447-4 0  9993
2 31451  99.0622 325.2875 0032307 353.6218 125.8110 14.10527420596160
FENGYUN 1C DEB
1 31451U 99025BUP 18304.31980532 +.00000090 +00000-0 +75646-4 0  9997
2 31451 099.0622 325.7041 0032299 352.4085 064.4956 14.10527652593406
FENGYUN 1C DEB
1 31451U 99025BUP 18305.54456928 +.00000124 +00000-0 +95045-4 0  9993
2 31451 099.0622 326.9386 0032271 348.9051 163.7905 14.10528122593572
FENGYUN 1C DEB
1 31451U 99025BUP 18306.88621910  .00000178  00000-0  12493-3 0  9990
2 31451  99.0621 328.2909 0032221 345.1030 136.5930 14.10528650596584
FENGYUN 1C DEB
1 31451U 99025BUP 18307.87956081 +.00000211 +00000-0 +14343-3 0  9994
2 31451 099.0620 329.2921 0032184 342.2603 140.7414 14.10529106593904
FENGYUN 1C DEB
1 31451U 99025BUP 18308.29278998 +.00000216 +00000-0 +14643-3 0  9993
2 31451 099.0620 329.7086 0032166 341.0851 079.0954 14.10529283593968
FENGYUN 1C DEB
1 31451U 99025BUP 18309.28548819  .00000211  00000-0  14340-3 0  9994
2 31451  99.0619 330.7090 0032136 338.2553  79.9678 14.10529663596920
FENGYUN 1C DEB
1 31451U 99025BUP 18310.27854228 +.00000190 +00000-0 +13175-3 0  9990
2 31451 099.0617 331.7098 0032100 335.4076 082.6664 14.10530068594247
FENGYUN 1C DEB
1 31451U 99025BUP 18311.85207257  .00000136  00000-0  10162-3 0  9992
2 31451  99.0614 333.2957 0032054 330.8680 153.0368 14.10530692597287
FENGYUN 1C DEB
1 31451U 99025BUP 18311.92185569 +.00000133 +00000-0 +99747-4 0  9995
2 31451 099.0614 333.3660 0032045 330.6654 147.3961 14.10530710594472
FENGYUN 1C DEB
1 31451U 99025BUP 18312.26524600 +.00000119 +00000-0 +92243-4 0  9994
2 31451 099.0613 333.7120 0032033 329.6775 091.1262 14.10530830594524
FENGYUN 1C DEB
1 31451U 99025BUP 18313.90833398  .00000090  00000-0  75657-4 0  9991
2 31451  99.0611 335.3679 0031992 324.9600 154.6905 14.10531438597579
FENGYUN 1C DEB
1 31451U 99025BUP 18314.90172663 +.00000107 +00000-0 +85220-4 0  9999
2 31451 099.0610 336.3689 0031967 322.1162 159.1095 14.10531882594890
FENGYUN 1C DEB
1 31451U 99025BUP 18315.89473559 +.00000137 +00000-0 +10196-3 0  9998
2 31451 099.0609 337.3696 0031946 319.2697 161.5852 14.10532329595036
FENGYUN 1C DEB
1 31451U 99025BUP 18316.01856227  .00000141  00000-0  10444-3 0  9991
2 31451  99.0609 337.4944 0031943 318.9170  70.3718 14.10532393597875
FENGYUN 1C DEB
1 31451U 99025BUP 18316.30761772 +.00000150 +00000-0 +10914-3 0  9995
2 31451 099.0609 337.7857 0031936 318.0906 098.1863 14.10532499595099
FENGYUN 1C DEB
1 31451U 99025BUP 18317.30078998 +.00000181 +00000-0 +12697-3 0  9991
2 31451 099.0608 338.7865 0031913 315.2405 101.4959 14.10532929595234
FENGYUN 1C DEB
1 31451U 99025BUP 18320.28039444  .00000183  00000-0  12779-3 0  9998
2 31451  99.0606 341.7891 0031872 306.6216 111.9487 14.10534119598477
FENGYUN 1C DEB
1 31451U 99025BUP 18320.86060278 +.00000170 +00000-0 +12060-3 0  9990
2 31451 099.0605 342.3738 0031847 304.9476 178.2490 14.10534372595731
FENGYUN 1C DEB
1 31451U 99025BUP 18321.27383194 +.00000160 +00000-0 +11502-3 0  9990
2 31451 099.0605 342.7902 0031850 303.7493 116.6346 14.10534567595796
FENGYUN 1C DEB
1 31451U 99025BUP 18321.92369424 +.00000143 +00000-0 +10563-3 0  9999
2 31451 099.0604 343.4450 0031844 301.8560 176.6571 14.10534843595881
FENGYUN 1C DEB
1 31451U 99025BUP 18322.33719019  .00000132  00000-0  99403-4 0  9993
2 31451  99.0604 343.8617 0031840 300.6638 116.3910 14.10535008598761
FENGYUN 1C DEB
1 31451U 99025BUP 18324.55502436  .00000127  00000-0  96740-4 0  9997
2 31451  99.0600 346.0965 0031838 294.2848 218.5492 14.10536014599079
FENGYUN 1C DEB
1 31451U 99025BUP 18324.90363637 +.00000132 +00000-0 +99360-4 0  9991
2 31451 099.0600 346.4477 0031837 293.2828 188.7998 14.10536127596304
FENGYUN 1C DEB
1 31451U 99025BUP 18325.54806236 +.00000145 +00000-0 +10640-3 0  9996
2 31451 099.0599 347.0971 0031830 291.4276 221.1966 14.10536397596392
FENGYUN 1C DEB
1 31451U 99025BUP 18326.88973675  .00000182  00000-0  12727-3 0  9995
2 31451  99.0596 348.4490 0031819 287.5559 194.2335 14.10536939599404
FENGYUN 1C DEB
1 31451U 99025BUP 18327.88298993 +.00000204 +00000-0 +13933-3 0  9994
2 31451 099.0595 349.4498 0031819 284.7019 197.9733 14.10537359596723
FENGYUN 1C DEB
1 31451U 99025BUP 18328.00683206 +.00000205 +00000-0 +14012-3 0  9994
2 31451 099.0595 349.5745 0031820 284.3479 106.8420 14.10537420596740
FENGYUN 1C DEB
1 31451U 99025BUP 18328.87632267 +.00000207 +00000-0 +14145-3 0  9999
2 31451 099.0594 350.4506 0031823 281.8386 202.1281 14.10537760596862
FENGYUN 1C DEB
1 31451U 99025BUP 18329.28911059  .00000199  00000-0  13687-3 0  9994
2 31451  99.0593 350.8665 0031822 280.6410 138.2780 14.10537890599742
FENGYUN 1C DEB
1 31451U 99025BUP 18330.28202609 +.00000175 +00000-0 +12360-3 0  9991
2 31451 099.0592 351.8669 0031832 277.7663 140.3294 14.10538256597068
FENGYUN 1C DEB
1 31451U 99025BUP 18335.02884363  .00000091  00000-0  76247-4 0  9993
2 31451  99.0588 356.6493 0031919 264.0891 124.7457 14.10539857600553
FENGYUN 1C DEB
1 31451U 99025BUP 18336.54335278 +.00000139 +00000-0 +10302-3 0  9999
2 31451 099.0587 358.1752 0031940 259.7658 255.4088 14.10540303597941
FENGYUN 1C DEB
1 31451U 99025BUP 18337.30428332  .00000155  00000-0  11227-3 0  9993
2 31451  99.0587 358.9418 0031952 257.6023 159.3989 14.10540451600877
FENGYUN 1C DEB
1 31451U 99025BUP 18338.52952986 +.00000186 +00000-0 +12955-3 0  9998
2 31451 099.0585 000.1762 0031975 254.0859 261.2120 14.10540899598227
FENGYUN 1C DEB
1 31451U 99025BUP 18339.87122865  .00000181  00000-0  12686-3 0  9998
2 31451  99.0583   1.5279 0032003 250.2212 234.3886 14.10541367601234
FENGYUN 1C DEB
1 31451U 99025BUP 18339.94068470 +.00000179 +00000-0 +12568-3 0  9993
2 31451 099.0582 001.5977 0032004 250.0076 227.1018 14.10541394598428
FENGYUN 1C DEB
1 31451U 99025BUP 18340.93386872 +.00000157 +00000-0 +11330-3 0  9995
2 31451 099.0581 002.5984 0032057 247.1845 230.4778 14.10541829598563
FENGYUN 1C DEB
1 31451U 99025BUP 18341.85728071 +.00000121 +00000-0 +92904-4 0  9996
2 31451 099.0579 003.5286 0032090 244.5369 239.5766 14.10542161598696
FENGYUN 1C DEB
1 31451U 99025BUP 18342.27038459  .00000098  00000-0  80437-4 0  9998
2 31451  99.0579   3.9447 0032100 243.3420 177.3343 14.10542259601576
FENGYUN 1C DEB
1 31451U 99025BUP 18342.92036090 +.00000077 +00000-0 +68539-4 0  9995
2 31451 099.0578 004.5995 0032125 241.4908 237.9112 14.10542485598840
FENGYUN 1C DEB
1 31451U 99025BUP 18344.25709556 +.00000050 +00000-0 +53243-4 0  9994
2 31451 099.0577 005.9461 0032167 237.6853 185.8425 14.10542867599038
FENGYUN 1C DEB
1 31451U 99025BUP 18345.55141106  .00000064  00000-0  61487-4 0  9993
2 31451  99.0577   7.2500 0032203 233.9977 278.3730 14.10543241602033
FENGYUN 1C DEB
1 31451U 99025BUP 18345.90013056 +.00000075 +00000-0 +67377-4 0  9990
2 31451 099.0576 007.6013 0032211 232.9968 249.1771 14.10543332599265
FENGYUN 1C DEB
1 31451U 99025BUP 18347.30591817 +.00000125 +00000-0 +95522-4 0  9991
2 31451 099.0576 009.0173 0032249 228.9953 187.7607 14.10543772599463
FENGYUN 1C DEB
1 31451U 99025BUP 18348.30000181  .00000162  00000-0  11608-3 0  9994
2 31451  99.0575  10.0188 0032282 226.1418 195.7395 14.10544179602429
FENGYUN 1C DEB
1 31451U 99025BUP 18349.29259466 +.00000175 +00000-0 +12348-3 0  9991
2 31451 099.0574 011.0186 0032323 223.3284 196.1135 14.10544537599748
FENGYUN 1C DEB
1 31451U 99025BUP 18351.27888025  .00000142  00000-0  10489-3 0  9999
2 31451  99.0572  13.0194 0032414 217.7023 202.4491 14.10545277602840
FENGYUN 1C DEB
1 31451U 99025BUP 18353.26559122 +.00000075 +00000-0 +67374-4 0  9994
2 31451 099.0569 015.0206 0032506 212.1029 210.9225 14.10545940600304
FENGYUN 1C DEB
1 31451U 99025BUP 18354.90829926  .00000064  00000-0  61323-4 0  9994
2 31451  99.0567  16.6752 0032574 207.4876 272.5441 14.10546456603352
FENGYUN 1C DEB
1 31451U 99025BUP 18355.32335917 +.00000076 +00000-0 +67751-4 0  9997
2 31451 099.0567 017.0933 0032584 206.3282 220.1993 14.10546632600598
FENGYUN 1C DEB
1 31451U 99025BUP 18357.01857657  .00000127  00000-0  96435-4 0  9993
2 31451  99.0565  18.8008 0032631 201.5592 188.4703 14.10547197603654
FENGYUN 1C DEB
1 31451U 99025BUP 18358.95088146 +.00000174 +00000-0 +12249-3 0  9998
2 31451 099.0563 020.7472 0032704 196.1630 280.6310 14.10547912601104
FENGYUN 1C DEB
1 31451U 99025BUP 18359.52628608  .00000167  00000-0  11858-3 0  9992
2 31451  99.0563  21.3266 0032732 194.5179 322.5500 14.10548065604002
FENGYUN 1C DEB
1 31451U 99025BUP 18359.94409906 +.00000160 +00000-0 +11496-3 0  9997
2 31451 099.0563 021.7475 0032754 193.3530 284.1857 14.10548183601242
FENGYUN 1C DEB
1 31451U 99025BUP 18360.28718958 +.00000144 +00000-0 +10560-3 0  9999
2 31451 099.0562 022.0930 0032774 192.3718 226.4085 14.10548215601293
FENGYUN 1C DEB
1 31451U 99025BUP 18361.28043118 +.00000111 +00000-0 +87587-4 0  9997
2 31451 099.0563 023.0934 0032801 189.6552 229.9932 14.10548481601435
FENGYUN 1C DEB
1 31451U 99025BUP 18363.26699252  .00000051  00000-0  53991-4 0  9998
2 31451  99.0561  25.0942 0032899 184.1026 237.6834 14.10549084604538
FENGYUN 1C DEB
1 31451U 99025BUP 18363.91682964 +.00000042 +00000-0 +48664-4 0  9993
2 31451 099.0561 025.7487 0032921 182.3128 297.5076 14.10549260601804
FENGYUN 1C DEB
1 31451U 99025BUP 18364.56155738 +.00000040 +00000-0 +47784-4 0  9999
2 31451 099.0561 026.3981 0032942 180.5174 331.4065 14.10549444601893
FENGYUN 1C DEB
1 31451U 99025BUP 18364.90992108 +.00000045 +00000-0 +50289-4 0  9996
2 31451 099.0561 026.7489 0032955 179.5482 300.3812 14.10549527601947
FENGYUN 1C DEB
1 31451U 99025BUP 18365.55509031  .00000062  00000-0  59969-4 0  9990
2 31451  99.0561  27.3988 0032969 177.7496 336.5242 14.10549748604854
FENGYUN 1C DEB
1 31451U 99025BUP 19001.54810493 +.00000099 +00000-0 +80449-4 0  9991
2 31451 099.0560 028.3989 0033001 174.9767 339.0169 14.10550055602175
FENGYUN 1C DEB
1 31451U 99025BUP 19001.89642792 +.00000113 +00000-0 +88359-4 0  9999
2 31451 099.0559 028.7498 0033017 173.9976 307.7952 14.10550145602228
FENGYUN 1C DEB
1 31451U 99025BUP 19002.02030966 +.00000119 +00000-0 +91617-4 0  9996
2 31451 099.0559 028.8745 0033018 173.6564 216.8577 14.10550202602244
FENGYUN 1C DEB
1 31451U 99025BUP 19004.00642106  .00000173  00000-0  12215-3 0  9997
2 31451  99.0558  30.8748 0033075 168.1397 222.2359 14.10550848605344
FENGYUN 1C DEB
1 31451U 99025BUP 19007.27533772  .00000098  00000-0  79768-4 0  9990
2 31451  99.0553  34.1671 0033211 159.1000 261.6148 14.10551971605806
FENGYUN 1C DEB
1 31451U 99025BUP 19008.57149387 +.00000052 +00000-0 +54594-4 0  9999
2 31451 099.0553 035.4724 0033273 155.5021 003.4425 14.10552426603163
FENGYUN 1C DEB
1 31451U 99025BUP 19009.56351405  .00000038  00000-0  46472-4 0  9995
2 31451  99.0552  36.4714 0033307 152.7630   0.8658 14.10552726606126
FENGYUN 1C DEB
1 31451U 99025BUP 19011.31794307 +.00000077 +00000-0 +68001-4 0  9998
2 31451 099.0553 038.2383 0033361 147.9198 269.7592 14.10553317603558
FENGYUN 1C DEB
1 31451U 99025BUP 19012.89116990  .00000141  00000-0  10417-3 0  9997
2 31451  99.0551  39.8225 0033372 143.5541 338.5420 14.10553835606591
FENGYUN 1C DEB
1 31451U 99025BUP 19013.88439993 +.00000173 +00000-0 +12176-3 0  9997
2 31451 099.0550 040.8227 0033391 140.8068 342.1176 14.10554204603912
FENGYUN 1C DEB
1 31451U 99025BUP 19014.87770925 +.00000189 +00000-0 +13065-3 0  9995
2 31451 099.0549 041.8231 0033409 138.0917 346.0658 14.10554635604050
FENGYUN 1C DEB
1 31451U 99025BUP 19019.26392454  .00000078  00000-0  68853-4 0  9993
2 31451  99.0544  46.2400 0033487 126.1170 298.9348 14.10556306607496
FENGYUN 1C DEB
1 31451U 99025BUP 19020.32823127 +.00000077 +00000-0 +68233-4 0  9999
2 31451 099.0544 047.3119 0033481 123.1872 303.4302 14.10556651604824
FENGYUN 1C DEB
1 31451U 99025BUP 19021.55093154 +.00000102 +00000-0 +82242-4 0  9999
2 31451 099.0543 048.5431 0033517 119.8108 032.2513 14.10557042607815
FENGYUN 1C DEB
1 31451U 99025BUP 19022.89283772 +.00000150 +00000-0 +10910-3 0  9999
2 31451 099.0543 049.8945 0033499 116.1195 006.3818 14.10557458605183
FENGYUN 1C DEB
1 31451U 99025BUP 19023.30572056 +.00000157 +00000-0 +11261-3 0  9999
2 31451 099.0543 050.3101 0033534 114.9841 302.9792 14.10557517605247
FENGYUN 1C DEB
1 31451U 99025BUP 19023.88591594  .00000169  00000-0  11983-3 0  9994
2 31451  99.0543  50.8945 0033521 113.3825   9.1880 14.10557694608141
FENGYUN 1C DEB
1 31451U 99025BUP 19024.29945781 +.00000176 +00000-0 +12324-3 0  9999
2 31451 099.0543 051.3109 0033530 112.2525 309.1261 14.10557840605386
FENGYUN 1C DEB
1 31451U 99025BUP 19026.28509438  .00000156  00000-0  11227-3 0  9994
2 31451  99.0542  53.3105 0033528 106.8399 312.0479 14.10558549608483
FENGYUN 1C DEB
1 31451U 99025BUP 19026.86576682 +.00000138 +00000-0 +10242-3 0  9999
2 31451 099.0541 053.8950 0033544 105.2713 020.6489 14.10558758605747
FENGYUN 1C DEB
1 31451U 99025BUP 19027.27846330 +.00000128 +00000-0 +96578-4 0  9991
2 31451 099.0541 054.3107 0033534 104.1474 316.2929 14.10558954605806
FENGYUN 1C DEB
1 31451U 99025BUP 19028.27170317 +.00000101 +00000-0 +81506-4 0  9993
2 31451 099.0541 055.3109 0033523 101.4350 319.9042 14.10559376605940
FENGYUN 1C DEB
1 31451U 99025BUP 19029.56640047  .00000081  00000-0  70191-4 0  9993
2 31451  99.0540  56.6146 0033515  97.9003  54.2982 14.10559898608943
FENGYUN 1C DEB
1 31451U 99025BUP 19031.32273243 +.00000105 +00000-0 +83956-4 0  9990
2 31451 099.0539 058.3833 0033508 093.0756 332.8750 14.10560490606370
FENGYUN 1C DEB
1 31451U 99025BUP 19032.02501590  .00000133  00000-0  99185-4 0  9999
2 31451  99.0537  59.0903 0033502  91.1456 299.0411 14.10560759609294
FENGYUN 1C DEB
1 31451U 99025BUP 19032.54577174 +.00000165 +00000-0 +11750-3 0  9993
2 31451 099.0538 059.6147 0033491 089.6996 063.4329 14.10561032606540
FENGYUN 1C DEB
1 31451U 99025BUP 19033.30715545 +.00000198 +00000-0 +13574-3 0  9996
2 31451 099.0537 060.3814 0033478 087.6118 329.7047 14.10561356606654
FENGYUN 1C DEB
1 31451U 99025BUP 19034.30029317  .00000230  00000-0  15348-3 0  9990
2 31451  99.0535  61.3814 0033477  84.9085 332.7950 14.10561847609616
FENGYUN 1C DEB
1 31451U 99025BUP 19035.87392654 +.00000214 +00000-0 +14485-3 0  9993
2 31451 099.0532 062.9660 0033447 080.6170 043.6172 14.10562469607011
FENGYUN 1C DEB
1 31451U 99025BUP 19036.28663316 +.00000195 +00000-0 +13406-3 0  9995
2 31451 099.0531 063.3814 0033449 079.5179 339.2925 14.10562576607079
FENGYUN 1C DEB
1 31451U 99025BUP 19037.27995751  .00000144  00000-0  10574-3 0  9993
2 31451  99.0530  64.3816 0033421  76.8161 343.3337 14.10562852610032
FENGYUN 1C DEB
1 31451U 99025BUP 19038.57503058 +.00000091 +00000-0 +76102-4 0  9993
2 31451 099.0530 065.6857 0033379 073.2733 079.6590 14.10563292607393
FENGYUN 1C DEB
1 31451U 99025BUP 19039.33646101  .00000068  00000-0  63160-4 0  9999
2 31451  99.0529  66.4524 0033360  71.1794 346.1813 14.10563495610327
FENGYUN 1C DEB
1 31451U 99025BUP 19039.91613520 +.00000063 +00000-0 +60589-4 0  9999
2 31451 099.0530 067.0361 0033338 069.5785 049.7576 14.10563680607583
FENGYUN 1C DEB
1 31451U 99025BUP 19040.56088159 +.00000063 +00000-0 +60620-4 0  9992
2 31451 099.0529 067.6853 0033327 067.8182 083.7492 14.10563877607676
FENGYUN 1C DEB
1 31451U 99025BUP 19041.25311667 +.00000073 +00000-0 +65888-4 0  9994
2 31451 099.0529 068.3823 0033313 065.9190 358.8954 14.10564045607772
FENGYUN 1C DEB
1 31451U 99025BUP 19042.54727536  .00000118  00000-0  91142-4 0  9995
2 31451  99.0529  69.6854 0033286  62.3615  90.5968 14.10564444610774
FENGYUN 1C DEB
1 31451U 99025BUP 19043.30983977 +.00000145 +00000-0 +10608-3 0  9990
2 31451 099.0528 070.4532 0033270 060.2750 002.8684 14.10564645608069
FENGYUN 1C DEB
1 31451U 99025BUP 19044.30250179 +.00000167 +00000-0 +11859-3 0  9995
2 31451 099.0527 071.4527 0033250 057.5391 003.5873 14.10564918608208
FENGYUN 1C DEB
1 31451U 99025BUP 19045.29532500  .00000179  00000-0  12530-3 0  9995
2 31451  99.0525  72.4524 0033219  54.8306   5.0990 14.10565263611165
FENGYUN 1C DEB
1 31451U 99025BUP 19046.93814910 +.00000156 +00000-0 +11243-3 0  9990
2 31451 099.0523 074.1065 0033148 050.3223 067.3171 14.10565857608574
FENGYUN 1C DEB
1 31451U 99025BUP 19047.28141527 +.00000147 +00000-0 +10739-3 0  9995
2 31451 099.0523 074.4521 0033130 049.3769 010.4179 14.10565998608627
FENGYUN 1C DEB
1 31451U 99025BUP 19048.57636701  .00000106  00000-0  84553-4 0  9992
2 31451  99.0522  75.7560 0033061  45.7605 106.2156 14.10566474611628
FENGYUN 1C DEB
1 31451U 99025BUP 19049.84713257 +.00000076 +00000-0 +67486-4 0  9997
2 31451 099.0521 077.0355 0033003 042.2325 079.1756 14.10566858608986
FENGYUN 1C DEB
1 31451U 99025BUP 19050.91081315 +.00000076 +00000-0 +67975-4 0  9993
2 31451 099.0520 078.1065 0032963 039.2901 080.5461 14.10567209609133
FENGYUN 1C DEB
1 31451U 99025BUP 19051.03496751  .00000077  00000-0  68175-4 0  9995
2 31451  99.0520  78.2315 0032960  38.9464 351.0023 14.10567253611973
FENGYUN 1C DEB
1 31451U 99025BUP 19051.55549663 +.00000088 +00000-0 +74567-4 0  9997
2 31451 099.0520 078.7556 0032940 037.4888 114.2677 14.10567452609227
FENGYUN 1C DEB
1 31451U 99025BUP 19053.02159366 +.00000131 +00000-0 +98326-4 0  9996
2 31451 099.0519 080.2318 0032885 033.4299 359.1145 14.10567931609434
FENGYUN 1C DEB
1 31451U 99025BUP 19054.30324628  .00000163  00000-0  11654-3 0  9996
2 31451  99.0519  81.5222 0032821  29.8626  27.3733 14.10568359612431
FENGYUN 1C DEB
1 31451U 99025BUP 19055.94642544 +.00000163 +00000-0 +11651-3 0  9994
2 31451 099.0517 083.1766 0032722 025.2704 091.4937 14.10568876609840
FENGYUN 1C DEB
1 31451U 99025BUP 19056.28957354 +.00000148 +00000-0 +10810-3 0  9999
2 31451 099.0517 083.5221 0032710 024.3452 033.9778 14.10568899609891
FENGYUN 1C DEB
1 31451U 99025BUP 19058.27605677  .00000096  00000-0  79221-4 0  9992
2 31451  99.0515  85.5221 0032591  18.7685  41.4390 14.10569477612995
FENGYUN 1C DEB
1 31451U 99025BUP 19061.90560616  .00000101  00000-0  82000-4 0  9995
2 31451  99.0511  89.1764 0032403   8.5851 112.4753 14.10570629613508
FENGYUN 1C DEB
1 31451U 99025BUP 19061.90560616 +.00000101 +00000-0 +82000-4 0  9995
2 31451 099.0511 089.1764 0032403 008.5851 112.4753 14.10570629610684
FENGYUN 1C DEB
1 31451U 99025BUP 19062.89883397 +.00000139 +00000-0 +10300-3 0  9992
2 31451 099.0509 090.1764 0032358 005.7997 116.1376 14.10571034610821
FENGYUN 1C DEB
1 31451U 99025BUP 19063.31155417 +.00000156 +00000-0 +11248-3 0  9996
2 31451 099.0509 090.5919 0032332 004.6074 051.9879 14.10571243610885
FENGYUN 1C DEB
1 31451U 99025BUP 19064.88508280  .00000189  00000-0  13106-3 0  9990
2 31451  99.0508  92.1760 0032259   0.1905 122.4558 14.10571846613923
FENGYUN 1C DEB
1 31451U 99025BUP 19065.29791875 +.00000190 +00000-0 +13169-3 0  9991
2 31451 099.0507 092.5916 0032233 359.0210 058.8718 14.10572018611162
FENGYUN 1C DEB
1 31451U 99025BUP 19067.28415716  .00000154  00000-0  11149-3 0  9995
2 31451  99.0505  94.5914 0032113 353.3551  65.2034 14.10572824614264
FENGYUN 1C DEB
1 31451U 99025BUP 19069.27078766 +.00000093 +00000-0 +77247-4 0  9990
2 31451 099.0504 096.5915 0032007 347.6690 073.5514 14.10573579611729
FENGYUN 1C DEB
1 31451U 99025BUP 19070.56542025  .00000067  00000-0  63118-4 0  9991
2 31451  99.0503  97.8949 0031955 343.9621 167.8534 14.10573956614724
FENGYUN 1C DEB
1 31451U 99025BUP 19071.32686725 +.00000074 +00000-0 +67000-4 0  9994
2 31451 099.0501 098.6616 0031917 341.7954 074.5607 14.10574173612012
FENGYUN 1C DEB
1 31451U 99025BUP 19075.30007124  .00000180  00000-0  12597-3 0  9994
2 31451  99.0498 102.6617 0031753 330.4837  90.9172 14.10575318615392
FENGYUN 1C DEB
1 31451U 99025BUP 19077.93584817 +.00000141 +00000-0 +10442-3 0  9998
2 31451 099.0493 105.3150 0031653 322.7813 155.8887 14.10576248612941
FENGYUN 1C DEB
1 31451U 99025BUP 19077.93584817  .00000141  00000-0  10442-3 0  9998
2 31451  99.0493 105.3150 0031653 322.7813 155.8887 14.10576248615764
FENGYUN 1C DEB
1 31451U 99025BUP 19078.34934094 +.00000125 +00000-0 +95311-4 0  9991
2 31451 099.0492 105.7312 0031628 321.6064 095.6505 14.10576368613001
FENGYUN 1C DEB
1 31451U 99025BUP 19080.33513240  .00000071  00000-0  65010-4 0  9992
2 31451  99.0490 107.7303 0031572 315.8154  99.8686 14.10577014616103
FENGYUN 1C DEB
1 31451U 99025BUP 19081.90846244 +.00000081 +00000-0 +70789-4 0  9999
2 31451 099.0489 109.3141 0031528 311.2698 169.4904 14.10577531613505
FENGYUN 1C DEB
1 31451U 99025BUP 19083.31442222  .00000111  00000-0  87597-4 0  9993
2 31451  99.0487 110.7293 0031475 307.2102 109.1778 14.10577927616527
FENGYUN 1C DEB
1 31451U 99025BUP 19084.30764183 +.00000137 +00000-0 +10201-3 0  9991
2 31451 099.0486 111.7292 0031448 304.3101 112.9382 14.10578220613845
FENGYUN 1C DEB
1 31451U 99025BUP 19085.30129722 +.00000159 +00000-0 +11445-3 0  9991
2 31451 099.0485 112.7294 0031432 301.4505 118.8716 14.10578570613985
FENGYUN 1C DEB
1 31451U 99025BUP 19088.28037215  .00000107  00000-0  85082-4 0  9998
2 31451  99.0480 115.7280 0031383 292.7112 127.2430 14.10579436617229
FENGYUN 1C DEB
1 31451U 99025BUP 19089.34388028 +.00000078 +00000-0 +68843-4 0  9990
2 31451 099.0479 116.7986 0031381 289.6272 127.9288 14.10579760614552
FENGYUN 1C DEB
1 31451U 99025BUP 19090.26706198 +.00000064 +00000-0 +61152-4 0  9996
2 31451 099.0477 117.7278 0031377 286.9299 136.0325 14.10580044614683
FENGYUN 1C DEB
1 31451U 99025BUP 19091.32993372  .00000066  00000-0  62119-4 0  9992
2 31451  99.0476 118.7977 0031377 283.8510 133.4840 14.10580344617657
FENGYUN 1C DEB
1 31451U 99025BUP 19092.62056365 +.00000101 +00000-0 +82169-4 0  9995
2 31451 099.0473 120.0966 0031358 280.0476 207.5984 14.10580792617836
FENGYUN 1C DEB
1 31451U 99025BUP 19093.89628566 +.00000146 +00000-0 +10716-3 0  9990
2 31451 099.0472 121.3808 0031372 276.3387 205.9579 14.10581242615199
FENGYUN 1C DEB
1 31451U 99025BUP 19094.30934322 +.00000165 +00000-0 +11758-3 0  9995
2 31451 099.0472 121.7966 0031388 275.1517 143.5298 14.10581466615257
FENGYUN 1C DEB
1 31451U 99025BUP 19096.29557007  .00000176  00000-0  12383-3 0  9993
2 31451  99.0469 123.7957 0031407 269.3339 150.0193 14.10582208618350
FENGYUN 1C DEB
1 31451U 99025BUP 19101.33111406  .00000082  00000-0  71533-4 0  9993
2 31451  99.0463 128.8637 0031559 254.6105 161.6056 14.10584228619060
FENGYUN 1C DEB
1 31451U 99025BUP 19101.91133196 +.00000092 +00000-0 +76812-4 0  9993
2 31451 099.0463 129.4479 0031612 252.9088 228.0842 14.10584420616323
FENGYUN 1C DEB
1 31451U 99025BUP 19103.89762911  .00000164  00000-0  11717-3 0  9997
2 31451  99.0460 131.4469 0031647 247.1763 234.8641 14.10585188619424
FENGYUN 1C DEB
1 31451U 99025BUP 19104.31049861 +.00000173 +00000-0 +12188-3 0  9990
2 31451 099.0459 131.8623 0031657 245.9611 171.5149 14.10585309616665
FENGYUN 1C DEB
1 31451U 99025BUP 19105.30359119 +.00000200 +00000-0 +13729-3 0  9993
2 31451 099.0457 132.8618 0031686 243.0945 174.6241 14.10585740616801
FENGYUN 1C DEB
1 31451U 99025BUP 19106.29669160  .00000209  00000-0  14189-3 0  9992
2 31451  99.0455 133.8612 0031727 240.1912 177.8122 14.10586196619769
FENGYUN 1C DEB
1 31451U 99025BUP 19107.87016381 +.00000171 +00000-0 +12095-3 0  9990
2 31451 099.0452 135.4445 0031806 235.6122 248.2427 14.10586851617169
FENGYUN 1C DEB
1 31451U 99025BUP 19109.27665691  .00000122  00000-0  93343-4 0  9992
2 31451  99.0452 136.8601 0031893 231.6138 190.6270 14.10587505620186
FENGYUN 1C DEB
1 31451U 99025BUP 19110.34170322 +.00000076 +00000-0 +67789-4 0  9997
2 31451 099.0450 137.9321 0031963 228.5514 199.1279 14.10587779617515
FENGYUN 1C DEB
1 31451U 99025BUP 19111.56419265  .00000073  00000-0  65928-4 0  9994
2 31451  99.0449 139.1623 0032018 225.0552 287.1360 14.10588227620509
FENGYUN 1C DEB
1 31451U 99025BUP 19111.91282800 +.00000074 +00000-0 +66980-4 0  9996
2 31451 099.0449 139.5131 0032032 224.0595 257.5637 14.10588291617739
FENGYUN 1C DEB
1 31451U 99025BUP 19112.32773243 +.00000080 +00000-0 +70245-4 0  9994
2 31451 099.0448 139.9306 0032061 222.8605 204.5309 14.10588396617796
FENGYUN 1C DEB
1 31451U 99025BUP 19113.31858975 +.00000120 +00000-0 +92337-4 0  9991
2 31451 099.0447 140.9277 0032107 220.0205 196.2791 14.10588764617938
FENGYUN 1C DEB
1 31451U 99025BUP 19115.30577639  .00000197  00000-0  13545-3 0  9994
2 31451  99.0444 142.9274 0032210 214.3318 207.5611 14.10589594621035
FENGYUN 1C DEB
1 31451U 99025BUP 19116.87870549 +.00000188 +00000-0 +13053-3 0  9997
2 31451 099.0442 144.5102 0032311 209.8724 275.1321 14.10590142618433
FENGYUN 1C DEB
1 31451U 99025BUP 19117.29122865 +.00000177 +00000-0 +12431-3 0  9992
2 31451 099.0442 144.9252 0032340 208.6993 209.9914 14.10590292618495
FENGYUN 1C DEB
1 31451U 99025BUP 19118.93454001 +.00000122 +00000-0 +93428-4 0  9990
2 31451 099.0439 146.5788 0032466 204.0612 274.9599 14.10590889618729
FENGYUN 1C DEB
1 31451U 99025BUP 19118.93454001  .00000122  00000-0  93428-4 0  9990
2 31451  99.0439 146.5788 0032466 204.0612 274.9599 14.10590889621543
FENGYUN 1C DEB
1 31451U 99025BUP 19119.27785971 +.00000119 +00000-0 +92001-4 0  9993
2 31451 099.0439 146.9242 0032490 203.0925 218.3871 14.10591119618778
FENGYUN 1C DEB
1 31451U 99025BUP 19120.27124022 +.00000099 +00000-0 +80583-4 0  9998
2 31451 099.0438 147.9238 0032561 200.2945 222.9113 14.10591544618911
FENGYUN 1C DEB
1 31451U 99025BUP 19121.26470417  .00000085  00000-0  72907-4 0  9996
2 31451  99.0437 148.9234 0032627 197.5037 227.8518 14.10591859621871
FENGYUN 1C DEB
1 31451U 99025BUP 19122.90714503 +.00000119 +00000-0 +91466-4 0  9994
2 31451 099.0435 150.5760 0032726 192.8697 288.4041 14.10592450619286
FENGYUN 1C DEB
1 31451U 99025BUP 19123.90032587  .00000161  00000-0  11490-3 0  9995
2 31451  99.0434 151.5754 0032753 190.0677 291.9212 14.10592868622249
FENGYUN 1C DEB
1 31451U 99025BUP 19124.02414556 +.00000165 +00000-0 +11740-3 0  9991
2 31451 099.0434 151.7000 0032756 189.7212 200.6929 14.10592926619443
FENGYUN 1C DEB
1 31451U 99025BUP 19124.89366990 +.00000200 +00000-0 +13665-3 0  9992
2 31451 099.0433 152.5748 0032828 187.2838 296.2510 14.10593357619566
FENGYUN 1C DEB
1 31451U 99025BUP 19125.88679692 +.00000214 +00000-0 +14449-3 0  9994
2 31451 099.0432 153.5741 0032889 184.4952 299.4862 14.10593802619708
FENGYUN 1C DEB
1 31451U 99025BUP 19126.29945694  .00000205  00000-0  13944-3 0  9997
2 31451  99.0431 153.9892 0032927 183.3393 235.0278 14.10593931622588
FENGYUN 1C DEB
1 31451U 99025BUP 19127.87323123 +.00000167 +00000-0 +11865-3 0  9996
2 31451 099.0429 155.5726 0033028 178.9527 306.8428 14.10594608619987
FENGYUN 1C DEB
1 31451U 99025BUP 19128.93583515  .00000124  00000-0  94597-4 0  9994
2 31451  99.0427 156.6419 0033103 176.0238 302.8429 14.10595040622957
FENGYUN 1C DEB
1 31451U 99025BUP 19132.90841615  .00000138  00000-0  10215-3 0  9993
2 31451  99.0423 160.6385 0033343 165.0149 316.0439 14.10596859623515
FENGYUN 1C DEB
1 31451U 99025BUP 19132.90841615 +.00000138 +00000-0 +10215-3 0  9993
2 31451 099.0423 160.6385 0033343 165.0149 316.0439 14.10596859620691
FENGYUN 1C DEB
1 31451U 99025BUP 19134.89491366 +.00000229 +00000-0 +15281-3 0  9996
2 31451 099.0420 162.6371 0033450 159.4958 323.7167 14.10597871620978
FENGYUN 1C DEB
1 31451U 99025BUP 19135.30842772  .00000251  00000-0  16542-3 0  9990
2 31451  99.0420 163.0532 0033439 158.3147 263.6243 14.10598177623854
FENGYUN 1C DEB
1 31451U 99025BUP 19136.88129722 +.00000220 +00000-0 +14792-3 0  9998
2 31451 099.0419 164.6354 0033568 154.0672 330.7291 14.10598694621255
FENGYUN 1C DEB
1 31451U 99025BUP 19137.87470113  .00000188  00000-0  13011-3 0  9997
2 31451  99.0418 165.6347 0033641 151.3844 335.2836 14.10599111624219
FENGYUN 1C DEB
1 31451U 99025BUP 19138.93708719 +.00000130 +00000-0 +97606-4 0  9991
2 31451 099.0417 166.7034 0033699 148.4924 330.1571 14.10599425621543
FENGYUN 1C DEB
1 31451U 99025BUP 19139.93030274  .00000085  00000-0  72847-4 0  9995
2 31451  99.0416 167.7025 0033748 145.7927 333.7751 14.10599739624507
FENGYUN 1C DEB
1 31451U 99025BUP 19139.93030274 +.00000085 +00000-0 +72847-4 0  9995
2 31451 099.0416 167.7025 0033748 145.7927 333.7751 14.10599739621683
FENGYUN 1C DEB
1 31451U 99025BUP 19140.92344075 +.00000056 +00000-0 +56459-4 0  9992
2 31451 099.0415 168.7015 0033795 143.1023 336.9904 14.10600004621822
FENGYUN 1C DEB
1 31451U 99025BUP 19142.04064152  .00000061  00000-0  58989-4 0  9998
2 31451  99.0414 169.8254 0033845 140.0599 250.2204 14.10600352624806
FENGYUN 1C DEB
1 31451U 99025BUP 19142.33004955 +.00000060 +00000-0 +58895-4 0  9990
2 31451 099.0414 170.1166 0033848 139.2537 279.8733 14.10600342622023
FENGYUN 1C DEB
1 31451U 99025BUP 19143.32306921 +.00000089 +00000-0 +74929-4 0  9995
2 31451 099.0414 171.1155 0033889 136.5401 282.5115 14.10600591622163
FENGYUN 1C DEB
1 31451U 99025BUP 19144.31716645  .00000129  00000-0  96966-4 0  9993
2 31451  99.0412 172.1156 0033930 133.8087 290.6378 14.10600898625120
FENGYUN 1C DEB
1 31451U 99025BUP 19144.89618147 +.00000148 +00000-0 +10765-3 0  9997
2 31451 099.0411 172.6980 0033952 132.2299 350.9230 14.10601066622381
FENGYUN 1C DEB
1 31451U 99025BUP 19145.95890142 +.00000170 +00000-0 +11998-3 0  9996
2 31451 099.0410 173.7670 0034003 129.3616 347.4733 14.10601425622531
FENGYUN 1C DEB
1 31451U 99025BUP 19146.53412661  .00000173  00000-0  12146-3 0  9996
2 31451  99.0409 174.3457 0034018 127.7914  28.5171 14.10601648625430
FENGYUN 1C DEB
1 31451U 99025BUP 19146.88261667 +.00000163 +00000-0 +11621-3 0  9998
2 31451 099.0409 174.6962 0034029 126.8498 358.1705 14.10601702622661
FENGYUN 1C DEB
1 31451U 99025BUP 19147.87574396 +.00000144 +00000-0 +10565-3 0  9999
2 31451 099.0408 175.6952 0034055 124.1741 001.3248 14.10602078622803
FENGYUN 1C DEB
1 31451U 99025BUP 19148.28846359 +.00000132 +00000-0 +98851-4 0  9998
2 31451 099.0408 176.1103 0034061 123.0720 297.1284 14.10602249622860
FENGYUN 1C DEB
1 31451U 99025BUP 19150.27488517  .00000065  00000-0  61629-4 0  9996
2 31451  99.0406 178.1084 0034098 117.7313 304.2787 14.10602906625968
FENGYUN 1C DEB
1 31451U 99025BUP 19151.26838142 +.00000048 +00000-0 +51666-4 0  9990
2 31451 099.0405 179.1078 0034115 115.0496 309.3148 14.10603187623286
FENGYUN 1C DEB
1 31451U 99025BUP 19153.90408647  .00000108  00000-0  85295-4 0  9998
2 31451  99.0404 181.7589 0034159 107.9214  13.6057 14.10603959626472
FENGYUN 1C DEB
1 31451U 99025BUP 19154.89733976 +.00000144 +00000-0 +10539-3 0  9991
2 31451 099.0403 182.7580 0034171 105.2161 017.4347 14.10604294623798
FENGYUN 1C DEB
1 31451U 99025BUP 19155.89042983 +.00000162 +00000-0 +11546-3 0  9992
2 31451 099.0402 183.7569 0034182 102.5448 020.4031 14.10604616623933
FENGYUN 1C DEB
1 31451U 99025BUP 19156.88355637 +.00000149 +00000-0 +10844-3 0  9990
2 31451 099.0401 184.7558 0034180 099.8858 023.5453 14.10604847624076
FENGYUN 1C DEB
1 31451U 99025BUP 19158.28968957  .00000115  00000-0  89360-4 0  9994
2 31451  99.0400 186.1702 0034165  96.1158 323.9637 14.10605314627094
FENGYUN 1C DEB
1 31451U 99025BUP 19159.28291874 +.00000069 +00000-0 +63534-4 0  9995
2 31451 099.0399 187.1692 0034145 093.4672 327.6203 14.10605527624418
FENGYUN 1C DEB
1 31451U 99025BUP 19160.34628683  .00000040  00000-0  47525-4 0  9997
2 31451  99.0398 188.2388 0034125  90.6046 327.4728 14.10605815627382
FENGYUN 1C DEB
1 31451U 99025BUP 19160.92577640 +.00000027 +00000-0 +40335-4 0  9994
2 31451 099.0397 188.8216 0034122 089.0431 030.1604 14.10605938624647
FENGYUN 1C DEB
1 31451U 99025BUP 19161.26932095 +.00000010 +00000-0 +30676-4 0  9990
2 31451 099.0398 189.1671 0034117 088.1324 334.6871 14.10605891624693
FENGYUN 1C DEB
1 31451U 99025BUP 19162.91213171 +.00000037 +00000-0 +45888-4 0  9990
2 31451 099.0397 190.8196 0034085 083.6642 037.0322 14.10606210624927
FENGYUN 1C DEB
1 31451U 99025BUP 19162.91213171  .00000037  00000-0  45888-4 0  9990
2 31451  99.0397 190.8196 0034085  83.6642  37.0322 14.10606210627740
FENGYUN 1C DEB
1 31451U 99025BUP 19164.31826713 +.00000073 +00000-0 +65924-4 0  9991
2 31451 099.0396 192.2339 0034074 079.8359 337.5207 14.10606316625121
FENGYUN 1C DEB
1 31451U 99025BUP 19165.31252639  .00000104  00000-0  83015-4 0  9998
2 31451  99.0396 193.2339 0034057  77.1528 346.4407 14.10606473628085
FENGYUN 1C DEB
1 31451U 99025BUP 19165.96105420 +.00000118 +00000-0 +90950-4 0  9995
2 31451 099.0395 193.8861 0034049 075.4143 039.7009 14.10606612625357
FENGYUN 1C DEB
1 31451U 99025BUP 19166.30486435 +.00000125 +00000-0 +95066-4 0  9993
2 31451 099.0394 194.2319 0034035 074.4927 345.5885 14.10606739625409
FENGYUN 1C DEB
1 31451U 99025BUP 19168.87113632  .00000089  00000-0  75031-4 0  9992
2 31451  99.0391 196.8127 0033957  67.5803  57.3036 14.10607556628585
FENGYUN 1C DEB
1 31451U 99025BUP 19169.28407500 +.00000074 +00000-0 +66561-4 0  9990
2 31451 099.0391 197.2281 0033934 066.4416 354.2637 14.10607705625820
FENGYUN 1C DEB
1 31451U 99025BUP 19170.27727175 +.00000017 +00000-0 +34709-4 0  9990
2 31451 099.0391 198.2270 0033887 063.7488 357.8078 14.10607803625967
FENGYUN 1C DEB
1 31451U 99025BUP 19171.34252411 -.00000010  00000-0  19740-4 0  9997
2 31451  99.0390 199.2983 0033843  60.8504   7.2678 14.10607993628939
FENGYUN 1C DEB
1 31451U 99025BUP 19172.33340458 -.00000009 +00000-0 +20367-4 0  9991
2 31451 099.0390 200.2949 0033816 058.1340 359.0797 14.10608154626255
FENGYUN 1C DEB
1 31451U 99025BUP 19174.31933164  .00000035  00000-0  44914-4 0  9995
2 31451  99.0389 202.2921 0033737  52.7407   3.8073 14.10608303629352
FENGYUN 1C DEB
1 31451U 99025BUP 19175.31347316 +.00000069 +00000-0 +63894-4 0  9999
2 31451 099.0389 203.2918 0033691 050.0323 012.1622 14.10608444626677
FENGYUN 1C DEB
1 31451U 99025BUP 19176.30561406 +.00000084 +00000-0 +71784-4 0  9991
2 31451 099.0388 204.2896 0033634 047.3264 010.3616 14.10608560626810
FENGYUN 1C DEB
1 31451U 99025BUP 19177.29849714  .00000097  00000-0  79145-4 0  9994
2 31451  99.0388 205.2881 0033571  44.6084  12.3422 14.10608851629773
FENGYUN 1C DEB
1 31451U 99025BUP 19184.32049948  .00000080  00000-0  70138-4 0  9992
2 31451  99.0388 212.3504 0033157  25.1657  31.1694 14.10610781630760
FENGYUN 1C DEB
1 31451U 99025BUP 19186.01803571 +.00000109 +00000-0 +86201-4 0  9990
2 31451 099.0387 214.0575 0033053 020.4647 011.5292 14.10611112628186
FENGYUN 1C DEB
1 31451U 99025BUP 19187.88040601  .00000080  00000-0  69878-4 0  9992
2 31451  99.0389 215.9308 0032920  15.1997 109.0512 14.10611249631265
FENGYUN 1C DEB
1 31451U 99025BUP 19189.93621623 +.00000019 +00000-0 +35763-4 0  9997
2 31451 099.0385 217.9975 0032720 009.5035 108.7935 14.10611554628733
FENGYUN 1C DEB
1 31451U 99025BUP 19190.06015115  .00000016  00000-0  34380-4 0  9997
2 31451  99.0385 218.1223 0032738   9.1446  18.1709 14.10611582631573
FENGYUN 1C DEB
1 31451U 99025BUP 19190.27956139 +.00000024 +00000-0 +38628-4 0  9998
2 31451 099.0384 218.3429 0032705 008.5354 052.3743 14.10611725628783
FENGYUN 1C DEB
1 31451U 99025BUP 19191.34257154 +.00000013 +00000-0 +32649-4 0  9993
2 31451 099.0384 219.4120 0032644 005.5347 050.5712 14.10611964628932
FENGYUN 1C DEB
1 31451U 99025BUP 19193.32882037  .00000063  00000-0  60261-4 0  9993
2 31451  99.0384 221.4095 0032532 359.9677  57.1390 14.10612685632036
FENGYUN 1C DEB
1 31451U 99025BUP 19194.55374075 +.00000089 +00000-0 +75222-4 0  9998
2 31451 099.0383 222.6413 0032463 356.5179 157.5454 14.10612941629380
FENGYUN 1C DEB
1 31451U 99025BUP 19195.89518698  .00000129  00000-0  97222-4 0  9996
2 31451  99.0382 223.9903 0032381 352.7289 129.7077 14.10613298632399
FENGYUN 1C DEB
1 31451U 99025BUP 19196.30795317 +.00000123 +00000-0 +93989-4 0  9998
2 31451 099.0382 224.4054 0032356 351.5784 065.8109 14.10613318629633
FENGYUN 1C DEB
1 31451U 99025BUP 19198.29407874  .00000087  00000-0  74061-4 0  9995
2 31451  99.0381 226.4026 0032219 345.9063  71.8649 14.10613631632737
FENGYUN 1C DEB
1 31451U 99025BUP 19200.28080185 +.00000018 +00000-0 +35247-4 0  9997
2 31451 099.0380 228.4005 0032095 340.1858 081.0038 14.10613908630196
FENGYUN 1C DEB
1 31451U 99025BUP 19201.05497444  .00000002  00000-0  26465-4 0  9998
2 31451  99.0380 229.1791 0032055 337.9541  52.4732 14.10614051633124
FENGYUN 1C DEB
1 31451U 99025BUP 19201.34418149 -.00000003 +00000-0 +23596-4 0  9999
2 31451 099.0380 229.4698 0032018 337.1043 081.1653 14.10614089630344
FENGYUN 1C DEB
1 31451U 99025BUP 19202.56843618 +.00000004 +00000-0 +27898-4 0  9996
2 31451 099.0380 230.7010 0031959 333.5960 178.2595 14.10614360630512
FENGYUN 1C DEB
1 31451U 99025BUP 19204.32286087  .00000042  00000-0  48830-4 0  9994
2 31451  99.0380 232.4653 0031885 328.5741  87.6927 14.10614573633581
FENGYUN 1C DEB
1 31451U 99025BUP 19204.90317425 +.00000057 +00000-0 +56981-4 0  9991
2 31451 099.0378 233.0487 0031831 326.9173 154.6742 14.10614655630849
FENGYUN 1C DEB
1 31451U 99025BUP 19205.31606806 +.00000074 +00000-0 +66894-4 0  9994
2 31451 099.0379 233.4640 0031817 325.7242 091.4704 14.10614788630903
FENGYUN 1C DEB
1 31451U 99025BUP 19206.30910045 +.00000099 +00000-0 +80703-4 0  9999
2 31451 099.0379 234.4626 0031781 322.8605 094.3756 14.10615038631043
FENGYUN 1C DEB
1 31451U 99025BUP 19207.30238517 +.00000118 +00000-0 +91402-4 0  9997
2 31451 099.0378 235.4615 0031733 319.9889 098.5717 14.10615406634000
FENGYUN 1C DEB
1 31451U 99025BUP 19208.29552292 +.00000131 +00000-0 +98453-4 0  9993
2 31451 099.0379 236.4602 0031702 317.0949 102.0468 14.10615904631329
FENGYUN 1C DEB
1 31451U 99025BUP 19209.28890253 +.00000117 +00000-0 +90942-4 0  9994
2 31451 099.0377 237.4590 0031636 314.1730 106.7794 14.10616345631464
FENGYUN 1C DEB
1 31451U 99025BUP 19210.28185306  .00000091  00000-0  76021-4 0  9995
2 31451  99.0378 238.4575 0031602 311.2741 109.3122 14.10616728634420
FENGYUN 1C DEB
1 31451U 99025BUP 19211.34700559 +.00000068 +00000-0 +63496-4 0  9992
2 31451 099.0378 239.5287 0031569 308.1529 118.5230 14.10617103631756
FENGYUN 1C DEB
1 31451U 99025BUP 19212.26841866 +.00000057 +00000-0 +57526-4 0  9996
2 31451 099.0377 240.4551 0031533 305.4782 117.7502 14.10617356631889
FENGYUN 1C DEB
1 31451U 99025BUP 19213.04191341 +.00000063 +00000-0 +60538-4 0  9993
2 31451 099.0377 241.2328 0031496 303.1985 085.8363 14.10617579634811
FENGYUN 1C DEB
1 31451U 99025BUP 19215.31825326  .00000126  00000-0  96024-4 0  9991
2 31451  99.0378 243.5221 0031460 296.5839 125.8196 14.10618202635132
FENGYUN 1C DEB
1 31451U 99025BUP 19216.31061406 +.00000151 +00000-0 +10970-3 0  9996
2 31451 099.0376 244.5199 0031421 293.6723 125.3763 14.10618522632454
FENGYUN 1C DEB
1 31451U 99025BUP 19217.30357817 +.00000164 +00000-0 +11689-3 0  9992
2 31451 099.0375 245.5183 0031397 290.7354 128.0222 14.10618898632598
FENGYUN 1C DEB
1 31451U 99025BUP 19219.28980503 +.00000118 +00000-0 +91064-4 0  9990
2 31451 099.0376 247.5158 0031410 284.9084 134.7873 14.10619502635697
FENGYUN 1C DEB
1 31451U 99025BUP 19220.28328998 +.00000093 +00000-0 +77621-4 0  9991
2 31451 099.0376 248.5148 0031414 281.9829 140.0700 14.10619873633019
FENGYUN 1C DEB
1 31451U 99025BUP 19221.34624139  .00000073  00000-0  66106-4 0  9999
2 31451  99.0375 249.5836 0031417 278.8529 138.1297 14.10620230635984
FENGYUN 1C DEB
1 31451U 99025BUP 19221.92601080 +.00000072 +00000-0 +65412-4 0  9991
2 31451 099.0375 250.1666 0031421 277.1870 202.3719 14.10620436633247
FENGYUN 1C DEB
1 31451U 99025BUP 19222.26958397 +.00000075 +00000-0 +67166-4 0  9996
2 31451 099.0376 250.5121 0031424 276.1908 147.1481 14.10620571633299
FENGYUN 1C DEB
1 31451U 99025BUP 19224.32514067  .00000100  00000-0  81305-4 0  9997
2 31451  99.0375 252.5791 0031420 270.2186 145.9443 14.10621021636403
FENGYUN 1C DEB
1 31451U 99025BUP 19224.32514067 +.00000100 +00000-0 +81305-4 0  9997
2 31451 099.0375 252.5791 0031420 270.2186 145.9443 14.10621021633589
FENGYUN 1C DEB
1 31451U 99025BUP 19225.31831081 +.00000128 +00000-0 +96767-4 0  9993
2 31451 099.0375 253.5777 0031424 267.3060 149.6186 14.10621257633728
FENGYUN 1C DEB
1 31451U 99025BUP 19226.89199281 +.00000155 +00000-0 +11213-3 0  9998
2 31451 099.0373 255.1601 0031449 262.6884 221.3456 14.10621672633942
FENGYUN 1C DEB
1 31451U 99025BUP 19226.89199281  .00000155  00000-0  11213-3 0  9998
2 31451  99.0373 255.1601 0031449 262.6884 221.3456 14.10621672636765
FENGYUN 1C DEB
1 31451U 99025BUP 19227.30453795 +.00000158 +00000-0 +11347-3 0  9999
2 31451 099.0373 255.5749 0031461 261.4700 156.4079 14.10621818634006
FENGYUN 1C DEB
1 31451U 99025BUP 19228.29757036 +.00000142 +00000-0 +10478-3 0  9990
2 31451 099.0372 256.5734 0031490 258.5780 159.3673 14.10622095634142
FENGYUN 1C DEB
1 31451U 99025BUP 19229.94086872 +.00000085 +00000-0 +73116-4 0  9991
2 31451 099.0370 258.2258 0031555 253.7770 224.6189 14.10622534634379
FENGYUN 1C DEB
1 31451U 99025BUP 19230.28419304 +.00000075 +00000-0 +67292-4 0  9997
2 31451 099.0370 258.5710 0031568 252.7723 168.1438 14.10622652634422
FENGYUN 1C DEB
1 31451U 99025BUP 19231.27751250 +.00000055 +00000-0 +55937-4 0  9997
2 31451 099.0370 259.5697 0031610 249.8730 172.5714 14.10622994634560
FENGYUN 1C DEB
1 31451U 99025BUP 19233.33509557  .00000071  00000-0  65258-4 0  9992
2 31451  99.0370 261.6385 0031680 243.9027 181.6724 14.10623700637672
FENGYUN 1C DEB
1 31451U 99025BUP 19233.91345205 +.00000089 +00000-0 +74988-4 0  9993
2 31451 099.0370 262.2200 0031696 242.2354 238.7511 14.10623882634932
FENGYUN 1C DEB
1 31451U 99025BUP 19234.32792176 +.00000107 +00000-0 +85034-4 0  9997
2 31451 099.0370 262.6367 0031720 241.0145 183.5873 14.10624072634999
FENGYUN 1C DEB
1 31451U 99025BUP 19235.89983889 +.00000152 +00000-0 +11017-3 0  9992
2 31451 099.0369 264.2172 0031784 236.4619 246.3077 14.10624553635217
FENGYUN 1C DEB
1 31451U 99025BUP 19235.89983889  .00000152  00000-0  11017-3 0  9992
2 31451  99.0369 264.2172 0031784 236.4619 246.3077 14.10624553638030
FENGYUN 1C DEB
1 31451U 99025BUP 19237.88625382 +.00000155 +00000-0 +11209-3 0  9990
2 31451 099.0369 266.2145 0031871 230.7343 253.9650 14.10625061635493
FENGYUN 1C DEB
1 31451U 99025BUP 19238.29874001  .00000148  00000-0  10810-3 0  9999
2 31451  99.0369 266.6292 0031901 229.5434 188.7057 14.10625190638370
FENGYUN 1C DEB
1 31451U 99025BUP 19238.87956196 +.00000138 +00000-0 +10233-3 0  9997
2 31451 099.0368 267.2132 0031934 227.8765 258.3016 14.10625379635637
FENGYUN 1C DEB
1 31451U 99025BUP 19239.29203980 +.00000128 +00000-0 +96799-4 0  9991
2 31451 099.0368 267.6279 0031962 226.6929 192.9936 14.10625534635696
FENGYUN 1C DEB
1 31451U 99025BUP 19241.27848587  .00000067  00000-0  62771-4 0  9995
2 31451  99.0367 269.6252 0032088 221.0083 200.7763 14.10626089638794
FENGYUN 1C DEB
1 31451U 99025BUP 19241.92829926 +.00000058 +00000-0 +57806-4 0  9996
2 31451 099.0367 270.2785 0032136 219.1530 260.7243 14.10626263636063
FENGYUN 1C DEB
1 31451U 99025BUP 19242.05237560 +.00000058 +00000-0 +57708-4 0  9999
2 31451 099.0366 270.4033 0032139 218.8020 170.8181 14.10626312636082
FENGYUN 1C DEB
1 31451U 99025BUP 19243.33469074  .00000082  00000-0  71101-4 0  9998
2 31451  99.0366 271.6926 0032208 215.1400 202.8021 14.10626757639080
FENGYUN 1C DEB
1 31451U 99025BUP 19244.90776944 +.00000135 +00000-0 +10081-3 0  9997
2 31451 099.0364 273.2741 0032293 210.6533 271.3676 14.10627304636489
FENGYUN 1C DEB
1 31451U 99025BUP 19245.55274889  .00000144  00000-0  10538-3 0  9997
2 31451  99.0363 273.9226 0032320 208.8017 306.7790 14.10627443639397
FENGYUN 1C DEB
1 31451U 99025BUP 19246.89412235 +.00000149 +00000-0 +10819-3 0  9991
2 31451 099.0362 275.2712 0032400 205.0029 278.6515 14.10627725636765
FENGYUN 1C DEB
1 31451U 99025BUP 19247.53978911 +.00000147 +00000-0 +10747-3 0  9999
2 31451 099.0361 275.9203 0032442 203.1716 317.5334 14.10627950636856
FENGYUN 1C DEB
1 31451U 99025BUP 19249.94332387 +.00000086 +00000-0 +73123-4 0  9997
2 31451 099.0360 278.3367 0032617 196.4262 283.3099 14.10628669637191
FENGYUN 1C DEB
1 31451U 99025BUP 19249.94332387  .00000086  00000-0  73123-4 0  9997
2 31451  99.0360 278.3367 0032617 196.4262 283.3099 14.10628669640016
FENGYUN 1C DEB
1 31451U 99025BUP 19251.35169164 +.00000053 +00000-0 +54802-4 0  9993
2 31451 099.0360 279.7525 0032708 192.4771 235.3693 14.10629156637395
FENGYUN 1C DEB
1 31451U 99025BUP 19252.27297662  .00000047  00000-0  51199-4 0  9999
2 31451  99.0359 280.6786 0032763 189.8980 233.8906 14.10629418640346
FENGYUN 1C DEB
1 31451U 99025BUP 19253.33759586 +.00000070 +00000-0 +64556-4 0  9992
2 31451 099.0359 281.7489 0032820 186.9151 240.3031 14.10629770637675
FENGYUN 1C DEB
1 31451U 99025BUP 19254.03953927 +.00000096 +00000-0 +78545-4 0  9996
2 31451 099.0358 282.4546 0032850 184.9548 204.9474 14.10630000637773
FENGYUN 1C DEB
1 31451U 99025BUP 19256.31560270  .00000181  00000-0  12635-3 0  9996
2 31451  99.0355 284.7426 0032987 178.6037 243.3671 14.10630840640914
FENGYUN 1C DEB
1 31451U 99025BUP 19257.30790601 +.00000186 +00000-0 +12906-3 0  9995
2 31451 099.0353 285.7401 0033043 175.8362 242.5329 14.10631171638231
FENGYUN 1C DEB
1 31451U 99025BUP 19258.30106660 +.00000168 +00000-0 +11864-3 0  9994
2 31451 099.0352 286.7384 0033108 173.0922 246.0284 14.10631498638371
FENGYUN 1C DEB
1 31451U 99025BUP 19259.29428437  .00000136  00000-0  10076-3 0  9991
2 31451  99.0350 287.7367 0033174 170.3342 249.8302 14.10631846641339
FENGYUN 1C DEB
1 31451U 99025BUP 19259.94413260 +.00000108 +00000-0 +85447-4 0  9995
2 31451 099.0349 288.3900 0033211 168.5605 309.8876 14.10632044638600
FENGYUN 1C DEB
1 31451U 99025BUP 19260.28742222 +.00000091 +00000-0 +75724-4 0  9995
2 31451 099.0349 288.7351 0033236 167.6496 253.1537 14.10632122638656
FENGYUN 1C DEB
1 31451U 99025BUP 19261.93044191 +.00000049 +00000-0 +52691-4 0  9999
2 31451 099.0348 290.3867 0033309 163.1526 316.7458 14.10632635638884
FENGYUN 1C DEB
1 31451U 99025BUP 19261.93044191  .00000049  00000-0  52691-4 0  9999
2 31451  99.0348 290.3867 0033309 163.1526 316.7458 14.10632635641709
FENGYUN 1C DEB
1 31451U 99025BUP 19262.34352060 +.00000052 +00000-0 +54238-4 0  9995
2 31451 099.0348 290.8020 0033327 162.0265 254.4402 14.10632798638942
FENGYUN 1C DEB
1 31451U 99025BUP 19263.33691296 +.00000069 +00000-0 +63749-4 0  9997
2 31451 099.0348 291.8004 0033377 159.2897 259.1097 14.10633130639088
FENGYUN 1C DEB
1 31451U 99025BUP 19264.32994421  .00000106  00000-0  84439-4 0  9994
2 31451  99.0347 292.7986 0033415 156.5492 261.9505 14.10633475642047
FENGYUN 1C DEB
1 31451U 99025BUP 19265.32393699 +.00000150 +00000-0 +10889-3 0  9991
2 31451 099.0346 293.7977 0033455 153.8061 269.6752 14.10633836639364
FENGYUN 1C DEB
1 31451U 99025BUP 19266.31585855 +.00000183 +00000-0 +12727-3 0  9997
2 31451 099.0346 294.7947 0033486 151.0491 266.9026 14.10634178639503
FENGYUN 1C DEB
1 31451U 99025BUP 19267.30915803  .00000194  00000-0  13347-3 0  9998
2 31451  99.0345 295.7930 0033528 148.3327 271.0846 14.10634501642465
FENGYUN 1C DEB
1 31451U 99025BUP 19268.88260729 +.00000169 +00000-0 +11939-3 0  9999
2 31451 099.0343 297.3745 0033575 144.0517 341.3704 14.10635018639869
FENGYUN 1C DEB
1 31451U 99025BUP 19270.36089189  .00000123  00000-0  93716-4 0  9998
2 31451  99.0341 298.8602 0033626 140.0475 288.3775 14.10635557642894
FENGYUN 1C DEB
1 31451U 99025BUP 19271.28166758 +.00000101 +00000-0 +81546-4 0  9992
2 31451 099.0340 299.7856 0033648 137.5453 284.2591 14.10635926640209
FENGYUN 1C DEB
1 31451U 99025BUP 19272.92454029 +.00000081 +00000-0 +70179-4 0  9992
2 31451 099.0337 301.4366 0033692 133.0989 347.0754 14.10636433640434
FENGYUN 1C DEB
1 31451U 99025BUP 19272.92454029  .00000081  00000-0  70179-4 0  9992
2 31451  99.0337 301.4366 0033692 133.0989 347.0754 14.10636433643257
FENGYUN 1C DEB
1 31451U 99025BUP 19273.33768900 +.00000080 +00000-0 +69582-4 0  9999
2 31451 099.0337 301.8519 0033700 131.9524 285.1502 14.10636512640497
FENGYUN 1C DEB
1 31451U 99025BUP 19275.32369420  .00000140  00000-0  10336-3 0  9993
2 31451  99.0334 303.8478 0033752 126.5398 290.4978 14.10637165643591
FENGYUN 1C DEB
1 31451U 99025BUP 19275.55515389 +.00000149 +00000-0 +10824-3 0  9996
2 31451 099.0333 304.0804 0033758 125.9081 025.8994 14.10637262640801
FENGYUN 1C DEB
1 31451U 99025BUP 19277.89023358 +.00000186 +00000-0 +12891-3 0  9992
2 31451 099.0330 306.4269 0033799 119.5409 003.9325 14.10638161641138
FENGYUN 1C DEB
1 31451U 99025BUP 19277.89023358  .00000186  00000-0  12891-3 0  9992
2 31451  99.0330 306.4269 0033799 119.5409   3.9325 14.10638161643950
FENGYUN 1C DEB
1 31451U 99025BUP 19278.30295229 +.00000181 +00000-0 +12603-3 0  9993
2 31451 099.0329 306.8417 0033796 118.4425 299.7807 14.10638340641193
FENGYUN 1C DEB
1 31451U 99025BUP 19279.29627705 +.00000162 +00000-0 +11555-3 0  9994
2 31451 099.0329 307.8398 0033796 115.7553 304.0790 14.10638785641334
FENGYUN 1C DEB
1 31451U 99025BUP 19280.28953795  .00000135  00000-0  10032-3 0  9995
2 31451  99.0328 308.8379 0033796 113.0735 308.0497 14.10639237644295
FENGYUN 1C DEB
1 31451U 99025BUP 19281.28264318 +.00000117 +00000-0 +90077-4 0  9990
2 31451 099.0326 309.8358 0033793 110.3890 311.2346 14.10639721641610
FENGYUN 1C DEB
1 31451U 99025BUP 19283.04966321  .00000114  00000-0  88615-4 0  9991
2 31451  99.0325 311.6114 0033786 105.5645 284.5615 14.10640490644682
FENGYUN 1C DEB
1 31451U 99025BUP 19283.91877523 +.00000145 +00000-0 +10584-3 0  9995
2 31451 099.0324 312.4848 0033770 103.2133 018.0887 14.10640946641981
FENGYUN 1C DEB
1 31451U 99025BUP 19284.91180648 +.00000186 +00000-0 +12854-3 0  9998
2 31451 099.0322 313.4826 0033765 100.4986 020.9319 14.10641441642125
FENGYUN 1C DEB
1 31451U 99025BUP 19285.55653062  .00000211  00000-0  14277-3 0  9994
2 31451  99.0321 314.1304 0033768  98.7444  54.9833 14.10641776645036
FENGYUN 1C DEB
1 31451U 99025BUP 19285.90497865 +.00000226 +00000-0 +15127-3 0  9991
2 31451 099.0320 314.4806 0033762 097.7976 024.4783 14.10641951642261
FENGYUN 1C DEB
1 31451U 99025BUP 19286.89811434 +.00000243 +00000-0 +16065-3 0  9993
2 31451 099.0317 315.4784 0033758 095.1185 027.8199 14.10642406642402
FENGYUN 1C DEB
1 31451U 99025BUP 19287.89126337  .00000243  00000-0  16032-3 0  9999
2 31451  99.0317 316.4763 0033726  92.3938  31.2762 14.10642858645364
FENGYUN 1C DEB
1 31451U 99025BUP 19288.88450437 +.00000216 +00000-0 +14557-3 0  9990
2 31451 099.0316 317.4743 0033691 089.6666 035.2047 14.10643294642687
FENGYUN 1C DEB
1 31451U 99025BUP 19289.94701571 +.00000166 +00000-0 +11735-3 0  9995
2 31451 099.0313 318.5416 0033678 086.8023 030.8538 14.10643646642838
FENGYUN 1C DEB
1 31451U 99025BUP 19289.94701571  .00000166  00000-0  11735-3 0  9995
2 31451  99.0313 318.5416 0033678  86.8023  30.8538 14.10643646645651
FENGYUN 1C DEB
1 31451U 99025BUP 19291.28367221 +.00000119 +00000-0 +91585-4 0  9995
2 31451 099.0312 319.8844 0033635 083.1657 338.7041 14.10644198643026
FENGYUN 1C DEB
1 31451U 99025BUP 19293.27045347  .00000096  00000-0  78864-4 0  9997
2 31451  99.0310 321.8805 0033577  77.7287 348.0708 14.10644828646125
FENGYUN 1C DEB
1 31451U 99025BUP 19294.33419162 +.00000124 +00000-0 +94167-4 0  9991
2 31451 099.0308 322.9493 0033550 074.8028 350.0118 14.10645170643451
FENGYUN 1C DEB
1 31451U 99025BUP 19295.32570694  .00000158  00000-0  11305-3 0  9998
2 31451  99.0307 323.9453 0033535  72.0793 345.1833 14.10645478646418
FENGYUN 1C DEB
1 31451U 99025BUP 19295.90590456 +.00000177 +00000-0 +12377-3 0  9991
2 31451 099.0306 324.5282 0033515 070.4967 051.5667 14.10645667643675
FENGYUN 1C DEB
1 31451U 99025BUP 19296.89908656 +.00000207 +00000-0 +14052-3 0  9991
2 31451 099.0305 325.5259 0033480 067.7493 055.2238 14.10646047643817
FENGYUN 1C DEB
1 31451U 99025BUP 19297.54421573  .00000216  00000-0  14539-3 0  9992
2 31451  99.0304 326.1740 0033455  65.9858  91.3509 14.10646320646724
FENGYUN 1C DEB
1 31451U 99025BUP 19297.89222431 +.00000215 +00000-0 +14503-3 0  9992
2 31451 099.0304 326.5235 0033438 065.0304 058.6298 14.10646426643955
FENGYUN 1C DEB
1 31451U 99025BUP 19299.87830038  .00000171  00000-0  12047-3 0  9992
2 31451  99.0300 328.5186 0033342  59.5684  64.4606 14.10647212647058
FENGYUN 1C DEB
1 31451U 99025BUP 19300.29135625 +.00000155 +00000-0 +11149-3 0  9995
2 31451 099.0299 328.9335 0033325 058.4364 002.0667 14.10647366644297
FENGYUN 1C DEB
1 31451U 99025BUP 19301.93415834 +.00000116 +00000-0 +89731-4 0  9990
2 31451 099.0296 330.5836 0033251 053.8820 064.7025 14.10648117644527
FENGYUN 1C DEB
1 31451U 99025BUP 19301.93415834  .00000116  00000-0  89731-4 0  9990
2 31451  99.0296 330.5836 0033251  53.8820  64.7025 14.10648117647340
FENGYUN 1C DEB
1 31451U 99025BUP 19303.34057028 +.00000122 +00000-0 +93276-4 0  9990
2 31451 099.0295 331.9962 0033194 049.9883 006.8767 14.10648839644725
FENGYUN 1C DEB
1 31451U 99025BUP 19304.04450819  .00000134  00000-0  99593-4 0  9994
2 31451  99.0293 332.7033 0033173  48.0202 341.7005 14.10649157647647
FENGYUN 1C DEB
1 31451U 99025BUP 19305.04486890 +.00000159 +00000-0 +11355-3 0  9999
2 31451 099.0292 333.7080 0033145 045.2538 021.8254 14.10649590644964
FENGYUN 1C DEB
1 31451U 99025BUP 19306.32061524  .00000203  00000-0  13821-3 0  9994
2 31451  99.0290 334.9894 0033086  41.7233  20.4451 14.10650243647969
FENGYUN 1C DEB
1 31451U 99025BUP 19306.61718186 +.00000208 +00000-0 +14107-3 0  9992
2 31451 099.0290 335.2873 0033077 040.8730 086.5283 14.10650378645189
FENGYUN 1C DEB
1 31451U 99025BUP 19307.02358635 +.00000212 +00000-0 +14339-3 0  9999
2 31451 099.0290 335.6955 0033055 039.7394 350.3808 14.10650542645248
FENGYUN 1C DEB
1 31451U 99025BUP 19308.88629720  .00000189  00000-0  13075-3 0  9999
2 31451  99.0289 337.5664 0032951  34.4981  89.8734 14.10651212648321
FENGYUN 1C DEB
1 31451U 99025BUP 19310.29223674 +.00000131 +00000-0 +97936-4 0  9991
2 31451 099.0287 338.9784 0032883 030.5911 029.6764 14.10651547645706
FENGYUN 1C DEB
1 31451U 99025BUP 19313.05244866  .00000106  00000-0  84495-4 0  9992
2 31451  99.0283 341.7506 0032748  22.8265   7.0027 14.10652609648910
FENGYUN 1C DEB
1 31451U 99025BUP 19313.92147083 +.00000118 +00000-0 +91198-4 0  9992
2 31451 099.0282 342.6234 0032716 020.3799 100.2040 14.10652803646215
FENGYUN 1C DEB
1 31451U 99025BUP 19314.91449138 +.00000155 +00000-0 +11148-3 0  9995
2 31451 099.0280 343.6206 0032674 017.6043 103.0956 14.10653215646357
FENGYUN 1C DEB
1 31451U 99025BUP 19315.90772189 +.00000185 +00000-0 +12850-3 0  9994
2 31451 099.0277 344.6180 0032636 014.8333 107.0496 14.10653605646495
FENGYUN 1C DEB
1 31451U 99025BUP 19315.90772189  .00000185  00000-0  12850-3 0  9994
2 31451  99.0277 344.6180 0032636  14.8333 107.0496 14.10653605649319
FENGYUN 1C DEB
1 31451U 99025BUP 19316.32149601 +.00000196 +00000-0 +13469-3 0  9997
2 31451 099.0277 345.0335 0032615 013.6644 048.3469 14.10653791646551
FENGYUN 1C DEB
1 31451U 99025BUP 19317.31364675 +.00000208 +00000-0 +14092-3 0  9994
2 31451 099.0275 346.0299 0032570 010.8740 046.8426 14.10654200646692
FENGYUN 1C DEB
1 31451U 99025BUP 19319.29975757  .00000171  00000-0  12051-3 0  9994
2 31451  99.0273 348.0244 0032489   5.1959  53.1207 14.10654996649794
FENGYUN 1C DEB
1 31451U 99025BUP 19321.28630994 +.00000100 +00000-0 +80907-4 0  9995
2 31451 099.0271 350.0191 0032387 359.5557 061.6098 14.10655772647257
FENGYUN 1C DEB
1 31451U 99025BUP 19322.58207413  .00000079  00000-0  69329-4 0  9995
2 31451  99.0269 351.3202 0032328 355.8867 161.9986 14.10656271650258
FENGYUN 1C DEB
1 31451U 99025BUP 19323.57390696 +.00000095 +00000-0 +78312-4 0  9991
2 31451 099.0268 352.3161 0032291 353.0864 158.8997 14.10656683647573
FENGYUN 1C DEB
1 31451U 99025BUP 19324.91555649 +.00000140 +00000-0 +10310-3 0  9995
2 31451 099.0266 353.6633 0032245 349.2665 132.3343 14.10657175647764
FENGYUN 1C DEB
1 31451U 99025BUP 19324.91555649  .00000140  00000-0  10310-3 0  9995
2 31451  99.0266 353.6633 0032245 349.2665 132.3343 14.10657175650588
FENGYUN 1C DEB
1 31451U 99025BUP 19325.90857703 +.00000176 +00000-0 +12354-3 0  9990
2 31451 099.0265 354.6604 0032226 346.4307 135.3009 14.10657550647908
FENGYUN 1C DEB
1 31451U 99025BUP 19326.32232818 +.00000187 +00000-0 +12975-3 0  9992
2 31451 099.0265 355.0758 0032208 345.2677 076.4810 14.10657690647966
FENGYUN 1C DEB
1 31451U 99025BUP 19327.89493147  .00000207  00000-0  14048-3 0  9995
2 31451  99.0262 356.6549 0032159 340.7583 142.8300 14.10658269651004
FENGYUN 1C DEB
1 31451U 99025BUP 19329.95065025 +.00000160 +00000-0 +11479-3 0  9997
2 31451 099.0259 358.7189 0032095 334.8395 142.6770 14.10659027648476
FENGYUN 1C DEB
1 31451U 99025BUP 19329.95065025  .00000160  00000-0  11479-3 0  9997
2 31451  99.0259 358.7189 0032095 334.8395 142.6770 14.10659027651290
FENGYUN 1C DEB
1 31451U 99025BUP 19330.94382042 +.00000129 +00000-0 +97263-4 0  9990
2 31451 099.0257 359.7162 0032066 331.9456 146.4713 14.10659469648615
FENGYUN 1C DEB
1 31451U 99025BUP 19331.34826014 +.00000118 +00000-0 +91038-4 0  9999
2 31451 099.0257 000.1223 0032063 330.7675 040.4099 14.10659637648670
FENGYUN 1C DEB
1 31451U 99025BUP 19332.06119271  .00000098  00000-0  80092-4 0  9994
2 31451  99.0256   0.8381 0032051 328.7081  61.0059 14.10659910651590
FENGYUN 1C DEB
1 31451U 99025BUP 19332.58177609 +.00000102 +00000-0 +81975-4 0  9997
2 31451 099.0255 001.3607 0032033 327.2189 184.7519 14.10660230648844
FENGYUN 1C DEB
1 31451U 99025BUP 19333.92342889 +.00000112 +00000-0 +87801-4 0  9995
2 31451 099.0253 002.7077 0032009 323.3749 158.2465 14.10660805649036
FENGYUN 1C DEB
1 31451U 99025BUP 19334.04709600 +.00000113 +00000-0 +88393-4 0  9995
2 31451 099.0253 002.8319 0032006 323.0206 066.2816 14.10660855649053
FENGYUN 1C DEB
1 31451U 99025BUP 19335.32946969  .00000149  00000-0  10863-3 0  9993
2 31451  99.0252   4.1194 0031971 319.3550  98.7245 14.10661401652056
FENGYUN 1C DEB
1 31451U 99025BUP 19336.32224628 +.00000182 +00000-0 +12686-3 0  9997
2 31451 099.0251 005.1160 0031944 316.4966 100.4915 14.10661844649375
FENGYUN 1C DEB
1 31451U 99025BUP 19337.89586076 +.00000196 +00000-0 +13479-3 0  9994
2 31451 099.0250 006.6959 0031921 311.9543 172.0297 14.10662442649599
FENGYUN 1C DEB
1 31451U 99025BUP 19338.82800492 +.00000180 +00000-0 +12546-3 0  9996
2 31451 099.0249 007.6316 0031894 309.2620 225.8899 14.10662728649727
FENGYUN 1C DEB
1 31451U 99025BUP 19339.36315156  .00000168  00000-0  11905-3 0  9998
2 31451  99.0249   8.1689 0031890 307.7074  63.6226 14.10662930652628
FENGYUN 1C DEB
1 31451U 99025BUP 19340.88474128 +.00000123 +00000-0 +93968-4 0  9993
2 31451 099.0247 009.6964 0031882 303.2893 230.9887 14.10663448650017
FENGYUN 1C DEB
1 31451U 99025BUP 19342.34213170  .00000081  00000-0  70625-4 0  9992
2 31451  99.0245  11.1595 0031870 299.0771  72.3017 14.10663837653048
FENGYUN 1C DEB
1 31451U 99025BUP 19343.86384509 +.00000080 +00000-0 +69803-4 0  9990
2 31451 099.0242 012.6871 0031876 294.6968 240.2599 14.10664215650435
FENGYUN 1C DEB
1 31451U 99025BUP 19344.91715458 +.00000104 +00000-0 +83305-4 0  9998
2 31451 099.0239 013.7445 0031864 291.6654 189.4487 14.10664505650584
FENGYUN 1C DEB
1 31451U 99025BUP 19344.91715458  .00000104  00000-0  83305-4 0  9998
2 31451  99.0239  13.7445 0031864 291.6654 189.4487 14.10664505653408
FENGYUN 1C DEB
1 31451U 99025BUP 19345.84966395 +.00000131 +00000-0 +98156-4 0  9999
2 31451 099.0238 014.6806 0031858 288.9851 245.1563 14.10664772650711
FENGYUN 1C DEB
1 31451U 99025BUP 19346.84276763 +.00000154 +00000-0 +11141-3 0  9996
2 31451 099.0236 015.6775 0031856 286.1175 248.6045 14.10665110650857
FENGYUN 1C DEB
1 31451U 99025BUP 19347.37808769  .00000160  00000-0  11480-3 0  9995
2 31451  99.0235  16.2148 0031856 284.5681  87.2164 14.10665302653755
FENGYUN 1C DEB
1 31451U 99025BUP 19347.83586912 +.00000160 +00000-0 +11444-3 0  9999
2 31451 099.0235 016.6743 0031863 283.2483 252.0449 14.10665439650996
FENGYUN 1C DEB
1 31451U 99025BUP 19348.37092889 +.00000153 +00000-0 +11049-3 0  9997
2 31451 099.0234 017.2114 0031872 281.6968 089.3384 14.10665605651078
FENGYUN 1C DEB
1 31451U 99025BUP 19350.88572697  .00000074  00000-0  66725-4 0  9990
2 31451  99.0232  19.7357 0031927 274.4243 260.6926 14.10666386654244
FENGYUN 1C DEB
1 31451U 99025BUP 19351.34992536 +.00000057 +00000-0 +56956-4 0  9996
2 31451 099.0232 020.2017 0031944 273.0930 098.1046 14.10666501651491
FENGYUN 1C DEB
1 31451U 99025BUP 19352.87146630 +.00000031 +00000-0 +42743-4 0  9992
2 31451 099.0230 021.7289 0031982 268.7236 265.1927 14.10666872651707
FENGYUN 1C DEB
1 31451U 99025BUP 19353.34671615  .00000033  00000-0  43657-4 0  9998
2 31451  99.0230  22.2059 0031989 267.3554 158.7344 14.10666972654594
FENGYUN 1C DEB
1 31451U 99025BUP 19353.57690156 +.00000043 +00000-0 +49092-4 0  9994
2 31451 099.0230 022.4369 0031980 266.6826 247.7344 14.10667091651808
FENGYUN 1C DEB
1 31451U 99025BUP 19354.91808194 +.00000082 +00000-0 +70901-4 0  9992
2 31451 099.0229 023.7831 0031989 262.8247 218.8756 14.10667423651993
FENGYUN 1C DEB
1 31451U 99025BUP 19355.56291844  .00000115  00000-0  89207-4 0  9998
2 31451  99.0228  24.4303 0031998 260.9784 253.6492 14.10667689654901
FENGYUN 1C DEB
1 31451U 99025BUP 19355.91159931 +.00000130 +00000-0 +97996-4 0  9998
2 31451 099.0227 024.7803 0031998 259.9697 224.4202 14.10667808652130
FENGYUN 1C DEB
1 31451U 99025BUP 19356.84351993 +.00000162 +00000-0 +11568-3 0  9998
2 31451 099.0226 025.7156 0032013 257.2937 277.1469 14.10668142652264
FENGYUN 1C DEB
1 31451U 99025BUP 19357.89747979 +.00000188 +00000-0 +13018-3 0  9997
2 31451 099.0224 026.7735 0032050 254.2753 229.6411 14.10668678652410
FENGYUN 1C DEB
1 31451U 99025BUP 19357.89747979  .00000188  00000-0  13018-3 0  9997
2 31451  99.0224  26.7735 0032050 254.2753 229.6411 14.10668678655233
FENGYUN 1C DEB
1 31451U 99025BUP 19358.37213176 +.00000184 +00000-0 +12787-3 0  9996
2 31451 099.0224 027.2499 0032064 252.9102 120.1487 14.10668856652484
FENGYUN 1C DEB
1 31451U 99025BUP 19359.82257557 +.00000141 +00000-0 +10416-3 0  9998
2 31451 099.0221 028.7056 0032117 248.7491 286.1820 14.10669347652681
FENGYUN 1C DEB
1 31451U 99025BUP 19360.35777770  .00000115  00000-0  89466-4 0  9995
2 31451  99.0220  29.2427 0032136 247.2020 124.2014 14.10669482655580
FENGYUN 1C DEB
1 31451U 99025BUP 19360.88637334 +.00000092 +00000-0 +76387-4 0  9996
2 31451 099.0219 029.7733 0032161 245.6946 288.6498 14.10669628652838
FENGYUN 1C DEB
1 31451U 99025BUP 19362.58461465  .00000042  00000-0  48607-4 0  9994
2 31451  99.0218  31.4777 0032236 240.8862 273.0550 14.10670079655890
FENGYUN 1C DEB
1 31451U 99025BUP 19363.86533755 +.00000038 +00000-0 +46770-4 0  9992
2 31451 099.0216 032.7630 0032264 237.2166 297.1637 14.10670273653255
FENGYUN 1C DEB
1 31451U 99025BUP 19364.91877611 +.00000078 +00000-0 +68985-4 0  9997
2 31451 099.0217 033.8203 0032293 234.2195 246.9966 14.10670623653408
FENGYUN 1C DEB
1 31451U 99025BUP 19365.85119025 +.00000105 +00000-0 +83663-4 0  9990
2 31451 099.0216 034.7560 0032317 231.5600 302.2203 14.10670826653530
FENGYUN 1C DEB
1 31451U 99025BUP 20001.90514328 +.00000128 +00000-0 +96614-4 0  9995
2 31451 099.0216 035.8138 0032354 228.5691 254.6597 14.10671072653686
FENGYUN 1C DEB
1 31451U 99025BUP 20002.31847316  .00000133  00000-0  99362-4 0  9996
2 31451  99.0216  36.2286 0032367 227.3869 193.7413 14.10671175656567
FENGYUN 1C DEB
1 31451U 99025BUP 20002.83735972 +.00000136 +00000-0 +10131-3 0  9996
2 31451 099.0216 036.7493 0032389 225.9065 308.8855 14.10671309653811
FENGYUN 1C DEB
1 31451U 99025BUP 20003.83033238 +.00000126 +00000-0 +95251-4 0  9999
2 31451 099.0215 037.7459 0032436 223.0851 311.6463 14.10671561653950
FENGYUN 1C DEB
1 31451U 99025BUP 20004.36568294  .00000115  00000-0  89465-4 0  9991
2 31451  99.0214  38.2831 0032464 221.5655 150.3960 14.10671724656858
FENGYUN 1C DEB
1 31451U 99025BUP 20004.95402844 +.00000098 +00000-0 +79977-4 0  9991
2 31451 099.0213 038.8735 0032495 219.9015 258.2719 14.10671874654114
FENGYUN 1C DEB
1 31451U 99025BUP 20006.59216056  .00000065  00000-0  61206-4 0  9991
2 31451  99.0211  40.5174 0032572 215.2922 297.4028 14.10672461657160
FENGYUN 1C DEB
1 31451U 99025BUP 20006.94022076 +.00000057 +00000-0 +57197-4 0  9992
2 31451 099.0210 040.8667 0032589 214.3134 265.0000 14.10672545654398
FENGYUN 1C DEB
1 31451U 99025BUP 20007.93338144 +.00000048 +00000-0 +52025-4 0  9993
2 31451 099.0209 041.8634 0032628 211.5045 268.7070 14.10672828654532
FENGYUN 1C DEB
1 31451U 99025BUP 20008.92642656 +.00000056 +00000-0 +56333-4 0  9994
2 31451 099.0207 042.8599 0032664 208.6789 271.8440 14.10673063654676
FENGYUN 1C DEB
1 31451U 99025BUP 20008.92642656  .00000056  00000-0  56333-4 0  9994
2 31451  99.0207  42.8599 0032664 208.6789 271.8440 14.10673063657499
FENGYUN 1C DEB
1 31451U 99025BUP 20010.91274514 +.00000130 +00000-0 +97731-4 0  9990
2 31451 099.0204 044.8531 0032735 203.0903 279.2182 14.10673773654951
FENGYUN 1C DEB
1 31451U 99025BUP 20011.03631913  .00000134  00000-0  99930-4 0  9991
2 31451  99.0204  44.9771 0032741 202.7374 186.7850 14.10673823657798
FENGYUN 1C DEB
1 31451U 99025BUP 20011.84505979 +.00000157 +00000-0 +11282-3 0  9990
2 31451 099.0203 045.7887 0032772 200.4838 333.8955 14.10674112655081
FENGYUN 1C DEB
1 31451U 99025BUP 20012.83797355 +.00000165 +00000-0 +11733-3 0  9991
2 31451 099.0202 046.7850 0032817 197.6923 336.3369 14.10674445655225
FENGYUN 1C DEB
1 31451U 99025BUP 20014.36641117  .00000132  00000-0  98744-4 0  9997
2 31451  99.0201  48.3187 0032894 193.4308 178.3662 14.10674912658267
FENGYUN 1C DEB
1 31451U 99025BUP 20015.35941514 +.00000094 +00000-0 +77539-4 0  9997
2 31451 099.0200 049.3151 0032942 190.6723 181.2373 14.10675228655587
FENGYUN 1C DEB
1 31451U 99025BUP 20015.88789897 +.00000079 +00000-0 +69004-4 0  9990
2 31451 099.0199 049.8454 0032961 189.1844 345.1101 14.10675444655651
FENGYUN 1C DEB
1 31451U 99025BUP 20016.35237265 +.00000064 +00000-0 +60586-4 0  9990
2 31451 099.0199 050.3114 0032982 187.8879 183.8999 14.10675599655728
FENGYUN 1C DEB
1 31451U 99025BUP 20017.06527090  .00000048  00000-0  51699-4 0  9994
2 31451  99.0198  51.0268 0033014 185.9050 204.2859 14.10675834658641
FENGYUN 1C DEB
1 31451U 99025BUP 20017.58689097 +.00000043 +00000-0 +49266-4 0  9999
2 31451 099.0198 051.5502 0033032 184.4574 333.2806 14.10676008655895
FENGYUN 1C DEB
1 31451U 99025BUP 20018.34912334 +.00000038 +00000-0 +46108-4 0  9993
2 31451 099.0198 052.3150 0033064 182.3228 244.2191 14.10676120656008
FENGYUN 1C DEB
1 31451U 99025BUP 20019.05087368 +.00000055 +00000-0 +55507-4 0  9994
2 31451 099.0197 053.0191 0033087 180.3686 207.9935 14.10676324656100
FENGYUN 1C DEB
1 31451U 99025BUP 20020.56550243 +.00000112 +00000-0 +87744-4 0  9991
2 31451 099.0196 054.5389 0033135 176.1589 339.8883 14.10676713656315
FENGYUN 1C DEB
1 31451U 99025BUP 20020.56550243  .00000112  00000-0  87744-4 0  9991
2 31451  99.0196  54.5389 0033135 176.1589 339.8883 14.10676713659138
FENGYUN 1C DEB
1 31451U 99025BUP 20020.91342976 +.00000125 +00000-0 +94951-4 0  9994
2 31451 099.0195 054.8880 0033144 175.1957 306.7997 14.10676778656366
FENGYUN 1C DEB
1 31451U 99025BUP 20021.03721459 +.00000128 +00000-0 +96463-4 0  9998
2 31451 099.0195 055.0122 0033151 174.8451 215.4358 14.10676808656384
FENGYUN 1C DEB
1 31451U 99025BUP 20022.38152230 +.00000161 +00000-0 +11481-3 0  9995
2 31451 099.0192 056.3610 0033202 171.0926 202.3906 14.10677144656579
FENGYUN 1C DEB
1 31451U 99025BUP 20023.37414370 +.00000158 +00000-0 +11294-3 0  9999
2 31451 099.0190 057.3569 0033248 168.3292 203.3303 14.10677384656710
FENGYUN 1C DEB
1 31451U 99025BUP 20024.36719566 +.00000133 +00000-0 +99313-4 0  9996
2 31451 099.0189 058.3533 0033280 165.6049 206.4184 14.10677649656856
FENGYUN 1C DEB
1 31451U 99025BUP 20025.36019468  .00000096  00000-0  78299-4 0  9999
2 31451  99.0187  59.3496 0033313 162.8843 209.2357 14.10677927659812
FENGYUN 1C DEB
1 31451U 99025BUP 20027.06568581 +.00000030 +00000-0 +41521-4 0  9999
2 31451 099.0185 061.0607 0033360 158.2202 230.3454 14.10678350657232
FENGYUN 1C DEB
1 31451U 99025BUP 20027.58680399  .00000032  00000-0  43056-4 0  9995
2 31451  99.0185  61.5835 0033389 156.7458 356.8263 14.10678662660127
FENGYUN 1C DEB
1 31451U 99025BUP 20028.58017214 +.00000035 +00000-0 +44364-4 0  9992
2 31451 099.0185 062.5802 0033418 154.0126 001.5321 14.10678957657445
FENGYUN 1C DEB
1 31451U 99025BUP 20029.34104346 +.00000049 +00000-0 +52564-4 0  9996
2 31451 099.0185 063.3436 0033438 151.9084 265.5402 14.10679135657551
FENGYUN 1C DEB
1 31451U 99025BUP 20029.92106806 +.00000068 +00000-0 +62888-4 0  9994
2 31451 099.0186 063.9256 0033451 150.2987 331.1422 14.10679276657634
FENGYUN 1C DEB
1 31451U 99025BUP 20029.92106806  .00000068  00000-0  62888-4 0  9994
2 31451  99.0186  63.9256 0033451 150.2987 331.1422 14.10679276660458
FENGYUN 1C DEB
1 31451U 99025BUP 20030.33548907 +.00000088 +00000-0 +73999-4 0  9990
2 31451 099.0186 064.3414 0033464 149.1496 275.7410 14.10679433657692
FENGYUN 1C DEB
1 31451U 99025BUP 20031.32809458 +.00000128 +00000-0 +96126-4 0  9993
2 31451 099.0185 065.3372 0033490 146.4068 276.5868 14.10679728657838
FENGYUN 1C DEB
1 31451U 99025BUP 20031.84646909 +.00000143 +00000-0 +10494-3 0  9990
2 31451 099.0184 065.8573 0033504 144.9764 029.0975 14.10679876657909
FENGYUN 1C DEB
1 31451U 99025BUP 20032.32074465  .00000153  00000-0  11033-3 0  9997
2 31451  99.0184  66.3331 0033518 143.6744 277.6500 14.10680020660795
FENGYUN 1C DEB
1 31451U 99025BUP 20032.55290628 +.00000159 +00000-0 +11360-3 0  9992
2 31451 099.0184 066.5661 0033528 143.0395 016.6532 14.10680121658009
FENGYUN 1C DEB
1 31451U 99025BUP 20033.37512652 +.00000159 +00000-0 +11386-3 0  9995
2 31451 099.0183 067.3910 0033555 140.7886 232.1966 14.10680348658123
FENGYUN 1C DEB
1 31451U 99025BUP 20033.89367076 +.00000154 +00000-0 +11098-3 0  9995
2 31451 099.0182 067.9112 0033573 139.3653 345.5637 14.10680517658197
FENGYUN 1C DEB
1 31451U 99025BUP 20034.95620465  .00000127  00000-0  95680-4 0  9997
2 31451  99.0180  68.9772 0033598 136.4708 341.4987 14.10680850661168
FENGYUN 1C DEB
1 31451U 99025BUP 20035.36097133 +.00000112 +00000-0 +87621-4 0  9993
2 31451 099.0179 069.3833 0033608 135.3672 237.0532 14.10680972658403
FENGYUN 1C DEB
1 31451U 99025BUP 20037.87509808  .00000072  00000-0  64841-4 0  9992
2 31451  99.0176  71.9054 0033651 128.4854  44.7480 14.10681967661579
FENGYUN 1C DEB
1 31451U 99025BUP 20037.93549834 +.00000072 +00000-0 +65363-4 0  9992
2 31451 099.0176 071.9661 0033651 128.3211 351.4829 14.10682009658769
FENGYUN 1C DEB
1 31451U 99025BUP 20038.05972804 +.00000073 +00000-0 +65867-4 0  9993
2 31451 099.0176 072.0907 0033651 127.9794 262.3704 14.10682070658787
FENGYUN 1C DEB
1 31451U 99025BUP 20038.92864792 +.00000091 +00000-0 +75574-4 0  9991
2 31451 099.0175 072.9624 0033659 125.5986 355.0808 14.10682433658908
FENGYUN 1C DEB
1 31451U 99025BUP 20039.27258311 +.00000107 +00000-0 +84453-4 0  9998
2 31451 099.0175 073.3075 0033638 124.6741 301.6993 14.10682647658953
FENGYUN 1C DEB
1 31451U 99025BUP 20039.86116484 +.00000123 +00000-0 +93320-4 0  9998
2 31451 099.0174 073.8980 0033649 123.0557 050.7504 14.10682851659039
FENGYUN 1C DEB
1 31451U 99025BUP 20040.91484091 +.00000153 +00000-0 +11020-3 0  9997
2 31451 099.0173 074.9551 0033662 120.1661 001.7278 14.10683188659187
FENGYUN 1C DEB
1 31451U 99025BUP 20041.55937140 +.00000173 +00000-0 +12129-3 0  9999
2 31451 099.0172 075.6017 0033670 118.3978 034.9063 14.10683449659270
FENGYUN 1C DEB
1 31451U 99025BUP 20041.84703734 +.00000178 +00000-0 +12402-3 0  9990
2 31451 099.0171 075.8902 0033674 117.6117 055.7837 14.10683525659315
FENGYUN 1C DEB
1 31451U 99025BUP 20042.55349799 +.00000186 +00000-0 +12868-3 0  9991
2 31451 099.0171 076.5989 0033685 115.6822 043.4602 14.10683788659417
FENGYUN 1C DEB
1 31451U 99025BUP 20042.90114762 +.00000187 +00000-0 +12936-3 0  9997
2 31451 099.0170 076.9477 0033691 114.7368 008.9540 14.10683908659460
FENGYUN 1C DEB
1 31451U 99025BUP 20043.02490160 +.00000188 +00000-0 +12946-3 0  9992
2 31451 099.0170 077.0718 0033692 114.4060 277.4170 14.10683967659486
FENGYUN 1C DEB
1 31451U 99025BUP 20043.83302116  .00000174  00000-0  12161-3 0  9998
2 31451  99.0169  77.8825 0033695 112.2002  61.3569 14.10684222662410
FENGYUN 1C DEB
1 31451U 99025BUP 20043.89426191 +.00000172 +00000-0 +12074-3 0  9995
2 31451 099.0169 077.9439 0033693 112.0344 012.3595 14.10684243659602
FENGYUN 1C DEB
1 31451U 99025BUP 20044.30660970 +.00000160 +00000-0 +11408-3 0  9994
2 31451 099.0168 078.3576 0033694 110.9158 306.4128 14.10684385659661
FENGYUN 1C DEB
1 31451U 99025BUP 20044.82604652 +.00000141 +00000-0 +10330-3 0  9998
2 31451 099.0168 078.8786 0033692 109.5072 064.3032 14.10684536659736
FENGYUN 1C DEB
1 31451U 99025BUP 20045.94987538 +.00000098 +00000-0 +79556-4 0  9996
2 31451 099.0166 080.0060 0033679 106.4582 011.5205 14.10684893659890
FENGYUN 1C DEB
1 31451U 99025BUP 20045.94987538  .00000098  00000-0  79556-4 0  9996
2 31451  99.0166  80.0060 0033679 106.4582  11.5205 14.10684893662715
FENGYUN 1C DEB
1 31451U 99025BUP 20046.35457647 +.00000075 +00000-0 +66905-4 0  9994
2 31451 099.0166 080.4119 0033682 105.3509 266.7509 14.10684933659953
FENGYUN 1C DEB
1 31451U 99025BUP 20047.35848708 +.00000048 +00000-0 +51746-4 0  9994
2 31451 099.0165 081.4189 0033677 102.6225 324.9844 14.10685191660092
FENGYUN 1C DEB
1 31451U 99025BUP 20047.58857395 +.00000047 +00000-0 +51108-4 0  9992
2 31451 099.0165 081.6497 0033675 101.9936 053.4552 14.10685276660123
FENGYUN 1C DEB
1 31451U 99025BUP 20048.34056869  .00000052  00000-0  54039-4 0  9996
2 31451  99.0164  82.4041 0033671  99.9376 272.3783 14.10685492663059
FENGYUN 1C DEB
1 31451U 99025BUP 20048.86883074 +.00000064 +00000-0 +60473-4 0  9991
2 31451 099.0164 082.9340 0033665 098.4895 075.1033 14.10685651660308
FENGYUN 1C DEB
1 31451U 99025BUP 20049.34250094 +.00000080 +00000-0 +69279-4 0  9996
2 31451 099.0163 083.4091 0033663 097.1926 320.5876 14.10685807660377
FENGYUN 1C DEB
1 31451U 99025BUP 20049.92240920 +.00000102 +00000-0 +82022-4 0  9993
2 31451 099.0162 083.9908 0033659 095.6042 025.5915 14.10685987660459
FENGYUN 1C DEB
1 31451U 99025BUP 20050.04662237 +.00000108 +00000-0 +85163-4 0  9992
2 31451 099.0162 084.1154 0033658 095.2634 296.3958 14.10686041660476
FENGYUN 1C DEB
1 31451U 99025BUP 20051.56011154 +.00000177 +00000-0 +12339-3 0  9996
2 31451 099.0160 085.6336 0033647 091.1172 062.4970 14.10686637660682
FENGYUN 1C DEB
1 31451U 99025BUP 20051.56011154  .00000177  00000-0  12339-3 0  9996
2 31451  99.0160  85.6336 0033647  91.1172  62.4970 14.10686637663506
FENGYUN 1C DEB
1 31451U 99025BUP 20052.55326501 +.00000207 +00000-0 +14017-3 0  9990
2 31451 099.0158 086.6298 0033634 088.4078 066.1180 14.10687124660829
FENGYUN 1C DEB
1 31451U 99025BUP 20053.31474628 +.00000211 +00000-0 +14241-3 0  9993
2 31451 099.0156 087.3936 0033617 086.3336 333.2152 14.10687452660932
FENGYUN 1C DEB
1 31451U 99025BUP 20054.95746729  .00000167  00000-0  11823-3 0  9991
2 31451  99.0153  89.0413 0033567  81.8620  35.5904 14.10688104663988
FENGYUN 1C DEB
1 31451U 99025BUP 20056.36425153 +.00000114 +00000-0 +88399-4 0  9998
2 31451 099.0152 090.4524 0033520 078.0252 339.7986 14.10688679661360
FENGYUN 1C DEB
1 31451U 99025BUP 20057.06758845  .00000095  00000-0  77894-4 0  9999
2 31451  99.0151  91.1578 0033492  76.0973 311.6327 14.10688966664283
FENGYUN 1C DEB
1 31451U 99025BUP 20057.28709582 +.00000090 +00000-0 +75024-4 0  9995
2 31451 099.0151 091.3780 0033487 075.4978 346.3792 14.10689040661497
FENGYUN 1C DEB
1 31451U 99025BUP 20058.34994306 +.00000078 +00000-0 +68403-4 0  9992
2 31451 099.0151 092.4440 0033457 072.5845 343.9550 14.10689391661641
FENGYUN 1C DEB
1 31451U 99025BUP 20059.34469076  .00000091  00000-0  75514-4 0  9990
2 31451  99.0150  93.4418 0033427  69.8493 355.7021 14.10689697664603
FENGYUN 1C DEB
1 31451U 99025BUP 20060.33587013 +.00000121 +00000-0 +92128-4 0  9997
2 31451 099.0150 094.4360 0033403 067.1220 349.3301 14.10690006661921
FENGYUN 1C DEB
1 31451U 99025BUP 20061.90922661 +.00000176 +00000-0 +12331-3 0  9990
2 31451 099.0147 096.0140 0033357 062.8084 059.4869 14.10690566662143
FENGYUN 1C DEB
1 31451U 99025BUP 20061.90922661  .00000176  00000-0  12331-3 0  9990
2 31451  99.0147  96.0140 0033357  62.8084  59.4869 14.10690566664965
FENGYUN 1C DEB
1 31451U 99025BUP 20062.32270927 +.00000185 +00000-0 +12792-3 0  9999
2 31451 099.0147 096.4288 0033345 061.6735 359.3252 14.10690710662203
FENGYUN 1C DEB
1 31451U 99025BUP 20063.31534931 +.00000191 +00000-0 +13115-3 0  9994
2 31451 099.0145 097.4243 0033302 058.9460 000.3718 14.10691052662345
FENGYUN 1C DEB
1 31451U 99025BUP 20065.88141410  .00000135  00000-0  10044-3 0  9990
2 31451  99.0140  99.9980 0033173  51.8808  71.9592 14.10691997665524
FENGYUN 1C DEB
1 31451U 99025BUP 20066.29453795 +.00000123 +00000-0 +93314-4 0  9997
2 31451 099.0140 100.4123 0033153 050.7428 009.9824 14.10692153662762
FENGYUN 1C DEB
1 31451U 99025BUP 20067.28777840 +.00000095 +00000-0 +77846-4 0  9997
2 31451 099.0138 101.4084 0033105 047.9961 014.1018 14.10692475662909
FENGYUN 1C DEB
1 31451U 99025BUP 20068.06165316  .00000089  00000-0  74387-4 0  9993
2 31451  99.0137 102.1846 0033068  45.8519 344.1888 14.10692758665836
FENGYUN 1C DEB
1 31451U 99025BUP 20068.35245668 +.00000083 +00000-0 +71253-4 0  9997
2 31451 099.0137 102.4762 0033045 045.0547 021.0123 14.10692798663053
FENGYUN 1C DEB
1 31451U 99025BUP 20070.33641413  .00000118  00000-0  90642-4 0  9998
2 31451  99.0134 104.4659 0032969  39.5551  16.4517 14.10693403666157
FENGYUN 1C DEB
1 31451U 99025BUP 20074.30867104 +.00000133 +00000-0 +99201-4 0  9993
2 31451 099.0129 108.4495 0032742 028.4909 029.4457 14.10694397663894
FENGYUN 1C DEB
1 31451U 99025BUP 20076.29510499  .00000086  00000-0  73227-4 0  9992
2 31451  99.0127 110.4416 0032619  22.9077  37.5545 14.10695069666995
FENGYUN 1C DEB
1 31451U 99025BUP 20077.28858889 +.00000071 +00000-0 +64425-4 0  9994
2 31451 099.0125 111.4379 0032558 020.1105 042.9708 14.10695418664319
FENGYUN 1C DEB
1 31451U 99025BUP 20078.35310281  .00000074  00000-0  66227-4 0  9997
2 31451  99.0124 112.5054 0032494  17.1174  49.1105 14.10695811667287
FENGYUN 1C DEB
1 31451U 99025BUP 20079.34427166 +.00000084 +00000-0 +72109-4 0  9995
2 31451 099.0122 113.4993 0032449 014.3462 042.7511 14.10696086664604
FENGYUN 1C DEB
1 31451U 99025BUP 20080.33701567 +.00000109 +00000-0 +85703-4 0  9998
2 31451 099.0120 114.4948 0032395 011.5612 044.4010 14.10696354664745
FENGYUN 1C DEB
1 31451U 99025BUP 20081.04125008  .00000134  00000-0  99971-4 0  9997
2 31451  99.0119 115.2011 0032368   9.5929  20.8486 14.10696607667661
FENGYUN 1C DEB
1 31451U 99025BUP 20081.56214503 +.00000159 +00000-0 +11353-3 0  9997
2 31451 099.0118 115.7234 0032334 008.1321 146.2144 14.10696871664918
FENGYUN 1C DEB
1 31451U 99025BUP 20082.38549554 +.00000192 +00000-0 +13202-3 0  9997
2 31451 099.0115 116.5488 0032281 005.8010 007.6247 14.10697297665036
FENGYUN 1C DEB
1 31451U 99025BUP 20084.30923847  .00000180  00000-0  12564-3 0  9999
2 31451  99.0111 118.4778 0032155   0.3181  57.4508 14.10698029668124
FENGYUN 1C DEB
1 31451U 99025BUP 20085.30249021 +.00000139 +00000-0 +10280-3 0  9992
2 31451 099.0109 119.4737 0032084 357.4631 061.7567 14.10698314665446
FENGYUN 1C DEB
1 31451U 99025BUP 20086.87559205 +.00000076 +00000-0 +67585-4 0  9994
2 31451 099.0107 121.0510 0031990 352.9438 130.8762 14.10698752665667
FENGYUN 1C DEB
1 31451U 99025BUP 20086.87559205  .00000076  00000-0  67585-4 0  9994
2 31451  99.0107 121.0510 0031990 352.9438 130.8762 14.10698752668480
FENGYUN 1C DEB
1 31451U 99025BUP 20087.28886868 +.00000061 +00000-0 +59384-4 0  9990
2 31451 099.0107 121.4653 0031962 351.7678 069.7225 14.10698846665726
FENGYUN 1C DEB
1 31451U 99025BUP 20089.05577318  .00000059  00000-0  58314-4 0  9993
2 31451  99.0105 123.2369 0031874 346.7060  43.0714 14.10699354668792
FENGYUN 1C DEB
1 31451U 99025BUP 20089.34485162 +.00000071 +00000-0 +64751-4 0  9996
2 31451 099.0105 123.5268 0031854 345.8726 071.1823 14.10699484666010
FENGYUN 1C DEB
1 31451U 99025BUP 20089.57703672 +.00000079 +00000-0 +69188-4 0  9997
2 31451 099.0104 123.7596 0031847 345.2202 170.3382 14.10699587666049
FENGYUN 1C DEB
1 31451U 99025BUP 20090.04903082 +.00000093 +00000-0 +77306-4 0  9995
2 31451 099.0104 124.2328 0031825 343.8711 047.3910 14.10699730666111
FENGYUN 1C DEB
1 31451U 99025BUP 20090.91800150 +.00000129 +00000-0 +96830-4 0  9996
2 31451 099.0103 125.1041 0031778 341.3826 140.5202 14.10700025666232
FENGYUN 1C DEB
1 31451U 99025BUP 20092.38600958  .00000166  00000-0  11766-3 0  9998
2 31451  99.0100 126.5759 0031697 337.1725  35.9119 14.10700504669263
FENGYUN 1C DEB
1 31451U 99025BUP 20092.84337868 +.00000169 +00000-0 +11923-3 0  9994
2 31451 099.0099 127.0345 0031676 335.8601 198.6974 14.10700647666500
FENGYUN 1C DEB
1 31451U 99025BUP 20093.83617420 +.00000176 +00000-0 +12344-3 0  9995
2 31451 099.0097 128.0299 0031625 332.9891 200.7136 14.10701101666646
FENGYUN 1C DEB
1 31451U 99025BUP 20094.89012822 +.00000163 +00000-0 +11605-3 0  9992
2 31451 099.0094 129.0865 0031573 329.9431 153.3297 14.10701562666799
FENGYUN 1C DEB
1 31451U 99025BUP 20094.89012822  .00000163  00000-0  11605-3 0  9992
2 31451  99.0094 129.0865 0031573 329.9431 153.3297 14.10701562669613
FENGYUN 1C DEB
1 31451U 99025BUP 20095.89392354 +.00000140 +00000-0 +10300-3 0  9990
2 31451 099.0092 130.0928 0031531 327.0275 211.2259 14.10701998666939
FENGYUN 1C DEB
1 31451U 99025BUP 20096.29654028 +.00000136 +00000-0 +10099-3 0  9994
2 31451 099.0092 130.4966 0031515 325.8174 096.0057 14.10702261666996
FENGYUN 1C DEB
1 31451U 99025BUP 20096.88663972 +.00000120 +00000-0 +91911-4 0  9993
2 31451 099.0092 131.0881 0031501 324.1118 212.8899 14.10702495667075
FENGYUN 1C DEB
1 31451U 99025BUP 20096.94598705  .00000118  00000-0  91203-4 0  9992
2 31451  99.0092 131.1476 0031498 323.9368 154.2952 14.10702523669900
FENGYUN 1C DEB
1 31451U 99025BUP 20098.58433389 +.00000106 +00000-0 +84587-4 0  9994
2 31451 099.0090 132.7901 0031450 319.2015 194.8198 14.10703244667319
FENGYUN 1C DEB
1 31451U 99025BUP 20098.87236481 +.00000107 +00000-0 +84941-4 0  9995
2 31451 099.0090 133.0789 0031443 318.3648 217.6209 14.10703327667354
FENGYUN 1C DEB
1 31451U 99025BUP 20099.34538403  .00000112  00000-0  87482-4 0  9996
2 31451  99.0090 133.5531 0031429 316.9970  99.9018 14.10703493670245
FENGYUN 1C DEB
1 31451U 99025BUP 20100.33821966 +.00000136 +00000-0 +10125-3 0  9992
2 31451 099.0089 134.5484 0031403 314.1095 102.1458 14.10703865667560
FENGYUN 1C DEB
1 31451U 99025BUP 20100.85822493 +.00000159 +00000-0 +11386-3 0  9990
2 31451 099.0087 135.0697 0031381 312.6195 223.0389 14.10704143667633
FENGYUN 1C DEB
1 31451U 99025BUP 20101.85116384 +.00000190 +00000-0 +13111-3 0  9999
2 31451 099.0085 136.0651 0031348 309.7363 225.8060 14.10704607667775
FENGYUN 1C DEB
1 31451U 99025BUP 20101.85116384  .00000190  00000-0  13111-3 0  9999
2 31451  99.0085 136.0651 0031348 309.7363 225.8060 14.10704607670599
FENGYUN 1C DEB
1 31451U 99025BUP 20102.32437678 +.00000201 +00000-0 +13746-3 0  9991
2 31451 099.0085 136.5395 0031333 308.3542 109.0872 14.10704847667841
FENGYUN 1C DEB
1 31451U 99025BUP 20103.03412101 +.00000211 +00000-0 +14282-3 0  9991
2 31451 099.0083 137.2509 0031313 306.2813 113.6280 14.10705195667942
FENGYUN 1C DEB
1 31451U 99025BUP 20104.31041825  .00000187  00000-0  12940-3 0  9995
2 31451  99.0081 138.5303 0031284 302.5462 115.5011 14.10705654670949
FENGYUN 1C DEB
1 31451U 99025BUP 20104.89110333 +.00000173 +00000-0 +12188-3 0  9998
2 31451 099.0080 139.1124 0031279 300.8334 184.6148 14.10705884668208
FENGYUN 1C DEB
1 31451U 99025BUP 20105.30361203 +.00000152 +00000-0 +10983-3 0  9997
2 31451 099.0079 139.5259 0031271 299.6266 119.6043 14.10705977668261
FENGYUN 1C DEB
1 31451U 99025BUP 20106.35841222  .00000114  00000-0  88766-4 0  9990
2 31451  99.0078 140.5833 0031263 296.5214  76.5922 14.10706316671236
FENGYUN 1C DEB
1 31451U 99025BUP 20106.88704942 +.00000100 +00000-0 +81205-4 0  9991
2 31451 099.0077 141.1132 0031265 294.9656 241.3690 14.10706492668480
FENGYUN 1C DEB
1 31451U 99025BUP 20108.34420464 +.00000085 +00000-0 +72401-4 0  9998
2 31451 099.0075 142.5738 0031252 290.7214 081.7436 14.10706959668690
FENGYUN 1C DEB
1 31451U 99025BUP 20109.33720885  .00000092  00000-0  76426-4 0  9997
2 31451  99.0073 143.5691 0031243 287.8054  84.8832 14.10707178671654
FENGYUN 1C DEB
1 31451U 99025BUP 20109.92590573 +.00000099 +00000-0 +80641-4 0  9992
2 31451 099.0073 144.1592 0031252 286.0544 194.7015 14.10707248668913
FENGYUN 1C DEB
1 31451U 99025BUP 20110.33864906 +.00000105 +00000-0 +83791-4 0  9990
2 31451 099.0072 144.5729 0031238 284.8706 130.8598 14.10707295668973
FENGYUN 1C DEB
1 31451U 99025BUP 20110.85876866 +.00000120 +00000-0 +92297-4 0  9993
2 31451 099.0071 145.0942 0031238 283.3454 252.3734 14.10707419669048
FENGYUN 1C DEB
1 31451U 99025BUP 20113.37992219  .00000168  00000-0  11908-3 0  9995
2 31451  99.0067 147.6211 0031236 275.9408  96.4879 14.10708234672221
FENGYUN 1C DEB
1 31451U 99025BUP 20113.96798678 +.00000164 +00000-0 +11669-3 0  9993
2 31451 099.0066 148.2105 0031244 274.2148 203.0766 14.10708462669489
FENGYUN 1C DEB
1 31451U 99025BUP 20114.37351406 +.00000181 +00000-0 +12588-3 0  9993
2 31451 099.0065 148.6170 0031251 273.0382 102.6066 14.10708879669545
FENGYUN 1C DEB
1 31451U 99025BUP 20114.83071547 +.00000166 +00000-0 +11786-3 0  9991
2 31451 099.0065 149.0753 0031256 271.7004 264.5809 14.10709049669608
FENGYUN 1C DEB
1 31451U 99025BUP 20115.36597053 +.00000146 +00000-0 +10670-3 0  9994
2 31451 099.0064 149.6118 0031266 270.1242 102.9743 14.10709259669689
FENGYUN 1C DEB
1 31451U 99025BUP 20115.89445694  .00000122  00000-0  93120-4 0  9991
2 31451  99.0063 150.1415 0031285 268.5706 266.9893 14.10709423672574
FENGYUN 1C DEB
1 31451U 99025BUP 20116.35836883 +.00000101 +00000-0 +81336-4 0  9990
2 31451 099.0063 150.6064 0031296 267.2096 103.0481 14.10709560669829
FENGYUN 1C DEB
1 31451U 99025BUP 20116.88760054 +.00000079 +00000-0 +69308-4 0  9993
2 31451 099.0063 151.1369 0031324 265.6529 270.8496 14.10709704669894
FENGYUN 1C DEB
1 31451U 99025BUP 20118.35331333 +.00000061 +00000-0 +59245-4 0  9991
2 31451 099.0061 152.6059 0031351 261.3767 154.7103 14.10710223672922
FENGYUN 1C DEB
1 31451U 99025BUP 20118.87343028 +.00000066 +00000-0 +62135-4 0  9999
2 31451 099.0061 153.1272 0031363 259.8684 276.1998 14.10710399670178
FENGYUN 1C DEB
1 31451U 99025BUP 20119.05750964 +.00000072 +00000-0 +65099-4 0  9990
2 31451 099.0061 153.3117 0031370 259.3361 131.0722 14.10710490670203
FENGYUN 1C DEB
1 31451U 99025BUP 20119.33779847 +.00000083 +00000-0 +71484-4 0  9999
2 31451 099.0060 153.5926 0031373 258.5176 114.5656 14.10710616670246
FENGYUN 1C DEB
1 31451U 99025BUP 20120.05009896 +.00000106 +00000-0 +84206-4 0  9992
2 31451 099.0059 154.3065 0031393 256.4354 132.1044 14.10710886670341
FENGYUN 1C DEB
1 31451U 99025BUP 20120.91978306  .00000150  00000-0  10877-3 0  9999
2 31451  99.0058 155.1781 0031411 253.8919 228.9451 14.10711289673283
FENGYUN 1C DEB
1 31451U 99025BUP 20121.56537206 +.00000225 +00000-0 +15057-3 0  9999
2 31451 099.0057 155.8251 0031420 252.0231 267.6676 14.10712187670553
FENGYUN 1C DEB
1 31451U 99025BUP 20122.03666345 +.00000240 +00000-0 +15867-3 0  9995
2 31451 099.0055 156.2975 0031429 250.6459 141.2032 14.10712438670624
FENGYUN 1C DEB
1 31451U 99025BUP 20122.32567288 +.00000290 +00000-0 +18697-3 0  9992
2 31451 099.0055 156.5870 0031496 249.7594 169.0356 14.10713127670661
FENGYUN 1C DEB
1 31451U 99025BUP 20123.31875324  .00000306  00000-0  19568-3 0  9991
2 31451  99.0053 157.5823 0031512 246.8655 172.5647 14.10713857673624
FENGYUN 1C DEB
1 31451U 99025BUP 20125.36642560  .00000225  00000-0  15044-3 0  9997
2 31451  99.0051 159.6345 0031603 240.9563 131.9683 14.10714855673918
FENGYUN 1C DEB
1 31451U 99025BUP 20125.89495284 +.00000204 +00000-0 +13887-3 0  9994
2 31451 099.0050 160.1642 0031638 239.4209 296.1831 14.10715119671160
FENGYUN 1C DEB
1 31451U 99025BUP 20125.95457502 +.00000203 +00000-0 +13851-3 0  9992
2 31451 099.0050 160.2239 0031640 239.2468 238.9853 14.10715163671179
FENGYUN 1C DEB
1 31451U 99025BUP 20126.35940457 +.00000160 +00000-0 +11423-3 0  9998
2 31451 099.0049 160.6296 0031642 238.0758 134.9743 14.10715123671231
FENGYUN 1C DEB
1 31451U 99025BUP 20127.07158198 +.00000156 +00000-0 +11206-3 0  9995
2 31451 099.0049 161.3432 0031683 236.0429 151.8520 14.10715556671331
FENGYUN 1C DEB
1 31451U 99025BUP 20127.35233593 +.00000144 +00000-0 +10548-3 0  9994
2 31451 099.0049 161.6246 0031683 235.2447 137.6907 14.10715614671378
FENGYUN 1C DEB
1 31451U 99025BUP 20127.88055287  .00000122  00000-0  93201-4 0  9998
2 31451  99.0049 162.1540 0031732 233.7225 300.3166 14.10715667674268
FENGYUN 1C DEB
1 31451U 99025BUP 20128.06489289 +.00000121 +00000-0 +92475-4 0  9993
2 31451 099.0048 162.3387 0031737 233.1857 156.5198 14.10715743671479
FENGYUN 1C DEB
1 31451U 99025BUP 20129.92710712 +.00000134 +00000-0 +99731-4 0  9993
2 31451 099.0046 164.2049 0031791 227.8061 254.0605 14.10716277671739
FENGYUN 1C DEB
1 31451U 99025BUP 20129.92710712  .00000134  00000-0  99731-4 0  9993
2 31451  99.0046 164.2049 0031791 227.8061 254.0605 14.10716277674552
FENGYUN 1C DEB
1 31451U 99025BUP 20130.34137826 +.00000154 +00000-0 +11107-3 0  9992
2 31451 099.0046 164.6200 0031811 226.6082 198.0023 14.10716505671796
FENGYUN 1C DEB
1 31451U 99025BUP 20130.92011869 +.00000158 +00000-0 +11313-3 0  9997
2 31451 099.0043 165.2000 0031831 224.9299 257.2321 14.10716641671870
FENGYUN 1C DEB
1 31451U 99025BUP 20131.33279028 +.00000171 +00000-0 +12033-3 0  9991
2 31451 099.0043 165.6135 0031869 223.7385 193.0488 14.10716824671938
FENGYUN 1C DEB
1 31451U 99025BUP 20131.91323125 +.00000182 +00000-0 +12664-3 0  9995
2 31451 099.0042 166.1952 0031902 222.0687 260.9026 14.10717031672018
FENGYUN 1C DEB
1 31451U 99025BUP 20132.32592656  .00000182  00000-0  12678-3 0  9993
2 31451  99.0042 166.6087 0031928 220.8794 196.8379 14.10717152674895
FENGYUN 1C DEB
1 31451U 99025BUP 20133.89960826 +.00000165 +00000-0 +11687-3 0  9994
2 31451 099.0039 168.1856 0032038 216.3663 268.9988 14.10717652672294
FENGYUN 1C DEB
1 31451U 99025BUP 20134.89230531 +.00000139 +00000-0 +10279-3 0  9995
2 31451 099.0038 169.1803 0032113 213.5340 270.5366 14.10718008672432
FENGYUN 1C DEB
1 31451U 99025BUP 20134.89230531  .00000139  00000-0  10279-3 0  9995
2 31451  99.0038 169.1803 0032113 213.5340 270.5366 14.10718008675255
FENGYUN 1C DEB
1 31451U 99025BUP 20136.29851943 +.00000097 +00000-0 +78915-4 0  9992
2 31451 099.0036 170.5894 0032223 209.5427 212.1550 14.10718527672634
FENGYUN 1C DEB
1 31451U 99025BUP 20137.07191559  .00000078  00000-0  68805-4 0  9995
2 31451  99.0035 171.3643 0032272 207.3549 179.9288 14.10718803675569
FENGYUN 1C DEB
1 31451U 99025BUP 20137.35291784 +.00000077 +00000-0 +68174-4 0  9995
2 31451 099.0035 171.6458 0032301 206.5522 167.0365 14.10718924672780
FENGYUN 1C DEB
1 31451U 99025BUP 20137.88140316 +.00000095 +00000-0 +77918-4 0  9993
2 31451 099.0035 172.1753 0032310 205.0526 331.0108 14.10719284672858
FENGYUN 1C DEB
1 31451U 99025BUP 20138.06548071 +.00000097 +00000-0 +79270-4 0  9999
2 31451 099.0034 172.3598 0032321 204.5325 185.8676 14.10719384672888
FENGYUN 1C DEB
1 31451U 99025BUP 20138.87432219 +.00000103 +00000-0 +82361-4 0  9997
2 31451 099.0034 173.1702 0032373 202.2354 333.6645 14.10719665672991
FENGYUN 1C DEB
1 31451U 99025BUP 20139.57931921 +.00000117 +00000-0 +90298-4 0  9992
2 31451 099.0033 173.8765 0032422 200.2220 314.0866 14.10719934673090
FENGYUN 1C DEB
1 31451U 99025BUP 20139.86713512  .00000122  00000-0  93247-4 0  9991
2 31451  99.0032 174.1648 0032441 199.4040 335.7944 14.10719999675958
FENGYUN 1C DEB
1 31451U 99025BUP 20140.33161477 +.00000136 +00000-0 +10103-3 0  9996
2 31451 099.0032 174.6302 0032471 198.0865 174.7080 14.10720167673200
FENGYUN 1C DEB
1 31451U 99025BUP 20140.85976500 +.00000147 +00000-0 +10672-3 0  9997
2 31451 099.0032 175.1595 0032483 196.5960 336.9723 14.10720288673279
FENGYUN 1C DEB
1 31451U 99025BUP 20141.33452844 +.00000154 +00000-0 +11070-3 0  9992
2 31451 099.0033 175.6352 0032511 195.2622 228.1005 14.10720388673343
FENGYUN 1C DEB
1 31451U 99025BUP 20141.85305914 +.00000166 +00000-0 +11727-3 0  9996
2 31451 099.0032 176.1548 0032546 193.7982 341.5127 14.10720546673414
FENGYUN 1C DEB
1 31451U 99025BUP 20141.98330045  .00000168  00000-0  11889-3 0  9994
2 31451  99.0030 176.2852 0032558 193.4262 282.9611 14.10720603676257
FENGYUN 1C DEB
1 31451U 99025BUP 20142.90664675 +.00000173 +00000-0 +12123-3 0  9994
2 31451 099.0029 177.2103 0032622 190.8344 292.2573 14.10720848673562
FENGYUN 1C DEB
1 31451U 99025BUP 20143.31973471 +.00000168 +00000-0 +11864-3 0  9992
2 31451 099.0029 177.6242 0032651 189.6686 230.1680 14.10720954673622
FENGYUN 1C DEB
1 31451U 99025BUP 20146.36901802  .00000069  00000-0  63287-4 0  9996
2 31451  99.0025 180.6793 0032875 181.1708 236.1753 14.10721786676874
FENGYUN 1C DEB
1 31451U 99025BUP 20147.36404031 +.00000030 +00000-0 +41615-4 0  9998
2 31451 099.0025 181.6762 0032965 178.4409 249.4267 14.10721962674194
FENGYUN 1C DEB
1 31451U 99025BUP 20148.35490024 +.00000022 +00000-0 +37352-4 0  9999
2 31451 099.0024 182.6689 0033028 175.6862 241.5764 14.10722211674334
FENGYUN 1C DEB
1 31451U 99025BUP 20149.92791875  .00000074  00000-0  66296-4 0  9997
2 31451  99.0023 184.2449 0033102 171.3043 310.2683 14.10722793677378
FENGYUN 1C DEB
1 31451U 99025BUP 20150.57310389 +.00000102 +00000-0 +81689-4 0  9992
2 31451 099.0022 184.8913 0033143 169.5081 346.8884 14.10723025674649
FENGYUN 1C DEB
1 31451U 99025BUP 20151.56605282 +.00000140 +00000-0 +10299-3 0  9991
2 31451 099.0021 185.8861 0033202 166.7474 349.6498 14.10723351674781
FENGYUN 1C DEB
1 31451U 99025BUP 20151.91411087 +.00000150 +00000-0 +10857-3 0  9999
2 31451 099.0021 186.2348 0033223 165.7859 317.2813 14.10723448674830
FENGYUN 1C DEB
1 31451U 99025BUP 20153.32009351 +.00000162 +00000-0 +11520-3 0  9994
2 31451 099.0019 187.6434 0033314 161.9078 257.6363 14.10723888675038
FENGYUN 1C DEB
1 31451U 99025BUP 20153.83941559  .00000158  00000-0  11289-3 0  9992
2 31451  99.0019 188.1637 0033337 160.4757  15.0407 14.10724058677927
FENGYUN 1C DEB
1 31451U 99025BUP 20154.37496664 +.00000150 +00000-0 +10868-3 0  9998
2 31451 099.0018 188.7002 0033376 159.0125 214.8519 14.10724264675182
FENGYUN 1C DEB
1 31451U 99025BUP 20155.36841388 +.00000122 +00000-0 +92719-4 0  9990
2 31451 099.0017 189.6955 0033435 156.3011 220.1003 14.10724618675325
FENGYUN 1C DEB
1 31451U 99025BUP 20155.89611358 +.00000105 +00000-0 +83534-4 0  9996
2 31451 099.0017 190.2242 0033461 154.8560 020.0429 14.10724808675390
FENGYUN 1C DEB
1 31451U 99025BUP 20155.89611358  .00000105  00000-0  83534-4 0  9996
2 31451  99.0017 190.2242 0033461 154.8560  20.0429 14.10724808678214
FENGYUN 1C DEB
1 31451U 99025BUP 20156.36080480 +.00000090 +00000-0 +74898-4 0  9991
2 31451 099.0017 190.6897 0033487 153.5913 219.9869 14.10724981675463
FENGYUN 1C DEB
1 31451U 99025BUP 20157.35316755 +.00000061 +00000-0 +58902-4 0  9994
2 31451 099.0016 191.6839 0033535 150.8841 219.7286 14.10725299675603
FENGYUN 1C DEB
1 31451U 99025BUP 20158.58711385 +.00000055 +00000-0 +55484-4 0  9993
2 31451 099.0015 192.9200 0033590 147.4930 006.3842 14.10725696675777
FENGYUN 1C DEB
1 31451U 99025BUP 20159.58012801 +.00000068 +00000-0 +63008-4 0  9996
2 31451 099.0015 193.9148 0033634 144.7663 009.4523 14.10725962675913
FENGYUN 1C DEB
1 31451U 99025BUP 20160.57298507 +.00000088 +00000-0 +73647-4 0  9998
2 31451 099.0014 194.9094 0033680 142.0348 011.7274 14.10726112676058
FENGYUN 1C DEB
1 31451U 99025BUP 20160.57298507  .00000088  00000-0  73647-4 0  9998
2 31451  99.0014 194.9094 0033680 142.0348  11.7274 14.10726112678870
FENGYUN 1C DEB
1 31451U 99025BUP 20160.86086208 +.00000094 +00000-0 +77388-4 0  9996
2 31451 099.0014 195.1978 0033691 141.2582 033.7100 14.10726135676096
FENGYUN 1C DEB
1 31451U 99025BUP 20161.32552490 +.00000104 +00000-0 +82991-4 0  9997
2 31451 099.0013 195.6632 0033713 139.9847 233.5195 14.10726222676169
FENGYUN 1C DEB
1 31451U 99025BUP 20161.85370624 +.00000120 +00000-0 +91597-4 0  9992
2 31451 099.0013 196.1924 0033737 138.5357 035.9121 14.10726347676235
FENGYUN 1C DEB
1 31451U 99025BUP 20162.32724774 +.00000131 +00000-0 +97993-4 0  9992
2 31451 099.0012 196.6667 0033755 137.2592 280.7917 14.10726489676308
FENGYUN 1C DEB
1 31451U 99025BUP 20163.32014184  .00000147  00000-0  10689-3 0  9993
2 31451  99.0011 197.6613 0033796 134.5695 283.2175 14.10726842679263
FENGYUN 1C DEB
1 31451U 99025BUP 20164.37536190 +.00000130 +00000-0 +97051-4 0  9996
2 31451 099.0010 198.7183 0033836 131.7204 242.1588 14.10727141676594
FENGYUN 1C DEB
1 31451U 99025BUP 20164.89353188 +.00000115 +00000-0 +88759-4 0  9995
2 31451 099.0009 199.2374 0033848 130.3204 353.6897 14.10727291676663
FENGYUN 1C DEB
1 31451U 99025BUP 20165.36826674  .00000091  00000-0  75589-4 0  9993
2 31451  99.0009 199.7129 0033864 129.0359 244.6368 14.10727377679558
FENGYUN 1C DEB
1 31451U 99025BUP 20166.36118238 +.00000052 +00000-0 +53612-4 0  9994
2 31451 099.0008 200.7075 0033890 126.3622 247.1601 14.10727621676874
FENGYUN 1C DEB
1 31451U 99025BUP 20167.36475993 +.00000029 +00000-0 +41017-4 0  9999
2 31451 099.0008 201.7128 0033912 123.6432 303.8470 14.10727914677014
FENGYUN 1C DEB
1 31451U 99025BUP 20167.94236321 +.00000023 +00000-0 +37608-4 0  9998
2 31451 099.0008 202.2914 0033924 122.0851 357.2091 14.10728055677091
FENGYUN 1C DEB
1 31451U 99025BUP 20167.94236321  .00000023  00000-0  37608-4 0  9998
2 31451  99.0008 202.2914 0033924 122.0851 357.2091 14.10728055679914
FENGYUN 1C DEB
1 31451U 99025BUP 20168.87543213 +.00000040 +00000-0 +47035-4 0  9996
2 31451 099.0008 203.2260 0033942 119.5585 055.8158 14.10728365677225
FENGYUN 1C DEB
1 31451U 99025BUP 20169.34872894 +.00000056 +00000-0 +55785-4 0  9997
2 31451 099.0008 203.7000 0033956 118.2736 299.4652 14.10728525677291
FENGYUN 1C DEB
1 31451U 99025BUP 20169.86829703 +.00000071 +00000-0 +64475-4 0  9998
2 31451 099.0007 204.2205 0033969 116.8690 058.0987 14.10728652677369
FENGYUN 1C DEB
1 31451U 99025BUP 20170.34163288  .00000083  00000-0  70801-4 0  9995
2 31451  99.0007 204.6946 0033983 115.5786 301.9515 14.10728727680255
FENGYUN 1C DEB
1 31451U 99025BUP 20171.56700288 +.00000113 +00000-0 +87676-4 0  9999
2 31451 099.0006 205.9220 0034008 112.2482 045.0269 14.10728939677601
FENGYUN 1C DEB
1 31451U 99025BUP 20171.91480531 +.00000116 +00000-0 +89549-4 0  9998
2 31451 099.0006 206.2704 0034010 111.3126 011.3419 14.10728963677655
FENGYUN 1C DEB
1 31451U 99025BUP 20172.32757238 +.00000115 +00000-0 +88622-4 0  9995
2 31451 099.0006 206.6839 0034018 110.1898 307.5921 14.10728988677711
FENGYUN 1C DEB
1 31451U 99025BUP 20172.90787331  .00000117  00000-0  89761-4 0  9993
2 31451  99.0005 207.2651 0034022 108.6271  14.6530 14.10729084680614
FENGYUN 1C DEB
1 31451U 99025BUP 20173.38272542 +.00000114 +00000-0 +88188-4 0  9998
2 31451 099.0005 207.7408 0034030 107.3444 266.1962 14.10729181677860
FENGYUN 1C DEB
1 31451U 99025BUP 20174.37572080 +.00000101 +00000-0 +80811-4 0  9999
2 31451 099.0004 208.7354 0034033 104.6841 269.1166 14.10729430678007
FENGYUN 1C DEB
1 31451U 99025BUP 20175.36857598  .00000066  00000-0  61798-4 0  9992
2 31451  99.0003 209.7299 0034030 102.0178 271.3326 14.10729637680967
FENGYUN 1C DEB
1 31451U 99025BUP 20176.36153082 +.00000021 +00000-0 +36781-4 0  9995
2 31451 099.0003 210.7245 0034018 099.3548 274.0515 14.10729775678280
FENGYUN 1C DEB
1 31451U 99025BUP 20177.35448539 -.00000010 +00000-0 +19336-4 0  9995
2 31451 099.0003 211.7191 0034008 096.6799 276.7816 14.10729938678428
FENGYUN 1C DEB
1 31451U 99025BUP 20177.88271762 -.00000019 +00000-0 +14556-4 0  9993
2 31451 099.0003 212.2482 0033998 095.2530 079.4181 14.10730014678499
FENGYUN 1C DEB
1 31451U 99025BUP 20178.06711913 -.00000019  00000-0  14056-4 0  9996
2 31451  99.0002 212.4329 0033997  94.7571 295.9022 14.10730058681343
FENGYUN 1C DEB
1 31451U 99025BUP 20178.35793153 -.00000021 +00000-0 +13126-4 0  9994
2 31451 099.0002 212.7242 0033995 093.9739 332.7957 14.10730096678564
FENGYUN 1C DEB
1 31451U 99025BUP 20179.05992911 -.00000014 +00000-0 +17183-4 0  9994
2 31451 099.0002 213.4273 0033989 092.0738 297.9063 14.10730209678665
FENGYUN 1C DEB
1 31451U 99025BUP 20179.92889184 +.00000008 +00000-0 +29618-4 0  9995
2 31451 099.0002 214.2977 0033978 089.7247 030.9501 14.10730310678789
FENGYUN 1C DEB
1 31451U 99025BUP 20180.34182375  .00000019  00000-0  35515-4 0  9996
2 31451  99.0002 214.7113 0033978  88.6061 328.0346 14.10730334681663
FENGYUN 1C DEB
1 31451U 99025BUP 20180.86161620 +.00000039 +00000-0 +46363-4 0  9998
2 31451 099.0001 215.2320 0033973 087.1991 087.8124 14.10730399678918
FENGYUN 1C DEB
1 31451U 99025BUP 20181.05232976 +.00000047 +00000-0 +51122-4 0  9991
2 31451 099.0001 215.4230 0033970 086.6855 336.3530 14.10730449678942
FENGYUN 1C DEB
1 31451U 99025BUP 20182.39014774  .00000069  00000-0  63474-4 0  9990
2 31451  99.0001 216.7630 0033954  83.0654 290.4903 14.10730463681955
FENGYUN 1C DEB
1 31451U 99025BUP 20182.90826567 +.00000076 +00000-0 +67452-4 0  9996
2 31451 099.0001 217.2820 0033941 081.6650 041.7625 14.10730526679201
FENGYUN 1C DEB
1 31451U 99025BUP 20183.32095087 +.00000077 +00000-0 +67918-4 0  9996
2 31451 099.0001 217.6954 0033930 080.5540 337.5884 14.10730591679268
FENGYUN 1C DEB
1 31451U 99025BUP 20184.89428331 +.00000070 +00000-0 +63906-4 0  9997
2 31451 099.0000 219.2712 0033890 076.2990 047.7954 14.10730989679486
FENGYUN 1C DEB
1 31451U 99025BUP 20184.89428331  .00000070  00000-0  63906-4 0  9997
2 31451  99.0000 219.2712 0033890  76.2990  47.7954 14.10730989682301
FENGYUN 1C DEB
1 31451U 99025BUP 20186.37290838 +.00000031 +00000-0 +42213-4 0  9996
2 31451 099.0000 220.7522 0033830 072.2828 357.0492 14.10731386679691
FENGYUN 1C DEB
1 31451U 99025BUP 20186.60187255 +.00000024 +00000-0 +38135-4 0  9990
2 31451 099.0000 220.9816 0033822 071.6593 079.8541 14.10731446679727
FENGYUN 1C DEB
1 31451U 99025BUP 20187.35491833  .00000002  00000-0  25764-4 0  9993
2 31451  98.9999 221.7358 0033799  69.5982 304.2415 14.10731560682651
FENGYUN 1C DEB
1 31451U 99025BUP 20187.88312713 -.00000011 +00000-0 +18939-4 0  9997
2 31451 098.9999 222.2649 0033776 068.1593 106.7742 14.10731621679908
FENGYUN 1C DEB
1 31451U 99025BUP 20187.94316066 -.00000013 +00000-0 +17614-4 0  9990
2 31451 098.9999 222.3250 0033772 068.0032 051.6497 14.10731617679911
FENGYUN 1C DEB
1 31451U 99025BUP 20188.87561299 -.00000002 +00000-0 +23798-4 0  9991
2 31451 098.9999 223.2589 0033739 065.4593 107.1561 14.10731858680044
FENGYUN 1C DEB
1 31451U 99025BUP 20189.34069068 +.00000007 +00000-0 +29094-4 0  9990
2 31451 098.9999 223.7247 0033723 064.1970 309.0702 14.10731960680110
FENGYUN 1C DEB
1 31451U 99025BUP 20189.58071734  .00000015  00000-0  33414-4 0  9999
2 31451  98.9998 223.9651 0033719  63.5418  88.0581 14.10732032682960
FENGYUN 1C DEB
1 31451U 99025BUP 20189.92915689 +.00000024 +00000-0 +38192-4 0  9991
2 31451 098.9998 224.3141 0033706 062.5933 057.6238 14.10732073680195
FENGYUN 1C DEB
1 31451U 99025BUP 20190.34370435 +.00000047 +00000-0 +50817-4 0  9996
2 31451 098.9998 224.7293 0033686 061.4697 002.9175 14.10732248680253
FENGYUN 1C DEB
1 31451U 99025BUP 20190.86206669 +.00000071 +00000-0 +64316-4 0  9996
2 31451 098.9997 225.2484 0033668 060.0581 115.4448 14.10732397680323
FENGYUN 1C DEB
1 31451U 99025BUP 20191.33520925 +.00000088 +00000-0 +73828-4 0  9999
2 31451 098.9998 225.7223 0033640 058.7725 358.3187 14.10732528680395
FENGYUN 1C DEB
1 31451U 99025BUP 20191.91541961 +.00000112 +00000-0 +87233-4 0  9999
2 31451 098.9997 226.3034 0033621 057.1883 064.9491 14.10732725680474
FENGYUN 1C DEB
1 31451U 99025BUP 20192.03920748  .00000114  00000-0  88530-4 0  9990
2 31451  98.9997 226.4274 0033615  56.8501 333.6129 14.10732764683310
FENGYUN 1C DEB
1 31451U 99025BUP 20192.39056372 +.00000120 +00000-0 +91834-4 0  9990
2 31451 098.9997 226.7793 0033597 055.9004 317.9857 14.10732854680541
FENGYUN 1C DEB
1 31451U 99025BUP 20192.90854345 +.00000124 +00000-0 +94073-4 0  9995
2 31451 098.9996 227.2981 0033572 054.4844 068.5768 14.10732986680618
FENGYUN 1C DEB
1 31451U 99025BUP 20193.38338250 +.00000125 +00000-0 +94361-4 0  9991
2 31451 098.9996 227.7737 0033546 053.1913 320.0709 14.10733129680684
FENGYUN 1C DEB
1 31451U 99025BUP 20193.90155473 +.00000115 +00000-0 +89135-4 0  9995
2 31451 098.9996 228.2926 0033519 051.7749 071.6403 14.10733238680750
FENGYUN 1C DEB
1 31451U 99025BUP 20194.31425149  .00000100  00000-0  80745-4 0  9993
2 31451  98.9996 228.7059 0033498  50.6510   7.5417 14.10733291683634
FENGYUN 1C DEB
1 31451U 99025BUP 20194.89484089 +.00000082 +00000-0 +70511-4 0  9993
2 31451 098.9995 229.2874 0033459 049.0547 076.1104 14.10733403680898
FENGYUN 1C DEB
1 31451U 99025BUP 20195.30752473 +.00000052 +00000-0 +54046-4 0  9997
2 31451 098.9995 229.7007 0033434 047.9247 011.9525 14.10733367680958
FENGYUN 1C DEB
1 31451U 99025BUP 20196.36209177  .00000026  00000-0  39522-4 0  9995
2 31451  98.9995 230.7569 0033374  45.0238 327.6561 14.10733618683921
FENGYUN 1C DEB
1 31451U 99025BUP 20196.89050583 +.00000017 +00000-0 +34467-4 0  9991
2 31451 098.9995 231.2861 0033342 043.5639 131.2559 14.10733740681172
FENGYUN 1C DEB
1 31451U 99025BUP 20197.35512262 +.00000009 +00000-0 +30100-4 0  9991
2 31451 098.9995 231.7514 0033316 042.2866 330.8490 14.10733830681240
FENGYUN 1C DEB
1 31451U 99025BUP 20198.34809122 +.00000007 +00000-0 +28725-4 0  9993
2 31451 098.9995 232.7459 0033259 039.5501 333.7251 14.10734012681385
FENGYUN 1C DEB
1 31451U 99025BUP 20199.06058375  .00000020  00000-0  36383-4 0  9993
2 31451  98.9994 233.4595 0033224  37.5826 352.1834 14.10734163684307
FENGYUN 1C DEB
1 31451U 99025BUP 20199.34964330 +.00000034 +00000-0 +44091-4 0  9991
2 31451 098.9995 233.7490 0033204 036.7876 020.1960 14.10734272681523
FENGYUN 1C DEB
1 31451U 99025BUP 20200.92277841 +.00000081 +00000-0 +70018-4 0  9992
2 31451 098.9994 235.3246 0033122 032.4441 089.5065 14.10734570681749
FENGYUN 1C DEB
1 31451U 99025BUP 20201.33557962  .00000102  00000-0  81674-4 0  9997
2 31451  98.9994 235.7380 0033090  31.3025  25.9581 14.10734748684626
FENGYUN 1C DEB
1 31451U 99025BUP 20201.56723657 +.00000109 +00000-0 +85598-4 0  9994
2 31451 098.9994 235.9700 0033078 030.6647 122.4477 14.10734823681833
FENGYUN 1C DEB
1 31451U 99025BUP 20203.84124672 +.00000127 +00000-0 +95900-4 0  9997
2 31451 098.9992 238.2475 0032937 024.3520 151.2596 14.10735485682152
FENGYUN 1C DEB
1 31451U 99025BUP 20203.84124672  .00000127  00000-0  95900-4 0  9997
2 31451  98.9992 238.2475 0032937  24.3520 151.2596 14.10735485684974
FENGYUN 1C DEB
1 31451U 99025BUP 20204.83392272 +.00000104 +00000-0 +82894-4 0  9993
2 31451 098.9992 239.2417 0032869 021.5751 152.6983 14.10735781682297
FENGYUN 1C DEB
1 31451U 99025BUP 20205.36958109 +.00000098 +00000-0 +79712-4 0  9996
2 31451 098.9992 239.7781 0032805 020.0676 353.1229 14.10736097682377
FENGYUN 1C DEB
1 31451U 99025BUP 20206.36254605  .00000055  00000-0  55698-4 0  9997
2 31451  98.9991 240.7726 0032731  17.2765 356.0444 14.10736307685336
FENGYUN 1C DEB
1 31451U 99025BUP 20207.35535029 +.00000028 +00000-0 +40915-4 0  9995
2 31451 098.9991 241.7669 0032663 014.4847 358.1513 14.10736546682654
FENGYUN 1C DEB
1 31451U 99025BUP 20208.58873997 +.00000016 +00000-0 +33800-4 0  9992
2 31451 098.9991 243.0021 0032580 011.0074 142.1167 14.10736773682821
FENGYUN 1C DEB
1 31451U 99025BUP 20208.58873997  .00000016  00000-0  33800-4 0  9992
2 31451  98.9991 243.0021 0032580  11.0074 142.1167 14.10736773685644
FENGYUN 1C DEB
1 31451U 99025BUP 20209.58189924 +.00000022 +00000-0 +37409-4 0  9999
2 31451 098.9991 243.9968 0032516 008.2126 146.0275 14.10736842682960
FENGYUN 1C DEB
1 31451U 99025BUP 20209.92989676 +.00000034 +00000-0 +44223-4 0  9994
2 31451 098.9990 244.3453 0032494 007.2188 113.4007 14.10736899683015
FENGYUN 1C DEB
1 31451U 99025BUP 20210.34273240 +.00000038 +00000-0 +46523-4 0  9994
2 31451 098.9990 244.7587 0032480 006.0847 050.0217 14.10736886683072
FENGYUN 1C DEB
1 31451U 99025BUP 20211.32716524  .00000074  00000-0  66234-4 0  9991
2 31451  98.9990 245.7447 0032424   3.3180   9.6115 14.10737060686037
FENGYUN 1C DEB
1 31451U 99025BUP 20211.85567478 +.00000083 +00000-0 +71260-4 0  9996
2 31451 098.9990 246.2740 0032386 001.8184 173.7403 14.10737078683289
FENGYUN 1C DEB
1 31451U 99025BUP 20212.32882326 +.00000089 +00000-0 +74569-4 0  9992
2 31451 098.9990 246.7479 0032355 000.4794 056.7050 14.10737106683359
FENGYUN 1C DEB
1 31451U 99025BUP 20212.84859471 +.00000099 +00000-0 +80367-4 0  9998
2 31451 098.9990 247.2684 0032322 359.0100 176.4516 14.10737207683428
FENGYUN 1C DEB
1 31451U 99025BUP 20213.32153160 +.00000105 +00000-0 +83811-4 0  9999
2 31451 098.9990 247.7421 0032293 357.6562 058.3582 14.10737327683496
FENGYUN 1C DEB
1 31451U 99025BUP 20216.88117192 +.00000053 +00000-0 +54545-4 0  9992
2 31451 098.9988 251.3069 0032059 347.4723 136.7257 14.10738407683993
FENGYUN 1C DEB
1 31451U 99025BUP 20216.88117192  .00000053  00000-0  54545-4 0  9992
2 31451  98.9988 251.3069 0032059 347.4723 136.7257 14.10738407686817
FENGYUN 1C DEB
1 31451U 99025BUP 20217.36450325 +.00000047 +00000-0 +51241-4 0  9997
2 31451 098.9989 251.7910 0032026 346.0663 071.4481 14.10738595684066
FENGYUN 1C DEB
1 31451U 99025BUP 20218.58917808 +.00000053 +00000-0 +54737-4 0  9996
2 31451 098.9988 253.0174 0031965 342.5552 171.2230 14.10739090684232
FENGYUN 1C DEB
1 31451U 99025BUP 20219.35038490  .00000068  00000-0  63028-4 0  9992
2 31451  98.9987 253.7797 0031926 340.3800  77.1692 14.10739368687167
FENGYUN 1C DEB
1 31451U 99025BUP 20219.58220056 +.00000072 +00000-0 +65369-4 0  9993
2 31451 098.9987 254.0119 0031915 339.7168 174.4937 14.10739451684372
FENGYUN 1C DEB
1 31451U 99025BUP 20220.34299860 +.00000088 +00000-0 +74103-4 0  9991
2 31451 098.9987 254.7738 0031879 337.5419 078.3645 14.10739632684481
FENGYUN 1C DEB
1 31451U 99025BUP 20220.92328883 +.00000105 +00000-0 +83624-4 0  9991
2 31451 098.9986 255.3549 0031849 335.8635 145.5089 14.10739800684560
FENGYUN 1C DEB
1 31451U 99025BUP 20221.33611319 +.00000122 +00000-0 +92868-4 0  9995
2 31451 098.9986 255.7683 0031819 334.6802 082.1273 14.10739979684628
FENGYUN 1C DEB
1 31451U 99025BUP 20221.85561863 +.00000137 +00000-0 +10123-3 0  9999
2 31451 098.9985 256.2886 0031797 333.1969 200.5430 14.10740154684696
FENGYUN 1C DEB
1 31451U 99025BUP 20221.85561863  .00000137  00000-0  10123-3 0  9999
2 31451  98.9985 256.2886 0031797 333.1969 200.5430 14.10740154687510
FENGYUN 1C DEB
1 31451U 99025BUP 20222.39153641 +.00000163 +00000-0 +11566-3 0  9991
2 31451 098.9985 256.8251 0031760 331.6460 042.3345 14.10740496684772
FENGYUN 1C DEB
1 31451U 99025BUP 20222.90971243 +.00000174 +00000-0 +12222-3 0  9996
2 31451 098.9985 257.3441 0031736 330.1583 154.0082 14.10740735684845
FENGYUN 1C DEB
1 31451U 99025BUP 20223.90237581 +.00000187 +00000-0 +12901-3 0  9995
2 31451 098.9984 258.3381 0031686 327.2851 155.4983 14.10741265684986
FENGYUN 1C DEB
1 31451U 99025BUP 20223.90237581  .00000187  00000-0  12901-3 0  9995
2 31451  98.9984 258.3381 0031686 327.2851 155.4983 14.10741265687800
FENGYUN 1C DEB
1 31451U 99025BUP 20224.89588053 +.00000177 +00000-0 +12371-3 0  9997
2 31451 098.9984 259.3330 0031639 324.3721 161.3010 14.10741777685125
FENGYUN 1C DEB
1 31451U 99025BUP 20225.37000417 +.00000162 +00000-0 +11519-3 0  9991
2 31451 098.9984 259.8078 0031617 322.9862 049.2719 14.10741975685192
FENGYUN 1C DEB
1 31451U 99025BUP 20226.36297699  .00000125  00000-0  94931-4 0  9990
2 31451  98.9984 260.8021 0031579 320.0918  52.3576 14.10742332688153
FENGYUN 1C DEB
1 31451U 99025BUP 20226.89171791 +.00000107 +00000-0 +84986-4 0  9991
2 31451 098.9984 261.3316 0031562 318.5350 217.7297 14.10742493685400
FENGYUN 1C DEB
1 31451U 99025BUP 20227.35602994 +.00000094 +00000-0 +77325-4 0  9991
2 31451 098.9984 261.7966 0031543 317.1952 055.8527 14.10742624685477
FENGYUN 1C DEB
1 31451U 99025BUP 20227.88468211 +.00000084 +00000-0 +71903-4 0  9996
2 31451 098.9984 262.3260 0031529 315.6415 220.7712 14.10742758685547
FENGYUN 1C DEB
1 31451U 99025BUP 20228.87756943 +.00000081 +00000-0 +70497-4 0  9992
2 31451 098.9983 263.3202 0031498 312.7522 223.4182 14.10742982685680
FENGYUN 1C DEB
1 31451U 99025BUP 20229.06147074  .00000083  00000-0  71397-4 0  9995
2 31451  98.9983 263.5044 0031491 312.2196  77.4083 14.10743028688537
FENGYUN 1C DEB
1 31451U 99025BUP 20229.35055880 +.00000086 +00000-0 +73307-4 0  9996
2 31451 098.9983 263.7938 0031478 311.3914 105.6071 14.10743070685753
FENGYUN 1C DEB
1 31451U 99025BUP 20230.33476959 +.00000126 +00000-0 +95096-4 0  9994
2 31451 098.9982 264.7794 0031444 308.5262 064.1904 14.10743417685894
FENGYUN 1C DEB
1 31451U 99025BUP 20230.86292948 +.00000141 +00000-0 +10381-3 0  9996
2 31451 098.9982 265.3083 0031432 306.9798 226.6034 14.10743530685968
FENGYUN 1C DEB
1 31451U 99025BUP 20231.85635888  .00000157  00000-0  11257-3 0  9990
2 31451  98.9982 266.3031 0031407 304.0811 232.0125 14.10743667688921
FENGYUN 1C DEB
1 31451U 99025BUP 20232.32946937 +.00000156 +00000-0 +11223-3 0  9995
2 31451 098.9981 266.7769 0031391 302.7247 114.8122 14.10743689686175
FENGYUN 1C DEB
1 31451U 99025BUP 20233.38513272 +.00000144 +00000-0 +10559-3 0  9992
2 31451 098.9981 267.8340 0031370 299.6288 076.3120 14.10743855686320
FENGYUN 1C DEB
1 31451U 99025BUP 20234.37754119  .00000119  00000-0  91313-4 0  9999
2 31451  98.9980 268.8278 0031357 296.7123  76.5612 14.10744058689283
FENGYUN 1C DEB
1 31451U 99025BUP 20234.83491317 +.00000097 +00000-0 +79008-4 0  9990
2 31451 098.9979 269.2857 0031357 295.3641 239.4687 14.10744106686529
FENGYUN 1C DEB
1 31451U 99025BUP 20235.37033792 +.00000064 +00000-0 +61089-4 0  9993
2 31451 098.9978 269.8219 0031346 293.7852 078.7920 14.10744108686605
FENGYUN 1C DEB
1 31451U 99025BUP 20236.36326731 +.00000022 +00000-0 +37303-4 0  9997
2 31451 098.9978 270.8161 0031345 290.8576 081.6976 14.10744239686747
FENGYUN 1C DEB
1 31451U 99025BUP 20236.95158948  .00000005  00000-0  27806-4 0  9993
2 31451  98.9977 271.4053 0031350 289.1241 189.6767 14.10744334689644
FENGYUN 1C DEB
1 31451U 99025BUP 20237.29496620 -.00000005 +00000-0 +22430-4 0  9992
2 31451 098.9977 271.7491 0031345 288.1233 133.6123 14.10744374686878
FENGYUN 1C DEB
1 31451U 99025BUP 20237.94465574 -.00000011 +00000-0 +18860-4 0  9997
2 31451 098.9977 272.3997 0031352 286.2101 193.2635 14.10744473686967
FENGYUN 1C DEB
1 31451U 99025BUP 20238.93771014 +.00000002 +00000-0 +26280-4 0  9990
2 31451 098.9976 273.3940 0031336 283.3327 196.7540 14.10744680687105
FENGYUN 1C DEB
1 31451U 99025BUP 20239.34180502  .00000015  00000-0  33750-4 0  9996
2 31451  98.9976 273.7986 0031339 282.1418  89.0773 14.10744789689980
FENGYUN 1C DEB
1 31451U 99025BUP 20240.57566067 +.00000064 +00000-0 +60734-4 0  9993
2 31451 098.9976 275.0341 0031343 278.5284 235.5796 14.10745100687333
FENGYUN 1C DEB
1 31451U 99025BUP 20241.33663403 +.00000090 +00000-0 +75505-4 0  9991
2 31451 098.9976 275.7960 0031343 276.3062 140.4028 14.10745249687445
FENGYUN 1C DEB
1 31451U 99025BUP 20242.33039444  .00000121  00000-0  92822-4 0  9990
2 31451  98.9975 276.7911 0031350 273.3885 147.5193 14.10745513690404
FENGYUN 1C DEB
1 31451U 99025BUP 20242.84885495 +.00000126 +00000-0 +95540-4 0  9996
2 31451 098.9975 277.3102 0031356 271.8681 260.6784 14.10745623687654
FENGYUN 1C DEB
1 31451U 99025BUP 20243.32271012 +.00000128 +00000-0 +96533-4 0  9999
2 31451 098.9974 277.7846 0031366 270.4757 147.2990 14.10745753687723
FENGYUN 1C DEB
1 31451U 99025BUP 20243.90340456 +.00000123 +00000-0 +93963-4 0  9991
2 31451 098.9974 278.3661 0031377 268.7715 216.5343 14.10745897687801
FENGYUN 1C DEB
1 31451U 99025BUP 20244.31571966 +.00000133 +00000-0 +99380-4 0  9999
2 31451 098.9974 278.7789 0031394 267.5775 150.5886 14.10746156687862
FENGYUN 1C DEB
1 31451U 99025BUP 20244.83528852  .00000121  00000-0  92375-4 0  9996
2 31451  98.9973 279.2992 0031408 266.0574 269.3752 14.10746300690754
FENGYUN 1C DEB
1 31451U 99025BUP 20245.38158663 +.00000120 +00000-0 +92264-4 0  9992
2 31451 098.9973 279.8461 0031424 264.4656 163.9092 14.10746612688010
FENGYUN 1C DEB
1 31451U 99025BUP 20245.89909455 +.00000104 +00000-0 +83056-4 0  9992
2 31451 098.9972 280.3643 0031440 262.9560 272.2253 14.10746775688083
FENGYUN 1C DEB
1 31451U 99025BUP 20245.95885598 +.00000101 +00000-0 +81617-4 0  9998
2 31451 098.9972 280.4241 0031444 262.7781 215.7450 14.10746792688096
FENGYUN 1C DEB
1 31451U 99025BUP 20247.35621784  .00000061  00000-0  59223-4 0  9992
2 31451  98.9971 281.8232 0031482 258.7236 112.6373 14.10747222691117
FENGYUN 1C DEB
1 31451U 99025BUP 20247.59708053 +.00000053 +00000-0 +54796-4 0  9994
2 31451 098.9971 282.0643 0031492 258.0170 255.9332 14.10747268688322
FENGYUN 1C DEB
1 31451U 99025BUP 20248.34908685 +.00000044 +00000-0 +49691-4 0  9999
2 31451 098.9970 282.8172 0031518 255.8263 115.2160 14.10747430688433
FENGYUN 1C DEB
1 31451U 99025BUP 20249.35106806 +.00000057 +00000-0 +56864-4 0  9990
2 31451 098.9969 283.8204 0031538 252.9159 164.0612 14.10747716688578
FENGYUN 1C DEB
1 31451U 99025BUP 20249.87081287  .00000072  00000-0  65119-4 0  9992
2 31451  98.9968 284.3408 0031548 251.4121 283.7268 14.10747870691462
FENGYUN 1C DEB
1 31451U 99025BUP 20250.33500850 +.00000087 +00000-0 +73833-4 0  9995
2 31451 098.9968 284.8055 0031560 250.0633 121.2765 14.10748013688714
FENGYUN 1C DEB
1 31451U 99025BUP 20251.39899315 +.00000121 +00000-0 +92774-4 0  9993
2 31451 098.9967 285.8707 0031594 246.9693 125.0288 14.10748321688865
FENGYUN 1C DEB
1 31451U 99025BUP 20252.33001250  .00000135  00000-0  10055-3 0  9997
2 31451  98.9967 286.8028 0031633 244.2742 173.4670 14.10748534691819
FENGYUN 1C DEB
1 31451U 99025BUP 20252.84928391 +.00000140 +00000-0 +10306-3 0  9992
2 31451 098.9966 287.3227 0031653 242.7733 290.7283 14.10748672689060
FENGYUN 1C DEB
1 31451U 99025BUP 20253.32316066 +.00000130 +00000-0 +97748-4 0  9991
2 31451 098.9966 287.7971 0031680 241.4004 177.4436 14.10748731689132
FENGYUN 1C DEB
1 31451U 99025BUP 20254.89674859  .00000102  00000-0  81668-4 0  9994
2 31451  98.9965 289.3725 0031765 236.8542 249.3401 14.10749141692170
FENGYUN 1C DEB
1 31451U 99025BUP 20255.37056610 +.00000085 +00000-0 +72718-4 0  9993
2 31451 098.9964 289.8469 0031789 235.4855 135.7522 14.10749248689421
FENGYUN 1C DEB
1 31451U 99025BUP 20256.36361168 +.00000050 +00000-0 +53173-4 0  9996
2 31451 098.9963 290.8410 0031840 232.6226 139.2013 14.10749452689563
FENGYUN 1C DEB
1 31451U 99025BUP 20256.89185870 +.00000041 +00000-0 +47743-4 0  9994
2 31451 098.9963 291.3698 0031871 231.1125 302.0332 14.10749586689633
FENGYUN 1C DEB
1 31451U 99025BUP 20257.35648219  .00000036  00000-0  44963-4 0  9992
2 31451  98.9963 291.8349 0031896 229.7744 141.7474 14.10749709692522
FENGYUN 1C DEB
1 31451U 99025BUP 20257.88483630 +.00000037 +00000-0 +45622-4 0  9998
2 31451 098.9962 292.3638 0031921 228.2642 305.1232 14.10749859689775
FENGYUN 1C DEB
1 31451U 99025BUP 20258.34936506 +.00000042 +00000-0 +48499-4 0  9996
2 31451 098.9962 292.8289 0031943 226.9294 144.3535 14.10749994689841
FENGYUN 1C DEB
1 31451U 99025BUP 20259.87067097 +.00000095 +00000-0 +78054-4 0  9993
2 31451 098.9960 294.3518 0032002 222.5723 310.6889 14.10750544690055
FENGYUN 1C DEB
1 31451U 99025BUP 20259.87067097  .00000095  00000-0  78054-4 0  9993
2 31451  98.9960 294.3518 0032002 222.5723 310.6889 14.10750544692877
FENGYUN 1C DEB
1 31451U 99025BUP 20260.34563867 +.00000125 +00000-0 +94426-4 0  9998
2 31451 098.9960 294.8273 0032033 221.2121 202.9335 14.10750835690120
FENGYUN 1C DEB
1 31451U 99025BUP 20261.33720201 +.00000162 +00000-0 +11520-3 0  9999
2 31451 098.9959 295.8198 0032088 218.3777 198.8345 14.10751217690263
FENGYUN 1C DEB
1 31451U 99025BUP 20262.04749028  .00000177  00000-0  12339-3 0  9991
2 31451  98.9957 296.5309 0032128 216.3564 206.2020 14.10751474693183
FENGYUN 1C DEB
1 31451U 99025BUP 20262.33089184 +.00000187 +00000-0 +12932-3 0  9993
2 31451 098.9957 296.8145 0032146 215.5484 205.5263 14.10751642690406
FENGYUN 1C DEB
1 31451U 99025BUP 20262.84957791 +.00000189 +00000-0 +13016-3 0  9993
2 31451 098.9956 297.3337 0032167 214.0650 319.8051 14.10751839690475
FENGYUN 1C DEB
1 31451U 99025BUP 20263.84252656 +.00000184 +00000-0 +12746-3 0  9996
2 31451 098.9955 298.3278 0032233 211.2524 322.7217 14.10752294690611
FENGYUN 1C DEB
1 31451U 99025BUP 20264.37812819  .00000173  00000-0  12158-3 0  9993
2 31451  98.9954 298.8639 0032274 209.7354 162.8978 14.10752556693514
FENGYUN 1C DEB
1 31451U 99025BUP 20265.37088206 +.00000140 +00000-0 +10300-3 0  9990
2 31451 098.9953 299.8577 0032349 206.9599 164.7915 14.10752971690833
FENGYUN 1C DEB
1 31451U 99025BUP 20266.36376911 +.00000102 +00000-0 +81815-4 0  9991
2 31451 098.9952 300.8515 0032415 204.1702 167.3766 14.10753339690974
FENGYUN 1C DEB
1 31451U 99025BUP 20266.89242874 +.00000088 +00000-0 +74025-4 0  9997
2 31451 098.9951 301.3807 0032444 202.6801 332.2907 14.10753545691046
FENGYUN 1C DEB
1 31451U 99025BUP 20267.36774403 +.00000076 +00000-0 +67091-4 0  9990
2 31451 098.9950 301.8564 0032468 201.3256 226.2979 14.10753664691117
FENGYUN 1C DEB
1 31451U 99025BUP 20269.35180764  .00000102  00000-0  81919-4 0  9997
2 31451  98.9949 303.8423 0032572 195.7428 222.7910 14.10754330694215
FENGYUN 1C DEB
1 31451U 99025BUP 20271.33847402 +.00000184 +00000-0 +12717-3 0  9996
2 31451 098.9947 305.8307 0032673 190.1496 232.5084 14.10755000691675
FENGYUN 1C DEB
1 31451U 99025BUP 20271.85683429 +.00000202 +00000-0 +13739-3 0  9996
2 31451 098.9947 306.3495 0032700 188.7014 345.1038 14.10755196694566
FENGYUN 1C DEB
1 31451U 99025BUP 20272.91070983 +.00000221 +00000-0 +14822-3 0  9994
2 31451 098.9945 307.4043 0032762 185.7715 297.4064 14.10755606691895
FENGYUN 1C DEB
1 31451U 99025BUP 20273.32362581 +.00000218 +00000-0 +14616-3 0  9995
2 31451 098.9945 307.8176 0032785 184.6052 234.4958 14.10755741691953
FENGYUN 1C DEB
1 31451U 99025BUP 20274.31656428 +.00000188 +00000-0 +12951-3 0  9997
2 31451 098.9943 308.8114 0032848 181.8546 237.3114 14.10756046692092
FENGYUN 1C DEB
1 31451U 99025BUP 20275.30973558 +.00000141 +00000-0 +10362-3 0  9996
2 31451 098.9941 309.8054 0032909 179.1121 241.3023 14.10756328692234
FENGYUN 1C DEB
1 31451U 99025BUP 20277.35708543  .00000072  00000-0  64757-4 0  9994
2 31451  98.9937 311.8543 0033021 173.4662 199.1165 14.10757019695348
FENGYUN 1C DEB
1 31451U 99025BUP 20277.94558167 +.00000066 +00000-0 +61504-4 0  9994
2 31451 098.9936 312.4433 0033049 171.8491 307.8894 14.10757214692604
FENGYUN 1C DEB
1 31451U 99025BUP 20278.34990237 +.00000060 +00000-0 +58080-4 0  9996
2 31451 098.9936 312.8479 0033067 170.7128 201.3222 14.10757294692660
FENGYUN 1C DEB
1 31451U 99025BUP 20279.35184294 +.00000082 +00000-0 +70535-4 0  9999
2 31451 098.9935 313.8505 0033108 167.9460 249.8527 14.10757656692806
FENGYUN 1C DEB
1 31451U 99025BUP 20280.06254684 +.00000098 +00000-0 +79353-4 0  9994
2 31451 098.9934 314.5618 0033137 165.9882 259.2820 14.10757831695726
FENGYUN 1C DEB
1 31451U 99025BUP 20280.92480503 +.00000142 +00000-0 +10419-3 0  9997
2 31451 098.9932 315.4246 0033175 163.5360 318.4846 14.10758239693028
FENGYUN 1C DEB
1 31451U 99025BUP 20281.85697463 +.00000180 +00000-0 +12512-3 0  9993
2 31451 098.9932 316.3575 0033210 161.0102 012.6264 14.10758690693152
FENGYUN 1C DEB
1 31451U 99025BUP 20282.33137941  .00000186  00000-0  12825-3 0  9990
2 31451  98.9931 316.8322 0033233 159.7034 261.9733 14.10758878696048
FENGYUN 1C DEB
1 31451U 99025BUP 20282.91105483 +.00000187 +00000-0 +12904-3 0  9999
2 31451 098.9930 317.4123 0033258 158.1127 325.9497 14.10759083693309
FENGYUN 1C DEB
1 31451U 99025BUP 20283.32333626 +.00000179 +00000-0 +12428-3 0  9999
2 31451 098.9930 317.8248 0033277 156.9734 259.7965 14.10759199693360
FENGYUN 1C DEB
1 31451U 99025BUP 20284.37839933  .00000144  00000-0  10526-3 0  9996
2 31451  98.9928 318.8806 0033325 154.0958 218.0908 14.10759461696336
FENGYUN 1C DEB
1 31451U 99025BUP 20285.37101980 +.00000113 +00000-0 +87971-4 0  9996
2 31451 098.9927 319.8738 0033362 151.3931 219.2585 14.10759791693654
FENGYUN 1C DEB
1 31451U 99025BUP 20286.37320994 +.00000088 +00000-0 +74058-4 0  9998
2 31451 098.9927 320.8766 0033391 148.6652 269.0277 14.10760175693792
FENGYUN 1C DEB
1 31451U 99025BUP 20286.89260764 +.00000079 +00000-0 +68561-4 0  9995
2 31451 098.9926 321.3962 0033409 147.2343 026.8822 14.10760351693866
FENGYUN 1C DEB
1 31451U 99025BUP 20286.89260764  .00000079  00000-0  68561-4 0  9995
2 31451  98.9926 321.3962 0033409 147.2343  26.8822 14.10760351696689
FENGYUN 1C DEB
1 31451U 99025BUP 20287.29624051 +.00000079 +00000-0 +69057-4 0  9994
2 31451 098.9926 321.8002 0033421 146.1289 276.7982 14.10760551693929
FENGYUN 1C DEB
1 31451U 99025BUP 20287.29624051 +.00000079 +00000-0 +69057-4 0  9994
2 31451 098.9926 321.8002 0033421 146.1289 276.7982 14.10760551696742
FENGYUN 1C DEB
1 31451U 99025BUP 20288.35889184 +.00000098 +00000-0 +79508-4 0  9995
2 31451 098.9925 322.8634 0033446 143.2320 273.6346 14.10761028694078
FENGYUN 1C DEB
1 31451U 99025BUP 20288.93883311 +.00000115 +00000-0 +88841-4 0  9995
2 31451 098.9924 323.4437 0033458 141.6409 338.9650 14.10761275694154
FENGYUN 1C DEB
1 31451U 99025BUP 20289.34303295  .00000125  00000-0  94557-4 0  9991
2 31451  98.9923 323.8481 0033468 140.5328 231.7618 14.10761417697037
FENGYUN 1C DEB
1 31451U 99025BUP 20289.93181892 +.00000154 +00000-0 +11069-3 0  9991
2 31451 098.9922 324.4372 0033483 138.9076 342.0222 14.10761715694293
FENGYUN 1C DEB
1 31451U 99025BUP 20290.34469045 +.00000166 +00000-0 +11740-3 0  9996
2 31451 098.9921 324.8502 0033496 137.7765 278.8596 14.10761874694350
FENGYUN 1C DEB
1 31451U 99025BUP 20290.86417578 +.00000182 +00000-0 +12625-3 0  9998
2 31451 098.9920 325.3700 0033504 136.3477 037.1589 14.10762071694426
FENGYUN 1C DEB
1 31451U 99025BUP 20291.85704921 +.00000198 +00000-0 +13519-3 0  9999
2 31451 098.9919 326.3634 0033529 133.6248 039.6375 14.10762394694567
FENGYUN 1C DEB
1 31451U 99025BUP 20291.85704921  .00000198  00000-0  13519-3 0  9999
2 31451  98.9919 326.3634 0033529 133.6248  39.6375 14.10762394697380
FENGYUN 1C DEB
1 31451U 99025BUP 20292.33145926 +.00000190 +00000-0 +13058-3 0  9997
2 31451 098.9919 326.8381 0033527 132.3265 289.0078 14.10762473694631
FENGYUN 1C DEB
1 31451U 99025BUP 20292.62816413 +.00000192 +00000-0 +13138-3 0  9996
2 31451 098.9918 327.1349 0033540 131.5104 355.8778 14.10762606694677
FENGYUN 1C DEB
1 31451U 99025BUP 20293.90425061 +.00000173 +00000-0 +12119-3 0  9990
2 31451 098.9915 328.4116 0033557 128.0537 356.6645 14.10763044694858
FENGYUN 1C DEB
1 31451U 99025BUP 20293.90425061 +.00000173 +00000-0 +12119-3 0  9990
2 31451 098.9915 328.4116 0033557 128.0537 356.6645 14.10763044697671
FENGYUN 1C DEB
1 31451U 99025BUP 20294.89738604 +.00000150 +00000-0 +10846-3 0  9999
2 31451 098.9913 329.4052 0033566 125.3619 000.4484 14.10763472694992
FENGYUN 1C DEB
1 31451U 99025BUP 20294.89738604 +.00000150 +00000-0 +10846-3 0  9999
2 31451 098.9913 329.4052 0033566 125.3619 000.4484 14.10763472697816
FENGYUN 1C DEB
1 31451U 99025BUP 20296.30329953 +.00000121 +00000-0 +92266-4 0  9995
2 31451 098.9911 330.8117 0033568 121.5575 300.5828 14.10764150695192
FENGYUN 1C DEB
1 31451U 99025BUP 20296.36443684 +.00000121 +00000-0 +92323-4 0  9993
2 31451 098.9911 330.8729 0033568 121.3915 251.0781 14.10764181695201
FENGYUN 1C DEB
1 31451U 99025BUP 20296.95280273  .00000105  00000-0  83312-4 0  9991
2 31451  98.9911 331.4615 0033564 119.7993 359.1796 14.10764388698102
FENGYUN 1C DEB
1 31451U 99025BUP 20297.29634582 +.00000092 +00000-0 +75730-4 0  9995
2 31451 098.9910 331.8052 0033566 118.8608 303.9215 14.10764446698158
FENGYUN 1C DEB
1 31451U 99025BUP 20298.87854247 +.00000099 +00000-0 +80057-4 0  9997
2 31451 098.9909 333.3880 0033567 114.5225 059.3938 14.10764972695550
FENGYUN 1C DEB
1 31451U 99025BUP 20299.35237448  .00000115  00000-0  88655-4 0  9990
2 31451  98.9909 333.8620 0033570 113.2274 305.8316 14.10765147698446
FENGYUN 1C DEB
1 31451U 99025BUP 20299.87137619 +.00000135 +00000-0 +99950-4 0  9998
2 31451 098.9908 334.3812 0033573 111.8013 061.6795 14.10765341695690
FENGYUN 1C DEB
1 31451U 99025BUP 20300.34486174 +.00000153 +00000-0 +10972-3 0  9992
2 31451 098.9908 334.8548 0033575 110.5065 306.3587 14.10765499695766
FENGYUN 1C DEB
1 31451U 99025BUP 20301.39987840  .00000187  00000-0  12906-3 0  9990
2 31451  98.9906 335.9102 0033582 107.6167 264.4514 14.10765848698732
FENGYUN 1C DEB
1 31451U 99025BUP 20301.91812708 +.00000197 +00000-0 +13431-3 0  9993
2 31451 098.9905 336.4286 0033574 106.2014 016.4674 14.10766008695982
FENGYUN 1C DEB
1 31451U 99025BUP 20302.33096156 +.00000202 +00000-0 +13704-3 0  9991
2 31451 098.9904 336.8416 0033575 105.0761 313.1173 14.10766152696046
FENGYUN 1C DEB
1 31451U 99025BUP 20303.38571752 +.00000213 +00000-0 +14299-3 0  9999
2 31451 098.9902 337.8967 0033568 102.2096 269.8682 14.10766641696199
FENGYUN 1C DEB
1 31451U 99025BUP 20303.90439906 +.00000209 +00000-0 +14080-3 0  9994
2 31451 098.9901 338.4155 0033565 100.7934 024.0852 14.10766905696266
FENGYUN 1C DEB
1 31451U 99025BUP 20303.90439906  .00000209  00000-0  14080-3 0  9994
2 31451  98.9901 338.4155 0033565 100.7934  24.0852 14.10766905699089
FENGYUN 1C DEB
1 31451U 99025BUP 20304.83611663 +.00000181 +00000-0 +12531-3 0  9997
2 31451 098.9899 339.3475 0033539 098.2623 075.9678 14.10767314696394
FENGYUN 1C DEB
1 31451U 99025BUP 20305.37159016 +.00000172 +00000-0 +12055-3 0  9997
2 31451 098.9898 339.8831 0033527 096.8102 275.4581 14.10767654696473
FENGYUN 1C DEB
1 31451U 99025BUP 20306.36443403  .00000143  00000-0  10445-3 0  9992
2 31451  98.9896 340.8762 0033504  94.1026 277.7941 14.10768144699436
FENGYUN 1C DEB
1 31451U 99025BUP 20307.35718427 +.00000121 +00000-0 +91869-4 0  9999
2 31451 098.9894 341.8692 0033481 091.3890 279.6623 14.10768606696752
FENGYUN 1C DEB
1 31451U 99025BUP 20307.94625296 +.00000120 +00000-0 +91556-4 0  9997
2 31451 098.9894 342.4584 0033460 089.7691 031.3685 14.10768915696839
FENGYUN 1C DEB
1 31451U 99025BUP 20308.06998236 +.00000123 +00000-0 +93493-4 0  9993
2 31451 098.9893 342.5821 0033459 089.4257 299.7568 14.10769003696857
FENGYUN 1C DEB
1 31451U 99025BUP 20308.87871721  .00000146  00000-0  10578-3 0  9998
2 31451  98.9892 343.3910 0033445  87.2042  87.0815 14.10769495699780
FENGYUN 1C DEB
1 31451U 99025BUP 20309.58386795 +.00000167 +00000-0 +11753-3 0  9998
2 31451 098.9892 344.0963 0033431 085.2676 068.3330 14.10769877697069
FENGYUN 1C DEB
1 31451U 99025BUP 20309.93206227 +.00000175 +00000-0 +12234-3 0  9992
2 31451 098.9891 344.4446 0033427 084.3093 036.7108 14.10770016697111
FENGYUN 1C DEB
1 31451U 99025BUP 20310.34636639 +.00000194 +00000-0 +13263-3 0  9997
2 31451 098.9891 344.8590 0033422 083.1720 340.8385 14.10770247697172
FENGYUN 1C DEB
1 31451U 99025BUP 20311.33804462  .00000223  00000-0  14866-3 0  9991
2 31451  98.9890 345.8508 0033406  80.4536 337.2749 14.10770688700132
FENGYUN 1C DEB
1 31451U 99025BUP 20311.63505904 +.00000231 +00000-0 +15352-3 0  9993
2 31451 098.9889 346.1478 0033405 079.6396 045.7224 14.10770856697358
FENGYUN 1C DEB
1 31451U 99025BUP 20312.39298863 +.00000221 +00000-0 +14780-3 0  9993
2 31451 098.9888 346.9059 0033387 077.5687 295.0142 14.10771042697468
FENGYUN 1C DEB
1 31451U 99025BUP 20315.95990807 +.00000139 +00000+0 +10227-3 0  9994
2 31451  98.9883 350.4731 0033236  67.7707  50.3700 14.10772336697961
FENGYUN 1C DEB
1 31451U 99025BUP 20316.36455626 +.00000122 +00000+0 +92561-4 0  9999
2 31451  98.9882 350.8777 0033241  66.6870 305.4345 14.10772427698027
FENGYUN 1C DEB
1 31451U 99025BUP 20317.35742660 +.00000108 +00000+0 +85014-4 0  9995
2 31451  98.9881 351.8706 0033206  63.9480 307.9516 14.10772794698166
FENGYUN 1C DEB
1 31451U 99025BUP 20318.35112712 +.00000112 +00000-0 +87137-4 0  9999
2 31451 098.9880 352.8643 0033165 061.1891 314.7035 14.10773165698307
FENGYUN 1C DEB
1 31451U 99025BUP 20318.93958657 +.00000123 +00000-0 +93133-4 0  9994
2 31451 098.9879 353.4528 0033133 059.5407 063.3542 14.10773393698384
FENGYUN 1C DEB
1 31451U 99025BUP 20319.64954959 +.00000151 +00000-0 +10907-3 0  9992
2 31451 098.9878 354.1627 0033124 057.5887 069.0580 14.10773761698486
FENGYUN 1C DEB
1 31451U 99025BUP 20320.33611257 +.00000170 +00000-0 +11955-3 0  9996
2 31451 098.9877 354.8493 0033099 055.6834 315.9372 14.10774016698582
FENGYUN 1C DEB
1 31451U 99025BUP 20320.92519740 +.00000178 +00000-0 +12376-3 0  9991
2 31451 098.9876 355.4384 0033070 054.0295 067.7688 14.10774168698669
FENGYUN 1C DEB
1 31451U 99025BUP 20321.33799977 +.00000180 +00000-0 +12484-3 0  9992
2 31451 098.9875 355.8512 0033060 052.8939 004.2778 14.10774277698729
FENGYUN 1C DEB
1 31451U 99025BUP 20321.33799977  .00000180  00000-0  12484-3 0  9992
2 31451  98.9875 355.8512 0033060  52.8939   4.2778 14.10774277701544
FENGYUN 1C DEB
1 31451U 99025BUP 20322.39285821 +.00000187 +00000-0 +12910-3 0  9998
2 31451 098.9874 356.9061 0033016 049.9612 321.6446 14.10774655698879
FENGYUN 1C DEB
1 31451U 99025BUP 20322.85025995 +.00000188 +00000-0 +12962-3 0  9991
2 31451 098.9873 357.3635 0032995 048.6775 124.6884 14.10774839698939
FENGYUN 1C DEB
1 31451U 99025BUP 20323.38593406  .00000181  00000-0  12542-3 0  9994
2 31451  98.9872 357.8991 0032970  47.1921 325.2431 14.10775044701838
FENGYUN 1C DEB
1 31451U 99025BUP 20323.84323069 +.00000168 +00000-0 +11844-3 0  9990
2 31451 098.9871 358.3564 0032941 045.9044 127.7581 14.10775183699076
FENGYUN 1C DEB
1 31451U 99025BUP 20324.83638343 +.00000137 +00000-0 +10112-3 0  9997
2 31451 098.9870 359.3495 0032893 043.1502 131.7350 14.10775546699212
FENGYUN 1C DEB
1 31451U 99025BUP 20325.37187529 +.00000119 +00000-0 +91356-4 0  9992
2 31451 098.9869 359.8850 0032861 041.6497 331.3809 14.10775716699295
FENGYUN 1C DEB
1 31451U 99025BUP 20325.90009593 +.00000099 +00000-0 +80177-4 0  9991
2 31451 098.9869 000.4132 0032831 040.1615 134.1066 14.10775864699366
FENGYUN 1C DEB
1 31451U 99025BUP 20325.90009593  .00000099  00000-0  80177-4 0  9991
2 31451  98.9869   0.4132 0032831  40.1615 134.1066 14.10775864702181
FENGYUN 1C DEB
1 31451U 99025BUP 20326.36452873 +.00000090 +00000-0 +74978-4 0  9998
2 31451 098.9869 000.8776 0032810 038.8677 332.8522 14.10776032699433
FENGYUN 1C DEB
1 31451U 99025BUP 20327.35751576 +.00000089 +00000-0 +74426-4 0  9996
2 31451 098.9868 001.8705 0032762 036.0685 336.0354 14.10776459699577
FENGYUN 1C DEB
1 31451U 99025BUP 20328.35037038  .00000102  00000-0  81935-4 0  9996
2 31451  98.9868   2.8632 0032721  33.2863 338.5300 14.10776863702537
FENGYUN 1C DEB
1 31451U 99025BUP 20328.59069251 +.00000110 +00000-0 +85866-4 0  9990
2 31451 098.9868 003.1035 0032711 032.5877 119.0996 14.10776980699745
FENGYUN 1C DEB
1 31451U 99025BUP 20329.93195984 +.00000150 +00000-0 +10841-3 0  9996
2 31451 098.9866 004.4446 0032666 028.8646 091.0737 14.10777496699930
FENGYUN 1C DEB
1 31451U 99025BUP 20330.34502406 +.00000165 +00000-0 +11665-3 0  9995
2 31451 098.9866 004.8577 0032649 027.6964 028.9495 14.10777668699997
FENGYUN 1C DEB
1 31451U 99025BUP 20330.86464466 +.00000189 +00000-0 +13014-3 0  9991
2 31451 098.9865 005.3772 0032629 026.2446 147.9881 14.10777926700066
FENGYUN 1C DEB
1 31451U 99025BUP 20330.86464466  .00000189  00000-0  13014-3 0  9991
2 31451  98.9865   5.3772 0032629  26.2446 147.9881 14.10777926702888
FENGYUN 1C DEB
1 31451U 99025BUP 20331.57020803 +.00000210 +00000-0 +14189-3 0  9992
2 31451 098.9864 006.0827 0032599 024.2716 131.3910 14.10778246700165
FENGYUN 1C DEB
1 31451U 99025BUP 20333.38557855  .00000230  00000-0  15306-3 0  9999
2 31451  98.9860   7.8978 0032511  19.1607 351.3041 14.10779155703244
FENGYUN 1C DEB
1 31451U 99025BUP 20334.31671590 +.00000238 +00000-0 +15727-3 0  9991
2 31451 098.9858 008.8287 0032460 016.5222 040.3922 14.10779907700551
FENGYUN 1C DEB
1 31451U 99025BUP 20334.90721939 +.00000225 +00000-0 +15031-3 0  9993
2 31451 098.9856 009.4191 0032430 014.8503 159.4576 14.10780263700633
FENGYUN 1C DEB
1 31451U 99025BUP 20335.37160160 +.00000213 +00000-0 +14360-3 0  9999
2 31451 098.9856 009.8834 0032405 013.5311 357.9795 14.10780531700700
FENGYUN 1C DEB
1 31451U 99025BUP 20336.36446461  .00000188  00000-0  12950-3 0  9994
2 31451  98.9854  10.8760 0032357  10.7048   0.5772 14.10781118703666
FENGYUN 1C DEB
1 31451U 99025BUP 20336.95299862  .00000176  00000-0  12314-3 0  9991
2 31451  98.9853  11.4644 0032328   9.0300 109.6504 14.10781444700925
FENGYUN 1C DEB
1 31451U 99025BUP 20337.29651944  .00000164  00000-0  11604-3 0  9990
2 31451  98.9853  11.8078 0032315   8.0499  54.3424 14.10781593700971
FENGYUN 1C DEB
1 31451U 99025BUP 20338.07021222  .00000155  00000-0  11149-3 0  9991
2 31451  98.9852  12.5813 0032286   5.8486  23.8090 14.10781982701088
FENGYUN 1C DEB
1 31451U 99025BUP 20338.35001050  .00000156  00000-0  11160-3 0  9993
2 31451  98.9852  12.8610 0032275   5.0570   4.8570 14.10782106701126
FENGYUN 1C DEB
1 31451U 99025BUP 20338.87885501  .00000169  00000-0  11878-3 0  9991
2 31451  98.9851  13.3897 0032256   3.5655 170.7650 14.10782440704018
FENGYUN 1C DEB
1 31451U 99025BUP 20339.35369396  .00000188  00000-0  12938-3 0  9993
2 31451  98.9852  13.8645 0032243   2.1980  62.4168 14.10782764701261
FENGYUN 1C DEB
1 31451U 99025BUP 20339.87164409 +.00000207 +00000-0 +14010-3 0  9993
2 31451 098.9851 014.3823 0032225 000.7397 172.9925 14.10783086701334
FENGYUN 1C DEB
1 31451U 99025BUP 20340.92521128  .00000251  00000-0  16451-3 0  9996
2 31451  98.9850  15.4355 0032182 357.7508 123.8951 14.10783781701488
FENGYUN 1C DEB
1 31451U 99025BUP 20340.92521128  .00000251  00000-0  16451-3 0  9996
2 31451  98.9850  15.4355 0032182 357.7508 123.8951 14.10783781704302
FENGYUN 1C DEB
1 31451U 99025BUP 20341.33803323 +.00000252 +00000-0 +16532-3 0  9993
2 31451 098.9850 015.8482 0032165 356.5838 060.5490 14.10783954701541
FENGYUN 1C DEB
1 31451U 99025BUP 20341.91835740  .00000258  00000-0  16874-3 0  9990
2 31451  98.9849  16.4284 0032142 354.9259 127.9373 14.10784248701624
FENGYUN 1C DEB
1 31451U 99025BUP 20342.39291514 +.00000256 +00000-0 +16745-3 0  9993
2 31451 098.9849 016.9029 0032122 353.5723 018.1504 14.10784463701698
FENGYUN 1C DEB
1 31451U 99025BUP 20342.91127406 +.00000245 +00000-0 +16103-3 0  9995
2 31451 098.9848 017.4211 0032104 352.0761 130.8416 14.10784645701766
FENGYUN 1C DEB
1 31451U 99025BUP 20343.32398422  .00000228  00000-0  15165-3 0  9997
2 31451  98.9848  17.8336 0032081 350.9148  66.9237 14.10784750704645
FENGYUN 1C DEB
1 31451U 99025BUP 20343.32398422  .00000228  00000-0  15165-3 0  9997
2 31451  98.9848  17.8336 0032081 350.9148  66.9237 14.10784750701822
FENGYUN 1C DEB
1 31451U 99025BUP 20344.31674948 +.00000227 +00000-0 +15144-3 0  9993
2 31451 098.9847 018.8260 0032037 348.0615 069.0665 14.10785335701960
FENGYUN 1C DEB
1 31451U 99025BUP 20345.31025641 +.00000222 +00000-0 +14826-3 0  9995
2 31451 098.9845 019.8192 0031998 345.2018 074.9831 14.10785977702103
FENGYUN 1C DEB
1 31451U 99025BUP 20345.90004773  .00000201  00000-0  13696-3 0  9994
2 31451  98.9844  20.4087 0031976 343.5079 190.4678 14.10786245702187
FENGYUN 1C DEB
1 31451U 99025BUP 20345.90004773  .00000201  00000-0  13696-3 0  9994
2 31451  98.9844  20.4087 0031976 343.5079 190.4678 14.10786245705001
FENGYUN 1C DEB
1 31451U 99025BUP 20346.89297523  .00000173  00000-0  12119-3 0  9997
2 31451  98.9843  21.4012 0031942 340.6586 193.4354 14.10786714702320
FENGYUN 1C DEB
1 31451U 99025BUP 20347.88605425 +.00000179 +00000-0 +12455-3 0  9990
2 31451 098.9842 022.3940 0031907 337.8123 197.1711 14.10787343702467
FENGYUN 1C DEB
1 31451U 99025BUP 20348.35917889  .00000187  00000-0  12902-3 0  9999
2 31451  98.9842  22.8670 0031899 336.4446  80.1298 14.10787649705356
FENGYUN 1C DEB
1 31451U 99025BUP 20348.93908744  .00000195  00000-0  13357-3 0  9997
2 31451  98.9840  23.4466 0031886 334.7841 145.4189 14.10787964702610
FENGYUN 1C DEB
1 31451U 99025BUP 20349.35218959  .00000201  00000-0  13662-3 0  9993
2 31451  98.9840  23.8596 0031875 333.6058  83.5130 14.10788173702671
FENGYUN 1C DEB
1 31451U 99025BUP 20349.87153287  .00000208  00000-0  14051-3 0  9992
2 31451  98.9839  24.3787 0031865 332.1187 201.1985 14.10788411702742
FENGYUN 1C DEB
1 31451U 99025BUP 20350.86469084  .00000229  00000-0  15272-3 0  9997
2 31451  98.9838  25.3715 0031837 329.2810 205.3309 14.10788950702881
FENGYUN 1C DEB
1 31451U 99025BUP 20350.86469084  .00000229  00000-0  15272-3 0  9997
2 31451  98.9838  25.3715 0031837 329.2810 205.3309 14.10788950705705
FENGYUN 1C DEB
1 31451U 99025BUP 20351.91818494  .00000235  00000-0  15606-3 0  9995
2 31451  98.9836  26.4246 0031813 326.2510 155.9247 14.10789421703031
FENGYUN 1C DEB
1 31451U 99025BUP 20352.39293197  .00000241  00000-0  15911-3 0  9991
2 31451  98.9835  26.8991 0031796 324.8856  47.1196 14.10789690703109
FENGYUN 1C DEB
1 31451U 99025BUP 20352.85046847  .00000238  00000-0  15774-3 0  9993
2 31451  98.9835  27.3565 0031786 323.5656 210.9085 14.10789911703164
FENGYUN 1C DEB
1 31451U 99025BUP 20353.04057738  .00000236  00000-0  15656-3 0  9993
2 31451  98.9835  27.5465 0031782 323.0083  96.4641 14.10790001706014
FENGYUN 1C DEB
1 31451U 99025BUP 20353.84353322  .00000225  00000-0  15035-3 0  9998
2 31451  98.9834  28.3491 0031764 320.6845 214.6173 14.10790410703307
FENGYUN 1C DEB
1 31451U 99025BUP 20354.37858970  .00000207  00000-0  14010-3 0  9998
2 31451  98.9834  28.8839 0031752 319.1263  52.1396 14.10790639703385
FENGYUN 1C DEB
1 31451U 99025BUP 20355.37128554  .00000179  00000-0  12473-3 0  9996
2 31451  98.9833  29.8762 0031736 316.2430  53.9812 14.10791120706332
FENGYUN 1C DEB
1 31451U 99025BUP 20355.37128554  .00000179  00000-0  12473-3 0  9996
2 31451  98.9833  29.8762 0031736 316.2430  53.9812 14.10791120703520
FENGYUN 1C DEB
1 31451U 99025BUP 20355.90005441  .00000160  00000-0  11433-3 0  9999
2 31451  98.9833  30.4047 0031732 314.7070 219.5667 14.10791335703596
FENGYUN 1C DEB
1 31451U 99025BUP 20356.36438924  .00000148  00000-0  10756-3 0  9999
2 31451  98.9833  30.8688 0031724 313.3627  57.8912 14.10791534703660
FENGYUN 1C DEB
1 31451U 99025BUP 20357.36598589  .00000147  00000-0  10666-3 0  9993
2 31451  98.9832  31.8700 0031711 310.4676 104.9278 14.10792051703803
FENGYUN 1C DEB
1 31451U 99025BUP 20358.35020725  .00000156  00000-0  11177-3 0  9993
2 31451  98.9832  32.8537 0031706 307.6302  63.7096 14.10792484706768
FENGYUN 1C DEB
1 31451U 99025BUP 20358.35020725  .00000156  00000-0  11177-3 0  9993
2 31451  98.9832  32.8537 0031706 307.6302  63.7096 14.10792484703945
FENGYUN 1C DEB
1 31451U 99025BUP 20359.87157183  .00000208  00000-0  14099-3 0  9994
2 31451  98.9830  34.3744 0031690 303.2558 230.5908 14.10793279704150
FENGYUN 1C DEB
1 31451U 99025BUP 20360.57683622  .00000226  00000-0  15094-3 0  9991
2 31451  98.9830  35.0793 0031681 301.2251 212.5726 14.10793621704250
FENGYUN 1C DEB
1 31451U 99025BUP 20360.64207258  .00000237  00000-0  15708-3 0  9990
2 31451  98.9829  35.1445 0031660 301.0402 183.9008 14.10793742707088
FENGYUN 1C DEB
1 31451U 99025BUP 20360.86446646  .00000246  00000-0  16175-3 0  9999
2 31451  98.9829  35.3668 0031654 300.3972 233.4246 14.10793849704297
FENGYUN 1C DEB
1 31451U 99025BUP 20361.56962112  .00000258  00000-0  16872-3 0  9995
2 31451  98.9828  36.0716 0031641 298.3588 214.8588 14.10794214704393
FENGYUN 1C DEB
1 31451U 99025BUP 20362.39273292  .00000264  00000-0  17192-3 0  9994
2 31451  98.9827  36.8944 0031623 295.9714  75.3990 14.10794612704510
FENGYUN 1C DEB
1 31451U 99025BUP 20362.85032634  .00000266  00000-0  17280-3 0  9998
2 31451  98.9826  37.3517 0031618 294.6461 239.4903 14.10794874707396
FENGYUN 1C DEB
1 31451U 99025BUP 20362.85032634  .00000266  00000-0  17280-3 0  9998
2 31451  98.9826  37.3517 0031618 294.6461 239.4903 14.10794874704573
FENGYUN 1C DEB
1 31451U 99025BUP 20363.38571735  .00000247  00000-0  16276-3 0  9990
2 31451  98.9825  37.8869 0031604 293.0836  78.7225 14.10795048704655
FENGYUN 1C DEB
1 31451U 99025BUP 20365.37139433  .00000175  00000-0  12268-3 0  9993
2 31451  98.9821  39.8714 0031593 287.2990  83.9032 14.10795875707751
FENGYUN 1C DEB
1 31451U 99025BUP 20365.37139433  .00000175  00000-0  12268-3 0  9993
2 31451  98.9821  39.8714 0031593 287.2990  83.9032 14.10795875704938
FENGYUN 1C DEB
1 31451U 99025BUP 20366.36438983  .00000142  00000-0  10398-3 0  9991
2 31451  98.9820  40.8639 0031597 284.4144  87.2849 14.10796273705071
FENGYUN 1C DEB
1 31451U 99025BUP 21001.35716850  .00000119  00000-0  91349-4 0  9999
2 31451  98.9819  41.8560 0031601 281.5394  89.5576 14.10796658705219
FENGYUN 1C DEB
1 31451U 99025BUP 21001.59769424  .00000116  00000-0  89608-4 0  9992
2 31451  98.9819  42.0964 0031610 280.8427 231.1758 14.10796755708060
FENGYUN 1C DEB
1 31451U 99025BUP 21001.59769424  .00000116  00000-0  89608-4 0  9992
2 31451  98.9819  42.0964 0031610 280.8427 231.1758 14.10796755705247
FENGYUN 1C DEB
1 31451U 99025BUP 21002.59107611  .00000115  00000-0  89159-4 0  9997
2 31451  98.9818  43.0892 0031664 277.9831 236.4950 14.10797081705382
FENGYUN 1C DEB
1 31451U 99025BUP 21002.87867779  .00000116  00000-0  89717-4 0  9997
2 31451  98.9818  43.3768 0031692 277.1658 257.1936 14.10797105705423
FENGYUN 1C DEB
1 31451U 99025BUP 21003.06301361  .00000120  00000-0  92013-4 0  9997
2 31451  98.9818  43.5610 0031693 276.6329 113.4251 14.10797185705456
FENGYUN 1C DEB
1 31451U 99025BUP 21004.57670448  .00000148  00000-0  10749-3 0  9994
2 31451  98.9818  45.0739 0031689 272.2634 241.3729 14.10797626705665
FENGYUN 1C DEB
1 31451U 99025BUP 21004.57670448  .00000148  00000-0  10749-3 0  9994
2 31451  98.9818  45.0739 0031689 272.2634 241.3729 14.10797626708488
FENGYUN 1C DEB
1 31451U 99025BUP 21005.39976583  .00000161  00000-0  11440-3 0  9998
2 31451  98.9815  45.8962 0031706 269.8843 101.6574 14.10797823705780
FENGYUN 1C DEB
1 31451U 99025BUP 21008.37841041  .00000145  00000-0  10600-3 0  9998
2 31451  98.9812  48.8731 0031826 261.3036 110.0178 14.10798897709025
FENGYUN 1C DEB
1 31451U 99025BUP 21008.37841041  .00000145  00000-0  10600-3 0  9998
2 31451  98.9812  48.8731 0031826 261.3036 110.0178 14.10798897706202
FENGYUN 1C DEB
1 31451U 99025BUP 21009.37133510  .00000119  00000-0  91142-4 0  9996
2 31451  98.9811  49.8653 0031864 258.4424 113.0282 14.10799269706343
FENGYUN 1C DEB
1 31451U 99025BUP 21009.60749006  .00000114  00000-0  88345-4 0  9991
2 31451  98.9810  50.1013 0031839 257.7293 232.4795 14.10799398706376
FENGYUN 1C DEB
1 31451U 99025BUP 21010.36423590  .00000094  00000-0  77277-4 0  9992
2 31451  98.9809  50.8575 0031892 255.5812 115.9183 14.10799627706489
FENGYUN 1C DEB
1 31451U 99025BUP 21011.35697916  .00000083  00000-0  71098-4 0  9990
2 31451  98.9808  51.8496 0031911 252.7107 118.0186 14.10799979706622
FENGYUN 1C DEB
1 31451U 99025BUP 21011.88576537  .00000084  00000-0  71940-4 0  9990
2 31451  98.9807  52.3781 0031939 251.2126 283.6700 14.10800131706690
FENGYUN 1C DEB
1 31451U 99025BUP 21012.59045456  .00000095  00000-0  77793-4 0  9994
2 31451  98.9807  53.0823 0031930 249.1431 262.7883 14.10800374706791
FENGYUN 1C DEB
1 31451U 99025BUP 21012.59045456  .00000095  00000-0  77793-4 0  9994
2 31451  98.9807  53.0823 0031930 249.1431 262.7883 14.10800374709615
FENGYUN 1C DEB
1 31451U 99025BUP 21014.33581174  .00000135  00000-0  10023-3 0  9997
2 31451  98.9805  54.8264 0031975 244.1405 127.3405 14.10800875707043
FENGYUN 1C DEB
1 31451U 99025BUP 21015.39987465  .00000166  00000-0  11764-3 0  9994
2 31451  98.9803  55.8897 0032026 241.1128 131.6257 14.10801326710017
FENGYUN 1C DEB
1 31451U 99025BUP 21015.39987465  .00000166  00000-0  11764-3 0  9994
2 31451  98.9803  55.8897 0032026 241.1128 131.6257 14.10801326707192
FENGYUN 1C DEB
1 31451U 99025BUP 21016.85017451  .00000166  00000-0  11723-3 0  9990
2 31451  98.9802  57.3390 0032095 236.9954 297.5688 14.10801807707397
FENGYUN 1C DEB
1 31451U 99025BUP 21017.38537812  .00000156  00000-0  11198-3 0  9992
2 31451  98.9802  57.8738 0032120 235.4573 135.8397 14.10801996707477
FENGYUN 1C DEB
1 31451U 99025BUP 21018.37836237  .00000119  00000-0  91137-4 0  9996
2 31451  98.9800  58.8660 0032180 232.6525 139.1059 14.10802238707610
FENGYUN 1C DEB
1 31451U 99025BUP 21018.37836237  .00000119  00000-0  91137-4 0  9996
2 31451  98.9800  58.8660 0032180 232.6525 139.1059 14.10802238710434
FENGYUN 1C DEB
1 31451U 99025BUP 21020.36383775  .00000051  00000-0  53524-4 0  9995
2 31451  98.9799  60.8500 0032282 227.0320 143.1500 14.10802770707894
FENGYUN 1C DEB
1 31451U 99025BUP 21021.88549834  .00000058  00000-0  57174-4 0  9995
2 31451  98.9798  62.3705 0032342 222.7241 311.5247 14.10803306708108
FENGYUN 1C DEB
1 31451U 99025BUP 21021.88549834  .00000058  00000-0  57174-4 0  9995
2 31451  98.9798  62.3705 0032342 222.7241 311.5247 14.10803306710921
FENGYUN 1C DEB
1 31451U 99025BUP 21022.87842163  .00000078  00000-0  68165-4 0  9990
2 31451  98.9798  63.3627 0032375 219.9016 314.5022 14.10803559708245
FENGYUN 1C DEB
1 31451U 99025BUP 21023.34269626  .00000095  00000-0  77969-4 0  9991
2 31451  98.9798  63.8267 0032381 218.5398 152.5578 14.10803692708317
FENGYUN 1C DEB
1 31451U 99025BUP 21023.87128363  .00000117  00000-0  89953-4 0  9992
2 31451  98.9797  64.3549 0032398 217.0396 317.2087 14.10803850708383
FENGYUN 1C DEB
1 31451U 99025BUP 21024.86400002  .00000158  00000-0  11267-3 0  9992
2 31451  98.9795  65.3468 0032435 214.2115 319.1436 14.10804203711344
FENGYUN 1C DEB
1 31451U 99025BUP 21024.86400002  .00000158  00000-0  11267-3 0  9992
2 31451  98.9795  65.3468 0032435 214.2115 319.1436 14.10804203708520
FENGYUN 1C DEB
1 31451U 99025BUP 21025.39950503  .00000173  00000-0  12113-3 0  9995
2 31451  98.9795  65.8819 0032449 212.6468 158.9744 14.10804369708606
FENGYUN 1C DEB
1 31451U 99025BUP 21025.85713203  .00000192  00000-0  13187-3 0  9993
2 31451  98.9794  66.3392 0032469 211.3362 323.2368 14.10804592708661
FENGYUN 1C DEB
1 31451U 99025BUP 21027.38531648  .00000185  00000-0  12771-3 0  9994
2 31451  98.9791  67.8661 0032552 207.0310 164.7338 14.10805167711704
FENGYUN 1C DEB
1 31451U 99025BUP 21027.38531648  .00000185  00000-0  12771-3 0  9994
2 31451  98.9791  67.8661 0032552 207.0310 164.7338 14.10805167708889
FENGYUN 1C DEB
1 31451U 99025BUP 21029.37105589  .00000107  00000-0  84291-4 0  9997
2 31451  98.9787  69.8501 0032660 201.4285 170.1224 14.10805861709166
FENGYUN 1C DEB
1 31451U 99025BUP 21031.59717632  .00000049  00000-0  52181-4 0  9990
2 31451  98.9786  72.0743 0032769 195.2414 316.2936 14.10806524709477
FENGYUN 1C DEB
1 31451U 99025BUP 21032.07004859  .00000053  00000-0  54239-4 0  9995
2 31451  98.9785  72.5468 0032788 193.9215 197.9552 14.10806666712367
FENGYUN 1C DEB
1 31451U 99025BUP 21032.07004859  .00000053  00000-0  54239-4 0  9995
2 31451  98.9785  72.5468 0032788 193.9215 197.9552 14.10806666709543
FENGYUN 1C DEB
1 31451U 99025BUP 21033.35309208  .00000099  00000-0  80014-4 0  9993
2 31451  98.9784  73.8286 0032839 190.3466 234.3739 14.10807131709721
FENGYUN 1C DEB
1 31451U 99025BUP 21034.86392975  .00000149  00000-0  10758-3 0  9996
2 31451  98.9784  75.3384 0032901 186.0010 347.8695 14.10807602712755
FENGYUN 1C DEB
1 31451U 99025BUP 21034.86392975  .00000149  00000-0  10758-3 0  9996
2 31451  98.9784  75.3384 0032901 186.0010 347.8695 14.10807602709931
FENGYUN 1C DEB
1 31451U 99025BUP 21035.33831198  .00000184  00000-0  12696-3 0  9996
2 31451  98.9782  75.8121 0032927 184.7571 237.1229 14.10808011710007
FENGYUN 1C DEB
1 31451U 99025BUP 21035.91787351  .00000182  00000-0  12589-3 0  9990
2 31451  98.9781  76.3911 0032954 183.1485 300.6404 14.10808162710082
FENGYUN 1C DEB
1 31451U 99025BUP 21036.39243758  .00000193  00000-0  13194-3 0  9996
2 31451  98.9779  76.8651 0032985 181.8151 190.9066 14.10808425710158
FENGYUN 1C DEB
1 31451U 99025BUP 21037.38510656  .00000173  00000-0  12080-3 0  9991
2 31451  98.9778  77.8569 0033037 179.0601 192.5456 14.10808764713110
FENGYUN 1C DEB
1 31451U 99025BUP 21037.38510656  .00000173  00000-0  12080-3 0  9991
2 31451  98.9778  77.8569 0033037 179.0601 192.5456 14.10808764710296
FENGYUN 1C DEB
1 31451U 99025BUP 21038.37815628  .00000156  00000-0  11167-3 0  9994
2 31451  98.9775  78.8489 0033092 176.3051 196.1190 14.10809181710430
FENGYUN 1C DEB
1 31451U 99025BUP 21039.37100275  .00000110  00000-0  86005-4 0  9994
2 31451  98.9774  79.8408 0033139 173.5616 198.6505 14.10809466710577
FENGYUN 1C DEB
1 31451U 99025BUP 21039.89936887  .00000094  00000-0  77022-4 0  9997
2 31451  98.9772  80.3686 0033168 172.1133   2.1383 14.10809624710648
FENGYUN 1C DEB
1 31451U 99025BUP 21039.89936887  .00000094  00000-0  77022-4 0  9997
2 31451  98.9772  80.3686 0033168 172.1133   2.1383 14.10809624713461
FENGYUN 1C DEB
1 31451U 99025BUP 21041.59777609  .00000087  00000-0  72931-4 0  9998
2 31451  98.9770  82.0653 0033227 167.4330 348.1066 14.10810313710885
FENGYUN 1C DEB
1 31451U 99025BUP 21042.06944942  .00000096  00000-0  78167-4 0  9994
2 31451  98.9769  82.5365 0033244 166.1241 223.6779 14.10810500713771
FENGYUN 1C DEB
1 31451U 99025BUP 21042.59008953  .00000113  00000-0  87492-4 0  9996
2 31451  98.9768  83.0566 0033257 164.6923 347.9326 14.10810738711020
FENGYUN 1C DEB
1 31451U 99025BUP 21043.58322338  .00000140  00000-0  10280-3 0  9992
2 31451  98.9768  84.0488 0033292 161.9214 351.9536 14.10811071711160
FENGYUN 1C DEB
1 31451U 99025BUP 21044.33537785  .00000170  00000-0  11941-3 0  9998
2 31451  98.9766  84.8001 0033322 159.8342 212.0558 14.10811376714093
FENGYUN 1C DEB
1 31451U 99025BUP 21044.33537785  .00000170  00000-0  11941-3 0  9998
2 31451  98.9766  84.8001 0033322 159.8342 212.0558 14.10811376711270
FENGYUN 1C DEB
1 31451U 99025BUP 21044.86363832  .00000193  00000-0  13197-3 0  9996
2 31451  98.9765  85.3279 0033348 158.3426  15.0538 14.10811635711342
FENGYUN 1C DEB
1 31451U 99025BUP 21045.91765340  .00000194  00000-0  13288-3 0  9995
2 31451  98.9764  86.3807 0033383 155.4497 328.2407 14.10811995711493
FENGYUN 1C DEB
1 31451U 99025BUP 21046.39203477  .00000195  00000-0  13337-3 0  9992
2 31451  98.9763  86.8546 0033398 154.1664 217.5360 14.10812226714382
FENGYUN 1C DEB
1 31451U 99025BUP 21046.39203477  .00000195  00000-0  13337-3 0  9992
2 31451  98.9763  86.8546 0033398 154.1664 217.5360 14.10812226711569
FENGYUN 1C DEB
1 31451U 99025BUP 21047.38500826  .00000182  00000-0  12582-3 0  9997
2 31451  98.9762  87.8465 0033435 151.4477 220.6985 14.10812652711700
FENGYUN 1C DEB
1 31451U 99025BUP 21048.37783826  .00000142  00000-0  10380-3 0  9990
2 31451  98.9761  88.8382 0033464 148.7452 223.1179 14.10812994711849
FENGYUN 1C DEB
1 31451U 99025BUP 21048.96620552  .00000123  00000-0  93159-4 0  9996
2 31451  98.9760  89.4259 0033479 147.1485 331.3339 14.10813232711928
FENGYUN 1C DEB
1 31451U 99025BUP 21048.96620552  .00000123  00000-0  93159-4 0  9996
2 31451  98.9760  89.4259 0033479 147.1485 331.3339 14.10813232714741
FENGYUN 1C DEB
1 31451U 99025BUP 21049.37076435  .00000105  00000-0  83272-4 0  9992
2 31451  98.9760  89.8300 0033494 146.0281 226.0409 14.10813345711987
FENGYUN 1C DEB
1 31451U 99025BUP 21050.36373659  .00000078  00000-0  68247-4 0  9995
2 31451  98.9758  90.8219 0033524 143.2988 229.2111 14.10813666712120
FENGYUN 1C DEB
1 31451U 99025BUP 21051.35653594  .00000078  00000-0  68372-4 0  9993
2 31451  98.9757  91.8135 0033549 140.5758 231.4978 14.10814019715086
FENGYUN 1C DEB
1 31451U 99025BUP 21051.59646562  .00000083  00000-0  71107-4 0  9992
2 31451  98.9757  92.0532 0033554 139.9181  10.0664 14.10814130712295
FENGYUN 1C DEB
1 31451U 99025BUP 21052.59111850  .00000125  00000-0  94046-4 0  9994
2 31451  98.9756  93.0467 0033567 137.2057  21.7518 14.10814571712431
FENGYUN 1C DEB
1 31451U 99025BUP 21052.93835712  .00000137  00000-0  10087-3 0  9997
2 31451  98.9755  93.3936 0033574 136.2565 345.3242 14.10814651712488
FENGYUN 1C DEB
1 31451U 99025BUP 21053.34217497  .00000155  00000-0  11099-3 0  9991
2 31451  98.9755  93.7970 0033588 135.1405 236.2667 14.10814818712547
FENGYUN 1C DEB
1 31451U 99025BUP 21053.87051911  .00000182  00000-0  12588-3 0  9990
2 31451  98.9753  94.3247 0033596 133.6898  39.6547 14.10815063715433
FENGYUN 1C DEB
1 31451U 99025BUP 21053.87051911  .00000182  00000-0  12588-3 0  9990
2 31451  98.9753  94.3247 0033596 133.6898  39.6547 14.10815063712610
FENGYUN 1C DEB
1 31451U 99025BUP 21054.57577623  .00000211  00000-0  14209-3 0  9996
2 31451  98.9752  95.0292 0033615 131.7549  21.5584 14.10815395712711
FENGYUN 1C DEB
1 31451U 99025BUP 21055.39920451  .00000234  00000-0  15479-3 0  9993
2 31451  98.9750  95.8516 0033636 129.5014 243.6330 14.10815760712836
FENGYUN 1C DEB
1 31451U 99025BUP 21057.38477999  .00000218  00000-0  14595-3 0  9998
2 31451  98.9746  97.8348 0033671 124.1009 248.0611 14.10816697713113
FENGYUN 1C DEB
1 31451U 99025BUP 21057.38477999  .00000218  00000-0  14595-3 0  9998
2 31451  98.9746  97.8348 0033671 124.1009 248.0611 14.10816697715935
FENGYUN 1C DEB
1 31451U 99025BUP 21058.37761270  .00000176  00000-0  12242-3 0  9996
2 31451  98.9745  98.8264 0033670 121.4199 250.4874 14.10817109713251
FENGYUN 1C DEB
1 31451U 99025BUP 21059.61115281  .00000114  00000-0  87965-4 0  9996
2 31451  98.9743 100.0584 0033663 118.0859  35.4298 14.10817553713420
FENGYUN 1C DEB
1 31451U 99025BUP 21059.61115281  .00000114  00000-0  87965-4 0  9996
2 31451  98.9743 100.0584 0033663 118.0859  35.4298 14.10817553716243
FENGYUN 1C DEB
1 31451U 99025BUP 21060.08357414  .00000097  00000-0  78731-4 0  9996
2 31451  98.9743 100.5303 0033658 116.8063 274.7815 14.10817723713490
FENGYUN 1C DEB
1 31451U 99025BUP 21060.36345547  .00000105  00000-0  82988-4 0  9990
2 31451  98.9743 100.8098 0033651 116.0477 256.2546 14.10817931713530
FENGYUN 1C DEB
1 31451U 99025BUP 21061.35636609  .00000103  00000-0  81857-4 0  9994
2 31451  98.9742 101.8015 0033650 113.3411 259.1055 14.10818383713670
FENGYUN 1C DEB
1 31451U 99025BUP 21062.34918356  .00000126  00000-0  94733-4 0  9998
2 31451  98.9740 102.7931 0033645 110.6421 261.4762 14.10818808716632
FENGYUN 1C DEB
1 31451U 99025BUP 21062.34918356  .00000126  00000-0  94733-4 0  9998
2 31451  98.9740 102.7931 0033645 110.6421 261.4762 14.10818808713819
FENGYUN 1C DEB
1 31451U 99025BUP 21063.35082470  .00000177  00000-0  12328-3 0  9994
2 31451  98.9739 103.7934 0033639 107.9123 308.6703 14.10819383713955
FENGYUN 1C DEB
1 31451U 99025BUP 21063.58269178  .00000188  00000-0  12893-3 0  9990
2 31451  98.9738 104.0249 0033657 107.2661  46.3052 14.10819525713981
FENGYUN 1C DEB
1 31451U 99025BUP 21064.33487311  .00000211  00000-0  14166-3 0  9997
2 31451  98.9737 104.7761 0033658 105.2135 266.5316 14.10819840714093
FENGYUN 1C DEB
1 31451U 99025BUP 21064.86320701  .00000235  00000-0  15554-3 0  9992
2 31451  98.9736 105.3038 0033666 103.7624  69.8786 14.10820193716989
FENGYUN 1C DEB
1 31451U 99025BUP 21064.86320701  .00000235  00000-0  15554-3 0  9992
2 31451  98.9736 105.3038 0033666 103.7624  69.8786 14.10820193714167
FENGYUN 1C DEB
1 31451U 99025BUP 21065.39871888  .00000255  00000-0  16628-3 0  9993
2 31451  98.9735 105.8386 0033676 102.3132 269.6605 14.10820560714244
FENGYUN 1C DEB
1 31451U 99025BUP 21065.56885733  .00000256  00000-0  16706-3 0  9994
2 31451  98.9735 106.0085 0033673 101.8522  53.7679 14.10820657714269
FENGYUN 1C DEB
1 31451U 99025BUP 21066.39140207  .00000257  00000-0  16721-3 0  9994
2 31451  98.9733 106.8299 0033667  99.6225 271.3500 14.10821070714383
FENGYUN 1C DEB
1 31451U 99025BUP 21066.90973674  .00000245  00000-0  16104-3 0  9995
2 31451  98.9732 107.3476 0033633  98.2220  23.8904 14.10821285714452
FENGYUN 1C DEB
1 31451U 99025BUP 21066.90973674  .00000245  00000-0  16104-3 0  9995
2 31451  98.9732 107.3476 0033633  98.2220  23.8904 14.10821285717275
FENGYUN 1C DEB
1 31451U 99025BUP 21067.38450126  .00000228  00000-0  15111-3 0  9998
2 31451  98.9731 107.8218 0033629  96.9361 275.1486 14.10821478714525
FENGYUN 1C DEB
1 31451U 99025BUP 21067.84200184  .00000218  00000-0  14608-3 0  9995
2 31451  98.9730 108.2787 0033615  95.6933  78.7304 14.10821732714581
FENGYUN 1C DEB
1 31451U 99025BUP 21068.37736413  .00000193  00000-0  13183-3 0  9992
2 31451  98.9729 108.8133 0033607  94.2411 277.7588 14.10821932714663
FENGYUN 1C DEB
1 31451U 99025BUP 21069.37030369  .00000150  00000-0  10814-3 0  9991
2 31451  98.9727 109.8049 0033587  91.5334 280.7719 14.10822302717620
FENGYUN 1C DEB
1 31451U 99025BUP 21069.37030369  .00000150  00000-0  10814-3 0  9991
2 31451  98.9727 109.8049 0033587  91.5334 280.7719 14.10822302714807
FENGYUN 1C DEB
1 31451U 99025BUP 21069.95864764  .00000137  00000-0  10061-3 0  9998
2 31451  98.9726 110.3924 0033567  89.9358  28.8895 14.10822554714883
FENGYUN 1C DEB
1 31451U 99025BUP 21070.36311623  .00000128  00000-0  95599-4 0  9996
2 31451  98.9725 110.7963 0033562  88.8316 283.1353 14.10822703714944
FENGYUN 1C DEB
1 31451U 99025BUP 21070.60486619  .00000125  00000-0  94186-4 0  9999
2 31451  98.9725 111.0377 0033553  88.1744  70.9509 14.10822811714973
FENGYUN 1C DEB
1 31451U 99025BUP 21071.07582703  .00000123  00000-0  92836-4 0  9990
2 31451  98.9724 111.5080 0033542  86.8880 302.9037 14.10822990715043
FENGYUN 1C DEB
1 31451U 99025BUP 21071.59702174  .00000130  00000-0  96726-4 0  9993
2 31451  98.9724 112.0285 0033524  85.4713  69.9813 14.10823205717938
FENGYUN 1C DEB
1 31451U 99025BUP 21071.59702174  .00000130  00000-0  96726-4 0  9993
2 31451  98.9724 112.0285 0033524  85.4713  69.9813 14.10823205715116
FENGYUN 1C DEB
1 31451U 99025BUP 21072.34891958  .00000151  00000-0  10838-3 0  9998
2 31451  98.9722 112.7793 0033516  83.4102 288.7875 14.10823540715229
FENGYUN 1C DEB
1 31451U 99025BUP 21072.87670666  .00000169  00000-0  11886-3 0  9990
2 31451  98.9721 113.3063 0033509  81.9664  89.3572 14.10823783715298
FENGYUN 1C DEB
1 31451U 99025BUP 21073.34175591  .00000191  00000-0  13077-3 0  9999
2 31451  98.9720 113.7707 0033500  80.6972 291.2863 14.10824036715362
FENGYUN 1C DEB
1 31451U 99025BUP 21074.05464212  .00000215  00000-0  14431-3 0  9991
2 31451  98.9719 114.4825 0033473  78.7456 311.9554 14.10824346718288
FENGYUN 1C DEB
1 31451U 99025BUP 21074.57568965  .00000226  00000-0  15042-3 0  9999
2 31451  98.9719 115.0028 0033462  77.3152  78.3018 14.10824552715539
FENGYUN 1C DEB
1 31451U 99025BUP 21075.39837759  .00000218  00000-0  14609-3 0  9999
2 31451  98.9718 115.8243 0033439  75.0632 296.6422 14.10824709715658
FENGYUN 1C DEB
1 31451U 99025BUP 21076.90988623  .00000191  00000-0  13085-3 0  9991
2 31451  98.9716 117.3336 0033383  70.9380  53.4197 14.10825256715867
FENGYUN 1C DEB
1 31451U 99025BUP 21076.90988623  .00000191  00000-0  13085-3 0  9991
2 31451  98.9716 117.3336 0033383  70.9380  53.4197 14.10825256718680
FENGYUN 1C DEB
1 31451U 99025BUP 21079.36990488  .00000112  00000-0  87095-4 0  9992
2 31451  98.9712 119.7899 0033265  64.2095 307.5939 14.10826253719039
FENGYUN 1C DEB
1 31451U 99025BUP 21079.36990488  .00000112  00000-0  87095-4 0  9992
2 31451  98.9712 119.7899 0033265  64.2095 307.5939 14.10826253716216
FENGYUN 1C DEB
1 31451U 99025BUP 21080.30199398  .00000096  00000-0  78089-4 0  9993
2 31451  98.9712 120.7206 0033203  61.6346   1.6024 14.10826589716345
FENGYUN 1C DEB
1 31451U 99025BUP 21081.94436552  .00000118  00000-0  90603-4 0  9991
2 31451  98.9709 122.3604 0033118  57.1066  63.0728 14.10827210716575
FENGYUN 1C DEB
1 31451U 99025BUP 21081.94436552  .00000118  00000-0  90603-4 0  9991
2 31451  98.9709 122.3604 0033118  57.1066  63.0728 14.10827210719398
FENGYUN 1C DEB
1 31451U 99025BUP 21082.35753566  .00000120  00000-0  91583-4 0  9995
2 31451  98.9708 122.7729 0033114  55.9711   1.5261 14.10827271716638
FENGYUN 1C DEB
1 31451U 99025BUP 21082.87671689  .00000144  00000-0  10499-3 0  9999
2 31451  98.9706 123.2913 0033104  54.5421 118.4034 14.10827499716705
FENGYUN 1C DEB
1 31451U 99025BUP 21083.06846354  .00000141  00000-0  10321-3 0  9995
2 31451  98.9707 123.4827 0033096  54.0152  12.2668 14.10827488716733
FENGYUN 1C DEB
1 31451U 99025BUP 21083.86972326  .00000178  00000-0  12388-3 0  9997
2 31451  98.9705 124.2828 0033063  51.8077 121.7998 14.10827845716847
FENGYUN 1C DEB
1 31451U 99025BUP 21084.05435889  .00000184  00000-0  12695-3 0  9995
2 31451  98.9705 124.4671 0033052  51.2937 339.5545 14.10827924719693
FENGYUN 1C DEB
1 31451U 99025BUP 21084.34418003  .00000207  00000-0  13956-3 0  9993
2 31451  98.9704 124.7565 0033037  50.4944  11.5341 14.10828142716915
FENGYUN 1C DEB
1 31451U 99025BUP 21085.91650670  .00000235  00000-0  15536-3 0  9992
2 31451  98.9700 126.3262 0032965  46.1671  77.2544 14.10828884717133
FENGYUN 1C DEB
1 31451U 99025BUP 21086.39111998  .00000227  00000-0  15073-3 0  9997
2 31451  98.9700 126.8001 0032937  44.8575 327.7814 14.10829078720027
FENGYUN 1C DEB
1 31451U 99025BUP 21086.39111998  .00000227  00000-0  15073-3 0  9997
2 31451  98.9700 126.8001 0032937  44.8575 327.7814 14.10829078717203
FENGYUN 1C DEB
1 31451U 99025BUP 21088.90479766  .00000137  00000-0  10068-3 0  9995
2 31451  98.9696 129.3096 0032785  37.8715 134.6298 14.10830154717554
FENGYUN 1C DEB
1 31451U 99025BUP 21088.90479766  .00000137  00000-0  10068-3 0  9995
2 31451  98.9696 129.3096 0032785  37.8715 134.6298 14.10830154720378
FENGYUN 1C DEB
1 31451U 99025BUP 21089.89757104  .00000109  00000-0  85488-4 0  9997
2 31451  98.9695 130.3007 0032734  35.1090 136.8846 14.10830617717690
FENGYUN 1C DEB
1 31451U 99025BUP 21090.36249662  .00000110  00000-0  85956-4 0  9998
2 31451  98.9694 130.7649 0032701  33.8232 338.2149 14.10830892717769
FENGYUN 1C DEB
1 31451U 99025BUP 21091.07520698  .00000112  00000-0  87275-4 0  9996
2 31451  98.9693 131.4763 0032659  31.8053 358.0766 14.10831242720684
FENGYUN 1C DEB
1 31451U 99025BUP 21091.07520698  .00000112  00000-0  87275-4 0  9996
2 31451  98.9693 131.4763 0032659  31.8053 358.0766 14.10831242717860
FENGYUN 1C DEB
1 31451U 99025BUP 21091.88339102  .00000129  00000-0  96285-4 0  9992
2 31451  98.9693 132.2832 0032618  29.5459 142.8216 14.10831605717979
FENGYUN 1C DEB
1 31451U 99025BUP 21092.35725758  .00000124  00000-0  93912-4 0  9990
2 31451  98.9692 132.7562 0032593  28.2282  29.5693 14.10831662718047
FENGYUN 1C DEB
1 31451U 99025BUP 21093.34989762  .00000131  00000-0  97746-4 0  9994
2 31451  98.9691 133.7472 0032538  25.4458  31.1678 14.10831827721005
FENGYUN 1C DEB
1 31451U 99025BUP 21093.34989762  .00000131  00000-0  97746-4 0  9994
2 31451  98.9691 133.7472 0032538  25.4458  31.1678 14.10831827718180
FENGYUN 1C DEB
1 31451U 99025BUP 21093.86964524  .00000142  00000-0  10395-3 0  9996
2 31451  98.9690 134.2660 0032504  23.9827 150.9623 14.10831952718257
FENGYUN 1C DEB
1 31451U 99025BUP 21094.05380778  .00000147  00000-0  10670-3 0  9992
2 31451  98.9690 134.4499 0032492  23.4668   6.3200 14.10832019718286
FENGYUN 1C DEB
1 31451U 99025BUP 21095.33583512  .00000140  00000-0  10241-3 0  9992
2 31451  98.9687 135.7297 0032417  19.8939  37.6917 14.10832107718469
FENGYUN 1C DEB
1 31451U 99025BUP 21096.39054399  .00000147  00000-0  10647-3 0  9992
2 31451  98.9684 136.7825 0032343  16.9242 354.5544 14.10832434721438
FENGYUN 1C DEB
1 31451U 99025BUP 21096.39054399  .00000147  00000-0  10647-3 0  9992
2 31451  98.9684 136.7825 0032343  16.9242 354.5544 14.10832434718614
FENGYUN 1C DEB
1 31451U 99025BUP 21097.38347134  .00000126  00000-0  95154-4 0  9998
2 31451  98.9682 137.7736 0032264  14.1127 357.6459 14.10832666718759
FENGYUN 1C DEB
1 31451U 99025BUP 21098.31496611  .00000111  00000-0  86826-4 0  9997
2 31451  98.9680 138.7034 0032194  11.4681  48.7290 14.10832983718883
FENGYUN 1C DEB
1 31451U 99025BUP 21099.30805734  .00000083  00000-0  71243-4 0  9992
2 31451  98.9679 139.6947 0032123   8.6404  52.6712 14.10833271721841
FENGYUN 1C DEB
1 31451U 99025BUP 21099.30805734  .00000083  00000-0  71243-4 0  9992
2 31451  98.9679 139.6947 0032123   8.6404  52.6712 14.10833271719028
FENGYUN 1C DEB
1 31451U 99025BUP 21099.89768039  .00000068  00000-0  62693-4 0  9994
2 31451  98.9677 140.2832 0032098   6.9936 167.3540 14.10833426719103
FENGYUN 1C DEB
1 31451U 99025BUP 21100.37090457  .00000045  00000-0  49816-4 0  9999
2 31451  98.9676 140.7555 0032071   5.6603  50.8604 14.10833446719173
FENGYUN 1C DEB
1 31451U 99025BUP 21101.35485685  .00000049  00000-0  52064-4 0  9992
2 31451  98.9675 141.7376 0032013   2.8664   8.3786 14.10833732722133
FENGYUN 1C DEB
1 31451U 99025BUP 21101.35485685  .00000049  00000-0  52064-4 0  9992
2 31451  98.9675 141.7376 0032013   2.8664   8.3786 14.10833732719319
FENGYUN 1C DEB
1 31451U 99025BUP 21101.94380880  .00000057  00000-0  56470-4 0  9992
2 31451  98.9674 142.3255 0031985   1.1932 119.6815 14.10833896719396
FENGYUN 1C DEB
1 31451U 99025BUP 21102.35685365  .00000066  00000-0  61675-4 0  9997
2 31451  98.9673 142.7378 0031961   0.0266  57.5406 14.10834010719459
FENGYUN 1C DEB
1 31451U 99025BUP 21104.40477632  .00000114  00000-0  88510-4 0  9992
2 31451  98.9669 144.7818 0031845 354.2077  18.9977 14.10834507722561
FENGYUN 1C DEB
1 31451U 99025BUP 21104.40477632  .00000114  00000-0  88510-4 0  9992
2 31451  98.9669 144.7818 0031845 354.2077  18.9977 14.10834507719747
FENGYUN 1C DEB
1 31451U 99025BUP 21105.39761719  .00000134  00000-0  99652-4 0  9994
2 31451  98.9668 145.7727 0031783 351.3663  21.6870 14.10834825719887
FENGYUN 1C DEB
1 31451U 99025BUP 21105.98533892  .00000128  00000-0  96288-4 0  9993
2 31451  98.9667 146.3593 0031746 349.6766 126.7639 14.10834950719965
FENGYUN 1C DEB
1 31451U 99025BUP 21107.91138880  .00000094  00000-0  77148-4 0  9992
2 31451  98.9664 148.2816 0031632 344.1034 189.3365 14.10835515720234
FENGYUN 1C DEB
1 31451U 99025BUP 21107.97133303  .00000105  00000-0  83321-4 0  9996
2 31451  98.9664 148.3415 0031629 343.9411 133.7887 14.10835679723069
FENGYUN 1C DEB
1 31451U 99025BUP 21108.38702730  .00000095  00000-0  77745-4 0  9999
2 31451  98.9664 148.7563 0031603 342.7415  85.1337 14.10835856720301
FENGYUN 1C DEB
1 31451U 99025BUP 21109.08861955  .00000081  00000-0  70210-4 0  9997
2 31451  98.9662 149.4565 0031569 340.7201  48.5745 14.10836130720404
FENGYUN 1C DEB
1 31451U 99025BUP 21109.89759182  .00000066  00000-0  61584-4 0  9991
2 31451  98.9662 150.2639 0031530 338.3491 197.4467 14.10836366720516
FENGYUN 1C DEB
1 31451U 99025BUP 21110.08116938  .00000063  00000-0  59896-4 0  9990
2 31451  98.9661 150.4472 0031520 337.8200  49.8515 14.10836430723365
FENGYUN 1C DEB
1 31451U 99025BUP 21110.36192969  .00000054  00000-0  54762-4 0  9996
2 31451  98.9661 150.7273 0031503 337.0232  35.8423 14.10836447720587
FENGYUN 1C DEB
1 31451U 99025BUP 21111.35447046  .00000060  00000-0  58113-4 0  9996
2 31451  98.9659 151.7179 0031458 334.1576  37.0394 14.10836744720725
FENGYUN 1C DEB
1 31451U 99025BUP 21112.34760395  .00000079  00000-0  68996-4 0  9991
2 31451  98.9658 152.7091 0031412 331.2989  41.2384 14.10837003723687
FENGYUN 1C DEB
1 31451U 99025BUP 21112.34760395  .00000079  00000-0  68996-4 0  9991
2 31451  98.9658 152.7091 0031412 331.2989  41.2384 14.10837003720864
FENGYUN 1C DEB
1 31451U 99025BUP 21113.06061823  .00000105  00000-0  83495-4 0  9992
2 31451  98.9657 153.4206 0031380 329.2369  62.7014 14.10837244720968
FENGYUN 1C DEB
1 31451U 99025BUP 21113.58164639  .00000126  00000-0  95156-4 0  9998
2 31451  98.9656 153.9406 0031355 327.7329 189.0475 14.10837442721038
FENGYUN 1C DEB
1 31451U 99025BUP 21114.57540847  .00000159  00000-0  11345-3 0  9990
2 31451  98.9654 154.9324 0031308 324.8644 196.4505 14.10837826723991
FENGYUN 1C DEB
1 31451U 99025BUP 21114.92245664  .00000172  00000-0  12081-3 0  9991
2 31451  98.9653 155.2787 0031293 323.8576 159.1437 14.10837991721220
FENGYUN 1C DEB
1 31451U 99025BUP 21115.91567510  .00000191  00000-0  13094-3 0  9994
2 31451  98.9652 156.2699 0031249 320.9551 163.8247 14.10838495721360
FENGYUN 1C DEB
1 31451U 99025BUP 21115.98510484  .00000189  00000-0  12993-3 0  9993
2 31451  98.9652 156.3392 0031245 320.7507 156.4685 14.10838521721371
FENGYUN 1C DEB
1 31451U 99025BUP 21117.38286244  .00000158  00000-0  11275-3 0  9991
2 31451  98.9650 157.7340 0031190 316.6184  55.9058 14.10839108724395
FENGYUN 1C DEB
1 31451U 99025BUP 21117.38286244  .00000158  00000-0  11275-3 0  9991
2 31451  98.9650 157.7340 0031190 316.6184  55.9058 14.10839108721572
FENGYUN 1C DEB
1 31451U 99025BUP 21119.37953802  .00000104  00000-0  82976-4 0  9991
2 31451  98.9647 159.7266 0031143 310.7956 117.2708 14.10840050721850
FENGYUN 1C DEB
1 31451U 99025BUP 21120.37201774  .00000089  00000-0  74753-4 0  9993
2 31451  98.9646 160.7170 0031118 307.8852 118.2167 14.10840460724813
FENGYUN 1C DEB
1 31451U 99025BUP 21120.37201774  .00000089  00000-0  74753-4 0  9993
2 31451  98.9646 160.7170 0031118 307.8852 118.2167 14.10840460721999
FENGYUN 1C DEB
1 31451U 99025BUP 21121.59459287  .00000094  00000-0  77373-4 0  9999
2 31451  98.9645 161.9370 0031093 304.3236 207.8265 14.10840889722162
FENGYUN 1C DEB
1 31451U 99025BUP 21122.34671301  .00000114  00000-0  88518-4 0  9992
2 31451  98.9643 162.6875 0031074 302.1333  67.9374 14.10841152722273
FENGYUN 1C DEB
1 31451U 99025BUP 21123.35001367  .00000131  00000-0  97795-4 0  9999
2 31451  98.9642 163.6887 0031060 299.2015 123.8345 14.10841339725230
FENGYUN 1C DEB
1 31451U 99025BUP 21123.58117473  .00000136  00000-0  10048-3 0  9990
2 31451  98.9641 163.9194 0031055 298.5231 217.9354 14.10841411722445
FENGYUN 1C DEB
1 31451U 99025BUP 21123.86867860  .00000144  00000-0  10507-3 0  9992
2 31451  98.9641 164.2063 0031051 297.6835 238.2057 14.10841485722481
FENGYUN 1C DEB
1 31451U 99025BUP 21124.40340102  .00000154  00000-0  11057-3 0  9990
2 31451  98.9640 164.7398 0031041 296.1150  74.1388 14.10841633722567
FENGYUN 1C DEB
1 31451U 99025BUP 21125.85455355  .00000159  00000-0  11345-3 0  9992
2 31451  98.9637 166.1878 0031023 291.8563 244.7591 14.10842048722766
FENGYUN 1C DEB
1 31451U 99025BUP 21126.38962894  .00000151  00000-0  10877-3 0  9993
2 31451  98.9636 166.7217 0031021 290.2727  82.5010 14.10842208722842
FENGYUN 1C DEB
1 31451U 99025BUP 21127.38239809  .00000121  00000-0  92302-4 0  9998
2 31451  98.9635 167.7123 0031020 287.3495  84.9357 14.10842446722985
FENGYUN 1C DEB
1 31451U 99025BUP 21127.91119399  .00000099  00000-0  80184-4 0  9997
2 31451  98.9634 168.2399 0031038 285.7607 250.8075 14.10842541723057
FENGYUN 1C DEB
1 31451U 99025BUP 21127.91119399  .00000099  00000-0  80184-4 0  9997
2 31451  98.9634 168.2399 0031038 285.7607 250.8075 14.10842541725879
FENGYUN 1C DEB
1 31451U 99025BUP 21128.37539725  .00000070  00000-0  63760-4 0  9997
2 31451  98.9633 168.7029 0031021 284.4046  88.5597 14.10842525723121
FENGYUN 1C DEB
1 31451U 99025BUP 21128.90344950  .00000054  00000-0  55195-4 0  9995
2 31451  98.9632 169.2298 0031026 282.8479 250.6250 14.10842648723192
FENGYUN 1C DEB
1 31451U 99025BUP 21129.08729046  .00000049  00000-0  52005-4 0  9999
2 31451  98.9631 169.4131 0031027 282.3015 104.3881 14.10842689723225
FENGYUN 1C DEB
1 31451U 99025BUP 21129.89685106  .00000035  00000-0  44392-4 0  9991
2 31451  98.9630 170.2209 0031033 279.9204 256.2758 14.10842869723331
FENGYUN 1C DEB
1 31451U 99025BUP 21130.36111141  .00000034  00000-0  44076-4 0  9996
2 31451  98.9630 170.6841 0031033 278.5559  94.3276 14.10843001726221
FENGYUN 1C DEB
1 31451U 99025BUP 21130.36111141  .00000034  00000-0  44076-4 0  9996
2 31451  98.9630 170.6841 0031033 278.5559  94.3276 14.10843001723408
FENGYUN 1C DEB
1 31451U 99025BUP 21130.88930933  .00000040  00000-0  47186-4 0  9993
2 31451  98.9630 171.2111 0031032 277.0156 257.1163 14.10843154723471
FENGYUN 1C DEB
1 31451U 99025BUP 21131.07346525  .00000042  00000-0  48475-4 0  9997
2 31451  98.9629 171.3948 0031032 276.4744 112.4734 14.10843212723500
FENGYUN 1C DEB
1 31451U 99025BUP 21132.35693469  .00000094  00000-0  77194-4 0  9998
2 31451  98.9628 172.6754 0031049 272.7052 151.4174 14.10843783723680
FENGYUN 1C DEB
1 31451U 99025BUP 21132.93583628  .00000148  00000-0  10735-3 0  9994
2 31451  98.9627 173.2530 0031038 271.0292 211.7267 14.10844200726584
FENGYUN 1C DEB
1 31451U 99025BUP 21133.34830039  .00000158  00000-0  11273-3 0  9990
2 31451  98.9627 173.6643 0031046 269.7712 146.7450 14.10844386723823
FENGYUN 1C DEB
1 31451U 99025BUP 21134.34214184  .00000194  00000-0  13274-3 0  9991
2 31451  98.9625 174.6558 0031059 266.8595 154.6197 14.10844924723967
FENGYUN 1C DEB
1 31451U 99025BUP 21136.90785941  .00000141  00000-0  10318-3 0  9997
2 31451  98.9622 177.2156 0031126 259.3410 226.3051 14.10845784724327
FENGYUN 1C DEB
1 31451U 99025BUP 21137.91066653  .00000099  00000-0  79871-4 0  9993
2 31451  98.9621 178.2161 0031172 256.3937 279.7321 14.10846052724461
FENGYUN 1C DEB
1 31451U 99025BUP 21139.37876255  .00000057  00000-0  56541-4 0  9995
2 31451  98.9619 179.6806 0031228 252.0819 176.4388 14.10846461727499
FENGYUN 1C DEB
1 31451U 99025BUP 21139.37876255  .00000057  00000-0  56541-4 0  9995
2 31451  98.9619 179.6806 0031228 252.0819 176.4388 14.10846461724676
FENGYUN 1C DEB
1 31451U 99025BUP 21140.60131965  .00000072  00000-0  64770-4 0  9995
2 31451  98.9618 180.9003 0031270 248.5314 265.9731 14.10846944724847
FENGYUN 1C DEB
1 31451U 99025BUP 21142.35530156  .00000134  00000-0  99278-4 0  9994
2 31451  98.9616 182.6501 0031339 243.4118 174.7153 14.10847686727919
FENGYUN 1C DEB
1 31451U 99025BUP 21143.34794073  .00000183  00000-0  12678-3 0  9996
2 31451  98.9615 183.6403 0031378 240.5186 176.4796 14.10848212725237
FENGYUN 1C DEB
1 31451U 99025BUP 21144.40303066  .00000218  00000-0  14599-3 0  9995
2 31451  98.9614 184.6930 0031428 237.4564 135.4295 14.10848747728205
FENGYUN 1C DEB
1 31451U 99025BUP 21144.40303066  .00000218  00000-0  14599-3 0  9995
2 31451  98.9614 184.6930 0031428 237.4564 135.4295 14.10848747725381
FENGYUN 1C DEB
1 31451U 99025BUP 21145.39540747  .00000213  00000-0  14322-3 0  9992
2 31451  98.9613 185.6829 0031480 234.5691 135.8602 14.10849167725524
FENGYUN 1C DEB
1 31451U 99025BUP 21147.38157919  .00000134  00000-0  99112-4 0  9991
2 31451  98.9610 187.6643 0031592 228.8345 143.8852 14.10849809728626
FENGYUN 1C DEB
1 31451U 99025BUP 21148.37453350  .00000118  00000-0  90667-4 0  9997
2 31451  98.9609 188.6547 0031654 225.9710 147.2290 14.10850309725944
FENGYUN 1C DEB
1 31451U 99025BUP 21149.37839449  .00000088  00000-0  73672-4 0  9998
2 31451  98.9610 189.6562 0031723 223.1048 205.9419 14.10850712726084
FENGYUN 1C DEB
1 31451U 99025BUP 21149.60782770  .00000086  00000-0  72705-4 0  9992
2 31451  98.9609 189.8851 0031738 222.4480 291.2584 14.10850824728934
FENGYUN 1C DEB
1 31451U 99025BUP 21149.60782770  .00000086  00000-0  72705-4 0  9992
2 31451  98.9609 189.8851 0031738 222.4480 291.2584 14.10850824726112
FENGYUN 1C DEB
1 31451U 99025BUP 21150.36877611  .00000085  00000-0  72149-4 0  9997
2 31451  98.9609 190.6442 0031774 220.2762 196.1926 14.10851096726224
FENGYUN 1C DEB
1 31451U 99025BUP 21150.60080406  .00000087  00000-0  73388-4 0  9990
2 31451  98.9609 190.8757 0031787 219.6127 294.6875 14.10851202726255
FENGYUN 1C DEB
1 31451U 99025BUP 21151.36181913  .00000094  00000-0  77238-4 0  9995
2 31451  98.9608 191.6348 0031832 217.4270 199.9741 14.10851410726367
FENGYUN 1C DEB
1 31451U 99025BUP 21151.88147845  .00000106  00000-0  83702-4 0  9995
2 31451  98.9608 192.1532 0031858 215.9388 319.3820 14.10851574726434
FENGYUN 1C DEB
1 31451U 99025BUP 21151.88147845  .00000106  00000-0  83702-4 0  9995
2 31451  98.9608 192.1532 0031858 215.9388 319.3820 14.10851574729257
FENGYUN 1C DEB
1 31451U 99025BUP 21152.34604034  .00000121  00000-0  92181-4 0  9993
2 31451  98.9607 192.6166 0031884 214.6042 158.9484 14.10851745726504
FENGYUN 1C DEB
1 31451U 99025BUP 21152.87442795  .00000146  00000-0  10584-3 0  9998
2 31451  98.9607 193.1436 0031914 213.0934 322.6865 14.10851966726572
FENGYUN 1C DEB
1 31451U 99025BUP 21153.40964542  .00000159  00000-0  11319-3 0  9998
2 31451  98.9606 193.6775 0031944 211.5582 161.1195 14.10852142726655
FENGYUN 1C DEB
1 31451U 99025BUP 21153.92782470  .00000164  00000-0  11611-3 0  9994
2 31451  98.9606 194.1944 0031973 210.0777 273.0079 14.10852268729545
FENGYUN 1C DEB
1 31451U 99025BUP 21154.40250326  .00000178  00000-0  12381-3 0  9998
2 31451  98.9605 194.6679 0032006 208.7206 163.9531 14.10852477726799
FENGYUN 1C DEB
1 31451U 99025BUP 21155.85311115  .00000182  00000-0  12607-3 0  9998
2 31451  98.9604 196.1148 0032110 204.5985 331.7292 14.10853029726995
FENGYUN 1C DEB
1 31451U 99025BUP 21155.98340547  .00000178  00000-0  12397-3 0  9994
2 31451  98.9604 196.2448 0032121 204.2325 273.5024 14.10853065729838
FENGYUN 1C DEB
1 31451U 99025BUP 21155.98340547  .00000178  00000-0  12397-3 0  9994
2 31451  98.9604 196.2448 0032121 204.2325 273.5024 14.10853065727016
FENGYUN 1C DEB
1 31451U 99025BUP 21156.90701653  .00000149  00000-0  10737-3 0  9990
2 31451  98.9603 197.1660 0032190 201.6167 284.6043 14.10853334727149
FENGYUN 1C DEB
1 31451U 99025BUP 21157.38124543  .00000132  00000-0  98206-4 0  9990
2 31451  98.9603 197.6390 0032226 200.2760 173.2529 14.10853493727214
FENGYUN 1C DEB
1 31451U 99025BUP 21157.90967103  .00000099  00000-0  79994-4 0  9990
2 31451  98.9602 198.1661 0032264 198.7902 337.1633 14.10853592727285
FENGYUN 1C DEB
1 31451U 99025BUP 21158.37409051  .00000086  00000-0  72381-4 0  9994
2 31451  98.9602 198.6293 0032297 197.4782 175.9886 14.10853755730170
FENGYUN 1C DEB
1 31451U 99025BUP 21158.37409051  .00000086  00000-0  72381-4 0  9994
2 31451  98.9602 198.6293 0032297 197.4782 175.9886 14.10853755727356
FENGYUN 1C DEB
1 31451U 99025BUP 21158.96233977  .00000075  00000-0  66322-4 0  9997
2 31451  98.9601 199.2160 0032338 195.8310 283.7414 14.10853981727435
FENGYUN 1C DEB
1 31451U 99025BUP 21159.37760503  .00000071  00000-0  64304-4 0  9997
2 31451  98.9601 199.6302 0032367 194.6524 232.9140 14.10854134727492
FENGYUN 1C DEB
1 31451U 99025BUP 21160.35983227  .00000071  00000-0  64257-4 0  9994
2 31451  98.9600 200.6099 0032428 191.8822 181.7244 14.10854468727637
FENGYUN 1C DEB
1 31451U 99025BUP 21161.07194237  .00000087  00000-0  73289-4 0  9991
2 31451  98.9600 201.3201 0032471 189.8788 198.5837 14.10854739727732
FENGYUN 1C DEB
1 31451U 99025BUP 21162.87372883  .00000148  00000-0  10709-3 0  9990
2 31451  98.9598 203.1172 0032577 184.7879 350.0137 14.10855423727983
FENGYUN 1C DEB
1 31451U 99025BUP 21162.87372883  .00000148  00000-0  10709-3 0  9990
2 31451  98.9598 203.1172 0032577 184.7879 350.0137 14.10855423730808
FENGYUN 1C DEB
1 31451U 99025BUP 21163.34706226  .00000162  00000-0  11496-3 0  9995
2 31451  98.9598 203.5893 0032614 183.4622 234.1044 14.10855614728051
FENGYUN 1C DEB
1 31451U 99025BUP 21163.92729547  .00000175  00000-0  12211-3 0  9990
2 31451  98.9597 204.1680 0032654 181.8369 301.1465 14.10855822728137
FENGYUN 1C DEB
1 31451U 99025BUP 21164.40233978  .00000174  00000-0  12130-3 0  9991
2 31451  98.9597 204.6418 0032689 180.5027 193.9313 14.10855950728205
FENGYUN 1C DEB
1 31451U 99025BUP 21165.39511626  .00000159  00000-0  11289-3 0  9996
2 31451  98.9596 205.6320 0032767 177.7402 196.2909 14.10856212731167
FENGYUN 1C DEB
1 31451U 99025BUP 21165.39511626  .00000159  00000-0  11289-3 0  9996
2 31451  98.9596 205.6320 0032767 177.7402 196.2909 14.10856212728343
FENGYUN 1C DEB
1 31451U 99025BUP 21166.38790655  .00000120  00000-0  91564-4 0  9990
2 31451  98.9596 206.6222 0032838 174.9910 198.7087 14.10856409728484
FENGYUN 1C DEB
1 31451U 99025BUP 21166.84531873  .00000107  00000-0  84006-4 0  9994
2 31451  98.9595 207.0784 0032867 173.7258   1.9209 14.10856549728548
FENGYUN 1C DEB
1 31451U 99025BUP 21167.31902927  .00000089  00000-0  74413-4 0  9999
2 31451  98.9595 207.5508 0032901 172.4187 247.9100 14.10856683728612
FENGYUN 1C DEB
1 31451U 99025BUP 21167.90881826  .00000077  00000-0  67570-4 0  9991
2 31451  98.9594 208.1390 0032941 170.7916   3.4653 14.10856898728696
FENGYUN 1C DEB
1 31451U 99025BUP 21167.90881826  .00000077  00000-0  67570-4 0  9991
2 31451  98.9594 208.1390 0032941 170.7916   3.4653 14.10856898731511
FENGYUN 1C DEB
1 31451U 99025BUP 21168.37312774  .00000069  00000-0  63143-4 0  9997
2 31451  98.9594 208.6021 0032975 169.5160 201.7015 14.10857098728762
FENGYUN 1C DEB
1 31451U 99025BUP 21168.96178306  .00000055  00000-0  55332-4 0  9999
2 31451  98.9594 209.1892 0033012 167.8976 311.4935 14.10857264728847
FENGYUN 1C DEB
1 31451U 99025BUP 21169.37708632  .00000053  00000-0  54187-4 0  9991
2 31451  98.9594 209.6034 0033037 166.7512 260.8320 14.10857434728902
FENGYUN 1C DEB
1 31451U 99025BUP 21169.60677005  .00000053  00000-0  54318-4 0  9992
2 31451  98.9594 209.8325 0033051 166.1207 347.3994 14.10857530728936
FENGYUN 1C DEB
1 31451U 99025BUP 21170.36786059  .00000048  00000-0  51317-4 0  9997
2 31451  98.9594 210.5916 0033089 164.0058 253.0155 14.10857663729045
FENGYUN 1C DEB
1 31451U 99025BUP 21170.88750755  .00000049  00000-0  52134-4 0  9997
2 31451  98.9594 211.1099 0033118 162.5761  12.3137 14.10857744729115
FENGYUN 1C DEB
1 31451U 99025BUP 21171.36240922  .00000051  00000-0  53164-4 0  9998
2 31451  98.9594 211.5835 0033146 161.2636 264.3552 14.10857787732004
FENGYUN 1C DEB
1 31451U 99025BUP 21171.36240922  .00000051  00000-0  53164-4 0  9998
2 31451  98.9594 211.5835 0033146 161.2636 264.3552 14.10857787729189
FENGYUN 1C DEB
1 31451U 99025BUP 21172.35495551  .00000086  00000-0  72396-4 0  9994
2 31451  98.9594 212.5734 0033199 158.5036 265.5491 14.10858041732148
FENGYUN 1C DEB
1 31451U 99025BUP 21172.35495551  .00000086  00000-0  72396-4 0  9994
2 31451  98.9594 212.5734 0033199 158.5036 265.5491 14.10858041729324
FENGYUN 1C DEB
1 31451U 99025BUP 21173.33793321  .00000119  00000-0  90910-4 0  9998
2 31451  98.9593 213.5538 0033256 155.7918 218.1229 14.10858280729461
FENGYUN 1C DEB
1 31451U 99025BUP 21174.40168896  .00000151  00000-0  10840-3 0  9999
2 31451  98.9593 214.6147 0033319 152.8726 220.9578 14.10858645729614
FENGYUN 1C DEB
1 31451U 99025BUP 21174.91979258  .00000159  00000-0  11276-3 0  9999
2 31451  98.9592 215.1315 0033344 151.4429 332.4244 14.10858843729685
FENGYUN 1C DEB
1 31451U 99025BUP 21175.39456139  .00000162  00000-0  11437-3 0  9993
2 31451  98.9592 215.6050 0033371 150.1557 223.7696 14.10859043729758
FENGYUN 1C DEB
1 31451U 99025BUP 21176.38735273  .00000140  00000-0  10236-3 0  9994
2 31451  98.9592 216.5951 0033423 147.4622 226.1476 14.10859353729890
FENGYUN 1C DEB
1 31451U 99025BUP 21177.38015372  .00000101  00000-0  80808-4 0  9996
2 31451  98.9591 217.5852 0033469 144.7745 228.5704 14.10859652732858
FENGYUN 1C DEB
1 31451U 99025BUP 21177.38015372  .00000101  00000-0  80808-4 0  9996
2 31451  98.9591 217.5852 0033469 144.7745 228.5704 14.10859652730036
FENGYUN 1C DEB
1 31451U 99025BUP 21178.37293999  .00000065  00000-0  60963-4 0  9998
2 31451  98.9591 218.5753 0033512 142.0670 230.9397 14.10859972730179
FENGYUN 1C DEB
1 31451U 99025BUP 21178.61364771  .00000056  00000-0  56036-4 0  9998
2 31451  98.9590 218.8154 0033520 141.4178  13.4889 14.10860051730205
FENGYUN 1C DEB
1 31451U 99025BUP 21179.36587030  .00000047  00000-0  50689-4 0  9994
2 31451  98.9590 219.5656 0033548 139.3673 234.0330 14.10860310730318
FENGYUN 1C DEB
1 31451U 99025BUP 21180.07831116  .00000051  00000-0  52729-4 0  9993
2 31451  98.9590 220.2761 0033569 137.4277 252.5230 14.10860573733235
FENGYUN 1C DEB
1 31451U 99025BUP 21180.07831116  .00000051  00000-0  52729-4 0  9993
2 31451  98.9590 220.2761 0033569 137.4277 252.5230 14.10860573730412
FENGYUN 1C DEB
1 31451U 99025BUP 21180.88700082  .00000065  00000-0  60899-4 0  9991
2 31451  98.9589 221.0826 0033602 135.2183  39.8686 14.10860801730528
FENGYUN 1C DEB
1 31451U 99025BUP 21181.36184112  .00000065  00000-0  60796-4 0  9991
2 31451  98.9589 221.5561 0033621 133.9166 291.5929 14.10860840730593
FENGYUN 1C DEB
1 31451U 99025BUP 21182.34449145  .00000110  00000-0  85932-4 0  9990
2 31451  98.9588 222.5361 0033656 131.2368 242.4830 14.10861180733557
FENGYUN 1C DEB
1 31451U 99025BUP 21182.58535119  .00000108  00000-0  84522-4 0  9994
2 31451  98.9588 222.7763 0033665 130.5865  25.8050 14.10861169730763
FENGYUN 1C DEB
1 31451U 99025BUP 21182.87219767  .00000111  00000-0  86277-4 0  9997
2 31451  98.9588 223.0624 0033671 129.8069  42.6981 14.10861178730802
FENGYUN 1C DEB
1 31451U 99025BUP 21183.34703883  .00000125  00000-0  94083-4 0  9996
2 31451  98.9588 223.5359 0033687 128.5127 294.4203 14.10861298730874
FENGYUN 1C DEB
1 31451U 99025BUP 21184.40115030  .00000136  00000-0  10031-3 0  9997
2 31451  98.9588 224.5871 0033721 125.6517 248.2501 14.10861497733843
FENGYUN 1C DEB
1 31451U 99025BUP 21184.40115030  .00000136  00000-0  10031-3 0  9997
2 31451  98.9588 224.5871 0033721 125.6517 248.2501 14.10861497731021
FENGYUN 1C DEB
1 31451U 99025BUP 21184.85846443  .00000140  00000-0  10251-3 0  9994
2 31451  98.9587 225.0432 0033732 124.4051  50.9539 14.10861635731080
FENGYUN 1C DEB
1 31451U 99025BUP 21185.39393072  .00000138  00000-0  10128-3 0  9999
2 31451  98.9587 225.5772 0033743 122.9730 250.5663 14.10861803731163
FENGYUN 1C DEB
1 31451U 99025BUP 21185.85142926  .00000137  00000-0  10095-3 0  9992
2 31451  98.9587 226.0335 0033751 121.7301  54.2034 14.10861980731228
FENGYUN 1C DEB
1 31451U 99025BUP 21186.84430954  .00000110  00000-0  85700-4 0  9990
2 31451  98.9587 227.0236 0033765 119.0467  57.0338 14.10862284734181
FENGYUN 1C DEB
1 31451U 99025BUP 21186.84430954  .00000110  00000-0  85700-4 0  9990
2 31451  98.9587 227.0236 0033765 119.0467  57.0338 14.10862284731368
FENGYUN 1C DEB
1 31451U 99025BUP 21187.37958188  .00000097  00000-0  78234-4 0  9991
2 31451  98.9587 227.5574 0033769 117.6332 255.6456 14.10862530731447
FENGYUN 1C DEB
1 31451U 99025BUP 21188.90076142  .00000056  00000-0  55701-4 0  9991
2 31451  98.9586 229.0743 0033778 113.5344  61.6943 14.10863027734473
FENGYUN 1C DEB
1 31451U 99025BUP 21188.96058051  .00000055  00000-0  55004-4 0  9991
2 31451  98.9586 229.1340 0033779 113.3751   5.5127 14.10863043731665
FENGYUN 1C DEB
1 31451U 99025BUP 21189.60578453  .00000049  00000-0  51577-4 0  9990
2 31451  98.9586 229.7774 0033787 111.6268  42.5045 14.10863255731750
FENGYUN 1C DEB
1 31451U 99025BUP 21190.35816462  .00000048  00000-0  51458-4 0  9996
2 31451  98.9586 230.5277 0033796 109.5839 263.8479 14.10863428731861
FENGYUN 1C DEB
1 31451U 99025BUP 21190.94656517  .00000060  00000-0  57907-4 0  9993
2 31451  98.9585 231.1144 0033801 107.9879  12.3368 14.10863598734767
FENGYUN 1C DEB
1 31451U 99025BUP 21191.59106955  .00000079  00000-0  68664-4 0  9993
2 31451  98.9585 231.7572 0033805 106.2375  45.7795 14.10863791732032
FENGYUN 1C DEB
1 31451U 99025BUP 21191.93955243  .00000090  00000-0  74526-4 0  9990
2 31451  98.9585 232.1047 0033809 105.2916  15.7263 14.10863864732081
FENGYUN 1C DEB
1 31451U 99025BUP 21192.58392480  .00000117  00000-0  89389-4 0  9993
2 31451  98.9585 232.7473 0033816 103.5479  48.4930 14.10864097732176
FENGYUN 1C DEB
1 31451U 99025BUP 21192.93264212  .00000129  00000-0  96391-4 0  9997
2 31451  98.9584 233.0950 0033822 102.5983  19.6342 14.10864199732221
FENGYUN 1C DEB
1 31451U 99025BUP 21193.05644556  .00000134  00000-0  98850-4 0  9992
2 31451  98.9584 233.2184 0033824 102.2724 288.4228 14.10864255735061
FENGYUN 1C DEB
1 31451U 99025BUP 21193.57845850  .00000135  00000-0  99452-4 0  9999
2 31451  98.9584 233.7390 0033826 100.8554  59.7305 14.10864317732311
FENGYUN 1C DEB
1 31451U 99025BUP 21194.57086963  .00000129  00000-0  96315-4 0  9990
2 31451  98.9583 234.7286 0033822  98.1864  60.1712 14.10864495732454
FENGYUN 1C DEB
1 31451U 99025BUP 21195.04220288  .00000124  00000-0  93360-4 0  9995
2 31451  98.9583 235.1986 0033816  96.9164 294.0685 14.10864601732522
FENGYUN 1C DEB
1 31451U 99025BUP 21195.56475973  .00000097  00000-0  78366-4 0  9993
2 31451  98.9583 235.7197 0033803  95.5172  68.1205 14.10864589735416
FENGYUN 1C DEB
1 31451U 99025BUP 21195.56475973  .00000097  00000-0  78366-4 0  9993
2 31451  98.9583 235.7197 0033803  95.5172  68.1205 14.10864589732592
FENGYUN 1C DEB
1 31451U 99025BUP 21197.96700412  .00000016  00000-0  33663-4 0  9990
2 31451  98.9582 238.1153 0033751  89.0397  29.1064 14.10865018735758
FENGYUN 1C DEB
1 31451U 99025BUP 21198.38260601  .00000006  00000-0  27841-4 0  9998
2 31451  98.9582 238.5297 0033740  87.9346 339.9310 14.10865102732993
FENGYUN 1C DEB
1 31451U 99025BUP 21199.60446767 -.00000003  00000-0  23032-4 0  9999
2 31451  98.9582 239.7481 0033708  84.6368  65.7635 14.10865345733166
FENGYUN 1C DEB
1 31451U 99025BUP 21200.35748213 -.00000001  00000-0  24169-4 0  9995
2 31451  98.9582 240.4991 0033711  82.5361 290.3895 14.10865380736093
FENGYUN 1C DEB
1 31451U 99025BUP 21200.59753171 -.00000004  00000-0  22569-4 0  9995
2 31451  98.9583 240.7383 0033706  81.9273  69.5608 14.10865337733302
FENGYUN 1C DEB
1 31451U 99025BUP 21201.06997885  .00000010  00000-0  30057-4 0  9997
2 31451  98.9583 241.2095 0033691  80.6252 309.1452 14.10865394733374
FENGYUN 1C DEB
1 31451U 99025BUP 21201.87863603  .00000053  00000-0  54163-4 0  9997
2 31451  98.9582 242.0159 0033696  78.4084  96.3475 14.10865618733487
FENGYUN 1C DEB
1 31451U 99025BUP 21202.34329245  .00000078  00000-0  68213-4 0  9997
2 31451  98.9583 242.4793 0033682  77.1470 296.3438 14.10865757733559
FENGYUN 1C DEB
1 31451U 99025BUP 21203.34569625  .00000119  00000-0  90965-4 0  9991
2 31451  98.9582 243.4789 0033655  74.4215 347.5716 14.10866033736516
FENGYUN 1C DEB
1 31451U 99025BUP 21203.34569625  .00000119  00000-0  90965-4 0  9991
2 31451  98.9582 243.4789 0033655  74.4215 347.5716 14.10866033733692
FENGYUN 1C DEB
1 31451U 99025BUP 21203.92489906  .00000141  00000-0  10268-3 0  9990
2 31451  98.9582 244.0565 0033639  72.8471  49.3540 14.10866233733772
FENGYUN 1C DEB
1 31451U 99025BUP 21204.56981369  .00000155  00000-0  11054-3 0  9990
2 31451  98.9582 244.6995 0033612  71.1053  84.8778 14.10866507733865
FENGYUN 1C DEB
1 31451U 99025BUP 21205.39282588  .00000148  00000-0  10661-3 0  9994
2 31451  98.9581 245.5201 0033577  68.8917 304.9517 14.10866762733989
FENGYUN 1C DEB
1 31451U 99025BUP 21205.85016515  .00000138  00000-0  10123-3 0  9992
2 31451  98.9581 245.9762 0033554  67.6344 107.8029 14.10866917734049
FENGYUN 1C DEB
1 31451U 99025BUP 21206.91394751  .00000108  00000-0  84587-4 0  9994
2 31451  98.9580 247.0369 0033506  64.7343 110.7889 14.10867312734191
FENGYUN 1C DEB
1 31451U 99025BUP 21207.37849707  .00000088  00000-0  73380-4 0  9997
2 31451  98.9580 247.5002 0033481  63.4709 310.2488 14.10867452734269
FENGYUN 1C DEB
1 31451U 99025BUP 21207.90677616  .00000069  00000-0  62917-4 0  9997
2 31451  98.9580 248.0270 0033464  62.0207 113.4065 14.10867614737156
FENGYUN 1C DEB
1 31451U 99025BUP 21208.61145897  .00000056  00000-0  55624-4 0  9990
2 31451  98.9580 248.7297 0033427  60.0887  92.5263 14.10867906734432
FENGYUN 1C DEB
1 31451U 99025BUP 21209.60445105  .00000045  00000-0  49802-4 0  9994
2 31451  98.9580 249.7198 0033386  57.3645  95.9852 14.10868212734575
FENGYUN 1C DEB
1 31451U 99025BUP 21210.08190840  .00000063  00000-0  59707-4 0  9996
2 31451  98.9577 250.1958 0033349  56.0544   1.0172 14.10868478737462
FENGYUN 1C DEB
1 31451U 99025BUP 21210.35690367  .00000073  00000-0  65006-4 0  9995
2 31451  98.9578 250.4700 0033336  55.3055 317.7275 14.10868597734680
FENGYUN 1C DEB
1 31451U 99025BUP 21211.34975251  .00000098  00000-0  78871-4 0  9994
2 31451  98.9577 251.4600 0033292  52.5861 320.4559 14.10868930734827
FENGYUN 1C DEB
1 31451U 99025BUP 21211.93843958  .00000117  00000-0  89422-4 0  9993
2 31451  98.9577 252.0470 0033265  50.9665  70.4341 14.10869110734904
FENGYUN 1C DEB
1 31451U 99025BUP 21212.34292677  .00000126  00000-0  94696-4 0  9994
2 31451  98.9577 252.4504 0033246  49.8577 324.8458 14.10869222737782
FENGYUN 1C DEB
1 31451U 99025BUP 21212.34292677  .00000126  00000-0  94696-4 0  9994
2 31451  98.9577 252.4504 0033246  49.8577 324.8458 14.10869222734969
FENGYUN 1C DEB
1 31451U 99025BUP 21212.87104325  .00000139  00000-0  10194-3 0  9998
2 31451  98.9577 252.9769 0033220  48.4036 127.1841 14.10869385735033
FENGYUN 1C DEB
1 31451U 99025BUP 21213.40648424  .00000142  00000-0  10372-3 0  9993
2 31451  98.9577 253.5109 0033202  46.9327 326.7208 14.10869503735119
FENGYUN 1C DEB
1 31451U 99025BUP 21213.92447053  .00000151  00000-0  10860-3 0  9997
2 31451  98.9576 254.0273 0033169  45.5045  77.6098 14.10869658735187
FENGYUN 1C DEB
1 31451U 99025BUP 21214.85623777  .00000147  00000-0  10642-3 0  9992
2 31451  98.9576 254.9564 0033116  42.9354 130.1226 14.10869922738135
FENGYUN 1C DEB
1 31451U 99025BUP 21215.39210920  .00000145  00000-0  10529-3 0  9996
2 31451  98.9576 255.4907 0033082  41.4581 331.8527 14.10870122735393
FENGYUN 1C DEB
1 31451U 99025BUP 21215.97992109  .00000123  00000-0  93257-4 0  9992
2 31451  98.9575 256.0768 0033040  39.8296  77.4004 14.10870231735475
FENGYUN 1C DEB
1 31451U 99025BUP 21216.38447687  .00000120  00000-0  91263-4 0  9996
2 31451  98.9575 256.4802 0033010  38.7108 332.1731 14.10870406735534
FENGYUN 1C DEB
1 31451U 99025BUP 21217.37772650  .00000095  00000-0  77276-4 0  9996
2 31451  98.9575 257.4705 0032942  35.9488 336.9871 14.10870751738498
FENGYUN 1C DEB
1 31451U 99025BUP 21217.37772650  .00000095  00000-0  77276-4 0  9996
2 31451  98.9575 257.4705 0032942  35.9488 336.9871 14.10870751735675
FENGYUN 1C DEB
1 31451U 99025BUP 21217.90561479  .00000084  00000-0  71237-4 0  9999
2 31451  98.9575 257.9969 0032907  34.4745 138.1909 14.10870922735745
FENGYUN 1C DEB
1 31451U 99025BUP 21218.61071203  .00000064  00000-0  60223-4 0  9990
2 31451  98.9575 258.6999 0032850  32.5111 119.4529 14.10871097735844
FENGYUN 1C DEB
1 31451U 99025BUP 21219.36337367  .00000055  00000-0  55229-4 0  9999
2 31451  98.9574 259.4504 0032800  30.4112 342.3040 14.10871271735958
FENGYUN 1C DEB
1 31451U 99025BUP 21219.89149147  .00000071  00000-0  64434-4 0  9990
2 31451  98.9574 259.9770 0032774  28.9349 144.6757 14.10871510738847
FENGYUN 1C DEB
1 31451U 99025BUP 21220.35625234  .00000078  00000-0  68275-4 0  9993
2 31451  98.9574 260.4404 0032747  27.6410 345.2446 14.10871643736099
FENGYUN 1C DEB
1 31451U 99025BUP 21221.35921477  .00000097  00000-0  78897-4 0  9994
2 31451  98.9573 261.4404 0032690  24.8503  39.3940 14.10871878736234
FENGYUN 1C DEB
1 31451U 99025BUP 21221.93775671  .00000109  00000-0  85429-4 0  9994
2 31451  98.9572 262.0172 0032654  23.2310  97.8782 14.10872010736312
FENGYUN 1C DEB
1 31451U 99025BUP 21222.06164494  .00000113  00000-0  87391-4 0  9999
2 31451  98.9572 262.1407 0032646  22.8847   7.1209 14.10872055739157
FENGYUN 1C DEB
1 31451U 99025BUP 21222.34191480  .00000116  00000-0  89253-4 0  9997
2 31451  98.9572 262.4202 0032629  22.1046 350.6410 14.10872103736373
FENGYUN 1C DEB
1 31451U 99025BUP 21223.34422836  .00000128  00000-0  95627-4 0  9995
2 31451  98.9571 263.4195 0032571  19.3034  41.5088 14.10872299736514
FENGYUN 1C DEB
1 31451U 99025BUP 21223.86321696  .00000129  00000-0  96676-4 0  9990
2 31451  98.9571 263.9370 0032542  17.8517 157.5148 14.10872420736589
FENGYUN 1C DEB
1 31451U 99025BUP 21224.39853282  .00000139  00000-0  10181-3 0  9997
2 31451  98.9570 264.4707 0032499  16.3533 356.4509 14.10872663739483
FENGYUN 1C DEB
1 31451U 99025BUP 21224.39853282  .00000139  00000-0  10181-3 0  9997
2 31451  98.9570 264.4707 0032499  16.3533 356.4509 14.10872663736660
FENGYUN 1C DEB
1 31451U 99025BUP 21225.39159736  .00000129  00000-0  96304-4 0  9992
2 31451  98.9569 265.4608 0032429  13.5567   0.3673 14.10872986736809
FENGYUN 1C DEB
1 31451U 99025BUP 21225.84857273  .00000117  00000-0  89629-4 0  9992
2 31451  98.9569 265.9165 0032400  12.2584 161.4222 14.10873115736866
FENGYUN 1C DEB
1 31451U 99025BUP 21226.91277251  .00000071  00000-0  64397-4 0  9997
2 31451  98.9569 266.9775 0032314   9.2213 166.6860 14.10873302737014
FENGYUN 1C DEB
1 31451U 99025BUP 21226.91277251  .00000071  00000-0  64397-4 0  9997
2 31451  98.9569 266.9775 0032314   9.2213 166.6860 14.10873302739836
FENGYUN 1C DEB
1 31451U 99025BUP 21227.37728160  .00000049  00000-0  51891-4 0  9998
2 31451  98.9568 267.4406 0032289   7.9185   5.9891 14.10873351737084
FENGYUN 1C DEB
1 31451U 99025BUP 21227.61717295  .00000044  00000-0  49352-4 0  9996
2 31451  98.9568 267.6798 0032273   7.2366 144.4384 14.10873437737112
FENGYUN 1C DEB
1 31451U 99025BUP 21228.08926024  .00000032  00000-0  42428-4 0  9994
2 31451  98.9568 268.1505 0032242   5.8945  22.2507 14.10873524737181
FENGYUN 1C DEB
1 31451U 99025BUP 21229.37325559  .00000033  00000-0  43027-4 0  9990
2 31451  98.9568 269.4307 0032159   2.2404  63.8878 14.10873881740185
FENGYUN 1C DEB
1 31451U 99025BUP 21229.60283139  .00000036  00000-0  45061-4 0  9996
2 31451  98.9568 269.6595 0032147   1.5887 149.9417 14.10873956737397
FENGYUN 1C DEB
1 31451U 99025BUP 21230.35498784  .00000055  00000-0  55279-4 0  9997
2 31451  98.9568 270.4094 0032105 359.4573  10.2669 14.10874145737505
FENGYUN 1C DEB
1 31451U 99025BUP 21231.06810000  .00000081  00000-0  69745-4 0  9997
2 31451  98.9568 271.1204 0032067 357.4372  32.2795 14.10874362737604
FENGYUN 1C DEB
1 31451U 99025BUP 21232.06096681  .00000117  00000-0  89782-4 0  9992
2 31451  98.9567 272.1103 0032011 354.6236  35.2129 14.10874626740565
FENGYUN 1C DEB
1 31451U 99025BUP 21232.34151204  .00000128  00000-0  95778-4 0  9990
2 31451  98.9567 272.3900 0031992 353.8237  20.1532 14.10874713737789
FENGYUN 1C DEB
1 31451U 99025BUP 21232.58174779  .00000131  00000-0  97616-4 0  9995
2 31451  98.9567 272.6295 0031978 353.1427 160.3505 14.10874774737815
FENGYUN 1C DEB
1 31451U 99025BUP 21233.34362564  .00000142  00000-0  10347-3 0  9998
2 31451  98.9566 273.3891 0031938 350.9880  70.0491 14.10874884737923
FENGYUN 1C DEB
1 31451U 99025BUP 21233.57481247  .00000141  00000-0  10330-3 0  9994
2 31451  98.9566 273.6195 0031917 350.3170 164.3013 14.10874939737957
FENGYUN 1C DEB
1 31451U 99025BUP 21234.56810823  .00000139  00000-0  10214-3 0  9998
2 31451  98.9565 274.6098 0031854 347.4618 169.4571 14.10875194738098
FENGYUN 1C DEB
1 31451U 99025BUP 21234.91630994  .00000133  00000-0  98853-4 0  9996
2 31451  98.9564 274.9570 0031834 346.4532 138.0540 14.10875258738142
FENGYUN 1C DEB
1 31451U 99025BUP 21234.98568557  .00000133  00000-0  98633-4 0  9994
2 31451  98.9564 275.0261 0031830 346.2486 130.4326 14.10875286738153
FENGYUN 1C DEB
1 31451U 99025BUP 21235.91877390  .00000109  00000-0  85649-4 0  9992
2 31451  98.9563 275.9564 0031776 343.5505 189.8002 14.10875522738284
FENGYUN 1C DEB
1 31451U 99025BUP 21236.62383878  .00000098  00000-0  79556-4 0  9991
2 31451  98.9563 276.6593 0031737 341.4974 171.0007 14.10875826738384
FENGYUN 1C DEB
1 31451U 99025BUP 21237.09554080  .00000071  00000-0  64204-4 0  9993
2 31451  98.9562 277.1296 0031707 340.1080  46.9086 14.10875866738459
FENGYUN 1C DEB
1 31451U 99025BUP 21238.08840958  .00000054  00000-0  54996-4 0  9993
2 31451  98.9561 278.1194 0031655 337.2175  49.9365 14.10876180738598
FENGYUN 1C DEB
1 31451U 99025BUP 21239.37252583  .00000046  00000-0  50235-4 0  9990
2 31451  98.9560 279.3995 0031594 333.5041  92.2584 14.10876509738771
FENGYUN 1C DEB
1 31451U 99025BUP 21240.35478994  .00000104  00000-0  82770-4 0  9990
2 31451  98.9559 280.3787 0031554 330.6921  41.3766 14.10877057738913
FENGYUN 1C DEB
1 31451U 99025BUP 21240.88296767  .00000138  00000-0  10149-3 0  9991
2 31451  98.9559 280.9052 0031535 329.1747 204.1039 14.10877345738981
FENGYUN 1C DEB
1 31451U 99025BUP 21241.35776946  .00000221  00000-0  14755-3 0  9996
2 31451  98.9559 281.3785 0031512 327.7870  95.7504 14.10878076739057
FENGYUN 1C DEB
1 31451U 99025BUP 21241.87595150  .00000231  00000-0  15338-3 0  9998
2 31451  98.9559 281.8951 0031491 326.2955 207.7118 14.10878270739121
FENGYUN 1C DEB
1 31451U 99025BUP 21241.87595150  .00000231  00000-0  15338-3 0  9998
2 31451  98.9559 281.8951 0031491 326.2955 207.7118 14.10878270741944
FENGYUN 1C DEB
1 31451U 99025BUP 21242.34050147  .00000249  00000-0  16343-3 0  9999
2 31451  98.9559 282.3582 0031471 324.9499  47.2728 14.10878521739193
FENGYUN 1C DEB
1 31451U 99025BUP 21242.86907507  .00000218  00000-0  14585-3 0  9999
2 31451  98.9558 282.8851 0031451 323.4091 212.0339 14.10878436739269
FENGYUN 1C DEB
1 31451U 99025BUP 21243.05339942  .00000226  00000-0  15023-3 0  9990
2 31451  98.9558 283.0688 0031442 322.8663  68.2709 14.10878567739298
FENGYUN 1C DEB
1 31451U 99025BUP 21243.34286175  .00000207  00000-0  13981-3 0  9991
2 31451  98.9558 283.3574 0031429 322.0495  98.4970 14.10878479739337
FENGYUN 1C DEB
1 31451U 99025BUP 21244.91571966  .00000187  00000-0  12883-3 0  9997
2 31451  98.9557 284.9253 0031380 317.4272 167.4907 14.10878988739550
FENGYUN 1C DEB
1 31451U 99025BUP 21244.91571966  .00000187  00000-0  12883-3 0  9997
2 31451  98.9557 284.9253 0031380 317.4272 167.4907 14.10878988742374
FENGYUN 1C DEB
1 31451U 99025BUP 21246.38289454  .00000135  00000-0  10014-3 0  9995
2 31451  98.9556 286.3879 0031340 313.1231  59.6864 14.10879416739767
FENGYUN 1C DEB
1 31451U 99025BUP 21247.37567544  .00000120  00000-0  91603-4 0  9992
2 31451  98.9555 287.3775 0031323 310.2133  62.3005 14.10879831742721
FENGYUN 1C DEB
1 31451U 99025BUP 21247.37567544  .00000120  00000-0  91603-4 0  9992
2 31451  98.9555 287.3775 0031323 310.2133  62.3005 14.10879831739907
FENGYUN 1C DEB
1 31451U 99025BUP 21248.36819684  .00000112  00000-0  86905-4 0  9997
2 31451  98.9555 288.3669 0031303 307.3222  63.5794 14.10880232740046
FENGYUN 1C DEB
1 31451U 99025BUP 21248.60914137  .00000113  00000-0  87814-4 0  9994
2 31451  98.9554 288.6071 0031303 306.6083 207.4125 14.10880349740071
FENGYUN 1C DEB
1 31451U 99025BUP 21249.89016934  .00000114  00000-0  88462-4 0  9995
2 31451  98.9553 289.8840 0031287 302.8550 234.1148 14.10880710740259
FENGYUN 1C DEB
1 31451U 99025BUP 21250.35364025  .00000127  00000-0  95669-4 0  9996
2 31451  98.9553 290.3460 0031291 301.4849  68.2271 14.10880912740320
FENGYUN 1C DEB
1 31451U 99025BUP 21250.88274039  .00000131  00000-0  97662-4 0  9999
2 31451  98.9552 290.8735 0031282 299.9543 235.6569 14.10881023740392
FENGYUN 1C DEB
1 31451U 99025BUP 21251.35738608  .00000140  00000-0  10284-3 0  9993
2 31451  98.9551 291.3465 0031265 298.6001 126.4800 14.10881142740468
FENGYUN 1C DEB
1 31451U 99025BUP 21252.58251256  .00000169  00000-0  11867-3 0  9997
2 31451  98.9549 292.5677 0031244 295.0234 229.2339 14.10881578740630
FENGYUN 1C DEB
1 31451U 99025BUP 21252.58251256  .00000169  00000-0  11867-3 0  9997
2 31451  98.9549 292.5677 0031244 295.0234 229.2339 14.10881578743453
FENGYUN 1C DEB
1 31451U 99025BUP 21253.34245569  .00000195  00000-0  13347-3 0  9996
2 31451  98.9548 293.3251 0031227 292.8033 129.1980 14.10882016740749
FENGYUN 1C DEB
1 31451U 99025BUP 21253.92207267  .00000195  00000-0  13319-3 0  9992
2 31451  98.9547 293.9028 0031227 291.0979 193.2472 14.10882237740828
FENGYUN 1C DEB
1 31451U 99025BUP 21255.97740807  .00000150  00000-0  10810-3 0  9995
2 31451  98.9544 295.9514 0031235 285.0391 192.9319 14.10883059743931
FENGYUN 1C DEB
1 31451U 99025BUP 21255.97740807  .00000150  00000-0  10810-3 0  9995
2 31451  98.9544 295.9514 0031235 285.0391 192.9319 14.10883059741119
FENGYUN 1C DEB
1 31451U 99025BUP 21256.97038376  .00000117  00000-0  89671-4 0  9992
2 31451  98.9543 296.9411 0031251 282.1164 196.5605 14.10883419741252
FENGYUN 1C DEB
1 31451U 99025BUP 21258.08708068  .00000094  00000-0  77213-4 0  9991
2 31451  98.9542 298.0541 0031264 278.8460 108.5924 14.10883864744235
FENGYUN 1C DEB
1 31451U 99025BUP 21258.36783465  .00000093  00000-0  76685-4 0  9997
2 31451  98.9542 298.3339 0031264 278.0264  94.6219 14.10883975741453
FENGYUN 1C DEB
1 31451U 99025BUP 21259.36062064  .00000104  00000-0  82528-4 0  9999
2 31451  98.9542 299.3233 0031274 275.1306  97.2629 14.10884389741592
FENGYUN 1C DEB
1 31451U 99025BUP 21260.35348979  .00000128  00000-0  95823-4 0  9990
2 31451  98.9541 300.3129 0031282 272.2410 100.3208 14.10884785741736
FENGYUN 1C DEB
1 31451U 99025BUP 21260.35348979  .00000128  00000-0  95823-4 0  9990
2 31451  98.9541 300.3129 0031282 272.2410 100.3208 14.10884785744559
FENGYUN 1C DEB
1 31451U 99025BUP 21260.94223588  .00000155  00000-0  11092-3 0  9998
2 31451  98.9540 300.8997 0031286 270.5496 210.7046 14.10885102741811
FENGYUN 1C DEB
1 31451U 99025BUP 21261.34650243  .00000173  00000-0  12093-3 0  9997
2 31451  98.9540 301.3026 0031293 269.3696 104.0909 14.10885308741873
FENGYUN 1C DEB
1 31451U 99025BUP 21262.33959014  .00000197  00000-0  13409-3 0  9993
2 31451  98.9539 302.2923 0031309 266.4708 108.2704 14.10885710742010
FENGYUN 1C DEB
1 31451U 99025BUP 21262.92828795  .00000218  00000-0  14618-3 0  9996
2 31451  98.9538 302.8790 0031319 264.7550 218.4355 14.10886043742098
FENGYUN 1C DEB
1 31451U 99025BUP 21263.05168840  .00000220  00000-0  14727-3 0  9993
2 31451  98.9537 303.0019 0031325 264.3943 125.2230 14.10886116744936
FENGYUN 1C DEB
1 31451U 99025BUP 21263.05168840  .00000220  00000-0  14727-3 0  9993
2 31451  98.9537 303.0019 0031325 264.3943 125.2230 14.10886116742114
FENGYUN 1C DEB
1 31451U 99025BUP 21263.99085831  .00000221  00000-0  14747-3 0  9997
2 31451  98.9536 303.9379 0031350 261.6474 215.5472 14.10886511742242
FENGYUN 1C DEB
1 31451U 99025BUP 21264.91435449  .00000210  00000-0  14136-3 0  9994
2 31451  98.9534 304.8583 0031377 258.9625 226.2461 14.10886953742374
FENGYUN 1C DEB
1 31451U 99025BUP 21265.38854784  .00000211  00000-0  14188-3 0  9991
2 31451  98.9533 305.3308 0031405 257.5680 114.8255 14.10887268745266
FENGYUN 1C DEB
1 31451U 99025BUP 21265.38854784  .00000211  00000-0  14188-3 0  9991
2 31451  98.9533 305.3308 0031405 257.5680 114.8255 14.10887268742443
FENGYUN 1C DEB
1 31451U 99025BUP 21266.38152088  .00000191  00000-0  13080-3 0  9997
2 31451  98.9531 306.3203 0031442 254.6782 118.4233 14.10887810742582
FENGYUN 1C DEB
1 31451U 99025BUP 21268.36721091  .00000163  00000-0  11558-3 0  9990
2 31451  98.9528 308.2991 0031521 248.9152 124.3066 14.10888844745680
FENGYUN 1C DEB
1 31451U 99025BUP 21268.36721091  .00000163  00000-0  11558-3 0  9990
2 31451  98.9528 308.2991 0031521 248.9152 124.3066 14.10888844742867
FENGYUN 1C DEB
1 31451U 99025BUP 21269.35994186  .00000174  00000-0  12139-3 0  9995
2 31451  98.9527 309.2883 0031561 246.0479 126.6565 14.10889345743005
FENGYUN 1C DEB
1 31451U 99025BUP 21270.59445924  .00000172  00000-0  12048-3 0  9991
2 31451  98.9526 310.5184 0031603 242.4819 277.1069 14.10889767743175
FENGYUN 1C DEB
1 31451U 99025BUP 21270.59445924  .00000172  00000-0  12048-3 0  9991
2 31451  98.9526 310.5184 0031603 242.4819 277.1069 14.10889767745997
FENGYUN 1C DEB
1 31451U 99025BUP 21270.88119486  .00000206  00000-0  13951-3 0  9996
2 31451  98.9526 310.8042 0031612 241.6563 293.5131 14.10890021743210
FENGYUN 1C DEB
1 31451U 99025BUP 21271.35554492  .00000222  00000-0  14802-3 0  9993
2 31451  98.9526 311.2768 0031622 240.2818 182.8714 14.10890239743284
FENGYUN 1C DEB
1 31451U 99025BUP 21272.86697088  .00000255  00000-0  16619-3 0  9993
2 31451  98.9524 312.7828 0031694 235.9279 299.8095 14.10890916746316
FENGYUN 1C DEB
1 31451U 99025BUP 21273.40231551  .00000262  00000-0  17041-3 0  9991
2 31451  98.9523 313.3163 0031717 234.3843 138.9709 14.10891170743573
FENGYUN 1C DEB
1 31451U 99025BUP 21274.39500257  .00000261  00000-0  17001-3 0  9997
2 31451  98.9522 314.3054 0031776 231.5296 141.0942 14.10891680743714
FENGYUN 1C DEB
1 31451U 99025BUP 21275.38787322  .00000224  00000-0  14897-3 0  9996
2 31451  98.9521 315.2947 0031840 228.6868 144.1399 14.10892079746679
FENGYUN 1C DEB
1 31451U 99025BUP 21275.38787322  .00000224  00000-0  14897-3 0  9996
2 31451  98.9521 315.2947 0031840 228.6868 144.1399 14.10892079743856
FENGYUN 1C DEB
1 31451U 99025BUP 21276.38071641  .00000200  00000-0  13601-3 0  9993
2 31451  98.9519 316.2839 0031901 225.8504 147.0427 14.10892658743990
FENGYUN 1C DEB
1 31451U 99025BUP 21277.37357955  .00000192  00000-0  13122-3 0  9996
2 31451  98.9518 317.2732 0031953 223.0152 150.0475 14.10893307744134
FENGYUN 1C DEB
1 31451U 99025BUP 21277.61379769  .00000186  00000-0  12802-3 0  9997
2 31451  98.9517 317.5125 0031965 222.3303 290.1756 14.10893449746985
FENGYUN 1C DEB
1 31451U 99025BUP 21277.90215043  .00000180  00000-0  12471-3 0  9999
2 31451  98.9517 317.7998 0031980 221.5140 314.7858 14.10893577744203
FENGYUN 1C DEB
1 31451U 99025BUP 21278.37705045  .00000174  00000-0  12132-3 0  9994
2 31451  98.9516 318.2729 0032003 220.1511 206.9312 14.10893815744273
FENGYUN 1C DEB
1 31451U 99025BUP 21279.36960830  .00000165  00000-0  11637-3 0  9998
2 31451  98.9515 319.2618 0032050 217.3337 208.3701 14.10894233744415
FENGYUN 1C DEB
1 31451U 99025BUP 21280.07134837  .00000183  00000-0  12618-3 0  9998
2 31451  98.9513 319.9609 0032082 215.3379 172.6808 14.10894626747330
FENGYUN 1C DEB
1 31451U 99025BUP 21280.35193865  .00000196  00000-0  13344-3 0  9996
2 31451  98.9513 320.2405 0032087 214.5282 157.8799 14.10894792744557
FENGYUN 1C DEB
1 31451U 99025BUP 21280.94087014  .00000215  00000-0  14427-3 0  9994
2 31451  98.9512 320.8273 0032110 212.8494 269.2129 14.10895115744632
FENGYUN 1C DEB
1 31451U 99025BUP 21281.34497848  .00000236  00000-0  15563-3 0  9994
2 31451  98.9511 321.2299 0032130 211.7047 161.7751 14.10895375744699
FENGYUN 1C DEB
1 31451U 99025BUP 21281.87334645  .00000249  00000-0  16318-3 0  9990
2 31451  98.9510 321.7563 0032152 210.1989 325.4915 14.10895667744762
FENGYUN 1C DEB
1 31451U 99025BUP 21282.40872957  .00000270  00000-0  17449-3 0  9993
2 31451  98.9509 322.2896 0032190 208.6844 164.8292 14.10896043747663
FENGYUN 1C DEB
1 31451U 99025BUP 21282.57837046  .00000274  00000-0  17675-3 0  9996
2 31451  98.9509 322.4586 0032199 208.2017 306.4783 14.10896161744867
FENGYUN 1C DEB
1 31451U 99025BUP 21283.40154052  .00000301  00000-0  19202-3 0  9997
2 31451  98.9507 323.2787 0032246 205.8699 167.5585 14.10896722744981
FENGYUN 1C DEB
1 31451U 99025BUP 21283.85898015  .00000276  00000-0  17822-3 0  9997
2 31451  98.9506 323.7344 0032276 204.5848 330.9947 14.10896828745042
FENGYUN 1C DEB
1 31451U 99025BUP 21284.39427438  .00000267  00000-0  17297-3 0  9990
2 31451  98.9506 324.2677 0032308 203.0728 169.8806 14.10897104745124
FENGYUN 1C DEB
1 31451U 99025BUP 21284.91287127  .00000225  00000-0  14975-3 0  9991
2 31451  98.9506 324.7843 0032353 201.6601 283.9040 14.10897125745196
FENGYUN 1C DEB
1 31451U 99025BUP 21284.91287127  .00000225  00000-0  14975-3 0  9991
2 31451  98.9506 324.7843 0032353 201.6601 283.9040 14.10897125748010
FENGYUN 1C DEB
1 31451U 99025BUP 21285.38717230  .00000204  00000-0  13817-3 0  9997
2 31451  98.9505 325.2568 0032379 200.3094 173.0024 14.10897290745267
FENGYUN 1C DEB
1 31451U 99025BUP 21286.37995907  .00000156  00000-0  11141-3 0  9990
2 31451  98.9503 326.2457 0032439 197.5179 175.5906 14.10897613745402
FENGYUN 1C DEB
1 31451U 99025BUP 21287.37299860  .00000105  00000-0  83180-4 0  9993
2 31451  98.9502 327.2349 0032497 194.7417 179.4463 14.10897774745544
FENGYUN 1C DEB
1 31451U 99025BUP 21287.37299860  .00000105  00000-0  83180-4 0  9993
2 31451  98.9502 327.2349 0032497 194.7417 179.4463 14.10897774748367
FENGYUN 1C DEB
1 31451U 99025BUP 21287.90113881  .00000094  00000-0  77019-4 0  9991
2 31451  98.9502 327.7611 0032532 193.2953 341.9512 14.10897910745611
FENGYUN 1C DEB
1 31451U 99025BUP 21288.36568310  .00000094  00000-0  76762-4 0  9997
2 31451  98.9501 328.2238 0032552 191.9847 181.4813 14.10898066745681
FENGYUN 1C DEB
1 31451U 99025BUP 21288.60609958  .00000095  00000-0  77617-4 0  9999
2 31451  98.9501 328.4633 0032564 191.3160 322.6039 14.10898162745717
FENGYUN 1C DEB
1 31451U 99025BUP 21289.07804674  .00000096  00000-0  78274-4 0  9994
2 31451  98.9500 328.9334 0032587 190.0028 199.7167 14.10898274745789
FENGYUN 1C DEB
1 31451U 99025BUP 21289.94708514  .00000117  00000-0  89912-4 0  9991
2 31451  98.9500 329.7991 0032626 187.5716 293.7479 14.10898529748727
FENGYUN 1C DEB
1 31451U 99025BUP 21290.87956308  .00000162  00000-0  11477-3 0  9991
2 31451  98.9498 330.7279 0032665 184.9297 350.0368 14.10898941746036
FENGYUN 1C DEB
1 31451U 99025BUP 21291.34428876  .00000178  00000-0  12352-3 0  9998
2 31451  98.9498 331.1908 0032689 183.6278 190.4805 14.10899125746106
FENGYUN 1C DEB
1 31451U 99025BUP 21292.05664894  .00000197  00000-0  13393-3 0  9996
2 31451  98.9496 331.9004 0032724 181.6368 208.7104 14.10899405749027
FENGYUN 1C DEB
1 31451U 99025BUP 21292.40791005  .00000209  00000-0  14093-3 0  9992
2 31451  98.9495 332.2502 0032746 180.6628 192.8340 14.10899609746258
FENGYUN 1C DEB
1 31451U 99025BUP 21293.40078185  .00000229  00000-0  15203-3 0  9996
2 31451  98.9493 333.2392 0032798 177.8909 195.8439 14.10900212746391
FENGYUN 1C DEB
1 31451U 99025BUP 21293.91914531  .00000220  00000-0  14695-3 0  9991
2 31451  98.9491 333.7555 0032823 176.4474 308.7207 14.10900451746467
FENGYUN 1C DEB
1 31451U 99025BUP 21294.98151802  .00000182  00000-0  12587-3 0  9998
2 31451  98.9489 334.8136 0032881 173.5127 304.7124 14.10900913749435
FENGYUN 1C DEB
1 31451U 99025BUP 21294.98151802  .00000182  00000-0  12587-3 0  9998
2 31451  98.9489 334.8136 0032881 173.5127 304.7124 14.10900913746612
FENGYUN 1C DEB
1 31451U 99025BUP 21295.97442514  .00000145  00000-0  10508-3 0  9991
2 31451  98.9486 335.8025 0032930 170.7758 307.8717 14.10901398746756
FENGYUN 1C DEB
1 31451U 99025BUP 21296.37907125  .00000135  00000-0  99549-4 0  9992
2 31451  98.9486 336.2055 0032947 169.6778 203.1278 14.10901646746814
FENGYUN 1C DEB
1 31451U 99025BUP 21297.37201943  .00000114  00000-0  88174-4 0  9997
2 31451  98.9485 337.1945 0032989 166.9420 206.4969 14.10902176749771
FENGYUN 1C DEB
1 31451U 99025BUP 21297.37201943  .00000114  00000-0  88174-4 0  9997
2 31451  98.9485 337.1945 0032989 166.9420 206.4969 14.10902176746958
FENGYUN 1C DEB
1 31451U 99025BUP 21297.61222354  .00000113  00000-0  87275-4 0  9993
2 31451  98.9484 337.4337 0032996 166.2694 346.5495 14.10902324746987
FENGYUN 1C DEB
1 31451U 99025BUP 21299.35766353  .00000175  00000-0  12152-3 0  9997
2 31451  98.9483 339.1721 0033045 161.4853 211.9430 14.10903445747230
FENGYUN 1C DEB
1 31451U 99025BUP 21299.94627524  .00000200  00000-0  13577-3 0  9999
2 31451  98.9482 339.7582 0033074 159.8337 321.6439 14.10903810750137
FENGYUN 1C DEB
1 31451U 99025BUP 21300.36059122  .00000235  00000-0  15501-3 0  9998
2 31451  98.9482 340.1708 0033086 158.7070 266.0197 14.10904190747375
FENGYUN 1C DEB
1 31451U 99025BUP 21301.34308083  .00000292  00000-0  18679-3 0  9992
2 31451  98.9481 341.1493 0033119 155.9942 216.2798 14.10904874747519
FENGYUN 1C DEB
1 31451U 99025BUP 21303.40000582  .00000386  00000-0  23861-3 0  9997
2 31451  98.9478 343.1977 0033193 150.3432 223.7917 14.10906536750628
FENGYUN 1C DEB
1 31451U 99025BUP 21303.40000582  .00000386  00000-0  23861-3 0  9997
2 31451  98.9478 343.1977 0033193 150.3432 223.7917 14.10906536747804
FENGYUN 1C DEB
1 31451U 99025BUP 21304.39269211  .00000365  00000-0  22704-3 0  9994
2 31451  98.9476 344.1862 0033224 147.6226 225.8325 14.10907224747947
FENGYUN 1C DEB
1 31451U 99025BUP 21304.85016816  .00000349  00000-0  21798-3 0  9990
2 31451  98.9476 344.6418 0033236 146.3671  29.4425 14.10907543748003
FENGYUN 1C DEB
1 31451U 99025BUP 21305.38551623  .00000318  00000-0  20118-3 0  9990
2 31451  98.9475 345.1749 0033249 144.9093 228.5679 14.10907820748080
FENGYUN 1C DEB
1 31451U 99025BUP 21306.37827361  .00000299  00000-0  19047-3 0  9992
2 31451  98.9473 346.1634 0033274 142.1956 230.9675 14.10908575751049
FENGYUN 1C DEB
1 31451U 99025BUP 21306.37827361  .00000299  00000-0  19047-3 0  9992
2 31451  98.9473 346.1634 0033274 142.1956 230.9675 14.10908575748225
FENGYUN 1C DEB
1 31451U 99025BUP 21306.96648215  .00000344  00000-0  21545-3 0  9993
2 31451  98.9472 346.7492 0033275 140.6098 338.5669 14.10909291748306
FENGYUN 1C DEB
1 31451U 99025BUP 21307.37071674  .00000326  00000-0  20554-3 0  9997
2 31451  98.9471 347.1517 0033288 139.4908 231.7645 14.10909500748365
FENGYUN 1C DEB
1 31451U 99025BUP 21308.08358622  .00000314  00000-0  19853-3 0  9994
2 31451  98.9470 347.8615 0033299 137.5402 252.5664 14.10909996748462
FENGYUN 1C DEB
1 31451U 99025BUP 21308.95256111  .00000291  00000-0  18589-3 0  9999
2 31451  98.9469 348.7268 0033310 135.1636 346.2569 14.10910400748581
FENGYUN 1C DEB
1 31451U 99025BUP 21309.07633608  .00000291  00000-0  18616-3 0  9994
2 31451  98.9469 348.8500 0033314 134.8205 254.9385 14.10910486751425
FENGYUN 1C DEB
1 31451U 99025BUP 21309.35681977  .00000284  00000-0  18236-3 0  9997
2 31451  98.9468 349.1293 0033324 134.0445 239.5782 14.10910590748642
FENGYUN 1C DEB
1 31451U 99025BUP 21309.88499946  .00000293  00000-0  18699-3 0  9991
2 31451  98.9467 349.6552 0033341 132.5834  42.3230 14.10910963748718
FENGYUN 1C DEB
1 31451U 99025BUP 21310.35958514  .00000304  00000-0  19291-3 0  9998
2 31451  98.9466 350.1278 0033349 131.2794 292.8430 14.10911297748780
FENGYUN 1C DEB
1 31451U 99025BUP 21311.58344397  .00000312  00000-0  19737-3 0  9996
2 31451  98.9464 351.3464 0033373 127.9143  29.0831 14.10912055748952
FENGYUN 1C DEB
1 31451U 99025BUP 21311.58344397  .00000312  00000-0  19737-3 0  9996
2 31451  98.9464 351.3464 0033373 127.9143  29.0831 14.10912055751776
FENGYUN 1C DEB
1 31451U 99025BUP 21312.40607920  .00000309  00000-0  19614-3 0  9992
2 31451  98.9463 352.1655 0033382 125.6626 247.4154 14.10912574749077
FENGYUN 1C DEB
1 31451U 99025BUP 21312.86342441  .00000302  00000-0  19206-3 0  9996
2 31451  98.9462 352.6208 0033382 124.4111  50.3657 14.10912858749132
FENGYUN 1C DEB
1 31451U 99025BUP 21313.39908063  .00000292  00000-0  18671-3 0  9996
2 31451  98.9461 353.1541 0033388 122.9524 251.0675 14.10913233749211
FENGYUN 1C DEB
1 31451U 99025BUP 21314.39135557  .00000252  00000-0  16406-3 0  9997
2 31451  98.9459 354.1421 0033390 120.2542 251.0220 14.10913791752174
FENGYUN 1C DEB
1 31451U 99025BUP 21315.38460604  .00000212  00000-0  14222-3 0  9991
2 31451  98.9458 355.1310 0033386 117.5544 255.9334 14.10914405749490
FENGYUN 1C DEB
1 31451U 99025BUP 21316.37734612  .00000166  00000-0  11664-3 0  9999
2 31451  98.9457 356.1194 0033391 114.8390 258.2702 14.10914871749633
FENGYUN 1C DEB
1 31451U 99025BUP 21317.37030300  .00000137  00000-0  10067-3 0  9997
2 31451  98.9457 357.1079 0033387 112.1222 261.7094 14.10915273752595
FENGYUN 1C DEB
1 31451U 99025BUP 21317.61020792  .00000135  00000-0  99646-4 0  9997
2 31451  98.9457 357.3468 0033369 111.4717  40.2318 14.10915395749804
FENGYUN 1C DEB
1 31451U 99025BUP 21317.89857943  .00000127  00000-0  95062-4 0  9992
2 31451  98.9457 357.6339 0033333 110.6916  64.9229 14.10915441749847
FENGYUN 1C DEB
1 31451U 99025BUP 21318.60384898  .00000145  00000-0  10495-3 0  9992
2 31451  98.9456 358.3361 0033338 108.7502  47.1495 14.10915822749945
FENGYUN 1C DEB
1 31451U 99025BUP 21319.35593406  .00000169  00000-0  11840-3 0  9993
2 31451  98.9455 359.0848 0033337 106.6814 267.1621 14.10916157750055
FENGYUN 1C DEB
1 31451U 99025BUP 21320.34866295  .00000215  00000-0  14398-3 0  9996
2 31451  98.9453   0.0731 0033331 103.9514 269.4604 14.10916675753018
FENGYUN 1C DEB
1 31451U 99025BUP 21320.34866295  .00000215  00000-0  14398-3 0  9996
2 31451  98.9453   0.0731 0033331 103.9514 269.4604 14.10916675750194
FENGYUN 1C DEB
1 31451U 99025BUP 21320.93734177  .00000212  00000-0  14198-3 0  9999
2 31451  98.9453   0.6593 0033326 102.3349  19.4926 14.10916741750272
FENGYUN 1C DEB
1 31451U 99025BUP 21321.35108889  .00000213  00000-0  14283-3 0  9997
2 31451  98.9452   1.0712 0033330 101.1992 321.0075 14.10916843750332
FENGYUN 1C DEB
1 31451U 99025BUP 21321.58186576  .00000219  00000-0  14582-3 0  9999
2 31451  98.9452   1.3009 0033328 100.5685  53.1729 14.10916952750366
FENGYUN 1C DEB
1 31451U 99025BUP 21322.40535045  .00000230  00000-0  15204-3 0  9995
2 31451  98.9450   2.1207 0033321  98.3177 275.8300 14.10917302753301
FENGYUN 1C DEB
1 31451U 99025BUP 21322.40535045  .00000230  00000-0  15204-3 0  9995
2 31451  98.9450   2.1207 0033321  98.3177 275.8300 14.10917302750487
FENGYUN 1C DEB
1 31451U 99025BUP 21322.92368264  .00000226  00000-0  14981-3 0  9995
2 31451  98.9447   2.6366 0033329  96.9067  28.5467 14.10917522750553
FENGYUN 1C DEB
1 31451U 99025BUP 21323.39750418  .00000228  00000-0  15105-3 0  9994
2 31451  98.9447   3.1083 0033323  95.6151 275.1867 14.10917781750628
FENGYUN 1C DEB
1 31451U 99025BUP 21323.85529616  .00000211  00000-0  14140-3 0  9999
2 31451  98.9446   3.5641 0033308  94.3582  80.4189 14.10917941750686
FENGYUN 1C DEB
1 31451U 99025BUP 21324.39088166  .00000222  00000-0  14794-3 0  9996
2 31451  98.9445   4.0972 0033292  92.9049 280.7673 14.10918426750763
FENGYUN 1C DEB
1 31451U 99025BUP 21325.91136733  .00000168  00000-0  11759-3 0  9996
2 31451  98.9442   5.6108 0033250  88.7490  83.6554 14.10919171753797
FENGYUN 1C DEB
1 31451U 99025BUP 21325.91136733  .00000168  00000-0  11759-3 0  9996
2 31451  98.9442   5.6108 0033250  88.7490  83.6554 14.10919171750974
FENGYUN 1C DEB
1 31451U 99025BUP 21327.60911244  .00000127  00000-0  95176-4 0  9993
2 31451  98.9440   7.3007 0033212  84.0865  66.9108 14.10920030751215
FENGYUN 1C DEB
1 31451U 99025BUP 21328.08191896  .00000131  00000-0  97157-4 0  9995
2 31451  98.9440   7.7714 0033189  82.7764 308.4206 14.10920259754107
FENGYUN 1C DEB
1 31451U 99025BUP 21328.08191896  .00000131  00000-0  97157-4 0  9995
2 31451  98.9440   7.7714 0033189  82.7764 308.4206 14.10920259751283
FENGYUN 1C DEB
1 31451U 99025BUP 21329.35497579  .00000148  00000-0  10682-3 0  9998
2 31451  98.9439   9.0386 0033162  79.2634 294.6001 14.10920762751467
FENGYUN 1C DEB
1 31451U 99025BUP 21330.34760617  .00000195  00000-0  13293-3 0  9998
2 31451  98.9438  10.0267 0033145  76.5307 296.4175 14.10921280754421
FENGYUN 1C DEB
1 31451U 99025BUP 21330.34760617  .00000195  00000-0  13293-3 0  9998
2 31451  98.9438  10.0267 0033145  76.5307 296.4175 14.10921280751608
FENGYUN 1C DEB
1 31451U 99025BUP 21330.87584303  .00000208  00000-0  13990-3 0  9991
2 31451  98.9438  10.5525 0033123  75.0560  99.4860 14.10921515751671
FENGYUN 1C DEB
1 31451U 99025BUP 21331.41143964  .00000243  00000-0  15957-3 0  9990
2 31451  98.9437  11.0856 0033113  73.5960 299.9020 14.10921900751751
FENGYUN 1C DEB
1 31451U 99025BUP 21331.86858196  .00000255  00000-0  16587-3 0  9992
2 31451  98.9437  11.5406 0033101  72.3285 101.8531 14.10922158751812
FENGYUN 1C DEB
1 31451U 99025BUP 21332.40425858  .00000282  00000-0  18109-3 0  9990
2 31451  98.9436  12.0738 0033077  70.8582 302.6873 14.10922579754719
FENGYUN 1C DEB
1 31451U 99025BUP 21332.40425858  .00000282  00000-0  18109-3 0  9990
2 31451  98.9436  12.0738 0033077  70.8582 302.6873 14.10922579751895
FENGYUN 1C DEB
1 31451U 99025BUP 21334.38979950  .00000280  00000-0  18009-3 0  9993
2 31451  98.9433  14.0500 0032994  65.3879 307.7693 14.10923913752177
FENGYUN 1C DEB
1 31451U 99025BUP 21334.91818622  .00000254  00000-0  16521-3 0  9998
2 31451  98.9432  14.5759 0032968  63.9222 111.5952 14.10924165755064
FENGYUN 1C DEB
1 31451U 99025BUP 21335.38261573  .00000274  00000-0  17646-3 0  9998
2 31451  98.9431  15.0382 0032944  62.6367 310.5628 14.10924677752315
FENGYUN 1C DEB
1 31451U 99025BUP 21336.37546774  .00000249  00000-0  16265-3 0  9995
2 31451  98.9430  16.0264 0032898  59.8812 313.5446 14.10925347752456
FENGYUN 1C DEB
1 31451U 99025BUP 21336.90372931  .00000230  00000-0  15194-3 0  9996
2 31451  98.9429  16.5521 0032882  58.4124 116.7412 14.10925659752529
FENGYUN 1C DEB
1 31451U 99025BUP 21337.08789429  .00000226  00000-0  15015-3 0  9997
2 31451  98.9429  16.7354 0032874  57.9008 332.1691 14.10925789755374
FENGYUN 1C DEB
1 31451U 99025BUP 21337.36825341  .00000224  00000-0  14856-3 0  9992
2 31451  98.9429  17.0144 0032869  57.1270 316.1901 14.10925941752599
FENGYUN 1C DEB
1 31451U 99025BUP 21337.95648416  .00000229  00000-0  15180-3 0  9999
2 31451  98.9428  17.5999 0032838  55.4574  64.0226 14.10926353752671
FENGYUN 1C DEB
1 31451U 99025BUP 21338.88935839  .00000209  00000-0  14061-3 0  9995
2 31451  98.9427  18.5283 0032810  52.8616 122.3698 14.10926724752803
FENGYUN 1C DEB
1 31451U 99025BUP 21339.88150008  .00000248  00000-0  16232-3 0  9998
2 31451  98.9425  19.5157 0032781  50.1149 121.7427 14.10927417755762
FENGYUN 1C DEB
1 31451U 99025BUP 21339.88150008  .00000248  00000-0  16232-3 0  9998
2 31451  98.9425  19.5157 0032781  50.1149 121.7427 14.10927417752949
FENGYUN 1C DEB
1 31451U 99025BUP 21340.34663491  .00000258  00000-0  16755-3 0  9997
2 31451  98.9424  19.9787 0032767  48.8294 324.2946 14.10927680753017
FENGYUN 1C DEB
1 31451U 99025BUP 21341.34894740  .00000267  00000-0  17248-3 0  9999
2 31451  98.9423  20.9762 0032741  46.0730  15.3117 14.10928174753150
FENGYUN 1C DEB
1 31451U 99025BUP 21341.92836984  .00000256  00000-0  16683-3 0  9999
2 31451  98.9422  21.5528 0032710  44.4351  78.4010 14.10928396753230
FENGYUN 1C DEB
1 31451U 99025BUP 21341.92836984  .00000256  00000-0  16683-3 0  9999
2 31451  98.9422  21.5528 0032710  44.4351  78.4010 14.10928396756053
FENGYUN 1C DEB
1 31451U 99025BUP 21342.40313437  .00000256  00000-0  16669-3 0  9990
2 31451  98.9421  22.0253 0032689  43.1145 329.8755 14.10928653753305
FENGYUN 1C DEB
1 31451U 99025BUP 21343.85351543  .00000206  00000-0  13872-3 0  9998
2 31451  98.9420  23.4688 0032614  39.0511 136.8369 14.10929240753502
FENGYUN 1C DEB
1 31451U 99025BUP 21344.91701583  .00000148  00000-0  10670-3 0  9997
2 31451  98.9421  24.5273 0032543  36.0158 138.7612 14.10929505756475
FENGYUN 1C DEB
1 31451U 99025BUP 21344.91701583  .00000148  00000-0  10670-3 0  9997
2 31451  98.9421  24.5273 0032543  36.0158 138.7612 14.10929505753652
FENGYUN 1C DEB
1 31451U 99025BUP 21345.38153447  .00000128  00000-0  95895-4 0  9990
2 31451  98.9419  24.9895 0032528  34.7484 338.1700 14.10929602753723
FENGYUN 1C DEB
1 31451U 99025BUP 21345.91009883  .00000097  00000-0  78563-4 0  9991
2 31451  98.9419  25.5155 0032501  33.2442 142.9466 14.10929684753795
FENGYUN 1C DEB
1 31451U 99025BUP 21347.08650480  .00000085  00000-0  72081-4 0  9992
2 31451  98.9418  26.6862 0032450  29.9360 358.3141 14.10930077756788
FENGYUN 1C DEB
1 31451U 99025BUP 21347.60713661  .00000097  00000-0  78548-4 0  9998
2 31451  98.9418  27.2043 0032427  28.4841 122.7689 14.10930294754035
FENGYUN 1C DEB
1 31451U 99025BUP 21347.89545078  .00000086  00000-0  72529-4 0  9995
2 31451  98.9417  27.4912 0032414  27.6506 147.2371 14.10930241754072
FENGYUN 1C DEB
1 31451U 99025BUP 21348.59974101  .00000114  00000-0  87714-4 0  9990
2 31451  98.9417  28.1921 0032389  25.6556 124.5827 14.10930541754172
FENGYUN 1C DEB
1 31451U 99025BUP 21349.36279203  .00000122  00000-0  92388-4 0  9999
2 31451  98.9416  28.9514 0032364  23.5560  40.3325 14.10930588757107
FENGYUN 1C DEB
1 31451U 99025BUP 21349.59272115  .00000142  00000-0  10325-3 0  9991
2 31451  98.9415  29.1802 0032355  22.9151 128.2158 14.10930747754315
FENGYUN 1C DEB
1 31451U 99025BUP 21349.94148414  .00000159  00000-0  11266-3 0  9997
2 31451  98.9414  29.5273 0032340  21.9221  99.7150 14.10930870754367
FENGYUN 1C DEB
1 31451U 99025BUP 21350.87394837  .00000194  00000-0  13249-3 0  9995
2 31451  98.9413  30.4553 0032305  19.2942 156.0275 14.10931226754494
FENGYUN 1C DEB
1 31451U 99025BUP 21351.40922334  .00000207  00000-0  13977-3 0  9997
2 31451  98.9412  30.9880 0032281  17.7787 354.8846 14.10931453757390
FENGYUN 1C DEB
1 31451U 99025BUP 21352.40217983  .00000252  00000-0  16458-3 0  9992
2 31451  98.9409  31.9760 0032232  14.9702 358.4732 14.10932132754718
FENGYUN 1C DEB
1 31451U 99025BUP 21352.85975721  .00000258  00000-0  16762-3 0  9996
2 31451  98.9408  32.4314 0032208  13.6846 162.6680 14.10932406754773
FENGYUN 1C DEB
1 31451U 99025BUP 21353.39494395  .00000266  00000-0  17228-3 0  9996
2 31451  98.9407  32.9639 0032174  12.1806   1.0693 14.10932812754859
FENGYUN 1C DEB
1 31451U 99025BUP 21353.91339326  .00000286  00000-0  18350-3 0  9995
2 31451  98.9405  33.4798 0032149  10.7158 114.4643 14.10933308754928
FENGYUN 1C DEB
1 31451U 99025BUP 21353.91339326  .00000286  00000-0  18350-3 0  9995
2 31451  98.9405  33.4798 0032149  10.7158 114.4643 14.10933308757741
FENGYUN 1C DEB
1 31451U 99025BUP 21354.38765243  .00000303  00000-0  19274-3 0  9994
2 31451  98.9405  33.9517 0032123   9.3574   3.4206 14.10933805754991
FENGYUN 1C DEB
1 31451U 99025BUP 21355.38047404  .00000275  00000-0  17736-3 0  9996
2 31451  98.9404  34.9397 0032078   6.5109   6.3717 14.10934490755136
FENGYUN 1C DEB
1 31451U 99025BUP 21356.09282453  .00000248  00000-0  16231-3 0  9999
2 31451  98.9403  35.6485 0032047   4.4648  24.6989 14.10934931758050
FENGYUN 1C DEB
1 31451U 99025BUP 21356.09282453  .00000248  00000-0  16231-3 0  9999
2 31451  98.9403  35.6485 0032047   4.4648  24.6989 14.10934931755237
FENGYUN 1C DEB
1 31451U 99025BUP 21357.60612142  .00000283  00000-0  18162-3 0  9993
2 31451  98.9403  37.1543 0031986   0.1638 151.3286 14.10936316755442
FENGYUN 1C DEB
1 31451U 99025BUP 21358.35885432  .00000296  00000-0  18902-3 0  9996
2 31451  98.9403  37.9033 0031964 357.9916  14.7889 14.10936868758370
FENGYUN 1C DEB
1 31451U 99025BUP 21358.35885432  .00000296  00000-0  18902-3 0  9996
2 31451  98.9403  37.9033 0031964 357.9916  14.7889 14.10936868755557
FENGYUN 1C DEB
1 31451U 99025BUP 21358.88714681  .00000281  00000-0  18067-3 0  9997
2 31451  98.9403  38.4291 0031945 356.4747 178.2110 14.10937096755629
FENGYUN 1C DEB
1 31451U 99025BUP 21359.59222494  .00000317  00000-0  20069-3 0  9997
2 31451  98.9402  39.1306 0031911 354.4930 159.5609 14.10937708755724
FENGYUN 1C DEB
1 31451U 99025BUP 21360.58531330  .00000325  00000-0  20502-3 0  9991
2 31451  98.9401  40.1188 0031875 351.6627 163.8611 14.10938298755865
FENGYUN 1C DEB
1 31451U 99025BUP 21360.93335826  .00000316  00000-0  20014-3 0  9990
2 31451  98.9401  40.4651 0031861 350.6675 131.7272 14.10938444755916
FENGYUN 1C DEB
1 31451U 99025BUP 21361.05699141  .00000317  00000-0  20086-3 0  9997
2 31451  98.9401  40.5881 0031856 350.3129  39.7129 14.10938538758754
FENGYUN 1C DEB
1 31451U 99025BUP 21361.57804507  .00000356  00000-0  22231-3 0  9995
2 31451  98.9400  41.1065 0031839 348.8195 166.3676 14.10939124756002
FENGYUN 1C DEB
1 31451U 99025BUP 21364.39758286  .00000309  00000-0  19613-3 0  9998
2 31451  98.9396  43.9119 0031731 340.6788  88.0795 14.10941101756409
FENGYUN 1C DEB
1 31451U 99025BUP 21364.39758286  .00000309  00000-0  19613-3 0  9998
2 31451  98.9396  43.9119 0031731 340.6788  88.0795 14.10941101759222
FENGYUN 1C DEB
1 31451U 99025BUP 22004.36048792  .00000220  00000-0  14660-3 0  9990
2 31451  98.9391  48.8498 0031604 326.3733  96.9439 14.10943856759920
FENGYUN 1C DEB
1 31451U 99025BUP 22004.36048792  .00000220  00000-0  14660-3 0  9990
2 31451  98.9391  48.8498 0031604 326.3733  96.9439 14.10943856757108
FENGYUN 1C DEB
1 31451U 99025BUP 22005.35309236  .00000240  00000-0  15795-3 0  9995
2 31451  98.9389  49.8374 0031576 323.5243  98.8292 14.10944432757246
FENGYUN 1C DEB
1 31451U 99025BUP 22006.05578500  .00000243  00000-0  15968-3 0  9990
2 31451  98.9389  50.5366 0031553 321.4936  68.1369 14.10944808757340
FENGYUN 1C DEB
1 31451U 99025BUP 22006.40699661  .00000238  00000-0  15677-3 0  9992
2 31451  98.9389  50.8860 0031535 320.4853  52.1001 14.10944944760216
FENGYUN 1C DEB
1 31451U 99025BUP 22006.40699661  .00000238  00000-0  15677-3 0  9992
2 31451  98.9389  50.8860 0031535 320.4853  52.1001 14.10944944757391
FENGYUN 1C DEB
1 31451U 99025BUP 22007.91829951  .00000204  00000-0  13810-3 0  9996
2 31451  98.9388  52.3896 0031518 316.0918 168.7515 14.10945616757605
FENGYUN 1C DEB
1 31451U 99025BUP 22009.38538006  .00000200  00000-0  13554-3 0  9998
2 31451  98.9387  53.8492 0031494 311.8154  60.7922 14.10946525760630
FENGYUN 1C DEB
1 31451U 99025BUP 22009.38538006  .00000200  00000-0  13554-3 0  9998
2 31451  98.9387  53.8492 0031494 311.8154  60.7922 14.10946525757816
FENGYUN 1C DEB
1 31451U 99025BUP 22011.37095581  .00000162  00000-0  11461-3 0  9998
2 31451  98.9385  55.8247 0031480 306.0410  66.5224 14.10947445758092
FENGYUN 1C DEB
1 31451U 99025BUP 22013.35649774  .00000206  00000-0  13913-3 0  9990
2 31451  98.9383  57.8000 0031446 300.3071  72.0460 14.10948529761194
FENGYUN 1C DEB
1 31451U 99025BUP 22013.35649774  .00000206  00000-0  13913-3 0  9990
2 31451  98.9383  57.8000 0031446 300.3071  72.0460 14.10948529758370
FENGYUN 1C DEB
1 31451U 99025BUP 22013.94527872  .00000212  00000-0  14239-3 0  9998
2 31451  98.9383  58.3859 0031484 298.5875 182.7674 14.10948719758456
FENGYUN 1C DEB
1 31451U 99025BUP 22014.34942763  .00000250  00000-0  16378-3 0  9991
2 31451  98.9383  58.7880 0031486 297.4195  75.6362 14.10949069758519
FENGYUN 1C DEB
1 31451U 99025BUP 22015.34232699  .00000312  00000-0  19813-3 0  9998
2 31451  98.9380  59.7757 0031465 294.5502  79.0569 14.10949826758650
FENGYUN 1C DEB
1 31451U 99025BUP 22015.87058170  .00000318  00000-0  20114-3 0  9998
2 31451  98.9379  60.3013 0031470 293.0189 242.3260 14.10950090758728
FENGYUN 1C DEB
1 31451U 99025BUP 22016.05467330  .00000319  00000-0  20193-3 0  9999
2 31451  98.9379  60.4844 0031472 292.4804  97.4240 14.10950201761578
FENGYUN 1C DEB
1 31451U 99025BUP 22016.40581126  .00000348  00000-0  21798-3 0  9992
2 31451  98.9378  60.8337 0031450 291.4640  81.0284 14.10950567758805
FENGYUN 1C DEB
1 31451U 99025BUP 22016.86366053  .00000349  00000-0  21815-3 0  9993
2 31451  98.9377  61.2892 0031452 290.1332 246.6784 14.10950851758867
FENGYUN 1C DEB
1 31451U 99025BUP 22017.39855562  .00000339  00000-0  21301-3 0  9999
2 31451  98.9376  61.8213 0031454 288.5694  83.6936 14.10951195758942
FENGYUN 1C DEB
1 31451U 99025BUP 22017.85641995  .00000332  00000-0  20895-3 0  9993
2 31451  98.9375  62.2768 0031441 287.2329 249.4272 14.10951495759004
FENGYUN 1C DEB
1 31451U 99025BUP 22018.39151098  .00000314  00000-0  19903-3 0  9991
2 31451  98.9374  62.8091 0031446 285.6680  87.4399 14.10951845761906
FENGYUN 1C DEB
1 31451U 99025BUP 22018.39151098  .00000314  00000-0  19903-3 0  9991
2 31451  98.9374  62.8091 0031446 285.6680  87.4399 14.10951845759082
FENGYUN 1C DEB
1 31451U 99025BUP 22019.38424406  .00000306  00000-0  19466-3 0  9992
2 31451  98.9372  63.7967 0031462 282.7728  90.0547 14.10952679759228
FENGYUN 1C DEB
1 31451U 99025BUP 22022.08183703  .00000197  00000-0  13416-3 0  9992
2 31451  98.9370  66.4802 0031500 274.9396 112.5266 14.10954149762429
FENGYUN 1C DEB
1 31451U 99025BUP 22022.08183703  .00000197  00000-0  13416-3 0  9992
2 31451  98.9370  66.4802 0031500 274.9396 112.5266 14.10954149759605
FENGYUN 1C DEB
1 31451U 99025BUP 22022.60254788  .00000204  00000-0  13795-3 0  9991
2 31451  98.9370  66.9981 0031498 273.4361 237.4799 14.10954505759671
FENGYUN 1C DEB
1 31451U 99025BUP 22023.35537854  .00000232  00000-0  15325-3 0  9994
2 31451  98.9370  67.7471 0031526 271.2647 101.4877 14.10955167759783
FENGYUN 1C DEB
1 31451U 99025BUP 22023.88361693  .00000229  00000-0  15199-3 0  9993
2 31451  98.9369  68.2726 0031525 269.7394 264.6788 14.10955416759858
FENGYUN 1C DEB
1 31451U 99025BUP 22024.06785917  .00000232  00000-0  15328-3 0  9991
2 31451  98.9369  68.4559 0031506 269.1892 120.5569 14.10955523759889
FENGYUN 1C DEB
1 31451U 99025BUP 22024.58894123  .00000244  00000-0  16013-3 0  9993
2 31451  98.9369  68.9743 0031511 267.6820 247.4003 14.10955831762775
FENGYUN 1C DEB
1 31451U 99025BUP 22024.93708598  .00000245  00000-0  16067-3 0  9992
2 31451  98.9368  69.3205 0031533 266.6853 215.7965 14.10955988760003
FENGYUN 1C DEB
1 31451U 99025BUP 22025.41189699  .00000274  00000-0  17682-3 0  9997
2 31451  98.9368  69.7929 0031550 265.3111 107.6074 14.10956394760071
FENGYUN 1C DEB
1 31451U 99025BUP 22025.86933456  .00000292  00000-0  18655-3 0  9995
2 31451  98.9367  70.2479 0031563 263.9932 271.1645 14.10956747760136
FENGYUN 1C DEB
1 31451U 99025BUP 22026.40460946  .00000290  00000-0  18561-3 0  9999
2 31451  98.9366  70.7804 0031576 262.4370 110.1111 14.10957043760215
FENGYUN 1C DEB
1 31451U 99025BUP 22026.63998057  .00000290  00000-0  18569-3 0  9991
2 31451  98.9366  71.0145 0031575 261.7496 225.6901 14.10957211763069
FENGYUN 1C DEB
1 31451U 99025BUP 22026.63998057  .00000290  00000-0  18569-3 0  9991
2 31451  98.9366  71.0145 0031575 261.7496 225.6901 14.10957211760246
FENGYUN 1C DEB
1 31451U 99025BUP 22028.39018539  .00000261  00000-0  16948-3 0  9991
2 31451  98.9363  72.7554 0031631 256.6660 115.9154 14.10958233760497
FENGYUN 1C DEB
1 31451U 99025BUP 22029.38302609  .00000254  00000-0  16550-3 0  9996
2 31451  98.9361  73.7430 0031672 253.7998 119.0699 14.10958961763452
FENGYUN 1C DEB
1 31451U 99025BUP 22029.38302609  .00000254  00000-0  16550-3 0  9996
2 31451  98.9361  73.7430 0031672 253.7998 119.0699 14.10958961760639
FENGYUN 1C DEB
1 31451U 99025BUP 22029.62331628  .00000253  00000-0  16535-3 0  9998
2 31451  98.9361  73.9820 0031694 253.1167 259.6184 14.10959146760669
FENGYUN 1C DEB
1 31451U 99025BUP 22030.61597948  .00000258  00000-0  16765-3 0  9998
2 31451  98.9360  74.9694 0031737 250.2571 261.8674 14.10959894760808
FENGYUN 1C DEB
1 31451U 99025BUP 22030.96416983  .00000250  00000-0  16348-3 0  9994
2 31451  98.9359  75.3158 0031754 249.2588 230.5017 14.10960073760851
FENGYUN 1C DEB
1 31451U 99025BUP 22032.37193382  .00000346  00000-0  21676-3 0  9992
2 31451  98.9358  76.7161 0031823 245.2491 181.2232 14.10961619763878
FENGYUN 1C DEB
1 31451U 99025BUP 22032.37193382  .00000346  00000-0  21676-3 0  9992
2 31451  98.9358  76.7161 0031823 245.2491 181.2232 14.10961619761056
FENGYUN 1C DEB
1 31451U 99025BUP 22032.88986488  .00000295  00000-0  18853-3 0  9991
2 31451  98.9356  77.2312 0031820 243.7363 292.0864 14.10961655761126
FENGYUN 1C DEB
1 31451U 99025BUP 22033.59454831  .00000335  00000-0  21035-3 0  9993
2 31451  98.9356  77.9321 0031839 241.7090 271.5403 14.10962317761226
FENGYUN 1C DEB
1 31451U 99025BUP 22033.94309295  .00000350  00000-0  21863-3 0  9991
2 31451  98.9355  78.2788 0031845 240.6921 241.9953 14.10962630761278
FENGYUN 1C DEB
1 31451U 99025BUP 22034.35675990  .00000346  00000-0  21637-3 0  9999
2 31451  98.9355  78.6903 0031869 239.5169 183.2114 14.10962890761330
FENGYUN 1C DEB
1 31451U 99025BUP 22034.87516002  .00000416  00000-0  25543-3 0  9992
2 31451  98.9354  79.2059 0031887 238.0308 296.4334 14.10963665764220
FENGYUN 1C DEB
1 31451U 99025BUP 22035.34933167  .00000421  00000-0  25827-3 0  9991
2 31451  98.9354  79.6776 0031905 236.6657 185.0014 14.10964009761477
FENGYUN 1C DEB
1 31451U 99025BUP 22035.86823144  .00000456  00000-0  27764-3 0  9991
2 31451  98.9353  80.1937 0031925 235.1769 300.7644 14.10964647761543
FENGYUN 1C DEB
1 31451U 99025BUP 22036.40340977  .00000446  00000-0  27190-3 0  9992
2 31451  98.9353  80.7260 0031952 233.6422 139.2145 14.10965067761624
FENGYUN 1C DEB
1 31451U 99025BUP 22037.05178747  .00000422  00000-0  25895-3 0  9992
2 31451  98.9352  81.3709 0031989 231.7800 192.6676 14.10965548764536
FENGYUN 1C DEB
1 31451U 99025BUP 22037.05178747  .00000422  00000-0  25895-3 0  9992
2 31451  98.9352  81.3709 0031989 231.7800 192.6676 14.10965548761713
FENGYUN 1C DEB
1 31451U 99025BUP 22038.38910153  .00000356  00000-0  22186-3 0  9990
2 31451  98.9350  82.7011 0032059 227.9554 145.5797 14.10966443761901
FENGYUN 1C DEB
1 31451U 99025BUP 22039.38177263  .00000334  00000-0  21009-3 0  9997
2 31451  98.9349  83.6884 0032119 225.1380 147.8536 14.10967283764868
FENGYUN 1C DEB
1 31451U 99025BUP 22039.38177263  .00000334  00000-0  21009-3 0  9997
2 31451  98.9349  83.6884 0032119 225.1380 147.8536 14.10967283762046
FENGYUN 1C DEB
1 31451U 99025BUP 22040.61500080  .00000313  00000-0  19817-3 0  9993
2 31451  98.9348  84.9149 0032184 221.6329 292.0447 14.10968245762211
FENGYUN 1C DEB
1 31451U 99025BUP 22042.07963512  .00000334  00000-0  20985-3 0  9999
2 31451  98.9345  86.3716 0032243 217.4309 171.7090 14.10969423765243
FENGYUN 1C DEB
1 31451U 99025BUP 22042.36022794  .00000341  00000-0  21370-3 0  9996
2 31451  98.9345  86.6507 0032244 216.5948 157.0220 14.10969613762468
FENGYUN 1C DEB
1 31451U 99025BUP 22042.94873067  .00000354  00000-0  22068-3 0  9996
2 31451  98.9343  87.2360 0032297 214.9937 266.2564 14.10969973762540
FENGYUN 1C DEB
1 31451U 99025BUP 22043.35252927  .00000368  00000-0  22863-3 0  9996
2 31451  98.9343  87.6376 0032310 213.8779 157.3251 14.10970284762606
FENGYUN 1C DEB
1 31451U 99025BUP 22043.88125324  .00000355  00000-0  22141-3 0  9999
2 31451  98.9343  88.1635 0032334 212.3915 322.9688 14.10970427762672
FENGYUN 1C DEB
1 31451U 99025BUP 22044.35555765  .00000357  00000-0  22248-3 0  9998
2 31451  98.9341  88.6352 0032343 210.9670 212.2816 14.10970682765561
FENGYUN 1C DEB
1 31451U 99025BUP 22044.58619052  .00000360  00000-0  22414-3 0  9992
2 31451  98.9340  88.8646 0032356 210.2964 303.8002 14.10970848762779
FENGYUN 1C DEB
1 31451U 99025BUP 22045.57915485  .00000362  00000-0  22541-3 0  9994
2 31451  98.9339  89.8521 0032407 207.5094 307.5458 14.10971487762912
FENGYUN 1C DEB
1 31451U 99025BUP 22046.40218469  .00000354  00000-0  22097-3 0  9992
2 31451  98.9337  90.6707 0032456 205.1821 168.1325 14.10972089763039
FENGYUN 1C DEB
1 31451U 99025BUP 22046.40218469  .00000354  00000-0  22097-3 0  9992
2 31451  98.9337  90.6707 0032456 205.1821 168.1325 14.10972089765851
FENGYUN 1C DEB
1 31451U 99025BUP 22046.85955274  .00000334  00000-0  20974-3 0  9993
2 31451  98.9336  91.1256 0032480 203.9000 331.3269 14.10972368763092
FENGYUN 1C DEB
1 31451U 99025BUP 22047.85258241  .00000324  00000-0  20409-3 0  9996
2 31451  98.9335  92.1132 0032540 201.1111 335.4147 14.10973248763239
FENGYUN 1C DEB
1 31451U 99025BUP 22049.38053966  .00000239  00000-0  15728-3 0  9996
2 31451  98.9333  93.6327 0032630 196.8449 176.6436 14.10974223766270
FENGYUN 1C DEB
1 31451U 99025BUP 22049.38053966  .00000239  00000-0  15728-3 0  9996
2 31451  98.9333  93.6327 0032630 196.8449 176.6436 14.10974223763457
FENGYUN 1C DEB
1 31451U 99025BUP 22049.62057995  .00000232  00000-0  15316-3 0  9995
2 31451  98.9333  93.8714 0032643 196.1744 315.9244 14.10974411763481
FENGYUN 1C DEB
1 31451U 99025BUP 22050.09280743  .00000212  00000-0  14210-3 0  9997
2 31451  98.9332  94.3410 0032669 194.8607 194.5908 14.10974680763554
FENGYUN 1C DEB
1 31451U 99025BUP 22050.90156792  .00000217  00000-0  14508-3 0  9998
2 31451  98.9331  95.1452 0032706 192.6059 342.6734 14.10975299763669
FENGYUN 1C DEB
1 31451U 99025BUP 22051.60608635  .00000222  00000-0  14772-3 0  9993
2 31451  98.9329  95.8458 0032736 190.6556 321.2473 14.10975780763761
FENGYUN 1C DEB
1 31451U 99025BUP 22051.60608635  .00000222  00000-0  14772-3 0  9993
2 31451  98.9329  95.8458 0032736 190.6556 321.2473 14.10975780766584
FENGYUN 1C DEB
1 31451U 99025BUP 22052.59898267  .00000235  00000-0  15467-3 0  9990
2 31451  98.9328  96.8331 0032777 187.8684 324.6653 14.10976358763901
FENGYUN 1C DEB
1 31451U 99025BUP 22053.35095425  .00000257  00000-0  16674-3 0  9995
2 31451  98.9327  97.5809 0032812 185.7598 184.3047 14.10976804764016
FENGYUN 1C DEB
1 31451U 99025BUP 22053.87984145  .00000280  00000-0  17975-3 0  9999
2 31451  98.9326  98.1069 0032836 184.2618 350.8030 14.10977176764085
FENGYUN 1C DEB
1 31451U 99025BUP 22053.87984145  .00000280  00000-0  17975-3 0  9999
2 31451  98.9326  98.1069 0032836 184.2618 350.8030 14.10977176766908
FENGYUN 1C DEB
1 31451U 99025BUP 22054.41546312  .00000289  00000-0  18475-3 0  9995
2 31451  98.9326  98.6395 0032863 182.7386 191.5156 14.10977456764166
FENGYUN 1C DEB
1 31451U 99025BUP 22054.87269594  .00000305  00000-0  19371-3 0  9994
2 31451  98.9325  99.0942 0032884 181.4616 354.0263 14.10977773764227
FENGYUN 1C DEB
1 31451U 99025BUP 22055.34641411  .00000315  00000-0  19938-3 0  9999
2 31451  98.9325  99.5653 0032910 180.1347 240.2787 14.10978093764298
FENGYUN 1C DEB
1 31451U 99025BUP 22056.40043652  .00000308  00000-0  19545-3 0  9996
2 31451  98.9323 100.6134 0032964 177.2136 194.1587 14.10978720767268
FENGYUN 1C DEB
1 31451U 99025BUP 22057.92146104  .00000254  00000-0  16506-3 0  9994
2 31451  98.9320 102.1259 0033044 173.0259   0.1414 14.10979533764658
FENGYUN 1C DEB
1 31451U 99025BUP 22058.38600671  .00000255  00000-0  16592-3 0  9995
2 31451  98.9320 102.5879 0033068 171.7434 199.7866 14.10979874764728
FENGYUN 1C DEB
1 31451U 99025BUP 22058.91436344  .00000253  00000-0  16469-3 0  9999
2 31451  98.9319 103.1132 0033092 170.2907   3.5535 14.10980283764799
FENGYUN 1C DEB
1 31451U 99025BUP 22059.09857684  .00000247  00000-0  16151-3 0  9994
2 31451  98.9318 103.2964 0033101 169.7834 219.2590 14.10980408767648
FENGYUN 1C DEB
1 31451U 99025BUP 22059.09857684  .00000247  00000-0  16151-3 0  9994
2 31451  98.9318 103.2964 0033101 169.7834 219.2590 14.10980408764825
FENGYUN 1C DEB
1 31451U 99025BUP 22060.38246826  .00000218  00000-0  14544-3 0  9990
2 31451  98.9316 104.5730 0033160 166.2341 260.7547 14.10981123765007
FENGYUN 1C DEB
1 31451U 99025BUP 22061.08437524  .00000213  00000-0  14277-3 0  9993
2 31451  98.9315 105.2709 0033187 164.2943 226.0750 14.10981520765108
FENGYUN 1C DEB
1 31451U 99025BUP 22061.89258284  .00000224  00000-0  14851-3 0  9996
2 31451  98.9314 106.0745 0033216 162.0649  11.3435 14.10981973765217
FENGYUN 1C DEB
1 31451U 99025BUP 22062.07702229  .00000228  00000-0  15088-3 0  9997
2 31451  98.9314 106.2579 0033224 161.5520 228.2029 14.10982092768062
FENGYUN 1C DEB
1 31451U 99025BUP 22062.36765112  .00000257  00000-0  16686-3 0  9996
2 31451  98.9314 106.5469 0033231 160.7622 264.4327 14.10982379765287
FENGYUN 1C DEB
1 31451U 99025BUP 22062.59755660  .00000272  00000-0  17523-3 0  9996
2 31451  98.9313 106.7755 0033240 160.1227 352.2371 14.10982578765311
FENGYUN 1C DEB
1 31451U 99025BUP 22063.34989498  .00000293  00000-0  18664-3 0  9998
2 31451  98.9312 107.5236 0033269 158.0451 213.7238 14.10982994765426
FENGYUN 1C DEB
1 31451U 99025BUP 22064.06268309  .00000324  00000-0  20374-3 0  9995
2 31451  98.9311 108.2323 0033299 156.0663 234.3283 14.10983538765521
FENGYUN 1C DEB
1 31451U 99025BUP 22064.58346229  .00000367  00000-0  22758-3 0  9995
2 31451  98.9310 108.7501 0033321 154.6270 359.6188 14.10984077768412
FENGYUN 1C DEB
1 31451U 99025BUP 22064.58346229  .00000367  00000-0  22758-3 0  9995
2 31451  98.9310 108.7501 0033321 154.6270 359.6188 14.10984077765598
FENGYUN 1C DEB
1 31451U 99025BUP 22064.87095963  .00000374  00000-0  23166-3 0  9995
2 31451  98.9310 109.0359 0033329 153.8381  19.9520 14.10984273765634
FENGYUN 1C DEB
1 31451U 99025BUP 22065.34506081  .00000410  00000-0  25146-3 0  9997
2 31451  98.9309 109.5073 0033349 152.5278 268.1437 14.10984814765707
FENGYUN 1C DEB
1 31451U 99025BUP 22065.92494304  .00000377  00000-0  23341-3 0  9992
2 31451  98.9308 110.0839 0033366 150.9516 333.6227 14.10985034765787
FENGYUN 1C DEB
1 31451U 99025BUP 22066.39914027  .00000380  00000-0  23489-3 0  9990
2 31451  98.9308 110.5554 0033386 149.6566 222.2879 14.10985425765856
FENGYUN 1C DEB
1 31451U 99025BUP 22067.39184789  .00000340  00000-0  21294-3 0  9993
2 31451  98.9306 111.5423 0033421 146.9516 224.7014 14.10986063768811
FENGYUN 1C DEB
1 31451U 99025BUP 22067.39184789  .00000340  00000-0  21294-3 0  9993
2 31451  98.9306 111.5423 0033421 146.9516 224.7014 14.10986063765997
FENGYUN 1C DEB
1 31451U 99025BUP 22068.38467584  .00000320  00000-0  20150-3 0  9998
2 31451  98.9305 112.5294 0033451 144.2481 227.7273 14.10986852766131
FENGYUN 1C DEB
1 31451U 99025BUP 22069.37750016  .00000283  00000-0  18148-3 0  9995
2 31451  98.9303 113.5165 0033479 141.5368 230.7447 14.10987524766270
FENGYUN 1C DEB
1 31451U 99025BUP 22070.08983608  .00000280  00000-0  17937-3 0  9992
2 31451  98.9302 114.2247 0033494 139.5994 249.0241 14.10988090769195
FENGYUN 1C DEB
1 31451U 99025BUP 22070.36997567  .00000279  00000-0  17925-3 0  9997
2 31451  98.9302 114.5032 0033502 138.8321 231.9870 14.10988308766418
FENGYUN 1C DEB
1 31451U 99025BUP 22071.36298553  .00000333  00000-0  20912-3 0  9998
2 31451  98.9300 115.4904 0033529 136.1005 235.9710 14.10989279766553
FENGYUN 1C DEB
1 31451U 99025BUP 22071.89120361  .00000299  00000-0  18993-3 0  9994
2 31451  98.9298 116.0155 0033549 134.6281  39.0696 14.10989399766622
FENGYUN 1C DEB
1 31451U 99025BUP 22072.35588270  .00000360  00000-0  22356-3 0  9990
2 31451  98.9298 116.4775 0033563 133.3538 239.4000 14.10990011769510
FENGYUN 1C DEB
1 31451U 99025BUP 22072.59627858  .00000390  00000-0  24040-3 0  9997
2 31451  98.9297 116.7165 0033567 132.7006  20.4818 14.10990355766728
FENGYUN 1C DEB
1 31451U 99025BUP 22072.88400718  .00000419  00000-0  25666-3 0  9990
2 31451  98.9297 117.0025 0033574 131.9048  42.0031 14.10990729766768
FENGYUN 1C DEB
1 31451U 99025BUP 22074.06186101  .00000447  00000-0  27217-3 0  9994
2 31451  98.9294 118.1735 0033607 128.6710 264.9037 14.10991724766937
FENGYUN 1C DEB
1 31451U 99025BUP 22074.86945684  .00000451  00000-0  27421-3 0  9993
2 31451  98.9292 118.9763 0033620 126.4828  47.0561 14.10992450769869
FENGYUN 1C DEB
1 31451U 99025BUP 22074.86945684  .00000451  00000-0  27421-3 0  9993
2 31451  98.9292 118.9763 0033620 126.4828  47.0561 14.10992450767047
FENGYUN 1C DEB
1 31451U 99025BUP 22075.40490404  .00000446  00000-0  27162-3 0  9995
2 31451  98.9291 119.5085 0033623 125.0359 246.8372 14.10992937767125
FENGYUN 1C DEB
1 31451U 99025BUP 22075.86227850  .00000433  00000-0  26441-3 0  9993
2 31451  98.9289 119.9632 0033635 123.7870  50.0650 14.10993321767188
FENGYUN 1C DEB
1 31451U 99025BUP 22077.39049527  .00000338  00000-0  21181-3 0  9996
2 31451  98.9287 121.4824 0033648 119.6512 252.5892 14.10994345770221
FENGYUN 1C DEB
1 31451U 99025BUP 22077.39049527  .00000338  00000-0  21181-3 0  9996
2 31451  98.9287 121.4824 0033648 119.6512 252.5892 14.10994345767407
FENGYUN 1C DEB
1 31451U 99025BUP 22079.61648407  .00000237  00000-0  15556-3 0  9992
2 31451  98.9284 123.6952 0033636 113.6417  39.4177 14.10995813767718
FENGYUN 1C DEB
1 31451U 99025BUP 22079.61648407  .00000237  00000-0  15556-3 0  9992
2 31451  98.9284 123.6952 0033636 113.6417  39.4177 14.10995813770532
FENGYUN 1C DEB
1 31451U 99025BUP 22080.36891466  .00000208  00000-0  13934-3 0  9997
2 31451  98.9282 124.4430 0033663 111.5475 261.4242 14.10996051767824
FENGYUN 1C DEB
1 31451U 99025BUP 22080.60890220  .00000208  00000-0  13947-3 0  9995
2 31451  98.9282 124.6816 0033645 110.9347  40.3963 14.10996141767852
FENGYUN 1C DEB
1 31451U 99025BUP 22081.36141462  .00000222  00000-0  14733-3 0  9996
2 31451  98.9281 125.4295 0033636 108.8809 262.7797 14.10996561767963
FENGYUN 1C DEB
1 31451U 99025BUP 22081.88945818  .00000230  00000-0  15170-3 0  9995
2 31451  98.9280 125.9544 0033627 107.4470  64.9676 14.10996807768033
FENGYUN 1C DEB
1 31451U 99025BUP 22081.95026684  .00000225  00000-0  14899-3 0  9995
2 31451  98.9280 126.0149 0033623 107.2835  13.8421 14.10996775770864
FENGYUN 1C DEB
1 31451U 99025BUP 22082.59483917  .00000258  00000-0  16721-3 0  9994
2 31451  98.9279 126.6556 0033620 105.5195  47.9500 14.10997201768135
FENGYUN 1C DEB
1 31451U 99025BUP 22083.58775847  .00000296  00000-0  18824-3 0  9998
2 31451  98.9277 127.6425 0033628 102.8039  51.4882 14.10997775768278
FENGYUN 1C DEB
1 31451U 99025BUP 22083.87559285  .00000325  00000-0  20422-3 0  9996
2 31451  98.9276 127.9286 0033650 101.9961  73.5660 14.10998067768313
FENGYUN 1C DEB
1 31451U 99025BUP 22084.41095947  .00000344  00000-0  21493-3 0  9997
2 31451  98.9274 128.4607 0033646 100.5574 272.9399 14.10998470771219
FENGYUN 1C DEB
1 31451U 99025BUP 22084.58059274  .00000347  00000-0  21631-3 0  9995
2 31451  98.9274 128.6293 0033651 100.0993  54.5880 14.10998602768412
FENGYUN 1C DEB
1 31451U 99025BUP 22084.92901712  .00000349  00000-0  21776-3 0  9998
2 31451  98.9273 128.9756 0033648  99.1461  24.4135 14.10998809768465
FENGYUN 1C DEB
1 31451U 99025BUP 22085.40378362  .00000373  00000-0  23100-3 0  9991
2 31451  98.9271 129.4475 0033641  97.8705 275.9727 14.10999268768534
FENGYUN 1C DEB
1 31451U 99025BUP 22086.39616590  .00000343  00000-0  21461-3 0  9993
2 31451  98.9269 130.4338 0033620  95.1857 276.7641 14.10999939768671
FENGYUN 1C DEB
1 31451U 99025BUP 22086.91490918  .00000344  00000-0  21508-3 0  9998
2 31451  98.9268 130.9494 0033599  93.7905  31.7052 14.11000359768744
FENGYUN 1C DEB
1 31451U 99025BUP 22086.91490918  .00000344  00000-0  21508-3 0  9998
2 31451  98.9268 130.9494 0033599  93.7905  31.7052 14.11000359771568
FENGYUN 1C DEB
1 31451U 99025BUP 22087.91749902  .00000329  00000-0  20663-3 0  9993
2 31451  98.9266 131.9458 0033567  91.0755  84.3530 14.11001230768881
FENGYUN 1C DEB
1 31451U 99025BUP 22088.91015501  .00000355  00000-0  22086-3 0  9995
2 31451  98.9265 132.9324 0033533  88.3715  86.5608 14.11002316769024
FENGYUN 1C DEB
1 31451U 99025BUP 22090.36747927  .00000415  00000-0  25426-3 0  9999
2 31451  98.9262 134.3807 0033509  84.3899 289.0724 14.11003899772058
FENGYUN 1C DEB
1 31451U 99025BUP 22090.36747927  .00000415  00000-0  25426-3 0  9999
2 31451  98.9262 134.3807 0033509  84.3899 289.0724 14.11003899769234
FENGYUN 1C DEB
1 31451U 99025BUP 22091.37046392  .00000415  00000-0  25403-3 0  9994
2 31451  98.9260 135.3775 0033487  81.6582 343.7495 14.11004616769377
FENGYUN 1C DEB
1 31451U 99025BUP 22092.88125385  .00000531  00000-0  31829-3 0  9999
2 31451  98.9257 136.8789 0033492  77.5227  97.8642 14.11006658772407
FENGYUN 1C DEB
1 31451U 99025BUP 22092.88125385  .00000531  00000-0  31829-3 0  9999
2 31451  98.9257 136.8789 0033492  77.5227  97.8642 14.11006658769582
FENGYUN 1C DEB
1 31451U 99025BUP 22093.87379414  .00000543  00000-0  32498-3 0  9999
2 31451  98.9255 137.8654 0033480  74.8079  99.5132 14.11007717769720
FENGYUN 1C DEB
1 31451U 99025BUP 22094.40893589  .00000562  00000-0  33556-3 0  9990
2 31451  98.9254 138.3971 0033443  73.3831 297.7520 14.11008500769809
FENGYUN 1C DEB
1 31451U 99025BUP 22096.39478234  .00000551  00000-0  32951-3 0  9992
2 31451  98.9252 140.3706 0033310  67.9660 304.9503 14.11011193772907
FENGYUN 1C DEB
1 31451U 99025BUP 22096.39478234  .00000551  00000-0  32951-3 0  9992
2 31451  98.9252 140.3706 0033310  67.9660 304.9503 14.11011193770084
FENGYUN 1C DEB
1 31451U 99025BUP 22097.91619564  .00000460  00000-0  27886-3 0  9994
2 31451  98.9249 141.8824 0033231  63.7958 113.0708 14.11012857770290
FENGYUN 1C DEB
1 31451U 99025BUP 22098.38032447  .00000446  00000-0  27158-3 0  9991
2 31451  98.9249 142.3437 0033203  62.5221 310.6474 14.11013413770367
FENGYUN 1C DEB
1 31451U 99025BUP 22098.90888043  .00000404  00000-0  24838-3 0  9996
2 31451  98.9248 142.8689 0033177  61.0657 115.4928 14.11013840770434
FENGYUN 1C DEB
1 31451U 99025BUP 22098.90888043  .00000404  00000-0  24838-3 0  9996
2 31451  98.9248 142.8689 0033177  61.0657 115.4928 14.11013840773257
FENGYUN 1C DEB
1 31451U 99025BUP 22099.37273750  .00000405  00000-0  24844-3 0  9999
2 31451  98.9248 143.3299 0033157  59.7984 311.6853 14.11014428770500
FENGYUN 1C DEB
1 31451U 99025BUP 22099.90147771  .00000394  00000-0  24255-3 0  9994
2 31451  98.9247 143.8553 0033133  58.3384 117.4717 14.11014968770577
FENGYUN 1C DEB
1 31451U 99025BUP 22100.36584499  .00000391  00000-0  24077-3 0  9998
2 31451  98.9247 144.3169 0033087  57.0223 316.3045 14.11015462770644
FENGYUN 1C DEB
1 31451U 99025BUP 22100.95414417  .00000414  00000-0  25379-3 0  9997
2 31451  98.9247 144.9015 0033054  55.3879  64.6391 14.11016225773549
FENGYUN 1C DEB
1 31451U 99025BUP 22101.35858617  .00000424  00000-0  25937-3 0  9997
2 31451  98.9247 145.3034 0033038  54.2755 319.0386 14.11016671770787
FENGYUN 1C DEB
1 31451U 99025BUP 22102.36122866  .00000457  00000-0  27762-3 0  9993
2 31451  98.9245 146.2999 0033001  51.4910  12.0778 14.11017605770926
FENGYUN 1C DEB
1 31451U 99025BUP 22103.06405851  .00000461  00000-0  27986-3 0  9992
2 31451  98.9244 146.9983 0032965  49.5527 342.1737 14.11018253773841
FENGYUN 1C DEB
1 31451U 99025BUP 22103.41506569  .00000455  00000-0  27644-3 0  9993
2 31451  98.9242 147.3472 0032962  48.5801 325.1539 14.11018420771078
FENGYUN 1C DEB
1 31451U 99025BUP 22103.87232426  .00000439  00000-0  26763-3 0  9994
2 31451  98.9242 147.8016 0032935  47.3042 127.8605 14.11018678771134
FENGYUN 1C DEB
1 31451U 99025BUP 22104.40770809  .00000428  00000-0  26156-3 0  9990
2 31451  98.9242 148.3336 0032929  45.7988 327.4277 14.11019071771219
FENGYUN 1C DEB
1 31451U 99025BUP 22104.86518209  .00000439  00000-0  26760-3 0  9997
2 31451  98.9241 148.7882 0032902  44.5315 131.2226 14.11019589771275
FENGYUN 1C DEB
1 31451U 99025BUP 22105.40054476  .00000426  00000-0  26027-3 0  9991
2 31451  98.9240 149.3202 0032848  43.0496 330.6612 14.11020031774170
FENGYUN 1C DEB
1 31451U 99025BUP 22105.40054476  .00000426  00000-0  26027-3 0  9991
2 31451  98.9240 149.3202 0032848  43.0496 330.6612 14.11020031771357
FENGYUN 1C DEB
1 31451U 99025BUP 22106.39321034  .00000396  00000-0  24350-3 0  9990
2 31451  98.9239 150.3065 0032765  40.2967 333.0336 14.11020916771491
FENGYUN 1C DEB
1 31451U 99025BUP 22107.38583495  .00000385  00000-0  23765-3 0  9998
2 31451  98.9237 151.2928 0032690  37.5311 335.2155 14.11022005771636
FENGYUN 1C DEB
1 31451U 99025BUP 22108.90698453  .00000356  00000-0  22137-3 0  9998
2 31451  98.9234 152.8041 0032667  33.3372 142.0788 14.11023520771843
FENGYUN 1C DEB
1 31451U 99025BUP 22108.90698453  .00000356  00000-0  22137-3 0  9998
2 31451  98.9234 152.8041 0032667  33.3372 142.0788 14.11023520774666
FENGYUN 1C DEB
1 31451U 99025BUP 22109.61376060  .00000355  00000-0  22082-3 0  9992
2 31451  98.9234 153.5063 0032709  31.4317 132.1930 14.11024263771945
FENGYUN 1C DEB
1 31451U 99025BUP 22110.36405532  .00000363  00000-0  22571-3 0  9995
2 31451  98.9234 154.2521 0032667  29.2649 343.5078 14.11024993772052
FENGYUN 1C DEB
1 31451U 99025BUP 22110.89245333  .00000378  00000-0  23369-3 0  9996
2 31451  98.9234 154.7771 0032628  27.8005 147.5808 14.11025519772127
FENGYUN 1C DEB
1 31451U 99025BUP 22111.07690822  .00000383  00000-0  23673-3 0  9998
2 31451  98.9230 154.9602 0032591  27.2571   4.5784 14.11025740774975
FENGYUN 1C DEB
1 31451U 99025BUP 22111.07690822  .00000383  00000-0  23673-3 0  9998
2 31451  98.9230 154.9602 0032591  27.2571   4.5784 14.11025740772153
FENGYUN 1C DEB
1 31451U 99025BUP 22112.35941153  .00000485  00000-0  29294-3 0  9994
2 31451  98.9229 156.2344 0032439  23.6045  39.3414 14.11027416772334
FENGYUN 1C DEB
1 31451U 99025BUP 22113.35180851  .00000538  00000-0  32234-3 0  9992
2 31451  98.9226 157.2202 0032366  20.8860  40.3414 14.11028679775290
FENGYUN 1C DEB
1 31451U 99025BUP 22113.35180851  .00000538  00000-0  32234-3 0  9992
2 31451  98.9226 157.2202 0032366  20.8860  40.3414 14.11028679772477
FENGYUN 1C DEB
1 31451U 99025BUP 22114.34450556  .00000532  00000-0  31903-3 0  9990
2 31451  98.9224 158.2064 0032306  18.0968  42.9395 14.11029715772618
FENGYUN 1C DEB
1 31451U 99025BUP 22114.86366544  .00000526  00000-0  31594-3 0  9999
2 31451  98.9222 158.7222 0032280  16.6476 160.1054 14.11030255772689
FENGYUN 1C DEB
1 31451U 99025BUP 22116.39151450  .00000479  00000-0  28977-3 0  9995
2 31451  98.9219 160.2401 0032141  12.3221   1.1575 14.11031903775720
FENGYUN 1C DEB
1 31451U 99025BUP 22116.39151450  .00000479  00000-0  28977-3 0  9995
2 31451  98.9219 160.2401 0032141  12.3221   1.1575 14.11031903772907
FENGYUN 1C DEB
1 31451U 99025BUP 22117.10376779  .00000528  00000-0  31683-3 0  9991
2 31451  98.9219 160.9477 0032097  10.2585  19.2587 14.11033116773000
FENGYUN 1C DEB
1 31451U 99025BUP 22118.37690962  .00000567  00000-0  33823-3 0  9995
2 31451  98.9216 162.2125 0032001   6.6528   6.4826 14.11035039773182
FENGYUN 1C DEB
1 31451U 99025BUP 22119.08918662  .00000530  00000-0  31815-3 0  9993
2 31451  98.9215 162.9201 0031958   4.6267  24.6733 14.11035796776105
FENGYUN 1C DEB
1 31451U 99025BUP 22119.36962198  .00000560  00000-0  33451-3 0  9998
2 31451  98.9215 163.1986 0031938   3.8268   9.2189 14.11036348773327
FENGYUN 1C DEB
1 31451U 99025BUP 22120.36236208  .00000516  00000-0  31025-3 0  9992
2 31451  98.9213 164.1848 0031882   1.0378  12.0625 14.11037343773461
FENGYUN 1C DEB
1 31451U 99025BUP 22120.89072130  .00000537  00000-0  32215-3 0  9997
2 31451  98.9212 164.7097 0031847 359.4761 176.0601 14.11038142773530
FENGYUN 1C DEB
1 31451U 99025BUP 22121.07527687  .00000537  00000-0  32164-3 0  9993
2 31451  98.9214 164.8931 0031844 358.9580  33.5517 14.11038370773569
FENGYUN 1C DEB
1 31451U 99025BUP 22121.94372865  .00000566  00000-0  33807-3 0  9992
2 31451  98.9212 165.7559 0031794 356.4791 125.0901 14.11039519776501
FENGYUN 1C DEB
1 31451U 99025BUP 22122.58824435  .00000531  00000-0  31866-3 0  9993
2 31451  98.9211 166.3962 0031754 354.6417 159.0841 14.11040106773776
FENGYUN 1C DEB
1 31451U 99025BUP 22122.93658743  .00000538  00000-0  32230-3 0  9992
2 31451  98.9210 166.7422 0031725 353.6438 128.5945 14.11040571773828
FENGYUN 1C DEB
1 31451U 99025BUP 22123.06737115  .00000543  00000-0  32518-3 0  9993
2 31451  98.9211 166.8722 0031721 353.2265  72.9917 14.11040811773843
FENGYUN 1C DEB
1 31451U 99025BUP 22123.99904003  .00000502  00000-0  30244-3 0  9996
2 31451  98.9208 167.7975 0031649 350.5800 125.6553 14.11041726776798
FENGYUN 1C DEB
1 31451U 99025BUP 22124.34238633  .00000523  00000-0  31425-3 0  9990
2 31451  98.9207 168.1386 0031636 349.6218  69.7595 14.11042280774020
FENGYUN 1C DEB
1 31451U 99025BUP 22124.92244507  .00000503  00000-0  30311-3 0  9992
2 31451  98.9206 168.7148 0031589 347.9558 136.3449 14.11042847774103
FENGYUN 1C DEB
1 31451U 99025BUP 22126.38917457  .00000538  00000-0  32260-3 0  9998
2 31451  98.9204 170.1718 0031505 343.7160  27.0820 14.11044998777125
FENGYUN 1C DEB
1 31451U 99025BUP 22126.38917457  .00000538  00000-0  32260-3 0  9998
2 31451  98.9204 170.1718 0031505 343.7160  27.0820 14.11044998774313
FENGYUN 1C DEB
1 31451U 99025BUP 22127.38226604  .00000424  00000-0  25964-3 0  9993
2 31451  98.9203 171.1582 0031449 340.8369  31.8276 14.11045460774456
FENGYUN 1C DEB
1 31451U 99025BUP 22127.91072433  .00000372  00000-0  23060-3 0  9998
2 31451  98.9203 171.6831 0031427 339.3004 196.3166 14.11045709774522
FENGYUN 1C DEB
1 31451U 99025BUP 22129.37817196  .00000357  00000-0  22256-3 0  9992
2 31451  98.9201 173.1408 0031361 335.0855  90.6850 14.11047051777555
FENGYUN 1C DEB
1 31451U 99025BUP 22129.37817196  .00000357  00000-0  22256-3 0  9992
2 31451  98.9201 173.1408 0031361 335.0855  90.6850 14.11047051774732
FENGYUN 1C DEB
1 31451U 99025BUP 22129.89622727  .00000354  00000-0  22041-3 0  9992
2 31451  98.9200 173.6554 0031339 333.5858 202.3254 14.11047477774809
FENGYUN 1C DEB
1 31451U 99025BUP 22130.36061880  .00000345  00000-0  21578-3 0  9997
2 31451  98.9200 174.1167 0031313 332.2491  41.3550 14.11047804774877
FENGYUN 1C DEB
1 31451U 99025BUP 22130.88888824  .00000372  00000-0  23070-3 0  9998
2 31451  98.9199 174.6414 0031290 330.7127 204.8902 14.11048353774942
FENGYUN 1C DEB
1 31451U 99025BUP 22131.35329289  .00000374  00000-0  23152-3 0  9999
2 31451  98.9199 175.1027 0031265 329.3701  43.9932 14.11048686775015
FENGYUN 1C DEB
1 31451U 99025BUP 22131.88154506  .00000394  00000-0  24289-3 0  9999
2 31451  98.9198 175.6274 0031243 327.8374 207.4381 14.11049165777906
FENGYUN 1C DEB
1 31451U 99025BUP 22132.41688275  .00000441  00000-0  26895-3 0  9992
2 31451  98.9198 176.1592 0031219 326.2922  46.8697 14.11049819775167
FENGYUN 1C DEB
1 31451U 99025BUP 22132.87441913  .00000462  00000-0  28020-3 0  9993
2 31451  98.9197 176.6136 0031196 324.9601 211.0954 14.11050307775221
FENGYUN 1C DEB
1 31451U 99025BUP 22133.40985451  .00000482  00000-0  29178-3 0  9990
2 31451  98.9196 177.1455 0031166 323.4012  51.0386 14.11050865775306
FENGYUN 1C DEB
1 31451U 99025BUP 22133.86717470  .00000482  00000-0  29137-3 0  9999
2 31451  98.9195 177.5997 0031145 322.0551 214.1822 14.11051266775369
FENGYUN 1C DEB
1 31451U 99025BUP 22134.40164301  .00000501  00000-0  30213-3 0  9998
2 31451  98.9195 178.1306 0031118 320.5086  49.2054 14.11051884778257
FENGYUN 1C DEB
1 31451U 99025BUP 22134.40164301  .00000501  00000-0  30213-3 0  9998
2 31451  98.9195 178.1306 0031118 320.5086  49.2054 14.11051884775445
FENGYUN 1C DEB
1 31451U 99025BUP 22135.39509027  .00000519  00000-0  31208-3 0  9999
2 31451  98.9194 179.1173 0031080 317.5840  55.8313 14.11053098775584
FENGYUN 1C DEB
1 31451U 99025BUP 22136.38764968  .00000499  00000-0  30104-3 0  9997
2 31451  98.9193 180.1032 0031050 314.6678  57.9452 14.11054184775723
FENGYUN 1C DEB
1 31451U 99025BUP 22137.09965369  .00000562  00000-0  33577-3 0  9992
2 31451  98.9191 180.8105 0031040 312.5514  74.8890 14.11055357778645
FENGYUN 1C DEB
1 31451U 99025BUP 22137.38050429  .00000515  00000-0  30964-3 0  9991
2 31451  98.9191 181.0894 0031019 311.7524  61.5610 14.11055482775864
FENGYUN 1C DEB
1 31451U 99025BUP 22138.37307731  .00000562  00000-0  33585-3 0  9996
2 31451  98.9191 182.0753 0031002 308.7752  63.8144 14.11057029776003
FENGYUN 1C DEB
1 31451U 99025BUP 22139.36574539  .00000605  00000-0  35964-3 0  9999
2 31451  98.9190 183.0612 0030984 305.8861  66.4665 14.11058513776145
FENGYUN 1C DEB
1 31451U 99025BUP 22139.89416178  .00000621  00000-0  36845-3 0  9998
2 31451  98.9189 183.5861 0030970 304.3520 230.7651 14.11059221779034
FENGYUN 1C DEB
1 31451U 99025BUP 22139.89416178  .00000621  00000-0  36845-3 0  9998
2 31451  98.9189 183.5861 0030970 304.3520 230.7651 14.11059221776211
FENGYUN 1C DEB
1 31451U 99025BUP 22140.07814803  .00000625  00000-0  37085-3 0  9998
2 31451  98.9189 183.7688 0030967 303.8135  85.4004 14.11059488776247
FENGYUN 1C DEB
1 31451U 99025BUP 22141.07093444  .00000627  00000-0  37152-3 0  9996
2 31451  98.9188 184.7549 0030951 300.9104  88.6743 14.11060662776386
FENGYUN 1C DEB
1 31451U 99025BUP 22141.35126569  .00000668  00000-0  39436-3 0  9994
2 31451  98.9187 185.0333 0030942 300.0946  72.7315 14.11061239776420
FENGYUN 1C DEB
1 31451U 99025BUP 22141.94011868  .00000672  00000-0  39676-3 0  9995
2 31451  98.9186 185.6182 0030927 298.3652 184.0676 14.11061986776508
FENGYUN 1C DEB
1 31451U 99025BUP 22142.06367455  .00000674  00000-0  39802-3 0  9998
2 31451  98.9186 185.7409 0030928 298.0046  91.7218 14.11062177779340
FENGYUN 1C DEB
1 31451U 99025BUP 22142.27386236  .00000667  00000-0  39400-3 0  9995
2 31451  98.9186 185.9496 0030923 297.3862  79.4635 14.11062359776559
FENGYUN 1C DEB
1 31451U 99025BUP 22142.87241220  .00000671  00000-0  39596-3 0  9995
2 31451  98.9185 186.5441 0030910 295.6410 240.0495 14.11063171776633
FENGYUN 1C DEB
1 31451U 99025BUP 22143.05635983  .00000670  00000-0  39536-3 0  9992
2 31451  98.9185 186.7268 0030912 295.0934  94.5007 14.11063437776668
FENGYUN 1C DEB
1 31451U 99025BUP 22143.92592771  .00000606  00000-0  36020-3 0  9999
2 31451  98.9184 187.5904 0030889 292.5725 191.8238 14.11064158776787
FENGYUN 1C DEB
1 31451U 99025BUP 22146.91421994  .00000426  00000-0  26075-3 0  9998
2 31451  98.9180 190.5582 0030872 283.7528 252.2549 14.11067230777203
FENGYUN 1C DEB
1 31451U 99025BUP 22146.97394028  .00000424  00000-0  25938-3 0  9996
2 31451  98.9179 190.6175 0030873 283.5751 195.6341 14.11067300780030
FENGYUN 1C DEB
1 31451U 99025BUP 22147.37840593  .00000413  00000-0  25304-3 0  9999
2 31451  98.9180 191.0192 0030893 282.3381  90.3530 14.11067731777275
FENGYUN 1C DEB
1 31451U 99025BUP 22147.90706682  .00000407  00000-0  24982-3 0  9992
2 31451  98.9179 191.5442 0030897 280.7864 255.9303 14.11068371777344
FENGYUN 1C DEB
1 31451U 99025BUP 22148.09087368  .00000401  00000-0  24649-3 0  9990
2 31451  98.9179 191.7268 0030897 280.2430 109.6662 14.11068564777376
FENGYUN 1C DEB
1 31451U 99025BUP 22148.61113450  .00000395  00000-0  24335-3 0  9994
2 31451  98.9179 192.2434 0030899 278.7146 232.5732 14.11069112777447
FENGYUN 1C DEB
1 31451U 99025BUP 22149.36389513  .00000346  00000-0  21605-3 0  9995
2 31451  98.9178 192.9910 0030902 276.4985  96.5765 14.11069542780370
FENGYUN 1C DEB
1 31451U 99025BUP 22149.36389513  .00000346  00000-0  21605-3 0  9995
2 31451  98.9178 192.9910 0030902 276.4985  96.5765 14.11069542777556
FENGYUN 1C DEB
1 31451U 99025BUP 22149.89169911  .00000355  00000-0  22117-3 0  9990
2 31451  98.9177 193.5152 0030904 274.9512 257.8011 14.11070067777629
FENGYUN 1C DEB
1 31451U 99025BUP 22150.07623398  .00000350  00000-0  21849-3 0  9992
2 31451  98.9177 193.6984 0030908 274.4053 115.2363 14.11070196777655
FENGYUN 1C DEB
1 31451U 99025BUP 22151.58979216  .00000354  00000-0  22038-3 0  9997
2 31451  98.9176 195.2015 0030914 269.9577 244.0702 14.11071399780685
FENGYUN 1C DEB
1 31451U 99025BUP 22151.58979216  .00000354  00000-0  22038-3 0  9997
2 31451  98.9176 195.2015 0030914 269.9577 244.0702 14.11071399777861
FENGYUN 1C DEB
1 31451U 99025BUP 22152.93105502  .00000350  00000-0  21817-3 0  9996
2 31451  98.9175 196.5335 0030929 266.0172 217.6561 14.11072532778055
FENGYUN 1C DEB
1 31451U 99025BUP 22153.40547553  .00000341  00000-0  21350-3 0  9997
2 31451  98.9174 197.0046 0030945 264.5893 107.7372 14.11072921778129
FENGYUN 1C DEB
1 31451U 99025BUP 22153.86255789  .00000335  00000-0  20989-3 0  9994
2 31451  98.9173 197.4585 0030957 263.2446 269.7092 14.11073296781008
FENGYUN 1C DEB
1 31451U 99025BUP 22153.92394738  .00000333  00000-0  20897-3 0  9995
2 31451  98.9173 197.5195 0030958 263.0623 221.5687 14.11073345778199
FENGYUN 1C DEB
1 31451U 99025BUP 22155.40194657  .00000276  00000-0  17729-3 0  9994
2 31451  98.9172 198.9872 0031007 258.7086 169.7931 14.11074358778409
FENGYUN 1C DEB
1 31451U 99025BUP 22156.91208972  .00000223  00000-0  14837-3 0  9996
2 31451  98.9172 200.4869 0031069 254.2784 281.2950 14.11075297781439
FENGYUN 1C DEB
1 31451U 99025BUP 22157.37597002  .00000207  00000-0  13900-3 0  9994
2 31451  98.9172 200.9475 0031086 252.9150 117.8025 14.11075544778683
FENGYUN 1C DEB
1 31451U 99025BUP 22157.61770222  .00000214  00000-0  14297-3 0  9996
2 31451  98.9171 201.1876 0031095 252.2104 265.7944 14.11075781778712
FENGYUN 1C DEB
1 31451U 99025BUP 22158.36905875  .00000206  00000-0  13858-3 0  9996
2 31451  98.9171 201.9337 0031126 250.0092 122.6727 14.11076223778823
FENGYUN 1C DEB
1 31451U 99025BUP 22159.08134899  .00000230  00000-0  15210-3 0  9997
2 31451  98.9171 202.6411 0031148 247.9378 141.0809 14.11076794781744
FENGYUN 1C DEB
1 31451U 99025BUP 22159.60204589  .00000261  00000-0  16908-3 0  9998
2 31451  98.9171 203.1582 0031164 246.4165 266.2095 14.11077240778992
FENGYUN 1C DEB
1 31451U 99025BUP 22159.89025219  .00000268  00000-0  17304-3 0  9998
2 31451  98.9170 203.4444 0031171 245.5779 290.2879 14.11077415779037
FENGYUN 1C DEB
1 31451U 99025BUP 22160.59504878  .00000304  00000-0  19312-3 0  9992
2 31451  98.9171 204.1443 0031198 243.5182 270.6407 14.11077979779135
FENGYUN 1C DEB
1 31451U 99025BUP 22160.88256000  .00000314  00000-0  19826-3 0  9996
2 31451  98.9170 204.4298 0031206 242.6820 291.1882 14.11078152779177
FENGYUN 1C DEB
1 31451U 99025BUP 22161.35707355  .00000321  00000-0  20247-3 0  9990
2 31451  98.9170 204.9010 0031217 241.2987 181.7049 14.11078423782067
FENGYUN 1C DEB
1 31451U 99025BUP 22161.35707355  .00000321  00000-0  20247-3 0  9990
2 31451  98.9170 204.9010 0031217 241.2987 181.7049 14.11078423779243
FENGYUN 1C DEB
1 31451U 99025BUP 22161.87560955  .00000343  00000-0  21450-3 0  9991
2 31451  98.9169 205.4159 0031236 239.7847 295.8580 14.11078824779319
FENGYUN 1C DEB
1 31451U 99025BUP 22162.86813690  .00000360  00000-0  22370-3 0  9999
2 31451  98.9169 206.4016 0031287 236.8943 297.8728 14.11079536779455
FENGYUN 1C DEB
1 31451U 99025BUP 22163.40360083  .00000361  00000-0  22419-3 0  9998
2 31451  98.9168 206.9333 0031322 235.3284 138.0252 14.11079974782350
FENGYUN 1C DEB
1 31451U 99025BUP 22163.40360083  .00000361  00000-0  22419-3 0  9998
2 31451  98.9168 206.9333 0031322 235.3284 138.0252 14.11079974779536
FENGYUN 1C DEB
1 31451U 99025BUP 22163.86109094  .00000385  00000-0  23762-3 0  9999
2 31451  98.9168 207.3876 0031347 234.0004 302.0619 14.11080478779593
FENGYUN 1C DEB
1 31451U 99025BUP 22164.39631640  .00000379  00000-0  23442-3 0  9993
2 31451  98.9168 207.9191 0031379 232.4466 140.9926 14.11080894779679
FENGYUN 1C DEB
1 31451U 99025BUP 22165.38901082  .00000426  00000-0  26004-3 0  9993
2 31451  98.9168 208.9048 0031440 229.5753 143.8453 14.11082029779811
FENGYUN 1C DEB
1 31451U 99025BUP 22166.38163057  .00000397  00000-0  24451-3 0  9997
2 31451  98.9167 209.8906 0031504 226.7159 146.3118 14.11082915782772
FENGYUN 1C DEB
1 31451U 99025BUP 22166.38163057  .00000397  00000-0  24451-3 0  9997
2 31451  98.9167 209.8906 0031504 226.7159 146.3118 14.11082915779958
FENGYUN 1C DEB
1 31451U 99025BUP 22166.90995581  .00000429  00000-0  26200-3 0  9990
2 31451  98.9167 210.4152 0031523 225.1985 310.1792 14.11083668780025
FENGYUN 1C DEB
1 31451U 99025BUP 22169.59987478  .00000368  00000-0  22840-3 0  9992
2 31451  98.9167 213.0865 0031675 217.4483 294.8707 14.11085626780402
FENGYUN 1C DEB
1 31451U 99025BUP 22170.88075816  .00000377  00000-0  23326-3 0  9990
2 31451  98.9165 214.3582 0031764 213.7942 321.6825 14.11086570780586
FENGYUN 1C DEB
1 31451U 99025BUP 22171.06461459  .00000378  00000-0  23348-3 0  9998
2 31451  98.9165 214.5408 0031776 213.2655 175.6669 14.11086712780619
FENGYUN 1C DEB
1 31451U 99025BUP 22171.87342532  .00000394  00000-0  24256-3 0  9994
2 31451  98.9163 215.3439 0031828 210.9506 324.3882 14.11087384783548
FENGYUN 1C DEB
1 31451U 99025BUP 22171.87342532  .00000394  00000-0  24256-3 0  9994
2 31451  98.9163 215.3439 0031828 210.9506 324.3882 14.11087384780725
FENGYUN 1C DEB
1 31451U 99025BUP 22172.40875264  .00000389  00000-0  23956-3 0  9997
2 31451  98.9164 215.8755 0031861 209.4117 163.8340 14.11087759780800
FENGYUN 1C DEB
1 31451U 99025BUP 22173.40137387  .00000388  00000-0  23935-3 0  9991
2 31451  98.9163 216.8612 0031931 206.5925 166.2876 14.11088617780945
FENGYUN 1C DEB
1 31451U 99025BUP 22173.91988487  .00000369  00000-0  22857-3 0  9993
2 31451  98.9164 217.3761 0031980 205.1220 280.2902 14.11088987781010
FENGYUN 1C DEB
1 31451U 99025BUP 22173.91988487  .00000369  00000-0  22857-3 0  9993
2 31451  98.9164 217.3761 0031980 205.1220 280.2902 14.11088987783832
FENGYUN 1C DEB
1 31451U 99025BUP 22174.39417199  .00000348  00000-0  21702-3 0  9998
2 31451  98.9164 217.8471 0032014 203.7659 169.6494 14.11089288781080
FENGYUN 1C DEB
1 31451U 99025BUP 22175.38682003  .00000283  00000-0  18080-3 0  9999
2 31451  98.9164 218.8327 0032099 200.9571 172.2334 14.11089799781222
FENGYUN 1C DEB
1 31451U 99025BUP 22176.37887269  .00000248  00000-0  16152-3 0  9999
2 31451  98.9163 219.8178 0032172 198.1578 171.7876 14.11090451784172
FENGYUN 1C DEB
1 31451U 99025BUP 22176.37887269  .00000248  00000-0  16152-3 0  9999
2 31451  98.9163 219.8178 0032172 198.1578 171.7876 14.11090451781360
FENGYUN 1C DEB
1 31451U 99025BUP 22176.90791076  .00000237  00000-0  15572-3 0  9991
2 31451  98.9162 220.3430 0032194 196.6587 339.2699 14.11090849781437
FENGYUN 1C DEB
1 31451U 99025BUP 22177.37158014  .00000260  00000-0  16808-3 0  9991
2 31451  98.9162 220.8034 0032222 195.3403 174.6878 14.11091333781504
FENGYUN 1C DEB
1 31451U 99025BUP 22177.96065111  .00000233  00000-0  15321-3 0  9990
2 31451  98.9162 221.3883 0032264 193.6761 287.1284 14.11091552781588
FENGYUN 1C DEB
1 31451U 99025BUP 22178.95345203  .00000235  00000-0  15454-3 0  9992
2 31451  98.9161 222.3740 0032328 190.8692 290.4952 14.11092195781722
FENGYUN 1C DEB
1 31451U 99025BUP 22178.95345203  .00000235  00000-0  15454-3 0  9992
2 31451  98.9161 222.3740 0032328 190.8692 290.4952 14.11092195784545
FENGYUN 1C DEB
1 31451U 99025BUP 22179.59754334  .00000254  00000-0  16488-3 0  9991
2 31451  98.9161 223.0136 0032378 189.0573 322.4309 14.11092675781817
FENGYUN 1C DEB
1 31451U 99025BUP 22181.41400670  .00000273  00000-0  17549-3 0  9996
2 31451  98.9160 224.8171 0032495 183.9151 189.9663 14.11093803782071
FENGYUN 1C DEB
1 31451U 99025BUP 22181.87095523  .00000270  00000-0  17371-3 0  9993
2 31451  98.9159 225.2708 0032520 182.6274 351.2355 14.11094065782131
FENGYUN 1C DEB
1 31451U 99025BUP 22182.57786667  .00000265  00000-0  17076-3 0  9993
2 31451  98.9159 225.9727 0032576 180.6546 342.2822 14.11094538782235
FENGYUN 1C DEB
1 31451U 99025BUP 22182.86395711  .00000260  00000-0  16841-3 0  9995
2 31451  98.9158 226.2568 0032590 179.8490 355.6039 14.11094711782270
FENGYUN 1C DEB
1 31451U 99025BUP 22183.39937440  .00000258  00000-0  16709-3 0  9995
2 31451  98.9158 226.7884 0032633 178.3601 195.4723 14.11095131782358
FENGYUN 1C DEB
1 31451U 99025BUP 22184.39197653  .00000239  00000-0  15658-3 0  9991
2 31451  98.9157 227.7740 0032702 175.5926 197.8046 14.11095830785314
FENGYUN 1C DEB
1 31451U 99025BUP 22184.39197653  .00000239  00000-0  15658-3 0  9991
2 31451  98.9157 227.7740 0032702 175.5926 197.8046 14.11095830782490
FENGYUN 1C DEB
1 31451U 99025BUP 22184.92030984  .00000216  00000-0  14376-3 0  9994
2 31451  98.9156 228.2986 0032747 174.1412   1.6705 14.11096090782562
FENGYUN 1C DEB
1 31451U 99025BUP 22185.38456116  .00000215  00000-0  14319-3 0  9990
2 31451  98.9156 228.7595 0032776 172.8538 200.0206 14.11096441782638
FENGYUN 1C DEB
1 31451U 99025BUP 22186.37729889  .00000208  00000-0  13923-3 0  9992
2 31451  98.9156 229.7452 0032842 170.1117 203.0193 14.11097105782770
FENGYUN 1C DEB
1 31451U 99025BUP 22187.36992187  .00000207  00000-0  13861-3 0  9995
2 31451  98.9156 230.7307 0032897 167.3619 205.4442 14.11097680782913
FENGYUN 1C DEB
1 31451U 99025BUP 22187.89827237  .00000219  00000-0  14546-3 0  9990
2 31451  98.9156 231.2553 0032925 165.9097   9.4009 14.11098020782985
FENGYUN 1C DEB
1 31451U 99025BUP 22188.08785520  .00000221  00000-0  14676-3 0  9997
2 31451  98.9156 231.4435 0032940 165.3752 252.4722 14.11098132783016
FENGYUN 1C DEB
1 31451U 99025BUP 22188.89098595  .00000295  00000-0  18765-3 0  9999
2 31451  98.9156 232.2409 0032980 163.1411  12.3078 14.11098914783125
FENGYUN 1C DEB
1 31451U 99025BUP 22189.36538462  .00000271  00000-0  17421-3 0  9996
2 31451  98.9153 232.7120 0033021 161.7467 262.2866 14.11098931786010
FENGYUN 1C DEB
1 31451U 99025BUP 22189.36538462  .00000271  00000-0  17421-3 0  9996
2 31451  98.9153 232.7120 0033021 161.7467 262.2866 14.11098931783196
FENGYUN 1C DEB
1 31451U 99025BUP 22190.35797778  .00000294  00000-0  18703-3 0  9993
2 31451  98.9154 233.6975 0033071 159.0033 264.5590 14.11099465783337
FENGYUN 1C DEB
1 31451U 99025BUP 22190.87626728  .00000324  00000-0  20361-3 0  9993
2 31451  98.9154 234.2121 0033100 157.5858  17.4034 14.11099879783403
FENGYUN 1C DEB
1 31451U 99025BUP 22191.86869381  .00000356  00000-0  22108-3 0  9993
2 31451  98.9153 235.1975 0033151 154.8442  18.8325 14.11100624783548
FENGYUN 1C DEB
1 31451U 99025BUP 22191.86869381  .00000356  00000-0  22108-3 0  9993
2 31451  98.9153 235.1975 0033151 154.8442  18.8325 14.11100624786361
FENGYUN 1C DEB
1 31451U 99025BUP 22192.40379541  .00000364  00000-0  22579-3 0  9999
2 31451  98.9153 235.7288 0033181 153.3785 217.0847 14.11101028783628
FENGYUN 1C DEB
1 31451U 99025BUP 22194.38972652  .00000377  00000-0  23273-3 0  9996
2 31451  98.9155 237.7006 0033279 148.0365 225.2929 14.11103004786725
FENGYUN 1C DEB
1 31451U 99025BUP 22194.38972652  .00000377  00000-0  23273-3 0  9996
2 31451  98.9155 237.7006 0033279 148.0365 225.2929 14.11103004783902
FENGYUN 1C DEB
1 31451U 99025BUP 22195.91027243  .00000318  00000-0  20016-3 0  9990
2 31451  98.9154 239.2102 0033342 143.8917  29.4815 14.11104165784113
FENGYUN 1C DEB
1 31451U 99025BUP 22197.09264552  .00000319  00000-0  20077-3 0  9995
2 31451  98.9153 240.3841 0033395 140.6530 275.8137 14.11105258787109
FENGYUN 1C DEB
1 31451U 99025BUP 22197.36784179  .00000344  00000-0  21427-3 0  9995
2 31451  98.9153 240.6573 0033409 139.9301 233.7523 14.11105646784321
FENGYUN 1C DEB
1 31451U 99025BUP 22198.36041308  .00000356  00000-0  22135-3 0  9996
2 31451  98.9152 241.6428 0033448 137.2243 235.9012 14.11106474784461
FENGYUN 1C DEB
1 31451U 99025BUP 22199.36324168  .00000381  00000-0  23503-3 0  9993
2 31451  98.9151 242.6384 0033485 134.4949 290.1553 14.11107367787429
FENGYUN 1C DEB
1 31451U 99025BUP 22199.36324168  .00000381  00000-0  23503-3 0  9993
2 31451  98.9151 242.6384 0033485 134.4949 290.1553 14.11107367784606
FENGYUN 1C DEB
1 31451U 99025BUP 22199.94191267  .00000416  00000-0  25435-3 0  9994
2 31451  98.9154 243.2133 0033494 132.8842 349.7746 14.11107960784684
FENGYUN 1C DEB
1 31451U 99025BUP 22200.87398391  .00000465  00000-0  28139-3 0  9994
2 31451  98.9153 244.1387 0033523 130.3403  44.6023 14.11109016784811
FENGYUN 1C DEB
1 31451U 99025BUP 22201.40974590  .00000501  00000-0  30096-3 0  9991
2 31451  98.9153 244.6705 0033548 128.9022 246.1970 14.11109743787716
FENGYUN 1C DEB
1 31451U 99025BUP 22201.40974590  .00000501  00000-0  30096-3 0  9991
2 31451  98.9153 244.6705 0033548 128.9022 246.1970 14.11109743784892
FENGYUN 1C DEB
1 31451U 99025BUP 22201.86672108  .00000468  00000-0  28296-3 0  9992
2 31451  98.9152 245.1243 0033557 127.6667  47.5750 14.11110000784959
FENGYUN 1C DEB
1 31451U 99025BUP 22202.40216926  .00000446  00000-0  27079-3 0  9999
2 31451  98.9152 245.6559 0033570 126.2235 247.5826 14.11110416785032
FENGYUN 1C DEB
1 31451U 99025BUP 22202.85944169  .00000439  00000-0  26692-3 0  9997
2 31451  98.9152 246.1099 0033577 124.9888  50.4715 14.11110893785096
FENGYUN 1C DEB
1 31451U 99025BUP 22204.38763619  .00000348  00000-0  21683-3 0  9990
2 31451  98.9152 247.6271 0033603 120.8939 253.4866 14.11112037788138
FENGYUN 1C DEB
1 31451U 99025BUP 22204.38763619  .00000348  00000-0  21683-3 0  9990
2 31451  98.9152 247.6271 0033603 120.8939 253.4866 14.11112037785315
FENGYUN 1C DEB
1 31451U 99025BUP 22204.62850911  .00000342  00000-0  21310-3 0  9990
2 31451  98.9152 247.8662 0033610 120.2222  37.1152 14.11112314785344
FENGYUN 1C DEB
1 31451U 99025BUP 22205.10023841  .00000293  00000-0  18644-3 0  9999
2 31451  98.9152 248.3346 0033614 118.9508 273.4432 14.11112513785419
FENGYUN 1C DEB
1 31451U 99025BUP 22206.09066483  .00000246  00000-0  16033-3 0  9995
2 31451  98.9152 249.3179 0033622 116.2540 264.7195 14.11113186785551
FENGYUN 1C DEB
1 31451U 99025BUP 22207.08471043  .00000230  00000-0  15137-3 0  9994
2 31451  98.9152 250.3048 0033633 113.5554 274.3742 14.11113833788518
FENGYUN 1C DEB
1 31451U 99025BUP 22207.36503514  .00000247  00000-0  16107-3 0  9990
2 31451  98.9152 250.5831 0033637 112.7914 258.4002 14.11114129785737
FENGYUN 1C DEB
1 31451U 99025BUP 22208.35833086  .00000247  00000-0  16061-3 0  9999
2 31451  98.9152 251.5692 0033649 110.0932 264.2493 14.11114669785870
FENGYUN 1C DEB
1 31451U 99025BUP 22208.88575020  .00000251  00000-0  16305-3 0  9994
2 31451  98.9151 252.0928 0033655 108.6577  63.4938 14.11114948785943
FENGYUN 1C DEB
1 31451U 99025BUP 22209.36063721  .00000270  00000-0  17377-3 0  9999
2 31451  98.9151 252.5643 0033662 107.3632 315.8813 14.11115303786019
FENGYUN 1C DEB
1 31451U 99025BUP 22209.93957354  .00000274  00000-0  17559-3 0  9992
2 31451  98.9150 253.1390 0033665 105.7889  16.8275 14.11115600788914
FENGYUN 1C DEB
1 31451U 99025BUP 22209.93957354  .00000274  00000-0  17559-3 0  9992
2 31451  98.9150 253.1390 0033665 105.7889  16.8275 14.11115600786091
FENGYUN 1C DEB
1 31451U 99025BUP 22210.87168650  .00000274  00000-0  17597-3 0  9992
2 31451  98.9149 254.0644 0033671 103.2593  71.8771 14.11116103786229
FENGYUN 1C DEB
1 31451U 99025BUP 22211.57722146  .00000262  00000-0  16927-3 0  9999
2 31451  98.9148 254.7649 0033672 101.3539  55.9231 14.11116487786320
FENGYUN 1C DEB
1 31451U 99025BUP 22211.86443471  .00000254  00000-0  16455-3 0  9999
2 31451  98.9148 255.0500 0033669 100.5770  74.9390 14.11116611786364
FENGYUN 1C DEB
1 31451U 99025BUP 22211.99470293  .00000247  00000-0  16082-3 0  9993
2 31451  98.9147 255.1793 0033667 100.2221  16.6914 14.11116652789200
FENGYUN 1C DEB
1 31451U 99025BUP 22211.99470293  .00000247  00000-0  16082-3 0  9993
2 31451  98.9147 255.1793 0033667 100.2221  16.6914 14.11116652786386
FENGYUN 1C DEB
1 31451U 99025BUP 22213.39214608  .00000196  00000-0  13235-3 0  9995
2 31451  98.9146 256.5666 0033655  96.4664 275.5479 14.11117372786587
FENGYUN 1C DEB
1 31451U 99025BUP 22214.10400514  .00000173  00000-0  11999-3 0  9998
2 31451  98.9145 257.2733 0033640  94.5400 291.7275 14.11117753789502
FENGYUN 1C DEB
1 31451U 99025BUP 22214.38524774  .00000158  00000-0  11153-3 0  9998
2 31451  98.9145 257.5525 0033638  93.7831 280.4100 14.11117824786722
FENGYUN 1C DEB
1 31451U 99025BUP 22215.37781693  .00000140  00000-0  10164-3 0  9995
2 31451  98.9145 258.5378 0033613  91.0976 282.5725 14.11118335786862
FENGYUN 1C DEB
1 31451U 99025BUP 22215.61784361  .00000139  00000-0  10137-3 0  9995
2 31451  98.9145 258.7761 0033605  90.4474  61.8872 14.11118467786897
FENGYUN 1C DEB
1 31451U 99025BUP 22216.38088029  .00000133  00000-0  97914-4 0  9991
2 31451  98.9145 259.5336 0033587  88.3948 338.0337 14.11118757789828
FENGYUN 1C DEB
1 31451U 99025BUP 22216.38088029  .00000133  00000-0  97914-4 0  9991
2 31451  98.9145 259.5336 0033587  88.3948 338.0337 14.11118757787006
FENGYUN 1C DEB
1 31451U 99025BUP 22217.08249135  .00000153  00000-0  10901-3 0  9998
2 31451  98.9144 260.2301 0033574  86.4835 302.1692 14.11119147787107
FENGYUN 1C DEB
1 31451U 99025BUP 22217.60312198  .00000176  00000-0  12166-3 0  9996
2 31451  98.9145 260.7469 0033561  85.0670  66.9352 14.11119439787175
FENGYUN 1C DEB
1 31451U 99025BUP 22218.35567381  .00000205  00000-0  13770-3 0  9990
2 31451  98.9144 261.4940 0033544  83.0175 289.8464 14.11119784787280
FENGYUN 1C DEB
1 31451U 99025BUP 22218.88400733  .00000240  00000-0  15679-3 0  9994
2 31451  98.9144 262.0185 0033535  81.5767  93.7471 14.11120119790174
FENGYUN 1C DEB
1 31451U 99025BUP 22219.34860977  .00000260  00000-0  16797-3 0  9990
2 31451  98.9144 262.4797 0033526  80.3159 293.8918 14.11120371787422
FENGYUN 1C DEB
1 31451U 99025BUP 22219.87657485  .00000313  00000-0  19749-3 0  9995
2 31451  98.9144 263.0039 0033516  78.8735  95.9252 14.11120887787490
FENGYUN 1C DEB
1 31451U 99025BUP 22220.41179486  .00000345  00000-0  21489-3 0  9996
2 31451  98.9144 263.5352 0033506  77.4086 294.8163 14.11121314787572
FENGYUN 1C DEB
1 31451U 99025BUP 22220.93003854  .00000333  00000-0  20839-3 0  9993
2 31451  98.9144 264.0497 0033485  75.9967  47.4626 14.11121522787640
FENGYUN 1C DEB
1 31451U 99025BUP 22220.93003854  .00000333  00000-0  20839-3 0  9993
2 31451  98.9144 264.0497 0033485  75.9967  47.4626 14.11121522790464
FENGYUN 1C DEB
1 31451U 99025BUP 22223.91830049  .00000284  00000-0  18134-3 0  9998
2 31451  98.9142 267.0161 0033351  67.8582 107.6671 14.11123641790887
FENGYUN 1C DEB
1 31451U 99025BUP 22224.38265219  .00000271  00000-0  17425-3 0  9999
2 31451  98.9142 267.4771 0033329  66.5918 306.5520 14.11123989788135
FENGYUN 1C DEB
1 31451U 99025BUP 22225.09499396  .00000256  00000-0  16580-3 0  9997
2 31451  98.9142 268.1842 0033295  64.6314 325.2333 14.11124522788238
FENGYUN 1C DEB
1 31451U 99025BUP 22225.96348560  .00000242  00000-0  15796-3 0  9992
2 31451  98.9141 269.0463 0033258  62.2506  57.1445 14.11125088791172
FENGYUN 1C DEB
1 31451U 99025BUP 22225.96348560  .00000242  00000-0  15796-3 0  9992
2 31451  98.9141 269.0463 0033258  62.2506  57.1445 14.11125088788358
FENGYUN 1C DEB
1 31451U 99025BUP 22226.60799830  .00000242  00000-0  15819-3 0  9990
2 31451  98.9141 269.6861 0033232  60.4812  91.2530 14.11125547788442
FENGYUN 1C DEB
1 31451U 99025BUP 22227.08030455  .00000241  00000-0  15746-3 0  9992
2 31451  98.9140 270.1550 0033213  59.1839 330.5579 14.11125803788511
FENGYUN 1C DEB
1 31451U 99025BUP 22228.59360921  .00000312  00000-0  19694-3 0  9998
2 31451  98.9139 271.6572 0033156  55.0263  98.1147 14.11126939788723
FENGYUN 1C DEB
1 31451U 99025BUP 22228.59360921  .00000312  00000-0  19694-3 0  9998
2 31451  98.9139 271.6572 0033156  55.0263  98.1147 14.11126939791547
FENGYUN 1C DEB
1 31451U 99025BUP 22230.40939654  .00000391  00000-0  24049-3 0  9993
2 31451  98.9137 273.4596 0033069  50.0283 322.2960 14.11128442788980
FENGYUN 1C DEB
1 31451U 99025BUP 22231.92060449  .00000325  00000-0  20382-3 0  9991
2 31451  98.9135 274.9596 0032982  45.8578  79.2351 14.11129197789191
FENGYUN 1C DEB
1 31451U 99025BUP 22231.92060449  .00000325  00000-0  20382-3 0  9991
2 31451  98.9135 274.9596 0032982  45.8578  79.2351 14.11129197792016
FENGYUN 1C DEB
1 31451U 99025BUP 22233.39846278  .00000274  00000-0  17585-3 0  9990
2 31451  98.9135 276.4266 0032867  41.7485  26.7964 14.11130236789403
FENGYUN 1C DEB
1 31451U 99025BUP 22233.97547663  .00000253  00000-0  16416-3 0  9999
2 31451  98.9135 276.9993 0032830  40.1447  78.0433 14.11130610792306
FENGYUN 1C DEB
1 31451U 99025BUP 22234.38045863  .00000229  00000-0  15090-3 0  9990
2 31451  98.9135 277.4013 0032785  39.0236 335.3594 14.11130809789546
FENGYUN 1C DEB
1 31451U 99025BUP 22236.37584701  .00000186  00000-0  12732-3 0  9992
2 31451  98.9135 279.3819 0032666  33.4554  32.0165 14.11131866789820
FENGYUN 1C DEB
1 31451U 99025BUP 22236.60553656  .00000188  00000-0  12825-3 0  9998
2 31451  98.9134 279.6099 0032653  32.8139 118.8500 14.11132006792670
FENGYUN 1C DEB
1 31451U 99025BUP 22236.60553656  .00000188  00000-0  12825-3 0  9998
2 31451  98.9134 279.6099 0032653  32.8139 118.8500 14.11132006789856
FENGYUN 1C DEB
1 31451U 99025BUP 22237.35823293  .00000199  00000-0  13446-3 0  9990
2 31451  98.9133 280.3569 0032624  30.7290 342.5651 14.11132358789964
FENGYUN 1C DEB
1 31451U 99025BUP 22238.07057567  .00000214  00000-0  14281-3 0  9999
2 31451  98.9132 281.0639 0032577  28.7347   1.3048 14.11132695790063
FENGYUN 1C DEB
1 31451U 99025BUP 22238.93957354  .00000220  00000-0  14588-3 0  9994
2 31451  98.9131 281.9265 0032517  26.2820  95.8795 14.11132878790182
FENGYUN 1C DEB
1 31451U 99025BUP 22239.58411414  .00000245  00000-0  16000-3 0  9996
2 31451  98.9130 282.5662 0032475  24.4840 130.1755 14.11133261790270
FENGYUN 1C DEB
1 31451U 99025BUP 22240.00213175  .00000259  00000-0  16759-3 0  9995
2 31451  98.9130 282.9811 0032443  23.2998  93.7425 14.11133469790331
FENGYUN 1C DEB
1 31451U 99025BUP 22241.85678910  .00000388  00000-0  23869-3 0  9994
2 31451  98.9129 284.8219 0032261  17.9746 155.6486 14.11135254793412
FENGYUN 1C DEB
1 31451U 99025BUP 22241.85678910  .00000388  00000-0  23869-3 0  9994
2 31451  98.9129 284.8219 0032261  17.9746 155.6486 14.11135254790598
FENGYUN 1C DEB
1 31451U 99025BUP 22242.39237376  .00000223  00000-0  14765-3 0  9994
2 31451  98.9126 285.3535 0032289  16.5567 356.3675 14.11134532790675
FENGYUN 1C DEB
1 31451U 99025BUP 22244.09751727  .00000186  00000-0  12753-3 0  9997
2 31451  98.9124 287.0458 0032179  11.7099  18.6811 14.11135508793735
FENGYUN 1C DEB
1 31451U 99025BUP 22244.38844135  .00000191  00000-0  13020-3 0  9999
2 31451  98.9124 287.3345 0032166  10.8931  56.5978 14.11135744790952
FENGYUN 1C DEB
1 31451U 99025BUP 22245.37002774  .00000201  00000-0  13586-3 0  9993
2 31451  98.9123 288.3087 0032112   8.1105   3.1573 14.11136344791091
FENGYUN 1C DEB
1 31451U 99025BUP 22245.61047656  .00000216  00000-0  14406-3 0  9996
2 31451  98.9123 288.5473 0032096   7.4354 144.6562 14.11136588791124
FENGYUN 1C DEB
1 31451U 99025BUP 22246.08261456  .00000170  00000-0  11848-3 0  9990
2 31451  98.9122 289.0159 0032069   6.0934  23.1695 14.11136527791197
FENGYUN 1C DEB
1 31451U 99025BUP 22246.89088292  .00000238  00000-0  15627-3 0  9998
2 31451  98.9122 289.8181 0032027   3.7755 169.2845 14.11137230794126
FENGYUN 1C DEB
1 31451U 99025BUP 22247.07536309  .00000244  00000-0  15915-3 0  9993
2 31451  98.9122 290.0012 0032015   3.2542  26.4617 14.11137348791330
FENGYUN 1C DEB
1 31451U 99025BUP 22248.34821219  .00000316  00000-0  19941-3 0  9994
2 31451  98.9121 291.2645 0031957 359.6424  12.6760 14.11138274791510
FENGYUN 1C DEB
1 31451U 99025BUP 22249.06069549  .00000323  00000-0  20294-3 0  9995
2 31451  98.9120 291.9716 0031918 357.6190  32.1731 14.11138650794437
FENGYUN 1C DEB
1 31451U 99025BUP 22249.06069549  .00000323  00000-0  20294-3 0  9995
2 31451  98.9120 291.9716 0031918 357.6190  32.1731 14.11138650791614
FENGYUN 1C DEB
1 31451U 99025BUP 22251.39724499  .00000326  00000-0  20489-3 0  9995
2 31451  98.9117 294.2903 0031766 350.9244  22.1848 14.11140255791949
FENGYUN 1C DEB
1 31451U 99025BUP 22251.39724499  .00000326  00000-0  20489-3 0  9995
2 31451  98.9117 294.2903 0031766 350.9244  22.1848 14.11140255794762
FENGYUN 1C DEB
1 31451U 99025BUP 22254.38574403  .00000257  00000-0  16683-3 0  9999
2 31451  98.9113 297.2558 0031601 342.2724  84.3071 14.11142386795184
FENGYUN 1C DEB
1 31451U 99025BUP 22254.38574403  .00000257  00000-0  16683-3 0  9999
2 31451  98.9113 297.2558 0031601 342.2724  84.3071 14.11142386792361
FENGYUN 1C DEB
1 31451U 99025BUP 22254.61505778  .00000255  00000-0  16541-3 0  9995
2 31451  98.9113 297.4834 0031591 341.6078 169.2644 14.11142552792390
FENGYUN 1C DEB
1 31451U 99025BUP 22255.60790422  .00000305  00000-0  19329-3 0  9990
2 31451  98.9111 298.4686 0031545 338.7411 173.1040 14.11143552792532
FENGYUN 1C DEB
1 31451U 99025BUP 22256.08027759  .00000306  00000-0  19345-3 0  9998
2 31451  98.9111 298.9373 0031524 337.3801  52.8438 14.11143845792602
FENGYUN 1C DEB
1 31451U 99025BUP 22256.60081375  .00000335  00000-0  20951-3 0  9997
2 31451  98.9110 299.4539 0031501 335.8821 177.2580 14.11144338795499
FENGYUN 1C DEB
1 31451U 99025BUP 22257.35339312  .00000358  00000-0  22226-3 0  9999
2 31451  98.9109 300.2007 0031467 333.7207  40.4889 14.11144913792785
FENGYUN 1C DEB
1 31451U 99025BUP 22257.59349360  .00000368  00000-0  22819-3 0  9998
2 31451  98.9109 300.4389 0031456 333.0302 180.2417 14.11145153792818
FENGYUN 1C DEB
1 31451U 99025BUP 22258.06550506  .00000382  00000-0  23590-3 0  9990
2 31451  98.9108 300.9073 0031437 331.6608  58.1551 14.11145534792886
FENGYUN 1C DEB
1 31451U 99025BUP 22258.87388971  .00000400  00000-0  24572-3 0  9996
2 31451  98.9107 301.7095 0031406 329.3239 204.9054 14.11146188795819
FENGYUN 1C DEB
1 31451U 99025BUP 22258.87388971  .00000400  00000-0  24572-3 0  9996
2 31451  98.9107 301.7095 0031406 329.3239 204.9054 14.11146188792995
FENGYUN 1C DEB
1 31451U 99025BUP 22260.85902983  .00000333  00000-0  20837-3 0  9997
2 31451  98.9105 303.6793 0031325 323.5329 209.8622 14.11147444793278
FENGYUN 1C DEB
1 31451U 99025BUP 22263.09967973  .00000268  00000-0  17276-3 0  9996
2 31451  98.9103 305.9025 0031256 316.9670  72.9091 14.11149053796413
FENGYUN 1C DEB
1 31451U 99025BUP 22263.38000248  .00000260  00000-0  16823-3 0  9990
2 31451  98.9103 306.1807 0031246 316.1578  57.0046 14.11149192793631
FENGYUN 1C DEB
1 31451U 99025BUP 22264.37263036  .00000278  00000-0  17812-3 0  9994
2 31451  98.9103 307.1656 0031225 313.2508  59.7977 14.11150015793775
FENGYUN 1C DEB
1 31451U 99025BUP 22265.36509676  .00000291  00000-0  18566-3 0  9999
2 31451  98.9102 308.1504 0031208 310.3490  61.7675 14.11150705796739
FENGYUN 1C DEB
1 31451U 99025BUP 22265.36509676  .00000291  00000-0  18566-3 0  9999
2 31451  98.9102 308.1504 0031208 310.3490  61.7675 14.11150705793916
FENGYUN 1C DEB
1 31451U 99025BUP 22266.36788493  .00000320  00000-0  20163-3 0  9995
2 31451  98.9101 309.1453 0031184 307.4348 116.1590 14.11151428794051
FENGYUN 1C DEB
1 31451U 99025BUP 22267.35008515  .00000356  00000-0  22145-3 0  9996
2 31451  98.9099 310.1198 0031167 304.5705  65.9713 14.11152168794196
FENGYUN 1C DEB
1 31451U 99025BUP 22270.85717738  .00000382  00000-0  23558-3 0  9997
2 31451  98.9092 313.5993 0031125 294.2780 242.9331 14.11155086797504
FENGYUN 1C DEB
1 31451U 99025BUP 22270.85717738  .00000382  00000-0  23558-3 0  9997
2 31451  98.9092 313.5993 0031125 294.2780 242.9331 14.11155086794680
FENGYUN 1C DEB
1 31451U 99025BUP 22273.61784418  .00000425  00000-0  25949-3 0  9997
2 31451  98.9087 316.3379 0031157 286.1440 227.9176 14.11158108797895
FENGYUN 1C DEB
1 31451U 99025BUP 22273.61784418  .00000425  00000-0  25949-3 0  9997
2 31451  98.9087 316.3379 0031157 286.1440 227.9176 14.11158108795073
FENGYUN 1C DEB
1 31451U 99025BUP 22274.89833941  .00000430  00000-0  26214-3 0  9996
2 31451  98.9085 317.6082 0031200 282.3725 253.2093 14.11159253795251
FENGYUN 1C DEB
1 31451U 99025BUP 22275.60300953  .00000447  00000-0  27181-3 0  9990
2 31451  98.9084 318.3072 0031195 280.3222 233.1166 14.11159916795355
FENGYUN 1C DEB
1 31451U 99025BUP 22276.07546476  .00000475  00000-0  28719-3 0  9993
2 31451  98.9082 318.7757 0031168 278.9878 113.2728 14.11160439798242
FENGYUN 1C DEB
1 31451U 99025BUP 22276.36604262  .00000545  00000-0  32573-3 0  9994
2 31451  98.9082 319.0639 0031162 278.1462 149.4813 14.11161052795469
FENGYUN 1C DEB
1 31451U 99025BUP 22281.91794414  .00000659  00000-0  38845-3 0  9994
2 31451  98.9073 324.5709 0031278 261.9213 274.7616 14.11168393796245
FENGYUN 1C DEB
1 31451U 99025BUP 22281.91794414  .00000659  00000-0  38845-3 0  9994
2 31451  98.9073 324.5709 0031278 261.9213 274.7616 14.11168393799068
FENGYUN 1C DEB
1 31451U 99025BUP 22284.60758816  .00000622  00000-0  36827-3 0  9997
2 31451  98.9070 327.2388 0031399 254.1531 258.9070 14.11172329799443
FENGYUN 1C DEB
1 31451U 99025BUP 22284.60758816  .00000622  00000-0  36827-3 0  9997
2 31451  98.9070 327.2388 0031399 254.1531 258.9070 14.11172329796620
FENGYUN 1C DEB
1 31451U 99025BUP 22285.36003272  .00000629  00000-0  37191-3 0  9992
2 31451  98.9069 327.9851 0031442 251.9729 121.5495 14.11173392796732
FENGYUN 1C DEB
1 31451U 99025BUP 22286.35262200  .00000597  00000-0  35450-3 0  9990
2 31451  98.9067 328.9695 0031481 249.1022 124.1954 14.11174435796878
FENGYUN 1C DEB
1 31451U 99025BUP 22290.39352429  .00000515  00000-0  30908-3 0  9995
2 31451  98.9057 332.9770 0031637 237.4152 133.2240 14.11179390800255
FENGYUN 1C DEB
1 31451U 99025BUP 22290.39352429  .00000515  00000-0  30908-3 0  9995
2 31451  98.9057 332.9770 0031637 237.4152 133.2240 14.11179390797441
FENGYUN 1C DEB
1 31451U 99025BUP 22290.92249567  .00000487  00000-0  29334-3 0  9991
2 31451  98.9056 333.5016 0031629 235.8659 300.5893 14.11180085797519
FENGYUN 1C DEB
1 31451U 99025BUP 22291.91524919  .00000452  00000-0  27423-3 0  9997
2 31451  98.9057 334.4862 0031690 233.0279 304.0642 14.11181260797657
FENGYUN 1C DEB
1 31451U 99025BUP 22294.08422740  .00000405  00000-0  24833-3 0  9997
2 31451  98.9058 336.6373 0031845 226.8309 163.1076 14.11183484800789
FENGYUN 1C DEB
1 31451U 99025BUP 22294.08422740  .00000405  00000-0  24833-3 0  9997
2 31451  98.9058 336.6373 0031845 226.8309 163.1076 14.11183484797964
FENGYUN 1C DEB
1 31451U 99025BUP 22295.35678756  .00000440  00000-0  26738-3 0  9993
2 31451  98.9057 337.8993 0031827 223.0424 148.2419 14.11184700798149
FENGYUN 1C DEB
1 31451U 99025BUP 22296.06979390  .00000482  00000-0  29081-3 0  9990
2 31451  98.9055 338.6063 0031883 221.0511 170.4829 14.11185556798244
FENGYUN 1C DEB
1 31451U 99025BUP 22297.06262154  .00000502  00000-0  30168-3 0  9995
2 31451  98.9052 339.5908 0031943 218.2430 174.3201 14.11186535801200
FENGYUN 1C DEB
1 31451U 99025BUP 22297.06262154  .00000502  00000-0  30168-3 0  9995
2 31451  98.9052 339.5908 0031943 218.2430 174.3201 14.11186535798384
FENGYUN 1C DEB
1 31451U 99025BUP 22298.92429778  .00000443  00000-0  26876-3 0  9993
2 31451  98.9047 341.4366 0032051 212.9554 272.1810 14.11188153798647
FENGYUN 1C DEB
1 31451U 99025BUP 22301.38314638  .00000418  00000-0  25529-3 0  9992
2 31451  98.9042 343.8747 0032194 206.0339 163.8104 14.11190852798993
FENGYUN 1C DEB
1 31451U 99025BUP 22301.38314638  .00000418  00000-0  25529-3 0  9992
2 31451  98.9042 343.8747 0032194 206.0339 163.8104 14.11190852801808
FENGYUN 1C DEB
1 31451U 99025BUP 22302.37690627  .00000457  00000-0  27671-3 0  9990
2 31451  98.9041 344.8599 0032244 203.2295 172.3987 14.11192197799139
FENGYUN 1C DEB
1 31451U 99025BUP 22302.61687434  .00000418  00000-0  25522-3 0  9999
2 31451  98.9040 345.0977 0032259 202.5360 311.5231 14.11192272799168
FENGYUN 1C DEB
1 31451U 99025BUP 22303.89730785  .00000515  00000-0  30855-3 0  9991
2 31451  98.9039 346.3674 0032317 198.9948 336.4301 14.11194070799341
FENGYUN 1C DEB
1 31451U 99025BUP 22303.89730785  .00000515  00000-0  30855-3 0  9991
2 31451  98.9039 346.3674 0032317 198.9948 336.4301 14.11194070802166
FENGYUN 1C DEB
1 31451U 99025BUP 22304.88984071  .00000567  00000-0  33728-3 0  9999
2 31451  98.9038 347.3515 0032357 196.2204 338.7677 14.11195361799485
FENGYUN 1C DEB
1 31451U 99025BUP 22305.36420204  .00000583  00000-0  34603-3 0  9997
2 31451  98.9039 347.8220 0032380 194.9023 228.6461 14.11195934799556
FENGYUN 1C DEB
1 31451U 99025BUP 22306.06672524  .00000623  00000-0  36821-3 0  9998
2 31451  98.9037 348.5185 0032416 192.8933 197.7062 14.11196972802471
FENGYUN 1C DEB
1 31451U 99025BUP 22306.06672524  .00000623  00000-0  36821-3 0  9998
2 31451  98.9037 348.5185 0032416 192.8933 197.7062 14.11196972799656
FENGYUN 1C DEB
1 31451U 99025BUP 22307.41070958  .00000695  00000-0  40803-3 0  9995
2 31451  98.9035 349.8509 0032489 189.1049 185.5623 14.11199090799848
FENGYUN 1C DEB
1 31451U 99025BUP 22308.86065757  .00000744  00000-0  43487-3 0  9992
2 31451  98.9033 351.2883 0032567 185.0643 351.7140 14.11201627802868
FENGYUN 1C DEB
1 31451U 99025BUP 22308.86065757  .00000744  00000-0  43487-3 0  9992
2 31451  98.9033 351.2883 0032567 185.0643 351.7140 14.11201627800046
FENGYUN 1C DEB
1 31451U 99025BUP 22309.39559822  .00000690  00000-0  40512-3 0  9998
2 31451  98.9032 351.8187 0032598 183.5813 189.3600 14.11202160800122
FENGYUN 1C DEB
1 31451U 99025BUP 22310.91662231  .00000546  00000-0  32545-3 0  9994
2 31451  98.9030 353.3266 0032671 179.3867 356.5680 14.11203740803156
FENGYUN 1C DEB
1 31451U 99025BUP 22311.62093326  .00000568  00000-0  33784-3 0  9996
2 31451  98.9028 354.0248 0032704 177.4061 334.6977 14.11204944800434
FENGYUN 1C DEB
1 31451U 99025BUP 22312.61348990  .00000599  00000-0  35471-3 0  9995
2 31451  98.9026 355.0087 0032745 174.6386 337.1923 14.11206679800579
FENGYUN 1C DEB
1 31451U 99025BUP 22313.08636422  .00000612  00000-0  36213-3 0  9998
2 31451  98.9025 355.4775 0032762 173.3224 219.5391 14.11207444803466
FENGYUN 1C DEB
1 31451U 99025BUP 22313.08636422  .00000612  00000-0  36213-3 0  9998
2 31451  98.9025 355.4775 0032762 173.3224 219.5391 14.11207444800643
FENGYUN 1C DEB
1 31451U 99025BUP 22313.89436663  .00000628  00000-0  37086-3 0  9998
2 31451  98.9023 356.2785 0032792 171.0652   4.4507 14.11208684800753
FENGYUN 1C DEB
1 31451U 99025BUP 22314.07837676  .00000628  00000-0  37100-3 0  9995
2 31451  98.9023 356.4609 0032801 170.5512 219.2814 14.11208946800781
FENGYUN 1C DEB
1 31451U 99025BUP 22316.41514252  .00000633  00000-0  37330-3 0  9998
2 31451  98.9019 358.7772 0032889 164.0978 210.7455 14.11212085803938
FENGYUN 1C DEB
1 31451U 99025BUP 22316.41514252  .00000633  00000-0  37330-3 0  9998
2 31451  98.9019 358.7772 0032889 164.0978 210.7455 14.11212085801116
FENGYUN 1C DEB
1 31451U 99025BUP 22317.86482683  .00000583  00000-0  34575-3 0  9992
2 31451  98.9017   0.2143 0032945 160.0700  15.6124 14.11213959801315
FENGYUN 1C DEB
1 31451U 99025BUP 22318.92821579  .00000496  00000-0  29768-3 0  9992
2 31451  98.9016   1.2684 0032983 157.1612  17.9330 14.11215001804289
FENGYUN 1C DEB
1 31451U 99025BUP 22319.39227758  .00000475  00000-0  28622-3 0  9998
2 31451  98.9016   1.7284 0032997 155.9013 215.4925 14.11215574801531
FENGYUN 1C DEB
1 31451U 99025BUP 22320.39606780  .00000435  00000-0  26433-3 0  9990
2 31451  98.9016   2.7234 0033019 153.1651 275.0314 14.11216726801670
FENGYUN 1C DEB
1 31451U 99025BUP 22322.09018302  .00000366  00000-0  22604-3 0  9995
2 31451  98.9015   4.4027 0033043 148.5268 241.6432 14.11218299804734
FENGYUN 1C DEB
1 31451U 99025BUP 22322.09018302  .00000366  00000-0  22604-3 0  9995
2 31451  98.9015   4.4027 0033043 148.5268 241.6432 14.11218299801911
FENGYUN 1C DEB
1 31451U 99025BUP 22322.89854595  .00000397  00000-0  24304-3 0  9998
2 31451  98.9014   5.2039 0033065 146.2869  28.3986 14.11219236802027
FENGYUN 1C DEB
1 31451U 99025BUP 22323.60300216  .00000434  00000-0  26346-3 0  9994
2 31451  98.9013   5.9021 0033082 144.3402   7.2687 14.11220039802123
FENGYUN 1C DEB
1 31451U 99025BUP 22324.07551894  .00000402  00000-0  24606-3 0  9998
2 31451  98.9012   6.3705 0033094 143.0231 247.8216 14.11220209802191
FENGYUN 1C DEB
1 31451U 99025BUP 22324.88357532  .00000435  00000-0  26403-3 0  9993
2 31451  98.9010   7.1713 0033105 140.7960  33.0115 14.11220981805129
FENGYUN 1C DEB
1 31451U 99025BUP 22326.06805142  .00000485  00000-0  29194-3 0  9995
2 31451  98.9010   8.3455 0033185 137.4479 290.6238 14.11222181802477
FENGYUN 1C DEB
1 31451U 99025BUP 22329.91786543  .00000361  00000-0  22322-3 0  9994
2 31451  98.9001  12.1609 0033137 127.0367  48.7781 14.11225056805831
FENGYUN 1C DEB
1 31451U 99025BUP 22329.91786543  .00000361  00000-0  22322-3 0  9994
2 31451  98.9001  12.1609 0033137 127.0367  48.7781 14.11225056803019
FENGYUN 1C DEB
1 31451U 99025BUP 22330.62185946  .00000331  00000-0  20679-3 0  9994
2 31451  98.9000  12.8586 0033159 125.1071  25.2994 14.11225555803115
FENGYUN 1C DEB
1 31451U 99025BUP 22331.61467463  .00000280  00000-0  17877-3 0  9990
2 31451  98.8999  13.8424 0033130 122.3991  29.1165 14.11226163803256
FENGYUN 1C DEB
1 31451U 99025BUP 22332.08719382  .00000298  00000-0  18840-3 0  9992
2 31451  98.9000  14.3110 0033235 121.0196 269.7538 14.11226481806147
FENGYUN 1C DEB
1 31451U 99025BUP 22332.08719382  .00000298  00000-0  18840-3 0  9992
2 31451  98.9000  14.3110 0033235 121.0196 269.7538 14.11226481803324
FENGYUN 1C DEB
1 31451U 99025BUP 22333.37011872  .00000338  00000-0  21074-3 0  9992
2 31451  98.8999  15.5824 0033224 117.5002 307.4454 14.11227611803502
FENGYUN 1C DEB
1 31451U 99025BUP 22333.60084516  .00000344  00000-0  21404-3 0  9997
2 31451  98.8999  15.8110 0033226 116.8651  39.6161 14.11227804803533
FENGYUN 1C DEB
1 31451U 99025BUP 22334.35234595  .00000366  00000-0  22595-3 0  9990
2 31451  98.8997  16.5556 0033228 114.7981 257.5013 14.11228405806457
FENGYUN 1C DEB
1 31451U 99025BUP 22334.35234595  .00000366  00000-0  22595-3 0  9990
2 31451  98.8997  16.5556 0033228 114.7981 257.5013 14.11228405803645
FENGYUN 1C DEB
1 31451U 99025BUP 22335.41608036  .00000411  00000-0  25075-3 0  9990
2 31451  98.8994  17.6095 0033219 111.8798 261.6388 14.11229475803791
FENGYUN 1C DEB
1 31451U 99025BUP 22336.40868825  .00000418  00000-0  25488-3 0  9999
2 31451  98.8993  18.5931 0033221 109.1685 264.4213 14.11230390806752
FENGYUN 1C DEB
1 31451U 99025BUP 22336.40868825  .00000418  00000-0  25488-3 0  9999
2 31451  98.8993  18.5931 0033221 109.1685 264.4213 14.11230390803939
FENGYUN 1C DEB
1 31451U 99025BUP 22337.40092355  .00000410  00000-0  25055-3 0  9999
2 31451  98.8992  19.5764 0033228 106.4741 265.2991 14.11231334804070
FENGYUN 1C DEB
1 31451U 99025BUP 22337.92983520  .00000390  00000-0  23948-3 0  9995
2 31451  98.8991  20.1005 0033233 105.0272  72.3545 14.11231786804146
FENGYUN 1C DEB
1 31451U 99025BUP 22339.38656222  .00000406  00000-0  24830-3 0  9992
2 31451  98.8990  21.5442 0033158 101.0450 273.0386 14.11233590807179
FENGYUN 1C DEB
1 31451U 99025BUP 22339.38656222  .00000406  00000-0  24830-3 0  9992
2 31451  98.8990  21.5442 0033158 101.0450 273.0386 14.11233590804356
FENGYUN 1C DEB
1 31451U 99025BUP 22340.61883979  .00000413  00000-0  25180-3 0  9998
2 31451  98.8988  22.7652 0033134  97.6599  53.4622 14.11234993804527
FENGYUN 1C DEB
1 31451U 99025BUP 22341.61275441  .00000482  00000-0  28987-3 0  9992
2 31451  98.8986  23.7500 0033144  94.9160  62.9363 14.11236638807486
FENGYUN 1C DEB
1 31451U 99025BUP 22341.61275441  .00000482  00000-0  28987-3 0  9992
2 31451  98.8986  23.7500 0033144  94.9160  62.9363 14.11236638804663
FENGYUN 1C DEB
1 31451U 99025BUP 22343.36674862  .00000585  00000-0  34689-3 0  9996
2 31451  98.8985  25.4882 0033055  90.0242 333.9685 14.11239207804914
FENGYUN 1C DEB
1 31451U 99025BUP 22345.06172958  .00000611  00000-0  36112-3 0  9997
2 31451  98.8980  27.1676 0033095  85.4196 305.0794 14.11241389807973
FENGYUN 1C DEB
1 31451U 99025BUP 22345.06172958  .00000611  00000-0  36112-3 0  9997
2 31451  98.8980  27.1676 0033095  85.4196 305.0794 14.11241389805151
FENGYUN 1C DEB
1 31451U 99025BUP 22348.39062306  .00000519  00000-0  31057-3 0  9991
2 31451  98.8978  30.4661 0032932  76.2104 297.2576 14.11245419808448
FENGYUN 1C DEB
1 31451U 99025BUP 22348.39062306  .00000519  00000-0  31057-3 0  9991
2 31451  98.8978  30.4661 0032932  76.2104 297.2576 14.11245419805625
FENGYUN 1C DEB
1 31451U 99025BUP 22349.38321095  .00000516  00000-0  30850-3 0  9991
2 31451  98.8977  31.4495 0032921  73.4945 300.0013 14.11246752805765
FENGYUN 1C DEB
1 31451U 99025BUP 22350.37575340  .00000523  00000-0  31236-3 0  9993
2 31451  98.8976  32.4328 0032924  70.7857 302.5112 14.11248064805906
FENGYUN 1C DEB
1 31451U 99025BUP 22350.61546865  .00000501  00000-0  30030-3 0  9997
2 31451  98.8976  32.6704 0032896  70.1020  80.3897 14.11248262808757
FENGYUN 1C DEB
1 31451U 99025BUP 22350.61546865  .00000501  00000-0  30030-3 0  9997
2 31451  98.8976  32.6704 0032896  70.1020  80.3897 14.11248262805934
FENGYUN 1C DEB
1 31451U 99025BUP 22351.36842653  .00000508  00000-0  30443-3 0  9999
2 31451  98.8976  33.4164 0032858  67.9956 305.7688 14.11249141806045
FENGYUN 1C DEB
1 31451U 99025BUP 22352.36033258  .00000559  00000-0  33237-3 0  9993
2 31451  98.8976  34.3993 0032836  65.2440 305.0967 14.11250477806182
FENGYUN 1C DEB
1 31451U 99025BUP 22353.07327821  .00000561  00000-0  33358-3 0  9991
2 31451  98.8975  35.1056 0032795  63.2467 327.2027 14.11251240809108
FENGYUN 1C DEB
1 31451U 99025BUP 22353.36325411  .00000622  00000-0  36699-3 0  9995
2 31451  98.8975  35.3928 0032793  62.4494   0.4051 14.11251865806328
FENGYUN 1C DEB
1 31451U 99025BUP 22354.35545233  .00000652  00000-0  38374-3 0  9996
2 31451  98.8973  36.3758 0032768  59.6996   1.2245 14.11253153806466
FENGYUN 1C DEB
1 31451U 99025BUP 22355.40948030  .00000619  00000-0  36533-3 0  9993
2 31451  98.8971  37.4201 0032720  56.7878 316.1632 14.11254280809434
FENGYUN 1C DEB
1 31451U 99025BUP 22355.40948030  .00000619  00000-0  36533-3 0  9993
2 31451  98.8971  37.4201 0032720  56.7878 316.1632 14.11254280806611
FENGYUN 1C DEB
1 31451U 99025BUP 22356.40219894  .00000577  00000-0  34237-3 0  9995
2 31451  98.8969  38.4037 0032678  53.9981 319.6741 14.11255310806751
FENGYUN 1C DEB
1 31451U 99025BUP 22357.39465218  .00000537  00000-0  32020-3 0  9991
2 31451  98.8967  39.3869 0032631  51.2430 321.8090 14.11256504806894
FENGYUN 1C DEB
1 31451U 99025BUP 22358.38727046  .00000501  00000-0  30059-3 0  9992
2 31451  98.8966  40.3704 0032576  48.4678 324.8058 14.11257692809858
FENGYUN 1C DEB
1 31451U 99025BUP 22358.38727046  .00000501  00000-0  30059-3 0  9992
2 31451  98.8966  40.3704 0032576  48.4678 324.8058 14.11257692807036
FENGYUN 1C DEB
1 31451U 99025BUP 22359.37940600  .00000452  00000-0  27321-3 0  9998
2 31451  98.8965  41.3534 0032529  45.6919 325.3556 14.11258735807175
FENGYUN 1C DEB
1 31451U 99025BUP 22359.90806293  .00000398  00000-0  24357-3 0  9991
2 31451  98.8964  41.8771 0032512  44.2147 131.1994 14.11259096807240
FENGYUN 1C DEB
1 31451U 99025BUP 22360.38281451  .00000461  00000-0  27834-3 0  9992
2 31451  98.8964  42.3474 0032490  42.8829  23.1830 14.11259990807312
FENGYUN 1C DEB
1 31451U 99025BUP 22361.08459455  .00000495  00000-0  29739-3 0  9994
2 31451  98.8963  43.0427 0032464  40.9147 348.5908 14.11261034810237
FENGYUN 1C DEB
1 31451U 99025BUP 22361.37522174  .00000459  00000-0  27745-3 0  9990
2 31451  98.8964  43.3306 0032454  40.1010  25.1259 14.11261092807458
FENGYUN 1C DEB
1 31451U 99025BUP 22362.36742108  .00000512  00000-0  30675-3 0  9997
2 31451  98.8963  44.3136 0032418  37.3262  26.0112 14.11262479807599
FENGYUN 1C DEB
1 31451U 99025BUP 22363.34980569  .00000556  00000-0  33059-3 0  9998
2 31451  98.8962  45.2868 0032379  34.5738 337.0399 14.11263687810546
FENGYUN 1C DEB
1 31451U 99025BUP 22363.34980569  .00000556  00000-0  33059-3 0  9998
2 31451  98.8962  45.2868 0032379  34.5738 337.0399 14.11263687807733
FENGYUN 1C DEB
1 31451U 99025BUP 22364.41331009  .00000638  00000-0  37576-3 0  9995
2 31451  98.8961  46.3404 0032331  31.5867 340.2149 14.11265418807887
FENGYUN 1C DEB
1 31451U 99025BUP 22365.86360146  .00000646  00000-0  38058-3 0  9994
2 31451  98.8959  47.7772 0032256  27.4987 148.4990 14.11267362810909
FENGYUN 1C DEB
1 31451U 99025BUP 22365.86360146  .00000646  00000-0  38058-3 0  9994
2 31451  98.8959  47.7772 0032256  27.4987 148.4990 14.11267362808085
FENGYUN 1C DEB
1 31451U 99025BUP 23001.39829462  .00000620  00000-0  36625-3 0  9991
2 31451  98.8959  48.3069 0032227  25.9960 345.0346 14.11267973808160
FENGYUN 1C DEB
1 31451U 99025BUP 23001.92630633  .00000621  00000-0  36651-3 0  9990
2 31451  98.8958  48.8300 0032198  24.4954 147.6430 14.11268721808236
FENGYUN 1C DEB
1 31451U 99025BUP 23002.91947128  .00000551  00000-0  32808-3 0  9992
2 31451  98.8957  49.8139 0032144  21.6557 153.5221 14.11269750811191
FENGYUN 1C DEB
1 31451U 99025BUP 23002.91947128  .00000551  00000-0  32808-3 0  9992
2 31451  98.8957  49.8139 0032144  21.6557 153.5221 14.11269750808377
FENGYUN 1C DEB
1 31451U 99025BUP 23003.10294979  .00000541  00000-0  32250-3 0  9993
2 31451  98.8956  49.9956 0032136  21.1754   5.6600 14.11269944808406
FENGYUN 1C DEB
1 31451U 99025BUP 23004.38713175  .00000590  00000-0  34959-3 0  9990
2 31451  98.8954  51.2678 0032078  17.6178  49.9746 14.11271910808583
FENGYUN 1C DEB
1 31451U 99025BUP 23005.37927381  .00000550  00000-0  32764-3 0  9994
2 31451  98.8953  52.2506 0032037  14.7693  50.6787 14.11272932811547
FENGYUN 1C DEB
1 31451U 99025BUP 23005.37927381  .00000550  00000-0  32764-3 0  9994
2 31451  98.8953  52.2506 0032037  14.7693  50.6787 14.11272932808723
FENGYUN 1C DEB
1 31451U 99025BUP 23006.60193956  .00000595  00000-0  35253-3 0  9999
2 31451  98.8950  53.4618 0031991  11.2572 142.5968 14.11274709808897
FENGYUN 1C DEB
1 31451U 99025BUP 23007.07388279  .00000611  00000-0  36133-3 0  9992
2 31451  98.8958  53.9299 0032021   9.9279  20.3424 14.11275246808963
FENGYUN 1C DEB
1 31451U 99025BUP 23007.88230568  .00000705  00000-0  41268-3 0  9997
2 31451  98.8951  54.7305 0031951   7.6251 167.6324 14.11276880809071
FENGYUN 1C DEB
1 31451U 99025BUP 23008.06637333  .00000709  00000-0  41494-3 0  9994
2 31451  98.8951  54.9128 0031947   7.1029  22.8082 14.11277148811927
FENGYUN 1C DEB
1 31451U 99025BUP 23008.06637333  .00000709  00000-0  41494-3 0  9994
2 31451  98.8951  54.9128 0031947   7.1029  22.8082 14.11277148809104
FENGYUN 1C DEB
1 31451U 99025BUP 23008.93575439  .00000737  00000-0  43057-3 0  9996
2 31451  98.8947  55.7739 0031907   4.6220 119.8117 14.11278533809225
FENGYUN 1C DEB
1 31451U 99025BUP 23010.40273816  .00000722  00000-0  42226-3 0  9996
2 31451  98.8945  57.2271 0031832   0.4185  13.0407 14.11280717812253
FENGYUN 1C DEB
1 31451U 99025BUP 23010.40273816  .00000722  00000-0  42226-3 0  9996
2 31451  98.8945  57.2271 0031832   0.4185  13.0407 14.11280717809439
FENGYUN 1C DEB
1 31451U 99025BUP 23011.92356512  .00000758  00000-0  44218-3 0  9991
2 31451  98.8945  58.7337 0031768 355.9907 179.9123 14.11283442809644
FENGYUN 1C DEB
1 31451U 99025BUP 23012.10689747  .00000738  00000-0  43095-3 0  9991
2 31451  98.8944  58.9151 0031742 355.5115  31.3154 14.11283616809679
FENGYUN 1C DEB
1 31451U 99025BUP 23013.62058177  .00000735  00000-0  42959-3 0  9991
2 31451  98.8943  60.4145 0031678 351.1501 161.8674 14.11286213809883
FENGYUN 1C DEB
1 31451U 99025BUP 23013.62058177  .00000735  00000-0  42959-3 0  9991
2 31451  98.8943  60.4145 0031678 351.1501 161.8674 14.11286213812708
FENGYUN 1C DEB
1 31451U 99025BUP 23014.61330118  .00000773  00000-0  45060-3 0  9997
2 31451  98.8942  61.3977 0031624 348.3617 165.4953 14.11288024810022
FENGYUN 1C DEB
1 31451U 99025BUP 23015.37579030  .00000863  00000-0  49999-3 0  9994
2 31451  98.8941  62.1530 0031593 346.1883  79.4485 14.11289810810131
FENGYUN 1C DEB
1 31451U 99025BUP 23016.36805765  .00001034  00000-0  59391-3 0  9999
2 31451  98.8940  63.1359 0031562 343.3461  80.8509 14.11292622813093
FENGYUN 1C DEB
1 31451U 99025BUP 23016.59845937  .00000998  00000-0  57415-3 0  9992
2 31451  98.8939  63.3641 0031552 342.6925 171.4439 14.11292808810309
FENGYUN 1C DEB
1 31451U 99025BUP 23017.59093235  .00001036  00000-0  59546-3 0  9990
2 31451  98.8938  64.3472 0031491 339.8969 173.8505 14.11294866810440
FENGYUN 1C DEB
1 31451U 99025BUP 23018.35231574  .00001139  00000-0  65176-3 0  9995
2 31451  98.8936  65.1014 0031465 337.6930  82.2386 14.11297016810556
FENGYUN 1C DEB
1 31451U 99025BUP 23020.39845230  .00001056  00000-0  60629-3 0  9998
2 31451  98.8933  67.1281 0031383 331.7680  38.1406 14.11301020813655
FENGYUN 1C DEB
1 31451U 99025BUP 23020.39845230  .00001056  00000-0  60629-3 0  9998
2 31451  98.8933  67.1281 0031383 331.7680  38.1406 14.11301020810843
FENGYUN 1C DEB
1 31451U 99025BUP 23022.62415443  .00000943  00000-0  54398-3 0  9995
2 31451  98.8933  69.3331 0031371 325.2160 186.5154 14.11305505813978
FENGYUN 1C DEB
1 31451U 99025BUP 23025.08203292  .00000883  00000-0  51102-3 0  9998
2 31451  98.8931  71.7677 0031317 318.1058  74.4496 14.11310250814320
FENGYUN 1C DEB
1 31451U 99025BUP 23025.36177648  .00000834  00000-0  48393-3 0  9998
2 31451  98.8930  72.0447 0031360 317.2605  55.8009 14.11310399811542
FENGYUN 1C DEB
1 31451U 99025BUP 23026.36405273  .00000796  00000-0  46280-3 0  9997
2 31451  98.8928  73.0375 0031337 314.3655 108.1492 14.11311867811681
FENGYUN 1C DEB
1 31451U 99025BUP 23027.06673160  .00000773  00000-0  45028-3 0  9991
2 31451  98.8927  73.7335 0031318 312.3275  78.3212 14.11312957811788
FENGYUN 1C DEB
1 31451U 99025BUP 23028.06535949  .00000716  00000-0  41891-3 0  9995
2 31451  98.8926  74.7226 0031300 309.4252 112.1607 14.11314230814740
FENGYUN 1C DEB
1 31451U 99025BUP 23028.06535949  .00000716  00000-0  41891-3 0  9995
2 31451  98.8926  74.7226 0031300 309.4252 112.1607 14.11314230811927
FENGYUN 1C DEB
1 31451U 99025BUP 23028.92862447  .00000639  00000-0  37651-3 0  9999
2 31451  98.8924  75.5776 0031267 306.9114 178.2565 14.11315173812042
FENGYUN 1C DEB
1 31451U 99025BUP 23029.86034241  .00000569  00000-0  33808-3 0  9998
2 31451  98.8923  76.5003 0031249 304.1851 232.1666 14.11316221812174
FENGYUN 1C DEB
1 31451U 99025BUP 23030.92357875  .00000506  00000-0  30334-3 0  9990
2 31451  98.8921  77.5534 0031235 301.0803 234.2985 14.11317422812328
FENGYUN 1C DEB
1 31451U 99025BUP 23030.92357875  .00000506  00000-0  30334-3 0  9990
2 31451  98.8921  77.5534 0031235 301.0803 234.2985 14.11317422815141
FENGYUN 1C DEB
1 31451U 99025BUP 23031.62850733  .00000505  00000-0  30261-3 0  9997
2 31451  98.8921  78.2516 0031216 299.0301 215.9215 14.11318454812423
FENGYUN 1C DEB
1 31451U 99025BUP 23031.91637344  .00000496  00000-0  29743-3 0  9992
2 31451  98.8920  78.5367 0031204 298.2029 238.5105 14.11318748812463
FENGYUN 1C DEB
1 31451U 99025BUP 23032.09960795  .00000487  00000-0  29289-3 0  9996
2 31451  98.8920  78.7182 0031193 297.6779  89.4865 14.11318958812494
FENGYUN 1C DEB
1 31451U 99025BUP 23033.09259728  .00000463  00000-0  27963-3 0  9995
2 31451  98.8918  79.7016 0031166 294.7898  94.7016 14.11320062815453
FENGYUN 1C DEB
1 31451U 99025BUP 23033.09259728  .00000463  00000-0  27963-3 0  9995
2 31451  98.8918  79.7016 0031166 294.7898  94.7016 14.11320062812630
FENGYUN 1C DEB
1 31451U 99025BUP 23034.60572387  .00000536  00000-0  31952-3 0  9996
2 31451  98.8917  81.2002 0031243 290.3188 222.7284 14.11322258812844
FENGYUN 1C DEB
1 31451U 99025BUP 23035.36788520  .00000585  00000-0  34664-3 0  9995
2 31451  98.8915  81.9550 0031235 288.0962 135.1589 14.11323372815770
FENGYUN 1C DEB
1 31451U 99025BUP 23035.36788520  .00000585  00000-0  34664-3 0  9995
2 31451  98.8915  81.9550 0031235 288.0962 135.1589 14.11323372812957
FENGYUN 1C DEB
1 31451U 99025BUP 23035.88624649  .00000585  00000-0  34673-3 0  9993
2 31451  98.8914  82.4684 0031235 286.5916 248.8710 14.11323927813025
FENGYUN 1C DEB
1 31451U 99025BUP 23036.07057833  .00000589  00000-0  34893-3 0  9998
2 31451  98.8913  82.6510 0031236 286.0529 105.4360 14.11324165813057
FENGYUN 1C DEB
1 31451U 99025BUP 23036.87905013  .00000638  00000-0  37597-3 0  9997
2 31451  98.8912  83.4517 0031229 283.7057 253.1587 14.11325403813164
FENGYUN 1C DEB
1 31451U 99025BUP 23037.58387926  .00000752  00000-0  43887-3 0  9999
2 31451  98.8911  84.1497 0031230 281.6476 234.3044 14.11327007813264
FENGYUN 1C DEB
1 31451U 99025BUP 23037.58387926  .00000752  00000-0  43887-3 0  9999
2 31451  98.8911  84.1497 0031230 281.6476 234.3044 14.11327007816087
FENGYUN 1C DEB
1 31451U 99025BUP 23040.92002219  .00001178  00000-0  67297-3 0  9994
2 31451  98.8906  87.4535 0031311 271.9042 264.8759 14.11335669813734
FENGYUN 1C DEB
1 31451U 99025BUP 23040.92002219  .00001178  00000-0  67297-3 0  9994
2 31451  98.8906  87.4535 0031311 271.9042 264.8759 14.11335669816557
FENGYUN 1C DEB
1 31451U 99025BUP 23041.10370913  .00001179  00000-0  67334-3 0  9997
2 31451  98.8905  87.6354 0031317 271.3591 118.1805 14.11336115813766
FENGYUN 1C DEB
1 31451U 99025BUP 23041.91226069  .00001203  00000-0  68699-3 0  9991
2 31451  98.8904  88.4361 0031333 269.0024 266.3516 14.11338076813870
FENGYUN 1C DEB
1 31451U 99025BUP 23042.90489941  .00001228  00000-0  70043-3 0  9994
2 31451  98.8902  89.4190 0031371 266.1264 269.8426 14.11340573814015
FENGYUN 1C DEB
1 31451U 99025BUP 23043.60919983  .00001293  00000-0  73606-3 0  9996
2 31451  98.8902  90.1165 0031387 264.0853 248.3251 14.11342732816934
FENGYUN 1C DEB
1 31451U 99025BUP 23043.60919983  .00001293  00000-0  73606-3 0  9996
2 31451  98.8902  90.1165 0031387 264.0853 248.3251 14.11342732814112
FENGYUN 1C DEB
1 31451U 99025BUP 23044.36142539  .00001318  00000-0  74994-3 0  9994
2 31451  98.8902  90.8615 0031393 261.8969 110.3219 14.11344643814226
FENGYUN 1C DEB
1 31451U 99025BUP 23045.36392542  .00001345  00000-0  76472-3 0  9999
2 31451  98.8903  91.8545 0031411 259.0053 163.9252 14.11347127814360
FENGYUN 1C DEB
1 31451U 99025BUP 23045.94289530  .00001199  00000-0  68415-3 0  9990
2 31451  98.8902  92.4278 0031440 257.3369 225.6158 14.11347678817266
FENGYUN 1C DEB
1 31451U 99025BUP 23046.58752729  .00001303  00000-0  74159-3 0  9995
2 31451  98.8901  93.0663 0031444 255.4789 260.9357 14.11349893814530
FENGYUN 1C DEB
1 31451U 99025BUP 23047.40964233  .00001395  00000-0  79234-3 0  9992
2 31451  98.8899  93.8805 0031463 253.0933 118.0524 14.11352425814655
FENGYUN 1C DEB
1 31451U 99025BUP 23047.92828795  .00001327  00000-0  75489-3 0  9994
2 31451  98.8899  94.3942 0031507 251.6088 233.2430 14.11353440814729
FENGYUN 1C DEB
1 31451U 99025BUP 23048.40224089  .00001198  00000-0  68379-3 0  9990
2 31451  98.8898  94.8636 0031530 250.2371 121.3694 14.11353907817606
FENGYUN 1C DEB
1 31451U 99025BUP 23048.40224089  .00001198  00000-0  68379-3 0  9990
2 31451  98.8898  94.8636 0031530 250.2371 121.3694 14.11353907814793
FENGYUN 1C DEB
1 31451U 99025BUP 23048.92110247  .00001061  00000-0  60819-3 0  9997
2 31451  98.8896  95.3774 0031540 248.7233 237.6893 14.11354498814866
FENGYUN 1C DEB
1 31451U 99025BUP 23049.39474362  .00001070  00000-0  61351-3 0  9992
2 31451  98.8895  95.8465 0031566 247.3526 124.2362 14.11355739814934
FENGYUN 1C DEB
1 31451U 99025BUP 23050.38725963  .00000941  00000-0  54220-3 0  9992
2 31451  98.8894  96.8293 0031612 244.4765 127.1694 14.11357483815072
FENGYUN 1C DEB
1 31451U 99025BUP 23051.96825528  .00000728  00000-0  42496-3 0  9990
2 31451  98.8890  98.3948 0031692 239.9166 240.1329 14.11359766818119
FENGYUN 1C DEB
1 31451U 99025BUP 23052.37219719  .00000731  00000-0  42647-3 0  9997
2 31451  98.8889  98.7948 0031699 238.7446 132.5519 14.11360587815357
FENGYUN 1C DEB
1 31451U 99025BUP 23052.67897028  .00000705  00000-0  41241-3 0  9995
2 31451  98.8889  99.0986 0031712 237.8616 251.2521 14.11361050815390
FENGYUN 1C DEB
1 31451U 99025BUP 23053.95357818  .00000697  00000-0  40812-3 0  9998
2 31451  98.8887 100.3607 0031754 234.1896 247.4849 14.11363133815574
FENGYUN 1C DEB
1 31451U 99025BUP 23054.07726361  .00000697  00000-0  40802-3 0  9994
2 31451  98.8887 100.4832 0031759 233.8358 155.9236 14.11363334818411
FENGYUN 1C DEB
1 31451U 99025BUP 23054.59872519  .00000690  00000-0  40384-3 0  9996
2 31451  98.8885 100.9995 0031775 232.3240 285.4624 14.11364128815662
FENGYUN 1C DEB
1 31451U 99025BUP 23055.07005641  .00000799  00000-0  46375-3 0  9990
2 31451  98.8885 101.4662 0031795 230.9767 160.2710 14.11365376815739
FENGYUN 1C DEB
1 31451U 99025BUP 23055.93895925  .00000724  00000-0  42270-3 0  9995
2 31451  98.8883 102.3265 0031836 228.4704 255.1448 14.11366212815850
FENGYUN 1C DEB
1 31451U 99025BUP 23056.58388757  .00000746  00000-0  43508-3 0  9996
2 31451  98.8882 102.9651 0031868 226.6162 292.0069 14.11367328818768
FENGYUN 1C DEB
1 31451U 99025BUP 23057.92429807  .00000801  00000-0  46494-3 0  9996
2 31451  98.8879 104.2923 0031945 222.7777 262.5878 14.11369805816137
FENGYUN 1C DEB
1 31451U 99025BUP 23060.62361117  .00000869  00000-0  50243-3 0  9997
2 31451  98.8875 106.9649 0032115 215.1051 297.6983 14.11375763819339
FENGYUN 1C DEB
1 31451U 99025BUP 23060.91141991  .00000870  00000-0  50286-3 0  9994
2 31451  98.8874 107.2499 0032129 214.2893 320.0452 14.11376384816557
FENGYUN 1C DEB
1 31451U 99025BUP 23061.61592782  .00000883  00000-0  51021-3 0  9992
2 31451  98.8874 107.9474 0032169 212.2940 299.6264 14.11377935816658
FENGYUN 1C DEB
1 31451U 99025BUP 23062.37880998  .00001006  00000-0  57765-3 0  9994
2 31451  98.8873 108.7028 0032224 210.1612 215.7844 14.11380311816763
FENGYUN 1C DEB
1 31451U 99025BUP 23062.60857553  .00001003  00000-0  57613-3 0  9990
2 31451  98.8872 108.9303 0032229 209.4990 303.2294 14.11380807816790
FENGYUN 1C DEB
1 31451U 99025BUP 23064.88105358  .00001234  00000-0  70269-3 0  9999
2 31451  98.8867 111.1802 0032319 203.0288 329.7022 14.11387250819934
FENGYUN 1C DEB
1 31451U 99025BUP 23064.88105358  .00001234  00000-0  70269-3 0  9999
2 31451  98.8867 111.1802 0032319 203.0288 329.7022 14.11387250817112
FENGYUN 1C DEB
1 31451U 99025BUP 23065.06566260  .00001333  00000-0  75724-3 0  9994
2 31451  98.8867 111.3629 0032322 202.5037 187.7044 14.11388293817148
FENGYUN 1C DEB
1 31451U 99025BUP 23066.05804962  .00001386  00000-0  78615-3 0  9998
2 31451  98.8864 112.3454 0032372 199.6821 190.0445 14.11391183817283
FENGYUN 1C DEB
1 31451U 99025BUP 23070.09896200  .00001346  00000-0  76384-3 0  9990
2 31451  98.8858 116.3459 0032630 188.4968 201.8202 14.11403410820676
FENGYUN 1C DEB
1 31451U 99025BUP 23070.09896200  .00001346  00000-0  76384-3 0  9990
2 31451  98.8858 116.3459 0032630 188.4968 201.8202 14.11403410817852
FENGYUN 1C DEB
1 31451U 99025BUP 23071.61176234  .00001219  00000-0  69410-3 0  9998
2 31451  98.8857 117.8436 0032700 184.1940 328.4775 14.11407190818067
FENGYUN 1C DEB
1 31451U 99025BUP 23072.60422130  .00001163  00000-0  66352-3 0  9997
2 31451  98.8857 118.8263 0032739 181.4091 331.2122 14.11409549818209
FENGYUN 1C DEB
1 31451U 99025BUP 23072.60422130  .00001163  00000-0  66352-3 0  9997
2 31451  98.8857 118.8263 0032739 181.4091 331.2122 14.11409549821023
FENGYUN 1C DEB
1 31451U 99025BUP 23073.36646014  .00001184  00000-0  67466-3 0  9990
2 31451  98.8861 119.5815 0032741 179.2779 244.1851 14.11411617818318
FENGYUN 1C DEB
1 31451U 99025BUP 23073.88419170  .00001208  00000-0  68797-3 0  9993
2 31451  98.8860 120.0941 0032765 177.8257 354.8136 14.11413111818388
FENGYUN 1C DEB
1 31451U 99025BUP 23074.35862477  .00001225  00000-0  69751-3 0  9998
2 31451  98.8858 120.5637 0032794 176.5023 245.4337 14.11414395818452
FENGYUN 1C DEB
1 31451U 99025BUP 23075.35066035  .00001189  00000-0  67772-3 0  9995
2 31451  98.8851 121.5453 0032863 173.7005 246.0623 14.11416709821414
FENGYUN 1C DEB
1 31451U 99025BUP 23075.58222271  .00001109  00000-0  63340-3 0  9995
2 31451  98.8849 121.7743 0032882 173.0657 342.6328 14.11416745818626
FENGYUN 1C DEB
1 31451U 99025BUP 23075.86917148  .00001071  00000-0  61243-3 0  9998
2 31451  98.8849 122.0583 0032904 172.2537   0.6502 14.11417201818662
FENGYUN 1C DEB
1 31451U 99025BUP 23075.93056920  .00001065  00000-0  60920-3 0  9992
2 31451  98.8851 122.1195 0032891 172.1699 312.5280 14.11417299818674
FENGYUN 1C DEB
1 31451U 99025BUP 23078.38957269  .00000911  00000-0  52458-3 0  9996
2 31451  98.8845 124.5538 0033006 165.3537 206.8673 14.11421980821833
FENGYUN 1C DEB
1 31451U 99025BUP 23078.38957269  .00000911  00000-0  52458-3 0  9996
2 31451  98.8845 124.5538 0033006 165.3537 206.8673 14.11421980819021
FENGYUN 1C DEB
1 31451U 99025BUP 23079.38199603  .00000868  00000-0  50115-3 0  9996
2 31451  98.8841 125.5360 0033072 162.5640 209.4798 14.11423916819161
FENGYUN 1C DEB
1 31451U 99025BUP 23080.38517456  .00000812  00000-0  46998-3 0  9991
2 31451  98.8840 126.5289 0033114 159.8216 266.6683 14.11425617819300
FENGYUN 1C DEB
1 31451U 99025BUP 23080.90246087  .00000804  00000-0  46566-3 0  9990
2 31451  98.8837 127.0408 0033141 158.3622  15.0679 14.11426548822196
FENGYUN 1C DEB
1 31451U 99025BUP 23080.90246087  .00000804  00000-0  46566-3 0  9990
2 31451  98.8837 127.0408 0033141 158.3622  15.0679 14.11426548819372
FENGYUN 1C DEB
1 31451U 99025BUP 23081.89503097  .00000856  00000-0  49456-3 0  9994
2 31451  98.8838 128.0232 0033184 155.5869  18.4252 14.11428548819510
FENGYUN 1C DEB
1 31451U 99025BUP 23082.36967774  .00000923  00000-0  53091-3 0  9998
2 31451  98.8837 128.4930 0033206 154.2744 270.1447 14.11429692819582
FENGYUN 1C DEB
1 31451U 99025BUP 23083.87963198  .00001184  00000-0  67419-3 0  9990
2 31451  98.8833 129.9876 0033276 150.0764  22.3917 14.11434302822617
FENGYUN 1C DEB
1 31451U 99025BUP 23083.87963198  .00001184  00000-0  67419-3 0  9990
2 31451  98.8833 129.9876 0033276 150.0764  22.3917 14.11434302819792
FENGYUN 1C DEB
1 31451U 99025BUP 23084.87228368  .00001212  00000-0  68977-3 0  9996
2 31451  98.8830 130.9700 0033331 147.3160  26.1767 14.11436694819935
FENGYUN 1C DEB
1 31451U 99025BUP 23086.92815343  .00001105  00000-0  63063-3 0  9991
2 31451  98.8821 133.0043 0033468 141.5175  32.4263 14.11441881820221
FENGYUN 1C DEB
1 31451U 99025BUP 23086.92815343  .00001105  00000-0  63063-3 0  9991
2 31451  98.8821 133.0043 0033468 141.5175  32.4263 14.11441881823044
FENGYUN 1C DEB
1 31451U 99025BUP 23089.09712015  .00001148  00000-0  65448-3 0  9990
2 31451  98.8819 135.1510 0033493 135.6842 253.0952 14.11448055823356
FENGYUN 1C DEB
1 31451U 99025BUP 23089.90537922  .00001185  00000-0  67441-3 0  9998
2 31451  98.8817 135.9510 0033528 133.6625  39.7731 14.11450119820645
FENGYUN 1C DEB
1 31451U 99025BUP 23091.37267687  .00001171  00000-0  66667-3 0  9994
2 31451  98.8818 137.4031 0033540 129.5775 295.3772 14.11453172823678
FENGYUN 1C DEB
1 31451U 99025BUP 23091.37267687  .00001171  00000-0  66667-3 0  9994
2 31451  98.8818 137.4031 0033540 129.5775 295.3772 14.11453172820855
FENGYUN 1C DEB
1 31451U 99025BUP 23093.58794990  .00001064  00000-0  60825-3 0  9992
2 31451  98.8814 139.5953 0033582 123.4243  31.5996 14.11457439821169
FENGYUN 1C DEB
1 31451U 99025BUP 23093.58794990  .00001064  00000-0  60825-3 0  9992
2 31451  98.8814 139.5953 0033582 123.4243  31.5996 14.11457439823981
FENGYUN 1C DEB
1 31451U 99025BUP 23094.00567428  .00001061  00000-0  60633-3 0  9998
2 31451  98.8814 140.0088 0033553 122.4398 353.9614 14.11458073821223
FENGYUN 1C DEB
1 31451U 99025BUP 23094.92901682  .00000979  00000-0  56172-3 0  9993
2 31451  98.8814 140.9227 0033525 119.9992   5.5229 14.11459248821358
FENGYUN 1C DEB
1 31451U 99025BUP 23095.40285373  .00000955  00000-0  54829-3 0  9990
2 31451  98.8813 141.3916 0033532 118.6907 253.1790 14.11460145821427
FENGYUN 1C DEB
1 31451U 99025BUP 23095.86051352  .00000898  00000-0  51704-3 0  9993
2 31451  98.8813 141.8446 0033518 117.4691  58.5953 14.11460812824300
FENGYUN 1C DEB
1 31451U 99025BUP 23095.86051352  .00000898  00000-0  51704-3 0  9993
2 31451  98.8813 141.8446 0033518 117.4691  58.5953 14.11460812821486
FENGYUN 1C DEB
1 31451U 99025BUP 23097.97588028  .00000779  00000-0  45163-3 0  9992
2 31451  98.8809 143.9379 0033517 111.7721   7.0600 14.11464575824604
FENGYUN 1C DEB
1 31451U 99025BUP 23098.39239797  .00000761  00000-0  44162-3 0  9994
2 31451  98.8807 144.3501 0033567 110.5839 323.5117 14.11465261821841
FENGYUN 1C DEB
1 31451U 99025BUP 23099.38323243  .00000744  00000-0  43263-3 0  9996
2 31451  98.8806 145.3306 0033563 107.8655 318.1366 14.11466991821987
FENGYUN 1C DEB
1 31451U 99025BUP 23100.08498397  .00000738  00000-0  42907-3 0  9996
2 31451  98.8804 146.0250 0033567 105.9437 283.8734 14.11468122824902
FENGYUN 1C DEB
1 31451U 99025BUP 23100.08498397  .00000738  00000-0  42907-3 0  9996
2 31451  98.8804 146.0250 0033567 105.9437 283.8734 14.11468122822089
FENGYUN 1C DEB
1 31451U 99025BUP 23101.07755521  .00000779  00000-0  45175-3 0  9996
2 31451  98.8803 147.0072 0033571 103.2318 287.3222 14.11469990822226
FENGYUN 1C DEB
1 31451U 99025BUP 23102.07018337  .00000805  00000-0  46556-3 0  9998
2 31451  98.8801 147.9895 0033572 100.5235 291.0608 14.11471642822367
FENGYUN 1C DEB
1 31451U 99025BUP 23103.06249691  .00000832  00000-0  48044-3 0  9991
2 31451  98.8799 148.9714 0033573  97.8246 293.1993 14.11473385822507
FENGYUN 1C DEB
1 31451U 99025BUP 23103.06249691  .00000832  00000-0  48044-3 0  9991
2 31451  98.8799 148.9714 0033573  97.8246 293.1993 14.11473385825320
FENGYUN 1C DEB
1 31451U 99025BUP 23104.05460477  .00000833  00000-0  48120-3 0  9994
2 31451  98.8797 149.9531 0033565  95.1266 294.2993 14.11475114822646
FENGYUN 1C DEB
1 31451U 99025BUP 23104.86279690  .00000923  00000-0  53037-3 0  9991
2 31451  98.8795 150.7527 0033521  92.9907  80.8280 14.11476989822759
FENGYUN 1C DEB
1 31451U 99025BUP 23106.91861473  .00000993  00000-0  56891-3 0  9993
2 31451  98.8792 152.7869 0033452  87.4022  86.8829 14.11481379823044
FENGYUN 1C DEB
1 31451U 99025BUP 23106.91861473  .00000993  00000-0  56891-3 0  9993
2 31451  98.8792 152.7869 0033452  87.4022  86.8829 14.11481379825866
FENGYUN 1C DEB
1 31451U 99025BUP 23107.62295302  .00000999  00000-0  57235-3 0  9993
2 31451  98.8791 153.4838 0033437  85.4870  65.7868 14.11482907823147
FENGYUN 1C DEB
1 31451U 99025BUP 23108.61595118  .00000970  00000-0  55621-3 0  9997
2 31451  98.8789 154.4663 0033421  82.7678  71.4613 14.11484759823284
FENGYUN 1C DEB
1 31451U 99025BUP 23109.08769476  .00000990  00000-0  56744-3 0  9998
2 31451  98.8788 154.9331 0033410  81.4738 308.5156 14.11485878826171
FENGYUN 1C DEB
1 31451U 99025BUP 23109.60784934  .00000986  00000-0  56524-3 0  9993
2 31451  98.8788 155.4477 0033366  80.0810  71.5260 14.11486912823422
FENGYUN 1C DEB
1 31451U 99025BUP 23109.89601611  .00001032  00000-0  59012-3 0  9992
2 31451  98.8787 155.7328 0033381  79.2823  95.7892 14.11487824823466
FENGYUN 1C DEB
1 31451U 99025BUP 23110.08017429  .00001032  00000-0  59027-3 0  9999
2 31451  98.8787 155.9150 0033378  78.7722 311.5522 14.11488230823493
FENGYUN 1C DEB
1 31451U 99025BUP 23111.36250181  .00000952  00000-0  54660-3 0  9993
2 31451  98.8784 157.1836 0033319  75.2536 347.4156 14.11490404823672
FENGYUN 1C DEB
1 31451U 99025BUP 23111.88075455  .00000955  00000-0  54791-3 0  9997
2 31451  98.8784 157.6964 0033308  73.8301 100.8078 14.11491486823744
FENGYUN 1C DEB
1 31451U 99025BUP 23112.87308856  .00000867  00000-0  49956-3 0  9990
2 31451  98.8782 158.6782 0033269  71.1228 103.1301 14.11493027823889
FENGYUN 1C DEB
1 31451U 99025BUP 23114.92893565  .00001049  00000-0  59928-3 0  9997
2 31451  98.8775 160.7117 0033151  65.4565 109.5488 14.11499002826997
FENGYUN 1C DEB
1 31451U 99025BUP 23114.92893565  .00001049  00000-0  59928-3 0  9997
2 31451  98.8775 160.7117 0033151  65.4565 109.5488 14.11499002824175
FENGYUN 1C DEB
1 31451U 99025BUP 23115.98100992  .00000857  00000-0  49395-3 0  9992
2 31451  98.8776 161.7527 0033096  62.6188  55.4234 14.11500348824321
FENGYUN 1C DEB
1 31451U 99025BUP 23117.61869170  .00000752  00000-0  43657-3 0  9993
2 31451  98.8773 163.3729 0032994  58.1350  97.0111 14.11503382824559
FENGYUN 1C DEB
1 31451U 99025BUP 23117.61869170  .00000752  00000-0  43657-3 0  9993
2 31451  98.8773 163.3729 0032994  58.1350  97.0111 14.11503382827372
FENGYUN 1C DEB
1 31451U 99025BUP 23118.38075616  .00000712  00000-0  41441-3 0  9997
2 31451  98.8772 164.1268 0032985  56.0350   9.3231 14.11504594824669
FENGYUN 1C DEB
1 31451U 99025BUP 23119.08319726  .00000687  00000-0  40072-3 0  9998
2 31451  98.8771 164.8217 0032955  54.0777 338.6939 14.11505774824762
FENGYUN 1C DEB
1 31451U 99025BUP 23120.07554363  .00000677  00000-0  39537-3 0  9990
2 31451  98.8770 165.8034 0032909  51.3431 341.1574 14.11507377827729
FENGYUN 1C DEB
1 31451U 99025BUP 23120.36504809  .00000689  00000-0  40190-3 0  9992
2 31451  98.8770 166.0898 0032893  50.5537  12.2250 14.11507900824940
FENGYUN 1C DEB
1 31451U 99025BUP 23121.35720000  .00000734  00000-0  42648-3 0  9996
2 31451  98.8767 167.0712 0032835  47.8366  13.6906 14.11509631825089
FENGYUN 1C DEB
1 31451U 99025BUP 23122.34903073  .00000772  00000-0  44778-3 0  9997
2 31451  98.8765 168.0524 0032774  45.0993  13.5508 14.11511337828049
FENGYUN 1C DEB
1 31451U 99025BUP 23122.34903073  .00000772  00000-0  44778-3 0  9997
2 31451  98.8765 168.0524 0032774  45.0993  13.5508 14.11511337825226
FENGYUN 1C DEB
1 31451U 99025BUP 23122.92901828  .00000747  00000-0  43379-3 0  9995
2 31451  98.8764 168.6261 0032742  43.5043  80.6799 14.11512114825303
FENGYUN 1C DEB
1 31451U 99025BUP 23123.92167914  .00000705  00000-0  41086-3 0  9993
2 31451  98.8762 169.6080 0032687  40.7424  84.7900 14.11513529825446
FENGYUN 1C DEB
1 31451U 99025BUP 23124.39542573  .00000696  00000-0  40617-3 0  9991
2 31451  98.8761 170.0766 0032636  39.4463 332.0677 14.11514291828321
FENGYUN 1C DEB
1 31451U 99025BUP 23124.39542573  .00000696  00000-0  40617-3 0  9991
2 31451  98.8761 170.0766 0032636  39.4463 332.0677 14.11514291825519
FENGYUN 1C DEB
1 31451U 99025BUP 23125.91634008  .00000716  00000-0  41701-3 0  9993
2 31451  98.8760 171.5811 0032519  35.1861 140.4909 14.11516981825720
FENGYUN 1C DEB
1 31451U 99025BUP 23126.62021545  .00000901  00000-0  51822-3 0  9999
2 31451  98.8759 172.2774 0032474  33.2153 117.1908 14.11519228825825
FENGYUN 1C DEB
1 31451U 99025BUP 23127.09254182  .00000845  00000-0  48750-3 0  9999
2 31451  98.8759 172.7446 0032442  31.8812 357.3009 14.11519702828715
FENGYUN 1C DEB
1 31451U 99025BUP 23127.38349007  .00000846  00000-0  48844-3 0  9997
2 31451  98.8759 173.0324 0032428  31.0793  35.7239 14.11520099825932
FENGYUN 1C DEB
1 31451U 99025BUP 23127.90050204  .00000842  00000-0  48597-3 0  9994
2 31451  98.8758 173.5438 0032397  29.6292 142.8953 14.11520954826006
FENGYUN 1C DEB
1 31451U 99025BUP 23128.37545321  .00000858  00000-0  49458-3 0  9999
2 31451  98.8757 174.0135 0032367  28.3239  36.3112 14.11521833826077
FENGYUN 1C DEB
1 31451U 99025BUP 23129.94620800  .00000847  00000-0  48862-3 0  9995
2 31451  98.8753 175.5674 0032255  23.9255  98.0312 14.11524262826292
FENGYUN 1C DEB
1 31451U 99025BUP 23131.35196968  .00000906  00000-0  52127-3 0  9991
2 31451  98.8752 176.9578 0032174  19.9782  41.3709 14.11526969826498
FENGYUN 1C DEB
1 31451U 99025BUP 23131.87043697  .00000908  00000-0  52217-3 0  9990
2 31451  98.8751 177.4708 0032150  18.5092 155.9656 14.11527941826563
FENGYUN 1C DEB
1 31451U 99025BUP 23133.92613954  .00000743  00000-0  43164-3 0  9995
2 31451  98.8749 179.5042 0031981  12.6427 162.0870 14.11530848829674
FENGYUN 1C DEB
1 31451U 99025BUP 23133.92613954  .00000743  00000-0  43164-3 0  9995
2 31451  98.8749 179.5042 0031981  12.6427 162.0870 14.11530848826851
FENGYUN 1C DEB
1 31451U 99025BUP 23135.38259215  .00000651  00000-0  38137-3 0  9995
2 31451  98.8747 180.9448 0031885   8.5109   3.0902 14.11532980827062
FENGYUN 1C DEB
1 31451U 99025BUP 23136.38567427  .00000653  00000-0  38222-3 0  9990
2 31451  98.8747 181.9370 0031830   5.6498  60.3018 14.11534720830024
FENGYUN 1C DEB
1 31451U 99025BUP 23136.61491390  .00000610  00000-0  35879-3 0  9999
2 31451  98.8747 182.1637 0031815   4.9960 145.1946 14.11534859827236
FENGYUN 1C DEB
1 31451U 99025BUP 23136.90290815  .00000586  00000-0  34586-3 0  9996
2 31451  98.8747 182.4486 0031798   4.1651 168.6616 14.11535133827274
FENGYUN 1C DEB
1 31451U 99025BUP 23137.89553097  .00000562  00000-0  33259-3 0  9999
2 31451  98.8745 183.4304 0031739   1.3527 172.7109 14.11536433827411
FENGYUN 1C DEB
1 31451U 99025BUP 23138.60048875  .00000554  00000-0  32785-3 0  9996
2 31451  98.8745 184.1276 0031684 359.3292 155.0092 14.11537390827510
FENGYUN 1C DEB
1 31451U 99025BUP 23138.60048875  .00000554  00000-0  32785-3 0  9996
2 31451  98.8745 184.1276 0031684 359.3292 155.0092 14.11537390830334
FENGYUN 1C DEB
1 31451U 99025BUP 23139.59330406  .00000583  00000-0  34405-3 0  9992
2 31451  98.8744 185.1096 0031622 356.4844 160.0756 14.11538787827652
FENGYUN 1C DEB
1 31451U 99025BUP 23140.87269447  .00000704  00000-0  41036-3 0  9994
2 31451  98.8745 186.3751 0031548 352.7844 181.4395 14.11541213827834
FENGYUN 1C DEB
1 31451U 99025BUP 23140.87269447  .00000704  00000-0  41036-3 0  9994
2 31451  98.8745 186.3751 0031548 352.7844 181.4395 14.11541213830658
FENGYUN 1C DEB
1 31451U 99025BUP 23141.86510120  .00000707  00000-0  41199-3 0  9994
2 31451  98.8744 187.3567 0031488 349.9246 184.4594 14.11542658827979
FENGYUN 1C DEB
1 31451U 99025BUP 23142.40006383  .00000793  00000-0  45941-3 0  9990
2 31451  98.8742 187.8857 0031436 348.3603  22.9579 14.11544177828054
FENGYUN 1C DEB
1 31451U 99025BUP 23143.92070404  .00000670  00000-0  39178-3 0  9992
2 31451  98.8740 189.3897 0031344 343.9572 190.2900 14.11545954828261
FENGYUN 1C DEB
1 31451U 99025BUP 23143.92070404  .00000670  00000-0  39178-3 0  9992
2 31451  98.8740 189.3897 0031344 343.9572 190.2900 14.11545954831085
FENGYUN 1C DEB
1 31451U 99025BUP 23144.62512807  .00000629  00000-0  36926-3 0  9990
2 31451  98.8739 190.0863 0031307 341.9322 169.9019 14.11546874828368
FENGYUN 1C DEB
1 31451U 99025BUP 23145.61716156  .00000594  00000-0  35013-3 0  9990
2 31451  98.8738 191.0674 0031253 339.0444 171.0752 14.11548244828508
FENGYUN 1C DEB
1 31451U 99025BUP 23146.60991454  .00000530  00000-0  31502-3 0  9995
2 31451  98.8738 192.0493 0031182 336.1601 175.9023 14.11549255828644
FENGYUN 1C DEB
1 31451U 99025BUP 23146.60991454  .00000530  00000-0  31502-3 0  9995
2 31451  98.8738 192.0493 0031182 336.1601 175.9023 14.11549255831468
FENGYUN 1C DEB
1 31451U 99025BUP 23147.60241605  .00000505  00000-0  30108-3 0  9995
2 31451  98.8739 193.0309 0031136 333.3254 179.4050 14.11550226828788
FENGYUN 1C DEB
1 31451U 99025BUP 23148.07472892  .00000507  00000-0  30249-3 0  9999
2 31451  98.8739 193.4981 0031114 331.9734  59.5179 14.11550718828855
FENGYUN 1C DEB
1 31451U 99025BUP 23148.88251661  .00000580  00000-0  34251-3 0  9995
2 31451  98.8737 194.2969 0031076 329.6192 204.4299 14.11551965831782
FENGYUN 1C DEB
1 31451U 99025BUP 23148.88251661  .00000580  00000-0  34251-3 0  9995
2 31451  98.8737 194.2969 0031076 329.6192 204.4299 14.11551965828968
FENGYUN 1C DEB
1 31451U 99025BUP 23149.87492584  .00000559  00000-0  33064-3 0  9993
2 31451  98.8736 195.2784 0031026 326.7221 207.5368 14.11552934829104
FENGYUN 1C DEB
1 31451U 99025BUP 23153.10655991  .00000599  00000-0  35306-3 0  9992
2 31451  98.8735 198.4746 0030887 317.1882  69.8078 14.11557558832385
FENGYUN 1C DEB
1 31451U 99025BUP 23153.10655991  .00000599  00000-0  35306-3 0  9992
2 31451  98.8735 198.4746 0030887 317.1882  69.8078 14.11557558829561
FENGYUN 1C DEB
1 31451U 99025BUP 23154.09911814  .00000598  00000-0  35208-3 0  9990
2 31451  98.8733 199.4561 0030857 314.2417  73.7426 14.11558962829701
FENGYUN 1C DEB
1 31451U 99025BUP 23154.90765829  .00000556  00000-0  32933-3 0  9999
2 31451  98.8732 200.2557 0030835 311.8943 222.4917 14.11559739829812
FENGYUN 1C DEB
1 31451U 99025BUP 23155.61209139  .00000531  00000-0  31527-3 0  9996
2 31451  98.8730 200.9522 0030812 309.8850 202.1676 14.11560482829913
FENGYUN 1C DEB
1 31451U 99025BUP 23155.67860354  .00000536  00000-0  31852-3 0  9990
2 31451  98.8731 201.0180 0030833 309.6854 180.1688 14.11560621832749
FENGYUN 1C DEB
1 31451U 99025BUP 23155.67860354  .00000536  00000-0  31852-3 0  9990
2 31451  98.8731 201.0180 0030833 309.6854 180.1688 14.11560621829925
FENGYUN 1C DEB
1 31451U 99025BUP 23156.60456513  .00000552  00000-0  32677-3 0  9996
2 31451  98.8730 201.9338 0030797 306.9568 205.6651 14.11561820830050
FENGYUN 1C DEB
1 31451U 99025BUP 23156.95283744  .00000561  00000-0  33199-3 0  9998
2 31451  98.8730 202.2782 0030794 305.9187 175.5076 14.11562273830105
FENGYUN 1C DEB
1 31451U 99025BUP 23157.36663288  .00000578  00000-0  34107-3 0  9997
2 31451  98.8730 202.6874 0030780 304.7149 118.2946 14.11562834830160
FENGYUN 1C DEB
1 31451U 99025BUP 23158.35859178  .00000609  00000-0  35805-3 0  9993
2 31451  98.8730 203.6684 0030758 301.7809 119.1906 14.11564150833123
FENGYUN 1C DEB
1 31451U 99025BUP 23158.35859178  .00000609  00000-0  35805-3 0  9993
2 31451  98.8730 203.6684 0030758 301.7809 119.1906 14.11564150830300
FENGYUN 1C DEB
1 31451U 99025BUP 23158.87717785  .00000636  00000-0  37291-3 0  9998
2 31451  98.8730 204.1813 0030751 300.2818 234.4878 14.11564953830374
FENGYUN 1C DEB
1 31451U 99025BUP 23159.06124730  .00000634  00000-0  37215-3 0  9996
2 31451  98.8730 204.3633 0030750 299.7411  89.8818 14.11565198830408
FENGYUN 1C DEB
1 31451U 99025BUP 23160.40445494  .00000625  00000-0  36707-3 0  9994
2 31451  98.8728 205.6917 0030720 295.7472  75.7736 14.11566911833404
FENGYUN 1C DEB
1 31451U 99025BUP 23160.40445494  .00000625  00000-0  36707-3 0  9994
2 31451  98.8728 205.6917 0030720 295.7472  75.7736 14.11566911830591
FENGYUN 1C DEB
1 31451U 99025BUP 23160.92318378  .00000613  00000-0  36040-3 0  9998
2 31451  98.8727 206.2047 0030708 294.2334 191.8163 14.11567605830661
FENGYUN 1C DEB
1 31451U 99025BUP 23161.39677530  .00000608  00000-0  35757-3 0  9996
2 31451  98.8726 206.6730 0030700 292.8336  78.5015 14.11568262830736
FENGYUN 1C DEB
1 31451U 99025BUP 23161.92495769  .00000600  00000-0  35325-3 0  9990
2 31451  98.8726 207.1954 0030709 291.2369 242.6414 14.11568948830804
FENGYUN 1C DEB
1 31451U 99025BUP 23162.38909556  .00000608  00000-0  35775-3 0  9992
2 31451  98.8726 207.6544 0030704 289.8600  81.2922 14.11569654830873
FENGYUN 1C DEB
1 31451U 99025BUP 23162.62956300  .00000598  00000-0  35216-3 0  9996
2 31451  98.8726 207.8922 0030703 289.1499 223.2943 14.11569960833721
FENGYUN 1C DEB
1 31451U 99025BUP 23162.91741303  .00000596  00000-0  35126-3 0  9991
2 31451  98.8726 208.1769 0030702 288.3070 246.0778 14.11570360830945
FENGYUN 1C DEB
1 31451U 99025BUP 23163.90980826  .00000598  00000-0  35223-3 0  9996
2 31451  98.8725 209.1583 0030700 285.3852 249.2056 14.11571772831080
FENGYUN 1C DEB
1 31451U 99025BUP 23164.61434858  .00000560  00000-0  33139-3 0  9997
2 31451  98.8726 209.8551 0030715 283.2952 229.5385 14.11572562831182
FENGYUN 1C DEB
1 31451U 99025BUP 23164.90207325  .00000567  00000-0  33531-3 0  9999
2 31451  98.8725 210.1397 0030703 282.4600 251.6802 14.11572970834043
FENGYUN 1C DEB
1 31451U 99025BUP 23164.90207325  .00000567  00000-0  33531-3 0  9999
2 31451  98.8725 210.1397 0030703 282.4600 251.6802 14.11572970831220
FENGYUN 1C DEB
1 31451U 99025BUP 23165.60665490  .00000571  00000-0  33758-3 0  9994
2 31451  98.8726 210.8365 0030698 280.3921 232.2028 14.11573845831327
FENGYUN 1C DEB
1 31451U 99025BUP 23165.89431003  .00000579  00000-0  34162-3 0  9994
2 31451  98.8725 211.1209 0030691 279.5561 253.9937 14.11574254831368
FENGYUN 1C DEB
1 31451U 99025BUP 23166.07861162  .00000581  00000-0  34268-3 0  9998
2 31451  98.8725 211.3032 0030690 279.0149 110.5733 14.11574503831392
FENGYUN 1C DEB
1 31451U 99025BUP 23166.94753883  .00000637  00000-0  37338-3 0  9997
2 31451  98.8724 212.1625 0030690 276.4471 206.2873 14.11575919834334
FENGYUN 1C DEB
1 31451U 99025BUP 23166.94753883  .00000637  00000-0  37338-3 0  9997
2 31451  98.8724 212.1625 0030690 276.4471 206.2873 14.11575919831511
FENGYUN 1C DEB
1 31451U 99025BUP 23167.87905072  .00000676  00000-0  39509-3 0  9994
2 31451  98.8724 213.0836 0030692 273.6985 260.0451 14.11577420831649
FENGYUN 1C DEB
1 31451U 99025BUP 23168.35290716  .00000666  00000-0  38969-3 0  9998
2 31451  98.8724 213.5522 0030696 272.3013 148.0888 14.11577983831719
FENGYUN 1C DEB
1 31451U 99025BUP 23168.58425427  .00000665  00000-0  38896-3 0  9990
2 31451  98.8723 213.7810 0030698 271.6138 243.7550 14.11578332831743
FENGYUN 1C DEB
1 31451U 99025BUP 23169.40643812  .00000665  00000-0  38908-3 0  9996
2 31451  98.8723 214.5941 0030711 269.1974 101.9263 14.11579515834678
FENGYUN 1C DEB
1 31451U 99025BUP 23169.40643812  .00000665  00000-0  38908-3 0  9996
2 31451  98.8723 214.5941 0030711 269.1974 101.9263 14.11579515831866
FENGYUN 1C DEB
1 31451U 99025BUP 23170.39882537  .00000627  00000-0  36823-3 0  9997
2 31451  98.8722 215.5755 0030728 266.2737 105.0475 14.11580739832009
FENGYUN 1C DEB
1 31451U 99025BUP 23170.92723088  .00000602  00000-0  35421-3 0  9997
2 31451  98.8722 216.0981 0030781 264.6617 270.3590 14.11581329832071
FENGYUN 1C DEB
1 31451U 99025BUP 23172.10303959  .00000574  00000-0  33913-3 0  9992
2 31451  98.8721 217.2608 0030815 261.1892 125.6107 14.11582926835066
FENGYUN 1C DEB
1 31451U 99025BUP 23172.10303959  .00000574  00000-0  33913-3 0  9992
2 31451  98.8721 217.2608 0030815 261.1892 125.6107 14.11582926832243
FENGYUN 1C DEB
1 31451U 99025BUP 23174.36818713  .00000624  00000-0  36647-3 0  9994
2 31451  98.8720 219.5006 0030879 254.5223 116.6845 14.11586308835377
FENGYUN 1C DEB
1 31451U 99025BUP 23176.59369611  .00000697  00000-0  40634-3 0  9990
2 31451  98.8720 221.7014 0030938 248.0098 266.3103 14.11589647835699
FENGYUN 1C DEB
1 31451U 99025BUP 23180.39310653  .00000579  00000-0  34139-3 0  9997
2 31451  98.8718 225.4584 0031132 236.8643 134.3102 14.11595002836222
FENGYUN 1C DEB
1 31451U 99025BUP 23183.09004796  .00000465  00000-0  27900-3 0  9997
2 31451  98.8718 228.1253 0031282 229.0258 159.7038 14.11598172836610
FENGYUN 1C DEB
1 31451U 99025BUP 23185.59551137  .00000536  00000-0  31811-3 0  9995
2 31451  98.8718 230.6029 0031425 221.7659 292.0382 14.11601086836962
FENGYUN 1C DEB
1 31451U 99025BUP 23189.39505829  .00000585  00000-0  34461-3 0  9992
2 31451  98.8716 234.3602 0031683 210.8628 160.6258 14.11605503837498
FENGYUN 1C DEB
1 31451U 99025BUP 23191.96810510  .00000443  00000-0  26694-3 0  9996
2 31451  98.8716 236.9047 0031844 203.5374 276.3471 14.11607982837861
FENGYUN 1C DEB
1 31451U 99025BUP 23194.07684329  .00000633  00000-0  37064-3 0  9992
2 31451  98.8714 238.9898 0031946 197.5100 192.5892 14.11611504838162
FENGYUN 1C DEB
1 31451U 99025BUP 23196.35080039  .00000741  00000-0  42994-3 0  9991
2 31451  98.8713 241.2382 0032133 191.0876 228.3952 14.11615032838484
FENGYUN 1C DEB
1 31451U 99025BUP 23198.98495552  .00000694  00000-0  40400-3 0  9999
2 31451  98.8712 243.8429 0032341 183.7344 294.6036 14.11618706838853
FENGYUN 1C DEB
1 31451U 99025BUP 23201.09396376  .00000662  00000-0  38639-3 0  9996
2 31451  98.8710 245.9281 0032476 177.8212 212.1796 14.11621725839154
FENGYUN 1C DEB
1 31451U 99025BUP 23205.35272198  .00000661  00000-0  38561-3 0  9997
2 31451  98.8709 250.1390 0032727 165.9179 254.4010 14.11627357836938
FENGYUN 1C DEB
1 31451U 99025BUP 23207.92716531  .00000695  00000-0  40440-3 0  9992
2 31451  98.8708 252.6844 0032893 158.8579  17.1616 14.11631560837294
FENGYUN 1C DEB
1 31451U 99025BUP 23207.92716531  .00000695  00000-0  40440-3 0  9992
2 31451  98.8708 252.6844 0032893 158.8579  17.1616 14.11631560840119
FENGYUN 1C DEB
1 31451U 99025BUP 23208.39135132  .00000668  00000-0  38951-3 0  9990
2 31451  98.8708 253.1434 0032904 157.5689 216.0733 14.11632154837364
FENGYUN 1C DEB
1 31451U 99025BUP 23210.09561464  .00000570  00000-0  33571-3 0  9996
2 31451  98.8708 254.8285 0033001 152.9103 236.7745 14.11634199840429
FENGYUN 1C DEB
1 31451U 99025BUP 23213.07273646  .00000728  00000-0  42237-3 0  9993
2 31451  98.8709 257.7722 0033120 144.7234 245.9561 14.11639186840849
FENGYUN 1C DEB
1 31451U 99025BUP 23215.92650757  .00000803  00000-0  46308-3 0  9998
2 31451  98.8707 260.5938 0033231 136.9498 348.2642 14.11643772841244
FENGYUN 1C DEB
1 31451U 99025BUP 23218.62505304  .00000687  00000-0  39978-3 0  9990
2 31451  98.8702 263.2618 0033328 129.5591  21.8297 14.11647707841627
FENGYUN 1C DEB
1 31451U 99025BUP 23220.89743573  .00000690  00000-0  40158-3 0  9990
2 31451  98.8702 265.5086 0033357 123.4290  49.6378 14.11650943841941
FENGYUN 1C DEB
1 31451U 99025BUP 23223.06722816  .00000599  00000-0  35149-3 0  9991
2 31451  98.8700 267.6539 0033404 117.4946 276.2032 14.11653029842257
FENGYUN 1C DEB
1 31451U 99025BUP 23226.92229244  .00000632  00000-0  36940-3 0  9994
2 31451  98.8697 271.4651 0033447 107.0299  67.0598 14.11658752842793
FENGYUN 1C DEB
1 31451U 99025BUP 23229.09084858  .00000640  00000-0  37416-3 0  9993
2 31451  98.8693 273.6088 0033556 100.9498 287.5608 14.11661931843101
FENGYUN 1C DEB
1 31451U 99025BUP 23231.59616655  .00000694  00000-0  40339-3 0  9994
2 31451  98.8692 276.0856 0033407  94.3319  59.0976 14.11665765843450
FENGYUN 1C DEB
1 31451U 99025BUP 23232.87559003  .00000706  00000-0  40991-3 0  9997
2 31451  98.8690 277.3505 0033411  90.7899  81.0518 14.11667608840813
FENGYUN 1C DEB
1 31451U 99025BUP 23237.10006847  .00000615  00000-0  36036-3 0  9995
2 31451  98.8687 281.5264 0033267  79.3434 309.4135 14.11673530844238
FENGYUN 1C DEB
1 31451U 99025BUP 23237.10006847  .00000615  00000-0  36036-3 0  9995
2 31451  98.8687 281.5264 0033267  79.3434 309.4135 14.11673530841415
FENGYUN 1C DEB
1 31451U 99025BUP 23238.09272163  .00000595  00000-0  34954-3 0  9994
2 31451  98.8688 282.5078 0033198  76.6345 314.0026 14.11674665841550
FENGYUN 1C DEB
1 31451U 99025BUP 23239.37519760  .00000630  00000-0  36816-3 0  9992
2 31451  98.8686 283.7754 0033181  73.1458 351.4470 14.11676410844552
FENGYUN 1C DEB
1 31451U 99025BUP 23239.37519760  .00000630  00000-0  36816-3 0  9992
2 31451  98.8686 283.7754 0033181  73.1458 351.4470 14.11676410841739
FENGYUN 1C DEB
1 31451U 99025BUP 23239.95331227  .00000601  00000-0  35261-3 0  9997
2 31451  98.8686 284.3469 0033135  71.5701  49.3862 14.11676899841819
FENGYUN 1C DEB
1 31451U 99025BUP 23240.35735225  .00000607  00000-0  35568-3 0  9995
2 31451  98.8686 284.7464 0033104  70.4722 302.6874 14.11677389841874
FENGYUN 1C DEB
1 31451U 99025BUP 23241.42056302  .00000605  00000-0  35490-3 0  9998
2 31451  98.8685 285.7974 0033063  67.5406 305.8905 14.11678473844834
FENGYUN 1C DEB
1 31451U 99025BUP 23241.42056302  .00000605  00000-0  35490-3 0  9998
2 31451  98.8685 285.7974 0033063  67.5406 305.8905 14.11678473842023
FENGYUN 1C DEB
1 31451U 99025BUP 23242.35099831  .00000624  00000-0  36538-3 0  9990
2 31451  98.8683 286.7172 0033031  64.9698 354.3444 14.11679723842151
FENGYUN 1C DEB
1 31451U 99025BUP 23242.93091613  .00000627  00000-0  36694-3 0  9990
2 31451  98.8682 287.2903 0033033  63.3926  61.4528 14.11680498842236
FENGYUN 1C DEB
1 31451U 99025BUP 23244.39757103  .00000667  00000-0  38841-3 0  9995
2 31451  98.8679 288.7400 0032920  59.3965 314.9221 14.11682800845252
FENGYUN 1C DEB
1 31451U 99025BUP 23244.39757103  .00000667  00000-0  38841-3 0  9995
2 31451  98.8679 288.7400 0032920  59.3965 314.9221 14.11682800842440
FENGYUN 1C DEB
1 31451U 99025BUP 23245.38970356  .00000664  00000-0  38716-3 0  9990
2 31451  98.8678 289.7206 0032864  56.6603 316.9306 14.11684262842585
FENGYUN 1C DEB
1 31451U 99025BUP 23247.09401243  .00000623  00000-0  36461-3 0  9994
2 31451  98.8675 291.4052 0032749  51.9429 338.2420 14.11686605845644
FENGYUN 1C DEB
1 31451U 99025BUP 23247.61386348  .00000578  00000-0  34029-3 0  9997
2 31451  98.8675 291.9190 0032724  50.5078 100.1266 14.11687017842896
FENGYUN 1C DEB
1 31451U 99025BUP 23248.08635437  .00000582  00000-0  34199-3 0  9998
2 31451  98.8674 292.3860 0032701  49.1951 341.3369 14.11687643842969
FENGYUN 1C DEB
1 31451U 99025BUP 23249.07854080  .00000599  00000-0  35133-3 0  9992
2 31451  98.8674 293.3667 0032651  46.4320 343.6633 14.11689018843103
FENGYUN 1C DEB
1 31451U 99025BUP 23249.88697477  .00000687  00000-0  39972-3 0  9999
2 31451  98.8673 294.1658 0032611  44.1846 132.1528 14.11690495843212
FENGYUN 1C DEB
1 31451U 99025BUP 23250.07082546  .00000710  00000-0  41223-3 0  9996
2 31451  98.8673 294.3474 0032591  43.6770 346.4858 14.11690889846066
FENGYUN 1C DEB
1 31451U 99025BUP 23250.59227389  .00000671  00000-0  39096-3 0  9990
2 31451  98.8673 294.8628 0032565  42.2326 116.5005 14.11691280843316
FENGYUN 1C DEB
1 31451U 99025BUP 23251.06315189  .00000718  00000-0  41648-3 0  9997
2 31451  98.8672 295.3282 0032535  40.9145 349.5314 14.11692161843385
FENGYUN 1C DEB
1 31451U 99025BUP 23252.40648764  .00000659  00000-0  38425-3 0  9997
2 31451  98.8670 296.6559 0032477  37.1844 336.4174 14.11693453846380
FENGYUN 1C DEB
1 31451U 99025BUP 23252.40648764  .00000659  00000-0  38425-3 0  9997
2 31451  98.8670 296.6559 0032477  37.1844 336.4174 14.11693453843578
FENGYUN 1C DEB
1 31451U 99025BUP 23254.39092694  .00000692  00000-0  40259-3 0  9997
2 31451  98.8669 298.6170 0032322  31.6063 341.5026 14.11696250843850
FENGYUN 1C DEB
1 31451U 99025BUP 23255.10249973  .00000696  00000-0  40463-3 0  9992
2 31451  98.8668 299.3203 0032280  29.6143 357.7725 14.11697348846771
FENGYUN 1C DEB
1 31451U 99025BUP 23255.62310278  .00000702  00000-0  40775-3 0  9990
2 31451  98.8667 299.8348 0032247  28.1544 123.5222 14.11698112844024
FENGYUN 1C DEB
1 31451U 99025BUP 23255.91083314  .00000808  00000-0  46598-3 0  9996
2 31451  98.8667 300.1191 0032232  27.3353 145.8084 14.11699230844068
FENGYUN 1C DEB
1 31451U 99025BUP 23257.08746345  .00000822  00000-0  47330-3 0  9997
2 31451  98.8665 301.2820 0032165  24.0163   5.5758 14.11701186844238
FENGYUN 1C DEB
1 31451U 99025BUP 23257.60784972  .00000848  00000-0  48741-3 0  9998
2 31451  98.8665 301.7963 0032138  22.5454 130.2419 14.11702092847125
FENGYUN 1C DEB
1 31451U 99025BUP 23257.60784972  .00000848  00000-0  48741-3 0  9998
2 31451  98.8665 301.7963 0032138  22.5454 130.2419 14.11702092844302
FENGYUN 1C DEB
1 31451U 99025BUP 23258.60079390  .00000784  00000-0  45247-3 0  9997
2 31451  98.8663 302.7776 0032091  19.7535 136.4934 14.11703173844445
FENGYUN 1C DEB
1 31451U 99025BUP 23259.87962440  .00000819  00000-0  47187-3 0  9998
2 31451  98.8661 304.0415 0032041  16.1319 155.6872 14.11705358847448
FENGYUN 1C DEB
1 31451U 99025BUP 23260.35364675  .00000877  00000-0  50355-3 0  9994
2 31451  98.8661 304.5101 0032034  14.7591  44.7661 14.11706349844692
FENGYUN 1C DEB
1 31451U 99025BUP 23260.93356689  .00000877  00000-0  50339-3 0  9996
2 31451  98.8661 305.0833 0031996  13.0665 112.0544 14.11707226844773
FENGYUN 1C DEB
1 31451U 99025BUP 23261.92586983  .00000814  00000-0  46911-3 0  9990
2 31451  98.8660 306.0638 0031923  10.2151 115.1282 14.11708493844911
FENGYUN 1C DEB
1 31451U 99025BUP 23261.92586983  .00000814  00000-0  46911-3 0  9990
2 31451  98.8660 306.0638 0031923  10.2151 115.1282 14.11708493847734
FENGYUN 1C DEB
1 31451U 99025BUP 23263.39214353  .00000832  00000-0  47870-3 0  9997
2 31451  98.8657 307.5128 0031824   6.0400   6.9897 14.11711280845128
FENGYUN 1C DEB
1 31451U 99025BUP 23265.90478618  .00000819  00000-0  47203-3 0  9997
2 31451  98.8655 309.9957 0031677 358.8370 176.7575 14.11715628845479
FENGYUN 1C DEB
1 31451U 99025BUP 23266.08863729  .00000819  00000-0  47187-3 0  9999
2 31451  98.8654 310.1773 0031667 358.3140  31.1244 14.11715965848325
FENGYUN 1C DEB
1 31451U 99025BUP 23266.37906432  .00000804  00000-0  46387-3 0  9995
2 31451  98.8655 310.4643 0031653 357.4901  67.1284 14.11716367845546
FENGYUN 1C DEB
1 31451U 99025BUP 23267.08082316  .00000798  00000-0  46024-3 0  9990
2 31451  98.8654 311.1577 0031623 355.4984  33.6006 14.11717538845647
FENGYUN 1C DEB
1 31451U 99025BUP 23268.36306806  .00001090  00000-0  61997-3 0  9997
2 31451  98.8652 312.4247 0031546 351.8388  70.2496 14.11721683848644
FENGYUN 1C DEB
1 31451U 99025BUP 23268.36306806  .00001090  00000-0  61997-3 0  9997
2 31451  98.8652 312.4247 0031546 351.8388  70.2496 14.11721683845821
FENGYUN 1C DEB
1 31451U 99025BUP 23269.58632549  .00000997  00000-0  56906-3 0  9997
2 31451  98.8648 313.6332 0031462 348.3010 167.1610 14.11723241845998
FENGYUN 1C DEB
1 31451U 99025BUP 23270.40860822  .00000972  00000-0  55530-3 0  9992
2 31451  98.8646 314.4456 0031420 345.9103  26.2358 14.11724682848922
FENGYUN 1C DEB
1 31451U 99025BUP 23270.40860822  .00000972  00000-0  55530-3 0  9992
2 31451  98.8646 314.4456 0031420 345.9103  26.2358 14.11724682846111
FENGYUN 1C DEB
1 31451U 99025BUP 23273.38541164  .00000847  00000-0  48708-3 0  9997
2 31451  98.8639 317.3868 0031275 337.2468  35.2506 14.11730311849347
FENGYUN 1C DEB
1 31451U 99025BUP 23274.61767361  .00000869  00000-0  49916-3 0  9999
2 31451  98.8637 318.6043 0031229 333.6551 178.0045 14.11733138846707
FENGYUN 1C DEB
1 31451U 99025BUP 23275.89823203  .00000914  00000-0  52380-3 0  9998
2 31451  98.8634 319.8694 0031186 329.9325 206.2159 14.11735877849703
FENGYUN 1C DEB
1 31451U 99025BUP 23275.89823203  .00000914  00000-0  52380-3 0  9998
2 31451  98.8634 319.8694 0031186 329.9325 206.2159 14.11735877846889
FENGYUN 1C DEB
1 31451U 99025BUP 23276.36216354  .00000911  00000-0  52192-3 0  9992
2 31451  98.8632 320.3277 0031163 328.5995  44.0518 14.11736676846957
FENGYUN 1C DEB
1 31451U 99025BUP 23276.95065199  .00000946  00000-0  54107-3 0  9992
2 31451  98.8632 320.9091 0031143 326.8970 154.9378 14.11737974847036
FENGYUN 1C DEB
1 31451U 99025BUP 23277.36415573  .00000978  00000-0  55878-3 0  9994
2 31451  98.8633 321.3176 0031139 325.7090  96.4878 14.11738854847091
FENGYUN 1C DEB
1 31451U 99025BUP 23278.06667192  .00001023  00000-0  58301-3 0  9994
2 31451  98.8631 322.0116 0031115 323.6767  66.9051 14.11740494850017
FENGYUN 1C DEB
1 31451U 99025BUP 23278.06667192  .00001023  00000-0  58301-3 0  9994
2 31451  98.8631 322.0116 0031115 323.6767  66.9051 14.11740494847192
FENGYUN 1C DEB
1 31451U 99025BUP 23279.92791990  .00001138  00000-0  64601-3 0  9991
2 31451  98.8630 323.8505 0031084 318.2090 166.4799 14.11745090847457
FENGYUN 1C DEB
1 31451U 99025BUP 23282.10585374  .00001075  00000-0  61179-3 0  9999
2 31451  98.8629 326.0021 0031040 311.7912  75.6244 14.11749539850582
FENGYUN 1C DEB
1 31451U 99025BUP 23282.38641021  .00001060  00000-0  60357-3 0  9992
2 31451  98.8628 326.2792 0031016 311.0183  61.4724 14.11749915847809
FENGYUN 1C DEB
1 31451U 99025BUP 23283.09870987  .00001067  00000-0  60716-3 0  9992
2 31451  98.8628 326.9831 0031014 308.9592  81.6403 14.11751671847908
FENGYUN 1C DEB
1 31451U 99025BUP 23284.61097894  .00001080  00000-0  61414-3 0  9990
2 31451  98.8627 328.4769 0030993 304.5043 207.6387 14.11755060848113
FENGYUN 1C DEB
1 31451U 99025BUP 23284.61097894  .00001080  00000-0  61414-3 0  9990
2 31451  98.8627 328.4769 0030993 304.5043 207.6387 14.11755060850936
FENGYUN 1C DEB
1 31451U 99025BUP 23285.36311413  .00001099  00000-0  62488-3 0  9991
2 31451  98.8625 329.2198 0030956 302.3267  70.2819 14.11756847848229
FENGYUN 1C DEB
1 31451U 99025BUP 23286.36515139  .00001078  00000-0  61309-3 0  9991
2 31451  98.8623 330.2097 0030943 299.4025 123.0524 14.11758845848366
FENGYUN 1C DEB
1 31451U 99025BUP 23286.88367454  .00001202  00000-0  68089-3 0  9994
2 31451  98.8621 330.7218 0030929 297.8899 238.4091 14.11760811851257
FENGYUN 1C DEB
1 31451U 99025BUP 23287.58943052  .00001121  00000-0  63633-3 0  9996
2 31451  98.8619 331.4189 0030906 295.8274 225.3660 14.11761931848537
FENGYUN 1C DEB
1 31451U 99025BUP 23288.92889009  .00001061  00000-0  60371-3 0  9995
2 31451  98.8614 332.7417 0030879 291.8871 193.1191 14.11764777848721
FENGYUN 1C DEB
1 31451U 99025BUP 23288.92889009  .00001061  00000-0  60371-3 0  9995
2 31451  98.8614 332.7417 0030879 291.8871 193.1191 14.11764777851545
FENGYUN 1C DEB
1 31451U 99025BUP 23289.40291164  .00001074  00000-0  61088-3 0  9998
2 31451  98.8614 333.2099 0030918 290.4073  82.4064 14.11766103848797
FENGYUN 1C DEB
1 31451U 99025BUP 23290.92336686  .00000963  00000-0  55036-3 0  9998
2 31451  98.8610 334.7116 0030932 285.9523 250.0668 14.11768997849005
FENGYUN 1C DEB
1 31451U 99025BUP 23291.38727432  .00000939  00000-0  53723-3 0  9996
2 31451  98.8611 335.1702 0030970 284.5766  87.8805 14.11769940851885
FENGYUN 1C DEB
1 31451U 99025BUP 23291.91545275  .00001001  00000-0  57099-3 0  9999
2 31451  98.8610 335.6918 0030972 283.0340 252.3314 14.11771523849142
FENGYUN 1C DEB
1 31451U 99025BUP 23292.61958399  .00001017  00000-0  57982-3 0  9990
2 31451  98.8607 336.3873 0030981 280.9601 231.0758 14.11773151849248
FENGYUN 1C DEB
1 31451U 99025BUP 23293.61184955  .00000931  00000-0  53258-3 0  9996
2 31451  98.8607 337.3674 0030988 278.0631 234.2412 14.11774672849382
FENGYUN 1C DEB
1 31451U 99025BUP 23293.61184955  .00000931  00000-0  53258-3 0  9996
2 31451  98.8607 337.3674 0030988 278.0631 234.2412 14.11774672852207
FENGYUN 1C DEB
1 31451U 99025BUP 23295.36603104  .00000880  00000-0  50472-3 0  9990
2 31451  98.8605 339.0999 0031000 272.9658 149.8149 14.11777498849632
FENGYUN 1C DEB
1 31451U 99025BUP 23296.41951265  .00000897  00000-0  51422-3 0  9995
2 31451  98.8604 340.1405 0031003 269.9007 104.1184 14.11779542852597
FENGYUN 1C DEB
1 31451U 99025BUP 23296.41951265  .00000897  00000-0  51422-3 0  9995
2 31451  98.8604 340.1405 0031003 269.9007 104.1184 14.11779542849784
FENGYUN 1C DEB
1 31451U 99025BUP 23298.86113156  .00000742  00000-0  42945-3 0  9994
2 31451  98.8599 342.5516 0031120 262.7511 273.6741 14.11782962852940
FENGYUN 1C DEB
1 31451U 99025BUP 23300.10734587  .00000729  00000-0  42236-3 0  9990
2 31451  98.8597 343.7823 0031149 259.1033 127.5839 14.11784995850303
FENGYUN 1C DEB
1 31451U 99025BUP 23300.97612449  .00000748  00000-0  43249-3 0  9993
2 31451  98.8596 344.6404 0031161 256.5590 223.1756 14.11786512853244
FENGYUN 1C DEB
1 31451U 99025BUP 23300.97612449  .00000748  00000-0  43249-3 0  9993
2 31451  98.8596 344.6404 0031161 256.5590 223.1756 14.11786512850421
FENGYUN 1C DEB
1 31451U 99025BUP 23301.90852546  .00000836  00000-0  48042-3 0  9995
2 31451  98.8595 345.5611 0031203 253.8697 282.0956 14.11788629850556
FENGYUN 1C DEB
1 31451U 99025BUP 23302.61256773  .00000898  00000-0  51415-3 0  9990
2 31451  98.8594 346.2564 0031262 251.8438 260.3839 14.11790250850659
FENGYUN 1C DEB
1 31451U 99025BUP 23302.67914760  .00000896  00000-0  51310-3 0  9995
2 31451  98.8593 346.3221 0031207 251.6259 238.8009 14.11790290850661
FENGYUN 1C DEB
1 31451U 99025BUP 23303.89305774  .00000947  00000-0  54136-3 0  9995
2 31451  98.8592 347.5210 0031298 248.1323 288.4981 14.11792852853652
FENGYUN 1C DEB
1 31451U 99025BUP 23303.89305774  .00000947  00000-0  54136-3 0  9995
2 31451  98.8592 347.5210 0031298 248.1323 288.4981 14.11792852850839
FENGYUN 1C DEB
1 31451U 99025BUP 23305.58958948  .00000852  00000-0  48932-3 0  9992
2 31451  98.8590 349.1963 0031358 243.2243 271.1583 14.11795454851079
FENGYUN 1C DEB
1 31451U 99025BUP 23306.06110663  .00000851  00000-0  48854-3 0  9992
2 31451  98.8589 349.6619 0031374 241.8638 147.6554 14.11796364853966
FENGYUN 1C DEB
1 31451U 99025BUP 23306.41245641  .00000882  00000-0  50566-3 0  9993
2 31451  98.8589 350.0089 0031394 240.8568 133.3938 14.11797253851195
FENGYUN 1C DEB
1 31451U 99025BUP 23306.86957428  .00000865  00000-0  49616-3 0  9990
2 31451  98.8587 350.4603 0031376 239.4605 296.7871 14.11798126851252
FENGYUN 1C DEB
1 31451U 99025BUP 23307.86185829  .00000907  00000-0  51925-3 0  9992
2 31451  98.8587 351.4402 0031419 236.5900 300.1131 14.11800386851390
FENGYUN 1C DEB
1 31451U 99025BUP 23309.38885414  .00001114  00000-0  63226-3 0  9996
2 31451  98.8585 352.9479 0031496 232.2146 141.1127 14.11805014854426
FENGYUN 1C DEB
1 31451U 99025BUP 23309.38885414  .00001114  00000-0  63226-3 0  9996
2 31451  98.8585 352.9479 0031496 232.2146 141.1127 14.11805014851614
FENGYUN 1C DEB
1 31451U 99025BUP 23309.91683513  .00001519  00000-0  85281-3 0  9995
2 31451  98.8584 353.4692 0031508 230.7090 304.5970 14.11808939851688
FENGYUN 1C DEB
1 31451U 99025BUP 23310.38096473  .00001455  00000-0  81812-3 0  9996
2 31451  98.8585 353.9275 0031569 229.4690 143.4675 14.11809872851756
FENGYUN 1C DEB
1 31451U 99025BUP 23311.38358073  .00001502  00000-0  84386-3 0  9996
2 31451  98.8586 354.9176 0031625 226.7552 199.1591 14.11812950851899
FENGYUN 1C DEB
1 31451U 99025BUP 23311.96138983  .00001386  00000-0  78024-3 0  9998
2 31451  98.8585 355.4881 0031637 225.0107 255.9996 14.11814007854795
FENGYUN 1C DEB
1 31451U 99025BUP 23311.96138983  .00001386  00000-0  78024-3 0  9998
2 31451  98.8585 355.4881 0031637 225.0107 255.9996 14.11814007851972
FENGYUN 1C DEB
1 31451U 99025BUP 23312.89353931  .00001351  00000-0  76126-3 0  9996
2 31451  98.8582 356.4085 0031667 222.3086 313.7481 14.11816607852101
FENGYUN 1C DEB
1 31451U 99025BUP 23313.88559897  .00001248  00000-0  70488-3 0  9995
2 31451  98.8580 357.3881 0031706 219.4555 315.9827 14.11818967852249
FENGYUN 1C DEB
1 31451U 99025BUP 23314.35920434  .00001272  00000-0  71804-3 0  9997
2 31451  98.8579 357.8557 0031718 218.0689 203.1527 14.11820428855139
FENGYUN 1C DEB
1 31451U 99025BUP 23314.35920434  .00001272  00000-0  71804-3 0  9997
2 31451  98.8579 357.8557 0031718 218.0689 203.1527 14.11820428852316
FENGYUN 1C DEB
1 31451U 99025BUP 23315.58273160  .00001118  00000-0  63418-3 0  9991
2 31451  98.8575 359.0638 0031771 214.5140 301.8969 14.11823082852481
FENGYUN 1C DEB
1 31451U 99025BUP 23317.39721159  .00000945  00000-0  53947-3 0  9991
2 31451  98.8571   0.8553 0031860 209.2901 164.2097 14.11826515855557
FENGYUN 1C DEB
1 31451U 99025BUP 23317.39721159  .00000945  00000-0  53947-3 0  9991
2 31451  98.8571   0.8553 0031860 209.2901 164.2097 14.11826515852745
FENGYUN 1C DEB
1 31451U 99025BUP 23319.39210831  .00000771  00000-0  44457-3 0  9996
2 31451  98.8567   2.8248 0031986 203.7125 223.3654 14.11829478853028
FENGYUN 1C DEB
1 31451U 99025BUP 23319.90945381  .00000781  00000-0  44995-3 0  9996
2 31451  98.8567   3.3356 0032025 202.3488 332.7194 14.11830479853090
FENGYUN 1C DEB
1 31451U 99025BUP 23320.09325995  .00000777  00000-0  44784-3 0  9992
2 31451  98.8567   3.5170 0032035 201.8306 186.9289 14.11830800855948
FENGYUN 1C DEB
1 31451U 99025BUP 23320.09325995  .00000777  00000-0  44784-3 0  9992
2 31451  98.8567   3.5170 0032035 201.8306 186.9289 14.11830800853126
FENGYUN 1C DEB
1 31451U 99025BUP 23320.90160799  .00000692  00000-0  40130-3 0  9998
2 31451  98.8565   4.3151 0032073 199.5687 335.4067 14.11831669853230
FENGYUN 1C DEB
1 31451U 99025BUP 23321.36602676  .00000680  00000-0  39481-3 0  9998
2 31451  98.8564   4.7736 0032095 198.2572 175.8562 14.11832296853306
FENGYUN 1C DEB
1 31451U 99025BUP 23323.93892655  .00000568  00000-0  33363-3 0  9999
2 31451  98.8561   7.3135 0032216 190.9978 292.8560 14.11834958856486
FENGYUN 1C DEB
1 31451U 99025BUP 23324.41322730  .00000612  00000-0  35766-3 0  9994
2 31451  98.8561   7.7818 0032234 189.6220 183.5735 14.11835736853733
FENGYUN 1C DEB
1 31451U 99025BUP 23324.93130965  .00000598  00000-0  34984-3 0  9992
2 31451  98.8560   8.2933 0032262 188.1796 296.7605 14.11836322853802
FENGYUN 1C DEB
1 31451U 99025BUP 23327.62992767  .00000879  00000-0  50294-3 0  9991
2 31451  98.8556  10.9572 0032402 180.6356 332.7245 14.11842167857002
FENGYUN 1C DEB
1 31451U 99025BUP 23327.62992767  .00000879  00000-0  50294-3 0  9991
2 31451  98.8556  10.9572 0032402 180.6356 332.7245 14.11842167854188
FENGYUN 1C DEB
1 31451U 99025BUP 23328.10167219  .00000873  00000-0  49995-3 0  9991
2 31451  98.8555  11.4229 0032415 179.3450 210.3838 14.11842952854255
FENGYUN 1C DEB
1 31451U 99025BUP 23329.61443830  .00001179  00000-0  66662-3 0  9994
2 31451  98.8554  12.9162 0032471 175.1398 339.1584 14.11847719854460
FENGYUN 1C DEB
1 31451U 99025BUP 23330.08602459  .00001565  00000-0  87683-3 0  9996
2 31451  98.8554  13.3819 0032477 173.8608 216.0229 14.11851482857351
FENGYUN 1C DEB
1 31451U 99025BUP 23330.08602459  .00001565  00000-0  87683-3 0  9996
2 31451  98.8554  13.3819 0032477 173.8608 216.0229 14.11851482854538
FENGYUN 1C DEB
1 31451U 99025BUP 23331.59864169  .00001158  00000-0  65534-3 0  9990
2 31451  98.8552  14.8749 0032540 169.6204 344.0952 14.11852355854748
FENGYUN 1C DEB
1 31451U 99025BUP 23332.07064389  .00001161  00000-0  65647-3 0  9999
2 31451  98.8550  15.3409 0032553 168.3139 223.0990 14.11853560857630
FENGYUN 1C DEB
1 31451U 99025BUP 23332.36016267  .00001244  00000-0  70171-3 0  9993
2 31451  98.8548  15.6265 0032582 167.4093 254.7160 14.11854845854859
FENGYUN 1C DEB
1 31451U 99025BUP 23334.92398441  .00001221  00000-0  68941-3 0  9991
2 31451  98.8544  18.1571 0032677 160.3281 325.6578 14.11861770858039
FENGYUN 1C DEB
1 31451U 99025BUP 23334.92398441  .00001221  00000-0  68941-3 0  9991
2 31451  98.8544  18.1571 0032677 160.3281 325.6578 14.11861770855216
FENGYUN 1C DEB
1 31451U 99025BUP 23336.10952705  .00002021  00000-0  11248-2 0  9998
2 31451  98.8544  19.3276 0032703 157.0962 231.3247 14.11870608858208
FENGYUN 1C DEB
1 31451U 99025BUP 23336.10952705  .00002021  00000-0  11248-2 0  9998
2 31451  98.8544  19.3276 0032703 157.0962 231.3247 14.11870608855384
FENGYUN 1C DEB
1 31451U 99025BUP 23337.10166080  .00001071  00000-0  60771-3 0  9992
2 31451  98.8544  20.3069 0032735 154.3834 233.9556 14.11867494858348
FENGYUN 1C DEB
1 31451U 99025BUP 23337.62206986  .00001162  00000-0  65721-3 0  9990
2 31451  98.8545  20.8205 0032721 152.9144 359.0513 14.11869495855599
FENGYUN 1C DEB
1 31451U 99025BUP 23338.61399674  .00001042  00000-0  59178-3 0  9993
2 31451  98.8543  21.7997 0032763 150.1909   0.6702 14.11871510855736
FENGYUN 1C DEB
1 31451U 99025BUP 23338.96253653  .00000959  00000-0  54619-3 0  9998
2 31451  98.8543  22.1438 0032773 149.2413 332.1714 14.11871957855787
FENGYUN 1C DEB
1 31451U 99025BUP 23340.07849108  .00000875  00000-0  50032-3 0  9991
2 31451  98.8543  23.2452 0032795 146.1363 244.2314 14.11874152858769
FENGYUN 1C DEB
1 31451U 99025BUP 23340.36858890  .00000816  00000-0  46851-3 0  9990
2 31451  98.8543  23.5315 0032803 145.3348 278.7070 14.11874495855986
FENGYUN 1C DEB
1 31451U 99025BUP 23341.59113931  .00000708  00000-0  40966-3 0  9997
2 31451  98.8541  24.7383 0032837 141.9477  12.5566 14.11876326856153
FENGYUN 1C DEB
1 31451U 99025BUP 23342.58406023  .00000641  00000-0  37320-3 0  9990
2 31451  98.8539  25.7184 0032849 139.2378  19.2340 14.11877648856290
FENGYUN 1C DEB
1 31451U 99025BUP 23342.58406023  .00000641  00000-0  37320-3 0  9990
2 31451  98.8539  25.7184 0032849 139.2378  19.2340 14.11877648859114
FENGYUN 1C DEB
1 31451U 99025BUP 23344.98560501  .00000484  00000-0  28774-3 0  9996
2 31451  98.8536  28.0890 0032821 132.7217 345.4398 14.11880088859457
FENGYUN 1C DEB
1 31451U 99025BUP 23344.98560501  .00000484  00000-0  28774-3 0  9996
2 31451  98.8536  28.0890 0032821 132.7217 345.4398 14.11880088856634
FENGYUN 1C DEB
1 31451U 99025BUP 23351.35210972  .00000689  00000-0  39906-3 0  9995
2 31451  98.8527  34.3720 0032923 115.0848 304.6125 14.11888363860356
FENGYUN 1C DEB
1 31451U 99025BUP 23351.35210972  .00000689  00000-0  39906-3 0  9995
2 31451  98.8527  34.3720 0032923 115.0848 304.6125 14.11888363857532
FENGYUN 1C DEB
1 31451U 99025BUP 23353.98563956  .00000731  00000-0  42208-3 0  9996
2 31451  98.8521  36.9708 0033041 107.8442  10.1296 14.11893054860727
FENGYUN 1C DEB
1 31451U 99025BUP 23353.98563956  .00000731  00000-0  42208-3 0  9996
2 31451  98.8521  36.9708 0033041 107.8442  10.1296 14.11893054857903
FENGYUN 1C DEB
1 31451U 99025BUP 23357.37676135  .00000947  00000-0  53933-3 0  9993
2 31451  98.8518  40.3177 0032939  98.5148 326.3648 14.11901186861209
FENGYUN 1C DEB
1 31451U 99025BUP 23357.60749785  .00001009  00000-0  57314-3 0  9998
2 31451  98.8519  40.5455 0032909  97.8586  59.1666 14.11902063858411
FENGYUN 1C DEB
1 31451U 99025BUP 23358.36861176  .00001019  00000-0  57843-3 0  9999
2 31451  98.8519  41.2965 0032884  95.6548 327.8426 14.11903595858523
FENGYUN 1C DEB
1 31451U 99025BUP 23359.36033744  .00001035  00000-0  58726-3 0  9991
2 31451  98.8518  42.2747 0032901  93.0534 328.4366 14.11905686858666
FENGYUN 1C DEB
1 31451U 99025BUP 23360.06281241  .00000987  00000-0  56132-3 0  9991
2 31451  98.8518  42.9678 0032887  91.1293 298.9573 14.11906952861583
FENGYUN 1C DEB
1 31451U 99025BUP 23360.06281241  .00000987  00000-0  56132-3 0  9991
2 31451  98.8518  42.9678 0032887  91.1293 298.9573 14.11906952858769
FENGYUN 1C DEB
1 31451U 99025BUP 23363.10952889  .00000788  00000-0  45281-3 0  9994
2 31451  98.8512  45.9742 0032716  82.6757 304.8735 14.11912474862015
FENGYUN 1C DEB
1 31451U 99025BUP 23363.10952889  .00000788  00000-0  45281-3 0  9994
2 31451  98.8512  45.9742 0032716  82.6757 304.8735 14.11912474859190
FENGYUN 1C DEB
1 31451U 99025BUP 23365.09409878  .00000661  00000-0  38348-3 0  9995
2 31451  98.8511  47.9328 0032637  77.1463 312.1416 14.11915647859470
FENGYUN 1C DEB
1 31451U 99025BUP 24001.37676253  .00000657  00000-0  38128-3 0  9998
2 31451  98.8511  49.1985 0032600  73.5764 351.7319 14.11917585862475
FENGYUN 1C DEB
1 31451U 99025BUP 24001.60640916  .00000642  00000-0  37332-3 0  9991
2 31451  98.8511  49.4250 0032642  72.9941  78.9370 14.11917897859689
FENGYUN 1C DEB
1 31451U 99025BUP 24002.07852885  .00000657  00000-0  38145-3 0  9992
2 31451  98.8510  49.8909 0032644  71.6817 318.6535 14.11918664859751
FENGYUN 1C DEB
1 31451U 99025BUP 24002.36852149  .00000665  00000-0  38563-3 0  9990
2 31451  98.8510  50.1771 0032690  70.9355 352.5845 14.11919063859792
FENGYUN 1C DEB
1 31451U 99025BUP 24003.07071159  .00000644  00000-0  37419-3 0  9999
2 31451  98.8510  50.8700 0032671  68.9829 321.7187 14.11919902859893
FENGYUN 1C DEB
1 31451U 99025BUP 24004.35187823  .00000628  00000-0  36593-3 0  9991
2 31451  98.8509  52.1342 0032658  65.5165 353.6200 14.11921505862895
FENGYUN 1C DEB
1 31451U 99025BUP 24004.35187823  .00000628  00000-0  36593-3 0  9991
2 31451  98.8509  52.1342 0032658  65.5165 353.6200 14.11921505860073
FENGYUN 1C DEB
1 31451U 99025BUP 24007.63031564  .00000649  00000-0  37733-3 0  9995
2 31451  98.8514  55.3710 0032448  56.2720  97.6391 14.11926213860532
FENGYUN 1C DEB
1 31451U 99025BUP 24007.63031564  .00000649  00000-0  37733-3 0  9995
2 31451  98.8514  55.3710 0032448  56.2720  97.6391 14.11926213863355
FENGYUN 1C DEB
1 31451U 99025BUP 24009.38456115  .00000645  00000-0  37479-3 0  9995
2 31451  98.8507  57.1012 0032396  51.4329  14.2323 14.11928534860788
FENGYUN 1C DEB
1 31451U 99025BUP 24010.08612411  .00000675  00000-0  39125-3 0  9990
2 31451  98.8506  57.7935 0032362  49.4424 340.2419 14.11929622863705
FENGYUN 1C DEB
1 31451U 99025BUP 24010.08612411  .00000675  00000-0  39125-3 0  9990
2 31451  98.8506  57.7935 0032362  49.4424 340.2419 14.11929622860881
FENGYUN 1C DEB
1 31451U 99025BUP 24011.59851889  .00000833  00000-0  47715-3 0  9991
2 31451  98.8501  59.2852 0032297  45.2288 107.6044 14.11932698861090
FENGYUN 1C DEB
1 31451U 99025BUP 24012.59122932  .00000920  00000-0  52451-3 0  9992
2 31451  98.8498  60.2644 0032260  42.4000 113.5305 14.11934735861233
FENGYUN 1C DEB
1 31451U 99025BUP 24012.59122932  .00000920  00000-0  52451-3 0  9992
2 31451  98.8498  60.2644 0032260  42.4000 113.5305 14.11934735864056
FENGYUN 1C DEB
1 31451U 99025BUP 24016.10922159  .00001023  00000-0  58051-3 0  9999
2 31451  98.8496  63.7358 0031995  32.1795 355.6795 14.11942764864553
FENGYUN 1C DEB
1 31451U 99025BUP 24016.10922159  .00001023  00000-0  58051-3 0  9999
2 31451  98.8496  63.7358 0031995  32.1795 355.6795 14.11942764861730
FENGYUN 1C DEB
1 31451U 99025BUP 24018.09375219  .00001024  00000-0  58135-3 0  9992
2 31451  98.8495  65.6939 0031928  26.5978   3.0227 14.11947603862014
FENGYUN 1C DEB
1 31451U 99025BUP 24019.08583193  .00001027  00000-0  58254-3 0  9999
2 31451  98.8495  66.6728 0031909  23.9517   5.6189 14.11949923864979
FENGYUN 1C DEB
1 31451U 99025BUP 24019.08583193  .00001027  00000-0  58254-3 0  9999
2 31451  98.8495  66.6728 0031909  23.9517   5.6189 14.11949923862157
FENGYUN 1C DEB
1 31451U 99025BUP 24019.95427378  .00001001  00000-0  56858-3 0  9997
2 31451  98.8494  67.5297 0031870  21.4804  99.9418 14.11951665862276
FENGYUN 1C DEB
1 31451U 99025BUP 24020.07790205  .00000995  00000-0  56537-3 0  9999
2 31451  98.8494  67.6516 0031867  21.1542   8.3238 14.11951902862293
FENGYUN 1C DEB
1 31451U 99025BUP 24023.99265344  .00000981  00000-0  55767-3 0  9993
2 31451  98.8484  71.5134 0031651  10.2145 107.0240 14.11959899865668
FENGYUN 1C DEB
1 31451U 99025BUP 24023.99265344  .00000981  00000-0  55767-3 0  9993
2 31451  98.8484  71.5134 0031651  10.2145 107.0240 14.11959899862845
FENGYUN 1C DEB
1 31451U 99025BUP 24028.60562862  .00000866  00000-0  49499-3 0  9998
2 31451  98.8478  76.0648 0031514 356.8986 155.3663 14.11968723863491
FENGYUN 1C DEB
1 31451U 99025BUP 24028.60562862  .00000866  00000-0  49499-3 0  9998
2 31451  98.8478  76.0648 0031514 356.8986 155.3663 14.11968723866315
FENGYUN 1C DEB
1 31451U 99025BUP 24028.95378681  .00000856  00000-0  48997-3 0  9991
2 31451  98.8475  76.4079 0031474 356.1167 124.8817 14.11969313863543
FENGYUN 1C DEB
1 31451U 99025BUP 24029.07776914  .00000854  00000-0  48876-3 0  9990
2 31451  98.8475  76.5303 0031466 355.7381  35.1229 14.11969519863569
FENGYUN 1C DEB
1 31451U 99025BUP 24031.06178049  .00000792  00000-0  45480-3 0  9996
2 31451  98.8473  78.4876 0031366 350.0138  40.1499 14.11972540866667
FENGYUN 1C DEB
1 31451U 99025BUP 24031.06178049  .00000792  00000-0  45480-3 0  9996
2 31451  98.8473  78.4876 0031366 350.0138  40.1499 14.11972540863844
FENGYUN 1C DEB
1 31451U 99025BUP 24036.37305882  .00000773  00000-0  44467-3 0  9995
2 31451  98.8466  83.7273 0031109 334.5046  38.4657 14.11981016867406
FENGYUN 1C DEB
1 31451U 99025BUP 24036.37305882  .00000773  00000-0  44467-3 0  9995
2 31451  98.8466  83.7273 0031109 334.5046  38.4657 14.11981016864593
FENGYUN 1C DEB
1 31451U 99025BUP 24037.37521130  .00000839  00000-0  48061-3 0  9999
2 31451  98.8466  84.7157 0031092 331.6026  92.6072 14.11983006864732
FENGYUN 1C DEB
1 31451U 99025BUP 24038.35714075  .00000912  00000-0  52006-3 0  9996
2 31451  98.8462  85.6847 0031079 328.8235  43.8921 14.11984981864878
FENGYUN 1C DEB
1 31451U 99025BUP 24039.42030846  .00001054  00000-0  59759-3 0  9992
2 31451  98.8459  86.7336 0031045 325.8300  48.1158 14.11987608867830
FENGYUN 1C DEB
1 31451U 99025BUP 24039.42030846  .00001054  00000-0  59759-3 0  9992
2 31451  98.8459  86.7336 0031045 325.8300  48.1158 14.11987608865029
FENGYUN 1C DEB
1 31451U 99025BUP 24043.10771302  .00001001  00000-0  56862-3 0  9995
2 31451  98.8452  90.3710 0030959 315.0137  72.1935 14.11995264868368
FENGYUN 1C DEB
1 31451U 99025BUP 24043.10771302  .00001001  00000-0  56862-3 0  9995
2 31451  98.8452  90.3710 0030959 315.0137  72.1935 14.11995264865545
FENGYUN 1C DEB
1 31451U 99025BUP 24045.61244448  .00001229  00000-0  69245-3 0  9990
2 31451  98.8450  92.8416 0030938 307.6562 204.5005 14.12002516865896
FENGYUN 1C DEB
1 31451U 99025BUP 24045.61244448  .00001229  00000-0  69245-3 0  9990
2 31451  98.8450  92.8416 0030938 307.6562 204.5005 14.12002516868710
FENGYUN 1C DEB
1 31451U 99025BUP 24045.90044544  .00001240  00000-0  69844-3 0  9995
2 31451  98.8450  93.1258 0030948 306.7899 228.5198 14.12003239865935
FENGYUN 1C DEB
1 31451U 99025BUP 24046.60488440  .00001167  00000-0  65887-3 0  9991
2 31451  98.8451  93.8208 0030889 304.7880 209.3382 14.12004422866039
FENGYUN 1C DEB
1 31451U 99025BUP 24047.59690789  .00001034  00000-0  58640-3 0  9993
2 31451  98.8449  94.7994 0030883 301.8802 212.1084 14.12005897866177
FENGYUN 1C DEB
1 31451U 99025BUP 24048.06846978  .00001001  00000-0  56862-3 0  9997
2 31451  98.8448  95.2645 0030878 300.5021  89.2051 14.12006714869065
FENGYUN 1C DEB
1 31451U 99025BUP 24048.35798906  .00001071  00000-0  60670-3 0  9995
2 31451  98.8448  95.5501 0030874 299.6534 120.9259 14.12007696866286
FENGYUN 1C DEB
1 31451U 99025BUP 24049.41146508  .00001107  00000-0  62606-3 0  9999
2 31451  98.8445  96.5891 0030875 296.5553  76.1054 14.12010306866438
FENGYUN 1C DEB
1 31451U 99025BUP 24050.40354277  .00001052  00000-0  59620-3 0  9995
2 31451  98.8443  97.5677 0030872 293.6324  79.1889 14.12012249869384
FENGYUN 1C DEB
1 31451U 99025BUP 24051.39547654  .00000914  00000-0  52092-3 0  9999
2 31451  98.8443  98.5462 0030907 290.6884  81.5679 14.12013627866713
FENGYUN 1C DEB
1 31451U 99025BUP 24052.91571388  .00000769  00000-0  44223-3 0  9994
2 31451  98.8439 100.0456 0030940 286.1980 249.5088 14.12016074866926
FENGYUN 1C DEB
1 31451U 99025BUP 24052.91571388  .00000769  00000-0  44223-3 0  9994
2 31451  98.8439 100.0456 0030940 286.1980 249.5088 14.12016074869749
FENGYUN 1C DEB
1 31451U 99025BUP 24053.37922671  .00000751  00000-0  43252-3 0  9992
2 31451  98.8438 100.5027 0030921 284.8548  85.6955 14.12016839866996
FENGYUN 1C DEB
1 31451U 99025BUP 24053.96765344  .00000706  00000-0  40808-3 0  9993
2 31451  98.8436 101.0830 0030935 283.1248 196.8871 14.12017664867075
FENGYUN 1C DEB
1 31451U 99025BUP 24054.61174587  .00000775  00000-0  44524-3 0  9994
2 31451  98.8435 101.7182 0030907 281.2497 231.0314 14.12019122867160
FENGYUN 1C DEB
1 31451U 99025BUP 24054.89976877  .00000745  00000-0  42898-3 0  9995
2 31451  98.8434 102.0023 0030910 280.4105 255.1530 14.12019416867206
FENGYUN 1C DEB
1 31451U 99025BUP 24055.36373218  .00000822  00000-0  47067-3 0  9997
2 31451  98.8433 102.4599 0030912 279.0552  93.6459 14.12020548870082
FENGYUN 1C DEB
1 31451U 99025BUP 24055.36373218  .00000822  00000-0  47067-3 0  9997
2 31451  98.8433 102.4599 0030912 279.0552  93.6459 14.12020548867279
FENGYUN 1C DEB
1 31451U 99025BUP 24055.89195104  .00000838  00000-0  47950-3 0  9999
2 31451  98.8432 102.9808 0030922 277.5145 258.7721 14.12021446867340
FENGYUN 1C DEB
1 31451U 99025BUP 24056.07573507  .00000844  00000-0  48286-3 0  9997
2 31451  98.8432 103.1621 0030925 276.9749 113.0163 14.12021776867374
FENGYUN 1C DEB
1 31451U 99025BUP 24056.94429692  .00000882  00000-0  50377-3 0  9994
2 31451  98.8430 104.0187 0030936 274.4322 208.2422 14.12023323867499
FENGYUN 1C DEB
1 31451U 99025BUP 24058.86826963  .00000812  00000-0  46528-3 0  9995
2 31451  98.8427 105.9162 0030977 268.7876 268.5469 14.12026102870585
FENGYUN 1C DEB
1 31451U 99025BUP 24058.86826963  .00000812  00000-0  46528-3 0  9995
2 31451  98.8427 105.9162 0030977 268.7876 268.5469 14.12026102867761
FENGYUN 1C DEB
1 31451U 99025BUP 24060.98250299  .00000667  00000-0  38662-3 0  9992
2 31451  98.8425 108.0013 0031091 262.5860 216.0440 14.12028949870886
FENGYUN 1C DEB
1 31451U 99025BUP 24060.98250299  .00000667  00000-0  38662-3 0  9992
2 31451  98.8425 108.0013 0031091 262.5860 216.0440 14.12028949868063
FENGYUN 1C DEB
1 31451U 99025BUP 24063.09069765  .00000661  00000-0  38306-3 0  9992
2 31451  98.8421 110.0804 0031102 256.4358 132.8306 14.12032163871183
FENGYUN 1C DEB
1 31451U 99025BUP 24063.61078394  .00000684  00000-0  39581-3 0  9999
2 31451  98.8420 110.5933 0031088 254.9171 256.6388 14.12033004868433
FENGYUN 1C DEB
1 31451U 99025BUP 24064.36284197  .00000751  00000-0  43195-3 0  9993
2 31451  98.8419 111.3349 0031128 252.7233 119.6561 14.12034474868546
FENGYUN 1C DEB
1 31451U 99025BUP 24064.95136667  .00000715  00000-0  41233-3 0  9997
2 31451  98.8418 111.9153 0031175 251.0163 231.3574 14.12035047868622
FENGYUN 1C DEB
1 31451U 99025BUP 24065.36467772  .00000740  00000-0  42635-3 0  9992
2 31451  98.8417 112.3229 0031179 249.8080 172.3911 14.12035800868689
FENGYUN 1C DEB
1 31451U 99025BUP 24065.36467772  .00000740  00000-0  42635-3 0  9992
2 31451  98.8417 112.3229 0031179 249.8080 172.3911 14.12035800871504
FENGYUN 1C DEB
1 31451U 99025BUP 24067.40960348  .00000871  00000-0  49731-3 0  9995
2 31451  98.8412 114.3395 0031260 243.8710 127.5819 14.12039757868971
FENGYUN 1C DEB
1 31451U 99025BUP 24067.40960348  .00000871  00000-0  49731-3 0  9995
2 31451  98.8412 114.3395 0031260 243.8710 127.5819 14.12039757871784
FENGYUN 1C DEB
1 31451U 99025BUP 24069.11297734  .00000771  00000-0  44270-3 0  9999
2 31451  98.8408 116.0192 0031348 238.9291 146.5433 14.12042334869212
FENGYUN 1C DEB
1 31451U 99025BUP 24070.10531331  .00000741  00000-0  42633-3 0  9992
2 31451  98.8407 116.9978 0031406 236.0613 150.9998 14.12044068872174
FENGYUN 1C DEB
1 31451U 99025BUP 24070.62588024  .00000704  00000-0  40625-3 0  9998
2 31451  98.8407 117.5112 0031434 234.5467 277.2701 14.12044819869425
FENGYUN 1C DEB
1 31451U 99025BUP 24072.61005096  .00000672  00000-0  38911-3 0  9991
2 31451  98.8404 119.4677 0031525 228.8211 283.6451 14.12047859872528
FENGYUN 1C DEB
1 31451U 99025BUP 24072.89794036  .00000667  00000-0  38632-3 0  9994
2 31451  98.8403 119.7516 0031545 228.0001 307.0998 14.12048230869744
FENGYUN 1C DEB
1 31451U 99025BUP 24073.60240042  .00000704  00000-0  40638-3 0  9998
2 31451  98.8402 120.4462 0031575 225.9646 288.1753 14.12049466869847
FENGYUN 1C DEB
1 31451U 99025BUP 24073.95040806  .00000698  00000-0  40315-3 0  9996
2 31451  98.8400 120.7891 0031591 224.9615 257.2469 14.12049881869894
FENGYUN 1C DEB
1 31451U 99025BUP 24074.94272314  .00000699  00000-0  40356-3 0  9993
2 31451  98.8398 121.7676 0031638 222.1080 261.6061 14.12051245870032
FENGYUN 1C DEB
1 31451U 99025BUP 24074.94272314  .00000699  00000-0  40356-3 0  9993
2 31451  98.8398 121.7676 0031638 222.1080 261.6061 14.12051245872854
FENGYUN 1C DEB
1 31451U 99025BUP 24075.35539646  .00000709  00000-0  40908-3 0  9998
2 31451  98.8397 122.1744 0031657 220.9149 199.4078 14.12051859870098
FENGYUN 1C DEB
1 31451U 99025BUP 24078.63305365  .00000641  00000-0  37199-3 0  9994
2 31451  98.8390 125.4060 0031862 211.5297 301.1364 14.12056316870550
FENGYUN 1C DEB
1 31451U 99025BUP 24078.63305365  .00000641  00000-0  37199-3 0  9994
2 31451  98.8390 125.4060 0031862 211.5297 301.1364 14.12056316873373
FENGYUN 1C DEB
1 31451U 99025BUP 24082.08098598  .00001038  00000-0  58764-3 0  9997
2 31451  98.8383 128.8053 0032054 201.7358 188.4407 14.12064256873867
FENGYUN 1C DEB
1 31451U 99025BUP 24082.37110047  .00001025  00000-0  58024-3 0  9998
2 31451  98.8383 129.0913 0032070 200.9068 223.2244 14.12064669871089
FENGYUN 1C DEB
1 31451U 99025BUP 24083.36275527  .00001209  00000-0  68009-3 0  9991
2 31451  98.8381 130.0688 0032126 198.0933 224.2425 14.12067551871229
FENGYUN 1C DEB
1 31451U 99025BUP 24084.58579684  .00001718  00000-0  95646-3 0  9999
2 31451  98.8379 131.2745 0032187 194.6107 321.5395 14.12073655874216
FENGYUN 1C DEB
1 31451U 99025BUP 24084.87306690  .00003169  00000-0  17436-2 0  9998
2 31451  98.8380 131.5577 0032166 193.8065 341.8774 14.12083433871437
FENGYUN 1C DEB
1 31451U 99025BUP 24084.87306690  .00003169  00000-0  17436-2 0  9998
2 31451  98.8380 131.5577 0032166 193.8065 341.8774 14.12083433874250
FENGYUN 1C DEB
1 31451U 99025BUP 24085.34632036  .00001702  00000-0  94753-3 0  9996
2 31451  98.8380 132.0242 0032224 192.5035 227.5910 14.12076002874327
FENGYUN 1C DEB
1 31451U 99025BUP 24085.92611404  .00001876  00000-0  10419-2 0  9994
2 31451  98.8378 132.5957 0032255 190.8605 294.9577 14.12078705871584
FENGYUN 1C DEB
1 31451U 99025BUP 24087.39191523  .00001399  00000-0  78334-3 0  9993
2 31451  98.8369 134.0408 0032429 186.7302 186.3063 14.12080381874606
FENGYUN 1C DEB
1 31451U 99025BUP 24087.39191523  .00001399  00000-0  78334-3 0  9993
2 31451  98.8369 134.0408 0032429 186.7302 186.3063 14.12080381871793
FENGYUN 1C DEB
1 31451U 99025BUP 24089.37587873  .00001151  00000-0  64842-3 0  9995
2 31451  98.8370 135.9965 0032523 181.2110 191.6844 14.12085105872072
FENGYUN 1C DEB
1 31451U 99025BUP 24089.96403073  .00001201  00000-0  67572-3 0  9998
2 31451  98.8370 136.5763 0032557 179.5824 301.5240 14.12086977872153
FENGYUN 1C DEB
1 31451U 99025BUP 24089.96403073  .00001201  00000-0  67572-3 0  9998
2 31451  98.8370 136.5763 0032557 179.5824 301.5240 14.12086977874975
FENGYUN 1C DEB
1 31451U 99025BUP 24090.36794331  .00001165  00000-0  65617-3 0  9991
2 31451  98.8369 136.9745 0032576 178.4471 194.8106 14.12087834872216
FENGYUN 1C DEB
1 31451U 99025BUP 24091.60013709  .00000919  00000-0  52274-3 0  9993
2 31451  98.8368 138.1892 0032652 175.0387 338.6065 14.12089161872381
FENGYUN 1C DEB
1 31451U 99025BUP 24091.94842771  .00000906  00000-0  51552-3 0  9993
2 31451  98.8369 138.5325 0032658 174.1180 309.0828 14.12089699872435
FENGYUN 1C DEB
1 31451U 99025BUP 24092.36157733  .00000888  00000-0  50583-3 0  9999
2 31451  98.8367 138.9397 0032672 172.9065 249.3786 14.12090274875310
FENGYUN 1C DEB
1 31451U 99025BUP 24092.36157733  .00000888  00000-0  50583-3 0  9999
2 31451  98.8367 138.9397 0032672 172.9065 249.3786 14.12090274872496
FENGYUN 1C DEB
1 31451U 99025BUP 24093.41449541  .00000851  00000-0  48549-3 0  9996
2 31451  98.8365 139.9778 0032711 170.0015 201.8387 14.12091891872649
FENGYUN 1C DEB
1 31451U 99025BUP 24094.40684208  .00000800  00000-0  45796-3 0  9992
2 31451  98.8363 140.9559 0032772 167.2796 206.3774 14.12093346875591
FENGYUN 1C DEB
1 31451U 99025BUP 24094.40684208  .00000800  00000-0  45796-3 0  9992
2 31451  98.8363 140.9559 0032772 167.2796 206.3774 14.12093346872789
FENGYUN 1C DEB
1 31451U 99025BUP 24094.86382542  .00000730  00000-0  41986-3 0  9997
2 31451  98.8362 141.4063 0032798 165.9887   9.4623 14.12093540872846
FENGYUN 1C DEB
1 31451U 99025BUP 24096.39079538  .00000622  00000-0  36134-3 0  9994
2 31451  98.8359 142.9114 0032883 161.7731 211.7655 14.12095323873061
FENGYUN 1C DEB
1 31451U 99025BUP 24097.62254565  .00000588  00000-0  34254-3 0  9998
2 31451  98.8357 144.1255 0032941 158.3933 353.3168 14.12097000873235
FENGYUN 1C DEB
1 31451U 99025BUP 24097.62254565  .00000588  00000-0  34254-3 0  9998
2 31451  98.8357 144.1255 0032941 158.3933 353.3168 14.12097000876058
FENGYUN 1C DEB
1 31451U 99025BUP 24098.61456169  .00000606  00000-0  35225-3 0  9992
2 31451  98.8355 145.1033 0032976 155.6705 356.1933 14.12098383873374
FENGYUN 1C DEB
1 31451U 99025BUP 24099.60664831  .00000645  00000-0  37377-3 0  9992
2 31451  98.8353 146.0811 0033021 152.9254 359.4574 14.12099930873519
FENGYUN 1C DEB
1 31451U 99025BUP 24099.89472381  .00000647  00000-0  37479-3 0  9995
2 31451  98.8352 146.3649 0033037 152.0819  23.9352 14.12100356876374
FENGYUN 1C DEB
1 31451U 99025BUP 24099.95482703  .00000647  00000-0  37475-3 0  9997
2 31451  98.8352 146.4242 0033038 151.9155 329.4696 14.12100431873563
FENGYUN 1C DEB
1 31451U 99025BUP 24100.59882029  .00000672  00000-0  38848-3 0  9998
2 31451  98.8352 147.0589 0033056 150.1595   3.1822 14.12101449873650
FENGYUN 1C DEB
1 31451U 99025BUP 24100.88668201  .00000675  00000-0  38970-3 0  9993
2 31451  98.8351 147.3426 0033076 149.3480  26.5429 14.12101866873696
FENGYUN 1C DEB
1 31451U 99025BUP 24101.59178432  .00000673  00000-0  38880-3 0  9992
2 31451  98.8349 148.0375 0033112 147.4236  10.9065 14.12102881873795
FENGYUN 1C DEB
1 31451U 99025BUP 24101.87860175  .00000688  00000-0  39681-3 0  9991
2 31451  98.8348 148.3202 0033125 146.6294  28.9454 14.12103358873831
FENGYUN 1C DEB
1 31451U 99025BUP 24102.06259514  .00000698  00000-0  40251-3 0  9998
2 31451  98.8348 148.5014 0033141 146.1404 244.2573 14.12103703876685
FENGYUN 1C DEB
1 31451U 99025BUP 24102.41366162  .00000691  00000-0  39830-3 0  9999
2 31451  98.8348 148.8475 0033150 145.1733 228.9026 14.12104172873919
FENGYUN 1C DEB
1 31451U 99025BUP 24106.10091917  .00000953  00000-0  54033-3 0  9995
2 31451  98.8340 152.4814 0033272 135.1138 253.0204 14.12112053877257
FENGYUN 1C DEB
1 31451U 99025BUP 24106.62119499  .00000981  00000-0  55553-3 0  9997
2 31451  98.8339 152.9941 0033286 133.6959  17.8404 14.12113189874504
FENGYUN 1C DEB
1 31451U 99025BUP 24107.37360088  .00001244  00000-0  69824-3 0  9991
2 31451  98.8339 153.7356 0033299 131.6553 242.6914 14.12116284874610
FENGYUN 1C DEB
1 31451U 99025BUP 24107.96156429  .00001432  00000-0  80018-3 0  9995
2 31451  98.8339 154.3151 0033315 130.0012 351.6659 14.12118854874692
FENGYUN 1C DEB
1 31451U 99025BUP 24108.37553424  .00001646  00000-0  91622-3 0  9997
2 31451  98.8339 154.7231 0033298 129.0108 295.9573 14.12121306877570
FENGYUN 1C DEB
1 31451U 99025BUP 24108.37553424  .00001646  00000-0  91622-3 0  9997
2 31451  98.8339 154.7231 0033298 129.0108 295.9573 14.12121306874757
FENGYUN 1C DEB
1 31451U 99025BUP 24108.95348675  .00001578  00000-0  87900-3 0  9999
2 31451  98.8335 155.2923 0033362 127.1655 354.2630 14.12122360874838
FENGYUN 1C DEB
1 31451U 99025BUP 24109.07730931  .00001568  00000-0  87359-3 0  9990
2 31451  98.8334 155.4144 0033367 126.8189 263.7278 14.12122627874857
FENGYUN 1C DEB
1 31451U 99025BUP 24110.06924351  .00001659  00000-0  92275-3 0  9996
2 31451  98.8333 156.3918 0033391 124.0855 266.2913 14.12125901874999
FENGYUN 1C DEB
1 31451U 99025BUP 24111.06122395  .00002114  00000-0  11695-2 0  9998
2 31451  98.8331 157.3693 0033403 121.3787 269.0939 14.12132480877954
FENGYUN 1C DEB
1 31451U 99025BUP 24111.06122395  .00002114  00000-0  11695-2 0  9998
2 31451  98.8331 157.3693 0033403 121.3787 269.0939 14.12132480875132
FENGYUN 1C DEB
1 31451U 99025BUP 24115.09948771  .00001874  00000-0  10392-2 0  9994
2 31451  98.8325 161.3486 0033413 110.5391 277.8499 14.12148984878522
FENGYUN 1C DEB
1 31451U 99025BUP 24115.09948771  .00001874  00000-0  10392-2 0  9994
2 31451  98.8325 161.3486 0033413 110.5391 277.8499 14.12148984875709
FENGYUN 1C DEB
1 31451U 99025BUP 24116.09166038  .00001950  00000-0  10803-2 0  9995
2 31451  98.8324 162.3264 0033393 107.8020 281.7337 14.12153910875843
FENGYUN 1C DEB
1 31451U 99025BUP 24116.95981663  .00002023  00000-0  11194-2 0  9995
2 31451  98.8321 163.1818 0033446 105.3135  15.2601 14.12157900875963
FENGYUN 1C DEB
1 31451U 99025BUP 24117.36357251  .00001734  00000-0  96333-3 0  9998
2 31451  98.8323 163.5798 0033371 104.3926 267.6393 14.12158034878839
FENGYUN 1C DEB
1 31451U 99025BUP 24117.60396024  .00001714  00000-0  95237-3 0  9996
2 31451  98.8322 163.8164 0033368 103.8174  49.6119 14.12158922876055
FENGYUN 1C DEB
1 31451U 99025BUP 24119.06769302  .00001770  00000-0  98261-3 0  9993
2 31451  98.8312 165.2587 0033358  99.9374 290.6439 14.12164378876263
FENGYUN 1C DEB
1 31451U 99025BUP 24119.87541822  .00001356  00000-0  75800-3 0  9991
2 31451  98.8313 166.0547 0033337  97.7247  76.8759 14.12165694879197
FENGYUN 1C DEB
1 31451U 99025BUP 24119.87541822  .00001356  00000-0  75800-3 0  9991
2 31451  98.8313 166.0547 0033337  97.7247  76.8759 14.12165694876374
FENGYUN 1C DEB
1 31451U 99025BUP 24121.40217295  .00000972  00000-0  54990-3 0  9997
2 31451  98.8310 167.5592 0033370  93.5085 278.4878 14.12169027876598
FENGYUN 1C DEB
1 31451U 99025BUP 24123.62603516  .00000831  00000-0  47389-3 0  9996
2 31451  98.8311 169.7502 0033326  87.4304  63.9693 14.12172459876901
FENGYUN 1C DEB
1 31451U 99025BUP 24123.62603516  .00000831  00000-0  47389-3 0  9996
2 31451  98.8311 169.7502 0033326  87.4304  63.9693 14.12172459879724
FENGYUN 1C DEB
1 31451U 99025BUP 24124.37847331  .00000853  00000-0  48589-3 0  9991
2 31451  98.8312 170.4918 0033255  85.3865 289.1473 14.12174266877011
FENGYUN 1C DEB
1 31451U 99025BUP 24126.08202861  .00000863  00000-0  49108-3 0  9993
2 31451  98.8310 172.1703 0033211  80.7232 309.5721 14.12177328880074
FENGYUN 1C DEB
1 31451U 99025BUP 24126.37208543  .00000889  00000-0  50497-3 0  9999
2 31451  98.8310 172.4561 0033201  79.9423 344.1315 14.12177841877294
FENGYUN 1C DEB
1 31451U 99025BUP 24126.88988477  .00000872  00000-0  49576-3 0  9994
2 31451  98.8309 172.9663 0033187  78.5286  96.4867 14.12178572877364
FENGYUN 1C DEB
1 31451U 99025BUP 24127.36363635  .00000941  00000-0  53320-3 0  9990
2 31451  98.8308 173.4331 0033173  77.2286 344.9241 14.12179770877438
FENGYUN 1C DEB
1 31451U 99025BUP 24129.40835142  .00000996  00000-0  56317-3 0  9993
2 31451  98.8305 175.4477 0033099  71.6453 299.7415 14.12183548880532
FENGYUN 1C DEB
1 31451U 99025BUP 24129.40835142  .00000996  00000-0  56317-3 0  9993
2 31451  98.8305 175.4477 0033099  71.6453 299.7415 14.12183548877729
FENGYUN 1C DEB
1 31451U 99025BUP 24130.40058355  .00001035  00000-0  58442-3 0  9994
2 31451  98.8304 176.4253 0033054  68.9216 304.0273 14.12185738877868
FENGYUN 1C DEB
1 31451U 99025BUP 24131.39254586  .00001330  00000-0  74375-3 0  9998
2 31451  98.8303 177.4026 0033000  66.2044 306.9431 14.12189362878008
FENGYUN 1C DEB
1 31451U 99025BUP 24133.37640410  .00002676  00000-0  14721-2 0  9995
2 31451  98.8301 179.3573 0032911  60.7041 312.6031 14.12205377881098
FENGYUN 1C DEB
1 31451U 99025BUP 24133.61613740  .00002413  00000-0  13302-2 0  9991
2 31451  98.8301 179.5935 0032911  60.0437  91.3704 14.12204951878310
FENGYUN 1C DEB
1 31451U 99025BUP 24133.96416760  .00002459  00000-0  13546-2 0  9992
2 31451  98.8300 179.9364 0032914  59.0746  60.7201 14.12206906878362
FENGYUN 1C DEB
1 31451U 99025BUP 24134.36818240  .00002363  00000-0  13028-2 0  9995
2 31451  98.8300 180.3345 0032872  57.9561 314.6829 14.12208309878425
FENGYUN 1C DEB
1 31451U 99025BUP 24136.42291539  .00002196  00000-0  12122-2 0  9998
2 31451  98.8298 182.3587 0032766  52.2994 320.7220 14.12218146881529
FENGYUN 1C DEB
1 31451U 99025BUP 24136.42291539  .00002196  00000-0  12122-2 0  9998
2 31451  98.8298 182.3587 0032766  52.2994 320.7220 14.12218146878716
FENGYUN 1C DEB
1 31451U 99025BUP 24137.87178397  .00001841  00000-0  10202-2 0  9997
2 31451  98.8297 183.7861 0032646  48.2997 126.6620 14.12223484878910
FENGYUN 1C DEB
1 31451U 99025BUP 24137.87178397  .00001841  00000-0  10202-2 0  9997
2 31451  98.8297 183.7861 0032646  48.2997 126.6620 14.12223484881734
FENGYUN 1C DEB
1 31451U 99025BUP 24142.38472404  .00001614  00000-0  89741-3 0  9998
2 31451  98.8299 188.2325 0032201  35.6481  30.4890 14.12240480882373
FENGYUN 1C DEB
1 31451U 99025BUP 24142.38472404  .00001614  00000-0  89741-3 0  9998
2 31451  98.8299 188.2325 0032201  35.6481  30.4890 14.12240480879559
FENGYUN 1C DEB
1 31451U 99025BUP 24144.36779028  .00001318  00000-0  73674-3 0  9999
2 31451  98.8289 190.1863 0032211  30.1568  32.4253 14.12246141879830
FENGYUN 1C DEB
1 31451U 99025BUP 24145.87793319  .00001397  00000-0  77985-3 0  9991
2 31451  98.8285 191.6738 0032154  25.9532 150.0600 14.12250686882861
FENGYUN 1C DEB
1 31451U 99025BUP 24145.93855502  .00001390  00000-0  77594-3 0  9990
2 31451  98.8284 191.7334 0032177  25.7750  98.2738 14.12250846880050
FENGYUN 1C DEB
1 31451U 99025BUP 24146.41284517  .00001274  00000-0  71286-3 0  9999
2 31451  98.8282 192.2007 0032075  24.4480 349.5991 14.12251976880120
FENGYUN 1C DEB
1 31451U 99025BUP 24150.62041160  .00000565  00000-0  32942-3 0  9990
2 31451  98.8270 196.3468 0031751  12.6510 141.2603 14.12259319880717
FENGYUN 1C DEB
1 31451U 99025BUP 24150.62041160  .00000565  00000-0  32942-3 0  9990
2 31451  98.8270 196.3468 0031751  12.6510 141.2603 14.12259319883530
FENGYUN 1C DEB
1 31451U 99025BUP 24151.09174711  .00000809  00000-0  46161-3 0  9990
2 31451  98.8276 196.8108 0031731  11.2698  17.6346 14.12260350880783
FENGYUN 1C DEB
1 31451U 99025BUP 24151.95996622  .00001011  00000-0  57054-3 0  9997
2 31451  98.8277 197.6659 0031696   8.8219 111.7748 14.12263266880900
FENGYUN 1C DEB
1 31451U 99025BUP 24152.60413442  .00001006  00000-0  56790-3 0  9994
2 31451  98.8280 198.2999 0031571   6.9314 146.8850 14.12264349880990
FENGYUN 1C DEB
1 31451U 99025BUP 24153.59671417  .00000786  00000-0  44896-3 0  9999
2 31451  98.8284 199.2775 0031503   4.0276 153.3916 14.12264296881132
FENGYUN 1C DEB
1 31451U 99025BUP 24153.59671417  .00000808  00000-0  46078-3 0  9998
2 31451  98.8283 199.2775 0031507   4.0362 153.3834 14.12264438883950
FENGYUN 1C DEB
1 31451U 99025BUP 24154.58796479  .00000812  00000-0  46316-3 0  9994
2 31451  98.8283 200.2539 0031413   1.1980 153.0815 14.12265863881273
FENGYUN 1C DEB
1 31451U 99025BUP 24157.63472309  .00000992  00000-0  56031-3 0  9990
2 31451  98.8279 203.2559 0031295 352.4403 163.4334 14.12272205884523
FENGYUN 1C DEB
1 31451U 99025BUP 24157.92199528  .00000981  00000-0  55469-3 0  9993
2 31451  98.8279 203.5389 0031274 351.6042 183.9992 14.12272726881740
FENGYUN 1C DEB
1 31451U 99025BUP 24158.38579094  .00000993  00000-0  56092-3 0  9990
2 31451  98.8279 203.9958 0031242 350.2604  22.0510 14.12273758881813
FENGYUN 1C DEB
1 31451U 99025BUP 24160.36954786  .00001116  00000-0  62778-3 0  9992
2 31451  98.8278 205.9499 0031116 344.5172  27.9780 14.12278781882095
FENGYUN 1C DEB
1 31451U 99025BUP 24160.89747247  .00001063  00000-0  59881-3 0  9994
2 31451  98.8277 206.4700 0031083 342.9772 192.0974 14.12279613884980
FENGYUN 1C DEB
1 31451U 99025BUP 24160.89747247  .00001063  00000-0  59881-3 0  9994
2 31451  98.8277 206.4700 0031083 342.9772 192.0974 14.12279613882168
FENGYUN 1C DEB
1 31451U 99025BUP 24161.60160295  .00001150  00000-0  64596-3 0  9992
2 31451  98.8277 207.1636 0031038 340.9330 172.0925 14.12281630882269
FENGYUN 1C DEB
1 31451U 99025BUP 24161.94971128  .00001159  00000-0  65101-3 0  9996
2 31451  98.8277 207.5066 0031028 339.9288 141.9676 14.12282452882316
FENGYUN 1C DEB
1 31451U 99025BUP 24163.41585206  .00001102  00000-0  62002-3 0  9993
2 31451  98.8276 208.9509 0030943 335.6648  36.2602 14.12285406882520
FENGYUN 1C DEB
1 31451U 99025BUP 24163.41585206  .00001102  00000-0  62002-3 0  9993
2 31451  98.8276 208.9509 0030943 335.6648  36.2602 14.12285406885332
FENGYUN 1C DEB
1 31451U 99025BUP 24165.39933633  .00000892  00000-0  50636-3 0  9998
2 31451  98.8274 210.9048 0030831 329.8262  40.9770 14.12288752882808
FENGYUN 1C DEB
1 31451U 99025BUP 24166.63153635  .00000824  00000-0  46982-3 0  9996
2 31451  98.8274 212.1187 0030782 326.2132 185.9070 14.12291134882977
FENGYUN 1C DEB
1 31451U 99025BUP 24166.91955380  .00000808  00000-0  46067-3 0  9990
2 31451  98.8273 212.4024 0030771 325.4220 210.2358 14.12291673883011
FENGYUN 1C DEB
1 31451U 99025BUP 24167.62366155  .00000829  00000-0  47206-3 0  9994
2 31451  98.8272 213.0960 0030739 323.3626 190.1625 14.12293222883113
FENGYUN 1C DEB
1 31451U 99025BUP 24167.91131817  .00000841  00000-0  47898-3 0  9992
2 31451  98.8272 213.3793 0030728 322.5243 212.7073 14.12293927883158
FENGYUN 1C DEB
1 31451U 99025BUP 24168.61517725  .00000823  00000-0  46905-3 0  9994
2 31451  98.8272 214.0727 0030699 320.4639 191.3742 14.12295089883253
FENGYUN 1C DEB
1 31451U 99025BUP 24168.90331554  .00000832  00000-0  47395-3 0  9994
2 31451  98.8273 214.3566 0030692 319.6153 216.3781 14.12295693883298
FENGYUN 1C DEB
1 31451U 99025BUP 24169.95524486  .00000784  00000-0  44811-3 0  9994
2 31451  98.8272 215.3929 0030635 316.4950 164.8070 14.12297285883442
FENGYUN 1C DEB
1 31451U 99025BUP 24170.88691317  .00000736  00000-0  42201-3 0  9994
2 31451  98.8272 216.3107 0030604 313.7726 221.7443 14.12298512883573
FENGYUN 1C DEB
1 31451U 99025BUP 24172.06260681  .00000662  00000-0  38174-3 0  9994
2 31451  98.8272 217.4689 0030570 310.3407  79.3971 14.12299939886560
FENGYUN 1C DEB
1 31451U 99025BUP 24172.06260681  .00000662  00000-0  38174-3 0  9994
2 31451  98.8272 217.4689 0030570 310.3407  79.3971 14.12299939883747
FENGYUN 1C DEB
1 31451U 99025BUP 24172.87069866  .00000713  00000-0  40959-3 0  9996
2 31451  98.8272 218.2649 0030545 307.9178 228.0994 14.12301547883850
FENGYUN 1C DEB
1 31451U 99025BUP 24176.10041922  .00000660  00000-0  38058-3 0  9997
2 31451  98.8272 221.4466 0030491 298.3496  89.3640 14.12306306887138
FENGYUN 1C DEB
1 31451U 99025BUP 24176.10041922  .00000660  00000-0  38058-3 0  9997
2 31451  98.8272 221.4466 0030491 298.3496  89.3640 14.12306306884315
FENGYUN 1C DEB
1 31451U 99025BUP 24177.90073321  .00000801  00000-0  45698-3 0  9999
2 31451  98.8271 223.2202 0030476 293.0168 242.9403 14.12309548884565
FENGYUN 1C DEB
1 31451U 99025BUP 24180.93685392  .00001044  00000-0  58815-3 0  9998
2 31451  98.8272 226.2112 0030448 284.0765 199.8965 14.12315862884997
FENGYUN 1C DEB
1 31451U 99025BUP 24180.93685392  .00001044  00000-0  58815-3 0  9998
2 31451  98.8272 226.2112 0030448 284.0765 199.8965 14.12315862887811
FENGYUN 1C DEB
1 31451U 99025BUP 24181.86797593  .00001105  00000-0  62111-3 0  9990
2 31451  98.8271 227.1284 0030457 281.2619 254.2121 14.12317987885129
FENGYUN 1C DEB
1 31451U 99025BUP 24182.40279689  .00001053  00000-0  59302-3 0  9992
2 31451  98.8272 227.6553 0030492 279.5670  93.6073 14.12318892885206
FENGYUN 1C DEB
1 31451U 99025BUP 24183.39452892  .00001035  00000-0  58343-3 0  9994
2 31451  98.8270 228.6322 0030486 276.6453  96.0348 14.12321119888154
FENGYUN 1C DEB
1 31451U 99025BUP 24183.39452892  .00001035  00000-0  58343-3 0  9994
2 31451  98.8270 228.6322 0030486 276.6453  96.0348 14.12321119885342
FENGYUN 1C DEB
1 31451U 99025BUP 24185.61818955  .00000853  00000-0  48481-3 0  9996
2 31451  98.8268 230.8225 0030476 270.1490 242.1351 14.12325484888479
FENGYUN 1C DEB
1 31451U 99025BUP 24185.90613784  .00000867  00000-0  49264-3 0  9996
2 31451  98.8268 231.1063 0030485 269.2955 266.2129 14.12326365885698
FENGYUN 1C DEB
1 31451U 99025BUP 24186.61009760  .00000810  00000-0  46157-3 0  9994
2 31451  98.8269 231.7998 0030502 267.2087 245.5044 14.12327691885796
FENGYUN 1C DEB
1 31451U 99025BUP 24187.08171780  .00000837  00000-0  47660-3 0  9997
2 31451  98.8269 232.2644 0030510 265.8242 123.4504 14.12328819885862
FENGYUN 1C DEB
1 31451U 99025BUP 24188.88175068  .00000777  00000-0  44390-3 0  9999
2 31451  98.8270 234.0375 0030573 260.4649 275.7782 14.12331884888932
FENGYUN 1C DEB
1 31451U 99025BUP 24188.88175068  .00000777  00000-0  44390-3 0  9999
2 31451  98.8270 234.0375 0030573 260.4649 275.7782 14.12331884886110
FENGYUN 1C DEB
1 31451U 99025BUP 24190.86541551  .00000802  00000-0  45734-3 0  9996
2 31451  98.8267 235.9914 0030640 254.5860 281.7854 14.12335574886396
FENGYUN 1C DEB
1 31451U 99025BUP 24190.99553424  .00000798  00000-0  45507-3 0  9994
2 31451  98.8266 236.1197 0030623 254.2153 223.3629 14.12335723889238
FENGYUN 1C DEB
1 31451U 99025BUP 24191.40000772  .00000726  00000-0  41651-3 0  9991
2 31451  98.8265 236.5181 0030612 253.0357 119.9040 14.12335999886470
FENGYUN 1C DEB
1 31451U 99025BUP 24192.63250809  .00000728  00000-0  41734-3 0  9999
2 31451  98.8265 237.7322 0030697 249.4024 266.5870 14.12338188886645
FENGYUN 1C DEB
1 31451U 99025BUP 24193.62351438  .00000722  00000-0  41378-3 0  9997
2 31451  98.8265 238.7084 0030748 246.4809 265.3931 14.12339862886786
FENGYUN 1C DEB
1 31451U 99025BUP 24193.91163839  .00000741  00000-0  42405-3 0  9998
2 31451  98.8265 238.9922 0030773 245.6404 290.3607 14.12340358889647
FENGYUN 1C DEB
1 31451U 99025BUP 24193.91163839  .00000741  00000-0  42405-3 0  9998
2 31451  98.8265 238.9922 0030773 245.6404 290.3607 14.12340358889647
FENGYUN 1C DEB
1 31451U 99025BUP 24194.37549162  .00000780  00000-0  44524-3 0  9993
2 31451  98.8265 239.4491 0030773 244.2776 128.8359 14.12341311886894
FENGYUN 1C DEB
1 31451U 99025BUP 24194.90336236  .00000792  00000-0  45190-3 0  9991
2 31451  98.8264 239.9691 0030797 242.7121 292.8265 14.12342209886966
FENGYUN 1C DEB
1 31451U 99025BUP 24195.60729781  .00000855  00000-0  48561-3 0  9995
2 31451  98.8264 240.6625 0030824 240.6718 271.9842 14.12343685887062
FENGYUN 1C DEB
1 31451U 99025BUP 24195.95538403  .00000971  00000-0  54851-3 0  9990
2 31451  98.8265 241.0054 0030835 239.6689 241.8234 14.12344886887112
FENGYUN 1C DEB
1 31451U 99025BUP 24196.07921838  .00000976  00000-0  55142-3 0  9991
2 31451  98.8264 241.1273 0030840 239.3067 151.4631 14.12345142889955
FENGYUN 1C DEB
1 31451U 99025BUP 24196.88693019  .00000980  00000-0  55357-3 0  9990
2 31451  98.8264 241.9229 0030872 236.9357 298.3083 14.12346486887248
FENGYUN 1C DEB
1 31451U 99025BUP 24197.42168860  .00001035  00000-0  58331-3 0  9999
2 31451  98.8264 242.4497 0030913 235.3608 137.3190 14.12347756887320
FENGYUN 1C DEB
1 31451U 99025BUP 24197.87867409  .00000915  00000-0  51805-3 0  9998
2 31451  98.8264 242.8998 0030933 234.0308 300.8736 14.12347907887382
FENGYUN 1C DEB
1 31451U 99025BUP 24202.10031281  .00001194  00000-0  66854-3 0  9992
2 31451  98.8263 247.0583 0031189 221.7814 165.9743 14.12359520890800
FENGYUN 1C DEB
1 31451U 99025BUP 24202.10031281  .00001194  00000-0  66854-3 0  9992
2 31451  98.8263 247.0583 0031189 221.7814 165.9743 14.12359520887985
FENGYUN 1C DEB
1 31451U 99025BUP 24202.90858468  .00001339  00000-0  74709-3 0  9993
2 31451  98.8263 247.8545 0031236 219.4534 315.6699 14.12362502888098
FENGYUN 1C DEB
1 31451U 99025BUP 24203.38299979  .00001296  00000-0  72355-3 0  9999
2 31451  98.8263 248.3218 0031283 218.0876 207.8578 14.12363584888164
FENGYUN 1C DEB
1 31451U 99025BUP 24204.08426128  .00001401  00000-0  78015-3 0  9992
2 31451  98.8263 249.0125 0031324 216.0751 173.4552 14.12366047888263
FENGYUN 1C DEB
1 31451U 99025BUP 24206.06826535  .00001484  00000-0  82482-3 0  9992
2 31451  98.8262 250.9669 0031454 210.3785 181.2460 14.12371742891362
FENGYUN 1C DEB
1 31451U 99025BUP 24206.06826535  .00001484  00000-0  82482-3 0  9992
2 31451  98.8262 250.9669 0031454 210.3785 181.2460 14.12371742888548
FENGYUN 1C DEB
1 31451U 99025BUP 24207.05987986  .00001303  00000-0  72707-3 0  9999
2 31451  98.8261 251.9436 0031512 207.5322 183.1814 14.12373215888686
FENGYUN 1C DEB
1 31451U 99025BUP 24208.40246692  .00000960  00000-0  54201-3 0  9998
2 31451  98.8260 253.2661 0031611 203.6914 169.6632 14.12374693888873
FENGYUN 1C DEB
1 31451U 99025BUP 24208.40246692  .00000960  00000-0  54201-3 0  9998
2 31451  98.8260 253.2661 0031611 203.6914 169.6632 14.12374693891686
FENGYUN 1C DEB
1 31451U 99025BUP 24209.63403990  .00000898  00000-0  50867-3 0  9994
2 31451  98.8258 254.4792 0031706 200.1822 311.6818 14.12377174889045
FENGYUN 1C DEB
1 31451U 99025BUP 24210.62592726  .00000841  00000-0  47784-3 0  9993
2 31451  98.8255 255.4560 0031788 197.3321 315.0304 14.12378804892006
FENGYUN 1C DEB
1 31451U 99025BUP 24210.62592726  .00000841  00000-0  47784-3 0  9993
2 31451  98.8255 255.4560 0031788 197.3321 315.0304 14.12378804889181
FENGYUN 1C DEB
1 31451U 99025BUP 24212.60949328  .00001124  00000-0  63040-3 0  9995
2 31451  98.8252 257.4092 0031927 191.7649 320.5597 14.12384288889465
FENGYUN 1C DEB
1 31451U 99025BUP 24212.89739581  .00001117  00000-0  62667-3 0  9990
2 31451  98.8253 257.6929 0031958 190.9975 344.3712 14.12384599892321
FENGYUN 1C DEB
1 31451U 99025BUP 24212.89739581  .00001117  00000-0  62667-3 0  9990
2 31451  98.8253 257.6929 0031958 190.9975 344.3712 14.12384599889507
FENGYUN 1C DEB
1 31451U 99025BUP 24213.60145315  .00000996  00000-0  56153-3 0  9993
2 31451  98.8255 258.3864 0032006 189.0301 324.1784 14.12385147889608
FENGYUN 1C DEB
1 31451U 99025BUP 24214.88066736  .00001023  00000-0  57571-3 0  9990
2 31451  98.8257 259.6469 0032064 185.4038 348.4585 14.12387665889780
FENGYUN 1C DEB
1 31451U 99025BUP 24215.41541413  .00001103  00000-0  61881-3 0  9998
2 31451  98.8258 260.1739 0032088 183.8401 187.4755 14.12388958892678
FENGYUN 1C DEB
1 31451U 99025BUP 24215.41541413  .00001103  00000-0  61881-3 0  9998
2 31451  98.8258 260.1739 0032088 183.8401 187.4755 14.12388958889865
FENGYUN 1C DEB
1 31451U 99025BUP 24215.87277785  .00001137  00000-0  63706-3 0  9991
2 31451  98.8257 260.6244 0032118 182.5530 352.9792 14.12390133889928
FENGYUN 1C DEB
1 31451U 99025BUP 24216.40747472  .00001090  00000-0  61171-3 0  9998
2 31451  98.8258 261.1512 0032161 181.0745 191.6632 14.12390941890002
FENGYUN 1C DEB
1 31451U 99025BUP 24217.39944397  .00001126  00000-0  63138-3 0  9997
2 31451  98.8257 262.1282 0032229 178.3093 195.3966 14.12393467890148
FENGYUN 1C DEB
1 31451U 99025BUP 24219.10242118  .00001103  00000-0  61890-3 0  9998
2 31451  98.8256 263.8056 0032322 173.5751 214.3081 14.12397840893205
FENGYUN 1C DEB
1 31451U 99025BUP 24219.10242118  .00001103  00000-0  61890-3 0  9998
2 31451  98.8256 263.8056 0032322 173.5751 214.3081 14.12397840890381
FENGYUN 1C DEB
1 31451U 99025BUP 24219.97063838  .00001072  00000-0  60187-3 0  9996
2 31451  98.8254 264.6607 0032371 171.1511 308.8419 14.12399980890507
FENGYUN 1C DEB
1 31451U 99025BUP 24222.07811521  .00001534  00000-0  85130-3 0  9999
2 31451  98.8251 266.7364 0032491 165.2742 224.5376 14.12408251893624
FENGYUN 1C DEB
1 31451U 99025BUP 24222.36813751  .00001636  00000-0  90614-3 0  9994
2 31451  98.8251 267.0220 0032507 164.4601 259.1944 14.12409450890840
FENGYUN 1C DEB
1 31451U 99025BUP 24223.35948212  .00001643  00000-0  90977-3 0  9995
2 31451  98.8250 267.9984 0032577 161.7183 259.7941 14.12412483890985
FENGYUN 1C DEB
1 31451U 99025BUP 24223.93840456  .00001939  00000-0  10693-2 0  9994
2 31451  98.8250 268.5687 0032595 160.1373 323.3796 14.12416216891060
FENGYUN 1C DEB
1 31451U 99025BUP 24224.41214242  .00002181  00000-0  11995-2 0  9992
2 31451  98.8250 269.0353 0032599 158.8143 212.1739 14.12419138893946
FENGYUN 1C DEB
1 31451U 99025BUP 24224.86942762  .00002605  00000-0  14279-2 0  9995
2 31451  98.8249 269.4857 0032622 157.5456  17.3142 14.12423461891199
FENGYUN 1C DEB
1 31451U 99025BUP 24225.40439819  .00002144  00000-0  11798-2 0  9991
2 31451  98.8249 270.0126 0032658 156.0623 217.4520 14.12422971891272
FENGYUN 1C DEB
1 31451U 99025BUP 24227.38746378  .00002637  00000-0  14452-2 0  9998
2 31451  98.8247 271.9657 0032753 150.6088 220.7014 14.12437073894367
FENGYUN 1C DEB
1 31451U 99025BUP 24227.38746378  .00002637  00000-0  14452-2 0  9998
2 31451  98.8247 271.9657 0032753 150.6088 220.7014 14.12437073891555
FENGYUN 1C DEB
1 31451U 99025BUP 24227.91551418  .00002006  00000-0  11048-2 0  9994
2 31451  98.8248 272.4857 0032817 149.1876  25.6370 14.12439058891623
FENGYUN 1C DEB
1 31451U 99025BUP 24228.37973537  .00001957  00000-0  10786-2 0  9997
2 31451  98.8250 272.9430 0032833 147.9102 226.0662 14.12441602891690
FENGYUN 1C DEB
1 31451U 99025BUP 24230.37338172  .00001989  00000-0  10954-2 0  9992
2 31451  98.8250 274.9068 0032893 142.4171 283.2164 14.12450473894793
FENGYUN 1C DEB
1 31451U 99025BUP 24230.37338172  .00001989  00000-0  10954-2 0  9992
2 31451  98.8250 274.9068 0032893 142.4171 283.2164 14.12450473891970
FENGYUN 1C DEB
1 31451U 99025BUP 24231.07478101  .00002306  00000-0  12662-2 0  9999
2 31451  98.8247 275.5976 0032921 140.5006 249.6393 14.12454263892072
FENGYUN 1C DEB
1 31451U 99025BUP 24232.41767286  .00001939  00000-0  10684-2 0  9996
2 31451  98.8245 276.9198 0032926 137.1795 237.5461 14.12458678895072
FENGYUN 1C DEB
1 31451U 99025BUP 24232.41767286  .00001939  00000-0  10684-2 0  9996
2 31451  98.8245 276.9198 0032926 137.1795 237.5461 14.12458678892260
FENGYUN 1C DEB
1 31451U 99025BUP 24233.92702637  .00001910  00000-0  10523-2 0  9993
2 31451  98.8237 278.4066 0033015 132.8273 352.4833 14.12465516892477
FENGYUN 1C DEB
1 31451U 99025BUP 24235.39269012  .00001674  00000-0  92548-3 0  9996
2 31451  98.8231 279.8500 0033073 128.7797 245.1081 14.12470641892689
FENGYUN 1C DEB
1 31451U 99025BUP 24235.39269012  .00001674  00000-0  92548-3 0  9996
2 31451  98.8231 279.8500 0033073 128.7797 245.1081 14.12470641895491
FENGYUN 1C DEB
1 31451U 99025BUP 24235.92023288  .00001562  00000-0  86493-3 0  9996
2 31451  98.8232 280.3697 0033074 127.4188  47.4731 14.12472084892751
FENGYUN 1C DEB
1 31451U 99025BUP 24236.62426619  .00001255  00000-0  69966-3 0  9994
2 31451  98.8233 281.0631 0033068 125.4703  27.3652 14.12473376892857
FENGYUN 1C DEB
1 31451U 99025BUP 24237.37598993  .00001230  00000-0  68618-3 0  9998
2 31451  98.8235 281.8033 0033082 123.4262 249.7234 14.12475291892963
FENGYUN 1C DEB
1 31451U 99025BUP 24237.96381112  .00001211  00000-0  67590-3 0  9993
2 31451  98.8233 282.3821 0033101 121.8574 358.6444 14.12476599893047
FENGYUN 1C DEB
1 31451U 99025BUP 24237.96381112  .00001211  00000-0  67590-3 0  9993
2 31451  98.8233 282.3821 0033101 121.8574 358.6444 14.12476599895869
FENGYUN 1C DEB
1 31451U 99025BUP 24238.36772444  .00001297  00000-0  72234-3 0  9995
2 31451  98.8238 282.7798 0033076 120.7405 252.4794 14.12477593893102
FENGYUN 1C DEB
1 31451U 99025BUP 24238.89527861  .00001192  00000-0  66530-3 0  9990
2 31451  98.8233 283.2995 0033098 119.3167  54.9789 14.12478507893177
FENGYUN 1C DEB
1 31451U 99025BUP 24239.36935510  .00001273  00000-0  70922-3 0  9997
2 31451  98.8237 283.7663 0033087 117.9866 305.6076 14.12480143893248
FENGYUN 1C DEB
1 31451U 99025BUP 24240.87885289  .00001392  00000-0  77299-3 0  9998
2 31451  98.8234 285.2530 0033111 113.8189  61.1956 14.12484767896279
FENGYUN 1C DEB
1 31451U 99025BUP 24240.87885289  .00001392  00000-0  77299-3 0  9998
2 31451  98.8234 285.2530 0033111 113.8189  61.1956 14.12484767893456
FENGYUN 1C DEB
1 31451U 99025BUP 24241.41371378  .00001516  00000-0  83973-3 0  9992
2 31451  98.8233 285.7797 0033120 112.3642 260.8748 14.12486976893533
FENGYUN 1C DEB
1 31451U 99025BUP 24241.87057749  .00001568  00000-0  86785-3 0  9996
2 31451  98.8234 286.2298 0033102 111.1178  63.9565 14.12488526893595
FENGYUN 1C DEB
1 31451U 99025BUP 24242.92337098  .00001657  00000-0  91560-3 0  9997
2 31451  98.8232 287.2665 0033108 108.2399  17.2660 14.12492170896568
FENGYUN 1C DEB
1 31451U 99025BUP 24242.92337098  .00001657  00000-0  91560-3 0  9997
2 31451  98.8232 287.2665 0033108 108.2399  17.2660 14.12492170893745
FENGYUN 1C DEB
1 31451U 99025BUP 24244.38895435  .00002422  00000-0  13274-2 0  9999
2 31451  98.8233 288.7101 0033020 104.3473 269.4894 14.12502528893952
FENGYUN 1C DEB
1 31451U 99025BUP 24244.91656256  .00001788  00000-0  98619-3 0  9995
2 31451  98.8232 289.2295 0033035 102.8852  72.3229 14.12499959894026
FENGYUN 1C DEB
1 31451U 99025BUP 24245.38057316  .00001843  00000-0  10156-2 0  9990
2 31451  98.8231 289.6864 0033040 101.6104 271.7776 14.12501985896908
FENGYUN 1C DEB
1 31451U 99025BUP 24245.38057316  .00001843  00000-0  10156-2 0  9990
2 31451  98.8231 289.6864 0033040 101.6104 271.7776 14.12501985894096
FENGYUN 1C DEB
1 31451U 99025BUP 24246.09217992  .00001849  00000-0  10188-2 0  9998
2 31451  98.8230 290.3872 0033030  99.6704 290.2280 14.12504697894194
FENGYUN 1C DEB
1 31451U 99025BUP 24246.90004770  .00002072  00000-0  11389-2 0  9999
2 31451  98.8230 291.1829 0032975  97.5136  78.1173 14.12508827894304
FENGYUN 1C DEB
1 31451U 99025BUP 24247.36410551  .00002105  00000-0  11565-2 0  9991
2 31451  98.8228 291.6396 0033011  96.2064 277.8550 14.12510652894376
FENGYUN 1C DEB
1 31451U 99025BUP 24247.95195781  .00002346  00000-0  12862-2 0  9999
2 31451  98.8225 292.2184 0032993  94.5953  27.0551 14.12514467894454
FENGYUN 1C DEB
1 31451U 99025BUP 24249.35670434  .00002235  00000-0  12262-2 0  9999
2 31451  98.8223 293.6019 0032988  90.7361 330.1383 14.12519116894658
FENGYUN 1C DEB
1 31451U 99025BUP 24251.40130144  .00002444  00000-0  13383-2 0  9994
2 31451  98.8216 295.6149 0032977  85.1752 286.8518 14.12529270897759
FENGYUN 1C DEB
1 31451U 99025BUP 24251.40130144  .00002444  00000-0  13383-2 0  9994
2 31451  98.8216 295.6149 0032977  85.1752 286.8518 14.12529270894947
FENGYUN 1C DEB
1 31451U 99025BUP 24253.10439057  .00002428  00000-0  13297-2 0  9994
2 31451  98.8210 297.2916 0032975  80.5109 307.0974 14.12537410895188
FENGYUN 1C DEB
1 31451U 99025BUP 24253.97250181  .00002456  00000-0  13448-2 0  9997
2 31451  98.8209 298.1467 0032971  78.1675  41.4498 14.12542130898126
FENGYUN 1C DEB
1 31451U 99025BUP 24253.97250181  .00002456  00000-0  13448-2 0  9997
2 31451  98.8209 298.1467 0032971  78.1675  41.4498 14.12542130895303
FENGYUN 1C DEB
1 31451U 99025BUP 24255.60800375  .00002468  00000-0  13511-2 0  9999
2 31451  98.8213 299.7574 0032779  73.6758  78.0969 14.12549572895533
FENGYUN 1C DEB
1 31451U 99025BUP 24256.36985049  .00002454  00000-0  13434-2 0  9994
2 31451  98.8214 300.5074 0032739  71.5879 352.1525 14.12552743898460
FENGYUN 1C DEB
1 31451U 99025BUP 24256.36985049  .00002454  00000-0  13434-2 0  9994
2 31451  98.8214 300.5074 0032739  71.5879 352.1525 14.12552743895647
FENGYUN 1C DEB
1 31451U 99025BUP 24258.41418182  .00003232  00000-0  17615-2 0  9991
2 31451  98.8217 302.5210 0032552  65.9248 307.8787 14.12565975898746
FENGYUN 1C DEB
1 31451U 99025BUP 24258.41418182  .00003232  00000-0  17615-2 0  9991
2 31451  98.8217 302.5210 0032552  65.9248 307.8787 14.12565975895934
FENGYUN 1C DEB
1 31451U 99025BUP 24258.93175063  .00002359  00000-0  12919-2 0  9997
2 31451  98.8222 303.0305 0032499  64.3846  59.9022 14.12565384896008
FENGYUN 1C DEB
1 31451U 99025BUP 24259.92363603  .00002267  00000-0  12428-2 0  9999
2 31451  98.8219 304.0074 0032473  61.6780  63.7733 14.12569876896144
FENGYUN 1C DEB
1 31451U 99025BUP 24259.92363603  .00002267  00000-0  12428-2 0  9999
2 31451  98.8219 304.0074 0032473  61.6780  63.7733 14.12569876898966
FENGYUN 1C DEB
1 31451U 99025BUP 24261.38901912  .00003727  00000-0  20271-2 0  9990
2 31451  98.8214 305.4502 0032445  57.6952 315.4678 14.12581979896351
FENGYUN 1C DEB
1 31451U 99025BUP 24261.38901912  .00003727  00000-0  20271-2 0  9990
2 31451  98.8214 305.4502 0032445  57.6952 315.4678 14.12581979899163
FENGYUN 1C DEB
1 31451U 99025BUP 24263.09202271  .00001190  00000-0  66326-3 0  9996
2 31451  98.8207 307.1272 0032380  52.9837 335.5736 14.12577955899411
FENGYUN 1C DEB
1 31451U 99025BUP 24263.38306925  .00001214  00000-0  67635-3 0  9990
2 31451  98.8207 307.4138 0032368  52.1657  15.6208 14.12578877896638
FENGYUN 1C DEB
1 31451U 99025BUP 24264.60383073  .00001393  00000-0  77245-3 0  9991
2 31451  98.8208 308.6152 0032325  48.7836 103.4643 14.12582505896802
FENGYUN 1C DEB
1 31451U 99025BUP 24264.95187594  .00001363  00000-0  75622-3 0  9993
2 31451  98.8205 308.9577 0032266  47.8000  73.3747 14.12583334896856
FENGYUN 1C DEB
1 31451U 99025BUP 24265.35556234  .00001392  00000-0  77174-3 0  9995
2 31451  98.8203 309.3552 0032245  46.6776 326.2189 14.12584615899728
FENGYUN 1C DEB
1 31451U 99025BUP 24265.59599194  .00001276  00000-0  70963-3 0  9993
2 31451  98.8202 309.5919 0032237  46.0102 108.8608 14.12584602896941
FENGYUN 1C DEB
1 31451U 99025BUP 24266.35651771  .00001240  00000-0  69021-3 0  9992
2 31451  98.8201 310.3405 0032193  43.8880  16.3343 14.12586464897059
FENGYUN 1C DEB
1 31451U 99025BUP 24266.87507017  .00001193  00000-0  66515-3 0  9994
2 31451  98.8199 310.8511 0032169  42.4388 133.3143 14.12587528897127
FENGYUN 1C DEB
1 31451U 99025BUP 24269.39301216  .00001408  00000-0  78036-3 0  9997
2 31451  98.8196 313.3300 0032010  35.3782 337.7927 14.12595014900294
FENGYUN 1C DEB
1 31451U 99025BUP 24269.39301216  .00001408  00000-0  78036-3 0  9997
2 31451  98.8196 313.3300 0032010  35.3782 337.7927 14.12595014897480
FENGYUN 1C DEB
1 31451U 99025BUP 24270.38469588  .00001511  00000-0  83577-3 0  9996
2 31451  98.8195 314.3064 0031956  32.5659 340.8420 14.12597997897628
FENGYUN 1C DEB
1 31451U 99025BUP 24271.37624740  .00001439  00000-0  79696-3 0  9995
2 31451  98.8194 315.2823 0031903  29.7917 343.1882 14.12599960897762
FENGYUN 1C DEB
1 31451U 99025BUP 24272.60772306  .00001462  00000-0  80964-3 0  9990
2 31451  98.8192 316.4946 0031812  26.2939 125.6953 14.12603501897932
FENGYUN 1C DEB
1 31451U 99025BUP 24272.60772306  .00001462  00000-0  80964-3 0  9990
2 31451  98.8192 316.4946 0031812  26.2939 125.6953 14.12603501900757
FENGYUN 1C DEB
1 31451U 99025BUP 24273.59962850  .00001637  00000-0  90372-3 0  9992
2 31451  98.8189 317.4710 0031757  23.4584 129.9345 14.12607548898074
FENGYUN 1C DEB
1 31451U 99025BUP 24273.88731948  .00001699  00000-0  93694-3 0  9994
2 31451  98.8189 317.7543 0031751  22.6696 152.9285 14.12608825898113
FENGYUN 1C DEB
1 31451U 99025BUP 24276.40499841  .00002828  00000-0  15432-2 0  9996
2 31451  98.8187 320.2330 0031551  15.3234 356.5758 14.12624585901280
FENGYUN 1C DEB
1 31451U 99025BUP 24276.40499841  .00002828  00000-0  15432-2 0  9996
2 31451  98.8187 320.2330 0031551  15.3234 356.5758 14.12624585898476
FENGYUN 1C DEB
1 31451U 99025BUP 24277.39662962  .00002950  00000-0  16088-2 0  9995
2 31451  98.8185 321.2093 0031488  12.4673 359.4972 14.12629127898618
FENGYUN 1C DEB
1 31451U 99025BUP 24277.92451779  .00003342  00000-0  18188-2 0  9995
2 31451  98.8180 321.7287 0031501  11.1632 163.8669 14.12634232898680
FENGYUN 1C DEB
1 31451U 99025BUP 24279.37974762  .00003242  00000-0  17653-2 0  9993
2 31451  98.8175 323.1612 0031369   7.0153   4.4254 14.12640827901701
FENGYUN 1C DEB
1 31451U 99025BUP 24279.37974762  .00003242  00000-0  17653-2 0  9993
2 31451  98.8175 323.1612 0031369   7.0153   4.4254 14.12640827898896
FENGYUN 1C DEB
1 31451U 99025BUP 24280.61145870  .00002709  00000-0  14790-2 0  9998
2 31451  98.8172 324.3740 0031317   3.5074 148.3061 14.12643772899060
FENGYUN 1C DEB
1 31451U 99025BUP 24280.89904948  .00002941  00000-0  16035-2 0  9999
2 31451  98.8168 324.6567 0031294   2.5614 170.9866 14.12646158899108
FENGYUN 1C DEB
1 31451U 99025BUP 24280.89904948  .00002941  00000-0  16035-2 0  9999
2 31451  98.8168 324.6567 0031294   2.5614 170.9866 14.12646158901922
FENGYUN 1C DEB
1 31451U 99025BUP 24281.36292032  .00003188  00000-0  17359-2 0  9990
2 31451  98.8168 325.1132 0031264   1.2034  10.0602 14.12649794899179
FENGYUN 1C DEB
1 31451U 99025BUP 24281.89063192  .00002900  00000-0  15813-2 0  9995
2 31451  98.8170 325.6328 0031239 359.8119 173.6530 14.12651825899244
FENGYUN 1C DEB
1 31451U 99025BUP 24282.36556809  .00009474  00000-0  51052-2 0  9998
2 31451  98.8162 326.0997 0031189 358.4735  69.0037 14.12679595902132
FENGYUN 1C DEB
1 31451U 99025BUP 24282.36556809  .00009474  00000-0  51052-2 0  9998
2 31451  98.8162 326.0997 0031189 358.4735  69.0037 14.12679595899317
FENGYUN 1C DEB
1 31451U 99025BUP 24284.40853542  .00003047  00000-0  16595-2 0  9992
2 31451  98.8163 328.1105 0031106 352.5810  18.7317 14.12667916902412
FENGYUN 1C DEB
1 31451U 99025BUP 24284.40853542  .00003047  00000-0  16595-2 0  9992
2 31451  98.8163 328.1105 0031106 352.5810  18.7317 14.12667916899608
FENGYUN 1C DEB
1 31451U 99025BUP 24284.92666959  .00006150  00000-0  33237-2 0  9993
2 31451  98.8183 328.6226 0031106 350.5949 134.2988 14.12682876902492
FENGYUN 1C DEB
1 31451U 99025BUP 24288.61538917  .00001360  00000-0  75394-3 0  9994
2 31451  98.8172 332.2527 0030950 340.1481 173.8195 14.12687823900198
FENGYUN 1C DEB
1 31451U 99025BUP 24288.61538917  .00001360  00000-0  75394-3 0  9994
2 31451  98.8172 332.2527 0030950 340.1481 173.8195 14.12687823903012
FENGYUN 1C DEB
1 31451U 99025BUP 24289.36644363  .00001565  00000-0  86359-3 0  9990
2 31451  98.8173 332.9923 0030971 337.9530  33.5056 14.12690505900300
FENGYUN 1C DEB
1 31451U 99025BUP 24289.89424160  .00001529  00000-0  84427-3 0  9993
2 31451  98.8173 333.5119 0030959 336.3392 197.8346 14.12691540900372
FENGYUN 1C DEB
1 31451U 99025BUP 24290.36813751  .00002108  00000-0  11552-2 0  9997
2 31451  98.8164 333.9779 0030870 335.2390  87.6705 14.12693820900442
FENGYUN 1C DEB
1 31451U 99025BUP 24291.59019983  .00002477  00000-0  13530-2 0  9995
2 31451  98.8166 335.1813 0030877 331.2667 183.2122 14.12698143900615
FENGYUN 1C DEB
1 31451U 99025BUP 24291.59019983  .00002477  00000-0  13530-2 0  9995
2 31451  98.8166 335.1813 0030877 331.2667 183.2122 14.12698143903438
FENGYUN 1C DEB
1 31451U 99025BUP 24292.86877471  .00002967  00000-0  16158-2 0  9993
2 31451  98.8155 336.4389 0030753 327.8564 205.4619 14.12703770900795
FENGYUN 1C DEB
1 31451U 99025BUP 24297.36967111  .00001098  00000-0  61301-3 0  9999
2 31451  98.8157 340.8690 0030661 314.6110  56.3276 14.12711086904245
FENGYUN 1C DEB
1 31451U 99025BUP 24297.36967111  .00001098  00000-0  61301-3 0  9999
2 31451  98.8157 340.8690 0030661 314.6110  56.3276 14.12711086901433
FENGYUN 1C DEB
1 31451U 99025BUP 24299.88068824  .00001524  00000-0  84152-3 0  9994
2 31451  98.8144 343.3388 0030606 307.5173 226.7596 14.12719717904609
FENGYUN 1C DEB
1 31451U 99025BUP 24299.88068824  .00001524  00000-0  84152-3 0  9994
2 31451  98.8144 343.3388 0030606 307.5173 226.7596 14.12719717901785
FENGYUN 1C DEB
1 31451U 99025BUP 24300.41535387  .00001466  00000-0  81057-3 0  9995
2 31451  98.8147 343.8647 0030554 305.8518  66.1050 14.12720710901862
FENGYUN 1C DEB
1 31451U 99025BUP 24301.40670786  .00001964  00000-0  10772-2 0  9996
2 31451  98.8148 344.8406 0030614 302.8400  68.1453 14.12727032902001
FENGYUN 1C DEB
1 31451U 99025BUP 24302.39829420  .00002213  00000-0  12107-2 0  9998
2 31451  98.8146 345.8165 0030731 299.8131  71.3950 14.12732277904959
FENGYUN 1C DEB
1 31451U 99025BUP 24302.39829420  .00002213  00000-0  12107-2 0  9998
2 31451  98.8146 345.8165 0030731 299.8131  71.3950 14.12732277902148
FENGYUN 1C DEB
1 31451U 99025BUP 24303.38982813  .00002264  00000-0  12380-2 0  9993
2 31451  98.8155 346.7937 0030679 296.8750  74.3149 14.12737354902289
FENGYUN 1C DEB
1 31451U 99025BUP 24303.91780964  .00002461  00000-0  13437-2 0  9998
2 31451  98.8144 347.3122 0030503 295.6001 239.3379 14.12741159902356
FENGYUN 1C DEB
1 31451U 99025BUP 24304.90928582  .00002557  00000-0  13948-2 0  9991
2 31451  98.8143 348.2881 0030471 292.7453 241.9097 14.12746824905319
FENGYUN 1C DEB
1 31451U 99025BUP 24305.37296133  .00002607  00000-0  14219-2 0  9991
2 31451  98.8142 348.7443 0030569 291.2486  80.2966 14.12749669902568
FENGYUN 1C DEB
1 31451U 99025BUP 24306.36452980  .00002879  00000-0  15671-2 0  9999
2 31451  98.8135 349.7200 0030553 288.2750  83.4905 14.12756615902708
FENGYUN 1C DEB
1 31451U 99025BUP 24307.07622140  .00002861  00000-0  15577-2 0  9991
2 31451  98.8136 350.4206 0030452 286.1978 103.1627 14.12760659902806
FENGYUN 1C DEB
1 31451U 99025BUP 24307.88379463  .00003247  00000-0  17641-2 0  9990
2 31451  98.8132 351.2150 0030516 283.8260 250.5187 14.12766650902915
FENGYUN 1C DEB
1 31451U 99025BUP 24308.35716615  .00003281  00000-0  17824-2 0  9998
2 31451  98.8128 351.6806 0030552 282.4174 138.1364 14.12769938902988
FENGYUN 1C DEB
1 31451U 99025BUP 24309.40992017  .00003406  00000-0  18493-2 0  9999
2 31451  98.8124 352.7164 0030563 279.3124  92.5446 14.12777298905946
FENGYUN 1C DEB
1 31451U 99025BUP 24309.40992017  .00003406  00000-0  18493-2 0  9999
2 31451  98.8124 352.7164 0030563 279.3124  92.5446 14.12777298903135
FENGYUN 1C DEB
1 31451U 99025BUP 24309.86684309  .00002946  00000-0  16027-2 0  9990
2 31451  98.8122 353.1660 0030499 277.9835 256.4893 14.12779082903196
FENGYUN 1C DEB
1 31451U 99025BUP 24310.40139241  .00002864  00000-0  15583-2 0  9997
2 31451  98.8122 353.6920 0030492 276.4115  95.2694 14.12782401903274
FENGYUN 1C DEB
1 31451U 99025BUP 24311.39277505  .00002709  00000-0  14751-2 0  9996
2 31451  98.8126 354.6677 0030549 273.4733  97.5942 14.12788116903410
FENGYUN 1C DEB
1 31451U 99025BUP 24311.92053712  .00002481  00000-0  13532-2 0  9990
2 31451  98.8131 355.1872 0030581 271.9126 261.8795 14.12790694903487
FENGYUN 1C DEB
1 31451U 99025BUP 24311.92053712  .00002481  00000-0  13532-2 0  9990
2 31451  98.8131 355.1872 0030581 271.9126 261.8795 14.12790694906301
FENGYUN 1C DEB
1 31451U 99025BUP 24313.90348287  .00002408  00000-0  13136-2 0  9993
2 31451  98.8125 357.1377 0030709 266.1498 267.4008 14.12800341903763
FENGYUN 1C DEB
1 31451U 99025BUP 24314.89529192  .00003157  00000-0  17146-2 0  9995
2 31451  98.8125 358.1138 0030701 263.2534 271.9143 14.12807529903901
FENGYUN 1C DEB
1 31451U 99025BUP 24314.89529192  .00003157  00000-0  17146-2 0  9995
2 31451  98.8125 358.1138 0030701 263.2534 271.9143 14.12807529906724
FENGYUN 1C DEB
1 31451U 99025BUP 24316.36010567  .00002450  00000-0  13359-2 0  9997
2 31451  98.8134 359.5557 0030753 259.0521 162.1631 14.12812367904110
FENGYUN 1C DEB
1 31451U 99025BUP 24316.87810604  .00002153  00000-0  11770-2 0  9998
2 31451  98.8128   0.0652 0030764 257.5113 276.8499 14.12813937907009
FENGYUN 1C DEB
1 31451U 99025BUP 24317.41263042  .00001971  00000-0  10792-2 0  9997
2 31451  98.8127   0.5911 0030787 255.9390 115.5679 14.12815821904263
FENGYUN 1C DEB
1 31451U 99025BUP 24317.86955255  .00001929  00000-0  10568-2 0  9994
2 31451  98.8125   1.0407 0030800 254.6173 279.5635 14.12817688904321
FENGYUN 1C DEB
1 31451U 99025BUP 24319.39565382  .00001370  00000-0  75724-3 0  9998
2 31451  98.8120   2.5423 0030886 250.2171 121.6156 14.12821653907352
FENGYUN 1C DEB
1 31451U 99025BUP 24320.38686049  .00001225  00000-0  67976-3 0  9992
2 31451  98.8117   3.5176 0030935 247.3592 123.1007 14.12824295904683
FENGYUN 1C DEB
1 31451U 99025BUP 24320.91478500  .00001359  00000-0  75120-3 0  9990
2 31451  98.8116   4.0370 0030907 245.7851 288.2920 14.12826210904757
FENGYUN 1C DEB
1 31451U 99025BUP 24321.61867073  .00001019  00000-0  56902-3 0  9995
2 31451  98.8115   4.7296 0030897 243.6808 268.4838 14.12826873907674
FENGYUN 1C DEB
1 31451U 99025BUP 24321.61867073  .00001019  00000-0  56902-3 0  9995
2 31451  98.8115   4.7296 0030897 243.6808 268.4838 14.12826873904851
FENGYUN 1C DEB
1 31451U 99025BUP 24323.88929916  .00001010  00000-0  56464-3 0  9995
2 31451  98.8107   6.9633 0031013 237.1295 297.4226 14.12831156905179
FENGYUN 1C DEB
1 31451U 99025BUP 24323.88929916  .00001010  00000-0  56464-3 0  9995
2 31451  98.8107   6.9633 0031013 237.1295 297.4226 14.12831156907991
FENGYUN 1C DEB
1 31451U 99025BUP 24324.59363566  .00001056  00000-0  58887-3 0  9998
2 31451  98.8111   7.6561 0031031 235.1229 279.8242 14.12833117905279
FENGYUN 1C DEB
1 31451U 99025BUP 24325.58535062  .00001121  00000-0  62353-3 0  9996
2 31451  98.8110   8.6319 0031073 232.2621 283.9363 14.12835741905411
FENGYUN 1C DEB
1 31451U 99025BUP 24329.39202758  .00001312  00000-0  72575-3 0  9991
2 31451  98.8107  12.3769 0031256 221.3149 205.7042 14.12846312908779
FENGYUN 1C DEB
1 31451U 99025BUP 24329.62169667  .00001356  00000-0  74911-3 0  9992
2 31451  98.8106  12.6028 0031263 220.6531 293.8685 14.12847222905986
FENGYUN 1C DEB
1 31451U 99025BUP 24330.61268971  .00001468  00000-0  80923-3 0  9995
2 31451  98.8104  13.5776 0031315 217.8330 294.3220 14.12850807906128
FENGYUN 1C DEB
1 31451U 99025BUP 24331.08429892  .00001614  00000-0  88752-3 0  9999
2 31451  98.8102  14.0415 0031334 216.4927 173.0556 14.12853134906198
FENGYUN 1C DEB
1 31451U 99025BUP 24331.08429892  .00001614  00000-0  88752-3 0  9999
2 31451  98.8102  14.0415 0031334 216.4927 173.0556 14.12853134909012
FENGYUN 1C DEB
1 31451U 99025BUP 24333.93566181  .00001803  00000-0  98810-3 0  9994
2 31451  98.8098  16.8466 0031447 208.3201 275.9898 14.12863566906593
FENGYUN 1C DEB
1 31451U 99025BUP 24333.93566181  .00001803  00000-0  98810-3 0  9994
2 31451  98.8098  16.8466 0031447 208.3201 275.9898 14.12863566909417
FENGYUN 1C DEB
1 31451U 99025BUP 24334.40921932  .00001910  00000-0  10456-2 0  9994
2 31451  98.8097  17.3125 0031464 206.9529 164.6739 14.12865833906661
FENGYUN 1C DEB
1 31451U 99025BUP 24336.39206259  .00001804  00000-0  98824-3 0  9990
2 31451  98.8093  19.2632 0031571 201.3534 170.0413 14.12872860909756
FENGYUN 1C DEB
1 31451U 99025BUP 24336.39206259  .00001804  00000-0  98824-3 0  9990
2 31451  98.8093  19.2632 0031571 201.3534 170.0413 14.12872860906944
FENGYUN 1C DEB
1 31451U 99025BUP 24337.38355205  .00001772  00000-0  97130-3 0  9999
2 31451  98.8094  20.2387 0031620 198.6265 173.0173 14.12876579907081
FENGYUN 1C DEB
1 31451U 99025BUP 24338.37510471  .00001643  00000-0  90210-3 0  9996
2 31451  98.8095  21.2143 0031651 195.8731 176.3540 14.12879746907223
FENGYUN 1C DEB
1 31451U 99025BUP 24338.90273745  .00001648  00000-0  90502-3 0  9994
2 31451  98.8094  21.7333 0031675 194.3792 340.0874 14.12881769910115
FENGYUN 1C DEB
1 31451U 99025BUP 24339.60661348  .00001509  00000-0  83065-3 0  9994
2 31451  98.8094  22.4258 0031706 192.3970 320.2517 14.12883554907394
FENGYUN 1C DEB
1 31451U 99025BUP 24339.89415047  .00001572  00000-0  86400-3 0  9994
2 31451  98.8093  22.7086 0031717 191.5809 342.7770 14.12884970907437
FENGYUN 1C DEB
1 31451U 99025BUP 24340.36808051  .00001596  00000-0  87708-3 0  9997
2 31451  98.8091  23.1748 0031742 190.1796 233.4254 14.12886692907507
FENGYUN 1C DEB
1 31451U 99025BUP 24343.40290329  .00001468  00000-0  80849-3 0  9995
2 31451  98.8085  26.1598 0031886 181.6226 189.7205 14.12895921910742
FENGYUN 1C DEB
1 31451U 99025BUP 24343.40290329  .00001468  00000-0  80849-3 0  9995
2 31451  98.8085  26.1598 0031886 181.6226 189.7205 14.12895921907939
FENGYUN 1C DEB
1 31451U 99025BUP 24343.85984301  .00001450  00000-0  79842-3 0  9996
2 31451  98.8088  26.6096 0031927 180.2261 354.0130 14.12897339907995
FENGYUN 1C DEB
1 31451U 99025BUP 24345.38589616  .00001476  00000-0  81219-3 0  9995
2 31451  98.8087  28.1108 0032014 175.9107 196.1786 14.12902524908214
FENGYUN 1C DEB
1 31451U 99025BUP 24346.61714441  .00001244  00000-0  68856-3 0  9993
2 31451  98.8085  29.3219 0032079 172.4172 338.8638 14.12904962908380
FENGYUN 1C DEB
1 31451U 99025BUP 24346.61714441  .00001244  00000-0  68856-3 0  9993
2 31451  98.8085  29.3219 0032079 172.4172 338.8638 14.12904962911205
FENGYUN 1C DEB
1 31451U 99025BUP 24346.96518816  .00001186  00000-0  65706-3 0  9995
2 31451  98.8082  29.6640 0032052 171.6171 308.9857 14.12905610908437
FENGYUN 1C DEB
1 31451U 99025BUP 24347.08892397  .00001181  00000-0  65459-3 0  9998
2 31451  98.8081  29.7858 0032053 171.2698 218.3596 14.12905959908451
FENGYUN 1C DEB
1 31451U 99025BUP 24349.07188493  .00001099  00000-0  61079-3 0  9996
2 31451  98.8080  31.7363 0032105 165.7636 224.5102 14.12910653911556
FENGYUN 1C DEB
1 31451U 99025BUP 24349.36138142  .00001124  00000-0  62424-3 0  9998
2 31451  98.8080  32.0211 0032107 164.9834 256.9862 14.12911435908776
FENGYUN 1C DEB
1 31451U 99025BUP 24349.87903453  .00001238  00000-0  68480-3 0  9993
2 31451  98.8078  32.5303 0032126 163.5167  10.0195 14.12913378908849
FENGYUN 1C DEB
1 31451U 99025BUP 24351.99263029  .00001239  00000-0  68559-3 0  9995
2 31451  98.8075  34.6092 0032200 157.6564 320.6766 14.12918462911962
FENGYUN 1C DEB
1 31451U 99025BUP 24351.99263029  .00001239  00000-0  68559-3 0  9995
2 31451  98.8075  34.6092 0032200 157.6564 320.6766 14.12918462909149
FENGYUN 1C DEB
1 31451U 99025BUP 24353.38800337  .00001209  00000-0  66943-3 0  9991
2 31451  98.8074  35.9817 0032249 153.7989 218.1567 14.12921879909346
FENGYUN 1C DEB
1 31451U 99025BUP 24354.09956344  .00001227  00000-0  67885-3 0  9996
2 31451  98.8072  36.6814 0032285 151.7975 237.5044 14.12923819912268
FENGYUN 1C DEB
1 31451U 99025BUP 24354.09956344  .00001227  00000-0  67885-3 0  9996
2 31451  98.8072  36.6814 0032285 151.7975 237.5044 14.12923819909444
FENGYUN 1C DEB
1 31451U 99025BUP 24355.37071420  .00001071  00000-0  59574-3 0  9994
2 31451  98.8071  37.9317 0032323 148.2849 223.1554 14.12926197909628
FENGYUN 1C DEB
1 31451U 99025BUP 24356.60248687  .00001087  00000-0  60394-3 0  9991
2 31451  98.8071  39.1433 0032348 144.8671   8.5389 14.12929309909790
FENGYUN 1C DEB
1 31451U 99025BUP 24356.60248687  .00001087  00000-0  60394-3 0  9991
2 31451  98.8071  39.1433 0032348 144.8671   8.5389 14.12929309912615
FENGYUN 1C DEB
1 31451U 99025BUP 24359.40734072  .00001417  00000-0  78018-3 0  9999
2 31451  98.8069  41.9020 0032386 137.1220 235.3873 14.12938346913005
FENGYUN 1C DEB
1 31451U 99025BUP 24359.40734072  .00001417  00000-0  78018-3 0  9999
2 31451  98.8069  41.9020 0032386 137.1220 235.3873 14.12938346910192
FENGYUN 1C DEB
1 31451U 99025BUP 24360.39857537  .00001559  00000-0  85609-3 0  9992
2 31451  98.8069  42.8770 0032400 134.3938 237.2999 14.12941965910333
FENGYUN 1C DEB
1 31451U 99025BUP 24361.39004194  .00001508  00000-0  82877-3 0  9994
2 31451  98.8067  43.8521 0032436 131.6409 240.4260 14.12944630910472
FENGYUN 1C DEB
1 31451U 99025BUP 24362.38150069  .00001515  00000-0  83252-3 0  9993
2 31451  98.8065  44.8272 0032489 128.8845 243.5285 14.12947810913426
FENGYUN 1C DEB
1 31451U 99025BUP 24362.38150069  .00001515  00000-0  83252-3 0  9993
2 31451  98.8065  44.8272 0032489 128.8845 243.5285 14.12947810910614
FENGYUN 1C DEB
1 31451U 99025BUP 24362.90895395  .00001495  00000-0  82168-3 0  9991
2 31451  98.8066  45.3461 0032400 127.5134  46.3526 14.12949337910681
FENGYUN 1C DEB
1 31451U 99025BUP 24363.61313080  .00001543  00000-0  84719-3 0  9994
2 31451  98.8064  46.0385 0032423 125.5515  28.1964 14.12951838910782
FENGYUN 1C DEB
1 31451U 99025BUP 24364.36410525  .00001539  00000-0  84495-3 0  9995
2 31451  98.8062  46.7771 0032399 123.4807 248.0638 14.12954135910895
FENGYUN 1C DEB
1 31451U 99025BUP 24364.89174612  .00001619  00000-0  88789-3 0  9996
2 31451  98.8060  47.2960 0032395 122.0116  51.9541 14.12956296910965
FENGYUN 1C DEB
1 31451U 99025BUP 24364.89174612  .00001619  00000-0  88789-3 0  9996
2 31451  98.8060  47.2960 0032395 122.0116  51.9541 14.12956296913788
FENGYUN 1C DEB
1 31451U 99025BUP 25001.40925856  .00001981  00000-0  10807-2 0  9993
2 31451  98.8057  49.7721 0032462 115.0312 257.5169 14.12966836914132
FENGYUN 1C DEB
1 31451U 99025BUP 25003.39189691  .00001890  00000-0  10322-2 0  9993
2 31451  98.8045  51.7209 0032502 109.6339 262.3793 14.12975266911609
FENGYUN 1C DEB
1 31451U 99025BUP 25003.91934708  .00001628  00000-0  89216-3 0  9996
2 31451  98.8044  52.2394 0032557 108.2117  65.2949 14.12976185914492
FENGYUN 1C DEB
1 31451U 99025BUP 25003.91934708  .00001628  00000-0  89216-3 0  9996
2 31451  98.8044  52.2394 0032557 108.2117  65.2949 14.12976185911679
FENGYUN 1C DEB
1 31451U 99025BUP 25004.38323340  .00001723  00000-0  94294-3 0  9990
2 31451  98.8042  52.6955 0032513 106.9159 264.9363 14.12978736911747
FENGYUN 1C DEB
1 31451U 99025BUP 25006.36588885  .00001670  00000-0  91433-3 0  9990
2 31451  98.8047  54.6471 0032275 101.2166 270.2847 14.12988004914837
FENGYUN 1C DEB
1 31451U 99025BUP 25006.36588885  .00001670  00000-0  91433-3 0  9990
2 31451  98.8047  54.6471 0032275 101.2166 270.2847 14.12988004912026
FENGYUN 1C DEB
1 31451U 99025BUP 25006.89345966  .00001478  00000-0  81214-3 0  9991
2 31451  98.8051  55.1659 0032418  99.8719  73.7650 14.12990319912097
FENGYUN 1C DEB
1 31451U 99025BUP 25007.07803856  .00001485  00000-0  81538-3 0  9996
2 31451  98.8051  55.3476 0032392  99.3262 292.6961 14.12990910912123
FENGYUN 1C DEB
1 31451U 99025BUP 25010.40215764  .00001061  00000-0  58940-3 0  9993
2 31451  98.8048  58.6168 0032488  90.1879 281.4663 14.12998250912593
FENGYUN 1C DEB
1 31451U 99025BUP 25012.38493635  .00000940  00000-0  52476-3 0  9990
2 31451  98.8044  60.5663 0032283  84.6961 287.3262 14.13002040912879
FENGYUN 1C DEB
1 31451U 99025BUP 25012.91259731  .00000893  00000-0  49975-3 0  9993
2 31451  98.8042  61.0851 0032173  83.1459  91.4897 14.13003002915764
FENGYUN 1C DEB
1 31451U 99025BUP 25012.91259731  .00000893  00000-0  49975-3 0  9993
2 31451  98.8042  61.0851 0032173  83.1459  91.4897 14.13003002912941
FENGYUN 1C DEB
1 31451U 99025BUP 25015.35973244  .00000945  00000-0  52721-3 0  9997
2 31451  98.8032  63.4910 0032091  76.3387 299.4851 14.13008210913290
FENGYUN 1C DEB
1 31451U 99025BUP 25015.35973244  .00000945  00000-0  52721-3 0  9997
2 31451  98.8032  63.4910 0032091  76.3387 299.4851 14.13008210916103
FENGYUN 1C DEB
1 31451U 99025BUP 25019.63527692  .00001167  00000-0  64571-3 0  9997
2 31451  98.8042  67.6968 0032249  64.8444  87.8708 14.13018037913895
FENGYUN 1C DEB
1 31451U 99025BUP 25019.63527692  .00001167  00000-0  64571-3 0  9997
2 31451  98.8042  67.6968 0032249  64.8444  87.8708 14.13018037916719
FENGYUN 1C DEB
1 31451U 99025BUP 25020.62675677  .00001187  00000-0  65614-3 0  9996
2 31451  98.8038  68.6714 0032056  61.8951  91.5304 14.13020458914037
FENGYUN 1C DEB
1 31451U 99025BUP 25021.09863147  .00001327  00000-0  73089-3 0  9990
2 31451  98.8037  69.1354 0032029  60.5500 331.9050 14.13022469914109
FENGYUN 1C DEB
1 31451U 99025BUP 25023.94871736  .00001331  00000-0  73301-3 0  9991
2 31451  98.8032  71.9380 0031929  52.6010  69.8404 14.13029861914507
FENGYUN 1C DEB
1 31451U 99025BUP 25023.94871736  .00001331  00000-0  73301-3 0  9991
2 31451  98.8032  71.9380 0031929  52.6010  69.8404 14.13029861917320
FENGYUN 1C DEB
1 31451U 99025BUP 25023.94871736  .00001114  00000-0  61720-3 0  9992
2 31451  98.8020  71.9366 0032349  53.2702  69.1563 14.13027627917320
FENGYUN 1C DEB
1 31451U 99025BUP 25025.35247892  .00001386  00000-0  76223-3 0  9994
2 31451  98.8029  73.3182 0031901  48.7611  10.5062 14.13033794914707
FENGYUN 1C DEB
1 31451U 99025BUP 25025.41411197  .00001347  00000-0  74143-3 0  9998
2 31451  98.8029  73.3789 0031897  48.5672 324.0470 14.13033724914719
FENGYUN 1C DEB
1 31451U 99025BUP 25026.40529456  .00001168  00000-0  64607-3 0  9991
2 31451  98.8028  74.3538 0031831  45.7326 326.1371 14.13035312914857
FENGYUN 1C DEB
1 31451U 99025BUP 25026.40529456  .00001168  00000-0  64607-3 0  9991
2 31451  98.8028  74.3538 0031831  45.7326 326.1371 14.13035312917669
FENGYUN 1C DEB
1 31451U 99025BUP 25028.38795328  .00001117  00000-0  61869-3 0  9994
2 31451  98.8025  76.3033 0031713  40.1379 331.7597 14.13040004915130
FENGYUN 1C DEB
1 31451U 99025BUP 25029.09933969  .00001174  00000-0  64907-3 0  9997
2 31451  98.8024  77.0029 0031677  38.1030 350.5620 14.13042210918053
FENGYUN 1C DEB
1 31451U 99025BUP 25029.61917741  .00001046  00000-0  58097-3 0  9996
2 31451  98.8021  77.5140 0031666  36.7651 114.8136 14.13042785915305
FENGYUN 1C DEB
1 31451U 99025BUP 25029.90667889  .00001063  00000-0  59010-3 0  9998
2 31451  98.8021  77.7968 0031646  35.9533 137.3170 14.13043586915345
FENGYUN 1C DEB
1 31451U 99025BUP 25030.37053839  .00001117  00000-0  61893-3 0  9997
2 31451  98.8024  78.2529 0031628  34.6468 336.9404 14.13044966915418
FENGYUN 1C DEB
1 31451U 99025BUP 25031.08246277  .00001039  00000-0  57705-3 0  9996
2 31451  98.8023  78.9529 0031597  32.6452 358.4542 14.13046219915516
FENGYUN 1C DEB
1 31451U 99025BUP 25031.95015226  .00001069  00000-0  59325-3 0  9993
2 31451  98.8021  79.8061 0031558  30.1958  92.3519 14.13048412915634
FENGYUN 1C DEB
1 31451U 99025BUP 25031.95015226  .00001069  00000-0  59325-3 0  9993
2 31451  98.8021  79.8061 0031558  30.1958  92.3519 14.13048412918457
FENGYUN 1C DEB
1 31451U 99025BUP 25033.35397053  .00001248  00000-0  68878-3 0  9992
2 31451  98.8021  81.1865 0031474  26.0256  33.7386 14.13052945915833
FENGYUN 1C DEB
1 31451U 99025BUP 25034.92458395  .00001075  00000-0  59633-3 0  9990
2 31451  98.8017  82.7307 0031385  21.6453 103.3639 14.13055935916059
FENGYUN 1C DEB
1 31451U 99025BUP 25034.92458395  .00001075  00000-0  59633-3 0  9990
2 31451  98.8017  82.7307 0031385  21.6453 103.3639 14.13055935918871
FENGYUN 1C DEB
1 31451U 99025BUP 25036.38931302  .00001130  00000-0  62555-3 0  9995
2 31451  98.8015  84.1708 0031303  17.4908 354.4501 14.13059886916265
FENGYUN 1C DEB
1 31451U 99025BUP 25036.91683824  .00001192  00000-0  65865-3 0  9992
2 31451  98.8014  84.6895 0031274  15.9800 157.9938 14.13061557916333
FENGYUN 1C DEB
1 31451U 99025BUP 25037.38058282  .00001064  00000-0  59078-3 0  9995
2 31451  98.8013  85.1455 0031247  14.6695 357.0652 14.13061962919214
FENGYUN 1C DEB
1 31451U 99025BUP 25038.89951883  .00000985  00000-0  54850-3 0  9995
2 31451  98.8010  86.6389 0031172  10.3802 163.9140 14.13065144916616
FENGYUN 1C DEB
1 31451U 99025BUP 25039.36307353  .00001048  00000-0  58197-3 0  9994
2 31451  98.8010  87.0947 0031150   9.0520   2.0444 14.13066425916689
FENGYUN 1C DEB
1 31451U 99025BUP 25039.89084130  .00000960  00000-0  53507-3 0  9999
2 31451  98.8009  87.6137 0031123   7.5543 166.8202 14.13067135916750
FENGYUN 1C DEB
1 31451U 99025BUP 25039.89084130  .00000960  00000-0  53507-3 0  9999
2 31451  98.8009  87.6137 0031123   7.5543 166.8202 14.13067135919573
FENGYUN 1C DEB
1 31451U 99025BUP 25040.35436618  .00001013  00000-0  56361-3 0  9995
2 31451  98.8007  88.0694 0031100   6.2327   4.7954 14.13068287916823
FENGYUN 1C DEB
1 31451U 99025BUP 25040.88227920  .00001120  00000-0  62024-3 0  9999
2 31451  98.8006  88.5884 0031077   4.7298 170.3204 14.13070084916894
FENGYUN 1C DEB
1 31451U 99025BUP 25041.06628163  .00001124  00000-0  62255-3 0  9994
2 31451  98.8006  88.7693 0031067   4.1996  26.3581 14.13070511916929
FENGYUN 1C DEB
1 31451U 99025BUP 25042.40792450  .00001080  00000-0  59882-3 0  9997
2 31451  98.8003  90.0883 0030991   0.2735  11.4885 14.13073115919924
FENGYUN 1C DEB
1 31451U 99025BUP 25042.40792450  .00001080  00000-0  59882-3 0  9997
2 31451  98.8003  90.0883 0030991   0.2735  11.4885 14.13073115917113
FENGYUN 1C DEB
1 31451U 99025BUP 25044.39043067  .00000976  00000-0  54387-3 0  9998
2 31451  98.7999  92.0374 0030888 354.5582  16.7211 14.13076877917392
FENGYUN 1C DEB
1 31451U 99025BUP 25045.10171896  .00001003  00000-0  55815-3 0  9999
2 31451  98.7997  92.7366 0030847 352.5411  35.0998 14.13078643920317
FENGYUN 1C DEB
1 31451U 99025BUP 25045.38174519  .00001017  00000-0  56538-3 0  9992
2 31451  98.7997  93.0119 0030832 351.7203  19.6429 14.13079366917531
FENGYUN 1C DEB
1 31451U 99025BUP 25045.90932771  .00001045  00000-0  58057-3 0  9991
2 31451  98.7997  93.5307 0030815 350.1481 183.5756 14.13080704917607
FENGYUN 1C DEB
1 31451U 99025BUP 25046.37297233  .00001072  00000-0  59471-3 0  9991
2 31451  98.7996  93.9865 0030795 348.7967  22.2140 14.13081943917677
FENGYUN 1C DEB
1 31451U 99025BUP 25046.90064686  .00001133  00000-0  62753-3 0  9999
2 31451  98.7995  94.5053 0030774 347.2679 186.5762 14.13083498917742
FENGYUN 1C DEB
1 31451U 99025BUP 25047.36424981  .00001114  00000-0  61719-3 0  9998
2 31451  98.7995  94.9611 0030752 345.9345  24.9877 14.13084423920629
FENGYUN 1C DEB
1 31451U 99025BUP 25047.36424981  .00001114  00000-0  61719-3 0  9998
2 31451  98.7995  94.9611 0030752 345.9345  24.9877 14.13084423917816
FENGYUN 1C DEB
1 31451U 99025BUP 25047.89201341  .00001141  00000-0  63164-3 0  9995
2 31451  98.7994  95.4799 0030730 344.4099 189.8032 14.13085793917886
FENGYUN 1C DEB
1 31451U 99025BUP 25048.35553221  .00001218  00000-0  67263-3 0  9993
2 31451  98.7994  95.9356 0030706 343.0701  27.7982 14.13087290917954
FENGYUN 1C DEB
1 31451U 99025BUP 25049.35651828  .00001232  00000-0  67980-3 0  9998
2 31451  98.7993  96.9196 0030660 340.1817  79.9772 14.13089699918098
FENGYUN 1C DEB
1 31451U 99025BUP 25049.87466138  .00001163  00000-0  64312-3 0  9992
2 31451  98.7992  97.4291 0030632 338.7010 195.8446 14.13090571920984
FENGYUN 1C DEB
1 31451U 99025BUP 25049.87466138  .00001163  00000-0  64312-3 0  9992
2 31451  98.7992  97.4291 0030632 338.7010 195.8446 14.13090571918161
FENGYUN 1C DEB
1 31451U 99025BUP 25050.40902414  .00001324  00000-0  72873-3 0  9995
2 31451  98.7991  97.9544 0030622 337.1282  34.2746 14.13092887918249
FENGYUN 1C DEB
1 31451U 99025BUP 25050.92694622  .00001212  00000-0  66914-3 0  9996
2 31451  98.7990  98.4636 0030608 335.5867 149.0825 14.13093494918317
FENGYUN 1C DEB
1 31451U 99025BUP 25052.39162022  .00001147  00000-0  63476-3 0  9990
2 31451  98.7987  99.9034 0030540 331.3342  40.1809 14.13096875921333
FENGYUN 1C DEB
1 31451U 99025BUP 25052.39162022  .00001147  00000-0  63476-3 0  9990
2 31451  98.7987  99.9034 0030540 331.3342  40.1809 14.13096875918520
FENGYUN 1C DEB
1 31451U 99025BUP 25052.91945370  .00001078  00000-0  59779-3 0  9997
2 31451  98.7987 100.4224 0030537 329.7305 205.4550 14.13097886918594
FENGYUN 1C DEB
1 31451U 99025BUP 25053.62286066  .00001092  00000-0  60525-3 0  9993
2 31451  98.7986 101.1139 0030505 327.6803 183.8492 14.13099772918692
FENGYUN 1C DEB
1 31451U 99025BUP 25054.90175748  .00001160  00000-0  64143-3 0  9995
2 31451  98.7983 102.3710 0030454 323.9566 209.9033 14.13103449918873
FENGYUN 1C DEB
1 31451U 99025BUP 25054.90175748  .00001160  00000-0  64143-3 0  9995
2 31451  98.7983 102.3710 0030454 323.9566 209.9033 14.13103449921697
FENGYUN 1C DEB
1 31451U 99025BUP 25055.60596119  .00001235  00000-0  68160-3 0  9998
2 31451  98.7982 103.0633 0030430 321.8979 192.3728 14.13105800918973
FENGYUN 1C DEB
1 31451U 99025BUP 25055.89306760  .00001431  00000-0  78589-3 0  9994
2 31451  98.7981 103.3456 0030421 321.0769 212.9431 14.13107688919019
FENGYUN 1C DEB
1 31451U 99025BUP 25055.89306760  .00001431  00000-0  78589-3 0  9994
2 31451  98.7981 103.3456 0030421 321.0769 212.9431 14.13107688921832
FENGYUN 1C DEB
1 31451U 99025BUP 25059.40134318  .00001536  00000-0  84145-3 0  9994
2 31451  98.7975 106.7943 0030414 310.5657  60.8150 14.13118690922322
FENGYUN 1C DEB
1 31451U 99025BUP 25059.40134318  .00001536  00000-0  84145-3 0  9994
2 31451  98.7975 106.7943 0030414 310.5657  60.8150 14.13118690919519
FENGYUN 1C DEB
1 31451U 99025BUP 25060.39256663  .00001362  00000-0  74877-3 0  9990
2 31451  98.7973 107.7685 0030370 307.7130  63.4372 14.13121009919654
FENGYUN 1C DEB
1 31451U 99025BUP 25061.62444529  .00001171  00000-0  64693-3 0  9990
2 31451  98.7970 108.9793 0030291 304.1487 210.3693 14.13123856919822
FENGYUN 1C DEB
1 31451U 99025BUP 25061.62444529  .00001171  00000-0  64693-3 0  9990
2 31451  98.7970 108.9793 0030291 304.1487 210.3693 14.13123856922646
FENGYUN 1C DEB
1 31451U 99025BUP 25063.08693287  .00000996  00000-0  55374-3 0  9999
2 31451  98.7965 110.4165 0030268 299.8251  90.5844 14.13126990920033
FENGYUN 1C DEB
1 31451U 99025BUP 25064.59809547  .00000971  00000-0  54038-3 0  9993
2 31451  98.7963 111.9019 0030249 295.3656 218.4354 14.13130442920241
FENGYUN 1C DEB
1 31451U 99025BUP 25064.59809547  .00000971  00000-0  54038-3 0  9993
2 31451  98.7963 111.9019 0030249 295.3656 218.4354 14.13130442923064
FENGYUN 1C DEB
1 31451U 99025BUP 25065.35872778  .00000891  00000-0  49794-3 0  9998
2 31451  98.7965 112.6499 0030189 293.1931 127.9854 14.13131251920358
FENGYUN 1C DEB
1 31451U 99025BUP 25067.40216282  .00000982  00000-0  54642-3 0  9997
2 31451  98.7967 114.6590 0030148 287.1796  83.7189 14.13135474923456
FENGYUN 1C DEB
1 31451U 99025BUP 25067.40216282  .00000982  00000-0  54642-3 0  9997
2 31451  98.7967 114.6590 0030148 287.1796  83.7189 14.13135474920644
FENGYUN 1C DEB
1 31451U 99025BUP 25070.37608819  .00000955  00000-0  53172-3 0  9995
2 31451  98.7949 117.5811 0030298 278.4136  93.2753 14.13141089923879
FENGYUN 1C DEB
1 31451U 99025BUP 25070.61613519  .00000971  00000-0  54072-3 0  9993
2 31451  98.7952 117.8172 0030306 277.6377 234.5615 14.13141622921096
FENGYUN 1C DEB
1 31451U 99025BUP 25071.89496465  .00001043  00000-0  57881-3 0  9995
2 31451  98.7946 119.0738 0030377 273.8362 260.5385 14.13144684921275
FENGYUN 1C DEB
1 31451U 99025BUP 25072.07894718  .00001040  00000-0  57727-3 0  9995
2 31451  98.7946 119.2546 0030373 273.2938 116.5365 14.13145065921309
FENGYUN 1C DEB
1 31451U 99025BUP 25074.86889332  .00001279  00000-0  70427-3 0  9996
2 31451  98.7948 121.9973 0030423 265.0512 270.2547 14.13153256924515
FENGYUN 1C DEB
1 31451U 99025BUP 25074.86889332  .00001279  00000-0  70427-3 0  9996
2 31451  98.7948 121.9973 0030423 265.0512 270.2547 14.13153256921691
FENGYUN 1C DEB
1 31451U 99025BUP 25075.93080172  .00001311  00000-0  72151-3 0  9993
2 31451  98.7942 123.0403 0030510 261.9110 272.6902 14.13156529921846
FENGYUN 1C DEB
1 31451U 99025BUP 25077.97326483  .00001474  00000-0  80796-3 0  9991
2 31451  98.7940 125.0476 0030616 255.9190 223.6668 14.13163971922131
FENGYUN 1C DEB
1 31451U 99025BUP 25077.97326483  .00001474  00000-0  80796-3 0  9991
2 31451  98.7940 125.0476 0030616 255.9190 223.6668 14.13163971924953
FENGYUN 1C DEB
1 31451U 99025BUP 25078.61729726  .00001586  00000-0  86718-3 0  9994
2 31451  98.7938 125.6805 0030656 254.0401 260.1685 14.13166971922227
FENGYUN 1C DEB
1 31451U 99025BUP 25079.37858978  .00001635  00000-0  89350-3 0  9990
2 31451  98.7935 126.4284 0030584 251.8085 173.2405 14.13169768922330
FENGYUN 1C DEB
1 31451U 99025BUP 25079.95604375  .00001599  00000-0  87410-3 0  9998
2 31451  98.7933 126.9958 0030552 250.0774 231.0791 14.13171555922419
FENGYUN 1C DEB
1 31451U 99025BUP 25080.88683104  .00001605  00000-0  87744-3 0  9997
2 31451  98.7930 127.9105 0030544 247.3801 286.4426 14.13174837925364
FENGYUN 1C DEB
1 31451U 99025BUP 25080.94751568  .00001597  00000-0  87306-3 0  9998
2 31451  98.7930 127.9700 0030497 247.2064 235.1723 14.13174950922557
FENGYUN 1C DEB
1 31451U 99025BUP 25082.86929038  .00001933  00000-0  10517-2 0  9993
2 31451  98.7927 129.8587 0030650 241.6637 292.1980 14.13184759922828
FENGYUN 1C DEB
1 31451U 99025BUP 25082.86929038  .00001933  00000-0  10517-2 0  9993
2 31451  98.7927 129.8587 0030650 241.6637 292.1980 14.13184759925641
FENGYUN 1C DEB
1 31451U 99025BUP 25083.92205154  .00001873  00000-0  10199-2 0  9996
2 31451  98.7925 130.8932 0030727 238.5938 248.1711 14.13188706922971
FENGYUN 1C DEB
1 31451U 99025BUP 25084.39505869  .00001860  00000-0  10125-2 0  9999
2 31451  98.7924 131.3578 0030723 237.2270 134.6105 14.13190560923049
FENGYUN 1C DEB
1 31451U 99025BUP 25085.38627420  .00001829  00000-0  99602-3 0  9990
2 31451  98.7922 132.3318 0030788 234.3416 137.4818 14.13194343925992
FENGYUN 1C DEB
1 31451U 99025BUP 25085.38627420  .00001829  00000-0  99602-3 0  9990
2 31451  98.7922 132.3318 0030788 234.3416 137.4818 14.13194343923181
FENGYUN 1C DEB
1 31451U 99025BUP 25085.91384606  .00001744  00000-0  95065-3 0  9990
2 31451  98.7922 132.8503 0030836 232.8125 301.5362 14.13196010923255
FENGYUN 1C DEB
1 31451U 99025BUP 25086.37745065  .00001757  00000-0  95755-3 0  9991
2 31451  98.7921 133.3058 0030867 231.4684 140.1567 14.13197940923329
FENGYUN 1C DEB
1 31451U 99025BUP 25086.61791951  .00001634  00000-0  89248-3 0  9997
2 31451  98.7922 133.5422 0030878 230.7733 283.5566 14.13198200923350
FENGYUN 1C DEB
1 31451U 99025BUP 25087.09767869  .00001616  00000-0  88253-3 0  9996
2 31451  98.7920 134.0136 0030902 229.3745 204.3770 14.13199963923424
FENGYUN 1C DEB
1 31451U 99025BUP 25087.89619382  .00001434  00000-0  78581-3 0  9991
2 31451  98.7919 134.7982 0030949 227.0600 306.8861 14.13201699926358
FENGYUN 1C DEB
1 31451U 99025BUP 25087.89619382  .00001434  00000-0  78581-3 0  9991
2 31451  98.7919 134.7982 0030949 227.0600 306.8861 14.13201699923535
FENGYUN 1C DEB
1 31451U 99025BUP 25089.36102060  .00001261  00000-0  69369-3 0  9997
2 31451  98.7913 136.2376 0030990 222.7440 199.3940 14.13205196923745
FENGYUN 1C DEB
1 31451U 99025BUP 25093.38673794  .00001236  00000-0  68015-3 0  9990
2 31451  98.7910 140.1933 0031230 211.1964 160.5681 14.13215417927121
FENGYUN 1C DEB
1 31451U 99025BUP 25093.38673794  .00001236  00000-0  68015-3 0  9990
2 31451  98.7910 140.1933 0031230 211.1964 160.5681 14.13215417924319
FENGYUN 1C DEB
1 31451U 99025BUP 25093.97430987  .00001133  00000-0  62533-3 0  9995
2 31451  98.7908 140.7704 0031316 209.5698 269.8395 14.13216152924398
FENGYUN 1C DEB
1 31451U 99025BUP 25094.37777876  .00001225  00000-0  67448-3 0  9993
2 31451  98.7907 141.1668 0031339 208.4021 162.5417 14.13217656924455
FENGYUN 1C DEB
1 31451U 99025BUP 25095.60920660  .00001181  00000-0  65076-3 0  9997
2 31451  98.7906 142.3767 0031424 204.8989 307.5442 14.13220545927447
FENGYUN 1C DEB
1 31451U 99025BUP 25095.60920660  .00001181  00000-0  65076-3 0  9997
2 31451  98.7906 142.3767 0031424 204.8989 307.5442 14.13220545924624
FENGYUN 1C DEB
1 31451U 99025BUP 25096.94851944  .00001225  00000-0  67421-3 0  9998
2 31451  98.7903 143.6926 0031500 201.0609 281.4662 14.13224190924810
FENGYUN 1C DEB
1 31451U 99025BUP 25098.41379253  .00001225  00000-0  67424-3 0  9993
2 31451  98.7900 145.1319 0031622 196.8888 176.2202 14.13228037927835
FENGYUN 1C DEB
1 31451U 99025BUP 25098.41379253  .00001225  00000-0  67424-3 0  9993
2 31451  98.7900 145.1319 0031622 196.8888 176.2202 14.13228037925024
FENGYUN 1C DEB
1 31451U 99025BUP 25099.40470395  .00001256  00000-0  69047-3 0  9999
2 31451  98.7898 146.1054 0031689 194.0803 177.6020 14.13230947925168
FENGYUN 1C DEB
1 31451U 99025BUP 25100.39629135  .00001264  00000-0  69487-3 0  9995
2 31451  98.7896 147.0796 0031756 191.3029 182.3995 14.13233760925300
FENGYUN 1C DEB
1 31451U 99025BUP 25101.91477319  .00001215  00000-0  66866-3 0  9993
2 31451  98.7893 148.5712 0031850 187.0066 347.8840 14.13237659928333
FENGYUN 1C DEB
1 31451U 99025BUP 25101.91477319  .00001215  00000-0  66866-3 0  9993
2 31451  98.7893 148.5712 0031850 187.0066 347.8840 14.13237659925510
FENGYUN 1C DEB
1 31451U 99025BUP 25102.61871572  .00001202  00000-0  66158-3 0  9990
2 31451  98.7892 149.2628 0031894 185.0065 329.3032 14.13239464925613
FENGYUN 1C DEB
1 31451U 99025BUP 25102.90582434  .00001205  00000-0  66320-3 0  9992
2 31451  98.7892 149.5448 0031911 184.1937 350.0134 14.13240291925652
FENGYUN 1C DEB
1 31451U 99025BUP 25103.36949429  .00001234  00000-0  67880-3 0  9998
2 31451  98.7891 150.0002 0031944 182.8949 188.9945 14.13241747925721
FENGYUN 1C DEB
1 31451U 99025BUP 25104.36059714  .00001189  00000-0  65450-3 0  9998
2 31451  98.7889 150.9738 0032004 180.1120 191.3668 14.13243913928677
FENGYUN 1C DEB
1 31451U 99025BUP 25104.36059714  .00001189  00000-0  65450-3 0  9998
2 31451  98.7889 150.9738 0032004 180.1120 191.3668 14.13243913925865
FENGYUN 1C DEB
1 31451U 99025BUP 25105.42366307  .00001218  00000-0  66998-3 0  9996
2 31451  98.7888 152.0183 0032036 177.0858 199.9110 14.13246517926016
FENGYUN 1C DEB
1 31451U 99025BUP 25106.41480488  .00001283  00000-0  70433-3 0  9994
2 31451  98.7886 152.9918 0032120 174.3675 202.4417 14.13249561928968
FENGYUN 1C DEB
1 31451U 99025BUP 25106.41480488  .00001283  00000-0  70433-3 0  9994
2 31451  98.7886 152.9918 0032120 174.3675 202.4417 14.13249561926157
FENGYUN 1C DEB
1 31451U 99025BUP 25107.92307122  .00001050  00000-0  58084-3 0  9994
2 31451  98.7882 154.4732 0032220 170.1990 315.9215 14.13251313926366
FENGYUN 1C DEB
1 31451U 99025BUP 25109.62852287  .00000944  00000-0  52454-3 0  9996
2 31451  98.7881 156.1485 0032324 165.4869 352.6314 14.13254536929424
FENGYUN 1C DEB
1 31451U 99025BUP 25109.62852287  .00000944  00000-0  52454-3 0  9996
2 31451  98.7881 156.1485 0032324 165.4869 352.6314 14.13254536926601
FENGYUN 1C DEB
1 31451U 99025BUP 25111.61004667  .00001029  00000-0  56930-3 0  9997
2 31451  98.7879 158.0952 0032389 159.9655 353.9704 14.13259365926882
FENGYUN 1C DEB
1 31451U 99025BUP 25115.86177012  .00001072  00000-0  59198-3 0  9990
2 31451  98.7879 162.2719 0032663 148.6883  24.8796 14.13268976930308
FENGYUN 1C DEB
1 31451U 99025BUP 25115.86177012  .00001072  00000-0  59198-3 0  9990
2 31451  98.7879 162.2719 0032663 148.6883  24.8796 14.13268976927483
FENGYUN 1C DEB
1 31451U 99025BUP 25117.38909865  .00001096  00000-0  60469-3 0  9997
2 31451  98.7870 163.7714 0032676 144.0481 235.8839 14.13272848927703
FENGYUN 1C DEB
1 31451U 99025BUP 25121.07265336  .00001000  00000-0  55387-3 0  9994
2 31451  98.7860 167.3887 0032708 134.0015 256.6492 14.13281365931043
FENGYUN 1C DEB
1 31451U 99025BUP 25121.07265336  .00001000  00000-0  55387-3 0  9994
2 31451  98.7860 167.3887 0032708 134.0015 256.6492 14.13281365928229
FENGYUN 1C DEB
1 31451U 99025BUP 25122.87153090  .00001025  00000-0  56672-3 0  9991
2 31451  98.7863 169.1560 0032843 128.9686  48.9396 14.13285565928474
FENGYUN 1C DEB
1 31451U 99025BUP 25123.40610470  .00001069  00000-0  59048-3 0  9999
2 31451  98.7862 169.6810 0032862 127.4966 248.7138 14.13287023931369
FENGYUN 1C DEB
1 31451U 99025BUP 25123.40610470  .00001069  00000-0  59048-3 0  9999
2 31451  98.7862 169.6810 0032862 127.4966 248.7138 14.13287023928556
FENGYUN 1C DEB
1 31451U 99025BUP 25125.38931273  .00000855  00000-0  47688-3 0  9994
2 31451  98.7856 171.6284 0032906 122.0865 258.7275 14.13289936928834
FENGYUN 1C DEB
1 31451U 99025BUP 25126.38009961  .00000841  00000-0  46940-3 0  9990
2 31451  98.7857 172.6015 0032941 119.4588 259.5120 14.13291831931782
FENGYUN 1C DEB
1 31451U 99025BUP 25126.61978620  .00000805  00000-0  45016-3 0  9996
2 31451  98.7857 172.8370 0032923 118.8031  38.9758 14.13292104929006
FENGYUN 1C DEB
1 31451U 99025BUP 25127.89856897  .00000737  00000-0  41385-3 0  9997
2 31451  98.7858 174.0931 0032953 115.2900  65.1175 14.13294157929187
FENGYUN 1C DEB
1 31451U 99025BUP 25129.07264066  .00000769  00000-0  43080-3 0  9999
2 31451  98.7856 175.2461 0032955 112.0855 278.5021 14.13296378932172
FENGYUN 1C DEB
1 31451U 99025BUP 25129.07264066  .00000769  00000-0  43080-3 0  9999
2 31451  98.7856 175.2461 0032955 112.0855 278.5021 14.13296378929358
FENGYUN 1C DEB
1 31451U 99025BUP 25129.88105270  .00000723  00000-0  40651-3 0  9990
2 31451  98.7856 176.0402 0032961 109.8877  71.4971 14.13297423929465
FENGYUN 1C DEB
1 31451U 99025BUP 25130.87147523  .00000700  00000-0  39452-3 0  9990
2 31451  98.7855 177.0128 0032961 107.2014  70.5134 14.13298843929609
FENGYUN 1C DEB
1 31451U 99025BUP 25131.40525294  .00000691  00000-0  38950-3 0  9996
2 31451  98.7852 177.5366 0032944 105.7788 266.2157 14.13299688932495
FENGYUN 1C DEB
1 31451U 99025BUP 25131.40525294  .00000691  00000-0  38950-3 0  9996
2 31451  98.7852 177.5366 0032944 105.7788 266.2157 14.13299688929682
FENGYUN 1C DEB
1 31451U 99025BUP 25132.39726285  .00000713  00000-0  40147-3 0  9994
2 31451  98.7851 178.5107 0032933 103.0789 273.3273 14.13301463929824
FENGYUN 1C DEB
1 31451U 99025BUP 25133.38923297  .00000647  00000-0  36598-3 0  9997
2 31451  98.7850 179.4848 0032918 100.3883 280.2288 14.13302531929968
FENGYUN 1C DEB
1 31451U 99025BUP 25134.37846047  .00000631  00000-0  35750-3 0  9996
2 31451  98.7849 180.4561 0032909  97.6801 273.2088 14.13303991932918
FENGYUN 1C DEB
1 31451U 99025BUP 25134.37846047  .00000631  00000-0  35750-3 0  9996
2 31451  98.7849 180.4561 0032909  97.6801 273.2088 14.13303991930107
FENGYUN 1C DEB
1 31451U 99025BUP 25138.87129905  .00000700  00000-0  39407-3 0  9992
2 31451  98.7844 184.8680 0032834  85.4225  91.8334 14.13310440933551
FENGYUN 1C DEB
1 31451U 99025BUP 25138.93158859  .00000700  00000-0  39417-3 0  9990
2 31451  98.7844 184.9271 0032832  85.2494  38.5834 14.13310526930748
FENGYUN 1C DEB
1 31451U 99025BUP 25139.40601313  .00000650  00000-0  36794-3 0  9990
2 31451  98.7844 185.3931 0032820  83.9414 292.3750 14.13310849930813
FENGYUN 1C DEB
1 31451U 99025BUP 25140.39708788  .00000614  00000-0  34885-3 0  9993
2 31451  98.7843 186.3663 0032788  81.2399 294.7690 14.13311978930959
FENGYUN 1C DEB
1 31451U 99025BUP 25141.38920962  .00000550  00000-0  31468-3 0  9996
2 31451  98.7843 187.3405 0032760  78.5181 302.5128 14.13313034933909
FENGYUN 1C DEB
1 31451U 99025BUP 25141.38920962  .00000550  00000-0  31468-3 0  9996
2 31451  98.7843 187.3405 0032760  78.5181 302.5128 14.13313034931097
FENGYUN 1C DEB
1 31451U 99025BUP 25143.38016270  .00000537  00000-0  30799-3 0  9997
2 31451  98.7841 189.2955 0032704  73.0568 352.1493 14.13315648931373
FENGYUN 1C DEB
1 31451U 99025BUP 25143.89807477  .00000521  00000-0  29951-3 0  9991
2 31451  98.7841 189.8041 0032677  71.6374 107.2011 14.13316226934262
FENGYUN 1C DEB
1 31451U 99025BUP 25143.89807477  .00000521  00000-0  29951-3 0  9991
2 31451  98.7841 189.8041 0032677  71.6374 107.2011 14.13316226931449
FENGYUN 1C DEB
1 31451U 99025BUP 25144.36156774  .00000529  00000-0  30350-3 0  9994
2 31451  98.7840 190.2592 0032669  70.3543 305.3904 14.13316795931511
FENGYUN 1C DEB
1 31451U 99025BUP 25144.94871726  .00000513  00000-0  29503-3 0  9990
2 31451  98.7839 190.8357 0032647  68.7376  52.7204 14.13317368931596
FENGYUN 1C DEB
1 31451U 99025BUP 25145.07235876  .00000511  00000-0  29416-3 0  9996
2 31451  98.7839 190.9571 0032643  68.3982 321.7892 14.13317502931615
FENGYUN 1C DEB
1 31451U 99025BUP 25148.39695044  .00000526  00000-0  30211-3 0  9992
2 31451  98.7837 194.2217 0032506  59.2439 316.8454 14.13321087934896
FENGYUN 1C DEB
1 31451U 99025BUP 25148.39695044  .00000526  00000-0  30211-3 0  9992
2 31451  98.7837 194.2217 0032506  59.2439 316.8454 14.13321087932085
FENGYUN 1C DEB
1 31451U 99025BUP 25150.38040714  .00000564  00000-0  32226-3 0  9992
2 31451  98.7836 196.1691 0032370  53.8127 328.3869 14.13323643932363
FENGYUN 1C DEB
1 31451U 99025BUP 25150.90660130  .00000526  00000-0  30211-3 0  9990
2 31451  98.7835 196.6858 0032326  52.3636 125.5976 14.13324053935255
FENGYUN 1C DEB
1 31451U 99025BUP 25150.90660130  .00000526  00000-0  30211-3 0  9990
2 31451  98.7835 196.6858 0032326  52.3636 125.5976 14.13324053932432
FENGYUN 1C DEB
1 31451U 99025BUP 25151.37039547  .00000525  00000-0  30150-3 0  9995
2 31451  98.7835 197.1412 0032304  51.0823 325.3297 14.13324575932507
FENGYUN 1C DEB
1 31451U 99025BUP 25151.89828578  .00000516  00000-0  29661-3 0  9997
2 31451  98.7834 197.6595 0032274  49.6197 131.1820 14.13325192932574
FENGYUN 1C DEB
1 31451U 99025BUP 25152.60149567  .00001208  00000-0  66346-3 0  9991
2 31451  98.7835 198.3500 0032238  47.6462 109.0872 14.13330815932672
FENGYUN 1C DEB
1 31451U 99025BUP 25152.60149567  .00001208  00000-0  66346-3 0  9991
2 31451  98.7835 198.3500 0032238  47.6462 109.0872 14.13330815935495
FENGYUN 1C DEB
1 31451U 99025BUP 25154.35227030  .00000764  00000-0  42809-3 0  9991
2 31451  98.7833 200.0688 0032079  42.8048  16.8536 14.13330396935745
FENGYUN 1C DEB
1 31451U 99025BUP 25154.35227030  .00000764  00000-0  42809-3 0  9991
2 31451  98.7833 200.0688 0032079  42.8048  16.8536 14.13330396932922
FENGYUN 1C DEB
1 31451U 99025BUP 25155.40466034  .00000635  00000-0  35970-3 0  9995
2 31451  98.7831 201.1022 0032053  39.8987 331.3180 14.13331244933074
FENGYUN 1C DEB
1 31451U 99025BUP 25157.38875025  .00000527  00000-0  30260-3 0  9995
2 31451  98.7832 203.0503 0031872  34.3124 346.3110 14.13333703933353
FENGYUN 1C DEB
1 31451U 99025BUP 25158.38079748  .00000474  00000-0  27457-3 0  9999
2 31451  98.7831 204.0243 0031805  31.5252 353.8193 14.13334842936319
FENGYUN 1C DEB
1 31451U 99025BUP 25158.38079748  .00000474  00000-0  27457-3 0  9999
2 31451  98.7831 204.0243 0031805  31.5252 353.8193 14.13334842933495
FENGYUN 1C DEB
1 31451U 99025BUP 25159.37017925  .00000490  00000-0  28270-3 0  9990
2 31451  98.7829 204.9956 0031787  28.8486 347.6688 14.13336303933639
FENGYUN 1C DEB
1 31451U 99025BUP 25160.94813953  .00000449  00000-0  26139-3 0  9996
2 31451  98.7836 206.5453 0031657  24.3355  96.3781 14.13337759933851
FENGYUN 1C DEB
1 31451U 99025BUP 25161.42319587  .00000450  00000-0  26176-3 0  9997
2 31451  98.7830 207.0116 0031700  23.1750 353.2839 14.13338227933920
FENGYUN 1C DEB
1 31451U 99025BUP 25161.88044703  .00000427  00000-0  24949-3 0  9992
2 31451  98.7833 207.4606 0031625  21.7139 159.9462 14.13338533933981
FENGYUN 1C DEB
1 31451U 99025BUP 25162.41335863  .00000439  00000-0  25596-3 0  9994
2 31451  98.7833 207.9839 0031588  20.2064 351.4038 14.13339121934065
FENGYUN 1C DEB
1 31451U 99025BUP 25163.40428286  .00000483  00000-0  27941-3 0  9991
2 31451  98.7832 208.9568 0031510  17.3762 353.2634 14.13340384937014
FENGYUN 1C DEB
1 31451U 99025BUP 25163.40428286  .00000483  00000-0  27941-3 0  9991
2 31451  98.7832 208.9568 0031510  17.3762 353.2634 14.13340384934202
FENGYUN 1C DEB
1 31451U 99025BUP 25164.92405120  .00000636  00000-0  36028-3 0  9997
2 31451  98.7831 210.4490 0031412  13.0584 165.8927 14.13343272934413
FENGYUN 1C DEB
1 31451U 99025BUP 25165.91489488  .00000506  00000-0  29157-3 0  9997
2 31451  98.7826 211.4215 0031330  10.2454 167.3333 14.13343592934555
FENGYUN 1C DEB
1 31451U 99025BUP 25166.09802039  .00000504  00000-0  29026-3 0  9991
2 31451  98.7826 211.6013 0031315   9.7201  19.0878 14.13343832937400
FENGYUN 1C DEB
1 31451U 99025BUP 25166.37795900  .00000490  00000-0  28281-3 0  9996
2 31451  98.7827 211.8763 0031286   8.9197   3.4308 14.13344086934625
FENGYUN 1C DEB
1 31451U 99025BUP 25166.90602343  .00000488  00000-0  28194-3 0  9993
2 31451  98.7826 212.3947 0031249   7.4039 170.2590 14.13344751934694
FENGYUN 1C DEB
1 31451U 99025BUP 25167.37943584  .00000453  00000-0  26346-3 0  9999
2 31451  98.7827 212.8596 0031233   6.0655  58.9933 14.13345093934763
FENGYUN 1C DEB
1 31451U 99025BUP 25167.89624205  .00000465  00000-0  26983-3 0  9992
2 31451  98.7827 213.3671 0031213   4.5971 168.5258 14.13345788934832
FENGYUN 1C DEB
1 31451U 99025BUP 25168.36075537  .00000474  00000-0  27472-3 0  9997
2 31451  98.7828 213.8232 0031167   3.2773  11.9905 14.13346372937715
FENGYUN 1C DEB
1 31451U 99025BUP 25168.36075537  .00000474  00000-0  27472-3 0  9997
2 31451  98.7828 213.8232 0031167   3.2773  11.9905 14.13346372934903
FENGYUN 1C DEB
1 31451U 99025BUP 25169.07164079  .00000468  00000-0  27115-3 0  9993
2 31451  98.7825 214.5210 0031115   1.2140  29.0528 14.13347166935008
FENGYUN 1C DEB
1 31451U 99025BUP 25174.37730314  .00000393  00000-0  23152-3 0  9997
2 31451  98.7824 219.7301 0030733 345.8416  24.8656 14.13352064938565
FENGYUN 1C DEB
1 31451U 99025BUP 25174.37730314  .00000393  00000-0  23152-3 0  9997
2 31451  98.7824 219.7301 0030733 345.8416  24.8656 14.13352064935753
FENGYUN 1C DEB
1 31451U 99025BUP 25175.08715522  .00000385  00000-0  22748-3 0  9991
2 31451  98.7823 220.4270 0030699 343.8099  36.6568 14.13352768935857
FENGYUN 1C DEB
1 31451U 99025BUP 25176.08007353  .00000396  00000-0  23304-3 0  9999
2 31451  98.7822 221.4018 0030639 340.9447  48.7387 14.13353721935994
FENGYUN 1C DEB
1 31451U 99025BUP 25177.07161595  .00000393  00000-0  23180-3 0  9997
2 31451  98.7821 222.3752 0030585 338.0880  53.8188 14.13354580938956
FENGYUN 1C DEB
1 31451U 99025BUP 25177.07161595  .00000393  00000-0  23180-3 0  9997
2 31451  98.7821 222.3752 0030585 338.0880  53.8188 14.13354580936134
FENGYUN 1C DEB
1 31451U 99025BUP 25179.40456299  .00000381  00000-0  22550-3 0  9991
2 31451  98.7820 224.6657 0030446 331.2160  44.2831 14.13356672939275
FENGYUN 1C DEB
1 31451U 99025BUP 25179.40456299  .00000381  00000-0  22550-3 0  9991
2 31451  98.7820 224.6657 0030446 331.2160  44.2831 14.13356672936463
FENGYUN 1C DEB
1 31451U 99025BUP 25179.86144125  .00000378  00000-0  22356-3 0  9993
2 31451  98.7821 225.1145 0030442 329.8844 208.9522 14.13357122936524
FENGYUN 1C DEB
1 31451U 99025BUP 25180.39576701  .00000360  00000-0  21419-3 0  9992
2 31451  98.7821 225.6391 0030417 328.3329  47.6802 14.13357495936607
FENGYUN 1C DEB
1 31451U 99025BUP 25181.91437611  .00000370  00000-0  21941-3 0  9998
2 31451  98.7821 227.1302 0030343 323.7966 214.7198 14.13359006939631
FENGYUN 1C DEB
1 31451U 99025BUP 25182.09708990  .00000368  00000-0  21856-3 0  9991
2 31451  98.7821 227.3096 0030332 323.2564  64.4052 14.13359180936842
FENGYUN 1C DEB
1 31451U 99025BUP 25183.08867464  .00000413  00000-0  24250-3 0  9995
2 31451  98.7820 228.2831 0030289 320.3403  69.7803 14.13360384936984
FENGYUN 1C DEB
1 31451U 99025BUP 25184.07977975  .00000421  00000-0  24636-3 0  9991
2 31451  98.7820 229.2561 0030249 317.4196  72.7242 14.13361363939945
FENGYUN 1C DEB
1 31451U 99025BUP 25184.07977975  .00000421  00000-0  24636-3 0  9991
2 31451  98.7820 229.2561 0030249 317.4196  72.7242 14.13361363937123
FENGYUN 1C DEB
1 31451U 99025BUP 25185.36024687  .00000437  00000-0  25512-3 0  9998
2 31451  98.7820 230.5133 0030200 313.6491 108.0023 14.13362570937307
FENGYUN 1C DEB
1 31451U 99025BUP 25185.87916365  .00000432  00000-0  25237-3 0  9996
2 31451  98.7820 231.0228 0030186 312.1138 228.3655 14.13362982937374
FENGYUN 1C DEB
1 31451U 99025BUP 25191.08833101  .00000347  00000-0  20704-3 0  9991
2 31451  98.7822 236.1372 0030067 296.6698  93.8419 14.13367398940932
FENGYUN 1C DEB
1 31451U 99025BUP 25191.08833101  .00000347  00000-0  20704-3 0  9991
2 31451  98.7822 236.1372 0030067 296.6698  93.8419 14.13367398938119
FENGYUN 1C DEB
1 31451U 99025BUP 25192.59895491  .00000351  00000-0  20922-3 0  9995
2 31451  98.7823 237.6205 0030048 292.2062 220.2557 14.13368809938327
FENGYUN 1C DEB
1 31451U 99025BUP 25194.41284657  .00000399  00000-0  23483-3 0  9991
2 31451  98.7820 239.4011 0030035 286.7867  89.8391 14.13370686941398
FENGYUN 1C DEB
1 31451U 99025BUP 25194.41284657  .00000399  00000-0  23483-3 0  9991
2 31451  98.7820 239.4011 0030035 286.7867  89.8391 14.13370686938585
FENGYUN 1C DEB
1 31451U 99025BUP 25199.08772822  .00000364  00000-0  21610-3 0  9997
2 31451  98.7818 243.9906 0030065 272.8119 116.9829 14.13374703942064
FENGYUN 1C DEB
1 31451U 99025BUP 25199.36811083  .00000365  00000-0  21685-3 0  9994
2 31451  98.7817 244.2657 0030061 272.0036 103.6208 14.13374853939286
FENGYUN 1C DEB
1 31451U 99025BUP 25199.95523358  .00000385  00000-0  22757-3 0  9997
2 31451  98.7815 244.8420 0030077 270.2581 211.0665 14.13375518939369
FENGYUN 1C DEB
1 31451U 99025BUP 25200.07877679  .00000385  00000-0  22753-3 0  9997
2 31451  98.7815 244.9633 0030080 269.8874 119.6926 14.13375632939381
FENGYUN 1C DEB
1 31451U 99025BUP 25200.88719841  .00000394  00000-0  23238-3 0  9991
2 31451  98.7816 245.7570 0030093 267.4898 273.1646 14.13376324939491
FENGYUN 1C DEB
1 31451U 99025BUP 25201.42097587  .00000388  00000-0  22912-3 0  9999
2 31451  98.7815 246.2810 0030092 265.9269 109.1520 14.13376694942388
FENGYUN 1C DEB
1 31451U 99025BUP 25201.42097587  .00000388  00000-0  22912-3 0  9999
2 31451  98.7815 246.2810 0030092 265.9269 109.1520 14.13376694939575
FENGYUN 1C DEB
1 31451U 99025BUP 25201.87795486  .00000395  00000-0  23289-3 0  9997
2 31451  98.7815 246.7297 0030102 264.5695 274.3912 14.13377108939637
FENGYUN 1C DEB
1 31451U 99025BUP 25202.86897742  .00000414  00000-0  24277-3 0  9995
2 31451  98.7815 247.7026 0030132 261.6325 276.9910 14.13378025939779
FENGYUN 1C DEB
1 31451U 99025BUP 25203.92054575  .00000449  00000-0  26137-3 0  9997
2 31451  98.7815 248.7349 0030161 258.5108 227.6741 14.13379173942745
FENGYUN 1C DEB
1 31451U 99025BUP 25204.39451524  .00000485  00000-0  28018-3 0  9994
2 31451  98.7815 249.2002 0030187 257.0945 119.3794 14.13379898939990
FENGYUN 1C DEB
1 31451U 99025BUP 25205.38650507  .00000502  00000-0  28955-3 0  9996
2 31451  98.7815 250.1741 0030224 254.1609 126.9063 14.13381124940134
FENGYUN 1C DEB
1 31451U 99025BUP 25206.09604543  .00000486  00000-0  28069-3 0  9991
2 31451  98.7814 250.8706 0030252 252.0644 137.2499 14.13381851943057
FENGYUN 1C DEB
1 31451U 99025BUP 25206.09604543  .00000486  00000-0  28069-3 0  9991
2 31451  98.7814 250.8706 0030252 252.0644 137.2499 14.13381851940234
FENGYUN 1C DEB
1 31451U 99025BUP 25207.89572854  .00000518  00000-0  29763-3 0  9997
2 31451  98.7813 252.6374 0030309 246.7610 294.5469 14.13384152940488
FENGYUN 1C DEB
1 31451U 99025BUP 25208.59815957  .00000507  00000-0  29209-3 0  9992
2 31451  98.7812 253.3269 0030335 244.6862 268.7231 14.13384920940587
FENGYUN 1C DEB
1 31451U 99025BUP 25208.88677076  .00000504  00000-0  29021-3 0  9991
2 31451  98.7812 253.6102 0030346 243.8356 297.2609 14.13385224943449
FENGYUN 1C DEB
1 31451U 99025BUP 25208.88677076  .00000504  00000-0  29021-3 0  9991
2 31451  98.7812 253.6102 0030346 243.8356 297.2609 14.13385224940626
FENGYUN 1C DEB
1 31451U 99025BUP 25209.06945787  .00000500  00000-0  28828-3 0  9999
2 31451  98.7811 253.7896 0030354 243.3009 146.8224 14.13385425940653
FENGYUN 1C DEB
1 31451U 99025BUP 25209.65500404  .00000486  00000-0  28076-3 0  9995
2 31451  98.7811 254.3644 0030385 241.5747 246.2531 14.13385994940730
FENGYUN 1C DEB
1 31451U 99025BUP 25215.08638083  .00000471  00000-0  27266-3 0  9998
2 31451  98.7808 259.6960 0030696 225.6860 162.6412 14.13392330944329
FENGYUN 1C DEB
1 31451U 99025BUP 25215.60668666  .00000482  00000-0  27852-3 0  9999
2 31451  98.7808 260.2068 0030731 224.1672 290.1082 14.13393009941579
FENGYUN 1C DEB
1 31451U 99025BUP 25215.89512697  .00000468  00000-0  27137-3 0  9992
2 31451  98.7808 260.4899 0030736 223.3315 317.7703 14.13393248941619
FENGYUN 1C DEB
1 31451U 99025BUP 25216.59762903  .00000505  00000-0  29089-3 0  9997
2 31451  98.7808 261.1795 0030775 221.2898 292.2983 14.13394259941719
FENGYUN 1C DEB
1 31451U 99025BUP 25216.88621925  .00000485  00000-0  28028-3 0  9996
2 31451  98.7808 261.4629 0030784 220.4527 320.7253 14.13394461941754
FENGYUN 1C DEB
1 31451U 99025BUP 25218.41118876  .00000463  00000-0  26865-3 0  9996
2 31451  98.7806 262.9597 0030885 216.0288 160.2003 14.13396079941970
FENGYUN 1C DEB
1 31451U 99025BUP 25218.41118876  .00000463  00000-0  26865-3 0  9996
2 31451  98.7806 262.9597 0030885 216.0288 160.2003 14.13396079941970
FENGYUN 1C DEB
1 31451U 99025BUP 25218.41118876  .00000463  00000-0  26865-3 0  9996
2 31451  98.7806 262.9597 0030885 216.0288 160.2003 14.13396079944782
FENGYUN 1C DEB
1 31451U 99025BUP 25220.39246125  .00000456  00000-0  26475-3 0  9994
2 31451  98.7804 264.9045 0031027 210.3322 161.4333 14.13398126942259
FENGYUN 1C DEB
1 31451U 99025BUP 25221.38590808  .00000513  00000-0  29481-3 0  9998
2 31451  98.7803 265.8796 0031082 207.4901 176.3439 14.13399616945207
FENGYUN 1C DEB
1 31451U 99025BUP 25221.38590808  .00000513  00000-0  29481-3 0  9998
2 31451  98.7803 265.8796 0031082 207.4901 176.3439 14.13399616942394
FENGYUN 1C DEB
1 31451U 99025BUP 25222.61455973  .00000540  00000-0  30936-3 0  9995
2 31451  98.7802 267.0856 0031195 203.9960 308.0215 14.13401281942562
FENGYUN 1C DEB
1 31451U 99025BUP 25223.08597763  .00000540  00000-0  30896-3 0  9996
2 31451  98.7801 267.5483 0031228 202.6646 186.7020 14.13401814942631
FENGYUN 1C DEB
1 31451U 99025BUP 25223.36647394  .00000532  00000-0  30471-3 0  9993
2 31451  98.7800 267.8235 0031229 201.8396 173.9629 14.13402036942676
FENGYUN 1C DEB
1 31451U 99025BUP 25223.89299959  .00000497  00000-0  28629-3 0  9993
2 31451  98.7799 268.3403 0031264 200.3288 333.0700 14.13402476945567
FENGYUN 1C DEB
1 31451U 99025BUP 25223.95368495  .00000496  00000-0  28569-3 0  9994
2 31451  98.7803 268.4000 0031266 200.1547 281.8539 14.13402536942750
FENGYUN 1C DEB
1 31451U 99025BUP 25224.07717650  .00000493  00000-0  28407-3 0  9997
2 31451  98.7803 268.5213 0031272 199.8022 190.2112 14.13402666942772
FENGYUN 1C DEB
1 31451U 99025BUP 25225.87605807  .00000503  00000-0  28941-3 0  9991
2 31451  98.7801 270.2869 0031392 194.6731 343.3912 14.13404716943026
FENGYUN 1C DEB
1 31451U 99025BUP 25226.41064749  .00000515  00000-0  29596-3 0  9996
2 31451  98.7799 270.8117 0031415 193.1161 183.5568 14.13405352943108
FENGYUN 1C DEB
1 31451U 99025BUP 25226.41064749  .00000515  00000-0  29596-3 0  9996
2 31451  98.7799 270.8117 0031415 193.1161 183.5568 14.13405352945919
FENGYUN 1C DEB
1 31451U 99025BUP 25227.40157896  .00000483  00000-0  27902-3 0  9995
2 31451  98.7798 271.7843 0031480 190.2907 185.6825 14.13406289943245
FENGYUN 1C DEB
1 31451U 99025BUP 25228.92017971  .00000445  00000-0  25867-3 0  9998
2 31451  98.7798 273.2749 0031596 186.0626 352.6358 14.13407705946273
FENGYUN 1C DEB
1 31451U 99025BUP 25229.38525242  .00000454  00000-0  26346-3 0  9997
2 31451  98.7797 273.7314 0031626 184.7436 199.0470 14.13408236943526
FENGYUN 1C DEB
1 31451U 99025BUP 25229.91100197  .00000445  00000-0  25862-3 0  9996
2 31451  98.7797 274.2474 0031662 183.2721 354.1797 14.13408759943593
FENGYUN 1C DEB
1 31451U 99025BUP 25230.09420740  .00000444  00000-0  25817-3 0  9995
2 31451  98.7797 274.4272 0031675 182.7604 206.3695 14.13408961943623
FENGYUN 1C DEB
1 31451U 99025BUP 25234.86640888  .00000437  00000-0  25457-3 0  9993
2 31451  98.7794 279.1110 0031953 169.3645   8.4944 14.13413411944296
FENGYUN 1C DEB
1 31451U 99025BUP 25235.40091225  .00000453  00000-0  26288-3 0  9990
2 31451  98.7793 279.6356 0031993 167.8890 208.1586 14.13414046944376
FENGYUN 1C DEB
1 31451U 99025BUP 25236.91860756  .00000473  00000-0  27318-3 0  9997
2 31451  98.7790 281.1251 0032079 163.6809  10.5303 14.13415713944582
FENGYUN 1C DEB
1 31451U 99025BUP 25238.37546569  .00000491  00000-0  28296-3 0  9998
2 31451  98.7789 282.5548 0032165 159.6430 223.3563 14.13417419944795
FENGYUN 1C DEB
1 31451U 99025BUP 25238.90158253  .00000526  00000-0  30135-3 0  9990
2 31451  98.7787 283.0711 0032191 158.1892  20.3569 14.13418220944866
FENGYUN 1C DEB
1 31451U 99025BUP 25239.08470905  .00000527  00000-0  30219-3 0  9995
2 31451  98.7787 283.2508 0032201 157.6829 232.1462 14.13418445944895
FENGYUN 1C DEB
1 31451U 99025BUP 25239.36520139  .00000563  00000-0  32086-3 0  9995
2 31451  98.7787 283.5261 0032215 156.8982 219.3641 14.13418925944934
FENGYUN 1C DEB
1 31451U 99025BUP 25240.07607171  .00000616  00000-0  34885-3 0  9995
2 31451  98.7786 284.2237 0032246 154.9274 236.4424 14.13420079945035
FENGYUN 1C DEB
1 31451U 99025BUP 25240.94366962  .00000694  00000-0  39055-3 0  9991
2 31451  98.7784 285.0751 0032280 152.5250 330.9885 14.13421552945150
FENGYUN 1C DEB
1 31451U 99025BUP 25241.93479345  .00000708  00000-0  39753-3 0  9992
2 31451  98.7784 286.0477 0032319 149.7884 334.0608 14.13422877945294
FENGYUN 1C DEB
1 31451U 99025BUP 25243.40020398  .00000846  00000-0  47099-3 0  9991
2 31451  98.7783 287.4858 0032377 145.7510 230.4204 14.13425865945502
FENGYUN 1C DEB
1 31451U 99025BUP 25243.92771946  .00000956  00000-0  52875-3 0  9990
2 31451  98.7783 288.0035 0032392 144.3130  34.5339 14.13427355945571
FENGYUN 1C DEB
1 31451U 99025BUP 25244.39028640  .00001025  00000-0  56555-3 0  9995
2 31451  98.7782 288.4574 0032413 143.0398 228.1874 14.13428469945648
FENGYUN 1C DEB
1 31451U 99025BUP 25245.38341978  .00001155  00000-0  63420-3 0  9990
2 31451  98.7782 289.4319 0032448 140.3190 241.4909 14.13431218945782
FENGYUN 1C DEB
1 31451U 99025BUP 25245.90955289  .00001073  00000-0  59088-3 0  9998
2 31451  98.7781 289.9482 0032467 138.8680  38.5938 14.13431755945855
FENGYUN 1C DEB
1 31451U 99025BUP 25246.90009014  .00000968  00000-0  53545-3 0  9999
2 31451  98.7780 290.9202 0032498 136.1549  38.6963 14.13433246945996
FENGYUN 1C DEB
1 31451U 99025BUP 25247.36424481  .00000960  00000-0  53083-3 0  9998
2 31451  98.7780 291.3757 0032512 134.8838 240.4339 14.13434150946063
FENGYUN 1C DEB
1 31451U 99025BUP 25248.07516197  .00000942  00000-0  52140-3 0  9996
2 31451  98.7779 292.0733 0032530 132.9295 257.7735 14.13435545946160
FENGYUN 1C DEB
1 31451U 99025BUP 25249.06621061  .00000882  00000-0  48974-3 0  9996
2 31451  98.7778 293.0457 0032556 130.2082 260.4996 14.13437175946303
FENGYUN 1C DEB
1 31451U 99025BUP 25249.87375468  .00000922  00000-0  51085-3 0  9994
2 31451  98.7776 293.8381 0032575 127.9967  49.5047 14.13439024946411
FENGYUN 1C DEB
1 31451U 99025BUP 25250.86493559  .00000726  00000-0  40718-3 0  9990
2 31451  98.7774 294.8106 0032597 125.2963  52.8925 14.13439757946556
FENGYUN 1C DEB
1 31451U 99025BUP 25251.39941814  .00000694  00000-0  38989-3 0  9992
2 31451  98.7773 295.3351 0032605 123.8435 252.4793 14.13440557946631
FENGYUN 1C DEB
1 31451U 99025BUP 25252.91711698  .00000556  00000-0  31690-3 0  9995
2 31451  98.7771 296.8242 0032615 119.7321  54.9186 14.13442248946846
FENGYUN 1C DEB
1 31451U 99025BUP 25253.38260802  .00000525  00000-0  30067-3 0  9996
2 31451  98.7770 297.2809 0032634 118.4477 263.4804 14.13442719946913
FENGYUN 1C DEB
1 31451U 99025BUP 25253.90875737  .00000447  00000-0  25934-3 0  9993
2 31451  98.7769 297.7971 0032626 117.0334  60.6534 14.13442953946988
FENGYUN 1C DEB
1 31451U 99025BUP 25255.89141299  .00000373  00000-0  22016-3 0  9998
2 31451  98.7765 299.7422 0032642 111.6159  68.9734 14.13444688947262
FENGYUN 1C DEB
1 31451U 99025BUP 25256.88243758  .00000404  00000-0  23671-3 0  9994
2 31451  98.7764 300.7145 0032642 108.8978  71.6056 14.13445722947407
FENGYUN 1C DEB
1 31451U 99025BUP 25257.41660352  .00000411  00000-0  24020-3 0  9994
2 31451  98.7764 301.2387 0032648 107.4297 269.6068 14.13446157947489
FENGYUN 1C DEB
1 31451U 99025BUP 25262.37264796  .00000512  00000-0  29394-3 0  9998
2 31451  98.7759 306.1008 0032587  93.8740 287.4846 14.13451785948183
FENGYUN 1C DEB
1 31451U 99025BUP 25263.37213404  .00000594  00000-0  33711-3 0  9997
2 31451  98.7757 307.0813 0032572  91.1300 333.2008 14.13453443948321
FENGYUN 1C DEB
1 31451U 99025BUP 25264.36294278  .00000708  00000-0  39723-3 0  9991
2 31451  98.7755 308.0532 0032547  88.4156 334.7621 14.13455233948469
FENGYUN 1C DEB
1 31451U 99025BUP 25264.88128816  .00000795  00000-0  44335-3 0  9993
2 31451  98.7753 308.5616 0032550  86.9673  92.3058 14.13456397948537
FENGYUN 1C DEB
1 31451U 99025BUP 25269.61861285  .00001034  00000-0  56985-3 0  9994
2 31451  98.7745 313.2089 0032368  73.9376  77.5476 14.13466312949200
FENGYUN 1C DEB
1 31451U 99025BUP 25270.60966986  .00001059  00000-0  58320-3 0  9991
2 31451  98.7744 314.1810 0032326  71.2029  80.4390 14.13468589949342
FENGYUN 1C DEB
1 31451U 99025BUP 25271.08843138  .00001020  00000-0  56260-3 0  9996
2 31451  98.7744 314.6506 0032305  69.8770 356.5765 14.13469495949410
FENGYUN 1C DEB
1 31451U 99025BUP 25271.37113693  .00001032  00000-0  56864-3 0  9997
2 31451  98.7742 314.9278 0032306  69.1022 355.0903 14.13470071949455
FENGYUN 1C DEB
1 31451U 99025BUP 25271.37113693  .00001032  00000-0  56864-3 0  9997
2 31451  98.7742 314.9278 0032306  69.1022 355.0903 14.13470071949455
FENGYUN 1C DEB
1 31451U 99025BUP 25277.61748802  .00001190  00000-0  65210-3 0  9996
2 31451  98.7732 321.0540 0032052  51.8200  99.3325 14.13487844950330
FENGYUN 1C DEB
1 31451U 99025BUP 25277.90590367  .00001136  00000-0  62388-3 0  9992
2 31451  98.7733 321.3371 0031992  50.9718 126.9827 14.13488513950374
FENGYUN 1C DEB
1 31451U 99025BUP 25279.08067524  .00000974  00000-0  53820-3 0  9997
2 31451  98.7731 322.4893 0031900  47.6407 344.8745 14.13490884950543
FENGYUN 1C DEB
1 31451U 99025BUP 25279.08067525  .00000974  00000-0  53820-3 0  9998
2 31451  98.7731 322.4893 0031900  47.6407 344.8745 14.13490884950543
FENGYUN 1C DEB
1 31451U 99025BUP 25280.07123889  .00000902  00000-0  49969-3 0  9995
2 31451  98.7726 323.4605 0031837  44.8878 345.3651 14.13492846950686
FENGYUN 1C DEB
1 31451U 99025BUP 25280.36067281  .00000868  00000-0  48207-3 0  9995
2 31451  98.7725 323.7444 0031863  44.1165  18.1182 14.13493205950729
FENGYUN 1C DEB
1 31451U 99025BUP 25284.91289824  .00000742  00000-0  41511-3 0  9991
2 31451  98.7719 328.2095 0031477  31.0115 142.6765 14.13500339951363
FENGYUN 1C DEB
1 31451U 99025BUP 25285.61655904  .00000745  00000-0  41694-3 0  9990
2 31451  98.7716 328.8989 0031483  29.0886 123.2469 14.13501486951468
FENGYUN 1C DEB
1 31451U 99025BUP 25285.90470348  .00000769  00000-0  42944-3 0  9994
2 31451  98.7712 329.1811 0031441  28.2150 149.5531 14.13502014951505
FENGYUN 1C DEB
1 31451U 99025BUP 25286.60762838  .00000734  00000-0  41130-3 0  9998
2 31451  98.7706 329.8701 0031469  26.3728 126.3044 14.13502962951608
FENGYUN 1C DEB
1 31451U 99025BUP 25286.89482579  .00000732  00000-0  41001-3 0  9995
2 31451  98.7702 330.1517 0031454  25.6025 147.6926 14.13503343951643
FENGYUN 1C DEB
1 31451U 99025BUP 25287.88728229  .00000758  00000-0  42366-3 0  9993
2 31451  98.7696 331.1242 0031381  22.7677 157.9331 14.13505086951786
FENGYUN 1C DEB
1 31451U 99025BUP 25288.07033273  .00000758  00000-0  42386-3 0  9995
2 31451  98.7696 331.3036 0031364  22.2487   9.4055 14.13505397951817
FENGYUN 1C DEB
1 31451U 99025BUP 25288.87683318  .00000877  00000-0  48693-3 0  9993
2 31451  98.7694 332.0944 0031351  19.9730 153.3619 14.13507247951924
FENGYUN 1C DEB
1 31451U 99025BUP 25288.87683319  .00000877  00000-0  48693-3 0  9994
2 31451  98.7694 332.0945 0031351  19.9730 153.3619 14.13507247951925
FENGYUN 1C DEB
1 31451U 99025BUP 25289.92886867  .00000836  00000-0  46523-3 0  9999
2 31451  98.7719 333.1276 0031282  16.8299 106.9200 14.13508095952070
FENGYUN 1C DEB
1 31451U 99025BUP 25289.92886868  .00000836  00000-0  46523-3 0  9990
2 31451  98.7719 333.1276 0031282  16.8299 106.9200 14.13508095952070
FENGYUN 1C DEB
1 31451U 99025BUP 25291.39409363  .00000791  00000-0  44133-3 0  9990
2 31451  98.7714 334.5644 0031212  12.6916   2.8764 14.13509935952288
FENGYUN 1C DEB
1 31451U 99025BUP 25292.38626175  .00000983  00000-0  54286-3 0  9995
2 31451  98.7711 335.5373 0031172   9.8878  11.6492 14.13512974952424
FENGYUN 1C DEB
1 31451U 99025BUP 25294.60680818  .00000924  00000-0  51178-3 0  9998
2 31451  98.7701 337.7142 0031070   3.6464 151.1648 14.13517015952739
FENGYUN 1C DEB
1 31451U 99025BUP 25294.60680819  .00000924  00000-0  51178-3 0  9999
2 31451  98.7701 337.7142 0031070   3.6464 151.1648 14.13517015952739
FENGYUN 1C DEB
1 31451U 99025BUP 25295.07774161  .00000877  00000-0  48690-3 0  9997
2 31451  98.7697 338.1756 0031057   2.3372  27.5546 14.13517621952802
FENGYUN 1C DEB
1 31451U 99025BUP 25295.07774161  .00000877  00000-0  48690-3 0  9997
2 31451  98.7697 338.1756 0031057   2.3372  27.5546 14.13517621952802
FENGYUN 1C DEB
1 31451U 99025BUP 25295.59744640  .00000864  00000-0  47971-3 0  9990
2 31451  98.7697 338.6852 0031035   0.8726 152.1446 14.13518546952874
FENGYUN 1C DEB
1 31451U 99025BUP 25298.40173096  .00000854  00000-0  47460-3 0  9996
2 31451  98.7691 341.4348 0030879 352.7202  22.4256 14.13524187953274
FENGYUN 1C DEB
1 31451U 99025BUP 25298.40173097  .00000854  00000-0  47460-3 0  9997
2 31451  98.7691 341.4348 0030879 352.7202  22.4256 14.13524187953274
FENGYUN 1C DEB
1 31451U 99025BUP 25299.39285666  .00000820  00000-0  45631-3 0  9993
2 31451  98.7691 342.4065 0030827 349.8394  26.0169 14.13525727953413
FENGYUN 1C DEB
1 31451U 99025BUP 25299.39285666  .00000820  00000-0  45631-3 0  9993
2 31451  98.7691 342.4065 0030827 349.8394  26.0170 14.13525727953415
FENGYUN 1C DEB
1 31451U 99025BUP 25301.37564031  .00000817  00000-0  45506-3 0  9998
2 31451  98.7691 344.3506 0030732 344.0150  35.9892 14.13529205953693
FENGYUN 1C DEB
1 31451U 99025BUP 25301.90214105  .00000790  00000-0  44044-3 0  9997
2 31451  98.7692 344.8669 0030716 342.3883 195.3251 14.13529945953764
FENGYUN 1C DEB
1 31451U 99025BUP 25302.36568013  .00000809  00000-0  45083-3 0  9993
2 31451  98.7694 345.3216 0030691 341.0564  34.1535 14.13530811953831
FENGYUN 1C DEB
1 31451U 99025BUP 25302.36568013  .00000809  00000-0  45083-3 0  9993
2 31451  98.7694 345.3216 0030691 341.0564  34.1535 14.13530811953831
FENGYUN 1C DEB
1 31451U 99025BUP 25304.87517704  .00000806  00000-0  44935-3 0  9994
2 31451  98.7692 347.7818 0030600 333.7458 204.4507 14.13535137954189
FENGYUN 1C DEB
1 31451U 99025BUP 25305.86528072  .00000787  00000-0  43924-3 0  9999
2 31451  98.7690 348.7524 0030566 330.8459 202.9040 14.13536721954323
FENGYUN 1C DEB
1 31451U 99025BUP 25306.40038093  .00000764  00000-0  42718-3 0  9994
2 31451  98.7689 349.2769 0030555 329.2631  45.9473 14.13537529954401
FENGYUN 1C DEB
1 31451U 99025BUP 25307.39158337  .00000727  00000-0  40755-3 0  9995
2 31451  98.7688 350.2486 0030523 326.3511  50.0107 14.13539108954549
FENGYUN 1C DEB
1 31451U 99025BUP 25308.38275919  .00000715  00000-0  40118-3 0  9991
2 31451  98.7686 351.2202 0030500 323.4310  53.9527 14.13540833954684
FENGYUN 1C DEB
1 31451U 99025BUP 25308.38275920  .00000715  00000-0  40118-3 0  9993
2 31451  98.7686 351.2202 0030500 323.4310  53.9527 14.13540833954684
FENGYUN 1C DEB
1 31451U 99025BUP 25308.90903707  .00000684  00000-0  38466-3 0  9990
2 31451  98.7684 351.7360 0030483 321.8911 212.0919 14.13541588954750
FENGYUN 1C DEB
1 31451U 99025BUP 25309.37369579  .00000733  00000-0  41055-3 0  9998
2 31451  98.7683 352.1915 0030468 320.5363  56.6577 14.13542628954826
FENGYUN 1C DEB
1 31451U 99025BUP 25311.35513292  .00000909  00000-0  50365-3 0  9991
2 31451  98.7681 354.1338 0030397 314.7553  59.8654 14.13547174955106
FENGYUN 1C DEB
1 31451U 99025BUP 25311.88336765  .00000892  00000-0  49468-3 0  9990
2 31451  98.7681 354.6516 0030380 313.2173 227.9664 14.13548037955178
FENGYUN 1C DEB
1 31451U 99025BUP 25311.88336766  .00000892  00000-0  49468-3 0  9991
2 31451  98.7681 354.6517 0030380 313.2174 227.9664 14.13548037955170
FENGYUN 1C DEB
1 31451U 99025BUP 25312.41630388  .00000923  00000-0  51111-3 0  9991
2 31451  98.7679 355.1740 0030379 311.6381  60.0223 14.13549209955259
FENGYUN 1C DEB
1 31451U 99025BUP 25312.41630388  .00000923  00000-0  51111-3 0  9991
2 31451  98.7679 355.1740 0030379 311.6381  60.0223 14.13549209955259
FENGYUN 1C DEB
1 31451U 99025BUP 25315.39019766  .00001119  00000-0  61433-3 0  9998
2 31451  98.7675 358.0890 0030358 302.8645  73.8551 14.13556384955679
FENGYUN 1C DEB
1 31451U 99025BUP 25316.90838060  .00001446  00000-0  78722-3 0  9994
2 31451  98.7673 359.5770 0030334 298.4149 239.7401 14.13562340955882
FENGYUN 1C DEB
1 31451U 99025BUP 25317.09127163  .00001449  00000-0  78884-3 0  9992
2 31451  98.7673 359.7562 0030336 297.8748  90.4605 14.13562893955918
FENGYUN 1C DEB
1 31451U 99025BUP 25317.09127164  .00001449  00000-0  78884-3 0  9993
2 31451  98.7673 359.7562 0030336 297.8748  90.4605 14.13562893955918
FENGYUN 1C DEB
1 31451U 99025BUP 25317.37322384  .00001501  00000-0  81589-3 0  9990
2 31451  98.7675   0.0328 0030354 297.0150  85.3283 14.13564212955951
FENGYUN 1C DEB
1 31451U 99025BUP 25317.37322385  .00001501  00000-0  81589-3 0  9991
2 31451  98.7675   0.0328 0030354 297.0150  85.3283 14.13564212955951
FENGYUN 1C DEB
1 31451U 99025BUP 25318.36271850  .00001369  00000-0  74648-3 0  9991
2 31451  98.7674   1.0028 0030359 294.1021  80.8008 14.13566426956098
FENGYUN 1C DEB
1 31451U 99025BUP 25319.36305706  .00001358  00000-0  74065-3 0  9991
2 31451  98.7674   1.9833 0030372 291.1760 131.4518 14.13569507956231
FENGYUN 1C DEB
1 31451U 99025BUP 25319.59460955  .00001358  00000-0  74041-3 0  9998
2 31451  98.7674   2.2103 0030357 290.5031 229.8033 14.13570277956265
FENGYUN 1C DEB
1 31451U 99025BUP 25319.59460955  .00001358  00000-0  74041-3 0  9998
2 31451  98.7674   2.2103 0030357 290.5031 229.8033 14.13570277956265
FENGYUN 1C DEB
1 31451U 99025BUP 25320.87223630  .00001228  00000-0  67178-3 0  9997
2 31451  98.7672   3.4626 0030353 286.7475 251.5910 14.13573596956444
FENGYUN 1C DEB
1 31451U 99025BUP 25323.38893584  .00000851  00000-0  47276-3 0  9995
2 31451  98.7666   5.9293 0030391 279.3404  99.0114 14.13578360956801
FENGYUN 1C DEB
1 31451U 99025BUP 25324.38115189  .00000773  00000-0  43114-3 0  9994
2 31451  98.7664   6.9018 0030406 276.4194 108.3847 14.13579998956946
FENGYUN 1C DEB
1 31451U 99025BUP 25324.38115189  .00000773  00000-0  43114-3 0  9994
2 31451  98.7664   6.9018 0030406 276.4194 108.3847 14.13579998956946
FENGYUN 1C DEB
1 31451U 99025BUP 25325.38014185  .00000781  00000-0  43535-3 0  9995
2 31451  98.7662   7.8809 0030394 273.4935 152.2240 14.13582139957080
FENGYUN 1C DEB
1 31451U 99025BUP 25325.38014186  .00000781  00000-0  43535-3 0  9996
2 31451  98.7662   7.8809 0030394 273.4936 152.2240 14.13582139957081
FENGYUN 1C DEB
1 31451U 99025BUP 25328.87052030  .00000837  00000-0  46494-3 0  9992
2 31451  98.7656  11.3015 0030423 263.2619 274.7398 14.13588680957576
FENGYUN 1C DEB
1 31451U 99025BUP 25328.87052031  .00000837  00000-0  46494-3 0  9993
2 31451  98.7656  11.3015 0030423 263.2619 274.7398 14.13588680957576
FENGYUN 1C DEB
1 31451U 99025BUP 25329.40482581  .00000841  00000-0  46719-3 0  9995
2 31451  98.7655  11.8249 0030454 261.6947 113.8259 14.13589680957658
FENGYUN 1C DEB
1 31451U 99025BUP 25329.86158708  .00000826  00000-0  45947-3 0  9991
2 31451  98.7652  12.2725 0030487 260.3883 278.2564 14.13590421957717
FENGYUN 1C DEB
1 31451U 99025BUP 25329.86158709  .00000826  00000-0  45947-3 0  9992
2 31451  98.7652  12.2725 0030487 260.3884 278.2564 14.13590421957718
FENGYUN 1C DEB
1 31451U 99025BUP 25332.37910598  .00000723  00000-0  40501-3 0  9991
2 31451  98.7650  14.7394 0030504 252.9634 129.9998 14.13594128958076
FENGYUN 1C DEB
1 31451U 99025BUP 25333.60843689  .00000679  00000-0  38140-3 0  9990
2 31451  98.7650  15.9443 0030599 249.4188 266.0395 14.13595890958243
FENGYUN 1C DEB
1 31451U 99025BUP 25333.60843689  .00000679  00000-0  38140-3 0  9990
2 31451  98.7650  15.9443 0030599 249.4188 266.0395 14.13595890958243
FENGYUN 1C DEB
1 31451U 99025BUP 25334.88772765  .00000719  00000-0  40259-3 0  9996
2 31451  98.7650  17.1982 0030709 245.7629 296.2994 14.13598001958424
FENGYUN 1C DEB
1 31451U 99025BUP 25335.87854270  .00000771  00000-0  42990-3 0  9990
2 31451  98.7648  18.1690 0030733 242.8982 298.5579 14.13599737958561
FENGYUN 1C DEB
1 31451U 99025BUP 25335.87854270  .00000771  00000-0  42990-3 0  9990
2 31451  98.7648  18.1690 0030733 242.8982 298.5579 14.13599737958561
FENGYUN 1C DEB
1 31451U 99025BUP 25338.39410882  .00001168  00000-0  63945-3 0  9991
2 31451  98.7647  20.6343 0030824 235.6476 140.2863 14.13606143958921
FENGYUN 1C DEB
1 31451U 99025BUP 25338.39410882  .00001168  00000-0  63945-3 0  9991
2 31451  98.7647  20.6343 0030824 235.6476 140.2863 14.13606143958921
FENGYUN 1C DEB
1 31451U 99025BUP 25339.38594249  .00001074  00000-0  59007-3 0  9991
2 31451  98.7647  21.6064 0030874 232.7196 147.8140 14.13607542959065
FENGYUN 1C DEB
1 31451U 99025BUP 25340.09554502  .00001042  00000-0  57298-3 0  9994
2 31451  98.7646  22.3018 0030911 230.6860 158.9870 14.13608845959169
FENGYUN 1C DEB
1 31451U 99025BUP 25341.89510840  .00000951  00000-0  52498-3 0  9995
2 31451  98.7639  24.0647 0030952 225.3865 317.1433 14.13612448959415
FENGYUN 1C DEB
1 31451U 99025BUP 25342.07792971  .00000942  00000-0  52023-3 0  9997
2 31451  98.7639  24.2438 0030960 224.8641 167.5245 14.13612822959447
FENGYUN 1C DEB
1 31451U 99025BUP 25342.88434720  .00000900  00000-0  49786-3 0  9997
2 31451  98.7644  25.0348 0030996 222.5718 311.3890 14.13614333959557
FENGYUN 1C DEB
1 31451U 99025BUP 25342.88434721  .00000900  00000-0  49786-3 0  9998
2 31451  98.7644  25.0348 0030996 222.5718 311.3890 14.13614333959557
FENGYUN 1C DEB
1 31451U 99025BUP 25344.41047801  .00000961  00000-0  53023-3 0  9994
2 31451  98.7639  26.5296 0031107 218.3258 157.8060 14.13618188959774
FENGYUN 1C DEB
1 31451U 99025BUP 25344.41047802  .00000961  00000-0  53023-3 0  9995
2 31451  98.7639  26.5296 0031107 218.3258 157.8060 14.13618188959774
FENGYUN 1C DEB
1 31451U 99025BUP 25344.86704044  .00000932  00000-0  51459-3 0  9991
2 31451  98.7640  26.9773 0031122 216.9728 321.3199 14.13619047959836
FENGYUN 1C DEB
1 31451U 99025BUP 25344.86704044  .00000932  00000-0  51459-3 0  9991
2 31451  98.7640  26.9773 0031122 216.9728 321.3199 14.13619047959836
FENGYUN 1C DEB
1 31451U 99025BUP 25346.91861949  .00000954  00000-0  52626-3 0  9998
2 31451  98.7636  28.9872 0031200 211.0316 321.9918 14.13623837960120
FENGYUN 1C DEB
1 31451U 99025BUP 25347.38415545  .00000989  00000-0  54466-3 0  9999
2 31451  98.7638  29.4435 0031230 209.6999 171.1363 14.13625186960191
FENGYUN 1C DEB
1 31451U 99025BUP 25348.09901049  .00000854  00000-0  47352-3 0  9994
2 31451  98.7635  30.1439 0031264 207.7192 209.0162 14.13625944960293
FENGYUN 1C DEB
1 31451U 99025BUP 25349.36456566  .00000695  00000-0  38957-3 0  9998
2 31451  98.7636  31.3841 0031322 204.0855 169.5331 14.13627690960473
FENGYUN 1C DEB
1 31451U 99025BUP 25351.06658265  .00000619  00000-0  34951-3 0  9994
2 31451  98.7632  33.0517 0031414 198.9237 191.5319 14.13630438960717
FENGYUN 1C DEB
1 31451U 99025BUP 25356.95896014  .00000630  00000-0  35500-3 0  9997
2 31451  98.7617  38.8244 0031701 182.6841 297.8012 14.13638382961548
FENGYUN 1C DEB
1 31451U 99025BUP 25357.08268779  .00000622  00000-0  35097-3 0  9995
2 31451  98.7621  38.9459 0031690 182.2064 207.5848 14.13638272961567
FENGYUN 1C DEB
1 31451U 99025BUP 25357.08268780  .00000622  00000-0  35097-3 0  9997
2 31451  98.7621  38.9459 0031690 182.2064 207.5848 14.13638272961567
FENGYUN 1C DEB
1 31451U 99025BUP 25357.89084723  .00000614  00000-0  34682-3 0  9999
2 31451  98.7623  39.7381 0031692 180.1107   0.1839 14.13639251961676
FENGYUN 1C DEB
1 31451U 99025BUP 25358.07370361  .00000608  00000-0  34327-3 0  9995
2 31451  98.7622  39.9171 0031711 179.5002 210.8483 14.13639411961709
FENGYUN 1C DEB
1 31451U 99025BUP 25358.07370362  .00000608  00000-0  34327-3 0  9996
2 31451  98.7622  39.9171 0031711 179.5002 210.8483 14.13639411961709
FENGYUN 1C DEB
1 31451U 99025BUP 25361.39750963  .00000701  00000-0  39235-3 0  9991
2 31451  98.7619  43.1734 0031848 170.1451 205.9612 14.13644440962172
FENGYUN 1C DEB
1 31451U 99025BUP 25361.39750963  .00000701  00000-0  39235-3 0  9991
2 31451  98.7619  43.1734 0031848 170.1451 205.9612 14.13644440962172
FENGYUN 1C DEB
1 31451U 99025BUP 25362.91578150  .00000853  00000-0  47235-3 0  9993
2 31451  98.7618  44.6609 0031888 165.9656  12.4970 14.13647760962380
FENGYUN 1C DEB
1 31451U 99025BUP 25363.90647308  .00000898  00000-0  49635-3 0  9990
2 31451  98.7617  45.6313 0031932 163.1852  14.2201 14.13649727962528
FENGYUN 1C DEB
1 31451U 99025BUP 25363.90647308  .00000898  00000-0  49635-3 0  9990
2 31451  98.7617  45.6313 0031932 163.1852  14.2201 14.13649727962528
FENGYUN 1C DEB
1 31451U 99025BUP 25364.37113145  .00000949  00000-0  52312-3 0  9992
2 31451  98.7616  46.0865 0031954 161.8677 218.9262 14.13650830962592
FENGYUN 1C DEB
1 31451U 99025BUP 25364.60923344  .00000946  00000-0  52161-3 0  9997
2 31451  98.7615  46.3198 0031971 161.1966 350.6548 14.13651281962622
FENGYUN 1C DEB
1 31451U 99025BUP 25364.60923344  .00000946  00000-0  52161-3 0  9997
2 31451  98.7615  46.3198 0031971 161.1966 350.6548 14.13651281962622
FENGYUN 1C DEB
1 31451U 99025BUP 25365.36102068  .00001047  00000-0  57467-3 0  9990
2 31451  98.7614  47.0563 0032004 159.0851 216.5821 14.13653218962730
FENGYUN 1C DEB
1 31451U 99025BUP 25365.36102069  .00001047  00000-0  57467-3 0  9991
2 31451  98.7614  47.0563 0032004 159.0851 216.5822 14.13653218962731
FENGYUN 1C DEB
1 31451U 99025BUP 26002.41290782  .00001129  00000-0  61786-3 0  9996
2 31451  98.7613  49.0667 0032070 153.3240 218.8804 14.13657720963029
FENGYUN 1C DEB
1 31451U 99025BUP 26002.41290784  .00001129  00000-0  61786-3 0  9998
2 31451  98.7613  49.0667 0032070 153.3240 218.8804 14.13657720963029
FENGYUN 1C DEB
1 31451U 99025BUP 26003.40463944  .00001102  00000-0  60376-3 0  9993
2 31451  98.7612  50.0383 0032111 150.5504 225.9236 14.13659756963167
FENGYUN 1C DEB
1 31451U 99025BUP 26003.40463946  .00001102  00000-0  60376-3 0  9995
2 31451  98.7612  50.0383 0032111 150.5504 225.9236 14.13659756963167
FENGYUN 1C DEB
1 31451U 99025BUP 26005.38713068  .00000835  00000-0  46286-3 0  9993
2 31451  98.7609  51.9805 0032181 145.0352 235.0512 14.13662527963449
FENGYUN 1C DEB
1 31451U 99025BUP 26005.38713069  .00000835  00000-0  46286-3 0  9994
2 31451  98.7609  51.9805 0032181 145.0352 235.0512 14.13662527963449
FENGYUN 1C DEB
1 31451U 99025BUP 26006.37852146  .00000746  00000-0  41604-3 0  9994
2 31451  98.7608  52.9517 0032221 142.2722 240.3689 14.13664112963585
FENGYUN 1C DEB
1 31451U 99025BUP 26006.37852147  .00000746  00000-0  41604-3 0  9995
2 31451  98.7608  52.9517 0032221 142.2723 240.3689 14.13664112963586
FENGYUN 1C DEB
1 31451U 99025BUP 26006.61622010  .00000754  00000-0  42016-3 0  9993
2 31451  98.7608  53.1846 0032242 141.5967  10.0626 14.13664651963614
FENGYUN 1C DEB
1 31451U 99025BUP 26007.36897778  .00000667  00000-0  37435-3 0  9993
2 31451  98.7607  53.9220 0032269 139.4965 240.9511 14.13665554963722
FENGYUN 1C DEB
1 31451U 99025BUP 26007.60716302  .00000671  00000-0  37627-3 0  9991
2 31451  98.7607  54.1553 0032271 138.8417  13.0999 14.13666008963759
FENGYUN 1C DEB
1 31451U 99025BUP 26007.60716302  .00000671  00000-0  37627-3 0  9991
2 31451  98.7607  54.1553 0032271 138.8417  13.0999 14.13666008963759
FENGYUN 1C DEB
1 31451U 99025BUP 26008.35891884  .00000676  00000-0  37879-3 0  9997
2 31451  98.7606  54.8918 0032267 136.7799 238.8591 14.13667334963865
FENGYUN 1C DEB
1 31451U 99025BUP 26008.35891884  .00000676  00000-0  37879-3 0  9997
2 31451  98.7606  54.8918 0032267 136.7799 238.8592 14.13667334963866
FENGYUN 1C DEB
1 31451U 99025BUP 26010.34947285  .00000606  00000-0  34219-3 0  9994
2 31451  98.7603  56.8415 0032221 131.3646 288.9513 14.13669921964144
FENGYUN 1C DEB
1 31451U 99025BUP 26012.39343726  .00000548  00000-0  31131-3 0  9996
2 31451  98.7600  58.8436 0032236 125.7206 250.9559 14.13672331964431
FENGYUN 1C DEB
1 31451U 99025BUP 26012.97969048  .00000486  00000-0  27887-3 0  9995
2 31451  98.7599  59.4179 0032239 124.1095 354.4705 14.13672718964512
FENGYUN 1C DEB
1 31451U 99025BUP 26012.97969048  .00000486  00000-0  27887-3 0  9995
2 31451  98.7599  59.4179 0032239 124.1095 354.4705 14.13672718964512
FENGYUN 1C DEB
1 31451U 99025BUP 26014.61405014  .00000406  00000-0  23660-3 0  9993
2 31451  98.7597  61.0189 0032261 119.6113  31.9419 14.13674286964741
FENGYUN 1C DEB
1 31451U 99025BUP 26014.61405015  .00000406  00000-0  23660-3 0  9994
2 31451  98.7597  61.0189 0032261 119.6113  31.9419 14.13674286964741
FENGYUN 1C DEB
1 31451U 99025BUP 26015.08549685  .00000397  00000-0  23215-3 0  9993
2 31451  98.7597  61.4807 0032263 118.3166 271.1949 14.13674753964811
FENGYUN 1C DEB
1 31451U 99025BUP 26015.08549685  .00000397  00000-0  23215-3 0  9993
2 31451  98.7597  61.4807 0032263 118.3166 271.1949 14.13674753964811
FENGYUN 1C DEB
1 31451U 99025BUP 26016.07655455  .00000413  00000-0  24042-3 0  9994
2 31451  98.7595  62.4515 0032266 115.5780 274.8348 14.13675871964950
FENGYUN 1C DEB
1 31451U 99025BUP 26016.88459682  .00000492  00000-0  28198-3 0  9990
2 31451  98.7593  63.2429 0032266 113.3340  67.0967 14.13677124965064
FENGYUN 1C DEB
1 31451U 99025BUP 26017.35670550  .00000512  00000-0  29231-3 0  9994
2 31451  98.7592  63.7054 0032267 112.0304 309.7303 14.13677717965135
FENGYUN 1C DEB
1 31451U 99025BUP 26018.86577020  .00000521  00000-0  29716-3 0  9997
2 31451  98.7592  65.1838 0032257 107.8662  69.5935 14.13679182965342
FENGYUN 1C DEB
1 31451U 99025BUP 26019.40029034  .00000568  00000-0  32200-3 0  9998
2 31451  98.7593  65.7075 0032252 106.3961 269.8463 14.13679966965423
FENGYUN 1C DEB
1 31451U 99025BUP 26020.39022160  .00000811  00000-0  45008-3 0  9992
2 31451  98.7591  66.6772 0032241 103.6690 267.7707 14.13682854965565
FENGYUN 1C DEB
1 31451U 99025BUP 26022.61204616  .00001095  00000-0  59938-3 0  9999
2 31451  98.7590  68.8535 0032216  97.5233  55.0715 14.13689646965878
FENGYUN 1C DEB
1 31451U 99025BUP 26024.36401917  .00001089  00000-0  59612-3 0  9998
2 31451  98.7588  70.5697 0032188  92.6793 331.2317 14.13694062966123
FENGYUN 1C DEB
1 31451U 99025BUP 26024.59390767  .00001012  00000-0  55572-3 0  9990
2 31451  98.7588  70.7948 0032184  92.0462  61.1812 14.13694192966153
FENGYUN 1C DEB
1 31451U 99025BUP 26029.38166409  .00000889  00000-0  49109-3 0  9996
2 31451  98.7589  75.4850 0032033  78.6965 307.3147 14.13703672966834
FENGYUN 1C DEB
1 31451U 99025BUP 26030.08999750  .00000861  00000-0  47637-3 0  9992
2 31451  98.7584  76.1783 0032015  76.7325 312.2089 14.13704941966932
FENGYUN 1C DEB
1 31451U 99025BUP 26030.08999750  .00000861  00000-0  47637-3 0  9992
2 31451  98.7584  76.1783 0032015  76.7325 312.2089 14.13704941966932
FENGYUN 1C DEB
1 31451U 99025BUP 26030.37143431  .00000810  00000-0  44917-3 0  9993
2 31451  98.7582  76.4536 0032027  75.9777 304.4896 14.13705177966979
FENGYUN 1C DEB
1 31451U 99025BUP 26030.89695079  .00000712  00000-0  39769-3 0  9990
2 31451  98.7581  76.9684 0031999  74.5093  98.9935 14.13705587967043
FENGYUN 1C DEB
1 31451U 99025BUP 26031.08586569  .00000698  00000-0  39040-3 0  9990
2 31451  98.7581  77.1535 0032008  73.9980 340.4196 14.13705852967073
FENGYUN 1C DEB
1 31451U 99025BUP 26031.08586571  .00000698  00000-0  39040-3 0  9993
2 31451  98.7581  77.1535 0032008  73.9980 340.4196 14.13705852967073
FENGYUN 1C DEB
1 31451U 99025BUP 26031.60080620  .00000685  00000-0  38328-3 0  9999
2 31451  98.7579  77.6577 0031983  72.5671  81.0942 14.13706701967143
FENGYUN 1C DEB
1 31451U 99025BUP 26031.89012037  .00000642  00000-0  36102-3 0  9998
2 31451  98.7577  77.9410 0031974  71.7741 113.4834 14.13706942967180
FENGYUN 1C DEB
1 31451U 99025BUP 26032.35231607  .00000637  00000-0  35838-3 0  9995
2 31451  98.7574  78.3934 0031981  70.5196 305.6965 14.13707634967259
FENGYUN 1C DEB
1 31451U 99025BUP 26032.88018037  .00000597  00000-0  33733-3 0  9990
2 31451  98.7572  78.9103 0031964  69.0628 112.1365 14.13708221967321
FENGYUN 1C DEB
1 31451U 99025BUP 26033.06283697  .00000590  00000-0  33366-3 0  9992
2 31451  98.7571  79.0891 0031953  68.5500 321.7331 14.13708470967357
FENGYUN 1C DEB
1 31451U 99025BUP 26039.07868140  .00000654  00000-0  36725-3 0  9994
2 31451  98.7567  84.9809 0031646  51.7280 338.2837 14.13718039968205
FENGYUN 1C DEB
1 31451U 99025BUP 26039.07868141  .00000654  00000-0  36725-3 0  9995
2 31451  98.7567  84.9809 0031646  51.7280 338.2837 14.13718039968205
FENGYUN 1C DEB
1 31451U 99025BUP 26040.06959251  .00000599  00000-0  33816-3 0  9995
2 31451  98.7565  85.9513 0031621  48.9747 341.3463 14.13719188968346
FENGYUN 1C DEB
1 31451U 99025BUP 26045.61410159  .00000569  00000-0  32263-3 0  9992
2 31451  98.7557  91.3811 0031190  33.0400 119.7265 14.13726007969123
FENGYUN 1C DEB
1 31451U 99025BUP 26046.08529036  .00000514  00000-0  29352-3 0  9994
2 31451  98.7549  91.8416 0031307  32.0249 357.4719 14.13726150969191
FENGYUN 1C DEB
1 31451U 99025BUP 26046.08529036  .00000514  00000-0  29352-3 0  9994
2 31451  98.7549  91.8416 0031307  32.0249 357.4719 14.13726150969191
FENGYUN 1C DEB
1 31451U 99025BUP 26048.06712313  .00000607  00000-0  34251-3 0  9993
2 31451  98.7545  93.7820 0031231  26.4791   3.7542 14.13729126969474
FENGYUN 1C DEB
1 31451U 99025BUP 26048.06712313  .00000607  00000-0  34251-3 0  9993
2 31451  98.7545  93.7820 0031231  26.4791   3.7542 14.13729126969474
FENGYUN 1C DEB
1 31451U 99025BUP 26048.35640110  .00000570  00000-0  32290-3 0  9990
2 31451  98.7544  94.0651 0031218  25.6668  36.0016 14.13729286969515
FENGYUN 1C DEB
1 31451U 99025BUP 26048.35640110  .00000570  00000-0  32290-3 0  9990
2 31451  98.7544  94.0651 0031218  25.6668  36.0016 14.13729286969515
FENGYUN 1C DEB
1 31451U 99025BUP 26049.34674860  .00000556  00000-0  31561-3 0  9993
2 31451  98.7536  95.0337 0031189  22.8270  36.3231 14.13730467969653
FENGYUN 1C DEB
1 31451U 99025BUP 26049.34674860  .00000556  00000-0  31561-3 0  9993
2 31451  98.7536  95.0337 0031189  22.8270  36.3231 14.13730467969653
FENGYUN 1C DEB
1 31451U 99025BUP 26049.99509471  .00000519  00000-0  29608-3 0  9997
2 31451  98.7544  95.6704 0031148  21.0512  95.9666 14.13731003969741
FENGYUN 1C DEB
1 31451U 99025BUP 26052.96809237  .00000489  00000-0  28034-3 0  9999
2 31451  98.7541  98.5813 0030964  12.4909 106.9531 14.13734527970166
FENGYUN 1C DEB
1 31451U 99025BUP 26052.96809237  .00000489  00000-0  28034-3 0  9999
2 31451  98.7541  98.5813 0030964  12.4909 106.9531 14.13734527970166
FENGYUN 1C DEB
1 31451U 99025BUP 26053.95910018  .00000558  00000-0  31692-3 0  9990
2 31451  98.7540  99.5517 0030909   9.6340 110.6712 14.13736159970305
FENGYUN 1C DEB
1 31451U 99025BUP 26054.08275865  .00000555  00000-0  31489-3 0  9990
2 31451  98.7539  99.6727 0030901   9.3274  19.9791 14.13736279970325
FENGYUN 1C DEB
1 31451U 99025BUP 26054.08275866  .00000555  00000-0  31489-3 0  9991
2 31451  98.7539  99.6727 0030901   9.3274  19.9791 14.13736279970325
FENGYUN 1C DEB
1 31451U 99025BUP 26055.07386026  .00000524  00000-0  29899-3 0  9990
2 31451  98.7537 100.6431 0030847   6.4800  24.1687 14.13737278970467
FENGYUN 1C DEB
1 31451U 99025BUP 26055.35404507  .00000555  00000-0  31486-3 0  9995
2 31451  98.7536 100.9176 0030821   5.6473  10.1920 14.13737769970509
FENGYUN 1C DEB
1 31451U 99025BUP 26055.35404508  .00000555  00000-0  31486-3 0  9996
2 31451  98.7536 100.9176 0030821   5.6473  10.1920 14.13737769970509
FENGYUN 1C DEB
1 31451U 99025BUP 26060.90563778  .00000642  00000-0  36099-3 0  9990
2 31451  98.7523 106.3528 0030513 349.5535 185.1378 14.13745247971289
FENGYUN 1C DEB
1 31451U 99025BUP 26061.08932477  .00000643  00000-0  36128-3 0  9990
2 31451  98.7523 106.5326 0030505 349.0038  40.0364 14.13745522971315
FENGYUN 1C DEB
1 31451U 99025BUP 26061.08932477  .00000643  00000-0  36128-3 0  9990
2 31451  98.7523 106.5326 0030505 349.0038  40.0364 14.13745522971315
FENGYUN 1C DEB
1 31451U 99025BUP 26062.08554167  .00000665  00000-0  37314-3 0  9999
2 31451  98.7520 107.5079 0030466 346.1733  70.2621 14.13747023971458
FENGYUN 1C DEB
1 31451U 99025BUP 26062.60014262  .00000727  00000-0  40554-3 0  9993
2 31451  98.7519 108.0117 0030444 344.6743 169.3530 14.13748113971523
FENGYUN 1C DEB
1 31451U 99025BUP 26062.60014263  .00000727  00000-0  40554-3 0  9994
2 31451  98.7519 108.0117 0030444 344.6743 169.3530 14.13748113971523
FENGYUN 1C DEB
1 31451U 99025BUP 26063.07150705  .00000770  00000-0  42828-3 0  9992
2 31451  98.7518 108.4732 0030426 343.3009  48.3908 14.13749034971595
FENGYUN 1C DEB
1 31451U 99025BUP 26063.59122465  .00000762  00000-0  42420-3 0  9990
2 31451  98.7517 108.9820 0030401 341.7871 173.5260 14.13749769971664
FENGYUN 1C DEB
1 31451U 99025BUP 26063.59122465  .00000762  00000-0  42420-3 0  9990
2 31451  98.7517 108.9820 0030401 341.7871 173.5260 14.13749769971664
FENGYUN 1C DEB
1 31451U 99025BUP 26064.35122865  .00000754  00000-0  41971-3 0  9990
2 31451  98.7517 109.7261 0030366 339.6309  81.5570 14.13750715971771
FENGYUN 1C DEB
1 31451U 99025BUP 26064.35122865  .00000754  00000-0  41971-3 0  9990
2 31451  98.7517 109.7261 0030366 339.6309  81.5570 14.13750715971771
FENGYUN 1C DEB
1 31451U 99025BUP 26064.92982701  .00000662  00000-0  37140-3 0  9997
2 31451  98.7516 110.2926 0030350 337.9092 146.4088 14.13751020971852
FENGYUN 1C DEB
1 31451U 99025BUP 26069.08679248  .00000672  00000-0  37688-3 0  9996
2 31451  98.7509 114.3618 0030183 325.6847  63.7406 14.13757540972447
FENGYUN 1C DEB
1 31451U 99025BUP 26069.08679249  .00000672  00000-0  37688-3 0  9997
2 31451  98.7509 114.3619 0030183 325.6847  63.7406 14.13757540972448
FENGYUN 1C DEB
1 31451U 99025BUP 26069.37693468  .00000672  00000-0  37676-3 0  9995
2 31451  98.7509 114.6459 0030171 324.8346 100.4517 14.13757997972487
FENGYUN 1C DEB
1 31451U 99025BUP 26069.37693469  .00000672  00000-0  37676-3 0  9996
2 31451  98.7509 114.6459 0030171 324.8346 100.4517 14.13757997972487
FENGYUN 1C DEB
1 31451U 99025BUP 26070.59734167  .00000653  00000-0  36677-3 0  9992
2 31451  98.7507 115.8405 0030130 321.2411 191.8709 14.13759759972652
FENGYUN 1C DEB
1 31451U 99025BUP 26070.59734167  .00000653  00000-0  36677-3 0  9992
2 31451  98.7507 115.8405 0030130 321.2411 191.8709 14.13759759972652
FENGYUN 1C DEB
1 31451U 99025BUP 26071.34817645  .00000671  00000-0  37604-3 0  9990
2 31451  98.7506 116.5755 0030105 319.0440  53.3312 14.13760899972767
FENGYUN 1C DEB
1 31451U 99025BUP 26071.34817645  .00000671  00000-0  37604-3 0  9990
2 31451  98.7506 116.5754 0030105 319.0440  53.3312 14.13760899972766
FENGYUN 1C DEB
1 31451U 99025BUP 26072.34825496  .00000642  00000-0  36113-3 0  9996
2 31451  98.7504 117.5544 0030086 316.0761 103.3910 14.13762065972906
FENGYUN 1C DEB
1 31451U 99025BUP 26072.86705332  .00000628  00000-0  35373-3 0  9990
2 31451  98.7502 118.0622 0030071 314.5625 223.8754 14.13762725972977
FENGYUN 1C DEB
1 31451U 99025BUP 26074.91859831  .00000538  00000-0  30633-3 0  9996
2 31451  98.7502 120.0706 0030058 308.4390 225.5989 14.13765003973263
FENGYUN 1C DEB
1 31451U 99025BUP 26076.09890951  .00000516  00000-0  29447-3 0  9992
2 31451  98.7498 121.2258 0030014 304.9690 112.9676 14.13766327973439
FENGYUN 1C DEB
1 31451U 99025BUP 26076.09890951  .00000516  00000-0  29447-3 0  9992
2 31451  98.7498 121.2258 0030014 304.9690 112.9676 14.13766327973439
FENGYUN 1C DEB
1 31451U 99025BUP 26076.61278678  .00000521  00000-0  29739-3 0  9996
2 31451  98.7497 121.7287 0030003 303.4411 208.4408 14.13766965973508
FENGYUN 1C DEB
1 31451U 99025BUP 26077.60370620  .00000517  00000-0  29530-3 0  9990
2 31451  98.7495 122.6986 0029987 300.4994 211.9070 14.13768098973642
FENGYUN 1C DEB
1 31451U 99025BUP 26077.89256181  .00000496  00000-0  28430-3 0  9990
2 31451  98.7492 122.9812 0029992 299.6421 242.0900 14.13768242973682
FENGYUN 1C DEB
1 31451U 99025BUP 26077.89256181  .00000496  00000-0  28430-3 0  9990
2 31451  98.7492 122.9812 0029992 299.6421 242.0900 14.13768242973682
FENGYUN 1C DEB
1 31451U 99025BUP 26078.59488076  .00000478  00000-0  27434-3 0  9991
2 31451  98.7490 123.6685 0029975 297.5752 216.6554 14.13768881973783
FENGYUN 1C DEB
1 31451U 99025BUP 26078.59488076  .00000478  00000-0  27434-3 0  9991
2 31451  98.7490 123.6685 0029975 297.5752 216.6554 14.13768881973783
FENGYUN 1C DEB
1 31451U 99025BUP 26079.35515437  .00000478  00000-0  27448-3 0  9993
2 31451  98.7490 124.4127 0029963 295.3292 126.2001 14.13769552973896
FENGYUN 1C DEB
1 31451U 99025BUP 26079.35515437  .00000478  00000-0  27448-3 0  9993
2 31451  98.7490 124.4127 0029963 295.3292 126.2001 14.13769552973896
FENGYUN 1C DEB
1 31451U 99025BUP 26080.40763067  .00000550  00000-0  31264-3 0  9997
2 31451  98.7486 125.4426 0029943 292.1805  83.0087 14.13771136974040
FENGYUN 1C DEB
1 31451U 99025BUP 26081.39851777  .00000567  00000-0  32149-3 0  9993
2 31451  98.7485 126.4124 0029926 289.2471  86.3182 14.13772362974181
FENGYUN 1C DEB
1 31451U 99025BUP 26082.38949977  .00000595  00000-0  33634-3 0  9994
2 31451  98.7485 127.3825 0029918 286.3287  90.1024 14.13773864974325
FENGYUN 1C DEB
1 31451U 99025BUP 26082.38949978  .00000595  00000-0  33634-3 0  9995
2 31451  98.7485 127.3825 0029918 286.3287  90.1024 14.13773864974325
FENGYUN 1C DEB
1 31451U 99025BUP 26084.60994560  .00000578  00000-0  32701-3 0  9994
2 31451  98.7483 129.5559 0029928 279.7357 231.5384 14.13777031974630
FENGYUN 1C DEB
1 31451U 99025BUP 26084.60994561  .00000578  00000-0  32701-3 0  9995
2 31451  98.7483 129.5559 0029928 279.7357 231.5384 14.13777031974630
FENGYUN 1C DEB
1 31451U 99025BUP 26084.89847277  .00000575  00000-0  32540-3 0  9995
2 31451  98.7483 129.8383 0029946 278.8684 260.0707 14.13777371974678
FENGYUN 1C DEB
1 31451U 99025BUP 26085.08140419  .00000571  00000-0  32355-3 0  9991
2 31451  98.7482 130.0173 0029951 278.3264 111.1396 14.13777630974705
FENGYUN 1C DEB
1 31451U 99025BUP 26085.08140420  .00000571  00000-0  32355-3 0  9993
2 31451  98.7482 130.0173 0029951 278.3264 111.1396 14.13777630974705
FENGYUN 1C DEB
1 31451U 99025BUP 26085.36166691  .00000577  00000-0  32646-3 0  9991
2 31451  98.7481 130.2915 0029955 277.4965  97.5969 14.13778064974741
FENGYUN 1C DEB
1 31451U 99025BUP 26085.36166691  .00000577  00000-0  32646-3 0  9991
2 31451  98.7481 130.2915 0029955 277.4965  97.5969 14.13778064974741
FENGYUN 1C DEB
1 31451U 99025BUP 26086.07222955  .00000589  00000-0  33278-3 0  9991
2 31451  98.7479 130.9869 0029970 275.3919 114.1608 14.13779173974845
FENGYUN 1C DEB
1 31451U 99025BUP 26086.07222955  .00000589  00000-0  33278-3 0  9991
2 31451  98.7479 130.9869 0029970 275.3919 114.1608 14.13779173974845
FENGYUN 1C DEB
1 31451U 99025BUP 26086.87905465  .00000574  00000-0  32506-3 0  9990
2 31451  98.7476 131.7763 0029987 272.9922 260.6850 14.13780135974957
FENGYUN 1C DEB
1 31451U 99025BUP 26086.87905465  .00000574  00000-0  32506-3 0  9990
2 31451  98.7476 131.7763 0029987 272.9922 260.6850 14.13780135974957
FENGYUN 1C DEB
1 31451U 99025BUP 26087.41450330  .00000619  00000-0  34865-3 0  9997
2 31451  98.7477 132.3004 0030002 271.4087 105.9684 14.13781038975038
FENGYUN 1C DEB
1 31451U 99025BUP 26087.41450330  .00000619  00000-0  34865-3 0  9997
2 31451  98.7477 132.3005 0030002 271.4088 105.9684 14.13781038975030
FENGYUN 1C DEB
1 31451U 99025BUP 26087.87081920  .00000628  00000-0  35352-3 0  9994
2 31451  98.7475 132.7469 0030019 270.0580 268.4908 14.13781665975092
FENGYUN 1C DEB
1 31451U 99025BUP 26087.87081920  .00000628  00000-0  35352-3 0  9994
2 31451  98.7475 132.7469 0030019 270.0580 268.4908 14.13781665975092
FENGYUN 1C DEB
1 31451U 99025BUP 26089.39570794  .00000688  00000-0  38493-3 0  9990
2 31451  98.7470 134.2390 0030056 265.5495 109.7563 14.13783906975311
FENGYUN 1C DEB
1 31451U 99025BUP 26090.91415397  .00000693  00000-0  38748-3 0  9996
2 31451  98.7468 135.7250 0030137 261.0388 278.2625 14.13785960975527
FENGYUN 1C DEB
1 31451U 99025BUP 26090.91415398  .00000693  00000-0  38748-3 0  9997
2 31451  98.7468 135.7250 0030137 261.0388 278.2625 14.13785960975527
FENGYUN 1C DEB
1 31451U 99025BUP 26091.90363705  .00000625  00000-0  35198-3 0  9992
2 31451  98.7465 136.6931 0030172 258.1098 274.4762 14.13786950975669
FENGYUN 1C DEB
1 31451U 99025BUP 26091.90363705  .00000625  00000-0  35198-3 0  9992
2 31451  98.7465 136.6931 0030172 258.1098 274.4762 14.13786950975669
FENGYUN 1C DEB
1 31451U 99025BUP 26092.60738244  .00000638  00000-0  35849-3 0  9991
2 31451  98.7463 137.3816 0030179 256.0371 256.3514 14.13788017975766
FENGYUN 1C DEB
1 31451U 99025BUP 26092.89579812  .00000780  00000-0  43319-3 0  9995
2 31451  98.7463 137.6638 0030167 255.1951 284.3067 14.13789372975806
FENGYUN 1C DEB
1 31451U 99025BUP 26092.89579812  .00000780  00000-0  43319-3 0  9995
2 31451  98.7463 137.6638 0030167 255.1951 284.3067 14.13789372975806
FENGYUN 1C DEB
1 31451U 99025BUP 26093.35896131  .00000842  00000-0  46568-3 0  9991
2 31451  98.7463 138.1171 0030190 253.8326 121.6850 14.13790427975874
FENGYUN 1C DEB
1 31451U 99025BUP 26093.35896131  .00000842  00000-0  46568-3 0  9991
2 31451  98.7463 138.1171 0030190 253.8326 121.6850 14.13790427975874
FENGYUN 1C DEB
1 31451U 99025BUP 26094.58929368  .00000818  00000-0  45345-3 0  9991
2 31451  98.7461 139.3210 0030223 250.2105 263.7625 14.13792348976044
FENGYUN 1C DEB
1 31451U 99025BUP 26094.87774463  .00000737  00000-0  41068-3 0  9995
2 31451  98.7464 139.6034 0030173 249.3230 291.9455 14.13792464976083
FENGYUN 1C DEB
1 31451U 99025BUP 26094.87774464  .00000737  00000-0  41068-3 0  9996
2 31451  98.7464 139.6035 0030173 249.3230 291.9455 14.13792464976084
FENGYUN 1C DEB
1 31451U 99025BUP 26096.85885754  .00000645  00000-0  36232-3 0  9996
2 31451  98.7461 141.5421 0030226 243.4885 295.3266 14.13795159976365
FENGYUN 1C DEB
1 31451U 99025BUP 26098.38443978  .00000540  00000-0  30706-3 0  9998
2 31451  98.7459 143.0347 0030492 239.0145 140.1658 14.13797087976589
FENGYUN 1C DEB
1 31451U 99025BUP 26099.90189794  .00000509  00000-0  29063-3 0  9999
2 31451  98.7456 144.5193 0030499 234.5992 303.6268 14.13799087976796
FENGYUN 1C DEB
1 31451U 99025BUP 26099.90189795  .00000509  00000-0  29063-3 0  9990
2 31451  98.7456 144.5193 0030499 234.5992 303.6268 14.13799088976797
FENGYUN 1C DEB
1 31451U 99025BUP 26100.08535668  .00000510  00000-0  29133-3 0  9996
2 31451  98.7456 144.6988 0030512 234.0636 157.3859 14.13799346976827
FENGYUN 1C DEB
1 31451U 99025BUP 26100.08535668  .00000510  00000-0  29133-3 0  9996
2 31451  98.7456 144.6988 0030512 234.0636 157.3859 14.13799346976827
FENGYUN 1C DEB
1 31451U 99025BUP 26100.36552836  .00000514  00000-0  29309-3 0  9992
2 31451  98.7453 144.9726 0030502 233.2361 143.3981 14.13799639976862
FENGYUN 1C DEB
1 31451U 99025BUP 26100.89330120  .00000471  00000-0  27087-3 0  9993
2 31451  98.7452 145.4890 0030542 231.6973 309.6278 14.13799984976931
FENGYUN 1C DEB
1 31451U 99025BUP 26101.35610418  .00000429  00000-0  24862-3 0  9997
2 31451  98.7451 145.9417 0030559 230.3519 145.1734 14.13800184977004
FENGYUN 1C DEB
1 31451U 99025BUP 26101.59562508  .00000439  00000-0  25359-3 0  9992
2 31451  98.7451 146.1761 0030573 229.6511 284.2775 14.13800515977039
FENGYUN 1C DEB
1 31451U 99025BUP 26101.59562509  .00000439  00000-0  25359-3 0  9993
2 31451  98.7451 146.1761 0030573 229.6511 284.2775 14.13800515977039
FENGYUN 1C DEB
1 31451U 99025BUP 26102.06689838  .00000422  00000-0  24465-3 0  9990
2 31451  98.7450 146.6371 0030600 228.2838 162.9335 14.13800841977102
FENGYUN 1C DEB
1 31451U 99025BUP 26102.06689838  .00000422  00000-0  24465-3 0  9990
2 31451  98.7450 146.6371 0030600 228.2838 162.9335 14.13800841977102
FENGYUN 1C DEB
1 31451U 99025BUP 26104.39928315  .00000377  00000-0  22087-3 0  9991
2 31451  98.7448 148.9193 0030723 221.5044 154.1741 14.13802462977438
FENGYUN 1C DEB
1 31451U 99025BUP 26104.39928315  .00000377  00000-0  22087-3 0  9991
2 31451  98.7448 148.9193 0030723 221.5044 154.1741 14.13802462977438
FENGYUN 1C DEB
1 31451U 99025BUP 26104.85607056  .00000363  00000-0  21354-3 0  9999
2 31451  98.7446 149.3661 0030759 220.1848 319.0986 14.13802758977494
FENGYUN 1C DEB
1 31451U 99025BUP 26104.85607056  .00000363  00000-0  21354-3 0  9999
2 31451  98.7446 149.3661 0030759 220.1848 319.0986 14.13802758977494
FENGYUN 1C DEB
1 31451U 99025BUP 26105.39024815  .00000346  00000-0  20468-3 0  9991
2 31451  98.7447 149.8887 0030794 218.6208 157.9395 14.13803085977577
FENGYUN 1C DEB
1 31451U 99025BUP 26105.39024815  .00000346  00000-0  20468-3 0  9991
2 31451  98.7447 149.8887 0030794 218.6208 157.9395 14.13803085977577
FENGYUN 1C DEB
1 31451U 99025BUP 26106.38156520  .00000358  00000-0  21127-3 0  9996
2 31451  98.7444 150.8584 0030845 215.7775 163.4585 14.13803982977719
FENGYUN 1C DEB
1 31451U 99025BUP 26106.38156520  .00000358  00000-0  21127-3 0  9996
2 31451  98.7444 150.8584 0030845 215.7775 163.4585 14.13803982977719
FENGYUN 1C DEB
1 31451U 99025BUP 26107.61152777  .00000355  00000-0  20976-3 0  9991
2 31451  98.7442 152.0617 0030919 212.2250 303.6426 14.13804976977884
FENGYUN 1C DEB
1 31451U 99025BUP 26108.36251699  .00000364  00000-0  21424-3 0  9996
2 31451  98.7441 152.7964 0030968 210.0390 165.9982 14.13805591977992
FENGYUN 1C DEB
1 31451U 99025BUP 26109.36265314  .00000365  00000-0  21485-3 0  9994
2 31451  98.7441 153.7750 0031051 207.1732 216.4091 14.13806361978133
FENGYUN 1C DEB
1 31451U 99025BUP 26109.59266841  .00000353  00000-0  20865-3 0  9993
2 31451  98.7438 153.9998 0031055 206.4947 307.1423 14.13806516978161
FENGYUN 1C DEB
1 31451U 99025BUP 26109.88108486  .00000352  00000-0  20807-3 0  9990
2 31451  98.7437 154.2819 0031076 205.6880 335.0813 14.13806682978208
FENGYUN 1C DEB
1 31451U 99025BUP 26109.88108487  .00000352  00000-0  20807-3 0  9991
2 31451  98.7437 154.2819 0031076 205.6880 335.0813 14.13806682978208
FENGYUN 1C DEB
1 31451U 99025BUP 26110.06388352  .00000351  00000-0  20719-3 0  9995
2 31451  98.7438 154.4608 0031095 205.1703 185.4694 14.13806813978230
FENGYUN 1C DEB
1 31451U 99025BUP 26110.06388353  .00000351  00000-0  20719-3 0  9996
2 31451  98.7438 154.4609 0031095 205.1703 185.4694 14.13806813978231
FENGYUN 1C DEB
1 31451U 99025BUP 26111.40551734  .00000366  00000-0  21520-3 0  9997
2 31451  98.7436 155.7733 0031186 201.3267 174.0138 14.13807887978425
FENGYUN 1C DEB
1 31451U 99025BUP 26111.40551734  .00000366  00000-0  21520-3 0  9997
2 31451  98.7436 155.7733 0031186 201.3268 174.0138 14.13807887978426
FENGYUN 1C DEB
1 31451U 99025BUP 26111.40551734  .00000366  00000-0  21520-3 0  9997
2 31451  98.7436 155.7733 0031186 201.3268 174.0138 14.13807887978426
FENGYUN 1C DEB
1 31451U 99025BUP 26114.61702384  .00000377  00000-0  22087-3 0  9993
2 31451  98.7430 158.9148 0031409 192.1900 319.6516 14.13810746978877
FENGYUN 1C DEB
1 31451U 99025BUP 26114.61702385  .00000377  00000-0  22087-3 0  9994
2 31451  98.7430 158.9148 0031409 192.1900 319.6516 14.13810746978877
FENGYUN 1C DEB
1 31451U 99025BUP 26115.08818527  .00000402  00000-0  23426-3 0  9999
2 31451  98.7430 159.3758 0031441 190.8564 197.7236 14.13811362978943
FENGYUN 1C DEB
1 31451U 99025BUP 26116.35958976  .00000496  00000-0  28350-3 0  9997
2 31451  98.7428 160.6195 0031524 187.2405 188.8175 14.13813202979125
FENGYUN 1C DEB
1 31451U 99025BUP 26116.35958976  .00000496  00000-0  28350-3 0  9997
2 31451  98.7428 160.6195 0031524 187.2405 188.8175 14.13813202979125
FENGYUN 1C DEB
1 31451U 99025BUP 26118.41090019  .00000513  00000-0  29261-3 0  9993
2 31451  98.7426 162.6260 0031656 181.4402 189.3913 14.13815263979414
FENGYUN 1C DEB
1 31451U 99025BUP 26118.64688718  .00000514  00000-0  29300-3 0  9992
2 31451  98.7425 162.8568 0031653 180.7592 310.5118 14.13815538979448
FENGYUN 1C DEB
1 31451U 99025BUP 26118.64688718  .00000514  00000-0  29300-3 0  9992
2 31451  98.7425 162.8569 0031653 180.7592 310.5118 14.13815538979449
FENGYUN 1C DEB
1 31451U 99025BUP 26119.40191840  .00000507  00000-0  28932-3 0  9994
2 31451  98.7423 163.5953 0031700 178.6329 193.3974 14.13816221979558
FENGYUN 1C DEB
1 31451U 99025BUP 26119.40191841  .00000507  00000-0  28932-3 0  9995
2 31451  98.7423 163.5953 0031700 178.6329 193.3974 14.13816221979558
FENGYUN 1C DEB
1 31451U 99025BUP 26120.39346956  .00000497  00000-0  28370-3 0  9998
2 31451  98.7422 164.5651 0031767 175.8546 200.0893 14.13817242979691
FENGYUN 1C DEB
1 31451U 99025BUP 26120.39346957  .00000497  00000-0  28370-3 0  9999
2 31451  98.7422 164.5652 0031767 175.8546 200.0894 14.13817242979693
FENGYUN 1C DEB
1 31451U 99025BUP 26121.38501049  .00000546  00000-0  30990-3 0  9990
2 31451  98.7421 165.5350 0031832 173.0769 206.7345 14.13818755979838
FENGYUN 1C DEB
1 31451U 99025BUP 26121.91159860  .00000486  00000-0  27811-3 0  9990
2 31451  98.7420 166.0500 0031861 171.5948   6.9166 14.13819005979902
FENGYUN 1C DEB
1 31451U 99025BUP 26121.91159861  .00000486  00000-0  27811-3 0  9991
2 31451  98.7420 166.0500 0031861 171.5949   6.9166 14.13819005979903
FENGYUN 1C DEB
1 31451U 99025BUP 26122.37402622  .00000508  00000-0  28950-3 0  9998
2 31451  98.7418 166.5023 0031898 170.3235 200.5121 14.13819718979971
FENGYUN 1C DEB
1 31451U 99025BUP 26122.61401875  .00000510  00000-0  29047-3 0  9995
2 31451  98.7419 166.7371 0031912 169.6471 342.0072 14.13820028980009
FENGYUN 1C DEB
1 31451U 99025BUP 26122.61401875  .00000510  00000-0  29047-3 0  9995
2 31451  98.7419 166.7371 0031912 169.6471 342.0072 14.13820028980009
FENGYUN 1C DEB
1 31451U 99025BUP 26122.90223911  .00000501  00000-0  28610-3 0  9995
2 31451  98.7418 167.0189 0031929 168.8394   8.9651 14.13820360980046
FENGYUN 1C DEB
1 31451U 99025BUP 26122.90223912  .00000501  00000-0  28610-3 0  9996
2 31451  98.7418 167.0189 0031929 168.8394   8.9651 14.13820360980046
FENGYUN 1C DEB
1 31451U 99025BUP 26123.60484711  .00000513  00000-0  29216-3 0  9996
2 31451  98.7418 167.7062 0031975 166.8631 345.0430 14.13821308980140
FENGYUN 1C DEB
1 31451U 99025BUP 26123.89349155  .00000500  00000-0  28534-3 0  9997
2 31451  98.7418 167.9885 0031995 166.0613  14.1537 14.13821618980189
FENGYUN 1C DEB
1 31451U 99025BUP 26123.89349156  .00000500  00000-0  28534-3 0  9998
2 31451  98.7418 167.9885 0031995 166.0613  14.1537 14.13821618980189
FENGYUN 1C DEB
1 31451U 99025BUP 26124.07682367  .00000497  00000-0  28395-3 0  9993
2 31451  98.7418 168.1678 0032007 165.5598 227.2494 14.13821846980219
FENGYUN 1C DEB
1 31451U 99025BUP 26124.36617193  .00000480  00000-0  27514-3 0  9994
2 31451  98.7416 168.4506 0032023 164.8022 259.8967 14.13822163980255
FENGYUN 1C DEB
1 31451U 99025BUP 26124.36617194  .00000480  00000-0  27514-3 0  9995
2 31451  98.7416 168.4506 0032023 164.8023 259.8967 14.13822163980256
FENGYUN 1C DEB
1 31451U 99025BUP 26125.06741669  .00000485  00000-0  27748-3 0  9992
2 31451  98.7415 169.1365 0032055 162.8445 229.0262 14.13823042980352
FENGYUN 1C DEB
1 31451U 99025BUP 26125.06741669  .00000485  00000-0  27748-3 0  9992
2 31451  98.7415 169.1365 0032055 162.8445 229.0262 14.13823042980352
FENGYUN 1C DEB
1 31451U 99025BUP 26128.33058168  .00000446  00000-0  25709-3 0  9992
2 31451  98.7406 172.3271 0032243 153.8027 277.5377 14.13826788980815
FENGYUN 1C DEB
1 31451U 99025BUP 26128.84696737  .00000442  00000-0  25478-3 0  9997
2 31451  98.7410 172.8329 0032261 152.3367  25.8218 14.13827350980881
FENGYUN 1C DEB
1 31451U 99025BUP 26128.91658152  .00000441  00000-0  25415-3 0  9994
2 31451  98.7409 172.9009 0032262 152.1346  20.1462 14.13827426980895
FENGYUN 1C DEB
1 31451U 99025BUP 26128.91658152  .00000441  00000-0  25415-3 0  9994
2 31451  98.7409 172.9009 0032262 152.1346  20.1462 14.13827426980895
FENGYUN 1C DEB
1 31451U 99025BUP 26129.38220706  .00000434  00000-0  25053-3 0  9996
2 31451  98.7410 173.3562 0032307 150.8535 230.0330 14.13827937980962
FENGYUN 1C DEB
1 31451U 99025BUP 26129.38220707  .00000434  00000-0  25053-3 0  9997
2 31451  98.7410 173.3562 0032307 150.8535 230.0330 14.13827937980962
FENGYUN 1C DEB
1 31451U 99025BUP 26130.31229347  .00000382  00000-0  22325-3 0  9992
2 31451  98.7410 174.2658 0032367 148.3078 283.8659 14.13828607981098
FENGYUN 1C DEB
1 31451U 99025BUP 26130.31229348  .00000382  00000-0  22325-3 0  9993
2 31451  98.7410 174.2658 0032367 148.3078 283.8659 14.13828608981099
FENGYUN 1C DEB
1 31451U 99025BUP 26130.61128108  .00000381  00000-0  22294-3 0  9992
2 31451  98.7409 174.5581 0032380 147.5008   5.6036 14.13828939981135
FENGYUN 1C DEB
1 31451U 99025BUP 26130.96063867  .00000374  00000-0  21896-3 0  9999
2 31451  98.7409 174.8998 0032392 146.5696 343.6946 14.13829232981182
FENGYUN 1C DEB
1 31451U 99025BUP 26130.96063868  .00000374  00000-0  21896-3 0  9990
2 31451  98.7409 174.8998 0032392 146.5696 343.6946 14.13829232981182
FENGYUN 1C DEB
1 31451U 99025BUP 26131.36283088  .00000363  00000-0  21308-3 0  9999
2 31451  98.7409 175.2932 0032407 145.4346 230.7561 14.13829547981247
FENGYUN 1C DEB
1 31451U 99025BUP 26131.36283088  .00000363  00000-0  21308-3 0  9999
2 31451  98.7409 175.2932 0032407 145.4346 230.7561 14.13829548981248
FENGYUN 1C DEB
1 31451U 99025BUP 26131.89059103  .00000354  00000-0  20844-3 0  9990
2 31451  98.7408 175.8093 0032431 143.9912  36.8831 14.13829982981315
FENGYUN 1C DEB
1 31451U 99025BUP 26131.89059104  .00000354  00000-0  20844-3 0  9991
2 31451  98.7408 175.8093 0032431 143.9913  36.8831 14.13829982981316
FENGYUN 1C DEB
1 31451U 99025BUP 26132.07340860  .00000352  00000-0  20744-3 0  9991
2 31451  98.7408 175.9880 0032437 143.4891 247.3673 14.13830142981343
FENGYUN 1C DEB
1 31451U 99025BUP 26132.07340861  .00000352  00000-0  20744-3 0  9992
2 31451  98.7408 175.9880 0032437 143.4891 247.3673 14.13830142981343
FENGYUN 1C DEB
1 31451U 99025BUP 26132.35358590  .00000365  00000-0  21454-3 0  9994
2 31451  98.7408 176.2621 0032451 142.7185 233.3830 14.13830434981382
FENGYUN 1C DEB
1 31451U 99025BUP 26132.35358591  .00000365  00000-0  21454-3 0  9995
2 31451  98.7408 176.2621 0032451 142.7185 233.3830 14.13830434981382
FENGYUN 1C DEB
1 31451U 99025BUP 26134.99308053  .00000373  00000-0  21841-3 0  9994
2 31451  98.7406 178.8434 0032554 135.4784 347.5852 14.13832480981754
FENGYUN 1C DEB
1 31451U 99025BUP 26135.92393269  .00000365  00000-0  21441-3 0  9998
2 31451  98.7405 179.7538 0032583 132.9186  45.3420 14.13833121981889
FENGYUN 1C DEB
1 31451U 99025BUP 26136.91469469  .00000376  00000-0  22034-3 0  9995
2 31451  98.7404 180.7227 0032614 130.2040  48.0164 14.13834072982028
FENGYUN 1C DEB
1 31451U 99025BUP 26136.91469469  .00000376  00000-0  22034-3 0  9995
2 31451  98.7404 180.7227 0032614 130.2040  48.0164 14.13834072982028
FENGYUN 1C DEB
1 31451U 99025BUP 26137.37911766  .00000369  00000-0  21631-3 0  9992
2 31451  98.7404 181.1769 0032629 128.9451 251.7733 14.13834405982092
FENGYUN 1C DEB
1 31451U 99025BUP 26137.37911767  .00000369  00000-0  21631-3 0  9993
2 31451  98.7404 181.1769 0032629 128.9451 251.7733 14.13834405982092
FENGYUN 1C DEB
1 31451U 99025BUP 26137.90528425  .00000372  00000-0  21803-3 0  9992
2 31451  98.7404 181.6914 0032643 127.5084  49.7964 14.13834898982167
FENGYUN 1C DEB
1 31451U 99025BUP 26138.08838279  .00000367  00000-0  21549-3 0  9994
2 31451  98.7403 181.8705 0032647 127.0052 261.7140 14.13835048982193
FENGYUN 1C DEB
1 31451U 99025BUP 26138.36986479  .00000361  00000-0  21246-3 0  9999
2 31451  98.7404 182.1458 0032659 126.2420 254.3641 14.13835241982230
FENGYUN 1C DEB
1 31451U 99025BUP 26138.36986480  .00000361  00000-0  21246-3 0  9991
2 31451  98.7404 182.1458 0032659 126.2420 254.3641 14.13835241982230
FENGYUN 1C DEB
1 31451U 99025BUP 26139.36928536  .00000356  00000-0  20981-3 0  9999
2 31451  98.7403 183.1232 0032681 123.4977 301.1216 14.13836155982370
FENGYUN 1C DEB
1 31451U 99025BUP 26139.88748911  .00000373  00000-0  21853-3 0  9991
2 31451  98.7402 183.6299 0032699 122.0637  58.6394 14.13836737982449
FENGYUN 1C DEB
1 31451U 99025BUP 26139.88748911  .00000373  00000-0  21853-3 0  9991
2 31451  98.7402 183.6299 0032699 122.0638  58.6394 14.13836737982440
FENGYUN 1C DEB
1 31451U 99025BUP 26140.07057919  .00000371  00000-0  21745-3 0  9993
2 31451  98.7402 183.8090 0032702 121.5625 270.5134 14.13836898982474
FENGYUN 1C DEB
1 31451U 99025BUP 26140.07057920  .00000371  00000-0  21745-3 0  9995
2 31451  98.7402 183.8090 0032702 121.5625 270.5134 14.13836898982474
FENGYUN 1C DEB
1 31451U 99025BUP 26140.35989676  .00000377  00000-0  22079-3 0  9995
2 31451  98.7402 184.0919 0032709 120.7809 303.0436 14.13837194982511
FENGYUN 1C DEB
1 31451U 99025BUP 26140.35989677  .00000377  00000-0  22079-3 0  9996
2 31451  98.7402 184.0919 0032709 120.7809 303.0436 14.13837194982511
FENGYUN 1C DEB
1 31451U 99025BUP 26142.40283080  .00000404  00000-0  23452-3 0  9996
2 31451  98.7399 186.0897 0032742 115.2250 260.9421 14.13839145982804
FENGYUN 1C DEB
1 31451U 99025BUP 26142.40283081  .00000404  00000-0  23452-3 0  9997
2 31451  98.7399 186.0897 0032742 115.2250 260.9421 14.13839145982804
FENGYUN 1C DEB
1 31451U 99025BUP 26142.85930198  .00000419  00000-0  24262-3 0  9990
2 31451  98.7399 186.5362 0032737 113.9452  64.2794 14.13839683982860
FENGYUN 1C DEB
1 31451U 99025BUP 26143.39359926  .00000433  00000-0  24997-3 0  9995
2 31451  98.7398 187.0586 0032743 112.4939 263.6882 14.13840289982940
FENGYUN 1C DEB
1 31451U 99025BUP 26144.38506830  .00000439  00000-0  25334-3 0  9995
2 31451  98.7398 188.0282 0032753 109.7992 269.9638 14.13841278983086
FENGYUN 1C DEB
1 31451U 99025BUP 26145.37608485  .00000487  00000-0  27818-3 0  9996
2 31451  98.7397 188.9972 0032759 107.0989 273.9479 14.13842584983228
FENGYUN 1C DEB
1 31451U 99025BUP 26145.61407042  .00000477  00000-0  27317-3 0  9992
2 31451  98.7397 189.2299 0032759 106.4516  45.2240 14.13842806983259
FENGYUN 1C DEB
1 31451U 99025BUP 26146.08549869  .00000486  00000-0  27766-3 0  9996
2 31451  98.7396 189.6909 0032757 105.1728 284.6519 14.13843355983325
FENGYUN 1C DEB
1 31451U 99025BUP 26146.36705351  .00000543  00000-0  30752-3 0  9990
2 31451  98.7396 189.9662 0032764 104.3973 277.6936 14.13843973983360
FENGYUN 1C DEB
1 31451U 99025BUP 26148.06711243  .00000566  00000-0  31987-3 0  9992
2 31451  98.7395 191.6287 0032750  99.7827 290.4948 14.13845997983603
FENGYUN 1C DEB
1 31451U 99025BUP 26148.06711244  .00000566  00000-0  31987-3 0  9993
2 31451  98.7395 191.6287 0032750  99.7827 290.4948 14.13845998983604
FENGYUN 1C DEB
1 31451U 99025BUP 26148.35664416  .00000574  00000-0  32425-3 0  9990
2 31451  98.7395 191.9118 0032755  98.9837 324.1388 14.13846248983643
FENGYUN 1C DEB
1 31451U 99025BUP 26149.34709573  .00000584  00000-0  32924-3 0  9999
2 31451  98.7394 192.8802 0032750  96.2645 325.2839 14.13847364983783
FENGYUN 1C DEB
1 31451U 99025BUP 26149.34709573  .00000584  00000-0  32924-3 0  9999
2 31451  98.7394 192.8803 0032750  96.2645 325.2839 14.13847364983784
FENGYUN 1C DEB
1 31451U 99025BUP 26149.92548846  .00000604  00000-0  33965-3 0  9996
2 31451  98.7393 193.4458 0032733  94.6857  29.1483 14.13848143983864
FENGYUN 1C DEB
1 31451U 99025BUP 26149.92548847  .00000604  00000-0  33965-3 0  9997
2 31451  98.7393 193.4458 0032733  94.6857  29.1483 14.13848143983864
FENGYUN 1C DEB
1 31451U 99025BUP 26151.97674833  .00000596  00000-0  33569-3 0  9990
2 31451  98.7392 195.4515 0032690  89.1130  29.5001 14.13850813984154
FENGYUN 1C DEB
1 31451U 99025BUP 26151.97674834  .00000596  00000-0  33569-3 0  9991
2 31451  98.7392 195.4515 0032690  89.1130  29.5001 14.13850813984154
FENGYUN 1C DEB
1 31451U 99025BUP 26157.40590506  .00000579  00000-0  32647-3 0  9995
2 31451  98.7389 200.7602 0032518  74.2791 302.6096 14.13858242984922
FENGYUN 1C DEB
1 31451U 99025BUP 26157.40590506  .00000579  00000-0  32647-3 0  9995
2 31451  98.7389 200.7602 0032518  74.2791 302.6096 14.13858242984922
FENGYUN 1C DEB
1 31451U 99025BUP 26157.99180737  .00000528  00000-0  30005-3 0  9990
2 31451  98.7388 201.3331 0032520  72.6123  44.7855 14.13858644985004
FENGYUN 1C DEB
1 31451U 99025BUP 26157.99180738  .00000528  00000-0  30005-3 0  9991
2 31451  98.7388 201.3331 0032520  72.6123  44.7855 14.13858644985004
FENGYUN 1C DEB
1 31451U 99025BUP 26157.99180738  .00000528  00000-0  30005-3 0  9991
2 31451  98.7388 201.3331 0032520  72.6123  44.7855 14.13858644985004
FENGYUN 1C DEB
1 31451U 99025BUP 26158.39645402  .00000563  00000-0  31798-3 0  9999
2 31451  98.7388 201.7287 0032508  71.5101 304.3410 14.13859186985068
FENGYUN 1C DEB
1 31451U 99025BUP 26158.39645402  .00000563  00000-0  31798-3 0  9999
2 31451  98.7388 201.7287 0032508  71.5101 304.3410 14.13859186985068
FENGYUN 1C DEB
1 31451U 99025BUP 26159.91459818  .00000474  00000-0  27126-3 0  9993
2 31451  98.7388 203.2131 0032418  67.3813 111.3390 14.13860443985270
FENGYUN 1C DEB
1 31451U 99025BUP 26159.91459819  .00000474  00000-0  27126-3 0  9994
2 31451  98.7388 203.2131 0032418  67.3813 111.3390 14.13860443985270
FENGYUN 1C DEB
1 31451U 99025BUP 26160.37894479  .00000436  00000-0  25142-3 0  9995
2 31451  98.7388 203.6671 0032410  66.0879 314.7859 14.13860716985343
FENGYUN 1C DEB
1 31451U 99025BUP 26160.37894480  .00000436  00000-0  25142-3 0  9997
2 31451  98.7388 203.6671 0032410  66.0879 314.7859 14.13860716985343
FENGYUN 1C DEB
1 31451U 99025BUP 26161.36805186  .00000423  00000-0  24488-3 0  9990
2 31451  98.7387 204.6342 0032363  63.3716 309.1421 14.13861778985482
FENGYUN 1C DEB
1 31451U 99025BUP 26161.36805187  .00000423  00000-0  24488-3 0  9991
2 31451  98.7387 204.6343 0032363  63.3716 309.1421 14.13861779985484
FENGYUN 1C DEB
1 31451U 99025BUP 26161.89600502  .00000425  00000-0  24552-3 0  9997
2 31451  98.7387 205.1504 0032347  61.9173 116.3236 14.13862395985557
FENGYUN 1C DEB
1 31451U 99025BUP 26162.35939895  .00000415  00000-0  24037-3 0  9996
2 31451  98.7387 205.6036 0032323  60.6432 314.9087 14.13862813985623
FENGYUN 1C DEB
1 31451U 99025BUP 26162.35939895  .00000415  00000-0  24037-3 0  9996
2 31451  98.7387 205.6035 0032323  60.6432 314.9087 14.13862813985622
FENGYUN 1C DEB
1 31451U 99025BUP 26164.41208108  .00000472  00000-0  27036-3 0  9996
2 31451  98.7387 207.6107 0032225  54.9674 322.7064 14.13865226985914
FENGYUN 1C DEB
1 31451U 99025BUP 26164.41208108  .00000472  00000-0  27036-3 0  9996
2 31451  98.7387 207.6107 0032225  54.9674 322.7064 14.13865226985914
FENGYUN 1C DEB
1 31451U 99025BUP 26164.86775580  .00000479  00000-0  27404-3 0  9994
2 31451  98.7387 208.0563 0032204  53.6947 122.0272 14.13865736985975
FENGYUN 1C DEB
1 31451U 99025BUP 26164.86775580  .00000479  00000-0  27404-3 0  9994
2 31451  98.7387 208.0563 0032204  53.6947 122.0272 14.13865736985975
FENGYUN 1C DEB
1 31451U 99025BUP 26165.40256316  .00000457  00000-0  26233-3 0  9991
2 31451  98.7387 208.5792 0032177  52.2101 324.1131 14.13866126986053
FENGYUN 1C DEB
1 31451U 99025BUP 26165.40256316  .00000457  00000-0  26233-3 0  9991
2 31451  98.7387 208.5792 0032177  52.2101 324.1132 14.13866126986054
FENGYUN 1C DEB
1 31451U 99025BUP 26166.39319948  .00000421  00000-0  24361-3 0  9992
2 31451  98.7386 209.5478 0032128  49.4733 326.2860 14.13866861986192
FENGYUN 1C DEB
1 31451U 99025BUP 26166.39319948  .00000421  00000-0  24361-3 0  9992
2 31451  98.7386 209.5478 0032128  49.4733 326.2860 14.13866861986192
FENGYUN 1C DEB
1 31451U 99025BUP 26167.91130590  .00000402  00000-0  23386-3 0  9990
2 31451  98.7387 211.0323 0032006  45.2337 133.2457 14.13868248986402
FENGYUN 1C DEB
1 31451U 99025BUP 26167.91130591  .00000402  00000-0  23386-3 0  9991
2 31451  98.7387 211.0323 0032006  45.2337 133.2457 14.13868248986402
FENGYUN 1C DEB
1 31451U 99025BUP 26169.08508311  .00000377  00000-0  22079-3 0  9999
2 31451  98.7387 212.1800 0031939  41.9588 347.6176 14.13869267986578
FENGYUN 1C DEB
1 31451U 99025BUP 26169.36633330  .00000383  00000-0  22354-3 0  9993
2 31451  98.7387 212.4550 0031914  41.1693 339.1495 14.13869556986611
FENGYUN 1C DEB
1 31451U 99025BUP 26169.36633330  .00000383  00000-0  22354-3 0  9993
2 31451  98.7387 212.4550 0031914  41.1693 339.1495 14.13869556986611
FENGYUN 1C DEB
1 31451U 99025BUP 26169.89317131  .00000374  00000-0  21914-3 0  9990
2 31451  98.7386 212.9701 0031897  39.7247 140.6631 14.13870035986689
FENGYUN 1C DEB
1 31451U 99025BUP 26169.89317131  .00000374  00000-0  21914-3 0  9990
2 31451  98.7386 212.9701 0031897  39.7247 140.6631 14.13870035986689
FENGYUN 1C DEB
1 31451U 99025BUP 26170.59529449  .00000366  00000-0  21508-3 0  9996
2 31451  98.7386 213.6567 0031856  37.7538 114.3943 14.13870664986786
FENGYUN 1C DEB
1 31451U 99025BUP 26171.06665373  .00000366  00000-0  21495-3 0  9991
2 31451  98.7386 214.1176 0031828  36.4287 353.5644 14.13871058986855
FENGYUN 1C DEB
1 31451U 99025BUP 26173.39911228  .00000355  00000-0  20933-3 0  9996
2 31451  98.7384 216.3981 0031669  29.8955 345.5244 14.13872845987181
FENGYUN 1C DEB
1 31451U 99025BUP 26173.39911228  .00000355  00000-0  20933-3 0  9996
2 31451  98.7384 216.3981 0031669  29.8955 345.5244 14.13872845987181
FENGYUN 1C DEB
1 31451U 99025BUP 26176.61033641  .00000459  00000-0  26378-3 0  9992
2 31451  98.7384 219.5380 0031441  20.8438 130.3931 14.13876383987638
FENGYUN 1C DEB
1 31451U 99025BUP 26176.61033642  .00000459  00000-0  26378-3 0  9993
2 31451  98.7384 219.5380 0031441  20.8438 130.3932 14.13876383987639
FENGYUN 1C DEB
1 31451U 99025BUP 26177.94892742  .00000458  00000-0  26333-3 0  9994
2 31451  98.7383 220.8467 0031364  17.0437 103.7487 14.13877631987827
FENGYUN 1C DEB
1 31451U 99025BUP 26177.94892743  .00000458  00000-0  26333-3 0  9995
2 31451  98.7383 220.8467 0031364  17.0437 103.7487 14.13877631987827
FENGYUN 1C DEB
1 31451U 99025BUP 26178.59219309  .00000453  00000-0  26077-3 0  9998
2 31451  98.7383 221.4756 0031326  15.2295 137.9268 14.13878242987910
FENGYUN 1C DEB
1 31451U 99025BUP 26178.93994390  .00000455  00000-0  26178-3 0  9990
2 31451  98.7383 221.8156 0031298  14.2303 107.9737 14.13878571987963
FENGYUN 1C DEB
1 31451U 99025BUP 26178.93994391  .00000455  00000-0  26178-3 0  9991
2 31451  98.7383 221.8156 0031298  14.2303 107.9737 14.13878571987963
FENGYUN 1C DEB
1 31451U 99025BUP 26182.38684375  .00000533  00000-0  30249-3 0  9994
2 31451  98.7380 225.1857 0031071   4.4075  12.5897 14.13882453988458
FENGYUN 1C DEB
1 31451U 99025BUP 26182.38684375  .00000533  00000-0  30249-3 0  9994
2 31451  98.7380 225.1857 0031071   4.4075  12.5897 14.13882454988459
FENGYUN 1C DEB
1 31451U 99025BUP 26182.91412723  .00000496  00000-0  28295-3 0  9995
2 31451  98.7380 225.7012 0031038   2.8843 176.4704 14.13882763988524
FENGYUN 1C DEB
1 31451U 99025BUP 26183.37816881  .00000544  00000-0  30817-3 0  9996
2 31451  98.7381 226.1551 0030998   1.5274  18.4676 14.13883566988598
FENGYUN 1C DEB
1 31451U 99025BUP 26183.37816881  .00000544  00000-0  30817-3 0  9996
2 31451  98.7381 226.1551 0030998   1.5274  18.4676 14.13883566988598
FENGYUN 1C DEB
1 31451U 99025BUP 26183.96382454  .00000507  00000-0  28922-3 0  9998
2 31451  98.7380 226.7277 0030960 359.8425 119.4597 14.13883980988677
FENGYUN 1C DEB
1 31451U 99025BUP 26185.07834229  .00000551  00000-0  31200-3 0  9996
2 31451  98.7380 227.8174 0030890 356.6354  32.3701 14.13885512988834
FENGYUN 1C DEB
1 31451U 99025BUP 26185.07834230  .00000551  00000-0  31200-3 0  9998
2 31451  98.7380 227.8174 0030890 356.6354  32.3701 14.13885512988834
FENGYUN 1C DEB
1 31451U 99025BUP 26185.59790347  .00000711  00000-0  39593-3 0  9996
2 31451  98.7380 228.3254 0030864 355.1444 156.9455 14.13887241988902
FENGYUN 1C DEB
1 31451U 99025BUP 26185.88670126  .00000646  00000-0  36199-3 0  9996
2 31451  98.7378 228.6074 0030857 354.3992 186.8458 14.13887192988947
FENGYUN 1C DEB
1 31451U 99025BUP 26186.87765993  .00000539  00000-0  30560-3 0  9990
2 31451  98.7377 229.5762 0030779 351.5481 190.8464 14.13887746989088
FENGYUN 1C DEB
1 31451U 99025BUP 26187.34904345  .00000514  00000-0  29264-3 0  9991
2 31451  98.7378 230.0371 0030730 350.1412  70.2515 14.13888208989158
FENGYUN 1C DEB
1 31451U 99025BUP 26189.39240303  .00000361  00000-0  21234-3 0  9994
2 31451  98.7379 232.0347 0030599 344.1892  31.0826 14.13889542989446
FENGYUN 1C DEB
1 31451U 99025BUP 26189.39240304  .00000361  00000-0  21234-3 0  9995
2 31451  98.7379 232.0347 0030599 344.1892  31.0826 14.13889542989446
FENGYUN 1C DEB
1 31451U 99025BUP 26189.39240304  .00000361  00000-0  21234-3 0  9995
2 31451  98.7379 232.0347 0030599 344.1892  31.0826 14.13889542989446
FENGYUN 1C DEB
1 31451U 99025BUP 26190.38379207  .00000342  00000-0  20262-3 0  9990
2 31451  98.7377 233.0044 0030527 341.2704  37.3528 14.13890490989587
FENGYUN 1C DEB
1 31451U 99025BUP 26193.36488750  .00000282  00000-0  17074-3 0  9995
2 31451  98.7375 235.9191 0030329 332.4800  91.4539 14.13892543990001
FENGYUN 1C DEB
1 31451U 99025BUP 26193.36488751  .00000282  00000-0  17074-3 0  9996
2 31451  98.7375 235.9191 0030329 332.4800  91.4539 14.13892543990001
FENGYUN 1C DEB
1 31451U 99025BUP 26195.40772006  .00000278  00000-0  16875-3 0  9995
2 31451  98.7375 237.9163 0030229 326.5004  49.6623 14.13893803990291
FENGYUN 1C DEB
1 31451U 99025BUP 26197.38912360  .00000249  00000-0  15377-3 0  9997
2 31451  98.7378 239.8539 0030113 320.6230  55.2782 14.13894893990570
FENGYUN 1C DEB
1 31451U 99025BUP 26197.38912361  .00000249  00000-0  15377-3 0  9998
2 31451  98.7378 239.8539 0030113 320.6230  55.2782 14.13894893990570
FENGYUN 1C DEB
1 31451U 99025BUP 26199.09001307  .00000243  00000-0  15027-3 0  9993
2 31451  98.7376 241.5168 0030052 315.6238  72.9997 14.13896021990816
FENGYUN 1C DEB
1 31451U 99025BUP 26199.95719972  .00000239  00000-0  14827-3 0  9994
2 31451  98.7376 242.3646 0030015 313.0749 167.0818 14.13896595990931
FENGYUN 1C DEB
1 31451U 99025BUP 26200.08079796  .00000241  00000-0  14915-3 0  9995
2 31451  98.7376 242.4854 0030014 312.7310  76.1925 14.13896721990954
FENGYUN 1C DEB
1 31451U 99025BUP 26200.88970432  .00000244  00000-0  15114-3 0  9995
2 31451  98.7374 243.2760 0029980 310.3611 233.6161 14.13897327991063
FENGYUN 1C DEB
1 31451U 99025BUP 26200.88970432  .00000244  00000-0  15114-3 0  9995
2 31451  98.7374 243.2760 0029980 310.3611 233.6161 14.13897327991063
FENGYUN 1C DEB
1 31451U 99025BUP 26201.36122895  .00000272  00000-0  16558-3 0  9995
2 31451  98.7379 243.7375 0029970 308.8523 113.8574 14.13897829991130
FENGYUN 1C DEB
1 31451U 99025BUP 26201.93915687  .00000301  00000-0  18101-3 0  9996
2 31451  98.7376 244.3020 0029966 307.1612 175.5742 14.13898382991213
FENGYUN 1C DEB
1 31451U 99025BUP 26202.93004721  .00000399  00000-0  23261-3 0  9995
2 31451  98.7374 245.2709 0029929 304.1987 179.3818 14.13899627991350
FENGYUN 1C DEB
1 31451U 99025BUP 26203.86074656  .00000398  00000-0  23188-3 0  9999
2 31451  98.7374 246.1809 0029907 301.4290 236.7965 14.13900329991481
FENGYUN 1C DEB
1 31451U 99025BUP 26206.61540877  .00000490  00000-0  28040-3 0  9993
2 31451  98.7374 248.8740 0029866 293.1894 218.5448 14.13903361991871
FENGYUN 1C DEB
1 31451U 99025BUP 26207.08673075  .00000491  00000-0  28092-3 0  9990
2 31451  98.7373 249.3347 0029860 291.7887  97.6556 14.13903824991947
FENGYUN 1C DEB
1 31451U 99025BUP 26207.36639878  .00000529  00000-0  30079-3 0  9994
2 31451  98.7373 249.6081 0029854 290.9844  81.1878 14.13904288991986
FENGYUN 1C DEB
1 31451U 99025BUP 26208.07739302  .00000506  00000-0  28839-3 0  9992
2 31451  98.7374 250.3032 0029857 288.8554 100.2911 14.13904932992088
FENGYUN 1C DEB
1 31451U 99025BUP 26211.91785014  .00000443  00000-0  25557-3 0  9994
2 31451  98.7370 254.0577 0029848 277.4075 208.9645 14.13908242992629
FENGYUN 1C DEB
1 31451U 99025BUP 26212.39090267  .00000422  00000-0  24437-3 0  9999
2 31451  98.7370 254.5202 0029854 275.9851  96.9097 14.13908590992690
FENGYUN 1C DEB
1 31451U 99025BUP 26213.38154135  .00000433  00000-0  25023-3 0  9998
2 31451  98.7369 255.4886 0029865 273.0257  99.4693 14.13909605992831
FENGYUN 1C DEB
1 31451U 99025BUP 26214.89920858  .00000405  00000-0  23537-3 0  9995
2 31451  98.7366 256.9722 0029883 268.4764 264.7375 14.13910980993040
FENGYUN 1C DEB
1 31451U 99025BUP 26217.06507082  .00000328  00000-0  19503-3 0  9999
2 31451  98.7365 259.0894 0029935 262.0322 129.4272 14.13912505993353
FENGYUN 1C DEB
1 31451U 99025BUP 26218.34435567  .00000281  00000-0  17028-3 0  9997
2 31451  98.7365 260.3400 0029966 258.2426 161.2411 14.13913119993538
FENGYUN 1C DEB
1 31451U 99025BUP 26221.90545071  .00000245  00000-0  15168-3 0  9998
2 31451  98.7365 263.8214 0030095 247.7247 287.9095 14.13915200994031
FENGYUN 1C DEB
1 31451U 99025BUP 26221.90545071  .00000245  00000-0  15168-3 0  9998
2 31451  98.7365 263.8214 0030095 247.7247 287.9095 14.13915200994031
FENGYUN 1C DEB
1 31451U 99025BUP 26222.95635625  .00000241  00000-0  14937-3 0  9998
2 31451  98.7363 264.8485 0030142 244.5929 237.2560 14.13915782994181
FENGYUN 1C DEB
1 31451U 99025BUP 26222.95635626  .00000241  00000-0  14937-3 0  9999
2 31451  98.7363 264.8485 0030142 244.5929 237.2560 14.13915782994181
FENGYUN 1C DEB
1 31451U 99025BUP 26223.59930566  .00000241  00000-0  14941-3 0  9996
2 31451  98.7363 265.4770 0030162 242.7007 269.9908 14.13916153994275
FENGYUN 1C DEB
1 31451U 99025BUP 26223.59930566  .00000241  00000-0  14941-3 0  9996
2 31451  98.7363 265.4770 0030162 242.7007 269.9908 14.13916153994275
FENGYUN 1C DEB
1 31451U 99025BUP 26225.06125737  .00000229  00000-0  14292-3 0  9991
2 31451  98.7361 266.9061 0030215 238.4140 151.5913 14.13916874994486
FENGYUN 1C DEB
1 31451U 99025BUP 26225.41164485  .00000243  00000-0  15035-3 0  9995
2 31451  98.7362 267.2485 0030283 237.3451 135.1707 14.13917184994539
FENGYUN 1C DEB
1 31451U 99025BUP 26225.41164486  .00000243  00000-0  15035-3 0  9996
2 31451  98.7362 267.2485 0030283 237.3451 135.1707 14.13917184994539
FENGYUN 1C DEB
1 31451U 99025BUP 26226.40257774  .00000243  00000-0  15047-3 0  9992
2 31451  98.7361 268.2171 0030329 234.4278 139.2145 14.13917705994672
FENGYUN 1C DEB
1 31451U 99025BUP 26226.40257775  .00000243  00000-0  15047-3 0  9993
2 31451  98.7361 268.2171 0030329 234.4279 139.2145 14.13917705994673
FENGYUN 1C DEB
1 31451U 99025BUP 26230.08545802  .00000300  00000-0  18042-3 0  9995
2 31451  98.7356 271.8170 0030522 223.6912 165.7171 14.13920386995195
FENGYUN 1C DEB
1 31451U 99025BUP 26230.36524499  .00000347  00000-0  20492-3 0  9998
2 31451  98.7356 272.0905 0030554 222.8749 149.8841 14.13920848995233
FENGYUN 1C DEB
1 31451U 99025BUP 26230.89256666  .00000341  00000-0  20150-3 0  9999
2 31451  98.7356 272.6060 0030586 221.3587 314.0254 14.13921190995303
FENGYUN 1C DEB
1 31451U 99025BUP 26236.38049759  .00000388  00000-0  22644-3 0  9993
2 31451  98.7354 277.9700 0030929 205.5105 168.4842 14.13925672996080
FENGYUN 1C DEB
1 31451U 99025BUP 26236.38049760  .00000388  00000-0  22644-3 0  9995
2 31451  98.7354 277.9700 0030929 205.5105 168.4842 14.13925672996080
FENGYUN 1C DEB
1 31451U 99025BUP 26237.38166850  .00000404  00000-0  23446-3 0  9996
2 31451  98.7353 278.9485 0031013 202.6467 224.5886 14.13926639996226
FENGYUN 1C DEB
1 31451U 99025BUP 26237.38166850  .00000404  00000-0  23446-3 0  9996
2 31451  98.7353 278.9485 0031013 202.6467 224.5886 14.13926639996226
FENGYUN 1C DEB
1 31451U 99025BUP 26238.37202844  .00000411  00000-0  23846-3 0  9992
2 31451  98.7353 279.9165 0031062 199.8033 225.6767 14.13927488996360
FENGYUN 1C DEB
1 31451U 99025BUP 26238.37202844  .00000411  00000-0  23846-3 0  9992
2 31451  98.7353 279.9165 0031062 199.8033 225.6767 14.13927488996360
FENGYUN 1C DEB
1 31451U 99025BUP 26242.98217802  .00000361  00000-0  21219-3 0  9990
2 31451  98.7343 284.4219 0031338 186.6538 292.0207 14.13931065997016
FENGYUN 1C DEB
1 31451U 99025BUP 26242.98217803  .00000361  00000-0  21219-3 0  9991
2 31451  98.7343 284.4219 0031338 186.6538 292.0207 14.13931065997016
FENGYUN 1C DEB
1 31451U 99025BUP 26243.38607419  .00000356  00000-0  20960-3 0  9998
2 31451  98.7343 284.8165 0031389 185.5432 187.8739 14.13931419997077
FENGYUN 1C DEB
1 31451U 99025BUP 26243.38607419  .00000356  00000-0  20960-3 0  9998
2 31451  98.7343 284.8166 0031389 185.5432 187.8739 14.13931419997078
