TBA - TO BE ASSIGNED
1 39722U 92093KN  14108.54908716  .00000551  00000-0  39755-3 0  9993
2 39722 070.8944 162.7635 0110910 291.1605 137.8158 13.98266080 20528
SL-16 R/B DEB
1 39722U 92093KN  14113.85286323  .00000498  00000-0  36256-3 0  9999
2 39722 070.8936 151.8692 0111023 283.5743 195.6383 13.98273585 21267
SL-16 R/B DEB
1 39722U 92093KN  14117.41824108  .00000397  00000-0  29523-3 0  9991
2 39722 070.8935 144.5455 0111055 278.4713 142.9050 13.98277227 21754
SL-16 R/B DEB
1 39722U 92093KN  14119.42157587  .00000380  00000-0  28373-3 0  9998
2 39722 070.8936 140.4303 0111043 275.6082 147.2335 13.98279088 22030
SL-16 R/B DEB
1 39722U 92093KN  14121.42546448  .00000296  00000-0  22827-3 0  9993
2 39722 070.8937 136.3140 0111042 272.7441 154.3582 13.98281974 22311
SL-16 DEB
1 39722U 92093KN  14124.35718899  .00000407  00000-0  30162-3 0  9994
2 39722 070.8936 130.2917 0111009 268.5379 152.0566 13.98283590 22729
SL-16 DEB
1 39722U 92093KN  14128.36437652  .00000402  00000-0  29833-3 0  9992
2 39722 070.8941 122.0605 0110892 262.7790 163.4560 13.98289005 23289
SL-16 DEB
1 39722U 92093KN  14130.66232793  .00000454  00000-0  33334-3 0  9995
2 39722 070.8944 117.3396 0110846 259.4646 210.9443 13.98291693 23619
SL-16 DEB
1 39722U 92093KN  14133.30008455  .00000505  00000-0  36730-3 0  9995
2 39722 070.8948 111.9215 0110731 255.6812 168.9657 13.98294086 23976
SL-16 DEB
1 39722U 92093KN  14135.60021012  .00000426  00000-0  31481-3 0  9994
2 39722 070.8948 107.1959 0110616 252.3704 227.4301 13.98297609 24303
SL-16 DEB
1 39722U 92093KN  14138.53171476  .00000361  00000-0  27127-3 0  9999
2 39722 070.8951 101.1742 0110487 248.1402 224.2067 13.98300197 24711
SL-16 DEB
1 39722U 92093KN  14141.24098655  .00000327  00000-0  24850-3 0  9990
2 39722 070.8956 095.6093 0110415 244.2417 182.3142 13.98302847 25089
SL-16 DEB
1 39722U 92093KN  14145.17427204  .00000243  00000-0  19267-3 0  9995
2 39722 070.8962 087.5300 0110238 238.5724 181.9859 13.98305881 25639
SL-16 DEB
1 39722U 92093KN  14147.17776858  .00000305  00000-0  23424-3 0  9998
2 39722 070.8962 083.4149 0110133 235.6623 187.3800 13.98306504 25915
SL-16 DEB
1 39722U 92093KN  14150.47973964  .00000167  00000-0  14236-3 0  9999
2 39722 070.8960 076.6325 0109980 230.8885 249.1401 13.98309284 26382
SL-16 DEB
1 39722U 92093KN  14152.48333454  .00000288  00000-0  22285-3 0  9993
2 39722 070.8964 072.5179 0109917 227.9944 255.0317 13.98310938 26662
SL-16 DEB
1 39722U 92093KN  14156.41713083  .00000209  00000-0  17018-3 0  9991
2 39722 070.8964 064.4373 0109712 222.2611 257.4394 13.98312826 27211
SL-16 DEB
1 39722U 92093KN  14158.41852873  .00000205  00000-0  16785-3 0  9990
2 39722 070.8963 060.3264 0109616 219.3470 252.3207 13.98314050 27495
SL-16 DEB
1 39722U 92093KN  14161.35256052  .00000345  00000-0  26050-3 0  9995
2 39722 070.8960 054.3001 0109474 215.0649 262.0389 13.98315311 27903
SL-16 DEB
1 39722U 92093KN  14163.35608337  .00000316  00000-0  24128-3 0  9996
2 39722 070.8959 050.1845 0109384 212.1467 267.6353 13.98317569 28187
SL-16 DEB
1 39722U 92093KN  14165.35949426  .00000219  00000-0  17705-3 0  9990
2 39722 070.8959 046.0690 0109293 209.2295 272.6807 13.98319901 28467
SL-16 DEB
1 39722U 92093KN  14168.29144828  .00000351  00000-0  26445-3 0  9997
2 39722 070.8960 040.0463 0109165 204.9333 272.0128 13.98319797 28872
SL-16 DEB
1 39722U 92093KN  14171.29663343  .00000193  00000-0  15966-3 0  9999
2 39722 070.8955 033.8732 0109075 200.5721 279.9500 13.98322440 29294
SL-16 DEB
1 39722U 92093KN  14174.29906549  .00000220  00000-0  17731-3 0  9993
2 39722 070.8954 027.7054 0108899 196.1977 274.0730 13.98323965 29719
SL-16 DEB
1 39722U 92093KN  14176.93724803  .00000195  00000-0  16111-3 0  9999
2 39722 070.8958 022.2854 0108756 192.3294 234.6143 13.98325096 30071
SL-16 DEB
1 39722U 92093KN  14179.23729431  .00000120  00000-0  11081-3 0  9996
2 39722 070.8960 017.5603 0108655 188.9776 292.9705 13.98326904 30404
SL-16 DEB
1 39722U 92093KN  14181.94580014  .00000293  00000-0  22625-3 0  9996
2 39722 070.8960 011.9967 0108583 185.0322 247.5215 13.98327716 30785
SL-16 DEB
1 39722U 92093KN  14182.21752455  .00000292  00000-0  22538-3 0  9999
2 39722 070.8968 011.4476 0109694 184.5525 175.4658 13.98328271 30828
SL-16 DEB
1 39722U 92093KN  14184.87782529  .00000342  00000-0  25841-3 0  9994
2 39722 070.8959 005.9736 0108401 180.7547 247.2770 13.98330942 31194
SL-16 DEB
1 39722U 92093KN  14186.88122866  .00000304  00000-0  23356-3 0  9996
2 39722 070.8960 001.8580 0108320 177.8378 252.3792 13.98333481 31470
SL-16 DEB
1 39722U 92093KN  14192.11320779  .00000440  00000-0  32369-3 0  9997
2 39722 070.8966 351.1102 0108109 170.2131 310.1847 13.98339261 32204
SL-16 DEB
1 39722U 92093KN  14194.11503566  .00000364  00000-0  27307-3 0  9997
2 39722 070.8968 346.9981 0108002 167.3030 307.4176 13.98341817 32484
SL-16 DEB
1 39722U 92093KN  14197.04823269  .00000284  00000-0  21993-3 0  9993
2 39722 070.8967 340.9730 0107874 163.0200 313.2305 13.98342978 32890
SL-16 DEB
1 39722U 92093KN  14199.05188777  .00000182  00000-0  15230-3 0  9998
2 39722 070.8968 336.8571 0107767 160.0891 319.7057 13.98344277 33173
SL-16 DEB
1 39722U 92093KN  14201.05504895  .00000055  00000-0  67531-4 0  9996
2 39722 070.8971 332.7424 0107643 157.1598 323.6994 13.98345740 33454
SL-16 DEB
1 39722U 92093KN  14204.05989965  .00000174  00000-0  14694-3 0  9997
2 39722 070.8973 326.5703 0107479 152.7522 330.2717 13.98345152 33872
SL-16 DEB
1 39722U 92093KN  14206.99255868  .00000137  00000-0  12203-3 0  9993
2 39722 070.8966 320.5473 0107367 148.6211 333.2544 13.98346779 34280
SL-16 DEB
1 39722U 92093KN  14209.99466559  .00000235  00000-0  18758-3 0  9997
2 39722 070.8965 314.3808 0107144 144.0889 326.1548 13.98348100 34708
SL-16 DEB
1 39722U 92093KN  14212.63222458  .00000258  00000-0  20228-3 0  9990
2 39722 070.8964 308.9630 0106992 140.1464 283.8634 13.98349638 35078
SL-16 DEB
1 39722U 92093KN  14214.93259523  .00000206  00000-0  16815-3 0  9998
2 39722 070.8962 304.2380 0106848 136.7527 344.1006 13.98353304 35392
SL-16 DEB
1 39722U 92093KN  14216.93341675  .00000288  00000-0  22270-3 0  9992
2 39722 070.8960 300.1282 0106746 133.7929 336.4181 13.98353998 35674
SL-16 DEB
1 39722U 92093KN  14220.57269826  .00000193  00000-0  15952-3 0  9998
2 39722 070.8951 292.6531 0106551 128.4168 296.9013 13.98355996 36187
SL-16 DEB
1 39722U 92093KN  14222.87142483  .00000060  00000-0  70520-4 0  9998
2 39722 070.8947 287.9311 0106413 125.0010 348.9328 13.98357941 36506
SL-16 DEB
1 39722U 92093KN  14225.50801277  .00000174  00000-0  14657-3 0  9998
2 39722 070.8945 282.5148 0106305 121.0803 301.8238 13.98357440 36871
SL-16 DEB
1 39722U 92093KN  14227.51165630  .00000169  00000-0  14339-3 0  9998
2 39722 070.8943 278.3989 0106231 118.0957 308.4023 13.98358034 37156
SL-16 DEB
1 39722U 92093KN  14229.81038316  .00000110  00000-0  10365-3 0  9994
2 39722 070.8938 273.6769 0106133 114.6678 000.4686 13.98359668 37470
SL-16 DEB
1 39722U 92093KN  14232.44650727  .00000201  00000-0  16495-3 0  9994
2 39722 070.8934 268.2617 0106073 110.7332 311.0577 13.98360190 37848
SL-16 DEB
1 39722U 92093KN  14234.45005907  .00000231  00000-0  18440-3 0  9996
2 39722 070.8931 264.1454 0106050 107.7387 317.2068 13.98361516 38128
SL-16 DEB
1 39722U 92093KN  14236.45352206  .00000117  00000-0  10863-3 0  9999
2 39722 070.8932 260.0296 0106003 104.7393 322.9145 13.98363802 38400
SL-16 DEB
1 39722U 92093KN  14241.38899310  .00000373  00000-0  27956-3 0  9994
2 39722 070.8934 249.8901 0105996 097.3575 328.8115 13.98365605 39090
SL-16 DEB
1 39722U 92093KN  14243.39196881  .00000254  00000-0  20013-3 0  9995
2 39722 070.8935 245.7754 0105999 094.3559 332.1016 13.98368242 39373
SL-16 DEB
1 39722U 92093KN  14246.32361346  .00000220  00000-0  17734-3 0  9990
2 39722 070.8938 239.7527 0106049 089.9660 330.4842 13.98370267 39780
SL-16 DEB
1 39722U 92093KN  14248.62390223  .00000361  00000-0  27157-3 0  9997
2 39722 070.8941 235.0269 0106102 086.5387 030.5190 13.98371423 40102
SL-16 DEB
1 39722U 92093KN  14250.62737388  .00000308  00000-0  23589-3 0  9993
2 39722 070.8944 230.9108 0106149 083.5374 036.3463 13.98374001 40387
SL-16 DEB
1 39722U 92093KN  14253.26240860  .00000491  00000-0  35793-3 0  9993
2 39722 070.8948 225.4976 0106248 079.6027 341.5909 13.98375851 40755
SL-16 DEB
1 39722U 92093KN  14255.56197400  .00000766  00000-0  54129-3 0  9998
2 39722 070.8949 220.7737 0106335 076.1955 038.0159 13.98379339 41074
SL-16 DEB
1 39722U 92093KN  14257.56605704  .00000535  00000-0  38713-3 0  9996
2 39722 070.8950 216.6567 0106430 073.1954 046.9774 13.98383188 41352
SL-16 DEB
1 39722U 92093KN  14259.56920317  .00000398  00000-0  29601-3 0  9991
2 39722 070.8954 212.5416 0106507 070.2098 051.2318 13.98385824 41639
SL-16 DEB
1 39722U 92093KN  14264.20792947  .00000529  00000-0  38331-3 0  9990
2 39722 070.8960 203.0133 0106755 063.3334 003.5804 13.98389371 42281
SL-16 DEB
1 39722U 92093KN  14264.20792947  .00000529  00000-0  38331-3 0  9990
2 39722 070.8960 203.0133 0106755 063.3334 003.5804 13.98389371 42281
SL-16 DEB
1 39722U 92093KN  14267.13951537  .00000385  00000-0  28695-3 0  9999
2 39722 070.8961 196.9919 0106900 058.9797 001.8524 13.98393220 42692
SL-16 DEB
1 39722U 92093KN  14267.13951537  .00000385  00000-0  28695-3 0  9999
2 39722 070.8961 196.9919 0106900 058.9797 001.8524 13.98393220 42692
SL-16 DEB
1 39722U 92093KN  14270.14467713  .00000645  00000-0  45982-3 0  9999
2 39722 070.8960 190.8191 0107067 054.5472 010.5413 13.98396120 43117
SL-16 DEB
1 39722U 92093KN  14272.44404200  .00000493  00000-0  35874-3 0  9996
2 39722 070.8957 186.0951 0107216 051.1610 066.0962 13.98400829 43439
SL-16 DEB
1 39722U 92093KN  14275.15290778  .00000511  00000-0  37091-3 0  9994
2 39722 070.8955 180.5303 0107380 047.1810 023.2206 13.98404494 43816
SL-16 DEB
1 39722U 92093KN  14278.08474774  .00000606  00000-0  43383-3 0  9995
2 39722 070.8950 174.5076 0107554 042.8909 022.8853 13.98408086 44225
SL-16 DEB
1 39722U 92093KN  14280.38290865  .00000427  00000-0  31500-3 0  9997
2 39722 070.8948 169.7871 0107684 039.4945 072.4945 13.98413219 44549
SL-16 DEB
1 39722U 92093KN  14282.38489708  .00000453  00000-0  33230-3 0  9996
2 39722 070.8946 165.6747 0107804 036.5357 071.1257 13.98416064 44827
SL-16 DEB
1 39722U 92093KN  14285.02312622  .00000348  00000-0  26186-3 0  9995
2 39722 070.8944 160.2549 0107963 032.6720 032.7829 13.98418782 45191
SL-16 DEB
1 39722U 92093KN  14287.32256024  .00000192  00000-0  15847-3 0  9992
2 39722 070.8941 155.5310 0108108 029.2893 088.8655 13.98421990 45516
SL-16 DEB
1 39722U 92093KN  14289.32552322  .00000211  00000-0  17117-3 0  9998
2 39722 070.8937 151.4157 0108233 026.3660 092.4209 13.98423897 45798
SL-16 DEB
1 39722U 92093KN  14292.25783684  .00000736  00000-0  52027-3 0  9992
2 39722 070.8932 145.3912 0108393 022.0945 094.6436 13.98425677 46201
SL-16 DEB
1 39722U 92093KN  14294.26028045  .00000477  00000-0  34797-3 0  9994
2 39722 070.8931 141.2769 0108501 019.1564 095.6269 13.98429626 46483
SL-16 DEB
1 39722U 92093KN  14296.89584639  .00000551  00000-0  39672-3 0  9991
2 39722 070.8932 135.8617 0108604 015.2960 044.0033 13.98433036 46854
SL-16 DEB
1 39722U 92093KN  14298.89912042  .00000674  00000-0  47895-3 0  9998
2 39722 070.8932 131.7457 0108713 012.3719 049.2158 13.98434625 47134
SL-16 DEB
1 39722U 92093KN  14301.19911117  .00000672  00000-0  47753-3 0  9999
2 39722 070.8932 127.0199 0108835 009.0022 108.2316 13.98439830 47450
SL-16 DEB
1 39722U 92093KN  14304.20372922  .00000496  00000-0  36001-3 0  9997
2 39722 070.8934 120.8462 0109009 004.6018 114.6592 13.98443890 47870
SL-16 DEB
1 39722U 92093KN  14307.13607816  .00000410  00000-0  30300-3 0  9997
2 39722 070.8939 114.8211 0109181 000.3154 117.2898 13.98446994 48287
SL-16 DEB
1 39722U 92093KN  14309.13884524  .00000346  00000-0  26035-3 0  9990
2 39722 070.8943 110.7059 0109302 357.3726 120.0560 13.98450803 48565
SL-16 DEB
1 39722U 92093KN  14311.14213123  .00000474  00000-0  34588-3 0  9999
2 39722 070.8946 106.5898 0109414 354.4446 125.4501 13.98452300 48842
SL-16 DEB
1 39722U 92093KN  14315.07571909  .00000548  00000-0  39472-3 0  9993
2 39722 070.8949 098.5078 0109629 348.7093 128.8316 13.98457451 49391
SL-16 DEB
1 39722U 92093KN  14317.07735105  .00000472  00000-0  34446-3 0  9997
2 39722 070.8952 094.3949 0109773 345.7768 125.9510 13.98461171 49671
SL-16 DEB
1 39722U 92093KN  14321.71707412  .00000802  00000-0  56270-3 0  9999
2 39722 070.8961 084.8621 0110077 338.9930 084.5050 13.98468100 50328
SL-16 DEB
1 39722U 92093KN  14323.72063779  .00000573  00000-0  41124-3 0  9990
2 39722 070.8962 080.7455 0110208 336.0861 091.3975 13.98472037 50604
SL-16 DEB
1 39722U 92093KN  14328.95187650  .00000571  00000-0  40920-3 0  9996
2 39722 070.8961 069.9969 0110580 328.4635 148.1003 13.98479328 51333
SL-16 DEB
1 39722U 92093KN  14330.95435422  .00000662  00000-0  46963-3 0  9996
2 39722 070.8964 065.8823 0110665 325.5920 149.5704 13.98482875 51614
SL-16 DEB
1 39722U 92093KN  14332.95802378  .00000640  00000-0  45529-3 0  9999
2 39722 070.8965 061.7654 0110807 322.6924 157.0998 13.98485845 51891
SL-16 DEB
1 39722U 92093KN  14335.59301625  .00000842  00000-0  58893-3 0  9993
2 39722 070.8967 056.3523 0110988 318.9101 103.0482 13.98488875 52260
SL-16 DEB
1 39722U 92093KN  14337.89279171  .00000457  00000-0  33350-3 0  9991
2 39722 070.8964 051.6272 0111115 315.5973 161.3709 13.98495432 52580
SL-16 DEB
1 39722U 92093KN  14339.89619450  .00000534  00000-0  38443-3 0  9995
2 39722 070.8962 047.5106 0111235 312.7162 167.6240 13.98497922 52866
SL-16 DEB
1 39722U 92093KN  14343.53271997  .00000485  00000-0  35194-3 0  9996
2 39722 070.8960 040.0383 0111402 307.4804 115.9916 13.98502126 53375
SL-16 DEB
1 39722U 92093KN  14345.53637911  .00000477  00000-0  34658-3 0  9995
2 39722 070.8960 035.9211 0111526 304.6080 123.5741 13.98504453 53657
SL-16 DEB
1 39722U 92093KN  14348.46750120  .00000757  00000-0  53202-3 0  9995
2 39722 070.8957 029.8980 0111643 300.4189 120.5783 13.98508334 54063
SL-16 DEB
1 39722U 92093KN  14350.47059409  .00000792  00000-0  55490-3 0  9991
2 39722 070.8954 025.7815 0111691 297.5644 125.3531 13.98512715 54340
SL-16 DEB
1 39722U 92093KN  14352.47422633  .00000778  00000-0  54580-3 0  9999
2 39722 070.8953 021.6637 0111744 294.7067 132.8723 13.98518218 54624
SL-16 DEB
1 39722U 92093KN  14355.47882097  .00001037  00000-0  71670-3 0  9994
2 39722 070.8955 015.4894 0111794 290.4103 139.9428 13.98526878 55049
SL-16 DEB
1 39722U 92093KN  14358.41029201  .00000829  00000-0  57961-3 0  9996
2 39722 070.8957 009.4651 0111832 286.2559 138.9097 13.98533466 55453
SL-16 DEB
1 39722U 92093KN  14360.41355505  .00000649  00000-0  46050-3 0  9995
2 39722 070.8958 005.3487 0111863 283.4178 144.6919 13.98538122 55738
SL-16 DEB
1 39722U 92093KN  14362.41663347  .00000584  00000-0  41716-3 0  9995
2 39722 070.8957 001.2320 0111855 280.5690 149.5892 13.98539823 56011
SL-16 DEB
1 39722U 92093KN  14365.34785017  .00000563  00000-0  40317-3 0  9992
2 39722 070.8960 355.2080 0111802 276.3874 147.4294 13.98543635 56423
SL-16 DEB
1 39722U 92093KN  15004.28088343  .00000375  00000-0  27918-3 0  9997
2 39722 070.8964 347.1240 0111685 270.8011 149.1544 13.98548030 56977
SL-16 DEB
1 39722U 92093KN  15007.28581198  .00000587  00000-0  41928-3 0  9998
2 39722 070.8964 340.9490 0111591 266.4915 158.2237 13.98551500 57398
SL-16 DEB
1 39722U 92093KN  15009.28871882  .00000554  00000-0  39761-3 0  9998
2 39722 070.8964 336.8330 0111516 263.6327 162.3632 13.98555727 57679
SL-16 DEB
1 39722U 92093KN  15011.58597492  .00000459  00000-0  33457-3 0  9996
2 39722 070.8964 332.1118 0111415 260.3444 208.5231 13.98558366 57999
SL-16 DEB
1 39722U 92093KN  15014.22349928  .00000470  00000-0  34212-3 0  9992
2 39722 070.8966 326.6917 0111277 256.5565 167.8998 13.98561150 58367
SL-16 DEB
1 39722U 92093KN  15016.52301162  .00000321  00000-0  24327-3 0  9996
2 39722 070.8967 321.9667 0111180 253.2600 225.4664 13.98564129 58680
SL-16 DEB
1 39722U 92093KN  15021.23509470  .00000348  00000-0  26119-3 0  9992
2 39722 070.8965 312.2851 0110972 246.4473 189.9506 13.98566071 59347
SL-16 DEB
1 39722U 92093KN  15023.46128553  .00000183  00000-0  15222-3 0  9998
2 39722 070.8963 307.7106 0110850 243.2517 238.4042 13.98568917 59656
SL-16 DEB
1 39722U 92093KN  15025.46398346  .00000202  00000-0  16471-3 0  9998
2 39722 070.8964 303.5960 0110778 240.3682 241.6424 13.98570137 59937
SL-16 DEB
1 39722U 92093KN  15028.17200500  .00000309  00000-0  23588-3 0  9998
2 39722 070.8961 298.0313 0110606 236.4484 196.1031 13.98571272 60313
SL-16 DEB
1 39722U 92093KN  15031.10397199  .00000319  00000-0  24183-3 0  9999
2 39722 070.8954 292.0070 0110509 232.1997 198.1076 13.98574777 60722
SL-16 DEB
1 39722U 92093KN  15034.40467859  .00000345  00000-0  25919-3 0  9993
2 39722 070.8947 285.2246 0110347 227.4274 256.6953 13.98578190 61186
SL-16 DEB
1 39722U 92093KN  15037.11272144  .00000336  00000-0  25346-3 0  9999
2 39722 070.8943 279.6591 0110202 223.5028 211.3410 13.98581038 61569
SL-16 DEB
1 39722U 92093KN  15043.27213112  .00000453  00000-0  33068-3 0  9993
2 39722 070.8934 267.0005 0109870 214.5550 263.3198 13.98586843 62424
SL-16 DEB
1 39722U 92093KN  15045.27574251  .00000303  00000-0  23142-3 0  9995
2 39722 070.8931 262.8826 0109763 211.6442 271.3137 13.98589641 62706
SL-16 DEB
1 39722U 92093KN  15048.91144854  .00000409  00000-0  30201-3 0  9992
2 39722 070.8931 255.4099 0109561 206.3712 216.7938 13.98592951 63210
SL-16 DEB
1 39722U 92093KN  15051.21112534  .00000518  00000-0  37408-3 0  9996
2 39722 070.8932 250.6832 0109438 203.0175 275.5240 13.98594470 63535
SL-16 DEB
1 39722U 92093KN  15053.21426074  .00000486  00000-0  35241-3 0  9992
2 39722 070.8934 246.5665 0109335 200.1178 281.1712 13.98597753 63817
SL-16 DEB
1 39722U 92093KN  15055.21508197  .00000539  00000-0  38762-3 0  9991
2 39722 070.8935 242.4542 0109228 197.2202 275.1902 13.98600159 64092
SL-16 DEB
1 39722U 92093KN  15060.15176074  .00000689  00000-0  48668-3 0  9997
2 39722 070.8930 232.3121 0109247 190.0018 291.2302 13.98606713 64786
SL-16 DEB
1 39722U 92093KN  15068.08996706  .00000817  00000-0  57163-3 0  9992
2 39722 070.8938 215.9976 0108872 178.5148 300.0307 13.98619414 65896
SL-16 DEB
1 39722U 92093KN  15070.09107907  .00000716  00000-0  50461-3 0  9995
2 39722 070.8942 211.8857 0108763 175.5339 295.7487 13.98621726 66172
SL-16 DEB
1 39722U 92093KN  15076.02817309  .00000531  00000-0  38230-3 0  9993
2 39722 070.8954 199.6844 0108235 166.8192 309.3599 13.98629048 67002
SL-16 DEB
1 39722U 92093KN  15078.66415822  .00000822  00000-0  57469-3 0  9997
2 39722 070.8949 194.2687 0108431 163.1002 261.6231 13.98634970 67373
SL-16 DEB
1 39722U 92093KN  15081.96552347  .00000550  00000-0  39494-3 0  9994
2 39722 070.8946 187.4839 0107942 158.4154 324.1401 13.98637694 67835
SL-16 DEB
1 39722U 92093KN  15083.96610105  .00000547  00000-0  39294-3 0  9997
2 39722 070.8954 183.3705 0107731 155.3907 317.3451 13.98639979 68118
SL-16 DEB
1 39722U 92093KN  15086.60277956  .00000639  00000-0  45425-3 0  9999
2 39722 070.8955 177.9518 0107537 151.5050 273.3396 13.98643432 68489
SL-16 DEB
1 39722U 92093KN  15088.60567396  .00000661  00000-0  46856-3 0  9995
2 39722 070.8944 173.8326 0107433 148.5237 278.2096 13.98646194 68767
SL-16 DEB
1 39722U 92093KN  15090.60885567  .00000615  00000-0  43821-3 0  9999
2 39722 070.8945 169.7160 0107280 145.5678 284.5185 13.98648667 69042
SL-16 DEB
1 39722U 92093KN  15094.54117047  .00000522  00000-0  37680-3 0  9990
2 39722 070.8946 161.6374 0107002 139.8403 284.2731 13.98653412 69593
SL-16 DEB
1 39722U 92093KN  15096.84081167  .00000448  00000-0  32719-3 0  9993
2 39722 070.8943 156.9113 0106843 136.4513 343.3555 13.98655760 69910
SL-16 DEB
1 39722U 92093KN  15099.47581197  .00000343  00000-0  25778-3 0  9994
2 39722 070.8940 151.4960 0106705 132.5562 291.0608 13.98657787 70286
SL-16 DEB
1 39722U 92093KN  15103.77788458  .00000370  00000-0  27581-3 0  9996
2 39722 070.8931 142.6541 0106491 126.1835 352.8375 13.98661712 70883
SL-16 DEB
1 39722U 92093KN  15106.41243204  .00000516  00000-0  37284-3 0  9998
2 39722 070.8930 137.2396 0106336 122.2760 298.3389 13.98665132 71253
SL-16 DEB
1 39722U 92093KN  15108.41534987  .00000537  00000-0  38668-3 0  9991
2 39722 070.8928 133.1225 0106257 119.2893 303.4892 13.98667476 71532
SL-16 DEB
1 39722U 92093KN  15110.41841584  .00000567  00000-0  40655-3 0  9990
2 39722 070.8931 129.0068 0106170 116.3119 309.3935 13.98670201 71812
SL-16 DEB
1 39722U 92093KN  15112.42137998  .00000674  00000-0  47716-3 0  9994
2 39722 070.8930 124.8899 0106100 113.3221 314.8205 13.98673617 72096
SL-16 DEB
1 39722U 92093KN  15115.35235189  .00000621  00000-0  44234-3 0  9994
2 39722 070.8929 118.8653 0106037 108.9461 313.0379 13.98677352 72509
SL-16 DEB
1 39722U 92093KN  15117.35575323  .00000503  00000-0  36406-3 0  9994
2 39722 070.8928 114.7470 0106005 105.9458 320.7228 13.98679396 72786
SL-16 DEB
1 39722U 92093KN  15119.35865833  .00000441  00000-0  32269-3 0  9998
2 39722 070.8930 110.6301 0105982 102.9538 325.9179 13.98681578 73065
SL-16 DEB
1 39722U 92093KN  15126.59175032  .00000455  00000-0  33223-3 0  9993
2 39722 070.8938 095.7625 0106053 092.1614 026.6808 13.98688517 74076
SL-16 DEB
1 39722U 92093KN  15129.22649483  .00000530  00000-0  38195-3 0  9999
2 39722 070.8943 090.3477 0106055 088.2062 333.4692 13.98691416 74446
SL-16 DEB
1 39722U 92093KN  15131.22913373  .00000725  00000-0  51087-3 0  9995
2 39722 070.8946 086.2318 0106085 085.2111 337.4118 13.98694709 74728
SL-16 DEB
1 39722U 92093KN  15133.23260683  .00000830  00000-0  58057-3 0  9998
2 39722 070.8948 082.1136 0106146 082.2353 345.5593 13.98698227 75004
SL-16 DEB
1 39722U 92093KN  15136.16338256  .00000751  00000-0  52798-3 0  9993
2 39722 070.8951 076.0895 0106248 077.8643 343.0427 13.98702577 75415
SL-16 DEB
1 39722U 92093KN  15138.16625178  .00000646  00000-0  45820-3 0  9998
2 39722 070.8953 071.9732 0106312 074.8888 348.2048 13.98705047 75692
SL-16 DEB
1 39722U 92093KN  15142.46712101  .00000441  00000-0  32261-3 0  9997
2 39722 070.8955 063.1328 0106482 068.4985 044.6785 13.98709675 76296
SL-16 DEB
1 39722U 92093KN  15145.17654260  .00000297  00000-0  22694-3 0  9997
2 39722 070.8958 057.5649 0106600 064.4900 007.6348 13.98711377 76675
SL-16 DEB
1 39722U 92093KN  15150.40639154  .00000263  00000-0  20483-3 0  9991
2 39722 070.8961 046.8165 0106838 056.7606 061.9338 13.98715090 77403
SL-16 DEB
1 39722U 92093KN  15153.04133280  .00000247  00000-0  19428-3 0  9992
2 39722 070.8960 041.4013 0106906 052.8598 009.9066 13.98716605 77771
SL-16 DEB
1 39722U 92093KN  15156.34210825  .00000306  00000-0  23278-3 0  9993
2 39722 070.8960 034.6175 0107041 047.9404 070.6706 13.98719074 78237
SL-16 DEB
1 39722U 92093KN  15157.97556890 +.00000326 +00000-0 +24651-3 0  9996
2 39722 070.8955 031.2584 0107148 045.5811 015.7529 13.98720130057945
SL-16 DEB
1 39722U 92093KN  15160.27436637  .00000411  00000-0  30230-3 0  9994
2 39722 070.8953 026.5334 0107250 042.1921 071.1347 13.98722111 78782
SL-16 DEB
1 39722U 92093KN  15163.27936433  .00000437  00000-0  31961-3 0  9996
2 39722 070.8951 020.3562 0107386 037.7718 082.5365 13.98724707 79206
SL-16 DEB
1 39722U 92093KN  15165.91368262  .00000384  00000-0  28472-3 0  9992
2 39722 070.8949 014.9408 0107484 033.8870 027.4519 13.98726869 79576
SL-16 DEB
1 39722U 92093KN  15165.91368262 +.00000384 +00000-0 +28472-3 0  9992
2 39722 070.8949 014.9408 0107484 033.8870 027.4519 13.98726869059057
SL-16 DEB
1 39722U 92093KN  15166.28279230 +.00000378 +00000-0 +28039-3 0  9991
2 39722 070.8951 014.1825 0107505 033.3492 086.0720 13.98727193059106
SL-16 DEB
1 39722U 92093KN  15168.21274502  .00000341  00000-0  25600-3 0  9994
2 39722 070.8947 010.2144 0107576 030.5198 084.2081 13.98728852 79893
SL-16 DEB
1 39722U 92093KN  15168.91796590 +.00000337 +00000-0 +25342-3 0  9995
2 39722 070.8948 008.7648 0107607 029.4786 035.3063 13.98729518059479
SL-16 DEB
1 39722U 92093KN  15168.99094019 +.00000338 +00000-0 +25416-3 0  9993
2 39722 070.8947 008.6149 0107605 029.3716 042.7636 13.98729610059485
SL-16 DEB
1 39722U 92093KN  15170.21580067  .00000284  00000-0  21826-3 0  9995
2 39722 070.8947 006.0970 0107656 027.5674 090.4759 13.98730507 80171
SL-16 DEB
1 39722U 92093KN  15172.21864848  .00000211  00000-0  17020-3 0  9990
2 39722 070.8947 001.9798 0107737 024.6208 095.7003 13.98731680 80458
SL-16 DEB
1 39722U 92093KN  15174.22111291  .00000213  00000-0  17181-3 0  9990
2 39722 070.8947 357.8634 0107809 021.6797 098.9965 13.98732780 80735
SL-16 DEB
1 39722U 92093KN  15176.85615890  .00000229  00000-0  18218-3 0  9994
2 39722 070.8948 352.4467 0107924 017.7985 047.6449 13.98734349 81107
SL-16 DEB
1 39722U 92093KN  15180.15650757  .00000130  00000-0  11640-3 0  9996
2 39722 070.8949 345.6622 0108053 012.9451 106.4034 13.98735702 81562
SL-16 DEB
1 39722U 92093KN  15182.15927263  .00000089  00000-0  89262-4 0  9996
2 39722 070.8950 341.5454 0108133 010.0006 111.3009 13.98736142 81843
SL-16 DEB
1 39722U 92093KN  15185.09031341  .00000131  00000-0  11728-3 0  9994
2 39722 070.8951 335.5202 0108248 005.6873 110.4454 13.98737384 82256
SL-16 DEB
1 39722U 92093KN  15187.09195782  .00000230  00000-0  18254-3 0  9997
2 39722 070.8952 331.4055 0108320 002.7443 109.6574 13.98738811 82530
SL-16 DEB
1 39722U 92093KN  15190.02426017  .00000266  00000-0  20651-3 0  9995
2 39722 070.8954 325.3778 0108470 358.4359 115.1729 13.98740214 82948
SL-16 DEB
1 39722U 92093KN  15192.02747834  .00000247  00000-0  19376-3 0  9991
2 39722 070.8956 321.2601 0108599 355.5006 122.3154 13.98741219 83229
SL-16 DEB
1 39722U 92093KN  15194.02908889  .00000197  00000-0  16124-3 0  9994
2 39722 070.8959 317.1458 0108839 352.6320 121.3052 13.98742099 83504
SL-16 DEB
1 39722U 92093KN  15199.96546503  .00000138  00000-0  12193-3 0  9990
2 39722 070.8961 304.9438 0109232 344.0003 133.7339 13.98744367 84337
SL-16 DEB
1 39722U 92093KN  15206.90215543  .00000105  00000-0  10008-3 0  9997
2 39722 070.8959 290.6850 0109402 333.7267 143.4736 13.98747092 85304
SL-16 DEB
1 39722U 92093KN  15208.90501192  .00000109  00000-0  10274-3 0  9996
2 39722 070.8952 286.5683 0109509 330.8009 148.8374 13.98747857 85581
SL-16 DEB
1 39722U 92093KN  15211.53920287  .00000171  00000-0  14361-3 0  9999
2 39722 070.8947 281.1531 0109641 326.9732 093.2671 13.98748931 85952
SL-16 DEB
1 39722U 92093KN  15213.83881052  .00000192  00000-0  15756-3 0  9992
2 39722 070.8945 276.4261 0109787 323.6296 152.9160 13.98749883 86276
SL-16 DEB
1 39722U 92093KN  15215.84112534  .00000196  00000-0  16059-3 0  9998
2 39722 070.8943 272.3105 0109891 320.7181 155.5603 13.98750979 86553
SL-16 DEB
1 39722U 92093KN  15218.47611203  .00000186  00000-0  15368-3 0  9998
2 39722 070.8938 266.8938 0110023 316.9009 104.0169 13.98752163 86928
SL-16 DEB
1 39722U 92093KN  15220.55212074  .00000228  00000-0  18152-3 0  9994
2 39722 070.8934 262.6259 0110126 313.9029 117.7434 13.98753417 87219
SL-16 DEB
1 39722U 92093KN  15222.77861231  .00000235  00000-0  18638-3 0  9992
2 39722 070.8932 258.0487 0110226 310.6863 169.2363 13.98754732 87528
SL-16 DEB
1 39722U 92093KN  15226.41408831  .00000181  00000-0  15027-3 0  9999
2 39722 070.8927 250.5745 0110374 305.4528 115.6683 13.98756256 88030
SL-16 DEB
1 39722U 92093KN  15228.41694536  .00000248  00000-0  19477-3 0  9997
2 39722 070.8926 246.4570 0110447 302.5702 121.0614 13.98757735 88311
SL-16 DEB
1 39722U 92093KN  15229.41809178 +.00000226 +00000-0 +18025-3 0  9992
2 39722 070.8925 244.3989 0110475 301.1301 122.3394 13.98758209067933
SL-16 DEB
1 39722U 92093KN  15232.34922631  .00000179  00000-0  14894-3 0  9995
2 39722 070.8924 238.3729 0110546 296.9205 122.0867 13.98759473 88861
SL-16 DEB
1 39722U 92093KN  15234.35230502  .00000196  00000-0  16033-3 0  9993
2 39722 070.8925 234.2546 0110586 294.0529 128.6012 13.98760410 89145
SL-16 DEB
1 39722U 92093KN  15235.35348558 +.00000209 +00000-0 +16862-3 0  9990
2 39722 070.8925 232.1964 0110606 292.6178 130.0557 13.98760933068769
SL-16 DEB
1 39722U 92093KN  15242.29030243  .00000201  00000-0  16356-3 0  9990
2 39722 070.8935 217.9366 0110671 282.6924 140.5103 13.98764931 90251
SL-16 DEB
1 39722U 92093KN  15244.58993234  .00000196  00000-0  16041-3 0  9996
2 39722  70.8938 213.2096 0110693 279.3987 200.3579 13.98766261 90574
SL-16 DEB
1 39722U 92093KN  15245.29435567 +.00000184 +00000-0 +15254-3 0  9997
2 39722 070.8939 211.7615 0110681 278.3911 147.5008 13.98766558070158
SL-16 DEB
1 39722U 92093KN  15246.29611206 +.00000176 +00000-0 +14701-3 0  9991
2 39722 070.8939 209.7016 0110652 276.9616 151.8703 13.98766942070296
SL-16 DEB
1 39722U 92093KN  15247.22384407  .00000183  00000-0  15154-3 0  9996
2 39722  70.8940 207.7942 0110637 275.6307 143.4967 13.98767335 90940
SL-16 DEB
1 39722U 92093KN  15248.22555821 +.00000191 +00000-0 +15706-3 0  9999
2 39722 070.8941 205.7348 0110621 274.1970 147.6608 13.98767770070569
SL-16 DEB
1 39722U 92093KN  15249.22643900  .00000191  00000-0  15706-3 0  9996
2 39722  70.8943 203.6774 0110608 272.7641 147.6302 13.98768179 91226
SL-16 DEB
1 39722U 92093KN  15251.22961956  .00000189  00000-0  15555-3 0  9992
2 39722  70.8945 199.5594 0110569 269.8979 154.7174 13.98769143 91507
SL-16 DEB
1 39722U 92093KN  15252.52777956 +.00000171 +00000-0 +14358-3 0  9992
2 39722 070.8946 196.8908 0110538 268.0407 211.6526 13.98769753071161
SL-16 DEB
1 39722U 92093KN  15253.23249109  .00000185  00000-0  15308-3 0  9996
2 39722  70.8947 195.4422 0110525 267.0297 160.2595 13.98770206 91780
SL-16 DEB
1 39722U 92093KN  15255.16218841 +.00000156 +00000-0 +13379-3 0  9993
2 39722 070.8950 191.4758 0110477 264.2611 157.3403 13.98770876071536
SL-16 DEB
1 39722U 92093KN  15256.16333484  .00000149  00000-0  12946-3 0  9996
2 39722  70.8950 189.4178 0110448 262.8256 158.6609 13.98771233 92191
SL-16 DEB
1 39722U 92093KN  15257.46149397 +.00000157 +00000-0 +13441-3 0  9998
2 39722 070.8949 186.7488 0110395 260.9629 215.6069 13.98771822071855
SL-16 DEB
1 39722U 92093KN  15258.46314964  .00000180  00000-0  14948-3 0  9992
2 39722  70.8951 184.6900 0110369 259.5265 219.4963 13.98772444 92517
SL-16 DEB
1 39722U 92093KN  15260.16922749 +.00000175 +00000-0 +14645-3 0  9996
2 39722 070.8952 181.1831 0110315 257.0740 170.5500 13.98773248072239
SL-16 DEB
1 39722U 92093KN  15261.17046679  .00000171  00000-0  14357-3 0  9993
2 39722  70.8953 179.1250 0110279 255.6332 172.3524 13.98773695 92898
SL-16 DEB
1 39722U 92093KN  15261.46554551 +.00000171 +00000-0 +14372-3 0  9995
2 39722 070.8953 178.5186 0110269 255.2101 218.2378 13.98773809072418
SL-16 DEB
1 39722U 92093KN  15262.09858887 +.00000173 +00000-0 +14532-3 0  9994
2 39722 070.8954 177.2173 0110247 254.2977 165.9693 13.98774089072506
SL-16 DEB
1 39722U 92093KN  15263.09988604 +.00000173 +00000-0 +14548-3 0  9993
2 39722 070.8954 175.1594 0110211 252.8552 168.0670 13.98774485072648
SL-16 DEB
1 39722U 92093KN  15264.10135480  .00000174  00000-0  14573-3 0  9991
2 39722  70.8954 173.1008 0110174 251.4151 171.0280 13.98774924 93309
SL-16 DEB
1 39722U 92093KN  15266.10420463  .00000161  00000-0  13720-3 0  9990
2 39722  70.8954 168.9840 0110108 248.5376 176.5093 13.98775746 93583
SL-16 DEB
1 39722U 92093KN  15267.40231631 +.00000159 +00000-0 +13585-3 0  9997
2 39722 070.8953 166.3158 0110061 246.6733 233.2376 13.98776280073240
SL-16 DEB
1 39722U 92093KN  15268.40374166  .00000158  00000-0  13521-3 0  9998
2 39722  70.8951 164.2569 0110012 245.2229 235.9962 13.98776637 93903
SL-16 DEB
1 39722U 92093KN  15269.10869596 +.00000176 +00000-0 +14708-3 0  9990
2 39722 070.8950 162.8078 0109980 244.2017 185.8520 13.98776978073489
SL-16 DEB
1 39722U 92093KN  15270.40406413  .00000180  00000-0  15000-3 0  9991
2 39722  70.8949 160.1451 0109926 242.3336 228.7785 13.98777427 94186
SL-16 DEB
1 39722U 92093KN  15271.33462013 +.00000190 +00000-0 +15654-3 0  9998
2 39722 070.8948 158.2324 0109885 240.9913 234.6671 13.98777830073793
SL-16 DEB
1 39722U 92093KN  15272.03940109 +.00000204 +00000-0 +16529-3 0  9991
2 39722 070.8948 156.7835 0109861 239.9727 183.6505 13.98778178073894
SL-16 DEB
1 39722U 92093KN  15276.04518728  .00000196  00000-0  16065-3 0  9999
2 39722  70.8943 148.5488 0109695 234.1899 195.1322 13.98780077 94972
SL-16 DEB
1 39722U 92093KN  15277.34269856 +.00000185 +00000-0 +15322-3 0  9991
2 39722 070.8941 145.8816 0109635 232.3108 248.8748 13.98780632074638
SL-16 DEB
1 39722U 92093KN  15279.97734061  .00000177  00000-0  14768-3 0  9991
2 39722  70.8936 140.4652 0109540 228.5061 195.8654 13.98781846 95527
SL-16 DEB
1 39722U 92093KN  15280.61429525 +.00000203 +00000-0 +16507-3 0  9993
2 39722 070.8935 139.1556 0109501 227.5860 163.3138 13.98782374075091
SL-16 DEB
1 39722U 92093KN  15281.97997749  .00000217  00000-0  17388-3 0  9994
2 39722  70.8933 136.3481 0109444 225.6048 200.3541 13.98783234 95805
SL-16 DEB
1 39722U 92093KN  15282.27678623 +.00000211 +00000-0 +17005-3 0  9995
2 39722 070.8933 135.7378 0109426 225.1736 254.9678 13.98783387075322
SL-16 DEB
1 39722U 92093KN  15283.27709757 +.00000200 +00000-0 +16280-3 0  9991
2 39722 070.8931 133.6813 0109380 223.7249 252.1432 13.98783841075461
SL-16 DEB
1 39722U 92093KN  15284.27929558  .00000192  00000-0  15740-3 0  9995
2 39722  70.8930 131.6207 0109328 222.2768 258.8172 13.98784254 96126
SL-16 DEB
1 39722U 92093KN  15290.21482703  .00000233  00000-0  18456-3 0  9995
2 39722  70.8927 119.4178 0109043 213.6903 267.8630 13.98787611 96952
SL-16 DEB
1 39722U 92093KN  15292.14416963 +.00000288 +00000-0 +22126-3 0  9993
2 39722 070.8925 115.4509 0108953 210.8931 263.3117 13.98789044076707
SL-16 DEB
1 39722U 92093KN  15293.21848647  .00000350  00000-0  26197-3 0  9992
2 39722  70.8926 113.2427 0108890 209.3348 273.1748 13.98790094 97370
SL-16 DEB
1 39722U 92093KN  15293.85061608 +.00000364 +00000-0 +27120-3 0  9998
2 39722 070.8926 111.9431 0108892 208.4344 216.3320 13.98790614076941
SL-16 DEB
1 39722U 92093KN  15294.83881487 +.00000221 +00000-0 +17646-3 0  9996
2 39722 070.8904 109.9186 0109407 207.2035 152.3337 13.98790252077089
SL-16 DEB
1 39722U 92093KN  15295.85319711  .00000410  00000-0  30120-3 0  9997
2 39722  70.8928 107.8257 0108753 205.5483 220.5876 13.98792578 97746
SL-16 DEB
1 39722U 92093KN  15296.85488692 +.00000438 +00000-0 +32027-3 0  9991
2 39722 070.8930 105.7662 0108679 204.1013 224.7361 13.98793751077362
SL-16 DEB
1 39722U 92093KN  15297.15118234 +.00000450 +00000-0 +32819-3 0  9990
2 39722 070.8929 105.1568 0108685 203.6548 276.7940 13.98794223077403
SL-16 DEB
1 39722U 92093KN  15298.85760539  .00000448  00000-0  32655-3 0  9994
2 39722  70.8931 101.6487 0108647 201.1890 229.7372 13.98795979 98160
SL-16 DEB
1 39722U 92093KN  15299.78544131 +.00000411 +00000-0 +30239-3 0  9991
2 39722 070.8932 099.7412 0108607 199.8495 221.9936 13.98796718077772
SL-16 DEB
1 39722U 92093KN  15303.08643725  .00000405  00000-0  29800-3 0  9994
2 39722  70.8936  92.9546 0108430 195.0801 284.6772 13.98799883 98753
SL-16 DEB
1 39722U 92093KN  15306.09041730  .00000422  00000-0  30947-3 0  9999
2 39722  70.8940  86.7788 0108268 190.7331 291.7257 13.98802528 99171
SL-16 DEB
1 39722U 92093KN  15309.02137910  .00000434  00000-0  31754-3 0  9991
2 39722  70.8946  80.7534 0108090 186.4854 291.1106 13.98805032 99580
SL-16 DEB
1 39722U 92093KN  15310.72772315 +.00000361 +00000-0 +26893-3 0  9991
2 39722 070.8949 077.2457 0108002 184.0215 243.7164 13.98806193079300
SL-16 DEB
1 39722U 92093KN  15312.02552175  .00000380  00000-0  28165-3 0  9991
2 39722  70.8950  74.5774 0107903 182.1544 299.0174 13.98807527100006
SL-16 DEB
1 39722U 92093KN  15312.80330131 +.00000363 +00000-0 +27025-3 0  9998
2 39722 070.8951 072.9785 0107856 181.0297 255.6762 13.98808139079591
SL-16 DEB
1 39722U 92093KN  15313.02548877 +.00000355 +00000-0 +26486-3 0  9992
2 39722 070.8952 072.5219 0107847 180.7094 294.5434 13.98808308079621
SL-16 DEB
1 39722U 92093KN  15314.95613575  .00000406  00000-0  29855-3 0  9993
2 39722  70.8955  68.5533 0107720 177.9175 296.6978 13.98810250100413
SL-16 DEB
1 39722U 92093KN  15314.95613575 +.00000406 +00000-0 +29855-3 0  9993
2 39722 070.8955 068.5533 0107720 177.9175 296.6978 13.98810250079890
SL-16 DEB
1 39722U 92093KN  15316.03025730 +.00000371 +00000-0 +27550-3 0  9995
2 39722 070.8955 066.3449 0107641 176.3508 305.6662 13.98810917080047
SL-16 DEB
1 39722U 92093KN  15317.66405272  .00000343  00000-0  25733-3 0  9998
2 39722  70.8956  62.9865 0107544 173.9803 252.9856 13.98812093100796
SL-16 DEB
1 39722U 92093KN  15317.66405272 +.00000343 +00000-0 +25733-3 0  9998
2 39722 070.8956 062.9865 0107544 173.9803 252.9856 13.98812093080276
SL-16 DEB
1 39722U 92093KN  15319.96331340  .00000323  00000-0  24409-3 0  9994
2 39722  70.8959  58.2598 0107364 170.6436 311.4108 13.98813969101117
SL-16 DEB
1 39722U 92093KN  15319.96331340 +.00000323 +00000-0 +24409-3 0  9994
2 39722 070.8959 058.2598 0107364 170.6436 311.4108 13.98813969080595
SL-16 DEB
1 39722U 92093KN  15320.96284991 +.00000398 +00000-0 +29383-3 0  9993
2 39722 070.8960 056.2052 0107279 169.1936 304.8004 13.98815352080738
SL-16 DEB
1 39722U 92093KN  15322.59733887  .00000415  00000-0  30501-3 0  9991
2 39722  70.8961  52.8453 0107149 166.8107 255.6526 13.98816959101488
SL-16 DEB
1 39722U 92093KN  15323.59877494 +.00000402 +00000-0 +29629-3 0  9990
2 39722 070.8961 050.7866 0107074 165.3451 258.6305 13.98817977081101
SL-16 DEB
1 39722U 92093KN  15325.60181894  .00000359  00000-0  26759-3 0  9998
2 39722  70.8962  46.6689 0106912 162.4177 265.4577 13.98819935101906
SL-16 DEB
1 39722U 92093KN  15326.60270985 +.00000353 +00000-0 +26352-3 0  9992
2 39722 070.8961 044.6114 0106848 160.9525 265.7009 13.98820933081522
SL-16 DEB
1 39722U 92093KN  15327.60453854  .00000343  00000-0  25706-3 0  9992
2 39722  70.8961  42.5519 0106765 159.4871 270.6683 13.98821835102184
SL-16 DEB
1 39722U 92093KN  15328.60550065 +.00000328 +00000-0 +24750-3 0  9996
2 39722 070.8961 040.4942 0106685 158.0209 271.2757 13.98822555081806
SL-16 DEB
1 39722U 92093KN  15329.83005878  .00000307  00000-0  23344-3 0  9994
2 39722  70.8960  37.9768 0106595 156.2208 317.8689 13.98823304102494
SL-16 DEB
1 39722U 92093KN  15330.60859064 +.00000283 +00000-0 +21740-3 0  9996
2 39722 070.8960 036.3762 0106547 155.0784 278.3755 13.98823648082082
SL-16 DEB
1 39722U 92093KN  15331.53636839 +.00000283 +00000-0 +21730-3 0  9991
2 39722 070.8961 034.4693 0106497 153.7152 270.4540 13.98824269082213
SL-16 DEB
1 39722U 92093KN  15333.53958628  .00000268  00000-0  20758-3 0  9998
2 39722  70.8959  30.3509 0106330 150.7710 278.2119 13.98825497103018
SL-16 DEB
1 39722U 92093KN  15334.83664443 +.00000267 +00000-0 +20675-3 0  9998
2 39722 070.8958 027.6843 0106211 148.8630 329.9137 13.98826335082678
SL-16 DEB
1 39722U 92093KN  15335.54200324  .00000247  00000-0  19358-3 0  9995
2 39722  70.8958  26.2343 0106162 147.8237 281.9497 13.98826628103298
SL-16 DEB
1 39722U 92093KN  15337.47143784 +.00000201 +00000-0 +16371-3 0  9997
2 39722 070.8956 022.2679 0106031 144.9755 278.1786 13.98827343083046
SL-16 DEB
1 39722U 92093KN  15339.47376422  .00000201  00000-0  16364-3 0  9998
2 39722  70.8954  18.1514 0105888 142.0124 281.4891 13.98828308103841
SL-16 DEB
1 39722U 92093KN  15340.47566154 +.00000225 +00000-0 +17953-3 0  9994
2 39722 070.8953 016.0915 0105814 140.5273 286.8471 13.98828983083466
SL-16 DEB
1 39722U 92093KN  15341.47710828  .00000240  00000-0  18911-3 0  9996
2 39722  70.8953  14.0327 0105746 139.0425 289.9391 13.98829656104127
SL-16 DEB
1 39722U 92093KN  15342.47793091 +.00000241 +00000-0 +18984-3 0  9991
2 39722 070.8952 011.9750 0105688 137.5553 289.8935 13.98830228083746
SL-16 DEB
1 39722U 92093KN  15344.48109093  .00000241  00000-0  18982-3 0  9995
2 39722  70.8949   7.8564 0105579 134.5744 297.4406 13.98831305104544
SL-16 DEB
1 39722U 92093KN  15344.70375178 +.00000261 +00000-0 +20314-3 0  9993
2 39722 070.8948 007.3981 0105577 134.2382 338.7266 13.98831598084054
SL-16 DEB
1 39722U 92093KN  15345.40875090 +.00000259 +00000-0 +20156-3 0  9990
2 39722 070.8948 005.9490 0105524 133.1919 288.9733 13.98832017084152
SL-16 DEB
1 39722U 92093KN  15346.41011752 +.00000252 +00000-0 +19740-3 0  9999
2 39722 070.8948 003.8903 0105462 131.6983 291.6816 13.98832629084290
SL-16 DEB
1 39722U 92093KN  15347.41151713  .00000244  00000-0  19172-3 0  9992
2 39722  70.8947   1.8315 0105404 130.2053 294.5579 13.98833269104958
SL-16 DEB
1 39722U 92093KN  15350.41571970  .00000267  00000-0  20692-3 0  9991
2 39722  70.8946 355.6549 0105249 125.7170 303.2279 13.98835338105373
SL-16 DEB
1 39722U 92093KN  15351.41725846 +.00000248 +00000-0 +19437-3 0  9999
2 39722 070.8946 353.5957 0105207 124.2179 306.8195 13.98835802084996
SL-16 DEB
1 39722U 92093KN  15352.34522140 +.00000291 +00000-0 +22315-3 0  9991
2 39722 070.8945 351.6877 0105178 122.8364 299.8897 13.98836558085127
SL-16 DEB
1 39722U 92093KN  15353.34630936  .00000292  00000-0  22366-3 0  9992
2 39722  70.8945 349.6293 0105160 121.3488 301.2049 13.98837154105783
SL-16 DEB
1 39722U 92093KN  15355.34945867  .00000319  00000-0  24131-3 0  9998
2 39722  70.8948 345.5111 0105173 118.3967 308.7215 13.98838715106065
SL-16 DEB
1 39722U 92093KN  15357.35187679  .00000283  00000-0  21780-3 0  9997
2 39722  70.8950 341.3945 0105124 115.4177 312.5938 13.98840031106344
SL-16 DEB
1 39722U 92093KN  15358.35363520 +.00000290 +00000-0 +22216-3 0  9992
2 39722 070.8951 339.3351 0105112 113.9252 317.3030 13.98840807085968
SL-16 DEB
1 39722U 92093KN  15362.58216584  .00000232  00000-0  18410-3 0  9996
2 39722  70.8949 330.6401 0104904 107.4774  11.7358 13.98843300107076
SL-16 DEB
1 39722U 92093KN  15364.58452810  .00000263  00000-0  20444-3 0  9996
2 39722  70.8950 326.5229 0104887 104.4389  15.4196 13.98844761107353
SL-16 DEB
1 39722U 92093KN  15365.28949255 +.00000268 +00000-0 +20777-3 0  9992
2 39722 070.8951 325.0734 0104897 103.3732 325.5435 13.98845189086936
SL-16 DEB
1 39722U 92093KN  16001.21758251 +.00000260 +00000-0 +20238-3 0  9991
2 39722 070.8953 323.1660 0104890 102.0122 319.2635 13.98845668087066
SL-16 DEB
1 39722U 92093KN  16002.21863748  .00000216  00000-0  17298-3 0  9993
2 39722  70.8954 321.1082 0104888 100.5106 320.4582 13.98845916107722
SL-16 DEB
1 39722U 92093KN  16002.29254839 +.00000232 +00000-0 +18389-3 0  9996
2 39722 070.8954 320.9563 0104888 100.3995 332.6654 13.98846052087215
SL-16 DEB
1 39722U 92093KN  16004.51805704  .00000214  00000-0  17214-3 0  9992
2 39722  70.8956 316.3812 0104882  97.0484  20.0845 13.98847158108045
SL-16 DEB
1 39722U 92093KN  16007.22612361  .00000200  00000-0  16267-3 0  9990
2 39722  70.8956 310.8139 0104916  92.9803 337.6164 13.98848630108422
SL-16 DEB
1 39722U 92093KN  16011.23125269  .00000215  00000-0  17286-3 0  9990
2 39722  70.8957 302.5801 0104997  86.9637 347.0381 13.98850504108984
SL-16 DEB
1 39722U 92093KN  16013.45703910  .00000265  00000-0  20601-3 0  9991
2 39722  70.8956 298.0039 0105051  83.6185  35.8874 13.98852067109299
SL-16 DEB
1 39722U 92093KN  16015.45801221  .00000251  00000-0  19614-3 0  9994
2 39722  70.8955 293.8905 0105119  80.6205  32.6002 13.98853323109573
SL-16 DEB
1 39722U 92093KN  16017.09265252 +.00000237 +00000-0 +18709-3 0  9992
2 39722 070.8953 290.5301 0105157 078.1808 344.4929 13.98854242089286
SL-16 DEB
1 39722U 92093KN  16020.09629664  .00000238  00000-0  18777-3 0  9993
2 39722  70.8950 284.3554 0105279  73.6849 350.5860 13.98856168110224
SL-16 DEB
1 39722U 92093KN  16021.39467856 +.00000274 +00000-0 +21151-3 0  9990
2 39722 070.8947 281.6856 0105346 071.7535 049.1215 13.98857284089883
SL-16 DEB
1 39722U 92093KN  16022.09960800  .00000284  00000-0  21824-3 0  9993
2 39722  70.8948 280.2369 0105356  70.7016 359.0882 13.98857850110508
SL-16 DEB
1 39722U 92093KN  16022.39459758 +.00000296 +00000-0 +22584-3 0  9998
2 39722 070.8948 279.6306 0105365 070.2636 044.6302 13.98858155090021
SL-16 DEB
1 39722U 92093KN  16023.39496679 +.00000286 +00000-0 +21938-3 0  9993
2 39722 070.8947 277.5744 0105399 068.7756 042.4051 13.98858756090164
SL-16 DEB
1 39722U 92093KN  16024.02832266 +.00000286 +00000-0 +21933-3 0  9995
2 39722 070.8947 276.2725 0105415 067.8379 351.9288 13.98859145090252
SL-16 DEB
1 39722U 92093KN  16025.10333427  .00000265  00000-0  20579-3 0  9992
2 39722  70.8945 274.0621 0105467  66.2356   5.6037 13.98859686110928
SL-16 DEB
1 39722U 92093KN  16026.03127493 +.00000240 +00000-0 +18934-3 0  9994
2 39722 070.8944 272.1544 0105505 064.8521 358.6432 13.98860140090532
SL-16 DEB
1 39722U 92093KN  16028.33027164  .00000207  00000-0  16746-3 0  9995
2 39722  70.8941 267.4282 0105596  61.4200  56.2287 13.98861411111379
SL-16 DEB
1 39722U 92093KN  16029.03495666 +.00000200 +00000-0 +16236-3 0  9996
2 39722 070.8939 265.9792 0105626 060.3713 004.9721 13.98861791090950
SL-16 DEB
1 39722U 92093KN  16031.33391296  .00000195  00000-0  15914-3 0  9991
2 39722  70.8936 261.2529 0105730  56.9583  62.3492 13.98862948111790
SL-16 DEB
1 39722U 92093KN  16032.03935337 +.00000210 +00000-0 +16910-3 0  9994
2 39722 070.8934 259.8025 0105762 055.9107 014.8980 13.98863334091373
SL-16 DEB
1 39722U 92093KN  16033.96926133  .00000213  00000-0  17141-3 0  9991
2 39722  70.8931 255.8346 0105853  53.0434  13.7857 13.98864247112161
SL-16 DEB
1 39722U 92093KN  16033.96926133 +.00000213 +00000-0 +17141-3 0  9991
2 39722 070.8931 255.8346 0105853 053.0434 013.7857 13.98864247091640
SL-16 DEB
1 39722U 92093KN  16035.26659870 +.00000221 +00000-0 +17685-3 0  9999
2 39722 070.8929 253.1670 0105917 051.1181 067.0920 13.98865005091823
SL-16 DEB
1 39722U 92093KN  16037.26892684  .00000248  00000-0  19470-3 0  9996
2 39722  70.8928 249.0502 0106004  48.1460  70.6954 13.98866414112628
SL-16 DEB
1 39722U 92093KN  16039.90324135  .00000276  00000-0  21320-3 0  9998
2 39722  70.8926 243.6338 0106118  44.2446  16.9501 13.98868160112991
SL-16 DEB
1 39722U 92093KN  16041.20104258 +.00000269 +00000-0 +20814-3 0  9995
2 39722 070.8924 240.9648 0106199 042.3225 072.6082 13.98869015092659
SL-16 DEB
1 39722U 92093KN  16042.20236376  .00000250  00000-0  19554-3 0  9992
2 39722  70.8923 238.9061 0106237  40.8431  75.2076 13.98869641113313
SL-16 DEB
1 39722U 92093KN  16044.20489877  .00000288  00000-0  22113-3 0  9996
2 39722  70.8922 234.7891 0106291  37.8960  79.8630 13.98871399113599
SL-16 DEB
1 39722U 92093KN  16044.91016355 +.00000283 +00000-0 +21728-3 0  9997
2 39722 070.8923 233.3387 0106339 036.8402 031.5576 13.98871867093173
SL-16 DEB
1 39722U 92093KN  16045.91140256 +.00000318 +00000-0 +24044-3 0  9999
2 39722 070.8923 231.2799 0106388 035.3562 033.7583 13.98872747093318
SL-16 DEB
1 39722U 92093KN  16046.20727001  .00000312  00000-0  23649-3 0  9995
2 39722  70.8923 230.6714 0106423  34.9071  83.7459 13.98872902113872
SL-16 DEB
1 39722U 92093KN  16048.84226943  .00000356  00000-0  26555-3 0  9993
2 39722  70.8927 225.2537 0106544  31.0052  33.5095 13.98874919114241
SL-16 DEB
1 39722U 92093KN  16049.84365890 +.00000341 +00000-0 +25604-3 0  9997
2 39722 070.8929 223.1950 0106609 029.5087 036.4885 13.98875579093867
SL-16 DEB
1 39722U 92093KN  16052.14162216  .00000221  00000-0  17645-3 0  9994
2 39722  70.8932 218.4698 0106727  26.1006  88.9739 13.98876660114701
SL-16 DEB
1 39722U 92093KN  16053.77512880 +.00000199 +00000-0 +16180-3 0  9997
2 39722 070.8934 215.1114 0106778 023.6825 035.2745 13.98877491094417
SL-16 DEB
1 39722U 92093KN  16054.14478101  .00000182  00000-0  15111-3 0  9991
2 39722  70.8934 214.3513 0106801  23.1325  96.8378 13.98877610114981
SL-16 DEB
1 39722U 92093KN  16055.07291932 +.00000177 +00000-0 +14755-3 0  9996
2 39722 070.8935 212.4430 0106844 021.7587 090.9224 13.98878001094594
SL-16 DEB
1 39722U 92093KN  16057.07568436  .00000174  00000-0  14577-3 0  9993
2 39722  70.8936 208.3250 0106926  18.8044  96.7967 13.98878808115390
SL-16 DEB
1 39722U 92093KN  16059.07849685  .00000185  00000-0  15261-3 0  9996
2 39722  70.8939 204.2070 0107023  15.8377 102.9290 13.98879804115670
SL-16 DEB
1 39722U 92093KN  16059.78346244 +.00000206 +00000-0 +16654-3 0  9998
2 39722 070.8940 202.7577 0107056 014.7956 053.1242 13.98880224095257
SL-16 DEB
1 39722U 92093KN  16060.78477005 +.00000188 +00000-0 +15457-3 0  9999
2 39722 070.8942 200.6991 0107110 013.3164 055.6930 13.98880536095395
SL-16 DEB
1 39722U 92093KN  16061.07902959  .00000175  00000-0  14620-3 0  9990
2 39722  70.8942 200.0941 0107130  12.8797  97.5817 13.98880593115959
SL-16 DEB
1 39722U 92093KN  16062.08187650 +.00000181 +00000-0 +15024-3 0  9991
2 39722 070.8944 198.0322 0107200 011.3949 107.9077 13.98881000095574
SL-16 DEB
1 39722U 92093KN  16067.01512881  .00000218  00000-0  17426-3 0  9996
2 39722  70.8950 187.8898 0107469   4.1136 111.7148 13.98883644116785
SL-16 DEB
1 39722U 92093KN  16071.72574343  .00000284  00000-0  21808-3 0  9992
2 39722  70.8951 178.2053 0107730 357.1631  74.3715 13.98886788117445
SL-16 DEB
1 39722U 92093KN  16075.65761755  .00000254  00000-0  19798-3 0  9995
2 39722  70.8954 170.1221 0107987 351.3729  75.3180 13.98889280117991
SL-16 DEB
1 39722U 92093KN  16079.58996793  .00000218  00000-0  17478-3 0  9996
2 39722  70.8950 162.0388 0108201 345.5560  78.7162 13.98891100118542
SL-16 DEB
1 39722U 92093KN  16081.59265197 +.00000200 +00000-0 +16277-3 0  9994
2 39722 070.8945 157.9177 0108371 342.7280 084.1513 13.98891935118829
SL-16 DEB
1 39722U 92093KN  16083.59523300  .00000198  00000-0  16150-3 0  9995
2 39722  70.8943 153.7994 0108506 339.8326  89.1409 13.98892771119106
SL-16 DEB
1 39722U 92093KN  16087.52691064  .00000168  00000-0  14131-3 0  9999
2 39722  70.8945 145.7188 0108591 334.0352  89.1832 13.98894314119659
SL-16 DEB
1 39722U 92093KN  16088.82531630 +.00000177 +00000-0 +14728-3 0  9997
2 39722 070.8936 143.0470 0108871 332.1620 147.9575 13.98895208099312
SL-16 DEB
1 39722U 92093KN  16089.52967685  .00000170  00000-0  14274-3 0  9997
2 39722  70.8936 141.5993 0108893 331.1233  95.1431 13.98895528119939
SL-16 DEB
1 39722U 92093KN  16089.82532731 +.00000176 +00000-0 +14692-3 0  9990
2 39722 070.8934 140.9911 0108917 330.6943 144.0438 13.98895788099452
SL-16 DEB
1 39722U 92093KN  16090.53125094 +.00000178 +00000-0 +14822-3 0  9997
2 39722 070.8934 139.5398 0108959 329.6686 099.0868 13.98896123099554
SL-16 DEB
1 39722U 92093KN  16092.53370580  .00000192  00000-0  15741-3 0  9998
2 39722  70.8930 135.4228 0109039 326.7399 103.5077 13.98897119120358
SL-16 DEB
1 39722U 92093KN  16093.53501368 +.00000194 +00000-0 +15899-3 0  9995
2 39722 070.8929 133.3638 0109097 325.2872 106.1132 13.98897567099973
SL-16 DEB
1 39722U 92093KN  16100.39745520  .00000189  00000-0  15517-3 0  9999
2 39722  70.8926 119.2527 0109453 315.3711 105.5150 13.98901117121457
SL-16 DEB
1 39722U 92093KN  16102.40055880  .00000183  00000-0  15159-3 0  9992
2 39722  70.8925 115.1339 0109538 312.4805 113.1994 13.98902139121735
SL-16 DEB
1 39722U 92093KN  16103.40180822 +.00000203 +00000-0 +16441-3 0  9996
2 39722 070.8925 113.0749 0109581 311.0397 115.5173 13.98902765101352
SL-16 DEB
1 39722U 92093KN  16104.40272083  .00000229  00000-0  18191-3 0  9990
2 39722  70.8925 111.0168 0109610 309.5962 116.1451 13.98903464122017
SL-16 DEB
1 39722U 92093KN  16104.69872836 +.00000232 +00000-0 +18394-3 0  9992
2 39722 070.8925 110.4080 0109605 309.1704 166.8480 13.98903646101537
SL-16 DEB
1 39722U 92093KN  16105.48981584 +.00000233 +00000-0 +18430-3 0  9993
2 39722 070.8926 108.7817 0109675 308.0286 190.7925 13.98904098101640
SL-16 DEB
1 39722U 92093KN  16106.40561610  .00000233  00000-0  18472-3 0  9996
2 39722  70.8927 106.8986 0109690 306.7148 122.7879 13.98904506122297
SL-16 DEB
1 39722U 92093KN  16106.69963145 +.00000229 +00000-0 +18145-3 0  9998
2 39722 070.8927 106.2939 0109702 306.2943 163.4565 13.98904639101817
SL-16 DEB
1 39722U 92093KN  16107.33347314 +.00000231 +00000-0 +18336-3 0  9999
2 39722 070.8927 104.9905 0109713 305.3823 115.5047 13.98904939101900
SL-16 DEB
1 39722U 92093KN  16108.33465543 +.00000253 +00000-0 +19746-3 0  9995
2 39722 070.8929 102.9317 0109739 303.9475 117.4892 13.98905612102046
SL-16 DEB
1 39722U 92093KN  16109.33591498  .00000251  00000-0  19598-3 0  9998
2 39722  70.8930 100.8728 0109769 302.5154 119.8621 13.98906228122708
SL-16 DEB
1 39722U 92093KN  16111.63536058  .00000201  00000-0  16355-3 0  9998
2 39722  70.8933  96.1444 0109812 299.2213 179.9525 13.98907505123025
SL-16 DEB
1 39722U 92093KN  16112.63651885 +.00000189 +00000-0 +15570-3 0  9998
2 39722 070.8934 094.0857 0109827 297.7883 181.8235 13.98908022102643
SL-16 DEB
1 39722U 92093KN  16114.26960942  .00000181  00000-0  15017-3 0  9994
2 39722  70.8937  90.7276 0109868 295.4364 126.1472 13.98908773123391
SL-16 DEB
1 39722U 92093KN  16116.56852030  .00000168  00000-0  14174-3 0  9995
2 39722  70.8940  86.0003 0109885 292.1542 183.5521 13.98909751123717
SL-16 DEB
1 39722U 92093KN  16118.27457442 +.00000180 +00000-0 +14946-3 0  9994
2 39722 070.8942 082.4923 0109900 289.7115 135.3198 13.98910652103430
SL-16 DEB
1 39722U 92093KN  16119.27614763  .00000184  00000-0  15211-3 0  9996
2 39722  70.8944  80.4328 0109902 288.2763 139.2926 13.98911170124097
SL-16 DEB
1 39722U 92093KN  16120.27725876 +.00000190 +00000-0 +15605-3 0  9990
2 39722 070.8946 078.3743 0109898 286.8454 140.9367 13.98911677103717
SL-16 DEB
1 39722U 92093KN  16121.57496823  .00000190  00000-0  15600-3 0  9996
2 39722  70.8948  75.7060 0109886 284.9856 196.2726 13.98912299124418
SL-16 DEB
1 39722U 92093KN  16121.57496823 +.00000190 +00000-0 +15600-3 0  9996
2 39722 070.8948 075.7060 0109886 284.9856 196.2726 13.98912299103897
SL-16 DEB
1 39722U 92093KN  16123.20773346 +.00000209 +00000-0 +16853-3 0  9998
2 39722 070.8951 072.3487 0109868 282.6427 138.9744 13.98913205104124
SL-16 DEB
1 39722U 92093KN  16124.50566179  .00000206  00000-0  16672-3 0  9992
2 39722  70.8952  69.6802 0109857 280.7693 195.4326 13.98913929124823
SL-16 DEB
1 39722U 92093KN  16125.50729345 +.00000186 +00000-0 +15342-3 0  9999
2 39722 070.8953 067.6205 0109849 279.3388 199.7065 13.98914390104441
SL-16 DEB
1 39722U 92093KN  16127.50864734  .00000157  00000-0  13462-3 0  9992
2 39722  70.8955  63.5053 0109815 276.4664 198.6577 13.98915275125247
SL-16 DEB
1 39722U 92093KN  16128.51117076 +.00000171 +00000-0 +14340-3 0  9996
2 39722 070.8956 061.4439 0109797 275.0280 207.4344 13.98915788104866
SL-16 DEB
1 39722U 92093KN  16129.14287244 +.00000169 +00000-0 +14202-3 0  9995
2 39722 070.8957 060.1450 0109791 274.1163 148.7334 13.98916015104950
SL-16 DEB
1 39722U 92093KN  16130.14340456  .00000169  00000-0  14230-3 0  9993
2 39722  70.8958  58.0877 0109767 272.6875 147.4779 13.98916460125615
SL-16 DEB
1 39722U 92093KN  16132.44333541  .00000215  00000-0  17235-3 0  9995
2 39722  70.8960  53.3585 0109717 269.3864 210.1036 13.98917977125931
SL-16 DEB
1 39722U 92093KN  16133.14787419 +.00000198 +00000-0 +16154-3 0  9999
2 39722 070.8962 051.9102 0109722 268.3817 158.2100 13.98918340105516
SL-16 DEB
1 39722U 92093KN  16134.44554547  .00000196  00000-0  15999-3 0  9991
2 39722  70.8963  49.2423 0109694 266.5136 213.3943 13.98919200126219
SL-16 DEB
1 39722U 92093KN  16135.44568380 +.00000192 +00000-0 +15753-3 0  9996
2 39722 070.8963 047.1858 0109671 265.0751 210.1777 13.98919773105830
SL-16 DEB
1 39722U 92093KN  16136.15179579 +.00000180 +00000-0 +14953-3 0  9991
2 39722 070.8963 045.7340 0109652 264.0574 166.2218 13.98920063105937
SL-16 DEB
1 39722U 92093KN  16137.15323126  .00000185  00000-0  15282-3 0  9992
2 39722  70.8963  43.6750 0109622 262.6176 169.5400 13.98920587126593
SL-16 DEB
1 39722U 92093KN  16138.08073124 +.00000191 +00000-0 +15707-3 0  9994
2 39722 070.8963 041.7680 0109601 261.2834 160.5141 13.98921051106203
SL-16 DEB
1 39722U 92093KN  16139.15550037  .00000185  00000-0  15278-3 0  9992
2 39722  70.8963  39.5581 0109572 259.7360 173.1516 13.98921497126876
SL-16 DEB
1 39722U 92093KN  16140.08333628 +.00000188 +00000-0 +15452-3 0  9998
2 39722 070.8963 037.6505 0109554 258.4015 165.8202 13.98921959106482
SL-16 DEB
1 39722U 92093KN  16141.38165716  .00000184  00000-0  15221-3 0  9993
2 39722  70.8963  34.9811 0109527 256.5340 224.2881 13.98922548127180
SL-16 DEB
1 39722U 92093KN  16142.38166933 +.00000178 +00000-0 +14824-3 0  9997
2 39722 070.8962 032.9250 0109488 255.0895 220.4525 13.98922928106800
SL-16 DEB
1 39722U 92093KN  16144.01566353  .00000170  00000-0  14324-3 0  9996
2 39722  70.8961  29.5652 0109431 252.7261 169.4219 13.98923465127550
SL-16 DEB
1 39722U 92093KN  16146.31473471  .00000145  00000-0  12629-3 0  9997
2 39722  70.8959  24.8379 0109359 249.4111 227.7855 13.98924187127878
SL-16 DEB
1 39722U 92093KN  16147.31585913 +.00000136 +00000-0 +12050-3 0  9991
2 39722 070.8958 022.7790 0109322 247.9697 229.5530 13.98924542107494
SL-16 DEB
1 39722U 92093KN  16148.02042975 +.00000128 +00000-0 +11534-3 0  9993
2 39722 070.8957 021.3301 0109296 246.9475 177.8530 13.98924767107594
SL-16 DEB
1 39722U 92093KN  16151.02452814  .00000131  00000-0  11701-3 0  9994
2 39722  70.8954  15.1528 0109200 242.5987 186.8425 13.98925867128530
SL-16 DEB
1 39722U 92093KN  16152.24896098 +.00000138 +00000-0 +12204-3 0  9991
2 39722 070.8952 012.6349 0109160 240.8282 233.2302 13.98926296108182
SL-16 DEB
1 39722U 92093KN  16154.25176017  .00000177  00000-0  14765-3 0  9993
2 39722  70.8951   8.5166 0109101 237.9366 239.5636 13.98927321128986
SL-16 DEB
1 39722U 92093KN  16155.95795291 +.00000198 +00000-0 +16144-3 0  9998
2 39722 070.8950 005.0079 0109065 235.4715 192.1599 13.98928292108708
SL-16 DEB
1 39722U 92093KN  16156.95897258  .00000196  00000-0  15980-3 0  9990
2 39722  70.8950   2.9495 0109036 234.0228 193.4229 13.98928794129364
SL-16 DEB
1 39722U 92093KN  16156.95897258 +.00000196 +00000-0 +15980-3 0  9990
2 39722 070.8950 002.9495 0109036 234.0228 193.4229 13.98928794108844
SL-16 DEB
1 39722U 92093KN  16158.03326456 +.00000203 +00000-0 +16487-3 0  9990
2 39722 070.8949 000.7402 0109001 232.4660 203.6996 13.98929414108991
SL-16 DEB
1 39722U 92093KN  16158.25690080 +.00000199 +00000-0 +16224-3 0  9994
2 39722 070.8948 000.2802 0108991 232.1445 249.9589 13.98929510109027
SL-16 DEB
1 39722U 92093KN  16159.18471331  .00000168  00000-0  14132-3 0  9995
2 39722  70.8948 358.3726 0108969 230.8014 242.5446 13.98929730129679
SL-16 DEB
1 39722U 92093KN  16160.89119362 +.00000154 +00000-0 +13248-3 0  9990
2 39722 070.8947 354.8635 0108933 228.3297 196.6086 13.98930350109390
SL-16 DEB
1 39722U 92093KN  16161.89208598  .00000151  00000-0  13050-3 0  9999
2 39722  70.8947 352.8053 0108900 226.8857 197.2331 13.98930765130058
SL-16 DEB
1 39722U 92093KN  16162.18922661 +.00000149 +00000-0 +12888-3 0  9991
2 39722 070.8947 352.1942 0108863 226.4735 253.6555 13.98930893109577
SL-16 DEB
1 39722U 92093KN  16163.96812683 +.00000166 +00000-0 +14024-3 0  9993
2 39722 070.8947 348.5360 0108840 223.8846 212.4558 13.98931702109823
SL-16 DEB
1 39722U 92093KN  16164.19137910  .00000165  00000-0  13938-3 0  9994
2 39722  70.8946 348.0768 0108831 223.5630 256.7838 13.98931788130377
SL-16 DEB
1 39722U 92093KN  16165.19150758 +.00000170 +00000-0 +14266-3 0  9991
2 39722 070.8947 346.0202 0108813 222.1110 253.5754 13.98932200109993
SL-16 DEB
1 39722U 92093KN  16166.19363691  .00000171  00000-0  14359-3 0  9998
2 39722  70.8947 343.9594 0108763 220.6691 260.4315 13.98932557130656
SL-16 DEB
1 39722U 92093KN  16167.19512824 +.00000180 +00000-0 +14967-3 0  9998
2 39722 070.8947 341.8999 0108734 219.2186 264.0858 13.98932976110276
SL-16 DEB
1 39722U 92093KN  16168.12325382 +.00000183 +00000-0 +15158-3 0  9999
2 39722 070.8948 339.9915 0108708 217.8750 258.2603 13.98933374110406
SL-16 DEB
1 39722U 92093KN  16170.12606745  .00000158  00000-0  13486-3 0  9991
2 39722  70.8948 335.8729 0108649 214.9794 264.7200 13.98934167131201
SL-16 DEB
1 39722U 92093KN  16174.13080252  .00000127  00000-0  11474-3 0  9996
2 39722  70.8951 327.6379 0108556 209.1841 273.1687 13.98935591131767
SL-16 DEB
1 39722U 92093KN  16175.76369391 +.00000130 +00000-0 +11638-3 0  9996
2 39722 070.8951 324.2802 0108497 206.8239 216.6576 13.98936102111474
SL-16 DEB
1 39722U 92093KN  16176.06044073 +.00000133 +00000-0 +11866-3 0  9993
2 39722 070.8951 323.6699 0108484 206.3944 271.1208 13.98936247111518
SL-16 DEB
1 39722U 92093KN  16177.06203910  .00000146  00000-0  12709-3 0  9992
2 39722  70.8952 321.6103 0108449 204.9473 275.3243 13.98936710132174
SL-16 DEB
1 39722U 92093KN  16178.84073071 +.00000155 +00000-0 +13260-3 0  9995
2 39722 070.8953 317.9529 0108388 202.3784 233.0925 13.98937538111909
SL-16 DEB
1 39722U 92093KN  16179.06420287  .00000154  00000-0  13199-3 0  9995
2 39722  70.8953 317.4934 0108387 202.0548 278.5345 13.98937649132454
SL-16 DEB
1 39722U 92093KN  16180.06561550 +.00000144 +00000-0 +12586-3 0  9994
2 39722 070.8954 315.4342 0108355 200.6042 281.8115 13.98938033112070
SL-16 DEB
1 39722U 92093KN  16183.06898328  .00000114  00000-0  10579-3 0  9990
2 39722  70.8953 309.2589 0108501 196.3333 287.1920 13.98939160133012
SL-16 DEB
1 39722U 92093KN  16184.99904257 +.00000097 +00000-0 +94655-4 0  9990
2 39722 070.8954 305.2900 0108228 193.4803 287.3476 13.98939590112766
SL-16 DEB
1 39722U 92093KN  16186.00041757  .00000093  00000-0  91994-4 0  9990
2 39722  70.8954 303.2312 0108312 192.0769 290.3957 13.98939921133423
SL-16 DEB
1 39722U 92093KN  16187.00071824 +.00000091 +00000-0 +90596-4 0  9994
2 39722 070.8955 301.1743 0108156 190.5939 288.1118 13.98940113113042
SL-16 DEB
1 39722U 92093KN  16190.00448096  .00000111  00000-0  10398-3 0  9991
2 39722  70.8954 294.9980 0108124 186.2832 295.5364 13.98940864133985
SL-16 DEB
1 39722U 92093KN  16193.93710796  .00000131  00000-0  11682-3 0  9994
2 39722  70.8953 286.9117 0107882 180.5725 300.9513 13.98942408134530
SL-16 DEB
1 39722U 92093KN  16194.93725904 +.00000150 +00000-0 +12948-3 0  9999
2 39722 070.8955 284.8556 0107523 179.0124 297.9994 13.98942945114154
SL-16 DEB
1 39722U 92093KN  16195.64324370 +.00000132 +00000-0 +11770-3 0  9992
2 39722 070.8953 283.4038 0107663 178.0651 253.3934 13.98943118114255
SL-16 DEB
1 39722U 92093KN  16196.57099714  .00000151  00000-0  12978-3 0  9998
2 39722  70.8952 281.4963 0107646 176.7204 245.7304 13.98943587134909
SL-16 DEB
1 39722U 92093KN  16197.57211897 +.00000153 +00000-0 +13152-3 0  9994
2 39722 070.8952 279.4378 0107581 175.2581 247.5764 13.98944017114521
SL-16 DEB
1 39722U 92093KN  16198.57369362  .00000158  00000-0  13446-3 0  9997
2 39722  70.8950 277.3781 0107524 173.8010 251.6988 13.98944460135183
SL-16 DEB
1 39722U 92093KN  16199.57449223 +.00000142 +00000-0 +12413-3 0  9999
2 39722 070.8949 275.3203 0107467 172.3468 251.9112 13.98944749114803
SL-16 DEB
1 39722U 92093KN  16201.57727118  .00000134  00000-0  11880-3 0  9993
2 39722  70.8949 271.2028 0107346 169.4447 258.2837 13.98945476135606
SL-16 DEB
1 39722U 92093KN  16202.87360104 +.00000126 +00000-0 +11327-3 0  9992
2 39722 070.8947 268.5374 0107269 167.5586 306.8562 13.98945889115267
SL-16 DEB
1 39722U 92093KN  16206.51067310  .00000090  00000-0  89990-4 0  9992
2 39722  70.8942 261.0587 0107071 162.2493 263.8948 13.98946824136292
SL-16 DEB
1 39722U 92093KN  16206.51067310 +.00000090 +00000-0 +89990-4 0  9992
2 39722 070.8942 261.0587 0107071 162.2493 263.8948 13.98946824115772
SL-16 DEB
1 39722U 92093KN  16212.51823068  .00000084  00000-0  85923-4 0  9994
2 39722  70.8935 248.7063 0106752 153.4582 279.2328 13.98948348137131
SL-16 DEB
1 39722U 92093KN  16214.52081200  .00000094  00000-0  92496-4 0  9995
2 39722  70.8928 244.5863 0106601 150.4963 284.6972 13.98948898137414
SL-16 DEB
1 39722U 92093KN  16219.38041932  .00000096  00000-0  93495-4 0  9994
2 39722  70.8926 234.5935 0106342 143.3259 278.8120 13.98950525138097
SL-16 DEB
1 39722U 92093KN  16221.38297603  .00000105  00000-0  99823-4 0  9997
2 39722  70.8925 230.4760 0106263 140.3643 284.1686 13.98951183138372
SL-16 DEB
1 39722U 92093KN  16222.38450323 +.00000109 +00000-0 +10216-3 0  9990
2 39722 070.8925 228.4163 0106207 138.8776 288.1067 13.98951505117993
SL-16 DEB
1 39722U 92093KN  16223.38560336  .00000124  00000-0  11244-3 0  9996
2 39722  70.8923 226.3581 0105844 137.3884 289.8945 13.98951904138654
SL-16 DEB
1 39722U 92093KN  16224.38724832 +.00000139 +00000-0 +12197-3 0  9994
2 39722 070.8925 224.2982 0105973 135.9040 294.4285 13.98952329118276
SL-16 DEB
1 39722U 92093KN  16225.38797720 +.00000150 +00000-0 +12952-3 0  9993
2 39722 070.8926 222.2399 0106007 134.4132 294.3566 13.98952703138934
SL-16 DEB
1 39722U 92093KN  16226.31586984 +.00000152 +00000-0 +13077-3 0  9996
2 39722 070.8927 220.3316 0106027 133.0291 287.4654 13.98953003118546
SL-16 DEB
1 39722U 92093KN  16227.31709668 +.00000148 +00000-0 +12820-3 0  9993
2 39722 070.8928 218.2728 0105994 131.5362 289.9044 13.98953315118685
SL-16 DEB
1 39722U 92093KN  16228.31888980  .00000135  00000-0  11918-3 0  9992
2 39722  70.8929 216.2127 0105963 130.0430 295.1959 13.98953588139345
SL-16 DEB
1 39722U 92093KN  16229.31961984 +.00000124 +00000-0 +11211-3 0  9993
2 39722 070.8930 214.1548 0105930 128.5505 295.1354 13.98953912118965
SL-16 DEB
1 39722U 92093KN  16230.32113578  .00000115  00000-0  10629-3 0  9996
2 39722  70.8931 212.0953 0105896 127.0557 299.0352 13.98954264139623
SL-16 DEB
1 39722U 92093KN  16231.32264068 +.00000110 +00000-0 +10306-3 0  9995
2 39722 070.8930 210.0356 0105858 125.5551 302.8864 13.98954620119245
SL-16 DEB
1 39722U 92093KN  16234.62295230  .00000114  00000-0  10573-3 0  9996
2 39722  70.8934 203.2496 0105779 120.6236   4.1479 13.98955599140228
SL-16 DEB
1 39722U 92093KN  16236.25537303 +.00000134 +00000-0 +11875-3 0  9995
2 39722 070.8937 199.8932 0105719 118.1795 305.4688 13.98956162119932
SL-16 DEB
1 39722U 92093KN  16237.25660971  .00000149  00000-0  12845-3 0  9998
2 39722  70.8939 197.8344 0105706 116.6813 307.9741 13.98956601140590
SL-16 DEB
1 39722U 92093KN  16239.55579951  .00000148  00000-0  12788-3 0  9995
2 39722  70.8943 193.1069 0105665 113.2335   7.3444 13.98957610140912
SL-16 DEB
1 39722U 92093KN  16242.55926019  .00000140  00000-0  12255-3 0  9991
2 39722  70.8946 186.9312 0105673 108.7376  13.6242 13.98958631141336
SL-16 DEB
1 39722U 92093KN  16243.19105501 +.00000146 +00000-0 +12643-3 0  9994
2 39722 070.8947 185.6321 0105673 107.7944 315.5213 13.98958892120904
SL-16 DEB
1 39722U 92093KN  16244.19252494 +.00000143 +00000-0 +12459-3 0  9991
2 39722 070.8948 183.5730 0105670 106.2946 319.2113 13.98959207121046
SL-16 DEB
1 39722U 92093KN  16245.49016468  .00000167  00000-0  14052-3 0  9991
2 39722  70.8949 180.9050 0105659 104.3449  14.5055 13.98959812141748
SL-16 DEB
1 39722U 92093KN  16246.19481777 +.00000174 +00000-0 +14526-3 0  9992
2 39722 070.8949 179.4561 0105669 103.2974 323.3352 13.98960108121323
SL-16 DEB
1 39722U 92093KN  16248.49197152  .00000207  00000-0  16708-3 0  9999
2 39722  70.8950 174.7328 0105699  99.8606  12.4702 13.98961164142162
SL-16 DEB
1 39722U 92093KN  16249.12542973 +.00000201 +00000-0 +16299-3 0  9994
2 39722 070.8951 173.4304 0105709 098.9131 322.7515 13.98961358121732
SL-16 DEB
1 39722U 92093KN  16250.49561609  .00000182  00000-0  15060-3 0  9996
2 39722  70.8952 170.6132 0105722  96.8587  23.4180 13.98961774142444
SL-16 DEB
1 39722U 92093KN  16251.49684120 +.00000172 +00000-0 +14408-3 0  9995
2 39722 070.8952 168.5545 0105735 095.3579 025.8876 13.98962172122064
SL-16 DEB
1 39722U 92093KN  16255.13299949  .00000146  00000-0  12658-3 0  9997
2 39722  70.8951 161.0781 0105808  89.9226 338.6687 13.98963781143090
SL-16 DEB
1 39722U 92093KN  16256.35703883 +.00000152 +00000-0 +13064-3 0  9998
2 39722 070.8950 158.5612 0105847 088.0973 023.2980 13.98964320122747
SL-16 DEB
1 39722U 92093KN  16259.36113603  .00000188  00000-0  15444-3 0  9990
2 39722  70.8947 152.3847 0105925  83.6194  32.8414 13.98965840143680
SL-16 DEB
1 39722U 92093KN  16261.06697142 +.00000207 +00000-0 +16709-3 0  9992
2 39722 070.8946 148.8770 0105958 081.0641 343.9654 13.98966864123406
SL-16 DEB
1 39722U 92093KN  16263.06953883  .00000199  00000-0  16144-3 0  9994
2 39722  70.8945 144.7593 0106023  78.0780 349.5192 13.98967934144206
SL-16 DEB
1 39722U 92093KN  16263.36448068 +.00000198 +00000-0 +16057-3 0  9993
2 39722 070.8945 144.1528 0106035 077.6386 034.9386 13.98968090123726
SL-16 DEB
1 39722U 92093KN  16264.07105505 +.00000210 +00000-0 +16880-3 0  9997
2 39722 070.8944 142.7000 0106056 076.5964 353.4585 13.98968509123823
SL-16 DEB
1 39722U 92093KN  16267.29806890 +.00000164 +00000-0 +13834-3 0  9993
2 39722 070.8939 136.0644 0106168 071.8022 045.7066 13.98969696124277
SL-16 DEB
1 39722U 92093KN  16268.00303508  .00000162  00000-0  13726-3 0  9999
2 39722  70.8937 134.6148 0106165  70.7580 356.1352 13.98970002144892
SL-16 DEB
1 39722U 92093KN  16272.00785163  .00000199  00000-0  16166-3 0  9996
2 39722  70.8932 126.3796 0106277  64.8333   5.6422 13.98971829145453
SL-16 DEB
1 39722U 92093KN  16277.94206199  .00000170  00000-0  14215-3 0  9993
2 39722  70.8927 114.1769 0106400  56.0505  12.2383 13.98974821146281
SL-16 DEB
1 39722U 92093KN  16277.94206199 +.00000170 +00000-0 +14215-3 0  9993
2 39722 070.8927 114.1769 0106400 056.0505 012.2383 13.98974821125761
SL-16 DEB
1 39722U 92093KN  16279.23930647 +.00000166 +00000-0 +13999-3 0  9992
2 39722 070.8926 111.5083 0106488 054.1108 065.6078 13.98975395125944
SL-16 DEB
1 39722U 92093KN  16280.87266527  .00000165  00000-0  13926-3 0  9992
2 39722  70.8926 108.1493 0106571  51.6617  11.7740 13.98976037146698
SL-16 DEB
1 39722U 92093KN  16280.87266527 +.00000165 +00000-0 +13926-3 0  9992
2 39722 070.8926 108.1493 0106571 051.6617 011.7740 13.98976037126179
SL-16 DEB
1 39722U 92093KN  16286.17511666  .00000215  00000-0  17199-3 0  9990
2 39722  70.8930  97.2449 0106827  43.7398  76.7785 13.98978939147430
SL-16 DEB
1 39722U 92093KN  16288.80936434  .00000248  00000-0  19389-3 0  9995
2 39722  70.8931  91.8269 0106908  39.8546  23.7457 13.98980481147806
SL-16 DEB
1 39722U 92093KN  16292.10928418  .00000194  00000-0  15817-3 0  9998
2 39722  70.8938  85.0413 0107038  34.9229  83.3474 13.98982300148262
SL-16 DEB
1 39722U 92093KN  16293.11040775 +.00000165 +00000-0 +13933-3 0  9996
2 39722 070.8937 082.9815 0107074 033.4552 085.3467 13.98982635127886
SL-16 DEB
1 39722U 92093KN  16294.81678508  .00000156  00000-0  13336-3 0  9992
2 39722  70.8939  79.4723 0107137  30.9200  39.2809 13.98983270148640
SL-16 DEB
1 39722U 92093KN  16295.81791847 +.00000165 +00000-0 +13949-3 0  9995
2 39722 070.8941 077.4132 0107207 029.4369 041.3484 13.98983660128264
SL-16 DEB
1 39722U 92093KN  16297.04214501  .00000177  00000-0  14736-3 0  9997
2 39722  70.8944  74.8957 0107276  27.6176  87.0011 13.98984238148958
SL-16 DEB
1 39722U 92093KN  16297.74738605 +.00000181 +00000-0 +14980-3 0  9996
2 39722 070.8945 073.4454 0107305 026.5672 038.8562 13.98984558128530
SL-16 DEB
1 39722U 92093KN  16300.04590456  .00000192  00000-0  15675-3 0  9998
2 39722  70.8950  68.7188 0107407  23.1557  95.0416 13.98985783149374
SL-16 DEB
1 39722U 92093KN  16302.04800093  .00000169  00000-0  14190-3 0  9996
2 39722  70.8953  64.6019 0107501  20.1886  98.3378 13.98986474149654
SL-16 DEB
1 39722U 92093KN  16303.04927407 +.00000156 +00000-0 +13330-3 0  9997
2 39722 070.8954 062.5429 0107552 018.7026 101.1227 13.98986746129276
SL-16 DEB
1 39722U 92093KN  16306.98154112  .00000163  00000-0  13778-3 0  9992
2 39722  70.8960  54.4570 0107775  12.8815 105.4842 13.98988409150348
SL-16 DEB
1 39722U 92093KN  16308.98207443  .00000168  00000-0  14145-3 0  9994
2 39722  70.8962  50.3434 0107889   9.9292 100.9155 13.98989243150621
SL-16 DEB
1 39722U 92093KN  16309.91144828 +.00000166 +00000-0 +14019-3 0  9993
2 39722 070.8962 048.4324 0107947 008.5504 101.5976 13.98989561130239
SL-16 DEB
1 39722U 92093KN  16311.61811501  .00000146  00000-0  12661-3 0  9991
2 39722  70.8963  44.9229 0108026   6.0176  57.0273 13.98990020150994
SL-16 DEB
1 39722U 92093KN  16313.62011752  .00000141  00000-0  12378-3 0  9994
2 39722  70.8963  40.8064 0108136   3.0611  59.8724 13.98990880151276
SL-16 DEB
1 39722U 92093KN  16314.62187682 +.00000141 +00000-0 +12341-3 0  9991
2 39722 070.8964 038.7464 0108207 001.5862 065.1111 13.98991370130897
SL-16 DEB
1 39722U 92093KN  16315.62312699  .00000149  00000-0  12861-3 0  9995
2 39722  70.8964  36.6876 0108273   0.1117  67.7876 13.98991850151557
SL-16 DEB
1 39722U 92093KN  16316.62434208 +.00000183 +00000-0 +15083-3 0  9994
2 39722 070.8964 034.6287 0108336 358.6396 070.2870 13.98992447131173
SL-16 DEB
1 39722U 92093KN  16317.55191150 +.00000178 +00000-0 +14812-3 0  9996
2 39722 070.8963 032.7213 0108399 357.2717 061.8837 13.98992745131306
SL-16 DEB
1 39722U 92093KN  16319.55419307  .00000198  00000-0  16088-3 0  9994
2 39722  70.8963  28.6038 0108531 354.3305  66.1382 13.98993690152108
SL-16 DEB
1 39722U 92093KN  16320.55569623 +.00000190 +00000-0 +15557-3 0  9995
2 39722 070.8962 026.5444 0108605 352.8572 070.0947 13.98994126131727
SL-16 DEB
1 39722U 92093KN  16321.55718958  .00000177  00000-0  14746-3 0  9997
2 39722  70.8963  24.4850 0108683 351.3813  74.0061 13.98994566152388
SL-16 DEB
1 39722U 92093KN  16322.55825383 +.00000167 +00000-0 +14027-3 0  9990
2 39722 070.8962 022.4264 0108763 349.9098 075.7541 13.98994994132004
SL-16 DEB
1 39722U 92093KN  16324.48765223  .00000153  00000-0  13157-3 0  9998
2 39722  70.8961  18.4589 0108896 347.0858  72.9454 13.98995677152797
SL-16 DEB
1 39722U 92093KN  16326.56334759  .00000147  00000-0  12747-3 0  9992
2 39722  70.8959  14.1906 0109050 344.0462  86.9498 13.98996282153080
SL-16 DEB
1 39722U 92093KN  16328.49239676 +.00000161 +00000-0 +13697-3 0  9999
2 39722 070.8957 010.2234 0109180 341.2314 082.3816 13.98997031132835
SL-16 DEB
1 39722U 92093KN  16329.79052242  .00000153  00000-0  13106-3 0  9991
2 39722  70.8956   7.5538 0109294 339.3372 140.2429 13.98997460153538
SL-16 DEB
1 39722U 92093KN  16330.49490891 +.00000169 +00000-0 +14207-3 0  9996
2 39722 070.8956 006.1055 0109364 338.3026 087.8136 13.98997864133111
SL-16 DEB
1 39722U 92093KN  16331.49647287 +.00000166 +00000-0 +14016-3 0  9995
2 39722 070.8955 004.0456 0109416 336.8544 092.0656 13.98998150133257
SL-16 DEB
1 39722U 92093KN  16332.42434206  .00000175  00000-0  14586-3 0  9996
2 39722  70.8953   2.1372 0109495 335.5050  85.1738 13.98998587153908
SL-16 DEB
1 39722U 92093KN  16333.42521098 +.00000174 +00000-0 +14535-3 0  9996
2 39722 070.8952 000.0789 0109567 334.0545 085.9326 13.98998980133523
SL-16 DEB
1 39722U 92093KN  16334.42643727  .00000181  00000-0  14965-3 0  9996
2 39722  70.8951 358.0195 0109629 332.6085  88.4889 13.98999528154187
SL-16 DEB
1 39722U 92093KN  16335.42760683 +.00000174 +00000-0 +14546-3 0  9995
2 39722 070.8950 355.9605 0109699 331.1587 090.7648 13.99000038133801
SL-16 DEB
1 39722U 92093KN  16336.42937882  .00000172  00000-0  14363-3 0  9998
2 39722  70.8949 353.9002 0109773 329.7097  96.0754 13.99000619154467
SL-16 DEB
1 39722U 92093KN  16337.43018786 +.00000158 +00000-0 +13486-3 0  9992
2 39722 070.8949 351.8419 0109840 328.2635 096.5359 13.99001081134089
SL-16 DEB
1 39722U 92093KN  16339.35977001  .00000148  00000-0  12799-3 0  9994
2 39722  70.8947 347.8732 0109944 325.4810  94.6552 13.99001865154872
SL-16 DEB
1 39722U 92093KN  16340.43421449 +.00000148 +00000-0 +12830-3 0  9991
2 39722 070.8946 345.6632 0110000 323.9347 105.9702 13.99002218134503
SL-16 DEB
1 39722U 92093KN  16341.36215369  .00000154  00000-0  13236-3 0  9994
2 39722  70.8946 343.7550 0110088 322.6016  99.4263 13.99002536155152
SL-16 DEB
1 39722U 92093KN  16343.36441266  .00000171  00000-0  14353-3 0  9993
2 39722  70.8945 339.6366 0110151 319.7175 103.5802 13.99003381155430
SL-16 DEB
1 39722U 92093KN  16344.36581199 +.00000167 +00000-0 +14087-3 0  9993
2 39722 070.8945 337.5769 0110205 318.2794 107.0138 13.99003792135058
SL-16 DEB
1 39722U 92093KN  16348.57119002  .00000136  00000-0  12029-3 0  9990
2 39722  70.8945 328.9319 0110203 312.1312  47.0444 13.99005308156152
SL-16 DEB
1 39722U 92093KN  16354.30482964  .00000087  00000-0  87861-4 0  9990
2 39722  70.8946 317.1346 0110752 304.1407 123.6711 13.99006588156966
SL-16 DEB
1 39722U 92093KN  16356.23366008 +.00000099 +00000-0 +95977-4 0  9994
2 39722 070.8951 313.1690 0110688 301.3276 118.0754 13.99007202136711
SL-16 DEB
1 39722U 92093KN  16358.23642626  .00000090  00000-0  90171-4 0  9991
2 39722  70.8952 309.0497 0110764 298.4908 124.7684 13.99007771157512
SL-16 DEB
1 39722U 92093KN  16359.23748994 +.00000079 +00000-0 +82734-4 0  9990
2 39722 070.8949 306.9903 0110820 297.0905 126.4895 13.99008021137139
SL-16 DEB
1 39722U 92093KN  16362.53580189  .00000057  00000-0  68639-4 0  9991
2 39722  70.8951 300.2073 0110811 292.3917 178.0846 13.99008826158111
SL-16 DEB
1 39722U 92093KN  16363.16952869 +.00000052 +00000-0 +64928-4 0  9991
2 39722 070.8957 298.9060 0110743 291.4190 129.8523 13.99008874137681
SL-16 DEB
1 39722U 92093KN  16364.17068465 +.00000050 +00000-0 +64142-4 0  9999
2 39722 070.8958 296.8474 0110738 289.9820 132.0789 13.99009020137824
SL-16 DEB
1 39722U 92093KN  17002.17558050  .00000047  00000-0  61582-4 0  9994
2 39722  70.8956 288.6107 0110739 284.2729 142.3798 13.99009747158903
SL-16 DEB
1 39722U 92093KN  17005.17942514  .00000041  00000-0  57626-4 0  9997
2 39722  70.8955 282.4334 0110701 279.9828 150.9499 13.99010304159327
SL-16 DEB
1 39722U 92093KN  17007.10874050 +.00000042 +00000-0 +58280-4 0  9999
2 39722 070.8954 278.4663 0110687 277.2234 147.7662 13.99010831139072
SL-16 DEB
1 39722U 92093KN  17009.11119508  .00000053  00000-0  65738-4 0  9990
2 39722  70.8952 274.3488 0110657 274.3534 152.9519 13.99011517159879
SL-16 DEB
1 39722U 92093KN  17011.11375094  .00000057  00000-0  68126-4 0  9995
2 39722  70.8949 270.2304 0110627 271.4998 158.6341 13.99011969160156
SL-16 DEB
1 39722U 92093KN  17011.40796449 +.00000072 +00000-0 +78469-4 0  9996
2 39722 070.8947 269.6244 0110619 271.1189 200.3749 13.99012150139672
SL-16 DEB
1 39722U 92093KN  17012.04112650 +.00000056 +00000-0 +67609-4 0  9999
2 39722 070.8947 268.3227 0110580 270.1746 149.2778 13.99012096139766
SL-16 DEB
1 39722U 92093KN  17014.04375091  .00000061  00000-0  71016-4 0  9994
2 39722  70.8944 264.2039 0110533 267.3121 155.3178 13.99012491160565
SL-16 DEB
1 39722U 92093KN  17014.04375091 +.00000061 +00000-0 +71016-4 0  9994
2 39722 070.8944 264.2039 0110533 267.3121 155.3178 13.99012491140046
SL-16 DEB
1 39722U 92093KN  17016.34367104  .00000047  00000-0  61597-4 0  9992
2 39722  70.8943 259.4745 0110495 264.0210 218.6680 13.99012979160881
SL-16 DEB
1 39722U 92093KN  17017.34350903 +.00000039 +00000-0 +56775-4 0  9995
2 39722 070.8942 257.4183 0110469 262.5845 214.2733 13.99013154140506
SL-16 DEB
1 39722U 92093KN  17019.34643670  .00000038  00000-0  56238-4 0  9996
2 39722  70.8937 253.2990 0110409 259.7143 221.8548 13.99013411161308
SL-16 DEB
1 39722U 92093KN  17022.27700410  .00000058  00000-0  69088-4 0  9997
2 39722  70.8932 247.2718 0110337 255.5081 221.4279 13.99013906161710
SL-16 DEB
1 39722U 92093KN  17024.27988516  .00000079  00000-0  83068-4 0  9991
2 39722  70.8931 243.1528 0110262 252.6353 228.7836 13.99014464161999
SL-16 DEB
1 39722U 92093KN  17027.91460826  .00000102  00000-0  97856-4 0  9991
2 39722  70.8928 235.6773 0110154 247.4124 174.8076 13.99015490162506
SL-16 DEB
1 39722U 92093KN  17027.91460826 +.00000102 +00000-0 +97856-4 0  9991
2 39722 070.8928 235.6773 0110154 247.4124 174.8076 13.99015490141985
SL-16 DEB
1 39722U 92093KN  17029.21268697 +.00000080 +00000-0 +83467-4 0  9996
2 39722 070.8928 233.0076 0110112 245.5553 232.4833 13.99015779142165
SL-16 DEB
1 39722U 92093KN  17031.92016383 +.00000078 +00000-0 +82266-4 0  9993
2 39722 070.8928 227.4394 0110035 241.6767 188.4984 13.99016675142548
SL-16 DEB
1 39722U 92093KN  17033.92243140 +.00000093 +00000-0 +92304-4 0  9999
2 39722 070.8927 223.3216 0109991 238.7841 192.8068 13.99017289142829
SL-16 DEB
1 39722U 92093KN  17034.21839213  .00000093  00000-0  92034-4 0  9994
2 39722  70.8927 222.7129 0109980 238.3616 243.3916 13.99017356163382
SL-16 DEB
1 39722U 92093KN  17035.92464418 +.00000104 +00000-0 +99082-4 0  9997
2 39722 070.8927 219.2035 0109941 235.9061 196.8278 13.99017798143104
SL-16 DEB
1 39722U 92093KN  17036.14774571 +.00000103 +00000-0 +98570-4 0  9996
2 39722 070.8927 218.7447 0109933 235.5884 240.4621 13.99017868143134
SL-16 DEB
1 39722U 92093KN  17037.85391296  .00000111  00000-0  10362-3 0  9995
2 39722  70.8929 215.2358 0109890 233.1364 193.4721 13.99018472163893
SL-16 DEB
1 39722U 92093KN  17041.15208601  .00000082  00000-0  85013-4 0  9993
2 39722  70.8933 208.4527 0109796 228.4018 244.5292 13.99019475164355
SL-16 DEB
1 39722U 92093KN  17044.78884352  .00000093  00000-0  91728-4 0  9990
2 39722  70.8936 200.9733 0109707 223.1843 200.8548 13.99020454164868
SL-16 DEB
1 39722U 92093KN  17045.79047750 +.00000100 +00000-0 +96791-4 0  9999
2 39722 070.8938 198.9134 0109681 221.7486 205.5279 13.99020717144480
SL-16 DEB
1 39722U 92093KN  17046.86450414  .00000117  00000-0  10743-3 0  9993
2 39722  70.8939 196.7046 0109657 220.2063 214.8078 13.99021101165152
SL-16 DEB
1 39722U 92093KN  17047.08812707 +.00000109 +00000-0 +10273-3 0  9994
2 39722 070.8939 196.2447 0109643 219.8894 261.0690 13.99021129144660
SL-16 DEB
1 39722U 92093KN  17048.08939877 +.00000121 +00000-0 +11059-3 0  9990
2 39722 070.8941 194.1856 0109614 218.4494 263.9260 13.99021458144808
SL-16 DEB
1 39722U 92093KN  17050.09140255  .00000134  00000-0  11869-3 0  9991
2 39722  70.8944 190.0685 0109546 215.5730 266.9229 13.99022097165600
SL-16 DEB
1 39722U 92093KN  17052.02091816 +.00000129 +00000-0 +11545-3 0  9999
2 39722 070.8947 186.1006 0109501 212.8016 264.8411 13.99022806145352
SL-16 DEB
1 39722U 92093KN  17053.02209583  .00000119  00000-0  10891-3 0  9994
2 39722  70.8948 184.0416 0109451 211.3649 267.2277 13.99023174166017
SL-16 DEB
1 39722U 92093KN  17054.72818466 +.00000127 +00000-0 +11447-3 0  9995
2 39722 070.8949 180.5332 0109428 208.9178 219.8707 13.99023913145737
SL-16 DEB
1 39722U 92093KN  17055.02415833  .00000129  00000-0  11556-3 0  9993
2 39722  70.8949 179.9246 0109404 208.4888 270.5349 13.99024092166299
SL-16 DEB
1 39722U 92093KN  17056.73067223 +.00000156 +00000-0 +13307-3 0  9994
2 39722 070.8950 176.4151 0109328 206.0339 225.3314 13.99024877146017
SL-16 DEB
1 39722U 92093KN  17058.02761639  .00000159  00000-0  13527-3 0  9997
2 39722  70.8950 173.7481 0109277 204.1666 277.3492 13.99025417166712
SL-16 DEB
1 39722U 92093KN  17059.66047719 +.00000195 +00000-0 +15851-3 0  9996
2 39722 070.8951 170.3902 0109193 201.8251 221.1947 13.99026336146424
SL-16 DEB
1 39722U 92093KN  17060.95871705  .00000207  00000-0  16688-3 0  9993
2 39722  70.8952 167.7205 0109119 199.9654 279.7358 13.99027106167124
SL-16 DEB
1 39722U 92093KN  17061.96010682 +.00000191 +00000-0 +15641-3 0  9994
2 39722 070.8953 165.6612 0109077 198.5216 283.2128 13.99027537146744
SL-16 DEB
1 39722U 92093KN  17062.96033628  .00000184  00000-0  15179-3 0  9998
2 39722  70.8953 163.6043 0109020 197.0794 280.8478 13.99028003167409
SL-16 DEB
1 39722U 92093KN  17062.96033628 +.00000184 +00000-0 +15179-3 0  9998
2 39722 070.8953 163.6043 0109020 197.0794 280.8478 13.99028003146888
SL-16 DEB
1 39722U 92093KN  17064.89002493 +.00000138 +00000-0 +12134-3 0  9995
2 39722 070.8954 159.6363 0108900 194.3012 279.6841 13.99028597147157
SL-16 DEB
1 39722U 92093KN  17070.89623068  .00000121  00000-0  11027-3 0  9991
2 39722  70.8948 147.2846 0108547 185.6359 289.8574 13.99030548168511
SL-16 DEB
1 39722U 92093KN  17071.60238578 +.00000127 +00000-0 +11405-3 0  9995
2 39722 070.8947 145.8325 0108517 184.6154 246.4025 13.99030760148092
SL-16 DEB
1 39722U 92093KN  17074.53283743 +.00000102 +00000-0 +97394-4 0  9999
2 39722 070.8943 139.8063 0108353 180.3793 245.6063 13.99031394169023
SL-16 DEB
1 39722U 92093KN  17076.53529201 +.00000099 +00000-0 +95591-4 0  9995
2 39722 070.8942 135.6880 0108195 177.4714 250.9782 13.99032169169306
SL-16 DEB
1 39722U 92093KN  17077.83198211 +.00000096 +00000-0 +93561-4 0  9994
2 39722 070.8939 133.0212 0108142 175.5699 301.7872 13.99032710148962
SL-16 DEB
1 39722U 92093KN  17078.83224806 +.00000099 +00000-0 +95477-4 0  9996
2 39722 070.8939 130.9642 0108032 174.1229 299.6297 13.99033092149104
SL-16 DEB
1 39722U 92093KN  17079.53887912 +.00000098 +00000-0 +94798-4 0  9991
2 39722 070.8938 129.5111 0108005 173.0942 258.5862 13.99033269149207
SL-16 DEB
1 39722U 92093KN  17081.46766295 +.00000128 +00000-0 +11473-3 0  9998
2 39722 070.8936 125.5445 0107889 170.2805 252.9396 13.99033995169991
SL-16 DEB
1 39722U 92093KN  17082.46905300 +.00000141 +00000-0 +12299-3 0  9993
2 39722 070.8934 123.4850 0107817 168.8189 256.4608 13.99034398149615
SL-16 DEB
1 39722U 92093KN  17083.47055764 +.00000152 +00000-0 +13014-3 0  9993
2 39722 070.8933 121.4254 0107756 167.3613 260.5559 13.99034799170270
SL-16 DEB
1 39722U 92093KN  17084.47204946 +.00000151 +00000-0 +12964-3 0  9994
2 39722 070.8932 119.3652 0107673 165.8946 264.5965 13.99035114149898
SL-16 DEB
1 39722U 92093KN  17085.47294278 +.00000155 +00000-0 +13249-3 0  9993
2 39722 070.8931 117.3065 0107598 164.4264 265.6269 13.99035484170553
SL-16 DEB
1 39722U 92093KN  17091.40679491 +.00000137 +00000-0 +12058-3 0  9994
2 39722 070.8928 105.1020 0107219 155.6909 271.7207 13.99037748171380
SL-16 DEB
1 39722U 92093KN  17092.40816267 +.00000136 +00000-0 +11989-3 0  9990
2 39722 070.8927 103.0421 0107159 154.2101 275.1625 13.99038136151004
SL-16 DEB
1 39722U 92093KN  17093.40959699 +.00000131 +00000-0 +11647-3 0  9994
2 39722 070.8929 100.9830 0107063 152.7379 278.9310 13.99038449171663
SL-16 DEB
1 39722U 92093KN  17094.41046477 +.00000136 +00000-0 +11960-3 0  9990
2 39722 070.8929 098.9242 0107008 151.2521 279.8626 13.99038760151280
SL-16 DEB
1 39722U 92093KN  17096.33973646 +.00000154 +00000-0 +13199-3 0  9996
2 39722 070.8928 094.9553 0106906 148.3907 276.7602 13.99039555172074
SL-16 DEB
1 39722U 92093KN  17099.63994390 +.00000136 +00000-0 +12008-3 0  9999
2 39722 070.8931 088.1670 0106726 143.4832 338.4853 13.99040923172532
SL-16 DEB
1 39722U 92093KN  17100.34460741 +.00000128 +00000-0 +11480-3 0  9992
2 39722 070.8933 086.7180 0106697 142.4382 287.5713 13.99041173152119
SL-16 DEB
1 39722U 92093KN  17106.35142543 +.00000146 +00000-0 +12633-3 0  9997
2 39722 070.8936 074.3618 0106478 133.4553 301.4212 13.99043340173478
SL-16 DEB
1 39722U 92093KN  17113.21309119 +.00000209 +00000-0 +16809-3 0  9993
2 39722 070.8947 060.2508 0106361 123.1836 300.8541 13.99046408174436
SL-16 DEB
1 39722U 92093KN  17115.21568351 +.00000189 +00000-0 +15467-3 0  9996
2 39722 070.8951 056.1320 0106333 120.1552 307.1454 13.99047270174710
SL-16 DEB
1 39722U 92093KN  17116.51208513 +.00000171 +00000-0 +14306-3 0  9993
2 39722 070.8956 053.4676 0106294 118.2442 356.5773 13.99047715154377
SL-16 DEB
1 39722U 92093KN  17117.21836899 +.00000171 +00000-0 +14278-3 0  9993
2 39722 070.8957 052.0155 0106279 117.1913 313.8465 13.99047992174990
SL-16 DEB
1 39722U 92093KN  17118.14620461 +.00000164 +00000-0 +13799-3 0  9991
2 39722 070.8959 050.1085 0106262 115.8502 306.9437 13.99048360154602
SL-16 DEB
1 39722U 92093KN  17119.14759553 +.00000167 +00000-0 +14019-3 0  9996
2 39722 070.8959 048.0487 0106241 114.3395 310.5704 13.99048806154743
SL-16 DEB
1 39722U 92093KN  17120.14864762 +.00000170 +00000-0 +14247-3 0  9994
2 39722 070.8961 045.9902 0106233 112.8410 312.4804 13.99049300175404
SL-16 DEB
1 39722U 92093KN  17122.44772255 +.00000167 +00000-0 +14044-3 0  9995
2 39722 070.8962 041.2619 0106242 109.3993 012.0347 13.99050525175727
SL-16 DEB
1 39722U 92093KN  17124.44809208 +.00000156 +00000-0 +13304-3 0  9992
2 39722 070.8965 037.1491 0106239 106.4186 007.1181 13.99051430176009
SL-16 DEB
1 39722U 92093KN  17126.08241990 +.00000137 +00000-0 +12020-3 0  9995
2 39722 070.8964 033.7879 0106267 103.9715 318.6067 13.99051894155713
SL-16 DEB
1 39722U 92093KN  17127.08362543 +.00000123 +00000-0 +11112-3 0  9990
2 39722 070.8965 031.7295 0106258 102.4792 321.2923 13.99052110176371
SL-16 DEB
1 39722U 92093KN  17129.08602059 +.00000127 +00000-0 +11364-3 0  9994
2 39722 070.8965 027.6119 0106264 099.4900 326.5918 13.99052776176654
SL-16 DEB
1 39722U 92093KN  17130.38340571 +.00000127 +00000-0 +11407-3 0  9995
2 39722 070.8967 024.9447 0106255 097.5563 021.0239 13.99053188156316
SL-16 DEB
1 39722U 92093KN  17131.38352032 +.00000114 +00000-0 +10544-3 0  9998
2 39722 070.8963 022.8867 0106309 096.0620 018.2234 13.99053341176971
SL-16 DEB
1 39722U 92093KN  17132.38378654 +.00000112 +00000-0 +10385-3 0  9998
2 39722 070.8962 020.8296 0106331 094.5709 016.1841 13.99053556156595
SL-16 DEB
1 39722U 92093KN  17135.01965543 +.00000098 +00000-0 +94466-4 0  9996
2 39722 070.8958 015.4087 0106391 090.6478 332.0520 13.99054133177481
SL-16 DEB
1 39722U 92093KN  17139.32081285 +.00000085 +00000-0 +86014-4 0  9992
2 39722 070.8955 006.5631 0106489 084.2511 035.3558 13.99055461178085
SL-16 DEB
1 39722U 92093KN  17141.02761784 +.00000108 +00000-0 +10137-3 0  9999
2 39722 070.8953 003.0533 0106488 081.7154 351.8906 13.99056010157801
SL-16 DEB
1 39722U 92093KN  17143.95716729 +.00000131 +00000-0 +11638-3 0  9995
2 39722 070.8951 357.0284 0106531 077.3598 346.9442 13.99057306178730
SL-16 DEB
1 39722U 92093KN  17145.25525931 +.00000126 +00000-0 +11319-3 0  9993
2 39722 070.8949 354.3580 0106583 075.4358 044.9507 13.99057905158398
SL-16 DEB
1 39722U 92093KN  17145.95993351 +.00000125 +00000-0 +11225-3 0  9990
2 39722 070.8949 352.9089 0106587 074.3893 354.1354 13.99058211158490
SL-16 DEB
1 39722U 92093KN  17146.25512795 +.00000123 +00000-0 +11099-3 0  9990
2 39722 070.8949 352.3019 0106592 073.9494 040.9229 13.99058342158536
SL-16 DEB
1 39722U 92093KN  17146.96109005 +.00000112 +00000-0 +10417-3 0  9995
2 39722 070.8948 350.8499 0106609 072.9035 356.5926 13.99058538158637
SL-16 DEB
1 39722U 92093KN  17147.25697979 +.00000104 +00000-0 +98622-4 0  9996
2 39722 070.8947 350.2411 0106614 072.4642 046.8807 13.99058585158672
SL-16 DEB
1 39722U 92093KN  17148.96335829 +.00000090 +00000-0 +89727-4 0  9998
2 39722 070.8946 346.7316 0106659 069.9368 001.2786 13.99058999158917
SL-16 DEB
1 39722U 92093KN  17149.25911175 +.00000088 +00000-0 +88099-4 0  9993
2 39722 070.8946 346.1231 0106668 069.4965 050.8822 13.99059083158955
SL-16 DEB
1 39722U 92093KN  17152.89471378 +.00000087 +00000-0 +87666-4 0  9991
2 39722 070.8945 338.6454 0106730 064.1100 002.0784 13.99060224179981
SL-16 DEB
1 39722U 92093KN  17153.19104345 +.00000084 +00000-0 +85350-4 0  9997
2 39722 070.8944 338.0358 0106734 063.6767 054.5774 13.99060308159504
SL-16 DEB
1 39722U 92093KN  17154.19104347 +.00000086 +00000-0 +87084-4 0  9998
2 39722 070.8945 335.9791 0106752 062.1900 051.2195 13.99060622159640
SL-16 DEB
1 39722U 92093KN  17156.19442308 +.00000065 +00000-0 +73082-4 0  9992
2 39722 070.8945 331.8585 0106794 059.2166 061.5220 13.99060904180441
SL-16 DEB
1 39722U 92093KN  17157.12229432 +.00000058 +00000-0 +68641-4 0  9994
2 39722 070.8945 329.9502 0106815 057.8318 054.8840 13.99061058160054
SL-16 DEB
1 39722U 92093KN  17158.82868234 +.00000041 +00000-0 +57515-4 0  9991
2 39722 070.8946 326.4406 0106831 055.3040 009.3450 13.99061366180813
SL-16 DEB
1 39722U 92093KN  17159.12526913 +.00000034 +00000-0 +52469-4 0  9995
2 39722 070.8946 325.8306 0106837 054.8605 063.1498 13.99061399160333
SL-16 DEB
1 39722U 92093KN  17160.12633279 +.00000028 +00000-0 +48420-4 0  9996
2 39722 070.8946 323.7717 0106855 053.3720 065.1530 13.99061624160473
SL-16 DEB
1 39722U 92093KN  17161.12751334 +.00000022 +00000-0 +44497-4 0  9994
2 39722 070.8947 321.7125 0106870 051.8876 067.7413 13.99061806181133
SL-16 DEB
1 39722U 92093KN  17161.83245752 +.00000023 +00000-0 +45497-4 0  9996
2 39722 070.8947 320.2627 0106880 050.8417 018.2941 13.99061916160715
SL-16 DEB
1 39722U 92093KN  17162.12699255 +.00000024 +00000-0 +46118-4 0  9992
2 39722 070.8947 319.6568 0106904 050.3977 061.7693 13.99061982160758
SL-16 DEB
1 39722U 92093KN  17163.12743122 +.00000032 +00000-0 +51460-4 0  9991
2 39722 070.8948 317.5992 0106926 048.9135 060.6231 13.99062135160892
SL-16 DEB
1 39722U 92093KN  17164.13096243 +.00000039 +00000-0 +55905-4 0  9993
2 39722 070.8949 315.5352 0106956 047.4193 075.0585 13.99062261181550
SL-16 DEB
1 39722U 92093KN  17165.05879809 +.00000049 +00000-0 +62400-4 0  9991
2 39722 070.8949 313.6268 0106975 046.0410 068.2397 13.99062454161167
SL-16 DEB
1 39722U 92093KN  17166.03726440  .00000100  00000-0  65859-4 0  9991
2 39722  70.8973 311.6173 0107476  44.6244 316.3822 13.99062937181824
SL-16 DEB
1 39722U 92093KN  17167.06124156 +.00000058 +00000-0 +68704-4 0  9995
2 39722 070.8950 309.5084 0107022 043.0613 073.8490 13.99062979181963
SL-16 DEB
1 39722U 92093KN  17168.06246734 +.00000059 +00000-0 +68990-4 0  9991
2 39722 070.8951 307.4492 0107055 041.5741 076.6726 13.99063252161589
SL-16 DEB
1 39722U 92093KN  17168.76759439 +.00000054 +00000-0 +66051-4 0  9990
2 39722 070.8951 305.9990 0107047 040.5285 028.1499 13.99063414161688
SL-16 DEB
1 39722U 92093KN  17170.06480503 +.00000036 +00000-0 +54146-4 0  9991
2 39722 070.8952 303.3311 0107074 038.6024 081.7471 13.99063590182387
SL-16 DEB
1 39722U 92093KN  17171.06603101 +.00000027 +00000-0 +48042-4 0  9991
2 39722 070.8951 301.2720 0107068 037.1205 084.5689 13.99063676162009
SL-16 DEB
1 39722U 92093KN  17172.69868147 +.00000012 +00000-0 +38171-4 0  9990
2 39722 070.8952 297.9142 0107158 034.6913 027.6642 13.99063742182752
SL-16 DEB
1 39722U 92093KN  17175.99856689 +.00000025 +00000-0 +46899-4 0  9994
2 39722 070.8953 291.1276 0107263 029.7821 088.0482 13.99064270183219
SL-16 DEB
1 39722U 92093KN  17176.99869392 +.00000031 +00000-0 +50971-4 0  9993
2 39722 070.8953 289.0707 0107295 028.3009 085.3375 13.99064402162835
SL-16 DEB
1 39722U 92093KN  17178.92858069 +.00000038 +00000-0 +55676-4 0  9991
2 39722 070.8954 285.1018 0107373 025.4299 085.5147 13.99064574163104
SL-16 DEB
1 39722U 92093KN  17178.99951601 +.00000037 +00000-0 +55144-4 0  9993
2 39722 070.8954 284.9559 0107376 025.3242 082.7918 13.99064573183635
SL-16 DEB
1 39722U 92093KN  17184.93448097 +.00000027 +00000-0 +47980-4 0  9992
2 39722 070.8952 272.7505 0107626 016.5252 095.1616 13.99065825184466
SL-16 DEB
1 39722U 92093KN  17184.93448097 +.00000027 +00000-0 +47980-4 0  9992
2 39722 070.8952 272.7505 0107626 016.5252 095.1616 13.99065825163946
SL-16 DEB
1 39722U 92093KN  17186.56846330 +.00000029 +00000-0 +49724-4 0  9995
2 39722 070.8950 269.3901 0107707 014.1090 044.9636 13.99065973164174
SL-16 DEB
1 39722U 92093KN  17187.57029028 +.00000037 +00000-0 +54736-4 0  9992
2 39722 070.8950 267.3297 0107771 012.6252 050.8215 13.99066125164319
SL-16 DEB
1 39722U 92093KN  17187.57029028 +.00000037 +00000-0 +54736-4 0  9992
2 39722 070.8950 267.3297 0107771 012.6252 050.8215 13.99066125184838
SL-16 DEB
1 39722U 92093KN  17190.57422546 +.00000064 +00000-0 +72500-4 0  9997
2 39722 070.8947 261.1520 0107902 008.1855 060.6044 13.99066821185259
SL-16 DEB
1 39722U 92093KN  17190.87034986 +.00000068 +00000-0 +75288-4 0  9997
2 39722 070.8946 260.5429 0107935 007.7343 112.0943 13.99066912164777
SL-16 DEB
1 39722U 92093KN  17191.57505851 +.00000069 +00000-0 +76287-4 0  9990
2 39722 070.8945 259.0936 0107961 006.6959 061.4662 13.99067059164871
SL-16 DEB
1 39722U 92093KN  17191.87059235 +.00000064 +00000-0 +72760-4 0  9990
2 39722 070.8945 258.4858 0107978 006.2604 109.9674 13.99067094164913
SL-16 DEB
1 39722U 92093KN  17192.87061524 +.00000057 +00000-0 +68099-4 0  9997
2 39722 070.8944 256.4291 0108036 004.7880 106.7339 13.99067222185577
SL-16 DEB
1 39722U 92093KN  17194.50484002 +.00000050 +00000-0 +63570-4 0  9991
2 39722 070.8941 253.0681 0108126 002.3836 057.7538 13.99067407165282
SL-16 DEB
1 39722U 92093KN  17195.50624050 +.00000044 +00000-0 +59609-4 0  9992
2 39722 070.8939 251.0084 0108188 000.9108 061.4588 13.99067553185942
SL-16 DEB
1 39722U 92093KN  17198.50952611 +.00000068 +00000-0 +75409-4 0  9994
2 39722 070.8936 244.8320 0108355 356.4929 067.9666 13.99068416186362
SL-16 DEB
1 39722U 92093KN  17198.80601914 +.00000069 +00000-0 +75995-4 0  9995
2 39722 070.8934 244.2217 0108380 356.0637 121.2932 13.99068517165885
SL-16 DEB
1 39722U 92093KN  17199.80604433 +.00000091 +00000-0 +90566-4 0  9991
2 39722 070.8934 242.1653 0108433 354.5909 118.0778 13.99068896166029
SL-16 DEB
1 39722U 92093KN  17200.80647144 +.00000094 +00000-0 +92691-4 0  9994
2 39722 070.8934 240.1079 0108484 353.1227 116.8821 13.99069112186684
SL-16 DEB
1 39722U 92093KN  17201.43990947 +.00000095 +00000-0 +93370-4 0  9992
2 39722 070.8933 238.8049 0108522 352.1988 067.2844 13.99069214166258
SL-16 DEB
1 39722U 92093KN  17202.44083714 +.00000090 +00000-0 +89887-4 0  9992
2 39722 070.8932 236.7462 0108581 350.7339 068.6075 13.99069403166398
SL-16 DEB
1 39722U 92093KN  17204.74029229 +.00000085 +00000-0 +86497-4 0  9996
2 39722 070.8930 232.0164 0108721 347.3745 130.1585 13.99070126187234
SL-16 DEB
1 39722U 92093KN  17206.74192510 +.00000065 +00000-0 +73559-4 0  9995
2 39722 070.8930 227.8997 0108834 344.4536 131.6841 13.99070726187519
SL-16 DEB
1 39722U 92093KN  17208.37504788 +.00000059 +00000-0 +69438-4 0  9994
2 39722 070.8928 224.5404 0108933 342.0782 077.1483 13.99071088167224
SL-16 DEB
1 39722U 92093KN  17209.37622862 +.00000059 +00000-0 +69495-4 0  9992
2 39722 070.8927 222.4813 0108981 340.6217 079.7437 13.99071243187888
SL-16 DEB
1 39722U 92093KN  17211.37891382 +.00000076 +00000-0 +80382-4 0  9997
2 39722 070.8927 218.3621 0109091 337.7163 086.5594 13.99071729188160
SL-16 DEB
1 39722U 92093KN  17212.38000178 +.00000086 +00000-0 +87155-4 0  9990
2 39722 070.8927 216.3031 0109140 336.2644 088.6858 13.99072057167782
SL-16 DEB
1 39722U 92093KN  17213.38068466 +.00000091 +00000-0 +90264-4 0  9996
2 39722 070.8928 214.2450 0109190 334.8148 088.7713 13.99072377188445
SL-16 DEB
1 39722U 92093KN  17214.67773443 +.00000094 +00000-0 +92627-4 0  9995
2 39722 070.8930 211.5772 0109247 332.9404 141.5494 13.99072790168106
SL-16 DEB
1 39722U 92093KN  17215.38347519 +.00000099 +00000-0 +95617-4 0  9992
2 39722 070.8930 210.1256 0109274 331.9206 096.1149 13.99072978188727
SL-16 DEB
1 39722U 92093KN  17217.31237446 +.00000101 +00000-0 +97402-4 0  9992
2 39722 070.8932 206.1583 0109359 329.1373 091.2946 13.99073489168474
SL-16 DEB
1 39722U 92093KN  17219.31501249 +.00000086 +00000-0 +87351-4 0  9993
2 39722 070.8933 202.0393 0109448 326.2511 097.8707 13.99074057189270
SL-16 DEB
1 39722U 92093KN  17221.61353159 +.00000070 +00000-0 +77011-4 0  9999
2 39722 070.8937 197.3122 0109535 322.9408 154.6974 13.99074790169073
SL-16 DEB
1 39722U 92093KN  17221.61353159 +.00000070 +00000-0 +77011-4 0  9999
2 39722 070.8937 197.3122 0109535 322.9408 154.6974 13.99074790189592
SL-16 DEB
1 39722U 92093KN  17224.24750265  .00000087  00000-0  87976-4 0  9999
2 39722  70.8941 191.8954 0109621 319.1507 101.0788 13.99075434189969
SL-16 DEB
1 39722U 92093KN  17225.24863720 +.00000094 +00000-0 +92392-4 0  9997
2 39722 070.8942 189.8360 0109656 317.7186 103.4329 13.99075663169580
SL-16 DEB
1 39722U 92093KN  17227.32433052  .00000093  00000-0  92163-4 0  9994
2 39722  70.8944 185.5666 0109695 314.7380 117.9666 13.99076224190391
SL-16 DEB
1 39722U 92093KN  17229.54936522  .00000075  00000-0  79904-4 0  9998
2 39722  70.8946 180.9900 0109753 311.5551 164.6726 13.99076822190708
SL-16 DEB
1 39722U 92093KN  17229.54936522 +.00000075 +00000-0 +79904-4 0  9998
2 39722 070.8946 180.9900 0109753 311.5551 164.6726 13.99076822170188
SL-16 DEB
1 39722U 92093KN  17231.18263053 +.00000067 +00000-0 +74816-4 0  9991
2 39722 070.8948 177.6311 0109771 309.2100 110.8588 13.99077158170411
SL-16 DEB
1 39722U 92093KN  17235.18717859  .00000073  00000-0  78976-4 0  9991
2 39722  70.8949 169.3949 0109829 303.4722 120.3614 13.99077990191498
SL-16 DEB
1 39722U 92093KN  17237.18957356  .00000096  00000-0  94058-4 0  9995
2 39722  70.8951 165.2768 0109842 300.6010 125.7307 13.99078697191773
SL-16 DEB
1 39722U 92093KN  17237.48530301 +.00000093 +00000-0 +92276-4 0  9992
2 39722 070.8952 164.6687 0109834 300.1717 175.2236 13.99078796171293
SL-16 DEB
1 39722U 92093KN  17243.12345174  .00000098  00000-0  95279-4 0  9993
2 39722  70.8954 153.0736 0109865 292.0854 132.6555 13.99080740192608
SL-16 DEB
1 39722U 92093KN  17244.12459641 +.00000100 +00000-0 +96487-4 0  9995
2 39722 070.8953 151.0146 0109859 290.6449 135.0884 13.99081114172221
SL-16 DEB
1 39722U 92093KN  17245.12603334  .00000097  00000-0  94540-4 0  9999
2 39722  70.8954 148.9556 0109871 289.2050 138.9926 13.99081387192883
SL-16 DEB
1 39722U 92093KN  17248.05601943  .00000107  00000-0  10116-3 0  9996
2 39722  70.8952 142.9297 0109880 285.0172 136.3344 13.99081942193295
SL-16 DEB
1 39722U 92093KN  17252.35684122  .00000163  00000-0  13824-3 0  9995
2 39722  70.8946 134.0835 0109842 278.8511 198.1494 13.99083767193898
SL-16 DEB
1 39722U 92093KN  17261.29296448 +.00000114 +00000-0 +10550-3 0  9997
2 39722 070.8921 115.6957 0109541 266.0492 206.5045 13.99086156174625
SL-16 DEB
1 39722U 92093KN  17261.29296448  .00000114  00000-0  10550-3 0  9997
2 39722  70.8921 115.6957 0109541 266.0492 206.5045 13.99086156195145
SL-16 DEB
1 39722U 92093KN  17263.00069539 +.00000133 +00000-0 +11797-3 0  9992
2 39722 070.8929 112.1880 0109613 263.5845 167.8183 13.99086799174865
SL-16 DEB
1 39722U 92093KN  17265.93103304 +.00000111 +00000-0 +10408-3 0  9999
2 39722 070.8928 106.1607 0109595 259.3587 167.0326 13.99087794175272
SL-16 DEB
1 39722U 92093KN  17266.22764038  .00000121  00000-0  11036-3 0  9998
2 39722  70.8926 105.5499 0109569 258.9372 220.9479 13.99087994195834
SL-16 DEB
1 39722U 92093KN  17267.22862591 +.00000128 +00000-0 +11489-3 0  9991
2 39722 070.8926 103.4917 0109589 257.4392 222.6642 13.99088417175452
SL-16 DEB
1 39722U 92093KN  17270.23179606  .00000157  00000-0  13398-3 0  9997
2 39722  70.8928  97.3155 0109567 253.0721 228.7650 13.99089423196393
SL-16 DEB
1 39722U 92093KN  17272.86604549  .00000188  00000-0  15403-3 0  9990
2 39722  70.8929  91.8969 0109536 249.2751 176.6958 13.99090599196761
SL-16 DEB
1 39722U 92093KN  17274.16379896 +.00000171 +00000-0 +14296-3 0  9990
2 39722 070.8931 089.2276 0109513 247.4484 233.0528 13.99091033176420
SL-16 DEB
1 39722U 92093KN  17275.16427464  .00000173  00000-0  14465-3 0  9996
2 39722  70.8933  87.1701 0109492 246.0233 232.1395 13.99091540197085
SL-16 DEB
1 39722U 92093KN  17278.09494507 +.00000146 +00000-0 +12699-3 0  9990
2 39722 070.8936 081.1418 0109433 241.8103 233.0679 13.99092686176973
SL-16 DEB
1 39722U 92093KN  17279.09651943  .00000145  00000-0  12598-3 0  9997
2 39722  70.8937  79.0816 0109406 240.3786 237.6990 13.99093111197639
SL-16 DEB
1 39722U 92093KN  17281.09848762  .00000146  00000-0  12638-3 0  9993
2 39722  70.8940  74.9634 0109325 237.5141 241.0217 13.99093968197910
SL-16 DEB
1 39722U 92093KN  17282.09997775 +.00000142 +00000-0 +12430-3 0  9999
2 39722 070.8942 072.9032 0109282 236.0892 245.2258 13.99094348177531
SL-16 DEB
1 39722U 92093KN  17283.80564966  .00000173  00000-0  14457-3 0  9996
2 39722  70.8945  69.3945 0109324 233.6380 196.2108 13.99095180198299
SL-16 DEB
1 39722U 92093KN  17288.73826684  .00000171  00000-0  14288-3 0  9991
2 39722  70.8955  59.2491 0109254 226.5577 200.4128 13.99097121198988
SL-16 DEB
1 39722U 92093KN  17290.03559119 +.00000155 +00000-0 +13263-3 0  9997
2 39722 070.8956 056.5810 0109266 224.6958 254.6756 13.99097625178647
SL-16 DEB
1 39722U 92093KN  17291.03569712  .00000144  00000-0  12525-3 0  9996
2 39722  70.8960  54.5242 0109196 223.2820 251.9115 13.99097997199301
SL-16 DEB
1 39722U 92093KN  17292.03776896 +.00000137 +00000-0 +12087-3 0  9995
2 39722 070.8961 052.4632 0109173 221.8431 259.0730 13.99098314178920
SL-16 DEB
1 39722U 92093KN  17294.04024399  .00000155  00000-0  13244-3 0  9998
2 39722  70.8962  48.3445 0109128 218.9625 265.0016 13.99099150199723
SL-16 DEB
1 39722U 92093KN  17294.67201655 +.00000164 +00000-0 +13841-3 0  9992
2 39722 070.8963 047.0451 0109114 218.0576 207.0672 13.99099442179296
SL-16 DEB
1 39722U 92093KN  17296.97076654 +.00000198 +00000-0 +16079-3 0  9999
2 39722 070.8965 042.3173 0109037 214.7569 265.2588 13.99100792179615
SL-16 DEB
1 39722U 92093KN  17296.97076654  .00000198  00000-0  16079-3 0  9999
2 39722  70.8965  42.3173 0109037 214.7569 265.2588 13.99100792200137
SL-16 DEB
1 39722U 92093KN  17301.60701538 +.00000173 +00000-0 +14439-3 0  9993
2 39722 070.8968 032.7823 0108853 208.1030 216.8349 13.99102909180260
SL-16 DEB
1 39722U 92093KN  17301.60701538  .00000173  00000-0  14439-3 0  9993
2 39722  70.8968  32.7823 0108853 208.1030 216.8349 13.99102909200780
SL-16 DEB
1 39722U 92093KN  17302.60795288 +.00000166 +00000-0 +13993-3 0  9995
2 39722 070.8969 030.7237 0108798 206.6698 218.2969 13.99103364180405
SL-16 DEB
1 39722U 92093KN  17303.60928333 +.00000143 +00000-0 +12468-3 0  9996
2 39722 070.8969 028.6643 0108750 205.2377 221.7368 13.99103649180542
SL-16 DEB
1 39722U 92093KN  17303.60928333  .00000143  00000-0  12468-3 0  9996
2 39722  70.8969  28.6643 0108750 205.2377 221.7368 13.99103649201063
SL-16 DEB
1 39722U 92093KN  17304.90707354 +.00000131 +00000-0 +11662-3 0  9990
2 39722 070.8969 025.9952 0108680 203.3800 278.3710 13.99104096180723
SL-16 DEB
1 39722U 92093KN  17311.54546622  .00000145  00000-0  12573-3 0  9994
2 39722  70.8966  12.3419 0108288 193.8232 234.3317 13.99106560202171
SL-16 DEB
1 39722U 92093KN  17311.54546622 +.00000145 +00000-0 +12573-3 0  9994
2 39722 070.8966 012.3419 0108288 193.8232 234.3317 13.99106560181650
SL-16 DEB
1 39722U 92093KN  17312.54656458 +.00000173 +00000-0 +14441-3 0  9991
2 39722 070.8970 010.2846 0108227 192.3882 236.6194 13.99107230181792
SL-16 DEB
1 39722U 92093KN  17312.84264184 +.00000161 +00000-0 +13646-3 0  9998
2 39722 070.8966 009.6742 0108201 191.9449 287.9080 13.99107307181833
SL-16 DEB
1 39722U 92093KN  17313.62046595 +.00000164 +00000-0 +13837-3 0  9994
2 39722 070.8959 008.0735 0108211 190.8258 245.6248 13.99107649181945
SL-16 DEB
1 39722U 92093KN  17313.84267627  .00000167  00000-0  14046-3 0  9995
2 39722  70.8960   7.6167 0108179 190.5047 284.8471 13.99107798202499
SL-16 DEB
1 39722U 92093KN  17315.47660972 +.00000135 +00000-0 +11929-3 0  9998
2 39722 070.8958 004.2556 0108056 188.1347 234.6042 13.99108205182208
SL-16 DEB
1 39722U 92093KN  17317.47920347  .00000120  00000-0  10910-3 0  9998
2 39722  70.8956   0.1371 0107912 185.2373 241.2171 13.99108823203008
SL-16 DEB
1 39722U 92093KN  17319.48129810  .00000116  00000-0  10673-3 0  9998
2 39722  70.8954 356.0188 0107767 182.3329 245.3276 13.99109439203287
SL-16 DEB
1 39722U 92093KN  17320.77814993 +.00000123 +00000-0 +11106-3 0  9995
2 39722 070.8953 353.3514 0107668 180.4499 297.2896 13.99109877182945
SL-16 DEB
1 39722U 92093KN  17325.41510682  .00000108  00000-0  10157-3 0  9997
2 39722  70.8948 343.8137 0107306 173.6856 252.6868 13.99111281204114
SL-16 DEB
1 39722U 92093KN  17326.41665602 +.00000112 +00000-0 +10414-3 0  9992
2 39722 070.8947 341.7534 0107237 172.2158 257.2969 13.99111718183736
SL-16 DEB
1 39722U 92093KN  17327.41716645  .00000107  00000-0  10079-3 0  9998
2 39722  70.8946 339.6956 0107162 170.7510 256.6721 13.99112068204395
SL-16 DEB
1 39722U 92093KN  17329.71400644  .00000116  00000-0  10655-3 0  9992
2 39722  70.8944 334.9705 0107020 167.3659 305.4346 13.99112928204719
SL-16 DEB
1 39722U 92093KN  17331.34841612 +.00000130 +00000-0 +11595-3 0  9998
2 39722 070.8944 331.6089 0106895 164.9680 257.6489 13.99113488184427
SL-16 DEB
1 39722U 92093KN  17332.64604547  .00000124  00000-0  11204-3 0  9996
2 39722  70.8945 328.9403 0106778 163.0614 313.5685 13.99113912205127
SL-16 DEB
1 39722U 92093KN  17333.35067337 +.00000120 +00000-0 +10922-3 0  9997
2 39722 070.8945 327.4907 0106740 162.0211 262.6551 13.99114114184702
SL-16 DEB
1 39722U 92093KN  17334.64883308  .00000117  00000-0  10760-3 0  9990
2 39722  70.8944 324.8199 0106614 160.0974 321.2659 13.99114583205401
SL-16 DEB
1 39722U 92093KN  17335.35314965 +.00000115 +00000-0 +10577-3 0  9991
2 39722 070.8944 323.3711 0106560 159.0575 268.7866 13.99114823184981
SL-16 DEB
1 39722U 92093KN  17335.64938892 +.00000106 +00000-0 +10009-3 0  9994
2 39722 070.8944 322.7617 0106541 158.6178 320.8947 13.99114871185021
SL-16 DEB
1 39722U 92093KN  17336.35455156 +.00000103 +00000-0 +98024-4 0  9991
2 39722 070.8944 321.3112 0106499 157.5747 272.6794 13.99115077185122
SL-16 DEB
1 39722U 92093KN  17337.64980505  .00000087  00000-0  87676-4 0  9997
2 39722  70.8944 318.6472 0106430 155.6613 316.6499 13.99115334205823
SL-16 DEB
1 39722U 92093KN  17338.57942221 +.00000084 +00000-0 +85743-4 0  9993
2 39722 070.8945 316.7353 0106374 154.2827 318.9787 13.99115533185430
SL-16 DEB
1 39722U 92093KN  17341.28683078 +.00000106 +00000-0 +10028-3 0  9995
2 39722 070.8946 311.1664 0106211 150.2646 275.7595 13.99116415185819
SL-16 DEB
1 39722U 92093KN  17341.36007243  .00000110  00000-0  10246-3 0  9995
2 39722  70.8946 311.0157 0106205 150.1539 284.6683 13.99116470206348
SL-16 DEB
1 39722U 92093KN  17342.28765139 +.00000118 +00000-0 +10811-3 0  9998
2 39722 070.8947 309.1077 0106148 148.7734 276.7400 13.99116826185951
SL-16 DEB
1 39722U 92093KN  17343.58494365  .00000120  00000-0  10922-3 0  9998
2 39722  70.8948 306.4392 0106071 146.8389 331.0062 13.99117282206659
SL-16 DEB
1 39722U 92093KN  17343.58494365 +.00000120 +00000-0 +10922-3 0  9998
2 39722 070.8948 306.4392 0106071 146.8389 331.0062 13.99117282186139
SL-16 DEB
1 39722U 92093KN  17344.29031343 +.00000122 +00000-0 +11027-3 0  9999
2 39722 070.8949 304.9884 0106037 145.7883 283.8474 13.99117503186236
SL-16 DEB
1 39722U 92093KN  17345.21795462 +.00000110 +00000-0 +10266-3 0  9992
2 39722 070.8950 303.0804 0106004 144.4099 276.2336 13.99117694186367
SL-16 DEB
1 39722U 92093KN  17346.29292918 +.00000109 +00000-0 +10187-3 0  9999
2 39722 070.8951 300.8694 0105952 142.8048 290.7242 13.99117990186510
SL-16 DEB
1 39722U 92093KN  17347.30954410 +.00000105 +00000-0 +99615-4 0  9994
2 39722 070.8951 298.7784 0105903 141.2877 011.2661 13.99118289186652
SL-16 DEB
1 39722U 92093KN  17349.22245578  .00000088  00000-0  88493-4 0  9997
2 39722  70.8952 294.8440 0105810 138.4319 286.3281 13.99118816207445
SL-16 DEB
1 39722U 92093KN  17350.52068609 +.00000083 +00000-0 +84800-4 0  9993
2 39722 070.8953 292.1738 0105746 136.4903 345.3331 13.99119163187100
SL-16 DEB
1 39722U 92093KN  17351.22523444  .00000088  00000-0  88089-4 0  9992
2 39722  70.8954 290.7248 0105716 135.4382 294.0443 13.99119379207722
SL-16 DEB
1 39722U 92093KN  17353.52357846  .00000115  00000-0  10609-3 0  9991
2 39722  70.8955 285.9979 0105636 131.9987 350.4914 13.99120054208041
SL-16 DEB
1 39722U 92093KN  17354.45128767 +.00000129 +00000-0 +11485-3 0  9990
2 39722 070.8954 284.0895 0105606 130.6082 343.2413 13.99120391187657
SL-16 DEB
1 39722U 92093KN  17355.15639067 +.00000135 +00000-0 +11878-3 0  9991
2 39722 070.8955 282.6393 0105584 129.5525 294.7519 13.99120630187753
SL-16 DEB
1 39722U 92093KN  17356.45399396  .00000138  00000-0  12095-3 0  9998
2 39722  70.8955 279.9705 0105545 127.6059 350.6146 13.99121174208450
SL-16 DEB
1 39722U 92093KN  17357.45501248 +.00000142 +00000-0 +12349-3 0  9997
2 39722 070.8955 277.9117 0105512 126.1058 352.6180 13.99121652188078
SL-16 DEB
1 39722U 92093KN  17359.16085828  .00000141  00000-0  12330-3 0  9997
2 39722  70.8955 274.4034 0105472 123.5475 304.7526 13.99122403208831
SL-16 DEB
1 39722U 92093KN  17359.45618139 +.00000147 +00000-0 +12678-3 0  9997
2 39722 070.8955 273.7960 0105466 123.1039 352.2605 13.99122599188352
SL-16 DEB
1 39722U 92093KN  17360.45634556 +.00000142 +00000-0 +12353-3 0  9995
2 39722 070.8954 271.7390 0105448 121.6015 349.9689 13.99122966188491
SL-16 DEB
1 39722U 92093KN  17361.08995663 +.00000136 +00000-0 +11983-3 0  9995
2 39722 070.8953 270.4359 0105440 120.6539 301.3892 13.99123153188580
SL-16 DEB
1 39722U 92093KN  17362.16461872  .00000133  00000-0  11754-3 0  9998
2 39722  70.8952 268.2256 0105421 119.0392 314.3374 13.99123530209254
SL-16 DEB
1 39722U 92093KN  17365.09465476  .00000131  00000-0  11636-3 0  9994
2 39722  70.8949 262.1994 0105376 114.6457 312.5853 13.99124559209663
SL-16 DEB
1 39722U 92093KN  18001.39148326 +.00000140 +00000-0 +12238-3 0  9996
2 39722 070.8948 259.5322 0105361 112.7015 004.5610 13.99125027189320
SL-16 DEB
1 39722U 92093KN  18002.39181892  .00000147  00000-0  12714-3 0  9998
2 39722  70.8947 257.4748 0105353 111.2003   3.1401 13.99125385209985
SL-16 DEB
1 39722U 92093KN  18004.39488635  .00000136  00000-0  11944-3 0  9997
2 39722  70.8945 253.3550 0105335 108.1956  12.3695 13.99125935210262
SL-16 DEB
1 39722U 92093KN  18007.02960972  .00000117  00000-0  10723-3 0  9992
2 39722  70.8941 247.9358 0105329 104.2329 323.1985 13.99126867210638
SL-16 DEB
1 39722U 92093KN  18008.32724598 +.00000102 +00000-0 +97465-4 0  9991
2 39722 070.8939 245.2667 0105331 102.2921 019.2504 13.99127304190294
SL-16 DEB
1 39722U 92093KN  18012.96308049 +.00000130 +00000-0 +11594-3 0  9994
2 39722 070.8933 235.7320 0105333 095.3572 329.4608 13.99128877190943
SL-16 DEB
1 39722U 92093KN  18012.96308049  .00000130  00000-0  11594-3 0  9994
2 39722  70.8933 235.7320 0105333  95.3572 329.4608 13.99128877211464
SL-16 DEB
1 39722U 92093KN  18014.03732938 +.00000137 +00000-0 +12050-3 0  9997
2 39722 070.8932 233.5225 0105346 093.7385 340.3549 13.99129322191099
SL-16 DEB
1 39722U 92093KN  18015.26154025  .00000146  00000-0  12637-3 0  9999
2 39722  70.8931 231.0040 0105368  91.9008  26.5899 13.99129949211787
SL-16 DEB
1 39722U 92093KN  18016.26264066 +.00000137 +00000-0 +12047-3 0  9992
2 39722 070.8930 228.9449 0105376 090.4064 029.0314 13.99130333191404
SL-16 DEB
1 39722U 92093KN  18018.26461078  .00000122  00000-0  11056-3 0  9999
2 39722  70.8928 224.8271 0105401  87.4116  32.7628 13.99131003212208
SL-16 DEB
1 39722U 92093KN  18019.89732701 +.00000114 +00000-0 +10495-3 0  9990
2 39722 070.8927 221.4687 0105418 084.9710 336.5995 13.99131464191918
SL-16 DEB
1 39722U 92093KN  18020.89894970  .00000112  00000-0  10423-3 0  9998
2 39722  70.8925 219.4082 0105434  83.4743 341.6788 13.99131793212578
SL-16 DEB
1 39722U 92093KN  18021.19514047 +.00000107 +00000-0 +10089-3 0  9998
2 39722 070.8926 218.7992 0105429 083.0219 033.5734 13.99131866192092
SL-16 DEB
1 39722U 92093KN  18022.90143814  .00000119  00000-0  10857-3 0  9994
2 39722  70.8926 215.2895 0105440  80.4683 348.0409 13.99132533212857
SL-16 DEB
1 39722U 92093KN  18024.19798703 +.00000121 +00000-0 +11010-3 0  9995
2 39722 070.8926 212.6226 0105455 078.5259 038.6449 13.99132986192517
SL-16 DEB
1 39722U 92093KN  18026.90594972  .00000136  00000-0  11979-3 0  9998
2 39722  70.8928 207.0525 0105489  74.4813 358.4124 13.99133820213411
SL-16 DEB
1 39722U 92093KN  18027.20118236 +.00000136 +00000-0 +11954-3 0  9990
2 39722 070.8929 206.4452 0105493 074.0382 045.4760 13.99133935192935
SL-16 DEB
1 39722U 92093KN  18029.83549831  .00000119  00000-0  10879-3 0  9996
2 39722  70.8932 201.0266 0105521  70.0935 354.3115 13.99134840213829
SL-16 DEB
1 39722U 92093KN  18035.06413604  .00000093  00000-0  91389-4 0  9993
2 39722  70.8937 190.2722 0105604  62.2712  50.5497 13.99136301214551
SL-16 DEB
1 39722U 92093KN  18036.06521041 +.00000096 +00000-0 +93404-4 0  9992
2 39722 070.8938 188.2130 0105626 060.7786 052.8798 13.99136501194176
SL-16 DEB
1 39722U 92093KN  18036.77053420 +.00000100 +00000-0 +95966-4 0  9992
2 39722 070.8938 186.7621 0105601 059.7217 005.5446 13.99136690194279
SL-16 DEB
1 39722U 92093KN  18037.06673904  .00000094  00000-0  92358-4 0  9994
2 39722  70.8938 186.1528 0105599  59.2702  57.5143 13.99136728214837
SL-16 DEB
1 39722U 92093KN  18039.06914529  .00000098  00000-0  94809-4 0  9994
2 39722  70.8941 182.0341 0105613  56.2799  63.4815 13.99137329215111
SL-16 DEB
1 39722U 92093KN  18040.06891267 +.00000096 +00000-0 +93772-4 0  9995
2 39722 070.8943 179.9779 0105628 054.7892 059.2329 13.99137610194736
SL-16 DEB
1 39722U 92093KN  18042.07193581  .00000076  00000-0  80569-4 0  9990
2 39722  70.8946 175.8580 0105676  51.7781  68.3329 13.99137959215530
SL-16 DEB
1 39722U 92093KN  18044.00129837 +.00000050 +00000-0 +63250-4 0  9998
2 39722 070.8948 171.8901 0105711 048.9016 066.3867 13.99138181195286
SL-16 DEB
1 39722U 92093KN  18045.00242337  .00000056  00000-0  66920-4 0  9993
2 39722  70.8949 169.8311 0105736  47.3841  69.0043 13.99138475215943
SL-16 DEB
1 39722U 92093KN  18046.00404141 +.00000066 +00000-0 +73629-4 0  9992
2 39722 070.8950 167.7710 0105735 045.8799 074.0920 13.99138783195566
SL-16 DEB
1 39722U 92093KN  18048.00448241  .00000083  00000-0  85146-4 0  9999
2 39722  70.8951 163.6566 0105782  42.8811  70.1861 13.99139320216366
SL-16 DEB
1 39722U 92093KN  18049.00497895 +.00000109 +00000-0 +10202-3 0  9998
2 39722 070.8952 161.5988 0105822 041.3852 069.6215 13.99139670195984
SL-16 DEB
1 39722U 92093KN  18051.93703882 +.00000126 +00000-0 +11336-3 0  9997
2 39722 070.8952 155.5684 0105926 037.0042 078.2187 13.99140611196395
SL-16 DEB
1 39722U 92093KN  18051.93703882  .00000126  00000-0  11336-3 0  9997
2 39722  70.8952 155.5684 0105926  37.0042  78.2187 13.99140611216916
SL-16 DEB
1 39722U 92093KN  18052.64191295 +.00000117 +00000-0 +10766-3 0  9991
2 39722 070.8955 154.1186 0106073 035.9652 028.6100 13.99140830196496
SL-16 DEB
1 39722U 92093KN  18060.57748008  .00000109  00000-0  10213-3 0  9990
2 39722  70.8939 137.7962 0106261  24.1654  39.5414 13.99142777218124
SL-16 DEB
1 39722U 92093KN  18060.57748008 +.00000109 +00000-0 +10213-3 0  9990
2 39722 070.8939 137.7962 0106261 024.1654 039.5414 13.99142777197603
SL-16 DEB
1 39722U 92093KN  18061.57873935 +.00000113 +00000-0 +10450-3 0  9997
2 39722 070.8937 135.7365 0106309 022.6746 042.8243 13.99143078197741
SL-16 DEB
1 39722U 92093KN  18061.87562590 +.00000112 +00000-0 +10428-3 0  9996
2 39722 070.8941 135.1259 0106438 022.2078 098.2477 13.99143170197780
SL-16 DEB
1 39722U 92093KN  18064.87802281 +.00000099 +00000-0 +95428-4 0  9991
2 39722 070.8943 128.9512 0106615 017.7572 101.1279 13.99143824218727
SL-16 DEB
1 39722U 92093KN  18065.58335829 +.00000099 +00000-0 +95524-4 0  9996
2 39722 070.8942 127.5004 0106657 016.7182 053.8520 13.99143989198304
SL-16 DEB
1 39722U 92093KN  18066.51107933 +.00000090 +00000-0 +89979-4 0  9991
2 39722 070.8942 125.5923 0106710 015.3396 046.7292 13.99144197198437
SL-16 DEB
1 39722U 92093KN  18067.51215456  .00000094  00000-0  92216-4 0  9994
2 39722  70.8940 123.5330 0106776  13.8581  49.0825 13.99144564219098
SL-16 DEB
1 39722U 92093KN  18067.51215456 +.00000094 +00000-0 +92216-4 0  9994
2 39722 070.8940 123.5330 0106776 013.8581 049.0825 13.99144564198577
SL-16 DEB
1 39722U 92093KN  18068.51309409 +.00000096 +00000-0 +93840-4 0  9993
2 39722 070.8939 121.4741 0106835 012.3778 050.7526 13.99144953198711
SL-16 DEB
1 39722U 92093KN  18069.51429578  .00000098  00000-0  95252-4 0  9995
2 39722  70.8938 119.4146 0106895  10.8984  53.7428 13.99145315219377
SL-16 DEB
1 39722U 92093KN  18069.58758198 +.00000100 +00000-0 +96353-4 0  9992
2 39722 070.8938 119.2639 0106901 010.7894 062.8816 13.99145356198866
SL-16 DEB
1 39722U 92093KN  18070.51537101 +.00000105 +00000-0 +99368-4 0  9990
2 39722 070.8937 117.3554 0106957 009.4195 056.0970 13.99145662198990
SL-16 DEB
1 39722U 92093KN  18071.51671361  .00000121  00000-0  10983-3 0  9991
2 39722  70.8936 115.2956 0107028   7.9414  59.7980 13.99146013219658
SL-16 DEB
1 39722U 92093KN  18071.81106750 +.00000116 +00000-0 +10673-3 0  9999
2 39722 070.8935 114.6901 0107049 007.5066 102.4405 13.99146040199174
SL-16 DEB
1 39722U 92093KN  18074.74313837  .00000126  00000-0  11337-3 0  9999
2 39722  70.8933 108.6589 0107253   3.1818 111.1025 13.99146819220108
SL-16 DEB
1 39722U 92093KN  18076.44898241 +.00000122 +00000-0 +11092-3 0  9999
2 39722 070.8932 105.1496 0107362 000.6760 063.3294 13.99147424199828
SL-16 DEB
1 39722U 92093KN  18081.38137910  .00000105  00000-0  99566-4 0  9991
2 39722  70.8931  95.0031 0107697 353.4576  67.4907 13.99148978221034
SL-16 DEB
1 39722U 92093KN  18087.31525553  .00000132  00000-0  11722-3 0  9991
2 39722  70.8936  82.7961 0108073 344.8295  76.0211 13.99151127221860
SL-16 DEB
1 39722U 92093KN  18088.38951590 +.00000129 +00000-0 +11571-3 0  9991
2 39722 070.8937 080.5858 0108109 343.2766 086.9933 13.99151450201495
SL-16 DEB
1 39722U 92093KN  18089.31735045  .00000119  00000-0  10907-3 0  9991
2 39722  70.8938  78.6772 0108175 341.9334  80.4315 13.99151698222140
SL-16 DEB
1 39722U 92093KN  18090.31866007 +.00000111 +00000-0 +10388-3 0  9991
2 39722 070.8940 076.6174 0108245 340.4856 083.9580 13.99152042201769
SL-16 DEB
1 39722U 92093KN  18092.61714183 +.00000098 +00000-0 +94877-4 0  9993
2 39722 070.8943 071.8890 0108361 337.1639 141.2527 13.99152854202081
SL-16 DEB
1 39722U 92093KN  18092.61714183  .00000098  00000-0  94877-4 0  9993
2 39722  70.8943  71.8890 0108361 337.1639 141.2527 13.99152854222601
SL-16 DEB
1 39722U 92093KN  18093.61715573 +.00000100 +00000-0 +96647-4 0  9999
2 39722 070.8945 069.8322 0108436 335.7204 138.2543 13.99153216202228
SL-16 DEB
1 39722U 92093KN  18094.32325528 +.00000106 +00000-0 +10030-3 0  9992
2 39722 070.8947 068.3801 0108459 334.6943 094.8369 13.99153431202322
SL-16 DEB
1 39722U 92093KN  18097.25276799  .00000116  00000-0  10713-3 0  9991
2 39722  70.8951  62.3537 0108595 330.4826  90.5822 13.99154204223253
SL-16 DEB
1 39722U 92093KN  18100.25639088  .00000107  00000-0  10122-3 0  9994
2 39722  70.8956  56.1753 0108721 326.1625  99.6269 13.99155232223672
SL-16 DEB
1 39722U 92093KN  18101.55257125 +.00000103 +00000-0 +98703-4 0  9994
2 39722 070.8958 053.5088 0108764 324.3102 148.3917 13.99155684203337
SL-16 DEB
1 39722U 92093KN  18102.18571012 +.00000096 +00000-0 +93704-4 0  9995
2 39722 070.8959 052.2066 0108769 323.3994 097.4717 13.99155800203425
SL-16 DEB
1 39722U 92093KN  18103.18632123  .00000092  00000-0  91112-4 0  9994
2 39722  70.8960  50.1483 0108799 321.9650  97.4817 13.99156038224083
SL-16 DEB
1 39722U 92093KN  18104.18782586 +.00000087 +00000-0 +87853-4 0  9995
2 39722 070.8962 048.0884 0108830 320.5290 101.9936 13.99156271203705
SL-16 DEB
1 39722U 92093KN  18105.48547545  .00000076  00000-0  80526-4 0  9991
2 39722  70.8962  45.4188 0108877 318.6709 158.1657 13.99156549224409
SL-16 DEB
1 39722U 92093KN  18107.48772198  .00000093  00000-0  91538-4 0  9991
2 39722  70.8967  41.3013 0108907 315.7858 163.3676 13.99157338224689
SL-16 DEB
1 39722U 92093KN  18109.48980821  .00000108  00000-0  10181-3 0  9998
2 39722  70.8969  37.1832 0108946 312.9102 167.7586 13.99158080224961
SL-16 DEB
1 39722U 92093KN  18109.48980821 +.00000108 +00000-0 +10181-3 0  9998
2 39722 070.8969 037.1832 0108946 312.9102 167.7586 13.99158080204442
SL-16 DEB
1 39722U 92093KN  18111.12252406 +.00000121 +00000-0 +11016-3 0  9996
2 39722 070.8970 033.8246 0108988 310.5717 111.6504 13.99158669204674
SL-16 DEB
1 39722U 92093KN  18113.12410104  .00000118  00000-0  10844-3 0  9993
2 39722  70.8971  29.7080 0109010 307.6976 113.4857 13.99159468225476
SL-16 DEB
1 39722U 92093KN  18114.19884586 +.00000105 +00000-0 +10007-3 0  9997
2 39722 070.8971 027.4974 0109019 306.1555 126.9183 13.99159878205103
SL-16 DEB
1 39722U 92093KN  18116.12772316  .00000086  00000-0  87004-4 0  9999
2 39722  70.8971  23.5300 0109035 303.3837 122.5781 13.99160495225894
SL-16 DEB
1 39722U 92093KN  18118.13044163  .00000088  00000-0  88909-4 0  9991
2 39722  70.8970  19.4104 0109037 300.5126 130.1685 13.99160950226177
SL-16 DEB
1 39722U 92093KN  18118.42409906 +.00000083 +00000-0 +85349-4 0  9993
2 39722 070.8969 018.8063 0109040 300.0957 169.3016 13.99160952205691
SL-16 DEB
1 39722U 92093KN  18119.05776799 +.00000090 +00000-0 +89805-4 0  9999
2 39722 070.8969 017.5029 0109041 299.1869 121.0604 13.99161091205783
SL-16 DEB
1 39722U 92093KN  18120.05895057 +.00000086 +00000-0 +87033-4 0  9996
2 39722 070.8968 015.4435 0109043 297.7503 123.9682 13.99161244205924
SL-16 DEB
1 39722U 92093KN  18123.35915601  .00000075  00000-0  80208-4 0  9995
2 39722  70.8965   8.6548 0109053 293.0123 186.9508 13.99162008226904
SL-16 DEB
1 39722U 92093KN  18124.36017568 +.00000069 +00000-0 +76239-4 0  9994
2 39722 070.8964 006.5959 0109053 291.5740 189.0440 13.99162214206528
SL-16 DEB
1 39722U 92093KN  18126.99383193  .00000065  00000-0  73461-4 0  9995
2 39722  70.8962   1.1790 0109050 287.7853 134.6651 13.99162647227410
SL-16 DEB
1 39722U 92093KN  18131.29464385  .00000090  00000-0  89683-4 0  9998
2 39722  70.8956 352.3314 0108994 281.5978 197.7006 13.99164075228010
SL-16 DEB
1 39722U 92093KN  18131.99949255 +.00000103 +00000-0 +98290-4 0  9998
2 39722 070.8956 350.8818 0109027 280.5857 147.9986 13.99164379207596
SL-16 DEB
1 39722U 92093KN  18133.29683167  .00000122  00000-0  11079-3 0  9990
2 39722  70.8956 348.2141 0109042 278.7158 202.6596 13.99164967228295
SL-16 DEB
1 39722U 92093KN  18134.00162420 +.00000122 +00000-0 +11114-3 0  9994
2 39722 070.8955 346.7641 0109027 277.6998 152.6806 13.99165177207878
SL-16 DEB
1 39722U 92093KN  18137.22840660  .00000113  00000-0  10521-3 0  9991
2 39722  70.8951 340.1257 0109000 273.0487 205.9057 13.99166429228840
SL-16 DEB
1 39722U 92093KN  18138.22977116 +.00000105 +00000-0 +99875-4 0  9990
2 39722 070.8950 338.0658 0109017 271.6068 209.7560 13.99166762208464
SL-16 DEB
1 39722U 92093KN  18139.23029316  .00000098  00000-0  94917-4 0  9995
2 39722  70.8949 336.0074 0109005 270.1588 209.3702 13.99167027229125
SL-16 DEB
1 39722U 92093KN  18143.16214212  .00000119  00000-0  10915-3 0  9992
2 39722  70.8946 327.9188 0108995 264.4880 214.0234 13.99168076229673
SL-16 DEB
1 39722U 92093KN  18145.16412157  .00000120  00000-0  10948-3 0  9990
2 39722  70.8947 323.7998 0108958 261.6256 217.9391 13.99168752229950
SL-16 DEB
1 39722U 92093KN  18146.16507123 +.00000115 +00000-0 +10610-3 0  9999
2 39722 070.8947 321.7406 0108960 260.1831 219.7089 13.99169079209571
SL-16 DEB
1 39722U 92093KN  18147.16506053  .00000110  00000-0  10292-3 0  9992
2 39722  70.8948 319.6835 0108952 258.7371 216.6475 13.99169389230233
SL-16 DEB
1 39722U 92093KN  18148.87209584 +.00000105 +00000-0 +99856-4 0  9998
2 39722 070.8947 316.1719 0108954 256.2660 174.9767 13.99169846209954
SL-16 DEB
1 39722U 92093KN  18149.16838056  .00000100  00000-0  96292-4 0  9999
2 39722  70.8947 315.5624 0108954 255.8439 227.3547 13.99169896230511
SL-16 DEB
1 39722U 92093KN  18151.09736174 +.00000096 +00000-0 +93618-4 0  9995
2 39722 070.8948 311.5942 0108948 253.0668 223.6123 13.99170431210264
SL-16 DEB
1 39722U 92093KN  18151.87527863 +.00000103 +00000-0 +98685-4 0  9992
2 39722 070.8948 309.9938 0108951 251.9404 181.9788 13.99170707230899
SL-16 DEB
1 39722U 92093KN  18152.80324340 +.00000122 +00000-0 +11063-3 0  9996
2 39722 070.8949 308.0849 0108961 250.5997 176.1351 13.99171139210502
SL-16 DEB
1 39722U 92093KN  18153.09987532 +.00000130 +00000-0 +11619-3 0  9992
2 39722 070.8949 307.4747 0108958 250.1710 230.2701 13.99171329210543
SL-16 DEB
1 39722U 92093KN  18153.87729438  .00000139  00000-0  12183-3 0  9993
2 39722  70.8950 305.8755 0108950 249.0591 186.1178 13.99171643231170
SL-16 DEB
1 39722U 92093KN  18155.10050991 +.00000154 +00000-0 +13170-3 0  9996
2 39722 070.8950 303.3591 0108953 247.2880 227.4599 13.99172208210828
SL-16 DEB
1 39722U 92093KN  18155.80656546 +.00000155 +00000-0 +13242-3 0  9992
2 39722 070.8951 301.9067 0108952 246.2711 183.8599 13.99172445210921
SL-16 DEB
1 39722U 92093KN  18157.03060394  .00000153  00000-0  13135-3 0  9998
2 39722  70.8951 299.3886 0108934 244.5096 229.3392 13.99172904231613
SL-16 DEB
1 39722U 92093KN  18158.73633281 +.00000136 +00000-0 +12005-3 0  9993
2 39722 070.8952 295.8797 0108915 242.0559 181.0939 13.99173488211338
SL-16 DEB
1 39722U 92093KN  18159.03316266  .00000135  00000-0  11961-3 0  9997
2 39722  70.8953 295.2691 0108910 241.6300 236.2251 13.99173639231891
SL-16 DEB
1 39722U 92093KN  18160.03411059 +.00000121 +00000-0 +11032-3 0  9999
2 39722 070.8953 293.2101 0108906 240.1891 238.0023 13.99173998211511
SL-16 DEB
1 39722U 92093KN  18161.03568348  .00000107  00000-0  10130-3 0  9996
2 39722  70.8954 291.1498 0108896 238.7500 242.9257 13.99174318232171
SL-16 DEB
1 39722U 92093KN  18162.03573008 +.00000100 +00000-0 +96411-4 0  9996
2 39722 070.8954 289.0927 0108886 237.3078 240.1675 13.99174615211797
SL-16 DEB
1 39722U 92093KN  18166.67177262  .00000121  00000-0  11013-3 0  9999
2 39722  70.8954 279.5561 0108847 230.6339 191.9458 13.99175868232963
SL-16 DEB
1 39722U 92093KN  18167.96979441 +.00000113 +00000-0 +10457-3 0  9993
2 39722 070.8954 276.8858 0108812 228.7759 250.0827 13.99176180212624
SL-16 DEB
1 39722U 92093KN  18168.97100873  .00000121  00000-0  11021-3 0  9997
2 39722  70.8955 274.8263 0108796 227.3374 253.2080 13.99176569233284
SL-16 DEB
1 39722U 92093KN  18170.97139215  .00000119  00000-0  10891-3 0  9993
2 39722  70.8955 270.7117 0108778 224.4562 249.1687 13.99177281233564
SL-16 DEB
1 39722U 92093KN  18172.60539646 +.00000113 +00000-0 +10518-3 0  9997
2 39722 070.8955 267.3510 0108751 222.1073 199.6715 13.99177826213278
SL-16 DEB
1 39722U 92093KN  18173.60670317 +.00000109 +00000-0 +10245-3 0  9991
2 39722 070.8954 265.2912 0108724 220.6698 203.2675 13.99178193213417
SL-16 DEB
1 39722U 92093KN  18173.60670317  .00000109  00000-0  10245-3 0  9991
2 39722  70.8954 265.2912 0108724 220.6698 203.2675 13.99178193233936
SL-16 DEB
1 39722U 92093KN  18175.60890255 +.00000109 +00000-0 +10206-3 0  9995
2 39722 070.8952 261.1726 0108677 217.7932 208.3793 13.99178952213698
SL-16 DEB
1 39722U 92093KN  18175.60890255  .00000109  00000-0  10206-3 0  9995
2 39722  70.8952 261.1726 0108677 217.7932 208.3793 13.99178952234219
SL-16 DEB
1 39722U 92093KN  18176.61001366 +.00000112 +00000-0 +10437-3 0  9994
2 39722 070.8951 259.1134 0108656 216.3508 210.9990 13.99179329213831
SL-16 DEB
1 39722U 92093KN  18176.90641584 +.00000117 +00000-0 +10717-3 0  9994
2 39722 070.8952 258.5042 0108659 215.9223 263.9853 13.99179471213873
SL-16 DEB
1 39722U 92093KN  18177.61091712 +.00000130 +00000-0 +11628-3 0  9992
2 39722 070.8951 257.0550 0108645 214.9068 212.5760 13.99179759213978
SL-16 DEB
1 39722U 92093KN  18177.61091712  .00000130  00000-0  11628-3 0  9992
2 39722  70.8951 257.0550 0108645 214.9068 212.5760 13.99179759234498
SL-16 DEB
1 39722U 92093KN  18179.83636637 +.00000128 +00000-0 +11490-3 0  9993
2 39722 070.8949 252.4773 0108579 211.7007 262.2212 13.99180397214284
SL-16 DEB
1 39722U 92093KN  18179.83636637  .00000128  00000-0  11490-3 0  9993
2 39722  70.8949 252.4773 0108579 211.7007 262.2212 13.99180397234804
SL-16 DEB
1 39722U 92093KN  18180.54141700 +.00000135 +00000-0 +11890-3 0  9997
2 39722 070.8950 251.0272 0108549 210.6847 213.5809 13.99180660214387
SL-16 DEB
1 39722U 92093KN  18181.54245549 +.00000123 +00000-0 +11149-3 0  9998
2 39722 070.8948 248.9680 0108516 209.2446 215.8384 13.99180955214521
SL-16 DEB
1 39722U 92093KN  18182.83995635  .00000098  00000-0  94717-4 0  9993
2 39722  70.8947 246.2989 0108463 207.3863 271.3771 13.99181263235226
SL-16 DEB
1 39722U 92093KN  18184.84153043  .00000070  00000-0  76710-4 0  9998
2 39722  70.8944 242.1816 0108399 204.5012 273.3700 13.99181750235506
SL-16 DEB
1 39722U 92093KN  18186.54847432 +.00000061 +00000-0 +70640-4 0  9995
2 39722 070.8942 238.6706 0108330 202.0347 231.3092 13.99182054215224
SL-16 DEB
1 39722U 92093KN  18196.41259524  .00000111  00000-0  10362-3 0  9991
2 39722  70.8930 218.3792 0107927 187.7600 237.3573 13.99185888237124
SL-16 DEB
1 39722U 92093KN  18199.41556778  .00000080  00000-0  83027-4 0  9999
2 39722  70.8931 212.2010 0107560 183.3570 243.5174 13.99185841237543
SL-16 DEB
1 39722U 92093KN  18201.71243323  .00000095  00000-0  93036-4 0  9992
2 39722  70.8928 207.4760 0107548 180.0050 292.9848 13.99186484237865
SL-16 DEB
1 39722U 92093KN  18202.41914532 +.00000113 +00000-0 +10437-3 0  9991
2 39722 070.8930 206.0226 0107495 178.9711 252.7444 13.99186834217448
SL-16 DEB
1 39722U 92093KN  18203.34658830 +.00000108 +00000-0 +10118-3 0  9990
2 39722 070.8931 204.1150 0107523 177.5993 244.3571 13.99186925217576
SL-16 DEB
1 39722U 92093KN  18204.42137826 +.00000107 +00000-0 +10077-3 0  9990
2 39722 070.8934 201.9046 0107429 176.0309 258.1486 13.99187214238245
SL-16 DEB
1 39722U 92093KN  18206.35010510 +.00000065 +00000-0 +73158-4 0  9997
2 39722 070.8934 197.9365 0107275 173.2036 253.2951 13.99187583217999
SL-16 DEB
1 39722U 92093KN  18207.64776826 +.00000049 +00000-0 +62667-4 0  9994
2 39722 070.8936 195.2673 0107187 171.2964 309.7317 13.99187852238696
SL-16 DEB
1 39722U 92093KN  18210.28161192 +.00000044 +00000-0 +59401-4 0  9999
2 39722 070.8940 189.8504 0107040 167.4598 256.5903 13.99188373239062
SL-16 DEB
1 39722U 92093KN  18211.35584730 +.00000059 +00000-0 +69196-4 0  9993
2 39722 070.8940 187.6404 0106976 165.8544 267.6332 13.99188693218697
SL-16 DEB
1 39722U 92093KN  18212.28375178  .00000066  00000-0  73602-4 0  9995
2 39722  70.8940 185.7316 0106924 164.4861 261.5729 13.99188934239344
SL-16 DEB
1 39722U 92093KN  18213.28501453 +.00000071 +00000-0 +77279-4 0  9993
2 39722 070.8941 183.6719 0106865 163.0092 265.0257 13.99189175218962
SL-16 DEB
1 39722U 92093KN  18214.28563924  .00000083  00000-0  84577-4 0  9997
2 39722  70.8943 181.6138 0106811 161.5315 265.2674 13.99189477239625
SL-16 DEB
1 39722U 92093KN  18215.28745464 +.00000092 +00000-0 +90983-4 0  9997
2 39722 070.8944 179.5530 0106760 160.0464 271.5138 13.99189778219245
SL-16 DEB
1 39722U 92093KN  18216.28825528  .00000097  00000-0  94101-4 0  9999
2 39722  70.8946 177.4943 0106715 158.5614 272.6511 13.99190040239907
SL-16 DEB
1 39722U 92093KN  18216.58421475 +.00000098 +00000-0 +94817-4 0  9990
2 39722 070.8946 176.8855 0106703 158.1193 323.4334 13.99190136219426
SL-16 DEB
1 39722U 92093KN  18217.21591497 +.00000096 +00000-0 +93098-4 0  9991
2 39722 070.8947 175.5859 0106683 157.1745 265.3811 13.99190230219515
SL-16 DEB
1 39722U 92093KN  18219.21811406  .00000084  00000-0  85689-4 0  9992
2 39722  70.8950 171.4677 0106589 154.2040 270.6705 13.99190662240315
SL-16 DEB
1 39722U 92093KN  18220.51541844 +.00000069 +00000-0 +75935-4 0  9999
2 39722 070.8949 168.7988 0106544 152.2761 325.3354 13.99190953219975
SL-16 DEB
1 39722U 92093KN  18221.22011752  .00000064  00000-0  72638-4 0  9990
2 39722  70.8949 167.3489 0106523 151.2255 274.9858 13.99191080240592
SL-16 DEB
1 39722U 92093KN  18222.51761751 +.00000054 +00000-0 +66009-4 0  9998
2 39722 070.8949 164.6798 0106470 149.2930 330.6408 13.99191294220252
SL-16 DEB
1 39722U 92093KN  18223.22267685  .00000062  00000-0  70693-4 0  9997
2 39722  70.8949 163.2296 0106445 148.2456 282.1031 13.99191461240873
SL-16 DEB
1 39722U 92093KN  18223.51768814 +.00000062 +00000-0 +71136-4 0  9992
2 39722 070.8949 162.6227 0106433 147.8058 328.1094 13.99191522220393
SL-16 DEB
1 39722U 92093KN  18224.51975757 +.00000071 +00000-0 +76788-4 0  9997
2 39722 070.8950 160.5615 0106397 146.3143 335.6481 13.99191708220536
SL-16 DEB
1 39722U 92093KN  18225.15137966 +.00000080 +00000-0 +83063-4 0  9994
2 39722 070.8950 159.2622 0106374 145.3719 277.2037 13.99191832220628
SL-16 DEB
1 39722U 92093KN  18227.45007208  .00000101  00000-0  96552-4 0  9995
2 39722  70.8951 154.5339 0106292 141.9412 335.9954 13.99192445241469
SL-16 DEB
1 39722U 92093KN  18229.45210854  .00000114  00000-0  10482-3 0  9991
2 39722  70.8953 150.4161 0106222 138.9584 340.4963 13.99193262241748
SL-16 DEB
1 39722U 92093KN  18230.15659931 +.00000107 +00000-0 +10048-3 0  9993
2 39722 070.8954 148.9671 0106207 137.9070 289.1046 13.99193479221322
SL-16 DEB
1 39722U 92093KN  18231.45288461  .00000104  00000-0  98705-4 0  9997
2 39722  70.8954 146.3008 0106174 135.9710 338.6603 13.99193970242025
SL-16 DEB
1 39722U 92093KN  18232.08607816 +.00000102 +00000-0 +97181-4 0  9991
2 39722 070.8954 144.9983 0106160 135.0275 288.1358 13.99194152221591
SL-16 DEB
1 39722U 92093KN  18234.08758222  .00000087  00000-0  87495-4 0  9990
2 39722  70.8952 140.8814 0106116 132.0378 289.9728 13.99194597242393
SL-16 DEB
1 39722U 92093KN  18235.08913575 +.00000080 +00000-0 +82955-4 0  9994
2 39722 070.8952 138.8212 0106093 130.5409 294.9301 13.99194793222012
SL-16 DEB
1 39722U 92093KN  18236.08994391  .00000081  00000-0  83200-4 0  9995
2 39722  70.8951 136.7626 0106056 129.0451 296.1330 13.99195003242671
SL-16 DEB
1 39722U 92093KN  18238.09206111  .00000107  00000-0  10032-3 0  9995
2 39722  70.8950 132.6443 0106020 126.0560 301.0624 13.99195626242955
SL-16 DEB
1 39722U 92093KN  18238.38813837 +.00000102 +00000-0 +97360-4 0  9991
2 39722 070.8950 132.0353 0106013 125.6128 352.4437 13.99195649222478
SL-16 DEB
1 39722U 92093KN  18239.38817194 +.00000121 +00000-0 +10939-3 0  9999
2 39722 070.8949 129.9783 0105999 124.1182 349.7494 13.99196007222611
SL-16 DEB
1 39722U 92093KN  18240.39041845  .00000123  00000-0  11096-3 0  9991
2 39722  70.8948 127.9166 0105990 122.6203 358.2027 13.99196258243271
SL-16 DEB
1 39722U 92093KN  18241.39135625 +.00000127 +00000-0 +11376-3 0  9997
2 39722 070.8947 125.8577 0105977 121.1255 000.0642 13.99196568222893
SL-16 DEB
1 39722U 92093KN  18242.02328910 +.00000116 +00000-0 +10610-3 0  9997
2 39722 070.8947 124.5580 0105962 120.1846 303.1943 13.99196688222986
SL-16 DEB
1 39722U 92093KN  18243.02448095  .00000107  00000-0  10073-3 0  9998
2 39722  70.8946 122.4984 0105953 118.6869 306.3400 13.99197018243644
SL-16 DEB
1 39722U 92093KN  18244.02570986 +.00000084 +00000-0 +85249-4 0  9996
2 39722 070.8945 120.4388 0105932 117.1944 309.6671 13.99197226223267
SL-16 DEB
1 39722U 92093KN  18246.02801019  .00000083  00000-0  84487-4 0  9994
2 39722  70.8942 116.3197 0105931 114.2070 315.5366 13.99197956244061
SL-16 DEB
1 39722U 92093KN  18248.03007154  .00000096  00000-0  93318-4 0  9992
2 39722  70.8940 112.2013 0105916 111.2122 320.2144 13.99198582244343
SL-16 DEB
1 39722U 92093KN  18249.03110049 +.00000100 +00000-0 +95691-4 0  9993
2 39722 070.8938 110.1418 0105922 109.7147 322.5448 13.99198775223963
SL-16 DEB
1 39722U 92093KN  18250.96013980 +.00000117 +00000-0 +10722-3 0  9992
2 39722 070.8936 106.1732 0105907 106.8396 319.3955 13.99199475224238
SL-16 DEB
1 39722U 92093KN  18251.03322983  .00000119  00000-0  10817-3 0  9994
2 39722  70.8936 106.0228 0105913 106.7316 327.5598 13.99199515244764
SL-16 DEB
1 39722U 92093KN  18252.96224803 +.00000113 +00000-0 +10460-3 0  9997
2 39722 070.8935 102.0543 0105908 103.8563 324.3089 13.99200216224517
SL-16 DEB
1 39722U 92093KN  18253.25853274  .00000108  00000-0  10089-3 0  9991
2 39722  70.8935 101.4447 0105909 103.4134  16.7404 13.99200301245076
SL-16 DEB
1 39722U 92093KN  18253.96344017 +.00000101 +00000-0 +96186-4 0  9995
2 39722 070.8934 099.9944 0105916 102.3668 327.4602 13.99200492224650
SL-16 DEB
1 39722U 92093KN  18255.26054576  .00000093  00000-0  90939-4 0  9998
2 39722  70.8934  97.3262 0105917 100.4306  21.1792 13.99200874245356
SL-16 DEB
1 39722U 92093KN  18256.18812765 +.00000082 +00000-0 +84335-4 0  9993
2 39722 070.8934 095.4180 0105920 099.0492 013.5483 13.99201054224964
SL-16 DEB
1 39722U 92093KN  18257.18944623 +.00000087 +00000-0 +87383-4 0  9994
2 39722 070.8934 093.3581 0105918 097.5529 017.3463 13.99201347225109
SL-16 DEB
1 39722U 92093KN  18257.89455156  .00000082  00000-0  83888-4 0  9991
2 39722  70.8934  91.9075 0105917  96.5057 329.0659 13.99201486245729
SL-16 DEB
1 39722U 92093KN  18258.89531458 +.00000082 +00000-0 +84024-4 0  9995
2 39722 070.8934 089.8485 0105916 095.0137 330.0631 13.99201760225345
SL-16 DEB
1 39722U 92093KN  18259.19168030 +.00000082 +00000-0 +84344-4 0  9996
2 39722 070.8934 089.2388 0105917 094.5704 022.9045 13.99201867225384
SL-16 DEB
1 39722U 92093KN  18260.89753681  .00000094  00000-0  91798-4 0  9991
2 39722  70.8934  85.7293 0105913  92.0458 335.5507 13.99202413246146
SL-16 DEB
1 39722U 92093KN  18264.90188838 +.00000102 +00000-0 +97158-4 0  9999
2 39722 070.8936 077.4912 0105911 086.0687 346.1114 13.99203414226185
SL-16 DEB
1 39722U 92093KN  18265.12459582 +.00000099 +00000-0 +94995-4 0  9992
2 39722 070.8936 077.0330 0105910 085.7373 027.9239 13.99203471246730
SL-16 DEB
1 39722U 92093KN  18266.12613748 +.00000092 +00000-0 +90877-4 0  9997
2 39722 070.8938 074.9726 0105909 084.2372 032.8577 13.99203754226358
SL-16 DEB
1 39722U 92093KN  18266.83090544 +.00000099 +00000-0 +95037-4 0  9998
2 39722 070.8939 073.5227 0105903 083.1812 342.8937 13.99204045226450
SL-16 DEB
1 39722U 92093KN  18267.12702926 +.00000095 +00000-0 +92254-4 0  9999
2 39722 070.8939 072.9135 0105902 082.7410 034.5163 13.99204141247017
SL-16 DEB
1 39722U 92093KN  18268.12844969 +.00000083 +00000-0 +85002-4 0  9994
2 39722 070.8941 070.8533 0105899 081.2436 038.8391 13.99204437226639
SL-16 DEB
1 39722U 92093KN  18269.12863605 +.00000076 +00000-0 +80163-4 0  9998
2 39722 070.8942 068.7957 0105898 079.7516 036.9433 13.99204725247297
SL-16 DEB
1 39722U 92093KN  18270.83520898 +.00000072 +00000-0 +77780-4 0  9999
2 39722 070.8945 065.2850 0105905 077.2049 353.2361 13.99205098227014
SL-16 DEB
1 39722U 92093KN  18272.13209669  .00000069  00000-0  75394-4 0  9999
2 39722  70.8947  62.6171 0105895  75.2749  45.8719 13.99205300247712
SL-16 DEB
1 39722U 92093KN  18272.83731662 +.00000073 +00000-0 +78408-4 0  9993
2 39722 070.8947 061.1663 0105892 074.2229 358.1832 13.99205451227295
SL-16 DEB
1 39722U 92093KN  18273.06038517 +.00000073 +00000-0 +78370-4 0  9996
2 39722 070.8948 060.7074 0105896 073.8816 041.8256 13.99205513227327
SL-16 DEB
1 39722U 92093KN  18274.76648241  .00000080  00000-0  82582-4 0  9993
2 39722  70.8951  57.1976 0105897  71.3297 355.7327 13.99205959248085
SL-16 DEB
1 39722U 92093KN  18275.06267683 +.00000073 +00000-0 +78344-4 0  9997
2 39722 070.8951 056.5883 0105879 070.8946 047.7074 13.99205998227605
SL-16 DEB
1 39722U 92093KN  18276.06364906 +.00000073 +00000-0 +77915-4 0  9997
2 39722 070.8954 054.5292 0105883 069.3914 049.7852 13.99206272227740
SL-16 DEB
1 39722U 92093KN  18277.06378767  .00000070  00000-0  76513-4 0  9998
2 39722  70.8955  52.4719 0105879  67.9033  47.6512 13.99206516248400
SL-16 DEB
1 39722U 92093KN  18278.06393613 +.00000069 +00000-0 +75374-4 0  9998
2 39722 070.8957 050.4145 0105885 066.4108 045.5721 13.99206730228020
SL-16 DEB
1 39722U 92093KN  18280.06724745 +.00000061 +00000-0 +70310-4 0  9992
2 39722 070.8960 046.2936 0105900 063.4095 056.6112 13.99207052228301
SL-16 DEB
1 39722U 92093KN  18281.06841701 +.00000067 +00000-0 +74102-4 0  9994
2 39722 070.8962 044.2342 0105909 061.9105 059.6827 13.99207315228449
SL-16 DEB
1 39722U 92093KN  18282.70143727  .00000073  00000-0  78409-4 0  9990
2 39722  70.8964  40.8751 0105920  59.4623   5.5048 13.99207799249193
SL-16 DEB
1 39722U 92093KN  18283.99893725 +.00000092 +00000-0 +90426-4 0  9996
2 39722 070.8966 038.2061 0105944 057.5283 061.2418 13.99208354228855
SL-16 DEB
1 39722U 92093KN  18284.70365920  .00000097  00000-0  93665-4 0  9990
2 39722  70.8967  36.7565 0105959  56.4747  11.0545 13.99208574249476
SL-16 DEB
1 39722U 92093KN  18286.00104490 +.00000101 +00000-0 +96326-4 0  9991
2 39722 070.8968 034.0878 0105985 054.5355 066.2236 13.99208936229130
SL-16 DEB
1 39722U 92093KN  18286.63246705 +.00000103 +00000-0 +98126-4 0  9998
2 39722 070.8969 032.7890 0105998 053.5899 006.8147 13.99209086229224
SL-16 DEB
1 39722U 92093KN  18287.00183164  .00000102  00000-0  97263-4 0  9999
2 39722  70.8969  32.0293 0106007  53.0374  67.3727 13.99209172249795
SL-16 DEB
1 39722U 92093KN  18289.63571851  .00000090  00000-0  89649-4 0  9999
2 39722  70.8971  26.6116 0106065  49.0959  14.7538 13.99209827250165
SL-16 DEB
1 39722U 92093KN  18290.93339297 +.00000077 +00000-0 +80784-4 0  9996
2 39722 070.8972 023.9425 0106105 047.1382 071.3999 13.99210137229828
SL-16 DEB
1 39722U 92093KN  18291.93397265 +.00000074 +00000-0 +78954-4 0  9999
2 39722 070.8972 021.8844 0106131 045.6459 071.5046 13.99210399229967
SL-16 DEB
1 39722U 92093KN  18291.93397265  .00000074  00000-0  78954-4 0  9999
2 39722  70.8972  21.8844 0106131  45.6459  71.5046 13.99210399250488
SL-16 DEB
1 39722U 92093KN  18292.63933050 +.00000078 +00000-0 +81518-4 0  9999
2 39722 070.8972 020.4336 0106152 044.5922 024.5245 13.99210579230066
SL-16 DEB
1 39722U 92093KN  18294.56776942  .00000083  00000-0  84600-4 0  9999
2 39722  70.8972  16.4669 0106213  41.7113  18.4351 13.99210896250850
SL-16 DEB
1 39722U 92093KN  18296.56979461 +.00000094 +00000-0 +92155-4 0  9998
2 39722 070.8970 012.3487 0106289 038.7171 023.0198 13.99211314230613
SL-16 DEB
1 39722U 92093KN  18297.57133164 +.00000108 +00000-0 +10158-3 0  9990
2 39722 070.8970 010.2886 0106327 037.2185 027.9568 13.99211704230757
SL-16 DEB
1 39722U 92093KN  18297.57133164  .00000108  00000-0  10158-3 0  9990
2 39722  70.8970  10.2886 0106327  37.2185  27.9568 13.99211704251277
SL-16 DEB
1 39722U 92093KN  18299.57353219  .00000114  00000-0  10528-3 0  9995
2 39722  70.8969   6.1705 0106399  34.2218  33.4349 13.99212453251554
SL-16 DEB
1 39722U 92093KN  18302.57679580  .00000096  00000-0  93539-4 0  9995
2 39722  70.8966 359.9928 0106546  29.7435  41.4558 13.99213149251971
SL-16 DEB
1 39722U 92093KN  18303.50441150 +.00000094 +00000-0 +92022-4 0  9993
2 39722 070.8965 358.0848 0106601 028.3645 034.0333 13.99213366231586
SL-16 DEB
1 39722U 92093KN  18304.50532615 +.00000085 +00000-0 +85976-4 0  9991
2 39722 070.8963 356.0256 0106652 026.8718 035.8365 13.99213540231729
SL-16 DEB
1 39722U 92093KN  18305.50634640  .00000090  00000-0  89725-4 0  9995
2 39722  70.8963 353.9669 0106691  25.3715  38.1797 13.99213840252380
SL-16 DEB
1 39722U 92093KN  18306.50748935 +.00000090 +00000-0 +89692-4 0  9992
2 39722 070.8961 351.9072 0106752 023.8840 041.1290 13.99214089232009
SL-16 DEB
1 39722U 92093KN  18307.50885509  .00000097  00000-0  94374-4 0  9992
2 39722  70.8959 349.8471 0106812  22.3970  45.2007 13.99214368252665
SL-16 DEB
1 39722U 92093KN  18307.58176196 +.00000097 +00000-0 +93878-4 0  9993
2 39722 070.8958 349.6967 0106824 022.2961 052.4394 13.99214372232150
SL-16 DEB
1 39722U 92093KN  18308.50966500 +.00000106 +00000-0 +99841-4 0  9999
2 39722 070.8957 347.7877 0106881 020.9211 046.4639 13.99214621232280
SL-16 DEB
1 39722U 92093KN  18309.51100875  .00000113  00000-0  10486-3 0  9991
2 39722  70.8956 345.7276 0106937  19.4519  50.4096 13.99214843252949
SL-16 DEB
1 39722U 92093KN  18310.43872949 +.00000109 +00000-0 +10181-3 0  9999
2 39722 070.8948 343.8177 0107148 017.9720 043.6201 13.99215037232554
SL-16 DEB
1 39722U 92093KN  18311.43938863 +.00000099 +00000-0 +95627-4 0  9995
2 39722 070.8948 341.7596 0107187 016.4996 044.1235 13.99215251232694
SL-16 DEB
1 39722U 92093KN  18312.51394973  .00000119  00000-0  10837-3 0  9995
2 39722  70.8954 339.5502 0107072  15.0479  56.7608 13.99215743253363
SL-16 DEB
1 39722U 92093KN  18312.51394973 +.00000119 +00000-0 +10837-3 0  9995
2 39722 070.8954 339.5502 0107072 015.0479 056.7608 13.99215743232843
SL-16 DEB
1 39722U 92093KN  18313.44183193 +.00000132 +00000-0 +11683-3 0  9993
2 39722 070.8954 337.6412 0107168 013.6687 050.6910 13.99216266232977
SL-16 DEB
1 39722U 92093KN  18314.44289734 +.00000120 +00000-0 +10948-3 0  9992
2 39722 070.8951 335.5815 0107268 012.1724 053.2682 13.99216642233115
SL-16 DEB
1 39722U 92093KN  18316.44508196  .00000131  00000-0  11626-3 0  9996
2 39722  70.8951 331.4628 0107412   9.2285  58.6513 13.99217484253919
SL-16 DEB
1 39722U 92093KN  18317.37279316 +.00000124 +00000-0 +11175-3 0  9999
2 39722 070.8947 329.5539 0107503 007.8272 051.7460 13.99217718233524
SL-16 DEB
1 39722U 92093KN  18321.37695809  .00000137  00000-0  12015-3 0  9991
2 39722  70.8945 321.3157 0107820   1.9394  61.4968 13.99218994254600
SL-16 DEB
1 39722U 92093KN  18322.37816065 +.00000138 +00000-0 +12133-3 0  9993
2 39722 070.8944 319.2558 0107889 000.4762 064.7416 13.99219383234221
SL-16 DEB
1 39722U 92093KN  18323.37936522 +.00000141 +00000-0 +12285-3 0  9997
2 39722 070.8944 317.1958 0107957 359.0154 067.9961 13.99219782254883
SL-16 DEB
1 39722U 92093KN  18325.60456081  .00000122  00000-0  11085-3 0  9998
2 39722  70.8944 312.6182 0108080 355.7637 116.7306 13.99220388255194
SL-16 DEB
1 39722U 92093KN  18326.30897265 +.00000118 +00000-0 +10797-3 0  9993
2 39722 070.8944 311.1690 0108169 354.7421 064.9802 13.99220568234776
SL-16 DEB
1 39722U 92093KN  18327.31001337 +.00000111 +00000-0 +10310-3 0  9996
2 39722 070.8944 309.1094 0108258 353.2885 067.4062 13.99220856234910
SL-16 DEB
1 39722U 92093KN  18329.31229347  .00000108  00000-0  10128-3 0  9994
2 39722  70.8944 304.9897 0108437 350.3804  73.2629 13.99221583255715
SL-16 DEB
1 39722U 92093KN  18330.38661178 +.00000110 +00000-0 +10261-3 0  9996
2 39722 070.8943 302.7791 0108550 348.8255 084.7999 13.99221949235341
SL-16 DEB
1 39722U 92093KN  18336.24674976  .00000088  00000-0  88266-4 0  9992
2 39722  70.8942 290.7209 0109131 340.3809  83.3635 13.99223308256681
SL-16 DEB
1 39722U 92093KN  18338.54451568  .00000063  00000-0  72156-4 0  9991
2 39722  70.8951 285.9963 0109020 337.0554 137.6474 13.99223935257008
SL-16 DEB
1 39722U 92093KN  18339.54614848 +.00000076 +00000-0 +80503-4 0  9993
2 39722 070.8952 283.9361 0109059 335.6063 143.0634 13.99224311236623
SL-16 DEB
1 39722U 92093KN  18341.17882006  .00000078  00000-0  81897-4 0  9997
2 39722  70.8952 280.5773 0109136 333.2514  87.1365 13.99224657257371
SL-16 DEB
1 39722U 92093KN  18343.18062795  .00000084  00000-0  85803-4 0  9993
2 39722  70.8951 276.4588 0109232 330.3811  90.6045 13.99225200257653
SL-16 DEB
1 39722U 92093KN  18344.25519973 +.00000093 +00000-0 +91467-4 0  9990
2 39722 070.8953 274.2484 0109287 328.8365 103.4226 13.99225620237289
SL-16 DEB
1 39722U 92093KN  18346.47975874  .00000087  00000-0  87883-4 0  9992
2 39722  70.8954 269.6722 0109375 325.6470 148.9364 13.99226313258115
SL-16 DEB
1 39722U 92093KN  18347.47995464 +.00000076 +00000-0 +80532-4 0  9992
2 39722 070.8954 267.6149 0109405 324.2143 147.1074 13.99226490237732
SL-16 DEB
1 39722U 92093KN  18352.11775671  .00000040  00000-0  56827-4 0  9996
2 39722  70.8953 258.0747 0109585 317.5794 108.5700 13.99227297258900
SL-16 DEB
1 39722U 92093KN  18353.41486493 +.00000039 +00000-0 +56240-4 0  9998
2 39722 070.8953 255.4066 0109645 315.7194 162.3491 13.99227540238562
SL-16 DEB
1 39722U 92093KN  18356.04852116  .00000065  00000-0  73495-4 0  9999
2 39722  70.8950 249.9886 0109701 311.9424 108.5785 13.99228025259452
SL-16 DEB
1 39722U 92093KN  18359.05157500  .00000076  00000-0  80326-4 0  9991
2 39722  70.8949 243.8109 0109778 307.6580 115.5210 13.99228901259870
SL-16 DEB
1 39722U 92093KN  18361.05354491  .00000052  00000-0  64807-4 0  9992
2 39722  70.8947 239.6927 0109828 304.7949 119.8291 13.99229464260156
SL-16 DEB
1 39722U 92093KN  18362.05492108 +.00000047 +00000-0 +61317-4 0  9998
2 39722 070.8948 237.6333 0109855 303.3589 123.9591 13.99229719239777
SL-16 DEB
1 39722U 92093KN  18363.98346156  .00000042  00000-0  58611-4 0  9990
2 39722  70.8954 233.6691 0109936 300.5968 118.3942 13.99229985260561
SL-16 DEB
1 39722U 92093KN  18364.35318583 +.00000040 +00000-0 +57166-4 0  9997
2 39722 070.8945 232.9057 0109907 300.0857 180.7511 13.99229998240094
SL-16 DEB
1 39722U 92093KN  19001.28282586  .00000062  00000-0  71664-4 0  9994
2 39722  70.8939 228.9352 0109892 297.3180 180.7343 13.99230435260880
SL-16 DEB
1 39722U 92093KN  19003.98942338  .00000080  00000-0  83167-4 0  9992
2 39722  70.8937 223.3669 0109925 293.4425 134.4059 13.99231137261267
SL-16 DEB
1 39722U 92093KN  19004.28566181 +.00000074 +00000-0 +79083-4 0  9999
2 39722 070.8937 222.7573 0109939 293.0237 186.6123 13.99231140240785
SL-16 DEB
1 39722U 92093KN  19005.28670434 +.00000071 +00000-0 +77131-4 0  9996
2 39722 070.8936 220.6979 0109941 291.5832 189.0723 13.99231318240924
SL-16 DEB
1 39722U 92093KN  19007.21581284  .00000065  00000-0  73286-4 0  9995
2 39722  70.8933 216.7290 0109946 288.8171 186.3866 13.99231675261717
SL-16 DEB
1 39722U 92093KN  19007.92036038 +.00000062 +00000-0 +71765-4 0  9992
2 39722 070.8933 215.2796 0109961 287.8004 135.3442 13.99231834241295
SL-16 DEB
1 39722U 92093KN  19008.92147170 +.00000056 +00000-0 +67334-4 0  9993
2 39722 070.8932 213.2200 0109975 286.3651 138.1484 13.99232076241431
SL-16 DEB
1 39722U 92093KN  19012.22000181  .00000056  00000-0  67577-4 0  9990
2 39722  70.8931 206.4338 0110006 281.6446 193.5230 13.99232982262414
SL-16 DEB
1 39722U 92093KN  19014.85431920  .00000074  00000-0  79617-4 0  9998
2 39722  70.8931 201.0142 0110023 277.8725 143.1282 13.99233440262782
SL-16 DEB
1 39722U 92093KN  19015.85569709 +.00000079 +00000-0 +82745-4 0  9997
2 39722 070.8933 198.9540 0110032 276.4444 147.2727 13.99233667242400
SL-16 DEB
1 39722U 92093KN  19019.15514049  .00000060  00000-0  70456-4 0  9997
2 39722  70.8937 192.1660 0110080 271.7284 207.2582 13.99234459263382
SL-16 DEB
1 39722U 92093KN  19021.78846156  .00000052  00000-0  65223-4 0  9993
2 39722  70.8938 186.7487 0110115 267.9417 151.8765 13.99234964263752
SL-16 DEB
1 39722U 92093KN  19023.79108976  .00000060  00000-0  69955-4 0  9992
2 39722  70.8937 182.6279 0110151 265.0739 159.5456 13.99235321264033
SL-16 DEB
1 39722U 92093KN  19027.09019854  .00000101  00000-0  96814-4 0  9995
2 39722  70.8954 175.8450 0110269 260.3668 217.8561 13.99236399264497
SL-16 DEB
1 39722U 92093KN  19032.72680735  .00000086  00000-0  87135-4 0  9991
2 39722  70.8963 164.2508 0110364 252.3095 170.6933 13.99237927265289
SL-16 DEB
1 39722U 92093KN  19035.02522373  .00000094  00000-0  92449-4 0  9993
2 39722  70.8959 159.5201 0110291 249.0049 228.3537 13.99238782265609
SL-16 DEB
1 39722U 92093KN  19038.66061434  .00000094  00000-0  92151-4 0  9992
2 39722  70.8955 152.0397 0110234 243.7950 180.6521 13.99239389266112
SL-16 DEB
1 39722U 92093KN  19041.96022169 +.00000089 +00000-0 +89108-4 0  9993
2 39722 070.8952 145.2503 0110226 239.0874 241.5224 13.99240274246059
SL-16 DEB
1 39722U 92093KN  19041.96022169  .00000089  00000-0  89108-4 0  9993
2 39722  70.8952 145.2503 0110226 239.0874 241.5224 13.99240274266578
SL-16 DEB
1 39722U 92093KN  19042.96107847 +.00000086 +00000-0 +87075-4 0  9999
2 39722 070.8955 143.1926 0110233 237.6562 243.0704 13.99240564246191
SL-16 DEB
1 39722U 92093KN  19048.59801221  .00000079  00000-0  82368-4 0  9993
2 39722  70.8950 131.5959 0110142 229.6016 197.6280 13.99242078267500
SL-16 DEB
1 39722U 92093KN  19049.89521128 +.00000090 +00000-0 +89688-4 0  9997
2 39722 070.8947 128.9269 0110117 227.7327 251.9447 13.99242520247167
SL-16 DEB
1 39722U 92093KN  19050.60006170  .00000097  00000-0  94176-4 0  9998
2 39722  70.8947 127.4768 0110099 226.7248 202.4455 13.99242719267785
SL-16 DEB
1 39722U 92093KN  19051.60127524 +.00000108 +00000-0 +10119-3 0  9993
2 39722 070.8946 125.4170 0110073 225.2916 205.8011 13.99243019247403
SL-16 DEB
1 39722U 92093KN  19061.53866250  .00000069  00000-0  75815-4 0  9993
2 39722  70.8938 104.9735 0109761 211.0665 222.8795 13.99245192269315
SL-16 DEB
1 39722U 92093KN  19063.46745463 +.00000079 +00000-0 +82475-4 0  9990
2 39722 070.8939 101.0054 0109594 208.3024 218.6937 13.99245718249065
SL-16 DEB
1 39722U 92093KN  19064.46847517  .00000082  00000-0  84287-4 0  9991
2 39722  70.8938  98.9457 0109532 206.8639 221.0937 13.99246016269727
SL-16 DEB
1 39722U 92093KN  19065.76507267 +.00000085 +00000-0 +86543-4 0  9990
2 39722 070.8938 096.2782 0109448 204.9954 272.3993 13.99246468249386
SL-16 DEB
1 39722U 92093KN  19066.47021032  .00000087  00000-0  87381-4 0  9993
2 39722  70.8938  94.8278 0109413 203.9847 224.3598 13.99246668270005
SL-16 DEB
1 39722U 92093KN  19070.47461032  .00000080  00000-0  82870-4 0  9997
2 39722  70.8939  86.5894 0109105 198.2161 235.5934 13.99247685270560
SL-16 DEB
1 39722U 92093KN  19071.47588347 +.00000079 +00000-0 +81991-4 0  9998
2 39722 070.8938 084.5288 0109023 196.7644 239.2856 13.99247957250184
SL-16 DEB
1 39722U 92093KN  19078.33690109 +.00000089 +00000-0 +88792-4 0  9997
2 39722 070.8943 070.4120 0108530 186.7588 240.2285 13.99249740271663
SL-16 DEB
1 39722U 92093KN  19081.33972432  .00000069  00000-0  75952-4 0  9995
2 39722  70.8952  64.2349 0108463 182.3556 246.3621 13.99250543272080
SL-16 DEB
1 39722U 92093KN  19091.20406429  .00000080  00000-0  82883-4 0  9994
2 39722  70.8968  43.9408 0107683 167.8281 256.1474 13.99252784273460
SL-16 DEB
1 39722U 92093KN  19091.20406429 +.00000080 +00000-0 +82883-4 0  9994
2 39722 070.8968 043.9408 0107683 167.8281 256.1474 13.99252784273460
SL-16 DEB
1 39722U 92093KN  19101.14099628  .00000149  00000-0  12797-3 0  9990
2 39722  70.8949  23.4914 0106496 153.0298 271.8624 13.99256166274853
SL-16 DEB
1 39722U 92093KN  19110.15069743  .00000127  00000-0  11348-3 0  9993
2 39722  70.8966   4.9627 0106770 139.6319 296.8825 13.99258730276116
SL-16 DEB
1 39722U 92093KN  19111.37458626 +.00000124 +00000-0 +11143-3 0  9990
2 39722 070.8968 002.4456 0106868 137.8266 342.0326 13.99259145255769
SL-16 DEB
1 39722U 92093KN  19117.01112678  .00000106  00000-0  99409-4 0  9993
2 39722  70.8961 350.8499 0106740 129.4214 295.3401 13.99260953277079
SL-16 DEB
1 39722U 92093KN  19118.23456112 +.00000102 +00000-0 +96975-4 0  9993
2 39722 070.8958 348.3327 0106733 127.5967 338.2288 13.99261320256721
SL-16 DEB
1 39722U 92093KN  19119.01338171  .00000109  00000-0  10149-3 0  9999
2 39722  70.8957 346.7306 0106727 126.4433 301.4276 13.99261597277355
SL-16 DEB
1 39722U 92093KN  19120.30926105 +.00000125 +00000-0 +11186-3 0  9993
2 39722 070.8956 344.0644 0106721 124.5045 349.2587 13.99262123257014
SL-16 DEB
1 39722U 92093KN  19123.01775528  .00000117  00000-0  10654-3 0  9995
2 39722  70.8953 338.4922 0106685 120.4604 312.9580 13.99262775277916
SL-16 DEB
1 39722U 92093KN  19124.94671591 +.00000102 +00000-0 +96812-4 0  9998
2 39722 070.8951 334.5236 0106685 117.5988 309.8413 13.99263345257665
SL-16 DEB
1 39722U 92093KN  19125.94769855 +.00000091 +00000-0 +89744-4 0  9993
2 39722 070.8950 332.4641 0106666 116.1115 312.1622 13.99263628257806
SL-16 DEB
1 39722U 92093KN  19125.94769855  .00000091  00000-0  89744-4 0  9993
2 39722  70.8950 332.4641 0106666 116.1115 312.1622 13.99263628278326
SL-16 DEB
1 39722U 92093KN  19126.94884439 +.00000087 +00000-0 +86935-4 0  9994
2 39722 070.8949 330.4044 0106664 114.6262 315.3048 13.99263956257949
SL-16 DEB
1 39722U 92093KN  19127.94978094 +.00000084 +00000-0 +85270-4 0  9994
2 39722 070.8948 328.3450 0106606 113.1226 317.4114 13.99264193258082
SL-16 DEB
1 39722U 92093KN  19127.94978094  .00000084  00000-0  85270-4 0  9994
2 39722  70.8948 328.3450 0106606 113.1226 317.4114 13.99264193278602
SL-16 DEB
1 39722U 92093KN  19128.95080042 +.00000078 +00000-0 +80979-4 0  9997
2 39722 070.8947 326.2858 0106597 111.6355 319.9206 13.99264379258226
SL-16 DEB
1 39722U 92093KN  19131.88071851  .00000104  00000-0  98286-4 0  9991
2 39722  70.8945 320.2580 0106541 107.2796 319.0233 13.99265277279153
SL-16 DEB
1 39722U 92093KN  19137.18165833  .00000084  00000-0  85093-4 0  9993
2 39722  70.8946 309.3523 0106466  99.4200  21.8593 13.99266816279895
SL-16 DEB
1 39722U 92093KN  19138.10954953 +.00000066 +00000-0 +73438-4 0  9995
2 39722 070.8942 307.4415 0106486 098.0814 015.9657 13.99267021259508
SL-16 DEB
1 39722U 92093KN  19139.11045433 +.00000066 +00000-0 +73128-4 0  9997
2 39722 070.8944 305.3824 0106456 096.5786 017.9246 13.99267374259641
SL-16 DEB
1 39722U 92093KN  19140.11191265  .00000052  00000-0  64359-4 0  9995
2 39722  70.8943 303.3220 0106436  95.0990  22.6484 13.99267610280304
SL-16 DEB
1 39722U 92093KN  19142.11389182  .00000049  00000-0  62089-4 0  9998
2 39722  70.8945 299.2030 0106391  92.1188  27.3983 13.99268150280581
SL-16 DEB
1 39722U 92093KN  19145.11688837  .00000037  00000-0  54687-4 0  9992
2 39722  70.8946 293.0247 0106288  87.7092  34.6067 13.99268475281005
SL-16 DEB
1 39722U 92093KN  19146.74963025 +.00000043 +00000-0 +58371-4 0  9998
2 39722 070.8948 289.6656 0106357 085.2099 339.4347 13.99268661260718
SL-16 DEB
1 39722U 92093KN  19147.04580155 +.00000045 +00000-0 +59488-4 0  9993
2 39722 070.8950 289.0562 0106348 084.7529 031.3816 13.99268753260758
SL-16 DEB
1 39722U 92093KN  19148.04689559  .00000030  00000-0  49818-4 0  9992
2 39722  70.8949 286.9967 0106316  83.2702  34.2780 13.99268840281418
SL-16 DEB
1 39722U 92093KN  19148.75183194 +.00000023 +00000-0 +44988-4 0  9999
2 39722 070.8948 285.5465 0106296 082.2351 345.3052 13.99268909260995
SL-16 DEB
1 39722U 92093KN  19149.04782729 +.00000019 +00000-0 +42671-4 0  9993
2 39722 070.8949 284.9375 0106295 081.7864 036.3584 13.99268963261034
SL-16 DEB
1 39722U 92093KN  19151.04852147 -.00000001  00000-0  29397-4 0  9990
2 39722  70.8949 280.8218 0106231  78.8251  34.6273 13.99269200281833
SL-16 DEB
1 39722U 92093KN  19152.04887825 -.00000004 +00000-0 +27671-4 0  9998
2 39722 070.8950 278.7638 0106229 077.3302 033.8247 13.99269250261458
SL-16 DEB
1 39722U 92093KN  19157.98327937  .00000022  00000-0  44918-4 0  9991
2 39722  70.8955 266.5549 0106260  68.4316  47.8161 13.99270098282804
SL-16 DEB
1 39722U 92093KN  19158.68844993 +.00000025 +00000-0 +46386-4 0  9999
2 39722 070.8957 265.1043 0106336 067.3586 000.0629 13.99270180262384
SL-16 DEB
1 39722U 92093KN  19158.98335713 +.00000039 +00000-0 +55926-4 0  9992
2 39722 070.8960 264.4975 0106394 066.8875 045.6600 13.99270374262427
SL-16 DEB
1 39722U 92093KN  19159.98399399  .00000036  00000-0  53837-4 0  9999
2 39722  70.8960 262.4391 0106418  65.3901  46.2751 13.99270516283085
SL-16 DEB
1 39722U 92093KN  19164.91788285 +.00000006 +00000-0 +34340-4 0  9999
2 39722 070.8961 252.2897 0106587 057.9647 060.3279 13.99271232263250
SL-16 DEB
1 39722U 92093KN  19164.91788285  .00000006  00000-0  34340-4 0  9999
2 39722  70.8961 252.2897 0106587  57.9647  60.3279 13.99271232283779
SL-16 DEB
1 39722U 92093KN  19165.91819623 +.00000007 +00000-0 +34955-4 0  9994
2 39722 070.8957 250.2313 0106585 056.4992 059.2847 13.99271294263392
SL-16 DEB
1 39722U 92093KN  19166.62403999 +.00000014 +00000-0 +39501-4 0  9998
2 39722 070.8953 248.7793 0106368 055.4995 014.8552 13.99271373263492
SL-16 DEB
1 39722U 92093KN  19168.62619422  .00000033  00000-0  51770-4 0  9993
2 39722  70.8951 244.6598 0106437  52.5009  20.5293 13.99271518284297
SL-16 DEB
1 39722U 92093KN  19170.55449252 +.00000008 +00000-0 +35465-4 0  9995
2 39722 070.8949 240.6927 0106432 049.6317 014.1419 13.99271471264048
SL-16 DEB
1 39722U 92093KN  19171.55579000  .00000006  00000-0  34470-4 0  9994
2 39722  70.8948 238.6326 0106462  48.1314  18.0907 13.99271636284704
SL-16 DEB
1 39722U 92093KN  19172.85305618 +.00000005 +00000-0 +33616-4 0  9990
2 39722 070.8946 235.9639 0106482 046.2072 072.9383 13.99271899264369
SL-16 DEB
1 39722U 92093KN  19173.85299977  .00000014  00000-0  39387-4 0  9992
2 39722  70.8946 233.9072 0106506  44.7062  70.0719 13.99272157285023
SL-16 DEB
1 39722U 92093KN  19176.48763053  .00000020  00000-0  43534-4 0  9991
2 39722  70.8943 228.4877 0106540  40.7875  21.7741 13.99272484285399
SL-16 DEB
1 39722U 92093KN  19177.56176108 +.00000021 +00000-0 +44338-4 0  9994
2 39722 070.8939 226.2777 0106558 039.2018 032.5937 13.99272605265020
SL-16 DEB
1 39722U 92093KN  19178.48981660  .00000033  00000-0  52194-4 0  9995
2 39722  70.8938 224.3686 0106587  37.8144  27.5932 13.99272817285670
SL-16 DEB
1 39722U 92093KN  19180.78801104  .00000053  00000-0  64954-4 0  9994
2 39722  70.8937 219.6406 0106671  34.3936  84.5368 13.99273367285993
SL-16 DEB
1 39722U 92093KN  19181.49277841 +.00000060 +00000-0 +69653-4 0  9997
2 39722 070.8937 218.1908 0106695 033.3464 034.7369 13.99273523265579
SL-16 DEB
1 39722U 92093KN  19186.49787334  .00000046  00000-0  60391-4 0  9999
2 39722  70.8932 207.8931 0106935  25.9316  47.4261 13.99274418286798
SL-16 DEB
1 39722U 92093KN  19188.72252406  .00000040  00000-0  56542-4 0  9991
2 39722  70.8931 203.3163 0107029  22.6465  93.8879 13.99274970287108
SL-16 DEB
1 39722U 92093KN  19189.42746736 +.00000047 +00000-0 +60938-4 0  9994
2 39722 070.8930 201.8662 0107057 021.6086 044.9687 13.99275115266689
SL-16 DEB
1 39722U 92093KN  19190.42864764 +.00000057 +00000-0 +67701-4 0  9994
2 39722 070.8930 199.8065 0107104 020.1345 048.3141 13.99275287266826
SL-16 DEB
1 39722U 92093KN  19191.35622775  .00000072  00000-0  77895-4 0  9993
2 39722  70.8930 197.8979 0107177  18.7650  40.9108 13.99275500287473
SL-16 DEB
1 39722U 92093KN  19193.35805734  .00000079  00000-0  82487-4 0  9993
2 39722  70.8932 193.7796 0107290  15.8196  44.9285 13.99275901287752
SL-16 DEB
1 39722U 92093KN  19194.43274719 +.00000077 +00000-0 +81222-4 0  9990
2 39722 070.8933 191.5686 0107354 014.2409 058.5711 13.99276213267387
SL-16 DEB
1 39722U 92093KN  19195.36024369  .00000074  00000-0  78958-4 0  9996
2 39722  70.8934 189.6605 0107403  12.8800  50.7416 13.99276511288033
SL-16 DEB
1 39722U 92093KN  19196.65744536 +.00000061 +00000-0 +70566-4 0  9997
2 39722 070.8935 186.9916 0107489 010.9741 105.2682 13.99276847267698
SL-16 DEB
1 39722U 92093KN  19199.29115918  .00000051  00000-0  63630-4 0  9999
2 39722  70.8937 181.5731 0107644   7.1296  52.3234 13.99277295288586
SL-16 DEB
1 39722U 92093KN  19201.29330039  .00000058  00000-0  68707-4 0  9993
2 39722  70.8938 177.4541 0107759   4.2106  57.8973 13.99277713288861
SL-16 DEB
1 39722U 92093KN  19202.29450439 +.00000059 +00000-0 +69326-4 0  9990
2 39722 070.8939 175.3942 0107818 002.7527 061.3545 13.99277918268488
SL-16 DEB
1 39722U 92093KN  19203.29534931  .00000066  00000-0  73763-4 0  9999
2 39722  70.8940 173.3351 0107875   1.2953  63.0044 13.99278191289145
SL-16 DEB
1 39722U 92093KN  19203.59228476 +.00000067 +00000-0 +74244-4 0  9992
2 39722 070.8942 172.7246 0107885 000.8551 118.7928 13.99278262268665
SL-16 DEB
1 39722U 92093KN  19204.59206198 +.00000072 +00000-0 +77661-4 0  9992
2 39722 070.8944 170.6682 0107931 359.3969 115.0676 13.99278506268802
SL-16 DEB
1 39722U 92093KN  19206.22514182  .00000077  00000-0  81132-4 0  9992
2 39722  70.8945 167.3081 0108027 357.0405  61.5155 13.99278783289555
SL-16 DEB
1 39722U 92093KN  19206.59258497 +.00000071 +00000-0 +77218-4 0  9990
2 39722 070.8946 166.5521 0108050 356.5046 112.4727 13.99278791269083
SL-16 DEB
1 39722U 92093KN  19211.52703882  .00000023  00000-0  45394-4 0  9999
2 39722  70.8950 156.4003 0108312 349.3602 129.2389 13.99279600290297
SL-16 DEB
1 39722U 92093KN  19212.23163490 +.00000027 +00000-0 +48630-4 0  9993
2 39722 070.8951 154.9509 0108344 348.3378 078.5674 13.99279751269876
SL-16 DEB
1 39722U 92093KN  19216.16238604 +.00000065 +00000-0 +73004-4 0  9994
2 39722 070.8956 146.8654 0108525 342.6431 079.3101 13.99280553290948
SL-16 DEB
1 39722U 92093KN  19217.16339414 +.00000066 +00000-0 +73834-4 0  9998
2 39722 070.8958 144.8064 0108573 341.1943 081.7826 13.99280804270564
SL-16 DEB
1 39722U 92093KN  19218.16466730  .00000065  00000-0  73551-4 0  9996
2 39722  70.8959 142.7465 0108623 339.7482  85.5885 13.99281100291227
SL-16 DEB
1 39722U 92093KN  19219.46185278 +.00000053 +00000-0 +65352-4 0  9992
2 39722 070.8958 140.0772 0108648 337.8930 140.0054 13.99281471270887
SL-16 DEB
1 39722U 92093KN  19220.16655185  .00000046  00000-0  61084-4 0  9990
2 39722  70.8958 138.6273 0108667 336.8794  89.8486 13.99281597291504
SL-16 DEB
1 39722U 92093KN  19221.46216731 +.00000031 +00000-0 +51091-4 0  9995
2 39722 070.8959 135.9623 0108713 335.0149 136.3687 13.99281760271164
SL-16 DEB
1 39722U 92093KN  19222.16869394  .00000029  00000-0  49429-4 0  9991
2 39722  70.8958 134.5084 0108742 334.0016  95.4156 13.99281827291783
SL-16 DEB
1 39722U 92093KN  19224.09769999 +.00000025 +00000-0 +47088-4 0  9990
2 39722 070.8959 130.5407 0108799 331.2167 092.5812 13.99282052271536
SL-16 DEB
1 39722U 92093KN  19227.39650641  .00000025  00000-0  47232-4 0  9990
2 39722  70.8956 123.7536 0108896 326.4673 149.9619 13.99282465292517
SL-16 DEB
1 39722U 92093KN  19232.03251337  .00000033  00000-0  52330-4 0  9990
2 39722  70.8952 114.2156 0109021 319.7910 103.3590 13.99283067293169
SL-16 DEB
1 39722U 92093KN  19233.03368147 +.00000036 +00000-0 +54050-4 0  9993
2 39722 070.8951 112.1557 0109038 318.3525 106.6377 13.99283389272786
SL-16 DEB
1 39722U 92093KN  19234.03450324 +.00000032 +00000-0 +51528-4 0  9996
2 39722 070.8949 110.0962 0109055 316.9152 108.1717 13.99283659293440
SL-16 DEB
1 39722U 92093KN  19235.33198211 +.00000024 +00000-0 +46773-4 0  9991
2 39722 070.8947 107.4261 0109067 315.0559 164.0819 13.99283955273108
SL-16 DEB
1 39722U 92093KN  19236.03642542  .00000028  00000-0  49408-4 0  9992
2 39722  70.8947 105.9769 0109085 314.0377 112.6480 13.99284092293727
SL-16 DEB
1 39722U 92093KN  19237.03789747 +.00000034 +00000-0 +53266-4 0  9996
2 39722 070.8945 103.9165 0109110 312.5942 117.4647 13.99284257273340
SL-16 DEB
1 39722U 92093KN  19238.26142569  .00000042  00000-0  58585-4 0  9995
2 39722  70.8942 101.3983 0109126 310.8455 160.8534 13.99284431294034
SL-16 DEB
1 39722U 92093KN  19239.26282605 +.00000047 +00000-0 +61867-4 0  9994
2 39722 070.8942 099.3379 0109153 309.4048 165.3071 13.99284597273655
SL-16 DEB
1 39722U 92093KN  19240.96873010  .00000065  00000-0  73066-4 0  9993
2 39722  70.8941  95.8277 0109201 306.9494 118.6306 13.99285030294415
SL-16 DEB
1 39722U 92093KN  19242.26636667 +.00000065 +00000-0 +73484-4 0  9997
2 39722 070.8940 093.1575 0109224 305.0703 175.3601 13.99285344274070
SL-16 DEB
1 39722U 92093KN  19242.97095000  .00000063  00000-0  71894-4 0  9996
2 39722  70.8940  91.7079 0109224 304.0512 124.6355 13.99285468294690
SL-16 DEB
1 39722U 92093KN  19243.26700439 +.00000064 +00000-0 +72701-4 0  9997
2 39722 070.8940 091.0989 0109224 303.6209 175.9853 13.99285547274217
SL-16 DEB
1 39722U 92093KN  19245.90039444 +.00000058 +00000-0 +68616-4 0  9994
2 39722 070.8940 085.6805 0109253 299.8221 121.4460 13.99285964274588
SL-16 DEB
1 39722U 92093KN  19245.90039444  .00000058  00000-0  68616-4 0  9994
2 39722  70.8940  85.6805 0109253 299.8221 121.4460 13.99285964295109
SL-16 DEB
1 39722U 92093KN  19247.90262939  .00000061  00000-0  71043-4 0  9995
2 39722  70.8940  81.5608 0109304 296.9407 127.5170 13.99286447295388
SL-16 DEB
1 39722U 92093KN  19247.97589331 +.00000063 +00000-0 +72204-4 0  9992
2 39722 070.8940 081.4102 0109302 296.8323 136.5802 13.99286480274870
SL-16 DEB
1 39722U 92093KN  19250.20124021  .00000077  00000-0  80930-4 0  9993
2 39722  70.8941  76.8311 0109342 293.6222 186.5695 13.99287157295700
SL-16 DEB
1 39722U 92093KN  19252.20293147  .00000092  00000-0  91002-4 0  9990
2 39722  70.8943  72.7125 0109370 290.7336 189.9181 13.99287666295987
SL-16 DEB
1 39722U 92093KN  19252.90802178 +.00000097 +00000-0 +94442-4 0  9993
2 39722 070.8943 071.2616 0109384 289.7193 141.7479 13.99287829275569
SL-16 DEB
1 39722U 92093KN  19256.83868351  .00000092  00000-0  91241-4 0  9993
2 39722  70.8948  63.1742 0109465 284.0490 142.1328 13.99289012296637
SL-16 DEB
1 39722U 92093KN  19259.13603219  .00000080  00000-0  82974-4 0  9999
2 39722  70.8951  58.4471 0109515 280.7514 194.8274 13.99289559296958
SL-16 DEB
1 39722U 92093KN  19265.77464300  .00000115  00000-0  10627-3 0  9996
2 39722  70.8960  44.7879 0109650 271.1755 156.3263 13.99291400297881
SL-16 DEB
1 39722U 92093KN  19266.77569625 +.00000120 +00000-0 +10956-3 0  9994
2 39722 070.8962 042.7285 0109671 269.7191 159.0731 13.99291743277509
SL-16 DEB
1 39722U 92093KN  19275.00532588  .00000130  00000-0  11588-3 0  9991
2 39722  70.8979  25.7995 0109913 257.9192 215.2139 13.99294435299170
SL-16 DEB
1 39722U 92093KN  19277.00861321  .00000119  00000-0  10833-3 0  9992
2 39722  70.8978  21.6773 0110003 255.0349 226.6472 13.99294827299455
SL-16 DEB
1 39722U 92093KN  19278.64149484 +.00000110 +00000-0 +10283-3 0  9992
2 39722 070.8980 018.3178 0109902 252.7309 172.1384 13.99295260279161
SL-16 DEB
1 39722U 92093KN  19279.64259468  .00000115  00000-0  10608-3 0  9993
2 39722  70.8980  16.2580 0109885 251.3067 175.1023 13.99295721299821
SL-16 DEB
1 39722U 92093KN  19280.94010740 +.00000109 +00000-0 +10227-3 0  9996
2 39722 070.8975 013.5872 0109843 249.4099 231.2778 13.99296229279481
SL-16 DEB
1 39722U 92093KN  19281.93988605 +.00000128 +00000-0 +11474-3 0  9996
2 39722 070.8978 011.5312 0109867 247.9944 227.5829 13.99296766279626
SL-16 DEB
1 39722U 92093KN  19281.93988605  .00000128  00000-0  11474-3 0  9996
2 39722  70.8978  11.5312 0109867 247.9944 227.5829 13.99296766300148
SL-16 DEB
1 39722U 92093KN  19282.64571854 +.00000128 +00000-0 +11435-3 0  9996
2 39722 070.8978 010.0792 0109875 246.9823 183.1710 13.99296997279729
SL-16 DEB
1 39722U 92093KN  19283.94274601 +.00000120 +00000-0 +10914-3 0  9993
2 39722 070.8978 007.4108 0109861 245.1366 236.8544 13.99297332279903
SL-16 DEB
1 39722U 92093KN  19283.94274601  .00000120  00000-0  10914-3 0  9993
2 39722  70.8978   7.4108 0109861 245.1366 236.8544 13.99297332300425
SL-16 DEB
1 39722U 92093KN  19284.87071966 +.00000138 +00000-0 +12090-3 0  9991
2 39722 070.8976 005.5015 0109883 243.8059 231.4682 13.99297751280030
SL-16 DEB
1 39722U 92093KN  19285.87173819 +.00000131 +00000-0 +11648-3 0  9993
2 39722 070.8974 003.4420 0109911 242.3750 234.0370 13.99298044280173
SL-16 DEB
1 39722U 92093KN  19286.57680649  .00000131  00000-0  11622-3 0  9997
2 39722  70.8975   1.9913 0109832 241.3766 185.7648 13.99298261300794
SL-16 DEB
1 39722U 92093KN  19288.87474628  .00000117  00000-0  10743-3 0  9997
2 39722  70.8973 357.2637 0109811 238.1019 241.4892 13.99298952301119
SL-16 DEB
1 39722U 92093KN  19289.87587100 +.00000110 +00000-0 +10236-3 0  9998
2 39722 070.8972 355.2040 0109792 236.6725 244.5954 13.99299196280737
SL-16 DEB
1 39722U 92093KN  19293.51036059  .00000098  00000-0  95098-4 0  9991
2 39722  70.8967 347.7266 0109715 231.4775 193.1349 13.99300133301768
SL-16 DEB
1 39722U 92093KN  19293.58386670 +.00000099 +00000-0 +95661-4 0  9992
2 39722 070.8966 347.5753 0109710 231.3713 203.4193 13.99300171281257
SL-16 DEB
1 39722U 92093KN  19294.51140139 +.00000101 +00000-0 +96586-4 0  9995
2 39722 070.8965 345.6670 0109690 230.0471 195.8247 13.99300486281384
SL-16 DEB
1 39722U 92093KN  19295.51251250  .00000106  00000-0  10013-3 0  9998
2 39722  70.8962 343.6071 0109663 228.6145 198.8720 13.99300860302047
SL-16 DEB
1 39722U 92093KN  19296.80932008 +.00000114 +00000-0 +10496-3 0  9992
2 39722 070.8960 340.9389 0109612 226.7623 251.4741 13.99301345281708
SL-16 DEB
1 39722U 92093KN  19297.51447983  .00000118  00000-0  10786-3 0  9990
2 39722  70.8959 339.4880 0109589 225.7525 203.6836 13.99301563302326
SL-16 DEB
1 39722U 92093KN  19300.44397053  .00000116  00000-0  10683-3 0  9993
2 39722  70.8955 333.4603 0109465 221.5520 200.8683 13.99302350302730
SL-16 DEB
1 39722U 92093KN  19301.44500178 +.00000103 +00000-0 +97752-4 0  9997
2 39722 070.8953 331.4006 0109422 220.1172 203.5219 13.99302593282353
SL-16 DEB
1 39722U 92093KN  19304.44818497  .00000088  00000-0  87938-4 0  9993
2 39722  70.8949 325.2207 0109261 215.8079 211.9467 13.99303582303294
SL-16 DEB
1 39722U 92093KN  19305.74435279 +.00000080 +00000-0 +82985-4 0  9999
2 39722 070.8948 322.5541 0109193 213.9496 261.3447 13.99303865282950
SL-16 DEB
1 39722U 92093KN  19306.74656458  .00000088  00000-0  88302-4 0  9991
2 39722  70.8947 320.4921 0109142 212.5051 269.9591 13.99304143303615
SL-16 DEB
1 39722U 92093KN  19308.37885740 +.00000088 +00000-0 +88423-4 0  9994
2 39722 070.8946 317.1337 0109048 210.1620 212.5813 13.99304510283323
SL-16 DEB
1 39722U 92093KN  19309.37970000  .00000088  00000-0  88181-4 0  9990
2 39722  70.8946 315.0743 0108983 208.7206 214.2995 13.99304770303984
SL-16 DEB
1 39722U 92093KN  19310.38125295 +.00000096 +00000-0 +93346-4 0  9999
2 39722 070.8945 313.0133 0108918 207.2722 219.6038 13.99305142283606
SL-16 DEB
1 39722U 92093KN  19311.38207269  .00000093  00000-0  91521-4 0  9992
2 39722  70.8945 310.9540 0108849 205.8295 221.2102 13.99305417304268
SL-16 DEB
1 39722U 92093KN  19313.38444625  .00000080  00000-0  82796-4 0  9993
2 39722  70.8945 306.8339 0108703 202.9371 228.1295 13.99305838304547
SL-16 DEB
1 39722U 92093KN  19314.31187677 +.00000072 +00000-0 +77370-4 0  9991
2 39722 070.8945 304.9258 0108647 201.5958 220.0457 13.99305973284154
SL-16 DEB
1 39722U 92093KN  19315.31269884 +.00000063 +00000-0 +71986-4 0  9990
2 39722 070.8944 302.8665 0108578 200.1404 221.6798 13.99306134284296
SL-16 DEB
1 39722U 92093KN  19316.31379924  .00000052  00000-0  64652-4 0  9998
2 39722  70.8945 300.8067 0108514 198.6866 224.7144 13.99306301304955
SL-16 DEB
1 39722U 92093KN  19318.31620694  .00000049  00000-0  62563-4 0  9998
2 39722  70.8945 296.6864 0108378 195.7707 231.8362 13.99306748305230
SL-16 DEB
1 39722U 92093KN  19320.39115953  .00000066  00000-0  73382-4 0  9996
2 39722  70.8944 292.4162 0108244 192.7249 244.4314 13.99307287305522
SL-16 DEB
1 39722U 92093KN  19320.61334583 +.00000065 +00000-0 +73260-4 0  9997
2 39722 070.8944 291.9589 0108226 192.3988 283.6974 13.99307330285034
SL-16 DEB
1 39722U 92093KN  19323.24774514 +.00000070 +00000-0 +76133-4 0  9999
2 39722 070.8946 286.5379 0108032 188.5354 234.5104 13.99307732285409
SL-16 DEB
1 39722U 92093KN  19324.24882267  .00000067  00000-0  74175-4 0  9995
2 39722  70.8947 284.4782 0107963 187.0693 237.4480 13.99307941306064
SL-16 DEB
1 39722U 92093KN  19325.25004954 +.00000062 +00000-0 +71255-4 0  9997
2 39722 070.8948 282.4183 0107892 185.6045 241.1372 13.99308182285688
SL-16 DEB
1 39722U 92093KN  19326.25081111  .00000052  00000-0  64684-4 0  9995
2 39722  70.8949 280.3592 0107819 184.1369 242.4866 13.99308377306347
SL-16 DEB
1 39722U 92093KN  19328.54794045  .00000038  00000-0  55506-4 0  9993
2 39722  70.8950 275.6329 0107661 180.7605 294.3153 13.99308777306668
SL-16 DEB
1 39722U 92093KN  19329.25429694 +.00000039 +00000-0 +56067-4 0  9991
2 39722 070.8950 274.1795 0107615 179.7173 252.6039 13.99308864286244
SL-16 DEB
1 39722U 92093KN  19331.47893610  .00000053  00000-0  65178-4 0  9990
2 39722  70.8951 269.6021 0107457 176.4343 299.2794 13.99309272307077
SL-16 DEB
1 39722U 92093KN  19332.18369275 +.00000064 +00000-0 +71997-4 0  9992
2 39722 070.8953 268.1528 0107417 175.4022 249.5020 13.99309496286652
SL-16 DEB
1 39722U 92093KN  19333.56354770  .00000072  00000-0  77450-4 0  9998
2 39722  70.8954 265.3138 0107308 173.3645   0.5600 13.99309879307362
SL-16 DEB
1 39722U 92093KN  19334.56429659 +.00000078 +00000-0 +81592-4 0  9996
2 39722 070.8955 263.2547 0107242 171.8841 001.8647 13.99310186286984
SL-16 DEB
1 39722U 92093KN  19335.56498684  .00000084  00000-0  85661-4 0  9999
2 39722  70.8955 261.1959 0107181 170.4028   2.8765 13.99310514307646
SL-16 DEB
1 39722U 92093KN  19337.56679319 +.00000081 +00000-0 +83474-4 0  9994
2 39722 070.8956 257.0776 0107075 167.4383 007.0497 13.99311028287401
SL-16 DEB
1 39722U 92093KN  19338.11650553 +.00000076 +00000-0 +80248-4 0  9995
2 39722 070.8956 255.9467 0107040 166.6239 256.2466 13.99311130287484
SL-16 DEB
1 39722U 92093KN  19339.49650244  .00000056  00000-0  66912-4 0  9994
2 39722  70.8955 253.1076 0106958 164.5766   8.0372 13.99311365308199
SL-16 DEB
1 39722U 92093KN  19342.03831546  .00000059  00000-0  69066-4 0  9990
2 39722  70.8954 247.8783 0106810 160.8075 212.5257 13.99312011308555
SL-16 DEB
1 39722U 92093KN  19342.49900716 +.00000051 +00000-0 +63815-4 0  9994
2 39722 070.8954 246.9306 0106780 160.1249 013.2773 13.99311971288097
SL-16 DEB
1 39722U 92093KN  19343.41711897 +.00000056 +00000-0 +67144-4 0  9991
2 39722 070.8953 245.0417 0106729 158.7623 318.3054 13.99312134288229
SL-16 DEB
1 39722U 92093KN  19344.12274370  .00000067  00000-0  73907-4 0  9996
2 39722  70.8953 243.5900 0106695 157.7131 272.9231 13.99312272308840
SL-16 DEB
1 39722U 92093KN  19347.05224831  .00000089  00000-0  88269-4 0  9999
2 39722  70.8950 237.5630 0106546 153.3582 270.4444 13.99312905309255
SL-16 DEB
1 39722U 92093KN  19348.43226868 +.00000088 +00000-0 +88090-4 0  9995
2 39722 070.8950 234.7239 0106468 151.2979 022.3763 13.99313367288920
SL-16 DEB
1 39722U 92093KN  19351.12929581  .00000088  00000-0  87741-4 0  9999
2 39722  70.8947 229.1752 0106336 147.2861 288.7988 13.99314379309827
SL-16 DEB
1 39722U 92093KN  19351.43465355 +.00000088 +00000-0 +88178-4 0  9992
2 39722 070.8947 228.5470 0106320 146.8292 027.0584 13.99314488289344
SL-16 DEB
1 39722U 92093KN  19352.90429924 +.00000079 +00000-0 +82293-4 0  9999
2 39722 070.8944 225.5234 0106261 144.6369 230.4888 13.99314833289555
SL-16 DEB
1 39722U 92093KN  19353.43596462  .00000080  00000-0  82461-4 0  9999
2 39722  70.8943 224.4295 0106234 143.8429  28.7871 13.99314953310140
SL-16 DEB
1 39722U 92093KN  19354.90544127 +.00000082 +00000-0 +83855-4 0  9993
2 39722 070.8941 221.4062 0106177 141.6512 231.3682 13.99315320289834
SL-16 DEB
1 39722U 92093KN  19354.98726046 +.00000081 +00000-0 +83018-4 0  9993
2 39722 070.8940 221.2379 0106173 141.5310 283.5355 13.99315316289845
SL-16 DEB
1 39722U 92093KN  19356.36764110  .00000088  00000-0  87943-4 0  9999
2 39722  70.8939 218.3979 0106108 139.4716  37.2916 13.99315715310553
SL-16 DEB
1 39722U 92093KN  19357.90745373 +.00000102 +00000-0 +96821-4 0  9992
2 39722 070.8938 215.2299 0106042 137.1800 234.1940 13.99316231290252
SL-16 DEB
1 39722U 92093KN  19358.90867781 +.00000102 +00000-0 +97151-4 0  9998
2 39722 070.8937 213.1700 0106004 135.6851 237.9289 13.99316502290395
SL-16 DEB
1 39722U 92093KN  19358.90867781  .00000102  00000-0  97151-4 0  9998
2 39722  70.8937 213.1700 0106004 135.6851 237.9289 13.99316502310916
SL-16 DEB
1 39722U 92093KN  19359.28646157 +.00000101 +00000-0 +96322-4 0  9990
2 39722 070.8937 212.3927 0105988 135.1190 341.0428 13.99316603290448
SL-16 DEB
1 39722U 92093KN  19360.37015465 +.00000100 +00000-0 +95959-4 0  9998
2 39722 070.8936 210.1631 0105953 133.5001 040.2238 13.99316882290592
SL-16 DEB
1 39722U 92093KN  19361.21620694  .00000093  00000-0  91138-4 0  9994
2 39722  70.8935 208.4223 0105925 132.2382 342.2714 13.99317076311230
SL-16 DEB
1 39722U 92093KN  19361.92107847 +.00000086 +00000-0 +86482-4 0  9990
2 39722 070.8934 206.9721 0105900 131.1904 293.1079 13.99317220290815
SL-16 DEB
1 39722U 92093KN  19362.92178420 +.00000076 +00000-0 +80059-4 0  9999
2 39722 070.8934 204.9132 0105860 129.6960 294.2362 13.99317476290953
SL-16 DEB
1 39722U 92093KN  19364.30163919  .00000073  00000-0  78236-4 0  9991
2 39722  70.8933 202.0742 0105811 127.6319  45.3622 13.99317948311660
SL-16 DEB
1 39722U 92093KN  19365.84275625 +.00000073 +00000-0 +77964-4 0  9996
2 39722 070.8932 198.9035 0105756 125.3336 248.8529 13.99318397291368
SL-16 DEB
1 39722U 92093KN  20001.22098644 +.00000073 +00000-0 +77952-4 0  9998
2 39722 070.8931 198.1252 0105743 124.7668 354.2184 13.99318502291410
SL-16 DEB
1 39722U 92093KN  20002.22092772  .00000082  00000-0  84234-4 0  9996
2 39722  70.8931 196.0679 0105710 123.2745 351.4989 13.99318777312076
SL-16 DEB
1 39722U 92093KN  20002.77238543 +.00000088 +00000-0 +87801-4 0  9993
2 39722 070.8931 194.9332 0105697 122.4539 249.5071 13.99318907291637
SL-16 DEB
1 39722U 92093KN  20003.77345552 +.00000094 +00000-0 +92045-4 0  9996
2 39722 070.8931 192.8736 0105664 120.9590 252.4761 13.99319114291771
SL-16 DEB
1 39722U 92093KN  20006.77593300  .00000103  00000-0  97728-4 0  9999
2 39722  70.8932 186.6960 0105555 116.4750 257.6985 13.99319976312718
SL-16 DEB
1 39722U 92093KN  20008.85988722  .00000094  00000-0  91771-4 0  9997
2 39722  70.8935 182.4083 0105479 113.3617 315.7936 13.99320692313006
SL-16 DEB
1 39722U 92093KN  20009.23779646 +.00000090 +00000-0 +89467-4 0  9998
2 39722 070.8935 181.6307 0105463 112.7946 059.5464 13.99320804292535
SL-16 DEB
1 39722U 92093KN  20010.15542917 +.00000086 +00000-0 +86359-4 0  9992
2 39722 070.8936 179.7428 0105441 111.4254 002.1993 13.99321084292668
SL-16 DEB
1 39722U 92093KN  20011.15570698  .00000082  00000-0  83856-4 0  9995
2 39722  70.8936 177.6848 0105411 109.9310   1.1863 13.99321339313328
SL-16 DEB
1 39722U 92093KN  20012.79056892 +.00000072 +00000-0 +77554-4 0  9998
2 39722 070.8937 174.3211 0105340 107.4880 316.9486 13.99321677293031
SL-16 DEB
1 39722U 92093KN  20014.71064434  .00000070  00000-0  76205-4 0  9993
2 39722  70.8938 170.3706 0105268 104.6166 269.5038 13.99322196313825
SL-16 DEB
1 39722U 92093KN  20016.71210784  .00000078  00000-0  81406-4 0  9993
2 39722  70.8941 166.2529 0105190 101.6227 272.0632 13.99322778314102
SL-16 DEB
1 39722U 92093KN  20018.72295316  .00000082  00000-0  83932-4 0  9991
2 39722  70.8945 162.1159 0105149  98.6139 321.8896 13.99323259314381
SL-16 DEB
1 39722U 92093KN  20019.09035975 +.00000086 +00000-0 +86362-4 0  9999
2 39722 070.8947 161.3600 0105164 098.0661 012.7347 13.99323404293910
SL-16 DEB
1 39722U 92093KN  20022.02244419  .00000040  00000-0  56523-4 0  9997
2 39722  70.8951 155.3277 0105079  93.6702  23.4055 13.99323813314845
SL-16 DEB
1 39722U 92093KN  20023.10579492 +.00000032 +00000-0 +51039-4 0  9997
2 39722 070.8952 153.0988 0105065 092.0482 080.8926 13.99323998294477
SL-16 DEB
1 39722U 92093KN  20024.02486172  .00000027  00000-0  48159-4 0  9994
2 39722  70.8952 151.2079 0105030  90.6663  30.7895 13.99324160315122
SL-16 DEB
1 39722U 92093KN  20025.02455184 +.00000036 +00000-0 +53422-4 0  9993
2 39722 070.8953 149.1513 0105014 089.1666 026.8322 13.99324354294740
SL-16 DEB
1 39722U 92093KN  20026.02456344 +.00000045 +00000-0 +59889-4 0  9996
2 39722 070.8953 147.0940 0104996 087.6670 024.4941 13.99324497294881
SL-16 DEB
1 39722U 92093KN  20028.02766296  .00000050  00000-0  63035-4 0  9992
2 39722  70.8954 142.9730 0104943  84.6650  35.3146 13.99324649315689
SL-16 DEB
1 39722U 92093KN  20031.04046712  .00000052  00000-0  64146-4 0  9998
2 39722  70.8955 136.7746 0104905  80.1323  92.6490 13.99325267316107
SL-16 DEB
1 39722U 92093KN  20031.95903101 +.00000064 +00000-0 +71898-4 0  9997
2 39722 070.8956 134.8849 0104885 078.7538 040.0153 13.99325623295711
SL-16 DEB
1 39722U 92093KN  20033.04211345  .00000071  00000-0  76874-4 0  9998
2 39722  70.8956 132.6567 0104886  77.1260  96.1654 13.99325972316382
SL-16 DEB
1 39722U 92093KN  20033.66481690 +.00000065 +00000-0 +73089-4 0  9996
2 39722 070.8956 131.3756 0104883 076.1926 353.1021 13.99326080295957
SL-16 DEB
1 39722U 92093KN  20034.04291600 +.00000064 +00000-0 +72248-4 0  9994
2 39722 070.8956 130.5977 0104885 075.6232 097.8205 13.99326163296004
SL-16 DEB
1 39722U 92093KN  20035.51240065  .00000057  00000-0  67759-4 0  9999
2 39722  70.8956 127.5744 0104878  73.4179 300.5150 13.99326449316733
SL-16 DEB
1 39722U 92093KN  20035.59355414 +.00000058 +00000-0 +68047-4 0  9994
2 39722 070.8955 127.4075 0104874 073.2943 349.3366 13.99326462296227
SL-16 DEB
1 39722U 92093KN  20035.66678566 +.00000062 +00000-0 +71025-4 0  9993
2 39722 070.8955 127.2568 0104878 073.1843 358.2488 13.99326511296234
SL-16 DEB
1 39722U 92093KN  20036.66788493 +.00000058 +00000-0 +68426-4 0  9991
2 39722 070.8955 125.1972 0104879 071.6786 001.4031 13.99326718296375
SL-16 DEB
1 39722U 92093KN  20037.59545404 +.00000059 +00000-0 +68942-4 0  9991
2 39722 070.8954 123.2888 0104879 070.2831 354.1416 13.99326946296508
SL-16 DEB
1 39722U 92093KN  20037.59545404  .00000059  00000-0  68942-4 0  9991
2 39722  70.8954 123.2888 0104879  70.2831 354.1416 13.99326946317029
SL-16 DEB
1 39722U 92093KN  20038.59669189 +.00000060 +00000-0 +69487-4 0  9996
2 39722 070.8953 121.2288 0104883 068.7812 357.9909 13.99327173296641
SL-16 DEB
1 39722U 92093KN  20038.97509984 +.00000062 +00000-0 +70927-4 0  9997
2 39722 070.8953 120.4502 0104885 068.2088 104.2688 13.99327271296694
SL-16 DEB
1 39722U 92093KN  20039.59732818 +.00000066 +00000-0 +73646-4 0  9995
2 39722 070.8952 119.1700 0104888 067.2763 358.8144 13.99327408317308
SL-16 DEB
1 39722U 92093KN  20039.89363603 +.00000064 +00000-0 +71865-4 0  9999
2 39722 070.8952 118.5604 0104889 066.8248 051.5058 13.99327441296829
SL-16 DEB
1 39722U 92093KN  20042.52724627  .00000076  00000-0  80332-4 0  9992
2 39722  70.8951 113.1419 0104928  62.8760 358.6205 13.99327842317714
SL-16 DEB
1 39722U 92093KN  20043.44669288 +.00000070 +00000-0 +76360-4 0  9995
2 39722 070.8950 111.2501 0104943 061.4971 310.4401 13.99327962297321
SL-16 DEB
1 39722U 92093KN  20043.90752983 +.00000066 +00000-0 +73808-4 0  9990
2 39722 070.8950 110.3021 0104957 060.8002 111.9660 13.99328036297381
SL-16 DEB
1 39722U 92093KN  20044.52898413 +.00000057 +00000-0 +67431-4 0  9993
2 39722 070.8950 109.0235 0104964 059.8652 002.6176 13.99328099297477
SL-16 DEB
1 39722U 92093KN  20044.52898413  .00000057  00000-0  67431-4 0  9993
2 39722  70.8950 109.0235 0104964  59.8652   2.6176 13.99328099317997
SL-16 DEB
1 39722U 92093KN  20045.53051104 +.00000046 +00000-0 +60236-4 0  9997
2 39722 070.8949 106.9629 0104983 058.3615 007.9293 13.99328289297617
SL-16 DEB
1 39722U 92093KN  20046.53100757  .00000042  00000-0  57606-4 0  9990
2 39722  70.8949 104.9043 0105008  56.8578   8.0527 13.99328543318276
SL-16 DEB
1 39722U 92093KN  20047.82799831 +.00000047 +00000-0 +61387-4 0  9996
2 39722 070.8947 102.2356 0105044 054.9160 061.7962 13.99328915297939
SL-16 DEB
1 39722U 92093KN  20048.53323194  .00000053  00000-0  65259-4 0  9999
2 39722  70.8946 100.7846 0105063  53.8608  14.4932 13.99329065318552
SL-16 DEB
1 39722U 92093KN  20048.91144711 +.00000066 +00000-0 +73544-4 0  9997
2 39722 070.8946 100.0064 0105077 053.2902 119.8017 13.99329229298084
SL-16 DEB
1 39722U 92093KN  20049.46097399 +.00000074 +00000-0 +78998-4 0  9994
2 39722 070.8945 098.8758 0105087 052.4664 008.1100 13.99329357298168
SL-16 DEB
1 39722U 92093KN  20050.53518699  .00000087  00000-0  87451-4 0  9993
2 39722  70.8944  96.6654 0105127  50.8586  19.5861 13.99329574318836
SL-16 DEB
1 39722U 92093KN  20053.46516295  .00000109  00000-0  10203-3 0  9993
2 39722  70.8942  90.6366 0105239  46.4682  19.7012 13.99330479319242
SL-16 DEB
1 39722U 92093KN  20053.53799979 +.00000110 +00000-0 +10231-3 0  9996
2 39722 070.8942 090.4867 0105243 046.3609 026.6241 13.99330506298731
SL-16 DEB
1 39722U 92093KN  20055.46651713  .00000104  00000-0  98473-4 0  9991
2 39722  70.8941  86.5185 0105328  43.4754  21.7692 13.99331159319524
SL-16 DEB
1 39722U 92093KN  20056.46776829 +.00000099 +00000-0 +95534-4 0  9996
2 39722 070.8941 084.4582 0105376 041.9833 025.6919 13.99331437299145
SL-16 DEB
1 39722U 92093KN  20056.76276684 +.00000096 +00000-0 +93580-4 0  9999
2 39722 070.8941 083.8512 0105394 041.5420 071.7842 13.99331507299188
SL-16 DEB
1 39722U 92093KN  20057.39544274 +.00000092 +00000-0 +90713-4 0  9993
2 39722 070.8941 082.5494 0105423 040.6067 018.9578 13.99331615299272
SL-16 DEB
1 39722U 92093KN  20058.47005997  .00000088  00000-0  87954-4 0  9995
2 39722  70.8940  80.3381 0105483  39.0062  32.4714 13.99331825319948
SL-16 DEB
1 39722U 92093KN  20059.39743377 +.00000086 +00000-0 +86540-4 0  9996
2 39722 070.8940 078.4297 0105532 037.6271 024.2276 13.99332044299553
SL-16 DEB
1 39722U 92093KN  20059.77717006 +.00000082 +00000-0 +84299-4 0  9993
2 39722 070.8940 077.6482 0105558 037.0592 137.1976 13.99332124299604
SL-16 DEB
1 39722U 92093KN  20060.39833628 +.00000082 +00000-0 +84248-4 0  9996
2 39722 070.8940 076.3701 0105594 036.1298 026.4023 13.99332279299690
SL-16 DEB
1 39722U 92093KN  20061.47299950  .00000081  00000-0  83421-4 0  9991
2 39722  70.8941  74.1587 0105662  34.5291  40.1501 13.99332569320365
SL-16 DEB
1 39722U 92093KN  20062.40043119 +.00000085 +00000-0 +86026-4 0  9997
2 39722 070.8941 072.2502 0105719 033.1498 032.1999 13.99332865299971
SL-16 DEB
1 39722U 92093KN  20063.40169161 +.00000094 +00000-0 +92000-4 0  9993
2 39722 070.8942 070.1899 0105782 031.6651 036.1678 13.99333195300116
SL-16 DEB
1 39722U 92093KN  20064.40260626  .00000106  00000-0  99591-4 0  9998
2 39722  70.8942  68.1302 0105866  30.1792  38.3966 13.99333494320775
SL-16 DEB
1 39722U 92093KN  20065.40365950 +.00000107 +00000-0 +10075-3 0  9995
2 39722 070.8943 066.0702 0105914 028.7051 041.3125 13.99333713300393
SL-16 DEB
1 39722U 92093KN  20067.71161995  .00000107  00000-0  10047-3 0  9993
2 39722  70.8946  61.3212 0106064  25.3019 147.9263 13.99334339321231
SL-16 DEB
1 39722U 92093KN  20070.33496591  .00000097  00000-0  93726-4 0  9992
2 39722  70.8951  55.9234 0106225  21.4358  43.3349 13.99335235321603
SL-16 DEB
1 39722U 92093KN  20073.33838144 +.00000106 +00000-0 +10010-3 0  9994
2 39722 070.8955 049.7437 0106446 017.0133 053.3921 13.99336060301501
SL-16 DEB
1 39722U 92093KN  20074.26596300 +.00000111 +00000-0 +10335-3 0  9998
2 39722 070.8957 047.8349 0106509 015.6582 046.1837 13.99336270301639
SL-16 DEB
1 39722U 92093KN  20075.18545095 +.00000116 +00000-0 +10634-3 0  9992
2 39722 070.8959 045.9431 0106570 014.3108 358.2081 13.99336544322286
SL-16 DEB
1 39722U 92093KN  20076.56426220 +.00000122 +00000-0 +11050-3 0  9993
2 39722 070.8961 043.1058 0106669 012.3021 104.1161 13.99337078301956
SL-16 DEB
1 39722U 92093KN  20079.27096149  .00000117  00000-0  10711-3 0  9994
2 39722  70.8966  37.5368 0106849   8.3526  59.4143 13.99338115322854
SL-16 DEB
1 39722U 92093KN  20079.56600875 +.00000114 +00000-0 +10517-3 0  9994
2 39722 070.8967 036.9298 0106871 007.9232 105.7471 13.99338210302374
SL-16 DEB
1 39722U 92093KN  20081.19967800 +.00000106 +00000-0 +10000-3 0  9998
2 39722 070.8969 033.5686 0106972 005.5485 055.5330 13.99338632302606
SL-16 DEB
1 39722U 92093KN  20082.20058047  .00000102  00000-0  97101-4 0  9999
2 39722  70.8970  31.5094 0107040   4.0940  57.6885 13.99338882323266
SL-16 DEB
1 39722U 92093KN  20084.20220203  .00000095  00000-0  92622-4 0  9990
2 39722  70.8973  27.3912 0107167   1.1835  61.0793 13.99339433323543
SL-16 DEB
1 39722U 92093KN  20085.20357818 +.00000096 +00000-0 +93363-4 0  9998
2 39722 070.8974 025.3309 0107230 359.7293 065.6228 13.99339778303164
SL-16 DEB
1 39722U 92093KN  20085.58277845 +.00000098 +00000-0 +94854-4 0  9998
2 39722 070.8975 024.5508 0107256 359.1802 175.8849 13.99339920303213
SL-16 DEB
1 39722U 92093KN  20086.20444624  .00000099  00000-0  95210-4 0  9997
2 39722  70.8976  23.2719 0107292 358.2768  67.6065 13.99340104323828
SL-16 DEB
1 39722U 92093KN  20086.50049861 +.00000097 +00000-0 +94139-4 0  9991
2 39722 070.8976 022.6628 0107314 357.8472 119.0031 13.99340181303347
SL-16 DEB
1 39722U 92093KN  20087.50048792 +.00000092 +00000-0 +90873-4 0  9990
2 39722 070.8977 020.6055 0107365 356.4024 116.5546 13.99340380303483
SL-16 DEB
1 39722U 92093KN  20088.58495402  .00000099  00000-0  95259-4 0  9993
2 39722  70.8978  18.3744 0107426 354.8349 179.6688 13.99340628324152
SL-16 DEB
1 39722U 92093KN  20090.13530271 +.00000097 +00000-0 +94238-4 0  9995
2 39722 070.8978 015.1848 0107507 352.5939 069.7182 13.99340940303851
SL-16 DEB
1 39722U 92093KN  20092.05561347  .00000084  00000-0  85314-4 0  9997
2 39722  70.8979  11.2340 0107608 349.8166  23.4969 13.99341474324642
SL-16 DEB
1 39722U 92093KN  20092.13731544 +.00000086 +00000-0 +86913-4 0  9992
2 39722 070.8979 011.0660 0107616 349.7043 075.0743 13.99341541304137
SL-16 DEB
1 39722U 92093KN  20093.51757189 +.00000077 +00000-0 +80770-4 0  9993
2 39722 070.8979 008.2263 0107685 347.7131 188.2672 13.99341995304328
SL-16 DEB
1 39722U 92093KN  20096.14120580 +.00000095 +00000-0 +92693-4 0  9991
2 39722 070.8977 002.8287 0107800 343.9224 085.1234 13.99342905325214
SL-16 DEB
1 39722U 92093KN  20096.51984005 +.00000096 +00000-0 +93165-4 0  9998
2 39722 070.8976 002.0495 0107818 343.3787 192.5342 13.99343013304742
SL-16 DEB
1 39722U 92093KN  20096.98776559 +.00000106 +00000-0 +99781-4 0  9994
2 39722 070.8976 001.0868 0107831 342.6956 029.7722 13.99343265304810
SL-16 DEB
1 39722U 92093KN  20098.44981970  .00000108  00000-0  10108-3 0  9999
2 39722  70.8975 358.0787 0107900 340.5903 195.0350 13.99343701325531
SL-16 DEB
1 39722U 92093KN  20099.45050053 +.00000109 +00000-0 +10216-3 0  9991
2 39722 070.8974 356.0197 0107943 339.1445 196.0842 13.99344068305155
SL-16 DEB
1 39722U 92093KN  20100.45128863 +.00000105 +00000-0 +99100-4 0  9995
2 39722 070.8973 353.9606 0107980 337.7041 197.6689 13.99344397305298
SL-16 DEB
1 39722U 92093KN  20100.45128863  .00000105  00000-0  99100-4 0  9995
2 39722  70.8973 353.9606 0107980 337.7041 197.6689 13.99344397325818
SL-16 DEB
1 39722U 92093KN  20101.07302407 +.00000106 +00000-0 +99964-4 0  9991
2 39722 070.8972 352.6814 0108003 336.8039 089.7387 13.99344637305381
SL-16 DEB
1 39722U 92093KN  20102.36949397 +.00000089 +00000-0 +88803-4 0  9999
2 39722 070.8971 350.0140 0108059 334.9334 140.8615 13.99344962305566
SL-16 DEB
1 39722U 92093KN  20103.92138182  .00000080  00000-0  83131-4 0  9994
2 39722  70.8968 346.8209 0108099 332.7004  38.6791 13.99345276326308
SL-16 DEB
1 39722U 92093KN  20105.45553635 +.00000073 +00000-0 +78499-4 0  9991
2 39722 070.8966 343.6646 0108153 330.4927 207.1643 13.99345523305992
SL-16 DEB
1 39722U 92093KN  20106.38430955  .00000070  00000-0  76302-4 0  9991
2 39722  70.8964 341.7533 0108180 329.1503 205.9761 13.99345684326649
SL-16 DEB
1 39722U 92093KN  20107.38527936 +.00000070 +00000-0 +76842-4 0  9997
2 39722 070.8962 339.6937 0108215 327.7061 208.4856 13.99345933306269
SL-16 DEB
1 39722U 92093KN  20108.00658628 +.00000071 +00000-0 +77016-4 0  9995
2 39722 070.8962 338.4153 0108230 326.8086 098.3976 13.99346077306359
SL-16 DEB
1 39722U 92093KN  20113.93879837  .00000077  00000-0  80812-4 0  9994
2 39722  70.8953 326.2089 0108380 318.2501 102.6742 13.99347466327700
SL-16 DEB
1 39722U 92093KN  20114.23547748 +.00000073 +00000-0 +78808-4 0  9999
2 39722 070.8953 325.5984 0108384 317.8239 157.2324 13.99347550307224
SL-16 DEB
1 39722U 92093KN  20114.31923953 +.00000073 +00000-0 +78460-4 0  9998
2 39722 070.8953 325.4260 0108386 317.7031 219.1945 13.99347565307235
SL-16 DEB
1 39722U 92093KN  20115.23664530 +.00000079 +00000-0 +82519-4 0  9999
2 39722 070.8951 323.5382 0108411 316.3750 160.7519 13.99347943307361
SL-16 DEB
1 39722U 92093KN  20116.32059427  .00000083  00000-0  85328-4 0  9999
2 39722  70.8950 321.3078 0108435 314.8095 221.2910 13.99348375328034
SL-16 DEB
1 39722U 92093KN  20119.32299547  .00000087  00000-0  87565-4 0  9990
2 39722  70.8947 315.1296 0108496 310.4708 226.3007 13.99349260328456
SL-16 DEB
1 39722U 92093KN  20121.79186802  .00000099  00000-0  95254-4 0  9990
2 39722  70.8945 310.0490 0108576 306.9102  63.5850 13.99349861328804
SL-16 DEB
1 39722U 92093KN  20121.79186802 +.00000099 +00000-0 +95254-4 0  9990
2 39722 070.8945 310.0490 0108576 306.9102 063.5850 13.99349861308284
SL-16 DEB
1 39722U 92093KN  20124.87682934 +.00000109 +00000-0 +10195-3 0  9991
2 39722 070.8945 303.7005 0108633 302.4463 124.5250 13.99350922308710
SL-16 DEB
1 39722U 92093KN  20124.87682934  .00000109  00000-0  10195-3 0  9991
2 39722  70.8945 303.7005 0108633 302.4463 124.5250 13.99350922329230
SL-16 DEB
1 39722U 92093KN  20126.72464647 +.00000088 +00000-0 +88325-4 0  9993
2 39722 070.8943 299.8978 0108720 299.7917 073.1570 13.99351302308976
SL-16 DEB
1 39722U 92093KN  20133.10735161  .00000091  00000-0  90533-4 0  9993
2 39722  70.8946 286.7634 0108859 290.5767 186.9777 13.99352980330383
SL-16 DEB
1 39722U 92093KN  20133.81246853 +.00000102 +00000-0 +97508-4 0  9998
2 39722 070.8947 285.3124 0108859 289.5324 139.1374 13.99353213309963
SL-16 DEB
1 39722U 92093KN  20134.10738751 +.00000110 +00000-0 +10245-3 0  9995
2 39722 070.8947 284.7056 0108867 289.1080 184.8356 13.99353359310009
SL-16 DEB
1 39722U 92093KN  20136.11044190  .00000119  00000-0  10890-3 0  9990
2 39722  70.8949 280.5840 0108918 286.2051 195.5407 13.99353954330806
SL-16 DEB
1 39722U 92093KN  20136.66063787 +.00000116 +00000-0 +10675-3 0  9991
2 39722 070.8950 279.4518 0108931 285.4167 087.2321 13.99354099310363
SL-16 DEB
1 39722U 92093KN  20137.03826597 +.00000117 +00000-0 +10742-3 0  9995
2 39722 070.8949 278.6744 0108935 284.8747 189.5897 13.99354254310417
SL-16 DEB
1 39722U 92093KN  20138.12224461  .00000111  00000-0  10330-3 0  9995
2 39722  70.8950 276.4440 0108969 283.3103 250.3014 13.99354640331088
SL-16 DEB
1 39722U 92093KN  20138.74391295 +.00000105 +00000-0 +99502-4 0  9995
2 39722 070.8951 275.1648 0108987 282.4145 142.0519 13.99354846310656
SL-16 DEB
1 39722U 92093KN  20140.12407433  .00000091  00000-0  90136-4 0  9990
2 39722  70.8952 272.3249 0109023 280.4329 254.8225 13.99355280331367
SL-16 DEB
1 39722U 92093KN  20141.04177291 +.00000079 +00000-0 +82190-4 0  9995
2 39722 070.8952 270.4366 0109049 279.1140 197.8689 13.99355462310976
SL-16 DEB
1 39722U 92093KN  20142.59331021  .00000083  00000-0  84948-4 0  9997
2 39722  70.8953 267.2441 0109078 276.8748  93.9861 13.99355822331718
SL-16 DEB
1 39722U 92093KN  20148.97627639 +.00000104 +00000-0 +98575-4 0  9993
2 39722 070.8958 254.1105 0109205 267.6869 209.1969 13.99357625332601
SL-16 DEB
1 39722U 92093KN  20150.06053037 +.00000117 +00000-0 +10715-3 0  9994
2 39722 070.8958 251.8796 0109227 266.1270 271.3044 13.99358087312230
SL-16 DEB
1 39722U 92093KN  20153.68540807  .00000099  00000-0  95550-4 0  9991
2 39722  70.8955 244.4213 0109285 260.9181 172.2248 13.99359305333261
SL-16 DEB
1 39722U 92093KN  20153.99206170 +.00000099 +00000-0 +95596-4 0  9997
2 39722 070.8955 243.7904 0109284 260.4794 277.0422 13.99359450312787
SL-16 DEB
1 39722U 92093KN  20155.53191984 +.00000108 +00000-0 +10114-3 0  9998
2 39722 070.8955 240.6222 0109312 258.2672 114.3368 13.99360060313005
SL-16 DEB
1 39722U 92093KN  20155.99339332  .00000110  00000-0  10284-3 0  9990
2 39722  70.8954 239.6727 0109314 257.6066 279.0853 13.99360232333588
SL-16 DEB
1 39722U 92093KN  20155.99339332 +.00000110 +00000-0 +10284-3 0  9990
2 39722 070.8954 239.6727 0109314 257.6066 279.0853 13.99360232333588
SL-16 DEB
1 39722U 92093KN  20155.99339332 +.00000110 +00000-0 +10284-3 0  9990
2 39722 070.8954 239.6727 0109314 257.6066 279.0853 13.99360232333588
SL-16 DEB
1 39722U 92093KN  20160.92545892  .00000120  00000-0  10901-3 0  9996
2 39722  70.8952 229.5247 0109329 250.5201 285.2169 13.99361699334274
SL-16 DEB
1 39722U 92093KN  20161.54666866 +.00000112 +00000-0 +10364-3 0  9994
2 39722 070.8952 228.2466 0109332 249.6287 174.6689 13.99361872313841
SL-16 DEB
1 39722U 92093KN  20161.92580454 +.00000105 +00000-0 +99288-4 0  9999
2 39722 070.8952 227.4665 0109330 249.0857 284.6311 13.99361991313899
SL-16 DEB
1 39722U 92093KN  20162.46571068 +.00000101 +00000-0 +96874-4 0  9994
2 39722 070.8951 226.3556 0109335 248.3097 124.5042 13.99362175313975
SL-16 DEB
1 39722U 92093KN  20163.46596329  .00000092  00000-0  90566-4 0  9993
2 39722  70.8950 224.2975 0109335 246.8745 123.4526 13.99362485334634
SL-16 DEB
1 39722U 92093KN  20163.46596329 +.00000092 +00000-0 +90566-4 0  9993
2 39722 070.8950 224.2975 0109335 246.8745 123.4526 13.99362485314115
SL-16 DEB
1 39722U 92093KN  20163.84515253 +.00000093 +00000-0 +91445-4 0  9990
2 39722 070.8949 223.5173 0109327 246.3302 233.6863 13.99362659314166
SL-16 DEB
1 39722U 92093KN  20164.84514184 +.00000098 +00000-0 +94888-4 0  9992
2 39722 070.8948 221.4598 0109329 244.8962 231.3099 13.99363039314305
SL-16 DEB
1 39722U 92093KN  20165.55085973 +.00000098 +00000-0 +94777-4 0  9997
2 39722 070.8947 220.0077 0109325 243.8828 186.4907 13.99363224314402
SL-16 DEB
1 39722U 92093KN  20165.84517456  .00000101  00000-0  96926-4 0  9998
2 39722  70.8946 219.4021 0109321 243.4616 229.1537 13.99363350334966
SL-16 DEB
1 39722U 92093KN  20165.92945257 +.00000103 +00000-0 +98190-4 0  9998
2 39722 070.8946 219.2287 0109319 243.3411 293.7188 13.99363377314457
SL-16 DEB
1 39722U 92093KN  20166.39712626 +.00000102 +00000-0 +97452-4 0  9991
2 39722 070.8946 218.2664 0109322 242.6674 129.7120 13.99363497314527
SL-16 DEB
1 39722U 92093KN  20168.86019454  .00000107  00000-0  10053-3 0  9990
2 39722  70.8943 213.1983 0109290 239.1363 297.8622 13.99364256335387
SL-16 DEB
1 39722U 92093KN  20169.86088444 +.00000107 +00000-0 +10045-3 0  9997
2 39722 070.8942 211.1393 0109278 237.7013 299.0203 13.99364590315008
SL-16 DEB
1 39722U 92093KN  20170.48251453 +.00000108 +00000-0 +10143-3 0  9999
2 39722 070.8941 209.8602 0109269 236.8062 190.5994 13.99364790315091
SL-16 DEB
1 39722U 92093KN  20171.86224603 +.00000109 +00000-0 +10199-3 0  9991
2 39722 070.8940 207.0212 0109239 234.8245 301.2552 13.99365270315281
SL-16 DEB
1 39722U 92093KN  20171.86224603  .00000109  00000-0  10199-3 0  9991
2 39722  70.8940 207.0212 0109239 234.8245 301.2552 13.99365270335801
SL-16 DEB
1 39722U 92093KN  20172.77976019 +.00000104 +00000-0 +98435-4 0  9992
2 39722 070.8940 205.1333 0109221 233.5051 243.4070 13.99365508315417
SL-16 DEB
1 39722U 92093KN  20173.33072062 +.00000099 +00000-0 +95330-4 0  9994
2 39722 070.8940 203.9996 0109207 232.7081 138.9801 13.99365628315497
SL-16 DEB
1 39722U 92093KN  20173.86368443 +.00000097 +00000-0 +94026-4 0  9992
2 39722 070.8939 202.9029 0109189 231.9443 303.8846 13.99365760315560
SL-16 DEB
1 39722U 92093KN  20173.86368443  .00000097  00000-0  94026-4 0  9992
2 39722  70.8939 202.9029 0109189 231.9443 303.8846 13.99365760336080
SL-16 DEB
1 39722U 92093KN  20174.78002411 +.00000088 +00000-0 +88335-4 0  9990
2 39722 070.8938 201.0174 0109165 230.6262 240.1223 13.99365973315691
SL-16 DEB
1 39722U 92093KN  20176.33340289  .00000072  00000-0  77739-4 0  9990
2 39722  70.8937 197.8210 0109123 228.3892 145.5711 13.99366331336434
SL-16 DEB
1 39722U 92093KN  20178.41694653  .00000067  00000-0  74156-4 0  9992
2 39722  70.8935 193.5337 0109065 225.3884 201.8319 13.99366877336725
SL-16 DEB
1 39722U 92093KN  20178.79611440 +.00000068 +00000-0 +75366-4 0  9991
2 39722 070.8935 192.7535 0109045 224.8446 311.9629 13.99366996316257
SL-16 DEB
1 39722U 92093KN  20179.71382007 +.00000073 +00000-0 +78289-4 0  9991
2 39722 070.8934 190.8651 0109013 223.5213 255.0888 13.99367229316386
SL-16 DEB
1 39722U 92093KN  20180.71377410  .00000083  00000-0  84864-4 0  9992
2 39722  70.8934 188.8075 0108974 222.0765 252.5611 13.99367480337045
SL-16 DEB
1 39722U 92093KN  20182.42130881 +.00000097 +00000-0 +94265-4 0  9992
2 39722 070.8935 185.2939 0108905 219.6039 214.6227 13.99367873316760
SL-16 DEB
1 39722U 92093KN  20183.34823240  .00000098  00000-0  94599-4 0  9993
2 39722  70.8935 183.3866 0108867 218.2642 204.1922 13.99368114337410
SL-16 DEB
1 39722U 92093KN  20184.34946957 +.00000095 +00000-0 +92390-4 0  9999
2 39722 070.8936 181.3263 0108823 216.8162 208.1338 13.99368409317031
SL-16 DEB
1 39722U 92093KN  20185.35036174  .00000088  00000-0  88241-4 0  9994
2 39722  70.8937 179.2668 0108777 215.3662 210.3407 13.99368718337693
SL-16 DEB
1 39722U 92093KN  20185.72913464 +.00000086 +00000-0 +86580-4 0  9993
2 39722 070.8937 178.4874 0108756 214.8178 318.4897 13.99368846317228
SL-16 DEB
1 39722U 92093KN  20186.35173906 +.00000083 +00000-0 +84745-4 0  9990
2 39722 070.8938 177.2062 0108729 213.9139 214.9949 13.99369052317310
SL-16 DEB
1 39722U 92093KN  20186.73039981 +.00000079 +00000-0 +82541-4 0  9993
2 39722 070.8938 176.4270 0108707 213.3682 322.5767 13.99369158317361
SL-16 DEB
1 39722U 92093KN  20187.35258427  .00000075  00000-0  79817-4 0  9998
2 39722  70.8938 175.1468 0108681 212.4635 216.9678 13.99369319337970
SL-16 DEB
1 39722U 92093KN  20188.35349632 +.00000071 +00000-0 +77247-4 0  9999
2 39722 070.8938 173.0873 0108630 211.0066 219.2849 13.99369563317597
SL-16 DEB
1 39722U 92093KN  20189.19997670 +.00000068 +00000-0 +74889-4 0  9998
2 39722 070.8939 171.3454 0108587 209.7749 163.6181 13.99369725317712
SL-16 DEB
1 39722U 92093KN  20190.20017250  .00000069  00000-0  75874-4 0  9995
2 39722  70.8939 169.2873 0108533 208.3189 162.3283 13.99369924338372
SL-16 DEB
1 39722U 92093KN  20191.66270021 +.00000078 +00000-0 +81462-4 0  9993
2 39722 070.8940 166.2780 0108448 206.1962 330.1335 13.99370280318051
SL-16 DEB
1 39722U 92093KN  20193.66396575  .00000089  00000-0  89027-4 0  9995
2 39722  70.8943 162.1603 0108337 203.2769 331.9661 13.99370804338856
SL-16 DEB
1 39722U 92093KN  20195.58280416 +.00000084 +00000-0 +85356-4 0  9990
2 39722 070.8946 158.2121 0108219 200.4781 278.5555 13.99371174318602
SL-16 DEB
1 39722U 92093KN  20199.59705380  .00000062  00000-0  70927-4 0  9991
2 39722  70.8949 149.9523 0107979 194.5756 341.3198 13.99371971339683
SL-16 DEB
1 39722U 92093KN  20201.13757267 +.00000062 +00000-0 +70810-4 0  9997
2 39722 070.8951 146.7826 0107904 192.3471 182.0278 13.99372419319387
SL-16 DEB
1 39722U 92093KN  20202.13836461  .00000066  00000-0  73792-4 0  9998
2 39722  70.8952 144.7234 0107848 190.8797 183.7614 13.99372707340049
SL-16 DEB
1 39722U 92093KN  20202.59911671 +.00000066 +00000-0 +73383-4 0  9991
2 39722 070.8952 143.7753 0107809 190.2085 344.9082 13.99372815319580
SL-16 DEB
1 39722U 92093KN  20206.22430620  .00000082  00000-0  84337-4 0  9994
2 39722  70.8953 136.3162 0107611 184.8705 247.7131 13.99373479340612
SL-16 DEB
1 39722U 92093KN  20207.15183049 +.00000080 +00000-0 +83001-4 0  9992
2 39722 070.8952 134.4076 0107555 183.5168 240.3395 13.99373641320227
SL-16 DEB
1 39722U 92093KN  20208.15274513 +.00000082 +00000-0 +84188-4 0  9999
2 39722 070.8953 132.3482 0107501 182.0417 242.7032 13.99373938320366
SL-16 DEB
1 39722U 92093KN  20209.15404028  .00000079  00000-0  82035-4 0  9991
2 39722  70.8954 130.2880 0107447 180.5672 246.9838 13.99374227341029
SL-16 DEB
1 39722U 92093KN  20210.53348053 +.00000066 +00000-0 +73373-4 0  9991
2 39722 070.8956 127.4498 0107376 178.5309 356.2727 13.99374517320693
SL-16 DEB
1 39722U 92093KN  20211.45101944  .00000051  00000-0  63539-4 0  9996
2 39722  70.8956 125.5619 0107331 177.1731 298.6175 13.99374615341342
SL-16 DEB
1 39722U 92093KN  20212.53493554 +.00000051 +00000-0 +63924-4 0  9995
2 39722 070.8956 123.3318 0107278 175.5699 359.1312 13.99374789320973
SL-16 DEB
1 39722U 92093KN  20217.08863605  .00000068  00000-0  74698-4 0  9996
2 39722  70.8954 113.9620 0107045 168.8503 259.5906 13.99375568342133
SL-16 DEB
1 39722U 92093KN  20218.38537360 +.00000082 +00000-0 +83653-4 0  9993
2 39722 070.8953 111.2938 0106996 166.9196 312.2672 13.99375974321793
SL-16 DEB
1 39722U 92093KN  20221.01918003  .00000094  00000-0  92086-4 0  9997
2 39722  70.8951 105.8743 0106880 163.0293 260.7752 13.99376720342689
SL-16 DEB
1 39722U 92093KN  20222.31641411 +.00000091 +00000-0 +89968-4 0  9999
2 39722 070.8950 103.2050 0106831 161.1001 315.9573 13.99377155322341
SL-16 DEB
1 39722U 92093KN  20223.02106660  .00000089  00000-0  88530-4 0  9991
2 39722  70.8950 101.7551 0106798 160.0595 265.8360 13.99377387342962
SL-16 DEB
1 39722U 92093KN  20223.31710826 +.00000087 +00000-0 +87501-4 0  9993
2 39722 070.8949 101.1459 0106782 159.6196 317.2294 13.99377506322481
SL-16 DEB
1 39722U 92093KN  20223.94041137 +.00000083 +00000-0 +84815-4 0  9995
2 39722 070.8949 099.8633 0106757 158.6985 217.2895 13.99377699322574
SL-16 DEB
1 39722U 92093KN  20224.31828997 +.00000082 +00000-0 +83775-4 0  9997
2 39722 070.8949 099.0858 0106735 158.1379 320.9590 13.99377834322624
SL-16 DEB
1 39722U 92093KN  20225.40096287  .00000083  00000-0  84561-4 0  9992
2 39722  70.8948  96.8579 0106689 156.5343  15.2253 13.99378188343298
SL-16 DEB
1 39722U 92093KN  20225.94173619 +.00000081 +00000-0 +83450-4 0  9990
2 39722 070.8948 095.7452 0106670 155.7337 219.5216 13.99378325322850
SL-16 DEB
1 39722U 92093KN  20226.02368149 +.00000082 +00000-0 +83987-4 0  9990
2 39722 070.8948 095.5766 0106666 155.6117 272.3445 13.99378343322868
SL-16 DEB
1 39722U 92093KN  20226.87057375 +.00000083 +00000-0 +84479-4 0  9997
2 39722 070.8947 093.8339 0106641 154.3555 218.8029 13.99378544322988
SL-16 DEB
1 39722U 92093KN  20227.32092684 +.00000080 +00000-0 +82318-4 0  9997
2 39722 070.8947 092.9072 0106628 153.6844 327.5863 13.99378589323041
SL-16 DEB
1 39722U 92093KN  20228.32184206  .00000085  00000-0  85702-4 0  9995
2 39722  70.8946  90.8475 0106590 152.2004 329.9791 13.99378773343701
SL-16 DEB
1 39722U 92093KN  20228.87220387 +.00000091 +00000-0 +89710-4 0  9996
2 39722 070.8945 089.7149 0106570 151.3870 222.5799 13.99378898323267
SL-16 DEB
1 39722U 92093KN  20229.32258396 +.00000087 +00000-0 +86844-4 0  9998
2 39722 070.8945 088.7881 0106548 150.7181 331.4979 13.99378943323320
SL-16 DEB
1 39722U 92093KN  20231.33453398  .00000093  00000-0  90953-4 0  9994
2 39722  70.8944  84.6480 0106477 147.7386  27.2643 13.99379454344120
SL-16 DEB
1 39722U 92093KN  20232.87529670 +.00000091 +00000-0 +89927-4 0  9998
2 39722 070.8944 081.4774 0106421 145.4588 229.2928 13.99379924323825
SL-16 DEB
1 39722U 92093KN  20233.95839329  .00000084  00000-0  85161-4 0  9991
2 39722  70.8944  79.2486 0106379 143.8540 285.7022 13.99380208344497
SL-16 DEB
1 39722U 92093KN  20234.25398355 +.00000077 +00000-0 +80521-4 0  9991
2 39722 070.8944 078.6404 0106363 143.4166 334.8223 13.99380258324013
SL-16 DEB
1 39722U 92093KN  20234.95930735 +.00000072 +00000-0 +77360-4 0  9994
2 39722 070.8944 077.1889 0106350 142.3722 288.0931 13.99380400324112
SL-16 DEB
1 39722U 92093KN  20235.96029116  .00000062  00000-0  70795-4 0  9992
2 39722  70.8944  75.1290 0106327 140.8878 290.8387 13.99380555344776
SL-16 DEB
1 39722U 92093KN  20237.25699272 +.00000060 +00000-0 +69420-4 0  9993
2 39722 070.8943 072.4605 0106278 138.9639 343.3505 13.99380827324432
SL-16 DEB
1 39722U 92093KN  20239.18629720  .00000059  00000-0  68984-4 0  9990
2 39722  70.8943  68.4900 0106215 136.1052 342.7817 13.99381269345225
SL-16 DEB
1 39722U 92093KN  20241.18843927  .00000071  00000-0  76770-4 0  9996
2 39722  70.8945  64.3698 0106150 133.1415 349.1536 13.99381819345505
SL-16 DEB
1 39722U 92093KN  20242.18793003 +.00000083 +00000-0 +84226-4 0  9994
2 39722 070.8946 062.3130 0106117 131.6600 344.3821 13.99382119325121
SL-16 DEB
1 39722U 92093KN  20243.18815024 +.00000086 +00000-0 +86686-4 0  9998
2 39722 070.8946 060.2547 0106086 130.1770 343.2867 13.99382356325263
SL-16 DEB
1 39722U 92093KN  20243.89463057 +.00000086 +00000-0 +86428-4 0  9995
2 39722 070.8947 058.8009 0106069 129.1331 302.3868 13.99382490325369
SL-16 DEB
1 39722U 92093KN  20243.89463057  .00000086  00000-0  86428-4 0  9995
2 39722  70.8947  58.8009 0106069 129.1331 302.3868 13.99382490345888
SL-16 DEB
1 39722U 92093KN  20244.89555736 +.00000079 +00000-0 +82151-4 0  9993
2 39722 070.8948 056.7411 0106036 127.6477 304.8538 13.99382676325505
SL-16 DEB
1 39722U 92093KN  20245.11826597 +.00000080 +00000-0 +82233-4 0  9998
2 39722 070.8948 056.2828 0106031 127.3179 346.8146 13.99382764325535
SL-16 DEB
1 39722U 92093KN  20245.82333512 +.00000076 +00000-0 +79557-4 0  9996
2 39722 070.8949 054.8319 0106011 126.2814 298.8016 13.99382926325630
SL-16 DEB
1 39722U 92093KN  20247.20259795  .00000062  00000-0  70410-4 0  9994
2 39722  70.8951  51.9937 0105954 124.2329  47.2536 13.99383279346347
SL-16 DEB
1 39722U 92093KN  20249.12244303 +.00000052 +00000-0 +64217-4 0  9993
2 39722 070.8953 048.0430 0105882 121.3941 359.0408 13.99383740326097
SL-16 DEB
1 39722U 92093KN  20250.20525494  .00000057  00000-0  67142-4 0  9992
2 39722  70.8955  45.8148 0105842 119.7850  54.0352 13.99383984346762
SL-16 DEB
1 39722U 92093KN  20250.20525494 +.00000057 +00000-0 +67142-4 0  9992
2 39722 070.8955 045.8148 0105842 119.7850 054.0352 13.99383984326243
SL-16 DEB
1 39722U 92093KN  20252.20704215  .00000066  00000-0  73283-4 0  9997
2 39722  70.8958  41.6956 0105782 116.8129  58.6467 13.99384326347046
SL-16 DEB
1 39722U 92093KN  20256.13744013 +.00000042 +00000-0 +57622-4 0  9996
2 39722 070.8962 033.6079 0105563 111.0368 059.1703 13.99385077347590
SL-16 DEB
1 39722U 92093KN  20256.67813961 +.00000054 +00000-0 +65133-4 0  9993
2 39722 070.8965 032.4956 0105610 110.1672 263.1761 13.99385276327157
SL-16 DEB
1 39722U 92093KN  20258.05636782 +.00000033 +00000-0 +51982-4 0  9995
2 39722 070.8967 029.6599 0105543 108.1135 006.4289 13.99385292327348
SL-16 DEB
1 39722U 92093KN  20259.05648531  .00000034  00000-0  52481-4 0  9997
2 39722  70.8968  27.6021 0105519 106.6213   4.8363 13.99385432348007
SL-16 DEB
1 39722U 92093KN  20261.05988635  .00000034  00000-0  52470-4 0  9990
2 39722  70.8971  23.4800 0105446 103.6352  17.5998 13.99385696348287
SL-16 DEB
1 39722U 92093KN  20261.61013954 +.00000032 +00000-0 +50820-4 0  9990
2 39722 070.8971 022.3478 0105421 102.8222 269.6666 13.99385764327843
SL-16 DEB
1 39722U 92093KN  20262.07098924 +.00000041 +00000-0 +57139-4 0  9991
2 39722 070.8971 021.3996 0105404 102.1281 071.3501 13.99385932327906
SL-16 DEB
1 39722U 92093KN  20263.69399484  .00000050  00000-0  62578-4 0  9998
2 39722  70.8974  18.0602 0105334  99.7071 327.7566 13.99386330348653
SL-16 DEB
1 39722U 92093KN  20264.99088170 +.00000063 +00000-0 +71579-4 0  9994
2 39722 070.8975 015.3917 0105296 097.7697 021.2417 13.99386742328311
SL-16 DEB
1 39722U 92093KN  20265.69598588  .00000062  00000-0  70756-4 0  9996
2 39722  70.8977  13.9412 0105287  96.7167 333.4303 13.99386856348936
SL-16 DEB
1 39722U 92093KN  20269.54453140 +.00000056 +00000-0 +66478-4 0  9997
2 39722 070.8979 006.0231 0105222 090.9565 281.7359 13.99387545328959
SL-16 DEB
1 39722U 92093KN  20269.54453140  .00000056  00000-0  66478-4 0  9997
2 39722  70.8979   6.0231 0105222  90.9565 281.7359 13.99387545349479
SL-16 DEB
1 39722U 92093KN  20270.00529613 +.00000045 +00000-0 +59803-4 0  9991
2 39722 070.8978 005.0750 0105165 090.2684 082.9868 13.99387526329017
SL-16 DEB
1 39722U 92093KN  20270.54543958 +.00000046 +00000-0 +60406-4 0  9990
2 39722 070.8978 003.9637 0105148 089.4612 284.1353 13.99387654329095
SL-16 DEB
1 39722U 92093KN  20271.00589083 +.00000041 +00000-0 +57090-4 0  9991
2 39722 070.8978 003.0164 0105135 088.7692 083.8123 13.99387722329159
SL-16 DEB
1 39722U 92093KN  20271.62828911  .00000048  00000-0  61306-4 0  9997
2 39722  70.8978   1.7358 0105116  87.8378 339.3480 13.99387890349769
SL-16 DEB
1 39722U 92093KN  20272.00658747 +.00000047 +00000-0 +61093-4 0  9990
2 39722 070.8978 000.9575 0105106 087.2688 085.1531 13.99387972329298
SL-16 DEB
1 39722U 92093KN  20273.92477031 +.00000065 +00000-0 +72984-4 0  9998
2 39722 070.8977 357.0109 0105071 084.3942 028.6356 13.99388405329567
SL-16 DEB
1 39722U 92093KN  20274.00798617 +.00000067 +00000-0 +74120-4 0  9990
2 39722 070.8977 356.8397 0105069 084.2681 087.8646 13.99388419329574
SL-16 DEB
1 39722U 92093KN  20274.00798617  .00000067  00000-0  74120-4 0  9990
2 39722  70.8977 356.8397 0105069  84.2681  87.8646 13.99388419350095
SL-16 DEB
1 39722U 92093KN  20275.00883095 +.00000071 +00000-0 +76491-4 0  9994
2 39722 070.8976 354.7804 0105056 082.7662 089.9552 13.99388551329713
SL-16 DEB
1 39722U 92093KN  20278.56172661 +.00000074 +00000-0 +78535-4 0  9992
2 39722 070.8972 347.4704 0105003 077.4319 348.8682 13.99389414330216
SL-16 DEB
1 39722U 92093KN  20278.56172661  .00000074  00000-0  78535-4 0  9992
2 39722  70.8972 347.4704 0105003  77.4319 348.8682 13.99389414350735
SL-16 DEB
1 39722U 92093KN  20279.48041813 +.00000071 +00000-0 +76879-4 0  9994
2 39722 070.8971 345.5801 0104998 076.0531 297.0888 13.99389705330345
SL-16 DEB
1 39722U 92093KN  20280.85921475  .00000080  00000-0  82852-4 0  9996
2 39722  70.8969 342.7432 0105007  73.9832  43.2489 13.99390264351054
SL-16 DEB
1 39722U 92093KN  20281.56452639 +.00000080 +00000-0 +82614-4 0  9992
2 39722 070.8968 341.2920 0105004 072.9259 356.4965 13.99390438330630
SL-16 DEB
1 39722U 92093KN  20282.56540603 +.00000071 +00000-0 +76742-4 0  9997
2 39722 070.8966 339.2326 0105009 071.4236 358.7708 13.99390579330770
SL-16 DEB
1 39722U 92093KN  20283.87316343  .00000076  00000-0  80208-4 0  9991
2 39722  70.8964 336.5418 0105031  69.4577 107.0511 13.99390841351479
SL-16 DEB
1 39722U 92093KN  20286.41409769  .00000092  00000-0  90116-4 0  9996
2 39722  70.8959 331.3133 0105042  65.6389 307.8901 13.99391534351834
SL-16 DEB
1 39722U 92093KN  20286.41409769 +.00000092 +00000-0 +90116-4 0  9996
2 39722 070.8959 331.3133 0105042 065.6389 307.8901 13.99391534351834
SL-16 DEB
1 39722U 92093KN  20286.41409769 +.00000092 +00000-0 +90116-4 0  9996
2 39722 070.8959 331.3133 0105042 065.6389 307.8901 13.99391534351834
SL-16 DEB
1 39722U 92093KN  20289.49888983 +.00000103 +00000-0 +97723-4 0  9990
2 39722 070.8953 324.9653 0105083 061.0082 008.6025 13.99392275331742
SL-16 DEB
1 39722U 92093KN  20289.49888983  .00000103  00000-0  97723-4 0  9990
2 39722  70.8953 324.9653 0105083  61.0082   8.6025 13.99392275352262
SL-16 DEB
1 39722U 92093KN  20291.50080043  .00000106  00000-0  99861-4 0  9994
2 39722  70.8950 320.8458 0105138  58.0030  13.9291 13.99392725352542
SL-16 DEB
1 39722U 92093KN  20292.50168333 +.00000094 +00000-0 +91801-4 0  9996
2 39722 070.8948 318.7862 0105161 056.4968 016.2320 13.99392886332165
SL-16 DEB
1 39722U 92093KN  20293.42910045 +.00000089 +00000-0 +88384-4 0  9999
2 39722 070.8947 316.8777 0105192 055.1032 008.4243 13.99393138352812
SL-16 DEB
1 39722U 92093KN  20294.43034814 +.00000094 +00000-0 +91509-4 0  9991
2 39722 070.8946 314.8173 0105225 053.5977 012.5662 13.99393513332430
SL-16 DEB
1 39722U 92093KN  20294.43034814 +.00000094 +00000-0 +91509-4 0  9991
2 39722 070.8946 314.8173 0105225 053.5977 012.5662 13.99393513352959
SL-16 DEB
1 39722U 92093KN  20294.43034814 +.00000094 +00000-0 +91509-4 0  9991
2 39722 070.8946 314.8173 0105225 053.5977 012.5662 13.99393513352959
SL-16 DEB
1 39722U 92093KN  20296.43216644 +.00000117 +00000-0 +10670-3 0  9991
2 39722 070.8943 310.6978 0105305 050.6000 017.4312 13.99394331332714
SL-16 DEB
1 39722U 92093KN  20296.72731661 +.00000123 +00000-0 +11056-3 0  9990
2 39722 070.8943 310.0904 0105323 050.1599 064.3530 13.99394476332752
SL-16 DEB
1 39722U 92093KN  20296.72731661 +.00000123 +00000-0 +11056-3 0  9990
2 39722 070.8943 310.0904 0105323 050.1599 064.3530 13.99394476353272
SL-16 DEB
1 39722U 92093KN  20297.72764098 +.00000134 +00000-0 +11781-3 0  9998
2 39722 070.8942 308.0317 0105372 048.6657 063.8377 13.99394790332894
SL-16 DEB
1 39722U 92093KN  20298.43400672 +.00000146 +00000-0 +12615-3 0  9992
2 39722 070.8942 306.5780 0105405 047.6123 022.4019 13.99395019332995
SL-16 DEB
1 39722U 92093KN  20299.43492108  .00000150  00000-0  12854-3 0  9998
2 39722  70.8941 304.5182 0105461  46.1171  24.8606 13.99395284353655
SL-16 DEB
1 39722U 92093KN  20299.43492108 +.00000150 +00000-0 +12854-3 0  9998
2 39722 070.8941 304.5182 0105461 046.1171 024.8606 13.99395284353655
SL-16 DEB
1 39722U 92093KN  20302.36457557  .00000146  00000-0  12609-3 0  9997
2 39722  70.8941 298.4893 0105606  41.7447  24.0324 13.99396405354064
SL-16 DEB
1 39722U 92093KN  20303.28328631 +.00000144 +00000-0 +12480-3 0  9994
2 39722 070.8941 296.5987 0105655 040.3758 332.3632 13.99396807333678
SL-16 DEB
1 39722U 92093KN  20303.74409634 +.00000144 +00000-0 +12446-3 0  9990
2 39722 070.8940 295.6503 0105695 039.6850 133.8616 13.99397004333732
SL-16 DEB
1 39722U 92093KN  20304.74477693  .00000143  00000-0  12361-3 0  9996
2 39722  70.8940 293.5910 0105757  38.1979 135.1431 13.99397404354395
SL-16 DEB
1 39722U 92093KN  20305.21312366 +.00000144 +00000-0 +12470-3 0  9996
2 39722 070.8940 292.6272 0105775 037.5032 334.6046 13.99397604333947
SL-16 DEB
1 39722U 92093KN  20307.29602029  .00000154  00000-0  13079-3 0  9991
2 39722  70.8940 288.3409 0105904  34.4119  27.9332 13.99398372354752
SL-16 DEB
1 39722U 92093KN  20309.37093845 +.00000155 +00000-0 +13178-3 0  9993
2 39722 070.8942 284.0709 0106058 031.3356 041.0696 13.99399206355040
SL-16 DEB
1 39722U 92093KN  20310.59490948 +.00000161 +00000-0 +13545-3 0  9999
2 39722 070.8942 281.5520 0106162 029.5231 087.2585 13.99399778334691
SL-16 DEB
1 39722U 92093KN  20310.67731925 +.00000162 +00000-0 +13639-3 0  9996
2 39722 070.8943 281.3824 0106169 029.4016 142.4265 13.99399817334709
SL-16 DEB
1 39722U 92093KN  20311.59585913 +.00000169 +00000-0 +14066-3 0  9994
2 39722 070.8943 279.4922 0106213 028.0466 089.8939 13.99400236334834
SL-16 DEB
1 39722U 92093KN  20311.59585913  .00000169  00000-0  14066-3 0  9994
2 39722  70.8943 279.4922 0106213  28.0466  89.8939 13.99400236355354
SL-16 DEB
1 39722U 92093KN  20312.59557963 +.00000165 +00000-0 +13837-3 0  9990
2 39722 070.8945 277.4348 0106294 026.5743 086.3361 13.99400603334970
SL-16 DEB
1 39722U 92093KN  20315.30361292 +.00000160 +00000+0 +13529-3 0  9992
2 39722  70.8947 271.8621 0106472  22.5893  49.0066 13.99401512335355
SL-16 DEB
1 39722U 92093KN  20316.23132036 +.00000144 +00000+0 +12456-3 0  9997
2 39722  70.8948 269.9531 0106549  21.2256  42.6593 13.99401765335486
SL-16 DEB
1 39722U 92093KN  20318.23280387 +.00000128 +00000-0 +11390-3 0  9991
2 39722 070.8950 265.8345 0106705 018.2845 045.8405 13.99402560335763
SL-16 DEB
1 39722U 92093KN  20320.23484122 +.00000134 +00000-0 +11819-3 0  9990
2 39722 070.8951 261.7149 0106858 015.3562 051.8041 13.99403408336041
SL-16 DEB
1 39722U 92093KN  20320.23484122  .00000134  00000-0  11819-3 0  9990
2 39722  70.8951 261.7149 0106858  15.3562  51.8041 13.99403408356560
SL-16 DEB
1 39722U 92093KN  20322.61467873  .00000163  00000-0  13691-3 0  9990
2 39722  70.8953 256.8177 0107036  11.8816 161.0707 13.99404397356897
SL-16 DEB
1 39722U 92093KN  20323.08301609 +.00000170 +00000-0 +14184-3 0  9992
2 39722 070.8953 255.8540 0107057 011.1936 000.4902 13.99404632336443
SL-16 DEB
1 39722U 92093KN  20324.08365226 +.00000162 +00000-0 +13621-3 0  9994
2 39722 070.8954 253.7950 0107136 009.7313 001.5500 13.99404989336582
SL-16 DEB
1 39722U 92093KN  20324.54488222 +.00000160 +00000-0 +13484-3 0  9992
2 39722 070.8955 252.8459 0107177 009.0579 165.1597 13.99405194336648
SL-16 DEB
1 39722U 92093KN  20325.08458810  .00000153  00000-0  13055-3 0  9998
2 39722  70.8956 251.7354 0107216   8.2700   4.1198 13.99405409357249
SL-16 DEB
1 39722U 92093KN  20325.54538008 +.00000152 +00000-0 +12999-3 0  9992
2 39722 070.8956 250.7873 0107253 007.5978 165.5230 13.99405631336786
SL-16 DEB
1 39722U 92093KN  20326.54614866 +.00000145 +00000-0 +12540-3 0  9994
2 39722 070.8957 248.7281 0107326 006.1400 167.2491 13.99406076336921
SL-16 DEB
1 39722U 92093KN  20327.46412215  .00000143  00000-0  12416-3 0  9990
2 39722  70.8957 246.8393 0107393   4.8032 111.8666 13.99406489357575
SL-16 DEB
1 39722U 92093KN  20327.54682493 +.00000147 +00000-0 +12632-3 0  9990
2 39722 070.8957 246.6691 0107400 004.6843 168.5098 13.99406540337069
SL-16 DEB
1 39722U 92093KN  20328.46434122 +.00000140 +00000-0 +12223-3 0  9995
2 39722 070.8957 244.7812 0107463 003.3564 110.8170 13.99406860337198
SL-16 DEB
1 39722U 92093KN  20329.46415604 +.00000141 +00000-0 +12232-3 0  9991
2 39722 070.8956 242.7239 0107535 001.9096 107.7326 13.99407184357855
SL-16 DEB
1 39722U 92093KN  20330.47793681 +.00000145 +00000-0 +12544-3 0  9998
2 39722 070.8956 240.6380 0107606 000.4499 175.0009 13.99407550337478
SL-16 DEB
1 39722U 92093KN  20332.01795272  .00000151  00000-0  12902-3 0  9993
2 39722  70.8955 237.4692 0107712 358.2243  13.3696 13.99408147358210
SL-16 DEB
1 39722U 92093KN  20333.47984977 +.00000146 +00000-0 +12565-3 0  9995
2 39722 070.8955 234.4611 0107808 356.0867 178.2139 13.99408679337896
SL-16 DEB
1 39722U 92093KN  20334.01952806  .00000152  00000-0  13004-3 0  9998
2 39722  70.8955 233.3506 0107838 355.3020  17.0388 13.99408959358499
SL-16 DEB
1 39722U 92093KN  20335.48122262 +.00000168 +00000-0 +14061-3 0  9996
2 39722 070.8955 230.3430 0107936 353.1851 180.8490 13.99409713338174
SL-16 DEB
1 39722U 92093KN  20337.48275102  .00000178  00000-0  14667-3 0  9993
2 39722  70.8954 226.2247 0108055 350.2928 184.2656 13.99410604358972
SL-16 DEB
1 39722U 92093KN  20337.48275102  .00000178  00000-0  14667-3 0  9993
2 39722  70.8954 226.2247 0108055 350.2928 184.2656 13.99410604338453
SL-16 DEB
1 39722U 92093KN  20338.41253978  .00000166  00000-0  13895-3 0  9993
2 39722  70.8953 224.3115 0108106 348.9504 188.4103 13.99410917338580
SL-16 DEB
1 39722U 92093KN  20338.95146488  .00000179  00000-0  14718-3 0  9998
2 39722  70.8953 223.2026 0108136 348.1588  23.4567 13.99411413338669
SL-16 DEB
1 39722U 92093KN  20339.41277594  .00000174  00000-0  14429-3 0  9997
2 39722  70.8953 222.2534 0108170 347.4983 187.4730 13.99411648338721
SL-16 DEB
1 39722U 92093KN  20340.41349451  .00000157  00000-0  13339-3 0  9991
2 39722  70.8951 220.1942 0108227 346.0517 188.9585 13.99412114359388
SL-16 DEB
1 39722U 92093KN  20340.41349451  .00000157  00000-0  13339-3 0  9991
2 39722  70.8951 220.1942 0108227 346.0517 188.9585 13.99412114338868
SL-16 DEB
1 39722U 92093KN  20341.03491980  .00000150  00000-0  12844-3 0  9998
2 39722  70.8950 218.9155 0108258 345.1553  79.6145 13.99412409338957
SL-16 DEB
1 39722U 92093KN  20341.41396670 +.00000142 +00000-0 +12310-3 0  9999
2 39722 070.8949 218.1355 0108282 344.6079 189.2018 13.99412568339003
SL-16 DEB
1 39722U 92093KN  20341.41396670 +.00000142 +00000-0 +12310-3 0  9999
2 39722 070.8949 218.1355 0108282 344.6079 189.2018 13.99412568359522
SL-16 DEB
1 39722U 92093KN  20345.33261698  .00000143  00000-0  12378-3 0  9990
2 39722  70.8944 210.0723 0108494 338.9603 130.8331 13.99413933360070
SL-16 DEB
1 39722U 92093KN  20345.33261698  .00000143  00000-0  12378-3 0  9990
2 39722  70.8944 210.0723 0108494 338.9603 130.8331 13.99413933339559
SL-16 DEB
1 39722U 92093KN  20346.34644700 +.00000141 +00000-0 +12290-3 0  9992
2 39722 070.8943 207.9861 0108550 337.5045 198.3693 13.99414180339694
SL-16 DEB
1 39722U 92093KN  20346.88566516  .00000141  00000-0  12291-3 0  9990
2 39722  70.8942 206.8765 0108572 336.7219  34.8853 13.99414342339773
SL-16 DEB
1 39722U 92093KN  20348.88712469  .00000134  00000-0  11802-3 0  9991
2 39722  70.8941 202.7579 0108675 333.8352  37.9816 13.99415055340058
SL-16 DEB
1 39722U 92093KN  20348.96937824  .00000131  00000-0  11590-3 0  9995
2 39722  70.8941 202.5886 0108677 333.7147  92.3659 13.99415038360581
SL-16 DEB
1 39722U 92093KN  20349.34828866  .00000126  00000-0  11315-3 0  9992
2 39722  70.8941 201.8089 0108699 333.1677 201.2690 13.99415172340116
SL-16 DEB
1 39722U 92093KN  20350.97113605  .00000114  00000-0  10503-3 0  9996
2 39722  70.8940 198.4694 0108773 330.8262  96.9718 13.99415759360860
SL-16 DEB
1 39722U 92093KN  20351.26660972  .00000109  00000-0  10181-3 0  9999
2 39722  70.8940 197.8614 0108787 330.4026 145.5288 13.99415849340382
SL-16 DEB
1 39722U 92093KN  20353.35090333  .00000092  00000-0  90894-4 0  9990
2 39722  70.8937 193.5723 0108875 327.3999 205.9403 13.99416353361197
SL-16 DEB
1 39722U 92093KN  20353.35090333  .00000092  00000-0  90894-4 0  9990
2 39722  70.8937 193.5723 0108875 327.3999 205.9403 13.99416353340677
SL-16 DEB
1 39722U 92093KN  20354.19676019  .00000090  00000-0  89343-4 0  9999
2 39722  70.8935 191.8316 0108916 326.1787 147.2661 13.99416590340792
SL-16 DEB
1 39722U 92093KN  20354.81947807  .00000089  00000-0  88672-4 0  9996
2 39722  70.8935 190.5501 0108942 325.2791  44.4449 13.99416748340885
SL-16 DEB
1 39722U 92093KN  20355.28119076  .00000089  00000-0  88960-4 0  9997
2 39722  70.8934 189.5999 0108970 324.6151 210.4958 13.99416881340942
SL-16 DEB
1 39722U 92093KN  20355.82051951  .00000089  00000-0  88656-4 0  9996
2 39722  70.8934 188.4901 0108989 323.8361  47.5705 13.99417031361543
SL-16 DEB
1 39722U 92093KN  20355.82051951  .00000089  00000-0  88656-4 0  9996
2 39722  70.8934 188.4901 0108989 323.8361  47.5705 13.99417031341024
SL-16 DEB
1 39722U 92093KN  20355.90251365  .00000089  00000-0  89029-4 0  9991
2 39722  70.8934 188.3214 0108996 323.7168 100.6480 13.99417055341030
SL-16 DEB
1 39722U 92093KN  20356.82128309  .00000097  00000-0  93880-4 0  9993
2 39722  70.8933 186.4306 0109037 322.3905  49.3003 13.99417392341169
SL-16 DEB
1 39722U 92093KN  20357.90445782  .00000115  00000-0  10597-3 0  9994
2 39722  70.8933 184.2015 0109087 320.8279 106.2074 13.99417845361834
SL-16 DEB
1 39722U 92093KN  20358.28285737  .00000120  00000-0  10897-3 0  9997
2 39722  70.8933 183.4228 0109106 320.2838 212.5383 13.99417990341369
SL-16 DEB
1 39722U 92093KN  20359.28400600  .00000127  00000-0  11372-3 0  9992
2 39722  70.8934 181.3626 0109147 318.8411 216.2080 13.99418341341506
SL-16 DEB
1 39722U 92093KN  20360.28486291  .00000131  00000-0  11643-3 0  9990
2 39722  70.8934 179.3029 0109188 317.3977 218.4103 13.99418648362161
SL-16 DEB
1 39722U 92093KN  20360.28486291  .00000131  00000-0  11643-3 0  9990
2 39722  70.8934 179.3029 0109188 317.3977 218.4103 13.99418648341641
SL-16 DEB
1 39722U 92093KN  20360.75246946  .00000128  00000-0  11445-3 0  9999
2 39722  70.8934 178.3406 0109206 316.7209  54.1613 13.99418763341718
SL-16 DEB
1 39722U 92093KN  20362.75364206  .00000116  00000-0  10672-3 0  9999
2 39722  70.8935 174.2225 0109298 313.8346  55.8442 13.99419345362510
SL-16 DEB
1 39722U 92093KN  20363.21544243  .00000115  00000-0  10610-3 0  9993
2 39722  70.8936 173.2721 0109322 313.1716 222.3406 13.99419546342054
SL-16 DEB
1 39722U 92093KN  20366.21728139  .00000095  00000-0  92858-4 0  9996
2 39722  70.8938 167.0947 0109462 308.8401 225.2809 13.99420605362996
SL-16 DEB
1 39722U 92093KN  20366.21728139  .00000095  00000-0  92858-4 0  9996
2 39722  70.8938 167.0947 0109462 308.8401 225.2809 13.99420605342477
SL-16 DEB
1 39722U 92093KN  21001.21829409  .00000093  00000-0  91494-4 0  9998
2 39722  70.8939 165.0348 0109502 307.3966 228.2758 13.99420879342611
SL-16 DEB
1 39722U 92093KN  21002.68675191  .00000103  00000-0  98235-4 0  9999
2 39722  70.8940 162.0129 0109564 305.2752  66.2151 13.99421268363348
SL-16 DEB
1 39722U 92093KN  21002.68675191  .00000103  00000-0  98235-4 0  9999
2 39722  70.8940 162.0129 0109564 305.2752  66.2151 13.99421268342828
SL-16 DEB
1 39722U 92093KN  21004.68808213  .00000115  00000-0  10592-3 0  9996
2 39722  70.8942 157.8945 0109643 302.3942  68.7029 13.99421801363620
SL-16 DEB
1 39722U 92093KN  21004.68808213  .00000115  00000-0  10592-3 0  9996
2 39722  70.8942 157.8945 0109643 302.3942  68.7029 13.99421801343101
SL-16 DEB
1 39722U 92093KN  21005.68886986  .00000119  00000-0  10858-3 0  9999
2 39722  70.8944 155.8350 0109672 300.9543  70.5656 13.99422133343245
SL-16 DEB
1 39722U 92093KN  21007.15084495  .00000129  00000-0  11486-3 0  9997
2 39722  70.8945 152.8265 0109837 298.8315 235.8619 13.99422685363961
SL-16 DEB
1 39722U 92093KN  21007.15084495  .00000129  00000-0  11486-3 0  9997
2 39722  70.8945 152.8265 0109837 298.8315 235.8619 13.99422685343442
SL-16 DEB
1 39722U 92093KN  21012.62222975  .00000087  00000-0  87311-4 0  9996
2 39722  70.8963 141.5686 0109890 290.9634  80.1430 13.99424107344219
SL-16 DEB
1 39722U 92093KN  21012.62222975  .00000087  00000-0  87311-4 0  9996
2 39722  70.8963 141.5686 0109890 290.9634  80.1430 13.99424107364738
SL-16 DEB
1 39722U 92093KN  21013.62304267  .00000086  00000-0  86588-4 0  9996
2 39722  70.8956 139.5083 0109906 289.5286  82.1361 13.99424391344359
SL-16 DEB
1 39722U 92093KN  21017.08654861  .00000110  00000-0  10238-3 0  9994
2 39722  70.8954 132.3806 0110122 284.5537 250.9383 13.99425397365356
SL-16 DEB
1 39722U 92093KN  21017.55432721  .00000119  00000-0  10829-3 0  9990
2 39722  70.8955 131.4183 0110205 283.8765  87.5686 13.99425643344904
SL-16 DEB
1 39722U 92093KN  21018.08687637  .00000122  00000-0  11040-3 0  9997
2 39722  70.8955 130.3223 0110245 283.1144 250.4976 13.99425792344970
SL-16 DEB
1 39722U 92093KN  21021.55676856  .00000107  00000-0  10060-3 0  9998
2 39722  70.8958 123.1821 0110381 278.1415  91.4829 13.99426908345468
SL-16 DEB
1 39722U 92093KN  21021.55676856  .00000107  00000-0  10060-3 0  9998
2 39722  70.8958 123.1821 0110381 278.1415  91.4829 13.99426908365987
SL-16 DEB
1 39722U 92093KN  21023.55859913  .00000097  00000-0  94034-4 0  9999
2 39722  70.8957 119.0627 0110435 275.2728  96.5197 13.99427567345747
SL-16 DEB
1 39722U 92093KN  21023.55859913  .00000097  00000-0  94034-4 0  9999
2 39722  70.8957 119.0627 0110435 275.2728  96.5197 13.99427567366267
SL-16 DEB
1 39722U 92093KN  21024.01968604  .00000094  00000-0  92300-4 0  9990
2 39722  70.8957 118.1139 0110434 274.6140 259.4312 13.99427692345800
SL-16 DEB
1 39722U 92093KN  21026.48881480  .00000133  00000-0  11767-3 0  9990
2 39722  70.8956 113.0328 0110487 271.0760  98.6800 13.99428522366676
SL-16 DEB
1 39722U 92093KN  21027.48977634  .00000117  00000-0  10706-3 0  9992
2 39722  70.8954 110.9729 0110464 269.6421 101.4333 13.99428577346297
SL-16 DEB
1 39722U 92093KN  21029.49126792  .00000121  00000-0  10938-3 0  9998
2 39722  70.8953 106.8539 0110486 266.7789 104.7696 13.99429253367099
SL-16 DEB
1 39722U 92093KN  21029.49126792  .00000121  00000-0  10938-3 0  9998
2 39722  70.8953 106.8539 0110486 266.7789 104.7696 13.99429253346579
SL-16 DEB
1 39722U 92093KN  21031.87118350  .00000113  00000-0  10447-3 0  9990
2 39722  70.8955 101.9566 0110615 263.3928 214.5601 13.99430111346907
SL-16 DEB
1 39722U 92093KN  21031.87118350  .00000113  00000-0  10447-3 0  9990
2 39722  70.8955 101.9566 0110615 263.3928 214.5601 13.99430111367427
SL-16 DEB
1 39722U 92093KN  21033.42273751  .00000121  00000-0  10989-3 0  9990
2 39722  70.8952  98.7634 0110660 261.1800 111.1542 13.99430740347127
SL-16 DEB
1 39722U 92093KN  21034.42316634  .00000103  00000-0  98116-4 0  9998
2 39722  70.8951  96.7045 0110668 259.7521 111.2296 13.99430970367787
SL-16 DEB
1 39722U 92093KN  21034.42316634  .00000103  00000-0  98116-4 0  9998
2 39722  70.8951  96.7045 0110668 259.7521 111.2296 13.99430970347268
SL-16 DEB
1 39722U 92093KN  21036.50678448  .00000098  00000-0  94886-4 0  9996
2 39722  70.8951  92.4167 0110651 256.7549 168.3471 13.99431636347555
SL-16 DEB
1 39722U 92093KN  21036.50678448  .00000098  00000-0  94886-4 0  9996
2 39722  70.8951  92.4167 0110651 256.7549 168.3471 13.99431636368075
SL-16 DEB
1 39722U 92093KN  21036.88619850  .00000087  00000-0  87734-4 0  9991
2 39722  70.8949  91.6357 0110683 256.2343 279.7819 13.99431654347605
SL-16 DEB
1 39722U 92093KN  21037.88673617  .00000080  00000-0  83105-4 0  9994
2 39722  70.8948  89.5765 0110685 254.8093 280.4052 13.99431900347748
SL-16 DEB
1 39722U 92093KN  21038.50891412  .00000086  00000-0  86848-4 0  9992
2 39722  70.8948  88.2960 0110678 253.9160 174.8921 13.99432076368354
SL-16 DEB
1 39722U 92093KN  21038.50891412  .00000086  00000-0  86848-4 0  9992
2 39722  70.8948  88.2960 0110678 253.9160 174.8921 13.99432076347834
SL-16 DEB
1 39722U 92093KN  21040.35626880  .00000088  00000-0  88208-4 0  9997
2 39722  70.8947  84.4940 0110667 251.2811 121.7146 13.99432496348096
SL-16 DEB
1 39722U 92093KN  21041.35674837  .00000093  00000-0  91602-4 0  9991
2 39722  70.8946  82.4348 0110652 249.8507 122.0541 13.99432713368754
SL-16 DEB
1 39722U 92093KN  21041.35674837  .00000093  00000-0  91602-4 0  9991
2 39722  70.8946  82.4348 0110652 249.8507 122.0541 13.99432713348235
SL-16 DEB
1 39722U 92093KN  21043.51308052  .00000079  00000-0  82377-4 0  9997
2 39722  70.8944  77.9968 0110612 246.7649 185.4957 13.99433109348536
SL-16 DEB
1 39722U 92093KN  21043.51308052  .00000079  00000-0  82377-4 0  9997
2 39722  70.8944  77.9968 0110612 246.7649 185.4957 13.99433109369056
SL-16 DEB
1 39722U 92093KN  21044.35841468  .00000076  00000-0  80031-4 0  9995
2 39722  70.8944  76.2570 0110599 245.5583 124.2247 13.99433351348650
SL-16 DEB
1 39722U 92093KN  21046.44280185  .00000073  00000-0  78330-4 0  9996
2 39722  70.8946  71.9673 0110564 242.6038 185.1943 13.99434184369469
SL-16 DEB
1 39722U 92093KN  21046.44280185  .00000073  00000-0  78330-4 0  9996
2 39722  70.8946  71.9673 0110564 242.6038 185.1943 13.99434184348949
SL-16 DEB
1 39722U 92093KN  21046.82141971  .00000074  00000-0  79240-4 0  9999
2 39722  70.8946  71.1881 0110546 242.0597 292.6478 13.99434339348990
SL-16 DEB
1 39722U 92093KN  21048.82314197  .00000068  00000-0  75256-4 0  9999
2 39722  70.8945  67.0679 0110476 239.1966 297.1870 13.99434768369790
SL-16 DEB
1 39722U 92093KN  21048.82314197  .00000068  00000-0  75256-4 0  9999
2 39722  70.8945  67.0679 0110476 239.1966 297.1870 13.99434768349271
SL-16 DEB
1 39722U 92093KN  21052.37511772  .00000090  00000-0  89327-4 0  9991
2 39722  70.8946  59.7574 0110334 234.1026 191.8190 13.99435727370296
SL-16 DEB
1 39722U 92093KN  21052.37511772  .00000090  00000-0  89327-4 0  9991
2 39722  70.8946  59.7574 0110334 234.1026 191.8190 13.99435727349775
SL-16 DEB
1 39722U 92093KN  21053.75475169  .00000102  00000-0  96912-4 0  9995
2 39722  70.8947  56.9178 0110269 232.1290 302.3276 13.99436238349966
SL-16 DEB
1 39722U 92093KN  21054.37721274  .00000102  00000-0  97255-4 0  9996
2 39722  70.8948  55.6367 0110244 231.2325 198.2537 13.99436435370577
SL-16 DEB
1 39722U 92093KN  21054.37721274  .00000102  00000-0  97255-4 0  9996
2 39722  70.8948  55.6367 0110244 231.2325 198.2537 13.99436435350058
SL-16 DEB
1 39722U 92093KN  21055.37790573  .00000102  00000-0  96954-4 0  9990
2 39722  70.8949  53.5771 0110195 229.7938 199.6909 13.99436752350197
SL-16 DEB
1 39722U 92093KN  21055.67323097  .00000100  00000-0  95929-4 0  9995
2 39722  70.8949  52.9693 0110178 229.3740 247.5189 13.99436836350232
SL-16 DEB
1 39722U 92093KN  21057.37958630  .00000092  00000-0  90685-4 0  9995
2 39722  70.8952  49.4575 0110086 226.9104 204.0581 13.99437270350474
SL-16 DEB
1 39722U 92093KN  21057.67315113  .00000089  00000-0  88792-4 0  9993
2 39722  70.8952  48.8533 0110067 226.4886 243.0225 13.99437349371032
SL-16 DEB
1 39722U 92093KN  21057.67315113  .00000089  00000-0  88792-4 0  9993
2 39722  70.8952  48.8533 0110067 226.4886 243.0225 13.99437349350512
SL-16 DEB
1 39722U 92093KN  21059.68734618  .00000070  00000-0  76319-4 0  9993
2 39722  70.8955  44.7080 0109971 223.5835 310.4458 13.99437887371316
SL-16 DEB
1 39722U 92093KN  21059.68734618  .00000070  00000-0  76319-4 0  9993
2 39722  70.8955  44.7080 0109971 223.5835 310.4458 13.99437887350795
SL-16 DEB
1 39722U 92093KN  21060.68802763  .00000065  00000-0  73294-4 0  9995
2 39722  70.8956  42.6486 0109924 222.1376 311.8365 13.99438130350936
SL-16 DEB
1 39722U 92093KN  21061.68887749  .00000068  00000-0  74792-4 0  9990
2 39722  70.8959  40.5890 0109873 220.6898 314.0781 13.99438392371592
SL-16 DEB
1 39722U 92093KN  21061.68887749  .00000068  00000-0  74792-4 0  9990
2 39722  70.8959  40.5890 0109873 220.6898 314.0781 13.99438392351073
SL-16 DEB
1 39722U 92093KN  21062.60727030  .00000069  00000-0  75601-4 0  9990
2 39722  70.8960  38.6988 0109765 219.3716 260.8934 13.99438538351200
SL-16 DEB
1 39722U 92093KN  21063.22902787  .00000073  00000-0  78448-4 0  9990
2 39722  70.8961  37.4192 0109744 218.4688 153.2876 13.99438667351292
SL-16 DEB
1 39722U 92093KN  21065.15878969  .00000086  00000-0  86952-4 0  9991
2 39722  70.8965  33.4479 0109658 215.6686 155.3646 13.99439104372086
SL-16 DEB
1 39722U 92093KN  21065.15878969  .00000086  00000-0  86952-4 0  9991
2 39722  70.8965  33.4479 0109658 215.6686 155.3646 13.99439104351566
SL-16 DEB
1 39722U 92093KN  21068.16101784  .00000078  00000-0  81303-4 0  9995
2 39722  70.8969  27.2697 0109476 211.3106 160.5003 13.99439908372505
SL-16 DEB
1 39722U 92093KN  21068.62221361  .00000079  00000-0  81808-4 0  9991
2 39722  70.8970  26.3207 0109422 210.6375 323.9963 13.99440130352041
SL-16 DEB
1 39722U 92093KN  21069.16199463  .00000076  00000-0  80216-4 0  9997
2 39722  70.8971  25.2099 0109396 209.8534 163.3989 13.99440295352121
SL-16 DEB
1 39722U 92093KN  21070.16264476  .00000072  00000-0  77271-4 0  9999
2 39722  70.8972  23.1506 0109332 208.3989 164.6496 13.99440573372780
SL-16 DEB
1 39722U 92093KN  21070.16264476  .00000072  00000-0  77271-4 0  9999
2 39722  70.8972  23.1506 0109332 208.3989 164.6496 13.99440573352261
SL-16 DEB
1 39722U 92093KN  21070.54128650  .00000067  00000-0  74462-4 0  9997
2 39722  70.8973  22.3715 0109304 207.8573 272.2286 13.99440646352317
SL-16 DEB
1 39722U 92093KN  21072.54159816  .00000069  00000-0  75405-4 0  9997
2 39722  70.8975  18.2552 0109173 204.9378 269.7633 13.99441040373114
SL-16 DEB
1 39722U 92093KN  21072.54159816  .00000069  00000-0  75405-4 0  9997
2 39722  70.8975  18.2552 0109173 204.9378 269.7633 13.99441040352593
SL-16 DEB
1 39722U 92093KN  21072.62490993  .00000074  00000-0  78750-4 0  9992
2 39722  70.8975  18.0838 0109165 204.8155 329.4873 13.99441078352604
SL-16 DEB
1 39722U 92093KN  21073.09329299  .00000074  00000-0  78463-4 0  9995
2 39722  70.8975  17.1199 0109141 204.1329 169.1923 13.99441157352674
SL-16 DEB
1 39722U 92093KN  21074.09384580  .00000089  00000-0  88575-4 0  9991
2 39722  70.8977  15.0610 0109074 202.6699 169.9641 13.99441440352815
SL-16 DEB
1 39722U 92093KN  21075.09446291  .00000092  00000-0  90689-4 0  9993
2 39722  70.8978  13.0020 0109009 201.2083 171.0591 13.99441700373471
SL-16 DEB
1 39722U 92093KN  21075.09446291  .00000092  00000-0  90689-4 0  9993
2 39722  70.8978  13.0020 0109009 201.2083 171.0591 13.99441700352951
SL-16 DEB
1 39722U 92093KN  21075.55562365  .00000099  00000-0  95275-4 0  9998
2 39722  70.8977  12.0530 0108975 200.5326 334.3831 13.99441877353012
SL-16 DEB
1 39722U 92093KN  21076.55591498  .00000103  00000-0  97598-4 0  9994
2 39722  70.8978   9.9947 0108911 199.0715 333.8384 13.99442194353159
SL-16 DEB
1 39722U 92093KN  21078.09674483  .00000102  00000-0  97197-4 0  9995
2 39722  70.8978   6.8240 0108824 196.8143 176.5292 13.99442661373896
SL-16 DEB
1 39722U 92093KN  21078.09674483  .00000102  00000-0  97197-4 0  9995
2 39722  70.8978   6.8240 0108824 196.8143 176.5292 13.99442661353377
SL-16 DEB
1 39722U 92093KN  21078.55761839  .00000097  00000-0  93979-4 0  9995
2 39722  70.8978   5.8757 0108792 196.1423 338.4035 13.99442721353435
SL-16 DEB
1 39722U 92093KN  21083.02858882  .00000103  00000-0  97359-4 0  9992
2 39722  70.8977 356.6759 0108533 189.5794 183.1526 13.99444018374583
SL-16 DEB
1 39722U 92093KN  21083.02858882  .00000103  00000-0  97359-4 0  9992
2 39722  70.8977 356.6759 0108533 189.5794 183.1526 13.99444018354064
SL-16 DEB
1 39722U 92093KN  21086.40914559  .00000145  00000-0  12476-3 0  9993
2 39722  70.8972 349.7192 0108310 184.5635 294.4710 13.99445588375051
SL-16 DEB
1 39722U 92093KN  21086.40914559  .00000145  00000-0  12476-3 0  9993
2 39722  70.8972 349.7192 0108310 184.5635 294.4710 13.99445588354531
SL-16 DEB
1 39722U 92093KN  21087.40892657  .00000157  00000-0  13313-3 0  9992
2 39722  70.8973 347.6621 0108258 183.0890 291.3830 13.99446011354670
SL-16 DEB
1 39722U 92093KN  21088.96135235  .00000156  00000-0  13235-3 0  9998
2 39722  70.8974 344.4678 0108186 180.7990 192.5313 13.99446536375418
SL-16 DEB
1 39722U 92093KN  21088.96135235  .00000156  00000-0  13235-3 0  9998
2 39722  70.8974 344.4678 0108186 180.7990 192.5313 13.99446536354897
SL-16 DEB
1 39722U 92093KN  21090.04367076  .00000148  00000-0  12667-3 0  9999
2 39722  70.8972 342.2407 0108126 179.2056 245.2692 13.99446885355042
SL-16 DEB
1 39722U 92093KN  21095.34435392  .00000117  00000-0  10673-3 0  9995
2 39722  70.8963 331.3327 0107834 171.4106 310.2049 13.99448446376303
SL-16 DEB
1 39722U 92093KN  21095.34435392  .00000117  00000-0  10673-3 0  9995
2 39722  70.8963 331.3327 0107834 171.4106 310.2049 13.99448446355782
SL-16 DEB
1 39722U 92093KN  21096.34322983  .00000125  00000-0  11201-3 0  9994
2 39722  70.8961 329.2773 0107763 169.9449 302.5599 13.99448758355920
SL-16 DEB
1 39722U 92093KN  21099.35753258  .00000135  00000-0  11816-3 0  9994
2 39722  70.8953 323.0730 0107664 165.4849   8.7173 13.99449760376864
SL-16 DEB
1 39722U 92093KN  21099.35753258  .00000135  00000-0  11816-3 0  9994
2 39722  70.8953 323.0730 0107664 165.4849   8.7173 13.99449760356345
SL-16 DEB
1 39722U 92093KN  21101.35877427  .00000138  00000-0  12004-3 0  9996
2 39722  70.8950 318.9543 0107573 162.5320  11.0382 13.99450569377147
SL-16 DEB
1 39722U 92093KN  21101.35877427  .00000138  00000-0  12004-3 0  9996
2 39722  70.8950 318.9543 0107573 162.5320  11.0382 13.99450569356627
SL-16 DEB
1 39722U 92093KN  21102.27674976  .00000138  00000-0  12060-3 0  9994
2 39722  70.8948 317.0649 0107553 161.1701 315.8386 13.99450960356755
SL-16 DEB
1 39722U 92093KN  21103.35987237  .00000142  00000-0  12307-3 0  9990
2 39722  70.8948 314.8362 0107489 159.5756  12.6463 13.99451409377425
SL-16 DEB
1 39722U 92093KN  21103.82824791  .00000142  00000-0  12312-3 0  9993
2 39722  70.8947 313.8722 0107476 158.8846 212.3398 13.99451581356975
SL-16 DEB
1 39722U 92093KN  21105.29002900  .00000134  00000-0  11782-3 0  9997
2 39722  70.8945 310.8638 0107416 156.7237  16.8538 13.99452081357173
SL-16 DEB
1 39722U 92093KN  21106.91274571  .00000118  00000-0  10737-3 0  9993
2 39722  70.8946 307.5247 0107313 154.3127 272.1822 13.99452630357400
SL-16 DEB
1 39722U 92093KN  21106.91274571  .00000118  00000-0  10737-3 0  9993
2 39722  70.8946 307.5247 0107313 154.3127 272.1822 13.99452630377929
SL-16 DEB
1 39722U 92093KN  21107.91378536  .00000124  00000-0  11149-3 0  9995
2 39722  70.8943 305.4640 0107324 152.8411 275.4578 13.99453069357548
SL-16 DEB
1 39722U 92093KN  21108.29192383  .00000133  00000-0  11735-3 0  9992
2 39722  70.8942 304.6854 0107305 152.2895  20.5293 13.99453247357590
SL-16 DEB
1 39722U 92093KN  21109.21107729  .00000144  00000-0  12400-3 0  9997
2 39722  70.8941 302.7937 0107265 150.9350 331.2633 13.99453648357726
SL-16 DEB
1 39722U 92093KN  21110.29373818  .00000161  00000-0  13545-3 0  9991
2 39722  70.8941 300.5654 0107223 149.3362  25.7600 13.99454143357873
SL-16 DEB
1 39722U 92093KN  21110.91628682  .00000166  00000-0  13865-3 0  9992
2 39722  70.8940 299.2840 0107203 148.4179 282.1891 13.99454384357965
SL-16 DEB
1 39722U 92093KN  21111.76280183  .00000166  00000-0  13874-3 0  9996
2 39722  70.8940 297.5418 0107174 147.1692 226.9725 13.99454700378608
SL-16 DEB
1 39722U 92093KN  21111.76280183  .00000166  00000-0  13874-3 0  9996
2 39722  70.8940 297.5418 0107174 147.1692 226.9725 13.99454700358088
SL-16 DEB
1 39722U 92093KN  21113.22449632  .00000151  00000-0  12901-3 0  9999
2 39722  70.8939 294.5333 0107118 145.0133  31.0614 13.99455173358283
SL-16 DEB
1 39722U 92093KN  21113.76420638  .00000147  00000-0  12586-3 0  9997
2 39722  70.8939 293.4225 0107099 144.2197 230.1459 13.99455377378883
SL-16 DEB
1 39722U 92093KN  21113.76420638  .00000147  00000-0  12586-3 0  9997
2 39722  70.8939 293.4225 0107099 144.2197 230.1459 13.99455377358364
SL-16 DEB
1 39722U 92093KN  21113.84581111  .00000149  00000-0  12743-3 0  9997
2 39722  70.8939 293.2545 0107096 144.0995 281.2745 13.99455423358376
SL-16 DEB
1 39722U 92093KN  21115.92054493  .00000142  00000-0  12265-3 0  9998
2 39722  70.8939 288.9844 0107003 141.0392 293.8940 13.99456373358668
SL-16 DEB
1 39722U 92093KN  21115.92054493  .00000142  00000-0  12265-3 0  9998
2 39722  70.8939 288.9844 0107003 141.0392 293.8940 13.99456373379188
SL-16 DEB
1 39722U 92093KN  21116.84853208  .00000138  00000-0  12009-3 0  9992
2 39722  70.8939 287.0745 0106966 139.6728 289.1425 13.99456785358798
SL-16 DEB
1 39722U 92093KN  21117.22664513  .00000133  00000-0  11732-3 0  9991
2 39722  70.8939 286.2963 0106946 139.1117  34.1008 13.99456934358843
SL-16 DEB
1 39722U 92093KN  21118.22707214  .00000139  00000-0  12074-3 0  9994
2 39722  70.8939 284.2373 0106907 137.6345  34.3113 13.99457364379502
SL-16 DEB
1 39722U 92093KN  21119.22837476  .00000135  00000-0  11848-3 0  9993
2 39722  70.8939 282.1764 0106871 136.1583  38.9318 13.99457684359129
SL-16 DEB
1 39722U 92093KN  21119.85111378  .00000139  00000-0  12074-3 0  9994
2 39722  70.8939 280.8948 0106852 135.2441 296.3239 13.99457901359214
SL-16 DEB
1 39722U 92093KN  21120.22886692  .00000141  00000-0  12189-3 0  9995
2 39722  70.8939 280.1174 0106836 134.6822  39.4717 13.99458042379784
SL-16 DEB
1 39722U 92093KN  21120.22886692  .00000141  00000-0  12189-3 0  9995
2 39722  70.8939 280.1174 0106836 134.6822  39.4717 13.99458042359265
SL-16 DEB
1 39722U 92093KN  21121.69829302  .00000131  00000-0  11563-3 0  9996
2 39722  70.8941 277.0931 0106773 132.5152 242.5297 13.99458476359471
SL-16 DEB
1 39722U 92093KN  21122.69895524  .00000130  00000-0  11499-3 0  9993
2 39722  70.8942 275.0336 0106723 131.0356 243.9323 13.99458842380133
SL-16 DEB
1 39722U 92093KN  21122.69895524  .00000130  00000-0  11499-3 0  9993
2 39722  70.8942 275.0336 0106723 131.0356 243.9323 13.99458842359612
SL-16 DEB
1 39722U 92093KN  21123.15938385  .00000131  00000-0  11535-3 0  9990
2 39722  70.8943 274.0860 0106696 130.3474  43.6103 13.99459056359671
SL-16 DEB
1 39722U 92093KN  21123.69957691  .00000127  00000-0  11292-3 0  9995
2 39722  70.8944 272.9743 0106672 129.5495 245.1387 13.99459240359753
SL-16 DEB
1 39722U 92093KN  21124.16019075  .00000121  00000-0  10928-3 0  9992
2 39722  70.8944 272.0263 0106650 128.8678  45.7432 13.99459382359811
SL-16 DEB
1 39722U 92093KN  21125.16073427  .00000107  00000-0  99807-4 0  9992
2 39722  70.8946 269.9672 0106606 127.3882  46.5503 13.99459627380470
SL-16 DEB
1 39722U 92093KN  21125.16073427  .00000107  00000-0  99807-4 0  9992
2 39722  70.8946 269.9672 0106606 127.3882  46.5503 13.99459627359959
SL-16 DEB
1 39722U 92093KN  21126.16099645  .00000101  00000-0  95770-4 0  9992
2 39722  70.8947 267.9086 0106567 125.9073  45.9433 13.99459909360094
SL-16 DEB
1 39722U 92093KN  21128.63101830  .00000069  00000-0  75372-4 0  9995
2 39722  70.8948 262.8254 0106480 122.2437 250.1004 13.99460290380961
SL-16 DEB
1 39722U 92093KN  21128.63101830  .00000069  00000-0  75372-4 0  9995
2 39722  70.8948 262.8254 0106480 122.2437 250.1004 13.99460290360442
SL-16 DEB
1 39722U 92093KN  21130.63268806  .00000055  00000-0  65966-4 0  9998
2 39722  70.8950 258.7061 0106393 119.2746 254.6673 13.99460687381249
SL-16 DEB
1 39722U 92093KN  21130.63268806  .00000055  00000-0  65966-4 0  9998
2 39722  70.8950 258.7061 0106393 119.2746 254.6673 13.99460687360729
SL-16 DEB
1 39722U 92093KN  21131.63364749  .00000049  00000-0  62284-4 0  9995
2 39722  70.8951 256.6463 0106335 117.8012 257.5665 13.99460830360867
SL-16 DEB
1 39722U 92093KN  21132.63417113  .00000062  00000-0  70785-4 0  9990
2 39722  70.8952 254.5874 0106293 116.3260 258.2739 13.99461082381529
SL-16 DEB
1 39722U 92093KN  21132.63417113  .00000062  00000-0  70785-4 0  9990
2 39722  70.8952 254.5874 0106293 116.3260 258.2739 13.99461082361000
SL-16 DEB
1 39722U 92093KN  21134.01199456  .00000064  00000-0  72166-4 0  9998
2 39722  70.8954 251.7520 0106227 114.2855 359.8538 13.99461302361193
SL-16 DEB
1 39722U 92093KN  21136.64671590  .00000083  00000-0  83991-4 0  9992
2 39722  70.8955 246.3302 0106115 110.3786 313.7939 13.99461925361564
SL-16 DEB
1 39722U 92093KN  21138.64851075  .00000081  00000-0  82808-4 0  9996
2 39722  70.8956 242.2108 0106042 107.3943 319.0215 13.99462674382363
SL-16 DEB
1 39722U 92093KN  21138.64851075  .00000081  00000-0  82808-4 0  9996
2 39722  70.8956 242.2108 0106042 107.3943 319.0215 13.99462674361843
SL-16 DEB
1 39722U 92093KN  21139.64951684  .00000073  00000-0  77501-4 0  9999
2 39722  70.8956 240.1510 0106000 105.9040 322.1821 13.99463025361987
SL-16 DEB
1 39722U 92093KN  21140.56824148  .00000064  00000-0  71677-4 0  9994
2 39722  70.8956 238.2605 0105964 104.5386 270.7999 13.99463304362116
SL-16 DEB
1 39722U 92093KN  21140.65063750  .00000063  00000-0  71162-4 0  9996
2 39722  70.8957 238.0910 0105965 104.4136 325.9208 13.99463316382646
SL-16 DEB
1 39722U 92093KN  21140.65063750  .00000063  00000-0  71162-4 0  9996
2 39722  70.8957 238.0910 0105965 104.4136 325.9208 13.99463316362127
SL-16 DEB
1 39722U 92093KN  21144.49952083  .00000068  00000-0  74530-4 0  9995
2 39722  70.8954 230.1709 0105842  98.6787 276.9640 13.99464146383189
SL-16 DEB
1 39722U 92093KN  21144.49952083  .00000068  00000-0  74530-4 0  9995
2 39722  70.8954 230.1709 0105842  98.6787 276.9640 13.99464146362669
SL-16 DEB
1 39722U 92093KN  21145.58148529  .00000057  00000-0  67113-4 0  9995
2 39722  70.8954 227.9445 0105801  97.0689 328.0032 13.99464251362817
SL-16 DEB
1 39722U 92093KN  21146.50101774  .00000055  00000-0  66016-4 0  9998
2 39722  70.8954 226.0524 0105769  95.6938 280.7023 13.99464434383460
SL-16 DEB
1 39722U 92093KN  21148.50217538  .00000082  00000-0  83424-4 0  9998
2 39722  70.8954 221.9344 0105704  92.7067 282.7380 13.99465051383749
SL-16 DEB
1 39722U 92093KN  21148.88002521  .00000066  00000-0  73438-4 0  9999
2 39722  70.8953 221.1569 0105690  92.1423  26.3841 13.99465034363274
SL-16 DEB
1 39722U 92093KN  21149.96267110  .00000066  00000-0  73305-4 0  9999
2 39722  70.8953 218.9291 0105661  90.5263  80.8661 13.99465261363426
SL-16 DEB
1 39722U 92093KN  21150.88005872  .00000049  00000-0  62393-4 0  9993
2 39722  70.8952 217.0413 0105650  89.1541  22.7626 13.99465295363559
SL-16 DEB
1 39722U 92093KN  21150.96391853  .00000051  00000-0  63398-4 0  9998
2 39722  70.8952 216.8687 0105653  89.0262  85.2597 13.99465307384087
SL-16 DEB
1 39722U 92093KN  21151.43266032  .00000048  00000-0  61408-4 0  9997
2 39722  70.8951 215.9041 0105654  88.3275 286.8289 13.99465361363632
SL-16 DEB
1 39722U 92093KN  21151.58698425  .00000047  00000-0  60699-4 0  9998
2 39722  70.8951 215.5866 0105653  88.0958 344.3302 13.99465375363650
SL-16 DEB
1 39722U 92093KN  21153.51543090  .00000032  00000-0  50801-4 0  9998
2 39722  70.8948 211.6182 0105616  85.2092 340.0553 13.99465674384444
SL-16 DEB
1 39722U 92093KN  21153.51543090  .00000032  00000-0  50801-4 0  9998
2 39722  70.8948 211.6182 0105616  85.2092 340.0553 13.99465674363924
SL-16 DEB
1 39722U 92093KN  21154.51633396  .00000036  00000-0  53428-4 0  9990
2 39722  70.8946 209.5586 0105603  83.7107 342.7159 13.99465940364065
SL-16 DEB
1 39722U 92093KN  21155.51723559  .00000049  00000-0  61866-4 0  9991
2 39722  70.8945 207.4988 0105594  82.2132 345.3693 13.99466264384725
SL-16 DEB
1 39722U 92093KN  21156.51814907  .00000059  00000-0  68665-4 0  9995
2 39722  70.8944 205.4391 0105586  80.7161 348.0824 13.99466528364341
SL-16 DEB
1 39722U 92093KN  21156.81354229  .00000061  00000-0  69763-4 0  9997
2 39722  70.8943 204.8312 0105586  80.2718  36.3088 13.99466599364380
SL-16 DEB
1 39722U 92093KN  21158.36555993  .00000068  00000-0  74748-4 0  9996
2 39722  70.8942 201.6374 0105581  77.9540 295.5440 13.99466857385126
SL-16 DEB
1 39722U 92093KN  21158.36555993  .00000068  00000-0  74748-4 0  9996
2 39722  70.8942 201.6374 0105581  77.9540 295.5440 13.99466857364606
SL-16 DEB
1 39722U 92093KN  21158.89767176  .00000080  00000-0  82209-4 0  9997
2 39722  70.8941 200.5423 0105584  77.1541  96.3876 13.99467001364673
SL-16 DEB
1 39722U 92093KN  21159.52065083  .00000087  00000-0  87004-4 0  9991
2 39722  70.8940 199.2603 0105582  76.2248 355.0243 13.99467131364765
SL-16 DEB
1 39722U 92093KN  21160.52148580  .00000084  00000-0  85262-4 0  9998
2 39722  70.8940 197.2007 0105584  74.7269 357.3462 13.99467324364907
SL-16 DEB
1 39722U 92093KN  21161.44930734  .00000076  00000-0  79561-4 0  9996
2 39722  70.8939 195.2913 0105583  73.3382 351.8187 13.99467523365038
SL-16 DEB
1 39722U 92093KN  21162.45032615  .00000075  00000-0  79225-4 0  9995
2 39722  70.8938 193.2313 0105582  71.8395 355.0694 13.99467850365172
SL-16 DEB
1 39722U 92093KN  21162.82889965  .00000077  00000-0  80212-4 0  9994
2 39722  70.8938 192.4523 0105590  71.2716 102.3688 13.99468010365227
SL-16 DEB
1 39722U 92093KN  21162.82889965  .00000077  00000-0  80212-4 0  9994
2 39722  70.8938 192.4523 0105590  71.2716 102.3688 13.99468010385746
SL-16 DEB
1 39722U 92093KN  21163.36935242  .00000072  00000-0  77007-4 0  9997
2 39722  70.8938 191.3401 0105594  70.4642 305.2325 13.99468161365301
SL-16 DEB
1 39722U 92093KN  21164.74718899  .00000067  00000-0  73887-4 0  9993
2 39722  70.8937 188.5046 0105615  68.4056  46.9341 13.99468557365499
SL-16 DEB
1 39722U 92093KN  21165.83112971  .00000066  00000-0  73198-4 0  9997
2 39722  70.8936 186.2739 0105636  66.7858 107.9553 13.99468787386161
SL-16 DEB
1 39722U 92093KN  21165.83112971  .00000066  00000-0  73198-4 0  9997
2 39722  70.8936 186.2739 0105636  66.7858 107.9553 13.99468787365641
SL-16 DEB
1 39722U 92093KN  21166.45400672  .00000070  00000-0  75714-4 0  9995
2 39722  70.8935 184.9921 0105641  65.8573   6.0816 13.99468933365732
SL-16 DEB
1 39722U 92093KN  21168.30055069  .00000081  00000-0  82896-4 0  9998
2 39722  70.8933 181.1919 0105683  63.0986 309.1906 13.99469340386519
SL-16 DEB
1 39722U 92093KN  21168.30055069  .00000081  00000-0  82896-4 0  9998
2 39722  70.8933 181.1919 0105683  63.0986 309.1906 13.99469340365998
SL-16 DEB
1 39722U 92093KN  21169.38318465  .00000083  00000-0  84520-4 0  9997
2 39722  70.8933 178.9639 0105706  61.4799   3.6327 13.99469633366147
SL-16 DEB
1 39722U 92093KN  21170.45718961  .00000092  00000-0  90353-4 0  9993
2 39722  70.8933 176.7536 0105740  59.8772  14.5989 13.99470027366299
SL-16 DEB
1 39722U 92093KN  21170.76301209  .00000094  00000-0  91383-4 0  9996
2 39722  70.8933 176.1243 0105754  59.4199 115.3708 13.99470149366331
SL-16 DEB
1 39722U 92093KN  21171.30327653  .00000092  00000-0  90050-4 0  9996
2 39722  70.8934 175.0124 0105766  58.6161 317.2862 13.99470307386939
SL-16 DEB
1 39722U 92093KN  21172.30419172  .00000095  00000-0  92357-4 0  9990
2 39722  70.8935 172.9526 0105802  57.1252 320.0170 13.99470651387070
SL-16 DEB
1 39722U 92093KN  21172.30419172  .00000095  00000-0  92357-4 0  9990
2 39722  70.8935 172.9526 0105802  57.1252 320.0170 13.99470651366550
SL-16 DEB
1 39722U 92093KN  21173.38636638  .00000093  00000-0  91201-4 0  9992
2 39722  70.8936 170.7255 0105846  55.5146  12.1422 13.99470935366709
SL-16 DEB
1 39722U 92093KN  21176.31610248  .00000081  00000-0  83138-4 0  9994
2 39722  70.8937 164.6963 0105975  51.1683  12.4956 13.99471641367115
SL-16 DEB
1 39722U 92093KN  21176.69565281  .00000074  00000-0  78607-4 0  9998
2 39722  70.8938 163.9152 0105995  50.6034 124.7169 13.99471723387682
SL-16 DEB
1 39722U 92093KN  21177.23558031  .00000072  00000-0  77194-4 0  9992
2 39722  70.8938 162.8041 0106015  49.8027 324.9354 13.99471868367243
SL-16 DEB
1 39722U 92093KN  21177.69611065  .00000071  00000-0  76657-4 0  9991
2 39722  70.8938 161.8563 0106041  49.1180 125.1437 13.99472017367300
SL-16 DEB
1 39722U 92093KN  21177.95367870  .00000071  00000-0  76781-4 0  9990
2 39722  70.8938 161.3262 0106053  48.7371 342.8011 13.99472116367341
SL-16 DEB
1 39722U 92093KN  21178.69668596  .00000075  00000-0  79142-4 0  9999
2 39722  70.8938 159.7972 0106088  47.6319 126.1636 13.99472348387961
SL-16 DEB
1 39722U 92093KN  21178.69668596  .00000075  00000-0  79142-4 0  9999
2 39722  70.8938 159.7972 0106088  47.6319 126.1636 13.99472348367442
SL-16 DEB
1 39722U 92093KN  21179.69740436  .00000085  00000-0  85871-4 0  9991
2 39722  70.8939 157.7377 0106136  46.1473 127.9036 13.99472686367582
SL-16 DEB
1 39722U 92093KN  21180.61482703  .00000099  00000-0  95200-4 0  9997
2 39722  70.8940 155.8497 0106182  44.7916  69.9854 13.99472987367715
SL-16 DEB
1 39722U 92093KN  21181.16693909  .00000103  00000-0  97811-4 0  9996
2 39722  70.8940 154.7135 0106211  43.9820 331.5839 13.99473114388313
SL-16 DEB
1 39722U 92093KN  21181.61471333  .00000120  00000-0  10872-3 0  9991
2 39722  70.8941 153.7920 0106241  43.3211  67.5224 13.99473302367855
SL-16 DEB
1 39722U 92093KN  21182.16737008  .00000133  00000-0  11740-3 0  9995
2 39722  70.8941 152.6547 0106260  42.5022 331.8747 13.99473497367931
SL-16 DEB
1 39722U 92093KN  21182.69987690  .00000134  00000-0  11765-3 0  9995
2 39722  70.8942 151.5588 0106294  41.7136 134.7086 13.99473607368007
SL-16 DEB
1 39722U 92093KN  21183.32215362  .00000132  00000-0  11615-3 0  9998
2 39722  70.8942 150.2782 0106326  40.7990  29.8077 13.99473731388613
SL-16 DEB
1 39722U 92093KN  21183.32215362  .00000132  00000-0  11615-3 0  9998
2 39722  70.8942 150.2782 0106326  40.7990  29.8077 13.99473731368093
SL-16 DEB
1 39722U 92093KN  21184.62960588  .00000125  00000-0  11186-3 0  9994
2 39722  70.8944 147.5876 0106400  38.8681 136.9083 13.99474121368277
SL-16 DEB
1 39722U 92093KN  21185.25085797  .00000118  00000-0  10744-3 0  9995
2 39722  70.8945 146.3091 0106434  37.9555  26.8461 13.99474304368361
SL-16 DEB
1 39722U 92093KN  21186.17007253  .00000111  00000-0  10271-3 0  9996
2 39722  70.8946 144.4174 0106483  36.6007 337.9581 13.99474653389016
SL-16 DEB
1 39722U 92093KN  21186.17007253  .00000111  00000-0  10271-3 0  9996
2 39722  70.8946 144.4174 0106483  36.6007 337.9581 13.99474653368495
SL-16 DEB
1 39722U 92093KN  21186.63074723  .00000105  00000-0  98773-4 0  9990
2 39722  70.8947 143.4694 0106511  35.9196 138.8941 13.99474806368550
SL-16 DEB
1 39722U 92093KN  21187.17051742  .00000098  00000-0  94448-4 0  9992
2 39722  70.8948 142.3586 0106536  35.1254 338.3198 13.99474991368638
SL-16 DEB
1 39722U 92093KN  21188.54849716  .00000082  00000-0  84147-4 0  9998
2 39722  70.8949 139.5229 0106618  33.0992  80.7433 13.99475365389345
SL-16 DEB
1 39722U 92093KN  21193.18468812  .00000078  00000-0  80957-4 0  9998
2 39722  70.8952 129.9821 0106883  26.3028  38.4052 13.99476251389992
SL-16 DEB
1 39722U 92093KN  21193.18468812  .00000078  00000-0  80957-4 0  9998
2 39722  70.8952 129.9821 0106883  26.3028  38.4052 13.99476251369473
SL-16 DEB
1 39722U 92093KN  21196.18731758  .00000078  00000-0  81553-4 0  9996
2 39722  70.8955 123.8030 0107048  21.8992  46.0070 13.99476993390411
SL-16 DEB
1 39722U 92093KN  21196.48235250  .00000076  00000-0  79947-4 0  9997
2 39722  70.8955 123.1958 0107067  21.4676  92.4273 13.99477056369933
SL-16 DEB
1 39722U 92093KN  21200.49724867  .00000069  00000-0  75591-4 0  9994
2 39722  70.8957 114.9336 0107290  15.5978 159.9485 13.99478130391012
SL-16 DEB
1 39722U 92093KN  21201.49768044  .00000069  00000-0  75517-4 0  9998
2 39722  70.8956 112.8747 0107339  14.1323 160.2479 13.99478502370633
SL-16 DEB
1 39722U 92093KN  21202.49846277  .00000073  00000-0  77973-4 0  9997
2 39722  70.8956 110.8151 0107405  12.6751 162.3051 13.99478881370776
SL-16 DEB
1 39722U 92093KN  21202.49846277  .00000073  00000-0  77973-4 0  9997
2 39722  70.8956 110.8151 0107405  12.6751 162.3051 13.99478881391296
SL-16 DEB
1 39722U 92093KN  21204.41622865  .00000093  00000-0  91118-4 0  9995
2 39722  70.8955 106.8685 0107490   9.8886 104.2294 13.99479579371043
SL-16 DEB
1 39722U 92093KN  21205.50068696  .00000119  00000-0  10821-3 0  9992
2 39722  70.8955 104.6366 0107551   8.3104 167.8589 13.99479953371194
SL-16 DEB
1 39722U 92093KN  21205.50068696  .00000119  00000-0  10821-3 0  9992
2 39722  70.8955 104.6366 0107551   8.3104 167.8589 13.99479953391714
SL-16 DEB
1 39722U 92093KN  21206.96873321  .00000133  00000-0  11722-3 0  9999
2 39722  70.8954 101.6153 0107614   6.1964   4.0295 13.99480381371401
SL-16 DEB
1 39722U 92093KN  21207.96953044  .00000118  00000-0  10714-3 0  9994
2 39722  70.8954  99.5556 0107665   4.7466   6.1602 13.99480591392063
SL-16 DEB
1 39722U 92093KN  21207.96953044  .00000118  00000-0  10714-3 0  9994
2 39722  70.8954  99.5556 0107665   4.7466   6.1602 13.99480591371543
SL-16 DEB
1 39722U 92093KN  21209.97137111  .00000082  00000-0  83904-4 0  9998
2 39722  70.8953  95.4359 0107760   1.8232  11.6878 13.99481054392345
SL-16 DEB
1 39722U 92093KN  21209.97137111  .00000082  00000-0  83904-4 0  9998
2 39722  70.8953  95.4359 0107760   1.8232  11.6878 13.99481054371825
SL-16 DEB
1 39722U 92093KN  21211.43300219  .00000069  00000-0  75803-4 0  9997
2 39722  70.8953  92.4279 0107843 359.6809 175.5811 13.99481438372025
SL-16 DEB
1 39722U 92093KN  21212.05490833  .00000066  00000-0  73590-4 0  9996
2 39722  70.8953  91.1479 0107859 358.7852  68.8126 13.99481569392635
SL-16 DEB
1 39722U 92093KN  21212.05490833  .00000066  00000-0  73590-4 0  9996
2 39722  70.8953  91.1479 0107859 358.7852  68.8126 13.99481569372116
SL-16 DEB
1 39722U 92093KN  21213.43413961  .00000050  00000-0  62943-4 0  9999
2 39722  70.8952  88.3093 0107925 356.7838 177.5462 13.99481687372304
SL-16 DEB
1 39722U 92093KN  21213.90242584  .00000056  00000-0  67267-4 0  9992
2 39722  70.8951  87.3455 0107941 356.0998  16.8342 13.99481813372372
SL-16 DEB
1 39722U 92093KN  21214.90312412  .00000049  00000-0  62582-4 0  9998
2 39722  70.8950  85.2859 0107990 354.6408  18.4809 13.99481894393031
SL-16 DEB
1 39722U 92093KN  21214.90312412  .00000049  00000-0  62582-4 0  9998
2 39722  70.8950  85.2859 0107990 354.6408  18.4809 13.99481894372511
SL-16 DEB
1 39722U 92093KN  21215.98534785  .00000051  00000-0  63491-4 0  9999
2 39722  70.8949  83.0586 0108029 353.0782  70.8492 13.99482105372666
SL-16 DEB
1 39722U 92093KN  21216.36461955  .00000055  00000-0  66218-4 0  9994
2 39722  70.8949  82.2780 0108049 352.5280 181.6667 13.99482222372713
SL-16 DEB
1 39722U 92093KN  21217.05912306  .00000056  00000-0  67134-4 0  9991
2 39722  70.8949  80.8486 0108078 351.5169  80.6644 13.99482384393330
SL-16 DEB
1 39722U 92093KN  21217.05912306  .00000056  00000-0  67134-4 0  9991
2 39722  70.8949  80.8486 0108078 351.5169  80.6644 13.99482384372810
SL-16 DEB
1 39722U 92093KN  21219.36679372  .00000056  00000-0  66752-4 0  9995
2 39722  70.8948  76.0990 0108171 348.1641 187.0019 13.99482957393656
SL-16 DEB
1 39722U 92093KN  21219.36679372  .00000056  00000-0  66752-4 0  9995
2 39722  70.8948  76.0990 0108171 348.1641 187.0019 13.99482957373137
SL-16 DEB
1 39722U 92093KN  21219.98883310  .00000065  00000-0  72656-4 0  9992
2 39722  70.8948  74.8187 0108189 347.2603  80.9164 13.99483144373229
SL-16 DEB
1 39722U 92093KN  21220.83580285  .00000067  00000-0  74490-4 0  9993
2 39722  70.8948  73.0755 0108221 346.0292  28.0602 13.99483356373347
SL-16 DEB
1 39722U 92093KN  21221.36815487  .00000069  00000-0  75247-4 0  9990
2 39722  70.8947  71.9798 0108251 345.2568 190.1176 13.99483451393930
SL-16 DEB
1 39722U 92093KN  21221.36815487  .00000069  00000-0  75247-4 0  9990
2 39722  70.8947  71.9798 0108251 345.2568 190.1176 13.99483451373411
SL-16 DEB
1 39722U 92093KN  21222.36908098  .00000059  00000-0  68940-4 0  9993
2 39722  70.8947  69.9196 0108279 343.8052 192.9111 13.99483588373557
SL-16 DEB
1 39722U 92093KN  21223.99204001  .00000054  00000-0  65715-4 0  9998
2 39722  70.8947  66.5792 0108334 341.4482  89.5919 13.99484013394302
SL-16 DEB
1 39722U 92093KN  21224.29887108  .00000055  00000-0  66347-4 0  9990
2 39722  70.8947  65.9477 0108342 341.0046 195.4457 13.99484143373828
SL-16 DEB
1 39722U 92093KN  21224.91995549  .00000056  00000-0  67196-4 0  9992
2 39722  70.8947  64.6694 0108385 340.0945  84.5593 13.99484345373912
SL-16 DEB
1 39722U 92093KN  21226.92186552  .00000061  00000-0  70119-4 0  9996
2 39722  70.8947  60.5489 0108463 337.1815  90.4551 13.99484956374198
SL-16 DEB
1 39722U 92093KN  21226.92186552  .00000061  00000-0  70119-4 0  9996
2 39722  70.8947  60.5489 0108463 337.1815  90.4551 13.99484956394718
SL-16 DEB
1 39722U 92093KN  21228.30113609  .00000076  00000-0  80294-4 0  9994
2 39722  70.8948  57.7098 0108509 335.1798 199.4052 13.99485328374383
SL-16 DEB
1 39722U 92093KN  21230.85189038  .00000086  00000-0  86740-4 0  9999
2 39722  70.8950  52.4597 0108614 331.4717  90.4554 13.99485735395268
SL-16 DEB
1 39722U 92093KN  21230.85189038  .00000086  00000-0  86740-4 0  9999
2 39722  70.8950  52.4597 0108614 331.4717  90.4554 13.99485735374748
SL-16 DEB
1 39722U 92093KN  21231.23238329  .00000087  00000-0  87083-4 0  9992
2 39722  70.8950  51.6765 0108623 330.9237 207.4267 13.99485848374798
SL-16 DEB
1 39722U 92093KN  21232.23195719  .00000087  00000-0  87483-4 0  9992
2 39722  70.8951  49.6192 0108665 329.4688 203.4215 13.99486138374937
SL-16 DEB
1 39722U 92093KN  21232.77192010  .00000079  00000-0  82217-4 0  9993
2 39722  70.8952  48.5079 0108690 328.6823  43.8318 13.99486250375015
SL-16 DEB
1 39722U 92093KN  21234.23382565  .00000078  00000-0  81231-4 0  9996
2 39722  70.8954  45.4989 0108744 326.5576 209.1176 13.99486690395733
SL-16 DEB
1 39722U 92093KN  21234.23382565  .00000078  00000-0  81231-4 0  9996
2 39722  70.8954  45.4989 0108744 326.5576 209.1176 13.99486690375214
SL-16 DEB
1 39722U 92093KN  21234.85552351  .00000074  00000-0  78920-4 0  9993
2 39722  70.8954  44.2193 0108761 325.6541 101.3192 13.99486821375306
SL-16 DEB
1 39722U 92093KN  21235.15132209  .00000068  00000-0  74974-4 0  9991
2 39722  70.8955  43.6105 0108774 325.2258 151.5927 13.99486867375345
SL-16 DEB
1 39722U 92093KN  21236.23547927  .00000075  00000-0  79308-4 0  9992
2 39722  70.8956  41.3790 0108816 323.6529 213.7284 13.99487129396017
SL-16 DEB
1 39722U 92093KN  21236.23547927  .00000075  00000-0  79308-4 0  9992
2 39722  70.8956  41.3790 0108816 323.6529 213.7284 13.99487129375496
SL-16 DEB
1 39722U 92093KN  21237.23532378  .00000082  00000-0  83908-4 0  9996
2 39722  70.8957  39.3212 0108854 322.2027 211.0853 13.99487333375639
SL-16 DEB
1 39722U 92093KN  21238.70441553  .00000092  00000-0  90936-4 0  9993
2 39722  70.8959  36.2975 0108911 320.0633  52.5859 13.99487672375849
SL-16 DEB
1 39722U 92093KN  21239.16548458  .00000090  00000-0  89337-4 0  9997
2 39722  70.8960  35.3486 0108931 319.3919 215.5197 13.99487758375906
SL-16 DEB
1 39722U 92093KN  21242.16775197  .00000150  00000-0  12815-3 0  9996
2 39722  70.8964  29.1695 0109073 315.0262 221.3874 13.99489058376324
SL-16 DEB
1 39722U 92093KN  21243.08515138  .00000131  00000-0  11632-3 0  9990
2 39722  70.8966  27.2814 0109110 313.6934 163.3821 13.99489249376453
SL-16 DEB
1 39722U 92093KN  21244.08502524  .00000139  00000-0  12105-3 0  9990
2 39722  70.8967  25.2237 0109156 312.2403 160.8976 13.99489615376592
SL-16 DEB
1 39722U 92093KN  21245.79189997  .00000132  00000-0  11663-3 0  9995
2 39722  70.8969  21.7109 0109223 309.7672 120.3855 13.99490098397358
SL-16 DEB
1 39722U 92093KN  21245.79189997  .00000132  00000-0  11663-3 0  9995
2 39722  70.8969  21.7109 0109223 309.7672 120.3855 13.99490098376838
SL-16 DEB
1 39722U 92093KN  21246.71968841  .00000123  00000-0  11089-3 0  9993
2 39722  70.8970  19.8015 0109267 308.4193 114.7265 13.99490377376962
SL-16 DEB
1 39722U 92093KN  21247.09926762  .00000123  00000-0  11086-3 0  9998
2 39722  70.8971  19.0203 0109281 307.8726 227.1007 13.99490541377018
SL-16 DEB
1 39722U 92093KN  21248.63958701  .00000112  00000-0  10351-3 0  9999
2 39722  70.8973  15.8504 0109358 305.6405  67.4634 13.99491057397750
SL-16 DEB
1 39722U 92093KN  21248.63958701  .00000112  00000-0  10351-3 0  9999
2 39722  70.8973  15.8504 0109358 305.6405  67.4634 13.99491057377231
SL-16 DEB
1 39722U 92093KN  21249.10089355  .00000107  00000-0  10038-3 0  9998
2 39722  70.8974  14.9011 0109385 304.9716 231.5963 13.99491190377295
SL-16 DEB
1 39722U 92093KN  21249.63955535  .00000114  00000-0  10496-3 0  9994
2 39722  70.8974  13.7925 0109409 304.1880  65.4602 13.99491420377376
SL-16 DEB
1 39722U 92093KN  21250.64091963  .00000119  00000-0  10802-3 0  9999
2 39722  70.8975  11.7317 0109452 302.7382  70.4867 13.99491769398030
SL-16 DEB
1 39722U 92093KN  21250.64091963  .00000119  00000-0  10802-3 0  9999
2 39722  70.8975  11.7317 0109452 302.7382  70.4867 13.99491769377510
SL-16 DEB
1 39722U 92093KN  21251.01886772  .00000111  00000-0  10275-3 0  9997
2 39722  70.8975  10.9538 0109469 302.1934 174.6437 13.99491779377567
SL-16 DEB
1 39722U 92093KN  21254.72664418  .00000154  00000-0  13114-3 0  9991
2 39722  70.8978   3.3234 0109632 296.8263 134.9981 13.99492992398604
SL-16 DEB
1 39722U 92093KN  21254.72664418  .00000154  00000-0  13114-3 0  9991
2 39722  70.8978   3.3234 0109632 296.8263 134.9981 13.99492992378084
SL-16 DEB
1 39722U 92093KN  21258.95243236  .00000125  00000-0  11195-3 0  9996
2 39722  70.8978 354.6270 0109857 290.7253 185.1828 13.99494562378675
SL-16 DEB
1 39722U 92093KN  21259.03611689  .00000126  00000-0  11249-3 0  9998
2 39722  70.8978 354.4546 0109852 290.6156 246.7875 13.99494589399202
SL-16 DEB
1 39722U 92093KN  21259.03611689  .00000126  00000-0  11249-3 0  9998
2 39722  70.8978 354.4546 0109852 290.6156 246.7875 13.99494589378681
SL-16 DEB
1 39722U 92093KN  21259.95238635  .00000143  00000-0  12417-3 0  9992
2 39722  70.8978 352.5690 0109908 289.2883 183.1056 13.99495047378813
SL-16 DEB
1 39722U 92093KN  21261.50503705  .00000137  00000-0  11976-3 0  9991
2 39722  70.8977 349.3737 0109932 287.0603  85.5979 13.99495496379033
SL-16 DEB
1 39722U 92093KN  21261.50503705  .00000137  00000-0  11976-3 0  9991
2 39722  70.8977 349.3737 0109932 287.0603  85.5979 13.99495496399552
SL-16 DEB
1 39722U 92093KN  21261.96624623  .00000148  00000-0  12686-3 0  9995
2 39722  70.8977 348.4246 0109921 286.4057 249.2346 13.99495776379096
SL-16 DEB
1 39722U 92093KN  21262.66026831  .00000146  00000-0  12608-3 0  9992
2 39722  70.8976 346.9963 0109944 285.4048 145.8311 13.99496017379191
SL-16 DEB
1 39722U 92093KN  21262.96713867  .00000149  00000-0  12746-3 0  9993
2 39722  70.8976 346.3648 0109957 284.9652 251.8914 13.99496168379233
SL-16 DEB
1 39722U 92093KN  21263.96719463  .00000151  00000-0  12935-3 0  9995
2 39722  70.8975 344.3066 0109997 283.5276 250.3337 13.99496609399892
SL-16 DEB
1 39722U 92093KN  21263.96719463  .00000151  00000-0  12935-3 0  9995
2 39722  70.8975 344.3066 0109997 283.5276 250.3337 13.99496609379373
SL-16 DEB
1 39722U 92093KN  21265.88651885  .00000160  00000-0  13515-3 0  9996
2 39722  70.8974 340.3568 0110066 280.7751 200.1936 13.99497438379640
SL-16 DEB
1 39722U 92093KN  21266.96961705  .00000169  00000-0  14068-3 0  9994
2 39722  70.8972 338.1277 0110087 279.2204 257.0185 13.99497903379799
SL-16 DEB
1 39722U 92093KN  21266.96961705  .00000169  00000-0  14068-3 0  9994
2 39722  70.8972 338.1277 0110087 279.2204 257.0185 13.99497903400312
SL-16 DEB
1 39722U 92093KN  21268.43811700  .00000189  00000-0  15398-3 0  9996
2 39722  70.8969 335.1055 0110118 277.1093  95.5666 13.99498569380008
SL-16 DEB
1 39722U 92093KN  21269.43819262  .00000204  00000-0  16357-3 0  9992
2 39722  70.8967 333.0474 0110124 275.6788  94.1098 13.99499086400663
SL-16 DEB
1 39722U 92093KN  21269.43819262  .00000204  00000-0  16357-3 0  9992
2 39722  70.8967 333.0474 0110124 275.6788  94.1098 13.99499086380143
SL-16 DEB
1 39722U 92093KN  21270.52106573  .00000157  00000-0  13316-3 0  9997
2 39722  70.8966 330.8188 0110176 274.1251 149.8045 13.99499204380293
SL-16 DEB
1 39722U 92093KN  21270.90014669  .00000176  00000-0  14500-3 0  9990
2 39722  70.8965 330.0386 0110190 273.5833 259.6761 13.99499478380343
SL-16 DEB
1 39722U 92093KN  21271.52193581  .00000171  00000-0  14202-3 0  9994
2 39722  70.8964 328.7589 0110218 272.6903 152.3554 13.99499702380439
SL-16 DEB
1 39722U 92093KN  21271.52193581  .00000171  00000-0  14202-3 0  9994
2 39722  70.8964 328.7589 0110218 272.6903 152.3554 13.99499702400959
SL-16 DEB
1 39722U 92093KN  21274.81974803  .00000199  00000-0  16027-3 0  9990
2 39722  70.8958 321.9714 0110276 267.9673 207.2947 13.99501416380894
SL-16 DEB
1 39722U 92093KN  21274.81974803  .00000199  00000-0  16027-3 0  9990
2 39722  70.8958 321.9714 0110276 267.9673 207.2947 13.99501416401416
SL-16 DEB
1 39722U 92093KN  21275.52531546  .00000201  00000-0  16178-3 0  9993
2 39722  70.8957 320.5192 0110297 266.9576 162.0653 13.99501728380991
SL-16 DEB
1 39722U 92093KN  21276.52619394  .00000206  00000-0  16486-3 0  9999
2 39722  70.8955 318.4592 0110310 265.5267 164.6642 13.99502200381136
SL-16 DEB
1 39722U 92093KN  21277.52696969  .00000209  00000-0  16657-3 0  9996
2 39722  70.8953 316.3993 0110315 264.0973 166.7461 13.99502690381279
SL-16 DEB
1 39722U 92093KN  21277.52696969  .00000209  00000-0  16657-3 0  9996
2 39722  70.8953 316.3993 0110315 264.0973 166.7461 13.99502690401799
SL-16 DEB
1 39722U 92093KN  21278.45474715  .00000206  00000-0  16467-3 0  9998
2 39722  70.8952 314.4896 0110323 262.7733 161.0511 13.99503190381402
SL-16 DEB
1 39722U 92093KN  21280.45647199  .00000177  00000-0  14585-3 0  9995
2 39722  70.8948 310.3694 0110334 259.9142 166.0972 13.99504139381682
SL-16 DEB
1 39722U 92093KN  21280.45647199  .00000177  00000-0  14585-3 0  9995
2 39722  70.8948 310.3694 0110334 259.9142 166.0972 13.99504139402204
SL-16 DEB
1 39722U 92093KN  21281.37505007  .00000174  00000-0  14400-3 0  9991
2 39722  70.8946 308.4786 0110341 258.6033 114.0584 13.99504611381815
SL-16 DEB
1 39722U 92093KN  21281.83647323  .00000170  00000-0  14136-3 0  9992
2 39722  70.8945 307.5288 0110338 257.9470 278.7894 13.99504828381872
SL-16 DEB
1 39722U 92093KN  21284.30573404  .00000191  00000-0  15474-3 0  9994
2 39722  70.8941 302.4461 0110303 254.4091 119.3902 13.99505930402743
SL-16 DEB
1 39722U 92093KN  21284.30573404  .00000191  00000-0  15474-3 0  9994
2 39722  70.8941 302.4461 0110303 254.4091 119.3902 13.99505930382223
SL-16 DEB
1 39722U 92093KN  21284.83817051  .00000180  00000-0  14794-3 0  9993
2 39722  70.8940 301.3501 0110291 253.6507 281.9015 13.99506047382292
SL-16 DEB
1 39722U 92093KN  21285.30626932  .00000185  00000-0  15118-3 0  9998
2 39722  70.8940 300.3866 0110288 252.9820 120.2705 13.99506237382361
SL-16 DEB
1 39722U 92093KN  21288.76950720  .00000188  00000-0  15334-3 0  9999
2 39722  70.8937 293.2575 0110216 248.0307 288.7257 13.99507873403364
SL-16 DEB
1 39722U 92093KN  21288.76950720  .00000188  00000-0  15334-3 0  9999
2 39722  70.8937 293.2575 0110216 248.0307 288.7257 13.99507873382843
SL-16 DEB
1 39722U 92093KN  21290.39169365  .00000175  00000-0  14462-3 0  9995
2 39722  70.8937 289.9183 0110170 245.7148 181.6151 13.99508566383076
SL-16 DEB
1 39722U 92093KN  21291.23871266  .00000184  00000-0  15019-3 0  9998
2 39722  70.8937 288.1748 0110146 244.4947 129.0746 13.99509051403710
SL-16 DEB
1 39722U 92093KN  21291.23871266  .00000184  00000-0  15019-3 0  9998
2 39722  70.8937 288.1748 0110146 244.4947 129.0746 13.99509051383199
SL-16 DEB
1 39722U 92093KN  21293.23985054  .00000150  00000-0  12837-3 0  9999
2 39722  70.8936 284.0556 0110077 241.6220 131.2182 13.99509661403993
SL-16 DEB
1 39722U 92093KN  21293.23985054  .00000150  00000-0  12837-3 0  9999
2 39722  70.8936 284.0556 0110077 241.6220 131.2182 13.99509661383473
SL-16 DEB
1 39722U 92093KN  21295.70253054  .00000120  00000-0  10902-3 0  9999
2 39722  70.8937 278.9864 0109985 238.0869 298.7127 13.99510516404331
SL-16 DEB
1 39722U 92093KN  21295.70253054  .00000120  00000-0  10902-3 0  9999
2 39722  70.8937 278.9864 0109985 238.0869 298.7127 13.99510516383810
SL-16 DEB
1 39722U 92093KN  21296.24202177  .00000120  00000-0  10865-3 0  9997
2 39722  70.8938 277.8761 0109957 237.3243 136.7706 13.99510713383893
SL-16 DEB
1 39722U 92093KN  21297.70373019  .00000119  00000-0  10789-3 0  9996
2 39722  70.8939 274.8672 0109882 235.2367 301.1549 13.99511171404619
SL-16 DEB
1 39722U 92093KN  21297.70373019  .00000119  00000-0  10789-3 0  9996
2 39722  70.8939 274.8672 0109882 235.2367 301.1549 13.99511171384098
SL-16 DEB
1 39722U 92093KN  21299.17214266  .00000150  00000-0  12846-3 0  9998
2 39722  70.8940 271.8446 0109812 233.1203 139.3378 13.99511756384309
SL-16 DEB
1 39722U 92093KN  21299.70505779  .00000160  00000-0  13510-3 0  9999
2 39722  70.8940 270.7476 0109780 232.3585 304.2752 13.99511965404896
SL-16 DEB
1 39722U 92093KN  21299.70505779  .00000160  00000-0  13510-3 0  9999
2 39722  70.8940 270.7476 0109780 232.3585 304.2752 13.99511965384376
SL-16 DEB
1 39722U 92093KN  21302.17433963  .00000201  00000-0  16175-3 0  9996
2 39722  70.8943 265.6649 0109643 228.7982 145.0671 13.99513081405244
SL-16 DEB
1 39722U 92093KN  21303.32984007  .00000194  00000-0  15678-3 0  9992
2 39722  70.8944 263.2866 0109575 227.1320 206.7392 13.99513577384884
SL-16 DEB
1 39722U 92093KN  21304.17562353  .00000179  00000-0  14695-3 0  9993
2 39722  70.8945 261.5457 0109526 225.9122 147.9890 13.99513919405528
SL-16 DEB
1 39722U 92093KN  21304.25788403  .00000178  00000-0  14629-3 0  9994
2 39722  70.8945 261.3764 0109524 225.7943 202.4353 13.99513943385013
SL-16 DEB
1 39722U 92093KN  21304.63670134  .00000170  00000-0  14119-3 0  9993
2 39722  70.8945 260.5967 0109498 225.2480 311.0035 13.99514091385064
SL-16 DEB
1 39722U 92093KN  21305.55471272  .00000154  00000-0  13079-3 0  9993
2 39722  70.8946 258.7072 0109442 223.9213 256.1583 13.99514413385198
SL-16 DEB
1 39722U 92093KN  21306.25943564  .00000167  00000-0  13948-3 0  9998
2 39722  70.8947 257.2567 0109402 222.8992 206.7210 13.99514780405817
SL-16 DEB
1 39722U 92093KN  21306.25943564  .00000167  00000-0  13948-3 0  9998
2 39722  70.8947 257.2567 0109402 222.8992 206.7210 13.99514780385296
SL-16 DEB
1 39722U 92093KN  21306.55426309  .00000174  00000-0  14365-3 0  9996
2 39722  70.8947 256.6499 0109381 222.4723 252.1314 13.99514925385333
SL-16 DEB
1 39722U 92093KN  21307.26026889  .00000194  00000-0  15718-3 0  9999
2 39722  70.8948 255.1968 0109339 221.4471 209.1595 13.99515287385437
SL-16 DEB
1 39722U 92093KN  21310.10783366  .00000158  00000-0  13335-3 0  9999
2 39722  70.8950 249.3360 0109154 217.3184 155.8812 13.99516228406351
SL-16 DEB
1 39722U 92093KN  21310.18963025  .00000162  00000-0  13630-3 0  9992
2 39722  70.8950 249.1677 0109146 217.1997 207.9925 13.99516286385849
SL-16 DEB
1 39722U 92093KN  21311.10849802  .00000153  00000-0  13033-3 0  9998
2 39722  70.8951 247.2764 0109086 215.8668 157.4742 13.99516634385976
SL-16 DEB
1 39722U 92093KN  21312.19150556  .00000145  00000-0  12490-3 0  9996
2 39722  70.8953 245.0474 0109018 214.2950 213.9347 13.99517055406649
SL-16 DEB
1 39722U 92093KN  21312.57032647  .00000143  00000-0  12338-3 0  9997
2 39722  70.8953 244.2678 0108991 213.7451 322.5289 13.99517207386171
SL-16 DEB
1 39722U 92093KN  21313.57030787  .00000133  00000-0  11740-3 0  9996
2 39722  70.8954 242.2097 0108926 212.2898 320.6894 13.99517570386312
SL-16 DEB
1 39722U 92093KN  21314.48802465  .00000132  00000-0  11628-3 0  9991
2 39722  70.8955 240.3209 0108868 210.9528 264.3828 13.99517929406960
SL-16 DEB
1 39722U 92093KN  21318.04174916  .00000093  00000-0  91359-4 0  9996
2 39722  70.8956 233.0073 0108646 205.7731 168.9737 13.99519065407468
SL-16 DEB
1 39722U 92093KN  21318.04174916  .00000093  00000-0  91359-4 0  9996
2 39722  70.8956 233.0073 0108646 205.7731 168.9737 13.99519065386947
SL-16 DEB
1 39722U 92093KN  21319.50315769  .00000099  00000-0  94836-4 0  9990
2 39722  70.8956 229.9997 0108538 203.6415 331.9368 13.99519658387145
SL-16 DEB
1 39722U 92093KN  21320.19795553  .00000099  00000-0  94958-4 0  9995
2 39722  70.8955 228.5698 0108494 202.6248 232.5162 13.99519887407764
SL-16 DEB
1 39722U 92093KN  21320.50387447  .00000104  00000-0  98317-4 0  9999
2 39722  70.8955 227.9402 0108472 202.1781 333.8178 13.99520019387288
SL-16 DEB
1 39722U 92093KN  21321.04300988  .00000102  00000-0  97229-4 0  9993
2 39722  70.8955 226.8306 0108442 201.3900 170.1276 13.99520162387369
SL-16 DEB
1 39722U 92093KN  21322.42156517  .00000110  00000-0  10233-3 0  9991
2 39722  70.8955 223.9934 0108341 199.3731 275.6637 13.99520528408070
SL-16 DEB
1 39722U 92093KN  21322.42156517  .00000110  00000-0  10233-3 0  9991
2 39722  70.8955 223.9934 0108341 199.3731 275.6637 13.99520528387559
SL-16 DEB
1 39722U 92093KN  21323.50507971  .00000124  00000-0  11110-3 0  9995
2 39722  70.8954 221.7635 0108270 197.7854 334.7083 13.99520834387700
SL-16 DEB
1 39722U 92093KN  21324.97469447  .00000120  00000-0  10879-3 0  9999
2 39722  70.8953 218.7390 0108172 195.6325 179.0335 13.99521191408435
SL-16 DEB
1 39722U 92093KN  21324.97469447  .00000120  00000-0  10879-3 0  9999
2 39722  70.8953 218.7390 0108172 195.6325 179.0335 13.99521191387914
SL-16 DEB
1 39722U 92093KN  21326.43605969  .00000113  00000-0  10424-3 0  9991
2 39722  70.8952 215.7315 0108075 193.4981 341.7910 13.99521625388115
SL-16 DEB
1 39722U 92093KN  21327.43613922  .00000111  00000-0  10261-3 0  9997
2 39722  70.8952 213.6733 0108009 192.0337 340.4708 13.99521980408773
SL-16 DEB
1 39722U 92093KN  21327.43613922  .00000111  00000-0  10261-3 0  9997
2 39722  70.8952 213.6733 0108009 192.0337 340.4708 13.99521980388253
SL-16 DEB
1 39722U 92093KN  21329.43802682  .00000102  00000-0  97017-4 0  9997
2 39722  70.8950 209.5534 0107885 189.0924 346.5517 13.99522582409059
SL-16 DEB
1 39722U 92093KN  21329.43802682  .00000102  00000-0  97017-4 0  9997
2 39722  70.8950 209.5534 0107885 189.0924 346.5517 13.99522582388538
SL-16 DEB
1 39722U 92093KN  21330.35520986  .00000108  00000-0  10069-3 0  9991
2 39722  70.8949 207.6658 0107830 187.7462 287.5821 13.99522879388669
SL-16 DEB
1 39722U 92093KN  21335.36977609  .00000163  00000-0  13640-3 0  9994
2 39722  70.8941 197.3455 0107501 180.3721 352.4323 13.99524843409883
SL-16 DEB
1 39722U 92093KN  21335.36977609  .00000163  00000-0  13640-3 0  9994
2 39722  70.8941 197.3455 0107501 180.3721 352.4323 13.99524843389363
SL-16 DEB
1 39722U 92093KN  21336.91110162  .00000165  00000-0  13776-3 0  9991
2 39722  70.8940 194.1731 0107426 178.1330 198.0624 13.99525533389580
SL-16 DEB
1 39722U 92093KN  21337.37163453  .00000175  00000-0  14476-3 0  9992
2 39722  70.8940 193.2252 0107392 177.4376 358.3838 13.99525831410160
SL-16 DEB
1 39722U 92093KN  21337.37163453  .00000175  00000-0  14476-3 0  9992
2 39722  70.8940 193.2252 0107392 177.4376 358.3838 13.99525831389648
SL-16 DEB
1 39722U 92093KN  21338.84081347  .00000159  00000-0  13369-3 0  9998
2 39722  70.8939 190.2015 0107305 175.2783 200.5488 13.99526374389857
SL-16 DEB
1 39722U 92093KN  21339.28869424  .00000167  00000-0  13931-3 0  9991
2 39722  70.8940 189.2798 0107270 174.6144 297.1132 13.99526656389918
SL-16 DEB
1 39722U 92093KN  21340.84162627  .00000140  00000-0  12137-3 0  9994
2 39722  70.8939 186.0836 0107177 172.3238 201.2643 13.99527211410656
SL-16 DEB
1 39722U 92093KN  21340.92329084  .00000143  00000-0  12325-3 0  9997
2 39722  70.8938 185.9155 0107179 172.1978 252.7212 13.99527252390147
SL-16 DEB
1 39722U 92093KN  21342.30305510  .00000122  00000-0  10964-3 0  9993
2 39722  70.8936 183.0757 0107088 170.1637   4.4017 13.99527798390332
SL-16 DEB
1 39722U 92093KN  21342.92510683  .00000112  00000-0  10316-3 0  9990
2 39722  70.8935 181.7955 0107053 169.2485 258.4899 13.99527996390427
SL-16 DEB
1 39722U 92093KN  21342.92510683  .00000112  00000-0  10316-3 0  9990
2 39722  70.8935 181.7955 0107053 169.2485 258.4899 13.99527996410947
SL-16 DEB
1 39722U 92093KN  21343.84404920  .00000110  00000-0  10192-3 0  9998
2 39722  70.8934 179.9041 0106995 167.8910 208.4111 13.99528340390552
SL-16 DEB
1 39722U 92093KN  21345.30499799  .00000124  00000-0  11135-3 0  9992
2 39722  70.8933 176.8972 0106899 165.7360   9.1300 13.99528879411275
SL-16 DEB
1 39722U 92093KN  21345.30499799  .00000124  00000-0  11135-3 0  9992
2 39722  70.8933 176.8972 0106899 165.7360   9.1300 13.99528879390754
SL-16 DEB
1 39722U 92093KN  21346.92851946  .00000136  00000-0  11883-3 0  9990
2 39722  70.8932 173.5557 0106808 163.3444 268.9417 13.99529402390985
SL-16 DEB
1 39722U 92093KN  21347.77429307  .00000149  00000-0  12741-3 0  9994
2 39722  70.8932 171.8149 0106757 162.0962 210.2186 13.99529734411623
SL-16 DEB
1 39722U 92093KN  21347.77429307  .00000149  00000-0  12741-3 0  9994
2 39722  70.8932 171.8149 0106757 162.0962 210.2186 13.99529734391103
SL-16 DEB
1 39722U 92093KN  21350.23681545  .00000155  00000-0  13155-3 0  9990
2 39722  70.8933 166.7465 0106595 158.4655  17.1935 13.99530752391441
SL-16 DEB
1 39722U 92093KN  21350.85854316  .00000163  00000-0  13669-3 0  9995
2 39722  70.8933 165.4668 0106554 157.5561 269.6511 13.99531096412050
SL-16 DEB
1 39722U 92093KN  21350.85854316  .00000163  00000-0  13669-3 0  9995
2 39722  70.8933 165.4668 0106554 157.5561 269.6511 13.99531096391539
SL-16 DEB
1 39722U 92093KN  21351.77726625  .00000169  00000-0  14071-3 0  9992
2 39722  70.8934 163.5758 0106499 156.2041 218.4731 13.99531580391664
SL-16 DEB
1 39722U 92093KN  21352.86027986  .00000196  00000-0  15834-3 0  9995
2 39722  70.8934 161.3468 0106426 154.6088 275.0474 13.99532280391819
SL-16 DEB
1 39722U 92093KN  21353.15572082  .00000202  00000-0  16179-3 0  9991
2 39722  70.8934 160.7387 0106408 154.1719 323.5779 13.99532507412372
SL-16 DEB
1 39722U 92093KN  21353.15572082  .00000202  00000-0  16179-3 0  9991
2 39722  70.8934 160.7387 0106408 154.1719 323.5779 13.99532507391851
SL-16 DEB
1 39722U 92093KN  21354.23918484  .00000274  00000-0  20906-3 0  9993
2 39722  70.8935 158.5087 0106346 152.5729  22.4282 13.99533451392009
SL-16 DEB
1 39722U 92093KN  21355.15561497  .00000266  00000-0  20406-3 0  9999
2 39722  70.8935 156.6226 0106290 151.2246 319.7050 13.99533958392132
SL-16 DEB
1 39722U 92093KN  21356.86384557  .00000279  00000-0  21259-3 0  9999
2 39722  70.8936 153.1067 0106172 148.7074 286.3415 13.99535054412896
SL-16 DEB
1 39722U 92093KN  21356.86384557  .00000279  00000-0  21259-3 0  9999
2 39722  70.8936 153.1067 0106172 148.7074 286.3415 13.99535054392376
SL-16 DEB
1 39722U 92093KN  21357.70962659  .00000315  00000-0  23550-3 0  9995
2 39722  70.8937 151.3659 0106133 147.4537 227.6797 13.99535867392497
SL-16 DEB
1 39722U 92093KN  21360.08950524  .00000308  00000-0  23103-3 0  9994
2 39722  70.8939 146.4676 0105958 143.9463 338.3237 13.99537666413342
SL-16 DEB
1 39722U 92093KN  21360.08950524  .00000308  00000-0  23103-3 0  9994
2 39722  70.8939 146.4676 0105958 143.9463 338.3237 13.99537666392821
SL-16 DEB
1 39722U 92093KN  21360.79387824  .00000303  00000-0  22826-3 0  9995
2 39722  70.8941 145.0179 0105911 142.9078 287.1991 13.99538150392925
SL-16 DEB
1 39722U 92093KN  21361.08898413  .00000281  00000-0  21381-3 0  9999
2 39722  70.8942 144.4106 0105886 142.4691 334.0491 13.99538257392965
SL-16 DEB
1 39722U 92093KN  21363.08907618  .00000292  00000-0  22070-3 0  9997
2 39722  70.8945 140.2941 0105762 139.5112 331.2249 13.99539713413767
SL-16 DEB
1 39722U 92093KN  21365.72494420  .00000199  00000-0  16020-3 0  9996
2 39722  70.8948 134.8692 0105582 135.6083 291.6849 13.99541052393611
SL-16 DEB
1 39722U 92093KN  21365.72494420  .00000199  00000-0  16020-3 0  9996
2 39722  70.8948 134.8692 0105582 135.6083 291.6849 13.99541052414132
SL-16 DEB
1 39722U 92093KN  22002.79933140  .00000172  00000-0  14211-3 0  9990
2 39722  70.8950 130.5998 0105459 132.5279 303.2194 13.99542249393906
SL-16 DEB
1 39722U 92093KN  22002.79933140  .00000172  00000-0  14211-3 0  9990
2 39722  70.8950 130.5998 0105459 132.5279 303.2194 13.99542249414427
SL-16 DEB
1 39722U 92093KN  22004.10525580  .00000175  00000-0  14409-3 0  9994
2 39722  70.8950 127.9118 0105382 130.5867  42.9583 13.99542953394087
SL-16 DEB
1 39722U 92093KN  22005.57465287  .00000165  00000-0  13812-3 0  9999
2 39722  70.8951 124.8876 0105302 128.4072 246.3323 13.99543524414812
SL-16 DEB
1 39722U 92093KN  22006.10665784  .00000162  00000-0  13615-3 0  9991
2 39722  70.8952 123.7926 0105271 127.6140  46.7777 13.99543712394360
SL-16 DEB
1 39722U 92093KN  22006.73018786  .00000154  00000-0  13067-3 0  9996
2 39722  70.8952 122.5093 0105232 126.6917 308.3542 13.99543884394457
SL-16 DEB
1 39722U 92093KN  22008.57643369  .00000139  00000-0  12099-3 0  9998
2 39722  70.8955 118.7097 0105111 123.9363 250.4555 13.99544511394710
SL-16 DEB
1 39722U 92093KN  22008.73121740  .00000136  00000-0  11921-3 0  9990
2 39722  70.8954 118.3911 0105099 123.7099 310.3109 13.99544533415257
SL-16 DEB
1 39722U 92093KN  22008.73121740  .00000136  00000-0  11921-3 0  9990
2 39722  70.8954 118.3911 0105099 123.7099 310.3109 13.99544533394736
SL-16 DEB
1 39722U 92093KN  22009.57699091  .00000142  00000-0  12311-3 0  9993
2 39722  70.8955 116.6504 0105047 122.4516 251.6437 13.99544941394856
SL-16 DEB
1 39722U 92093KN  22011.57799428  .00000142  00000-0  12302-3 0  9991
2 39722  70.8956 112.5322 0104938 119.4703 253.4765 13.99545713395136
SL-16 DEB
1 39722U 92093KN  22011.57799428  .00000142  00000-0  12302-3 0  9991
2 39722  70.8956 112.5322 0104938 119.4703 253.4765 13.99545713415656
SL-16 DEB
1 39722U 92093KN  22011.95586078  .00000134  00000-0  11742-3 0  9996
2 39722  70.8956 111.7545 0104890 118.9064 357.3157 13.99545776395188
SL-16 DEB
1 39722U 92093KN  22013.50777560  .00000137  00000-0  11989-3 0  9993
2 39722  70.8957 108.5605 0104833 116.5891 256.4744 13.99546229395409
SL-16 DEB
1 39722U 92093KN  22014.50884414  .00000147  00000-0  12618-3 0  9992
2 39722  70.8957 106.5002 0104771 115.0937 260.2549 13.99546587416063
SL-16 DEB
1 39722U 92093KN  22014.50884414  .00000147  00000-0  12618-3 0  9992
2 39722  70.8957 106.5002 0104771 115.0937 260.2549 13.99546587395542
SL-16 DEB
1 39722U 92093KN  22015.59076480  .00000183  00000-0  14993-3 0  9996
2 39722  70.8956 104.2735 0104720 113.4749 311.4054 13.99547206395691
SL-16 DEB
1 39722U 92093KN  22016.59165687  .00000207  00000-0  16552-3 0  9995
2 39722  70.8955 102.2135 0104667 111.9769 314.3042 13.99547827395831
SL-16 DEB
1 39722U 92093KN  22016.59165687  .00000207  00000-0  16552-3 0  9995
2 39722  70.8955 102.2135 0104667 111.9769 314.3042 13.99547827416352
SL-16 DEB
1 39722U 92093KN  22017.59254953  .00000210  00000-0  16750-3 0  9995
2 39722  70.8955 100.1535 0104617 110.4783 317.2083 13.99548381395975
SL-16 DEB
1 39722U 92093KN  22018.59332442  .00000218  00000-0  17242-3 0  9991
2 39722  70.8955  98.0937 0104570 108.9796 319.5215 13.99548979396112
SL-16 DEB
1 39722U 92093KN  22018.59332442  .00000218  00000-0  17242-3 0  9991
2 39722  70.8955  98.0937 0104570 108.9796 319.5215 13.99548979416632
SL-16 DEB
1 39722U 92093KN  22018.88956340  .00000227  00000-0  17833-3 0  9998
2 39722  70.8954  97.4839 0104572 108.5340  12.0974 13.99549223396152
SL-16 DEB
1 39722U 92093KN  22019.59413403  .00000239  00000-0  18611-3 0  9993
2 39722  70.8954  96.0338 0104547 107.4805 322.0128 13.99549682396252
SL-16 DEB
1 39722U 92093KN  22019.88901800  .00000225  00000-0  17695-3 0  9994
2 39722  70.8954  95.4269 0104535 107.0371   7.7614 13.99549756396292
SL-16 DEB
1 39722U 92093KN  22021.44186961  .00000192  00000-0  15556-3 0  9999
2 39722  70.8953  92.2308 0104485 104.7115 271.6704 13.99550327417038
SL-16 DEB
1 39722U 92093KN  22021.59597316  .00000191  00000-0  15456-3 0  9993
2 39722  70.8953  91.9136 0104479 104.4770 328.1117 13.99550388396534
SL-16 DEB
1 39722U 92093KN  22023.44275286  .00000155  00000-0  13104-3 0  9996
2 39722  70.8953  88.1127 0104408 101.7049 272.9634 13.99551044417313
SL-16 DEB
1 39722U 92093KN  22023.44275286  .00000155  00000-0  13104-3 0  9996
2 39722  70.8953  88.1127 0104408 101.7049 272.9634 13.99551044396791
SL-16 DEB
1 39722U 92093KN  22024.52502580  .00000129  00000-0  11418-3 0  9993
2 39722  70.8952  85.8852 0104373 100.0774 325.9137 13.99551395396940
SL-16 DEB
1 39722U 92093KN  22026.82272285  .00000132  00000-0  11640-3 0  9995
2 39722  70.8951  81.1558 0104295  96.6196  22.6940 13.99552372417787
SL-16 DEB
1 39722U 92093KN  22026.82272285  .00000132  00000-0  11640-3 0  9995
2 39722  70.8951  81.1558 0104295  96.6196  22.6940 13.99552372397267
SL-16 DEB
1 39722U 92093KN  22028.52848473  .00000162  00000-0  13579-3 0  9998
2 39722  70.8950  77.6449 0104251  94.0520 337.0576 13.99553110397506
SL-16 DEB
1 39722U 92093KN  22029.37447169  .00000189  00000-0  15382-3 0  9992
2 39722  70.8948  75.9030 0104243  92.7863 279.4998 13.99553591418140
SL-16 DEB
1 39722U 92093KN  22029.37447169  .00000189  00000-0  15382-3 0  9992
2 39722  70.8948  75.9030 0104243  92.7863 279.4998 13.99553591397629
SL-16 DEB
1 39722U 92093KN  22030.37565190  .00000206  00000-0  16473-3 0  9991
2 39722  70.8948  73.8423 0104229  91.2793 283.8807 13.99554044397769
SL-16 DEB
1 39722U 92093KN  22030.83624956  .00000215  00000-0  17069-3 0  9990
2 39722  70.8948  72.8942 0104226  90.5824  84.5765 13.99554314397824
SL-16 DEB
1 39722U 92093KN  22031.45753737  .00000259  00000-0  19950-3 0  9998
2 39722  70.8948  71.6154 0104224  89.6526 334.8916 13.99554878418437
SL-16 DEB
1 39722U 92093KN  22031.53063984  .00000255  00000-0  19701-3 0  9995
2 39722  70.8947  71.4648 0104225  89.5425 343.2139 13.99554898397923
SL-16 DEB
1 39722U 92093KN  22032.53140142  .00000260  00000-0  19976-3 0  9998
2 39722  70.8947  69.4048 0104215  88.0346 345.4921 13.99555482398068
SL-16 DEB
1 39722U 92093KN  22033.45922834  .00000231  00000-0  18119-3 0  9992
2 39722  70.8947  67.4950 0104203  86.6338 340.2975 13.99555859418715
SL-16 DEB
1 39722U 92093KN  22033.45922834  .00000231  00000-0  18119-3 0  9992
2 39722  70.8947  67.4950 0104203  86.6338 340.2975 13.99555859398194
SL-16 DEB
1 39722U 92093KN  22033.83795557  .00000223  00000-0  17594-3 0  9991
2 39722  70.8947  66.7154 0104209  86.0649  88.4918 13.99556054398249
SL-16 DEB
1 39722U 92093KN  22034.53290692  .00000204  00000-0  16360-3 0  9998
2 39722  70.8947  65.2849 0104206  85.0199 349.9637 13.99556338398349
SL-16 DEB
1 39722U 92093KN  22035.46091615  .00000259  00000-0  19908-3 0  9996
2 39722  70.8947  63.3747 0104209  83.6285 345.6831 13.99557199418997
SL-16 DEB
1 39722U 92093KN  22035.46091615  .00000259  00000-0  19908-3 0  9996
2 39722  70.8947  63.3747 0104209  83.6285 345.6831 13.99557199398477
SL-16 DEB
1 39722U 92093KN  22036.46177177  .00000274  00000-0  20937-3 0  9996
2 39722  70.8947  61.3145 0104218  82.1237 348.4409 13.99557862398613
SL-16 DEB
1 39722U 92093KN  22037.84076625  .00000260  00000-0  19979-3 0  9994
2 39722  70.8947  58.4759 0104232  80.0459  96.4379 13.99558497419323
SL-16 DEB
1 39722U 92093KN  22037.84076625  .00000260  00000-0  19979-3 0  9994
2 39722  70.8947  58.4759 0104232  80.0459  96.4379 13.99558497398802
SL-16 DEB
1 39722U 92093KN  22038.39015223  .00000245  00000-0  19047-3 0  9991
2 39722  70.8947  57.3450 0104244  79.2285 344.4824 13.99558649398886
SL-16 DEB
1 39722U 92093KN  22040.77113104  .00000262  00000-0  20121-3 0  9997
2 39722  70.8948  52.4438 0104275  75.6475 100.9333 13.99560118419736
SL-16 DEB
1 39722U 92093KN  22040.77113104  .00000262  00000-0  20121-3 0  9997
2 39722  70.8948  52.4438 0104275  75.6475 100.9333 13.99560118399216
SL-16 DEB
1 39722U 92093KN  22041.77122684  .00000267  00000-0  20465-3 0  9997
2 39722  70.8949  50.3852 0104293  74.1355  99.8811 13.99560778399359
SL-16 DEB
1 39722U 92093KN  22042.31142686  .00000293  00000-0  22148-3 0  9991
2 39722  70.8949  49.2732 0104302  73.3234 301.6569 13.99561276399438
SL-16 DEB
1 39722U 92093KN  22046.24235965  .00000278  00000-0  21192-3 0  9991
2 39722  70.8953  41.1819 0104425  67.4229 307.5145 13.99563764420506
SL-16 DEB
1 39722U 92093KN  22047.32422661  .00000265  00000-0  20337-3 0  9998
2 39722  70.8954  38.9550 0104464  65.8052 358.4603 13.99564433400137
SL-16 DEB
1 39722U 92093KN  22047.70332998  .00000263  00000-0  20207-3 0  9997
2 39722  70.8954  38.1747 0104475  65.2357 108.5620 13.99564719400186
SL-16 DEB
1 39722U 92093KN  22048.70390285  .00000241  00000-0  18730-3 0  9995
2 39722  70.8956  36.1151 0104510  63.7370 109.9166 13.99565316420842
SL-16 DEB
1 39722U 92093KN  22048.70390285  .00000241  00000-0  18730-3 0  9995
2 39722  70.8956  36.1151 0104510  63.7370 109.9166 13.99565316400323
SL-16 DEB
1 39722U 92093KN  22049.24402091  .00000237  00000-0  18499-3 0  9991
2 39722  70.8957  35.0034 0104530  62.9273 311.2856 13.99565659400400
SL-16 DEB
1 39722U 92093KN  22050.32715457  .00000254  00000-0  19585-3 0  9991
2 39722  70.8958  32.7739 0104580  61.3101   8.6181 13.99566415400550
SL-16 DEB
1 39722U 92093KN  22050.70462774  .00000255  00000-0  19675-3 0  9995
2 39722  70.8959  31.9969 0104601  60.7448 110.5063 13.99566659421126
SL-16 DEB
1 39722U 92093KN  22050.70462774  .00000255  00000-0  19675-3 0  9995
2 39722  70.8959  31.9969 0104601  60.7448 110.5063 13.99566659400606
SL-16 DEB
1 39722U 92093KN  22051.24477944  .00000269  00000-0  20591-3 0  9994
2 39722  70.8960  30.8851 0104622  59.9404 312.0422 13.99567054400687
SL-16 DEB
1 39722U 92093KN  22052.17389502  .00000254  00000-0  19611-3 0  9994
2 39722  70.8960  28.9725 0104679  58.5494 313.3672 13.99567453400810
SL-16 DEB
1 39722U 92093KN  22053.17512876  .00000282  00000-0  21459-3 0  9991
2 39722  70.8962  26.9116 0104732  57.0569 318.0537 13.99568123421473
SL-16 DEB
1 39722U 92093KN  22053.17512876  .00000282  00000-0  21459-3 0  9991
2 39722  70.8962  26.9116 0104732  57.0569 318.0537 13.99568123400953
SL-16 DEB
1 39722U 92093KN  22053.70710355  .00000285  00000-0  21598-3 0  9999
2 39722  70.8963  25.8168 0104755  56.2659 118.3916 13.99568424401020
SL-16 DEB
1 39722U 92093KN  22055.17618402  .00000279  00000-0  21215-3 0  9991
2 39722  70.8965  22.7929 0104823  54.0764 320.3156 13.99569303421752
SL-16 DEB
1 39722U 92093KN  22055.17618402  .00000279  00000-0  21215-3 0  9991
2 39722  70.8965  22.7929 0104823  54.0764 320.3156 13.99569303401233
SL-16 DEB
1 39722U 92093KN  22058.17777373  .00000251  00000-0  19384-3 0  9991
2 39722  70.8970  16.6150 0104980  49.6067 323.7610 13.99571350422170
SL-16 DEB
1 39722U 92093KN  22058.17777373  .00000251  00000-0  19384-3 0  9991
2 39722  70.8970  16.6150 0104980  49.6067 323.7610 13.99571350401650
SL-16 DEB
1 39722U 92093KN  22058.63821727  .00000296  00000-0  22332-3 0  9991
2 39722  70.8971  15.6673 0105015  48.9210 123.6990 13.99571981401717
SL-16 DEB
1 39722U 92093KN  22059.63899530  .00000296  00000-0  22356-3 0  9995
2 39722  70.8972  13.6075 0105074  47.4358 126.0986 13.99572634401857
SL-16 DEB
1 39722U 92093KN  22060.26161177  .00000281  00000-0  21346-3 0  9997
2 39722  70.8972  12.3260 0105120  46.5158  23.1355 13.99572891422461
SL-16 DEB
1 39722U 92093KN  22060.26161177  .00000281  00000-0  21346-3 0  9997
2 39722  70.8972  12.3260 0105120  46.5158  23.1355 13.99572891401941
SL-16 DEB
1 39722U 92093KN  22063.19082383  .00000303  00000-0  22815-3 0  9990
2 39722  70.8975   6.2972 0105311  42.1800  21.9138 13.99574665422875
SL-16 DEB
1 39722U 92093KN  22063.19082383  .00000303  00000-0  22815-3 0  9990
2 39722  70.8975   6.2972 0105311  42.1800  21.9138 13.99574665402356
SL-16 DEB
1 39722U 92093KN  22065.11046521  .00000393  00000-0  28699-3 0  9993
2 39722  70.8977   2.3462 0105431  39.3402 334.0012 13.99576580402625
SL-16 DEB
1 39722U 92093KN  22066.48928331  .00000375  00000-0  27490-3 0  9990
2 39722  70.8977 359.5084 0105523  37.3022  81.1613 13.99577503423334
SL-16 DEB
1 39722U 92093KN  22066.48928331  .00000375  00000-0  27490-3 0  9990
2 39722  70.8977 359.5084 0105523  37.3022  81.1613 13.99577503402814
SL-16 DEB
1 39722U 92093KN  22067.57178125  .00000371  00000-0  27220-3 0  9996
2 39722  70.8978 357.2806 0105601  35.7081 135.3141 13.99578293402967
SL-16 DEB
1 39722U 92093KN  22068.57279634  .00000368  00000-0  27008-3 0  9994
2 39722  70.8978 355.2204 0105664  34.2371 138.9168 13.99579028403104
SL-16 DEB
1 39722U 92093KN  22068.57279634  .00000368  00000-0  27008-3 0  9994
2 39722  70.8978 355.2204 0105664  34.2371 138.9168 13.99579028423623
SL-16 DEB
1 39722U 92093KN  22071.04247435  .00000369  00000-0  27124-3 0  9994
2 39722  70.8977 350.1376 0105816  30.6033 342.3789 13.99581110423973
SL-16 DEB
1 39722U 92093KN  22071.50326598  .00000399  00000-0  29048-3 0  9993
2 39722  70.8977 349.1892 0105855  29.9291 144.0745 13.99581735403514
SL-16 DEB
1 39722U 92093KN  22071.76083309  .00000376  00000-0  27550-3 0  9992
2 39722  70.8977 348.6591 0105874  29.5525   1.8239 13.99581837403556
SL-16 DEB
1 39722U 92093KN  22072.50334229  .00000388  00000-0  28356-3 0  9993
2 39722  70.8977 347.1309 0105923  28.4599 142.9585 13.99582557403653
SL-16 DEB
1 39722U 92093KN  22074.12643611  .00000399  00000-0  29020-3 0  9992
2 39722  70.8976 343.7904 0106013  26.0770  40.9268 13.99584361424407
SL-16 DEB
1 39722U 92093KN  22074.12643611  .00000399  00000-0  29020-3 0  9992
2 39722  70.8976 343.7904 0106013  26.0770  40.9268 13.99584361403886
SL-16 DEB
1 39722U 92093KN  22075.42224630  .00000389  00000-0  28379-3 0  9997
2 39722  70.8974 341.1233 0106097  24.1809  89.8737 13.99585580404063
SL-16 DEB
1 39722U 92093KN  22076.50636822  .00000371  00000-0  27212-3 0  9993
2 39722  70.8973 338.8920 0106166  22.5921 152.2339 13.99586411424735
SL-16 DEB
1 39722U 92093KN  22076.50636822  .00000371  00000-0  27212-3 0  9993
2 39722  70.8973 338.8920 0106166  22.5921 152.2339 13.99586411404216
SL-16 DEB
1 39722U 92093KN  22078.43588326  .00000328  00000-0  24427-3 0  9999
2 39722  70.8969 334.9205 0106277  19.7619 154.1278 13.99587784404485
SL-16 DEB
1 39722U 92093KN  22080.05801220  .00000276  00000-0  21045-3 0  9996
2 39722  70.8967 331.5817 0106382  17.3932  47.2439 13.99588612425232
SL-16 DEB
1 39722U 92093KN  22080.05801220  .00000276  00000-0  21045-3 0  9996
2 39722  70.8967 331.5817 0106382  17.3932  47.2439 13.99588612404712
SL-16 DEB
1 39722U 92093KN  22081.43753270  .00000266  00000-0  20376-3 0  9995
2 39722  70.8965 328.7423 0106474  15.3801 157.9803 13.99589598404905
SL-16 DEB
1 39722U 92093KN  22082.35540833  .00000267  00000-0  20448-3 0  9997
2 39722  70.8963 326.8530 0106531  14.0369 102.7169 13.99590196425553
SL-16 DEB
1 39722U 92093KN  22082.35540833  .00000267  00000-0  20448-3 0  9997
2 39722  70.8963 326.8530 0106531  14.0369 102.7169 13.99590196405034
SL-16 DEB
1 39722U 92093KN  22083.43906154  .00000275  00000-0  20973-3 0  9991
2 39722  70.8961 324.6225 0106591  12.4527 162.7293 13.99590916405183
SL-16 DEB
1 39722U 92093KN  22087.37005755  .00000300  00000-0  22585-3 0  9995
2 39722  70.8952 316.5305 0106796   6.7290 169.1438 13.99593362426253
SL-16 DEB
1 39722U 92093KN  22087.37005755  .00000300  00000-0  22585-3 0  9995
2 39722  70.8952 316.5305 0106796   6.7290 169.1438 13.99593362405733
SL-16 DEB
1 39722U 92093KN  22087.99124021  .00000294  00000-0  22202-3 0  9999
2 39722  70.8952 315.2519 0106832   5.8351  58.9788 13.99593721405827
SL-16 DEB
1 39722U 92093KN  22088.91026138  .00000338  00000-0  25037-3 0  9990
2 39722  70.8950 313.3599 0106867   4.4986   9.4946 13.99594687405952
SL-16 DEB
1 39722U 92093KN  22089.37103022  .00000366  00000-0  26912-3 0  9993
2 39722  70.8949 312.4113 0106889   3.8291 171.0923 13.99595194426530
SL-16 DEB
1 39722U 92093KN  22089.37103022  .00000366  00000-0  26912-3 0  9993
2 39722  70.8949 312.4113 0106889   3.8291 171.0923 13.99595194406011
SL-16 DEB
1 39722U 92093KN  22089.91072072  .00000388  00000-0  28322-3 0  9994
2 39722  70.8948 311.3003 0106910   3.0415  10.3439 13.99595746406099
SL-16 DEB
1 39722U 92093KN  22090.37180530  .00000389  00000-0  28371-3 0  9990
2 39722  70.8948 310.3511 0106949   2.3597 173.5453 13.99596091406156
SL-16 DEB
1 39722U 92093KN  22092.99505852  .00000443  00000-0  31919-3 0  9991
2 39722  70.8943 304.9512 0107067 358.5226  70.9389 13.99598809427046
SL-16 DEB
1 39722U 92093KN  22093.84191069  .00000439  00000-0  31633-3 0  9995
2 39722  70.8940 303.2078 0107101 357.2703  17.8670 13.99599695406647
SL-16 DEB
1 39722U 92093KN  22094.30314685  .00000443  00000-0  31900-3 0  9990
2 39722  70.8941 302.2585 0107142 356.6000 181.8292 13.99600263406701
SL-16 DEB
1 39722U 92093KN  22094.92350959  .00000412  00000-0  29855-3 0  9994
2 39722  70.8940 300.9818 0107160 355.6947  67.5616 13.99600682406797
SL-16 DEB
1 39722U 92093KN  22095.30330637  .00000424  00000-0  30673-3 0  9991
2 39722  70.8941 300.2000 0107178 355.1491 181.1820 13.99601197427360
SL-16 DEB
1 39722U 92093KN  22095.30330637  .00000424  00000-0  30673-3 0  9991
2 39722  70.8941 300.2000 0107178 355.1491 181.1820 13.99601197406840
SL-16 DEB
1 39722U 92093KN  22095.84202590  .00000413  00000-0  29937-3 0  9995
2 39722  70.8940 299.0909 0107196 354.3648  15.5520 13.99601738406924
SL-16 DEB
1 39722U 92093KN  22096.92536205  .00000387  00000-0  28232-3 0  9995
2 39722  70.8939 296.8607 0107250 352.7771  74.0164 13.99602702407075
SL-16 DEB
1 39722U 92093KN  22097.30430624  .00000389  00000-0  28398-3 0  9991
2 39722  70.8939 296.0806 0107212 352.2382 183.3384 13.99603124407122
SL-16 DEB
1 39722U 92093KN  22097.30430624  .00000389  00000-0  28398-3 0  9991
2 39722  70.8939 296.0806 0107212 352.2382 183.3384 13.99603124427641
SL-16 DEB
1 39722U 92093KN  22098.30410142  .00000387  00000-0  28247-3 0  9996
2 39722  70.8938 294.0222 0107275 350.7801 180.8740 13.99604057407268
SL-16 DEB
1 39722U 92093KN  22099.30557600  .00000379  00000-0  27749-3 0  9995
2 39722  70.8937 291.9604 0107317 349.3204 186.8736 13.99604879427923
SL-16 DEB
1 39722U 92093KN  22099.30557600  .00000379  00000-0  27749-3 0  9995
2 39722  70.8937 291.9604 0107317 349.3204 186.8736 13.99604879407404
SL-16 DEB
1 39722U 92093KN  22102.77516894  .00000358  00000-0  26349-3 0  9993
2 39722  70.8936 284.8173 0107459 344.2645  28.6824 13.99607663428414
SL-16 DEB
1 39722U 92093KN  22102.77516894  .00000358  00000-0  26349-3 0  9993
2 39722  70.8936 284.8173 0107459 344.2645  28.6824 13.99607663407893
SL-16 DEB
1 39722U 92093KN  22103.23644293  .00000353  00000-0  26029-3 0  9990
2 39722  70.8936 283.8677 0107482 343.5922 192.8491 13.99608041407959
SL-16 DEB
1 39722U 92093KN  22103.85750294  .00000326  00000-0  24277-3 0  9990
2 39722  70.8936 282.5889 0107495 342.6827  82.1166 13.99608467408041
SL-16 DEB
1 39722U 92093KN  22106.85984178  .00000288  00000-0  21839-3 0  9991
2 39722  70.8937 276.4080 0107640 338.3005  89.6739 13.99610762428983
SL-16 DEB
1 39722U 92093KN  22106.85984178  .00000288  00000-0  21839-3 0  9991
2 39722  70.8937 276.4080 0107640 338.3005  89.6739 13.99610762408464
SL-16 DEB
1 39722U 92093KN  22107.23874802  .00000292  00000-0  22089-3 0  9999
2 39722  70.8937 275.6280 0107669 337.7507 198.8254 13.99611023408510
SL-16 DEB
1 39722U 92093KN  22107.70591176  .00000290  00000-0  21918-3 0  9999
2 39722  70.8937 274.6661 0107705 337.0738  32.6695 13.99611302408583
SL-16 DEB
1 39722U 92093KN  22108.15461032  .00000310  00000-0  23262-3 0  9993
2 39722  70.8937 273.7425 0107734 336.4204 133.4794 13.99611717408641
SL-16 DEB
1 39722U 92093KN  22108.86128855  .00000316  00000-0  23630-3 0  9999
2 39722  70.8937 272.2876 0107740 335.3842  94.1524 13.99612204408745
SL-16 DEB
1 39722U 92093KN  22108.86128855  .00000316  00000-0  23630-3 0  9999
2 39722  70.8937 272.2876 0107740 335.3842  94.1524 13.99612204429265
SL-16 DEB
1 39722U 92093KN  22113.79230590  .00000360  00000-0  26496-3 0  9999
2 39722  70.8944 262.1363 0107986 328.1934  99.6027 13.99616268429954
SL-16 DEB
1 39722U 92093KN  22114.17132214  .00000365  00000-0  26836-3 0  9999
2 39722  70.8945 261.3560 0108024 327.6467 209.3130 13.99616631409489
SL-16 DEB
1 39722U 92093KN  22115.17164514  .00000352  00000-0  25957-3 0  9997
2 39722  70.8946 259.2967 0108076 326.1904 209.5533 13.99617355409623
SL-16 DEB
1 39722U 92093KN  22119.10235755  .00000403  00000-0  29288-3 0  9998
2 39722  70.8948 251.2047 0108262 320.4643 214.9274 13.99621053430693
SL-16 DEB
1 39722U 92093KN  22119.10235755  .00000403  00000-0  29288-3 0  9998
2 39722  70.8948 251.2047 0108262 320.4643 214.9274 13.99621053410174
SL-16 DEB
1 39722U 92093KN  22119.64182433  .00000404  00000-0  29361-3 0  9994
2 39722  70.8949 250.0944 0108298 319.6881  53.0906 13.99621568410255
SL-16 DEB
1 39722U 92093KN  22121.64294638  .00000401  00000-0  29159-3 0  9990
2 39722  70.8951 245.9750 0108394 316.7767  56.0086 13.99623534431052
SL-16 DEB
1 39722U 92093KN  22121.64294638  .00000401  00000-0  29159-3 0  9990
2 39722  70.8951 245.9750 0108394 316.7767  56.0086 13.99623534410532
SL-16 DEB
1 39722U 92093KN  22122.02124050  .00000386  00000-0  28168-3 0  9994
2 39722  70.8952 245.1966 0108383 316.2083 162.1111 13.99623706410582
SL-16 DEB
1 39722U 92093KN  22123.10493693  .00000353  00000-0  26039-3 0  9995
2 39722  70.8953 242.9656 0108435 314.6430 222.4526 13.99624420410731
SL-16 DEB
1 39722U 92093KN  22126.57428659  .00000367  00000-0  26954-3 0  9990
2 39722  70.8954 235.8238 0108609 309.6347  63.2289 13.99627177431746
SL-16 DEB
1 39722U 92093KN  22126.57428659  .00000367  00000-0  26954-3 0  9990
2 39722  70.8954 235.8238 0108609 309.6347  63.2289 13.99627177411227
SL-16 DEB
1 39722U 92093KN  22127.03571949  .00000354  00000-0  26065-3 0  9992
2 39722  70.8956 234.8741 0108659 308.9679 228.2225 13.99627499411288
SL-16 DEB
1 39722U 92093KN  22128.73030275  .00000282  00000-0  21397-3 0  9995
2 39722  70.8955 231.3857 0108722 306.5269 126.6123 13.99628467432048
SL-16 DEB
1 39722U 92093KN  22128.73030275  .00000282  00000-0  21397-3 0  9995
2 39722  70.8955 231.3857 0108722 306.5269 126.6123 13.99628467411528
SL-16 DEB
1 39722U 92093KN  22129.65813924  .00000273  00000-0  20834-3 0  9992
2 39722  70.8957 229.4760 0108792 305.1644 121.6736 13.99629192411655
SL-16 DEB
1 39722U 92093KN  22130.57707840  .00000270  00000-0  20640-3 0  9996
2 39722  70.8958 227.5846 0108812 303.8281  71.8930 13.99629876411780
SL-16 DEB
1 39722U 92093KN  22137.50846312  .00000452  00000-0  32432-3 0  9998
2 39722  70.8954 213.3167 0109151 293.7811  76.8092 13.99636307412757
SL-16 DEB
1 39722U 92093KN  22137.50846312  .00000452  00000-0  32432-3 0  9998
2 39722  70.8954 213.3167 0109151 293.7811  76.8092 13.99636307433277
SL-16 DEB
1 39722U 92093KN  22137.88737591  .00000457  00000-0  32750-3 0  9995
2 39722  70.8954 212.5367 0109140 293.2271 186.0320 13.99636632412808
SL-16 DEB
1 39722U 92093KN  22138.59192455  .00000483  00000-0  34439-3 0  9993
2 39722  70.8954 211.0865 0109119 292.2339 135.9968 13.99637381412909
SL-16 DEB
1 39722U 92093KN  22139.43865108  .00000506  00000-0  35964-3 0  9999
2 39722  70.8954 209.3433 0109143 291.0202  82.3680 13.99638346413025
SL-16 DEB
1 39722U 92093KN  22139.97126132  .00000511  00000-0  36255-3 0  9995
2 39722  70.8954 208.2469 0109162 290.2610 246.0095 13.99638886433612
SL-16 DEB
1 39722U 92093KN  22140.59338260  .00000482  00000-0  34407-3 0  9996
2 39722  70.8952 206.9663 0109188 289.3562 140.6853 13.99639268413180
SL-16 DEB
1 39722U 92093KN  22141.52091701  .00000481  00000-0  34345-3 0  9996
2 39722  70.8950 205.0569 0109219 288.0060 134.2486 13.99640233413317
SL-16 DEB
1 39722U 92093KN  22141.90086166  .00000475  00000-0  33911-3 0  9998
2 39722  70.8949 204.2749 0109225 287.4608 248.6673 13.99640657413367
SL-16 DEB
1 39722U 92093KN  22142.52183164  .00000480  00000-0  34276-3 0  9994
2 39722  70.8949 202.9966 0109242 286.5713 137.5343 13.99641402413458
SL-16 DEB
1 39722U 92093KN  22142.52183164  .00000480  00000-0  34276-3 0  9994
2 39722  70.8949 202.9966 0109242 286.5713 137.5343 13.99641402433977
SL-16 DEB
1 39722U 92093KN  22144.44149120  .00000415  00000-0  30033-3 0  9996
2 39722  70.8946 199.0449 0109306 283.8082  90.0992 13.99643158413720
SL-16 DEB
1 39722U 92093KN  22145.82002493  .00000413  00000-0  29922-3 0  9993
2 39722  70.8944 196.2071 0109350 281.8410 196.0937 13.99644699434438
SL-16 DEB
1 39722U 92093KN  22146.52484093  .00000389  00000-0  28318-3 0  9991
2 39722  70.8943 194.7562 0109363 280.8227 147.4519 13.99645221414014
SL-16 DEB
1 39722U 92093KN  22146.90377198  .00000374  00000-0  27348-3 0  9996
2 39722  70.8943 193.9760 0109373 280.2801 256.7689 13.99645504414069
SL-16 DEB
1 39722U 92093KN  22147.90405051  .00000385  00000-0  28112-3 0  9999
2 39722  70.8941 191.9169 0109381 278.8404 256.8741 13.99646479434726
SL-16 DEB
1 39722U 92093KN  22148.37124321  .00000380  00000-0  27724-3 0  9992
2 39722  70.8941 190.9551 0109390 278.1665  90.9211 13.99646845414276
SL-16 DEB
1 39722U 92093KN  22149.45391295  .00000339  00000-0  25104-3 0  9992
2 39722  70.8940 188.7263 0109431 276.6094 146.1765 13.99647685414423
SL-16 DEB
1 39722U 92093KN  22150.45484207  .00000315  00000-0  23564-3 0  9992
2 39722  70.8939 186.6658 0109449 275.1706 149.5663 13.99648497435080
SL-16 DEB
1 39722U 92093KN  22150.45484207  .00000315  00000-0  23564-3 0  9992
2 39722  70.8939 186.6658 0109449 275.1706 149.5663 13.99648497414560
SL-16 DEB
1 39722U 92093KN  22152.83557378  .00000243  00000-0  18882-3 0  9993
2 39722  70.8937 181.7647 0109475 271.7565 265.3810 13.99650214435414
SL-16 DEB
1 39722U 92093KN  22153.37492361  .00000224  00000-0  17649-3 0  9992
2 39722  70.8937 180.6544 0109483 270.9795 103.0131 13.99650503414976
SL-16 DEB
1 39722U 92093KN  22153.83618666  .00000223  00000-0  17559-3 0  9990
2 39722  70.8936 179.7048 0109482 270.3189 267.1850 13.99650854415030
SL-16 DEB
1 39722U 92093KN  22154.45801021  .00000218  00000-0  17215-3 0  9991
2 39722  70.8937 178.4247 0109500 269.4227 160.3810 13.99651247415128
SL-16 DEB
1 39722U 92093KN  22155.30467309  .00000211  00000-0  16791-3 0  9994
2 39722  70.8936 176.6818 0109513 268.2065 106.4771 13.99651727435764
SL-16 DEB
1 39722U 92093KN  22155.30467309  .00000211  00000-0  16791-3 0  9994
2 39722  70.8936 176.6818 0109513 268.2065 106.4771 13.99651727415245
SL-16 DEB
1 39722U 92093KN  22158.30583434  .00000212  00000-0  16810-3 0  9998
2 39722  70.8933 170.5031 0109512 263.8931 108.4975 13.99653372436186
SL-16 DEB
1 39722U 92093KN  22158.30583434  .00000212  00000-0  16810-3 0  9998
2 39722  70.8933 170.5031 0109512 263.8931 108.4975 13.99653372415666
SL-16 DEB
1 39722U 92093KN  22159.38836986  .00000235  00000-0  18311-3 0  9993
2 39722  70.8933 168.2744 0109510 262.3423 163.0941 13.99654162415814
SL-16 DEB
1 39722U 92093KN  22160.30699692  .00000252  00000-0  19431-3 0  9991
2 39722  70.8933 166.3832 0109507 261.0252 111.8046 13.99654837415943
SL-16 DEB
1 39722U 92093KN  22160.30699692  .00000252  00000-0  19431-3 0  9991
2 39722  70.8933 166.3832 0109507 261.0252 111.8046 13.99654837436463
SL-16 DEB
1 39722U 92093KN  22161.30808672  .00000257  00000-0  19769-3 0  9991
2 39722  70.8933 164.3222 0109498 259.5871 116.0273 13.99655492416085
SL-16 DEB
1 39722U 92093KN  22161.68598472  .00000278  00000-0  21120-3 0  9993
2 39722  70.8933 163.5442 0109465 259.0503 220.1506 13.99655956416138
SL-16 DEB
1 39722U 92093KN  22162.68551108  .00000290  00000-0  21894-3 0  9991
2 39722  70.8933 161.4864 0109455 257.6228 216.4918 13.99656683436797
SL-16 DEB
1 39722U 92093KN  22162.68551108  .00000290  00000-0  21894-3 0  9991
2 39722  70.8933 161.4864 0109455 257.6228 216.4918 13.99656683416278
SL-16 DEB
1 39722U 92093KN  22163.76998889  .00000304  00000-0  22780-3 0  9993
2 39722  70.8935 159.2540 0109442 256.0554 280.9016 13.99657517416426
SL-16 DEB
1 39722U 92093KN  22165.69954429  .00000369  00000-0  27041-3 0  9995
2 39722  70.8936 155.2816 0109394 253.2753 283.4438 13.99659325437210
SL-16 DEB
1 39722U 92093KN  22165.69954429  .00000369  00000-0  27041-3 0  9995
2 39722  70.8936 155.2816 0109394 253.2753 283.4438 13.99659325416699
SL-16 DEB
1 39722U 92093KN  22166.70005641  .00000370  00000-0  27068-3 0  9992
2 39722  70.8936 153.2218 0109377 251.8364 284.7736 13.99660179416836
SL-16 DEB
1 39722U 92093KN  22169.61869391  .00000353  00000-0  25958-3 0  9992
2 39722  70.8938 147.2132 0109350 247.6634 231.0467 13.99662483417242
SL-16 DEB
1 39722U 92093KN  22171.16969171  .00000340  00000-0  25178-3 0  9992
2 39722  70.8938 144.0201 0109208 245.3824 126.2034 13.99663549417465
SL-16 DEB
1 39722U 92093KN  22173.63195520  .00000316  00000-0  23586-3 0  9999
2 39722  70.8939 138.9507 0109124 241.8195 292.9944 13.99665204438325
SL-16 DEB
1 39722U 92093KN  22173.63195520  .00000316  00000-0  23586-3 0  9999
2 39722  70.8939 138.9507 0109124 241.8195 292.9944 13.99665204417805
SL-16 DEB
1 39722U 92093KN  22175.17208407  .00000272  00000-0  20763-3 0  9994
2 39722  70.8941 135.7801 0109050 239.5880 133.3676 13.99666189418021
SL-16 DEB
1 39722U 92093KN  22176.25519769  .00000253  00000-0  19499-3 0  9993
2 39722  70.8944 133.5504 0109030 238.0378 190.9246 13.99666896438696
SL-16 DEB
1 39722U 92093KN  22176.25519769  .00000253  00000-0  19499-3 0  9993
2 39722  70.8944 133.5504 0109030 238.0378 190.9246 13.99666896418177
SL-16 DEB
1 39722U 92093KN  22177.32848678  .00000255  00000-0  19646-3 0  9992
2 39722  70.8947 131.3411 0108990 236.4926 198.9898 13.99667657418322
SL-16 DEB
1 39722U 92093KN  22178.55135683  .00000207  00000-0  16491-3 0  9995
2 39722  70.8947 128.8235 0108932 234.7218 240.7722 13.99668058439015
SL-16 DEB
1 39722U 92093KN  22178.63504821  .00000209  00000-0  16637-3 0  9992
2 39722  70.8947 128.6511 0108929 234.6021 302.4739 13.99668107418507
SL-16 DEB
1 39722U 92093KN  22179.10280567  .00000194  00000-0  15688-3 0  9991
2 39722  70.8948 127.6881 0108913 233.9229 139.4071 13.99668263418579
SL-16 DEB
1 39722U 92093KN  22181.18525728  .00000158  00000-0  13334-3 0  9999
2 39722  70.8949 123.4011 0108813 230.9056 192.4477 13.99669018418863
SL-16 DEB
1 39722U 92093KN  22183.10511208  .00000155  00000-0  13150-3 0  9994
2 39722  70.8950 119.4488 0108727 228.1293 146.1965 13.99669871419130
SL-16 DEB
1 39722U 92093KN  22184.56596113  .00000176  00000-0  14511-3 0  9998
2 39722  70.8951 116.4414 0108653 226.0111 307.1209 13.99670657439856
SL-16 DEB
1 39722U 92093KN  22184.56596113  .00000176  00000-0  14511-3 0  9998
2 39722  70.8951 116.4414 0108653 226.0111 307.1209 13.99670657419337
SL-16 DEB
1 39722U 92093KN  22185.48439906  .00000195  00000-0  15699-3 0  9995
2 39722  70.8952 114.5506 0108617 224.6804 254.9447 13.99671111419465
SL-16 DEB
1 39722U 92093KN  22190.03714694  .00000193  00000-0  15580-3 0  9999
2 39722  70.8954 105.1781 0108389 218.0520 155.3813 13.99673179440625
SL-16 DEB
1 39722U 92093KN  22190.49809561  .00000202  00000-0  16183-3 0  9998
2 39722  70.8954 104.2292 0108353 217.3736 318.0247 13.99673520420160
SL-16 DEB
1 39722U 92093KN  22191.49817946  .00000222  00000-0  17507-3 0  9998
2 39722  70.8954 102.1703 0108302 215.9182 317.2640 13.99674200420307
SL-16 DEB
1 39722U 92093KN  22194.12190014  .00000301  00000-0  22637-3 0  9999
2 39722  70.8954  96.7687 0108183 212.1013 217.7244 13.99676255441191
SL-16 DEB
1 39722U 92093KN  22194.12190014  .00000301  00000-0  22637-3 0  9999
2 39722  70.8954  96.7687 0108183 212.1013 217.7244 13.99676255420671
SL-16 DEB
1 39722U 92093KN  22195.50031700  .00000294  00000-0  22178-3 0  9999
2 39722  70.8953  93.9308 0108106 210.0867 323.3361 13.99677004420866
SL-16 DEB
1 39722U 92093KN  22195.96888655  .00000299  00000-0  22469-3 0  9996
2 39722  70.8953  92.9661 0108087 209.4010 164.3819 13.99677328420935
SL-16 DEB
1 39722U 92093KN  22197.05096156  .00000293  00000-0  22077-3 0  9994
2 39722  70.8953  90.7383 0108024 207.8115 216.7893 13.99677969441603
SL-16 DEB
1 39722U 92093KN  22198.97031272  .00000278  00000-0  21114-3 0  9998
2 39722  70.8953  86.7870 0107922 205.0277 168.0712 13.99679217421351
SL-16 DEB
1 39722U 92093KN  22201.34970288  .00000320  00000-0  23825-3 0  9992
2 39722  70.8952  81.8884 0107799 201.5724 277.4281 13.99681099442205
SL-16 DEB
1 39722U 92093KN  22201.34970288  .00000320  00000-0  23825-3 0  9992
2 39722  70.8952  81.8884 0107799 201.5724 277.4281 13.99681099421684
SL-16 DEB
1 39722U 92093KN  22202.43233446  .00000296  00000-0  22291-3 0  9999
2 39722  70.8951  79.6593 0107744 199.9907 332.6454 13.99681672421838
SL-16 DEB
1 39722U 92093KN  22203.43306624  .00000323  00000-0  24069-3 0  9995
2 39722  70.8951  77.5990 0107697 198.5241 335.1896 13.99682496442497
SL-16 DEB
1 39722U 92093KN  22203.90164087  .00000276  00000-0  20997-3 0  9995
2 39722  70.8951  76.6344 0107679 197.8026 176.3025 13.99682366422047
SL-16 DEB
1 39722U 92093KN  22204.90219578  .00000231  00000-0  18045-3 0  9994
2 39722  70.8950  74.5745 0107632 196.3406 177.9521 13.99682677422181
SL-16 DEB
1 39722U 92093KN  22205.36275748  .00000230  00000-0  17962-3 0  9992
2 39722  70.8950  73.6263 0107600 195.6757 338.6478 13.99682944422243
SL-16 DEB
1 39722U 92093KN  22207.05816038  .00000199  00000-0  15994-3 0  9990
2 39722  70.8949  70.1357 0107518 193.1972 241.5416 13.99683739443001
SL-16 DEB
1 39722U 92093KN  22207.36400270  .00000208  00000-0  16590-3 0  9995
2 39722  70.8949  69.5060 0107500 192.7491 342.6395 13.99683991422529
SL-16 DEB
1 39722U 92093KN  22208.90435279  .00000185  00000-0  15047-3 0  9993
2 39722  70.8949  66.3346 0107426 190.4955 184.2511 13.99684637422740
SL-16 DEB
1 39722U 92093KN  22209.36457488  .00000188  00000-0  15261-3 0  9991
2 39722  70.8949  65.3871 0107402 189.8196 343.2500 13.99684872422808
SL-16 DEB
1 39722U 92093KN  22209.36457488  .00000188  00000-0  15261-3 0  9991
2 39722  70.8949  65.3871 0107402 189.8196 343.2500 13.99684872443328
SL-16 DEB
1 39722U 92093KN  22210.36568368  .00000180  00000-0  14758-3 0  9995
2 39722  70.8948  63.3259 0107360 188.3485 347.7088 13.99685281422943
SL-16 DEB
1 39722U 92093KN  22210.83394815  .00000182  00000-0  14850-3 0  9996
2 39722  70.8948  62.3619 0107351 187.6602 187.2349 13.99685536423014
SL-16 DEB
1 39722U 92093KN  22211.36556009  .00000178  00000-0  14610-3 0  9999
2 39722  70.8948  61.2673 0107319 186.8835 345.9558 13.99685738443601
SL-16 DEB
1 39722U 92093KN  22211.83435083  .00000168  00000-0  13987-3 0  9994
2 39722  70.8948  60.3022 0107304 186.1958 188.1324 13.99685892423159
SL-16 DEB
1 39722U 92093KN  22211.98885597  .00000168  00000-0  13959-3 0  9998
2 39722  70.8948  59.9841 0107297 185.9679 246.6652 13.99685954423175
SL-16 DEB
1 39722U 92093KN  22213.29586896  .00000152  00000-0  12948-3 0  9994
2 39722  70.8948  57.2931 0107230 184.0525 352.5369 13.99686493423354
SL-16 DEB
1 39722U 92093KN  22213.91699465  .00000148  00000-0  12632-3 0  9995
2 39722  70.8948  56.0142 0107206 183.1420 242.3109 13.99686751423447
SL-16 DEB
1 39722U 92093KN  22213.91699465  .00000148  00000-0  12632-3 0  9995
2 39722  70.8948  56.0142 0107206 183.1420 242.3109 13.99686751443966
SL-16 DEB
1 39722U 92093KN  22215.29605822  .00000151  00000-0  12833-3 0  9999
2 39722  70.8948  53.1748 0107142 181.1221 351.2391 13.99687436423638
SL-16 DEB
1 39722U 92093KN  22216.29702885  .00000170  00000-0  14110-3 0  9998
2 39722  70.8948  51.1138 0107102 179.6534 355.0102 13.99688072444298
SL-16 DEB
1 39722U 92093KN  22216.91923906  .00000184  00000-0  14993-3 0  9990
2 39722  70.8948  49.8327 0107081 178.7442 250.2497 13.99688436423863
SL-16 DEB
1 39722U 92093KN  22217.21521128  .00000198  00000-0  15894-3 0  9990
2 39722  70.8948  49.2233 0107071 178.3083 301.6205 13.99688662423903
SL-16 DEB
1 39722U 92093KN  22218.21486406  .00000223  00000-0  17548-3 0  9997
2 39722  70.8949  47.1650 0107012 176.8410 298.7544 13.99689244424041
SL-16 DEB
1 39722U 92093KN  22219.76661591  .00000283  00000-0  21425-3 0  9993
2 39722  70.8950  43.9700 0106952 174.5658 197.8531 13.99690288444782
SL-16 DEB
1 39722U 92093KN  22219.76661591  .00000283  00000-0  21425-3 0  9993
2 39722  70.8950  43.9700 0106952 174.5658 197.8531 13.99690288424263
SL-16 DEB
1 39722U 92093KN  22221.76805021  .00000307  00000-0  22995-3 0  9994
2 39722  70.8951  39.8493 0106856 171.6345 202.8557 13.99691660445062
SL-16 DEB
1 39722U 92093KN  22221.76805021  .00000307  00000-0  22995-3 0  9994
2 39722  70.8951  39.8493 0106856 171.6345 202.8557 13.99691660424542
SL-16 DEB
1 39722U 92093KN  22222.85067453  .00000286  00000-0  21618-3 0  9991
2 39722  70.8952  37.6203 0106819 170.0518 258.0786 13.99692284424698
SL-16 DEB
1 39722U 92093KN  22223.22876649  .00000276  00000-0  20947-3 0  9991
2 39722  70.8953  36.8418 0106797 169.4980   3.2435 13.99692503424749
SL-16 DEB
1 39722U 92093KN  22224.85191181  .00000284  00000-0  21486-3 0  9990
2 39722  70.8954  33.4999 0106720 167.1245 262.0996 13.99693717424972
SL-16 DEB
1 39722U 92093KN  22225.14772257  .00000275  00000-0  20933-3 0  9998
2 39722  70.8955  32.8909 0106708 166.6914 312.6593 13.99693860445539
SL-16 DEB
1 39722U 92093KN  22225.23034350  .00000277  00000-0  21017-3 0  9999
2 39722  70.8955  32.7207 0106697 166.5693   8.9789 13.99693918425027
SL-16 DEB
1 39722U 92093KN  22226.85379839  .00000277  00000-0  21039-3 0  9996
2 39722  70.8957  29.3783 0106624 164.1893 269.4091 13.99694998425250
SL-16 DEB
1 39722U 92093KN  22228.85467918  .00000311  00000-0  23218-3 0  9994
2 39722  70.8959  25.2587 0106529 161.2560 271.6585 13.99696381425534
SL-16 DEB
1 39722U 92093KN  22228.85467918  .00000311  00000-0  23218-3 0  9994
2 39722  70.8959  25.2587 0106529 161.2560 271.6585 13.99696381446054
SL-16 DEB
1 39722U 92093KN  22232.70260828  .00000278  00000-0  21077-3 0  9997
2 39722  70.8966  17.3368 0106303 155.6078 221.0438 13.99698862446593
SL-16 DEB
1 39722U 92093KN  22232.70260828  .00000278  00000-0  21077-3 0  9997
2 39722  70.8966  17.3368 0106303 155.6078 221.0438 13.99698862426074
SL-16 DEB
1 39722U 92093KN  22233.08026741  .00000256  00000-0  19664-3 0  9998
2 39722  70.8966  16.5592 0106296 155.0611 324.0291 13.99698946426122
SL-16 DEB
1 39722U 92093KN  22234.16340039  .00000241  00000-0  18676-3 0  9993
2 39722  70.8967  14.3294 0106241 153.4710  21.8509 13.99699553426275
SL-16 DEB
1 39722U 92093KN  22235.07989648  .00000215  00000-0  17000-3 0  9990
2 39722  70.8968  12.4426 0106204 152.1204 320.0098 13.99700000446926
SL-16 DEB
1 39722U 92093KN  22235.07989648  .00000215  00000-0  17000-3 0  9990
2 39722  70.8968  12.4426 0106204 152.1204 320.0098 13.99700000426407
SL-16 DEB
1 39722U 92093KN  22238.71563836  .00000156  00000-0  13147-3 0  9993
2 39722  70.8971   4.9579 0105994 146.7962 280.2355 13.99701702447430
SL-16 DEB
1 39722U 92093KN  22238.71563836  .00000156  00000-0  13147-3 0  9993
2 39722  70.8971   4.9579 0105994 146.7962 280.2355 13.99701702426910
SL-16 DEB
1 39722U 92093KN  22241.01287127  .00000211  00000-0  16763-3 0  9995
2 39722  70.8973   0.2287 0105861 143.4141 335.8458 13.99703137447753
SL-16 DEB
1 39722U 92093KN  22241.01287127  .00000211  00000-0  16763-3 0  9995
2 39722  70.8973   0.2287 0105861 143.4141 335.8458 13.99703137427234
SL-16 DEB
1 39722U 92093KN  22244.56480780  .00000261  00000-0  20025-3 0  9999
2 39722  70.8975 352.9166 0105688 138.2058 233.8250 13.99704967427739
SL-16 DEB
1 39722U 92093KN  22244.56480780  .00000261  00000-0  20025-3 0  9999
2 39722  70.8975 352.9166 0105688 138.2058 233.8250 13.99704967448259
SL-16 DEB
1 39722U 92093KN  22248.56773442  .00000252  00000-0  19391-3 0  9997
2 39722  70.8977 344.6767 0105428 132.2804 244.3915 13.99706953448815
SL-16 DEB
1 39722U 92093KN  22248.56773442  .00000252  00000-0  19391-3 0  9997
2 39722  70.8977 344.6767 0105428 132.2804 244.3915 13.99706953428295
SL-16 DEB
1 39722U 92093KN  22249.02736596  .00000262  00000-0  20089-3 0  9995
2 39722  70.8976 343.7305 0105390 131.6034  40.4534 13.99707279428359
SL-16 DEB
1 39722U 92093KN  22252.03000834  .00000272  00000-0  20721-3 0  9993
2 39722  70.8971 337.5488 0105229 127.1438  50.6792 13.99709161449293
SL-16 DEB
1 39722U 92093KN  22252.03000834  .00000272  00000-0  20721-3 0  9993
2 39722  70.8971 337.5488 0105229 127.1438  50.6792 13.99709161428773
SL-16 DEB
1 39722U 92093KN  22252.57914444  .00000263  00000-0  20137-3 0  9994
2 39722  70.8972 336.4182 0105187 126.3155 297.7739 13.99709436428852
SL-16 DEB
1 39722U 92093KN  22254.58064906  .00000271  00000-0  20652-3 0  9997
2 39722  70.8970 332.2978 0105077 123.3439 303.3119 13.99711003449657
SL-16 DEB
1 39722U 92093KN  22254.58064906  .00000271  00000-0  20652-3 0  9997
2 39722  70.8970 332.2978 0105077 123.3439 303.3119 13.99711003429138
SL-16 DEB
1 39722U 92093KN  22256.50007450  .00000317  00000-0  23668-3 0  9993
2 39722  70.8968 328.3464 0104962 120.4928 255.2666 13.99712773429401
SL-16 DEB
1 39722U 92093KN  22256.87802347  .00000324  00000-0  24134-3 0  9998
2 39722  70.8968 327.5683 0104942 119.9280 359.7504 13.99713123429453
SL-16 DEB
1 39722U 92093KN  22256.87802347  .00000324  00000-0  24134-3 0  9998
2 39722  70.8968 327.5683 0104942 119.9280 359.7504 13.99713123449972
SL-16 DEB
1 39722U 92093KN  22257.87779200  .00000312  00000-0  23344-3 0  9999
2 39722  70.8966 325.5101 0104906 118.4417 357.5740 13.99713748429596
SL-16 DEB
1 39722U 92093KN  22263.51396042  .00000223  00000-0  17557-3 0  9996
2 39722  70.8955 313.9068 0104652 110.0273 318.2470 13.99716865450909
SL-16 DEB
1 39722U 92093KN  22263.51396042  .00000223  00000-0  17557-3 0  9996
2 39722  70.8955 313.9068 0104652 110.0273 318.2470 13.99716865430389
SL-16 DEB
1 39722U 92093KN  22266.36161558  .00000265  00000-0  20260-3 0  9995
2 39722  70.8951 308.0439 0104551 105.7693 267.6227 13.99718636451307
SL-16 DEB
1 39722U 92093KN  22266.36161558  .00000265  00000-0  20260-3 0  9995
2 39722  70.8951 308.0439 0104551 105.7693 267.6227 13.99718636430786
SL-16 DEB
1 39722U 92093KN  22269.36344736  .00000253  00000-0  19485-3 0  9993
2 39722  70.8944 301.8633 0104477 101.2664 273.9330 13.99720346451724
SL-16 DEB
1 39722U 92093KN  22269.36344736  .00000253  00000-0  19485-3 0  9993
2 39722  70.8944 301.8633 0104477 101.2664 273.9330 13.99720346431205
SL-16 DEB
1 39722U 92093KN  22272.36466741  .00000312  00000-0  23326-3 0  9993
2 39722  70.8938 295.6835 0104373  96.7436 277.2031 13.99722802452142
SL-16 DEB
1 39722U 92093KN  22272.36466741  .00000312  00000-0  23326-3 0  9993
2 39722  70.8938 295.6835 0104373  96.7436 277.2031 13.99722802431622
SL-16 DEB
1 39722U 92093KN  22273.82583284  .00000371  00000-0  27203-3 0  9990
2 39722  70.8936 292.6751 0104365  94.5611  80.0642 13.99724143431826
SL-16 DEB
1 39722U 92093KN  22274.82604922  .00000391  00000-0  28456-3 0  9997
2 39722  70.8935 290.6156 0104378  93.0643  80.1939 13.99724884452482
SL-16 DEB
1 39722U 92093KN  22274.82604922  .00000391  00000-0  28456-3 0  9997
2 39722  70.8935 290.6156 0104378  93.0643  80.1939 13.99724884431962
SL-16 DEB
1 39722U 92093KN  22277.29594846  .00000511  00000-0  36325-3 0  9992
2 39722  70.8928 285.5296 0104310  89.3822 286.1162 13.99727537452838
SL-16 DEB
1 39722U 92093KN  22277.29594846  .00000511  00000-0  36325-3 0  9992
2 39722  70.8928 285.5296 0104310  89.3822 286.1162 13.99727537432319
SL-16 DEB
1 39722U 92093KN  22277.75629512  .00000526  00000-0  37254-3 0  9990
2 39722  70.8931 284.5818 0104313  88.6718  85.8487 13.99728101432379
SL-16 DEB
1 39722U 92093KN  22279.29670039  .00000583  00000-0  40988-3 0  9992
2 39722  70.8931 281.4099 0104294  86.3488 288.0547 13.99730067432595
SL-16 DEB
1 39722U 92093KN  22279.29670039  .00000583  00000-0  40988-3 0  9992
2 39722  70.8931 281.4099 0104294  86.3488 288.0547 13.99730067453116
SL-16 DEB
1 39722U 92093KN  22280.67549859  .00000587  00000-0  41272-3 0  9992
2 39722  70.8931 278.5707 0104318  84.2815  35.9110 13.99731840432782
SL-16 DEB
1 39722U 92093KN  22281.38001366  .00000565  00000-0  39783-3 0  9997
2 39722  70.8932 277.1201 0104308  83.2099 346.0281 13.99732617453409
SL-16 DEB
1 39722U 92093KN  22281.38001366  .00000565  00000-0  39783-3 0  9997
2 39722  70.8932 277.1201 0104308  83.2099 346.0281 13.99732617432888
SL-16 DEB
1 39722U 92093KN  22281.67492193  .00000618  00000-0  43265-3 0  9990
2 39722  70.8932 276.5129 0104306  82.7710  32.0901 13.99733324432924
SL-16 DEB
1 39722U 92093KN  22282.38063750  .00000634  00000-0  44300-3 0  9991
2 39722  70.8932 275.0598 0104318  81.7121 348.2460 13.99734317433023
SL-16 DEB
1 39722U 92093KN  22283.38130852  .00000673  00000-0  46856-3 0  9991
2 39722  70.8932 272.9993 0104336  80.2099 350.7112 13.99735874453681
SL-16 DEB
1 39722U 92093KN  22283.38130852  .00000673  00000-0  46856-3 0  9991
2 39722  70.8932 272.9993 0104336  80.2099 350.7112 13.99735874433162
SL-16 DEB
1 39722U 92093KN  22289.69069236  .00000573  00000-0  40302-3 0  9997
2 39722  70.8937 260.0077 0104494  70.7412 104.3364 13.99744260454564
SL-16 DEB
1 39722U 92093KN  22289.69069236  .00000573  00000-0  40302-3 0  9997
2 39722  70.8937 260.0077 0104494  70.7412 104.3364 13.99744260434045
SL-16 DEB
1 39722U 92093KN  22292.62137807  .00000552  00000-0  38914-3 0  9997
2 39722  70.8941 253.9733 0104613  66.3556 112.4098 13.99747832454979
SL-16 DEB
1 39722U 92093KN  22292.62137807  .00000552  00000-0  38914-3 0  9997
2 39722  70.8941 253.9733 0104613  66.3556 112.4098 13.99747832434450
SL-16 DEB
1 39722U 92093KN  22293.62110985  .00000516  00000-0  36568-3 0  9999
2 39722  70.8942 251.9152 0104720  64.8375 110.2066 13.99748913434592
SL-16 DEB
1 39722U 92093KN  22294.24253564  .00000488  00000-0  34751-3 0  9999
2 39722  70.8942 250.6354 0104675  63.9280   1.6331 13.99749576434680
SL-16 DEB
1 39722U 92093KN  22295.62178676  .00000475  00000-0  33899-3 0  9990
2 39722  70.8944 247.7956 0104720  61.8667 111.8612 13.99751157455399
SL-16 DEB
1 39722U 92093KN  22295.62178676  .00000475  00000-0  33899-3 0  9990
2 39722  70.8944 247.7956 0104720  61.8667 111.8612 13.99751157434879
SL-16 DEB
1 39722U 92093KN  22296.24391383  .00000485  00000-0  34572-3 0  9991
2 39722  70.8944 246.5147 0104755  60.9388   6.8419 13.99751905434965
SL-16 DEB
1 39722U 92093KN  22297.53959583  .00000456  00000-0  32693-3 0  9996
2 39722  70.8946 243.8470 0104821  58.9997  55.9646 13.99753042435145
SL-16 DEB
1 39722U 92093KN  22300.09237727  .00000449  00000-0  32210-3 0  9998
2 39722  70.8947 238.5909 0104979  55.1896 319.7926 13.99755182456024
SL-16 DEB
1 39722U 92093KN  22300.09237727  .00000449  00000-0  32210-3 0  9998
2 39722  70.8947 238.5909 0104979  55.1896 319.7926 13.99755182435504
SL-16 DEB
1 39722U 92093KN  22301.17421388  .00000502  00000-0  35651-3 0  9998
2 39722  70.8948 236.3637 0105032  53.5821  11.3203 13.99756437435653
SL-16 DEB
1 39722U 92093KN  22302.09263097  .00000516  00000-0  36611-3 0  9993
2 39722  70.8950 234.4728 0105095  52.2155 319.3605 13.99757501456306
SL-16 DEB
1 39722U 92093KN  22302.09263097  .00000516  00000-0  36611-3 0  9993
2 39722  70.8950 234.4728 0105095  52.2155 319.3605 13.99757501435785
SL-16 DEB
1 39722U 92093KN  22305.47195809  .00000624  00000-0  43592-3 0  9999
2 39722  70.8954 227.5152 0105294  47.1938  68.3220 13.99762353456773
SL-16 DEB
1 39722U 92093KN  22308.17872780  .00000691  00000-0  47939-3 0  9992
2 39722  70.8954 221.9427 0105466  43.1958  28.1774 13.99766290457150
SL-16 DEB
1 39722U 92093KN  22308.17872780  .00000691  00000-0  47939-3 0  9992
2 39722  70.8954 221.9427 0105466  43.1958  28.1774 13.99766290436630
SL-16 DEB
1 39722U 92093KN  22311.02531618  .00000547  00000-0  38583-3 0  9997
2 39722  70.8953 216.0821 0105655  38.9821 332.6509 13.99769557457555
SL-16 DEB
1 39722U 92093KN  22311.02531618  .00000547  00000-0  38583-3 0  9997
2 39722  70.8953 216.0821 0105655  38.9821 332.6509 13.99769557437036
SL-16 DEB
1 39722U 92093KN  22312.10831198  .00000623  00000-0  43530-3 0  9996
2 39722  70.8953 213.8523 0105716  37.3813  30.0741 13.99771684437189
SL-16 DEB
1 39722U 92093KN  22313.48693703  .00000650  00000-0  45302-3 0  9995
2 39722  70.8952 211.0136 0105815  35.3613 137.2210 13.99774000437371
SL-16 DEB
1 39722U 92093KN  22313.48693703  .00000650  00000-0  45302-3 0  9995
2 39722  70.8952 211.0136 0105815  35.3613 137.2210 13.99774000457890
SL-16 DEB
1 39722U 92093KN  22315.95631019  .00000546  00000-0  38476-3 0  9999
2 39722  70.8951 205.9293 0105976  31.7381 340.8734 13.99776748458249
SL-16 DEB
1 39722U 92093KN  22315.95631019  .00000546  00000-0  38476-3 0  9999
2 39722  70.8951 205.9293 0105976  31.7381 340.8734 13.99776748437729
SL-16 DEB
1 39722U 92093KN  22318.41829025  .00000461  00000-0  32998-3 0  9998
2 39722  70.8951 200.8615 0106165  28.1141 147.3184 13.99779989438063
SL-16 DEB
1 39722U 92093KN  22320.95853118  .00000374  00000-0  27332-3 0  9999
2 39722  70.8945 195.6309 0106331  24.3876 348.1427 13.99782492458948
SL-16 DEB
1 39722U 92093KN  22321.33629943  .00000392  00000-0  28508-3 0  9995
2 39722  70.8945 194.8532 0106372  23.8522  91.7797 13.99782861438471
SL-16 DEB
1 39722U 92093KN  22322.88755649  .00000373  00000-0  27230-3 0  9999
2 39722  70.8943 191.6592 0106477  21.5872 348.8996 13.99784079438693
SL-16 DEB
1 39722U 92093KN  22329.26858889  .00000287  00000-0  21672-3 0  9996
2 39722  70.8942 178.5217 0106815  12.1664 104.4784 13.99788932460105
SL-16 DEB
1 39722U 92093KN  22329.26858889  .00000287  00000-0  21672-3 0  9996
2 39722  70.8942 178.5217 0106815  12.1664 104.4784 13.99788932439583
SL-16 DEB
1 39722U 92093KN  22330.26824399  .00000321  00000-0  23905-3 0  9997
2 39722  70.8948 176.4642 0106790  10.6422 102.0450 13.99789937439721
SL-16 DEB
1 39722U 92093KN  22332.90225786  .00000294  00000-0  22123-3 0  9995
2 39722  70.8942 171.0392 0107138   6.8268  55.4481 13.99791632460612
SL-16 DEB
1 39722U 92093KN  22333.28227493  .00000311  00000-0  23229-3 0  9992
2 39722  70.8945 170.2574 0107126   6.2887 170.4322 13.99792097440140
SL-16 DEB
1 39722U 92093KN  22336.90497865  .00000336  00000-0  24819-3 0  9999
2 39722  70.8926 162.7953 0107311   1.0091  66.1484 13.99795280440655
SL-16 DEB
1 39722U 92093KN  22337.20070694  .00000340  00000-0  25077-3 0  9992
2 39722  70.8929 162.1869 0107362   0.5649 116.4109 13.99795505461215
SL-16 DEB
1 39722U 92093KN  22337.20070694  .00000340  00000-0  25077-3 0  9992
2 39722  70.8929 162.1869 0107362   0.5649 116.4109 13.99795505440694
SL-16 DEB
1 39722U 92093KN  22338.20034931  .00000342  00000-0  25214-3 0  9992
2 39722  70.8929 160.1285 0107428 359.1009 113.8741 13.99796273440832
SL-16 DEB
1 39722U 92093KN  22341.75320566  .00000396  00000-0  28735-3 0  9998
2 39722  70.8930 152.8131 0107590 353.8939  17.6931 13.99799601461850
SL-16 DEB
1 39722U 92093KN  22341.75320566  .00000396  00000-0  28735-3 0  9998
2 39722  70.8930 152.8131 0107590 353.8939  17.6931 13.99799601441331
SL-16 DEB
1 39722U 92093KN  22343.21505545  .00000415  00000-0  29965-3 0  9991
2 39722  70.8931 149.8029 0107687 351.7559 184.3649 13.99801245441534
SL-16 DEB
1 39722U 92093KN  22345.13313750  .00000402  00000-0  29088-3 0  9991
2 39722  70.8933 145.8532 0107805 348.9504 130.1287 13.99803048462321
SL-16 DEB
1 39722U 92093KN  22346.83810366  .00000414  00000-0  29914-3 0  9995
2 39722  70.8935 142.3424 0107896 346.4629  81.9452 13.99804653442043
SL-16 DEB
1 39722U 92093KN  22347.21717709  .00000447  00000-0  32022-3 0  9995
2 39722  70.8934 141.5615 0107939 345.9020 192.2155 13.99805182462611
SL-16 DEB
1 39722U 92093KN  22347.21717709  .00000447  00000-0  32022-3 0  9995
2 39722  70.8934 141.5615 0107939 345.9020 192.2155 13.99805182442091
SL-16 DEB
1 39722U 92093KN  22347.68397281  .00000434  00000-0  31185-3 0  9990
2 39722  70.8934 140.6002 0107965 345.2175  24.5397 13.99805522442165
SL-16 DEB
1 39722U 92093KN  22350.68601736  .00000466  00000-0  33239-3 0  9994
2 39722  70.8938 134.4183 0108122 340.8575  32.7235 13.99808686463104
SL-16 DEB
1 39722U 92093KN  22350.68601736  .00000466  00000-0  33239-3 0  9994
2 39722  70.8938 134.4183 0108122 340.8575  32.7235 13.99808686442583
SL-16 DEB
1 39722U 92093KN  22351.14706063  .00000455  00000-0  32574-3 0  9994
2 39722  70.8937 133.4686 0108160 340.1630 196.0829 13.99809090442646
SL-16 DEB
1 39722U 92093KN  22353.06515253  .00000447  00000-0  32047-3 0  9992
2 39722  70.8941 129.5190 0108319 337.3396 141.9689 13.99811103463431
SL-16 DEB
1 39722U 92093KN  22353.06515253  .00000447  00000-0  32047-3 0  9992
2 39722  70.8941 129.5190 0108319 337.3396 141.9689 13.99811103442911
SL-16 DEB
1 39722U 92093KN  22354.06446939  .00000462  00000-0  32977-3 0  9996
2 39722  70.8943 127.4613 0108369 335.8883 137.8368 13.99812239443054
SL-16 DEB
1 39722U 92093KN  22359.07889924  .00000408  00000-0  29500-3 0  9995
2 39722  70.8946 117.1356 0108693 328.5795 207.1848 13.99817082464270
SL-16 DEB
1 39722U 92093KN  22359.07889924  .00000408  00000-0  29500-3 0  9995
2 39722  70.8946 117.1356 0108693 328.5795 207.1848 13.99817082443750
SL-16 DEB
1 39722U 92093KN  22360.61867924  .00000429  00000-0  30814-3 0  9996
2 39722  70.8948 113.9649 0108773 326.3434  46.6474 13.99818734443976
SL-16 DEB
1 39722U 92093KN  22361.07964366  .00000449  00000-0  32160-3 0  9993
2 39722  70.8949 113.0157 0108835 325.6589 209.6162 13.99819242464551
SL-16 DEB
1 39722U 92093KN  22361.07964366  .00000449  00000-0  32160-3 0  9993
2 39722  70.8949 113.0157 0108835 325.6589 209.6162 13.99819242444032
SL-16 DEB
1 39722U 92093KN  22363.08031083  .00000429  00000-0  30856-3 0  9995
2 39722  70.8951 108.8960 0108959 322.7519 211.6588 13.99820927464834
SL-16 DEB
1 39722U 92093KN  22363.08031083  .00000429  00000-0  30856-3 0  9995
2 39722  70.8951 108.8960 0108959 322.7519 211.6588 13.99820927444315
SL-16 DEB
1 39722U 92093KN  22365.54939703  .00000511  00000-0  36159-3 0  9998
2 39722  70.8949 103.8115 0109058 319.1810  54.2278 13.99823748465183
SL-16 DEB
1 39722U 92093KN  22365.54939703  .00000511  00000-0  36159-3 0  9998
2 39722  70.8949 103.8115 0109058 319.1810  54.2278 13.99823748444663
SL-16 DEB
1 39722U 92093KN  23001.01024603  .00000499  00000-0  35387-3 0  9999
2 39722  70.8945 102.8623 0109078 318.5081 216.6128 13.99824188444721
SL-16 DEB
1 39722U 92093KN  23002.55009155  .00000470  00000-0  33466-3 0  9999
2 39722  70.8953  99.6919 0109225 316.2673  56.4484 13.99825753444945
SL-16 DEB
1 39722U 92093KN  23002.55009155  .00000470  00000-0  33466-3 0  9999
2 39722  70.8953  99.6919 0109225 316.2673  56.4484 13.99825753465465
SL-16 DEB
1 39722U 92093KN  23003.55070189  .00000479  00000-0  34046-3 0  9999
2 39722  70.8953  97.6314 0109284 314.8190  58.8812 13.99826886445080
SL-16 DEB
1 39722U 92093KN  23003.92908859  .00000433  00000-0  31058-3 0  9994
2 39722  70.8952  96.8521 0109335 314.2703 165.7078 13.99826975445138
SL-16 DEB
1 39722U 92093KN  23007.48036740  .00000535  00000-0  37703-3 0  9996
2 39722  70.8948  89.5388 0109513 309.1398  61.8954 13.99831013466157
SL-16 DEB
1 39722U 92093KN  23007.48036740  .00000535  00000-0  37703-3 0  9996
2 39722  70.8948  89.5388 0109513 309.1398  61.8954 13.99831013445637
SL-16 DEB
1 39722U 92093KN  23008.56259466  .00000563  00000-0  39492-3 0  9996
2 39722  70.8949  87.3103 0109647 307.5650 115.6603 13.99832660445784
SL-16 DEB
1 39722U 92093KN  23008.94264350  .00000608  00000-0  42407-3 0  9996
2 39722  70.8955  86.5281 0109579 307.0266 230.8618 13.99833532445832
SL-16 DEB
1 39722U 92093KN  23012.86047750  .00000728  00000-0  50144-3 0  9995
2 39722  70.8953  78.4597 0109771 301.3953 174.3335 13.99839827466906
SL-16 DEB
1 39722U 92093KN  23012.86047750  .00000728  00000-0  50144-3 0  9995
2 39722  70.8953  78.4597 0109771 301.3953 174.3335 13.99839827446386
SL-16 DEB
1 39722U 92093KN  23016.49438951  .00000918  00000-0  62422-3 0  9998
2 39722  70.8951  70.9759 0109966 296.1701 127.1019 13.99846820467412
SL-16 DEB
1 39722U 92093KN  23016.56744510  .00000864  00000-0  58944-3 0  9991
2 39722  70.8951  70.8256 0109988 296.0624 135.2607 13.99846559446903
SL-16 DEB
1 39722U 92093KN  23018.49558080  .00000981  00000-0  66480-3 0  9994
2 39722  70.8949  66.8544 0110081 293.2993 131.9541 13.99850963467692
SL-16 DEB
1 39722U 92093KN  23018.49558080  .00000981  00000-0  66480-3 0  9994
2 39722  70.8949  66.8544 0110081 293.2993 131.9541 13.99850963447173
SL-16 DEB
1 39722U 92093KN  23018.87490285  .00000976  00000-0  66178-3 0  9996
2 39722  70.8949  66.0732 0110088 292.7516 243.5253 13.99851664447221
SL-16 DEB
1 39722U 92093KN  23019.49624167  .00001000  00000-0  67706-3 0  9990
2 39722  70.8949  64.7935 0110124 291.8576 134.7262 13.99853054447314
SL-16 DEB
1 39722U 92093KN  23020.87567521  .00000974  00000-0  66034-3 0  9996
2 39722  70.8948  61.9524 0110168 289.8853 246.2999 13.99855759468020
SL-16 DEB
1 39722U 92093KN  23022.87713150  .00000965  00000-0  65416-3 0  9992
2 39722  70.8949  57.8302 0110214 287.0201 252.5502 13.99859797468305
SL-16 DEB
1 39722U 92093KN  23025.34495352  .00000867  00000-0  59097-3 0  9997
2 39722  70.8948  52.7480 0110302 283.4831  89.0798 13.99864682468659
SL-16 DEB
1 39722U 92093KN  23025.34495352  .00000867  00000-0  59097-3 0  9997
2 39722  70.8948  52.7480 0110302 283.4831  89.0798 13.99864682448130
SL-16 DEB
1 39722U 92093KN  23030.27470451  .00000583  00000-0  40756-3 0  9995
2 39722  70.8948  42.5939 0110351 276.4149  92.5469 13.99871890469332
SL-16 DEB
1 39722U 92093KN  23030.27470451  .00000583  00000-0  40756-3 0  9995
2 39722  70.8948  42.5939 0110351 276.4149  92.5469 13.99871890448823
SL-16 DEB
1 39722U 92093KN  23033.27603959  .00000606  00000-0  42217-3 0  9999
2 39722  70.8953  36.4129 0110426 272.2283  97.7146 13.99876432449241
SL-16 DEB
1 39722U 92093KN  23033.27603959  .00000606  00000-0  42217-3 0  9999
2 39722  70.8953  36.4129 0110426 272.2283  97.7146 13.99876432469759
SL-16 DEB
1 39722U 92093KN  23034.35882038  .00000608  00000-0  42325-3 0  9998
2 39722  70.8952  34.1823 0110362 270.6159 154.4877 13.99878262449390
SL-16 DEB
1 39722U 92093KN  23035.35965372  .00000624  00000-0  43357-3 0  9996
2 39722  70.8953  32.1209 0110362 269.1852 158.2165 13.99879734470054
SL-16 DEB
1 39722U 92093KN  23035.35965372  .00000624  00000-0  43357-3 0  9996
2 39722  70.8953  32.1209 0110362 269.1852 158.2165 13.99879734449533
SL-16 DEB
1 39722U 92093KN  23036.36008397  .00000622  00000-0  43261-3 0  9995
2 39722  70.8954  30.0604 0110353 267.7597 159.9131 13.99881014449670
SL-16 DEB
1 39722U 92093KN  23036.65591642  .00000639  00000-0  44332-3 0  9995
2 39722  70.8954  29.4510 0110363 267.3389 210.7695 13.99881494449712
SL-16 DEB
1 39722U 92093KN  23040.20767272  .00001056  00000-0  71261-3 0  9990
2 39722  70.8961  22.1359 0110237 262.2390 110.0448 13.99889115470739
SL-16 DEB
1 39722U 92093KN  23040.20767272  .00001056  00000-0  71261-3 0  9990
2 39722  70.8961  22.1359 0110237 262.2390 110.0448 13.99889115450210
SL-16 DEB
1 39722U 92093KN  23041.28973558  .00001267  00000-0  84899-3 0  9990
2 39722  70.8961  19.9070 0110207 260.7042 163.1656 13.99892582450366
SL-16 DEB
1 39722U 92093KN  23044.20895693  .00001450  00000-0  96740-3 0  9990
2 39722  70.8969  13.8952 0110120 256.4867 114.8943 13.99901276471295
SL-16 DEB
1 39722U 92093KN  23044.58815021  .00001410  00000-0  94152-3 0  9999
2 39722  70.8967  13.1139 0110113 255.9684 225.8528 13.99901918450827
SL-16 DEB
1 39722U 92093KN  23045.67068373  .00001372  00000-0  91680-3 0  9990
2 39722  70.8969  10.8845 0110076 254.4111 281.4156 13.99904737450977
SL-16 DEB
1 39722U 92093KN  23048.60039639  .00001131  00000-0  76152-3 0  9999
2 39722  70.8971   4.8504 0109838 250.2222 286.0889 13.99910974471906
SL-16 DEB
1 39722U 92093KN  23048.60039639  .00001131  00000-0  76152-3 0  9999
2 39722  70.8971   4.8504 0109838 250.2222 286.0889 13.99910974451386
SL-16 DEB
1 39722U 92093KN  23050.60107711  .00000801  00000-0  54825-3 0  9995
2 39722  70.8973   0.7304 0109855 247.3303 288.8481 13.99913586451668
SL-16 DEB
1 39722U 92093KN  23050.60107711  .00000801  00000-0  54825-3 0  9995
2 39722  70.8973   0.7304 0109855 247.3303 288.8481 13.99913586472188
SL-16 DEB
1 39722U 92093KN  23051.60128294  .00000722  00000-0  49711-3 0  9995
2 39722  70.8975 358.6706 0109820 245.8896 289.5530 13.99915077451809
SL-16 DEB
1 39722U 92093KN  23053.51892685  .00000636  00000-0  44140-3 0  9994
2 39722  70.8978 354.7213 0109729 243.1313 233.8486 13.99917606452077
SL-16 DEB
1 39722U 92093KN  23053.51892685  .00000636  00000-0  44140-3 0  9994
2 39722  70.8978 354.7213 0109729 243.1313 233.8486 13.99917606472596
SL-16 DEB
1 39722U 92093KN  23056.07037670  .00000581  00000-0  40562-3 0  9996
2 39722  70.8964 349.4655 0109564 239.4383 132.3683 13.99920493472954
SL-16 DEB
1 39722U 92093KN  23056.07037670  .00000581  00000-0  40562-3 0  9996
2 39722  70.8964 349.4655 0109564 239.4383 132.3683 13.99920493452435
SL-16 DEB
1 39722U 92093KN  23058.07100740  .00000612  00000-0  42607-3 0  9994
2 39722  70.8968 345.3455 0109473 236.5488 134.9437 13.99923391473231
SL-16 DEB
1 39722U 92093KN  23058.07100740  .00000612  00000-0  42607-3 0  9994
2 39722  70.8968 345.3455 0109473 236.5488 134.9437 13.99923391452711
SL-16 DEB
1 39722U 92093KN  23060.07153721  .00000686  00000-0  47370-3 0  9997
2 39722  70.8972 341.2261 0109324 233.6524 137.0471 13.99927113473519
SL-16 DEB
1 39722U 92093KN  23060.07153721  .00000686  00000-0  47370-3 0  9997
2 39722  70.8972 341.2261 0109324 233.6524 137.0471 13.99927113452998
SL-16 DEB
1 39722U 92093KN  23065.08380850  .00000945  00000-0  64127-3 0  9995
2 39722  70.8971 330.9039 0109122 226.3890 197.5933 13.99937391474218
SL-16 DEB
1 39722U 92093KN  23065.08380850  .00000945  00000-0  64127-3 0  9995
2 39722  70.8971 330.9039 0109122 226.3890 197.5933 13.99937391453697
SL-16 DEB
1 39722U 92093KN  23066.08457383  .00000940  00000-0  63793-3 0  9995
2 39722  70.8970 328.8427 0109065 224.9427 201.2081 13.99939280453831
SL-16 DEB
1 39722U 92093KN  23067.08500295  .00000988  00000-0  66863-3 0  9990
2 39722  70.8969 326.7823 0109011 223.4918 203.1414 13.99941554474499
SL-16 DEB
1 39722U 92093KN  23067.08500295  .00000988  00000-0  66863-3 0  9990
2 39722  70.8969 326.7823 0109011 223.4918 203.1414 13.99941554453979
SL-16 DEB
1 39722U 92093KN  23068.38230618  .00000936  00000-0  63526-3 0  9999
2 39722  70.8970 324.1108 0108921 221.6068 261.2655 13.99943941454159
SL-16 DEB
1 39722U 92093KN  23070.38140247  .00000988  00000-0  66877-3 0  9999
2 39722  70.8963 319.9934 0108843 218.6929 256.3117 13.99948474474959
SL-16 DEB
1 39722U 92093KN  23070.38140247  .00000988  00000-0  66877-3 0  9999
2 39722  70.8963 319.9934 0108843 218.6929 256.3117 13.99948474454430
SL-16 DEB
1 39722U 92093KN  23074.01602060  .00000771  00000-0  52893-3 0  9992
2 39722  70.8958 312.5077 0108604 213.3905 214.1269 13.99954214475467
SL-16 DEB
1 39722U 92093KN  23074.01602060  .00000771  00000-0  52893-3 0  9992
2 39722  70.8958 312.5077 0108604 213.3905 214.1269 13.99954214454947
SL-16 DEB
1 39722U 92093KN  23076.01675064  .00000673  00000-0  46514-3 0  9992
2 39722  70.8950 308.3860 0108529 210.4750 217.4731 13.99957036475740
SL-16 DEB
1 39722U 92093KN  23076.01675064  .00000673  00000-0  46514-3 0  9992
2 39722  70.8950 308.3860 0108529 210.4750 217.4731 13.99957036455221
SL-16 DEB
1 39722U 92093KN  23079.01845118  .00000663  00000-0  45871-3 0  9998
2 39722  70.8946 302.2030 0108344 206.0902 225.5906 13.99961316476169
SL-16 DEB
1 39722U 92093KN  23079.39590861  .00000679  00000-0  46910-3 0  9993
2 39722  70.8944 301.4250 0108315 205.5363 327.9249 13.99961916455693
SL-16 DEB
1 39722U 92093KN  23080.94614762  .00000652  00000-0  45144-3 0  9992
2 39722  70.8938 298.2311 0108285 203.2734 220.9188 13.99964115455913
SL-16 DEB
1 39722U 92093KN  23083.86500038  .00000873  00000-0  59481-3 0  9990
2 39722  70.8933 292.2184 0108142 199.0112 171.5788 13.99970076476838
SL-16 DEB
1 39722U 92093KN  23083.86500038  .00000873  00000-0  59481-3 0  9990
2 39722  70.8933 292.2184 0108142 199.0112 171.5788 13.99970076456320
SL-16 DEB
1 39722U 92093KN  23084.86571397  .00000931  00000-0  63223-3 0  9991
2 39722  70.8934 290.1573 0108056 197.5561 175.0649 13.99972472456467
SL-16 DEB
1 39722U 92093KN  23085.94915921  .00000922  00000-0  62642-3 0  9990
2 39722  70.8933 287.9254 0108011 195.9723 235.5261 13.99974669456618
SL-16 DEB
1 39722U 92093KN  23085.94915921  .00000922  00000-0  62642-3 0  9990
2 39722  70.8933 287.9254 0108011 195.9723 235.5261 13.99974669477138
SL-16 DEB
1 39722U 92093KN  23090.25677748  .00001208  00000-0  81127-3 0  9999
2 39722  70.8928 279.0515 0107851 189.6918 345.5795 13.99985211477736
SL-16 DEB
1 39722U 92093KN  23091.25696936  .00001167  00000-0  78469-3 0  9999
2 39722  70.8929 276.9909 0107749 188.2347 346.4869 13.99987220457357
SL-16 DEB
1 39722U 92093KN  23091.87900545  .00001114  00000-0  75007-3 0  9998
2 39722  70.8929 275.7093 0107688 187.3447 241.4996 13.99988306457442
SL-16 DEB
1 39722U 92093KN  23092.25716146  .00001131  00000-0  76103-3 0  9990
2 39722  70.8928 274.9300 0107629 186.7981 347.3828 13.99989228478014
SL-16 DEB
1 39722U 92093KN  23092.25716146  .00001131  00000-0  76103-3 0  9990
2 39722  70.8928 274.9300 0107629 186.7981 347.3828 13.99989228457493
SL-16 DEB
1 39722U 92093KN  23093.17545229  .00001079  00000-0  72757-3 0  9996
2 39722  70.8926 273.0377 0107642 185.4207 295.5704 13.99991129457622
SL-16 DEB
1 39722U 92093KN  23095.72580196  .00001006  00000-0  68035-3 0  9995
2 39722  70.8929 267.7840 0107539 181.6886 189.2753 13.99996545478506
SL-16 DEB
1 39722U 92093KN  23095.72580196  .00001006  00000-0  68035-3 0  9995
2 39722  70.8929 267.7840 0107539 181.6886 189.2753 13.99996545457985
SL-16 DEB
1 39722U 92093KN  23100.72768515  .00001107  00000-0  74589-3 0  9998
2 39722  70.8934 257.4808 0107298 174.4146 198.7679 14.00008606479208
SL-16 DEB
1 39722U 92093KN  23100.72768515  .00001107  00000-0  74589-3 0  9998
2 39722  70.8934 257.4808 0107298 174.4146 198.7679 14.00008606458687
SL-16 DEB
1 39722U 92093KN  23103.65695006  .00001142  00000-0  76835-3 0  9992
2 39722  70.8937 251.4457 0107066 170.1009 202.4052 14.00015148459091
SL-16 DEB
1 39722U 92093KN  23107.65811153  .00001468  00000-0  97870-3 0  9992
2 39722  70.8943 243.2055 0106966 164.3263 208.4697 14.00027383480174
SL-16 DEB
1 39722U 92093KN  23107.65811153  .00001468  00000-0  97870-3 0  9992
2 39722  70.8943 243.2055 0106966 164.3263 208.4697 14.00027383459653
SL-16 DEB
1 39722U 92093KN  23109.11871565  .00001445  00000-0  96438-3 0  9992
2 39722  70.8937 240.1952 0106819 162.1473  10.1077 14.00031466459853
SL-16 DEB
1 39722U 92093KN  23109.74135712  .00001393  00000-0  93032-3 0  9997
2 39722  70.8944 238.9129 0106721 161.2724 268.2549 14.00032965480469
SL-16 DEB
1 39722U 92093KN  23109.74135712  .00001393  00000-0  93032-3 0  9997
2 39722  70.8944 238.9129 0106721 161.2724 268.2549 14.00032965459948
SL-16 DEB
1 39722U 92093KN  23110.03695780  .00001465  00000-0  97704-3 0  9997
2 39722  70.8949 238.3048 0106751 160.8223 318.1382 14.00034521459983
SL-16 DEB
1 39722U 92093KN  23111.58792984  .00001216  00000-0  81635-3 0  9992
2 39722  70.8951 235.1099 0106674 158.5386 215.2465 14.00037395460203
SL-16 DEB
1 39722U 92093KN  23114.67069738  .00001852  00000-0  12268-2 0  9990
2 39722  70.8957 228.7604 0106504 154.0307 272.8675 14.00050089460639
SL-16 DEB
1 39722U 92093KN  23116.04934119  .00000967  00000-0  65515-3 0  9997
2 39722  70.8957 225.9203 0106413 152.0529  21.4045 14.00047728460822
SL-16 DEB
1 39722U 92093KN  23116.74457358  .00000896  00000-0  60948-3 0  9995
2 39722  70.8954 224.4876 0106341 151.0130 285.5187 14.00048896460924
SL-16 DEB
1 39722U 92093KN  23117.04920935  .00000876  00000-0  59613-3 0  9990
2 39722  70.8955 223.8602 0106325 150.5747  20.9303 14.00049530460966
SL-16 DEB
1 39722U 92093KN  23117.96758281  .00000826  00000-0  56413-3 0  9994
2 39722  70.8954 221.9683 0106253 149.2134 329.7163 14.00051245461093
SL-16 DEB
1 39722U 92093KN  23118.67262826  .00000761  00000-0  52172-3 0  9994
2 39722  70.8954 220.5161 0106213 148.1780 283.2795 14.00052267481711
SL-16 DEB
1 39722U 92093KN  23118.67262826  .00000761  00000-0  52172-3 0  9994
2 39722  70.8954 220.5161 0106213 148.1780 283.2795 14.00052267461191
SL-16 DEB
1 39722U 92093KN  23122.97982056  .00000578  00000-0  40391-3 0  9992
2 39722  70.8951 211.6436 0105961 141.8434  32.4112 14.00057935482310
SL-16 DEB
1 39722U 92093KN  23122.97982056  .00000578  00000-0  40391-3 0  9992
2 39722  70.8951 211.6436 0105961 141.8434  32.4112 14.00057935461799
SL-16 DEB
1 39722U 92093KN  23125.60242194  .00000600  00000-0  41775-3 0  9990
2 39722  70.8949 206.2412 0105782 137.9871 290.9034 14.00061734482689
SL-16 DEB
1 39722U 92093KN  23125.89839395  .00000627  00000-0  43567-3 0  9996
2 39722  70.8949 205.6313 0105760 137.5427 342.6798 14.00062324462205
SL-16 DEB
1 39722U 92093KN  23126.89773241  .00000741  00000-0  50912-3 0  9993
2 39722  70.8949 203.5728 0105702 136.0677 339.5843 14.00064336462345
SL-16 DEB
1 39722U 92093KN  23127.60327931  .00000739  00000-0  50757-3 0  9998
2 39722  70.8948 202.1195 0105662 135.0247 295.7133 14.00065273482960
SL-16 DEB
1 39722U 92093KN  23127.60327931  .00000739  00000-0  50757-3 0  9998
2 39722  70.8948 202.1195 0105662 135.0247 295.7133 14.00065273462441
SL-16 DEB
1 39722U 92093KN  23128.44913851  .00000712  00000-0  49023-3 0  9998
2 39722  70.8948 200.3771 0105592 133.7635 239.0652 14.00066331462565
SL-16 DEB
1 39722U 92093KN  23133.82915715  .00000513  00000-0  36163-3 0  9997
2 39722  70.8942 189.2948 0105261 125.7879 355.8056 14.00073029483834
SL-16 DEB
1 39722U 92093KN  23133.82915715  .00000513  00000-0  36163-3 0  9997
2 39722  70.8942 189.2948 0105261 125.7879 355.8056 14.00073029463315
SL-16 DEB
1 39722U 92093KN  23134.82849831  .00000503  00000-0  35500-3 0  9996
2 39722  70.8938 187.2362 0105205 124.3133 352.7624 14.00074284463450
SL-16 DEB
1 39722U 92093KN  23136.91150546  .00000465  00000-0  33095-3 0  9990
2 39722  70.8937 182.9455 0105076 121.2325  51.7149 14.00076460484267
SL-16 DEB
1 39722U 92093KN  23136.91150546  .00000465  00000-0  33095-3 0  9990
2 39722  70.8937 182.9455 0105076 121.2325  51.7149 14.00076460463747
SL-16 DEB
1 39722U 92093KN  23138.46178564  .00000413  00000-0  29678-3 0  9997
2 39722  70.8935 179.7519 0105022 118.8995 305.6229 14.00077993463962
SL-16 DEB
1 39722U 92093KN  23142.75926103  .00000524  00000-0  36908-3 0  9991
2 39722  70.8931 170.8989 0104879 112.4665   6.2941 14.00083762485087
SL-16 DEB
1 39722U 92093KN  23142.84147013  .00000522  00000-0  36750-3 0  9999
2 39722  70.8931 170.7295 0104885 112.3410  60.6576 14.00083820464574
SL-16 DEB
1 39722U 92093KN  23147.77102340  .00000412  00000-0  29633-3 0  9990
2 39722  70.8927 160.5740 0104763 104.9783  67.2829 14.00088724485784
SL-16 DEB
1 39722U 92093KN  23147.77102340  .00000412  00000-0  29633-3 0  9990
2 39722  70.8927 160.5740 0104763 104.9783  67.2829 14.00088724465265
SL-16 DEB
1 39722U 92093KN  23148.39300149  .00000439  00000-0  31389-3 0  9996
2 39722  70.8926 159.2926 0104725 104.0571 322.2629 14.00089528465354
SL-16 DEB
1 39722U 92093KN  23149.77157122  .00000438  00000-0  31344-3 0  9990
2 39722  70.8925 156.4523 0104717 101.9947  70.7457 14.00090972486069
SL-16 DEB
1 39722U 92093KN  23149.77157122  .00000438  00000-0  31344-3 0  9990
2 39722  70.8925 156.4523 0104717 101.9947  70.7457 14.00090972465549
SL-16 DEB
1 39722U 92093KN  23150.68958626  .00000445  00000-0  31797-3 0  9990
2 39722  70.8925 154.5608 0104714 100.6259  17.8681 14.00091926465676
SL-16 DEB
1 39722U 92093KN  23151.77177222  .00000490  00000-0  34679-3 0  9998
2 39722  70.8925 152.3313 0104707  99.0063  72.4803 14.00093227486347
SL-16 DEB
1 39722U 92093KN  23151.77177222  .00000490  00000-0  34679-3 0  9998
2 39722  70.8925 152.3313 0104707  99.0063  72.4803 14.00093227465827
SL-16 DEB
1 39722U 92093KN  23152.24060568  .00000514  00000-0  36256-3 0  9995
2 39722  70.8925 151.3656 0104685  98.3140 275.5652 14.00093868465895
SL-16 DEB
1 39722U 92093KN  23155.24141160  .00000544  00000-0  38193-3 0  9991
2 39722  70.8935 145.1843 0104733  93.8020 280.7788 14.00097616486836
SL-16 DEB
1 39722U 92093KN  23155.24141160  .00000544  00000-0  38193-3 0  9991
2 39722  70.8935 145.1843 0104733  93.8020 280.7788 14.00097616466317
SL-16 DEB
1 39722U 92093KN  23156.24151852  .00000506  00000-0  35690-3 0  9998
2 39722  70.8934 143.1238 0104718  92.3009 281.7084 14.00098714466451
SL-16 DEB
1 39722U 92093KN  23159.24223271  .00000614  00000-0  42699-3 0  9993
2 39722  70.8932 136.9413 0104651  87.8050 286.4965 14.00103016487393
SL-16 DEB
1 39722U 92093KN  23159.24223271  .00000614  00000-0  42699-3 0  9993
2 39722  70.8932 136.9413 0104651  87.8050 286.4965 14.00103016466873
SL-16 DEB
1 39722U 92093KN  23161.17065736  .00000669  00000-0  46267-3 0  9993
2 39722  70.8930 132.9680 0104635  84.9301 286.5250 14.00105478467145
SL-16 DEB
1 39722U 92093KN  23163.63175863  .00000695  00000-0  47910-3 0  9994
2 39722  70.8933 127.8976 0104726  81.2452  91.5062 14.00109097488001
SL-16 DEB
1 39722U 92093KN  23163.63175863  .00000695  00000-0  47910-3 0  9994
2 39722  70.8933 127.8976 0104726  81.2452  91.5062 14.00109097467480
SL-16 DEB
1 39722U 92093KN  23164.17174713  .00000679  00000-0  46897-3 0  9992
2 39722  70.8933 126.7852 0104906  80.4745 293.2390 14.00109765467563
SL-16 DEB
1 39722U 92093KN  23165.17194081  .00000665  00000-0  45970-3 0  9999
2 39722  70.8940 124.7254 0104839  78.9511 294.6696 14.00111103467702
SL-16 DEB
1 39722U 92093KN  23168.54970116  .00000664  00000-0  45938-3 0  9997
2 39722  70.8947 117.7670 0104855  73.8808  40.0823 14.00115976468173
SL-16 DEB
1 39722U 92093KN  23168.54970116  .00000664  00000-0  45938-3 0  9997
2 39722  70.8947 117.7670 0104855  73.8808  40.0823 14.00115976488692
SL-16 DEB
1 39722U 92093KN  23170.63369126  .00000740  00000-0  50858-3 0  9995
2 39722  70.8947 113.4733 0104896  70.7581 104.3455 14.00119413488981
SL-16 DEB
1 39722U 92093KN  23170.63369126  .00000740  00000-0  50858-3 0  9995
2 39722  70.8947 113.4733 0104896  70.7581 104.3455 14.00119413468462
SL-16 DEB
1 39722U 92093KN  23171.10174647  .00000729  00000-0  50090-3 0  9995
2 39722  70.8944 112.5088 0105012  70.0998 303.5177 14.00120055468534
SL-16 DEB
1 39722U 92093KN  23172.56222684  .00000765  00000-0  52430-3 0  9991
2 39722  70.8943 109.4999 0105076  67.9391 104.9989 14.00122693468737
SL-16 DEB
1 39722U 92093KN  23175.48046619  .00000819  00000-0  55940-3 0  9996
2 39722  70.8949 103.4881 0105202  63.5943  54.3055 14.00127777489668
SL-16 DEB
1 39722U 92093KN  23179.18633197  .00000668  00000-0  46171-3 0  9998
2 39722  70.8951  95.8535 0105380  58.1117  13.6589 14.00132757490184
SL-16 DEB
1 39722U 92093KN  23183.41085709  .00000468  00000-0  33223-3 0  9991
2 39722  70.8952  87.1498 0105576  51.8554  67.3941 14.00137753490773
SL-16 DEB
1 39722U 92093KN  23185.96131303  .00000520  00000-0  36553-3 0  9993
2 39722  70.8952  81.8951 0105695  48.0935 322.9958 14.00140761491122
SL-16 DEB
1 39722U 92093KN  23187.96196703  .00000524  00000-0  36842-3 0  9995
2 39722  70.8951  77.7730 0105783  45.1459 327.3282 14.00142851491410
SL-16 DEB
1 39722U 92093KN  23189.96221880  .00000492  00000-0  34758-3 0  9990
2 39722  70.8951  73.6516 0105882  42.1914 329.6577 14.00145039491682
SL-16 DEB
1 39722U 92093KN  23191.96294697  .00000419  00000-0  30040-3 0  9998
2 39722  70.8951  69.5295 0105988  39.2377 334.4076 14.00147210491970
SL-16 DEB
1 39722U 92093KN  23194.89168612  .00000567  00000-0  39597-3 0  9990
2 39722  70.8950  63.4951 0106106  34.9194 336.8571 14.00151314492374
SL-16 DEB
1 39722U 92093KN  23196.97387910  .00000523  00000-0  36764-3 0  9990
2 39722  70.8949  59.2050 0106203  31.8512  32.2698 14.00153542492678
SL-16 DEB
1 39722U 92093KN  23201.97583630  .00000558  00000-0  39006-3 0  9994
2 39722  70.8947  48.8984 0106390  24.4917  44.9893 14.00159948493371
SL-16 DEB
1 39722U 92093KN  23202.26987449  .00000535  00000-0  37492-3 0  9995
2 39722  70.8947  48.2925 0106405  24.0612  87.1103 14.00160129472895
SL-16 DEB
1 39722U 92093KN  23206.90455069  .00000439  00000-0  31307-3 0  9990
2 39722  70.8947  38.7424 0106589  17.2311  48.6315 14.00164933473543
SL-16 DEB
1 39722U 92093KN  23208.28301557  .00000459  00000-0  32615-3 0  9990
2 39722  70.8947  35.9019 0106630  15.2164 156.9141 14.00166668473731
SL-16 DEB
1 39722U 92093KN  23209.90567455  .00000443  00000-0  31608-3 0  9995
2 39722  70.8949  32.5584 0106700  12.8220  56.1110 14.00168271494481
SL-16 DEB
1 39722U 92093KN  23212.83356806  .00000490  00000-0  34613-3 0  9998
2 39722  70.8951  26.5248 0106871   8.5188  54.5015 14.00171673494899
SL-16 DEB
1 39722U 92093KN  23215.83472286  .00000492  00000-0  34717-3 0  9999
2 39722  70.8956  20.3428 0106874   4.0709  62.2436 14.00175058495311
SL-16 DEB
1 39722U 92093KN  23218.21409666  .00000486  00000-0  34342-3 0  9993
2 39722  70.8957  15.4384 0107086   0.5835 175.7938 14.00177314495645
SL-16 DEB
1 39722U 92093KN  23231.61240925  .00000415  00000-0  29728-3 0  9997
2 39722  70.8968 347.8314 0107780 340.9204  32.1483 14.00189261497528
SL-16 DEB
1 39722U 92093KN  23233.99004809  .00000411  00000-0  29491-3 0  9992
2 39722  70.8970 342.9329 0107898 337.4090 137.1001 14.00191258497854
SL-16 DEB
1 39722U 92093KN  23233.99004809  .00000411  00000-0  29491-3 0  9992
2 39722  70.8970 342.9329 0107898 337.4090 137.1001 14.00191258477335
SL-16 DEB
1 39722U 92093KN  23240.54227752  .00000371  00000-0  26894-3 0  9994
2 39722  70.8963 329.4325 0108282 327.8487  44.8712 14.00196958498770
SL-16 DEB
1 39722U 92093KN  23240.54227752  .00000371  00000-0  26894-3 0  9994
2 39722  70.8963 329.4325 0108282 327.8487  44.8712 14.00196958478251
SL-16 DEB
1 39722U 92093KN  23242.00367157  .00000430  00000-0  30698-3 0  9994
2 39722  70.8972 326.4221 0108453 325.6729 211.3726 14.00198748478455
SL-16 DEB
1 39722U 92093KN  23246.47162921  .00000510  00000-0  35821-3 0  9993
2 39722  70.8956 317.2153 0108595 319.2231  53.0007 14.00202799499596
SL-16 DEB
1 39722U 92093KN  23246.47162921  .00000510  00000-0  35821-3 0  9993
2 39722  70.8956 317.2153 0108595 319.2231  53.0007 14.00202799479088
SL-16 DEB
1 39722U 92093KN  23248.55390110  .00000398  00000-0  28620-3 0  9990
2 39722  70.8956 312.9248 0108744 316.1966 109.1499 14.00204313479376
SL-16 DEB
1 39722U 92093KN  23248.55390110  .00000398  00000-0  28620-3 0  9990
2 39722  70.8956 312.9248 0108744 316.1966 109.1499 14.00204313499895
SL-16 DEB
1 39722U 92093KN  23248.93340870  .00000412  00000-0  29531-3 0  9999
2 39722  70.8955 312.1428 0108760 315.6509 222.1381 14.00204823479420
SL-16 DEB
1 39722U 92093KN  23249.85033772  .00000460  00000-0  32662-3 0  9993
2 39722  70.8957 310.2540 0108775 314.3260 164.1189 14.00205998479551
SL-16 DEB
1 39722U 92093KN  23250.55466616  .00000444  00000-0  31589-3 0  9998
2 39722  70.8955 308.8026 0108818 313.3005 114.4499 14.00206553479656
SL-16 DEB
1 39722U 92093KN  23250.55466616  .00000444  00000-0  31589-3 0  9998
2 39722  70.8955 308.8026 0108818 313.3005 114.4499 14.00206553500178
SL-16 DEB
1 39722U 92093KN  23250.84966644  .00000484  00000-0  34183-3 0  9993
2 39722  70.8951 308.1942 0108850 312.8653 161.4752 14.00207135479696
SL-16 DEB
1 39722U 92093KN  23254.48279028  .00000560  00000-0  39045-3 0  9997
2 39722  70.8946 300.7082 0109027 307.5976 115.0906 14.00210899480205
SL-16 DEB
1 39722U 92093KN  23254.48279028  .00000560  00000-0  39045-3 0  9997
2 39722  70.8946 300.7082 0109027 307.5976 115.0906 14.00210899500725
SL-16 DEB
1 39722U 92093KN  23257.48396042  .00000656  00000-0  45186-3 0  9995
2 39722  70.8941 294.5235 0109198 303.2604 123.2262 14.00215095480625
SL-16 DEB
1 39722U 92093KN  23257.48396042  .00000656  00000-0  45186-3 0  9995
2 39722  70.8941 294.5235 0109198 303.2604 123.2262 14.00215095501146
SL-16 DEB
1 39722U 92093KN  23260.48495552  .00000714  00000-0  48957-3 0  9999
2 39722  70.8930 288.3372 0109247 298.9494 130.5014 14.00219419481045
SL-16 DEB
1 39722U 92093KN  23260.48495552  .00000714  00000-0  48957-3 0  9999
2 39722  70.8930 288.3372 0109247 298.9494 130.5014 14.00219419501565
SL-16 DEB
1 39722U 92093KN  23262.48559094  .00000707  00000-0  48475-3 0  9990
2 39722  70.8926 284.2138 0109309 296.0753 135.2371 14.00222268501846
SL-16 DEB
1 39722U 92093KN  23263.48605650  .00000730  00000-0  49979-3 0  9997
2 39722  70.8925 282.1519 0109354 294.6387 138.3588 14.00223981481464
SL-16 DEB
1 39722U 92093KN  23263.79217942  .00000728  00000-0  49841-3 0  9999
2 39722  70.8929 281.5227 0109384 294.1930 241.4623 14.00224493481509
SL-16 DEB
1 39722U 92093KN  23264.41318380  .00000772  00000-0  52656-3 0  9994
2 39722  70.8928 280.2425 0109408 293.3047 131.8063 14.00225752481599
SL-16 DEB
1 39722U 92093KN  23265.41353219  .00000797  00000-0  54273-3 0  9999
2 39722  70.8927 278.1806 0109439 291.8748 134.3414 14.00227499502257
SL-16 DEB
1 39722U 92093KN  23265.41353219  .00000797  00000-0  54273-3 0  9999
2 39722  70.8927 278.1806 0109439 291.8748 134.3414 14.00227499481736
SL-16 DEB
1 39722U 92093KN  23267.70902958  .00000885  00000-0  59907-3 0  9990
2 39722  70.8926 273.4494 0109472 288.5823 185.4773 14.00232033502571
SL-16 DEB
1 39722U 92093KN  23267.70902958  .00000885  00000-0  59907-3 0  9990
2 39722  70.8926 273.4494 0109472 288.5823 185.4773 14.00232033482051
SL-16 DEB
1 39722U 92093KN  23274.72259321  .00001033  00000-0  69398-3 0  9990
2 39722  70.8927 258.9963 0109645 278.5286 259.6952 14.00248628503554
SL-16 DEB
1 39722U 92093KN  23274.72259321  .00001033  00000-0  69398-3 0  9990
2 39722  70.8927 258.9963 0109645 278.5286 259.6952 14.00248628483034
SL-16 DEB
1 39722U 92093KN  23276.63838259  .00001105  00000-0  73994-3 0  9992
2 39722  70.8928 255.0468 0109547 275.8498 196.8731 14.00253128483307
SL-16 DEB
1 39722U 92093KN  23279.65144505  .00001403  00000-0  93156-3 0  9994
2 39722  70.8932 248.8367 0109503 271.5093 265.4309 14.00262433504246
SL-16 DEB
1 39722U 92093KN  23279.65144505  .00001403  00000-0  93156-3 0  9994
2 39722  70.8932 248.8367 0109503 271.5093 265.4309 14.00262433483725
SL-16 DEB
1 39722U 92093KN  23282.65180229  .00001314  00000-0  87413-3 0  9991
2 39722  70.8931 242.6533 0109370 267.2006 270.0167 14.00270253504669
SL-16 DEB
1 39722U 92093KN  23282.65180229  .00001314  00000-0  87413-3 0  9991
2 39722  70.8931 242.6533 0109370 267.2006 270.0167 14.00270253484149
SL-16 DEB
1 39722U 92093KN  23283.56857847  .00001384  00000-0  91899-3 0  9999
2 39722  70.8936 240.7637 0109471 265.8968 211.4279 14.00273337484274
SL-16 DEB
1 39722U 92093KN  23284.56796679  .00001340  00000-0  89092-3 0  9999
2 39722  70.8935 238.7033 0109417 264.4211 209.3420 14.00275682484411
SL-16 DEB
1 39722U 92093KN  23285.11911477  .00001334  00000-0  88703-3 0  9997
2 39722  70.8936 237.5674 0109387 263.6335 107.6559 14.00277140505007
SL-16 DEB
1 39722U 92093KN  23285.11911477  .00001334  00000-0  88703-3 0  9997
2 39722  70.8936 237.5674 0109387 263.6335 107.6559 14.00277140484496
SL-16 DEB
1 39722U 92093KN  23290.58113147  .00001010  00000-0  67900-3 0  9999
2 39722  70.8944 226.3108 0109256 255.7915 281.6206 14.00288804485250
SL-16 DEB
1 39722U 92093KN  23290.58113147  .00001010  00000-0  67900-3 0  9999
2 39722  70.8944 226.3108 0109256 255.7915 281.6206 14.00288804505770
SL-16 DEB
1 39722U 92093KN  23295.04885211  .00000778  00000-0  52958-3 0  9990
2 39722  70.8952 217.1044 0109035 249.3675 123.5109 14.00295984506395
SL-16 DEB
1 39722U 92093KN  23295.04885211  .00000778  00000-0  52958-3 0  9990
2 39722  70.8952 217.1044 0109035 249.3675 123.5109 14.00295984485885
SL-16 DEB
1 39722U 92093KN  23296.51044200  .00000674  00000-0  46322-3 0  9991
2 39722  70.8951 214.0920 0108978 247.2578 291.4575 14.00298080486082
SL-16 DEB
1 39722U 92093KN  23301.51067059  .00000628  00000-0  43376-3 0  9990
2 39722  70.8953 203.7889 0108731 240.0570 297.9008 14.00304524507305
SL-16 DEB
1 39722U 92093KN  23301.97797895  .00000660  00000-0  45405-3 0  9999
2 39722  70.8951 202.8252 0108673 239.3482 133.6700 14.00305146486857
SL-16 DEB
1 39722U 92093KN  23307.06077872  .00000558  00000-0  38877-3 0  9992
2 39722  70.8958 192.3517 0108328 232.0186 196.5110 14.00312041508084
SL-16 DEB
1 39722U 92093KN  23307.43938409  .00000580  00000-0  40282-3 0  9993
2 39722  70.8951 191.5708 0108353 231.4673 305.1051 14.00312715487617
SL-16 DEB
1 39722U 92093KN  23308.35663488  .00000638  00000-0  43983-3 0  9992
2 39722  70.8949 189.6804 0108315 230.1197 249.0896 14.00314402487746
SL-16 DEB
1 39722U 92093KN  23309.43964747  .00000780  00000-0  53151-3 0  9990
2 39722  70.8941 187.4478 0108319 228.5523 308.6862 14.00316853508414
SL-16 DEB
1 39722U 92093KN  23309.43964747  .00000780  00000-0  53151-3 0  9990
2 39722  70.8941 187.4478 0108319 228.5523 308.6862 14.00316853487892
SL-16 DEB
1 39722U 92093KN  23310.43931439  .00001021  00000-0  68591-3 0  9997
2 39722  70.8938 185.3876 0108274 227.0981 308.1473 14.00320128488039
SL-16 DEB
1 39722U 92093KN  23310.43931439  .00001021  00000-0  68591-3 0  9997
2 39722  70.8938 185.3876 0108274 227.0981 308.1473 14.00320128508559
SL-16 DEB
1 39722U 92093KN  23316.28614760  .00000678  00000-0  46592-3 0  9995
2 39722  70.8938 173.3385 0107797 218.6186 262.9507 14.00330163509379
SL-16 DEB
1 39722U 92093KN  23316.28614760  .00000678  00000-0  46592-3 0  9995
2 39722  70.8938 173.3385 0107797 218.6186 262.9507 14.00330163488858
SL-16 DEB
1 39722U 92093KN  23317.28525556  .00000662  00000-0  45577-3 0  9995
2 39722  70.8939 171.2795 0107688 217.1423 259.6557 14.00331513488991
SL-16 DEB
1 39722U 92093KN  23320.99096275  .00000533  00000-0  37269-3 0  9994
2 39722  70.8933 163.6418 0107544 211.7598 220.8217 14.00335534510037
SL-16 DEB
1 39722U 92093KN  23320.99096275  .00000533  00000-0  37269-3 0  9994
2 39722  70.8933 163.6418 0107544 211.7598 220.8217 14.00335534489515
SL-16 DEB
1 39722U 92093KN  23324.29748287  .00000489  00000-0  34447-3 0  9993
2 39722  70.8928 156.8267 0107354 206.9577 329.6523 14.00339019510499
SL-16 DEB
1 39722U 92093KN  23324.29748287  .00000489  00000-0  34447-3 0  9993
2 39722  70.8928 156.8267 0107354 206.9577 329.6523 14.00339019489977
SL-16 DEB
1 39722U 92093KN  23325.21456197  .00000546  00000-0  38111-3 0  9998
2 39722  70.8928 154.9367 0107290 205.6277 272.8374 14.00340272490102
SL-16 DEB
1 39722U 92093KN  23326.21387825  .00000706  00000-0  48347-3 0  9990
2 39722  70.8927 152.8767 0107283 204.1694 270.6135 14.00342262490248
SL-16 DEB
1 39722U 92093KN  23327.21353191  .00000834  00000-0  56619-3 0  9993
2 39722  70.8927 150.8163 0107185 202.6993 270.1069 14.00344277510907
SL-16 DEB
1 39722U 92093KN  23327.21353191  .00000834  00000-0  56619-3 0  9993
2 39722  70.8927 150.8163 0107185 202.6993 270.1069 14.00344277490386
SL-16 DEB
1 39722U 92093KN  23329.92011872  .00001489  00000-0  98656-3 0  9994
2 39722  70.8926 145.2373 0107046 198.7632 234.6644 14.00353128490768
SL-16 DEB
1 39722U 92093KN  23329.92011872  .00001489  00000-0  98656-3 0  9994
2 39722  70.8926 145.2373 0107046 198.7632 234.6644 14.00353128511289
SL-16 DEB
1 39722U 92093KN  23339.77629924  .00001014  00000-0  68151-3 0  9992
2 39722  70.8944 124.9274 0106379 184.6320 242.4494 14.00377513512666
SL-16 DEB
1 39722U 92093KN  23339.77629924  .00001014  00000-0  68151-3 0  9992
2 39722  70.8944 124.9274 0106379 184.6320 242.4494 14.00377513492146
SL-16 DEB
1 39722U 92093KN  23342.07224715  .00000718  00000-0  49162-3 0  9999
2 39722  70.8938 120.1908 0106306 181.1792 297.2646 14.00381540512983
SL-16 DEB
1 39722U 92093KN  23342.07224715  .00000718  00000-0  49162-3 0  9999
2 39722  70.8938 120.1908 0106306 181.1792 297.2646 14.00381540492463
SL-16 DEB
1 39722U 92093KN  23351.00054480  .00000687  00000-0  47138-3 0  9998
2 39722  70.8952 101.7911 0105698 168.1915 308.2495 14.00394136514233
SL-16 DEB
1 39722U 92093KN  23351.00054480  .00000687  00000-0  47138-3 0  9998
2 39722  70.8952 101.7911 0105698 168.1915 308.2495 14.00394136493712
SL-16 DEB
1 39722U 92093KN  23354.70654001  .00000967  00000-0  65130-3 0  9996
2 39722  70.8947  94.1465 0105338 162.6940 271.8516 14.00402510514756
SL-16 DEB
1 39722U 92093KN  23354.70654001  .00000967  00000-0  65130-3 0  9996
2 39722  70.8947  94.1465 0105338 162.6940 271.8516 14.00402510494236
SL-16 DEB
1 39722U 92093KN  23358.92957383  .00001062  00000-0  71281-3 0  9994
2 39722  70.8952  85.4448 0104989 156.5546 322.0913 14.00412794494821
SL-16 DEB
1 39722U 92093KN  23358.92957383  .00001062  00000-0  71281-3 0  9994
2 39722  70.8952  85.4448 0104989 156.5546 322.0913 14.00412794515342
SL-16 DEB
1 39722U 92093KN  24003.56290806  .00000495  00000-0  34825-3 0  9994
2 39722  70.8949  65.5883 0104365 142.3934 288.7266 14.00426693496173
SL-16 DEB
1 39722U 92093KN  24003.56290806  .00000495  00000-0  34825-3 0  9994
2 39722  70.8949  65.5883 0104365 142.3934 288.7266 14.00426693516693
SL-16 DEB
1 39722U 92093KN  24008.49048819  .00000456  00000-0  32290-3 0  9997
2 39722  70.8949  55.4307 0103914 135.0189 291.4998 14.00432015496866
SL-16 DEB
1 39722U 92093KN  24008.49048819  .00000456  00000-0  32290-3 0  9997
2 39722  70.8949  55.4307 0103914 135.0189 291.4998 14.00432015517387
SL-16 DEB
1 39722U 92093KN  24011.49116036  .00000602  00000-0  41741-3 0  9992
2 39722  70.8951  49.2464 0103593 130.5380 299.6562 14.00436171517802
SL-16 DEB
1 39722U 92093KN  24011.49116036  .00000602  00000-0  41741-3 0  9992
2 39722  70.8951  49.2464 0103593 130.5380 299.6562 14.00436171497281
SL-16 DEB
1 39722U 92093KN  24012.78525760  .00000659  00000-0  45368-3 0  9994
2 39722  70.8948  46.5768 0103619 128.5778 344.0073 14.00438058497469
SL-16 DEB
1 39722U 92093KN  24022.41977032  .00000758  00000-0  51725-3 0  9992
2 39722  70.8944  26.7125 0103258 114.1277 317.7321 14.00453033519330
SL-16 DEB
1 39722U 92093KN  24022.41977032  .00000758  00000-0  51725-3 0  9992
2 39722  70.8944  26.7125 0103258 114.1277 317.7321 14.00453033498819
SL-16 DEB
1 39722U 92093KN  24033.27529115  .00000586  00000-0  40666-3 0  9994
2 39722  70.8974   4.3425 0103033  97.8695 327.8835 14.00467387520858
SL-16 DEB
1 39722U 92093KN  24033.27529115  .00000586  00000-0  40666-3 0  9994
2 39722  70.8974   4.3425 0103033  97.8695 327.8835 14.00467387500339
SL-16 DEB
1 39722U 92093KN  24037.12228618  .00000778  00000-0  53010-3 0  9996
2 39722  70.8952 356.4033 0103089  91.7891 283.6933 14.00473889521383
SL-16 DEB
1 39722U 92093KN  24037.12228618  .00000778  00000-0  53010-3 0  9996
2 39722  70.8952 356.4033 0103089  91.7891 283.6933 14.00473889500874
SL-16 DEB
1 39722U 92093KN  24044.49965571  .00001216  00000-0  81130-3 0  9992
2 39722  70.8959 341.1966 0103413  80.7918  38.5809 14.00489892522421
SL-16 DEB
1 39722U 92093KN  24044.49965571  .00001216  00000-0  81130-3 0  9992
2 39722  70.8959 341.1966 0103413  80.7918  38.5809 14.00489892501901
SL-16 DEB
1 39722U 92093KN  24045.49865920  .00001237  00000-0  82493-3 0  9996
2 39722  70.8962 339.1393 0103432  79.2991  35.3515 14.00492474502046
SL-16 DEB
1 39722U 92093KN  24046.49787333  .00001152  00000-0  77034-3 0  9999
2 39722  70.8962 337.0788 0103521  77.7833  33.2127 14.00494192502188
SL-16 DEB
1 39722U 92093KN  24048.05000270  .00001022  00000-0  68674-3 0  9997
2 39722  70.8968 333.8805 0103434  75.5085 298.7171 14.00497259522913
SL-16 DEB
1 39722U 92093KN  24048.05000270  .00001022  00000-0  68674-3 0  9997
2 39722  70.8968 333.8805 0103434  75.5085 298.7171 14.00497259502405
SL-16 DEB
1 39722U 92093KN  24049.51045784  .00001078  00000-0  72277-3 0  9993
2 39722  70.8966 330.8695 0103467  73.3313 102.0751 14.00501165502608
SL-16 DEB
1 39722U 92093KN  24050.20433168  .00000992  00000-0  66761-3 0  9993
2 39722  70.8965 329.4390 0103495  72.2932   0.4729 14.00502294523220
SL-16 DEB
1 39722U 92093KN  24050.20433168  .00000992  00000-0  66761-3 0  9993
2 39722  70.8965 329.4390 0103495  72.2932   0.4729 14.00502294502700
SL-16 DEB
1 39722U 92093KN  24051.51015387  .00000846  00000-0  57370-3 0  9991
2 39722  70.8964 326.7473 0103557  70.3403 104.2217 14.00504370502883
SL-16 DEB
1 39722U 92093KN  24052.51001258  .00000798  00000-0  54285-3 0  9992
2 39722  70.8963 324.6863 0103595  68.8405 105.3630 14.00506131523542
SL-16 DEB
1 39722U 92093KN  24052.51001258  .00000798  00000-0  54285-3 0  9992
2 39722  70.8963 324.6863 0103595  68.8405 105.3630 14.00506131503023
SL-16 DEB
1 39722U 92093KN  24053.42700556  .00000729  00000-0  49850-3 0  9996
2 39722  70.8962 322.7958 0103602  67.4563  48.7205 14.00507404503151
SL-16 DEB
1 39722U 92093KN  24058.43799880  .00000732  00000-0  49983-3 0  9991
2 39722  70.8954 312.4658 0103762  59.9686 113.4971 14.00515535524375
SL-16 DEB
1 39722U 92093KN  24058.43799880  .00000732  00000-0  49983-3 0  9991
2 39722  70.8954 312.4658 0103762  59.9686 113.4971 14.00515535503855
SL-16 DEB
1 39722U 92093KN  24058.97783578  .00000671  00000-0  46114-3 0  9992
2 39722  70.8953 311.3530 0103837  59.1741 315.2796 14.00516039503934
SL-16 DEB
1 39722U 92093KN  24059.43818226  .00000659  00000-0  45295-3 0  9998
2 39722  70.8952 310.4037 0103892  58.4978 116.2843 14.00516787503998
SL-16 DEB
1 39722U 92093KN  24060.97746090  .00000576  00000-0  39951-3 0  9998
2 39722  70.8950 307.2306 0103947  56.1972 317.1625 14.00518722504216
SL-16 DEB
1 39722U 92093KN  24060.97746090  .00000576  00000-0  39951-3 0  9998
2 39722  70.8950 307.2306 0103947  56.1972 317.1625 14.00518722524724
SL-16 DEB
1 39722U 92093KN  24062.35446939  .00000625  00000-0  43115-3 0  9993
2 39722  70.8947 304.3917 0104024  54.1533  59.8882 14.00520955504403
SL-16 DEB
1 39722U 92093KN  24063.05991991  .00000612  00000-0  42298-3 0  9991
2 39722  70.8946 302.9374 0104061  53.1059  16.6953 14.00521755525026
SL-16 DEB
1 39722U 92093KN  24063.43740513  .00000658  00000-0  45268-3 0  9995
2 39722  70.8945 302.1592 0104079  52.5480 119.9350 14.00522507504558
SL-16 DEB
1 39722U 92093KN  24064.90600645  .00000628  00000-0  43326-3 0  9999
2 39722  70.8942 299.1314 0104156  50.3728 324.4760 14.00524296504767
SL-16 DEB
1 39722U 92093KN  24065.06013983  .00000626  00000-0  43165-3 0  9999
2 39722  70.8941 298.8136 0104163  50.1435  21.6025 14.00524480525303
SL-16 DEB
1 39722U 92093KN  24065.06013983  .00000626  00000-0  43165-3 0  9999
2 39722  70.8941 298.8136 0104163  50.1435  21.6025 14.00524480504782
SL-16 DEB
1 39722U 92093KN  24066.98715340  .00000653  00000-0  44926-3 0  9993
2 39722  70.8937 294.8405 0104249  47.2788  17.4428 14.00527523505057
SL-16 DEB
1 39722U 92093KN  24069.36583030  .00000674  00000-0  46249-3 0  9990
2 39722  70.8935 289.9362 0104394  43.7725 130.5314 14.00531520525904
SL-16 DEB
1 39722U 92093KN  24069.36583030  .00000674  00000-0  46249-3 0  9990
2 39722  70.8935 289.9362 0104394  43.7725 130.5314 14.00531520505384
SL-16 DEB
1 39722U 92093KN  24070.28283772  .00000615  00000-0  42477-3 0  9997
2 39722  70.8934 288.0455 0104435  42.4200  74.0138 14.00532581505515
SL-16 DEB
1 39722U 92093KN  24072.83360446  .00000598  00000-0  41353-3 0  9996
2 39722  70.8928 282.7861 0104517  38.6241 334.8439 14.00535983505872
SL-16 DEB
1 39722U 92093KN  24072.83360446  .00000598  00000-0  41353-3 0  9996
2 39722  70.8928 282.7861 0104517  38.6241 334.8439 14.00535983526381
SL-16 DEB
1 39722U 92093KN  24076.91522170  .00000550  00000-0  38304-3 0  9993
2 39722  70.8923 274.3700 0104705  32.5670  34.1857 14.00541200506441
SL-16 DEB
1 39722U 92093KN  24076.91522170  .00000550  00000-0  38304-3 0  9993
2 39722  70.8923 274.3700 0104705  32.5670  34.1857 14.00541200526960
SL-16 DEB
1 39722U 92093KN  24077.91517656  .00000536  00000-0  37369-3 0  9991
2 39722  70.8922 272.3080 0104736  31.0951  35.9151 14.00542386506586
SL-16 DEB
1 39722U 92093KN  24079.21033656  .00000646  00000-0  44422-3 0  9999
2 39722  70.8921 269.6372 0104786  29.1910  86.0610 14.00544570527280
SL-16 DEB
1 39722U 92093KN  24079.21033656  .00000646  00000-0  44422-3 0  9999
2 39722  70.8921 269.6372 0104786  29.1910  86.0610 14.00544570506760
SL-16 DEB
1 39722U 92093KN  24080.20956199  .00000760  00000-0  51725-3 0  9997
2 39722  70.8922 267.5770 0104834  27.6956  84.1501 14.00546545506905
SL-16 DEB
1 39722U 92093KN  24080.91538375  .00000833  00000-0  56444-3 0  9991
2 39722  70.8923 266.1217 0104881  26.6479  42.8942 14.00547904507000
SL-16 DEB
1 39722U 92093KN  24080.91538375  .00000833  00000-0  56444-3 0  9991
2 39722  70.8923 266.1217 0104881  26.6479  42.8942 14.00547904527529
SL-16 DEB
1 39722U 92093KN  24086.22144027  .00001417  00000-0  93845-3 0  9993
2 39722  70.8924 255.1806 0105096  18.7987 156.0868 14.00562781528264
SL-16 DEB
1 39722U 92093KN  24086.22144027  .00001417  00000-0  93845-3 0  9993
2 39722  70.8924 255.1806 0105096  18.7987 156.0868 14.00562781507744
SL-16 DEB
1 39722U 92093KN  24092.68870190  .00000750  00000-0  51062-3 0  9991
2 39722  70.8936 241.8460 0105548   9.2451   4.3565 14.00572536529166
SL-16 DEB
1 39722U 92093KN  24092.68870190  .00000750  00000-0  51062-3 0  9991
2 39722  70.8936 241.8460 0105548   9.2451   4.3565 14.00572536508657
SL-16 DEB
1 39722U 92093KN  24094.68840554  .00000621  00000-0  42789-3 0  9997
2 39722  70.8935 237.7220 0105556   6.3055   6.9995 14.00574955508934
SL-16 DEB
1 39722U 92093KN  24096.14929913  .00000503  00000-0  35253-3 0  9994
2 39722  70.8941 234.7099 0105588   4.0876 172.9941 14.00575594529650
SL-16 DEB
1 39722U 92093KN  24096.14929913  .00000503  00000-0  35253-3 0  9994
2 39722  70.8941 234.7099 0105588   4.0876 172.9941 14.00575594509131
SL-16 DEB
1 39722U 92093KN  24097.61722840  .00000498  00000-0  34894-3 0  9990
2 39722  70.8940 231.6832 0105640   1.9429  14.3949 14.00577105509340
SL-16 DEB
1 39722U 92093KN  24099.61649186  .00000522  00000-0  36458-3 0  9999
2 39722  70.8943 227.5612 0105780 358.9823  14.8724 14.00579268509620
SL-16 DEB
1 39722U 92093KN  24099.69755994  .00000527  00000-0  36767-3 0  9990
2 39722  70.8944 227.3941 0105803 358.8855  63.6031 14.00579431530151
SL-16 DEB
1 39722U 92093KN  24099.69755994  .00000527  00000-0  36767-3 0  9990
2 39722  70.8944 227.3941 0105803 358.8855  63.6031 14.00579431509630
SL-16 DEB
1 39722U 92093KN  24100.61595362  .00000511  00000-0  35739-3 0  9997
2 39722  70.8941 225.5003 0105835 357.5321  14.2320 14.00580402509762
SL-16 DEB
1 39722U 92093KN  24101.61591395  .00000471  00000-0  33203-3 0  9999
2 39722  70.8941 223.4384 0105894 356.0628  16.1271 14.00581386509904
SL-16 DEB
1 39722U 92093KN  24102.61613987  .00000493  00000-0  34592-3 0  9998
2 39722  70.8942 221.3759 0105957 354.5873  19.3715 14.00582713510043
SL-16 DEB
1 39722U 92093KN  24102.61613987  .00000493  00000-0  34592-3 0  9998
2 39722  70.8942 221.3759 0105957 354.5873  19.3715 14.00582713530551
SL-16 DEB
1 39722U 92093KN  24103.99401799  .00000506  00000-0  35418-3 0  9999
2 39722  70.8943 218.5350 0106044 352.5558 126.7827 14.00584384510239
SL-16 DEB
1 39722U 92093KN  24104.99304608  .00000585  00000-0  40446-3 0  9995
2 39722  70.8946 216.4754 0106094 351.0736 124.0064 14.00585982530897
SL-16 DEB
1 39722U 92093KN  24104.99304608  .00000585  00000-0  40446-3 0  9995
2 39722  70.8946 216.4754 0106094 351.0736 124.0064 14.00585982510378
SL-16 DEB
1 39722U 92093KN  24106.07642861  .00000826  00000-0  55929-3 0  9992
2 39722  70.8948 214.2419 0106151 349.4795 186.5476 14.00588527510529
SL-16 DEB
1 39722U 92093KN  24106.07642861  .00000826  00000-0  55929-3 0  9992
2 39722  70.8948 214.2419 0106151 349.4795 186.5476 14.00588527531049
SL-16 DEB
1 39722U 92093KN  24112.92110248  .00001316  00000-0  87246-3 0  9994
2 39722  70.8947 200.1298 0106540 339.4062 138.4363 14.00605931511481
SL-16 DEB
1 39722U 92093KN  24112.92110248  .00001316  00000-0  87246-3 0  9994
2 39722  70.8947 200.1298 0106540 339.4062 138.4363 14.00605931532002
SL-16 DEB
1 39722U 92093KN  24117.55237476  .00001082  00000-0  72198-3 0  9991
2 39722  70.8944 190.5809 0106804 332.6378  90.2318 14.00617298532652
SL-16 DEB
1 39722U 92093KN  24117.55237476  .00001082  00000-0  72198-3 0  9991
2 39722  70.8944 190.5809 0106804 332.6378  90.2318 14.00617298512133
SL-16 DEB
1 39722U 92093KN  24118.47056069  .00001164  00000-0  77475-3 0  9994
2 39722  70.8942 188.6874 0106853 331.2949  39.9334 14.00620199512260
SL-16 DEB
1 39722U 92093KN  24118.93167404  .00001005  00000-0  67304-3 0  9995
2 39722  70.8944 187.7371 0106884 330.6403 204.9545 14.00620641512323
SL-16 DEB
1 39722U 92093KN  24120.55252494  .00000718  00000-0  48904-3 0  9995
2 39722  70.8943 184.3951 0107000 328.2674  97.6703 14.00622793533071
SL-16 DEB
1 39722U 92093KN  24120.55252494  .00000718  00000-0  48904-3 0  9995
2 39722  70.8943 184.3951 0107000 328.2674  97.6703 14.00622793512551
SL-16 DEB
1 39722U 92093KN  24120.93117766  .00000683  00000-0  46659-3 0  9995
2 39722  70.8945 183.6146 0106998 327.7178 206.9238 14.00623335512606
SL-16 DEB
1 39722U 92093KN  24121.55274486  .00000671  00000-0  45929-3 0  9993
2 39722  70.8944 182.3330 0107031 326.8128 101.0130 14.00624403512692
SL-16 DEB
1 39722U 92093KN  24121.93114384  .00000663  00000-0  45382-3 0  9999
2 39722  70.8943 181.5528 0107056 326.2609 208.9924 14.00625014512749
SL-16 DEB
1 39722U 92093KN  24128.47984005  .00000688  00000-0  47003-3 0  9999
2 39722  70.8934 168.0492 0107420 316.7254 109.1805 14.00633624534182
SL-16 DEB
1 39722U 92093KN  24128.47984005  .00000688  00000-0  47003-3 0  9999
2 39722  70.8934 168.0492 0107420 316.7254 109.1805 14.00633624513662
SL-16 DEB
1 39722U 92093KN  24136.32525314  .00001515  00000-0  99778-3 0  9992
2 39722  70.8922 151.8697 0107767 305.4114  68.1365 14.00660172535274
SL-16 DEB
1 39722U 92093KN  24136.32525314  .00001515  00000-0  99778-3 0  9992
2 39722  70.8922 151.8697 0107767 305.4114  68.1365 14.00660172514765
SL-16 DEB
1 39722U 92093KN  24153.26084670  .00000740  00000-0  50209-3 0  9994
2 39722  70.8939 116.9448 0108082 281.0568 144.9364 14.00704039537658
SL-16 DEB
1 39722U 92093KN  24153.26084670  .00000740  00000-0  50209-3 0  9994
2 39722  70.8939 116.9448 0108082 281.0568 144.9364 14.00704039517139
SL-16 DEB
1 39722U 92093KN  24155.55701595  .00000840  00000-0  56586-3 0  9995
2 39722  70.8939 112.2067 0107866 277.7262 203.4304 14.00708348537973
SL-16 DEB
1 39722U 92093KN  24155.55701595  .00000840  00000-0  56586-3 0  9995
2 39722  70.8939 112.2067 0107866 277.7262 203.4304 14.00708348517454
SL-16 DEB
1 39722U 92093KN  24160.18732837  .00000981  00000-0  65591-3 0  9995
2 39722  70.8944 102.6576 0107792 271.0459 151.9660 14.00717029538621
SL-16 DEB
1 39722U 92093KN  24160.18732837  .00000981  00000-0  65591-3 0  9995
2 39722  70.8944 102.6576 0107792 271.0459 151.9660 14.00717029518102
SL-16 DEB
1 39722U 92093KN  24162.10544042  .00000960  00000-0  64262-3 0  9999
2 39722  70.8944  98.7018 0107784 268.2701 104.1767 14.00720805518370
SL-16 DEB
1 39722U 92093KN  24163.10510267  .00000920  00000-0  61674-3 0  9992
2 39722  70.8944  96.6400 0107776 266.8261 105.0488 14.00722598539024
SL-16 DEB
1 39722U 92093KN  24163.10510267  .00000920  00000-0  61674-3 0  9992
2 39722  70.8944  96.6400 0107776 266.8261 105.0488 14.00722598518515
SL-16 DEB
1 39722U 92093KN  24168.03249896  .00000666  00000-0  45529-3 0  9994
2 39722  70.8946  86.4780 0107654 259.6980 111.9014 14.00729321519207
SL-16 DEB
1 39722U 92093KN  24169.11411087  .00000626  00000-0  42971-3 0  9991
2 39722  70.8947  84.2476 0107546 258.1088 166.0698 14.00730583519356
SL-16 DEB
1 39722U 92093KN  24171.03201574  .00000480  00000-0  33654-3 0  9999
2 39722  70.8948  80.2920 0107464 255.3347 117.3232 14.00732391540135
SL-16 DEB
1 39722U 92093KN  24171.03201574  .00000480  00000-0  33654-3 0  9999
2 39722  70.8948  80.2920 0107464 255.3347 117.3232 14.00732391519625
SL-16 DEB
1 39722U 92093KN  24174.40883532  .00000500  00000-0  34888-3 0  9996
2 39722  70.8951  73.3278 0107292 250.4313 225.3735 14.00736339540613
SL-16 DEB
1 39722U 92093KN  24174.40883532  .00000500  00000-0  34888-3 0  9996
2 39722  70.8951  73.3278 0107292 250.4313 225.3735 14.00736339520093
SL-16 DEB
1 39722U 92093KN  24179.41958049  .00000588  00000-0  40551-3 0  9998
2 39722  70.8950  62.9934 0107123 243.1574 292.7944 14.00742820541316
SL-16 DEB
1 39722U 92093KN  24179.41958049  .00000588  00000-0  40551-3 0  9998
2 39722  70.8950  62.9934 0107123 243.1574 292.7944 14.00742820520795
SL-16 DEB
1 39722U 92093KN  24180.95826247  .00000724  00000-0  49178-3 0  9999
2 39722  70.8949  59.8198 0107063 240.9130 131.8631 14.00745798521015
SL-16 DEB
1 39722U 92093KN  24182.04050199  .00000782  00000-0  52899-3 0  9994
2 39722  70.8950  57.5876 0107017 239.3418 189.2406 14.00747602541683
SL-16 DEB
1 39722U 92093KN  24182.41915895  .00000732  00000-0  49727-3 0  9999
2 39722  70.8949  56.8064 0107014 238.8155 298.6601 14.00747816521217
SL-16 DEB
1 39722U 92093KN  24183.41858993  .00000724  00000-0  49189-3 0  9998
2 39722  70.8947  54.7448 0106979 237.3739 298.4594 14.00749140521355
SL-16 DEB
1 39722U 92093KN  24184.41836843  .00000690  00000-0  47005-3 0  9996
2 39722  70.8946  52.6826 0106941 235.9244 300.0234 14.00750336542011
SL-16 DEB
1 39722U 92093KN  24184.41836843  .00000690  00000-0  47005-3 0  9996
2 39722  70.8946  52.6826 0106941 235.9244 300.0234 14.00750336521490
SL-16 DEB
1 39722U 92093KN  24186.88533211  .00000580  00000-0  40001-3 0  9999
2 39722  70.8945  47.5942 0106853 232.3350 140.1715 14.00753421542355
SL-16 DEB
1 39722U 92093KN  24187.34625497  .00000563  00000-0  38937-3 0  9995
2 39722  70.8946  46.6435 0106828 231.6690 304.4641 14.00754024521905
SL-16 DEB
1 39722U 92093KN  24188.88493392  .00000514  00000-0  35786-3 0  9997
2 39722  70.8946  43.4698 0106780 229.4385 143.5634 14.00755878522121
SL-16 DEB
1 39722U 92093KN  24190.34544233  .00000514  00000-0  35791-3 0  9998
2 39722  70.8946  40.4574 0106720 227.3078 308.4950 14.00757770542848
SL-16 DEB
1 39722U 92093KN  24190.34544233  .00000514  00000-0  35791-3 0  9998
2 39722  70.8946  40.4574 0106720 227.3078 308.4950 14.00757770522329
SL-16 DEB
1 39722U 92093KN  24191.34480640  .00000537  00000-0  37279-3 0  9998
2 39722  70.8946  38.3960 0106686 225.8542 308.0069 14.00759094522467
SL-16 DEB
1 39722U 92093KN  24194.81208412  .00000704  00000-0  47902-3 0  9998
2 39722  70.8946  31.2442 0106579 220.7991 152.5621 14.00764307543469
SL-16 DEB
1 39722U 92093KN  24194.81208412  .00000704  00000-0  47902-3 0  9998
2 39722  70.8946  31.2442 0106579 220.7991 152.5621 14.00764307522950
SL-16 DEB
1 39722U 92093KN  24195.27274508  .00000706  00000-0  48069-3 0  9995
2 39722  70.8946  30.2940 0106563 220.1327 315.5515 14.00764954523011
SL-16 DEB
1 39722U 92093KN  24195.89347400  .00000839  00000-0  56518-3 0  9990
2 39722  70.8946  29.0137 0106548 219.2269 205.7311 14.00766562523103
SL-16 DEB
1 39722U 92093KN  24196.89347400  .00000847  00000-0  57025-3 0  9994
2 39722  70.8946  26.9510 0106519 217.7768 208.4740 14.00768105543764
SL-16 DEB
1 39722U 92093KN  24196.89347400  .00000847  00000-0  57025-3 0  9994
2 39722  70.8946  26.9510 0106519 217.7768 208.4740 14.00768105523245
SL-16 DEB
1 39722U 92093KN  24197.81133139  .00000913  00000-0  61247-3 0  9994
2 39722  70.8947  25.0577 0106494 216.4434 156.9999 14.00769832523372
SL-16 DEB
1 39722U 92093KN  24199.18938951  .00000917  00000-0  61507-3 0  9994
2 39722  70.8947  22.2152 0106455 214.4423 266.2177 14.00772330544084
SL-16 DEB
1 39722U 92093KN  24199.18938951  .00000917  00000-0  61507-3 0  9994
2 39722  70.8947  22.2152 0106455 214.4423 266.2177 14.00772330523564
SL-16 DEB
1 39722U 92093KN  24201.27111344  .00001443  00000-0  95080-3 0  9995
2 39722  70.8947  17.9210 0106369 211.4185 323.8866 14.00779415544374
SL-16 DEB
1 39722U 92093KN  24201.27111344  .00001443  00000-0  95080-3 0  9995
2 39722  70.8947  17.9210 0106369 211.4185 323.8866 14.00779415523854
SL-16 DEB
1 39722U 92093KN  24208.19753434  .00001142  00000-0  75832-3 0  9994
2 39722  70.8953   3.6338 0106107 201.3788 332.5601 14.00795882545349
SL-16 DEB
1 39722U 92093KN  24208.19753434  .00001142  00000-0  75832-3 0  9994
2 39722  70.8953   3.6338 0106107 201.3788 332.5601 14.00795882524829
SL-16 DEB
1 39722U 92093KN  24208.81965486  .00001068  00000-0  71110-3 0  9997
2 39722  70.8955   2.3506 0106057 200.4626 229.8341 14.00796953524918
SL-16 DEB
1 39722U 92093KN  24213.12474668  .00001354  00000-0  89341-3 0  9997
2 39722  70.8959 353.4707 0105878 194.2225 339.8462 14.00808100546031
SL-16 DEB
1 39722U 92093KN  24213.12474668  .00001354  00000-0  89341-3 0  9997
2 39722  70.8959 353.4707 0105878 194.2225 339.8462 14.00808100525511
SL-16 DEB
1 39722U 92093KN  24213.66451969  .00001208  00000-0  80071-3 0  9994
2 39722  70.8960 352.3575 0105828 193.4374 181.8611 14.00808427525596
SL-16 DEB
1 39722U 92093KN  24215.12449025  .00001149  00000-0  76270-3 0  9997
2 39722  70.8961 349.3464 0105821 191.3412 344.3211 14.00811473525792
SL-16 DEB
1 39722U 92093KN  24217.12392398  .00001308  00000-0  86429-3 0  9993
2 39722  70.8962 345.2220 0105704 188.4318 347.2998 14.00817001546598
SL-16 DEB
1 39722U 92093KN  24217.12392398  .00001308  00000-0  86429-3 0  9993
2 39722  70.8962 345.2220 0105704 188.4318 347.2998 14.00817001526079
SL-16 DEB
1 39722U 92093KN  24221.67202840  .00001755  00000-0  11491-2 0  9992
2 39722  70.8963 335.8413 0105460 181.8411 243.1644 14.00833054547238
SL-16 DEB
1 39722U 92093KN  24225.05001183  .00002736  00000-0  17740-2 0  9998
2 39722  70.8962 328.8739 0105240 176.9531 358.3671 14.00852233547705
SL-16 DEB
1 39722U 92093KN  24225.05001183  .00002736  00000-0  17740-2 0  9998
2 39722  70.8962 328.8739 0105240 176.9531 358.3671 14.00852233527185
SL-16 DEB
1 39722U 92093KN  24227.51754653  .00002477  00000-0  16090-2 0  9997
2 39722  70.8955 323.7834 0105065 173.3559 202.3547 14.00864453548048
SL-16 DEB
1 39722U 92093KN  24227.51754653  .00002477  00000-0  16090-2 0  9997
2 39722  70.8955 323.7834 0105065 173.3559 202.3547 14.00864453527539
SL-16 DEB
1 39722U 92093KN  24228.59798701  .00002218  00000-0  14441-2 0  9999
2 39722  70.8965 321.5550 0104961 171.7878 251.1476 14.00872450527686
SL-16 DEB
1 39722U 92093KN  24229.59788604  .00002304  00000-0  14986-2 0  9991
2 39722  70.8973 319.4925 0104840 170.2815 253.8355 14.00878676527825
SL-16 DEB
1 39722U 92093KN  24229.59788604  .00002304  00000-0  14986-2 0  9991
2 39722  70.8973 319.4925 0104840 170.2815 253.8355 14.00878676548345
SL-16 DEB
1 39722U 92093KN  24234.89242192  .00001617  00000-0  10610-2 0  9993
2 39722  70.8984 308.5743 0104459 162.5871 315.1493 14.00897027549084
SL-16 DEB
1 39722U 92093KN  24234.89242192  .00001617  00000-0  10610-2 0  9993
2 39722  70.8984 308.5743 0104459 162.5871 315.1493 14.00897027528564
SL-16 DEB
1 39722U 92093KN  24236.44336058  .00001453  00000-0  95584-3 0  9993
2 39722  70.8966 305.3726 0104430 160.2822 216.9261 14.00900751528784
SL-16 DEB
1 39722U 92093KN  24236.44336058  .00001453  00000-0  95584-3 0  9993
2 39722  70.8966 305.3726 0104430 160.2822 216.9261 14.00900751549293
SL-16 DEB
1 39722U 92093KN  24242.52283744  .00001183  00000-0  78418-3 0  9999
2 39722  70.8941 292.8293 0104028 151.3341 277.3788 14.00914676550158
SL-16 DEB
1 39722U 92093KN  24242.52283744  .00001183  00000-0  78418-3 0  9999
2 39722  70.8941 292.8293 0104028 151.3341 277.3788 14.00914676529637
SL-16 DEB
1 39722U 92093KN  24243.52271157  .00001121  00000-0  74453-3 0  9992
2 39722  70.8936 290.7665 0103929 149.8784 280.0256 14.00916457529778
SL-16 DEB
1 39722U 92093KN  24245.52227062  .00001351  00000-0  89113-3 0  9994
2 39722  70.8932 286.6413 0103802 146.9448 284.4301 14.00923020550579
SL-16 DEB
1 39722U 92093KN  24245.52227062  .00001351  00000-0  89113-3 0  9994
2 39722  70.8932 286.6413 0103802 146.9448 284.4301 14.00923020530050
SL-16 DEB
1 39722U 92093KN  24245.81614880  .00001358  00000-0  89535-3 0  9999
2 39722  70.8931 286.0349 0103782 146.5030 326.5645 14.00923896530095
SL-16 DEB
1 39722U 92093KN  24247.52202872  .00001543  00000-0  10134-2 0  9997
2 39722  70.8928 282.5154 0103693 143.9842 289.9031 14.00929587530330
SL-16 DEB
1 39722U 92093KN  24248.52163405  .00001657  00000-0  10863-2 0  9991
2 39722  70.8927 280.4532 0103655 142.5029 291.2798 14.00933307530472
SL-16 DEB
1 39722U 92093KN  24251.82582324  .00001628  00000-0  10677-2 0  9994
2 39722  70.8921 273.6356 0103407 137.6067  35.5813 14.00942670551457
SL-16 DEB
1 39722U 92093KN  24251.82582324  .00001628  00000-0  10677-2 0  9994
2 39722  70.8921 273.6356 0103407 137.6067  35.5813 14.00942670530937
SL-16 DEB
1 39722U 92093KN  24257.75229705  .00001778  00000-0  11633-2 0  9992
2 39722  70.8918 261.4069 0103119 128.7676  45.4610 14.00962554552286
SL-16 DEB
1 39722U 92093KN  24257.75229705  .00001778  00000-0  11633-2 0  9992
2 39722  70.8918 261.4069 0103119 128.7676  45.4610 14.00962554531766
SL-16 DEB
1 39722U 92093KN  24261.37294248  .00002291  00000-0  14903-2 0  9993
2 39722  70.8913 253.9341 0102777 123.3541 306.2510 14.00978730552797
SL-16 DEB
1 39722U 92093KN  24261.37294248  .00002291  00000-0  14903-2 0  9993
2 39722  70.8913 253.9341 0102777 123.3541 306.2510 14.00978730532278
SL-16 DEB
1 39722U 92093KN  24261.66754955  .00002445  00000-0  15879-2 0  9995
2 39722  70.8916 253.3269 0102851 122.9037 352.1348 14.00981382532313
SL-16 DEB
1 39722U 92093KN  24262.37271130  .00001387  00000-0  91367-3 0  9994
2 39722  70.8917 251.8725 0102824 121.8404 308.6285 14.00976249552932
SL-16 DEB
1 39722U 92093KN  24262.37271130  .00001387  00000-0  91367-3 0  9994
2 39722  70.8917 251.8725 0102824 121.8404 308.6285 14.00976249532413
SL-16 DEB
1 39722U 92093KN  24267.37159817  .00001336  00000-0  88137-3 0  9991
2 39722  70.8923 241.5575 0102831 114.2941 320.9101 14.00989216553638
SL-16 DEB
1 39722U 92093KN  24267.37159817  .00001336  00000-0  88137-3 0  9991
2 39722  70.8923 241.5575 0102831 114.2941 320.9101 14.00989216533119
SL-16 DEB
1 39722U 92093KN  24269.21621381  .00001374  00000-0  90513-3 0  9999
2 39722  70.8924 237.7495 0102857 111.3085 264.6129 14.00993114533377
SL-16 DEB
1 39722U 92093KN  24269.21621381  .00001374  00000-0  90513-3 0  9999
2 39722  70.8924 237.7495 0102857 111.3085 264.6129 14.00993114553885
SL-16 DEB
1 39722U 92093KN  24272.14356380  .00001534  00000-0  10072-2 0  9998
2 39722  70.8933 231.7122 0102733 107.1778 268.7784 14.01000737554290
SL-16 DEB
1 39722U 92093KN  24272.14356380  .00001534  00000-0  10072-2 0  9998
2 39722  70.8933 231.7122 0102733 107.1778 268.7784 14.01000737533781
SL-16 DEB
1 39722U 92093KN  24273.14321939  .00001647  00000-0  10794-2 0  9997
2 39722  70.8933 229.6493 0102750 105.6536 270.7100 14.01004497533920
SL-16 DEB
1 39722U 92093KN  24274.14261025  .00001783  00000-0  11655-2 0  9995
2 39722  70.8933 227.5871 0102788 104.1418 271.3099 14.01008752534069
SL-16 DEB
1 39722U 92093KN  24276.14144368  .00002055  00000-0  13390-2 0  9998
2 39722  70.8937 223.4630 0102657 101.1763 272.7562 14.01018083554853
SL-16 DEB
1 39722U 92093KN  24276.14144368  .00002055  00000-0  13390-2 0  9998
2 39722  70.8937 223.4630 0102657 101.1763 272.7562 14.01018083534345
SL-16 DEB
1 39722U 92093KN  24277.60091719  .00003073  00000-0  19865-2 0  9995
2 39722  70.8936 220.4515 0102754  98.9759  73.9371 14.01030142534540
SL-16 DEB
1 39722U 92093KN  24278.51832324  .00003018  00000-0  19516-2 0  9993
2 39722  70.8939 218.5584 0102705  97.5829  21.1067 14.01034149555198
SL-16 DEB
1 39722U 92093KN  24279.51713142  .00003239  00000-0  20922-2 0  9998
2 39722  70.8939 216.4974 0102755  96.0853  18.8509 14.01040366534812
SL-16 DEB
1 39722U 92093KN  24283.06682988  .00002580  00000-0  16717-2 0  9991
2 39722  70.8929 209.1719 0103028  90.7057 282.8880 14.01056664555825
SL-16 DEB
1 39722U 92093KN  24283.06682988  .00002580  00000-0  16717-2 0  9991
2 39722  70.8929 209.1719 0103028  90.7057 282.8880 14.01056664535317
SL-16 DEB
1 39722U 92093KN  24284.52620956  .00002570  00000-0  16654-2 0  9999
2 39722  70.8943 206.1627 0102714  88.5832  83.7081 14.01065310535516
SL-16 DEB
1 39722U 92093KN  24285.14781458  .00005057  00000-0  32469-2 0  9998
2 39722  70.8952 204.8821 0102722  87.6854 338.9925 14.01078755556129
SL-16 DEB
1 39722U 92093KN  24286.52539260  .00002210  00000-0  14362-2 0  9993
2 39722  70.8949 202.0389 0102747  85.6019  87.3482 14.01075237556318
SL-16 DEB
1 39722U 92093KN  24286.52539260  .00002210  00000-0  14362-2 0  9993
2 39722  70.8949 202.0389 0102747  85.6019  87.3482 14.01075237535797
SL-16 DEB
1 39722U 92093KN  24289.52391753  .00001539  00000-0  10089-2 0  9994
2 39722  70.8950 195.8508 0102813  81.0874  91.6741 14.01083578556734
SL-16 DEB
1 39722U 92093KN  24289.52391753  .00001539  00000-0  10089-2 0  9994
2 39722  70.8950 195.8508 0102813  81.0874  91.6741 14.01083578536215
SL-16 DEB
1 39722U 92093KN  24289.99243200  .00001577  00000-0  10330-2 0  9999
2 39722  70.8954 194.8839 0102958  80.3850 294.8277 14.01084823536283
SL-16 DEB
1 39722U 92093KN  24301.37516741  .00001720  00000-0  11227-2 0  9995
2 39722  70.8942 171.3959 0103622  63.4038 109.1341 14.01116122558396
SL-16 DEB
1 39722U 92093KN  24301.37516741  .00001720  00000-0  11227-2 0  9995
2 39722  70.8942 171.3959 0103622  63.4038 109.1341 14.01116122537876
SL-16 DEB
1 39722U 92093KN  24301.91472360  .00001736  00000-0  11331-2 0  9996
2 39722  70.8932 170.2821 0103337  62.5716 310.7162 14.01118676537953
SL-16 DEB
1 39722U 92093KN  24302.37472449  .00001734  00000-0  11318-2 0  9998
2 39722  70.8933 169.3334 0103382  61.8655 111.0033 14.01120140538012
SL-16 DEB
1 39722U 92093KN  24306.28962101  .00002168  00000-0  14065-2 0  9995
2 39722  70.8927 161.2545 0103518  56.1432  57.9999 14.01139660559087
SL-16 DEB
1 39722U 92093KN  24306.28962101  .00002168  00000-0  14065-2 0  9995
2 39722  70.8927 161.2545 0103518  56.1432  57.9999 14.01139660538567
SL-16 DEB
1 39722U 92093KN  24307.37225280  .00002065  00000-0  13413-2 0  9998
2 39722  70.8927 159.0198 0103635  54.4504 119.0145 14.01143619538716
SL-16 DEB
1 39722U 92093KN  24311.29876420  .00002065  00000-0  13402-2 0  9990
2 39722  70.8929 150.9163 0103894  48.6141 125.0360 14.01162845559787
SL-16 DEB
1 39722U 92093KN  24313.83703409  .00001774  00000-0  11558-2 0  9994
2 39722  70.8934 145.6774 0103834  44.7723 328.7197 14.01173237560137
SL-16 DEB
1 39722U 92093KN  24313.83703409  .00001774  00000-0  11558-2 0  9994
2 39722  70.8934 145.6774 0103834  44.7723 328.7197 14.01173237539627
SL-16 DEB
1 39722U 92093KN  24314.29711459  .00001990  00000-0  12928-2 0  9991
2 39722  70.8933 144.7278 0103856  44.0810 129.4862 14.01175510539686
SL-16 DEB
1 39722U 92093KN  24315.21347431  .00002148  00000-0  13925-2 0  9993
2 39722  70.8935 142.8367 0103876  42.7039  71.8535 14.01179288539814
SL-16 DEB
1 39722U 92093KN  24315.91832269  .00002149  00000-0  13930-2 0  9995
2 39722  70.8924 141.3813 0103930  41.6755  27.2762 14.01181723539911
SL-16 DEB
1 39722U 92093KN  24315.91832269  .00002149  00000-0  13930-2 0  9995
2 39722  70.8924 141.3813 0103930  41.6755  27.2762 14.01181723560432
SL-16 DEB
1 39722U 92093KN  24317.29539000  .00001669  00000-0  10888-2 0  9990
2 39722  70.8921 138.5388 0103984  39.6177 133.5981 14.01185377540103
SL-16 DEB
1 39722U 92093KN  24317.91751222  .00001434  00000-0  93963-3 0  9997
2 39722  70.8921 137.2547 0104025  38.6808  31.7762 14.01186975540193
SL-16 DEB
1 39722U 92093KN  24317.91751222  .00001434  00000-0  93963-3 0  9997
2 39722  70.8921 137.2547 0104025  38.6808  31.7762 14.01186975560713
SL-16 DEB
1 39722U 92093KN  24320.22215771  .00000926  00000-0  61712-3 0  9991
2 39722  70.8917 132.4971 0104086  35.2569 137.1046 14.01192054561037
SL-16 DEB
1 39722U 92093KN  24320.22215771  .00000926  00000-0  61712-3 0  9991
2 39722  70.8917 132.4971 0104086  35.2569 137.1046 14.01192054540517
SL-16 DEB
1 39722U 92093KN  24331.76628653  .00001109  00000-0  73233-3 0  9994
2 39722  70.8927 108.6691 0104705  18.0655  49.6879 14.01214011562653
SL-16 DEB
1 39722U 92093KN  24331.76628653  .00001109  00000-0  73233-3 0  9994
2 39722  70.8927 108.6691 0104705  18.0655  49.6879 14.01214011542134
SL-16 DEB
1 39722U 92093KN  24339.76265257  .00001085  00000-0  71661-3 0  9995
2 39722  70.8938  92.1637 0105179   6.2162  66.7673 14.01235530563775
SL-16 DEB
1 39722U 92093KN  24339.76265257  .00001085  00000-0  71661-3 0  9995
2 39722  70.8938  92.1637 0105179   6.2162  66.7673 14.01235530543256
SL-16 DEB
1 39722U 92093KN  24340.60712884  .00001098  00000-0  72480-3 0  9997
2 39722  70.8938  90.4207 0105227   4.9011   6.7663 14.01237935543379
SL-16 DEB
1 39722U 92093KN  24341.68902958  .00001067  00000-0  70532-3 0  9991
2 39722  70.8940  88.1875 0105294   3.2786  64.4086 14.01240491543520
SL-16 DEB
1 39722U 92093KN  24343.53430741  .00001146  00000-0  75501-3 0  9992
2 39722  70.8937  84.3783 0105423   0.5138  12.9240 14.01245368543783
SL-16 DEB
1 39722U 92093KN  24343.53430741  .00001146  00000-0  75501-3 0  9992
2 39722  70.8937  84.3783 0105423   0.5138  12.9240 14.01245368564292
SL-16 DEB
1 39722U 92093KN  24344.53343859  .00001171  00000-0  77118-3 0  9990
2 39722  70.8938  82.3158 0105500 359.0340  13.0429 14.01247882543921
SL-16 DEB
1 39722U 92093KN  24345.53276921  .00001172  00000-0  77140-3 0  9992
2 39722  70.8938  80.2531 0105554 357.5504  14.1802 14.01250308544067
SL-16 DEB
1 39722U 92093KN  24346.53207212  .00001004  00000-0  66531-3 0  9996
2 39722  70.8931  78.1895 0105619 356.0529  15.1977 14.01251765544200
SL-16 DEB
1 39722U 92093KN  24346.53207212  .00001004  00000-0  66531-3 0  9996
2 39722  70.8931  78.1895 0105619 356.0529  15.1977 14.01251765564718
SL-16 DEB
1 39722U 92093KN  24347.53155447  .00000843  00000-0  56298-3 0  9998
2 39722  70.8942  76.1275 0105697 354.6339  17.0500 14.01253207544342
SL-16 DEB
1 39722U 92093KN  24349.99094308  .00000877  00000-0  58445-3 0  9991
2 39722  70.8942  71.0501 0105880 351.0474 183.4658 14.01258328565202
SL-16 DEB
1 39722U 92093KN  24349.99094308  .00000877  00000-0  58445-3 0  9991
2 39722  70.8942  71.0501 0105880 351.0474 183.4658 14.01258328544681
SL-16 DEB
1 39722U 92093KN  24352.98904688  .00001064  00000-0  70270-3 0  9994
2 39722  70.8942  64.8613 0106045 346.6618 187.5021 14.01264523565629
SL-16 DEB
1 39722U 92093KN  24352.98904688  .00001064  00000-0  70270-3 0  9994
2 39722  70.8942  64.8613 0106045 346.6618 187.5021 14.01264523545100
SL-16 DEB
1 39722U 92093KN  24353.90414649  .00001045  00000-0  69073-3 0  9998
2 39722  70.8945  62.9727 0106187 345.2567 123.8351 14.01266284545232
SL-16 DEB
1 39722U 92093KN  24355.45521980  .00000914  00000-0  60743-3 0  9996
2 39722  70.8944  59.7709 0106305 342.9763  28.3269 14.01268811565966
SL-16 DEB
1 39722U 92093KN  24355.45521980  .00000914  00000-0  60743-3 0  9996
2 39722  70.8944  59.7709 0106305 342.9763  28.3269 14.01268811545458
SL-16 DEB
1 39722U 92093KN  24359.83062681  .00001109  00000-0  73080-3 0  9995
2 39722  70.8944  50.7385 0106634 336.5628 140.4373 14.01279329566588
SL-16 DEB
1 39722U 92093KN  24359.91320814  .00001111  00000-0  73222-3 0  9990
2 39722  70.8944  50.5680 0106631 336.4448 197.0243 14.01279522546071
SL-16 DEB
1 39722U 92093KN  24364.45973558  .00001441  00000-0  94012-3 0  9990
2 39722  70.8941  41.1819 0106952 329.8182  92.5196 14.01292693567236
SL-16 DEB
1 39722U 92093KN  24364.45973558  .00001441  00000-0  94012-3 0  9990
2 39722  70.8941  41.1819 0106952 329.8182  92.5196 14.01292693546716
SL-16 DEB
1 39722U 92093KN  24364.83887779  .00001468  00000-0  95682-3 0  9994
2 39722  70.8941  40.3992 0106955 329.2747 205.1503 14.01294085546769
SL-16 DEB
1 39722U 92093KN  24366.83783385  .00001838  00000-0  11904-2 0  9999
2 39722  70.8940  36.2721 0107077 326.3696 209.2047 14.01302847547045
SL-16 DEB
1 39722U 92093KN  25004.83527966  .00001388  00000-0  90611-3 0  9993
2 39722  70.8940  28.0188 0107316 320.5901 215.1031 14.01315597568129
SL-16 DEB
1 39722U 92093KN  25004.83527966  .00001388  00000-0  90611-3 0  9993
2 39722  70.8940  28.0188 0107316 320.5901 215.1031 14.01315597547609
SL-16 DEB
1 39722U 92093KN  25008.76103285  .00001170  00000-0  76771-3 0  9993
2 39722  70.8940  19.9140 0107623 314.9134 219.5526 14.01329429568678
SL-16 DEB
1 39722U 92093KN  25011.75905330  .00001006  00000-0  66424-3 0  9999
2 39722  70.8939  13.7232 0107696 310.5865 223.9057 14.01337081548571
SL-16 DEB
1 39722U 92093KN  25012.38029115  .00001082  00000-0  71254-3 0  9998
2 39722  70.8949  12.4412 0107711 309.7467 117.8634 14.01339017548667
SL-16 DEB
1 39722U 92093KN  25013.75803003  .00001061  00000-0  69913-3 0  9992
2 39722  70.8948   9.5965 0107764 307.7711 228.2716 14.01342109548859
SL-16 DEB
1 39722U 92093KN  25020.59977059  .00001499  00000-0  97451-3 0  9998
2 39722  70.8958 355.4710 0107951 298.0239 183.6372 14.01362267549812
SL-16 DEB
1 39722U 92093KN  25020.59977059  .00001499  00000-0  97451-3 0  9998
2 39722  70.8958 355.4710 0107951 298.0239 183.6372 14.01362267570333
SL-16 DEB
1 39722U 92093KN  25021.59823095  .00001613  00000-0  10465-2 0  9996
2 39722  70.8958 353.4093 0107939 296.5597 180.7784 14.01365897549952
SL-16 DEB
1 39722U 92093KN  25021.59823095  .00001422  00000-0  92615-3 0  9992
2 39722  70.8945 353.4070 0107853 296.3435 180.9980 14.01364593570470
SL-16 DEB
1 39722U 92093KN  25021.68103419  .00001644  00000-0  10659-2 0  9996
2 39722  70.8958 353.2383 0107940 296.4370 238.5150 14.01366315549968
SL-16 DEB
1 39722U 92093KN  25026.60619669  .00001466  00000-0  95359-3 0  9995
2 39722  70.8952 343.0685 0107978 289.3222 245.5894 14.01381964571170
SL-16 DEB
1 39722U 92093KN  25026.60619669  .00001466  00000-0  95359-3 0  9995
2 39722  70.8952 343.0685 0107978 289.3222 245.5894 14.01381964550650
SL-16 DEB
1 39722U 92093KN  25026.60619669  .00001466  00000-0  95359-3 0  9995
2 39722  70.8952 343.0685 0107978 289.3222 245.5894 14.01381964571170
SL-16 DEB
1 39722U 92093KN  25030.60334972  .00001284  00000-0  83868-3 0  9991
2 39722  70.8963 334.8169 0107912 283.6514 251.0044 14.01392809551218
SL-16 DEB
1 39722U 92093KN  25030.60334972  .00001284  00000-0  83868-3 0  9991
2 39722  70.8963 334.8169 0107912 283.6514 251.0044 14.01392809571737
SL-16 DEB
1 39722U 92093KN  25036.06699887  .00001029  00000-0  67836-3 0  9990
2 39722  70.8965 323.5367 0107708 275.8558  95.0960 14.01405644572497
SL-16 DEB
1 39722U 92093KN  25036.06699887  .00001029  00000-0  67836-3 0  9990
2 39722  70.8965 323.5367 0107708 275.8558  95.0960 14.01405644551988
SL-16 DEB
1 39722U 92093KN  25041.52436914  .00000878  00000-0  58308-3 0  9992
2 39722  70.8949 312.2684 0107748 267.9714 267.8089 14.01414874573268
SL-16 DEB
1 39722U 92093KN  25041.52436914  .00000878  00000-0  58308-3 0  9992
2 39722  70.8949 312.2684 0107748 267.9714 267.8089 14.01414874552748
SL-16 DEB
1 39722U 92093KN  25047.44853955  .00000659  00000-0  44502-3 0  9995
2 39722  70.8944 300.0360 0107451 259.4537 275.6875 14.01422505574091
SL-16 DEB
1 39722U 92093KN  25047.44853955  .00000659  00000-0  44502-3 0  9995
2 39722  70.8944 300.0360 0107451 259.4537 275.6875 14.01422505553571
SL-16 DEB
1 39722U 92093KN  25047.98711660  .00000664  00000-0  44796-3 0  9991
2 39722  70.8941 298.9236 0107467 258.6714 112.8671 14.01423324553655
SL-16 DEB
1 39722U 92093KN  25048.98648763  .00000721  00000-0  48383-3 0  9995
2 39722  70.8937 296.8598 0107381 257.2291 114.7973 14.01425284553796
SL-16 DEB
1 39722U 92093KN  25050.06852148  .00000673  00000-0  45364-3 0  9993
2 39722  70.8939 294.6259 0107388 255.6630 173.7768 14.01426341574463
SL-16 DEB
1 39722U 92093KN  25050.44635486  .00000775  00000-0  51792-3 0  9994
2 39722  70.8938 293.8457 0107379 255.1194 279.9882 14.01427528553992
SL-16 DEB
1 39722U 92093KN  25053.06675095  .00000634  00000-0  42946-3 0  9990
2 39722  70.8934 288.4349 0107261 251.3341 180.2035 14.01430727574880
SL-16 DEB
1 39722U 92093KN  25053.06675095  .00000634  00000-0  42946-3 0  9990
2 39722  70.8934 288.4349 0107261 251.3341 180.2035 14.01430727554361
SL-16 DEB
1 39722U 92093KN  25054.37213265  .00000696  00000-0  46833-3 0  9999
2 39722  70.8932 285.7393 0107201 249.4452 286.0321 14.01433235554543
SL-16 DEB
1 39722U 92093KN  25055.37137985  .00000737  00000-0  49403-3 0  9996
2 39722  70.8930 283.6758 0107181 248.0114 287.3651 14.01435143575206
SL-16 DEB
1 39722U 92093KN  25055.37137985  .00000737  00000-0  49403-3 0  9996
2 39722  70.8930 283.6758 0107181 248.0114 287.3651 14.01435143554685
SL-16 DEB
1 39722U 92093KN  25055.99214329  .00000838  00000-0  55797-3 0  9997
2 39722  70.8929 282.3938 0107171 247.1184 179.2039 14.01436759554778
SL-16 DEB
1 39722U 92093KN  25055.99214329  .00000838  00000-0  55797-3 0  9997
2 39722  70.8929 282.3938 0107171 247.1184 179.2039 14.01436759575298
SL-16 DEB
1 39722U 92093KN  25063.29416678  .00000749  00000-0  50167-3 0  9997
2 39722  70.8916 267.3140 0106863 236.5217 299.2316 14.01449879576310
SL-16 DEB
1 39722U 92093KN  25064.98709875  .00000644  00000-0  43578-3 0  9990
2 39722  70.8914 263.8176 0106825 234.0884 200.4031 14.01452260556032
SL-16 DEB
1 39722U 92093KN  25066.29172336  .00000703  00000-0  47275-3 0  9996
2 39722  70.8915 261.1233 0106799 232.2354 302.4748 14.01454511576738
SL-16 DEB
1 39722U 92093KN  25068.20714444  .00000946  00000-0  62581-3 0  9997
2 39722  70.8916 257.1675 0106715 229.4410 246.2215 14.01458686556484
SL-16 DEB
1 39722U 92093KN  25070.75605896  .00000923  00000-0  61091-3 0  9990
2 39722  70.8918 251.9044 0106668 225.7829 146.0664 14.01462890577354
SL-16 DEB
1 39722U 92093KN  25070.75605896  .00000923  00000-0  61091-3 0  9990
2 39722  70.8918 251.9044 0106668 225.7829 146.0664 14.01462890556845
SL-16 DEB
1 39722U 92093KN  25075.83480619  .00001456  00000-0  94673-3 0  9992
2 39722  70.8920 241.4145 0106446 218.4373 209.7444 14.01478990578071
SL-16 DEB
1 39722U 92093KN  25075.83480619  .00001456  00000-0  94673-3 0  9992
2 39722  70.8920 241.4145 0106446 218.4373 209.7444 14.01478990557551
SL-16 DEB
1 39722U 92093KN  25076.21287216  .00001610  00000-0  10433-2 0  9996
2 39722  70.8920 240.6337 0106440 217.8864 317.2074 14.01480966557603
SL-16 DEB
1 39722U 92093KN  25081.67630940  .00002293  00000-0  14732-2 0  9992
2 39722  70.8931 229.3512 0106272 209.9736 162.2011 14.01506740578888
SL-16 DEB
1 39722U 92093KN  25081.67630940  .00002293  00000-0  14732-2 0  9992
2 39722  70.8931 229.3512 0106272 209.9736 162.2011 14.01506740558370
SL-16 DEB
1 39722U 92093KN  25082.67532492  .00002323  00000-0  14916-2 0  9994
2 39722  70.8932 227.2881 0106247 208.5487 162.6251 14.01511701558516
SL-16 DEB
1 39722U 92093KN  25083.13579152  .00002266  00000-0  14557-2 0  9997
2 39722  70.8933 226.3372 0106236 207.8854 325.8717 14.01513632558571
SL-16 DEB
1 39722U 92093KN  25083.67476101  .00002240  00000-0  14393-2 0  9996
2 39722  70.8934 225.2241 0106220 207.1112 165.2007 14.01516116558655
SL-16 DEB
1 39722U 92093KN  25084.67384755  .00002133  00000-0  13720-2 0  9994
2 39722  70.8935 223.1608 0106181 205.6810 166.0228 14.01520360579309
SL-16 DEB
1 39722U 92093KN  25084.67384755  .00002133  00000-0  13720-2 0  9994
2 39722  70.8935 223.1608 0106181 205.6810 166.0228 14.01520360558799
SL-16 DEB
1 39722U 92093KN  25085.67315714  .00002071  00000-0  13330-2 0  9992
2 39722  70.8935 221.0970 0106137 204.2430 167.9921 14.01524613558933
SL-16 DEB
1 39722U 92093KN  25087.60010144  .00001803  00000-0  11642-2 0  9992
2 39722  70.8933 217.1172 0106004 201.4359 170.3749 14.01531591579711
SL-16 DEB
1 39722U 92093KN  25087.60010144  .00001803  00000-0  11642-2 0  9992
2 39722  70.8933 217.1172 0106004 201.4359 170.3749 14.01531591559203
SL-16 DEB
1 39722U 92093KN  25088.59990478  .00001672  00000-0  10820-2 0  9999
2 39722  70.8946 215.0524 0105973 200.0455 174.8271 14.01535534559346
SL-16 DEB
1 39722U 92093KN  25090.75267456  .00001367  00000-0  88987-3 0  9994
2 39722  70.8949 210.6067 0105880 196.9470 236.6509 14.01541922580162
SL-16 DEB
1 39722U 92093KN  25090.75267456  .00001367  00000-0  88987-3 0  9994
2 39722  70.8949 210.6067 0105880 196.9470 236.6509 14.01541922559641
SL-16 DEB
1 39722U 92093KN  25091.59724478  .00001232  00000-0  80512-3 0  9996
2 39722  70.8950 208.8626 0105826 195.7121 177.9709 14.01543941559768
SL-16 DEB
1 39722U 92093KN  25092.59606875  .00001287  00000-0  83927-3 0  9990
2 39722  70.8949 206.8000 0105780 194.2628 177.5839 14.01546906559905
SL-16 DEB
1 39722U 92093KN  25094.59477650  .00001347  00000-0  87733-3 0  9995
2 39722  70.8943 202.6724 0105674 191.3751 182.1750 14.01552648560189
SL-16 DEB
1 39722U 92093KN  25094.59477650  .00001347  00000-0  87733-3 0  9995
2 39722  70.8943 202.6724 0105674 191.3751 182.1750 14.01552648580697
SL-16 DEB
1 39722U 92093KN  25094.97270925  .00001417  00000-0  92155-3 0  9995
2 39722  70.8944 201.8920 0105650 190.8232 289.0705 14.01554351560237
SL-16 DEB
1 39722U 92093KN  25097.05357463  .00001381  00000-0  89858-3 0  9996
2 39722  70.8943 197.5945 0105504 187.8093 348.2598 14.01560467581048
SL-16 DEB
1 39722U 92093KN  25097.05357463  .00001381  00000-0  89858-3 0  9996
2 39722  70.8943 197.5945 0105504 187.8093 348.2598 14.01560467560528
SL-16 DEB
1 39722U 92093KN  25099.51913080  .00001272  00000-0  83013-3 0  9998
2 39722  70.8941 192.5030 0105386 184.2335 188.5070 14.01567537581386
SL-16 DEB
1 39722U 92093KN  25099.51913080  .00001272  00000-0  83013-3 0  9998
2 39722  70.8941 192.5030 0105386 184.2335 188.5070 14.01567537560877
SL-16 DEB
1 39722U 92093KN  25100.51806600  .00001309  00000-0  85296-3 0  9996
2 39722  70.8942 190.4400 0105329 182.7755 188.7774 14.01570811561011
SL-16 DEB
1 39722U 92093KN  25101.97764490  .00001162  00000-0  76078-3 0  9992
2 39722  70.8941 187.4257 0105240 180.6836 353.2663 14.01574087561212
SL-16 DEB
1 39722U 92093KN  25101.97764490  .00001162  00000-0  76078-3 0  9992
2 39722  70.8941 187.4257 0105240 180.6836 353.2663 14.01574087581731
SL-16 DEB
1 39722U 92093KN  25114.51793062  .00000775  00000-0  51695-3 0  9990
2 39722  70.8929 161.5271 0104447 162.3591 267.8628 14.01598113583491
SL-16 DEB
1 39722U 92093KN  25121.43998935  .00000625  00000-0  42290-3 0  9990
2 39722  70.8920 147.2299 0103949 152.1926 275.0193 14.01609376584468
SL-16 DEB
1 39722U 92093KN  25121.43998935  .00000625  00000-0  42290-3 0  9990
2 39722  70.8920 147.2299 0103949 152.1926 275.0193 14.01609376563948
SL-16 DEB
1 39722U 92093KN  25122.43909931  .00000697  00000-0  46828-3 0  9999
2 39722  70.8912 145.1645 0103715 150.6928 276.3598 14.01611524564084
SL-16 DEB
1 39722U 92093KN  25126.43673705  .00000682  00000-0  45865-3 0  9994
2 39722  70.8909 136.9070 0103532 144.7518 287.7592 14.01617242585161
SL-16 DEB
1 39722U 92093KN  25126.43673705  .00000682  00000-0  45865-3 0  9994
2 39722  70.8909 136.9070 0103532 144.7518 287.7592 14.01617242564641
SL-16 DEB
1 39722U 92093KN  25127.36296503  .00000637  00000-0  43072-3 0  9992
2 39722  70.8909 134.9939 0103500 143.3731 281.3615 14.01618345564775
SL-16 DEB
1 39722U 92093KN  25137.20124808  .00000594  00000-0  40338-3 0  9998
2 39722  70.8917 114.6725 0103161 128.7109 244.0472 14.01629843586665
SL-16 DEB
1 39722U 92093KN  25137.28295433  .00000600  00000-0  40703-3 0  9993
2 39722  70.8918 114.5044 0103240 128.5758 296.3412 14.01629967566169
SL-16 DEB
1 39722U 92093KN  25142.65710259  .00000503  00000-0  34606-3 0  9995
2 39722  70.8926 103.4028 0103161 120.5179  53.8010 14.01635539587433
SL-16 DEB
1 39722U 92093KN  25142.65710259  .00000503  00000-0  34606-3 0  9995
2 39722  70.8926 103.4028 0103161 120.5179  53.8010 14.01635539566913
SL-16 DEB
1 39722U 92093KN  25144.12482469  .00000511  00000-0  35091-3 0  9996
2 39722  70.8929 100.3721 0103128 118.2984 259.8306 14.01637149567122
SL-16 DEB
1 39722U 92093KN  25147.58116366  .00000427  00000-0  29803-3 0  9999
2 39722  70.8929  93.2333 0103173 113.0836  60.3077 14.01640322588120
SL-16 DEB
1 39722U 92093KN  25147.58116366  .00000427  00000-0  29803-3 0  9999
2 39722  70.8929  93.2333 0103173 113.0836  60.3077 14.01640322567600
SL-16 DEB
1 39722U 92093KN  25148.12091892  .00000431  00000-0  30054-3 0  9991
2 39722  70.8936  92.1183 0103068 112.3039 263.8517 14.01641073567680
SL-16 DEB
1 39722U 92093KN  25149.58021433  .00000515  00000-0  35366-3 0  9990
2 39722  70.8934  89.1038 0103069 110.1044  67.3846 14.01643199567881
SL-16 DEB
1 39722U 92093KN  25151.11853249  .00000520  00000-0  35693-3 0  9999
2 39722  70.8937  85.9264 0103052 107.7968 269.6600 14.01644883588618
SL-16 DEB
1 39722U 92093KN  25151.11853249  .00000520  00000-0  35693-3 0  9999
2 39722  70.8937  85.9264 0103052 107.7968 269.6600 14.01644883568100
SL-16 DEB
1 39722U 92093KN  25152.57636414  .00001179  00000-0  77175-3 0  9995
2 39722  70.8937  82.9151 0103058 105.6091  65.8294 14.01650856568306
SL-16 DEB
1 39722U 92093KN  25152.57636414  .00001179  00000-0  77175-3 0  9995
2 39722  70.8937  82.9151 0103058 105.6091  65.8294 14.01650856588825
SL-16 DEB
1 39722U 92093KN  25158.04144039  .00000431  00000-0  30021-3 0  9999
2 39722  70.8941  71.6269 0103143  97.4093 282.4572 14.01653924589589
SL-16 DEB
1 39722U 92093KN  25158.50071705  .00000430  00000-0  29958-3 0  9995
2 39722  70.8942  70.6784 0103131  96.7173  79.9643 14.01654517569135
SL-16 DEB
1 39722U 92093KN  25163.49569654  .00000500  00000-0  34402-3 0  9992
2 39722  70.8944  60.3612 0103230  89.2381  84.5963 14.01659500590353
SL-16 DEB
1 39722U 92093KN  25163.96335625  .00000496  00000-0  34147-3 0  9993
2 39722  70.8943  59.3952 0103254  88.5442 284.4020 14.01659911569901
SL-16 DEB
1 39722U 92093KN  25170.04036175  .00000391  00000-0  27512-3 0  9990
2 39722  70.8944  46.8425 0103393  79.4577 349.0723 14.01666724591273
SL-16 DEB
1 39722U 92093KN  25170.41769514  .00000408  00000-0  28605-3 0  9994
2 39722  70.8943  46.0630 0103404  78.8923  93.1078 14.01667145570807
SL-16 DEB
1 39722U 92093KN  25172.33244307  .00000408  00000-0  28567-3 0  9992
2 39722  70.8940  42.1075 0103436  76.0381  34.9748 14.01668650591595
SL-16 DEB
1 39722U 92093KN  25172.33244307  .00000408  00000-0  28567-3 0  9992
2 39722  70.8940  42.1075 0103436  76.0381  34.9748 14.01668650571076
SL-16 DEB
1 39722U 92093KN  25173.88363337  .00000388  00000-0  27324-3 0  9995
2 39722  70.8939  38.9031 0103478  73.7290 302.3265 14.01669838571297
SL-16 DEB
1 39722U 92093KN  25178.87930442  .00000269  00000-0  19858-3 0  9997
2 39722  70.8939  28.5833 0103592  66.2861 310.6838 14.01673646592507
SL-16 DEB
1 39722U 92093KN  25178.87930442  .00000269  00000-0  19858-3 0  9997
2 39722  70.8939  28.5833 0103592  66.2861 310.6838 14.01673646571997
SL-16 DEB
1 39722U 92093KN  25182.25176108  .00000379  00000-0  26776-3 0  9994
2 39722  70.8939  21.6166 0103698  61.3114  48.2192 14.01676323592988
SL-16 DEB
1 39722U 92093KN  25182.25176108  .00000379  00000-0  26776-3 0  9994
2 39722  70.8939  21.6166 0103698  61.3114  48.2192 14.01676323572469
SL-16 DEB
1 39722U 92093KN  25185.26160670  .00000316  00000-0  22767-3 0  9992
2 39722  70.8940  15.3989 0103766  56.8312 116.0769 14.01678469593403
SL-16 DEB
1 39722U 92093KN  25185.26160670  .00000316  00000-0  22767-3 0  9992
2 39722  70.8940  15.3989 0103766  56.8312 116.0769 14.01678469572882
SL-16 DEB
1 39722U 92093KN  25191.17293149  .00000254  00000-0  18920-3 0  9994
2 39722  70.8944   3.1882 0103810  48.0724  64.9875 14.01682048594233
SL-16 DEB
1 39722U 92093KN  25191.17293149  .00000254  00000-0  18920-3 0  9994
2 39722  70.8944   3.1882 0103810  48.0724  64.9875 14.01682048573713
SL-16 DEB
1 39722U 92093KN  25191.72479848  .00000257  00000-0  19055-3 0  9990
2 39722  70.8947   2.0481 0103956  47.1776 329.8217 14.01682332573794
SL-16 DEB
1 39722U 92093KN  25194.18284696  .00000223  00000-0  16978-3 0  9992
2 39722  70.8942 356.9694 0104032  43.4895 133.3588 14.01683677594653
SL-16 DEB
1 39722U 92093KN  25194.18284696  .00000223  00000-0  16978-3 0  9992
2 39722  70.8942 356.9694 0104032  43.4895 133.3588 14.01683677574134
SL-16 DEB
1 39722U 92093KN  25195.18209576  .00000178  00000-0  14145-3 0  9990
2 39722  70.8943 354.9051 0104020  42.0321 135.6215 14.01684145574274
SL-16 DEB
1 39722U 92093KN  25195.72143369  .00000167  00000-0  13401-3 0  9999
2 39722  70.8941 353.7909 0104066  41.2308 337.1639 14.01684397574354
SL-16 DEB
1 39722U 92093KN  25197.71924854  .00000179  00000-0  14184-3 0  9998
2 39722  70.8945 349.6635 0104152  38.2416 338.3252 14.01685613595146
SL-16 DEB
1 39722U 92093KN  25197.71924854  .00000179  00000-0  14184-3 0  9998
2 39722  70.8945 349.6635 0104152  38.2416 338.3252 14.01685613574637
SL-16 DEB
1 39722U 92093KN  25200.09306894  .00000290  00000-0  21150-3 0  9997
2 39722  70.8944 344.7596 0104284  34.7233  76.8262 14.01687487595484
SL-16 DEB
1 39722U 92093KN  25200.09306894  .00000290  00000-0  21150-3 0  9997
2 39722  70.8944 344.7596 0104284  34.7233  76.8262 14.01687487574964
SL-16 DEB
1 39722U 92093KN  25202.64252488  .00000314  00000-0  22695-3 0  9991
2 39722  70.8988 339.4980 0104192  30.9489 341.6105 14.01689550575322
SL-16 DEB
1 39722U 92093KN  25202.64252488  .00000314  00000-0  22695-3 0  9991
2 39722  70.8988 339.4980 0104192  30.9489 341.6105 14.01689550595830
SL-16 DEB
1 39722U 92093KN  25203.64216503  .00000319  00000-0  23013-3 0  9990
2 39722  70.8952 337.4296 0104234  29.4371 345.9272 14.01690477575468
SL-16 DEB
1 39722U 92093KN  25204.64258652  .00000295  00000-0  21470-3 0  9990
2 39722  70.8952 335.3629 0104270  27.9340 354.1760 14.01691279575605
SL-16 DEB
1 39722U 92093KN  25204.64258652  .00000295  00000-0  21470-3 0  9990
2 39722  70.8952 335.3629 0104270  27.9340 354.1760 14.01691279596114
SL-16 DEB
1 39722U 92093KN  25207.72029230  .00000262  00000-0  19431-3 0  9998
2 39722  70.8937 329.0031 0104301  23.2944  44.6767 14.01692997596552
SL-16 DEB
1 39722U 92093KN  25207.72029230  .00000262  00000-0  19431-3 0  9998
2 39722  70.8937 329.0031 0104301  23.2944  44.6767 14.01692997576033
SL-16 DEB
1 39722U 92093KN  25212.56218062  .00000339  00000-0  24260-3 0  9990
2 39722  70.8941 319.0017 0104469  16.0819 357.4295 14.01696365597225
SL-16 DEB
1 39722U 92093KN  25212.56218062  .00000339  00000-0  24260-3 0  9990
2 39722  70.8941 319.0017 0104469  16.0819 357.4295 14.01696365576716
SL-16 DEB
1 39722U 92093KN  25219.48494172  .00000308  00000-0  22282-3 0  9994
2 39722  70.8945 304.7018 0104752   5.7394  10.6701 14.01701620577688
SL-16 DEB
1 39722U 92093KN  25219.48494172  .00000308  00000-0  22282-3 0  9994
2 39722  70.8945 304.7018 0104752   5.7394  10.6701 14.01701620598197
SL-16 DEB
1 39722U 92093KN  25221.63650558  .00000373  00000-0  26401-3 0  9995
2 39722  70.8942 300.2583 0105024   2.6196  67.6991 14.01703454598506
SL-16 DEB
1 39722U 92093KN  25221.63650558  .00000373  00000-0  26401-3 0  9995
2 39722  70.8942 300.2583 0105024   2.6196  67.6991 14.01703454577985
SL-16 DEB
1 39722U 92093KN  25222.94273977  .00000361  00000-0  25643-3 0  9990
2 39722  70.8940 297.5604 0105125   0.6418 179.1923 14.01704651578167
SL-16 DEB
1 39722U 92093KN  25223.94067271  .00000289  00000-0  21116-3 0  9999
2 39722  70.8941 295.4988 0105176 359.2024 174.8727 14.01705084578303
SL-16 DEB
1 39722U 92093KN  25223.94067271  .00000289  00000-0  21116-3 0  9999
2 39722  70.8941 295.4988 0105176 359.2024 174.8727 14.01705084598822
SL-16 DEB
1 39722U 92093KN  25224.94074032  .00000254  00000-0  18894-3 0  9994
2 39722  70.8939 293.4329 0105235 357.7219 181.3653 14.01705739578445
SL-16 DEB
1 39722U 92093KN  25232.40124818  .00000336  00000-0  24038-3 0  9990
2 39722  70.8926 278.0201 0105697 346.6657  28.3101 14.01711307600008
SL-16 DEB
1 39722U 92093KN  25232.40124818  .00000336  00000-0  24038-3 0  9990
2 39722  70.8926 278.0201 0105697 346.6657  28.3101 14.01711307579496
SL-16 DEB
1 39722U 92093KN  25235.85909309  .00000282  00000-0  20659-3 0  9993
2 39722  70.8922 270.8763 0105929 341.5781 197.1742 14.01713665579973
SL-16 DEB
1 39722U 92093KN  25237.77264014  .00000338  00000-0  24174-3 0  9991
2 39722  70.8918 266.9231 0106004 338.8159 133.2097 14.01714969580241
SL-16 DEB
1 39722U 92093KN  25238.85631124  .00000411  00000-0  28754-3 0  9991
2 39722  70.8917 264.6842 0106068 337.2334 201.5953 14.01716068580399
SL-16 DEB
1 39722U 92093KN  25241.78189110  .00000514  00000-0  35224-3 0  9994
2 39722  70.8916 258.6398 0106210 332.9905 204.5551 14.01719442580804
SL-16 DEB
1 39722U 92093KN  25244.31934390  .00000801  00000-0  53187-3 0  9991
2 39722  70.8917 253.3972 0106486 329.2275  49.0830 14.01724425581168
SL-16 DEB
1 39722U 92093KN  25244.77953043  .00000917  00000-0  60468-3 0  9995
2 39722  70.8921 252.4465 0106421 328.6114 211.2225 14.01725955581221
SL-16 DEB
1 39722U 92093KN  25245.39944740  .00001028  00000-0  67399-3 0  9992
2 39722  70.8915 251.1654 0106477 327.7135  99.4451 14.01727639581312
SL-16 DEB
1 39722U 92093KN  25246.77811568  .00001026  00000-0  67299-3 0  9993
2 39722  70.8915 248.3169 0106528 325.7234 216.4722 14.01729879581507
SL-16 DEB
1 39722U 92093KN  25249.24176427  .00000940  00000-0  61887-3 0  9997
2 39722  70.8916 243.2268 0106616 322.1504  48.5746 14.01734079581857
SL-16 DEB
1 39722U 92093KN  25251.70147314  .00000674  00000-0  45203-3 0  9992
2 39722  70.8917 238.1448 0106718 318.5996 220.8221 14.01737640582196
SL-16 DEB
1 39722U 92093KN  25252.69991760  .00000566  00000-0  38434-3 0  9991
2 39722  70.8918 236.0819 0106757 317.1630 219.2016 14.01738767582330
SL-16 DEB
1 39722U 92093KN  25254.31970116  .00000471  00000-0  32472-3 0  9995
2 39722  70.8920 232.7353 0106818 314.8328 113.0077 14.01740550582561
SL-16 DEB
1 39722U 92093KN  25255.61456226  .00000490  00000-0  33681-3 0  9994
2 39722  70.8922 230.0600 0106874 312.9554 167.1991 14.01742044582746
SL-16 DEB
1 39722U 92093KN  25259.16119400  .00000609  00000-0  41107-3 0  9992
2 39722  70.8927 222.7324 0106900 307.9305  64.3064 14.01746512583249
SL-16 DEB
1 39722U 92093KN  25263.15836228  .00000542  00000-0  36927-3 0  9990
2 39722  70.8935 214.4745 0107052 302.1339  75.1204 14.01751177583807
SL-16 DEB
1 39722U 92093KN  25264.53445896  .00000736  00000-0  49072-3 0  9990
2 39722  70.8937 211.6313 0107078 300.1259 179.3138 14.01753932583990
SL-16 DEB
1 39722U 92093KN  25266.61465662  .00001000  00000-0  65609-3 0  9993
2 39722  70.8932 207.3332 0107028 297.1553 236.5698 14.01758242584284
SL-16 DEB
1 39722U 92093KN  25274.15768698  .00001046  00000-0  68448-3 0  9990
2 39722  70.8953 191.7510 0106982 286.3648 141.1311 14.01775795585347
SL-16 DEB
1 39722U 92093KN  25274.15768698  .00001046  00000-0  68448-3 0  9990
2 39722  70.8953 191.7510 0106982 286.3648 141.1311 14.01775795585347
SL-16 DEB
1 39722U 92093KN  25274.53593567  .00001205  00000-0  78411-3 0  9991
2 39722  70.8952 190.9695 0106999 285.8106 249.9238 14.01777645585398
SL-16 DEB
1 39722U 92093KN  25276.53473861  .00001189  00000-0  77384-3 0  9996
2 39722  70.8944 186.8395 0107009 282.9131 256.6591 14.01782345585670
SL-16 DEB
1 39722U 92093KN  25278.99862154  .00000763  00000-0  50728-3 0  9995
2 39722  70.8942 181.7492 0106940 279.3729  90.3789 14.01785893586029
SL-16 DEB
1 39722U 92093KN  25278.99862154  .00000763  00000-0  50728-3 0  9995
2 39722  70.8942 181.7492 0106940 279.3729  90.3789 14.01785893586029
SL-16 DEB
1 39722U 92093KN  25280.45871794  .00000613  00000-0  41365-3 0  9990
2 39722  70.8939 178.7324 0106951 277.2627 258.6257 14.01787903586226
SL-16 DEB
1 39722U 92093KN  25281.99716036  .00000522  00000-0  35638-3 0  9992
2 39722  70.8941 175.5544 0106927 275.0600 102.2281 14.01789839586443
SL-16 DEB
1 39722U 92093KN  25281.99716037  .00000522  00000-0  35638-3 0  9993
2 39722  70.8941 175.5544 0106927 275.0600 102.2281 14.01789839586443
SL-16 DEB
1 39722U 92093KN  25282.45678258  .00000483  00000-0  33197-3 0  9991
2 39722  70.8941 174.6048 0106941 274.4007 261.6693 14.01790183586500
SL-16 DEB
1 39722U 92093KN  25282.45678259  .00000483  00000-0  33197-3 0  9992
2 39722  70.8941 174.6048 0106941 274.4007 261.6693 14.01790183586500
SL-16 DEB
1 39722U 92093KN  25289.07250269  .00000593  00000-0  40071-3 0  9995
2 39722  70.8931 160.9366 0106775 264.8656 167.4515 14.01798674587430
SL-16 DEB
1 39722U 92093KN  25289.07250269  .00000593  00000-0  40071-3 0  9995
2 39722  70.8931 160.9366 0106775 264.8656 167.4515 14.01798674587430
SL-16 DEB
1 39722U 92093KN  25290.29440109  .00000539  00000-0  36686-3 0  9992
2 39722  70.8929 158.4120 0106745 263.1038 213.7008 14.01799949587607
SL-16 DEB
1 39722U 92093KN  25290.29440109  .00000539  00000-0  36686-3 0  9992
2 39722  70.8929 158.4120 0106745 263.1038 213.7008 14.01799949587607
SL-16 DEB
1 39722U 92093KN  25291.37723317  .00000548  00000-0  37260-3 0  9996
2 39722  70.8928 156.1748 0106728 261.5453 278.1609 14.01801301587755
SL-16 DEB
1 39722U 92093KN  25300.91672546  .00000582  00000-0  39400-3 0  9990
2 39722  70.8913 136.4630 0106497 247.7939 179.0478 14.01814845589097
SL-16 DEB
1 39722U 92093KN  25305.75882377  .00000720  00000-0  48035-3 0  9990
2 39722  70.8914 126.4583 0106231 240.7382 134.8699 14.01822220589770
SL-16 DEB
1 39722U 92093KN  25308.21762955  .00000637  00000-0  42857-3 0  9996
2 39722  70.8919 121.3774 0106144 237.1942 303.3337 14.01825840590119
SL-16 DEB
1 39722U 92093KN  25308.21762956  .00000637  00000-0  42857-3 0  9997
2 39722  70.8919 121.3774 0106144 237.1942 303.3337 14.01825840590119
SL-16 DEB
1 39722U 92093KN  25311.75203417  .00000870  00000-0  57427-3 0  9990
2 39722  70.8917 114.0728 0106129 232.1961 139.8236 14.01833255590618
SL-16 DEB
1 39722U 92093KN  25311.75203417  .00000870  00000-0  57427-3 0  9990
2 39722  70.8917 114.0728 0106129 232.1961 139.8236 14.01833255590618
SL-16 DEB
1 39722U 92093KN  25317.67517097  .00001658  00000-0  10668-2 0  9999
2 39722  70.8922 101.8336 0105920 223.6089 151.5899 14.01851610591440
SL-16 DEB
1 39722U 92093KN  25317.67517098  .00001658  00000-0  10668-2 0  9990
2 39722  70.8922 101.8336 0105920 223.6089 151.5899 14.01851610591440
SL-16 DEB
1 39722U 92093KN  25319.67412514  .00001461  00000-0  94360-3 0  9993
2 39722  70.8929  97.7031 0105974 220.8468 159.4843 14.01857041591722
SL-16 DEB
1 39722U 92093KN  25319.67412514  .00001461  00000-0  94360-3 0  9993
2 39722  70.8929  97.7031 0105974 220.8469 159.4843 14.01857041591723
SL-16 DEB
1 39722U 92093KN  25321.13274909  .00001322  00000-0  85697-3 0  9990
2 39722  70.8930  94.6889 0105867 218.7128 320.7094 14.01861300591927
SL-16 DEB
1 39722U 92093KN  25322.13059045  .00001125  00000-0  73363-3 0  9991
2 39722  70.8933  92.6272 0105832 217.2783 316.4900 14.01863260592068
SL-16 DEB
1 39722U 92093KN  25322.13059046  .00001125  00000-0  73363-3 0  9992
2 39722  70.8933  92.6272 0105832 217.2783 316.4900 14.01863260592068
SL-16 DEB
1 39722U 92093KN  25329.05280448  .00000907  00000-0  59695-3 0  9991
2 39722  70.8926  78.3214 0105689 207.6305 330.5316 14.01876978593036
SL-16 DEB
1 39722U 92093KN  25329.05280449  .00000907  00000-0  59695-3 0  9992
2 39722  70.8926  78.3214 0105689 207.6305 330.5316 14.01876978593036
SL-16 DEB
1 39722U 92093KN  25330.05088264  .00000785  00000-0  52054-3 0  9991
2 39722  70.8938  76.2603 0105385 205.7968 327.9462 14.01877562593172
SL-16 DEB
1 39722U 92093KN  25330.05088265  .00000785  00000-0  52054-3 0  9992
2 39722  70.8938  76.2603 0105385 205.7968 327.9462 14.01877562593172
SL-16 DEB
1 39722U 92093KN  25330.96835737  .00000761  00000-0  50582-3 0  9994
2 39722  70.8937  74.3659 0105486 204.5657 278.1066 14.01878904593308
SL-16 DEB
1 39722U 92093KN  25330.96835738  .00000761  00000-0  50582-3 0  9995
2 39722  70.8937  74.3659 0105486 204.5657 278.1066 14.01878904593308
SL-16 DEB
1 39722U 92093KN  25331.96644853  .00000750  00000-0  49851-3 0  9997
2 39722  70.8975  72.3056 0105613 203.1190 275.2181 14.01880367593445
SL-16 DEB
1 39722U 92093KN  25331.96644854  .00000750  00000-0  49851-3 0  9998
2 39722  70.8975  72.3056 0105613 203.1190 275.2181 14.01880367593445
SL-16 DEB
1 39722U 92093KN  25335.51308411  .00000816  00000-0  54031-3 0  9998
2 39722  70.8922  64.9741 0105052 197.8430 174.3742 14.01886702593944
SL-16 DEB
1 39722U 92093KN  25335.51308412  .00000816  00000-0  54031-3 0  9999
2 39722  70.8922  64.9741 0105052 197.8430 174.3742 14.01886702593944
SL-16 DEB
1 39722U 92093KN  25336.51198762  .00000857  00000-0  56546-3 0  9993
2 39722  70.8949  62.9108 0105099 196.4330 175.5742 14.01888530594083
SL-16 DEB
1 39722U 92093KN  25336.51198762  .00000857  00000-0  56546-3 0  9993
2 39722  70.8949  62.9108 0105099 196.4330 175.5742 14.01888530594083
SL-16 DEB
1 39722U 92093KN  25339.97011451  .00000998  00000-0  65385-3 0  9992
2 39722  70.8928  55.7625 0104742 191.4984 347.9565 14.01896532594560
SL-16 DEB
1 39722U 92093KN  25340.96828823  .00000996  00000-0  65289-3 0  9993
2 39722  70.8956  53.7014 0104703 190.0629 345.5400 14.01898803594700
SL-16 DEB
1 39722U 92093KN  25343.43431182  .00001004  00000-0  65812-3 0  9999
2 39722  70.8953  48.6056 0104529 186.4735 191.1415 14.01903865595054
SL-16 DEB
1 39722U 92093KN  25343.43431182  .00001004  00000-0  65812-3 0  9999
2 39722  70.8953  48.6056 0104529 186.4735 191.1415 14.01903865595054
SL-16 DEB
1 39722U 92093KN  25347.58390344  .00000688  00000-0  46030-3 0  9991
2 39722  70.8946  40.0299 0104243 180.3980 253.5646 14.01910770595635
SL-16 DEB
1 39722U 92093KN  25351.88477472  .00000426  00000-0  29586-3 0  9994
2 39722  70.8940  31.1414 0103938 174.0911 359.5681 14.01915314596235
SL-16 DEB
1 39722U 92093KN  25360.80497168  .00000440  00000-0  30467-3 0  9996
2 39722  70.8936  12.7061 0103285 160.9328  19.0562 14.01923986597482
SL-16 DEB
1 39722U 92093KN  25360.80497168  .00000440  00000-0  30467-3 0  9996
2 39722  70.8936  12.7061 0103285 160.9328  19.0562 14.01923986597482
SL-16 DEB
1 39722U 92093KN  25361.80385955  .00000523  00000-0  35717-3 0  9992
2 39722  70.8937  10.6419 0103213 159.4499  20.3876 14.01925413597626
SL-16 DEB
1 39722U 92093KN  25361.80385956  .00000523  00000-0  35717-3 0  9993
2 39722  70.8937  10.6419 0103213 159.4499  20.3876 14.01925413597626
SL-16 DEB
1 39722U 92093KN  25364.26852895  .00000718  00000-0  47898-3 0  9996
2 39722  70.8940   5.5486 0102988 155.8317 219.4200 14.01929450597979
SL-16 DEB
1 39722U 92093KN  26003.26375205  .00000710  00000-0  47399-3 0  9990
2 39722  70.8949 357.2922 0102653 149.8903 223.2092 14.01935637598532
SL-16 DEB
1 39722U 92093KN  26003.26375205  .00000710  00000-0  47399-3 0  9990
2 39722  70.8949 357.2922 0102653 149.8903 223.2092 14.01935637598532
SL-16 DEB
1 39722U 92093KN  26004.72418646  .00000605  00000-0  40838-3 0  9993
2 39722  70.8950 354.2741 0102547 147.7038  34.0163 14.01937069598738
SL-16 DEB
1 39722U 92093KN  26004.72418647  .00000605  00000-0  40838-3 0  9994
2 39722  70.8950 354.2741 0102547 147.7038  34.0163 14.01937069598738
SL-16 DEB
1 39722U 92093KN  26005.63901799  .00000562  00000-0  38108-3 0  9999
2 39722  70.8938 352.3828 0102530 146.3167 331.1904 14.01937902598863
SL-16 DEB
1 39722U 92093KN  26006.72220956  .00000531  00000-0  36224-3 0  9992
2 39722  70.8946 350.1446 0102467 144.6827  38.0750 14.01938913599010
SL-16 DEB
1 39722U 92093KN  26007.34207355  .00000496  00000-0  34013-3 0  9993
2 39722  70.8946 348.8636 0102434 143.7516 286.5364 14.01939369599101
SL-16 DEB
1 39722U 92093KN  26007.34207356  .00000496  00000-0  34013-3 0  9994
2 39722  70.8946 348.8636 0102434 143.7516 286.5364 14.01939369599101
SL-16 DEB
1 39722U 92093KN  26009.18637603  .00000426  00000-0  29607-3 0  9996
2 39722  70.8948 345.0520 0102344 140.9750 234.7715 14.01941056599362
SL-16 DEB
1 39722U 92093KN  26009.18637603  .00000426  00000-0  29607-3 0  9996
2 39722  70.8948 345.0520 0102344 140.9750 234.7715 14.01941056599362
SL-16 DEB
1 39722U 92093KN  26013.18179612  .00000296  00000-0  21452-3 0  9997
2 39722  70.8951 336.7951 0102144 134.9821 239.7604 14.01944521599925
SL-16 DEB
1 39722U 92093KN  26013.18179612  .00000296  00000-0  21452-3 0  9997
2 39722  70.8951 336.7951 0102144 134.9821 239.7604 14.01944521599925
SL-16 DEB
1 39722U 92093KN  26017.26002398  .00000405  00000-0  28284-3 0  9998
2 39722  70.8952 328.3674 0101989 128.8301 302.7569 14.01947907600493
SL-16 DEB
1 39722U 92093KN  26019.25835743  .00000451  00000-0  31210-3 0  9991
2 39722  70.8953 324.2378 0101942 125.8139 308.4547 14.01949736600777
SL-16 DEB
1 39722U 92093KN  26019.56390683  .00000424  00000-0  29474-3 0  9993
2 39722  70.8953 323.6065 0101927 125.3444  50.5883 14.01949854600814
SL-16 DEB
1 39722U 92093KN  26020.27232196  .00000607  00000-0  40952-3 0  9994
2 39722  70.8953 322.1425 0101902 124.2772  26.0059 14.01951847600912
SL-16 DEB
1 39722U 92093KN  26021.18318494  .00000900  00000-0  59344-3 0  9992
2 39722  70.8951 320.2598 0101852 122.9247 303.1844 14.01955387601045
SL-16 DEB
1 39722U 92093KN  26022.56069722  .00000849  00000-0  56104-3 0  9995
2 39722  70.8952 317.4132 0101854 120.7914  55.6575 14.01957745601238
SL-16 DEB
1 39722U 92093KN  26023.55886153  .00000862  00000-0  56953-3 0  9997
2 39722  70.8952 315.3504 0101844 119.2871  53.4826 14.01959796601370
SL-16 DEB
1 39722U 92093KN  26024.09893745  .00000977  00000-0  64130-3 0  9995
2 39722  70.8951 314.2343 0101836 118.4881 259.2837 14.01961542601450
SL-16 DEB
1 39722U 92093KN  26024.09893745  .00000977  00000-0  64130-3 0  9995
2 39722  70.8951 314.2343 0101836 118.4881 259.2837 14.01961543601451
SL-16 DEB
1 39722U 92093KN  26025.17946822  .00000893  00000-0  58883-3 0  9995
2 39722  70.8952 312.0014 0101838 116.8545 312.8361 14.01963196601605
SL-16 DEB
1 39722U 92093KN  26025.17946823  .00000893  00000-0  58883-3 0  9996
2 39722  70.8952 312.0014 0101838 116.8545 312.8361 14.01963196601605
SL-16 DEB
1 39722U 92093KN  26029.17552168  .00000776  00000-0  51558-3 0  9997
2 39722  70.8947 303.7435 0101818 110.8187 321.3930 14.01969443602167
SL-16 DEB
1 39722U 92093KN  26031.02012123  .00000570  00000-0  38628-3 0  9991
2 39722  70.8945 299.9314 0101819 108.0280 271.3417 14.01971461602427
SL-16 DEB
1 39722U 92093KN  26031.02012123  .00000570  00000-0  38628-3 0  9991
2 39722  70.8945 299.9314 0101819 108.0280 271.3417 14.01971461602427
SL-16 DEB
1 39722U 92093KN  26034.47659661  .00000530  00000-0  36089-3 0  9992
2 39722  70.8940 292.7883 0101806 102.8306  76.6555 14.01975810602905
SL-16 DEB
1 39722U 92093KN  26034.47659662  .00000530  00000-0  36089-3 0  9993
2 39722  70.8940 292.7883 0101806 102.8306  76.6555 14.01975810602905
SL-16 DEB
1 39722U 92093KN  26035.39115832  .00000582  00000-0  39400-3 0  9998
2 39722  70.8939 290.8982 0101810 101.4571  12.5828 14.01977104603031
SL-16 DEB
1 39722U 92093KN  26035.39115833  .00000582  00000-0  39400-3 0  9999
2 39722  70.8939 290.8982 0101810 101.4571  12.5828 14.01977104603031
SL-16 DEB
1 39722U 92093KN  26046.01386639  .00000494  00000-0  33853-3 0  9992
2 39722  70.8919 268.9431 0102007  85.4785 347.2601 14.01989269604528
SL-16 DEB
1 39722U 92093KN  26046.01386639  .00000494  00000-0  33853-3 0  9992
2 39722  70.8919 268.9431 0102007  85.4785 347.2601 14.01989269604528
SL-16 DEB
1 39722U 92093KN  26048.01133281  .00000555  00000-0  37664-3 0  9999
2 39722  70.8920 264.8150 0102113  82.4697 348.8792 14.01991800604803
SL-16 DEB
1 39722U 92093KN  26048.01133282  .00000555  00000-0  37664-3 0  9990
2 39722  70.8920 264.8150 0102113  82.4697 348.8792 14.01991801604804
SL-16 DEB
1 39722U 92093KN  26052.00730737  .00000362  00000-0  25604-3 0  9999
2 39722  70.8900 256.5534 0101875  76.4595 357.4167 14.01995540605368
SL-16 DEB
1 39722U 92093KN  26052.00730737  .00000362  00000-0  25604-3 0  9999
2 39722  70.8900 256.5534 0101875  76.4595 357.4168 14.01995540605369
SL-16 DEB
1 39722U 92093KN  26054.00552468  .00000444  00000-0  30681-3 0  9996
2 39722  70.8913 252.4256 0102140  73.4745   2.8432 14.01997776605648
SL-16 DEB
1 39722U 92093KN  26054.22740803  .00000484  00000-0  33225-3 0  9993
2 39722  70.8909 251.9674 0102049  73.1951  42.6856 14.01998289605670
SL-16 DEB
1 39722U 92093KN  26054.22740803  .00000484  00000-0  33225-3 0  9993
2 39722  70.8909 251.9674 0102049  73.1951  42.6856 14.01998289605670
SL-16 DEB
1 39722U 92093KN  26076.14320395  .00000471  00000-0  32408-3 0  9996
2 39722  70.8931 206.6675 0102396  40.1675 137.8494 14.02024955608742
SL-16 DEB
1 39722U 92093KN  26076.14320395  .00000471  00000-0  32408-3 0  9996
2 39722  70.8931 206.6675 0102396  40.1675 137.8494 14.02024955608742
SL-16 DEB
1 39722U 92093KN  26078.06911616  .00000403  00000-0  28164-3 0  9990
2 39722  70.8930 202.6868 0102079  37.0922 138.7401 14.02026255609013
SL-16 DEB
1 39722U 92093KN  26079.60788485  .00000376  00000-0  26435-3 0  9995
2 39722  70.8933 199.5067 0102702  35.0843 345.0981 14.02027327609235
SL-16 DEB
1 39722U 92093KN  26079.60788485  .00000376  00000-0  26435-3 0  9995
2 39722  70.8933 199.5067 0102702  35.0843 345.0981 14.02027327609235
SL-16 DEB
1 39722U 92093KN  26080.60524571  .00000383  00000-0  26873-3 0  9995
2 39722  70.8935 197.4455 0102741  33.5755 339.1214 14.02028349609376
SL-16 DEB
1 39722U 92093KN  26081.60494042  .00000287  00000-0  20901-3 0  9994
2 39722  70.8949 195.3799 0102699  32.0017 344.9837 14.02028632609512
SL-16 DEB
1 39722U 92093KN  26082.06450226  .00000347  00000-0  24646-3 0  9998
2 39722  70.8943 194.4298 0102776  31.3645 144.4957 14.02029322609574
SL-16 DEB
1 39722U 92093KN  26087.60722429  .00000424  00000-0  29445-3 0  9998
2 39722  70.8936 182.9742 0103007  23.0861  40.4892 14.02034457610354
SL-16 DEB
1 39722U 92093KN  26087.60722429  .00000424  00000-0  29445-3 0  9998
2 39722  70.8936 182.9742 0103007  23.0861  40.4892 14.02034457610354
SL-16 DEB
1 39722U 92093KN  26088.98543381  .00000434  00000-0  30045-3 0  9997
2 39722  70.8936 180.1259 0103080  21.0340 156.7925 14.02036118610543
SL-16 DEB
1 39722U 92093KN  26088.98543382  .00000434  00000-0  30045-3 0  9998
2 39722  70.8936 180.1259 0103080  21.0340 156.7925 14.02036118610543
SL-16 DEB
1 39722U 92093KN  26091.52110161  .00000375  00000-0  26396-3 0  9995
2 39722  70.8936 174.8854 0103211  17.2492 355.2128 14.02038349610904
SL-16 DEB
1 39722U 92093KN  26091.52110162  .00000375  00000-0  26396-3 0  9996
2 39722  70.8936 174.8854 0103211  17.2492 355.2128 14.02038349610904
SL-16 DEB
1 39722U 92093KN  26092.98113819  .00000516  00000-0  35162-3 0  9997
2 39722  70.8935 171.8678 0103296  15.0789 164.5403 14.02040457611105
SL-16 DEB
1 39722U 92093KN  26093.60186552  .00000594  00000-0  40093-3 0  9996
2 39722  70.8937 170.5852 0103308  14.1425  57.5899 14.02041463611195
SL-16 DEB
1 39722U 92093KN  26093.60186552  .00000594  00000-0  40093-3 0  9996
2 39722  70.8937 170.5851 0103308  14.1425  57.5899 14.02041463611194
SL-16 DEB
1 39722U 92093KN  26098.44291821  .00000374  00000-0  26323-3 0  9995
2 39722  70.8931 160.5795 0103581   6.9525  12.1944 14.02046085611875
SL-16 DEB
1 39722U 92093KN  26098.90244397  .00000328  00000-0  23462-3 0  9992
2 39722  70.8929 159.6296 0103596   6.2550 171.6121 14.02046372611938
SL-16 DEB
1 39722U 92093KN  26098.90244398  .00000328  00000-0  23462-3 0  9993
2 39722  70.8929 159.6296 0103596   6.2550 171.6121 14.02046372611938
SL-16 DEB
1 39722U 92093KN  26099.90144745  .00000306  00000-0  22084-3 0  9994
2 39722  70.8928 157.5647 0103670   4.7612 173.9782 14.02047351612071
SL-16 DEB
1 39722U 92093KN  26099.90144745  .00000306  00000-0  22084-3 0  9994
2 39722  70.8928 157.5647 0103670   4.7612 173.9782 14.02047351612071
SL-16 DEB
1 39722U 92093KN  26100.44064068  .00000306  00000-0  22057-3 0  9995
2 39722  70.8928 156.4504 0103699   3.9614  15.4944 14.02047847612154
SL-16 DEB
1 39722U 92093KN  26100.44064069  .00000306  00000-0  22057-3 0  9996
2 39722  70.8928 156.4504 0103699   3.9614  15.4944 14.02047847612154
SL-16 DEB
1 39722U 92093KN  26102.89807102  .00000268  00000-0  19668-3 0  9991
2 39722  70.8924 151.3709 0103859   0.3173 179.0954 14.02049146612499
SL-16 DEB
1 39722U 92093KN  26102.89807102  .00000268  00000-0  19668-3 0  9991
2 39722  70.8924 151.3709 0103859   0.3173 179.0954 14.02049146612499
SL-16 DEB
1 39722U 92093KN  26104.89548600  .00000329  00000-0  23463-3 0  9994
2 39722  70.8921 147.2421 0103980 357.3705 180.8141 14.02050338612776
SL-16 DEB
1 39722U 92093KN  26104.89548600  .00000329  00000-0  23463-3 0  9994
2 39722  70.8921 147.2421 0103980 357.3705 180.8142 14.02050338612777
SL-16 DEB
1 39722U 92093KN  26106.36145714  .00000339  00000-0  24105-3 0  9992
2 39722  70.8920 144.2120 0104066 355.2038  20.1439 14.02051284612980
SL-16 DEB
1 39722U 92093KN  26106.36145715  .00000339  00000-0  24105-3 0  9993
2 39722  70.8920 144.2120 0104066 355.2038  20.1439 14.02051284612980
SL-16 DEB
1 39722U 92093KN  26107.82101708  .00000295  00000-0  21392-3 0  9995
2 39722  70.8918 141.1949 0104160 353.0561 187.1107 14.02052203613185
SL-16 DEB
1 39722U 92093KN  26109.35885781  .00000253  00000-0  18766-3 0  9990
2 39722  70.8917 138.0160 0104263 350.7840  29.2068 14.02053280613405
SL-16 DEB
1 39722U 92093KN  26109.35885782  .00000253  00000-0  18766-3 0  9991
2 39722  70.8917 138.0160 0104263 350.7840  29.2068 14.02053280613405
SL-16 DEB
1 39722U 92093KN  26110.35746006  .00000215  00000-0  16396-3 0  9993
2 39722  70.8916 135.9518 0104333 349.3107  29.5507 14.02053821613542
SL-16 DEB
1 39722U 92093KN  26110.35746006  .00000215  00000-0  16396-3 0  9993
2 39722  70.8916 135.9518 0104333 349.3107  29.5507 14.02053821613542
SL-16 DEB
1 39722U 92093KN  26110.81761572  .00000220  00000-0  16683-3 0  9994
2 39722  70.8915 135.0006 0104361 348.6427 192.1306 14.02054210613606
SL-16 DEB
1 39722U 92093KN  26111.35567154  .00000249  00000-0  18475-3 0  9996
2 39722  70.8915 133.8884 0104392 347.8496  27.9140 14.02054710613681
SL-16 DEB
1 39722U 92093KN  26111.35567154  .00000249  00000-0  18475-3 0  9996
2 39722  70.8915 133.8884 0104392 347.8496  27.9140 14.02054710613681
SL-16 DEB
1 39722U 92093KN  26111.81505549  .00000243  00000-0  18111-3 0  9998
2 39722  70.8915 132.9388 0104430 347.1767 186.6048 14.02054957613747
SL-16 DEB
1 39722U 92093KN  26111.81505549  .00000243  00000-0  18111-3 0  9998
2 39722  70.8915 132.9388 0104430 347.1767 186.6049 14.02054957613748
SL-16 DEB
1 39722U 92093KN  26111.81505549  .00000243  00000-0  18111-3 0  9998
2 39722  70.8915 132.9388 0104430 347.1767 186.6049 14.02054957613748
SL-16 DEB
1 39722U 92093KN  26116.43210742  .00000519  00000-0  35320-3 0  9996
2 39722  70.8911 123.3944 0104671 340.4316  90.6970 14.02059608614396
SL-16 DEB
1 39722U 92093KN  26116.43210742  .00000519  00000-0  35320-3 0  9996
2 39722  70.8911 123.3944 0104671 340.4316  90.6970 14.02059608614396
SL-16 DEB
1 39722U 92093KN  26118.73588916  .00000502  00000-0  34253-3 0  9998
2 39722  70.8914 118.6323 0104780 337.0753 198.8264 14.02062421614715
SL-16 DEB
1 39722U 92093KN  26118.73588916  .00000502  00000-0  34253-3 0  9998
2 39722  70.8914 118.6323 0104780 337.0753 198.8264 14.02062421614715
SL-16 DEB
1 39722U 92093KN  26119.27532641  .00000477  00000-0  32725-3 0  9995
2 39722  70.8913 117.5171 0104828 336.2772  41.6020 14.02062948614795
SL-16 DEB
1 39722U 92093KN  26119.27532642  .00000477  00000-0  32725-3 0  9996
2 39722  70.8913 117.5171 0104828 336.2772  41.6020 14.02062948614795
SL-16 DEB
1 39722U 92093KN  26124.72873477  .00000565  00000-0  38211-3 0  9990
2 39722  70.8918 106.2432 0105069 328.3894 207.2247 14.02069724615555
SL-16 DEB
1 39722U 92093KN  26124.72873478  .00000565  00000-0  38211-3 0  9991
2 39722  70.8918 106.2432 0105069 328.3894 207.2247 14.02069724615555
SL-16 DEB
1 39722U 92093KN  26131.18842744  .00000326  00000-0  23272-3 0  9997
2 39722  70.8927  92.8899 0105296 319.0492  52.1594 14.02076663616468
SL-16 DEB
1 39722U 92093KN  26131.18842745  .00000326  00000-0  23272-3 0  9998
2 39722  70.8927  92.8899 0105296 319.0492  52.1594 14.02076663616468
SL-16 DEB
1 39722U 92093KN  26132.56454925  .00000344  00000-0  24439-3 0  9996
2 39722  70.8929  90.0453 0105319 317.0730 158.0571 14.02077814616656
SL-16 DEB
1 39722U 92093KN  26132.56454925  .00000344  00000-0  24439-3 0  9996
2 39722  70.8929  90.0453 0105319 317.0730 158.0571 14.02077814616656
SL-16 DEB
1 39722U 92093KN  26137.19151913  .00000305  00000-0  21959-3 0  9992
2 39722  70.8935  80.4807 0105419 310.3985 112.4978 14.02081134617306
SL-16 DEB
1 39722U 92093KN  26137.57113215  .00000288  00000-0  20916-3 0  9999
2 39722  70.8935  79.6960 0105417 309.8508 228.5822 14.02081391617355
SL-16 DEB
1 39722U 92093KN  26137.57113216  .00000288  00000-0  20916-3 0  9990
2 39722  70.8935  79.6960 0105417 309.8508 228.5822 14.02081391617355
SL-16 DEB
1 39722U 92093KN  26139.10779894  .00000252  00000-0  18671-3 0  9997
2 39722  70.8939  76.5196 0105439 307.6297  64.8637 14.02082463617571
SL-16 DEB
1 39722U 92093KN  26139.10779894  .00000252  00000-0  18671-3 0  9997
2 39722  70.8939  76.5196 0105439 307.6297  64.8637 14.02082463617571
SL-16 DEB
1 39722U 92093KN  26141.48336897  .00000281  00000-0  20475-3 0  9990
2 39722  70.8942  71.6090 0105478 304.2098 175.4814 14.02084237617903
SL-16 DEB
1 39722U 92093KN  26141.48336897  .00000281  00000-0  20475-3 0  9990
2 39722  70.8942  71.6090 0105478 304.2098 175.4814 14.02084237617903
SL-16 DEB
1 39722U 92093KN  26144.03124439  .00000373  00000-0  26216-3 0  9992
2 39722  70.8945  66.3424 0105497 300.5343  75.8303 14.02086381618269
SL-16 DEB
1 39722U 92093KN  26144.03124439  .00000373  00000-0  26216-3 0  9992
2 39722  70.8945  66.3424 0105497 300.5343  75.8303 14.02086381618269
SL-16 DEB
1 39722U 92093KN  26145.02962146  .00000411  00000-0  28599-3 0  9996
2 39722  70.8945  64.2785 0105489 299.1019  75.1180 14.02087486618409
SL-16 DEB
1 39722U 92093KN  26145.02962146  .00000411  00000-0  28599-3 0  9996
2 39722  70.8945  64.2785 0105489 299.1019  75.1180 14.02087486618409
SL-16 DEB
1 39722U 92093KN  26147.48784001  .00000420  00000-0  29137-3 0  9999
2 39722  70.8947  59.1972 0105518 295.5553 242.9604 14.02090135618745
SL-16 DEB
1 39722U 92093KN  26147.48784002  .00000420  00000-0  29137-3 0  9990
2 39722  70.8947  59.1972 0105518 295.5553 242.9604 14.02090135618745
SL-16 DEB
1 39722U 92093KN  26148.48640623  .00000408  00000-0  28402-3 0  9991
2 39722  70.8947  57.1330 0105531 294.1145 243.2240 14.02091213618881
SL-16 DEB
1 39722U 92093KN  26148.48640623  .00000408  00000-0  28402-3 0  9991
2 39722  70.8947  57.1330 0105531 294.1145 243.2240 14.02091213618881
SL-16 DEB
1 39722U 92093KN  26151.39997978  .00000494  00000-0  33729-3 0  9996
2 39722  70.8950  51.1105 0105526 289.9055 189.5135 14.02094719619290
SL-16 DEB
1 39722U 92093KN  26152.10320780  .00000455  00000-0  31302-3 0  9999
2 39722  70.8948  49.6568 0105452 288.8880 139.0678 14.02095076619394
SL-16 DEB
1 39722U 92093KN  26152.10320781  .00000455  00000-0  31302-3 0  9990
2 39722  70.8948  49.6568 0105452 288.8880 139.0678 14.02095076619394
SL-16 DEB
1 39722U 92093KN  26152.39797662  .00000446  00000-0  30797-3 0  9994
2 39722  70.8947  49.0474 0105449 288.4637 186.9161 14.02095256619438
SL-16 DEB
1 39722U 92093KN  26152.39797662  .00000446  00000-0  30797-3 0  9994
2 39722  70.8947  49.0474 0105449 288.4637 186.9161 14.02095256619438
SL-16 DEB
1 39722U 92093KN  26154.39460801  .00000471  00000-0  32319-3 0  9998
2 39722  70.8946  44.9200 0105418 285.5811 184.9541 14.02097316619716
SL-16 DEB
1 39722U 92093KN  26154.39460801  .00000471  00000-0  32319-3 0  9998
2 39722  70.8946  44.9200 0105418 285.5811 184.9541 14.02097316619716
SL-16 DEB
1 39722U 92093KN  26157.40363610  .00000381  00000-0  26707-3 0  9997
2 39722  70.8947  38.7001 0105349 281.2317 253.1209 14.02100233620135
SL-16 DEB
1 39722U 92093KN  26157.40363611  .00000381  00000-0  26707-3 0  9998
2 39722  70.8947  38.7001 0105349 281.2318 253.1209 14.02100233620136
SL-16 DEB
1 39722U 92093KN  26158.02397498  .00000336  00000-0  23923-3 0  9994
2 39722  70.8945  37.4174 0105376 280.3375 144.3029 14.02100645620222
SL-16 DEB
1 39722U 92093KN  26158.02397498  .00000336  00000-0  23923-3 0  9994
2 39722  70.8945  37.4174 0105376 280.3375 144.3029 14.02100644620221
SL-16 DEB
1 39722U 92093KN  26159.40234983  .00000304  00000-0  21902-3 0  9996
2 39722  70.8945  34.5680 0105363 278.3467 261.7042 14.02101780620418
SL-16 DEB
1 39722U 92093KN  26159.40234983  .00000304  00000-0  21902-3 0  9996
2 39722  70.8945  34.5680 0105363 278.3467 261.7042 14.02101780620418
SL-16 DEB
1 39722U 92093KN  26161.40031285  .00000285  00000-0  20728-3 0  9992
2 39722  70.8943  30.4375 0105330 275.4452 266.5248 14.02103143620694
SL-16 DEB
1 39722U 92093KN  26161.40031285  .00000285  00000-0  20728-3 0  9992
2 39722  70.8943  30.4375 0105330 275.4452 266.5248 14.02103143620694
SL-16 DEB
1 39722U 92093KN  26163.31283745  .00000370  00000-0  26000-3 0  9998
2 39722  70.8943  26.4840 0105313 272.6811 200.0867 14.02104822620960
SL-16 DEB
1 39722U 92093KN  26163.86347417  .00000376  00000-0  26413-3 0  9999
2 39722  70.8943  25.3455 0105297 271.8895  99.4502 14.02105225621048
SL-16 DEB
1 39722U 92093KN  26163.86347417  .00000376  00000-0  26413-3 0  9999
2 39722  70.8943  25.3455 0105297 271.8895  99.4502 14.02105225621048
SL-16 DEB
1 39722U 92093KN  26165.86192147  .00000341  00000-0  24239-3 0  9995
2 39722  70.8943  21.2141 0105271 268.9951 106.7334 14.02106664621321
SL-16 DEB
1 39722U 92093KN  26165.86192148  .00000341  00000-0  24239-3 0  9996
2 39722  70.8943  21.2141 0105271 268.9951 106.7334 14.02106664621321
SL-16 DEB
1 39722U 92093KN  26167.32130052  .00000293  00000-0  21229-3 0  9997
2 39722  70.8943  18.1971 0105265 266.8858 273.0400 14.02107713621523
SL-16 DEB
1 39722U 92093KN  26167.32130053  .00000293  00000-0  21229-3 0  9998
2 39722  70.8943  18.1971 0105265 266.8858 273.0400 14.02107713621523
SL-16 DEB
1 39722U 92093KN  26167.32130053  .00000293  00000-0  21229-3 0  9998
2 39722  70.8943  18.1971 0105265 266.8858 273.0400 14.02107713621523
SL-16 DEB
1 39722U 92093KN  26167.85882681  .00000275  00000-0  20130-3 0  9997
2 39722  70.8943  17.0860 0105267 266.1096 106.2378 14.02108080621605
SL-16 DEB
1 39722U 92093KN  26167.85882681  .00000275  00000-0  20130-3 0  9997
2 39722  70.8943  17.0860 0105267 266.1096 106.2378 14.02108080621605
SL-16 DEB
1 39722U 92093KN  26171.31640050  .00000270  00000-0  19805-3 0  9997
2 39722  70.8943   9.9381 0105233 261.1032 278.5853 14.02110285622085
SL-16 DEB
1 39722U 92093KN  26171.31640050  .00000270  00000-0  19805-3 0  9997
2 39722  70.8943   9.9381 0105233 261.1031 278.5853 14.02110285622084
SL-16 DEB
1 39722U 92093KN  26173.31374265  .00000331  00000-0  23570-3 0  9993
2 39722  70.8942   5.8087 0105200 258.1960 280.3376 14.02111627622365
SL-16 DEB
1 39722U 92093KN  26174.22781316  .00000354  00000-0  25012-3 0  9991
2 39722  70.8941   3.9187 0105180 256.8579 214.1959 14.02112278622491
SL-16 DEB
1 39722U 92093KN  26175.77749847  .00000351  00000-0  24848-3 0  9998
2 39722  70.8943   0.7151 0105169 254.6292 116.3479 14.02113431622711
SL-16 DEB
1 39722U 92093KN  26176.85819652  .00000358  00000-0  25257-3 0  9992
2 39722  70.8941 358.4807 0105149 253.0517 171.2807 14.02114448622861
SL-16 DEB
1 39722U 92093KN  26176.85819652  .00000358  00000-0  25257-3 0  9992
2 39722  70.8941 358.4808 0105149 253.0517 171.2807 14.02114448622862
SL-16 DEB
1 39722U 92093KN  26177.77659800  .00000332  00000-0  23685-3 0  9996
2 39722  70.8942 356.5821 0105146 251.7253 126.9928 14.02115131622991
SL-16 DEB
1 39722U 92093KN  26177.77659800  .00000332  00000-0  23685-3 0  9996
2 39722  70.8942 356.5821 0105146 251.7253 126.9928 14.02115131622991
SL-16 DEB
1 39722U 92093KN  26179.23521639  .00000339  00000-0  24087-3 0  9991
2 39722  70.8943 353.5666 0105142 249.6202 289.5003 14.02116401623196
SL-16 DEB
1 39722U 92093KN  26179.23521639  .00000339  00000-0  24087-3 0  9991
2 39722  70.8943 353.5667 0105142 249.6202 289.5003 14.02116401623197
SL-16 DEB
1 39722U 92093KN  26181.14956081  .00000388  00000-0  27165-3 0  9991
2 39722  70.8944 349.6091 0105119 246.8443 232.3463 14.02118032623463
SL-16 DEB
1 39722U 92093KN  26181.14956081  .00000388  00000-0  27165-3 0  9991
2 39722  70.8944 349.6091 0105119 246.8443 232.3463 14.02118032623463
SL-16 DEB
1 39722U 92093KN  26182.69780406  .00000449  00000-0  30930-3 0  9990
2 39722  70.8942 346.4081 0105092 244.6110 127.2574 14.02119486623685
SL-16 DEB
1 39722U 92093KN  26183.14598589  .00000454  00000-0  31268-3 0  9991
2 39722  70.8944 345.4817 0105096 243.9488 229.5160 14.02119836623740
SL-16 DEB
1 39722U 92093KN  26194.76634644  .00000268  00000-0  19665-3 0  9994
2 39722  70.8950 321.4593 0104930 227.1391 204.7398 14.02128554625371
SL-16 DEB
1 39722U 92093KN  26194.76634644  .00000268  00000-0  19665-3 0  9994
2 39722  70.8950 321.4593 0104930 227.1391 204.7398 14.02128554625371
SL-16 DEB
1 39722U 92093KN  26200.75972521  .00000235  00000-0  17569-3 0  9995
2 39722  70.8950 309.0695 0104843 218.4974 217.1652 14.02132032626210
SL-16 DEB
1 39722U 92093KN  26200.75972521  .00000235  00000-0  17569-3 0  9995
2 39722  70.8950 309.0695 0104843 218.4974 217.1652 14.02132032626210
SL-16 DEB
1 39722U 92093KN  26210.98127868  .00000406  00000-0  28223-3 0  9996
2 39722  70.8941 287.9392 0104461 203.7304 332.1497 14.02141060627642
SL-16 DEB
1 39722U 92093KN  26210.98127868  .00000406  00000-0  28223-3 0  9996
2 39722  70.8941 287.9392 0104461 203.7304 332.1497 14.02141060627642
SL-16 DEB
1 39722U 92093KN  26212.44746494  .00000401  00000-0  27910-3 0  9998
2 39722  70.8941 284.9088 0104314 201.5785 173.0272 14.02142191627859
SL-16 DEB
1 39722U 92093KN  26213.44599019  .00000381  00000-0  26696-3 0  9995
2 39722  70.8945 282.8444 0104332 200.1768 173.2287 14.02142754627990
SL-16 DEB
1 39722U 92093KN  26217.44145595  .00000203  00000-0  15614-3 0  9996
2 39722  70.8924 274.5834 0104147 194.3182 181.2098 14.02145376628551
SL-16 DEB
1 39722U 92093KN  26218.43992992  .00000173  00000-0  13748-3 0  9999
2 39722  70.8924 272.5194 0104088 192.8740 181.2081 14.02145866628696
SL-16 DEB
1 39722U 92093KN  26219.81686404  .00000196  00000-0  15178-3 0  9994
2 39722  70.8923 269.6730 0104023 190.8965 291.5487 14.02146758628881
SL-16 DEB
1 39722U 92093KN  26219.81686404  .00000196  00000-0  15178-3 0  9994
2 39722  70.8923 269.6730 0104023 190.8965 291.5487 14.02146758628881
SL-16 DEB
1 39722U 92093KN  26220.81470230  .00000230  00000-0  17241-3 0  9996
2 39722  70.8924 267.6102 0103990 189.4542 288.3420 14.02147457629025
SL-16 DEB
1 39722U 92093KN  26220.81470231  .00000230  00000-0  17241-3 0  9997
2 39722  70.8924 267.6102 0103990 189.4542 288.3420 14.02147457629025
SL-16 DEB
1 39722U 92093KN  26224.51547519  .00000224  00000-0  16916-3 0  9993
2 39722  70.8918 259.9589 0103791 184.0351 248.8404 14.02149323629543
SL-16 DEB
1 39722U 92093KN  26224.51547519  .00000224  00000-0  16916-3 0  9993
2 39722  70.8918 259.9589 0103791 184.0351 248.8404 14.02149323629543
SL-16 DEB
1 39722U 92093KN  26226.44033626  .00000181  00000-0  14186-3 0  9995
2 39722  70.8917 255.9795 0103693 181.2295 245.0190 14.02150485629816
SL-16 DEB
1 39722U 92093KN  26226.44033627  .00000181  00000-0  14186-3 0  9996
2 39722  70.8917 255.9795 0103693 181.2295 245.0190 14.02150485629816
SL-16 DEB
1 39722U 92093KN  26227.35741838  .00000160  00000-0  12899-3 0  9993
2 39722  70.8916 254.0834 0103634 179.8891 194.2066 14.02150939629944
SL-16 DEB
1 39722U 92093KN  26227.35741838  .00000160  00000-0  12899-3 0  9993
2 39722  70.8916 254.0834 0103634 179.8891 194.2066 14.02150939629944
SL-16 DEB
1 39722U 92093KN  26229.81481604  .00000193  00000-0  14938-3 0  9990
2 39722  70.8912 249.0025 0103469 176.2902 358.5115 14.02152229630289
SL-16 DEB
1 39722U 92093KN  26231.43495550  .00000330  00000-0  23532-3 0  9999
2 39722  70.8911 245.6525 0103361 173.9139 256.5644 14.02153611630518
SL-16 DEB
1 39722U 92093KN  26233.27896781  .00000362  00000-0  25476-3 0  9998
2 39722  70.8910 241.8399 0103258 171.1955 204.6933 14.02154793630770
SL-16 DEB
1 39722U 92093KN  26233.27896782  .00000362  00000-0  25476-3 0  9999
2 39722  70.8910 241.8399 0103258 171.1955 204.6933 14.02154794630771
SL-16 DEB
1 39722U 92093KN  26234.27767036  .00000341  00000-0  24199-3 0  9997
2 39722  70.8911 239.7752 0103203 169.7197 205.9101 14.02155390630912
SL-16 DEB
1 39722U 92093KN  26234.27767037  .00000341  00000-0  24199-3 0  9998
2 39722  70.8911 239.7752 0103203 169.7197 205.9101 14.02155390630912
SL-16 DEB
1 39722U 92093KN  26235.35754924  .00000312  00000-0  22402-3 0  9992
2 39722  70.8911 237.5425 0103138 168.1255 256.8880 14.02156113631060
SL-16 DEB
1 39722U 92093KN  26237.42834925  .00000268  00000-0  19662-3 0  9996
2 39722  70.8912 233.2610 0103001 165.0711 269.8119 14.02157598631351
SL-16 DEB
1 39722U 92093KN  26237.42834925  .00000268  00000-0  19662-3 0  9996
2 39722  70.8912 233.2610 0103001 165.0711 269.8119 14.02157598631351
SL-16 DEB
1 39722U 92093KN  26239.64909898  .00000305  00000-0  21960-3 0  9990
2 39722  70.8913 228.6695 0102856 161.7866 319.6653 14.02159231631661
SL-16 DEB
1 39722U 92093KN  26239.64909899  .00000305  00000-0  21960-3 0  9991
2 39722  70.8913 228.6695 0102856 161.7866 319.6653 14.02159231631661
SL-16 DEB
1 39722U 92093KN  26242.19632470  .00000335  00000-0  23793-3 0  9992
2 39722  70.8916 223.4033 0102724 157.9776 217.5511 14.02160742632023
SL-16 DEB
1 39722U 92093KN  26242.19632470  .00000335  00000-0  23793-3 0  9992
2 39722  70.8916 223.4033 0102724 157.9777 217.5511 14.02160742632024
SL-16 DEB
1 39722U 92093KN  26243.34893786  .00000325  00000-0  23184-3 0  9992
2 39722  70.8917 221.0203 0102673 156.2677 275.7039 14.02161412632185
SL-16 DEB
1 39722U 92093KN  26243.34893786  .00000325  00000-0  23184-3 0  9992
2 39722  70.8917 221.0203 0102673 156.2677 275.7039 14.02161412632185
