NOAA 16 DEB
1 42418U 00055TN  17089.44159619 +.00000679 +00000-0 +38827-3 0  9996
2 42418 098.8692 161.9796 0014797 093.7367 266.5521 14.12885978054655
NOAA 16 DEB
1 42418U 00055TN  17090.14976120 +.00000681 +00000-0 +38940-3 0  9998
2 42418 098.8696 162.6813 0014894 092.3275 267.9621 14.12887056054754
NOAA 16 DEB
1 42418U 00055TN  17091.42445723 +.00000682 +00000-0 +38988-3 0  9993
2 42418 098.8691 163.9431 0014842 088.4818 271.8099 14.12889015054931
NOAA 16 DEB
1 42418U 00055TN  17092.41588558 +.00000684 +00000-0 +39096-3 0  9990
2 42418 098.8692 164.9256 0014810 085.6618 274.6270 14.12890531055073
NOAA 16 DEB
1 42418U 00055TN  17093.97384306 +.00000694 +00000-0 +39602-3 0  9991
2 42418 098.8697 166.4691 0015145 082.9819 277.3187 14.12893163055298
NOAA 16 DEB
1 42418U 00055TN  17095.46096572 +.00000850 +00000-0 +47991-3 0  9996
2 42418 098.8664 167.9452 0013854 086.4749 273.8007 14.12898885055501
NOAA 16 DEB
1 42418U 00055TN  17096.45238769 +.00000811 +00000-0 +45908-3 0  9995
2 42418 098.8664 168.9271 0013748 083.9018 276.3720 14.12900518055646
NOAA 16 DEB
1 42418U 00055TN  17097.44380848 +.00000762 +00000-0 +43252-3 0  9996
2 42418 098.8663 169.9089 0013633 081.3910 278.8806 14.12902029055785
NOAA 16 DEB
1 42418U 00055TN  17098.15196550 +.00000733 +00000-0 +41699-3 0  9991
2 42418 098.8662 170.6102 0013553 079.5207 280.7492 14.12903097055888
NOAA 16 DEB
1 42418U 00055TN  17099.42664639 +.00000776 +00000-0 +44010-3 0  9997
2 42418 098.8662 171.8724 0013414 076.1590 284.1074 14.12905477056064
NOAA 16 DEB
1 42418U 00055TN  17100.41806367 +.00000751 +00000-0 +42663-3 0  9990
2 42418 098.8661 172.8542 0013313 073.5214 286.7420 14.12906914056200
NOAA 16 DEB
1 42418U 00055TN  17101.40947969 +.00000731 +00000-0 +41604-3 0  9996
2 42418 098.8659 173.8359 0013192 070.9076 289.3524 14.12908373056346
NOAA 16 DEB
1 42418U 00055TN  17105.16268666 +.00000700 +00000-0 +39960-3 0  9991
2 42418 098.8656 177.5525 0012718 060.7463 299.4979 14.12914428056871
NOAA 16 DEB
1 42418U 00055TN  17106.43735693 +.00000699 +00000-0 +39880-3 0  9999
2 42418 098.8655 178.8148 0012554 057.2450 302.9930 14.12916504057055
NOAA 16 DEB
1 42418U 00055TN  17107.42876583 +.00000707 +00000-0 +40296-3 0  9996
2 42418 098.8655 179.7966 0012430 054.4867 305.7462 14.12918116057194
NOAA 16 DEB
1 42418U 00055TN  17108.13691422 +.00000771 +00000-0 +43752-3 0  9993
2 42418 098.8654 180.4978 0012353 052.4674 307.7619 14.12919598057295
NOAA 16 DEB
1 42418U 00055TN  17110.04891228 +.00000772 +00000-0 +43785-3 0  9999
2 42418 098.8652 182.3911 0012116 047.2036 313.0152 14.12922552057568
NOAA 16 DEB
1 42418U 00055TN  17111.46520313 +.00000882 +00000-0 +49701-3 0  9996
2 42418 098.8653 183.7935 0011893 042.8836 317.3262 14.12925768057763
NOAA 16 DEB
1 42418U 00055TN  17112.45660490 +.00001036 +00000-0 +57938-3 0  9990
2 42418 098.8652 184.7752 0011771 040.0445 320.1592 14.12928581057901
NOAA 16 DEB
1 42418U 00055TN  17113.16474806 +.00001009 +00000-0 +56521-3 0  9990
2 42418 098.8652 185.4764 0011682 037.9117 322.2875 14.12929947058000
NOAA 16 DEB
1 42418U 00055TN  17114.43940375 +.00001088 +00000-0 +60727-3 0  9990
2 42418 098.8651 186.7388 0011522 034.0602 326.1308 14.12933128058184
NOAA 16 DEB
1 42418U 00055TN  17115.00591662 +.00001065 +00000-0 +59532-3 0  9992
2 42418 098.8652 187.2998 0011462 032.3548 327.8325 14.12934242058265
NOAA 16 DEB
1 42418U 00055TN  17116.42219653 +.00001034 +00000-0 +57856-3 0  9999
2 42418 098.8652 188.7022 0011328 027.9506 332.2273 14.12937164058464
NOAA 16 DEB
1 42418U 00055TN  17117.41359051 +.00000991 +00000-0 +55532-3 0  9996
2 42418 098.8652 189.6840 0011222 024.9234 335.2478 14.12939093058609
NOAA 16 DEB
1 42418U 00055TN  17118.05091445 +.00000901 +00000-0 +50697-3 0  9995
2 42418 098.8650 190.3148 0011143 023.0667 337.1003 14.12939984058692
NOAA 16 DEB
1 42418U 00055TN  17119.39637411 +.00000863 +00000-0 +48672-3 0  9999
2 42418 098.8650 191.6472 0010990 018.8427 341.3150 14.12942685058884
NOAA 16 DEB
1 42418U 00055TN  17120.67101773 +.00000831 +00000-0 +46945-3 0  9995
2 42418 098.8650 192.9094 0010848 014.7993 345.3495 14.12945240059060
NOAA 16 DEB
1 42418U 00055TN  17121.44996587 +.00000805 +00000-0 +45537-3 0  9993
2 42418 098.8649 193.6807 0010761 012.2680 347.8752 14.12946586059177
NOAA 16 DEB
1 42418U 00055TN  17123.99924570 +.00000747 +00000-0 +42463-3 0  9998
2 42418 098.8648 196.2050 0010507 003.9382 356.1871 14.12950773059537
NOAA 16 DEB
1 42418U 00055TN  17125.06144370 +.00000713 +00000-0 +40605-3 0  9999
2 42418 098.8647 197.2568 0010402 000.4019 359.7159 14.12952206059681
NOAA 16 DEB
1 42418U 00055TN  17125.41550945 +.00000727 +00000-0 +41399-3 0  9993
2 42418 098.8647 197.6074 0010386 359.3458 000.7699 14.12952822059733
NOAA 16 DEB
1 42418U 00055TN  17126.40689308 +.00000692 +00000-0 +39487-3 0  9995
2 42418 098.8647 198.5891 0010310 355.9983 004.1104 14.12954020059878
NOAA 16 DEB
1 42418U 00055TN  17126.97339752 +.00000668 +00000-0 +38208-3 0  9995
2 42418 098.8646 199.1501 0010259 354.0003 006.1044 14.12954686059959
NOAA 16 DEB
1 42418U 00055TN  17128.46047016 +.00000662 +00000-0 +37895-3 0  9995
2 42418 098.8646 200.6226 0010141 348.8917 011.2030 14.12956807060160
NOAA 16 DEB
1 42418U 00055TN  17129.02697352 +.00000642 +00000-0 +36787-3 0  9999
2 42418 098.8646 201.1835 0010096 346.8798 013.2110 14.12957495060240
NOAA 16 DEB
1 42418U 00055TN  17130.65566892 +.00000631 +00000-0 +36215-3 0  9998
2 42418 098.8645 202.7963 0009995 341.1793 018.9009 14.12959771060470
NOAA 16 DEB
1 42418U 00055TN  17131.15135852 +.00000641 +00000-0 +36748-3 0  9994
2 42418 098.8645 203.2870 0009982 339.5625 020.5147 14.12960460060541
NOAA 16 DEB
1 42418U 00055TN  17131.43460955 +.00000631 +00000-0 +36226-3 0  9990
2 42418 098.8645 203.5675 0009960 338.5635 021.5119 14.12960774060585
NOAA 16 DEB
1 42418U 00055TN  17132.00111139 +.00000631 +00000-0 +36239-3 0  9995
2 42418 098.8645 204.1284 0009932 336.5648 023.5070 14.12961512060667
NOAA 16 DEB
1 42418U 00055TN  17132.99248886 +.00000633 +00000-0 +36331-3 0  9998
2 42418 098.8644 205.1100 0009890 333.0846 026.9812 14.12962801060808
NOAA 16 DEB
1 42418U 00055TN  17133.98386543 +.00000634 +00000-0 +36389-3 0  9995
2 42418 098.8644 206.0917 0009857 329.5631 030.4968 14.12964081060948
NOAA 16 DEB
1 42418U 00055TN  17136.39149053 +.00000645 +00000-0 +36995-3 0  9991
2 42418 098.8644 208.4757 0009802 320.9773 039.0691 14.12967387061286
NOAA 16 DEB
1 42418U 00055TN  17137.02880215 +.00000624 +00000-0 +35841-3 0  9990
2 42418 098.8643 209.1068 0009788 318.6194 041.4235 14.12968157061379
NOAA 16 DEB
1 42418U 00055TN  17138.02017485 +.00000646 +00000-0 +37030-3 0  9998
2 42418 098.8642 210.0883 0009775 315.0515 044.9865 14.12969738061517
NOAA 16 DEB
1 42418U 00055TN  17140.00291737 +.00000689 +00000-0 +39320-3 0  9994
2 42418 098.8643 212.0516 0009781 307.9686 052.0602 14.12972860061798
NOAA 16 DEB
1 42418U 00055TN  17140.64022624 +.00000755 +00000-0 +42849-3 0  9995
2 42418 098.8643 212.6827 0009797 305.7483 054.2778 14.12974266061887
NOAA 16 DEB
1 42418U 00055TN  17141.13591090 +.00000751 +00000-0 +42670-3 0  9996
2 42418 098.8642 213.1735 0009804 304.0110 056.0130 14.12974960061959
NOAA 16 DEB
1 42418U 00055TN  17142.05646732 +.00000746 +00000-0 +42355-3 0  9996
2 42418 098.8642 214.0850 0009833 300.7417 059.2786 14.12976305062084
NOAA 16 DEB
1 42418U 00055TN  17143.40189365 +.00000770 +00000-0 +43641-3 0  9996
2 42418 098.8643 215.4172 0009871 295.8451 064.1703 14.12978711062279
NOAA 16 DEB
1 42418U 00055TN  17145.17218837 +.00000738 +00000-0 +41933-3 0  9995
2 42418 098.8642 217.1703 0009957 289.6289 070.3808 14.12981699062524
NOAA 16 DEB
1 42418U 00055TN  17146.02192861 +.00000734 +00000-0 +41716-3 0  9993
2 42418 098.8642 218.0117 0010005 286.5895 073.4178 14.12983180062642
NOAA 16 DEB
1 42418U 00055TN  17148.42952173 +.00000760 +00000-0 +43139-3 0  9999
2 42418 098.8643 220.3958 0010153 278.2911 081.7110 14.12987389062983
NOAA 16 DEB
1 42418U 00055TN  17149.13763563 +.00000783 +00000-0 +44360-3 0  9993
2 42418 098.8642 221.0970 0010197 275.9364 084.0645 14.12988814063083
NOAA 16 DEB
1 42418U 00055TN  17150.41223955 +.00000801 +00000-0 +45309-3 0  9997
2 42418 098.8642 222.3592 0010305 271.5624 088.4368 14.12991099063268
NOAA 16 DEB
1 42418U 00055TN  17150.97872949 +.00000791 +00000-0 +44781-3 0  9992
2 42418 098.8642 222.9201 0010349 269.6054 090.3932 14.12992065063346
NOAA 16 DEB
1 42418U 00055TN  17152.46576392 +.00000751 +00000-0 +42617-3 0  9993
2 42418 098.8642 224.3925 0010493 264.5669 095.4306 14.12994571063559
NOAA 16 DEB
1 42418U 00055TN  17153.17387468 +.00000722 +00000-0 +41050-3 0  9994
2 42418 098.8641 225.0938 0010566 262.2162 097.7810 14.12995729063656
NOAA 16 DEB
1 42418U 00055TN  17154.44847300 +.00000665 +00000-0 +38028-3 0  9998
2 42418 098.8641 226.3559 0010702 258.0072 101.9901 14.12997631063837
NOAA 16 DEB
1 42418U 00055TN  17156.00631330 +.00000650 +00000-0 +37203-3 0  9994
2 42418 098.8641 227.8985 0010873 252.9768 107.0213 14.12999966064051
NOAA 16 DEB
1 42418U 00055TN  17157.42253010 +.00000659 +00000-0 +37703-3 0  9990
2 42418 098.8642 229.3008 0011015 248.5130 111.4868 14.13001923064253
NOAA 16 DEB
1 42418U 00055TN  17157.63496244 +.00000658 +00000-0 +37644-3 0  9994
2 42418 098.8642 229.5111 0011039 247.8354 112.1647 14.13002214064286
NOAA 16 DEB
1 42418U 00055TN  17159.05117726 +.00000645 +00000-0 +36926-3 0  9995
2 42418 098.8641 230.9135 0011213 243.4147 116.5876 14.13003939064482
NOAA 16 DEB
1 42418U 00055TN  17161.45873790 +.00000625 +00000-0 +35848-3 0  9992
2 42418 098.8641 233.2975 0011533 236.0737 123.9339 14.13007218064826
NOAA 16 DEB
1 42418U 00055TN  17162.37927469 +.00000589 +00000-0 +33936-3 0  9992
2 42418 098.8641 234.2090 0011671 233.3216 126.6884 14.13008258064954
NOAA 16 DEB
1 42418U 00055TN  17163.44143134 +.00000628 +00000-0 +36002-3 0  9991
2 42418 098.8641 235.2608 0011799 230.2032 129.8102 14.13009962065102
NOAA 16 DEB
1 42418U 00055TN  17164.43277678 +.00000636 +00000-0 +36463-3 0  9992
2 42418 098.8641 236.2425 0011891 227.3333 132.6838 14.13011335065244
NOAA 16 DEB
1 42418U 00055TN  17165.42412134 +.00000652 +00000-0 +37286-3 0  9992
2 42418 098.8641 237.2241 0012012 224.4758 135.5451 14.13012683065381
NOAA 16 DEB
1 42418U 00055TN  17166.41546504 +.00000614 +00000-0 +35272-3 0  9992
2 42418 098.8640 238.2058 0012150 221.6526 138.3721 14.13013724065526
NOAA 16 DEB
1 42418U 00055TN  17166.41547646  .00000522  00000-0  27997-3 0  9993
2 42418  98.8625 238.2017 0012175 223.0766 137.0057 14.13012161 65525
NOAA 16 DEB
1 42418U 00055TN  17167.40680786 +.00000627 +00000-0 +35957-3 0  9997
2 42418 098.8640 239.1874 0012280 218.8614 141.1676 14.13015067065660
NOAA 16 DEB
1 42418U 00055TN  17169.38949043 +.00000638 +00000-0 +36523-3 0  9992
2 42418 098.8641 241.1508 0012547 213.4046 146.6336 14.13017937065946
NOAA 16 DEB
1 42418U 00055TN  17170.45164038 +.00000621 +00000-0 +35638-3 0  9993
2 42418 098.8641 242.2027 0012684 210.4913 149.5523 14.13019376066092
NOAA 16 DEB
1 42418U 00055TN  17171.44297946 +.00000601 +00000-0 +34553-3 0  9991
2 42418 098.8641 243.1843 0012807 207.7787 152.2702 14.13020660066237
NOAA 16 DEB
1 42418U 00055TN  17171.65540910 +.00000605 +00000-0 +34769-3 0  9999
2 42418 098.8640 243.3946 0012834 207.1889 152.8612 14.13021009066266
NOAA 16 DEB
1 42418U 00055TN  17172.43431773 +.00000590 +00000-0 +33987-3 0  9996
2 42418 098.8641 244.1659 0012925 205.0829 154.9717 14.13021934066377
NOAA 16 DEB
1 42418U 00055TN  17173.42565502 +.00000613 +00000-0 +35215-3 0  9996
2 42418 098.8641 245.1475 0013044 202.4122 157.6482 14.13023362066516
NOAA 16 DEB
1 42418U 00055TN  17173.63808434 +.00000609 +00000-0 +35009-3 0  9999
2 42418 098.8641 245.3579 0013070 201.8482 158.2134 14.13023626066541
NOAA 16 DEB
1 42418U 00055TN  17174.41699150 +.00000622 +00000-0 +35675-3 0  9993
2 42418 098.8641 246.1292 0013165 199.7850 160.2813 14.13024652066650
NOAA 16 DEB
1 42418U 00055TN  17175.97480413 +.00000613 +00000-0 +35212-3 0  9992
2 42418 098.8641 247.6718 0013354 195.7270 164.3489 14.13026588066879
NOAA 16 DEB
1 42418U 00055TN  17177.03694796 +.00000584 +00000-0 +33618-3 0  9997
2 42418 098.8640 248.7236 0013489 192.9839 167.0988 14.13027808067022
NOAA 16 DEB
1 42418U 00055TN  17177.46180519 +.00000593 +00000-0 +34143-3 0  9991
2 42418 098.8641 249.1442 0013531 191.8953 168.1902 14.13028439067085
NOAA 16 DEB
1 42418U 00055TN  17178.02828124 +.00000583 +00000-0 +33582-3 0  9990
2 42418 098.8641 249.7052 0013601 190.4606 169.6285 14.13029153067169
NOAA 16 DEB
1 42418U 00055TN  17179.16123256 +.00000560 +00000-0 +32365-3 0  9993
2 42418 098.8641 250.8270 0013728 187.5599 172.5368 14.13030566067325
NOAA 16 DEB
1 42418U 00055TN  17180.64822959 +.00000545 +00000-0 +31562-3 0  9995
2 42418 098.8641 252.2995 0013891 183.7778 176.3291 14.13032395067535
NOAA 16 DEB
1 42418U 00055TN  17181.63956021 +.00000518 +00000-0 +30083-3 0  9990
2 42418 098.8641 253.2812 0013981 181.2549 178.8590 14.13033347067675
NOAA 16 DEB
1 42418U 00055TN  17182.41846231 +.00000515 +00000-0 +29949-3 0  9994
2 42418 098.8641 254.0525 0014060 179.3247 180.7946 14.13034127067783
NOAA 16 DEB
1 42418U 00055TN  17182.98493617 +.00000514 +00000-0 +29901-3 0  9999
2 42418 098.8641 254.6134 0014118 177.9492 182.1740 14.13034730067862
NOAA 16 DEB
1 42418U 00055TN  17186.45458321 +.00000499 +00000-0 +29066-3 0  9992
2 42418 098.8642 258.0492 0014443 169.5298 190.6178 14.13038543068350
NOAA 16 DEB
1 42418U 00055TN  17187.44590944 +.00000465 +00000-0 +27275-3 0  9993
2 42418 098.8642 259.0308 0014520 167.1326 193.0219 14.13039454068499
NOAA 16 DEB
1 42418U 00055TN  17188.15399905 +.00000470 +00000-0 +27533-3 0  9999
2 42418 098.8642 259.7320 0014569 165.4012 194.7584 14.13040279068597
NOAA 16 DEB
1 42418U 00055TN  17189.14532394 +.00000486 +00000-0 +28397-3 0  9996
2 42418 098.8643 260.7137 0014639 162.9969 197.1697 14.13041403068735
NOAA 16 DEB
1 42418U 00055TN  17191.41120672 +.00000566 +00000-0 +32637-3 0  9992
2 42418 098.8642 262.9574 0014762 157.5030 202.6793 14.13044033069056
NOAA 16 DEB
1 42418U 00055TN  17194.66840548 +.00000512 +00000-0 +29785-3 0  9994
2 42418 098.8640 266.1828 0014920 149.8321 210.3713 14.13047501069517
NOAA 16 DEB
1 42418U 00055TN  17195.16406544 +.00000497 +00000-0 +28977-3 0  9998
2 42418 098.8640 266.6736 0014942 148.6595 211.5470 14.13047989069584
NOAA 16 DEB
1 42418U 00055TN  17195.65972510 +.00000494 +00000-0 +28801-3 0  9996
2 42418 098.8640 267.1644 0014963 147.5043 212.7054 14.13048592069657
NOAA 16 DEB
1 42418U 00055TN  17196.43861874 +.00000522 +00000-0 +30315-3 0  9998
2 42418 098.8640 267.9356 0014987 145.5829 214.6317 14.13049575069768
NOAA 16 DEB
1 42418U 00055TN  17197.14670328 +.00000518 +00000-0 +30076-3 0  9998
2 42418 098.8639 268.6368 0015007 143.9520 216.2667 14.13050325069863
NOAA 16 DEB
1 42418U 00055TN  17198.42125388 +.00000610 +00000-0 +35015-3 0  9992
2 42418 098.8638 269.8988 0015045 140.9023 219.3239 14.13052309070045
NOAA 16 DEB
1 42418U 00055TN  17202.03247341 +.00000511 +00000-0 +29720-3 0  9995
2 42418 098.8639 273.4748 0015058 132.4299 227.8149 14.13056068070552
NOAA 16 DEB
1 42418U 00055TN  17202.45732183 +.00000490 +00000-0 +28560-3 0  9991
2 42418 098.8639 273.8955 0015059 131.4750 228.7718 14.13056540070612
NOAA 16 DEB
1 42418U 00055TN  17203.44863459 +.00000494 +00000-0 +28800-3 0  9993
2 42418 098.8639 274.8771 0015054 129.1454 231.1058 14.13057806070755
NOAA 16 DEB
1 42418U 00055TN  17204.43994655 +.00000491 +00000-0 +28619-3 0  9991
2 42418 098.8639 275.8588 0015038 126.8392 233.4162 14.13058955070891
NOAA 16 DEB
1 42418U 00055TN  17204.65237045 +.00000482 +00000-0 +28166-3 0  9995
2 42418 098.8639 276.0692 0015028 126.3412 233.9149 14.13059165070925
NOAA 16 DEB
1 42418U 00055TN  17205.43125778 +.00000486 +00000-0 +28383-3 0  9996
2 42418 098.8639 276.8405 0015016 124.4894 235.7699 14.13059989071032
NOAA 16 DEB
1 42418U 00055TN  17205.99772108 +.00000468 +00000-0 +27408-3 0  9999
2 42418 098.8639 277.4015 0015000 123.1729 237.0884 14.13060432071117
NOAA 16 DEB
1 42418U 00055TN  17207.41387803 +.00000477 +00000-0 +27897-3 0  9994
2 42418 098.8639 278.8037 0014966 119.8256 240.4406 14.13061874071314
NOAA 16 DEB
1 42418U 00055TN  17208.05114808 +.00000477 +00000-0 +27875-3 0  9994
2 42418 098.8638 279.4347 0014956 118.3385 241.9298 14.13062528071402
NOAA 16 DEB
1 42418U 00055TN  17211.02507112 +.00000419 +00000-0 +24759-3 0  9993
2 42418 098.8636 282.3795 0014834 111.3444 248.9312 14.13065372071824
NOAA 16 DEB
1 42418U 00055TN  17212.44122265 +.00000422 +00000-0 +24911-3 0  9996
2 42418 098.8635 283.7819 0014760 107.9671 252.3111 14.13066840072026
NOAA 16 DEB
1 42418U 00055TN  17214.42383267 +.00000419 +00000-0 +24763-3 0  9998
2 42418 098.8636 285.7449 0014641 103.1660 257.1147 14.13068556072301
NOAA 16 DEB
1 42418U 00055TN  17215.06109954 +.00000433 +00000-0 +25538-3 0  9995
2 42418 098.8635 286.3761 0014595 101.6270 258.6542 14.13069162072390
NOAA 16 DEB
1 42418U 00055TN  17216.40643978 +.00000473 +00000-0 +27680-3 0  9997
2 42418 098.8635 287.7082 0014499 098.3750 261.9067 14.13070530072580
NOAA 16 DEB
1 42418U 00055TN  17217.39774204 +.00000487 +00000-0 +28398-3 0  9995
2 42418 098.8635 288.6897 0014423 095.9467 264.3349 14.13071587072728
NOAA 16 DEB
1 42418U 00055TN  17218.03500734 +.00000492 +00000-0 +28666-3 0  9996
2 42418 098.8635 289.3207 0014368 094.4032 265.8782 14.13072282072811
NOAA 16 DEB
1 42418U 00055TN  17218.67227229 +.00000485 +00000-0 +28304-3 0  9992
2 42418 098.8636 289.9515 0014313 092.8572 267.4239 14.13072967072906
NOAA 16 DEB
1 42418U 00055TN  17219.02630834 +.00000472 +00000-0 +27616-3 0  9993
2 42418 098.8636 290.3020 0014279 091.9878 268.2930 14.13073243072953
NOAA 16 DEB
1 42418U 00055TN  17219.45115129 +.00000483 +00000-0 +28210-3 0  9998
2 42418 098.8636 290.7227 0014241 090.9359 269.3445 14.13073795073011
NOAA 16 DEB
1 42418U 00055TN  17220.01760839 +.00000481 +00000-0 +28083-3 0  9992
2 42418 098.8636 291.2836 0014187 089.5393 270.7405 14.13074419073098
NOAA 16 DEB
1 42418U 00055TN  17220.44245107 +.00000472 +00000-0 +27629-3 0  9990
2 42418 098.8636 291.7042 0014149 088.4927 271.7866 14.13074841073159
NOAA 16 DEB
1 42418U 00055TN  17221.15052183 +.00000464 +00000-0 +27198-3 0  9991
2 42418 098.8635 292.4054 0014082 086.7203 273.5580 14.13075577073254
NOAA 16 DEB
1 42418U 00055TN  17221.43375009 +.00000465 +00000-0 +27240-3 0  9996
2 42418 098.8635 292.6858 0014057 086.0011 274.2768 14.13075861073296
NOAA 16 DEB
1 42418U 00055TN  17222.42504828 +.00000472 +00000-0 +27596-3 0  9991
2 42418 098.8635 293.6673 0013968 083.4714 276.8048 14.13076923073438
NOAA 16 DEB
1 42418U 00055TN  17223.06231103 +.00000463 +00000-0 +27135-3 0  9994
2 42418 098.8634 294.2984 0013899 081.8658 278.4090 14.13077493073529
NOAA 16 DEB
1 42418U 00055TN  17223.98280117  .00000461  00000-0  27007-3 0  9990
2 42418  98.8633 295.2098 0013806  79.5504 280.7223 14.13078347 73654
NOAA 16 DEB
1 42418U 00055TN  17224.97409733 +.00000468 +00000-0 +27396-3 0  9995
2 42418 098.8632 296.1913 0013693 077.0116 283.2584 14.13079394073791
NOAA 16 DEB
1 42418U 00055TN  17226.46104026  .00000453  00000-0  26581-3 0  9997
2 42418  98.8632 297.6636 0013524  73.1809 287.0846 14.13080868 74004
NOAA 16 DEB
1 42418U 00055TN  17227.02749434 +.00000435 +00000-0 +25658-3 0  9992
2 42418 098.8631 298.2245 0013446 071.7186 288.5448 14.13081348074087
NOAA 16 DEB
1 42418U 00055TN  17228.65604841  .00000465  00000-0  27212-3 0  9995
2 42418  98.8631 299.8370 0013261  67.4199 292.8375 14.13083192 74316
NOAA 16 DEB
1 42418U 00055TN  17229.01008164 +.00000460 +00000-0 +26978-3 0  9995
2 42418 098.8631 300.1875 0013220 066.4792 293.7767 14.13083499074365
NOAA 16 DEB
1 42418U 00055TN  17230.63863302 +.00000522 +00000-0 +30264-3 0  9990
2 42418 098.8631 301.8000 0013034 062.1019 298.1472 14.13085453074590
NOAA 16 DEB
1 42418U 00055TN  17231.13427866  .00000532  00000-0  30796-3 0  9998
2 42418  98.8630 302.2907 0012975  60.7511 299.4956 14.13085981 74669
NOAA 16 DEB
1 42418U 00055TN  17231.98395635 +.00000543 +00000-0 +31421-3 0  9997
2 42418 098.8630 303.1320 0012868 058.4408 301.8018 14.13086897074785
NOAA 16 DEB
1 42418U 00055TN  17233.04605241 +.00000582 +00000-0 +33517-3 0  9994
2 42418 098.8629 304.1836 0012733 055.5305 304.7069 14.13088313074931
NOAA 16 DEB
1 42418U 00055TN  17234.03734104 +.00000593 +00000-0 +34062-3 0  9993
2 42418 098.8629 305.1650 0012601 052.7672 307.4648 14.13089612075078
NOAA 16 DEB
1 42418U 00055TN  17235.45346573 +.00000612 +00000-0 +35105-3 0  9990
2 42418 098.8629 306.5671 0012412 048.7700 311.4540 14.13091697075277
NOAA 16 DEB
1 42418U 00055TN  17236.16152739  .00000598  00000-0  34328-3 0  9997
2 42418  98.8628 307.2682 0012324  46.7210 313.4989 14.13092624 75373
NOAA 16 DEB
1 42418U 00055TN  17237.43603690 +.00000608 +00000-0 +34862-3 0  9990
2 42418 098.8627 308.5300 0012178 043.0690 317.1433 14.13094508075550
NOAA 16 DEB
1 42418U 00055TN  17238.00248515 +.00000592 +00000-0 +34027-3 0  9990
2 42418 098.8627 309.0909 0012109 041.3948 318.8139 14.13095176075634
NOAA 16 DEB
1 42418U 00055TN  17238.63973876 +.00000623 +00000-0 +35714-3 0  9993
2 42418 098.8627 309.7219 0012035 039.4777 320.7270 14.13096277075722
NOAA 16 DEB
1 42418U 00055TN  17239.41860441 +.00000594 +00000-0 +34157-3 0  9990
2 42418 098.8626 310.4930 0011951 037.2224 322.9775 14.13097017075838
NOAA 16 DEB
1 42418U 00055TN  17240.97633321  .00000604  00000-0  34696-3 0  9998
2 42418  98.8625 312.0352 0011765  32.4949 327.6945 14.13099105 76053
NOAA 16 DEB
1 42418U 00055TN  17243.45453375  .00000638  00000-0  36501-3 0  9997
2 42418  98.8625 314.4888 0011470  24.8600 335.3122 14.13102516 76408
NOAA 16 DEB
1 42418U 00055TN  17244.44581196 +.00000660 +00000-0 +37688-3 0  9992
2 42418 098.8625 315.4702 0011366 021.7582 338.4071 14.13104062076543
NOAA 16 DEB
1 42418U 00055TN  17245.43708931 +.00000687 +00000-0 +39137-3 0  9990
2 42418 098.8625 316.4517 0011262 018.6073 341.5509 14.13105588076683
NOAA 16 DEB
1 42418U 00055TN  17246.14514390  .00000697  00000-0  39667-3 0  9992
2 42418  98.8624 317.1527 0011190  16.3387 343.8144 14.13106637 76781
NOAA 16 DEB
1 42418U 00055TN  17246.42836562 +.00000713 +00000-0 +40481-3 0  9996
2 42418 098.8625 317.4331 0011164 015.4490 344.7021 14.13107099076826
NOAA 16 DEB
1 42418U 00055TN  17246.99480874 +.00000719 +00000-0 +40806-3 0  9996
2 42418 098.8624 317.9939 0011111 013.6240 346.5230 14.13107918076900
NOAA 16 DEB
1 42418U 00055TN  17247.63205682 +.00000723 +00000-0 +41026-3 0  9990
2 42418 098.8624 318.6248 0011054 011.5609 348.5815 14.13108863076993
NOAA 16 DEB
1 42418U 00055TN  17248.41091472 +.00000826 +00000-0 +46570-3 0  9990
2 42418 098.8623 319.3959 0010995 009.0299 351.1069 14.13110616077103
NOAA 16 DEB
1 42418U 00055TN  17249.40218744 +.00000894 +00000-0 +50185-3 0  9995
2 42418 098.8622 320.3773 0010917 005.7789 354.3507 14.13112580077248
NOAA 16 DEB
1 42418U 00055TN  17251.03070393 +.00000936 +00000-0 +52405-3 0  9997
2 42418 098.8620 321.9896 0010778 000.3166 359.8011 14.13115696077470
NOAA 16 DEB
1 42418U 00055TN  17251.45553313 +.00001032 +00000-0 +57562-3 0  9998
2 42418 098.8619 322.4102 0010745 358.8975 001.2171 14.13117190077530
NOAA 16 DEB
1 42418U 00055TN  17252.44680069 +.00001053 +00000-0 +58702-3 0  9997
2 42418 098.8618 323.3916 0010680 355.5393 004.5682 14.13119501077674
NOAA 16 DEB
1 42418U 00055TN  17253.43806751  .00000967  00000-0  54099-3 0  9993
2 42418  98.8618 324.3729 0010634 352.1400   7.9604 14.13121049 77815
NOAA 16 DEB
1 42418U 00055TN  17254.42933269 +.00000949 +00000-0 +53117-3 0  9998
2 42418 098.8617 325.3543 0010577 348.8125 011.2811 14.13123013077957
NOAA 16 DEB
1 42418U 00055TN  17255.42059683 +.00000929 +00000-0 +52027-3 0  9995
2 42418 098.8616 326.3356 0010533 345.4617 014.6251 14.13124820078098
NOAA 16 DEB
1 42418U 00055TN  17256.97829505  .00000791  00000-0  44690-3 0  9998
2 42418  98.8615 327.8777 0010486 339.9255  20.1504 14.13127004 78318
NOAA 16 DEB
1 42418U 00055TN  17258.39438206 +.00000782 +00000-0 +44171-3 0  9994
2 42418 098.8615 329.2796 0010451 334.9913 025.0751 14.13129420078517
NOAA 16 DEB
1 42418U 00055TN  17260.02287993 +.00000728 +00000-0 +41296-3 0  9997
2 42418 098.8614 330.8918 0010433 329.1750 030.8809 14.13131682078741
NOAA 16 DEB
1 42418U 00055TN  17261.01413802 +.00000732 +00000-0 +41512-3 0  9993
2 42418 098.8614 331.8731 0010437 325.7190 034.3308 14.13133283078886
NOAA 16 DEB
1 42418U 00055TN  17262.00539529 +.00000709 +00000-0 +40274-3 0  9996
2 42418 098.8614 332.8544 0010446 322.2872 037.7567 14.13134642079029
NOAA 16 DEB
1 42418U 00055TN  17263.13825946  .00000707  00000-0  40169-3 0  9993
2 42418  98.8613 333.9760 0010476 318.3771  41.6603 14.13136294 79184
NOAA 16 DEB
1 42418U 00055TN  17263.42147544 +.00000705 +00000-0 +40042-3 0  9994
2 42418 098.8613 334.2563 0010477 317.4567 042.5793 14.13136649079222
NOAA 16 DEB
1 42418U 00055TN  17263.98790692 +.00000695 +00000-0 +39541-3 0  9993
2 42418 098.8612 334.8171 0010496 315.5076 044.5253 14.13137396079309
NOAA 16 DEB
1 42418U 00055TN  17266.39523701  .00000698  00000-0  39704-3 0  9990
2 42418  98.8610 337.2003 0010592 307.1281  52.8923 14.13140945 79647
NOAA 16 DEB
1 42418U 00055TN  17267.03247052 +.00000687 +00000-0 +39099-3 0  9999
2 42418 098.8609 337.8311 0010626 304.8821 055.1352 14.13141827079737
NOAA 16 DEB
1 42418U 00055TN  17268.16532875 +.00000725 +00000-0 +41138-3 0  9994
2 42418 098.8608 338.9525 0010696 301.0413 058.9709 14.13143856079896
NOAA 16 DEB
1 42418U 00055TN  17269.01497164  .00000742  00000-0  42010-3 0  9999
2 42418  98.8607 339.7936 0010747 298.1591  61.8495 14.13145279 80012
NOAA 16 DEB
1 42418U 00055TN  17269.43979291 +.00000779 +00000-0 +43983-3 0  9991
2 42418 098.8607 340.2142 0010771 296.7719 063.2351 14.13146113080072
NOAA 16 DEB
1 42418U 00055TN  17270.14782762 +.00000794 +00000-0 +44814-3 0  9997
2 42418 098.8606 340.9152 0010817 294.4765 065.5279 14.13147350080175
NOAA 16 DEB
1 42418U 00055TN  17270.64345155 +.00000846 +00000-0 +47570-3 0  9993
2 42418 098.8606 341.4058 0010846 292.8413 067.1614 14.13148440080240
NOAA 16 DEB
1 42418U 00055TN  17270.99746837 +.00000887 +00000-0 +49754-3 0  9994
2 42418 098.8605 341.7562 0010872 291.6573 068.3441 14.13149242080292
NOAA 16 DEB
1 42418U 00055TN  17271.42228802  .00001005  00000-0  56068-3 0  9999
2 42418  98.8605 342.1767 0010904 290.2874  69.7126 14.13150709 80351
NOAA 16 DEB
1 42418U 00055TN  17271.98871428 +.00000962 +00000-0 +53800-3 0  9990
2 42418 098.8605 342.7375 0010950 288.3918 071.6063 14.13151477080434
NOAA 16 DEB
1 42418U 00055TN  17274.46682363  .00000939  00000-0  52552-3 0  9991
2 42418  98.8605 345.1905 0011171 280.4068  79.5845 14.13156223 80782
NOAA 16 DEB
1 42418U 00055TN  17275.17485317 +.00000933 +00000-0 +52248-3 0  9996
2 42418 098.8605 345.8914 0011243 278.1361 081.8536 14.13157721080887
NOAA 16 DEB
1 42418U 00055TN  17276.44930477 +.00000889 +00000-0 +49868-3 0  9993
2 42418 098.8605 347.1530 0011365 274.0914 085.8959 14.13160202081062
NOAA 16 DEB
1 42418U 00055TN  17276.66171298 +.00000914 +00000-0 +51213-3 0  9991
2 42418 098.8604 347.3632 0011375 273.4379 086.5492 14.13160867081095
NOAA 16 DEB
1 42418U 00055TN  17277.44054332  .00000879  00000-0  49328-3 0  9991
2 42418  98.8603 348.1341 0011462 270.9220  89.0639 14.13162234 81208
NOAA 16 DEB
1 42418U 00055TN  17277.44054332 +.00000879 +00000-0 +49328-3 0  9991
2 42418 098.8603 348.1341 0011462 270.9220 089.0639 14.13162234081208
NOAA 16 DEB
1 42418U 00055TN  17278.43178070 +.00000900 +00000-0 +50452-3 0  9992
2 42418 098.8602 349.1154 0011566 267.8784 092.1064 14.13164300081343
NOAA 16 DEB
1 42418U 00055TN  17278.99820153 +.00000902 +00000-0 +50544-3 0  9993
2 42418 098.8601 349.6760 0011629 266.1426 093.8416 14.13165370081421
NOAA 16 DEB
1 42418U 00055TN  17279.98943701  .00000910  00000-0  50987-3 0  9998
2 42418  98.8600 350.6572 0011737 263.1529  96.8308 14.13167244 81564
NOAA 16 DEB
1 42418U 00055TN  17280.41425197 +.00000910 +00000-0 +51005-3 0  9994
2 42418 098.8600 351.0776 0011771 261.9738 098.0099 14.13168012081623
NOAA 16 DEB
1 42418U 00055TN  17282.04270677  .00000867  00000-0  48703-3 0  9998
2 42418  98.8598 352.6895 0011956 257.1198 102.8639 14.13170814 81852
NOAA 16 DEB
1 42418U 00055TN  17284.44998258  .00000866  00000-0  48632-3 0  9996
2 42418  98.8596 355.0724 0012242 250.0893 109.8960 14.13175162 82194
NOAA 16 DEB
1 42418U 00055TN  17285.44121184 +.00000874 +00000-0 +49054-3 0  9991
2 42418 098.8596 356.0535 0012352 247.2667 112.7200 14.13176955082331
NOAA 16 DEB
1 42418U 00055TN  17286.43244016 +.00000862 +00000-0 +48431-3 0  9996
2 42418 098.8596 357.0346 0012457 244.4887 115.4998 14.13178537082478
NOAA 16 DEB
1 42418U 00055TN  17287.42366704  .00000910  00000-0  50957-3 0  9995
2 42418  98.8596 358.0158 0012559 241.7396 118.2509 14.13180481 82614
NOAA 16 DEB
1 42418U 00055TN  17288.98130729 +.00000866 +00000-0 +48616-3 0  9992
2 42418 098.8595 359.5576 0012734 237.4245 122.5698 14.13182815082837
NOAA 16 DEB
1 42418U 00055TN  17290.04333291  .00000850  00000-0  47744-3 0  9995
2 42418  98.8594   0.6088 0012866 234.5027 125.4945 14.13184604 82981
NOAA 16 DEB
1 42418U 00055TN  17290.46814287 +.00000843 +00000-0 +47406-3 0  9997
2 42418 098.8594 001.0293 0012911 233.3425 126.6561 14.13185321083046
NOAA 16 DEB
1 42418U 00055TN  17291.67176982 +.00000794 +00000-0 +44758-3 0  9996
2 42418 098.8592 002.2209 0013054 230.1231 129.8794 14.13187253083211
NOAA 16 DEB
1 42418U 00055TN  17292.02577758 +.00000776 +00000-0 +43798-3 0  9995
2 42418 098.8591 002.5712 0013093 229.1810 130.8227 14.13187733083267
NOAA 16 DEB
1 42418U 00055TN  17293.01699814  .00000783  00000-0  44170-3 0  9996
2 42418  98.8591   3.5523 0013192 226.5430 133.4646 14.13189546 83401
NOAA 16 DEB
1 42418U 00055TN  17294.00821755 +.00000799 +00000-0 +45034-3 0  9994
2 42418 098.8590 004.5334 0013293 223.9558 136.0558 14.13191353083540
NOAA 16 DEB
1 42418U 00055TN  17295.42424330  .00000857  00000-0  48100-3 0  9991
2 42418  98.8589   5.9348 0013421 220.2405 139.7775 14.13194045 83746
NOAA 16 DEB
1 42418U 00055TN  17296.41545989 +.00000901 +00000-0 +50448-3 0  9993
2 42418 098.8587 006.9160 0013514 217.6744 142.3482 14.13195936083886
NOAA 16 DEB
1 42418U 00055TN  17297.05267000 +.00000879 +00000-0 +49270-3 0  9994
2 42418 098.8585 007.5467 0013582 216.0303 143.9954 14.13196882083972
NOAA 16 DEB
1 42418U 00055TN  17297.97308313  .00000981  00000-0  54727-3 0  9995
2 42418  98.8584   8.4577 0013675 213.6016 146.4291 14.13199192 84105
NOAA 16 DEB
1 42418U 00055TN  17300.45111296 +.00000976 +00000-0 +54473-3 0  9997
2 42418 098.8582 010.9103 0013898 207.2826 152.7617 14.13204212084451
NOAA 16 DEB
1 42418U 00055TN  17300.45111296  .00000976  00000-0  54473-3 0  9997
2 42418  98.8582  10.9103 0013898 207.2826 152.7617 14.13204212 84451
NOAA 16 DEB
1 42418U 00055TN  17301.44232261 +.00000916 +00000-0 +51223-3 0  9997
2 42418 098.8584 011.8911 0013981 204.8368 155.2133 14.13205905084593
NOAA 16 DEB
1 42418U 00055TN  17302.15032870 +.00000899 +00000-0 +50364-3 0  9995
2 42418 098.8584 012.5918 0014016 203.1049 156.9494 14.13207245084694
NOAA 16 DEB
1 42418U 00055TN  17303.14153620  .00000882  00000-0  49410-3 0  9994
2 42418  98.8586  13.5728 0014055 200.6951 159.3654 14.13209057 84837
NOAA 16 DEB
1 42418U 00055TN  17304.41594395 +.00000864 +00000-0 +48489-3 0  9998
2 42418 098.8585 014.8343 0014128 197.5331 162.5355 14.13211339085011
NOAA 16 DEB
1 42418U 00055TN  17305.05314704 +.00000851 +00000-0 +47789-3 0  9991
2 42418 098.8583 015.4650 0014171 195.9665 164.1062 14.13212435085108
NOAA 16 DEB
1 42418U 00055TN  17305.97355075 +.00000831 +00000-0 +46691-3 0  9997
2 42418 098.8583 016.3759 0014225 193.7322 166.3465 14.13213965085238
NOAA 16 DEB
1 42418U 00055TN  17307.46035430 +.00000832 +00000-0 +46768-3 0  9999
2 42418 098.8582 017.8475 0014308 190.1165 169.9721 14.13216730085446
NOAA 16 DEB
1 42418U 00055TN  17307.67275449 +.00000844 +00000-0 +47415-3 0  9991
2 42418 098.8582 018.0576 0014316 189.5832 170.5070 14.13217239085476
NOAA 16 DEB
1 42418U 00055TN  17308.16835494  .00000844  00000-0  47385-3 0  9994
2 42418  98.8581  18.5481 0014339 188.3794 171.7140 14.13218146 85541
NOAA 16 DEB
1 42418U 00055TN  17309.44275469 +.00000867 +00000-0 +48632-3 0  9997
2 42418 098.8580 019.8094 0014393 185.3034 174.7988 14.13220606085725
NOAA 16 DEB
1 42418U 00055TN  17310.15075373 +.00000829 +00000-0 +46611-3 0  9992
2 42418 098.8580 020.5101 0014411 183.5744 176.5327 14.13221680085823
NOAA 16 DEB
1 42418U 00055TN  17311.14195147  .00000829  00000-0  46570-3 0  9998
2 42418  98.8579  21.4910 0014433 181.1500 178.9642 14.13223366 85961
NOAA 16 DEB
1 42418U 00055TN  17312.41634617 +.00001038 +00000-0 +57746-3 0  9999
2 42418 098.8578 022.7523 0014458 178.0361 182.0871 14.13226787086142
NOAA 16 DEB
1 42418U 00055TN  17314.39873398  .00000938  00000-0  52416-3 0  9996
2 42418  98.8577  24.7143 0014495 173.2796 186.8573 14.13229867 86425
NOAA 16 DEB
1 42418U 00055TN  17315.46072528 +.00000855 +00000-0 +47977-3 0  9995
2 42418 098.8577 025.7653 0014512 170.7102 189.4342 14.13231447086571
NOAA 16 DEB
1 42418U 00055TN  17316.16871899 +.00001003 +00000-0 +55856-3 0  9992
2 42418 098.8576 026.4660 0014515 169.0062 191.1430 14.13233487086670
NOAA 16 DEB
1 42418U 00055TN  17317.15990863  .00000794  00000-0  44723-3 0  9992
2 42418  98.8576  27.4469 0014516 166.6216 193.5344 14.13234295 86817
NOAA 16 DEB
1 42418U 00055TN  17317.44310545 +.00000784 +00000-0 +44155-3 0  9995
2 42418 098.8576 027.7272 0014517 165.9503 194.2075 14.13234763086857
NOAA 16 DEB
1 42418U 00055TN  17318.43429380 +.00000785 +00000-0 +44240-3 0  9999
2 42418 098.8577 028.7081 0014508 163.5575 196.6071 14.13236503086991
NOAA 16 DEB
1 42418U 00055TN  17319.42548077  .00000834  00000-0  46854-3 0  9992
2 42418  98.8577  29.6891 0014492 161.1298 199.0414 14.13238455 87131
NOAA 16 DEB
1 42418U 00055TN  17320.41666641 +.00000871 +00000-0 +48796-3 0  9999
2 42418 098.8575 030.6700 0014486 158.6892 201.4886 14.13240335087270
NOAA 16 DEB
1 42418U 00055TN  17322.04503991  .00000905  00000-0  50618-3 0  9992
2 42418  98.8573  32.2815 0014458 154.7531 205.4351 14.13243415 87508
NOAA 16 DEB
1 42418U 00055TN  17323.39021540 +.00000899 +00000-0 +50272-3 0  9994
2 42418 098.8572 033.6127 0014419 151.4999 208.6965 14.13245915087690
NOAA 16 DEB
1 42418U 00055TN  17324.02740294 +.00000811 +00000-0 +45586-3 0  9995
2 42418 098.8571 034.2433 0014396 149.9754 210.2246 14.13246672087783
NOAA 16 DEB
1 42418U 00055TN  17326.00976013  .00000881  00000-0  49311-3 0  9992
2 42418  98.8569  36.2052 0014316 145.1151 215.0962 14.13250987 88064
NOAA 16 DEB
1 42418U 00055TN  17327.42572614 +.00000887 +00000-0 +49653-3 0  9993
2 42418 098.8568 037.6065 0014253 141.5936 218.6254 14.13253738088265
NOAA 16 DEB
1 42418U 00055TN  17328.98328555  .00000866  00000-0  48541-3 0  9990
2 42418  98.8567  39.1479 0014179 137.7346 222.4922 14.13256549 88481
NOAA 16 DEB
1 42418U 00055TN  17332.45238271  .00000855  00000-0  47939-3 0  9990
2 42418  98.8567  42.5810 0013963 129.1412 231.1003 14.13263311 88973
NOAA 16 DEB
1 42418U 00055TN  17334.43471727 +.00000820 +00000-0 +46049-3 0  9998
2 42418 098.8566 044.5428 0013816 124.1031 236.1454 14.13266669089254
NOAA 16 DEB
1 42418U 00055TN  17335.14269269  .00000811  00000-0  45602-3 0  9997
2 42418  98.8565  45.2433 0013760 122.3007 237.9500 14.13267819 89358
NOAA 16 DEB
1 42418U 00055TN  17336.06305976 +.00000809 +00000-0 +45475-3 0  9990
2 42418 098.8564 046.1540 0013692 119.9625 240.2908 14.13269314089483
NOAA 16 DEB
1 42418U 00055TN  17339.03654742  .00000702  00000-0  39751-3 0  9990
2 42418  98.8561  49.0964 0013441 112.3692 247.8906 14.13273373 89903
NOAA 16 DEB
1 42418U 00055TN  17340.45249000 +.00000715 +00000-0 +40471-3 0  9990
2 42418 098.8560 050.4976 0013312 108.6635 251.5984 14.13275808090100
NOAA 16 DEB
1 42418U 00055TN  17340.66488113 +.00000727 +00000-0 +41109-3 0  9995
2 42418 098.8560 050.7077 0013314 108.0857 252.1767 14.13276277090137
NOAA 16 DEB
1 42418U 00055TN  17341.16046039  .00000718  00000-0  40629-3 0  9994
2 42418  98.8559  51.1981 0013271 106.7644 253.4985 14.13277031 90208
NOAA 16 DEB
1 42418U 00055TN  17341.44364842 +.00000709 +00000-0 +40118-3 0  9993
2 42418 098.8558 051.4784 0013253 106.0507 254.2125 14.13277425090248
NOAA 16 DEB
1 42418U 00055TN  17342.15161797 +.00000734 +00000-0 +41485-3 0  9992
2 42418 098.8558 052.1789 0013193 104.1263 256.1377 14.13278729090341
NOAA 16 DEB
1 42418U 00055TN  17342.43480564 +.00000718 +00000-0 +40605-3 0  9994
2 42418 098.8558 052.4591 0013168 103.3764 256.8877 14.13279083090384
NOAA 16 DEB
1 42418U 00055TN  17343.14277445 +.00000714 +00000-0 +40407-3 0  9991
2 42418 098.8557 053.1598 0013097 101.4930 258.7714 14.13280146090487
NOAA 16 DEB
1 42418U 00055TN  17344.41711706 +.00000685 +00000-0 +38850-3 0  9991
2 42418 098.8557 054.4208 0012972 098.0433 262.2212 14.13281835090668
NOAA 16 DEB
1 42418U 00055TN  17345.97464434 +.00000666 +00000-0 +37831-3 0  9993
2 42418 098.8557 055.9620 0012811 093.8020 266.4618 14.13284017090884
NOAA 16 DEB
1 42418U 00055TN  17348.02774424  .00000674  00000-0  38267-3 0  9998
2 42418  98.8556  57.9936 0012592  88.1571 272.1044 14.13287177 91179
NOAA 16 DEB
1 42418U 00055TN  17348.45252280 +.00000688 +00000-0 +39023-3 0  9992
2 42418 098.8556 058.4140 0012543 086.9716 273.2892 14.13287947091230
NOAA 16 DEB
1 42418U 00055TN  17349.44367221 +.00000703 +00000-0 +39796-3 0  9999
2 42418 098.8556 059.3948 0012442 084.1763 276.0827 14.13289577091371
NOAA 16 DEB
1 42418U 00055TN  17350.15163547  .00000684  00000-0  38811-3 0  9999
2 42418  98.8555  60.0954 0012369  82.1550 278.1026 14.13290557 91471
NOAA 16 DEB
1 42418U 00055TN  17350.71800554 +.00000713 +00000-0 +40335-3 0  9994
2 42418 098.8554 060.6558 0012322 080.5942 279.6623 14.13291602091552
NOAA 16 DEB
1 42418U 00055TN  17351.14278296 +.00000678 +00000-0 +38462-3 0  9992
2 42418 098.8554 061.0762 0012280 079.3783 280.8772 14.13292030091618
NOAA 16 DEB
1 42418U 00055TN  17351.99233689 +.00000747 +00000-0 +42180-3 0  9991
2 42418 098.8552 061.9168 0012189 076.9472 283.3060 14.13293698091733
NOAA 16 DEB
1 42418U 00055TN  17353.97462612  .00000765  00000-0  43136-3 0  9993
2 42418  98.8549  63.8783 0011995  71.2148 289.0324 14.13296903 92015
NOAA 16 DEB
1 42418U 00055TN  17356.45248136  .00000690  00000-0  39123-3 0  9990
2 42418  98.8547  66.3302 0011742  63.8818 296.3561 14.13300519 92360
NOAA 16 DEB
1 42418U 00055TN  17357.16043870 +.00000673 +00000-0 +38219-3 0  9993
2 42418 098.8546 067.0307 0011669 061.7546 298.4803 14.13301579092465
NOAA 16 DEB
1 42418U 00055TN  17358.43476055 +.00000696 +00000-0 +39454-3 0  9996
2 42418 098.8546 068.2917 0011566 057.9442 302.2852 14.13303682092648
NOAA 16 DEB
1 42418U 00055TN  17358.64714732  .00000703  00000-0  39811-3 0  9992
2 42418  98.8546  68.5018 0011540  57.3005 302.9279 14.13304053 92670
NOAA 16 DEB
1 42418U 00055TN  17359.42589833 +.00000728 +00000-0 +41155-3 0  9992
2 42418 098.8547 069.2723 0011472 054.9223 305.3024 14.13305360092780
NOAA 16 DEB
1 42418U 00055TN  17359.99226242 +.00000728 +00000-0 +41160-3 0  9992
2 42418 098.8546 069.8327 0011417 053.1659 307.0559 14.13306150092867
NOAA 16 DEB
1 42418U 00055TN  17364.16918609  .00000662  00000-0  37613-3 0  9997
2 42418  98.8544  73.9658 0011056  39.9919 320.2066 14.13312149 93459
NOAA 16 DEB
1 42418U 00055TN  17364.45236670 +.00000667 +00000-0 +37873-3 0  9993
2 42418 098.8545 074.2460 0011031 039.0762 321.1205 14.13312596093490
NOAA 16 DEB
1 42418U 00055TN  17364.66475203 +.00000683 +00000-0 +38760-3 0  9997
2 42418 098.8543 074.4560 0011024 038.4915 321.7042 14.13313064093526
NOAA 16 DEB
1 42418U 00055TN  17365.44349826 +.00000658 +00000-0 +37406-3 0  9993
2 42418 098.8542 075.2265 0010975 036.0818 324.1093 14.13314020093634
NOAA 16 DEB
1 42418U 00055TN  18001.00985874 +.00000658 +00000-0 +37430-3 0  9999
2 42418 098.8544 075.7871 0010955 034.2413 325.9463 14.13314837093718
NOAA 16 DEB
1 42418U 00055TN  18001.64701395  .00000648  00000-0  36885-3 0  9995
2 42418  98.8544  76.4175 0010908  32.2866 327.8972 14.13315646 93806
NOAA 16 DEB
1 42418U 00055TN  18002.42575829 +.00000667 +00000-0 +37876-3 0  9995
2 42418 098.8543 077.1880 0010862 029.7817 330.3972 14.13316837093916
NOAA 16 DEB
1 42418U 00055TN  18004.97437312  .00000610  00000-0  34874-3 0  9994
2 42418  98.8537  79.7097 0010701  21.3551 338.8066 14.13319738 94272
NOAA 16 DEB
1 42418U 00055TN  18007.16900890  .00000576  00000-0  33061-3 0  9992
2 42418  98.8535  81.8812 0010588  13.9647 346.1816 14.13322470 94581
NOAA 16 DEB
1 42418U 00055TN  18008.44331166 +.00000569 +00000-0 +32689-3 0  9995
2 42418 098.8535 083.1421 0010539 009.6030 350.5342 14.13324058094763
NOAA 16 DEB
1 42418U 00055TN  18009.43443510  .00000566  00000-0  32494-3 0  9993
2 42418  98.8535  84.1227 0010510   6.1962 353.9338 14.13325230 94904
NOAA 16 DEB
1 42418U 00055TN  18011.13350193 +.00000580 +00000-0 +33242-3 0  9995
2 42418 098.8533 085.8039 0010467 000.4666 359.6514 14.13327252095142
NOAA 16 DEB
1 42418U 00055TN  18011.98303456  .00000579  00000-0  33175-3 0  9991
2 42418  98.8533  86.6444 0010456 357.5816   2.5304 14.13328162 95267
NOAA 16 DEB
1 42418U 00055TN  18012.40780075 +.00000569 +00000-0 +32655-3 0  9996
2 42418 098.8533 087.0646 0010452 356.1845 003.9246 14.13328570095329
NOAA 16 DEB
1 42418U 00055TN  18014.03606923  .00000578  00000-0  33142-3 0  9998
2 42418  98.8531  88.6757 0010440 350.5164   9.5809 14.13330543 95551
NOAA 16 DEB
1 42418U 00055TN  18014.46083447 +.00000595 +00000-0 +34075-3 0  9990
2 42418 098.8531 089.0959 0010440 349.0622 011.0321 14.13331191095616
NOAA 16 DEB
1 42418U 00055TN  18015.38115893 +.00000566 +00000-0 +32480-3 0  9999
2 42418 098.8530 090.0066 0010443 345.8454 014.2424 14.13332139095742
NOAA 16 DEB
1 42418U 00055TN  18016.15989427  .00000572  00000-0  32846-3 0  9990
2 42418  98.8528  90.7770 0010435 343.2630  16.8197 14.13333189 95850
NOAA 16 DEB
1 42418U 00055TN  18016.65545285 +.00000575 +00000-0 +32965-3 0  9990
2 42418 098.8528 091.2673 0010444 341.5638 018.5155 14.13333840095922
NOAA 16 DEB
1 42418U 00055TN  18017.43418752 +.00000577 +00000-0 +33081-3 0  9997
2 42418 098.8527 092.0377 0010449 339.0283 021.0459 14.13334769096034
NOAA 16 DEB
1 42418U 00055TN  18017.64656961 +.00000568 +00000-0 +32585-3 0  9994
2 42418 098.8527 092.2478 0010450 338.3013 021.7715 14.13334982096065
NOAA 16 DEB
1 42418U 00055TN  18018.42530364  .00000569  00000-0  32685-3 0  9991
2 42418  98.8526  93.0182 0010464 335.6911  24.3767 14.13335870 96172
NOAA 16 DEB
1 42418U 00055TN  18019.41641894 +.00000576 +00000-0 +33028-3 0  9992
2 42418 098.8525 093.9987 0010490 332.3419 027.7194 14.13337031096317
NOAA 16 DEB
1 42418U 00055TN  18021.04467792  .00000572  00000-0  32796-3 0  9994
2 42418  98.8522  95.6096 0010545 326.7960  33.2550 14.13338934 96549
NOAA 16 DEB
1 42418U 00055TN  18022.03579090 +.00000580 +00000-0 +33233-3 0  9995
2 42418 098.8522 096.5902 0010588 323.4291 036.6157 14.13340234096684
NOAA 16 DEB
1 42418U 00055TN  18023.02690303 +.00000578 +00000-0 +33116-3 0  9993
2 42418 098.8521 097.5707 0010638 320.0962 039.9427 14.13341516096827
NOAA 16 DEB
1 42418U 00055TN  18023.66404608 +.00000569 +00000-0 +32658-3 0  9994
2 42418 098.8521 098.2010 0010673 317.9589 042.0763 14.13342339096913
NOAA 16 DEB
1 42418U 00055TN  18024.44277637 +.00000542 +00000-0 +31197-3 0  9999
2 42418 098.8521 098.9714 0010713 315.4486 044.5825 14.13343107097028
NOAA 16 DEB
1 42418U 00055TN  18025.15071235 +.00000541 +00000-0 +31174-3 0  9998
2 42418 098.8520 099.6718 0010750 313.0977 046.9295 14.13343992097129
NOAA 16 DEB
1 42418U 00055TN  18026.00023508 +.00000539 +00000-0 +31067-3 0  9991
2 42418 098.8520 100.5123 0010804 310.2960 049.7268 14.13344971097244
NOAA 16 DEB
1 42418U 00055TN  18026.99134406 +.00000564 +00000-0 +32415-3 0  9995
2 42418 098.8519 101.4928 0010856 307.0841 052.9339 14.13346285097384
NOAA 16 DEB
1 42418U 00055TN  18028.05324604  .00000541  00000-0  31177-3 0  9994
2 42418  98.8516 102.5432 0010912 303.6151  56.3980 14.13347303 97531
NOAA 16 DEB
1 42418U 00055TN  18029.39831994 +.00000569 +00000-0 +32629-3 0  9990
2 42418 098.8514 103.8740 0011019 299.1739 060.8331 14.13349122097727
NOAA 16 DEB
1 42418U 00055TN  18030.03545987 +.00000560 +00000-0 +32184-3 0  9994
2 42418 098.8514 104.5043 0011086 297.1338 062.8703 14.13349848097818
NOAA 16 DEB
1 42418U 00055TN  18032.01767112  .00000540  00000-0  31108-3 0  9993
2 42418  98.8512 106.4653 0011256 290.8318  69.1649 14.13352159 98090
NOAA 16 DEB
1 42418U 00055TN  18032.44243033 +.00000539 +00000-0 +31071-3 0  9998
2 42418 098.8511 106.8855 0011285 289.5154 070.4799 14.13352655098151
NOAA 16 DEB
1 42418U 00055TN  18033.00877569 +.00000536 +00000-0 +30876-3 0  9997
2 42418 098.8510 107.4458 0011338 287.7465 072.2470 14.13353287098237
NOAA 16 DEB
1 42418U 00055TN  18034.14146563  .00000543  00000-0  31257-3 0  9998
2 42418  98.8509 108.5664 0011439 284.2485  75.7417 14.13354610 98399
NOAA 16 DEB
1 42418U 00055TN  18034.42463812 +.00000539 +00000-0 +31064-3 0  9999
2 42418 098.8509 108.8465 0011459 283.3895 076.6000 14.13354850098437
NOAA 16 DEB
1 42418U 00055TN  18036.97318686  .00000523  00000-0  30207-3 0  9990
2 42418  98.8506 111.3675 0011710 275.5395  84.4441 14.13357504 98798
NOAA 16 DEB
1 42418U 00055TN  18037.39794454 +.00000520 +00000-0 +30023-3 0  9991
2 42418 098.8506 111.7877 0011752 274.2710 085.7119 14.13357975098854
NOAA 16 DEB
1 42418U 00055TN  18038.45983819 +.00000516 +00000-0 +29799-3 0  9997
2 42418 098.8505 112.8381 0011868 271.0527 088.9286 14.13359154099003
NOAA 16 DEB
1 42418U 00055TN  18039.02618109  .00000523  00000-0  30172-3 0  9993
2 42418  98.8505 113.3983 0011931 269.3556  90.6249 14.13359855 99085
NOAA 16 DEB
1 42418U 00055TN  18039.45093827 +.00000522 +00000-0 +30169-3 0  9999
2 42418 098.8505 113.8184 0011976 268.0753 091.9048 14.13360306099148
NOAA 16 DEB
1 42418U 00055TN  18041.43313619 +.00000528 +00000-0 +30481-3 0  9997
2 42418 098.8505 115.7791 0012187 262.2521 097.7268 14.13362552099421
NOAA 16 DEB
1 42418U 00055TN  18042.42423403 +.00000543 +00000-0 +31270-3 0  9994
2 42418 098.8503 116.7595 0012294 259.3023 100.6765 14.13363700099562
NOAA 16 DEB
1 42418U 00055TN  18045.04356065  .00000565  00000-0  32414-3 0  9999
2 42418  98.8500 119.3505 0012596 251.8573 108.1227 14.13366686 99934
NOAA 16 DEB
1 42418U 00055TN  18046.03465577 +.00000593 +00000-0 +33933-3 0  9996
2 42418 098.8499 120.3309 0012708 249.0409 110.9404 14.13368043100072
NOAA 16 DEB
1 42418U 00055TN  18047.45050456  .00000594  00000-0  33988-3 0  9990
2 42418  98.8498 121.7313 0012872 245.1140 114.8695 14.13369836100270
NOAA 16 DEB
1 42418U 00055TN  18049.43268974 +.00000621 +00000-0 +35374-3 0  9998
2 42418 098.8495 123.6920 0013079 239.6257 120.3623 14.13372574100556
NOAA 16 DEB
1 42418U 00055TN  18050.42378098  .00000638  00000-0  36328-3 0  9996
2 42418  98.8494 124.6724 0013184 236.9219 123.0687 14.13373959100696
NOAA 16 DEB
1 42418U 00055TN  18051.41487142 +.00000627 +00000-0 +35717-3 0  9996
2 42418 098.8493 125.6527 0013284 234.2009 125.7929 14.13375173100830
NOAA 16 DEB
1 42418U 00055TN  18053.04308974  .00000584  00000-0  33416-3 0  9998
2 42418  98.8490 127.2632 0013467 229.8141 130.1853 14.13377038101066
NOAA 16 DEB
1 42418U 00055TN  18054.03417803 +.00000566 +00000-0 +32457-3 0  9994
2 42418 098.8488 128.2437 0013591 227.1220 132.8812 14.13378251101202
NOAA 16 DEB
1 42418U 00055TN  18055.02526553 +.00000571 +00000-0 +32710-3 0  9995
2 42418 098.8487 129.2239 0013699 224.4979 135.5094 14.13379593101349
NOAA 16 DEB
1 42418U 00055TN  18056.15793602  .00000581  00000-0  33283-3 0  9998
2 42418  98.8486 130.3443 0013807 221.5118 138.5007 14.13381124101500
NOAA 16 DEB
1 42418U 00055TN  18057.43218926 +.00000586 +00000-0 +33510-3 0  9999
2 42418 098.8484 131.6048 0013933 218.1874 141.8312 14.13382646101689
NOAA 16 DEB
1 42418U 00055TN  18059.06039978  .00000597  00000-0  34119-3 0  9996
2 42418  98.8481 133.2151 0014094 213.9821 146.0450 14.13384556101911
NOAA 16 DEB
1 42418U 00055TN  18059.41435819 +.00000613 +00000-0 +34931-3 0  9990
2 42418 098.8481 133.5652 0014123 213.0691 146.9600 14.13385085101968
NOAA 16 DEB
1 42418U 00055TN  18059.98069149 +.00000617 +00000-0 +35180-3 0  9992
2 42418 098.8480 134.1253 0014178 211.6016 148.4306 14.13385803102044
NOAA 16 DEB
1 42418U 00055TN  18061.39652376  .00000597  00000-0  34114-3 0  9993
2 42418  98.8478 135.5256 0014321 207.9780 152.0624 14.13387457102248
NOAA 16 DEB
1 42418U 00055TN  18062.17523060 +.00000607 +00000-0 +34607-3 0  9996
2 42418 098.8477 136.2957 0014391 205.9899 154.0552 14.13388575102355
NOAA 16 DEB
1 42418U 00055TN  18063.16631138 +.00000599 +00000-0 +34185-3 0  9993
2 42418 098.8476 137.2759 0014482 203.4816 156.5697 14.13389874102493
NOAA 16 DEB
1 42418U 00055TN  18063.66185149  .00000590  00000-0  33753-3 0  9995
2 42418  98.8476 137.7661 0014527 202.2232 157.8312 14.13390500102563
NOAA 16 DEB
1 42418U 00055TN  18064.01580872 +.00000575 +00000-0 +32924-3 0  9999
2 42418 098.8475 138.1161 0014552 201.3305 158.7262 14.13390823102619
NOAA 16 DEB
1 42418U 00055TN  18065.43163596 +.00000577 +00000-0 +33007-3 0  9991
2 42418 098.8476 139.5162 0014656 197.8133 162.2527 14.13392645102819
NOAA 16 DEB
1 42418U 00055TN  18066.13954884  .00000599  00000-0  34197-3 0  9992
2 42418  98.8475 140.2163 0014697 196.0478 164.0230 14.13393668102914
NOAA 16 DEB
1 42418U 00055TN  18066.42271406 +.00000588 +00000-0 +33631-3 0  9996
2 42418 098.8475 140.4963 0014719 195.3167 164.7561 14.13393905102958
NOAA 16 DEB
1 42418U 00055TN  18067.05983524 +.00000587 +00000-0 +33548-3 0  9993
2 42418 098.8474 141.1264 0014767 193.7485 166.3287 14.13394652103041
NOAA 16 DEB
1 42418U 00055TN  18067.98012084 +.00000585 +00000-0 +33449-3 0  9997
2 42418 098.8473 142.0365 0014835 191.4709 168.6128 14.13395726103178
NOAA 16 DEB
1 42418U 00055TN  18069.39594360 +.00000573 +00000-0 +32791-3 0  9992
2 42418 098.8472 143.4367 0014934 187.9578 172.1359 14.13397368103370
NOAA 16 DEB
1 42418U 00055TN  18070.17464527 +.00000577 +00000-0 +33002-3 0  9991
2 42418 098.8471 144.2068 0014983 186.0430 174.0564 14.13398394103488
NOAA 16 DEB
1 42418U 00055TN  18070.67018240 +.00000587 +00000-0 +33572-3 0  9996
2 42418 098.8471 144.6969 0015018 184.8348 175.2682 14.13399113103558
NOAA 16 DEB
1 42418U 00055TN  18071.02413735 +.00000593 +00000-0 +33883-3 0  9996
2 42418 098.8470 145.0469 0015045 183.9825 176.1230 14.13399583103603
NOAA 16 DEB
1 42418U 00055TN  18072.01521074  .00000595  00000-0  34006-3 0  9992
2 42418  98.8470 146.0270 0015103 181.5623 178.5505 14.13400867103743
NOAA 16 DEB
1 42418U 00055TN  18074.42209941  .00000649  00000-0  36859-3 0  9993
2 42418  98.8468 148.4071 0015217 175.6595 184.4712 14.13404194104084
NOAA 16 DEB
1 42418U 00055TN  18075.41316957 +.00000665 +00000-0 +37699-3 0  9990
2 42418 098.8466 149.3872 0015261 173.2662 186.8718 14.13405544104227
NOAA 16 DEB
1 42418U 00055TN  18080.15613265  .00000695  00000-0  39298-3 0  9999
2 42418  98.8463 154.0775 0015426 161.9284 198.2440 14.13412920104894
NOAA 16 DEB
1 42418U 00055TN  18080.43929414 +.00000678 +00000-0 +38404-3 0  9995
2 42418 098.8463 154.3576 0015433 161.2015 198.9730 14.13413186104938
NOAA 16 DEB
1 42418U 00055TN  18081.43035772 +.00000682 +00000-0 +38582-3 0  9993
2 42418 098.8462 155.3376 0015454 158.7990 201.3826 14.13414707105073
NOAA 16 DEB
1 42418U 00055TN  18082.42142028  .00000691  00000-0  39043-3 0  9999
2 42418  98.8460 156.3176 0015458 156.3688 203.8197 14.13416186105219
NOAA 16 DEB
1 42418U 00055TN  18082.98774135 +.00000674 +00000-0 +38139-3 0  9996
2 42418 098.8459 156.8776 0015468 155.0306 205.1617 14.13416868105299
NOAA 16 DEB
1 42418U 00055TN  18083.97880225 +.00000693 +00000-0 +39163-3 0  9993
2 42418 098.8458 157.8577 0015476 152.6740 207.5249 14.13418397105434
NOAA 16 DEB
1 42418U 00055TN  18085.39460193 +.00000667 +00000-0 +37808-3 0  9994
2 42418 098.8457 159.2577 0015492 149.3422 210.8659 14.13420297105633
NOAA 16 DEB
1 42418U 00055TN  18086.03171110 +.00000662 +00000-0 +37539-3 0  9990
2 42418 098.8455 159.8876 0015503 147.8311 212.3810 14.13421200105723
NOAA 16 DEB
1 42418U 00055TN  18086.66881961 +.00000682 +00000-0 +38579-3 0  9998
2 42418 098.8454 160.5175 0015511 146.3078 213.9083 14.13422339105819
NOAA 16 DEB
1 42418U 00055TN  18088.01382564  .00000664  00000-0  37610-3 0  9999
2 42418  98.8454 161.8475 0015502 143.1038 217.1204 14.13424167106001
NOAA 16 DEB
1 42418U 00055TN  18088.43856390 +.00000678 +00000-0 +38358-3 0  9993
2 42418 098.8453 162.2675 0015496 142.0634 218.1633 14.13424878106061
NOAA 16 DEB
1 42418U 00055TN  18088.65093298 +.00000673 +00000-0 +38118-3 0  9996
2 42418 098.8453 162.4775 0015494 141.5744 218.6535 14.13425172106095
NOAA 16 DEB
1 42418U 00055TN  18089.42961932 +.00000662 +00000-0 +37500-3 0  9993
2 42418 098.8453 163.2474 0015484 139.7021 220.5302 14.13426153106203
NOAA 16 DEB
1 42418U 00055TN  18090.13751538  .00000669  00000-0  37864-3 0  9992
2 42418  98.8452 163.9473 0015466 137.9825 222.2537 14.13427161106300
NOAA 16 DEB
1 42418U 00055TN  18090.42067373 +.00000661 +00000-0 +37455-3 0  9999
2 42418 098.8452 164.2273 0015462 137.2775 222.9603 14.13427479106342
NOAA 16 DEB
1 42418U 00055TN  18094.03093491  .00000635  00000-0  36054-3 0  9995
2 42418  98.8448 167.7971 0015352 128.7597 231.4950 14.13432247106850
NOAA 16 DEB
1 42418U 00055TN  18094.66803840 +.00000634 +00000-0 +36001-3 0  9992
2 42418 098.8447 168.4270 0015329 127.2455 233.0118 14.13433181106942
NOAA 16 DEB
1 42418U 00055TN  18096.15461193  .00000616  00000-0  35061-3 0  9994
2 42418  98.8446 169.8969 0015260 123.6508 236.6122 14.13435099107152
NOAA 16 DEB
1 42418U 00055TN  18096.65013602 +.00000603 +00000-0 +34375-3 0  9990
2 42418 098.8446 170.3869 0015242 122.4647 237.8001 14.13435673107224
NOAA 16 DEB
1 42418U 00055TN  18097.64118328 +.00000611 +00000-0 +34788-3 0  9998
2 42418 098.8444 171.3668 0015206 120.0726 240.1956 14.13436988107363
NOAA 16 DEB
1 42418U 00055TN  18098.13670640 +.00000620 +00000-0 +35300-3 0  9994
2 42418 098.8445 171.8567 0015156 118.9229 241.3465 14.13437682107433
NOAA 16 DEB
1 42418U 00055TN  18098.63223000  .00000559  00000-0  32029-3 0  9999
2 42418  98.8446 172.3465 0015139 117.7276 242.5434 14.13437819107506
NOAA 16 DEB
1 42418U 00055TN  18102.66719295  .00000677  00000-0  38280-3 0  9990
2 42418  98.8444 176.3362 0014846 107.9263 252.3530 14.13444160108071
NOAA 16 DEB
1 42418U 00055TN  18103.65823380 +.00000665 +00000-0 +37684-3 0  9995
2 42418 098.8443 177.3161 0014770 105.5277 254.7528 14.13445579108217
NOAA 16 DEB
1 42418U 00055TN  18104.43690831 +.00000650 +00000-0 +36860-3 0  9994
2 42418 098.8441 178.0858 0014741 103.5102 256.7714 14.13446589108322
NOAA 16 DEB
1 42418U 00055TN  18105.00321636  .00000668  00000-0  37834-3 0  9993
2 42418  98.8440 178.6456 0014719 102.0430 258.2393 14.13447562108405
NOAA 16 DEB
1 42418U 00055TN  18105.64031251 +.00000662 +00000-0 +37510-3 0  9999
2 42418 098.8440 179.2755 0014666 100.4575 259.8251 14.13448472108497
NOAA 16 DEB
1 42418U 00055TN  18106.06504289 +.00000679 +00000-0 +38382-3 0  9998
2 42418 098.8438 179.6953 0014642 099.4230 260.8598 14.13449207108557
NOAA 16 DEB
1 42418U 00055TN  18109.39209140  .00000655  00000-0  37135-3 0  9994
2 42418  98.8439 182.9845 0014317  91.1436 269.1376 14.13453987109020
NOAA 16 DEB
1 42418U 00055TN  18110.17076049 +.00000660 +00000-0 +37387-3 0  9997
2 42418 098.8437 183.7546 0014242 089.1905 271.0899 14.13455221109137
NOAA 16 DEB
1 42418U 00055TN  18110.66627664 +.00000698 +00000-0 +39435-3 0  9993
2 42418 098.8437 184.2445 0014189 087.9675 272.3123 14.13456267109204
NOAA 16 DEB
1 42418U 00055TN  18111.44494468  .00000704  00000-0  39748-3 0  9999
2 42418  98.8437 185.0143 0014116  85.9392 274.3393 14.13457475109317
NOAA 16 DEB
1 42418U 00055TN  18111.65730856 +.00000698 +00000-0 +39425-3 0  9990
2 42418 098.8437 185.2241 0014108 085.4128 274.8656 14.13457790109341
NOAA 16 DEB
1 42418U 00055TN  18112.15282392 +.00000717 +00000-0 +40402-3 0  9992
2 42418 098.8436 185.7140 0014062 084.1123 276.1652 14.13458677109417
NOAA 16 DEB
1 42418U 00055TN  18113.42700511 +.00000717 +00000-0 +40439-3 0  9991
2 42418 098.8435 186.9739 0013936 080.8582 279.4167 14.13460635109597
NOAA 16 DEB
1 42418U 00055TN  18113.71015629  .00000701  00000-0  39550-3 0  9997
2 42418  98.8434 187.2538 0013943  80.2319 280.0427 14.13460979109630
NOAA 16 DEB
1 42418U 00055TN  18114.41803362 +.00000697 +00000-0 +39362-3 0  9999
2 42418 098.8431 187.9537 0013861 078.4859 281.7869 14.13462033109732
NOAA 16 DEB
1 42418U 00055TN  18115.05512301 +.00000663 +00000-0 +37567-3 0  9998
2 42418 098.8432 188.5836 0013765 076.8276 283.4432 14.13462739109828
NOAA 16 DEB
1 42418U 00055TN  18117.03717537  .00000669  00000-0  37870-3 0  9999
2 42418  98.8430 190.5432 0013538  71.6821 288.5823 14.13465821110106
NOAA 16 DEB
1 42418U 00055TN  18118.45292455 +.00000664 +00000-0 +37610-3 0  9990
2 42418 098.8430 191.9429 0013379 067.9348 292.3244 14.13467947110305
NOAA 16 DEB
1 42418U 00055TN  18119.44394807  .00000619  00000-0  35234-3 0  9994
2 42418  98.8431 192.9227 0013227  65.2359 295.0188 14.13469053110440
NOAA 16 DEB
1 42418U 00055TN  18120.43497052 +.00000616 +00000-0 +35074-3 0  9990
2 42418 098.8430 193.9025 0013121 062.5318 297.7186 14.13470376110586
NOAA 16 DEB
1 42418U 00055TN  18121.14284314 +.00000613 +00000-0 +34914-3 0  9993
2 42418 098.8430 194.6023 0013038 060.5803 299.6669 14.13471274110682
NOAA 16 DEB
1 42418U 00055TN  18121.63835372  .00000612  00000-0  34829-3 0  9997
2 42418  98.8430 195.0922 0012974  59.2541 300.9907 14.13471879110757
NOAA 16 DEB
1 42418U 00055TN  18122.13386390 +.00000633 +00000-0 +35978-3 0  9993
2 42418 098.8429 195.5820 0012912 057.8923 302.3501 14.13472634110821
NOAA 16 DEB
1 42418U 00055TN  18125.03613464  .00000567  00000-0  32459-3 0  9997
2 42418  98.8428 198.4513 0012530  49.8384 310.3883 14.13475740111238
NOAA 16 DEB
1 42418U 00055TN  18126.16872565 +.00000600 +00000-0 +34193-3 0  9996
2 42418 098.8428 199.5710 0012381 046.6323 313.5878 14.13477446111392
NOAA 16 DEB
1 42418U 00055TN  18126.66423365 +.00000641 +00000-0 +36386-3 0  9992
2 42418 098.8428 200.0609 0012308 045.2065 315.0106 14.13478399111461
NOAA 16 DEB
1 42418U 00055TN  18127.15974165  .00000631  00000-0  35838-3 0  9996
2 42418  98.8427 200.5508 0012251  43.7699 316.4443 14.13478989111538
NOAA 16 DEB
1 42418U 00055TN  18127.44288892 +.00000651 +00000-0 +36931-3 0  9990
2 42418 098.8427 200.8307 0012219 042.9700 317.2425 14.13479484111570
NOAA 16 DEB
1 42418U 00055TN  18127.65524938 +.00000635 +00000-0 +36040-3 0  9990
2 42418 098.8427 201.0407 0012197 042.3618 317.8494 14.13479692111608
NOAA 16 DEB
1 42418U 00055TN  18130.41592943  .00000681  00000-0  38512-3 0  9996
2 42418  98.8427 203.7700 0011882  34.2679 325.9258 14.13483937111997
NOAA 16 DEB
1 42418U 00055TN  18132.46873661 +.00000721 +00000-0 +40651-3 0  9994
2 42418 098.8427 205.7995 0011622 028.1257 332.0541 14.13487507112285
NOAA 16 DEB
1 42418U 00055TN  18133.03502756 +.00000687 +00000-0 +38804-3 0  9990
2 42418 098.8427 206.3593 0011541 026.3722 333.8036 14.13488221112364
NOAA 16 DEB
1 42418U 00055TN  18134.45075251 +.00000711 +00000-0 +40089-3 0  9998
2 42418 098.8427 207.7590 0011352 021.9315 338.2341 14.13490864112561
NOAA 16 DEB
1 42418U 00055TN  18135.44175884 +.00000701 +00000-0 +39571-3 0  9994
2 42418 098.8427 208.7388 0011243 018.8607 341.2980 14.13492473112702
NOAA 16 DEB
1 42418U 00055TN  18136.43276409 +.00000706 +00000-0 +39835-3 0  9997
2 42418 098.8428 209.7185 0011149 015.7832 344.3686 14.13494100112841
NOAA 16 DEB
1 42418U 00055TN  18137.99005572  .00000717  00000-0  40433-3 0  9998
2 42418  98.8426 211.2582 0010961  10.9199 349.2209 14.13496571113066
NOAA 16 DEB
1 42418U 00055TN  18138.41477134 +.00000692 +00000-0 +39066-3 0  9995
2 42418 098.8425 211.6780 0010907 009.5794 350.5585 14.13497031113125
NOAA 16 DEB
1 42418U 00055TN  18141.17541768  .00000647  00000-0  36682-3 0  9998
2 42418  98.8425 214.4073 0010635   0.5305 359.5877 14.13500927113513
NOAA 16 DEB
1 42418U 00055TN  18142.16641709 +.00000632 +00000-0 +35893-3 0  9991
2 42418 098.8425 215.3871 0010534 357.2213 002.8899 14.13502327113650
NOAA 16 DEB
1 42418U 00055TN  18143.44055823  .00000618  00000-0  35182-3 0  9994
2 42418  98.8424 216.6468 0010426 353.0061   7.0964 14.13503992113839
NOAA 16 DEB
1 42418U 00055TN  18144.43155571 +.00000615 +00000-0 +34998-3 0  9996
2 42418 098.8424 217.6265 0010347 349.6646 010.4312 14.13505297113977
NOAA 16 DEB
1 42418U 00055TN  18145.42255243 +.00000608 +00000-0 +34615-3 0  9991
2 42418 098.8424 218.6062 0010287 346.3364 013.7529 14.13506491114117
NOAA 16 DEB
1 42418U 00055TN  18145.98883585 +.00000607 +00000-0 +34560-3 0  9996
2 42418 098.8424 219.1661 0010248 344.3799 015.7056 14.13507176114191
NOAA 16 DEB
1 42418U 00055TN  18148.04161091  .00000599  00000-0  34143-3 0  9994
2 42418  98.8423 221.1954 0010103 337.2200  22.8523 14.13509720114483
NOAA 16 DEB
1 42418U 00055TN  18148.46632256 +.00000599 +00000-0 +34141-3 0  9994
2 42418 098.8423 221.6153 0010077 335.7207 024.3489 14.13510271114547
NOAA 16 DEB
1 42418U 00055TN  18149.03260447 +.00000593 +00000-0 +33822-3 0  9996
2 42418 098.8423 222.1751 0010047 333.6912 026.3749 14.13510989114620
NOAA 16 DEB
1 42418U 00055TN  18149.66967125 +.00000592 +00000-0 +33781-3 0  9995
2 42418 098.8423 222.8049 0010017 331.4381 028.6241 14.13511871114713
NOAA 16 DEB
1 42418U 00055TN  18150.16516737  .00000591  00000-0  33729-3 0  9992
2 42418  98.8423 223.2948 0009999 329.6865  30.3728 14.13512532114781
NOAA 16 DEB
1 42418U 00055TN  18151.15615912 +.00000588 +00000-0 +33559-3 0  9994
2 42418 098.8423 224.2745 0009966 326.2026 033.8511 14.13513811114928
NOAA 16 DEB
1 42418U 00055TN  18151.65165465 +.00000601 +00000-0 +34251-3 0  9998
2 42418 098.8423 224.7643 0009948 324.4375 035.6133 14.13514531114994
NOAA 16 DEB
1 42418U 00055TN  18152.43028987 +.00000662 +00000-0 +37498-3 0  9995
2 42418 098.8423 225.5341 0009938 321.7553 038.2913 14.13515887115109
NOAA 16 DEB
1 42418U 00055TN  18153.42127922 +.00000683 +00000-0 +38620-3 0  9995
2 42418 098.8423 226.5139 0009928 318.2175 041.8238 14.13517343115249
NOAA 16 DEB
1 42418U 00055TN  18154.05834334 +.00000684 +00000-0 +38659-3 0  9990
2 42418 098.8423 227.1437 0009920 315.9046 044.1334 14.13518210115337
NOAA 16 DEB
1 42418U 00055TN  18157.17287269  .00000646  00000-0  36643-3 0  9994
2 42418  98.8422 230.2228 0009936 304.7058  55.3177 14.13522729115772
NOAA 16 DEB
1 42418U 00055TN  18158.44699551 +.00000642 +00000-0 +36420-3 0  9995
2 42418 098.8423 231.4825 0009961 300.1217 059.8967 14.13524709115950
NOAA 16 DEB
1 42418U 00055TN  18159.43797897  .00000624  00000-0  35458-3 0  9997
2 42418  98.8423 232.4622 0009988 296.5957  63.4192 14.13526081116096
NOAA 16 DEB
1 42418U 00055TN  18160.64131484 +.00000610 +00000-0 +34703-3 0  9993
2 42418 098.8423 233.6519 0010021 292.3643 067.6467 14.13527693116260
NOAA 16 DEB
1 42418U 00055TN  18161.41994343 +.00000598 +00000-0 +34081-3 0  9994
2 42418 098.8423 234.4217 0010054 289.6687 070.3400 14.13528594116378
NOAA 16 DEB
1 42418U 00055TN  18161.98621842  .00000588  00000-0  33574-3 0  9992
2 42418  98.8424 234.9816 0010091 287.7090  72.2980 14.13529246116455
NOAA 16 DEB
1 42418U 00055TN  18164.46366861  .00000565  00000-0  32327-3 0  9995
2 42418  98.8423 237.4310 0010239 278.9738  81.0275 14.13532197116809
NOAA 16 DEB
1 42418U 00055TN  18165.45464726 +.00000565 +00000-0 +32352-3 0  9992
2 42418 098.8423 238.4108 0010308 275.4137 084.5859 14.13533455116946
NOAA 16 DEB
1 42418U 00055TN  18166.16248871 +.00000561 +00000-0 +32136-3 0  9998
2 42418 098.8422 239.1106 0010365 272.9735 087.0252 14.13534328117047
NOAA 16 DEB
1 42418U 00055TN  18167.15346597  .00000574  00000-0  32809-3 0  9993
2 42418  98.8423 240.0903 0010445 269.6104  90.3871 14.13535655117189
NOAA 16 DEB
1 42418U 00055TN  18167.36581844 +.00000554 +00000-0 +31751-3 0  9995
2 42418 098.8423 240.3003 0010458 268.9209 091.0766 14.13535727117210
NOAA 16 DEB
1 42418U 00055TN  18168.42757895 +.00000554 +00000-0 +31735-3 0  9996
2 42418 098.8423 241.3500 0010553 265.3141 094.6827 14.13536962117360
NOAA 16 DEB
1 42418U 00055TN  18168.63993092 +.00000555 +00000-0 +31796-3 0  9998
2 42418 098.8423 241.5599 0010575 264.5896 095.4070 14.13537232117395
NOAA 16 DEB
1 42418U 00055TN  18171.04658424  .00000561  00000-0  32136-3 0  9990
2 42418  98.8423 243.9393 0010824 256.6838 103.3128 14.13540110117738
NOAA 16 DEB
1 42418U 00055TN  18172.03755768 +.00000566 +00000-0 +32397-3 0  9993
2 42418 098.8423 244.9190 0010933 253.4847 106.5125 14.13541411117872
NOAA 16 DEB
1 42418U 00055TN  18172.67461168 +.00000561 +00000-0 +32121-3 0  9991
2 42418 098.8423 245.5488 0011004 251.4396 108.5581 14.13542222117965
NOAA 16 DEB
1 42418U 00055TN  18173.02853040 +.00000561 +00000-0 +32123-3 0  9997
2 42418 098.8423 245.8987 0011047 250.3157 109.6824 14.13542664118011
NOAA 16 DEB
1 42418U 00055TN  18174.16106960  .00000570  00000-0  32582-3 0  9994
2 42418  98.8423 247.0184 0011167 246.7922 113.2074 14.13544220118171
NOAA 16 DEB
1 42418U 00055TN  18174.44420424 +.00000581 +00000-0 +33173-3 0  9998
2 42418 098.8424 247.2984 0011193 245.9074 114.0928 14.13544650118219
NOAA 16 DEB
1 42418U 00055TN  18175.43517459 +.00000623 +00000-0 +35406-3 0  9991
2 42418 098.8424 248.2782 0011314 242.8222 117.1798 14.13546241118354
NOAA 16 DEB
1 42418U 00055TN  18175.64752534 +.00000612 +00000-0 +34795-3 0  9997
2 42418 098.8424 248.4881 0011339 242.1732 117.8292 14.13546467118381
NOAA 16 DEB
1 42418U 00055TN  18176.42614432  .00000630  00000-0  35762-3 0  9993
2 42418  98.8424 249.2579 0011423 239.8083 120.1959 14.13547545118497
NOAA 16 DEB
1 42418U 00055TN  18177.41711287 +.00000690 +00000-0 +38940-3 0  9996
2 42418 098.8424 250.2377 0011541 236.8044 123.2022 14.13549200118631
NOAA 16 DEB
1 42418U 00055TN  18178.97434745  .00000670  00000-0  37894-3 0  9994
2 42418  98.8424 251.7773 0011740 232.1586 127.8525 14.13551231118857
NOAA 16 DEB
1 42418U 00055TN  18179.39904741 +.00000649 +00000-0 +36775-3 0  9992
2 42418 098.8424 252.1972 0011798 230.8963 129.1161 14.13551727118918
NOAA 16 DEB
1 42418U 00055TN  18180.03609711 +.00000620 +00000-0 +35226-3 0  9993
2 42418 098.8424 252.8271 0011885 229.0227 130.9918 14.13552468119001
NOAA 16 DEB
1 42418U 00055TN  18181.16862882  .00000608  00000-0  34581-3 0  9997
2 42418  98.8424 253.9468 0012027 225.7305 134.2881 14.13554080119165
NOAA 16 DEB
1 42418U 00055TN  18181.45176165 +.00000596 +00000-0 +33960-3 0  9997
2 42418 098.8423 254.2268 0012064 224.8643 135.1555 14.13554405119206
NOAA 16 DEB
1 42418U 00055TN  18182.15959332 +.00000581 +00000-0 +33136-3 0  9999
2 42418 098.8423 254.9266 0012156 222.8311 137.1916 14.13555313119306
NOAA 16 DEB
1 42418U 00055TN  18184.42465272 +.00000506 +00000-0 +29178-3 0  9994
2 42418 098.8423 257.1660 0012440 216.4478 143.5848 14.13557567119621
NOAA 16 DEB
1 42418U 00055TN  18185.41561522 +.00000481 +00000-0 +27835-3 0  9999
2 42418 098.8422 258.1457 0012568 213.7185 146.3189 14.13558413119766
NOAA 16 DEB
1 42418U 00055TN  18186.05266221  .00000466  00000-0  27062-3 0  9993
2 42418  98.8422 258.7755 0012658 211.9774 148.0631 14.13558950119854
NOAA 16 DEB
1 42418U 00055TN  18191.14902743  .00000509  00000-0  29310-3 0  9991
2 42418  98.8423 263.8141 0013289 198.2822 161.7874 14.13564636120573
NOAA 16 DEB
1 42418U 00055TN  18192.13998529 +.00000504 +00000-0 +29071-3 0  9997
2 42418 098.8423 264.7939 0013401 195.7078 164.3680 14.13565600120711
NOAA 16 DEB
1 42418U 00055TN  18195.39597997  .00000639  00000-0  36210-3 0  9994
2 42418  98.8423 268.0131 0013781 187.3390 172.7583 14.13570996121177
NOAA 16 DEB
1 42418U 00055TN  18196.03302198 +.00000501 +00000-0 +28912-3 0  9991
2 42418 098.8421 268.6429 0013931 186.0958 174.0047 14.13570882121268
NOAA 16 DEB
1 42418U 00055TN  18197.44867011  .00000415  00000-0  24317-3 0  9996
2 42418  98.8422 270.0424 0014086 182.6729 177.4370 14.13571888121466
NOAA 16 DEB
1 42418U 00055TN  18197.66101715 +.00000415 +00000-0 +24314-3 0  9999
2 42418 098.8423 270.2524 0014105 182.2181 177.8931 14.13572139121490
NOAA 16 DEB
1 42418U 00055TN  18198.43962767 -.00000183 +00000-0 -73857-4 0  9998
2 42418 098.8432 271.0226 0014405 181.7721 178.3403 14.13567694121608
NOAA 16 DEB
1 42418U 00055TN  18198.43962767 -.00000183  00000-0 -73857-4 0  9998
2 42418  98.8432 271.0226 0014405 181.7721 178.3403 14.13567694121608
NOAA 16 DEB
1 42418U 00055TN  18199.43057997 +.00000514 +00000-0 +29607-3 0  9998
2 42418 098.8424 272.0021 0014161 177.2396 182.8857 14.13573763121742
NOAA 16 DEB
1 42418U 00055TN  18199.71370888  .00000522  00000-0  29991-3 0  9991
2 42418  98.8422 272.2817 0014242 176.4279 183.6997 14.13574141121785
NOAA 16 DEB
1 42418U 00055TN  18200.42153139 +.00000511 +00000-0 +29442-3 0  9999
2 42418 098.8423 272.9814 0014276 174.6047 185.5282 14.13574829121882
NOAA 16 DEB
1 42418U 00055TN  18200.98778913 +.00000484 +00000-0 +28006-3 0  9997
2 42418 098.8423 273.5413 0014325 173.2801 186.8566 14.13575232121969
NOAA 16 DEB
1 42418U 00055TN  18202.04952117  .00000515  00000-0  29650-3 0  9997
2 42418  98.8422 274.5910 0014413 170.7040 189.4402 14.13576635122110
NOAA 16 DEB
1 42418U 00055TN  18205.44705902 +.00000510 +00000-0 +29376-3 0  9992
2 42418 098.8425 277.9496 0014681 162.4307 197.7376 14.13580369122593
NOAA 16 DEB
1 42418U 00055TN  18206.65035174 +.00000472 +00000-0 +27349-3 0  9998
2 42418 098.8425 279.1394 0014756 159.5787 200.5978 14.13581393122764
NOAA 16 DEB
1 42418U 00055TN  18207.64129786 +.00000463 +00000-0 +26875-3 0  9994
2 42418 098.8424 280.1193 0014795 157.2849 202.8981 14.13582292122903
NOAA 16 DEB
1 42418U 00055TN  18207.99520714 +.00000448 +00000-0 +26062-3 0  9999
2 42418 098.8425 280.4692 0014805 156.4792 203.7060 14.13582482122955
NOAA 16 DEB
1 42418U 00055TN  18209.97709704  .00000447  00000-0  26033-3 0  9994
2 42418  98.8425 282.4287 0014894 151.8165 208.3816 14.13584270123237
NOAA 16 DEB
1 42418U 00055TN  18210.40178736 +.00000449 +00000-0 +26136-3 0  9995
2 42418 098.8425 282.8485 0014911 150.8297 209.3712 14.13584693123297
NOAA 16 DEB
1 42418U 00055TN  18211.46351278 +.00000432 +00000-0 +25236-3 0  9998
2 42418 098.8424 283.8983 0014949 148.3683 211.8391 14.13585596123443
NOAA 16 DEB
1 42418U 00055TN  18212.02976596  .00000430  00000-0  25132-3 0  9990
2 42418  98.8423 284.4583 0014953 147.0430 213.1678 14.13586148123522
NOAA 16 DEB
1 42418U 00055TN  18212.66680047 +.00000429 +00000-0 +25062-3 0  9993
2 42418 098.8423 285.0882 0014973 145.5503 214.6643 14.13586815123616
NOAA 16 DEB
1 42418U 00055TN  18213.44539774 +.00000437 +00000-0 +25499-3 0  9993
2 42418 098.8423 285.8578 0015001 143.7485 216.4707 14.13587644123722
NOAA 16 DEB
1 42418U 00055TN  18214.15321305  .00000446  00000-0  25979-3 0  9994
2 42418  98.8422 286.5576 0015006 142.0480 218.1753 14.13588429123822
NOAA 16 DEB
1 42418U 00055TN  18214.43633927 +.00000441 +00000-0 +25710-3 0  9999
2 42418 098.8422 286.8376 0015007 141.3458 218.8792 14.13588623123861
NOAA 16 DEB
1 42418U 00055TN  18215.42727998 +.00000430 +00000-0 +25090-3 0  9990
2 42418 098.8420 287.8175 0015025 139.0140 221.2164 14.13589495124005
NOAA 16 DEB
1 42418U 00055TN  18216.41822006  .00000432  00000-0  25233-3 0  9997
2 42418  98.8420 288.7971 0015030 136.6671 223.5686 14.13590398124140
NOAA 16 DEB
1 42418U 00055TN  18220.02806760  .00000406  00000-0  23860-3 0  9993
2 42418  98.8419 292.3660 0015002 128.2587 231.9938 14.13593586124657
NOAA 16 DEB
1 42418U 00055TN  18222.43462766  .00000422  00000-0  24672-3 0  9994
2 42418  98.8419 294.7452 0014946 122.5667 237.6951 14.13595880124998
NOAA 16 DEB
1 42418U 00055TN  18223.00087646 +.00000430 +00000-0 +25102-3 0  9996
2 42418 098.8419 295.3049 0014928 121.2297 239.0340 14.13596413125073
NOAA 16 DEB
1 42418U 00055TN  18224.41649769 +.00000435 +00000-0 +25374-3 0  9998
2 42418 098.8418 296.7044 0014872 117.7784 242.4898 14.13597610125279
NOAA 16 DEB
1 42418U 00055TN  18225.40743167 +.00000430 +00000-0 +25135-3 0  9995
2 42418 098.8418 297.6841 0014821 115.3853 244.8856 14.13598443125410
NOAA 16 DEB
1 42418U 00055TN  18227.03539342  .00000398  00000-0  23406-3 0  9996
2 42418  98.8418 299.2936 0014725 111.4916 248.7828 14.13599684125648
NOAA 16 DEB
1 42418U 00055TN  18228.66335263 +.00000433 +00000-0 +25253-3 0  9994
2 42418 098.8417 300.9029 0014632 107.5849 252.6923 14.13601571125872
NOAA 16 DEB
1 42418U 00055TN  18229.01725663 +.00000431 +00000-0 +25171-3 0  9998
2 42418 098.8417 301.2528 0014606 106.7046 253.5730 14.13601886125922
NOAA 16 DEB
1 42418U 00055TN  18230.00818696  .00000450  00000-0  26162-3 0  9990
2 42418  98.8417 302.2324 0014542 104.2917 255.9871 14.13603025126061
NOAA 16 DEB
1 42418U 00055TN  18230.43287115 +.00000468 +00000-0 +27122-3 0  9999
2 42418 098.8417 302.6522 0014511 103.2501 257.0291 14.13603564126123
NOAA 16 DEB
1 42418U 00055TN  18231.42380051 +.00000466 +00000-0 +27005-3 0  9990
2 42418 098.8416 303.6320 0014436 100.8231 259.4567 14.13604496126260
NOAA 16 DEB
1 42418U 00055TN  18232.06082606  .00000463  00000-0  26837-3 0  9995
2 42418  98.8413 304.2619 0014392  99.2589 261.0212 14.13605111126354
NOAA 16 DEB
1 42418U 00055TN  18232.41472898 +.00000479 +00000-0 +27710-3 0  9998
2 42418 098.8414 304.6117 0014365 098.3922 261.8880 14.13605558126403
NOAA 16 DEB
1 42418U 00055TN  18232.98097353 +.00000466 +00000-0 +26998-3 0  9992
2 42418 098.8413 305.1715 0014316 097.0146 263.2655 14.13606040126483
NOAA 16 DEB
1 42418U 00055TN  18234.04268138 +.00000456 +00000-0 +26492-3 0  9990
2 42418 098.8414 306.2210 0014222 094.4211 265.8587 14.13607055126632
NOAA 16 DEB
1 42418U 00055TN  18235.03360797  .00000443  00000-0  25817-3 0  9990
2 42418  98.8414 307.2006 0014131  91.9745 268.3046 14.13608005126778
NOAA 16 DEB
1 42418U 00055TN  18235.45829039 +.00000459 +00000-0 +26656-3 0  9994
2 42418 098.8414 307.6204 0014089 090.9171 269.3616 14.13608579126833
NOAA 16 DEB
1 42418U 00055TN  18236.16609444 +.00000443 +00000-0 +25779-3 0  9997
2 42418 098.8414 308.3201 0014012 089.1502 271.1276 14.13609211126930
NOAA 16 DEB
1 42418U 00055TN  18237.44014069  .00000450  00000-0  26189-3 0  9996
2 42418  98.8414 309.5797 0013886  85.9480 274.3279 14.13610525127119
NOAA 16 DEB
1 42418U 00055TN  18238.43106454 +.00000478 +00000-0 +27649-3 0  9998
2 42418 098.8412 310.5593 0013788 083.4093 276.8649 14.13611666127257
NOAA 16 DEB
1 42418U 00055TN  18238.99730579 +.00000572 +00000-0 +32609-3 0  9997
2 42418 098.8412 311.1190 0013731 081.9598 278.3131 14.13612896127336
NOAA 16 DEB
1 42418U 00055TN  18239.98822792  .00000566  00000-0  32302-3 0  9999
2 42418  98.8411 312.0986 0013619  79.4284 280.8422 14.13613969127475
NOAA 16 DEB
1 42418U 00055TN  18241.04992904 +.00000609 +00000-0 +34598-3 0  9999
2 42418 098.8409 313.1481 0013493 076.6679 283.5997 14.13615496127622
NOAA 16 DEB
1 42418U 00055TN  18242.39474931  .00000532  00000-0  30494-3 0  9999
2 42418  98.8409 314.4774 0013352  73.1203 287.1433 14.13616756127816
NOAA 16 DEB
1 42418U 00055TN  18243.45644814 +.00000511 +00000-0 +29405-3 0  9993
2 42418 098.8408 315.5269 0013218 070.3218 289.9380 14.13618057127965
NOAA 16 DEB
1 42418U 00055TN  18245.01360500  .00000464  00000-0  26926-3 0  9996
2 42418  98.8407 317.0661 0013030  66.1223 294.1313 14.13619688128188
NOAA 16 DEB
1 42418U 00055TN  18245.43828383 +.00000461 +00000-0 +26757-3 0  9999
2 42418 098.8407 317.4859 0012981 064.9703 295.2816 14.13620134128249
NOAA 16 DEB
1 42418U 00055TN  18246.64153978 +.00000457 +00000-0 +26520-3 0  9997
2 42418 098.8407 318.6753 0012840 061.6521 298.5944 14.13621328128414
NOAA 16 DEB
1 42418U 00055TN  18247.13699788  .00000462  00000-0  26793-3 0  9994
2 42418  98.8406 319.1650 0012795  60.1996 300.0447 14.13621796128487
NOAA 16 DEB
1 42418U 00055TN  18249.40194690  .00000461  00000-0  26756-3 0  9996
2 42418  98.8406 321.4039 0012513  53.8601 306.3727 14.13623832128803
NOAA 16 DEB
1 42418U 00055TN  18251.45455350  .00000481  00000-0  27810-3 0  9991
2 42418  98.8405 323.4328 0012261  47.9682 312.2532 14.13626017129098
NOAA 16 DEB
1 42418U 00055TN  18252.44546600 +.00000474 +00000-0 +27450-3 0  9992
2 42418 098.8405 324.4122 0012142 045.0729 315.1427 14.13626976129235
NOAA 16 DEB
1 42418U 00055TN  18253.43637767 +.00000480 +00000-0 +27769-3 0  9997
2 42418 098.8404 325.3917 0012029 042.1444 318.0652 14.13628009129378
NOAA 16 DEB
1 42418U 00055TN  18254.14417123  .00000487  00000-0  28102-3 0  9997
2 42418  98.8403 326.0913 0011949  40.0026 320.2025 14.13628755129472
NOAA 16 DEB
1 42418U 00055TN  18255.41819849 +.00000511 +00000-0 +29420-3 0  9991
2 42418 098.8402 327.3506 0011818 036.1643 324.0326 14.13630190129651
NOAA 16 DEB
1 42418U 00055TN  18256.40910763  .00000522  00000-0  29965-3 0  9994
2 42418  98.8401 328.3301 0011697  33.1217 327.0686 14.13631299129791
NOAA 16 DEB
1 42418U 00055TN  18257.40001583 +.00000554 +00000-0 +31662-3 0  9998
2 42418 098.8400 329.3095 0011591 030.0680 330.1155 14.13632628129933
NOAA 16 DEB
1 42418U 00055TN  18258.46170240  .00000545  00000-0  31213-3 0  9994
2 42418  98.8399 330.3589 0011474  26.7580 333.4182 14.13633844130086
NOAA 16 DEB
1 42418U 00055TN  18259.02793494 +.00000519 +00000-0 +29832-3 0  9994
2 42418 098.8399 330.9185 0011410 024.9453 335.2269 14.13634360130162
NOAA 16 DEB
1 42418U 00055TN  18259.66494603 +.00000525 +00000-0 +30129-3 0  9992
2 42418 098.8399 331.5482 0011345 022.9402 337.2276 14.13635217130250
NOAA 16 DEB
1 42418U 00055TN  18260.44351479 +.00000517 +00000-0 +29704-3 0  9991
2 42418 098.8398 332.3177 0011271 020.4637 339.6985 14.13636089130363
NOAA 16 DEB
1 42418U 00055TN  18260.65585161  .00000516  00000-0  29681-3 0  9994
2 42418  98.8398 332.5276 0011249  19.7779 340.3828 14.13636361130399
NOAA 16 DEB
1 42418U 00055TN  18261.43441978 +.00000507 +00000-0 +29187-3 0  9999
2 42418 098.8398 333.2971 0011181 017.2536 342.9015 14.13637168130503
NOAA 16 DEB
1 42418U 00055TN  18262.42532401 +.00000514 +00000-0 +29547-3 0  9999
2 42418 098.8398 334.2765 0011096 014.0342 346.1137 14.13638268130648
NOAA 16 DEB
1 42418U 00055TN  18262.99155465  .00000516  00000-0  29681-3 0  9993
2 42418  98.8398 334.8362 0011052  12.1536 347.9901 14.13638867130725
NOAA 16 DEB
1 42418U 00055TN  18263.41622754 +.00000517 +00000-0 +29730-3 0  9997
2 42418 098.8398 335.2560 0011020 010.7802 349.3605 14.13639302130783
NOAA 16 DEB
1 42418U 00055TN  18265.39803244 +.00000526 +00000-0 +30186-3 0  9998
2 42418 098.8398 337.2148 0010879 004.1356 355.9905 14.13641428131069
NOAA 16 DEB
1 42418U 00055TN  18266.45971237 +.00000561 +00000-0 +32073-3 0  9990
2 42418 098.8398 338.2642 0010808 000.5489 359.5694 14.13642796131219
NOAA 16 DEB
1 42418U 00055TN  18267.45061274 +.00000562 +00000-0 +32090-3 0  9992
2 42418 098.8397 339.2436 0010750 357.1931 002.9179 14.13643954131358
NOAA 16 DEB
1 42418U 00055TN  18268.15839834 +.00000555 +00000-0 +31722-3 0  9998
2 42418 098.8397 339.9431 0010719 354.7293 005.3765 14.13644713131452
NOAA 16 DEB
1 42418U 00055TN  18269.43241106 +.00000569 +00000-0 +32462-3 0  9996
2 42418 098.8396 341.2023 0010664 350.3681 009.7285 14.13646288131630
NOAA 16 DEB
1 42418U 00055TN  18270.42330898  .00000576  00000-0  32846-3 0  9998
2 42418  98.8395 342.1817 0010645 346.9825  13.1071 14.13647468131778
NOAA 16 DEB
1 42418U 00055TN  18271.98043249 +.00000575 +00000-0 +32774-3 0  9990
2 42418 098.8394 343.7208 0010611 341.5752 018.5035 14.13649307131998
NOAA 16 DEB
1 42418U 00055TN  18273.46677592  .00000553  00000-0  31632-3 0  9997
2 42418  98.8392 345.1898 0010586 336.3970  23.6716 14.13650996132206
NOAA 16 DEB
1 42418U 00055TN  18274.45767047 +.00000550 +00000-0 +31472-3 0  9991
2 42418 098.8390 346.1688 0010557 332.9150 027.1471 14.13652211132346
NOAA 16 DEB
1 42418U 00055TN  18275.44856426 +.00000551 +00000-0 +31539-3 0  9996
2 42418 098.8389 347.1481 0010561 329.4836 030.5721 14.13653453132483
NOAA 16 DEB
1 42418U 00055TN  18275.66089851  .00000554  00000-0  31651-3 0  9998
2 42418  98.8389 347.3580 0010563 328.7666  31.2878 14.13653754132519
NOAA 16 DEB
1 42418U 00055TN  18276.43945733 +.00000548 +00000-0 +31335-3 0  9996
2 42418 098.8389 348.1274 0010569 326.0974 033.9522 14.13654622132629
NOAA 16 DEB
1 42418U 00055TN  18276.65179141 +.00000552 +00000-0 +31580-3 0  9999
2 42418 098.8389 348.3372 0010569 325.3963 034.6521 14.13654928132659
NOAA 16 DEB
1 42418U 00055TN  18277.43034962 +.00000554 +00000-0 +31650-3 0  9997
2 42418 098.8388 349.1068 0010594 322.7748 037.2689 14.13655799132762
NOAA 16 DEB
1 42418U 00055TN  18278.42124118  .00000560  00000-0  31976-3 0  9998
2 42418  98.8388 350.0861 0010625 319.3855  40.6524 14.13656921132900
NOAA 16 DEB
1 42418U 00055TN  18279.41213205 +.00000576 +00000-0 +32830-3 0  9991
2 42418 098.8387 351.0653 0010658 315.9832 044.0491 14.13658073133049
NOAA 16 DEB
1 42418U 00055TN  18279.97835499 +.00000585 +00000-0 +33329-3 0  9991
2 42418 098.8387 351.6249 0010678 314.0552 045.9741 14.13658762133129
NOAA 16 DEB
1 42418U 00055TN  18281.46468889  .00000634  00000-0  35905-3 0  9990
2 42418  98.8386 353.0937 0010735 308.9505  51.0710 14.13660825133332
NOAA 16 DEB
1 42418U 00055TN  18282.45557714 +.00000625 +00000-0 +35422-3 0  9990
2 42418 098.8385 354.0729 0010788 305.5767 054.4399 14.13662032133479
NOAA 16 DEB
1 42418U 00055TN  18283.44646425 +.00000654 +00000-0 +36973-3 0  9992
2 42418 098.8384 355.0522 0010848 302.2528 057.7592 14.13663563133613
NOAA 16 DEB
1 42418U 00055TN  18284.43735046  .00000667  00000-0  37664-3 0  9992
2 42418  98.8383 356.0314 0010911 299.0062  61.0016 14.13665023133756
NOAA 16 DEB
1 42418U 00055TN  18284.64968315 +.00000653 +00000-0 +36912-3 0  9992
2 42418 098.8383 356.2413 0010928 298.2935 061.7134 14.13665242133780
NOAA 16 DEB
1 42418U 00055TN  18285.99445547 +.00000663 +00000-0 +37460-3 0  9998
2 42418 098.8381 357.5702 0011020 293.8982 066.1036 14.13667163133975
NOAA 16 DEB
1 42418U 00055TN  18289.03788081  .00000662  00000-0  37388-3 0  9998
2 42418  98.8378   0.5778 0011287 284.0368  75.9550 14.13671622134407
NOAA 16 DEB
1 42418U 00055TN  18290.02876182 +.00000636 +00000-0 +36015-3 0  9996
2 42418 098.8378 001.5570 0011388 280.8943 079.0948 14.13672901134545
NOAA 16 DEB
1 42418U 00055TN  18291.16119608  .00000635  00000-0  35948-3 0  9998
2 42418  98.8378   2.6761 0011497 277.3618  82.6248 14.13674536134707
NOAA 16 DEB
1 42418U 00055TN  18292.43518349 +.00000636 +00000-0 +35975-3 0  9995
2 42418 098.8378 003.9351 0011605 273.4716 086.5129 14.13676244134881
NOAA 16 DEB
1 42418U 00055TN  18293.42606171  .00000620  00000-0  35170-3 0  9996
2 42418  98.8378   4.9142 0011705 270.4332  89.5499 14.13677381135025
NOAA 16 DEB
1 42418U 00055TN  18294.41693917 +.00000612 +00000-0 +34702-3 0  9991
2 42418 098.8377 005.8934 0011805 267.4507 092.5314 14.13678508135161
NOAA 16 DEB
1 42418U 00055TN  18295.05393144 +.00000605 +00000-0 +34356-3 0  9998
2 42418 098.8377 006.5228 0011880 265.5399 094.4417 14.13679208135259
NOAA 16 DEB
1 42418U 00055TN  18296.39869171  .00000624  00000-0  35379-3 0  9991
2 42418  98.8376   7.8517 0012028 261.5328  98.4481 14.13680964135443
NOAA 16 DEB
1 42418U 00055TN  18297.38956674 +.00000629 +00000-0 +35611-3 0  9990
2 42418 098.8374 008.8309 0012140 258.5805 101.4004 14.13682251135584
NOAA 16 DEB
1 42418U 00055TN  18298.45121765 +.00000628 +00000-0 +35583-3 0  9991
2 42418 098.8373 009.8800 0012256 255.4821 104.4992 14.13683642135733
NOAA 16 DEB
1 42418U 00055TN  18299.44209099  .00000621  00000-0  35216-3 0  9994
2 42418  98.8372  10.8591 0012368 252.6654 107.3165 14.13684899135872
NOAA 16 DEB
1 42418U 00055TN  18300.00830395 +.00000620 +00000-0 +35140-3 0  9993
2 42418 098.8372 011.4186 0012433 251.0580 108.9245 14.13685616135956
NOAA 16 DEB
1 42418U 00055TN  18301.42383508 +.00000617 +00000-0 +34989-3 0  9995
2 42418 098.8371 012.8174 0012582 247.0866 112.8978 14.13687410136158
NOAA 16 DEB
1 42418U 00055TN  18301.99004714  .00000607  00000-0  34464-3 0  9993
2 42418  98.8370  13.3769 0012649 245.5142 114.4712 14.13688034136233
NOAA 16 DEB
1 42418U 00055TN  18303.05169390 +.00000603 +00000-0 +34222-3 0  9992
2 42418 098.8369 014.4260 0012769 242.5711 117.4163 14.13689347136388
NOAA 16 DEB
1 42418U 00055TN  18304.46722184  .00000566  00000-0  32287-3 0  9991
2 42418  98.8369  15.8247 0012923 238.6899 121.3009 14.13690883136585
NOAA 16 DEB
1 42418U 00055TN  18305.38731412 +.00000555 +00000-0 +31704-3 0  9998
2 42418 098.8369 016.7339 0013026 236.1973 123.7960 14.13691971136714
NOAA 16 DEB
1 42418U 00055TN  18306.44895831 +.00000547 +00000-0 +31247-3 0  9995
2 42418 098.8368 017.7829 0013140 233.3457 126.6508 14.13693219136864
NOAA 16 DEB
1 42418U 00055TN  18307.43982525  .00000564  00000-0  32175-3 0  9992
2 42418  98.8368  18.7620 0013231 230.6707 129.3293 14.13694550137000
NOAA 16 DEB
1 42418U 00055TN  18308.14758698 +.00000565 +00000-0 +32203-3 0  9996
2 42418 098.8368 019.4614 0013302 228.8383 131.1643 14.13695378137109
NOAA 16 DEB
1 42418U 00055TN  18309.42155695 +.00000588 +00000-0 +33433-3 0  9997
2 42418 098.8367 020.7202 0013420 225.4697 134.5380 14.13696978137289
NOAA 16 DEB
1 42418U 00055TN  18309.98776526  .00000609  00000-0  34537-3 0  9990
2 42418  98.8367  21.2796 0013470 223.9939 136.0162 14.13697787137363
NOAA 16 DEB
1 42418U 00055TN  18311.40328482 +.00000629 +00000-0 +35614-3 0  9993
2 42418 098.8366 022.6784 0013602 220.3338 139.6827 14.13699736137560
NOAA 16 DEB
1 42418U 00055TN  18311.68638852 +.00000624 +00000-0 +35332-3 0  9990
2 42418 098.8365 022.9579 0013643 219.4887 140.5292 14.13700093137608
NOAA 16 DEB
1 42418U 00055TN  18312.04026806  .00000623  00000-0  35290-3 0  9993
2 42418  98.8365  23.3076 0013676 218.5870 141.4326 14.13700554137658
NOAA 16 DEB
1 42418U 00055TN  18312.39414723 +.00000651 +00000-0 +36759-3 0  9992
2 42418 098.8364 023.6572 0013702 217.6632 142.3583 14.13701273137707
NOAA 16 DEB
1 42418U 00055TN  18314.44664522 +.00000629 +00000-0 +35570-3 0  9999
2 42418 098.8362 025.6852 0013871 212.4408 147.5913 14.13704160137992
NOAA 16 DEB
1 42418U 00055TN  18316.42836312 +.00000645 +00000-0 +36431-3 0  9992
2 42418 098.8360 027.6433 0014004 207.4236 152.6199 14.13707194138274
NOAA 16 DEB
1 42418U 00055TN  18320.46256382  .00000615  00000-0  34859-3 0  9993
2 42418  98.8358  31.6293 0014269 197.4400 162.6284 14.13712540138844
NOAA 16 DEB
1 42418U 00055TN  18321.45341817 +.00000583 +00000-0 +33148-3 0  9995
2 42418 098.8359 032.6083 0014320 194.9856 165.0894 14.13713646138985
NOAA 16 DEB
1 42418U 00055TN  18322.65659725 +.00000584 +00000-0 +33204-3 0  9992
2 42418 098.8359 033.7972 0014373 192.0417 168.0414 14.13715200139153
NOAA 16 DEB
1 42418U 00055TN  18323.43512425 +.00000598 +00000-0 +33953-3 0  9990
2 42418 098.8359 034.5663 0014404 190.1197 169.9687 14.13716204139267
NOAA 16 DEB
1 42418U 00055TN  18324.42597603 +.00000611 +00000-0 +34652-3 0  9994
2 42418 098.8359 035.5453 0014431 187.7086 172.3866 14.13717448139408
NOAA 16 DEB
1 42418U 00055TN  18324.99217659  .00000620  00000-0  35086-3 0  9998
2 42418  98.8358  36.1047 0014452 186.3145 173.7848 14.13718165139487
NOAA 16 DEB
1 42418U 00055TN  18325.41682689 +.00000611 +00000-0 +34604-3 0  9990
2 42418 098.8358 036.5243 0014464 185.2686 174.8337 14.13718619139546
NOAA 16 DEB
1 42418U 00055TN  18328.03549987  .00000601  00000-0  34113-3 0  9998
2 42418  98.8356  39.1119 0014501 178.9894 181.1311 14.13721921139911
NOAA 16 DEB
1 42418U 00055TN  18329.02634754 +.00000593 +00000-0 +33649-3 0  9998
2 42418 098.8356 040.0908 0014512 176.5619 183.5655 14.13723204140059
NOAA 16 DEB
1 42418U 00055TN  18329.66332031 +.00000594 +00000-0 +33724-3 0  9996
2 42418 098.8355 040.7202 0014525 175.0074 185.1246 14.13724157140147
NOAA 16 DEB
1 42418U 00055TN  18330.01719380 +.00000601 +00000-0 +34082-3 0  9990
2 42418 098.8354 041.0697 0014529 174.2098 185.9245 14.13724694140197
NOAA 16 DEB
1 42418U 00055TN  18330.65416627  .00000575  00000-0  32693-3 0  9994
2 42418  98.8354  41.6990 0014536 172.6511 187.4877 14.13725391140282
NOAA 16 DEB
1 42418U 00055TN  18331.43268780 +.00000550 +00000-0 +31369-3 0  9998
2 42418 098.8354 042.4681 0014536 170.7160 189.4284 14.13726174140393
NOAA 16 DEB
1 42418U 00055TN  18332.42353232 +.00000549 +00000-0 +31363-3 0  9997
2 42418 098.8352 043.4472 0014539 168.2347 191.9168 14.13727400140530
NOAA 16 DEB
1 42418U 00055TN  18336.17458010  .00000536  00000-0  30625-3 0  9999
2 42418  98.8351  47.1532 0014494 159.1560 201.0206 14.13731586141068
NOAA 16 DEB
1 42418U 00055TN  18336.67000027 +.00000539 +00000-0 +30798-3 0  9999
2 42418 098.8351 047.6427 0014492 157.9499 202.2300 14.13732296141136
NOAA 16 DEB
1 42418U 00055TN  18337.16542074 +.00000511 +00000-0 +29316-3 0  9991
2 42418 098.8350 048.1321 0014480 156.7257 203.4574 14.13732665141204
NOAA 16 DEB
1 42418U 00055TN  18338.15626060 +.00000526 +00000-0 +30103-3 0  9991
2 42418 098.8350 049.1110 0014459 154.2918 205.8976 14.13733943141341
NOAA 16 DEB
1 42418U 00055TN  18339.43019621  .00000548  00000-0  31265-3 0  9996
2 42418  98.8350  50.3697 0014404 151.2159 208.9811 14.13735564141522
NOAA 16 DEB
1 42418U 00055TN  18340.42103403 +.00000562 +00000-0 +32036-3 0  9992
2 42418 098.8350 051.3485 0014366 148.6480 211.5552 14.13736809141662
NOAA 16 DEB
1 42418U 00055TN  18340.98722673 +.00000559 +00000-0 +31850-3 0  9998
2 42418 098.8350 051.9079 0014335 147.2686 212.9377 14.13737432141748
NOAA 16 DEB
1 42418U 00055TN  18342.04883703  .00000560  00000-0  31890-3 0  9995
2 42418  98.8346  52.9566 0014317 144.6733 215.5391 14.13738741141894
NOAA 16 DEB
1 42418U 00055TN  18343.46431584 +.00000560 +00000-0 +31908-3 0  9998
2 42418 098.8345 054.3550 0014246 141.1849 219.0349 14.13740580142092
NOAA 16 DEB
1 42418U 00055TN  18344.17205458  .00000539  00000-0  30815-3 0  9998
2 42418  98.8344  55.0542 0014209 139.4362 220.7872 14.13741404142196
NOAA 16 DEB
1 42418U 00055TN  18344.45514958 +.00000594 +00000-0 +33692-3 0  9994
2 42418 098.8343 055.3338 0014209 138.7129 221.5121 14.13742174142230
NOAA 16 DEB
1 42418U 00055TN  18345.44598253 +.00000581 +00000-0 +33016-3 0  9990
2 42418 098.8343 056.3127 0014153 136.2321 223.9976 14.13743460142370
NOAA 16 DEB
1 42418U 00055TN  18346.15371969 +.00000577 +00000-0 +32795-3 0  9990
2 42418 098.8342 057.0120 0014102 134.4635 225.7694 14.13744410142476
NOAA 16 DEB
1 42418U 00055TN  18347.14455086  .00000577  00000-0  32821-3 0  9993
2 42418  98.8342  57.9908 0014034 131.9194 228.3177 14.13745749142612
NOAA 16 DEB
1 42418U 00055TN  18347.42764540 +.00000569 +00000-0 +32405-3 0  9991
2 42418 098.8342 058.2705 0014022 131.1784 229.0600 14.13746051142655
NOAA 16 DEB
1 42418U 00055TN  18348.41847552 +.00000563 +00000-0 +32065-3 0  9992
2 42418 098.8341 059.2494 0013956 128.7057 231.5366 14.13747236142798
NOAA 16 DEB
1 42418U 00055TN  18350.04626605  .00000533  00000-0  30470-3 0  9993
2 42418  98.8341  60.8575 0013828 124.5923 235.6556 14.13749020143026
NOAA 16 DEB
1 42418U 00055TN  18351.46173445 +.00000507 +00000-0 +29123-3 0  9993
2 42418 098.8341 062.2559 0013713 120.9803 239.2719 14.13750517143220
NOAA 16 DEB
1 42418U 00055TN  18352.45256127  .00000508  00000-0  29183-3 0  9999
2 42418  98.8341  63.2347 0013630 118.4183 241.8365 14.13751676143365
NOAA 16 DEB
1 42418U 00055TN  18354.43421220 +.00000537 +00000-0 +30678-3 0  9990
2 42418 098.8340 065.1924 0013479 113.2169 247.0424 14.13754120143646
NOAA 16 DEB
1 42418U 00055TN  18354.64653176  .00000537  00000-0  30694-3 0  9998
2 42418  98.8339  65.4022 0013457 112.6691 247.5906 14.13754360143674
NOAA 16 DEB
1 42418U 00055TN  18355.42503620 +.00000560 +00000-0 +31921-3 0  9993
2 42418 098.8337 066.1713 0013408 110.6978 249.5634 14.13755377143780
NOAA 16 DEB
1 42418U 00055TN  18357.05281676  .00000550  00000-0  31381-3 0  9997
2 42418  98.8335  67.7794 0013260 106.4595 253.8036 14.13757143144012
NOAA 16 DEB
1 42418U 00055TN  18359.03445973 +.00000512 +00000-0 +29367-3 0  9998
2 42418 098.8333 069.7370 0013069 101.1766 259.0876 14.13759247144298
NOAA 16 DEB
1 42418U 00055TN  18360.44991679  .00000497  00000-0  28570-3 0  9991
2 42418  98.8333  71.1353 0012927  97.3443 262.9199 14.13760877144490
NOAA 16 DEB
1 42418U 00055TN  18361.44073577 +.00000486 +00000-0 +27986-3 0  9998
2 42418 098.8332 072.1142 0012834 094.6311 265.6328 14.13761958144638
NOAA 16 DEB
1 42418U 00055TN  18362.00691770 +.00000481 +00000-0 +27730-3 0  9994
2 42418 098.8332 072.6735 0012774 093.0689 267.1945 14.13762542144716
NOAA 16 DEB
1 42418U 00055TN  18362.99773508  .00000515  00000-0  29507-3 0  9994
2 42418  98.8332  73.6522 0012662  90.3091 269.9533 14.13763854144859
NOAA 16 DEB
1 42418U 00055TN  18364.05932432 +.00000523 +00000-0 +29929-3 0  9993
2 42418 098.8329 074.7010 0012553 087.5030 272.7579 14.13765037145004
NOAA 16 DEB
1 42418U 00055TN  18364.97936757 +.00000524 +00000-0 +30014-3 0  9996
2 42418 098.8329 075.6098 0012459 084.9617 275.2978 14.13766062145131
NOAA 16 DEB
1 42418U 00055TN  19001.04095499  .00000524  00000-0  29992-3 0  9995
2 42418  98.8329  76.6585 0012340  82.0003 278.2570 14.13767291145282
NOAA 16 DEB
1 42418U 00055TN  19002.66872022 +.00000533 +00000-0 +30458-3 0  9998
2 42418 098.8328 078.2664 0012165 077.3322 282.9210 14.13769390145514
NOAA 16 DEB
1 42418U 00055TN  19003.44721628  .00000507  00000-0  29120-3 0  9995
2 42418  98.8327  79.0354 0012115  75.0819 285.1695 14.13770093145625
NOAA 16 DEB
1 42418U 00055TN  19004.01339470 +.00000489 +00000-0 +28146-3 0  9995
2 42418 098.8326 079.5947 0012060 073.4262 286.8234 14.13770650145705
NOAA 16 DEB
1 42418U 00055TN  19005.42883951 +.00000500 +00000-0 +28732-3 0  9994
2 42418 098.8325 080.9928 0011932 069.2389 291.0061 14.13772289145907
NOAA 16 DEB
1 42418U 00055TN  19005.99501688  .00000514  00000-0  29461-3 0  9995
2 42418  98.8324  81.5522 0011874  67.5289 292.7140 14.13772976145985
NOAA 16 DEB
1 42418U 00055TN  19006.41964994 +.00000505 +00000-0 +28983-3 0  9994
2 42418 098.8325 081.9715 0011849 066.2363 294.0051 14.13773354146040
NOAA 16 DEB
1 42418U 00055TN  19010.38288361  .00000491  00000-0  28252-3 0  9995
2 42418  98.8321  85.8863 0011464  54.2487 305.9750 14.13777594146600
NOAA 16 DEB
1 42418U 00055TN  19011.01983072 +.00000479 +00000-0 +27611-3 0  9991
2 42418 098.8320 086.5155 0011398 052.2491 307.9712 14.13778225146691
NOAA 16 DEB
1 42418U 00055TN  19013.00144180  .00000482  00000-0  27760-3 0  9990
2 42418  98.8319  88.4729 0011231  46.0867 314.1231 14.13780353146973
NOAA 16 DEB
1 42418U 00055TN  19013.42607257 +.00000462 +00000-0 +26739-3 0  9998
2 42418 098.8319 088.8923 0011206 044.8207 315.3869 14.13780622147036
NOAA 16 DEB
1 42418U 00055TN  19014.41687692 +.00000456 +00000-0 +26404-3 0  9991
2 42418 098.8319 089.8710 0011130 041.6658 318.5361 14.13781494147177
NOAA 16 DEB
1 42418U 00055TN  19014.98305054 +.00000445 +00000-0 +25834-3 0  9996
2 42418 098.8318 090.4303 0011076 039.8808 320.3176 14.13781938147254
NOAA 16 DEB
1 42418U 00055TN  19016.39848366  .00000433  00000-0  25183-3 0  9995
2 42418  98.8317  91.8284 0010956  35.3855 324.8042 14.13783179147457
NOAA 16 DEB
1 42418U 00055TN  19017.38928600 +.00000439 +00000-0 +25497-3 0  9999
2 42418 098.8316 092.8070 0010877 032.1876 327.9959 14.13784158147594
NOAA 16 DEB
1 42418U 00055TN  19018.45085917  .00000443  00000-0  25732-3 0  9990
2 42418  98.8315  93.8556 0010801  28.7326 331.4439 14.13785211147742
NOAA 16 DEB
1 42418U 00055TN  19019.44166009 +.00000448 +00000-0 +25995-3 0  9998
2 42418 098.8314 094.8342 0010740 025.5147 334.6554 14.13786197147885
NOAA 16 DEB
1 42418U 00055TN  19020.00783169 +.00000456 +00000-0 +26397-3 0  9990
2 42418 098.8313 095.3934 0010705 023.6364 336.5299 14.13786777147968
NOAA 16 DEB
1 42418U 00055TN  19020.99863148 +.00000457 +00000-0 +26469-3 0  9995
2 42418 098.8312 096.3721 0010650 020.3583 339.8012 14.13787702148103
NOAA 16 DEB
1 42418U 00055TN  19022.98022898 +.00000468 +00000-0 +27054-3 0  9998
2 42418 098.8309 098.3295 0010556 013.7418 346.4040 14.13789603148382
NOAA 16 DEB
1 42418U 00055TN  19024.39565434  .00000449  00000-0  26017-3 0  9990
2 42418  98.8308  99.7274 0010484   9.0025 351.1334 14.13790827148586
NOAA 16 DEB
1 42418U 00055TN  19025.45722200 +.00000480 +00000-0 +27683-3 0  9999
2 42418 098.8307 100.7759 0010438 005.4764 354.6521 14.13792180148732
NOAA 16 DEB
1 42418U 00055TN  19026.02339123 +.00000464 +00000-0 +26853-3 0  9991
2 42418 098.8307 101.3351 0010421 003.4988 356.6255 14.13792678148812
NOAA 16 DEB
1 42418U 00055TN  19027.01418659  .00000468  00000-0  27064-3 0  9992
2 42418  98.8306 102.3136 0010395   0.1372 359.9802 14.13793797148956
NOAA 16 DEB
1 42418U 00055TN  19027.43881305 +.00000457 +00000-0 +26465-3 0  9992
2 42418 098.8306 102.7330 0010381 358.7044 001.4100 14.13794167149019
NOAA 16 DEB
1 42418U 00055TN  19028.42960738 +.00000471 +00000-0 +27192-3 0  9994
2 42418 098.8305 103.7116 0010366 355.3127 004.7947 14.13795284149150
NOAA 16 DEB
1 42418U 00055TN  19029.42040111  .00000465  00000-0  26890-3 0  9996
2 42418  98.8304 104.6901 0010347 351.9515   8.1490 14.13796229149299
NOAA 16 DEB
1 42418U 00055TN  19031.40198651 +.00000482 +00000-0 +27778-3 0  9995
2 42418 098.8303 106.6470 0010316 345.1945 014.8924 14.13798290149576
NOAA 16 DEB
1 42418U 00055TN  19032.03892407  .00000489  00000-0  28132-3 0  9997
2 42418  98.8302 107.2761 0010318 342.9735  17.1090 14.13798979149663
NOAA 16 DEB
1 42418U 00055TN  19033.02971522 +.00000502 +00000-0 +28841-3 0  9996
2 42418 098.8301 108.2546 0010329 339.5464 020.5294 14.13800111149809
NOAA 16 DEB
1 42418U 00055TN  19034.44512975  .00000526  00000-0  30127-3 0  9992
2 42418  98.8299 109.6526 0010353 334.7070  25.3595 14.13801841150007
NOAA 16 DEB
1 42418U 00055TN  19036.00208394 +.00000530 +00000-0 +30326-3 0  9999
2 42418 098.8297 111.1902 0010397 329.3768 030.6797 14.13803588150220
NOAA 16 DEB
1 42418U 00055TN  19037.06364252  .00000528  00000-0  30209-3 0  9999
2 42418  98.8295 112.2386 0010433 325.7466  34.3032 14.13804744150376
NOAA 16 DEB
1 42418U 00055TN  19037.98365928 +.00000523 +00000-0 +29941-3 0  9997
2 42418 098.8294 113.1472 0010457 322.6305 037.4139 14.13805727150504
NOAA 16 DEB
1 42418U 00055TN  19039.04521615 +.00000539 +00000-0 +30807-3 0  9993
2 42418 098.8292 114.1956 0010504 319.0015 041.0367 14.13807053150655
NOAA 16 DEB
1 42418U 00055TN  19041.45140926  .00000493  00000-0  28364-3 0  9997
2 42418  98.8290 116.5719 0010616 310.8487  49.1765 14.13809505150994
NOAA 16 DEB
1 42418U 00055TN  19042.44219336 +.00000494 +00000-0 +28416-3 0  9998
2 42418 098.8290 117.5503 0010677 307.5378 052.4824 14.13810627151132
NOAA 16 DEB
1 42418U 00055TN  19043.43297678 +.00000502 +00000-0 +28839-3 0  9992
2 42418 098.8290 118.5287 0010745 304.2550 055.7605 14.13811735151273
NOAA 16 DEB
1 42418U 00055TN  19043.99913849  .00000494  00000-0  28435-3 0  9990
2 42418  98.8289 119.0878 0010787 302.3435  57.6693 14.13812249151358
NOAA 16 DEB
1 42418U 00055TN  19045.06069111 +.00000492 +00000-0 +28296-3 0  9997
2 42418 098.8287 120.1363 0010867 298.8823 061.1259 14.13813280151508
NOAA 16 DEB
1 42418U 00055TN  19048.45765389  .00000518  00000-0  29693-3 0  9994
2 42418  98.8283 123.4909 0011164 287.8316  72.1639 14.13817075151984
NOAA 16 DEB
1 42418U 00055TN  19050.01459235 +.00000529 +00000-0 +30275-3 0  9999
2 42418 098.8280 125.0284 0011302 282.7119 077.2790 14.13818899152209
NOAA 16 DEB
1 42418U 00055TN  19051.42998979  .00000513  00000-0  29417-3 0  9997
2 42418  98.8278 126.4261 0011423 278.3042  81.6835 14.13820288152402
NOAA 16 DEB
1 42418U 00055TN  19052.42076703 +.00000519 +00000-0 +29695-3 0  9994
2 42418 098.8276 127.4044 0011517 275.1567 084.8291 14.13821335152541
NOAA 16 DEB
1 42418U 00055TN  19053.41154373 +.00000509 +00000-0 +29188-3 0  9990
2 42418 098.8276 128.3827 0011614 272.3379 087.6464 14.13822300152689
NOAA 16 DEB
1 42418U 00055TN  19054.40231972  .00000501  00000-0  28788-3 0  9998
2 42418  98.8275 129.3610 0011719 269.3040  90.6790 14.13823295152822
NOAA 16 DEB
1 42418U 00055TN  19055.39309507 +.00000496 +00000-0 +28496-3 0  9996
2 42418 098.8274 130.3393 0011833 266.2717 093.7103 14.13824328152960
NOAA 16 DEB
1 42418U 00055TN  19057.16233506  .00000486  00000-0  27969-3 0  9991
2 42418  98.8273 132.0863 0012034 260.9820  98.9991 14.13826244153210
NOAA 16 DEB
1 42418U 00055TN  19058.43618695 +.00000479 +00000-0 +27610-3 0  9993
2 42418 098.8272 133.3442 0012165 257.2554 102.7259 14.13827455153399
NOAA 16 DEB
1 42418U 00055TN  19059.14388181 +.00000492 +00000-0 +28282-3 0  9997
2 42418 098.8271 134.0430 0012254 255.2582 104.7233 14.13828235153493
NOAA 16 DEB
1 42418U 00055TN  19060.06388455  .00000529  00000-0  30220-3 0  9990
2 42418  98.8271 134.9514 0012363 252.6298 107.3523 14.13829346153621
NOAA 16 DEB
1 42418U 00055TN  19060.98388696 +.00000520 +00000-0 +29788-3 0  9996
2 42418 098.8270 135.8598 0012467 249.9492 110.0339 14.13830158153755
NOAA 16 DEB
1 42418U 00055TN  19062.39927386  .00000533  00000-0  30475-3 0  9997
2 42418  98.8268 137.2573 0012630 245.9259 114.0592 14.13831748153953
NOAA 16 DEB
1 42418U 00055TN  19063.46081311 +.00000525 +00000-0 +30008-3 0  9998
2 42418 098.8267 138.3055 0012760 242.9047 117.0824 14.13832900154105
NOAA 16 DEB
1 42418U 00055TN  19064.45158224  .00000527  00000-0  30150-3 0  9996
2 42418  98.8265 139.2838 0012870 240.1403 119.8491 14.13834107154246
NOAA 16 DEB
1 42418U 00055TN  19065.37158142 +.00000533 +00000-0 +30452-3 0  9999
2 42418 098.8264 140.1922 0012976 237.5842 122.4076 14.13835258154375
NOAA 16 DEB
1 42418U 00055TN  19066.43311816 +.00000531 +00000-0 +30332-3 0  9991
2 42418 098.8263 141.2404 0013102 234.6657 125.3291 14.13836485154526
NOAA 16 DEB
1 42418U 00055TN  19066.99927064  .00000545  00000-0  31074-3 0  9999
2 42418  98.8262 141.7994 0013164 233.1503 126.8463 14.13837229154609
NOAA 16 DEB
1 42418U 00055TN  19067.42388500 +.00000536 +00000-0 +30592-3 0  9998
2 42418 098.8261 142.2186 0013204 231.9563 128.0419 14.13837641154663
NOAA 16 DEB
1 42418U 00055TN  19068.06080611 +.00000542 +00000-0 +30940-3 0  9995
2 42418 098.8260 142.8475 0013276 230.2425 129.7578 14.13838395154758
NOAA 16 DEB
1 42418U 00055TN  19068.98080291 +.00000536 +00000-0 +30575-3 0  9997
2 42418 098.8259 143.7558 0013384 227.6955 132.3084 14.13839353154887
NOAA 16 DEB
1 42418U 00055TN  19071.03310105  .00000518  00000-0  29653-3 0  9992
2 42418  98.8257 145.7820 0013631 222.1783 137.8342 14.13841642155177
NOAA 16 DEB
1 42418U 00055TN  19071.67002050 +.00000520 +00000-0 +29730-3 0  9998
2 42418 098.8257 146.4108 0013704 220.4880 139.5274 14.13842440155264
NOAA 16 DEB
1 42418U 00055TN  19072.44847727 +.00000524 +00000-0 +29937-3 0  9995
2 42418 098.8256 147.1794 0013784 218.4202 141.5990 14.13843354155370
NOAA 16 DEB
1 42418U 00055TN  19074.00538938  .00000521  00000-0  29815-3 0  9992
2 42418  98.8255 148.7165 0013952 214.3324 145.6948 14.13845115155594
NOAA 16 DEB
1 42418U 00055TN  19074.99615057 +.00000541 +00000-0 +30837-3 0  9996
2 42418 098.8253 149.6946 0014062 211.7279 148.3047 14.13846324155731
NOAA 16 DEB
1 42418U 00055TN  19075.98691110 +.00000545 +00000-0 +31037-3 0  9997
2 42418 098.8252 150.6727 0014166 209.1467 150.8916 14.13847420155870
NOAA 16 DEB
1 42418U 00055TN  19078.46380884 +.00000568 +00000-0 +32259-3 0  9998
2 42418 098.8249 153.1181 0014422 202.8064 157.2470 14.13850473156224
NOAA 16 DEB
1 42418U 00055TN  19080.16224995 +.00000574 +00000-0 +32581-3 0  9993
2 42418 098.8247 154.7947 0014601 198.4374 161.6271 14.13852697156466
NOAA 16 DEB
1 42418U 00055TN  19081.01146971  .00000562  00000-0  31957-3 0  9998
2 42418  98.8246 155.6331 0014681 196.3129 163.7573 14.13853668156585
NOAA 16 DEB
1 42418U 00055TN  19081.43607945 +.00000560 +00000-0 +31861-3 0  9999
2 42418 098.8245 156.0522 0014724 195.1860 164.8872 14.13854149156644
NOAA 16 DEB
1 42418U 00055TN  19082.42683468 +.00000547 +00000-0 +31133-3 0  9990
2 42418 098.8244 157.0302 0014803 192.7019 167.3783 14.13855257156782
NOAA 16 DEB
1 42418U 00055TN  19083.41758923  .00000543  00000-0  30949-3 0  9999
2 42418  98.8244 158.0082 0014871 190.2400 169.8472 14.13856354156927
NOAA 16 DEB
1 42418U 00055TN  19084.05450252 +.00000529 +00000-0 +30227-3 0  9997
2 42418 098.8243 158.6370 0014927 188.6963 171.3953 14.13856967157012
NOAA 16 DEB
1 42418U 00055TN  19084.97448750 +.00000562 +00000-0 +31944-3 0  9992
2 42418 098.8243 159.5451 0014995 186.4460 173.6522 14.13858256157149
NOAA 16 DEB
1 42418U 00055TN  19086.46061628  .00000529  00000-0  30180-3 0  9997
2 42418  98.8242 161.0121 0015112 182.8110 177.2980 14.13859760157356
NOAA 16 DEB
1 42418U 00055TN  19087.16829583 +.00000538 +00000-0 +30702-3 0  9997
2 42418 098.8240 161.7109 0015155 181.0815 179.0328 14.13860696157454
NOAA 16 DEB
1 42418U 00055TN  19088.44211834 +.00000525 +00000-0 +30014-3 0  9995
2 42418 098.8241 162.9682 0015223 177.9348 182.1890 14.13862086157639
NOAA 16 DEB
1 42418U 00055TN  19089.99901069  .00000523  00000-0  29903-3 0  9995
2 42418  98.8239 164.5051 0015315 174.1446 185.9909 14.13863774157855
NOAA 16 DEB
1 42418U 00055TN  19090.98975923 +.00000539 +00000-0 +30701-3 0  9991
2 42418 098.8239 165.4831 0015365 171.7772 188.3655 14.13864939157995
NOAA 16 DEB
1 42418U 00055TN  19090.98975923 +.00000539 +00000-0 +30701-3 0  9991
2 42418 098.8239 165.4831 0015365 171.7772 188.3655 14.13864939157995
NOAA 16 DEB
1 42418U 00055TN  19094.03276763  .00000549  00000-0  31245-3 0  9992
2 42418  98.8235 168.4869 0015521 164.5226 195.6425 14.13868522158420
NOAA 16 DEB
1 42418U 00055TN  19096.43886149  .00000570  00000-0  32348-3 0  9992
2 42418  98.8232 170.8620 0015602 158.5540 201.6290 14.13871714158763
NOAA 16 DEB
1 42418U 00055TN  19098.42034590 +.00000599 +00000-0 +33868-3 0  9997
2 42418 098.8230 172.8180 0015635 153.7845 206.4122 14.13874461159046
NOAA 16 DEB
1 42418U 00055TN  19099.05725099  .00000575  00000-0  32588-3 0  9990
2 42418  98.8229 173.4467 0015648 152.3490 207.8518 14.13875085159131
NOAA 16 DEB
1 42418U 00055TN  19101.03872939 +.00000655 +00000-0 +36826-3 0  9996
2 42418 098.8228 175.4026 0015669 147.6969 212.5166 14.13878492159412
NOAA 16 DEB
1 42418U 00055TN  19102.02946721  .00000645  00000-0  36272-3 0  9991
2 42418  98.8228 176.3806 0015665 145.3797 214.8398 14.13879939159552
NOAA 16 DEB
1 42418U 00055TN  19103.02020391 +.00000651 +00000-0 +36638-3 0  9991
2 42418 098.8227 177.3585 0015676 143.0278 217.1978 14.13881509159698
NOAA 16 DEB
1 42418U 00055TN  19104.01093959 +.00000639 +00000-0 +35967-3 0  9991
2 42418 098.8226 178.3364 0015679 140.6618 219.5697 14.13882937159833
NOAA 16 DEB
1 42418U 00055TN  19105.42627475  .00000617  00000-0  34824-3 0  9990
2 42418  98.8226 179.7335 0015637 137.2045 223.0348 14.13884788160039
NOAA 16 DEB
1 42418U 00055TN  19105.99240810 +.00000630 +00000-0 +35482-3 0  9992
2 42418 098.8225 180.2922 0015659 135.8243 224.4183 14.13885652160117
NOAA 16 DEB
1 42418U 00055TN  19107.40774036 +.00000614 +00000-0 +34652-3 0  9992
2 42418 098.8222 181.6892 0015649 132.4382 227.8117 14.13887443160317
NOAA 16 DEB
1 42418U 00055TN  19110.37993189  .00000597  00000-0  33747-3 0  9998
2 42418  98.8221 184.6229 0015565 125.3576 234.9054 14.13891334160735
NOAA 16 DEB
1 42418U 00055TN  19111.01682894 +.00000591 +00000-0 +33464-3 0  9998
2 42418 098.8220 185.2514 0015546 123.8870 236.3784 14.13892146160825
NOAA 16 DEB
1 42418U 00055TN  19112.14908959 +.00000581 +00000-0 +32899-3 0  9996
2 42418 098.8220 186.3690 0015498 121.0895 239.1800 14.13893519160987
NOAA 16 DEB
1 42418U 00055TN  19112.99828420  .00000581  00000-0  32899-3 0  9993
2 42418  98.8220 187.2072 0015457 119.0683 241.2040 14.13894545161103
NOAA 16 DEB
1 42418U 00055TN  19113.98901050 +.00000576 +00000-0 +32630-3 0  9991
2 42418 098.8219 188.1850 0015408 116.6906 243.5846 14.13895669161244
NOAA 16 DEB
1 42418U 00055TN  19114.97973586 +.00000575 +00000-0 +32586-3 0  9993
2 42418 098.8218 189.1629 0015349 114.3150 245.9628 14.13896840161389
NOAA 16 DEB
1 42418U 00055TN  19116.46582252  .00000540  00000-0  30729-3 0  9994
2 42418  98.8218 190.6295 0015266 110.7227 249.5584 14.13898398161592
NOAA 16 DEB
1 42418U 00055TN  19117.38577984 +.00000539 +00000-0 +30679-3 0  9994
2 42418 098.8218 191.5375 0015201 108.5443 251.7383 14.13899517161726
NOAA 16 DEB
1 42418U 00055TN  19118.37650228 +.00000534 +00000-0 +30435-3 0  9992
2 42418 098.8218 192.5153 0015138 106.1283 254.1557 14.13900702161860
NOAA 16 DEB
1 42418U 00055TN  19119.01339485  .00000522  00000-0  29789-3 0  9990
2 42418  98.8218 193.1439 0015074 104.6559 255.6286 14.13901359161956
NOAA 16 DEB
1 42418U 00055TN  19120.42871035 +.00000523 +00000-0 +29850-3 0  9999
2 42418 098.8218 194.5409 0014975 101.1690 259.1167 14.13902977162152
NOAA 16 DEB
1 42418U 00055TN  19121.70249262  .00000550  00000-0  31259-3 0  9998
2 42418  98.8217 195.7981 0014872  97.9811 262.3050 14.13904586162337
NOAA 16 DEB
1 42418U 00055TN  19122.41014914 +.00000528 +00000-0 +30100-3 0  9990
2 42418 098.8216 196.4964 0014812 096.2960 263.9900 14.13905165162432
NOAA 16 DEB
1 42418U 00055TN  19123.47163248 +.00000560 +00000-0 +31818-3 0  9995
2 42418 098.8216 197.5440 0014722 093.6690 266.6166 14.13906641162584
NOAA 16 DEB
1 42418U 00055TN  19124.03775658  .00000556  00000-0  31597-3 0  9991
2 42418  98.8215 198.1027 0014666  92.2879 267.9973 14.13907306162660
NOAA 16 DEB
1 42418U 00055TN  19125.45306532 +.00000569 +00000-0 +32260-3 0  9991
2 42418 098.8215 199.4996 0014525 088.7881 271.4956 14.13909214162869
NOAA 16 DEB
1 42418U 00055TN  19126.44378019  .00000569  00000-0  32295-3 0  9998
2 42418  98.8215 200.4775 0014429  86.2912 273.9911 14.13910552163000
NOAA 16 DEB
1 42418U 00055TN  19127.43449410 +.00000567 +00000-0 +32180-3 0  9993
2 42418 098.8215 201.4553 0014331 083.7784 276.5021 14.13911845163148
NOAA 16 DEB
1 42418U 00055TN  19129.06209353  .00000547  00000-0  31118-3 0  9992
2 42418  98.8213 203.0615 0014171  79.6142 280.6627 14.13913774163373
NOAA 16 DEB
1 42418U 00055TN  19129.41591910 +.00000557 +00000-0 +31631-3 0  9995
2 42418 098.8213 203.4108 0014143 078.6520 281.6241 14.13914283163427
NOAA 16 DEB
1 42418U 00055TN  19129.98203980 +.00000561 +00000-0 +31844-3 0  9995
2 42418 098.8213 203.9695 0014082 077.2127 283.0618 14.13915015163500
NOAA 16 DEB
1 42418U 00055TN  19131.04351537 +.00000558 +00000-0 +31679-3 0  9999
2 42418 098.8211 205.0173 0013956 074.5099 285.7614 14.13916333163654
NOAA 16 DEB
1 42418U 00055TN  19132.03422465  .00000603  00000-0  34054-3 0  9999
2 42418  98.8211 205.9951 0013839  71.9370 288.3309 14.13917943163793
NOAA 16 DEB
1 42418U 00055TN  19133.02493303 +.00000588 +00000-0 +33278-3 0  9997
2 42418 098.8211 206.9729 0013719 069.3616 290.9027 14.13919238163939
NOAA 16 DEB
1 42418U 00055TN  19134.44022854  .00000640  00000-0  36032-3 0  9993
2 42418  98.8211 208.3697 0013566  65.6049 294.6538 14.13921612164138
NOAA 16 DEB
1 42418U 00055TN  19135.43093394 +.00000686 +00000-0 +38416-3 0  9998
2 42418 098.8211 209.3475 0013458 062.9452 297.3093 14.13923349164271
NOAA 16 DEB
1 42418U 00055TN  19136.42163845 +.00000658 +00000-0 +36981-3 0  9991
2 42418 098.8211 210.3253 0013340 060.2375 300.0123 14.13924621164418
NOAA 16 DEB
1 42418U 00055TN  19136.98775482  .00000637  00000-0  35862-3 0  9992
2 42418  98.8210 210.8841 0013267  58.7149 301.5321 14.13925315164499
NOAA 16 DEB
1 42418U 00055TN  19137.41234180 +.00000674 +00000-0 +37796-3 0  9995
2 42418 098.8211 211.3031 0013220 057.5106 302.7342 14.13926154164551
NOAA 16 DEB
1 42418U 00055TN  19137.97845768 +.00000624 +00000-0 +35197-3 0  9994
2 42418 098.8210 211.8618 0013142 055.9762 304.2657 14.13926671164638
NOAA 16 DEB
1 42418U 00055TN  19140.03062514  .00000573  00000-0  32505-3 0  9998
2 42418  98.8211 213.8871 0012880  50.3284 309.9023 14.13929237164920
NOAA 16 DEB
1 42418U 00055TN  19141.44591048 +.00000573 +00000-0 +32479-3 0  9993
2 42418 098.8211 215.2840 0012694 046.3887 313.8337 14.13931202165129
NOAA 16 DEB
1 42418U 00055TN  19142.01202429 +.00000541 +00000-0 +30780-3 0  9997
2 42418 098.8211 215.8427 0012602 044.7828 315.4359 14.13931708165204
NOAA 16 DEB
1 42418U 00055TN  19143.14425104  .00000531  00000-0  30271-3 0  9993
2 42418  98.8210 216.9602 0012463  41.5398 318.6720 14.13932994165364
NOAA 16 DEB
1 42418U 00055TN  19143.42730756 +.00000530 +00000-0 +30225-3 0  9994
2 42418 098.8210 217.2396 0012430 040.7527 319.4574 14.13933305165405
NOAA 16 DEB
1 42418U 00055TN  19144.41800497 +.00000520 +00000-0 +29678-3 0  9993
2 42418 098.8210 218.2173 0012301 037.8440 322.3595 14.13934308165542
NOAA 16 DEB
1 42418U 00055TN  19144.98411733 +.00000522 +00000-0 +29814-3 0  9990
2 42418 098.8210 218.7760 0012228 036.1692 324.0305 14.13934944165621
NOAA 16 DEB
1 42418U 00055TN  19145.97481362  .00000501  00000-0  28713-3 0  9999
2 42418  98.8210 219.7538 0012096  33.2484 326.9446 14.13935861165766
NOAA 16 DEB
1 42418U 00055TN  19147.46085654 +.00000495 +00000-0 +28401-3 0  9995
2 42418 098.8211 221.2205 0011900 028.7916 331.3912 14.13937445165979
NOAA 16 DEB
1 42418U 00055TN  19148.02696768  .00000481  00000-0  27645-3 0  9996
2 42418  98.8210 221.7792 0011816  27.0983 333.0804 14.13937985166054
NOAA 16 DEB
1 42418U 00055TN  19148.66384235 +.00000488 +00000-0 +28000-3 0  9992
2 42418 098.8210 222.4077 0011754 025.2404 334.9341 14.13938775166141
NOAA 16 DEB
1 42418U 00055TN  19149.37148055 +.00000492 +00000-0 +28223-3 0  9991
2 42418 098.8210 223.1061 0011666 023.0894 337.0801 14.13939562166244
NOAA 16 DEB
1 42418U 00055TN  19150.14988198  .00000499  00000-0  28603-3 0  9997
2 42418  98.8210 223.8744 0011578  20.7025 339.4614 14.13940482166354
NOAA 16 DEB
1 42418U 00055TN  19150.43293681 +.00000523 +00000-0 +29835-3 0  9991
2 42418 098.8210 224.1537 0011541 019.8490 340.3130 14.13940947166397
NOAA 16 DEB
1 42418U 00055TN  19153.05119198  .00000510  00000-0  29199-3 0  9991
2 42418  98.8210 226.7377 0011221  11.6180 348.5250 14.13943742166768
NOAA 16 DEB
1 42418U 00055TN  19156.66012917 +.00000511 +00000-0 +29202-3 0  9998
2 42418 098.8210 230.2996 0010840 359.9986 000.1185 14.13948040167274
NOAA 16 DEB
1 42418U 00055TN  19157.43852595 +.00000520 +00000-0 +29691-3 0  9990
2 42418 098.8210 231.0679 0010777 357.3857 002.7257 14.13948990167383
NOAA 16 DEB
1 42418U 00055TN  19158.42921213  .00000517  00000-0  29523-3 0  9994
2 42418  98.8211 232.0457 0010698 354.0677   6.0367 14.13950091167525
NOAA 16 DEB
1 42418U 00055TN  19158.99531817 +.00000514 +00000-0 +29385-3 0  9996
2 42418 098.8211 232.6045 0010649 352.1446 007.9558 14.13950695167604
NOAA 16 DEB
1 42418U 00055TN  19160.05676664 +.00000479 +00000-0 +27550-3 0  9998
2 42418 098.8210 233.6521 0010559 348.5448 011.5483 14.13951580167752
NOAA 16 DEB
1 42418U 00055TN  19160.97668718  .00000540  00000-0  30740-3 0  9994
2 42418  98.8210 234.5600 0010480 345.3736  14.7132 14.13953069167882
NOAA 16 DEB
1 42418U 00055TN  19161.40126597 +.00000524 +00000-0 +29917-3 0  9993
2 42418 098.8210 234.9791 0010448 343.9200 016.1639 14.13953457167947
NOAA 16 DEB
1 42418U 00055TN  19162.46271218 +.00000512 +00000-0 +29293-3 0  9995
2 42418 098.8210 236.0267 0010368 340.1959 019.8810 14.13954610168099
NOAA 16 DEB
1 42418U 00055TN  19163.02881649  .00000503  00000-0  28796-3 0  9990
2 42418  98.8210 236.5854 0010331 338.1825  21.8906 14.13955211168171
NOAA 16 DEB
1 42418U 00055TN  19163.45339463 +.00000491 +00000-0 +28181-3 0  9993
2 42418 098.8210 237.0045 0010306 336.7243 023.3461 14.13955623168236
NOAA 16 DEB
1 42418U 00055TN  19164.44407638 +.00000480 +00000-0 +27595-3 0  9999
2 42418 098.8210 237.9824 0010257 333.2860 026.7783 14.13956669168372
NOAA 16 DEB
1 42418U 00055TN  19165.15170571  .00000480  00000-0  27617-3 0  9996
2 42418  98.8210 238.6808 0010229 330.8085  29.2515 14.13957455168479
NOAA 16 DEB
1 42418U 00055TN  19166.42543784 +.00000470 +00000-0 +27058-3 0  9995
2 42418 098.8211 239.9380 0010179 326.3613 033.6912 14.13958660168659
NOAA 16 DEB
1 42418U 00055TN  19167.06230349 +.00000466 +00000-0 +26873-3 0  9995
2 42418 098.8211 240.5666 0010166 324.0237 036.0251 14.13959238168742
NOAA 16 DEB
1 42418U 00055TN  19170.17586527  .00000462  00000-0  26654-3 0  9996
2 42418  98.8211 243.6396 0010111 312.8567  47.1756 14.13962256169183
NOAA 16 DEB
1 42418U 00055TN  19170.45891619 +.00000451 +00000-0 +26068-3 0  9995
2 42418 098.8211 243.9190 0010111 311.9194 048.1116 14.13962445169220
NOAA 16 DEB
1 42418U 00055TN  19171.16654297 +.00000432 +00000-0 +25066-3 0  9999
2 42418 098.8210 244.6176 0010118 309.2999 050.7276 14.13963037169326
NOAA 16 DEB
1 42418U 00055TN  19172.36950779  .00000425  00000-0  24713-3 0  9996
2 42418  98.8210 245.8048 0010123 305.0174  55.0048 14.13964163169496
NOAA 16 DEB
1 42418U 00055TN  19173.00637113 +.00000424 +00000-0 +24651-3 0  9992
2 42418 098.8210 246.4334 0010132 302.7309 057.2887 14.13964754169586
NOAA 16 DEB
1 42418U 00055TN  19174.42162201  .00000441  00000-0  25514-3 0  9998
2 42418  98.8210 247.8303 0010163 297.6838  62.3304 14.13966149169783
NOAA 16 DEB
1 42418U 00055TN  19174.98772211 +.00000431 +00000-0 +24995-3 0  9998
2 42418 098.8209 248.3890 0010185 295.6305 064.3815 14.13966579169864
NOAA 16 DEB
1 42418U 00055TN  19176.04915963 +.00000383 +00000-0 +22484-3 0  9997
2 42418 098.8209 249.4366 0010225 291.8531 068.1554 14.13967169170015
NOAA 16 DEB
1 42418U 00055TN  19178.45508272  .00000354  00000-0  20928-3 0  9994
2 42418  98.8210 251.8113 0010349 283.4396  76.5623 14.13968957170350
NOAA 16 DEB
1 42418U 00055TN  19179.65804277 +.00000387 +00000-0 +22703-3 0  9990
2 42418 098.8210 252.9986 0010422 279.2822 080.7172 14.13970231170522
NOAA 16 DEB
1 42418U 00055TN  19180.43642775 +.00000454 +00000-0 +26236-3 0  9991
2 42418 098.8211 253.7668 0010481 276.5373 083.4607 14.13971398170635
NOAA 16 DEB
1 42418U 00055TN  19181.42709929  .00000471  00000-0  27090-3 0  9994
2 42418  98.8211 254.7446 0010554 273.1848  86.8117 14.13972450170779
NOAA 16 DEB
1 42418U 00055TN  19182.41777073 +.00000414 +00000-0 +24131-3 0  9999
2 42418 098.8212 255.7224 0010628 269.8964 090.0990 14.13972982170910
NOAA 16 DEB
1 42418U 00055TN  19184.04530045  .00000423  00000-0  24598-3 0  9993
2 42418  98.8212 257.3288 0010774 264.4424  95.5520 14.13974633171142
NOAA 16 DEB
1 42418U 00055TN  19185.46054310 +.00000392 +00000-0 +22951-3 0  9992
2 42418 098.8213 258.7257 0010916 259.7761 100.2181 14.13975690171346
NOAA 16 DEB
1 42418U 00055TN  19186.16816394  .00000385  00000-0  22572-3 0  9999
2 42418  98.8213 259.4241 0010998 257.5119 102.4823 14.13976279171442
NOAA 16 DEB
1 42418U 00055TN  19187.44188001 +.00000429 +00000-0 +24903-3 0  9997
2 42418 098.8214 260.6814 0011168 253.4414 106.5532 14.13977819171629
NOAA 16 DEB
1 42418U 00055TN  19188.43254705  .00000487  00000-0  27944-3 0  9994
2 42418  98.8214 261.6591 0011258 250.3019 109.6939 14.13979243171762
NOAA 16 DEB
1 42418U 00055TN  19188.64483275 +.00000510 +00000-0 +29135-3 0  9994
2 42418 098.8215 261.8686 0011276 249.6706 110.3256 14.13979626171793
NOAA 16 DEB
1 42418U 00055TN  19188.99864217 +.00000521 +00000-0 +29722-3 0  9995
2 42418 098.8214 262.2178 0011310 248.5488 111.4479 14.13980068171844
NOAA 16 DEB
1 42418U 00055TN  19189.98930788 +.00000553 +00000-0 +31442-3 0  9999
2 42418 098.8214 263.1957 0011427 245.4884 114.5097 14.13981436171989
NOAA 16 DEB
1 42418U 00055TN  19193.66891589  .00000525  00000-0  29922-3 0  9993
2 42418  98.8214 266.8277 0011901 234.2809 125.7257 14.13986235172507
NOAA 16 DEB
1 42418U 00055TN  19194.65957798 +.00000491 +00000-0 +28168-3 0  9991
2 42418 098.8214 267.8055 0012037 231.3178 128.6919 14.13987274172646
NOAA 16 DEB
1 42418U 00055TN  19195.65023907 +.00000526 +00000-0 +30002-3 0  9997
2 42418 098.8215 268.7833 0012167 228.3829 131.6302 14.13988684172785
NOAA 16 DEB
1 42418U 00055TN  19196.00404645  .00000531  00000-0  30231-3 0  9999
2 42418  98.8215 269.1326 0012212 227.3781 132.6363 14.13989097172837
NOAA 16 DEB
1 42418U 00055TN  19197.98536629 +.00000551 +00000-0 +31313-3 0  9999
2 42418 098.8215 271.0882 0012468 221.6982 138.3241 14.13991350173114
NOAA 16 DEB
1 42418U 00055TN  19198.97602623  .00000446  00000-0  25801-3 0  9995
2 42418  98.8215 272.0661 0012602 218.8999 141.1268 14.13991543173256
NOAA 16 DEB
1 42418U 00055TN  19200.03744679 +.00000413 +00000-0 +24046-3 0  9998
2 42418 098.8213 273.1136 0012759 215.8683 144.1635 14.13992236173401
NOAA 16 DEB
1 42418U 00055TN  19201.16962779  .00000418  00000-0  24318-3 0  9993
2 42418  98.8212 274.2311 0012911 212.7548 147.2826 14.13993285173561
NOAA 16 DEB
1 42418U 00055TN  19202.01876314 +.00000419 +00000-0 +24339-3 0  9991
2 42418 098.8212 275.0692 0013033 210.4320 149.6097 14.13993996173689
NOAA 16 DEB
1 42418U 00055TN  19203.43398948  .00000309  00000-0  18587-3 0  9996
2 42418  98.8211 276.4660 0013155 206.5062 153.5440 14.13994126173886
NOAA 16 DEB
1 42418U 00055TN  19204.42464623 +.00000385 +00000-0 +22571-3 0  9992
2 42418 098.8210 277.4438 0013279 203.8741 156.1817 14.13995310174020
NOAA 16 DEB
1 42418U 00055TN  19204.99073568 +.00000389 +00000-0 +22758-3 0  9999
2 42418 098.8210 278.0025 0013348 202.3526 157.7067 14.13995748174109
NOAA 16 DEB
1 42418U 00055TN  19206.40595814  .00000420  00000-0  24397-3 0  9997
2 42418  98.8210 279.3994 0013513 198.6699 161.3979 14.13997156174300
NOAA 16 DEB
1 42418U 00055TN  19207.39661293 +.00000460 +00000-0 +26515-3 0  9999
2 42418 098.8211 280.3772 0013642 196.1439 163.9301 14.13998368174443
NOAA 16 DEB
1 42418U 00055TN  19208.45802806 +.00000456 +00000-0 +26283-3 0  9991
2 42418 098.8210 281.4249 0013760 193.3806 166.7004 14.13999508174595
NOAA 16 DEB
1 42418U 00055TN  19209.66096455 +.00000395 +00000-0 +23071-3 0  9994
2 42418 098.8210 282.6122 0013894 190.3182 169.7708 14.14000467174761
NOAA 16 DEB
1 42418U 00055TN  19211.00542202 +.00000355 +00000-0 +20992-3 0  9996
2 42418 098.8210 283.9392 0014027 186.9292 173.1689 14.14001487174957
NOAA 16 DEB
1 42418U 00055TN  19211.99607434 +.00000346 +00000-0 +20507-3 0  9995
2 42418 098.8210 284.9169 0014126 184.4308 175.6742 14.14002211175090
NOAA 16 DEB
1 42418U 00055TN  19212.98672617 +.00000370 +00000-0 +21741-3 0  9998
2 42418 098.8210 285.8947 0014222 181.9433 178.1687 14.14003049175234
NOAA 16 DEB
1 42418U 00055TN  19215.67563374  .00000498  00000-0  28497-3 0  9992
2 42418  98.8210 288.5486 0014487 175.4924 184.6382 14.14006310175618
NOAA 16 DEB
1 42418U 00055TN  19216.66628354 +.00000422 +00000-0 +24518-3 0  9999
2 42418 098.8209 289.5265 0014556 173.0053 187.1325 14.14006725175756
NOAA 16 DEB
1 42418U 00055TN  19217.44465141 +.00000314 +00000-0 +18796-3 0  9990
2 42418 098.8209 290.2946 0014613 171.0360 189.1076 14.14006592175863
NOAA 16 DEB
1 42418U 00055TN  19218.15225801  .00000262  00000-0  16097-3 0  9990
2 42418  98.8209 290.9930 0014666 169.4175 190.7309 14.14006772175964
NOAA 16 DEB
1 42418U 00055TN  19219.42595009 +.00000192 +00000-0 +12415-3 0  9993
2 42418 098.8208 292.2501 0014743 166.2108 193.9471 14.14006893176149
NOAA 16 DEB
1 42418U 00055TN  19220.41659960  .00000117  00000-0  84408-4 0  9990
2 42418  98.8208 293.2279 0014788 163.8518 196.3129 14.14006612176280
NOAA 16 DEB
1 42418U 00055TN  19221.40724858 +.00000140 +00000-0 +96524-4 0  9997
2 42418 098.8208 294.2056 0014841 161.4635 198.7081 14.14006929176428
NOAA 16 DEB
1 42418U 00055TN  19224.44995306  .00000229  00000-0  14325-3 0  9998
2 42418  98.8209 297.2087 0014979 154.2100 205.9822 14.14008824176852
NOAA 16 DEB
1 42418U 00055TN  19224.44995306 +.00000229 +00000-0 +14325-3 0  9998
2 42418 098.8209 297.2087 0014979 154.2100 205.9822 14.14008824176852
NOAA 16 DEB
1 42418U 00055TN  19225.44060126 +.00000076 +00000-0 +63205-4 0  9994
2 42418 098.8210 298.1864 0015004 151.8870 208.3116 14.14008261176997
NOAA 16 DEB
1 42418U 00055TN  19226.14820638 +.00000105 +00000-0 +78156-4 0  9998
2 42418 098.8209 298.8846 0015035 150.1372 210.0661 14.14008740177094
NOAA 16 DEB
1 42418U 00055TN  19227.42189444  .00000184  00000-0  11959-3 0  9997
2 42418  98.8209 300.1418 0015054 147.1226 213.0887 14.14009892177273
NOAA 16 DEB
1 42418U 00055TN  19230.04002756 +.00000371 +00000-0 +21781-3 0  9991
2 42418 098.8206 302.7257 0015111 140.8603 219.3666 14.14012836177649
NOAA 16 DEB
1 42418U 00055TN  19231.66751315 +.00000370 +00000-0 +21779-3 0  9998
2 42418 098.8204 304.3318 0015106 137.0667 223.1688 14.14014518177876
NOAA 16 DEB
1 42418U 00055TN  19232.16283456  .00000355  00000-0  20976-3 0  9991
2 42418  98.8204 304.8207 0015102 135.8400 224.3981 14.14014933177943
NOAA 16 DEB
1 42418U 00055TN  19232.65815556 +.00000366 +00000-0 +21554-3 0  9992
2 42418 098.8204 305.3095 0015102 134.7067 225.5338 14.14015564178010
NOAA 16 DEB
1 42418U 00055TN  19233.43651703 +.00000361 +00000-0 +21258-3 0  9997
2 42418 098.8203 306.0776 0015091 132.8416 227.4028 14.14016272178123
NOAA 16 DEB
1 42418U 00055TN  19234.14411809 +.00000357 +00000-0 +21087-3 0  9992
2 42418 098.8202 306.7759 0015078 131.1532 229.0945 14.14016876178223
NOAA 16 DEB
1 42418U 00055TN  19235.41779914  .00000352  00000-0  20823-3 0  9999
2 42418  98.8202 308.0329 0015045 128.1209 232.1322 14.14017880178402
NOAA 16 DEB
1 42418U 00055TN  19235.98387932 +.00000353 +00000-0 +20843-3 0  9999
2 42418 098.8202 308.5916 0015022 126.7860 233.4694 14.14018310178484
NOAA 16 DEB
1 42418U 00055TN  19237.39907895 +.00000362 +00000-0 +21328-3 0  9991
2 42418 098.8201 309.9883 0014980 123.4271 236.8336 14.14019486178680
NOAA 16 DEB
1 42418U 00055TN  19238.03591837  .00000395  00000-0  23063-3 0  9992
2 42418  98.8202 310.6166 0014954 121.9489 238.3140 14.14020183178775
NOAA 16 DEB
1 42418U 00055TN  19238.67275748 +.00000406 +00000-0 +23623-3 0  9997
2 42418 098.8201 311.2452 0014927 120.4046 239.8604 14.14020816178866
NOAA 16 DEB
1 42418U 00055TN  19239.45111610 +.00000401 +00000-0 +23400-3 0  9999
2 42418 098.8201 312.0133 0014893 118.5439 241.7235 14.14021437178971
NOAA 16 DEB
1 42418U 00055TN  19240.65403305  .00000393  00000-0  22941-3 0  9997
2 42418  98.8201 313.2005 0014832 115.6431 244.6276 14.14022456179144
NOAA 16 DEB
1 42418U 00055TN  19241.14935153 +.00000398 +00000-0 +23215-3 0  9993
2 42418 098.8200 313.6893 0014806 114.4317 245.8402 14.14022885179211
NOAA 16 DEB
1 42418U 00055TN  19242.42302672 +.00000424 +00000-0 +24581-3 0  9996
2 42418 098.8200 314.9462 0014736 111.3259 248.9488 14.14024082179398
NOAA 16 DEB
1 42418U 00055TN  19244.05049898  .00000440  00000-0  25417-3 0  9992
2 42418  98.8199 316.5522 0014617 107.3734 252.9039 14.14025531179624
NOAA 16 DEB
1 42418U 00055TN  19245.04113319 +.00000449 +00000-0 +25923-3 0  9993
2 42418 098.8198 317.5298 0014542 104.9458 255.3326 14.14026532179760
NOAA 16 DEB
1 42418U 00055TN  19246.45632302  .00000494  00000-0  28279-3 0  9994
2 42418  98.8197 318.9264 0014436 101.4541 258.8254 14.14028397179965
NOAA 16 DEB
1 42418U 00055TN  19246.66860140 +.00000486 +00000-0 +27830-3 0  9993
2 42418 098.8197 319.1359 0014414 100.9349 259.3446 14.14028601179999
NOAA 16 DEB
1 42418U 00055TN  19247.44695511 +.00000471 +00000-0 +27051-3 0  9997
2 42418 098.8196 319.9040 0014346 098.9889 261.2909 14.14029374180101
NOAA 16 DEB
1 42418U 00055TN  19248.43758629 +.00000467 +00000-0 +26859-3 0  9997
2 42418 098.8196 320.8816 0014255 096.5198 263.7599 14.14030471180246
NOAA 16 DEB
1 42418U 00055TN  19249.14517955  .00000454  00000-0  26156-3 0  9997
2 42418  98.8195 321.5798 0014189  94.7257 265.5537 14.14031160180343
NOAA 16 DEB
1 42418U 00055TN  19249.42821673 +.00000455 +00000-0 +26216-3 0  9991
2 42418 098.8195 321.8592 0014165 093.9840 266.2952 14.14031462180389
NOAA 16 DEB
1 42418U 00055TN  19250.41884640 +.00000452 +00000-0 +26053-3 0  9991
2 42418 098.8194 322.8367 0014076 091.4522 268.8263 14.14032452180529
NOAA 16 DEB
1 42418U 00055TN  19250.98492022 +.00000449 +00000-0 +25922-3 0  9992
2 42418 098.8195 323.3953 0014017 089.9650 270.3129 14.14032977180606
NOAA 16 DEB
1 42418U 00055TN  19252.04630793  .00000450  00000-0  25960-3 0  9994
2 42418  98.8193 324.4427 0013908  87.3208 272.9557 14.14033998180754
NOAA 16 DEB
1 42418U 00055TN  19253.03693574 +.00000460 +00000-0 +26470-3 0  9998
2 42418 098.8193 325.4203 0013804 084.7692 275.5056 14.14035017180892
NOAA 16 DEB
1 42418U 00055TN  19255.01818888  .00000465  00000-0  26728-3 0  9996
2 42418  98.8193 327.3755 0013580  79.5984 280.6719 14.14037100181172
NOAA 16 DEB
1 42418U 00055TN  19255.44274266 +.00000475 +00000-0 +27275-3 0  9998
2 42418 098.8193 327.7944 0013534 078.4772 281.7920 14.14037617181234
NOAA 16 DEB
1 42418U 00055TN  19256.43336775 +.00000483 +00000-0 +27692-3 0  9994
2 42418 098.8192 328.7720 0013424 075.8110 284.4553 14.14038658181374
NOAA 16 DEB
1 42418U 00055TN  19257.99006275  .00000495  00000-0  28327-3 0  9994
2 42418  98.8190 330.3080 0013241  71.6729 288.5883 14.14040222181592
NOAA 16 DEB
1 42418U 00055TN  19258.98068591 +.00000490 +00000-0 +28055-3 0  9996
2 42418 098.8189 331.2855 0013123 068.9579 291.2996 14.14041155181739
NOAA 16 DEB
1 42418U 00055TN  19261.03268864  .00000490  00000-0  28064-3 0  9991
2 42418  98.8187 333.3102 0012877  63.3006 296.9484 14.14043261182021
NOAA 16 DEB
1 42418U 00055TN  19261.45724045 +.00000492 +00000-0 +28179-3 0  9994
2 42418 098.8187 333.7291 0012824 062.1177 298.1293 14.14043745182087
NOAA 16 DEB
1 42418U 00055TN  19262.16482656 +.00000490 +00000-0 +28041-3 0  9998
2 42418 098.8186 334.4273 0012736 060.1130 300.1306 14.14044500182183
NOAA 16 DEB
1 42418U 00055TN  19263.15544642  .00000484  00000-0  27729-3 0  9997
2 42418  98.8185 335.4048 0012619  57.2955 302.9433 14.14045531182327
NOAA 16 DEB
1 42418U 00055TN  19263.43848059 +.00000485 +00000-0 +27778-3 0  9992
2 42418 098.8185 335.6840 0012601 056.4890 303.7485 14.14045818182367
NOAA 16 DEB
1 42418U 00055TN  19265.41971779  .00000473  00000-0  27183-3 0  9995
2 42418  98.8184 337.6389 0012381  50.6919 309.5350 14.14047693182648
NOAA 16 DEB
1 42418U 00055TN  19266.05654339 +.00000477 +00000-0 +27351-3 0  9997
2 42418 098.8184 338.2671 0012307 048.8209 311.4023 14.14048320182735
NOAA 16 DEB
1 42418U 00055TN  19267.47171037  .00000482  00000-0  27611-3 0  9998
2 42418  98.8183 339.6635 0012150  44.6052 315.6096 14.14049732182931
NOAA 16 DEB
1 42418U 00055TN  19268.03777673 +.00000486 +00000-0 +27848-3 0  9995
2 42418 098.8183 340.2219 0012081 042.9134 317.2980 14.14050325183012
NOAA 16 DEB
1 42418U 00055TN  19269.16990868 +.00000499 +00000-0 +28522-3 0  9997
2 42418 098.8182 341.3389 0011960 039.4811 320.7231 14.14051599183178
NOAA 16 DEB
1 42418U 00055TN  19271.00962087  .00000536  00000-0  30482-3 0  9995
2 42418  98.8181 343.1540 0011766  33.8343 326.3578 14.14053759183433
NOAA 16 DEB
1 42418U 00055TN  19271.43416939 +.00000552 +00000-0 +31296-3 0  9994
2 42418 098.8181 343.5729 0011722 032.5154 327.6738 14.14054313183499
NOAA 16 DEB
1 42418U 00055TN  19272.14175003 +.00000543 +00000-0 +30825-3 0  9994
2 42418 098.8181 344.2710 0011654 030.2692 329.9152 14.14055006183599
NOAA 16 DEB
1 42418U 00055TN  19272.99084606 +.00000559 +00000-0 +31684-3 0  9996
2 42418 098.8180 345.1087 0011573 027.6367 332.5419 14.14056023183714
NOAA 16 DEB
1 42418U 00055TN  19273.98145725  .00000575  00000-0  32547-3 0  9993
2 42418  98.8179 346.0861 0011483  24.4709 335.7006 14.14057263183856
NOAA 16 DEB
1 42418U 00055TN  19276.67025456  .00000572  00000-0  32380-3 0  9992
2 42418  98.8177 348.7389 0011243  15.7369 344.4152 14.14060699184236
NOAA 16 DEB
1 42418U 00055TN  19277.16555871 +.00000557 +00000-0 +31571-3 0  9990
2 42418 098.8176 349.2275 0011206 014.0993 346.0491 14.14061229184301
NOAA 16 DEB
1 42418U 00055TN  19278.65146950 +.00000563 +00000-0 +31883-3 0  9992
2 42418 098.8175 350.6935 0011097 009.2398 350.8977 14.14063213184512
NOAA 16 DEB
1 42418U 00055TN  19279.42980306  .00000559  00000-0  31692-3 0  9992
2 42418  98.8175 351.4614 0011050   6.6643 353.4675 14.14064111184622
NOAA 16 DEB
1 42418U 00055TN  19279.64207579 +.00000553 +00000-0 +31358-3 0  9993
2 42418 098.8175 351.6708 0011033 005.9258 354.2044 14.14064323184650
NOAA 16 DEB
1 42418U 00055TN  19280.13737854 +.00000568 +00000-0 +32153-3 0  9993
2 42418 098.8175 352.1594 0011008 004.2879 355.8386 14.14064989184724
NOAA 16 DEB
1 42418U 00055TN  19281.05722640 +.00000542 +00000-0 +30782-3 0  9990
2 42418 098.8175 353.0669 0010956 001.1616 358.9581 14.14065796184855
NOAA 16 DEB
1 42418U 00055TN  19282.04783061  .00000577  00000-0  32637-3 0  9993
2 42418  98.8174 354.0441 0010903 357.8457   2.2667 14.14067150184994
NOAA 16 DEB
1 42418U 00055TN  19282.47237511 +.00000569 +00000-0 +32198-3 0  9997
2 42418 098.8174 354.4630 0010884 356.3925 003.7168 14.14067593185051
NOAA 16 DEB
1 42418U 00055TN  19283.67525025 +.00000590 +00000-0 +33298-3 0  9996
2 42418 098.8174 355.6497 0010837 352.2607 007.8397 14.14069178185224
NOAA 16 DEB
1 42418U 00055TN  19284.17055151  .00000585  00000-0  33044-3 0  9993
2 42418  98.8174 356.1384 0010823 350.5519   9.5448 14.14069728185297
NOAA 16 DEB
1 42418U 00055TN  19284.45358059 +.00000595 +00000-0 +33573-3 0  9995
2 42418 098.8174 356.4176 0010814 349.5888 010.5059 14.14070148185339
NOAA 16 DEB
1 42418U 00055TN  19285.01963866 +.00000600 +00000-0 +33827-3 0  9995
2 42418 098.8174 356.9761 0010800 347.6275 012.4632 14.14070882185410
NOAA 16 DEB
1 42418U 00055TN  19286.43478256  .00000603  00000-0  34004-3 0  9997
2 42418  98.8173 358.3722 0010775 342.8000  17.2806 14.14072692185615
NOAA 16 DEB
1 42418U 00055TN  19287.00083956 +.00000618 +00000-0 +34792-3 0  9990
2 42418 098.8172 358.9307 0010772 340.8436 019.2331 14.14073488185694
NOAA 16 DEB
1 42418U 00055TN  19291.03398885  .00000586  00000-0  33076-3 0  9996
2 42418  98.8167   2.9095 0010799 326.9065  33.1431 14.14078174186267
NOAA 16 DEB
1 42418U 00055TN  19293.01517966 +.00000608 +00000-0 +34248-3 0  9996
2 42418 098.8165 004.8640 0010850 320.1835 039.8541 14.14080913186541
NOAA 16 DEB
1 42418U 00055TN  19294.43031393  .00000608  00000-0  34223-3 0  9991
2 42418  98.8165   6.2600 0010897 315.5107  44.5190 14.14082738186746
NOAA 16 DEB
1 42418U 00055TN  19295.42090704 +.00000593 +00000-0 +33454-3 0  9990
2 42418 098.8164 007.2373 0010961 312.1289 047.8952 14.14083825186884
NOAA 16 DEB
1 42418U 00055TN  19297.04830853  .00000578  00000-0  32692-3 0  9993
2 42418  98.8163   8.8428 0011072 306.6965  53.3190 14.14085596187114
NOAA 16 DEB
1 42418U 00055TN  19297.47284746 +.00000600 +00000-0 +33804-3 0  9996
2 42418 098.8163 009.2615 0011096 305.2470 054.7664 14.14086271187177
NOAA 16 DEB
1 42418U 00055TN  19298.67570731 +.00000633 +00000-0 +35555-3 0  9992
2 42418 098.8163 010.4481 0011178 301.2643 058.7435 14.14087999187348
NOAA 16 DEB
1 42418U 00055TN  19299.45402782  .00000633  00000-0  35538-3 0  9990
2 42418  98.8161  11.2160 0011226 298.6740  61.3304 14.14088966187452
NOAA 16 DEB
1 42418U 00055TN  19300.65688538 +.00000661 +00000-0 +37044-3 0  9995
2 42418 098.8161 012.4024 0011314 294.7972 065.2023 14.14090807187623
NOAA 16 DEB
1 42418U 00055TN  19301.15217918 +.00000676 +00000-0 +37806-3 0  9993
2 42418 098.8161 012.8909 0011349 293.2248 066.7729 14.14091597187690
NOAA 16 DEB
1 42418U 00055TN  19302.00125374  .00000685  00000-0  38266-3 0  9993
2 42418  98.8161  13.7284 0011419 290.5045  69.4902 14.14092851187810
NOAA 16 DEB
1 42418U 00055TN  19302.63805920 +.00000684 +00000-0 +38245-3 0  9990
2 42418 098.8160 014.3566 0011471 288.4879 071.5047 14.14093784187908
NOAA 16 DEB
1 42418U 00055TN  19302.99183987 +.00000683 +00000-0 +38157-3 0  9992
2 42418 098.8160 014.7056 0011502 287.3766 072.6149 14.14094256187959
NOAA 16 DEB
1 42418U 00055TN  19306.03434808  .00000670  00000-0  37508-3 0  9997
2 42418  98.8157  17.7069 0011802 277.8776  82.1057 14.14098799188388
NOAA 16 DEB
1 42418U 00055TN  19306.67115087 +.00000675 +00000-0 +37745-3 0  9990
2 42418 098.8156 018.3350 0011864 275.9212 084.0608 14.14099867188479
NOAA 16 DEB
1 42418U 00055TN  19307.44946534 +.00000640 +00000-0 +35902-3 0  9990
2 42418 098.8156 019.1028 0011926 273.5806 086.4003 14.14100769188583
NOAA 16 DEB
1 42418U 00055TN  19308.01551177 +.00000625 +00000-0 +35143-3 0  9999
2 42418 098.8156 019.6611 0011999 271.8691 088.1107 14.14101486188669
NOAA 16 DEB
1 42418U 00055TN  19309.00609258  .00000595  00000-0  33566-3 0  9996
2 42418  98.8156  20.6383 0012094 268.9050  91.0738 14.14102622188802
NOAA 16 DEB
1 42418U 00055TN  19309.43062669 +.00000613 +00000-0 +34496-3 0  9996
2 42418 098.8156 021.0571 0012151 267.6657 092.3125 14.14103323188868
NOAA 16 DEB
1 42418U 00055TN  19310.42120635 +.00000594 +00000-0 +33505-3 0  9993
2 42418 098.8157 022.0341 0012250 264.7649 095.2126 14.14104418189000
NOAA 16 DEB
1 42418U 00055TN  19313.03916287  .00000602  00000-0  33913-3 0  9992
2 42418  98.8156  24.6165 0012536 257.1032 102.8741 14.14107632189379
NOAA 16 DEB
1 42418U 00055TN  19313.46369589 +.00000608 +00000-0 +34209-3 0  9991
2 42418 098.8156 025.0352 0012579 255.9050 104.0725 14.14108193189431
NOAA 16 DEB
1 42418U 00055TN  19314.45427224 +.00000612 +00000-0 +34432-3 0  9995
2 42418 098.8154 026.0124 0012688 253.0647 106.9136 14.14109494189576
NOAA 16 DEB
1 42418U 00055TN  19315.16182625  .00000613  00000-0  34482-3 0  9993
2 42418  98.8154  26.7103 0012765 251.0439 108.9351 14.14110433189670
NOAA 16 DEB
1 42418U 00055TN  19315.44484782 +.00000607 +00000-0 +34184-3 0  9995
2 42418 098.8154 026.9895 0012794 250.2485 109.7308 14.14110743189714
NOAA 16 DEB
1 42418U 00055TN  19316.43542245 +.00000612 +00000-0 +34449-3 0  9994
2 42418 098.8152 027.9667 0012902 247.5189 112.4618 14.14112057189851
NOAA 16 DEB
1 42418U 00055TN  19317.14297513 +.00000623 +00000-0 +34983-3 0  9993
2 42418 098.8150 028.6647 0012981 245.4715 114.5105 14.14113045189957
NOAA 16 DEB
1 42418U 00055TN  19318.41656911  .00000620  00000-0  34838-3 0  9991
2 42418  98.8148  29.9210 0013109 241.9936 117.9911 14.14114627190134
NOAA 16 DEB
1 42418U 00055TN  19319.40714128 +.00000615 +00000-0 +34564-3 0  9996
2 42418 098.8147 030.8980 0013208 239.3134 120.6738 14.14115860190272
NOAA 16 DEB
1 42418U 00055TN  19321.17601812  .00000589  00000-0  33202-3 0  9996
2 42418  98.8146  32.6427 0013392 234.5676 125.4247 14.14118063190523
NOAA 16 DEB
1 42418U 00055TN  19321.45903818 +.00000589 +00000-0 +33220-3 0  9998
2 42418 098.8146 032.9218 0013420 233.7841 126.2092 14.14118438190568
NOAA 16 DEB
1 42418U 00055TN  19322.66187250 +.00000585 +00000-0 +33016-3 0  9995
2 42418 098.8146 034.1082 0013542 230.5771 129.4204 14.14120080190738
NOAA 16 DEB
1 42418U 00055TN  19323.65244147 +.00000554 +00000-0 +31369-3 0  9999
2 42418 098.8146 035.0852 0013625 228.0126 131.9887 14.14121096190879
NOAA 16 DEB
1 42418U 00055TN  19324.00621580  .00000565  00000-0  31942-3 0  9998
2 42418  98.8146  35.4341 0013647 227.0943 132.9085 14.14121580190921
NOAA 16 DEB
1 42418U 00055TN  19324.64300930 +.00000577 +00000-0 +32596-3 0  9990
2 42418 098.8147 036.0622 0013704 225.4390 134.5665 14.14122450191013
NOAA 16 DEB
1 42418U 00055TN  19325.42131224 +.00000561 +00000-0 +31740-3 0  9998
2 42418 098.8145 036.8300 0013770 223.3955 136.6134 14.14123226191127
NOAA 16 DEB
1 42418U 00055TN  19328.03923620  .00000593  00000-0  33402-3 0  9999
2 42418  98.8144  39.4121 0013986 216.6523 143.3694 14.14126578191490
NOAA 16 DEB
1 42418U 00055TN  19329.66659078 +.00000637 +00000-0 +35745-3 0  9993
2 42418 098.8144 041.0172 0014113 212.5680 147.4624 14.14129145191724
NOAA 16 DEB
1 42418U 00055TN  19330.16187218  .00000634  00000-0  35545-3 0  9997
2 42418  98.8143  41.5057 0014147 211.2897 148.7435 14.14129818191791
NOAA 16 DEB
1 42418U 00055TN  19330.44488994 +.00000639 +00000-0 +35828-3 0  9992
2 42418 098.8143 041.7849 0014169 210.5854 149.4494 14.14130262191834
NOAA 16 DEB
1 42418U 00055TN  19331.15243424 +.00000618 +00000-0 +34722-3 0  9997
2 42418 098.8143 042.4827 0014215 208.8211 151.2178 14.14131140191934
NOAA 16 DEB
1 42418U 00055TN  19332.42601263  .00000609  00000-0  34263-3 0  9997
2 42418  98.8143  43.7388 0014270 205.6623 154.3843 14.14132878192116
NOAA 16 DEB
1 42418U 00055TN  19333.41657270 +.00000590 +00000-0 +33270-3 0  9992
2 42418 098.8142 044.7158 0014320 203.1550 156.8979 14.14134084192252
NOAA 16 DEB
1 42418U 00055TN  19335.39769041  .00000565  00000-0  31943-3 0  9998
2 42418  98.8141  46.6697 0014424 198.1913 161.8745 14.14136485192536
NOAA 16 DEB
1 42418U 00055TN  19336.45900232 +.00000542 +00000-0 +30755-3 0  9990
2 42418 098.8140 047.7165 0014478 195.5601 164.5129 14.14137664192683
NOAA 16 DEB
1 42418U 00055TN  19337.02503497 +.00000532 +00000-0 +30197-3 0  9995
2 42418 098.8139 048.2748 0014503 194.1840 165.8927 14.14138287192764
NOAA 16 DEB
1 42418U 00055TN  19338.01559139 +.00000523 +00000-0 +29726-3 0  9995
2 42418 098.8139 049.2518 0014547 191.7328 168.3508 14.14139453192907
NOAA 16 DEB
1 42418U 00055TN  19339.43067078  .00000512  00000-0  29133-3 0  9998
2 42418  98.8139  50.6474 0014610 188.2033 171.8903 14.14140994193102
NOAA 16 DEB
1 42418U 00055TN  19339.99670204 +.00000519 +00000-0 +29544-3 0  9993
2 42418 098.8138 051.2057 0014627 186.8087 173.2889 14.14141658193181
NOAA 16 DEB
1 42418U 00055TN  19341.48253340  .00000492  00000-0  28089-3 0  9991
2 42418  98.8138  52.6711 0014668 183.1627 176.9455 14.14143005193398
NOAA 16 DEB
1 42418U 00055TN  19344.02966899  .00000494  00000-0  28222-3 0  9995
2 42418  98.8137  55.1833 0014709 176.9508 183.1757 14.14145730193756
NOAA 16 DEB
1 42418U 00055TN  19344.66645206 +.00000513 +00000-0 +29176-3 0  9992
2 42418 098.8136 055.8113 0014723 175.2974 184.8340 14.14146587193845
NOAA 16 DEB
1 42418U 00055TN  19345.44474209 +.00000502 +00000-0 +28618-3 0  9990
2 42418 098.8135 056.5789 0014722 173.3963 186.7406 14.14147384193959
NOAA 16 DEB
1 42418U 00055TN  19346.43529230  .00000496  00000-0  28302-3 0  9997
2 42418  98.8135  57.5558 0014720 170.9657 189.1784 14.14148448194099
NOAA 16 DEB
1 42418U 00055TN  19347.42584155 +.00000505 +00000-0 +28796-3 0  9992
2 42418 098.8134 058.5327 0014714 168.5334 191.6177 14.14149617194230
NOAA 16 DEB
1 42418U 00055TN  19347.99186936 +.00000504 +00000-0 +28715-3 0  9999
2 42418 098.8133 059.0910 0014712 167.1534 193.0017 14.14150224194312
NOAA 16 DEB
1 42418U 00055TN  19348.98241754  .00000488  00000-0  27893-3 0  9996
2 42418  98.8132  60.0679 0014705 164.7277 195.4342 14.14151194194453
NOAA 16 DEB
1 42418U 00055TN  19351.03426487  .00000469  00000-0  26906-3 0  9997
2 42418  98.8130  62.0916 0014673 159.7609 200.4148 14.14153357194740
NOAA 16 DEB
1 42418U 00055TN  19351.45878453 +.00000479 +00000-0 +27395-3 0  9991
2 42418 098.8129 062.5103 0014677 158.7002 201.4784 14.14153913194803
NOAA 16 DEB
1 42418U 00055TN  19352.44933006 +.00000466 +00000-0 +26727-3 0  9991
2 42418 098.8130 063.4872 0014650 156.2825 203.9026 14.14154948194945
NOAA 16 DEB
1 42418U 00055TN  19353.43987467  .00000468  00000-0  26856-3 0  9996
2 42418  98.8129  64.4642 0014621 153.8312 206.3603 14.14156079195082
NOAA 16 DEB
1 42418U 00055TN  19353.65213408 +.00000480 +00000-0 +27476-3 0  9990
2 42418 098.8129 064.6735 0014616 153.3006 206.8922 14.14156409195116
NOAA 16 DEB
1 42418U 00055TN  19354.43041846 +.00000475 +00000-0 +27194-3 0  9993
2 42418 098.8129 065.4411 0014591 151.3706 208.8271 14.14157197195229
NOAA 16 DEB
1 42418U 00055TN  19355.42096151 +.00000479 +00000-0 +27427-3 0  9995
2 42418 098.8128 066.4179 0014553 148.9218 211.2819 14.14158250195360
NOAA 16 DEB
1 42418U 00055TN  19355.98698575  .00000487  00000-0  27808-3 0  9996
2 42418  98.8128  66.9762 0014531 147.5242 212.6828 14.14158870195443
NOAA 16 DEB
1 42418U 00055TN  19358.39258618  .00000480  00000-0  27478-3 0  9990
2 42418  98.8126  69.3486 0014418 141.5636 218.6567 14.14161382195781
NOAA 16 DEB
1 42418U 00055TN  19359.45387902 +.00000477 +00000-0 +27310-3 0  9998
2 42418 098.8125 070.3952 0014367 138.9090 221.3167 14.14162542195930
NOAA 16 DEB
1 42418U 00055TN  19360.65667649  .00000467  00000-0  26754-3 0  9991
2 42418  98.8125  71.5815 0014293 135.9041 224.3274 14.14163807196109
NOAA 16 DEB
1 42418U 00055TN  19360.93968750 +.00000465 +00000-0 +26654-3 0  9996
2 42418 098.8124 071.8606 0014274 135.1873 225.0455 14.14164074196143
NOAA 16 DEB
1 42418U 00055TN  19361.01044022 +.00000467 +00000-0 +26800-3 0  9998
2 42418 098.8124 071.9303 0014270 135.0090 225.2241 14.14164169196155
NOAA 16 DEB
1 42418U 00055TN  19362.92076279 +.00000462 +00000-0 +26514-3 0  9995
2 42418 098.8122 073.8142 0014157 130.1771 230.0643 14.14166044196425
NOAA 16 DEB
1 42418U 00055TN  19363.06226805  .00000461  00000-0  26437-3 0  9996
2 42418  98.8121  73.9538 0014148 129.8196 230.4224 14.14166181196443
NOAA 16 DEB
1 42418U 00055TN  19363.41603125 +.00000454 +00000-0 +26087-3 0  9992
2 42418 098.8121 074.3026 0014130 128.9262 231.3173 14.14166457196499
NOAA 16 DEB
1 42418U 00055TN  19365.46785558  .00000448  00000-0  25762-3 0  9992
2 42418  98.8119  76.3261 0013984 123.7477 236.5031 14.14168405196783
NOAA 16 DEB
1 42418U 00055TN  20002.02441005 +.00000418 +00000-0 +24209-3 0  9992
2 42418 098.8118 077.8611 0013857 119.7577 240.4976 14.14169776197002
NOAA 16 DEB
1 42418U 00055TN  20003.01494377 +.00000409 +00000-0 +23721-3 0  9990
2 42418 098.8118 078.8379 0013775 117.1945 243.0633 14.14170687197141
NOAA 16 DEB
1 42418U 00055TN  20004.42999082 +.00000398 +00000-0 +23144-3 0  9995
2 42418 098.8118 080.2334 0013660 113.4758 246.7852 14.14171904197341
NOAA 16 DEB
1 42418U 00055TN  20004.99600923 +.00000400 +00000-0 +23282-3 0  9997
2 42418 098.8118 080.7916 0013609 111.9799 248.2822 14.14172397197423
NOAA 16 DEB
1 42418U 00055TN  20005.98654073  .00000427  00000-0  24675-3 0  9998
2 42418  98.8118  81.7684 0013519 109.3678 250.8958 14.14173431197567
NOAA 16 DEB
1 42418U 00055TN  20007.04782381 +.00000433 +00000-0 +24972-3 0  9998
2 42418 098.8116 082.8150 0013422 106.5805 253.6843 14.14174408197715
NOAA 16 DEB
1 42418U 00055TN  20008.46286659  .00000443  00000-0  25500-3 0  9991
2 42418  98.8115  84.2104 0013288 102.8475 257.4183 14.14175828197919
NOAA 16 DEB
1 42418U 00055TN  20009.17038742 +.00000438 +00000-0 +25240-3 0  9993
2 42418 098.8114 084.9082 0013214 100.9580 259.3080 14.14176515198018
NOAA 16 DEB
1 42418U 00055TN  20010.44392358 +.00000459 +00000-0 +26376-3 0  9995
2 42418 098.8113 086.1640 0013083 097.4966 262.7694 14.14178016198199
NOAA 16 DEB
1 42418U 00055TN  20011.00993914  .00000475  00000-0  27188-3 0  9993
2 42418  98.8112  86.7222 0013033  95.9540 264.3119 14.14178736198274
NOAA 16 DEB
1 42418U 00055TN  20011.43445075 +.00000467 +00000-0 +26759-3 0  9994
2 42418 098.8112 087.1408 0012995 094.7926 265.4732 14.14179134198339
NOAA 16 DEB
1 42418U 00055TN  20012.42497712 +.00000477 +00000-0 +27318-3 0  9992
2 42418 098.8111 088.1176 0012896 092.0451 268.2199 14.14180225198471
NOAA 16 DEB
1 42418U 00055TN  20013.41550278  .00000473  00000-0  27088-3 0  9999
2 42418  98.8111  89.0943 0012798  89.2735 270.9904 14.14181208198619
NOAA 16 DEB
1 42418U 00055TN  20014.47677939 +.00000462 +00000-0 +26500-3 0  9996
2 42418 098.8110 090.1407 0012696 086.3732 273.8892 14.14182247198766
NOAA 16 DEB
1 42418U 00055TN  20015.46730345  .00000449  00000-0  25811-3 0  9996
2 42418  98.8110  91.1175 0012592  83.6234 276.6372 14.14183222198905
NOAA 16 DEB
1 42418U 00055TN  20016.45782683 +.00000429 +00000-0 +24770-3 0  9999
2 42418 098.8109 092.0942 0012486 080.8227 279.4358 14.14184153199043
NOAA 16 DEB
1 42418U 00055TN  20017.16534327 +.00000407 +00000-0 +23653-3 0  9993
2 42418 098.8108 092.7920 0012413 078.8588 281.3980 14.14184719199144
NOAA 16 DEB
1 42418U 00055TN  20017.44834964 +.00000422 +00000-0 +24437-3 0  9992
2 42418 098.8108 093.0710 0012387 078.0549 282.2012 14.14185087199183
NOAA 16 DEB
1 42418U 00055TN  20018.01436236 +.00000420 +00000-0 +24335-3 0  9991
2 42418 098.8107 093.6291 0012319 076.3972 283.8572 14.14185602199268
NOAA 16 DEB
1 42418U 00055TN  20019.00488394 +.00000428 +00000-0 +24711-3 0  9999
2 42418 098.8107 094.6058 0012215 073.5323 286.7191 14.14186565199408
NOAA 16 DEB
1 42418U 00055TN  20019.42939325 +.00000395 +00000-0 +23014-3 0  9998
2 42418 098.8106 095.0244 0012188 072.3398 287.9104 14.14186702199463
NOAA 16 DEB
1 42418U 00055TN  20020.41991407  .00000415  00000-0  24027-3 0  9996
2 42418  98.8105  96.0011 0012094  69.4626 290.7844 14.14187604199603
NOAA 16 DEB
1 42418U 00055TN  20023.17921904  .00000386  00000-0  22542-3 0  9994
2 42418  98.8101  98.7219 0011807  61.3216 298.9142 14.14189652199993
NOAA 16 DEB
1 42418U 00055TN  20023.46222430 +.00000432 +00000-0 +24964-3 0  9996
2 42418 098.8101 099.0009 0011784 060.4895 299.7452 14.14190166200034
NOAA 16 DEB
1 42418U 00055TN  20024.38199104 +.00000412 +00000-0 +23901-3 0  9997
2 42418 098.8100 099.9078 0011681 057.7120 302.5183 14.14190947200169
NOAA 16 DEB
1 42418U 00055TN  20025.16025488 +.00000419 +00000-0 +24267-3 0  9990
2 42418 098.8099 100.6752 0011607 055.3557 304.8709 14.14191711200272
NOAA 16 DEB
1 42418U 00055TN  20026.15077162  .00000434  00000-0  25050-3 0  9994
2 42418  98.8097 101.6518 0011516  52.3486 307.8730 14.14192776200413
NOAA 16 DEB
1 42418U 00055TN  20027.14128792 +.00000392 +00000-0 +22837-3 0  9993
2 42418 098.8095 102.6284 0011429 049.3306 310.8858 14.14193435200555
NOAA 16 DEB
1 42418U 00055TN  20027.42429238 +.00000437 +00000-0 +25216-3 0  9997
2 42418 098.8096 102.9074 0011408 048.4351 311.7798 14.14193930200590
NOAA 16 DEB
1 42418U 00055TN  20028.48555888  .00000389  00000-0  22661-3 0  9992
2 42418  98.8094 103.9539 0011307  45.1437 315.0653 14.14194595200744
NOAA 16 DEB
1 42418U 00055TN  20029.47607331 +.00000432 +00000-0 +24928-3 0  9990
2 42418 098.8092 104.9303 0011210 042.1408 318.0625 14.14195763200885
NOAA 16 DEB
1 42418U 00055TN  20030.46658709 +.00000448 +00000-0 +25802-3 0  9995
2 42418 098.8091 105.9070 0011111 039.0035 321.1937 14.14196827201027
NOAA 16 DEB
1 42418U 00055TN  20031.45710012  .00000453  00000-0  26023-3 0  9993
2 42418  98.8090 106.8836 0011027  35.8515 324.3396 14.14197870201167
NOAA 16 DEB
1 42418U 00055TN  20032.44761237 +.00000461 +00000-0 +26464-3 0  9996
2 42418 098.8090 107.8602 0010951 032.6573 327.5275 14.14198967201308
NOAA 16 DEB
1 42418U 00055TN  20033.43812382 +.00000463 +00000-0 +26554-3 0  9996
2 42418 098.8090 108.8367 0010876 029.4631 330.7153 14.14200036201449
NOAA 16 DEB
1 42418U 00055TN  20034.00413005  .00000458  00000-0  26303-3 0  9995
2 42418  98.8090 109.3948 0010834  27.6199 332.5547 14.14200590201524
NOAA 16 DEB
1 42418U 00055TN  20035.41914450 +.00000465 +00000-0 +26651-3 0  9995
2 42418 098.8088 110.7900 0010734 022.9498 337.2153 14.14202062201727
NOAA 16 DEB
1 42418U 00055TN  20036.05590062 +.00000479 +00000-0 +27401-3 0  9994
2 42418 098.8088 111.4178 0010689 020.8208 339.3399 14.14202740201815
NOAA 16 DEB
1 42418U 00055TN  20036.48040453  .00000454  00000-0  26119-3 0  9993
2 42418  98.8087 111.8363 0010663  19.4270 340.7308 14.14203028201871
NOAA 16 DEB
1 42418U 00055TN  20036.97565899 +.00000449 +00000-0 +25820-3 0  9995
2 42418 098.8087 112.3246 0010631 017.7529 342.4014 14.14203456201946
NOAA 16 DEB
1 42418U 00055TN  20038.03691780 +.00000493 +00000-0 +28115-3 0  9992
2 42418 098.8085 113.3709 0010569 014.2322 345.9146 14.14204769202091
NOAA 16 DEB
1 42418U 00055TN  20039.16892606  .00000501  00000-0  28537-3 0  9995
2 42418  98.8084 114.4869 0010507  10.4005 349.7383 14.14206067202253
NOAA 16 DEB
1 42418U 00055TN  20040.01793157 +.00000530 +00000-0 +30075-3 0  9994
2 42418 098.8083 115.3240 0010468 007.4940 352.6388 14.14207167202378
NOAA 16 DEB
1 42418U 00055TN  20040.65468546 +.00000493 +00000-0 +28118-3 0  9998
2 42418 098.8082 115.9518 0010440 005.4027 354.7257 14.14207675202467
NOAA 16 DEB
1 42418U 00055TN  20041.43293977  .00000490  00000-0  27984-3 0  9996
2 42418  98.8082 116.7191 0010408   2.7165 357.4062 14.14208457202575
NOAA 16 DEB
1 42418U 00055TN  20042.42344455 +.00000513 +00000-0 +29169-3 0  9997
2 42418 098.8081 117.6957 0010378 359.3077 000.8080 14.14209607202716
NOAA 16 DEB
1 42418U 00055TN  20042.63569545 +.00000512 +00000-0 +29138-3 0  9994
2 42418 098.8080 117.9049 0010371 358.5796 001.5346 14.14209846202743
NOAA 16 DEB
1 42418U 00055TN  20043.97995065  .00000490  00000-0  27970-3 0  9999
2 42418  98.8079 119.2302 0010333 353.9367   6.1679 14.14211074202936
NOAA 16 DEB
1 42418U 00055TN  20045.46570523 +.00000457 +00000-0 +26271-3 0  9999
2 42418 098.8078 120.6949 0010301 348.7948 011.2994 14.14212364203144
NOAA 16 DEB
1 42418U 00055TN  20046.03170646  .00000460  00000-0  26404-3 0  9997
2 42418  98.8077 121.2529 0010295 346.8195  13.2708 14.14212977203223
NOAA 16 DEB
1 42418U 00055TN  20046.45620743 +.00000442 +00000-0 +25465-3 0  9997
2 42418 098.8076 121.6714 0010290 345.3951 014.6923 14.14213284203283
NOAA 16 DEB
1 42418U 00055TN  20046.66845780 +.00000441 +00000-0 +25402-3 0  9990
2 42418 098.8076 121.8806 0010289 344.6503 015.4357 14.14213514203310
NOAA 16 DEB
1 42418U 00055TN  20047.44670900 +.00000444 +00000-0 +25548-3 0  9991
2 42418 098.8075 122.6479 0010281 341.9354 018.1452 14.14214270203428
NOAA 16 DEB
1 42418U 00055TN  20048.15420970  .00000447  00000-0  25746-3 0  9993
2 42418  98.8075 123.3454 0010285 339.4815  20.5944 14.14214989203528
NOAA 16 DEB
1 42418U 00055TN  20048.64946004 +.00000434 +00000-0 +25059-3 0  9991
2 42418 098.8074 123.8336 0010285 337.7735 022.2991 14.14215382203599
NOAA 16 DEB
1 42418U 00055TN  20049.42771031 +.00000441 +00000-0 +25413-3 0  9996
2 42418 098.8073 124.6008 0010295 335.1168 024.9507 14.14216083203700
NOAA 16 DEB
1 42418U 00055TN  20050.41820975  .00000489  00000-0  27933-3 0  9990
2 42418  98.8072 125.5772 0010311 331.7345  28.3267 14.14217294203846
NOAA 16 DEB
1 42418U 00055TN  20050.98420920 +.00000507 +00000-0 +28877-3 0  9997
2 42418 098.8071 126.1352 0010318 329.7601 030.2976 14.14217911203929
NOAA 16 DEB
1 42418U 00055TN  20052.46995632  .00000538  00000-0  30472-3 0  9997
2 42418  98.8069 127.5998 0010354 324.6010  35.4474 14.14219675204138
NOAA 16 DEB
1 42418U 00055TN  20054.45094992 +.00000542 +00000-0 +30723-3 0  9991
2 42418 098.8066 129.5526 0010421 317.7217 042.3152 14.14222018204417
NOAA 16 DEB
1 42418U 00055TN  20055.15844673  .00000547  00000-0  30984-3 0  9992
2 42418  98.8065 130.2500 0010450 315.3281  44.7049 14.14222952204513
NOAA 16 DEB
1 42418U 00055TN  20055.65369434 +.00000536 +00000-0 +30377-3 0  9998
2 42418 098.8065 130.7382 0010473 313.6345 046.3959 14.14223498204584
NOAA 16 DEB
1 42418U 00055TN  20056.43194013 +.00000543 +00000-0 +30760-3 0  9998
2 42418 098.8064 131.5054 0010511 310.9996 049.0267 14.14224460204697
NOAA 16 DEB
1 42418U 00055TN  20059.04967289  .00000522  00000-0  29626-3 0  9997
2 42418  98.8060 134.0858 0010667 302.1455  57.8682 14.14227244205061
NOAA 16 DEB
1 42418U 00055TN  20060.39391232 +.00000516 +00000-0 +29335-3 0  9996
2 42418 098.8059 135.4108 0010754 297.6206 062.3874 14.14228674205254
NOAA 16 DEB
1 42418U 00055TN  20061.38440362  .00000526  00000-0  29872-3 0  9992
2 42418  98.8058 136.3872 0010829 294.2987  65.7054 14.14229851205393
NOAA 16 DEB
1 42418U 00055TN  20062.02114772 +.00000518 +00000-0 +29434-3 0  9992
2 42418 098.8057 137.0148 0010882 292.2066 067.7952 14.14230507205480
NOAA 16 DEB
1 42418U 00055TN  20063.43613336  .00000526  00000-0  29831-3 0  9998
2 42418  98.8057 138.4095 0011000 287.5804  72.4167 14.14232142205686
NOAA 16 DEB
1 42418U 00055TN  20063.64838108 +.00000523 +00000-0 +29702-3 0  9991
2 42418 098.8056 138.6188 0011020 286.8837 073.1128 14.14232377205719
NOAA 16 DEB
1 42418U 00055TN  20064.49737177 +.00000513 +00000-0 +29155-3 0  9990
2 42418 098.8056 139.4555 0011092 284.1552 075.8388 14.14233188205831
NOAA 16 DEB
1 42418U 00055TN  20064.99261607 +.00000518 +00000-0 +29429-3 0  9994
2 42418 098.8055 139.9436 0011142 282.5653 077.4274 14.14233724205909
NOAA 16 DEB
1 42418U 00055TN  20065.98310425  .00000519  00000-0  29489-3 0  9994
2 42418  98.8054 140.9200 0011235 279.3915  80.5988 14.14234737206045
NOAA 16 DEB
1 42418U 00055TN  20067.46883519 +.00000527 +00000-0 +29886-3 0  9998
2 42418 098.8052 142.3844 0011379 274.6576 085.3297 14.14236379206256
NOAA 16 DEB
1 42418U 00055TN  20067.68108226 +.00000535 +00000-0 +30336-3 0  9998
2 42418 098.8051 142.5936 0011397 273.9868 086.0002 14.14236702206280
NOAA 16 DEB
1 42418U 00055TN  20068.17632554  .00000528  00000-0  29963-3 0  9995
2 42418  98.8051 143.0817 0011450 272.4351  87.5511 14.14237192206358
NOAA 16 DEB
1 42418U 00055TN  20069.16681142 +.00000528 +00000-0 +29974-3 0  9994
2 42418 098.8049 144.0580 0011556 269.3264 090.6585 14.14238324206497
NOAA 16 DEB
1 42418U 00055TN  20070.44029193  .00000548  00000-0  31000-3 0  9994
2 42418  98.8048 145.3132 0011691 265.3873  94.5965 14.14239968206675
NOAA 16 DEB
1 42418U 00055TN  20075.03896187  .00000529  00000-0  30026-3 0  9995
2 42418  98.8043 149.8457 0012250 251.6059 108.3783 14.14245116207322
TBA - TO BE ASSIGNED
1 42418U 00055TN  20075.46345386 +.00000515 +00000-0 +29251-3 0  9995
2 42418 098.8043 150.2641 0012292 250.3288 109.6559 14.14245493207388
TBA - TO BE ASSIGNED
1 42418U 00055TN  20076.17093993 +.00000530 +00000-0 +30037-3 0  9999
2 42418 098.8042 150.9613 0012373 248.2825 111.7031 14.14246442207481
TBA - TO BE ASSIGNED
1 42418U 00055TN  20076.45393430 +.00000531 +00000-0 +30088-3 0  9996
2 42418 098.8042 151.2402 0012408 247.4505 112.5356 14.14246775207529
TBA - TO BE ASSIGNED
1 42418U 00055TN  20078.01040197  .00000537  00000-0  30400-3 0  9993
2 42418  98.8040 152.7742 0012599 242.9636 117.0251 14.14248656207744
NOAA 16 DEB
1 42418U 00055TN  20079.42537109 +.00000554 +00000-0 +31301-3 0  9993
2 42418 098.8038 154.1687 0012739 238.9393 121.0529 14.14250370207947
NOAA 16 DEB
1 42418U 00055TN  20080.48659679  .00000569  00000-0  32077-3 0  9995
2 42418  98.8037 155.2146 0012867 235.9532 124.0420 14.14251670208096
TBA - TO BE ASSIGNED
1 42418U 00055TN  20082.46754898 +.00000587 +00000-0 +33043-3 0  9998
2 42418 098.8035 157.1669 0013108 230.4401 129.5614 14.14254182208376
TBA - TO BE ASSIGNED
1 42418U 00055TN  20083.67026826  .00000593  00000-0  33314-3 0  9993
2 42418  98.8033 158.3521 0013251 227.0974 132.9088 14.14255814208545
TBA - TO BE ASSIGNED
1 42418U 00055TN  20084.44849772 +.00000603 +00000-0 +33879-3 0  9990
2 42418 098.8032 159.1190 0013341 224.9901 135.0192 14.14256902208652
NOAA 16 DEB
1 42418U 00055TN  20086.00495486  .00000605  00000-0  33979-3 0  9996
2 42418  98.8030 160.6528 0013531 220.8007 139.2154 14.14259018208874
NOAA 16 DEB
1 42418U 00055TN  20086.42944293 +.00000595 +00000-0 +33456-3 0  9995
2 42418 098.8030 161.0711 0013574 219.6557 140.3624 14.14259497208939
NOAA 16 DEB
1 42418U 00055TN  20087.49066224 +.00000597 +00000-0 +33552-3 0  9991
2 42418 098.8029 162.1169 0013691 216.8202 143.2032 14.14260841209089
NOAA 16 DEB
1 42418U 00055TN  20087.98589754 +.00000604 +00000-0 +33896-3 0  9993
2 42418 098.8029 162.6049 0013751 215.5176 144.5083 14.14261504209159
NOAA 16 DEB
1 42418U 00055TN  20089.47160251 +.00000592 +00000-0 +33261-3 0  9998
2 42418 098.8027 164.0690 0013919 211.5653 148.4686 14.14263287209362
NOAA 16 DEB
1 42418U 00055TN  20090.67431473 +.00000583 +00000-0 +32818-3 0  9996
2 42418 098.8026 165.2543 0014062 208.4235 151.6173 14.14264787209534
NOAA 16 DEB
1 42418U 00055TN  20091.66478244  .00000605  00000-0  33947-3 0  9992
2 42418  98.8025 166.2303 0014174 205.8342 154.2125 14.14266255209675
NOAA 16 DEB
1 42418U 00055TN  20092.16001606 +.00000599 +00000-0 +33652-3 0  9997
2 42418 098.8025 166.7183 0014224 204.5579 155.4918 14.14266861209744
NOAA 16 DEB
1 42418U 00055TN  20092.93823965 +.00000620 +00000-0 +34732-3 0  9997
2 42418 098.8024 167.4852 0014303 202.5340 157.5206 14.14268041209853
NOAA 16 DEB
1 42418U 00055TN  20093.64571522 +.00000616 +00000-0 +34547-3 0  9994
2 42418 098.8024 168.1824 0014373 200.7058 159.3534 14.14268989209959
NOAA 16 DEB
1 42418U 00055TN  20094.42393784  .00000623  00000-0  34902-3 0  9996
2 42418  98.8023 168.9493 0014448 198.6949 161.3695 14.14270026210065
NOAA 16 DEB
1 42418U 00055TN  20094.91917016 +.00000622 +00000-0 +34828-3 0  9996
2 42418 098.8023 169.4373 0014497 197.4413 162.6264 14.14270648210139
NOAA 16 DEB
1 42418U 00055TN  20096.47561314  .00000618  00000-0  34639-3 0  9990
2 42418  98.8021 170.9711 0014649 193.4886 166.5897 14.14272660210354
NOAA 16 DEB
1 42418U 00055TN  20097.67831706 +.00000640 +00000-0 +35775-3 0  9995
2 42418 098.8020 172.1562 0014762 190.4384 169.6484 14.14274567210520
NOAA 16 DEB
1 42418U 00055TN  20098.45653693 +.00000623 +00000-0 +34877-3 0  9992
2 42418 098.8019 172.9231 0014836 188.5209 171.5715 14.14275489210630
NOAA 16 DEB
1 42418U 00055TN  20098.66877836  .00000644  00000-0  35976-3 0  9996
2 42418  98.8019 173.1322 0014858 188.0004 172.0934 14.14275980210664
NOAA 16 DEB
1 42418U 00055TN  20099.44699747 +.00000621 +00000-0 +34770-3 0  9992
2 42418 098.8018 173.8991 0014925 186.0630 174.0365 14.14276885210777
NOAA 16 DEB
1 42418U 00055TN  20100.43745704 +.00000631 +00000-0 +35319-3 0  9990
2 42418 098.8017 174.8751 0015005 183.5894 176.5174 14.14278337210910
NOAA 16 DEB
1 42418U 00055TN  20101.00343352  .00000630  00000-0  35235-3 0  9993
2 42418  98.8017 175.4328 0015047 182.2027 177.9082 14.14279101210998
NOAA 16 DEB
1 42418U 00055TN  20101.42791568 +.00000626 +00000-0 +35024-3 0  9996
2 42418 098.8017 175.8511 0015082 181.1583 178.9558 14.14279653211059
NOAA 16 DEB
1 42418U 00055TN  20101.99389152 +.00000652 +00000-0 +36396-3 0  9992
2 42418 098.8016 176.4087 0015122 179.7497 180.3686 14.14280580211134
NOAA 16 DEB
1 42418U 00055TN  20102.48912029 +.00000641 +00000-0 +35810-3 0  9990
2 42418 098.8016 176.8967 0015158 178.5145 181.6075 14.14281165211205
NOAA 16 DEB
1 42418U 00055TN  20103.05509569  .00000637  00000-0  35609-3 0  9996
2 42418  98.8015 177.4544 0015205 177.1431 182.9832 14.14281888211283
NOAA 16 DEB
1 42418U 00055TN  20103.90405827 +.00000628 +00000-0 +35154-3 0  9997
2 42418 098.8014 178.2909 0015265 175.0763 185.0563 14.14282965211403
NOAA 16 DEB
1 42418U 00055TN  20105.17750074  .00000625  00000-0  34975-3 0  9992
2 42418  98.8013 179.5457 0015345 171.9856 188.1565 14.14284730211588
NOAA 16 DEB
1 42418U 00055TN  20105.38974068 +.00000639 +00000-0 +35694-3 0  9990
2 42418 098.8013 179.7549 0015363 171.4782 188.6655 14.14285190211615
NOAA 16 DEB
1 42418U 00055TN  20106.45094107 +.00000647 +00000-0 +36107-3 0  9995
2 42418 098.8012 180.8005 0015432 168.9168 191.2348 14.14286803211767
NOAA 16 DEB
1 42418U 00055TN  20107.44139390 +.00000628 +00000-0 +35123-3 0  9995
2 42418 098.8011 181.7764 0015487 166.4689 193.6903 14.14288116211907
NOAA 16 DEB
1 42418U 00055TN  20107.44139390  .00000628  00000-0  35123-3 0  9995
2 42418  98.8011 181.7764 0015487 166.4689 193.6903 14.14288116211907
NOAA 16 DEB
1 42418U 00055TN  20108.43184568 +.00000620 +00000-0 +34731-3 0  9998
2 42418 098.8010 182.7523 0015543 164.0671 196.0993 14.14289454212046
NOAA 16 DEB
1 42418U 00055TN  20109.42229660 +.00000618 +00000-0 +34587-3 0  9997
2 42418 098.8010 183.7283 0015582 161.6668 198.5070 14.14290748212188
NOAA 16 DEB
1 42418U 00055TN  20109.98826817  .00000615  00000-0  34425-3 0  9993
2 42418  98.8009 184.2859 0015611 160.3170 199.8609 14.14291445212264
NOAA 16 DEB
1 42418U 00055TN  20113.17185231  .00000641  00000-0  35795-3 0  9997
2 42418  98.8007 187.4226 0015718 152.6664 207.5340 14.14295861212710
NOAA 16 DEB
1 42418U 00055TN  20113.45483690 +.00000659 +00000-0 +36758-3 0  9997
2 42418 098.8007 187.7013 0015738 152.0157 208.1865 14.14296402212755
NOAA 16 DEB
1 42418U 00055TN  20114.02080613 +.00000653 +00000-0 +36432-3 0  9992
2 42418 098.8007 188.2589 0015745 150.6635 209.5425 14.14297183212835
NOAA 16 DEB
1 42418U 00055TN  20114.44528279 +.00000653 +00000-0 +36452-3 0  9995
2 42418 098.8007 188.6772 0015753 149.6379 210.5710 14.14297811212898
NOAA 16 DEB
1 42418U 00055TN  20116.00169567  .00000636  00000-0  35532-3 0  9999
2 42418  98.8007 190.2107 0015785 145.9378 214.2811 14.14299936213111
NOAA 16 DEB
1 42418U 00055TN  20116.42617140 +.00000657 +00000-0 +36645-3 0  9999
2 42418 098.8006 190.6290 0015782 144.8852 215.3365 14.14300671213170
NOAA 16 DEB
1 42418U 00055TN  20116.92139296 +.00000641 +00000-0 +35774-3 0  9990
2 42418 098.8005 191.1170 0015781 143.6811 216.5436 14.14301257213244
NOAA 16 DEB
1 42418U 00055TN  20118.40705630 +.00000620 +00000-0 +34701-3 0  9992
2 42418 098.8005 192.5808 0015788 140.1434 220.0902 14.14303131213451
NOAA 16 DEB
1 42418U 00055TN  20119.04376844 +.00000615 +00000-0 +34459-3 0  9998
2 42418 098.8004 193.2081 0015792 138.6469 221.5903 14.14303974213548
NOAA 16 DEB
1 42418U 00055TN  20120.03420878 +.00000617 +00000-0 +34526-3 0  9993
2 42418 098.8004 194.1841 0015786 136.2754 223.9672 14.14305345213684
NOAA 16 DEB
1 42418U 00055TN  20120.45868276  .00000629  00000-0  35149-3 0  9992
2 42418  98.8004 194.6023 0015786 135.2869 224.9580 14.14306042213748
NOAA 16 DEB
1 42418U 00055TN  20121.16613911 +.00000629 +00000-0 +35175-3 0  9994
2 42418 098.8004 195.2993 0015779 133.5970 226.6515 14.14307074213841
NOAA 16 DEB
1 42418U 00055TN  20122.01508603 +.00000625 +00000-0 +34966-3 0  9993
2 42418 098.8003 196.1358 0015771 131.5887 228.6641 14.14308267213962
NOAA 16 DEB
1 42418U 00055TN  20123.00552323  .00000615  00000-0  34411-3 0  9995
2 42418  98.8003 197.1116 0015754 129.2341 231.0233 14.14309589214105
NOAA 16 DEB
1 42418U 00055TN  20123.42999609 +.00000610 +00000-0 +34157-3 0  9995
2 42418 098.8003 197.5298 0015750 128.2007 232.0587 14.14310121214167
NOAA 16 DEB
1 42418U 00055TN  20123.99595948 +.00000610 +00000-0 +34168-3 0  9997
2 42418 098.8003 198.0875 0015736 126.8528 233.4091 14.14310883214249
NOAA 16 DEB
1 42418U 00055TN  20124.42043192 +.00000615 +00000-0 +34410-3 0  9990
2 42418 098.8003 198.5057 0015728 125.8112 234.4525 14.14311449214304
NOAA 16 DEB
1 42418U 00055TN  20125.41086684  .00000608  00000-0  34087-3 0  9995
2 42418  98.8002 199.4816 0015700 123.4552 236.8125 14.14312679214441
NOAA 16 DEB
1 42418U 00055TN  20127.03800807 +.00000583 +00000-0 +32762-3 0  9996
2 42418 098.8001 201.0848 0015642 119.5960 240.6774 14.14314589214679
NOAA 16 DEB
1 42418U 00055TN  20127.67471465  .00000598  00000-0  33552-3 0  9994
2 42418  98.8001 201.7121 0015622 118.0804 242.1950 14.14315562214764
NOAA 16 DEB
1 42418U 00055TN  20128.16993067 +.00000602 +00000-0 +33742-3 0  9993
2 42418 098.8001 202.2001 0015601 116.8801 243.3969 14.14316234214835
NOAA 16 DEB
1 42418U 00055TN  20129.44334216 +.00000595 +00000-0 +33356-3 0  9992
2 42418 098.8001 203.4547 0015549 113.8134 246.4671 14.14317899215013
NOAA 16 DEB
1 42418U 00055TN  20130.00930237  .00000577  00000-0  32456-3 0  9991
2 42418  98.8001 204.0124 0015513 112.4812 247.8005 14.14318522215098
NOAA 16 DEB
1 42418U 00055TN  20132.98058839  .00000561  00000-0  31588-3 0  9997
2 42418  98.8000 206.9399 0015341 105.2969 254.9901 14.14322068215515
NOAA 16 DEB
1 42418U 00055TN  20135.66888835 +.00000521 +00000-0 +29507-3 0  9996
2 42418 098.8000 209.5885 0015152 098.7696 261.5194 14.14325061215892
NOAA 16 DEB
1 42418U 00055TN  20136.44707937  .00000504  00000-0  28606-3 0  9996
2 42418  98.8000 210.3552 0015085  96.8756 263.4134 14.14325837216004
NOAA 16 DEB
1 42418U 00055TN  20137.43750360 +.00000482 +00000-0 +27454-3 0  9999
2 42418 098.7999 211.3310 0015010 094.4262 265.8626 14.14326799216142
NOAA 16 DEB
1 42418U 00055TN  20138.00345988 +.00000478 +00000-0 +27247-3 0  9994
2 42418 098.7998 211.8887 0014967 092.9633 267.3253 14.14327394216224
NOAA 16 DEB
1 42418U 00055TN  20138.64016034 +.00000483 +00000-0 +27520-3 0  9991
2 42418 098.7998 212.5160 0014910 091.3835 268.9046 14.14328111216316
NOAA 16 DEB
1 42418U 00055TN  20140.47951564 +.00000489 +00000-0 +27851-3 0  9994
2 42418 098.7999 214.3282 0014737 086.7783 273.5076 14.14329962216577
NOAA 16 DEB
1 42418U 00055TN  20141.46993650  .00000500  00000-0  28434-3 0  9998
2 42418  98.7999 215.3040 0014632  84.2820 276.0021 14.14331077216713
NOAA 16 DEB
1 42418U 00055TN  20143.66300840  .00000484  00000-0  27597-3 0  9995
2 42418  98.7999 217.4648 0014398  78.7580 281.5210 14.14333460217024
NOAA 16 DEB
1 42418U 00055TN  20149.03955247  .00000499  00000-0  28364-3 0  9998
2 42418  98.7998 222.7620 0013791  64.8366 295.4236 14.14339791217784
NOAA 16 DEB
1 42418U 00055TN  20150.45442835 +.00000507 +00000-0 +28778-3 0  9999
2 42418 098.7998 224.1560 0013635 061.1032 299.1507 14.14341541217980
NOAA 16 DEB
1 42418U 00055TN  20151.44484046  .00000494  00000-0  28121-3 0  9996
2 42418  98.7999 225.1318 0013505  58.4620 301.7870 14.14342649218121
NOAA 16 DEB
1 42418U 00055TN  20152.01078979 +.00000499 +00000-0 +28376-3 0  9991
2 42418 098.7998 225.6894 0013430 056.9258 303.3203 14.14343350218208
NOAA 16 DEB
1 42418U 00055TN  20152.64748248 +.00000497 +00000-0 +28246-3 0  9997
2 42418 098.7999 226.3167 0013347 055.1823 305.0604 14.14344097218298
NOAA 16 DEB
1 42418U 00055TN  20153.99161045  .00000499  00000-0  28378-3 0  9998
2 42418  98.7999 227.6411 0013186  51.4761 308.7592 14.14345563218481
NOAA 16 DEB
1 42418U 00055TN  20154.48681504 +.00000513 +00000-0 +29110-3 0  9992
2 42418 098.7999 228.1290 0013122 050.1143 310.1181 14.14346196218554
NOAA 16 DEB
1 42418U 00055TN  20155.47722359 +.00000533 +00000-0 +30142-3 0  9995
2 42418 098.7999 229.1049 0012989 047.3662 312.8604 14.14347428218694
NOAA 16 DEB
1 42418U 00055TN  20157.45803810 +.00000546 +00000-0 +30800-3 0  9992
2 42418 098.8000 231.0566 0012726 041.7860 318.4282 14.14349897218978
NOAA 16 DEB
1 42418U 00055TN  20157.67026794  .00000547  00000-0  30881-3 0  9994
2 42418  98.8000 231.2657 0012699  41.1942 319.0187 14.14350216219008
NOAA 16 DEB
1 42418U 00055TN  20158.44844400 +.00000539 +00000-0 +30445-3 0  9999
2 42418 098.8000 232.0324 0012601 038.9780 321.2299 14.14351117219117
NOAA 16 DEB
1 42418U 00055TN  20158.44844400 +.00000539 +00000-0 +30445-3 0  9999
2 42418 098.8000 232.0324 0012601 038.9780 321.2299 14.14351117219117
NOAA 16 DEB
1 42418U 00055TN  20158.44844400 +.00000539 +00000-0 +30445-3 0  9999
2 42418 098.8000 232.0324 0012601 038.9780 321.2299 14.14351117219117
NOAA 16 DEB
1 42418U 00055TN  20160.00479440 +.00000520 +00000-0 +29441-3 0  9996
2 42418 098.8000 233.5659 0012399 034.4692 325.7283 14.14352919219338
NOAA 16 DEB
1 42418U 00055TN  20160.99519811  .00000525  00000-0  29726-3 0  9992
2 42418  98.8000 234.5418 0012275  31.5520 328.6387 14.14354100219479
NOAA 16 DEB
1 42418U 00055TN  20161.49039974 +.00000517 +00000-0 +29286-3 0  9997
2 42418 098.8000 235.0297 0012217 030.0961 330.0912 14.14354598219549
NOAA 16 DEB
1 42418U 00055TN  20162.05634420 +.00000512 +00000-0 +29035-3 0  9994
2 42418 098.8000 235.5873 0012142 028.3950 331.7882 14.14355185219625
NOAA 16 DEB
1 42418U 00055TN  20162.48080235 +.00000514 +00000-0 +29146-3 0  9995
2 42418 098.8000 236.0055 0012088 027.1376 333.0427 14.14355669219684
NOAA 16 DEB
1 42418U 00055TN  20163.04674635  .00000514  00000-0  29135-3 0  9999
2 42418  98.7999 236.5632 0012015  25.4320 334.7442 14.14356296219767
NOAA 16 DEB
1 42418U 00055TN  20164.39086235 +.00000507 +00000-0 +28805-3 0  9996
2 42418 098.7999 237.8875 0011840 021.3458 338.8207 14.14357787219953
NOAA 16 DEB
1 42418U 00055TN  20164.67383393 +.00000508 +00000-0 +28822-3 0  9992
2 42418 098.7999 238.1663 0011806 020.4870 339.6774 14.14358144219992
NOAA 16 DEB
1 42418U 00055TN  20165.45200553 +.00000501 +00000-0 +28458-3 0  9993
2 42418 098.7999 238.9331 0011708 018.0661 342.0926 14.14358979220102
NOAA 16 DEB
1 42418U 00055TN  20165.45200553  .00000501  00000-0  28458-3 0  9993
2 42418  98.7999 238.9331 0011708  18.0661 342.0926 14.14358979220102
NOAA 16 DEB
1 42418U 00055TN  20166.15943381 +.00000492 +00000-0 +27987-3 0  9999
2 42418 098.7999 239.6301 0011623 015.8511 344.3024 14.14359754220209
NOAA 16 DEB
1 42418U 00055TN  20166.65463357 +.00000465 +00000-0 +26564-3 0  9994
2 42418 098.8000 240.1180 0011568 014.3204 345.8295 14.14360126220274
NOAA 16 DEB
1 42418U 00055TN  20167.43280407 +.00000462 +00000-0 +26423-3 0  9995
2 42418 098.8000 240.8847 0011484 011.8646 348.2796 14.14360909220384
NOAA 16 DEB
1 42418U 00055TN  20168.14023154  .00000447  00000-0  25658-3 0  9990
2 42418  98.8000 241.5817 0011406   9.5997 350.5392 14.14361508220481
NOAA 16 DEB
1 42418U 00055TN  20168.42320242 +.00000447 +00000-0 +25671-3 0  9994
2 42418 098.8001 241.8605 0011373 008.6982 351.4386 14.14361769220524
NOAA 16 DEB
1 42418U 00055TN  20168.98914403 +.00000441 +00000-0 +25309-3 0  9995
2 42418 098.8001 242.4182 0011313 006.8502 353.2824 14.14362246220600
NOAA 16 DEB
1 42418U 00055TN  20169.97954122 +.00000454 +00000-0 +26028-3 0  9990
2 42418 098.8001 243.3940 0011207 003.6353 356.4899 14.14363258220749
NOAA 16 DEB
1 42418U 00055TN  20170.96993801  .00000441  00000-0  25329-3 0  9997
2 42418  98.8002 244.3699 0011104   0.4007 359.7173 14.14364076220884
NOAA 16 DEB
1 42418U 00055TN  20171.67736374 +.00000456 +00000-0 +26092-3 0  9990
2 42418 098.8002 245.0669 0011033 358.0792 002.0336 14.14364882220988
NOAA 16 DEB
1 42418U 00055TN  20172.45553132 +.00000499 +00000-0 +28369-3 0  9992
2 42418 098.8002 245.8336 0010955 355.5241 004.5832 14.14365988221099
NOAA 16 DEB
1 42418U 00055TN  20172.66775872 +.00000508 +00000-0 +28842-3 0  9999
2 42418 098.8002 246.0427 0010936 354.8187 005.2871 14.14366318221126
NOAA 16 DEB
1 42418U 00055TN  20173.16295562  .00000553  00000-0  31192-3 0  9990
2 42418  98.8001 246.5307 0010900 353.2209   6.8815 14.14367232221194
NOAA 16 DEB
1 42418U 00055TN  20173.44592497 +.00000594 +00000-0 +33304-3 0  9990
2 42418 098.8002 246.8095 0010869 352.2111 007.8891 14.14367891221238
NOAA 16 DEB
1 42418U 00055TN  20173.65815214 +.00000594 +00000-0 +33336-3 0  9993
2 42418 098.8002 247.0186 0010850 351.4979 008.6009 14.14368195221266
NOAA 16 DEB
1 42418U 00055TN  20173.94112164 +.00000596 +00000-0 +33453-3 0  9991
2 42418 098.8002 247.2974 0010827 350.5508 009.5460 14.14368562221309
NOAA 16 DEB
1 42418U 00055TN  20174.64854523 +.00000578 +00000-0 +32478-3 0  9997
2 42418 098.8002 247.9944 0010770 348.1833 011.9086 14.14369377221401
NOAA 16 DEB
1 42418U 00055TN  20175.00225698 +.00000559 +00000-0 +31521-3 0  9990
2 42418 098.8002 248.3430 0010744 346.9822 013.1072 14.14369669221459
NOAA 16 DEB
1 42418U 00055TN  20175.99264887  .00000561  00000-0  31598-3 0  9998
2 42418  98.8002 249.3188 0010673 343.6227  16.4599 14.14370940221593
NOAA 16 DEB
1 42418U 00055TN  20176.48784425 +.00000580 +00000-0 +32606-3 0  9990
2 42418 098.8002 249.8067 0010635 341.8696 018.2096 14.14371739221669
NOAA 16 DEB
1 42418U 00055TN  20176.98303968 +.00000568 +00000-0 +31960-3 0  9992
2 42418 098.8002 250.2947 0010600 340.1076 019.9683 14.14372291221730
NOAA 16 DEB
1 42418U 00055TN  20178.46862539  .00000498  00000-0  28304-3 0  9991
2 42418  98.8002 251.7585 0010511 334.9731  25.0931 14.14373612221949
NOAA 16 DEB
1 42418U 00055TN  20179.03456258 +.00000468 +00000-0 +26729-3 0  9998
2 42418 098.8002 252.3161 0010476 332.8396 027.2227 14.14373997222028
NOAA 16 DEB
1 42418U 00055TN  20179.67124209 +.00000413 +00000-0 +23871-3 0  9991
2 42418 098.8002 252.9435 0010441 330.5529 029.5055 14.14374215222111
NOAA 16 DEB
1 42418U 00055TN  20180.66163157  .00000387  00000-0  22497-3 0  9990
2 42418  98.8002 253.9193 0010400 327.1150  32.9374 14.14374936222257
NOAA 16 DEB
1 42418U 00055TN  20182.43018326 +.00000368 +00000-0 +21530-3 0  9990
2 42418 098.8002 255.6619 0010338 320.9687 039.0739 14.14376109222500
NOAA 16 DEB
1 42418U 00055TN  20183.13760344  .00000361  00000-0  21137-3 0  9998
2 42418  98.8002 256.3590 0010336 318.4705  41.5682 14.14376553222606
NOAA 16 DEB
1 42418U 00055TN  20183.49131344 +.00000357 +00000-0 +20947-3 0  9992
2 42418 098.8002 256.7076 0010329 317.2370 042.7998 14.14376768222652
NOAA 16 DEB
1 42418U 00055TN  20184.97689511 +.00000339 +00000-0 +20026-3 0  9998
2 42418 098.8003 258.1714 0010321 311.8931 048.1361 14.14377623222861
NOAA 16 DEB
1 42418U 00055TN  20185.47208850  .00000364  00000-0  21295-3 0  9994
2 42418  98.8003 258.6593 0010323 310.0645  49.9622 14.14378179222930
NOAA 16 DEB
1 42418U 00055TN  20186.03802374 +.00000378 +00000-0 +22041-3 0  9993
2 42418 098.8003 259.2170 0010326 308.0301 051.9939 14.14378734223018
NOAA 16 DEB
1 42418U 00055TN  20187.45286096 +.00000395 +00000-0 +22915-3 0  9996
2 42418 098.8004 260.6111 0010339 302.9890 057.0288 14.14380122223210
NOAA 16 DEB
1 42418U 00055TN  20188.16027908  .00000388  00000-0  22568-3 0  9996
2 42418  98.8003 261.3081 0010351 300.5037  59.5114 14.14380774223313
NOAA 16 DEB
1 42418U 00055TN  20188.44324641 +.00000371 +00000-0 +21671-3 0  9997
2 42418 098.8004 261.5870 0010352 299.5264 060.4877 14.14380902223356
NOAA 16 DEB
1 42418U 00055TN  20189.43363174 +.00000314 +00000-0 +18707-3 0  9994
2 42418 098.8004 262.5629 0010392 295.9866 064.0236 14.14381336223497
NOAA 16 DEB
1 42418U 00055TN  20190.42401662  .00000301  00000-0  18013-3 0  9996
2 42418  98.8004 263.5388 0010436 292.5204  67.4864 14.14381948223637
NOAA 16 DEB
1 42418U 00055TN  20191.48514291 +.00000284 +00000-0 +17134-3 0  9999
2 42418 098.8004 264.5843 0010494 288.7472 071.2562 14.14382509223780
NOAA 16 DEB
1 42418U 00055TN  20191.98033464 +.00000331 +00000-0 +19560-3 0  9990
2 42418 098.8003 265.0723 0010518 287.0754 072.9267 14.14383171223858
NOAA 16 DEB
1 42418U 00055TN  20193.04145991  .00000347  00000-0  20445-3 0  9999
2 42418  98.8003 266.1179 0010586 283.3671  76.6322 14.14384023224005
NOAA 16 DEB
1 42418U 00055TN  20193.46590964 +.00000377 +00000-0 +21996-3 0  9994
2 42418 098.8003 266.5361 0010613 281.8960 078.1022 14.14384569224062
NOAA 16 DEB
1 42418U 00055TN  20195.44667444  .00000383  00000-0  22285-3 0  9991
2 42418  98.8003 268.4878 0010745 275.1125  84.8822 14.14386354224348
NOAA 16 DEB
1 42418U 00055TN  20195.65889903 +.00000383 +00000-0 +22311-3 0  9990
2 42418 098.8003 268.6969 0010760 274.3663 085.6280 14.14386594224372
NOAA 16 DEB
1 42418U 00055TN  20196.01260667 +.00000392 +00000-0 +22788-3 0  9999
2 42418 098.8003 269.0454 0010786 273.1745 086.8194 14.14386975224428
NOAA 16 DEB
1 42418U 00055TN  20197.99336828  .00000369  00000-0  21588-3 0  9991
2 42418  98.8004 270.9973 0010970 266.5828  93.4090 14.14388668224700
NOAA 16 DEB
1 42418U 00055TN  20198.48855836 +.00000368 +00000-0 +21529-3 0  9995
2 42418 098.8004 271.4851 0011013 264.9246 095.0670 14.14389091224776
NOAA 16 DEB
1 42418U 00055TN  20198.91300676 +.00000393 +00000-0 +22813-3 0  9995
2 42418 098.8004 271.9034 0011053 263.5508 096.4407 14.14389625224837
NOAA 16 DEB
1 42418U 00055TN  20200.46931681  .00000441  00000-0  25330-3 0  9996
2 42418  98.8004 273.4368 0011187 258.4712 101.5205 14.14391366225056
NOAA 16 DEB
1 42418U 00055TN  20201.45969539 +.00000426 +00000-0 +24523-3 0  9995
2 42418 098.8004 274.4127 0011297 255.2645 104.7276 14.14392205225193
NOAA 16 DEB
1 42418U 00055TN  20202.45007291 +.00000466 +00000-0 +26647-3 0  9997
2 42418 098.8004 275.3886 0011410 252.0915 107.9014 14.14393515225333
NOAA 16 DEB
1 42418U 00055TN  20203.01600248  .00000490  00000-0  27857-3 0  9992
2 42418  98.8004 275.9462 0011473 250.2966 109.6970 14.14394306225412
NOAA 16 DEB
1 42418U 00055TN  20203.93563757 +.00000502 +00000-0 +28495-3 0  9999
2 42418 098.8004 276.8524 0011581 247.4108 112.5840 14.14395442225542
NOAA 16 DEB
1 42418U 00055TN  20204.43082542 +.00000513 +00000-0 +29082-3 0  9998
2 42418 098.8004 277.3403 0011636 245.8786 114.1170 14.14396074225613
NOAA 16 DEB
1 42418U 00055TN  20205.06749532  .00000515  00000-0  29201-3 0  9992
2 42418  98.8003 277.9676 0011715 243.9180 116.0788 14.14396787225702
NOAA 16 DEB
1 42418U 00055TN  20205.49194212 +.00000485 +00000-0 +27597-3 0  9990
2 42418 098.8003 278.3859 0011746 242.6040 117.3939 14.14396994225763
NOAA 16 DEB
1 42418U 00055TN  20205.91638860 +.00000470 +00000-0 +26812-3 0  9992
2 42418 098.8003 278.8041 0011809 241.3104 118.6882 14.14397320225820
NOAA 16 DEB
1 42418U 00055TN  20207.04824581 +.00000410 +00000-0 +23702-3 0  9994
2 42418 098.8002 279.9194 0011955 237.8962 122.1052 14.14397984225986
NOAA 16 DEB
1 42418U 00055TN  20207.47269203  .00000404  00000-0  23375-3 0  9994
2 42418  98.8003 280.3376 0012003 236.6219 123.3806 14.14398340226047
NOAA 16 DEB
1 42418U 00055TN  20208.03862000 +.00000423 +00000-0 +24352-3 0  9998
2 42418 098.8002 280.8952 0012073 234.9308 125.0733 14.14399003226122
NOAA 16 DEB
1 42418U 00055TN  20209.02899341 +.00000446 +00000-0 +25597-3 0  9993
2 42418 098.8002 281.8711 0012193 231.9860 128.0213 14.14400136226260
NOAA 16 DEB
1 42418U 00055TN  20210.01936645  .00000429  00000-0  24664-3 0  9998
2 42418  98.8002 282.8469 0012310 229.0702 130.9406 14.14400974226407
NOAA 16 DEB
1 42418U 00055TN  20210.44381171 +.00000435 +00000-0 +24990-3 0  9992
2 42418 098.8002 283.2652 0012379 227.8506 132.1616 14.14401439226469
NOAA 16 DEB
1 42418U 00055TN  20211.00973863 +.00000438 +00000-0 +25172-3 0  9996
2 42418 098.8002 283.8228 0012451 226.2284 133.7859 14.14402007226548
NOAA 16 DEB
1 42418U 00055TN  20211.43418373 +.00000434 +00000-0 +24972-3 0  9996
2 42418 098.8002 284.2410 0012504 225.0048 135.0113 14.14402391226601
NOAA 16 DEB
1 42418U 00055TN  20212.49529597  .00000440  00000-0  25272-3 0  9995
2 42418  98.8002 285.2866 0012642 221.9966 138.0238 14.14403415226759
NOAA 16 DEB
1 42418U 00055TN  20213.06122220 +.00000438 +00000-0 +25164-3 0  9998
2 42418 098.8002 285.8443 0012712 220.4285 139.5944 14.14403931226834
NOAA 16 DEB
1 42418U 00055TN  20215.04196324 +.00000405 +00000-0 +23411-3 0  9991
2 42418 098.8002 287.7959 0012968 214.9248 145.1076 14.14405372227119
NOAA 16 DEB
1 42418U 00055TN  20216.45677764 +.00000362 +00000-0 +21178-3 0  9999
2 42418 098.8002 289.1900 0013139 211.0141 149.0257 14.14406159227312
NOAA 16 DEB
1 42418U 00055TN  20217.44714661 +.00000390 +00000-0 +22634-3 0  9996
2 42418 098.8002 290.1658 0013276 208.3790 151.6662 14.14407158227459
NOAA 16 DEB
1 42418U 00055TN  20217.65936842 +.00000411 +00000-0 +23734-3 0  9992
2 42418 098.8002 290.3749 0013300 207.8232 152.2231 14.14407484227489
NOAA 16 DEB
1 42418U 00055TN  20218.43751483 +.00000435 +00000-0 +24989-3 0  9994
2 42418 098.8002 291.1416 0013390 205.7034 154.3475 14.14408314227593
NOAA 16 DEB
1 42418U 00055TN  20218.64973627 +.00000463 +00000-0 +26467-3 0  9997
2 42418 098.8002 291.3507 0013425 205.1638 154.8882 14.14408738227620
NOAA 16 DEB
1 42418U 00055TN  20220.41824879  .00000477  00000-0  27157-3 0  9991
2 42418  98.8000 293.0933 0013618 200.4702 159.5927 14.14410537227873
NOAA 16 DEB
1 42418U 00055TN  20221.40861484 +.00000478 +00000-0 +27219-3 0  9994
2 42418 098.7999 294.0691 0013734 197.9165 162.1525 14.14411566228017
NOAA 16 DEB
1 42418U 00055TN  20222.04527842 +.00000458 +00000-0 +26165-3 0  9999
2 42418 098.7998 294.6964 0013814 196.2763 163.7968 14.14412126228101
NOAA 16 DEB
1 42418U 00055TN  20223.03564325  .00000458  00000-0  26189-3 0  9992
2 42418  98.7998 295.6722 0013924 193.7284 166.3512 14.14413253228247
NOAA 16 DEB
1 42418U 00055TN  20223.46008504 +.00000459 +00000-0 +26244-3 0  9994
2 42418 098.7998 296.0904 0013971 192.6440 167.4384 14.14413765228302
NOAA 16 DEB
1 42418U 00055TN  20224.16748792 +.00000448 +00000-0 +25650-3 0  9990
2 42418 098.7997 296.7874 0014045 190.8593 169.2279 14.14414482228407
NOAA 16 DEB
1 42418U 00055TN  20224.66266968 +.00000440 +00000-0 +25227-3 0  9997
2 42418 098.7998 297.2753 0014099 189.5973 170.4932 14.14415000228470
NOAA 16 DEB
1 42418U 00055TN  20225.44081217  .00000431  00000-0  24752-3 0  9998
2 42418  98.7997 298.0419 0014178 187.6163 172.4797 14.14415746228585
NOAA 16 DEB
1 42418U 00055TN  20225.65303277 +.00000432 +00000-0 +24835-3 0  9997
2 42418 098.7997 298.2510 0014199 187.0964 173.0010 14.14415987228611
NOAA 16 DEB
1 42418U 00055TN  20226.14821401 +.00000434 +00000-0 +24908-3 0  9999
2 42418 098.7997 298.7386 0014272 185.7828 174.3183 14.14416487228681
NOAA 16 DEB
1 42418U 00055TN  20226.64339524 +.00000451 +00000-0 +25840-3 0  9999
2 42418 098.7997 299.2268 0014288 184.5804 175.5240 14.14417053228759
NOAA 16 DEB
1 42418U 00055TN  20227.06783616 +.00000446 +00000-0 +25560-3 0  9994
2 42418 098.7997 299.6450 0014320 183.5443 176.5631 14.14417390228817
NOAA 16 DEB
1 42418U 00055TN  20227.98745766  .00000451  00000-0  25793-3 0  9993
2 42418  98.7997 300.5511 0014397 181.2672 178.8467 14.14418237228947
NOAA 16 DEB
1 42418U 00055TN  20229.47299921 +.00000424 +00000-0 +24401-3 0  9991
2 42418 098.7997 302.0148 0014522 177.5987 182.5258 14.14419374229154
NOAA 16 DEB
1 42418U 00055TN  20230.18039950  .00000429  00000-0  24644-3 0  9999
2 42418  98.7997 302.7117 0014578 175.8865 184.2430 14.14420022229258
NOAA 16 DEB
1 42418U 00055TN  20230.46335947 +.00000423 +00000-0 +24368-3 0  9992
2 42418 098.7998 302.9905 0014602 175.2004 184.9312 14.14420253229299
NOAA 16 DEB
1 42418U 00055TN  20231.45371903 +.00000442 +00000-0 +25354-3 0  9991
2 42418 098.7997 303.9663 0014678 172.7891 187.3496 14.14421291229438
NOAA 16 DEB
1 42418U 00055TN  20232.44407783 +.00000440 +00000-0 +25250-3 0  9990
2 42418 098.7997 304.9420 0014749 170.3199 189.8261 14.14422265229578
NOAA 16 DEB
1 42418U 00055TN  20232.44407783  .00000440  00000-0  25250-3 0  9990
2 42418  98.7997 304.9420 0014749 170.3199 189.8261 14.14422265229578
NOAA 16 DEB
1 42418U 00055TN  20233.00999690 +.00000430 +00000-0 +24701-3 0  9995
2 42418 098.7996 305.4996 0014782 168.9725 191.1775 14.14422733229651
NOAA 16 DEB
1 42418U 00055TN  20234.42479355 +.00000420 +00000-0 +24191-3 0  9995
2 42418 098.7995 306.8935 0014864 165.5345 194.6256 14.14423995229855
NOAA 16 DEB
1 42418U 00055TN  20234.91997200  .00000428  00000-0  24611-3 0  9998
2 42418  98.7995 307.3814 0014892 164.3496 195.8140 14.14424498229924
NOAA 16 DEB
1 42418U 00055TN  20235.48589021 +.00000426 +00000-0 +24506-3 0  9990
2 42418 098.7995 307.9389 0014920 162.9741 197.1936 14.14424968230007
NOAA 16 DEB
1 42418U 00055TN  20236.47624656 +.00000420 +00000-0 +24201-3 0  9990
2 42418 098.7994 308.9147 0014966 160.6008 199.5738 14.14425790230145
NOAA 16 DEB
1 42418U 00055TN  20237.46660200  .00000431  00000-0  24788-3 0  9997
2 42418  98.7993 309.8904 0015005 158.2373 201.9440 14.14426816230281
NOAA 16 DEB
1 42418U 00055TN  20237.67882097 +.00000426 +00000-0 +24479-3 0  9991
2 42418 098.7993 310.0995 0015013 157.7411 202.4416 14.14427004230314
NOAA 16 DEB
1 42418U 00055TN  20238.45695685 +.00000432 +00000-0 +24807-3 0  9995
2 42418 098.7993 310.8661 0015043 155.8669 204.3212 14.14427799230427
NOAA 16 DEB
1 42418U 00055TN  20239.44731105 +.00000411 +00000-0 +23743-3 0  9998
2 42418 098.7992 311.8418 0015073 153.5560 206.6385 14.14428657230560
NOAA 16 DEB
1 42418U 00055TN  20240.15470643  .00000420  00000-0  24209-3 0  9993
2 42418  98.7992 312.5388 0015088 151.8654 208.3338 14.14429412230663
NOAA 16 DEB
1 42418U 00055TN  20240.43766448 +.00000418 +00000-0 +24091-3 0  9991
2 42418 098.7992 312.8175 0015097 151.1806 209.0204 14.14429672230705
NOAA 16 DEB
1 42418U 00055TN  20241.42801722 +.00000434 +00000-0 +24934-3 0  9990
2 42418 098.7992 313.7932 0015115 148.8008 211.4065 14.14430691230844
NOAA 16 DEB
1 42418U 00055TN  20242.41836927  .00000447  00000-0  25580-3 0  9997
2 42418  98.7992 314.7689 0015128 146.4450 213.7685 14.14431652230989
NOAA 16 DEB
1 42418U 00055TN  20242.98428443 +.00000455 +00000-0 +25998-3 0  9991
2 42418 098.7991 315.3265 0015125 145.0953 215.1215 14.14432197231065
NOAA 16 DEB
1 42418U 00055TN  20244.46981060  .00000477  00000-0  27157-3 0  9998
2 42418  98.7992 316.7900 0015128 141.5592 218.6661 14.14433717231275
NOAA 16 DEB
1 42418U 00055TN  20245.46016029 +.00000511 +00000-0 +28913-3 0  9993
2 42418 098.7992 317.7656 0015116 139.2265 221.0042 14.14434942231410
NOAA 16 DEB
1 42418U 00055TN  20246.02607411 +.00000507 +00000-0 +28731-3 0  9990
2 42418 098.7991 318.3231 0015112 137.8840 222.3497 14.14435521231494
NOAA 16 DEB
1 42418U 00055TN  20247.01642239  .00000509  00000-0  28811-3 0  9998
2 42418  98.7990 319.2988 0015100 135.5265 224.7123 14.14436679231638
NOAA 16 DEB
1 42418U 00055TN  20247.44085722 +.00000496 +00000-0 +28130-3 0  9992
2 42418 098.7990 319.7169 0015095 134.5092 225.7318 14.14437074231697
NOAA 16 DEB
1 42418U 00055TN  20248.43120439 +.00000487 +00000-0 +27672-3 0  9997
2 42418 098.7989 320.6926 0015073 132.1230 228.1227 14.14438138231835
NOAA 16 DEB
1 42418U 00055TN  20249.42155065  .00000502  00000-0  28445-3 0  9997
2 42418  98.7987 321.6682 0015046 129.7364 230.5137 14.14439324231973
NOAA 16 DEB
1 42418U 00055TN  20252.03889115  .00000479  00000-0  27265-3 0  9990
2 42418  98.7984 324.2467 0014940 123.4489 236.8115 14.14441913232345
NOAA 16 DEB
1 42418U 00055TN  20252.46332412 +.00000483 +00000-0 +27453-3 0  9994
2 42418 098.7984 324.6648 0014918 122.4401 237.8217 14.14442417232409
NOAA 16 DEB
1 42418U 00055TN  20253.45366751 +.00000469 +00000-0 +26711-3 0  9997
2 42418 098.7984 325.6404 0014873 120.0342 240.2308 14.14443375232546
NOAA 16 DEB
1 42418U 00055TN  20254.44401003  .00000452  00000-0  25863-3 0  9996
2 42418  98.7983 326.6160 0014823 117.6168 242.6512 14.14444348232687
NOAA 16 DEB
1 42418U 00055TN  20255.43435189 +.00000451 +00000-0 +25803-3 0  9991
2 42418 098.7983 327.5915 0014761 115.1964 245.0741 14.14445324232825
NOAA 16 DEB
1 42418U 00055TN  20256.42469308 +.00000444 +00000-0 +25407-3 0  9993
2 42418 098.7982 328.5671 0014708 112.8385 247.4343 14.14446179232964
NOAA 16 DEB
1 42418U 00055TN  20257.06134056  .00000446  00000-0  25524-3 0  9995
2 42418  98.7981 329.1942 0014659 111.2367 249.0373 14.14446770233058
NOAA 16 DEB
1 42418U 00055TN  20258.47611193 +.00000459 +00000-0 +26206-3 0  9995
2 42418 098.7981 330.5879 0014559 107.7477 252.5286 14.14448070233253
NOAA 16 DEB
1 42418U 00055TN  20259.46645108 +.00000464 +00000-0 +26468-3 0  9994
2 42418 098.7980 331.5634 0014477 105.2801 254.9973 14.14448986233395
NOAA 16 DEB
1 42418U 00055TN  20259.46645108  .00000464  00000-0  26468-3 0  9994
2 42418  98.7980 331.5634 0014477 105.2801 254.9973 14.14448986233395
NOAA 16 DEB
1 42418U 00055TN  20260.03235870 +.00000475 +00000-0 +27067-3 0  9998
2 42418 098.7980 332.1208 0014431 103.8766 256.4014 14.14449615233475
NOAA 16 DEB
1 42418U 00055TN  20261.44712682 +.00000472 +00000-0 +26915-3 0  9993
2 42418 098.7979 333.5144 0014316 100.3087 259.9701 14.14451026233679
NOAA 16 DEB
1 42418U 00055TN  20262.01303356  .00000474  00000-0  26978-3 0  9992
2 42418  98.7978 334.0718 0014266  98.8569 261.4220 14.14451623233757
NOAA 16 DEB
1 42418U 00055TN  20262.43746344 +.00000475 +00000-0 +27024-3 0  9990
2 42418 098.7978 334.4899 0014230 097.7737 262.5052 14.14452075233811
NOAA 16 DEB
1 42418U 00055TN  20263.00336976 +.00000468 +00000-0 +26665-3 0  9992
2 42418 098.7978 335.0473 0014174 096.3169 263.9619 14.14452600233893
NOAA 16 DEB
1 42418U 00055TN  20264.41813447  .00000466  00000-0  26579-3 0  9993
2 42418  98.7976 336.4409 0014037  92.6853 267.5927 14.14453971234099
NOAA 16 DEB
1 42418U 00055TN  20265.05477805 +.00000471 +00000-0 +26816-3 0  9998
2 42418 098.7975 337.0680 0013972 091.0411 269.2363 14.14454617234187
NOAA 16 DEB
1 42418U 00055TN  20266.46954045  .00000480  00000-0  27328-3 0  9999
2 42418  98.7974 338.4615 0013831  87.3581 272.9175 14.14456104234386
NOAA 16 DEB
1 42418U 00055TN  20267.45987345 +.00000472 +00000-0 +26914-3 0  9999
2 42418 098.7973 339.4370 0013718 084.7651 275.5087 14.14457032234525
NOAA 16 DEB
1 42418U 00055TN  20268.45020535 +.00000497 +00000-0 +28190-3 0  9994
2 42418 098.7972 340.4125 0013609 082.1497 278.1220 14.14458249234667
NOAA 16 DEB
1 42418U 00055TN  20269.44053640 +.00000508 +00000-0 +28789-3 0  9994
2 42418 098.7972 341.3879 0013503 079.4989 280.7705 14.14459409234803
NOAA 16 DEB
1 42418U 00055TN  20270.43086639 +.00000536 +00000-0 +30235-3 0  9999
2 42418 098.7972 342.3634 0013392 076.7996 283.4670 14.14460697234944
NOAA 16 DEB
1 42418U 00055TN  20271.42119554  .00000574  00000-0  32216-3 0  9995
2 42418  98.7972 343.3388 0013284  74.0968 286.1669 14.14462016235082
NOAA 16 DEB
1 42418U 00055TN  20272.41152351 +.00000651 +00000-0 +36206-3 0  9996
2 42418 098.7972 344.3142 0013169 071.3673 288.8929 14.14463639235222
NOAA 16 DEB
1 42418U 00055TN  20273.04816257 +.00000645 +00000-0 +35885-3 0  9993
2 42418 098.7971 344.9413 0013097 069.6068 290.6511 14.14464375235312
NOAA 16 DEB
1 42418U 00055TN  20274.46291422 +.00000661 +00000-0 +36734-3 0  9993
2 42418 098.7971 346.3348 0012929 065.6593 294.5928 14.14466389235511
NOAA 16 DEB
1 42418U 00055TN  20274.46291422  .00000661  00000-0  36734-3 0  9993
2 42418  98.7971 346.3348 0012929  65.6593 294.5928 14.14466389235511
NOAA 16 DEB
1 42418U 00055TN  20275.45323918 +.00000644 +00000-0 +35876-3 0  9996
2 42418 098.7971 347.3102 0012806 062.8358 297.4119 14.14467699235656
NOAA 16 DEB
1 42418U 00055TN  20276.01913872 +.00000632 +00000-0 +35229-3 0  9992
2 42418 098.7970 347.8676 0012735 061.2072 299.0378 14.14468429235739
NOAA 16 DEB
1 42418U 00055TN  20277.00946188  .00000636  00000-0  35455-3 0  9993
2 42418  98.7969 348.8430 0012619  58.3675 301.8727 14.14469908235871
NOAA 16 DEB
1 42418U 00055TN  20277.43388588 +.00000624 +00000-0 +34827-3 0  9993
2 42418 098.7969 349.2610 0012571 057.1390 303.0992 14.14470428235938
NOAA 16 DEB
1 42418U 00055TN  20278.42420793 +.00000602 +00000-0 +33689-3 0  9999
2 42418 098.7967 350.2365 0012474 054.2420 305.9912 14.14471613236075
NOAA 16 DEB
1 42418U 00055TN  20278.91936852 +.00000607 +00000-0 +33942-3 0  9998
2 42418 098.7966 350.7242 0012416 052.7643 307.4661 14.14472280236146
NOAA 16 DEB
1 42418U 00055TN  20280.05116333  .00000611  00000-0  34119-3 0  9992
2 42418  98.7964 351.8389 0012286  49.3843 310.8397 14.14473754236306
NOAA 16 DEB
1 42418U 00055TN  20281.04148287 +.00000616 +00000-0 +34401-3 0  9994
2 42418 098.7963 352.8142 0012177 046.4241 313.7941 14.14475051236446
NOAA 16 DEB
1 42418U 00055TN  20282.03180150 +.00000610 +00000-0 +34092-3 0  9999
2 42418 098.7963 353.7896 0012067 043.4300 316.7822 14.14476309236586
NOAA 16 DEB
1 42418U 00055TN  20283.02211912  .00000611  00000-0  34139-3 0  9993
2 42418  98.7962 354.7650 0011964  40.4055 319.8005 14.14477644236729
NOAA 16 DEB
1 42418U 00055TN  20283.44654059 +.00000611 +00000-0 +34155-3 0  9990
2 42418 098.7962 355.1830 0011912 039.0693 321.1338 14.14478231236783
NOAA 16 DEB
1 42418U 00055TN  20284.01243571 +.00000603 +00000-0 +33738-3 0  9994
2 42418 098.7962 355.7404 0011848 037.2741 322.9252 14.14478930236867
NOAA 16 DEB
1 42418U 00055TN  20284.43685707 +.00000581 +00000-0 +32575-3 0  9994
2 42418 098.7962 356.1584 0011814 035.9946 324.2020 14.14479313236927
NOAA 16 DEB
1 42418U 00055TN  20285.42717258 +.00000574 +00000-0 +32216-3 0  9995
2 42418 098.7962 357.1337 0011726 032.9092 327.2809 14.14480499237066
NOAA 16 DEB
1 42418U 00055TN  20286.41748731 +.00000573 +00000-0 +32163-3 0  9995
2 42418 098.7961 358.1090 0011637 029.7766 330.4067 14.14481641237203
NOAA 16 DEB
1 42418U 00055TN  20287.47853798  .00000569  00000-0  31938-3 0  9996
2 42418  98.7961 359.1540 0011549  26.3625 333.8134 14.14482813237353
NOAA 16 DEB
1 42418U 00055TN  20287.47853798 +.00000569 +00000-0 +31938-3 0  9996
2 42418 098.7961 359.1540 0011549 026.3625 333.8134 14.14482813237353
NOAA 16 DEB
1 42418U 00055TN  20288.39811440 +.00000586 +00000-0 +32810-3 0  9995
2 42418 098.7960 000.0596 0011469 023.4012 336.7680 14.14483966237486
NOAA 16 DEB
1 42418U 00055TN  20288.39811440 +.00000586 +00000-0 +32810-3 0  9995
2 42418 098.7960 000.0596 0011469 023.4012 336.7680 14.14483966237486
NOAA 16 DEB
1 42418U 00055TN  20289.45916330 +.00000588 +00000-0 +32953-3 0  9997
2 42418 098.7959 001.1045 0011383 019.9466 340.2150 14.14485219237635
NOAA 16 DEB
1 42418U 00055TN  20290.44947468  .00000584  00000-0  32745-3 0  9999
2 42418  98.7959   2.0798 0011316  16.6687 343.4856 14.14486400237771
NOAA 16 DEB
1 42418U 00055TN  20290.94462999 +.00000590 +00000-0 +33020-3 0  9999
2 42418 098.7958 002.5674 0011284 015.0379 345.1127 14.14487049237841
NOAA 16 DEB
1 42418U 00055TN  20291.43978509 +.00000592 +00000-0 +33170-3 0  9991
2 42418 098.7958 003.0550 0011250 013.4248 346.7222 14.14487685237917
NOAA 16 DEB
1 42418U 00055TN  20292.43009455 +.00000604 +00000-0 +33778-3 0  9995
2 42418 098.7957 004.0303 0011189 010.1221 350.0176 14.14488984238054
NOAA 16 DEB
1 42418U 00055TN  20293.49113944 +.00000617 +00000-0 +34431-3 0  9992
2 42418 098.7956 005.0753 0011137 006.5842 353.5475 14.14490355238206
NOAA 16 DEB
1 42418U 00055TN  20293.98629335 +.00000619 +00000-0 +34558-3 0  9994
2 42418 098.7955 005.5629 0011103 004.9279 355.2001 14.14490971238276
NOAA 16 DEB
1 42418U 00055TN  20293.98629335 +.00000619 +00000-0 +34558-3 0  9994
2 42418 098.7955 005.5629 0011103 004.9279 355.2001 14.14490971238276
NOAA 16 DEB
1 42418U 00055TN  20293.98629335 +.00000619 +00000-0 +34558-3 0  9994
2 42418 098.7955 005.5629 0011103 004.9279 355.2001 14.14490971238276
NOAA 16 DEB
1 42418U 00055TN  20296.17911516  .00000645  00000-0  35905-3 0  9999
2 42418  98.7953   7.7223 0011014 357.4722   2.6393 14.14493958238587
NOAA 16 DEB
1 42418U 00055TN  20296.17911516 +.00000645 +00000-0 +35905-3 0  9999
2 42418 098.7953 007.7223 0011014 357.4722 002.6393 14.14493958238587
NOAA 16 DEB
1 42418U 00055TN  20297.16942005 +.00000674 +00000-0 +37392-3 0  9990
2 42418 098.7953 008.6975 0010982 354.1390 005.9652 14.14495542238720
NOAA 16 DEB
1 42418U 00055TN  20298.15972384 +.00000680 +00000-0 +37740-3 0  9997
2 42418 098.7953 009.6728 0010962 350.6165 009.4802 14.14497045238867
NOAA 16 DEB
1 42418U 00055TN  20298.44266764 +.00000696 +00000-0 +38558-3 0  9992
2 42418 098.7953 009.9514 0010958 349.6924 010.4022 14.14497539238908
NOAA 16 DEB
1 42418U 00055TN  20299.15002681 +.00000681 +00000-0 +37793-3 0  9991
2 42418 098.7953 010.6480 0010951 347.2378 012.8517 14.14498475239006
NOAA 16 DEB
1 42418U 00055TN  20299.99885715  .00000688  00000-0  38142-3 0  9996
2 42418  98.7953  11.4840 0010943 344.3248  15.7584 14.14499689239127
NOAA 16 DEB
1 42418U 00055TN  20300.42327225 +.00000673 +00000-0 +37365-3 0  9994
2 42418 098.7953 011.9019 0010937 342.9391 017.1413 14.14500154239189
NOAA 16 DEB
1 42418U 00055TN  20301.13063006 +.00000672 +00000-0 +37318-3 0  9994
2 42418 098.7952 012.5985 0010940 340.5012 019.5741 14.14501117239286
NOAA 16 DEB
1 42418U 00055TN  20301.90872362 +.00000623 +00000-0 +34757-3 0  9992
2 42418 098.7953 013.3648 0010952 337.7521 022.3176 14.14501749239395
NOAA 16 DEB
1 42418U 00055TN  20303.46490682 +.00000739 +00000-0 +40825-3 0  9997
2 42418 098.7953 014.8973 0010970 332.4046 027.6543 14.14504908239617
NOAA 16 DEB
1 42418U 00055TN  20303.46490682  .00000739  00000-0  40825-3 0  9997
2 42418  98.7953  14.8973 0010970 332.4046  27.6543 14.14504908239617
NOAA 16 DEB
1 42418U 00055TN  20304.45520419 +.00000753 +00000-0 +41507-3 0  9993
2 42418 098.7952 015.8726 0010992 329.0154 031.0370 14.14506571239759
NOAA 16 DEB
1 42418U 00055TN  20305.65770660  .00000759  00000-0  41857-3 0  9995
2 42418  98.7951  17.0568 0011026 324.9261  35.1185 14.14508628239921
NOAA 16 DEB
1 42418U 00055TN  20306.43579578 +.00000752 +00000-0 +41456-3 0  9995
2 42418 098.7949 017.8230 0011030 322.4741 037.5662 14.14509807240033
NOAA 16 DEB
1 42418U 00055TN  20307.92123615 +.00000773 +00000-0 +42582-3 0  9991
2 42418 098.7947 019.2858 0011092 317.5257 042.5057 14.14512414240243
NOAA 16 DEB
1 42418U 00055TN  20307.92123615 +.00000773 +00000-0 +42582-3 0  9991
2 42418 098.7947 019.2858 0011092 317.5257 042.5057 14.14512414240243
NOAA 16 DEB
1 42418U 00055TN  20308.98226388 +.00000739 +00000-0 +40804-3 0  9996
2 42418 098.7945 020.3307 0011153 313.9638 046.0615 14.14513859240393
NOAA 16 DEB
1 42418U 00055TN  20310.67990515  .00000771  00000-0  42440-3 0  9999
2 42418  98.7944  22.0024 0011250 308.3153  51.7008 14.14516887240635
NOAA 16 DEB
1 42418U 00055TN  20312.44827956 +.00000721 +00000-0 +39862-3 0  9993
2 42418 098.7943 023.7436 0011368 302.5191 057.4883 14.14519237240880
NOAA 16 DEB
1 42418U 00055TN  20312.66048416 +.00000718 +00000-0 +39689-3 0  9996
2 42418 098.7943 023.9526 0011385 301.8233 058.1831 14.14519583240919
NOAA 16 DEB
1 42418U 00055TN  20315.41914000 +.00000730 +00000+0 +40339-3 0  9990
2 42418  98.7942  26.6691 0011592 293.0473  66.9478 14.14523893241306
NOAA 16 DEB
1 42418U 00055TN  20317.04603610 +.00000734 +00000+0 +40533-3 0  9993
2 42418  98.7941  28.2711 0011748 287.9231  72.0661 14.14526321241539
NOAA 16 DEB
1 42418U 00055TN  20318.46072613 +.00000729 +00000-0 +40268-3 0  9993
2 42418 098.7939 029.6641 0011873 283.5255 076.4595 14.14528487241731
NOAA 16 DEB
1 42418U 00055TN  20318.95586706 +.00000755 +00000-0 +41622-3 0  9994
2 42418 098.7939 030.1516 0011918 282.0063 077.9775 14.14529432241805
NOAA 16 DEB
1 42418U 00055TN  20320.44128852 +.00000754 +00000-0 +41567-3 0  9992
2 42418 098.7938 031.6143 0012055 277.4881 082.4922 14.14531800242016
NOAA 16 DEB
1 42418U 00055TN  20320.93642845 +.00000751 +00000-0 +41387-3 0  9996
2 42418 098.7937 032.1018 0012108 276.0009 083.9784 14.14532572242084
NOAA 16 DEB
1 42418U 00055TN  20321.64377080  .00000740  00000-0  40825-3 0  9995
2 42418  98.7937  32.7983 0012174 273.8595  86.1186 14.14533642242180
NOAA 16 DEB
1 42418U 00055TN  20321.64377080 +.00000740 +00000-0 +40825-3 0  9995
2 42418 098.7937 032.7983 0012174 273.8595 086.1186 14.14533642242180
NOAA 16 DEB
1 42418U 00055TN  20323.48285836 +.00000742 +00000-0 +40937-3 0  9992
2 42418 098.7936 034.6092 0012361 268.4065 091.5692 14.14536513242442
NOAA 16 DEB
1 42418U 00055TN  20324.47313496  .00000730  00000-0  40311-3 0  9999
2 42418  98.7935  35.5843 0012466 265.5077  94.4672 14.14537973242588
NOAA 16 DEB
1 42418U 00055TN  20325.18047475 +.00000721 +00000-0 +39846-3 0  9990
2 42418 098.7934 036.2808 0012544 263.4607 096.5138 14.14539046242683
NOAA 16 DEB
1 42418U 00055TN  20325.46341051 +.00000734 +00000-0 +40485-3 0  9993
2 42418 098.7934 036.5594 0012574 262.6399 097.3346 14.14539556242721
NOAA 16 DEB
1 42418U 00055TN  20326.17074956 +.00000743 +00000-0 +40985-3 0  9994
2 42418 098.7934 037.2559 0012652 260.6137 099.3606 14.14540744242828
NOAA 16 DEB
1 42418U 00055TN  20326.45368496 +.00000752 +00000-0 +41430-3 0  9996
2 42418 098.7934 037.5345 0012680 259.8031 100.1713 14.14541263242869
NOAA 16 DEB
1 42418U 00055TN  20327.44395810  .00000788  00000-0  43323-3 0  9998
2 42418  98.7934  38.5097 0012788 256.9938 102.9808 14.14543154243000
NOAA 16 DEB
1 42418U 00055TN  20327.65615926 +.00000799 +00000-0 +43894-3 0  9999
2 42418 098.7934 038.7186 0012811 256.3968 103.5779 14.14543616243035
NOAA 16 DEB
1 42418U 00055TN  20328.92936560 +.00000830 +00000-0 +45480-3 0  9999
2 42418 098.7934 039.9723 0012932 252.7981 107.1777 14.14545933243216
NOAA 16 DEB
1 42418U 00055TN  20329.63670144  .00000842  00000-0  46115-3 0  9990
2 42418  98.7934  40.6688 0013001 250.8120 109.1646 14.14547275243316
NOAA 16 DEB
1 42418U 00055TN  20330.48550388 +.00000835 +00000-0 +45748-3 0  9995
2 42418 098.7934 041.5046 0013092 248.4833 111.4944 14.14548677243435
NOAA 16 DEB
1 42418U 00055TN  20332.46603859  .00000907  00000-0  49513-3 0  9991
2 42418  98.7934  43.4548 0013296 243.0556 116.9259 14.14552857243717
NOAA 16 DEB
1 42418U 00055TN  20332.67823831 +.00000933 +00000-0 +50853-3 0  9996
2 42418 098.7933 043.6637 0013311 242.4572 117.5249 14.14553474243741
NOAA 16 DEB
1 42418U 00055TN  20333.45630373 +.00000955 +00000-0 +51994-3 0  9991
2 42418 098.7933 044.4299 0013388 240.3359 119.6482 14.14555192243851
NOAA 16 DEB
1 42418U 00055TN  20334.16363524 +.00000946 +00000-0 +51531-3 0  9998
2 42418 098.7932 045.1264 0013459 238.4364 121.5496 14.14556623243951
NOAA 16 DEB
1 42418U 00055TN  20334.65876681  .00000964  00000-0  52476-3 0  9994
2 42418  98.7932  45.6139 0013507 237.0986 122.8888 14.14557784244023
NOAA 16 DEB
1 42418U 00055TN  20335.43682981 +.00000990 +00000-0 +53782-3 0  9999
2 42418 098.7930 046.3800 0013578 235.0255 124.9644 14.14559605244138
NOAA 16 DEB
1 42418U 00055TN  20335.64902849 +.00001018 +00000-0 +55276-3 0  9992
2 42418 098.7930 046.5890 0013599 234.4646 125.5260 14.14560290244165
NOAA 16 DEB
1 42418U 00055TN  20336.42709038 +.00001032 +00000-0 +55987-3 0  9999
2 42418 098.7929 047.3551 0013666 232.4060 127.5873 14.14562039244276
NOAA 16 DEB
1 42418U 00055TN  20337.06368581  .00001032  00000-0  56009-3 0  9990
2 42418  98.7928  47.9820 0013723 230.7241 129.2716 14.14563420244366
NOAA 16 DEB
1 42418U 00055TN  20337.06368581  .00001032  00000-0  56009-3 0  9990
2 42418  98.7928  47.9820 0013723 230.7241 129.2716 14.14563420244366
NOAA 16 DEB
1 42418U 00055TN  20337.98321151  .00000999  00000-0  54268-3 0  9999
2 42418  98.7927  48.8874 0013807 228.3111 131.6882 14.14565219244499
NOAA 16 DEB
1 42418U 00055TN  20339.46859674  .00000959  00000-0  52183-3 0  9990
2 42418  98.7926  50.3499 0013941 224.4149 135.5907 14.14568183244704
NOAA 16 DEB
1 42418U 00055TN  20339.46859674  .00000959  00000-0  52183-3 0  9990
2 42418  98.7926  50.3499 0013941 224.4149 135.5907 14.14568183244704
NOAA 16 DEB
1 42418U 00055TN  20340.03445698 +.00000943 +00000-0 +51349-3 0  9998
2 42418 098.7926 050.9071 0013995 222.9729 137.0351 14.14569302244784
NOAA 16 DEB
1 42418U 00055TN  20340.45885204  .00000916  00000-0  49922-3 0  9999
2 42418  98.7926  51.3250 0014029 221.8632 138.1469 14.14570010244845
NOAA 16 DEB
1 42418U 00055TN  20341.16617618  .00000931  00000-0  50718-3 0  9992
2 42418  98.7926  52.0214 0014086 220.0152 139.9984 14.14571640244946
NOAA 16 DEB
1 42418U 00055TN  20341.16617618 +.00000931 +00000-0 +50718-3 0  9992
2 42418 098.7926 052.0214 0014086 220.0152 139.9984 14.14571640244946
NOAA 16 DEB
1 42418U 00055TN  20341.94423222  .00000907  00000-0  49460-3 0  9999
2 42418  98.7926  52.7875 0014148 218.0094 142.0082 14.14573090245055
NOAA 16 DEB
1 42418U 00055TN  20342.43935846 +.00000886 +00000-0 +48389-3 0  9999
2 42418 098.7926 053.2750 0014184 216.7180 143.3023 14.14573951245127
NOAA 16 DEB
1 42418U 00055TN  20343.42961003  .00000842  00000-0  46096-3 0  9998
2 42418  98.7926  54.2501 0014256 214.1791 145.8466 14.14575575245269
NOAA 16 DEB
1 42418U 00055TN  20343.42961003  .00000842  00000-0  46096-3 0  9998
2 42418  98.7926  54.2501 0014256 214.1791 145.8466 14.14575575245269
NOAA 16 DEB
1 42418U 00055TN  20343.99546762 +.00000891 +00000-0 +48620-3 0  9990
2 42418 098.7926 054.8072 0014294 212.7601 147.2687 14.14576816245343
NOAA 16 DEB
1 42418U 00055TN  20344.41986036  .00000903  00000-0  49270-3 0  9996
2 42418  98.7926  55.2251 0014323 211.6868 148.3444 14.14577684245407
NOAA 16 DEB
1 42418U 00055TN  20346.96621343  .00000808  00000-0  44310-3 0  9999
2 42418  98.7925  57.7323 0014484 205.3073 154.7392 14.14581544245761
NOAA 16 DEB
1 42418U 00055TN  20346.96621343  .00000808  00000-0  44310-3 0  9999
2 42418  98.7925  57.7323 0014484 205.3073 154.7392 14.14581544245761
NOAA 16 DEB
1 42418U 00055TN  20348.02719172  .00000793  00000-0  43546-3 0  9999
2 42418  98.7923  58.7770 0014549 202.6580 157.3952 14.14583286245914
NOAA 16 DEB
1 42418U 00055TN  20348.45158262  .00000792  00000-0  43448-3 0  9993
2 42418  98.7923  59.1949 0014573 201.5881 158.4679 14.14584023245970
NOAA 16 DEB
1 42418U 00055TN  20348.94670517  .00000778  00000-0  42755-3 0  9993
2 42418  98.7922  59.6824 0014600 200.3663 159.6930 14.14584785246049
NOAA 16 DEB
1 42418U 00055TN  20350.00768118  .00000754  00000-0  41503-3 0  9992
2 42418  98.7922  60.7270 0014654 197.7500 162.3163 14.14586407246193
NOAA 16 DEB
1 42418U 00055TN  20350.43207134  .00000735  00000-0  40522-3 0  9994
2 42418  98.7921  61.1449 0014670 196.6494 163.4199 14.14586972246258
NOAA 16 DEB
1 42418U 00055TN  20352.97840801  .00000695  00000-0  38441-3 0  9991
2 42418  98.7919  63.6520 0014763 190.3090 169.7783 14.14590592246619
NOAA 16 DEB
1 42418U 00055TN  20354.46376828  .00000662  00000-0  36697-3 0  9995
2 42418  98.7918  65.1145 0014813 186.6313 173.4666 14.14592567246829
NOAA 16 DEB
1 42418U 00055TN  20355.45400724  .00000661  00000-0  36660-3 0  9997
2 42418  98.7917  66.0895 0014839 184.1713 175.9339 14.14594013246962
NOAA 16 DEB
1 42418U 00055TN  20355.45400724  .00000661  00000-0  36660-3 0  9997
2 42418  98.7917  66.0895 0014839 184.1713 175.9339 14.14594013246962
NOAA 16 DEB
1 42418U 00055TN  20356.44424506  .00000677  00000-0  37459-3 0  9995
2 42418  98.7917  67.0645 0014859 181.7384 178.3740 14.14595580247105
NOAA 16 DEB
1 42418U 00055TN  20356.65643868  .00000685  00000-0  37893-3 0  9993
2 42418  98.7917  67.2734 0014862 181.2205 178.8934 14.14595980247134
NOAA 16 DEB
1 42418U 00055TN  20357.43448167  .00000721  00000-0  39792-3 0  9996
2 42418  98.7917  68.0394 0014872 179.2894 180.8303 14.14597344247248
NOAA 16 DEB
1 42418U 00055TN  20358.42471729  .00000755  00000-0  41511-3 0  9995
2 42418  98.7917  69.0144 0014883 176.8669 183.2600 14.14598990247387
NOAA 16 DEB
1 42418U 00055TN  20358.42471729  .00000755  00000-0  41511-3 0  9995
2 42418  98.7917  69.0144 0014883 176.8669 183.2600 14.14598990247387
NOAA 16 DEB
1 42418U 00055TN  20358.99056564  .00000763  00000-0  41922-3 0  9998
2 42418  98.7916  69.5715 0014889 175.4465 184.6847 14.14599898247465
NOAA 16 DEB
1 42418U 00055TN  20360.05153047  .00000762  00000-0  41896-3 0  9991
2 42418  98.7916  70.6161 0014894 172.8376 187.3013 14.14601509247616
NOAA 16 DEB
1 42418U 00055TN  20361.46614825  .00000733  00000-0  40392-3 0  9991
2 42418  98.7916  72.0089 0014895 169.3622 190.7869 14.14603600247810
NOAA 16 DEB
1 42418U 00055TN  20361.46614825  .00000733  00000-0  40392-3 0  9991
2 42418  98.7916  72.0089 0014895 169.3622 190.7869 14.14603600247810
NOAA 16 DEB
1 42418U 00055TN  20362.45637925  .00000737  00000-0  40591-3 0  9992
2 42418  98.7915  72.9839 0014889 166.9339 193.2222 14.14605268247950
NOAA 16 DEB
1 42418U 00055TN  20362.66857165  .00000715  00000-0  39468-3 0  9992
2 42418  98.7915  73.1928 0014888 166.4335 193.7241 14.14605467247982
NOAA 16 DEB
1 42418U 00055TN  21002.96358372  .00000684  00000-0  37836-3 0  9995
2 42418  98.7907  79.3909 0014745 150.9305 209.2692 14.14615327248875
NOAA 16 DEB
1 42418U 00055TN  21002.96358372  .00000684  00000-0  37836-3 0  9995
2 42418  98.7907  79.3909 0014745 150.9305 209.2692 14.14615327248875
NOAA 16 DEB
1 42418U 00055TN  21004.44891763  .00000642  00000-0  35657-3 0  9999
2 42418  98.7906  80.8533 0014692 147.2547 212.9540 14.14617327249081
NOAA 16 DEB
1 42418U 00055TN  21005.43913898  .00000637  00000-0  35356-3 0  9993
2 42418  98.7905  81.8282 0014671 144.7178 215.4969 14.14618750249221
NOAA 16 DEB
1 42418U 00055TN  21005.43913898  .00000637  00000-0  35356-3 0  9993
2 42418  98.7905  81.8282 0014671 144.7178 215.4969 14.14618750249221
NOAA 16 DEB
1 42418U 00055TN  21006.42935904  .00000647  00000-0  35881-3 0  9999
2 42418  98.7905  82.8030 0014622 142.2486 217.9716 14.14620275249361
NOAA 16 DEB
1 42418U 00055TN  21006.92446874  .00000642  00000-0  35663-3 0  9990
2 42418  98.7904  83.2904 0014612 140.9890 219.2340 14.14620943249436
NOAA 16 DEB
1 42418U 00055TN  21008.48052669  .00000601  00000-0  33510-3 0  9992
2 42418  98.7905  84.8223 0014501 137.2032 223.0272 14.14622673249655
NOAA 16 DEB
1 42418U 00055TN  21008.48052669  .00000601  00000-0  33510-3 0  9992
2 42418  98.7905  84.8223 0014501 137.2032 223.0272 14.14622673249655
NOAA 16 DEB
1 42418U 00055TN  21010.46095717  .00000634  00000-0  35243-3 0  9995
2 42418  98.7907  86.7720 0014337 132.4289 227.8099 14.14626204249932
NOAA 16 DEB
1 42418U 00055TN  21010.67315063  .00000594  00000-0  33125-3 0  9999
2 42418  98.7905  86.9811 0014310 131.9081 228.3315 14.14625266249965
NOAA 16 DEB
1 42418U 00055TN  21010.67315063  .00000594  00000-0  33125-3 0  9999
2 42418  98.7905  86.9811 0014310 131.9081 228.3315 14.14625266249965
NOAA 16 DEB
1 42418U 00055TN  21012.15847406  .00000591  00000-0  32981-3 0  9991
2 42418  98.7892  88.4424 0014244 128.0268 232.2193 14.14627121250172
NOAA 16 DEB
1 42418U 00055TN  21012.93649954  .00000599  00000-0  33390-3 0  9998
2 42418  98.7893  89.2085 0014227 125.9883 234.2612 14.14628187250288
NOAA 16 DEB
1 42418U 00055TN  21012.93649954  .00000599  00000-0  33390-3 0  9998
2 42418  98.7893  89.2085 0014227 125.9883 234.2612 14.14628187250288
NOAA 16 DEB
1 42418U 00055TN  21017.18026526  .00000569  00000-0  31849-3 0  9998
2 42418  98.7888  93.3861 0013919 114.9796 245.2825 14.14633272250883
NOAA 16 DEB
1 42418U 00055TN  21017.46318253  .00000564  00000-0  31575-3 0  9991
2 42418  98.7892  93.6651 0013891 114.3264 245.9361 14.14633514250927
NOAA 16 DEB
1 42418U 00055TN  21017.67537031  .00000558  00000-0  31259-3 0  9993
2 42418  98.7892  93.8739 0013871 113.7814 246.4815 14.14633773250958
NOAA 16 DEB
1 42418U 00055TN  21019.44360046  .00000547  00000-0  30716-3 0  9995
2 42418  98.7894  95.6151 0013731 109.2299 251.0361 14.14635882251200
NOAA 16 DEB
1 42418U 00055TN  21019.44360046  .00000547  00000-0  30716-3 0  9995
2 42418  98.7894  95.6151 0013731 109.2299 251.0361 14.14635882251200
NOAA 16 DEB
1 42418U 00055TN  21020.92891157  .00000540  00000-0  30356-3 0  9995
2 42418  98.7893  97.0774 0013591 105.3047 254.9630 14.14637603251415
NOAA 16 DEB
1 42418U 00055TN  21022.90932358  .00000533  00000-0  29986-3 0  9993
2 42418  98.7892  99.0270 0013436 100.0441 260.2249 14.14639752251698
NOAA 16 DEB
1 42418U 00055TN  21022.90932358  .00000533  00000-0  29986-3 0  9993
2 42418  98.7892  99.0270 0013436 100.0441 260.2249 14.14639752251698
NOAA 16 DEB
1 42418U 00055TN  21023.47515437  .00000561  00000-0  31442-3 0  9992
2 42418  98.7890  99.5837 0013361  98.5630 261.7058 14.14640691251775
NOAA 16 DEB
1 42418U 00055TN  21027.15304975  .00000638  00000-0  35429-3 0  9998
2 42418  98.7881 103.2038 0013014  88.6030 271.6634 14.14645817252293
NOAA 16 DEB
1 42418U 00055TN  21027.15304975  .00000638  00000-0  35429-3 0  9998
2 42418  98.7881 103.2038 0013014  88.6030 271.6634 14.14645817252293
NOAA 16 DEB
1 42418U 00055TN  21028.14324869  .00000684  00000-0  37804-3 0  9992
2 42418  98.7882 104.1788 0012872  85.8147 274.4497 14.14647681252430
NOAA 16 DEB
1 42418U 00055TN  21030.47728683  .00000632  00000-0  35088-3 0  9998
2 42418  98.7881 106.4766 0012618  79.2589 281.0004 14.14650685252767
NOAA 16 DEB
1 42418U 00055TN  21031.67966792  .00000610  00000-0  33944-3 0  9991
2 42418  98.7881 107.6603 0012445  75.7931 284.4624 14.14652283252930
NOAA 16 DEB
1 42418U 00055TN  21032.03330927  .00000593  00000-0  33070-3 0  9997
2 42418  98.7881 108.0086 0012420  74.8091 285.4455 14.14652642252987
NOAA 16 DEB
1 42418U 00055TN  21032.45767869  .00000595  00000-0  33191-3 0  9998
2 42418  98.7881 108.4263 0012382  73.6166 286.6367 14.14653236253048
NOAA 16 DEB
1 42418U 00055TN  21032.66986330  .00000588  00000-0  32830-3 0  9998
2 42418  98.7881 108.6351 0012354  73.0069 287.2457 14.14653508253075
NOAA 16 DEB
1 42418U 00055TN  21035.42825915  .00000617  00000-0  34333-3 0  9999
2 42418  98.7879 111.3504 0012048  64.9655 295.2768 14.14657322253468
NOAA 16 DEB
1 42418U 00055TN  21035.42825915  .00000617  00000-0  34333-3 0  9999
2 42418  98.7879 111.3504 0012048  64.9655 295.2768 14.14657322253468
NOAA 16 DEB
1 42418U 00055TN  21035.64044308  .00000612  00000-0  34089-3 0  9995
2 42418  98.7879 111.5593 0012026  64.3571 295.8843 14.14657595253490
NOAA 16 DEB
1 42418U 00055TN  21037.47936975  .00000572  00000-0  32009-3 0  9993
2 42418  98.7875 113.3693 0011868  59.0751 301.1587 14.14659539253756
NOAA 16 DEB
1 42418U 00055TN  21037.47936975  .00000572  00000-0  32009-3 0  9993
2 42418  98.7875 113.3693 0011868  59.0751 301.1587 14.14659539253756
NOAA 16 DEB
1 42418U 00055TN  21037.97446477  .00000583  00000-0  32549-3 0  9992
2 42418  98.7874 113.8566 0011812  57.5813 302.6501 14.14660202253829
NOAA 16 DEB
1 42418U 00055TN  21039.45974879  .00000581  00000-0  32453-3 0  9991
2 42418  98.7872 115.3185 0011662  53.1607 307.0634 14.14662001254036
NOAA 16 DEB
1 42418U 00055TN  21040.16702616  .00000575  00000-0  32135-3 0  9999
2 42418  98.7871 116.0147 0011584  50.9901 309.2302 14.14662851254136
NOAA 16 DEB
1 42418U 00055TN  21040.16702616  .00000575  00000-0  32135-3 0  9999
2 42418  98.7871 116.0147 0011584  50.9901 309.2302 14.14662851254136
NOAA 16 DEB
1 42418U 00055TN  21040.66212001  .00000585  00000-0  32644-3 0  9994
2 42418  98.7870 116.5020 0011529  49.4669 310.7506 14.14663537254206
NOAA 16 DEB
1 42418U 00055TN  21041.01575848  .00000563  00000-0  31542-3 0  9997
2 42418  98.7871 116.8502 0011503  48.4215 311.7942 14.14663819254256
NOAA 16 DEB
1 42418U 00055TN  21041.93521745  .00000573  00000-0  32055-3 0  9996
2 42418  98.7869 117.7552 0011414  45.5721 314.6384 14.14665057254381
NOAA 16 DEB
1 42418U 00055TN  21042.43031033  .00000586  00000-0  32739-3 0  9991
2 42418  98.7869 118.2425 0011359  44.0094 316.1981 14.14665774254455
NOAA 16 DEB
1 42418U 00055TN  21042.43031033  .00000586  00000-0  32739-3 0  9991
2 42418  98.7869 118.2425 0011359  44.0094 316.1981 14.14665774254455
NOAA 16 DEB
1 42418U 00055TN  21042.99613079  .00000573  00000-0  32031-3 0  9999
2 42418  98.7868 118.7994 0011306  42.2235 317.9807 14.14666341254535
NOAA 16 DEB
1 42418U 00055TN  21043.98631596  .00000555  00000-0  31094-3 0  9991
2 42418  98.7866 119.7740 0011214  39.1265 321.0717 14.14667349254679
NOAA 16 DEB
1 42418U 00055TN  21045.47159160  .00000591  00000-0  32983-3 0  9997
2 42418  98.7865 121.2359 0011075  34.4126 325.7763 14.14669387254880
NOAA 16 DEB
1 42418U 00055TN  21045.47159160  .00000591  00000-0  32983-3 0  9997
2 42418  98.7865 121.2359 0011075  34.4126 325.7763 14.14669387254880
NOAA 16 DEB
1 42418U 00055TN  21046.17886530  .00000567  00000-0  31746-3 0  9992
2 42418  98.7864 121.9320 0011001  32.1360 328.0481 14.14670083254987
NOAA 16 DEB
1 42418U 00055TN  21047.16904745  .00000573  00000-0  32020-3 0  9994
2 42418  98.7863 122.9065 0010913  28.9498 331.2278 14.14671364255129
NOAA 16 DEB
1 42418U 00055TN  21047.94704678  .00000615  00000-0  34199-3 0  9999
2 42418  98.7862 123.6722 0010848  26.4593 333.7132 14.14672666255236
NOAA 16 DEB
1 42418U 00055TN  21048.44213719  .00000588  00000-0  32805-3 0  9997
2 42418  98.7861 124.1594 0010810  24.8806 335.2886 14.14673154255300
NOAA 16 DEB
1 42418U 00055TN  21048.93722719  .00000594  00000-0  33136-3 0  9991
2 42418  98.7861 124.6467 0010770  23.2375 336.9284 14.14673856255379
NOAA 16 DEB
1 42418U 00055TN  21050.49322327  .00000577  00000-0  32265-3 0  9999
2 42418  98.7860 126.1781 0010661  18.1266 342.0285 14.14675716255595
NOAA 16 DEB
1 42418U 00055TN  21050.63467734  .00000576  00000-0  32185-3 0  9997
2 42418  98.7859 126.3174 0010649  17.6360 342.5181 14.14675895255617
NOAA 16 DEB
1 42418U 00055TN  21050.98831232  .00000588  00000-0  32833-3 0  9996
2 42418  98.7859 126.6654 0010627  16.4264 343.7251 14.14676409255667
NOAA 16 DEB
1 42418U 00055TN  21052.47357806  .00000647  00000-0  35876-3 0  9998
2 42418  98.7858 128.1272 0010531  11.4528 348.6883 14.14678709255874
NOAA 16 DEB
1 42418U 00055TN  21055.44410233  .00000738  00000-0  40629-3 0  9995
2 42418  98.7854 131.0508 0010362   1.3607 358.7593 14.14683656256297
NOAA 16 DEB
1 42418U 00055TN  21055.44410233  .00000738  00000-0  40629-3 0  9995
2 42418  98.7854 131.0508 0010362   1.3607 358.7593 14.14683656256297
NOAA 16 DEB
1 42418U 00055TN  21056.43427467  .00000772  00000-0  42353-3 0  9996
2 42418  98.7853 132.0253 0010320 357.9118   2.2011 14.14685443256433
NOAA 16 DEB
1 42418U 00055TN  21057.49517243  .00000759  00000-0  41683-3 0  9995
2 42418  98.7851 133.0694 0010284 354.2872   5.8183 14.14687084256585
NOAA 16 DEB
1 42418U 00055TN  21057.49517243  .00000759  00000-0  41683-3 0  9995
2 42418  98.7851 133.0694 0010284 354.2872   5.8183 14.14687084256585
NOAA 16 DEB
1 42418U 00055TN  21059.40478552  .00000711  00000-0  39183-3 0  9997
2 42418  98.7849 134.9487 0010228 347.6161  12.4760 14.14689761256856
NOAA 16 DEB
1 42418U 00055TN  21060.04132252  .00000674  00000-0  37301-3 0  9991
2 42418  98.7848 135.5752 0010216 345.3354  14.7522 14.14690499256944
NOAA 16 DEB
1 42418U 00055TN  21060.46568004  .00000702  00000-0  38751-3 0  9997
2 42418  98.7848 135.9928 0010215 343.8648  16.2199 14.14691360257004
NOAA 16 DEB
1 42418U 00055TN  21061.45584688  .00000749  00000-0  41151-3 0  9992
2 42418  98.7848 136.9673 0010222 340.3483  19.7295 14.14693249257147
NOAA 16 DEB
1 42418U 00055TN  21062.44601282  .00000761  00000-0  41783-3 0  9997
2 42418  98.7846 137.9418 0010194 336.9247  23.1467 14.14694913257284
NOAA 16 DEB
1 42418U 00055TN  21062.44601282  .00000761  00000-0  41783-3 0  9997
2 42418  98.7846 137.9418 0010194 336.9247  23.1467 14.14694913257284
NOAA 16 DEB
1 42418U 00055TN  21063.43617752  .00000769  00000-0  42188-3 0  9994
2 42418  98.7845 138.9162 0010193 333.4947  26.5704 14.14696588257425
NOAA 16 DEB
1 42418U 00055TN  21064.49706709  .00000758  00000-0  41652-3 0  9995
2 42418  98.7843 139.9601 0010185 329.8097  30.2488 14.14698236257577
NOAA 16 DEB
1 42418U 00055TN  21064.49706709  .00000758  00000-0  41652-3 0  9995
2 42418  98.7843 139.9601 0010185 329.8097  30.2488 14.14698236257577
NOAA 16 DEB
1 42418U 00055TN  21065.41650394  .00000740  00000-0  40727-3 0  9999
2 42418  98.7842 140.8648 0010193 326.5806  33.4723 14.14699528257706
NOAA 16 DEB
1 42418U 00055TN  21065.91158491  .00000738  00000-0  40594-3 0  9994
2 42418  98.7841 141.3520 0010205 324.8342  35.2157 14.14700266257770
NOAA 16 DEB
1 42418U 00055TN  21066.47739149  .00000739  00000-0  40634-3 0  9997
2 42418  98.7841 141.9088 0010216 322.8549  37.1917 14.14701124257852
NOAA 16 DEB
1 42418U 00055TN  21067.04319767  .00000734  00000-0  40378-3 0  9991
2 42418  98.7840 142.4656 0010231 320.8482  39.1950 14.14701967257932
NOAA 16 DEB
1 42418U 00055TN  21067.46755220  .00000722  00000-0  39779-3 0  9995
2 42418  98.7839 142.8832 0010242 319.3791  40.6617 14.14702536257994
NOAA 16 DEB
1 42418U 00055TN  21068.03335786  .00000720  00000-0  39652-3 0  9998
2 42418  98.7838 143.4399 0010255 317.4026  42.6351 14.14703390258078
NOAA 16 DEB
1 42418U 00055TN  21069.44787077  .00000702  00000-0  38700-3 0  9991
2 42418  98.7837 144.8318 0010307 312.4441  47.5860 14.14705413258276
NOAA 16 DEB
1 42418U 00055TN  21069.44787077  .00000702  00000-0  38700-3 0  9991
2 42418  98.7837 144.8318 0010307 312.4441  47.5860 14.14705413258276
NOAA 16 DEB
1 42418U 00055TN  21070.43802854  .00000696  00000-0  38403-3 0  9995
2 42418  98.7836 145.8061 0010353 308.9971  51.0280 14.14706865258414
NOAA 16 DEB
1 42418U 00055TN  21071.42818543  .00000685  00000-0  37851-3 0  9991
2 42418  98.7834 146.7805 0010401 305.6043  54.4160 14.14708237258550
NOAA 16 DEB
1 42418U 00055TN  21071.99398885  .00000701  00000-0  38695-3 0  9991
2 42418  98.7833 147.3372 0010436 303.6617  56.3560 14.14709142258638
NOAA 16 DEB
1 42418U 00055TN  21072.48906654  .00000719  00000-0  39606-3 0  9997
2 42418  98.7833 147.8244 0010463 301.9881  58.0274 14.14709976258709
NOAA 16 DEB
1 42418U 00055TN  21074.39864930  .00000799  00000-0  43767-3 0  9990
2 42418  98.7830 149.7033 0010588 295.4990  64.5088 14.14713381258978
NOAA 16 DEB
1 42418U 00055TN  21074.39864930  .00000799  00000-0  43767-3 0  9990
2 42418  98.7830 149.7033 0010588 295.4990  64.5088 14.14713381258978
NOAA 16 DEB
1 42418U 00055TN  21075.45952699  .00000785  00000-0  43023-3 0  9998
2 42418  98.7830 150.7472 0010670 291.9502  68.0537 14.14715036259124
NOAA 16 DEB
1 42418U 00055TN  21076.44967845  .00000760  00000-0  41712-3 0  9993
2 42418  98.7829 151.7215 0010749 288.5954  71.4052 14.14716530259263
NOAA 16 DEB
1 42418U 00055TN  21076.44967845  .00000760  00000-0  41712-3 0  9993
2 42418  98.7829 151.7215 0010749 288.5954  71.4052 14.14716530259263
NOAA 16 DEB
1 42418U 00055TN  21077.43982863  .00000764  00000-0  41918-3 0  9992
2 42418  98.7827 152.6958 0010822 285.3126  74.6851 14.14718252259404
NOAA 16 DEB
1 42418U 00055TN  21078.42997799  .00000726  00000-0  39943-3 0  9999
2 42418  98.7826 153.6701 0010910 282.0530  77.9420 14.14719634259549
NOAA 16 DEB
1 42418U 00055TN  21079.42012629  .00000716  00000-0  39448-3 0  9999
2 42418  98.7825 154.6443 0010993 278.8484  81.1445 14.14721121259687
NOAA 16 DEB
1 42418U 00055TN  21079.42012629  .00000716  00000-0  39448-3 0  9999
2 42418  98.7825 154.6443 0010993 278.8484  81.1445 14.14721121259687
NOAA 16 DEB
1 42418U 00055TN  21081.40041936  .00000829  00000-0  45316-3 0  9999
2 42418  98.7824 156.5929 0011193 272.4661  87.5231 14.14724878259962
NOAA 16 DEB
1 42418U 00055TN  21082.39056446  .00000815  00000-0  44587-3 0  9994
2 42418  98.7823 157.5671 0011302 269.2822  90.7056 14.14726401260104
NOAA 16 DEB
1 42418U 00055TN  21082.39056446  .00000815  00000-0  44587-3 0  9994
2 42418  98.7823 157.5671 0011302 269.2822  90.7056 14.14726401260104
NOAA 16 DEB
1 42418U 00055TN  21082.95636098  .00000840  00000-0  45883-3 0  9991
2 42418  98.7821 158.1238 0011347 267.4825  92.5049 14.14727531260185
NOAA 16 DEB
1 42418U 00055TN  21084.44157533  .00000842  00000-0  45972-3 0  9990
2 42418  98.7819 159.5850 0011507 262.8042  97.1823 14.14730141260390
NOAA 16 DEB
1 42418U 00055TN  21084.44157533  .00000842  00000-0  45972-3 0  9990
2 42418  98.7819 159.5850 0011507 262.8042  97.1823 14.14730141260390
NOAA 16 DEB
1 42418U 00055TN  21085.00737039  .00000845  00000-0  46147-3 0  9996
2 42418  98.7818 160.1416 0011587 261.0693  98.9169 14.14731204260478
NOAA 16 DEB
1 42418U 00055TN  21085.92678652  .00000881  00000-0  48004-3 0  9996
2 42418  98.7817 161.0463 0011685 258.2694 101.7168 14.14733095260604
NOAA 16 DEB
1 42418U 00055TN  21086.42185647  .00000866  00000-0  47219-3 0  9999
2 42418  98.7817 161.5334 0011738 256.7529 103.2336 14.14733877260674
NOAA 16 DEB
1 42418U 00055TN  21087.05837452  .00000862  00000-0  46993-3 0  9991
2 42418  98.7816 162.1596 0011814 254.8285 105.1582 14.14734951260761
NOAA 16 DEB
1 42418U 00055TN  21087.48271965  .00000859  00000-0  46830-3 0  9995
2 42418  98.7815 162.5772 0011863 253.5472 106.4398 14.14735660260822
NOAA 16 DEB
1 42418U 00055TN  21087.97778859  .00000864  00000-0  47087-3 0  9994
2 42418  98.7815 163.0642 0011923 252.0726 107.9148 14.14736562260895
NOAA 16 DEB
1 42418U 00055TN  21088.40213337  .00000833  00000-0  45490-3 0  9990
2 42418  98.7814 163.4817 0011972 250.7847 109.2032 14.14737111260950
NOAA 16 DEB
1 42418U 00055TN  21089.03865007  .00000811  00000-0  44361-3 0  9999
2 42418  98.7814 164.1080 0012052 248.8814 111.1071 14.14738080261044
NOAA 16 DEB
1 42418U 00055TN  21090.02878608  .00000806  00000-0  44103-3 0  9999
2 42418  98.7813 165.0822 0012173 245.9525 114.0375 14.14739819261183
NOAA 16 DEB
1 42418U 00055TN  21090.02878608  .00000806  00000-0  44103-3 0  9999
2 42418  98.7813 165.0822 0012173 245.9525 114.0375 14.14739819261183
NOAA 16 DEB
1 42418U 00055TN  21091.16036870  .00000817  00000-0  44675-3 0  9998
2 42418  98.7812 166.1955 0012300 242.6340 117.3582 14.14741920261342
NOAA 16 DEB
1 42418U 00055TN  21091.44326412  .00000815  00000-0  44529-3 0  9999
2 42418  98.7812 166.4738 0012335 241.7957 118.1971 14.14742401261386
NOAA 16 DEB
1 42418U 00055TN  21092.43339746  .00000795  00000-0  43513-3 0  9992
2 42418  98.7811 167.4480 0012466 238.9292 121.0659 14.14743999261520
NOAA 16 DEB
1 42418U 00055TN  21092.43339746  .00000795  00000-0  43513-3 0  9992
2 42418  98.7811 167.4480 0012466 238.9292 121.0659 14.14743999261520
NOAA 16 DEB
1 42418U 00055TN  21093.42352978  .00000779  00000-0  42683-3 0  9993
2 42418  98.7810 168.4221 0012584 236.0872 123.9105 14.14745548261661
NOAA 16 DEB
1 42418U 00055TN  21094.41366117  .00000750  00000-0  41179-3 0  9991
2 42418  98.7809 169.3962 0012708 233.2772 126.7234 14.14746944261808
NOAA 16 DEB
1 42418U 00055TN  21096.46464459  .00000733  00000-0  40276-3 0  9994
2 42418  98.7807 171.4141 0012961 227.5042 132.5037 14.14750013262096
NOAA 16 DEB
1 42418U 00055TN  21096.46464459  .00000733  00000-0  40276-3 0  9994
2 42418  98.7807 171.4141 0012961 227.5042 132.5037 14.14750013262096
NOAA 16 DEB
1 42418U 00055TN  21097.03043234  .00000731  00000-0  40174-3 0  9997
2 42418  98.7806 171.9707 0013037 225.9354 134.0747 14.14750890262178
NOAA 16 DEB
1 42418U 00055TN  21097.45477300  .00000724  00000-0  39821-3 0  9997
2 42418  98.7806 172.3882 0013084 224.7406 135.2713 14.14751510262237
NOAA 16 DEB
1 42418U 00055TN  21098.44490018  .00000767  00000-0  42065-3 0  9999
2 42418  98.7805 173.3622 0013204 221.9929 138.0233 14.14753355262374
NOAA 16 DEB
1 42418U 00055TN  21099.15213344  .00000729  00000-0  40085-3 0  9991
2 42418  98.7804 174.0580 0013299 220.1060 139.9132 14.14754234262471
NOAA 16 DEB
1 42418U 00055TN  21099.15213344  .00000729  00000-0  40085-3 0  9991
2 42418  98.7804 174.0580 0013299 220.1060 139.9132 14.14754234262471
NOAA 16 DEB
1 42418U 00055TN  21100.42515190  .00000716  00000-0  39388-3 0  9998
2 42418  98.7803 175.3104 0013452 216.6401 143.3853 14.14756090262657
NOAA 16 DEB
1 42418U 00055TN  21101.48599946  .00000724  00000-0  39830-3 0  9997
2 42418  98.7803 176.3540 0013577 213.8018 146.2291 14.14757677262800
NOAA 16 DEB
1 42418U 00055TN  21101.48599946  .00000724  00000-0  39830-3 0  9997
2 42418  98.7803 176.3540 0013577 213.8018 146.2291 14.14757677262800
NOAA 16 DEB
1 42418U 00055TN  21102.40539970  .00000727  00000-0  39960-3 0  9998
2 42418  98.7802 177.2586 0013683 211.3883 148.6475 14.14759058262939
NOAA 16 DEB
1 42418U 00055TN  21103.39552207  .00000721  00000-0  39627-3 0  9999
2 42418  98.7802 178.2327 0013800 208.7704 151.2709 14.14760527263075
NOAA 16 DEB
1 42418U 00055TN  21105.02214929  .00000734  00000-0  40317-3 0  9999
2 42418  98.7800 179.8329 0013994 204.4782 155.5728 14.14763189263306
NOAA 16 DEB
1 42418U 00055TN  21105.44648610  .00000773  00000-0  42318-3 0  9999
2 42418  98.7800 180.2503 0014046 203.3736 156.6801 14.14764159263360
NOAA 16 DEB
1 42418U 00055TN  21106.01226861  .00000731  00000-0  40155-3 0  9994
2 42418  98.7799 180.8069 0014113 201.9078 158.1494 14.14764826263443
NOAA 16 DEB
1 42418U 00055TN  21106.43660505  .00000744  00000-0  40839-3 0  9990
2 42418  98.7799 181.2243 0014161 200.8074 159.2525 14.14765627263503
NOAA 16 DEB
1 42418U 00055TN  21107.00238667  .00000747  00000-0  41007-3 0  9995
2 42418  98.7799 181.7808 0014221 199.3436 160.7199 14.14766602263582
NOAA 16 DEB
1 42418U 00055TN  21107.99250320  .00000804  00000-0  43936-3 0  9990
2 42418  98.7798 182.7549 0014327 196.8026 163.2675 14.14768692263722
NOAA 16 DEB
1 42418U 00055TN  21108.48756110  .00000829  00000-0  45216-3 0  9993
2 42418  98.7798 183.2419 0014370 195.5060 164.5675 14.14769706263794
NOAA 16 DEB
1 42418U 00055TN  21109.40695333  .00000861  00000-0  46904-3 0  9996
2 42418  98.7798 184.1463 0014463 193.1539 166.9259 14.14771581263924
NOAA 16 DEB
1 42418U 00055TN  21110.39706675  .00000889  00000-0  48317-3 0  9998
2 42418  98.7797 185.1204 0014567 190.6719 169.4147 14.14773630264061
NOAA 16 DEB
1 42418U 00055TN  21110.46778899  .00000916  00000-0  49729-3 0  9992
2 42418  98.7797 185.1899 0014565 190.4441 169.6432 14.14773951264075
NOAA 16 DEB
1 42418U 00055TN  21111.45790094  .00000897  00000-0  48752-3 0  9996
2 42418  98.7797 186.1639 0014667 187.9313 172.1630 14.14775843264217
NOAA 16 DEB
1 42418U 00055TN  21111.67006757  .00000898  00000-0  48779-3 0  9996
2 42418  98.7797 186.3726 0014686 187.3905 172.7054 14.14776315264242
NOAA 16 DEB
1 42418U 00055TN  21112.02367860  .00000887  00000-0  48229-3 0  9999
2 42418  98.7796 186.7203 0014727 186.5464 173.5519 14.14776935264290
NOAA 16 DEB
1 42418U 00055TN  21112.66017784  .00000867  00000-0  47202-3 0  9994
2 42418  98.7796 187.3465 0014788 184.9577 175.1452 14.14778179264387
NOAA 16 DEB
1 42418U 00055TN  21112.66017784  .00000867  00000-0  47202-3 0  9994
2 42418  98.7796 187.3465 0014788 184.9577 175.1452 14.14778179264387
NOAA 16 DEB
1 42418U 00055TN  21113.15523249  .00000850  00000-0  46321-3 0  9990
2 42418  98.7796 187.8335 0014831 183.7402 176.3663 14.14779075264452
NOAA 16 DEB
1 42418U 00055TN  21114.42822857  .00000851  00000-0  46374-3 0  9997
2 42418  98.7795 189.0859 0014931 180.5329 179.5831 14.14781606264635
NOAA 16 DEB
1 42418U 00055TN  21114.99400383  .00000874  00000-0  47535-3 0  9990
2 42418  98.7794 189.6425 0014975 179.1372 180.9830 14.14782823264715
NOAA 16 DEB
1 42418U 00055TN  21114.99400383  .00000874  00000-0  47535-3 0  9990
2 42418  98.7794 189.6425 0014975 179.1372 180.9830 14.14782823264715
NOAA 16 DEB
1 42418U 00055TN  21117.46926834  .00000784  00000-0  42901-3 0  9991
2 42418  98.7794 192.0775 0015145 172.9403 187.1987 14.14786334265069
NOAA 16 DEB
1 42418U 00055TN  21118.03503848  .00000919  00000-0  49888-3 0  9992
2 42418  98.7793 192.6340 0015191 171.6505 188.4924 14.14788959265141
NOAA 16 DEB
1 42418U 00055TN  21119.44946880  .00000902  00000-0  48966-3 0  9993
2 42418  98.7793 194.0254 0015288 168.2115 191.9419 14.14791728265345
NOAA 16 DEB
1 42418U 00055TN  21120.43956852  .00000858  00000-0  46708-3 0  9996
2 42418  98.7793 194.9994 0015356 165.7943 194.3665 14.14793457265488
NOAA 16 DEB
1 42418U 00055TN  21120.43956852  .00000858  00000-0  46708-3 0  9996
2 42418  98.7793 194.9994 0015356 165.7943 194.3665 14.14793457265488
NOAA 16 DEB
1 42418U 00055TN  21121.42966675  .00000855  00000-0  46526-3 0  9995
2 42418  98.7792 195.9734 0015412 163.3669 196.8013 14.14795395265625
NOAA 16 DEB
1 42418U 00055TN  21122.06615782  .00000857  00000-0  46657-3 0  9993
2 42418  98.7791 196.5995 0015450 161.8271 198.3458 14.14796611265716
NOAA 16 DEB
1 42418U 00055TN  21122.98553313  .00000827  00000-0  45102-3 0  9996
2 42418  98.7791 197.5040 0015487 159.6275 200.5519 14.14798052265846
NOAA 16 DEB
1 42418U 00055TN  21122.98553313  .00000827  00000-0  45102-3 0  9996
2 42418  98.7791 197.5040 0015487 159.6275 200.5519 14.14798052265846
NOAA 16 DEB
1 42418U 00055TN  21124.47067606  .00000781  00000-0  42727-3 0  9996
2 42418  98.7790 198.9649 0015558 156.0069 204.1832 14.14800263266056
NOAA 16 DEB
1 42418U 00055TN  21125.46076995  .00000753  00000-0  41242-3 0  9997
2 42418  98.7790 199.9389 0015601 153.6303 206.5667 14.14801729266196
NOAA 16 DEB
1 42418U 00055TN  21125.46076995  .00000753  00000-0  41242-3 0  9997
2 42418  98.7790 199.9389 0015601 153.6303 206.5667 14.14801729266196
NOAA 16 DEB
1 42418U 00055TN  21126.45086279  .00000718  00000-0  39438-3 0  9998
2 42418  98.7789 200.9128 0015642 151.2489 208.9550 14.14803141266335
NOAA 16 DEB
1 42418U 00055TN  21127.44095457  .00000701  00000-0  38540-3 0  9991
2 42418  98.7789 201.8867 0015675 148.8736 211.3369 14.14804607266477
NOAA 16 DEB
1 42418U 00055TN  21128.00672085  .00000682  00000-0  37572-3 0  9994
2 42418  98.7789 202.4432 0015687 147.5391 212.6750 14.14805357266558
NOAA 16 DEB
1 42418U 00055TN  21128.00672085  .00000682  00000-0  37572-3 0  9994
2 42418  98.7789 202.4432 0015687 147.5391 212.6750 14.14805357266558
NOAA 16 DEB
1 42418U 00055TN  21129.49185574  .00000664  00000-0  36635-3 0  9999
2 42418  98.7789 203.9041 0015722 143.9742 216.2494 14.14807404266763
NOAA 16 DEB
1 42418U 00055TN  21130.41122398  .00000623  00000-0  34530-3 0  9995
2 42418  98.7788 204.8085 0015734 141.7863 218.4429 14.14808409266895
NOAA 16 DEB
1 42418U 00055TN  21130.41122398  .00000623  00000-0  34530-3 0  9995
2 42418  98.7788 204.8085 0015734 141.7863 218.4429 14.14808409266895
NOAA 16 DEB
1 42418U 00055TN  21131.47203224  .00000679  00000-0  37412-3 0  9993
2 42418  98.7788 205.8520 0015751 139.2420 220.9935 14.14810181267048
NOAA 16 DEB
1 42418U 00055TN  21134.01796659  .00000736  00000-0  40352-3 0  9996
2 42418  98.7787 208.3564 0015759 133.2225 227.0267 14.14814395267405
NOAA 16 DEB
1 42418U 00055TN  21134.44228799  .00000744  00000-0  40793-3 0  9996
2 42418  98.7788 208.7738 0015754 132.2375 228.0137 14.14815195267465
NOAA 16 DEB
1 42418U 00055TN  21135.64453102  .00000759  00000-0  41532-3 0  9995
2 42418  98.7787 209.9564 0015744 129.3804 230.8766 14.14817339267637
NOAA 16 DEB
1 42418U 00055TN  21138.04901174  .00000729  00000-0  39991-3 0  9992
2 42418  98.7787 212.3216 0015701 123.6495 236.6179 14.14821202267978
NOAA 16 DEB
1 42418U 00055TN  21138.04901174  .00000729  00000-0  39991-3 0  9992
2 42418  98.7787 212.3216 0015701 123.6495 236.6179 14.14821202267978
NOAA 16 DEB
1 42418U 00055TN  21139.46340874  .00000756  00000-0  41373-3 0  9990
2 42418  98.7787 213.7130 0015667 120.2738 239.9988 14.14823784268176
NOAA 16 DEB
1 42418U 00055TN  21140.45348509  .00000763  00000-0  41744-3 0  9994
2 42418  98.7787 214.6869 0015635 117.9279 242.3480 14.14825555268312
NOAA 16 DEB
1 42418U 00055TN  21140.45348509  .00000763  00000-0  41744-3 0  9994
2 42418  98.7787 214.6869 0015635 117.9279 242.3480 14.14825555268312
NOAA 16 DEB
1 42418U 00055TN  21140.66564410  .00000773  00000-0  42293-3 0  9999
2 42418  98.7787 214.8956 0015624 117.4217 242.8548 14.14826020268347
NOAA 16 DEB
1 42418U 00055TN  21142.43363382  .00000740  00000-0  40545-3 0  9993
2 42418  98.7787 216.6348 0015558 113.1558 247.1257 14.14828952268597
NOAA 16 DEB
1 42418U 00055TN  21142.64579228  .00000748  00000-0  40990-3 0  9996
2 42418  98.7787 216.8435 0015548 112.6528 247.6291 14.14829394268624
NOAA 16 DEB
1 42418U 00055TN  21142.64579228  .00000748  00000-0  40990-3 0  9996
2 42418  98.7787 216.8435 0015548 112.6528 247.6291 14.14829394268624
NOAA 16 DEB
1 42418U 00055TN  21142.99938965  .00000745  00000-0  40838-3 0  9999
2 42418  98.7787 217.1913 0015536 111.7651 248.5178 14.14829972268674
NOAA 16 DEB
1 42418U 00055TN  21143.98946169  .00000751  00000-0  41142-3 0  9990
2 42418  98.7787 218.1653 0015488 109.3687 250.9162 14.14831593268812
NOAA 16 DEB
1 42418U 00055TN  21144.97953248  .00000738  00000-0  40459-3 0  9991
2 42418  98.7787 219.1393 0015434 106.9736 253.3130 14.14833109268955
NOAA 16 DEB
1 42418U 00055TN  21144.97953248  .00000738  00000-0  40459-3 0  9991
2 42418  98.7787 219.1393 0015434 106.9736 253.3130 14.14833109268955
NOAA 16 DEB
1 42418U 00055TN  21146.46463674  .00000711  00000-0  39082-3 0  9997
2 42418  98.7788 220.6002 0015348 103.3678 256.9208 14.14835291269163
NOAA 16 DEB
1 42418U 00055TN  21146.67679443  .00000687  00000-0  37812-3 0  9994
2 42418  98.7788 220.8090 0015334 102.8573 257.4314 14.14835470269191
NOAA 16 DEB
1 42418U 00055TN  21147.03039029  .00000677  00000-0  37322-3 0  9990
2 42418  98.7787 221.1569 0015309 102.0015 258.2875 14.14835924269241
NOAA 16 DEB
1 42418U 00055TN  21147.03039029  .00000677  00000-0  37322-3 0  9990
2 42418  98.7787 221.1569 0015309 102.0015 258.2875 14.14835924269241
NOAA 16 DEB
1 42418U 00055TN  21148.44477169  .00000790  00000-0  43152-3 0  9991
2 42418  98.7787 222.5482 0015224  98.5460 261.7439 14.14838842269448
NOAA 16 DEB
1 42418U 00055TN  21149.43483720  .00000707  00000-0  38871-3 0  9991
2 42418  98.7788 223.5221 0015151  96.1361 264.1539 14.14840027269585
NOAA 16 DEB
1 42418U 00055TN  21149.43483720  .00000707  00000-0  38871-3 0  9991
2 42418  98.7788 223.5221 0015151  96.1361 264.1539 14.14840027269585
NOAA 16 DEB
1 42418U 00055TN  21150.14202623  .00000697  00000-0  38345-3 0  9996
2 42418  98.7788 224.2177 0015091  94.3909 265.8989 14.14841087269689
NOAA 16 DEB
1 42418U 00055TN  21150.99065236  .00000671  00000-0  36982-3 0  9993
2 42418  98.7788 225.0525 0015022  92.3117 267.9777 14.14842228269808
NOAA 16 DEB
1 42418U 00055TN  21151.98071521  .00000659  00000-0  36361-3 0  9994
2 42418  98.7788 226.0265 0014935  89.8549 270.4336 14.14843627269941
NOAA 16 DEB
1 42418U 00055TN  21151.98071521  .00000659  00000-0  36361-3 0  9994
2 42418  98.7788 226.0265 0014935  89.8549 270.4336 14.14843627269941
NOAA 16 DEB
1 42418U 00055TN  21153.46580763  .00000673  00000-0  37077-3 0  9993
2 42418  98.7788 227.4875 0014803  86.1515 274.1351 14.14845868270152
NOAA 16 DEB
1 42418U 00055TN  21154.45586818  .00000637  00000-0  35224-3 0  9992
2 42418  98.7788 228.4615 0014700  83.6911 276.5937 14.14847039270296
NOAA 16 DEB
1 42418U 00055TN  21154.45586818  .00000637  00000-0  35224-3 0  9992
2 42418  98.7788 228.4615 0014700  83.6911 276.5937 14.14847039270296
NOAA 16 DEB
1 42418U 00055TN  21155.44592764  .00000628  00000-0  34755-3 0  9997
2 42418  98.7787 229.4355 0014604  81.2075 279.0752 14.14848359270430
NOAA 16 DEB
1 42418U 00055TN  21156.43598611  .00000617  00000-0  34168-3 0  9990
2 42418  98.7788 230.4095 0014505  78.6934 281.5868 14.14849634270576
NOAA 16 DEB
1 42418U 00055TN  21157.00173344  .00000603  00000-0  33471-3 0  9997
2 42418  98.7788 230.9660 0014443  77.2425 283.0362 14.14850277270650
NOAA 16 DEB
1 42418U 00055TN  21157.00173344  .00000603  00000-0  33471-3 0  9997
2 42418  98.7788 230.9660 0014443  77.2425 283.0362 14.14850277270650
NOAA 16 DEB
1 42418U 00055TN  21158.91112817  .00000583  00000-0  32448-3 0  9996
2 42418  98.7788 232.8444 0014235  72.3304 287.9422 14.14852580270921
NOAA 16 DEB
1 42418U 00055TN  21158.98184651  .00000578  00000-0  32162-3 0  9995
2 42418  98.7788 232.9140 0014228  72.1409 288.1315 14.14852615270935
NOAA 16 DEB
1 42418U 00055TN  21160.46692870  .00000619  00000-0  34313-3 0  9994
2 42418  98.7789 234.3749 0014059  68.2974 291.9695 14.14854774271147
NOAA 16 DEB
1 42418U 00055TN  21160.46692870  .00000619  00000-0  34313-3 0  9994
2 42418  98.7789 234.3749 0014059  68.2974 291.9695 14.14854774271147
NOAA 16 DEB
1 42418U 00055TN  21161.45698236  .00000600  00000-0  33291-3 0  9990
2 42418  98.7789 235.3488 0013938  65.7245 294.5383 14.14855983271287
NOAA 16 DEB
1 42418U 00055TN  21161.66913651  .00000602  00000-0  33411-3 0  9990
2 42418  98.7789 235.5576 0013911  65.1709 295.0909 14.14856327271314
NOAA 16 DEB
1 42418U 00055TN  21162.44703516  .00000569  00000-0  31701-3 0  9996
2 42418  98.7789 236.3228 0013820  63.1196 297.1388 14.14857129271421
NOAA 16 DEB
1 42418U 00055TN  21163.01277906  .00000573  00000-0  31906-3 0  9991
2 42418  98.7790 236.8794 0013745  61.6156 298.6401 14.14857925271506
NOAA 16 DEB
1 42418U 00055TN  21163.01277906  .00000573  00000-0  31906-3 0  9991
2 42418  98.7790 236.8794 0013745  61.6156 298.6401 14.14857925271506
NOAA 16 DEB
1 42418U 00055TN  21164.42713707  .00000590  00000-0  32784-3 0  9995
2 42418  98.7790 238.2708 0013573  57.8336 302.4152 14.14860022271704
NOAA 16 DEB
1 42418U 00055TN  21164.63929059  .00000596  00000-0  33128-3 0  9996
2 42418  98.7790 238.4795 0013546  57.2594 302.9883 14.14860368271734
NOAA 16 DEB
1 42418U 00055TN  21165.41718647  .00000607  00000-0  33686-3 0  9994
2 42418  98.7790 239.2448 0013452  55.1473 305.0963 14.14861476271843
NOAA 16 DEB
1 42418U 00055TN  21165.41718647  .00000607  00000-0  33686-3 0  9994
2 42418  98.7790 239.2448 0013452  55.1473 305.0963 14.14861476271843
NOAA 16 DEB
1 42418U 00055TN  21165.91221085  .00000608  00000-0  33699-3 0  9999
2 42418  98.7790 239.7318 0013387  53.7956 306.4454 14.14862131271918
NOAA 16 DEB
1 42418U 00055TN  21166.47795278  .00000602  00000-0  33409-3 0  9994
2 42418  98.7790 240.2883 0013318  52.2551 307.9827 14.14862837271992
NOAA 16 DEB
1 42418U 00055TN  21167.46800010  .00000633  00000-0  35011-3 0  9990
2 42418  98.7790 241.2623 0013195  49.5396 310.6926 14.14864409272139
NOAA 16 DEB
1 42418U 00055TN  21167.46800010  .00000633  00000-0  35011-3 0  9990
2 42418  98.7790 241.2623 0013195  49.5396 310.6926 14.14864409272139
NOAA 16 DEB
1 42418U 00055TN  21168.03374088  .00000661  00000-0  36450-3 0  9994
2 42418  98.7789 241.8188 0013118  47.9803 312.2485 14.14865406272214
NOAA 16 DEB
1 42418U 00055TN  21169.02378631  .00000672  00000-0  37029-3 0  9997
2 42418  98.7789 242.7928 0012987  45.2322 314.9906 14.14867016272357
NOAA 16 DEB
1 42418U 00055TN  21170.43813592  .00000588  00000-0  32691-3 0  9990
2 42418  98.7789 244.1842 0012813  41.2764 318.9376 14.14868533272554
NOAA 16 DEB
1 42418U 00055TN  21171.42817933  .00000562  00000-0  31345-3 0  9990
2 42418  98.7790 245.1582 0012690  38.4481 321.7594 14.14869738272692
NOAA 16 DEB
1 42418U 00055TN  21171.42817933  .00000562  00000-0  31345-3 0  9990
2 42418  98.7790 245.1582 0012690  38.4481 321.7594 14.14869738272692
NOAA 16 DEB
1 42418U 00055TN  21172.41822227  .00000546  00000-0  30505-3 0  9991
2 42418  98.7790 246.1322 0012550  35.5717 324.6291 14.14870786272837
NOAA 16 DEB
1 42418U 00055TN  21172.63037424  .00000526  00000-0  29489-3 0  9999
2 42418  98.7790 246.3409 0012521  34.9627 325.2366 14.14870926272865
NOAA 16 DEB
1 42418U 00055TN  21173.05467802  .00000533  00000-0  29817-3 0  9996
2 42418  98.7790 246.7584 0012464  33.7033 326.4930 14.14871415272928
NOAA 16 DEB
1 42418U 00055TN  21174.46902275  .00000565  00000-0  31524-3 0  9993
2 42418  98.7791 248.1498 0012260  29.5018 330.6845 14.14873166273129
NOAA 16 DEB
1 42418U 00055TN  21175.03475979  .00000620  00000-0  34332-3 0  9995
2 42418  98.7791 248.7064 0012200  27.8522 332.3302 14.14874225273202
NOAA 16 DEB
1 42418U 00055TN  21175.03475979  .00000620  00000-0  34332-3 0  9995
2 42418  98.7791 248.7064 0012200  27.8522 332.3302 14.14874225273202
NOAA 16 DEB
1 42418U 00055TN  21176.44910225  .00000595  00000-0  33047-3 0  9992
2 42418  98.7792 250.0979 0012024  23.6345 336.5379 14.14875746273406
NOAA 16 DEB
1 42418U 00055TN  21177.43914075  .00000577  00000-0  32110-3 0  9999
2 42418  98.7792 251.0719 0011901  20.6280 339.5372 14.14876885273543
NOAA 16 DEB
1 42418U 00055TN  21177.43914075  .00000577  00000-0  32110-3 0  9999
2 42418  98.7792 251.0719 0011901  20.6280 339.5372 14.14876885273543
NOAA 16 DEB
1 42418U 00055TN  21177.65129170  .00000572  00000-0  31874-3 0  9998
2 42418  98.7792 251.2806 0011873  19.9761 340.1875 14.14877154273574
NOAA 16 DEB
1 42418U 00055TN  21178.42917819  .00000570  00000-0  31737-3 0  9995
2 42418  98.7792 252.0459 0011784  17.5753 342.5826 14.14878117273687
NOAA 16 DEB
1 42418U 00055TN  21178.99491338  .00000577  00000-0  32117-3 0  9990
2 42418  98.7792 252.6025 0011722  15.8206 344.3331 14.14878896273762
NOAA 16 DEB
1 42418U 00055TN  21179.48993152  .00000590  00000-0  32796-3 0  9994
2 42418  98.7792 253.0895 0011667  14.2713 345.8788 14.14879586273833
NOAA 16 DEB
1 42418U 00055TN  21180.47996713  .00000621  00000-0  34416-3 0  9997
2 42418  98.7792 254.0635 0011557  11.1535 348.9892 14.14880979273975
NOAA 16 DEB
1 42418U 00055TN  21181.04570126  .00000639  00000-0  35327-3 0  9998
2 42418  98.7792 254.6201 0011492   9.3483 350.7903 14.14881811274059
NOAA 16 DEB
1 42418U 00055TN  21181.96501868  .00000655  00000-0  36166-3 0  9996
2 42418  98.7792 255.5246 0011391   6.4206 353.7111 14.14883114274183
NOAA 16 DEB
1 42418U 00055TN  21182.46003520  .00000688  00000-0  37881-3 0  9995
2 42418  98.7792 256.0116 0011335   4.8000 355.3280 14.14884034274252
NOAA 16 DEB
1 42418U 00055TN  21182.67218508  .00000687  00000-0  37796-3 0  9996
2 42418  98.7792 256.2203 0011311   4.1063 356.0201 14.14884360274283
NOAA 16 DEB
1 42418U 00055TN  21183.02576804  .00000705  00000-0  38749-3 0  9992
2 42418  98.7791 256.5682 0011276   3.0017 357.1222 14.14884992274335
NOAA 16 DEB
1 42418U 00055TN  21184.01580025  .00000664  00000-0  36597-3 0  9995
2 42418  98.7791 257.5422 0011175 359.7795   0.3372 14.14886152274478
NOAA 16 DEB
1 42418U 00055TN  21184.44009940  .00000652  00000-0  36003-3 0  9993
2 42418  98.7791 257.9596 0011135 358.3925   1.7210 14.14886706274538
NOAA 16 DEB
1 42418U 00055TN  21184.65224886  .00000645  00000-0  35626-3 0  9996
2 42418  98.7792 258.1683 0011114 357.6701   2.4418 14.14887004274563
NOAA 16 DEB
1 42418U 00055TN  21185.43012998  .00000647  00000-0  35727-3 0  9996
2 42418  98.7792 258.9336 0011045 355.1036   5.0027 14.14888101274679
NOAA 16 DEB
1 42418U 00055TN  21186.13729412  .00000646  00000-0  35675-3 0  9991
2 42418  98.7792 259.6293 0010990 352.7407   7.3605 14.14889082274779
NOAA 16 DEB
1 42418U 00055TN  21186.49087613  .00000633  00000-0  35012-3 0  9991
2 42418  98.7792 259.9772 0010956 351.5757   8.5231 14.14889460274825
NOAA 16 DEB
1 42418U 00055TN  21186.63230886  .00000628  00000-0  34759-3 0  9990
2 42418  98.7793 260.1163 0010941 351.0766   9.0211 14.14889638274846
NOAA 16 DEB
1 42418U 00055TN  21187.48090486  .00000623  00000-0  34501-3 0  9994
2 42418  98.7793 260.9512 0010876 348.2362  11.8556 14.14890736274966
NOAA 16 DEB
1 42418U 00055TN  21188.47093276  .00000617  00000-0  34178-3 0  9997
2 42418  98.7793 261.9252 0010799 344.8436  15.2413 14.14892009275108
NOAA 16 DEB
1 42418U 00055TN  21189.46095972  .00000635  00000-0  35105-3 0  9993
2 42418  98.7793 262.8992 0010728 341.4456  18.6324 14.14893445275244
NOAA 16 DEB
1 42418U 00055TN  21189.67310827  .00000626  00000-0  34650-3 0  9999
2 42418  98.7793 263.1079 0010711 340.6918  19.3848 14.14893698275272
NOAA 16 DEB
1 42418U 00055TN  21190.16812137  .00000613  00000-0  33963-3 0  9998
2 42418  98.7793 263.5949 0010682 338.9759  21.0974 14.14894281275349
NOAA 16 DEB
1 42418U 00055TN  21190.45098588  .00000611  00000-0  33891-3 0  9994
2 42418  98.7794 263.8732 0010661 337.9941  22.0773 14.14894660275385
NOAA 16 DEB
1 42418U 00055TN  21191.15814685  .00000604  00000-0  33502-3 0  9997
2 42418  98.7794 264.5690 0010624 335.5074  24.5593 14.14895590275487
NOAA 16 DEB
1 42418U 00055TN  21191.44101117  .00000585  00000-0  32508-3 0  9991
2 42418  98.7794 264.8473 0010605 334.5232  25.5417 14.14895849275521
NOAA 16 DEB
1 42418U 00055TN  21191.65315932  .00000575  00000-0  31993-3 0  9992
2 42418  98.7794 265.0560 0010592 333.7682  26.2954 14.14896100275554
NOAA 16 DEB
1 42418U 00055TN  21192.43103558  .00000554  00000-0  30920-3 0  9994
2 42418  98.7794 265.8213 0010557 331.0504  29.0082 14.14896992275666
NOAA 16 DEB
1 42418U 00055TN  21193.42105930  .00000565  00000-0  31512-3 0  9990
2 42418  98.7793 266.7953 0010520 327.5836  32.4690 14.14898263275806
NOAA 16 DEB
1 42418U 00055TN  21193.42105930  .00000565  00000-0  31512-3 0  9990
2 42418  98.7793 266.7953 0010520 327.5836  32.4690 14.14898263275806
NOAA 16 DEB
1 42418U 00055TN  21195.04752538  .00000526  00000-0  29482-3 0  9992
2 42418  98.7793 268.3955 0010472 321.8061  38.2370 14.14899882276032
NOAA 16 DEB
1 42418U 00055TN  21195.47182049  .00000522  00000-0  29273-3 0  9997
2 42418  98.7793 268.8129 0010461 320.2981  39.7426 14.14900357276096
NOAA 16 DEB
1 42418U 00055TN  21195.47182049  .00000522  00000-0  29273-3 0  9997
2 42418  98.7793 268.8129 0010461 320.2981  39.7426 14.14900357276096
NOAA 16 DEB
1 42418U 00055TN  21196.17897870  .00000541  00000-0  30252-3 0  9990
2 42418  98.7793 269.5087 0010451 317.7520  42.2847 14.14901299276199
NOAA 16 DEB
1 42418U 00055TN  21196.46184195  .00000534  00000-0  29871-3 0  9998
2 42418  98.7793 269.7870 0010444 316.7457  43.2896 14.14901569276231
NOAA 16 DEB
1 42418U 00055TN  21197.66400988  .00000516  00000-0  28962-3 0  9992
2 42418  98.7792 270.9697 0010430 312.4620  47.5670 14.14902924276403
NOAA 16 DEB
1 42418U 00055TN  21197.66400988  .00000516  00000-0  28962-3 0  9992
2 42418  98.7792 270.9697 0010430 312.4620  47.5670 14.14902924276403
NOAA 16 DEB
1 42418U 00055TN  21198.15901974  .00000534  00000-0  29906-3 0  9997
2 42418  98.7792 271.4567 0010437 310.7129  49.3137 14.14903642276470
NOAA 16 DEB
1 42418U 00055TN  21198.65402941  .00000535  00000-0  29949-3 0  9990
2 42418  98.7792 271.9438 0010436 308.9300  51.0943 14.14904290276544
NOAA 16 DEB
1 42418U 00055TN  21199.43190102  .00000570  00000-0  31760-3 0  9993
2 42418  98.7792 272.7091 0010456 306.0952  53.9253 14.14905522276658
NOAA 16 DEB
1 42418U 00055TN  21199.64404779  .00000567  00000-0  31604-3 0  9997
2 42418  98.7793 272.9178 0010460 305.3384  54.6811 14.14905797276688
NOAA 16 DEB
1 42418U 00055TN  21200.13905663  .00000604  00000-0  33494-3 0  9993
2 42418  98.7792 273.4048 0010466 303.7156  56.3019 14.14906670276752
NOAA 16 DEB
1 42418U 00055TN  21200.63406508  .00000636  00000-0  35157-3 0  9995
2 42418  98.7793 273.8919 0010479 301.8707  58.1446 14.14907570276821
NOAA 16 DEB
1 42418U 00055TN  21200.91692719  .00000619  00000-0  34295-3 0  9990
2 42418  98.7792 274.1702 0010488 300.8516  59.1626 14.14907803276865
NOAA 16 DEB
1 42418U 00055TN  21202.47266671  .00000693  00000-0  38103-3 0  9991
2 42418  98.7793 275.7008 0010544 295.3590  64.6491 14.14910362277085
NOAA 16 DEB
1 42418U 00055TN  21202.47266671  .00000693  00000-0  38103-3 0  9991
2 42418  98.7793 275.7008 0010544 295.3590  64.6491 14.14910362277085
NOAA 16 DEB
1 42418U 00055TN  21203.17982021  .00000740  00000-0  40550-3 0  9995
2 42418  98.7793 276.3965 0010571 292.8990  67.1067 14.14911662277182
NOAA 16 DEB
1 42418U 00055TN  21203.46268127  .00000814  00000-0  44359-3 0  9994
2 42418  98.7793 276.6748 0010583 291.9295  68.0753 14.14912538277225
NOAA 16 DEB
1 42418U 00055TN  21204.16983401  .00000734  00000-0  40252-3 0  9990
2 42418  98.7793 277.3705 0010617 289.4452  70.5574 14.14913222277322
NOAA 16 DEB
1 42418U 00055TN  21204.66484065  .00000803  00000-0  43796-3 0  9990
2 42418  98.7794 277.8576 0010638 287.7164  72.2848 14.14914363277395
NOAA 16 DEB
1 42418U 00055TN  21205.44270817  .00000727  00000-0  39881-3 0  9990
2 42418  98.7794 278.6228 0010672 285.0666  74.9326 14.14915025277503
NOAA 16 DEB
1 42418U 00055TN  21206.43272004  .00000719  00000-0  39466-3 0  9990
2 42418  98.7794 279.5969 0010728 281.6630  78.3339 14.14916473277645
NOAA 16 DEB
1 42418U 00055TN  21206.64486526  .00000724  00000-0  39706-3 0  9992
2 42418  98.7794 279.8056 0010745 280.9227  79.0737 14.14916845277674
NOAA 16 DEB
1 42418U 00055TN  21207.13987070  .00000724  00000-0  39717-3 0  9999
2 42418  98.7794 280.2926 0010780 279.2612  80.7342 14.14917570277749
NOAA 16 DEB
1 42418U 00055TN  21207.13987070  .00000724  00000-0  39717-3 0  9999
2 42418  98.7794 280.2926 0010780 279.2612  80.7342 14.14917570277749
NOAA 16 DEB
1 42418U 00055TN  21207.91773596  .00000709  00000-0  38939-3 0  9999
2 42418  98.7794 281.0579 0010836 276.6097  83.3843 14.14918608277852
NOAA 16 DEB
1 42418U 00055TN  21208.97846067  .00000679  00000-0  37399-3 0  9995
2 42418  98.7793 282.1015 0010923 273.0386  86.9538 14.14919885278003
NOAA 16 DEB
1 42418U 00055TN  21209.96846930  .00000677  00000-0  37252-3 0  9990
2 42418  98.7793 283.0755 0011005 269.7320  90.2593 14.14921282278144
NOAA 16 DEB
1 42418U 00055TN  21209.96846930  .00000677  00000-0  37252-3 0  9990
2 42418  98.7793 283.0755 0011005 269.7320  90.2593 14.14921282278144
NOAA 16 DEB
1 42418U 00055TN  21211.17062147  .00000675  00000-0  37179-3 0  9992
2 42418  98.7791 284.2582 0011103 265.7868  94.2036 14.14923030278313
NOAA 16 DEB
1 42418U 00055TN  21211.66562481  .00000677  00000-0  37265-3 0  9990
2 42418  98.7791 284.7452 0011144 264.1462  95.8441 14.14923811278383
NOAA 16 DEB
1 42418U 00055TN  21212.44348606  .00000718  00000-0  39365-3 0  9997
2 42418  98.7792 285.5105 0011250 261.5288  98.4610 14.14925365278498
NOAA 16 DEB
1 42418U 00055TN  21212.44348606  .00000718  00000-0  39365-3 0  9997
2 42418  98.7792 285.5105 0011250 261.5288  98.4610 14.14925365278498
NOAA 16 DEB
1 42418U 00055TN  21212.65563001  .00000714  00000-0  39183-3 0  9992
2 42418  98.7791 285.7193 0011272 260.8320  99.1578 14.14925719278527
NOAA 16 DEB
1 42418U 00055TN  21213.43349058  .00000699  00000-0  38406-3 0  9992
2 42418  98.7791 286.4845 0011344 258.3304 101.6596 14.14926968278631
NOAA 16 DEB
1 42418U 00055TN  21213.64563430  .00000716  00000-0  39262-3 0  9998
2 42418  98.7791 286.6933 0011368 257.6457 102.3444 14.14927425278660
NOAA 16 DEB
1 42418U 00055TN  21214.49420844  .00000742  00000-0  40619-3 0  9990
2 42418  98.7791 287.5281 0011457 254.9418 105.0488 14.14929012278787
NOAA 16 DEB
1 42418U 00055TN  21214.63563738  .00000740  00000-0  40505-3 0  9998
2 42418  98.7791 287.6672 0011475 254.4804 105.5103 14.14929262278805
NOAA 16 DEB
1 42418U 00055TN  21214.63563738  .00000740  00000-0  40505-3 0  9998
2 42418  98.7791 287.6672 0011475 254.4804 105.5103 14.14929262278805
NOAA 16 DEB
1 42418U 00055TN  21215.48421027  .00000815  00000-0  44378-3 0  9991
2 42418  98.7791 288.5021 0011561 251.8653 108.1261 14.14931210278925
NOAA 16 DEB
1 42418U 00055TN  21215.97921125  .00000757  00000-0  41379-3 0  9992
2 42418  98.7791 288.9891 0011624 250.3016 109.6904 14.14931650278996
NOAA 16 DEB
1 42418U 00055TN  21216.47421180  .00000772  00000-0  42177-3 0  9998
2 42418  98.7791 289.4761 0011672 248.7721 111.2206 14.14932552279060
NOAA 16 DEB
1 42418U 00055TN  21217.03992659  .00000730  00000-0  39985-3 0  9992
2 42418  98.7791 290.0326 0011748 247.0058 112.9876 14.14933187279149
NOAA 16 DEB
1 42418U 00055TN  21217.03992659  .00000730  00000-0  39985-3 0  9992
2 42418  98.7791 290.0326 0011748 247.0058 112.9876 14.14933187279149
NOAA 16 DEB
1 42418U 00055TN  21217.95921218  .00000730  00000-0  39980-3 0  9991
2 42418  98.7791 290.9371 0011859 244.1518 115.8433 14.14934662279274
NOAA 16 DEB
1 42418U 00055TN  21219.01992559  .00000684  00000-0  37637-3 0  9991
2 42418  98.7791 291.9806 0011986 240.9202 119.0772 14.14936008279428
NOAA 16 DEB
1 42418U 00055TN  21220.15135189  .00000702  00000-0  38566-3 0  9999
2 42418  98.7790 293.0937 0012106 237.5026 122.4978 14.14937807279587
NOAA 16 DEB
1 42418U 00055TN  21220.43420836  .00000697  00000-0  38314-3 0  9990
2 42418  98.7790 293.3720 0012146 236.6580 123.3431 14.14938153279623
NOAA 16 DEB
1 42418U 00055TN  21221.42420534  .00000678  00000-0  37323-3 0  9993
2 42418  98.7790 294.3460 0012278 233.7539 126.2501 14.14939367279766
NOAA 16 DEB
1 42418U 00055TN  21222.48491541  .00000654  00000-0  36051-3 0  9997
2 42418  98.7789 295.3895 0012410 230.6733 129.3341 14.14940617279910
NOAA 16 DEB
1 42418U 00055TN  21222.48491541  .00000654  00000-0  36051-3 0  9997
2 42418  98.7789 295.3895 0012410 230.6733 129.3341 14.14940617279910
NOAA 16 DEB
1 42418U 00055TN  21223.47491081  .00000643  00000-0  35507-3 0  9999
2 42418  98.7788 296.3635 0012528 227.8119 132.1991 14.14941794280055
NOAA 16 DEB
1 42418U 00055TN  21224.46490553  .00000603  00000-0  33446-3 0  9998
2 42418  98.7788 297.3374 0012662 224.9834 135.0314 14.14942796280196
NOAA 16 DEB
1 42418U 00055TN  21225.03061636  .00000600  00000-0  33266-3 0  9995
2 42418  98.7787 297.8940 0012737 223.3882 136.6290 14.14943506280277
NOAA 16 DEB
1 42418U 00055TN  21225.45489933  .00000605  00000-0  33552-3 0  9998
2 42418  98.7787 298.3114 0012793 222.1929 137.8260 14.14944083280335
NOAA 16 DEB
1 42418U 00055TN  21225.66704072  .00000594  00000-0  32966-3 0  9990
2 42418  98.7787 298.5201 0012824 221.6083 138.4116 14.14944324280362
NOAA 16 DEB
1 42418U 00055TN  21226.16203725  .00000572  00000-0  31831-3 0  9991
2 42418  98.7787 299.0071 0012886 220.2379 139.7842 14.14944829280432
NOAA 16 DEB
1 42418U 00055TN  21226.65703352  .00000570  00000-0  31721-3 0  9992
2 42418  98.7787 299.4941 0012949 218.8436 141.1808 14.14945476280505
NOAA 16 DEB
1 42418U 00055TN  21227.15202962  .00000566  00000-0  31526-3 0  9997
2 42418  98.7786 299.9810 0013009 217.4867 142.5400 14.14946069280574
NOAA 16 DEB
1 42418U 00055TN  21227.43488450  .00000559  00000-0  31123-3 0  9991
2 42418  98.7786 300.2593 0013043 216.6934 143.3348 14.14946360280611
NOAA 16 DEB
1 42418U 00055TN  21227.64702553  .00000563  00000-0  31349-3 0  9992
2 42418  98.7786 300.4680 0013073 216.1178 143.9113 14.14946675280646
NOAA 16 DEB
1 42418U 00055TN  21228.42487584  .00000570  00000-0  31697-3 0  9997
2 42418  98.7786 301.2332 0013163 213.9859 146.0472 14.14947633280759
NOAA 16 DEB
1 42418U 00055TN  21231.67769949  .00000592  00000-0  32827-3 0  9996
2 42418  98.7785 304.4333 0013550 205.2647 154.7866 14.14951546281216
NOAA 16 DEB
1 42418U 00055TN  21231.67769949  .00000592  00000-0  32827-3 0  9996
2 42418  98.7785 304.4333 0013550 205.2647 154.7866 14.14951546281216
NOAA 16 DEB
1 42418U 00055TN  21232.45554729  .00000600  00000-0  33264-3 0  9997
2 42418  98.7785 305.1985 0013644 203.2229 156.8329 14.14952545281324
NOAA 16 DEB
1 42418U 00055TN  21232.66768747  .00000585  00000-0  32502-3 0  9993
2 42418  98.7785 305.4072 0013670 202.6684 157.3887 14.14952769281357
NOAA 16 DEB
1 42418U 00055TN  21233.44553448  .00000624  00000-0  34480-3 0  9991
2 42418  98.7785 306.1724 0013761 200.6198 159.4422 14.14953989281463
NOAA 16 DEB
1 42418U 00055TN  21233.65767445  .00000627  00000-0  34666-3 0  9997
2 42418  98.7784 306.3811 0013786 200.0720 159.9913 14.14954318281493
NOAA 16 DEB
1 42418U 00055TN  21234.01124093  .00000646  00000-0  35611-3 0  9996
2 42418  98.7784 306.7289 0013823 199.1588 160.9067 14.14954895281546
NOAA 16 DEB
1 42418U 00055TN  21234.43552076  .00000636  00000-0  35093-3 0  9991
2 42418  98.7784 307.1463 0013868 198.0532 162.0150 14.14955382281606
NOAA 16 DEB
1 42418U 00055TN  21234.64766055  .00000635  00000-0  35068-3 0  9999
2 42418  98.7784 307.3550 0013892 197.5131 162.5565 14.14955680281630
NOAA 16 DEB
1 42418U 00055TN  21235.42550622  .00000631  00000-0  34873-3 0  9996
2 42418  98.7784 308.1202 0013973 195.5199 164.5548 14.14956640281747
NOAA 16 DEB
1 42418U 00055TN  21236.13263803  .00000636  00000-0  35133-3 0  9992
2 42418  98.7783 308.8158 0014040 193.7207 166.3587 14.14957614281845
NOAA 16 DEB
1 42418U 00055TN  21236.48620402  .00000648  00000-0  35705-3 0  9990
2 42418  98.7783 309.1636 0014069 192.7960 167.2858 14.14958060281898
NOAA 16 DEB
1 42418U 00055TN  21236.98119610  .00000576  00000-0  31998-3 0  9999
2 42418  98.7782 309.6506 0014122 191.5491 168.5361 14.14958259281965
NOAA 16 DEB
1 42418U 00055TN  21238.46617038  .00000696  00000-0  38218-3 0  9996
2 42418  98.7781 311.1114 0014266 187.8361 172.2592 14.14960896282172
NOAA 16 DEB
1 42418U 00055TN  21238.46617038  .00000696  00000-0  38218-3 0  9996
2 42418  98.7781 311.1114 0014266 187.8361 172.2592 14.14960896282172
NOAA 16 DEB
1 42418U 00055TN  21239.45615218  .00000695  00000-0  38127-3 0  9992
2 42418  98.7780 312.0853 0014357 185.3566 174.7456 14.14962248282317
NOAA 16 DEB
1 42418U 00055TN  21240.44613226  .00001051  00000-0  56531-3 0  9996
2 42418  98.7779 313.0591 0014433 182.8255 177.2840 14.14965771282451
NOAA 16 DEB
1 42418U 00055TN  21241.01183459  .00000967  00000-0  52194-3 0  9996
2 42418  98.7778 313.6156 0014482 181.4588 178.6546 14.14966294282539
NOAA 16 DEB
1 42418U 00055TN  21241.43611097  .00001005  00000-0  54146-3 0  9999
2 42418  98.7778 314.0330 0014516 180.4091 179.7073 14.14967273282595
NOAA 16 DEB
1 42418U 00055TN  21242.42608872  .00000981  00000-0  52903-3 0  9997
2 42418  98.7778 315.0068 0014588 177.9445 182.1791 14.14968855282735
NOAA 16 DEB
1 42418U 00055TN  21242.99179079  .00000821  00000-0  44676-3 0  9992
2 42418  98.7778 315.5633 0014631 176.5837 183.5439 14.14968660282814
NOAA 16 DEB
1 42418U 00055TN  21243.98176759  .00000776  00000-0  42330-3 0  9998
2 42418  98.7777 316.5371 0014697 174.1631 185.9717 14.14969866282950
NOAA 16 DEB
1 42418U 00055TN  21243.98176759  .00000776  00000-0  42330-3 0  9998
2 42418  98.7777 316.5371 0014697 174.1631 185.9717 14.14969866282950
NOAA 16 DEB
1 42418U 00055TN  21245.46673049  .00000736  00000-0  40236-3 0  9996
2 42418  98.7777 317.9979 0014787 170.5372 189.6082 14.14971948283165
NOAA 16 DEB
1 42418U 00055TN  21246.17385480  .00000705  00000-0  38659-3 0  9996
2 42418  98.7777 318.6935 0014826 168.8316 191.3189 14.14972904283269
NOAA 16 DEB
1 42418U 00055TN  21246.66884141  .00000717  00000-0  39290-3 0  9993
2 42418  98.7777 319.1804 0014856 167.6314 192.5227 14.14973787283332
NOAA 16 DEB
1 42418U 00055TN  21246.66884141  .00000717  00000-0  39290-3 0  9993
2 42418  98.7777 319.1804 0014856 167.6314 192.5227 14.14973787283332
NOAA 16 DEB
1 42418U 00055TN  21247.44667720  .00000718  00000-0  39334-3 0  9992
2 42418  98.7777 319.9455 0014896 165.7451 194.4145 14.14974955283447
NOAA 16 DEB
1 42418U 00055TN  21247.65881406  .00000717  00000-0  39280-3 0  9993
2 42418  98.7777 320.1542 0014906 165.2349 194.9262 14.14975304283478
NOAA 16 DEB
1 42418U 00055TN  21248.43664899  .00000720  00000-0  39404-3 0  9997
2 42418  98.7776 320.9193 0014941 163.3467 196.8200 14.14976468283583
NOAA 16 DEB
1 42418U 00055TN  21249.42661979  .00000715  00000-0  39142-3 0  9996
2 42418  98.7776 321.8931 0014976 160.9636 199.2101 14.14977890283725
NOAA 16 DEB
1 42418U 00055TN  21249.63875615  .00000722  00000-0  39514-3 0  9994
2 42418  98.7776 322.1017 0014984 160.4547 199.7203 14.14978284283758
NOAA 16 DEB
1 42418U 00055TN  21251.05299826  .00000695  00000-0  38121-3 0  9999
2 42418  98.7774 323.4929 0015018 157.0908 203.0939 14.14980063283959
NOAA 16 DEB
1 42418U 00055TN  21253.03293279  .00000758  00000-0  41391-3 0  9998
2 42418  98.7772 325.4404 0015059 152.3351 207.8626 14.14983470284234
NOAA 16 DEB
1 42418U 00055TN  21253.45720399  .00000789  00000-0  42999-3 0  9991
2 42418  98.7771 325.8577 0015068 151.2939 208.9067 14.14984302284290
NOAA 16 DEB
1 42418U 00055TN  21254.16432178  .00000842  00000-0  45719-3 0  9998
2 42418  98.7771 326.5532 0015076 149.6039 210.6012 14.14985832284390
NOAA 16 DEB
1 42418U 00055TN  21254.65930412  .00000794  00000-0  43227-3 0  9994
2 42418  98.7770 327.0401 0015085 148.4332 211.7749 14.14986385284464
NOAA 16 DEB
1 42418U 00055TN  21255.15428618  .00000767  00000-0  41859-3 0  9999
2 42418  98.7770 327.5270 0015086 147.2556 212.9556 14.14987028284531
NOAA 16 DEB
1 42418U 00055TN  21255.43713300  .00000755  00000-0  41225-3 0  9999
2 42418  98.7769 327.8052 0015090 146.5510 213.6619 14.14987399284570
NOAA 16 DEB
1 42418U 00055TN  21256.42709567  .00000737  00000-0  40316-3 0  9999
2 42418  98.7768 328.7789 0015086 144.2062 216.0125 14.14988943284719
NOAA 16 DEB
1 42418U 00055TN  21257.41705727  .00000728  00000-0  39838-3 0  9990
2 42418  98.7768 329.7526 0015077 141.8102 218.4142 14.14990469284853
NOAA 16 DEB
1 42418U 00055TN  21257.41705727  .00000728  00000-0  39838-3 0  9990
2 42418  98.7768 329.7526 0015077 141.8102 218.4142 14.14990469284853
NOAA 16 DEB
1 42418U 00055TN  21258.47772941  .00000711  00000-0  38953-3 0  9998
2 42418  98.7767 330.7959 0015057 139.2665 220.9637 14.14991958285006
NOAA 16 DEB
1 42418U 00055TN  21259.46768901  .00000710  00000-0  38900-3 0  9990
2 42418  98.7767 331.7696 0015035 136.8919 223.3435 14.14993414285143
NOAA 16 DEB
1 42418U 00055TN  21259.46768901  .00000710  00000-0  38900-3 0  9990
2 42418  98.7767 331.7696 0015035 136.8919 223.3435 14.14993414285143
NOAA 16 DEB
1 42418U 00055TN  21260.17480244  .00000690  00000-0  37855-3 0  9996
2 42418  98.7767 332.4651 0015014 135.2052 225.0336 14.14994342285241
NOAA 16 DEB
1 42418U 00055TN  21260.45764757  .00000706  00000-0  38680-3 0  9996
2 42418  98.7767 332.7433 0015011 134.5222 225.7181 14.14994864285288
NOAA 16 DEB
1 42418U 00055TN  21261.94258316  .00000675  00000-0  37094-3 0  9993
2 42418  98.7767 334.2038 0014966 130.9686 229.2785 14.14996984285495
NOAA 16 DEB
1 42418U 00055TN  21262.43756140  .00000645  00000-0  35529-3 0  9994
2 42418  98.7767 334.6906 0014952 129.7670 230.4823 14.14997501285568
NOAA 16 DEB
1 42418U 00055TN  21263.42751674  .00000672  00000-0  36936-3 0  9994
2 42418  98.7766 335.6643 0014911 127.3570 232.8964 14.14999064285708
NOAA 16 DEB
1 42418U 00055TN  21263.99320507  .00000673  00000-0  36983-3 0  9996
2 42418  98.7765 336.2207 0014879 125.9912 234.2644 14.14999839285786
NOAA 16 DEB
1 42418U 00055TN  21264.48818208  .00000688  00000-0  37740-3 0  9999
2 42418  98.7765 336.7075 0014859 124.7744 235.4831 14.15000600285851
NOAA 16 DEB
1 42418U 00055TN  21265.05386974  .00000692  00000-0  37952-3 0  9993
2 42418  98.7764 337.2639 0014826 123.4062 236.8532 14.15001399285933
NOAA 16 DEB
1 42418U 00055TN  21266.46808718  .00000789  00000-0  42976-3 0  9993
2 42418  98.7762 338.6548 0014752 119.9359 240.3281 14.15003995286130
NOAA 16 DEB
1 42418U 00055TN  21266.46808718  .00000789  00000-0  42976-3 0  9993
2 42418  98.7762 338.6548 0014752 119.9359 240.3281 14.15003995286130
NOAA 16 DEB
1 42418U 00055TN  21267.45803778  .00000794  00000-0  43237-3 0  9991
2 42418  98.7761 339.6284 0014696 117.5006 242.7664 14.15005624286274
NOAA 16 DEB
1 42418U 00055TN  21268.44798700  .00000888  00000-0  48085-3 0  9999
2 42418  98.7760 340.6021 0014635 115.0597 245.2097 14.15007829286418
NOAA 16 DEB
1 42418U 00055TN  21269.01367159  .00000904  00000-0  48891-3 0  9997
2 42418  98.7759 341.1584 0014590 113.6651 246.6056 14.15008932286495
NOAA 16 DEB
1 42418U 00055TN  21269.43793477  .00000914  00000-0  49416-3 0  9994
2 42418  98.7758 341.5757 0014560 112.6160 247.6556 14.15009758286551
NOAA 16 DEB
1 42418U 00055TN  21270.49859166  .00000809  00000-0  43981-3 0  9994
2 42418  98.7758 342.6188 0014479 109.9682 250.3052 14.15011128286701
NOAA 16 DEB
1 42418U 00055TN  21270.92285380  .00000915  00000-0  49461-3 0  9990
2 42418  98.7757 343.0361 0014446 108.8921 251.3820 14.15012509286760
NOAA 16 DEB
1 42418U 00055TN  21272.05421872  .00000915  00000-0  49474-3 0  9998
2 42418  98.7756 344.1487 0014352 106.0389 254.2366 14.15014576286925
NOAA 16 DEB
1 42418U 00055TN  21272.05421872  .00000915  00000-0  49474-3 0  9998
2 42418  98.7756 344.1487 0014352 106.0389 254.2366 14.15014576286925
NOAA 16 DEB
1 42418U 00055TN  21273.46842261  .00000957  00000-0  51620-3 0  9995
2 42418  98.7756 345.5396 0014235 102.4514 257.8253 14.15017335287122
NOAA 16 DEB
1 42418U 00055TN  21274.45836318  .00000995  00000-0  53609-3 0  9992
2 42418  98.7756 346.5131 0014142  99.9343 260.3428 14.15019519287261
NOAA 16 DEB
1 42418U 00055TN  21274.45836318  .00000995  00000-0  53609-3 0  9992
2 42418  98.7756 346.5131 0014142  99.9343 260.3428 14.15019519287261
NOAA 16 DEB
1 42418U 00055TN  21275.16546304  .00000918  00000-0  49616-3 0  9992
2 42418  98.7756 347.2086 0014070  98.1307 262.1463 14.15020448287362
NOAA 16 DEB
1 42418U 00055TN  21275.44830253  .00000933  00000-0  50384-3 0  9993
2 42418  98.7756 347.4867 0014046  97.4060 262.8710 14.15021137287405
NOAA 16 DEB
1 42418U 00055TN  21276.43824013  .00000917  00000-0  49569-3 0  9995
2 42418  98.7755 348.4603 0013952  94.8431 265.4336 14.15023113287545
NOAA 16 DEB
1 42418U 00055TN  21277.14533756  .00000944  00000-0  50948-3 0  9998
2 42418  98.7755 349.1557 0013878  92.9849 267.2912 14.15024706287640
NOAA 16 DEB
1 42418U 00055TN  21277.14533756  .00000944  00000-0  50948-3 0  9998
2 42418  98.7755 349.1557 0013878  92.9849 267.2912 14.15024706287640
NOAA 16 DEB
1 42418U 00055TN  21278.41811127  .00000943  00000-0  50887-3 0  9991
2 42418  98.7754 350.4074 0013750  89.6327 270.6422 14.15027196287821
NOAA 16 DEB
1 42418U 00055TN  21279.97372036  .00000925  00000-0  49979-3 0  9994
2 42418  98.7752 351.9372 0013579  85.4788 274.7937 14.15030116288047
NOAA 16 DEB
1 42418U 00055TN  21279.97372036  .00000925  00000-0  49979-3 0  9994
2 42418  98.7752 351.9372 0013579  85.4788 274.7937 14.15030116288047
NOAA 16 DEB
1 42418U 00055TN  21281.45861669  .00000960  00000-0  51795-3 0  9993
2 42418  98.7751 353.3975 0013420  81.4944 278.7750 14.15033230288256
NOAA 16 DEB
1 42418U 00055TN  21282.16570904  .00000958  00000-0  51663-3 0  9992
2 42418  98.7750 354.0929 0013340  79.5708 280.6968 14.15034631288359
NOAA 16 DEB
1 42418U 00055TN  21282.44854576  .00000957  00000-0  51619-3 0  9993
2 42418  98.7750 354.3710 0013309  78.8101 281.4568 14.15035192288396
NOAA 16 DEB
1 42418U 00055TN  21282.66067315  .00000966  00000-0  52076-3 0  9992
2 42418  98.7749 354.5796 0013286  78.2304 282.0359 14.15035709288426
NOAA 16 DEB
1 42418U 00055TN  21283.43847307  .00001079  00000-0  57916-3 0  9999
2 42418  98.7749 355.3445 0013192  76.0838 284.1802 14.15037920288535
NOAA 16 DEB
1 42418U 00055TN  21285.41832368  .00001038  00000-0  55791-3 0  9994
2 42418  98.7747 357.2915 0012970  70.5482 289.7092 14.15041691288816
NOAA 16 DEB
1 42418U 00055TN  21285.41832368  .00001038  00000-0  55791-3 0  9994
2 42418  98.7747 357.2915 0012970  70.5482 289.7092 14.15041691288816
NOAA 16 DEB
1 42418U 00055TN  21287.46887660  .00000997  00000-0  53669-3 0  9991
2 42418  98.7747 359.3080 0012729  64.7194 295.5297 14.15045711289101
NOAA 16 DEB
1 42418U 00055TN  21287.46887660  .00000997  00000-0  53669-3 0  9991
2 42418  98.7747 359.3080 0012729  64.7194 295.5297 14.15045711289101
NOAA 16 DEB
1 42418U 00055TN  21288.17596222  .00001015  00000-0  54604-3 0  9993
2 42418  98.7747   0.0032 0012649  62.6603 297.5857 14.15047348289204
NOAA 16 DEB
1 42418U 00055TN  21288.45879633  .00001014  00000-0  54530-3 0  9991
2 42418  98.7747   0.2814 0012623  61.8433 298.4014 14.15047936289240
NOAA 16 DEB
1 42418U 00055TN  21289.16588107  .00000975  00000-0  52562-3 0  9991
2 42418  98.7747   0.9767 0012533  59.7396 300.5016 14.15049234289349
NOAA 16 DEB
1 42418U 00055TN  21289.44871469  .00000973  00000-0  52442-3 0  9993
2 42418  98.7747   1.2549 0012498  58.9146 301.3253 14.15049834289387
NOAA 16 DEB
1 42418U 00055TN  21290.15579837  .00000945  00000-0  50987-3 0  9998
2 42418  98.7747   1.9502 0012415  56.7995 303.4367 14.15051178289484
NOAA 16 DEB
1 42418U 00055TN  21290.43863160  .00000952  00000-0  51360-3 0  9998
2 42418  98.7748   2.2283 0012387  55.9822 304.2526 14.15051808289524
NOAA 16 DEB
1 42418U 00055TN  21291.14571386  .00001004  00000-0  54011-3 0  9998
2 42418  98.7747   2.9237 0012311  53.8587 306.3724 14.15053653289625
NOAA 16 DEB
1 42418U 00055TN  21292.41846075  .00000969  00000-0  52231-3 0  9990
2 42418  98.7747   4.1753 0012184  50.0756 310.1487 14.15055972289802
NOAA 16 DEB
1 42418U 00055TN  21292.41846075  .00000969  00000-0  52231-3 0  9990
2 42418  98.7747   4.1753 0012184  50.0756 310.1487 14.15055972289802
NOAA 16 DEB
1 42418U 00055TN  21293.97403711  .00000951  00000-0  51279-3 0  9990
2 42418  98.7745   5.7050 0012022  45.3447 314.8705 14.15058850290020
NOAA 16 DEB
1 42418U 00055TN  21295.45890243  .00000927  00000-0  50078-3 0  9994
2 42418  98.7743   7.1651 0011878  40.8029 319.4032 14.15061614290234
NOAA 16 DEB
1 42418U 00055TN  21295.45890243  .00000927  00000-0  50078-3 0  9994
2 42418  98.7743   7.1651 0011878  40.8029 319.4032 14.15061614290234
NOAA 16 DEB
1 42418U 00055TN  21296.16598005  .00000922  00000-0  49796-3 0  9994
2 42418  98.7742   7.8604 0011807  38.5876 321.6140 14.15062988290335
NOAA 16 DEB
1 42418U 00055TN  21296.66093398  .00000912  00000-0  49294-3 0  9996
2 42418  98.7742   8.3471 0011758  37.0475 323.1508 14.15063923290400
NOAA 16 DEB
1 42418U 00055TN  21297.43871792  .00000926  00000-0  49993-3 0  9995
2 42418  98.7740   9.1117 0011696  34.6671 325.5263 14.15065540290519
NOAA 16 DEB
1 42418U 00055TN  21297.65084061  .00000928  00000-0  50083-3 0  9998
2 42418  98.7740   9.3203 0011677  33.9921 326.1999 14.15066000290544
NOAA 16 DEB
1 42418U 00055TN  21297.65084061  .00000928  00000-0  50083-3 0  9998
2 42418  98.7740   9.3203 0011677  33.9921 326.1999 14.15066000290544
NOAA 16 DEB
1 42418U 00055TN  21298.14579354  .00000911  00000-0  49238-3 0  9999
2 42418  98.7739   9.8069 0011632  32.3711 327.8174 14.15066836290616
NOAA 16 DEB
1 42418U 00055TN  21299.06499058  .00000969  00000-0  52194-3 0  9991
2 42418  98.7738  10.7108 0011558  29.4276 330.7546 14.15068951290740
NOAA 16 DEB
1 42418U 00055TN  21299.48923508  .00001008  00000-0  54237-3 0  9994
2 42418  98.7738  11.1280 0011526  28.0749 332.1044 14.15069959290806
NOAA 16 DEB
1 42418U 00055TN  21303.44883572  .00001321  00000-0  70346-3 0  9999
2 42418  98.7737  15.0216 0011247  15.1308 345.0200 14.15080017291362
NOAA 16 DEB
1 42418U 00055TN  21303.44883572  .00001321  00000-0  70346-3 0  9999
2 42418  98.7737  15.0216 0011247  15.1308 345.0200 14.15080017291362
NOAA 16 DEB
1 42418U 00055TN  21304.43872986  .00001347  00000-0  71696-3 0  9993
2 42418  98.7736  15.9951 0011190  11.7733 348.3700 14.15082984291509
NOAA 16 DEB
1 42418U 00055TN  21305.42862324  .00001306  00000-0  69565-3 0  9995
2 42418  98.7736  16.9685 0011140   8.3920 351.7438 14.15085336291644
NOAA 16 DEB
1 42418U 00055TN  21307.47910989  .00001620  00000-0  85759-3 0  9995
2 42418  98.7735  18.9848 0011067   1.4581 358.6623 14.15092651291933
NOAA 16 DEB
1 42418U 00055TN  21307.47910989  .00001620  00000-0  85759-3 0  9995
2 42418  98.7735  18.9848 0011067   1.4581 358.6623 14.15092651291933
NOAA 16 DEB
1 42418U 00055TN  21307.97405358  .00001600  00000-0  84710-3 0  9993
2 42418  98.7734  19.4715 0011049 359.8129   0.3038 14.15093975292009
NOAA 16 DEB
1 42418U 00055TN  21309.45888146  .00001456  00000-0  77304-3 0  9998
2 42418  98.7734  20.9315 0011006 354.7250   5.3806 14.15097690292213
NOAA 16 DEB
1 42418U 00055TN  21310.16594056  .00001415  00000-0  75163-3 0  9998
2 42418  98.7733  21.6268 0010998 352.2727   7.8276 14.15099696292315
NOAA 16 DEB
1 42418U 00055TN  21310.16594056  .00001415  00000-0  75163-3 0  9998
2 42418  98.7733  21.6268 0010998 352.2727   7.8276 14.15099696292315
NOAA 16 DEB
1 42418U 00055TN  21310.44876387  .00001395  00000-0  74155-3 0  9996
2 42418  98.7733  21.9049 0010991 351.3091   8.7890 14.15100486292358
NOAA 16 DEB
1 42418U 00055TN  21311.43864434  .00001325  00000-0  70520-3 0  9991
2 42418  98.7731  22.8782 0010973 347.9950  12.0961 14.15103198292490
NOAA 16 DEB
1 42418U 00055TN  21312.14570061  .00001241  00000-0  66209-3 0  9996
2 42418  98.7730  23.5735 0010975 345.5486  14.5372 14.15104907292598
NOAA 16 DEB
1 42418U 00055TN  21313.06487238  .00001170  00000-0  62559-3 0  9996
2 42418  98.7729  24.4772 0010970 342.4138  17.6654 14.15107227292722
NOAA 16 DEB
1 42418U 00055TN  21313.06487238  .00001170  00000-0  62559-3 0  9996
2 42418  98.7729  24.4772 0010970 342.4138  17.6654 14.15107227292722
NOAA 16 DEB
1 42418U 00055TN  21314.47898063  .00001070  00000-0  57397-3 0  9997
2 42418  98.7728  25.8676 0010982 337.6518  22.4176 14.15110382292921
NOAA 16 DEB
1 42418U 00055TN  21315.46885458  .00001033  00000-0  55490-3 0  9992
2 42418  98.7728  26.8409 0010997 334.3057  25.7569 14.15112552293063
NOAA 16 DEB
1 42418U 00055TN  21315.46885458  .00001033  00000-0  55490-3 0  9992
2 42418  98.7728  26.8409 0010997 334.3057  25.7569 14.15112552293063
NOAA 16 DEB
1 42418U 00055TN  21316.45872749  .00000984  00000-0  52961-3 0  9995
2 42418  98.7728  27.8143 0011019 330.9456  29.1103 14.15114419293202
NOAA 16 DEB
1 42418U 00055TN  21317.44859903  .00000952  00000-0  51318-3 0  9992
2 42418  98.7728  28.7877 0011056 327.5100  32.5392 14.15116314293344
NOAA 16 DEB
1 42418U 00055TN  21318.15564929  .00000905  00000-0  48900-3 0  9993
2 42418  98.7728  29.4829 0011089 325.0854  34.9591 14.15117520293442
NOAA 16 DEB
1 42418U 00055TN  21318.15564929  .00000905  00000-0  48900-3 0  9993
2 42418  98.7728  29.4829 0011089 325.0854  34.9591 14.15117520293442
NOAA 16 DEB
1 42418U 00055TN  21318.65058405  .00000933  00000-0  50297-3 0  9998
2 42418  98.7728  29.9696 0011105 323.4234  36.6181 14.15118685293517
NOAA 16 DEB
1 42418U 00055TN  21319.42833832  .00000920  00000-0  49627-3 0  9990
2 42418  98.7728  30.7344 0011135 320.8662  39.1705 14.15120068293626
NOAA 16 DEB
1 42418U 00055TN  21319.92327224  .00000916  00000-0  49453-3 0  9990
2 42418  98.7728  31.2210 0011162 319.2092  40.8245 14.15121019293695
NOAA 16 DEB
1 42418U 00055TN  21321.05454877  .00000916  00000-0  49441-3 0  9999
2 42418  98.7727  32.3334 0011225 315.4585  44.5685 14.15123145293857
NOAA 16 DEB
1 42418U 00055TN  21321.05454877  .00000916  00000-0  49441-3 0  9999
2 42418  98.7727  32.3334 0011225 315.4585  44.5685 14.15123145293857
NOAA 16 DEB
1 42418U 00055TN  21321.97370982  .00000928  00000-0  50042-3 0  9996
2 42418  98.7726  33.2372 0011264 312.4620  47.5601 14.15124907293980
NOAA 16 DEB
1 42418U 00055TN  21323.45850606  .00000943  00000-0  50843-3 0  9993
2 42418  98.7725  34.6972 0011354 307.5924  52.4218 14.15127833294196
NOAA 16 DEB
1 42418U 00055TN  21323.45850606  .00000943  00000-0  50843-3 0  9993
2 42418  98.7725  34.6972 0011354 307.5924  52.4218 14.15127833294196
NOAA 16 DEB
1 42418U 00055TN  21324.44836862  .00000932  00000-0  50250-3 0  9991
2 42418  98.7724  35.6706 0011422 304.3548  55.6544 14.15129707294339
NOAA 16 DEB
1 42418U 00055TN  21324.66048181  .00000926  00000-0  49969-3 0  9992
2 42418  98.7723  35.8791 0011437 303.6649  56.3433 14.15130125294368
NOAA 16 DEB
1 42418U 00055TN  21325.43822971  .00000914  00000-0  49313-3 0  9995
2 42418  98.7722  36.6438 0011498 301.1575  58.8471 14.15131609294471
NOAA 16 DEB
1 42418U 00055TN  21326.00386404  .00000931  00000-0  50182-3 0  9990
2 42418  98.7721  37.2000 0011545 299.3450  60.6570 14.15132826294557
NOAA 16 DEB
1 42418U 00055TN  21326.00386404  .00000931  00000-0  50182-3 0  9990
2 42418  98.7721  37.2000 0011545 299.3450  60.6570 14.15132826294557
NOAA 16 DEB
1 42418U 00055TN  21327.41794815  .00000888  00000-0  48005-3 0  9997
2 42418  98.7720  38.5904 0011661 294.8609  65.1352 14.15135333294754
NOAA 16 DEB
1 42418U 00055TN  21328.05428510  .00000904  00000-0  48794-3 0  9998
2 42418  98.7719  39.2160 0011720 292.8685  67.1251 14.15136629294841
NOAA 16 DEB
1 42418U 00055TN  21328.05428510  .00000904  00000-0  48794-3 0  9998
2 42418  98.7719  39.2160 0011720 292.8685  67.1251 14.15136629294841
NOAA 16 DEB
1 42418U 00055TN  21329.46836557  .00000901  00000-0  48638-3 0  9992
2 42418  98.7719  40.6064 0011841 288.4552  71.5334 14.15139275295042
NOAA 16 DEB
1 42418U 00055TN  21330.17540491  .00000889  00000-0  48038-3 0  9990
2 42418  98.7719  41.3016 0011902 286.2650  73.7214 14.15140564295145
NOAA 16 DEB
1 42418U 00055TN  21330.45822026  .00000958  00000-0  51606-3 0  9990
2 42418  98.7719  41.5797 0011928 285.3530  74.6325 14.15141521295189
NOAA 16 DEB
1 42418U 00055TN  21331.44807358  .00000962  00000-0  51813-3 0  9996
2 42418  98.7719  42.5530 0012018 282.2959  77.6869 14.15143536295327
NOAA 16 DEB
1 42418U 00055TN  21332.43792524  .00000998  00000-0  53615-3 0  9995
2 42418  98.7719  43.5263 0012116 279.2920  80.6883 14.15145824295461
NOAA 16 DEB
1 42418U 00055TN  21332.43792524  .00000998  00000-0  53615-3 0  9995
2 42418  98.7719  43.5263 0012116 279.2920  80.6883 14.15145824295461
NOAA 16 DEB
1 42418U 00055TN  21333.42777540  .00001043  00000-0  55975-3 0  9999
2 42418  98.7719  44.4995 0012211 276.3196  83.6586 14.15148195295605
NOAA 16 DEB
1 42418U 00055TN  21333.63988606  .00001012  00000-0  54378-3 0  9991
2 42418  98.7718  44.7081 0012235 275.6862  84.2916 14.15148470295634
NOAA 16 DEB
1 42418U 00055TN  21334.13481057  .00001018  00000-0  54649-3 0  9992
2 42418  98.7718  45.1947 0012285 274.2279  85.7490 14.15149515295704
NOAA 16 DEB
1 42418U 00055TN  21335.05395504  .00001002  00000-0  53833-3 0  9992
2 42418  98.7718  46.0983 0012382 271.4912  88.4843 14.15151357295838
NOAA 16 DEB
1 42418U 00055TN  21335.05395504  .00001002  00000-0  53833-3 0  9992
2 42418  98.7718  46.0983 0012382 271.4912  88.4843 14.15151357295838
NOAA 16 DEB
1 42418U 00055TN  21336.46802033  .00001140  00000-0  60956-3 0  9995
2 42418  98.7717  47.4887 0012523 267.3542  92.6198 14.15155354296039
NOAA 16 DEB
1 42418U 00055TN  21337.45786456  .00001081  00000-0  57895-3 0  9997
2 42418  98.7716  48.4620 0012629 264.4771  95.4962 14.15157283296171
NOAA 16 DEB
1 42418U 00055TN  21337.45786456  .00001081  00000-0  57895-3 0  9997
2 42418  98.7716  48.4620 0012629 264.4771  95.4962 14.15157283296171
NOAA 16 DEB
1 42418U 00055TN  21338.02348887  .00001106  00000-0  59169-3 0  9997
2 42418  98.7716  49.0181 0012676 262.8248  97.1485 14.15158810296258
NOAA 16 DEB
1 42418U 00055TN  21338.44770673  .00001109  00000-0  59309-3 0  9994
2 42418  98.7715  49.4352 0012727 261.5988  98.3743 14.15159880296310
NOAA 16 DEB
1 42418U 00055TN  21339.43754772  .00001042  00000-0  55892-3 0  9995
2 42418  98.7715  50.4085 0012832 258.7685 101.2047 14.15161859296459
NOAA 16 DEB
1 42418U 00055TN  21340.42738706  .00001008  00000-0  54147-3 0  9999
2 42418  98.7714  51.3818 0012936 255.9841 103.9895 14.15164005296591
NOAA 16 DEB
1 42418U 00055TN  21340.42738706  .00001008  00000-0  54147-3 0  9999
2 42418  98.7714  51.3818 0012936 255.9841 103.9895 14.15164005296591
NOAA 16 DEB
1 42418U 00055TN  21340.92230627  .00000985  00000-0  52928-3 0  9991
2 42418  98.7713  51.8683 0012986 254.5715 105.4024 14.15164985296661
NOAA 16 DEB
1 42418U 00055TN  21340.99300901  .00000982  00000-0  52781-3 0  9995
2 42418  98.7713  51.9379 0012991 254.3681 105.6059 14.15165122296675
NOAA 16 DEB
1 42418U 00055TN  21342.05354906  .00000903  00000-0  48733-3 0  9993
2 42418  98.7713  52.9806 0013102 251.4322 108.5428 14.15166964296820
NOAA 16 DEB
1 42418U 00055TN  21342.97268305  .00000850  00000-0  45981-3 0  9994
2 42418  98.7712  53.8844 0013195 248.8815 111.0948 14.15168427296956
NOAA 16 DEB
1 42418U 00055TN  21343.46760085  .00000864  00000-0  46694-3 0  9998
2 42418  98.7712  54.3710 0013240 247.5163 112.4609 14.15169451297023
NOAA 16 DEB
1 42418U 00055TN  21344.45743571  .00000819  00000-0  44371-3 0  9999
2 42418  98.7712  55.3442 0013343 244.8103 115.1687 14.15171036297167
NOAA 16 DEB
1 42418U 00055TN  21345.65937638  .00000802  00000-0  43513-3 0  9990
2 42418  98.7712  56.5260 0013458 241.5235 118.4583 14.15173175297331
NOAA 16 DEB
1 42418U 00055TN  21345.65937638  .00000802  00000-0  43513-3 0  9990
2 42418  98.7712  56.5260 0013458 241.5235 118.4583 14.15173175297331
NOAA 16 DEB
1 42418U 00055TN  21346.43710233  .00000763  00000-0  41509-3 0  9996
2 42418  98.7712  57.2907 0013538 239.4161 120.5678 14.15174175297442
NOAA 16 DEB
1 42418U 00055TN  21346.64920917  .00000757  00000-0  41213-3 0  9996
2 42418  98.7712  57.4993 0013560 238.8561 121.1284 14.15174522297470
NOAA 16 DEB
1 42418U 00055TN  21347.49763632  .00000746  00000-0  40631-3 0  9990
2 42418  98.7712  58.3335 0013635 236.5772 123.4098 14.15175804297597
NOAA 16 DEB
1 42418U 00055TN  21347.63904063  .00000776  00000-0  42156-3 0  9998
2 42418  98.7712  58.4725 0013651 236.2061 123.7813 14.15176236297618
NOAA 16 DEB
1 42418U 00055TN  21348.13395615  .00000737  00000-0  40173-3 0  9995
2 42418  98.7712  58.9591 0013695 234.8853 125.1037 14.15176753297680
NOAA 16 DEB
1 42418U 00055TN  21348.41676481  .00000770  00000-0  41881-3 0  9993
2 42418  98.7712  59.2372 0013722 234.1276 125.8624 14.15177363297726
NOAA 16 DEB
1 42418U 00055TN  21349.05308405  .00000761  00000-0  41400-3 0  9999
2 42418  98.7712  59.8629 0013781 232.4607 127.5315 14.15178282297818
NOAA 16 DEB
1 42418U 00055TN  21350.46712472  .00000868  00000-0  46926-3 0  9995
2 42418  98.7711  61.2532 0013902 228.7243 131.2734 14.15181220298012
NOAA 16 DEB
1 42418U 00055TN  21350.96203837  .00000908  00000-0  48974-3 0  9990
2 42418  98.7711  61.7399 0013945 227.4340 132.5657 14.15182294298086
NOAA 16 DEB
1 42418U 00055TN  21351.45695141  .00000964  00000-0  51840-3 0  9996
2 42418  98.7710  62.2265 0013992 226.1090 133.8929 14.15183589298155
NOAA 16 DEB
1 42418U 00055TN  21352.44677665  .00001056  00000-0  56546-3 0  9998
2 42418  98.7709  63.1998 0014077 223.4861 136.5204 14.15186069298294
NOAA 16 DEB
1 42418U 00055TN  21353.01239023  .00001096  00000-0  58604-3 0  9995
2 42418  98.7708  63.7559 0014120 222.0071 138.0021 14.15187521298376
NOAA 16 DEB
1 42418U 00055TN  21353.01239023  .00001096  00000-0  58604-3 0  9995
2 42418  98.7708  63.7559 0014120 222.0071 138.0021 14.15187521298376
NOAA 16 DEB
1 42418U 00055TN  21353.64870499  .00001170  00000-0  62430-3 0  9997
2 42418  98.7707  64.3815 0014168 220.3556 139.6567 14.15189335298465
NOAA 16 DEB
1 42418U 00055TN  21355.48694102  .00001447  00000-0  76642-3 0  9993
2 42418  98.7705  66.1889 0014305 215.6955 144.3263 14.15195810298727
NOAA 16 DEB
1 42418U 00055TN  21355.48694102  .00001447  00000-0  76642-3 0  9993
2 42418  98.7705  66.1889 0014305 215.6955 144.3263 14.15195810298727
NOAA 16 DEB
1 42418U 00055TN  21356.05255103  .00001418  00000-0  75155-3 0  9997
2 42418  98.7704  66.7450 0014343 214.2438 145.7812 14.15197191298807
NOAA 16 DEB
1 42418U 00055TN  21357.46657202  .00001609  00000-0  84971-3 0  9997
2 42418  98.7704  68.1353 0014434 210.6530 149.3802 14.15202574299003
NOAA 16 DEB
1 42418U 00055TN  21358.17358091  .00001518  00000-0  80278-3 0  9995
2 42418  98.7703  68.8305 0014479 208.8806 151.1567 14.15204367299102
NOAA 16 DEB
1 42418U 00055TN  21358.17358091  .00001518  00000-0  80278-3 0  9995
2 42418  98.7703  68.8305 0014479 208.8806 151.1567 14.15204367299102
NOAA 16 DEB
1 42418U 00055TN  21359.44619395  .00001573  00000-0  83112-3 0  9994
2 42418  98.7703  70.0817 0014557 205.6653 154.3800 14.15208878299282
NOAA 16 DEB
1 42418U 00055TN  21360.43600151  .00001498  00000-0  79225-3 0  9991
2 42418  98.7703  71.0547 0014617 203.1003 156.9515 14.15211805299423
NOAA 16 DEB
1 42418U 00055TN  21360.43600151  .00001498  00000-0  79225-3 0  9991
2 42418  98.7703  71.0547 0014617 203.1003 156.9515 14.15211805299423
NOAA 16 DEB
1 42418U 00055TN  21360.64810283  .00001470  00000-0  77803-3 0  9993
2 42418  98.7703  71.2633 0014628 202.5748 157.4784 14.15212384299452
NOAA 16 DEB
1 42418U 00055TN  21361.42580683  .00001491  00000-0  78875-3 0  9991
2 42418  98.7703  72.0279 0014659 200.6330 159.4254 14.15215016299568
NOAA 16 DEB
1 42418U 00055TN  21363.05191134  .00001460  00000-0  77295-3 0  9992
2 42418  98.7701  73.6267 0014727 196.5015 163.5681 14.15219888299795
NOAA 16 DEB
1 42418U 00055TN  21363.05191134  .00001460  00000-0  77295-3 0  9992
2 42418  98.7701  73.6267 0014727 196.5015 163.5681 14.15219888299795
NOAA 16 DEB
1 42418U 00055TN  21364.04171133  .00001414  00000-0  74906-3 0  9994
2 42418  98.7700  74.5998 0014771 194.0359 166.0406 14.15222657299935
NOAA 16 DEB
1 42418U 00055TN  22003.00089436  .00001104  00000-0  58978-3 0  9992
2 42418  98.7695  78.4924 0014903 184.2250 175.8800 14.15232072300490
NOAA 16 DEB
1 42418U 00055TN  22003.00089436  .00001104  00000-0  58978-3 0  9992
2 42418  98.7695  78.4924 0014903 184.2250 175.8800 14.15232072300490
NOAA 16 DEB
1 42418U 00055TN  22003.99068601  .00001041  00000-0  55724-3 0  9997
2 42418  98.7694  79.4656 0014918 181.8012 178.3111 14.15234180300638
NOAA 16 DEB
1 42418U 00055TN  22006.04096443  .00000930  00000-0  50036-3 0  9998
2 42418  98.7692  81.4813 0014948 176.7303 183.3970 14.15238164300920
NOAA 16 DEB
1 42418U 00055TN  22006.04096443  .00000930  00000-0  50036-3 0  9998
2 42418  98.7692  81.4813 0014948 176.7303 183.3970 14.15238164300920
NOAA 16 DEB
1 42418U 00055TN  22006.67725674  .00000879  00000-0  47414-3 0  9990
2 42418  98.7693  82.1069 0014956 175.2338 184.8981 14.15239200301014
NOAA 16 DEB
1 42418U 00055TN  22007.66704369  .00000862  00000-0  46509-3 0  9994
2 42418  98.7692  83.0801 0014967 172.8316 187.3074 14.15241087301150
NOAA 16 DEB
1 42418U 00055TN  22008.44473285  .00000858  00000-0  46337-3 0  9995
2 42418  98.7692  83.8447 0014967 170.9024 189.2424 14.15242479301267
NOAA 16 DEB
1 42418U 00055TN  22008.44473285  .00000858  00000-0  46337-3 0  9995
2 42418  98.7692  83.8447 0014967 170.9024 189.2424 14.15242479301267
NOAA 16 DEB
1 42418U 00055TN  22009.43451700  .00000957  00000-0  51392-3 0  9990
2 42418  98.7691  84.8178 0014974 168.4544 191.6975 14.15245035301400
NOAA 16 DEB
1 42418U 00055TN  22010.42430053  .00000948  00000-0  50935-3 0  9991
2 42418  98.7690  85.7909 0014974 165.9809 194.1783 14.15246747301548
NOAA 16 DEB
1 42418U 00055TN  22010.98989045  .00000907  00000-0  48855-3 0  9995
2 42418  98.7690  86.3470 0014967 164.5944 195.5688 14.15247533301627
NOAA 16 DEB
1 42418U 00055TN  22011.48478123  .00000943  00000-0  50683-3 0  9993
2 42418  98.7690  86.8335 0014962 163.3744 196.7923 14.15248621301693
NOAA 16 DEB
1 42418U 00055TN  22014.45411864  .00001047  00000-0  56013-3 0  9991
2 42418  98.7687  89.7530 0014920 156.0543 204.1327 14.15254880302112
NOAA 16 DEB
1 42418U 00055TN  22015.44389369  .00001234  00000-0  65621-3 0  9998
2 42418  98.7685  90.7261 0014898 153.6112 206.5823 14.15258284302256
NOAA 16 DEB
1 42418U 00055TN  22016.15087477  .00001261  00000-0  67013-3 0  9999
2 42418  98.7684  91.4211 0014874 151.8663 208.3317 14.15260211302355
NOAA 16 DEB
1 42418U 00055TN  22016.99925031  .00001400  00000-0  74117-3 0  9996
2 42418  98.7683  92.2551 0014859 149.7416 210.4618 14.15263254302476
NOAA 16 DEB
1 42418U 00055TN  22017.49413581  .00001327  00000-0  70378-3 0  9997
2 42418  98.7683  92.7416 0014842 148.5081 211.6984 14.15264120302548
NOAA 16 DEB
1 42418U 00055TN  22018.97878856  .00001384  00000-0  73306-3 0  9998
2 42418  98.7680  94.2012 0014781 144.8040 215.4113 14.15268486302758
NOAA 16 DEB
1 42418U 00055TN  22020.46343670  .00001303  00000-0  69150-3 0  9999
2 42418  98.7679  95.6608 0014719 141.0942 219.1293 14.15272341302961
NOAA 16 DEB
1 42418U 00055TN  22020.46343670  .00001303  00000-0  69150-3 0  9999
2 42418  98.7679  95.6608 0014719 141.0942 219.1293 14.15272341302961
NOAA 16 DEB
1 42418U 00055TN  22021.45320011  .00001211  00000-0  64409-3 0  9993
2 42418  98.7678  96.6337 0014674 138.6450 221.5837 14.15274586303107
NOAA 16 DEB
1 42418U 00055TN  22022.16017273  .00001144  00000-0  60955-3 0  9992
2 42418  98.7678  97.3287 0014631 136.9339 223.2983 14.15276171303203
NOAA 16 DEB
1 42418U 00055TN  22022.93784162  .00001090  00000-0  58176-3 0  9997
2 42418  98.7678  98.0933 0014587 135.0086 225.2272 14.15277927303313
NOAA 16 DEB
1 42418U 00055TN  22023.43272110  .00001123  00000-0  59871-3 0  9998
2 42418  98.7678  98.5798 0014556 133.7740 226.4641 14.15279422303387
NOAA 16 DEB
1 42418U 00055TN  22023.64481231  .00001088  00000-0  58102-3 0  9993
2 42418  98.7678  98.7883 0014541 133.2540 226.9850 14.15279770303418
NOAA 16 DEB
1 42418U 00055TN  22024.13969153  .00001027  00000-0  54985-3 0  9990
2 42418  98.7677  99.2749 0014504 132.0128 228.2283 14.15280611303480
NOAA 16 DEB
1 42418U 00055TN  22026.04850716  .00001080  00000-0  57692-3 0  9993
2 42418  98.7676 101.1514 0014372 127.1927 233.0561 14.15285333303756
NOAA 16 DEB
1 42418U 00055TN  22026.04850716  .00001080  00000-0  57692-3 0  9993
2 42418  98.7676 101.1514 0014372 127.1927 233.0561 14.15285333303756
NOAA 16 DEB
1 42418U 00055TN  22027.03826129  .00001043  00000-0  55758-3 0  9994
2 42418  98.7675 102.1244 0014303 124.7002 235.5521 14.15287322303895
NOAA 16 DEB
1 42418U 00055TN  22028.45219256  .00001093  00000-0  58335-3 0  9997
2 42418  98.7673 103.5144 0014218 121.0672 239.1899 14.15290904304096
NOAA 16 DEB
1 42418U 00055TN  22028.66428194  .00001055  00000-0  56379-3 0  9997
2 42418  98.7672 103.7230 0014215 120.5994 239.6584 14.15291216304128
NOAA 16 DEB
1 42418U 00055TN  22028.66428194  .00001055  00000-0  56379-3 0  9997
2 42418  98.7672 103.7230 0014215 120.5994 239.6584 14.15291216304128
NOAA 16 DEB
1 42418U 00055TN  22029.15915682  .00001037  00000-0  55441-3 0  9994
2 42418  98.7671 104.2095 0014176 119.3374 240.9218 14.15292300304197
NOAA 16 DEB
1 42418U 00055TN  22029.65403078  .00001188  00000-0  63221-3 0  9992
2 42418  98.7671 104.6959 0014142 118.0856 242.1749 14.15294461304265
NOAA 16 DEB
1 42418U 00055TN  22030.14890492  .00001176  00000-0  62588-3 0  9990
2 42418  98.7670 105.1824 0014099 116.8047 243.4570 14.15295540304333
NOAA 16 DEB
1 42418U 00055TN  22031.42143483  .00001515  00000-0  79971-3 0  9994
2 42418  98.7669 106.4334 0013993 113.5258 246.7387 14.15300764304518
NOAA 16 DEB
1 42418U 00055TN  22031.42143483  .00001515  00000-0  79971-3 0  9994
2 42418  98.7669 106.4334 0013993 113.5258 246.7387 14.15300764304518
NOAA 16 DEB
1 42418U 00055TN  22031.98700241  .00001520  00000-0  80227-3 0  9998
2 42418  98.7668 106.9894 0013939 112.0523 248.2132 14.15302402304596
NOAA 16 DEB
1 42418U 00055TN  22034.17857372  .00001291  00000-0  68490-3 0  9993
2 42418  98.7665 109.1438 0013737 106.3625 253.9060 14.15306709304909
NOAA 16 DEB
1 42418U 00055TN  22034.46135606  .00001312  00000-0  69573-3 0  9991
2 42418  98.7665 109.4217 0013716 105.6747 254.5941 14.15307655304941
NOAA 16 DEB
1 42418U 00055TN  22035.45109223  .00001613  00000-0  84977-3 0  9996
2 42418  98.7664 110.3947 0013627 103.0610 257.2086 14.15312464305083
NOAA 16 DEB
1 42418U 00055TN  22035.66317820  .00001582  00000-0  83420-3 0  9990
2 42418  98.7663 110.6032 0013608 102.5041 257.7656 14.15313043305117
NOAA 16 DEB
1 42418U 00055TN  22036.44082571  .00001722  00000-0  90597-3 0  9998
2 42418  98.7663 111.3676 0013536 100.4488 259.8211 14.15316476305226
NOAA 16 DEB
1 42418U 00055TN  22036.44082571  .00001722  00000-0  90597-3 0  9998
2 42418  98.7663 111.3676 0013536 100.4488 259.8211 14.15316476305226
NOAA 16 DEB
1 42418U 00055TN  22037.43055736  .00001639  00000-0  86328-3 0  9995
2 42418  98.7662 112.3405 0013437  97.8240 262.4460 14.15319335305369
NOAA 16 DEB
1 42418U 00055TN  22038.42028680  .00001562  00000-0  82376-3 0  9997
2 42418  98.7661 113.3134 0013337  95.1670 265.1026 14.15322176305506
NOAA 16 DEB
1 42418U 00055TN  22038.91515051  .00001527  00000-0  80564-3 0  9992
2 42418  98.7660 113.7999 0013282  93.8241 266.4452 14.15323648305575
NOAA 16 DEB
1 42418U 00055TN  22038.91515051  .00001527  00000-0  80564-3 0  9992
2 42418  98.7660 113.7999 0013282  93.8241 266.4452 14.15323648305575
NOAA 16 DEB
1 42418U 00055TN  22041.46015584  .00001540  00000-0  81218-3 0  9994
2 42418  98.7657 116.3017 0013021  86.9679 273.2985 14.15331868305930
NOAA 16 DEB
1 42418U 00055TN  22041.46015584  .00001540  00000-0  81218-3 0  9994
2 42418  98.7657 116.3017 0013021  86.9679 273.2985 14.15331868305930
NOAA 16 DEB
1 42418U 00055TN  22042.02571025  .00001652  00000-0  86959-3 0  9995
2 42418  98.7657 116.8577 0012958  85.4295 274.8359 14.15334335306016
NOAA 16 DEB
1 42418U 00055TN  22042.66195773  .00001670  00000-0  87881-3 0  9992
2 42418  98.7656 117.4832 0012883  83.6917 276.5724 14.15336660306102
NOAA 16 DEB
1 42418U 00055TN  22043.01542841  .00001699  00000-0  89383-3 0  9994
2 42418  98.7655 117.8306 0012843  82.7185 277.5448 14.15337934306158
NOAA 16 DEB
1 42418U 00055TN  22043.65167457  .00001659  00000-0  87338-3 0  9994
2 42418  98.7655 118.4560 0012771  80.9644 279.2974 14.15339896306249
NOAA 16 DEB
1 42418U 00055TN  22043.65167457  .00001659  00000-0  87338-3 0  9994
2 42418  98.7655 118.4560 0012771  80.9644 279.2974 14.15339896306249
NOAA 16 DEB
1 42418U 00055TN  22044.42930716  .00001655  00000-0  87127-3 0  9998
2 42418  98.7653 119.2204 0012694  78.8122 281.4478 14.15342597306350
NOAA 16 DEB
1 42418U 00055TN  22045.41901976  .00001572  00000-0  82841-3 0  9990
2 42418  98.7652 120.1933 0012580  76.0271 284.2301 14.15345468306499
NOAA 16 DEB
1 42418U 00055TN  22046.05526243  .00001521  00000-0  80235-3 0  9990
2 42418  98.7651 120.8187 0012511  74.2331 286.0222 14.15347300306586
NOAA 16 DEB
1 42418U 00055TN  22046.05526243  .00001521  00000-0  80235-3 0  9990
2 42418  98.7651 120.8187 0012511  74.2331 286.0222 14.15347300306586
NOAA 16 DEB
1 42418U 00055TN  22048.17606453  .00001426  00000-0  75365-3 0  9999
2 42418  98.7648 122.9033 0012269  68.1430 292.1047 14.15353743306881
NOAA 16 DEB
1 42418U 00055TN  22048.17606453  .00001426  00000-0  75365-3 0  9999
2 42418  98.7648 122.9033 0012269  68.1430 292.1047 14.15353743306881
NOAA 16 DEB
1 42418U 00055TN  22048.67091704  .00001356  00000-0  71773-3 0  9992
2 42418  98.7648 123.3897 0012209  66.7280 293.5178 14.15354917306957
NOAA 16 DEB
1 42418U 00055TN  22049.44854159  .00001316  00000-0  69717-3 0  9990
2 42418  98.7646 124.1541 0012136  64.5178 295.7250 14.15356978307068
NOAA 16 DEB
1 42418U 00055TN  22050.43824350  .00001354  00000-0  71648-3 0  9999
2 42418  98.7645 125.1269 0012012  61.6117 298.6266 14.15360076307208
NOAA 16 DEB
1 42418U 00055TN  22050.43824350  .00001354  00000-0  71648-3 0  9999
2 42418  98.7645 125.1269 0012012  61.6117 298.6266 14.15360076307208
NOAA 16 DEB
1 42418U 00055TN  22051.42794311  .00001394  00000-0  73737-3 0  9997
2 42418  98.7644 126.0997 0011896  58.6963 301.5373 14.15363213307343
NOAA 16 DEB
1 42418U 00055TN  22052.06417810  .00001263  00000-0  66971-3 0  9991
2 42418  98.7644 126.7251 0011818  56.7680 303.4625 14.15364183307430
NOAA 16 DEB
1 42418U 00055TN  22053.47803022  .00001268  00000-0  67260-3 0  9998
2 42418  98.7643 128.1148 0011661  52.5584 307.6649 14.15368045307638
NOAA 16 DEB
1 42418U 00055TN  22053.47803022  .00001268  00000-0  67260-3 0  9998
2 42418  98.7643 128.1148 0011661  52.5584 307.6649 14.15368045307638
NOAA 16 DEB
1 42418U 00055TN  22055.45741714  .00001276  00000-0  67679-3 0  9990
2 42418  98.7641 130.0603 0011448  46.5020 313.7104 14.15373351307916
NOAA 16 DEB
1 42418U 00055TN  22056.44710776  .00001246  00000-0  66104-3 0  9993
2 42418  98.7639 131.0332 0011355  43.4720 316.7347 14.15375859308056
NOAA 16 DEB
1 42418U 00055TN  22056.65918391  .00001281  00000-0  67897-3 0  9998
2 42418  98.7639 131.2416 0011329  42.8083 317.3971 14.15376680308083
NOAA 16 DEB
1 42418U 00055TN  22057.15402853  .00001228  00000-0  65186-3 0  9995
2 42418  98.7638 131.7280 0011268  41.2718 318.9306 14.15377637308156
NOAA 16 DEB
1 42418U 00055TN  22057.64887242  .00001254  00000-0  66509-3 0  9997
2 42418  98.7638 132.2143 0011212  39.7348 320.4645 14.15379112308222
NOAA 16 DEB
1 42418U 00055TN  22058.42648368  .00001247  00000-0  66185-3 0  9990
2 42418  98.7637 132.9786 0011138  37.3300 322.8646 14.15381017308336
NOAA 16 DEB
1 42418U 00055TN  22058.92132618  .00001317  00000-0  69761-3 0  9992
2 42418  98.7636 133.4650 0011091  35.8050 324.3865 14.15382749308405
NOAA 16 DEB
1 42418U 00055TN  22059.41616874  .00001320  00000-0  69877-3 0  9990
2 42418  98.7635 133.9513 0011039  34.2091 325.9792 14.15383957308472
NOAA 16 DEB
1 42418U 00055TN  22060.05239395  .00001272  00000-0  67444-3 0  9995
2 42418  98.7634 134.5767 0010973  32.1463 328.0378 14.15385317308561
NOAA 16 DEB
1 42418U 00055TN  22061.96106528  .00001266  00000-0  67133-3 0  9995
2 42418  98.7631 136.4526 0010790  25.9865 334.1848 14.15390126308839
NOAA 16 DEB
1 42418U 00055TN  22062.45590496  .00001347  00000-0  71282-3 0  9991
2 42418  98.7630 136.9390 0010750  24.4545 335.7137 14.15391828308903
NOAA 16 DEB
1 42418U 00055TN  22063.44558270  .00001380  00000-0  72970-3 0  9997
2 42418  98.7629 137.9117 0010657  21.2015 338.9598 14.15394635309043
NOAA 16 DEB
1 42418U 00055TN  22064.15249387  .00001401  00000-0  74044-3 0  9990
2 42418  98.7628 138.6064 0010604  18.8997 341.2568 14.15396768309148
NOAA 16 DEB
1 42418U 00055TN  22064.15249387  .00001401  00000-0  74044-3 0  9990
2 42418  98.7628 138.6064 0010604  18.8997 341.2568 14.15396768309148
NOAA 16 DEB
1 42418U 00055TN  22064.43525786  .00001511  00000-0  79650-3 0  9991
2 42418  98.7628 138.8844 0010576  17.8925 342.2620 14.15398204309185
NOAA 16 DEB
1 42418U 00055TN  22064.93009424  .00001736  00000-0  91195-3 0  9999
2 42418  98.7628 139.3706 0010557  16.2433 343.9077 14.15400983309254
NOAA 16 DEB
1 42418U 00055TN  22065.42493013  .00001744  00000-0  91582-3 0  9994
2 42418  98.7627 139.8569 0010518  14.6434 345.5043 14.15402615309328
NOAA 16 DEB
1 42418U 00055TN  22065.63700279  .00001695  00000-0  89088-3 0  9995
2 42418  98.7627 140.0653 0010504  13.9247 346.2215 14.15402953309352
NOAA 16 DEB
1 42418U 00055TN  22066.41460105  .00001684  00000-0  88515-3 0  9995
2 42418  98.7626 140.8296 0010447  11.3146 348.8260 14.15405242309462
NOAA 16 DEB
1 42418U 00055TN  22066.41460105  .00001684  00000-0  88515-3 0  9995
2 42418  98.7626 140.8296 0010447  11.3146 348.8260 14.15405242309462
NOAA 16 DEB
1 42418U 00055TN  22066.90943553  .00001700  00000-0  89362-3 0  9992
2 42418  98.7625 141.3159 0010419   9.6801 350.4572 14.15406865309537
NOAA 16 DEB
1 42418U 00055TN  22068.46462552  .00001716  00000-0  90178-3 0  9994
2 42418  98.7624 142.8443 0010314   4.4261 355.7002 14.15412073309753
NOAA 16 DEB
1 42418U 00055TN  22068.46462552  .00001716  00000-0  90178-3 0  9994
2 42418  98.7624 142.8443 0010314   4.4261 355.7002 14.15412073309753
NOAA 16 DEB
1 42418U 00055TN  22069.17152848  .00001547  00000-0  81522-3 0  9992
2 42418  98.7623 143.5391 0010267   1.9857 358.1355 14.15413488309852
NOAA 16 DEB
1 42418U 00055TN  22070.44394944  .00001693  00000-0  88963-3 0  9997
2 42418  98.7622 144.7896 0010194 357.5753   2.5369 14.15418869310033
NOAA 16 DEB
1 42418U 00055TN  22072.14050450  .00001673  00000-0  87930-3 0  9998
2 42418  98.7621 146.4569 0010128 351.5281   8.5720 14.15424854310279
NOAA 16 DEB
1 42418U 00055TN  22072.14050450  .00001673  00000-0  87930-3 0  9998
2 42418  98.7621 146.4569 0010128 351.5281   8.5720 14.15424854310279
NOAA 16 DEB
1 42418U 00055TN  22072.91808879  .00002001  00000-0  10475-2 0  9994
2 42418  98.7620 147.2211 0010101 348.7982  11.2965 14.15429661310383
NOAA 16 DEB
1 42418U 00055TN  22073.48360336  .00002104  00000-0  11000-2 0  9997
2 42418  98.7619 147.7768 0010085 346.8504  13.2406 14.15432558310463
NOAA 16 DEB
1 42418U 00055TN  22074.04911779  .00002025  00000-0  10594-2 0  9992
2 42418  98.7617 148.3325 0010060 345.1052  14.9824 14.15434299310545
NOAA 16 DEB
1 42418U 00055TN  22074.47325311  .00001918  00000-0  10048-2 0  9994
2 42418  98.7617 148.7493 0010046 343.6274  16.4574 14.15435336310607
NOAA 16 DEB
1 42418U 00055TN  22074.47325311  .00001918  00000-0  10048-2 0  9994
2 42418  98.7617 148.7493 0010046 343.6274  16.4574 14.15435336310607
NOAA 16 DEB
1 42418U 00055TN  22075.46289930  .00001890  00000-0  99044-3 0  9993
2 42418  98.7615 149.7220 0010013 340.0282  20.0499 14.15439263310743
NOAA 16 DEB
1 42418U 00055TN  22076.16978821  .00001821  00000-0  95486-3 0  9995
2 42418  98.7614 150.4167 0010002 337.4671  22.6062 14.15441711310847
NOAA 16 DEB
1 42418U 00055TN  22077.15943072  .00001667  00000-0  87586-3 0  9995
2 42418  98.7613 151.3893 0009991 333.8971  26.1698 14.15444718310989
NOAA 16 DEB
1 42418U 00055TN  22077.44218532  .00001641  00000-0  86245-3 0  9996
2 42418  98.7613 151.6672 0009985 332.8841  27.1810 14.15445633311025
NOAA 16 DEB
1 42418U 00055TN  22078.43182501  .00001546  00000-0  81383-3 0  9994
2 42418  98.7611 152.6397 0009977 329.3986  30.6605 14.15448698311160
NOAA 16 DEB
1 42418U 00055TN  22078.64389028  .00001532  00000-0  80666-3 0  9998
2 42418  98.7611 152.8481 0009974 328.6645  31.3933 14.15449411311196
NOAA 16 DEB
1 42418U 00055TN  22079.42146254  .00001484  00000-0  78196-3 0  9998
2 42418  98.7610 153.6123 0009983 325.8817  34.1714 14.15451712311305
NOAA 16 DEB
1 42418U 00055TN  22083.16792988  .00001572  00000-0  82701-3 0  9990
2 42418  98.7607 157.2941 0010067 312.5467  47.4856 14.15463583311839
NOAA 16 DEB
1 42418U 00055TN  22083.16792988  .00001572  00000-0  82701-3 0  9990
2 42418  98.7607 157.2941 0010067 312.5467  47.4856 14.15463583311839
NOAA 16 DEB
1 42418U 00055TN  22083.66274386  .00001579  00000-0  83078-3 0  9997
2 42418  98.7606 157.7803 0010083 310.7649  49.2649 14.15465242311902
NOAA 16 DEB
1 42418U 00055TN  22084.44030883  .00001635  00000-0  85942-3 0  9991
2 42418  98.7605 158.5444 0010097 308.1641  51.8622 14.15467746312013
NOAA 16 DEB
1 42418U 00055TN  22085.14718402  .00001622  00000-0  85250-3 0  9997
2 42418  98.7604 159.2391 0010124 305.7023  54.3208 14.15469961312119
NOAA 16 DEB
1 42418U 00055TN  22086.13680743  .00001611  00000-0  84663-3 0  9998
2 42418  98.7603 160.2116 0010179 302.2228  57.7959 14.15473082312258
NOAA 16 DEB
1 42418U 00055TN  22086.49024371  .00001669  00000-0  87628-3 0  9993
2 42418  98.7603 160.5589 0010196 300.9956  59.0215 14.15474562312307
NOAA 16 DEB
1 42418U 00055TN  22092.14516923  .00002591  00000-0  13473-2 0  9992
2 42418  98.7597 166.1162 0010592 281.8167  78.1818 14.15503082313109
NOAA 16 DEB
1 42418U 00055TN  22092.14516923  .00002591  00000-0  13473-2 0  9992
2 42418  98.7597 166.1162 0010592 281.8167  78.1818 14.15503082313109
NOAA 16 DEB
1 42418U 00055TN  22093.13476760  .00002786  00000-0  14468-2 0  9997
2 42418  98.7592 167.0880 0010701 278.4360  81.5601 14.15509760313242
NOAA 16 DEB
1 42418U 00055TN  22094.97258552  .00002515  00000-0  13082-2 0  9998
2 42418  98.7562 168.8913 0011068 272.2806  87.7101 14.15519213313505
NOAA 16 DEB
1 42418U 00055TN  22094.97258552  .00002515  00000-0  13082-2 0  9998
2 42418  98.7562 168.8913 0011068 272.2806  87.7101 14.15519213313505
NOAA 16 DEB
1 42418U 00055TN  22096.45696176  .00002653  00000-0  13782-2 0  9991
2 42418  98.7588 170.3529 0011008 267.4466  92.5447 14.15529772313717
NOAA 16 DEB
1 42418U 00055TN  22096.66901536  .00002617  00000-0  13599-2 0  9999
2 42418  98.7584 170.5607 0011077 266.5256  93.4651 14.15530765313749
NOAA 16 DEB
1 42418U 00055TN  22097.16380655  .00002337  00000-0  12169-2 0  9999
2 42418  98.7584 171.0470 0011130 265.0466  94.9437 14.15532388313819
NOAA 16 DEB
1 42418U 00055TN  22097.16380655  .00002337  00000-0  12169-2 0  9999
2 42418  98.7584 171.0470 0011130 265.0466  94.9437 14.15532388313819
NOAA 16 DEB
1 42418U 00055TN  22097.94133347  .00002455  00000-0  12769-2 0  9996
2 42418  98.7584 171.8111 0011215 262.5765  97.4134 14.15536690313921
NOAA 16 DEB
1 42418U 00055TN  22099.14296235  .00002413  00000-0  12555-2 0  9993
2 42418  98.7584 172.9920 0011331 258.7921 101.1979 14.15542382314095
NOAA 16 DEB
1 42418U 00055TN  22099.70843545  .00002405  00000-0  12513-2 0  9992
2 42418  98.7578 173.5475 0011400 257.2422 102.7478 14.15544103314170
NOAA 16 DEB
1 42418U 00055TN  22099.70843545  .00002405  00000-0  12513-2 0  9992
2 42418  98.7578 173.5475 0011400 257.2422 102.7478 14.15544103314170
NOAA 16 DEB
1 42418U 00055TN  22102.46508488  .00002451  00000-0  12741-2 0  9998
2 42418  98.7576 176.2554 0011999 248.6732 111.3162 14.15560293314564
NOAA 16 DEB
1 42418U 00055TN  22102.46508488  .00002451  00000-0  12741-2 0  9998
2 42418  98.7576 176.2554 0011999 248.6732 111.3162 14.15560293314564
NOAA 16 DEB
1 42418U 00055TN  22103.45464515  .00002286  00000-0  11897-2 0  9997
2 42418  98.7577 177.2279 0012059 245.7960 114.1954 14.15565338314700
NOAA 16 DEB
1 42418U 00055TN  22104.44420399  .00001956  00000-0  10213-2 0  9993
2 42418  98.7575 178.2000 0012291 242.9234 117.0686 14.15568231314846
NOAA 16 DEB
1 42418U 00055TN  22104.65625110  .00002116  00000-0  11028-2 0  9998
2 42418  98.7577 178.4092 0012326 242.2660 117.7264 14.15569960314878
NOAA 16 DEB
1 42418U 00055TN  22104.93898126  .00002167  00000-0  11291-2 0  9996
2 42418  98.7579 178.6872 0012356 241.5208 118.4722 14.15571207314910
NOAA 16 DEB
1 42418U 00055TN  22105.15102869  .00002144  00000-0  11174-2 0  9998
2 42418  98.7579 178.8956 0012387 240.9122 119.0812 14.15572066314941
NOAA 16 DEB
1 42418U 00055TN  22105.64580584  .00002168  00000-0  11292-2 0  9993
2 42418  98.7574 179.3813 0012439 239.4715 120.5232 14.15574097315011
NOAA 16 DEB
1 42418U 00055TN  22106.49399511  .00002131  00000-0  11103-2 0  9996
2 42418  98.7586 180.2158 0012223 236.9243 123.0758 14.15576880315132
NOAA 16 DEB
1 42418U 00055TN  22106.91808789  .00002220  00000-0  11559-2 0  9999
2 42418  98.7583 180.6325 0012247 235.6376 124.3640 14.15579176315199
NOAA 16 DEB
1 42418U 00055TN  22106.91808789  .00002220  00000-0  11559-2 0  9999
2 42418  98.7583 180.6325 0012247 235.6376 124.3640 14.15579176315199
NOAA 16 DEB
1 42418U 00055TN  22107.48354422  .00002210  00000-0  11507-2 0  9994
2 42418  98.7582 181.1882 0012306 233.9710 126.0324 14.15581759315278
NOAA 16 DEB
1 42418U 00055TN  22109.46263240  .00002255  00000-0  11735-2 0  9993
2 42418  98.7571 183.1330 0012590 228.3153 131.6945 14.15591344315553
NOAA 16 DEB
1 42418U 00055TN  22109.46263240  .00002255  00000-0  11735-2 0  9993
2 42418  98.7571 183.1330 0012590 228.3153 131.6945 14.15591344315553
NOAA 16 DEB
1 42418U 00055TN  22110.45217257  .00002103  00000-0  10960-2 0  9992
2 42418  98.7553 184.1047 0012669 225.2829 134.7314 14.15595178315690
NOAA 16 DEB
1 42418U 00055TN  22111.15898528  .00002157  00000-0  11231-2 0  9997
2 42418  98.7566 184.7999 0012793 223.4224 136.5943 14.15598217315799
NOAA 16 DEB
1 42418U 00055TN  22112.92600921  .00002570  00000-0  13339-2 0  9991
2 42418  98.7570 186.5365 0012973 218.3714 141.6538 14.15607422316043
NOAA 16 DEB
1 42418U 00055TN  22112.92600921  .00002570  00000-0  13339-2 0  9991
2 42418  98.7570 186.5365 0012973 218.3714 141.6538 14.15607422316043
NOAA 16 DEB
1 42418U 00055TN  22115.47050186  .00002403  00000-0  12480-2 0  9997
2 42418  98.7572 189.0370 0013377 211.8700 148.1666 14.15620748316401
NOAA 16 DEB
1 42418U 00055TN  22117.16681660  .00002435  00000-0  12642-2 0  9997
2 42418  98.7572 190.7039 0013521 207.1957 152.8510 14.15630471316645
NOAA 16 DEB
1 42418U 00055TN  22118.15632792  .00003131  00000-0  16188-2 0  9992
2 42418  98.7574 191.6762 0013644 204.5712 155.4813 14.15638224316780
NOAA 16 DEB
1 42418U 00055TN  22118.15632792  .00003131  00000-0  16188-2 0  9992
2 42418  98.7574 191.6762 0013644 204.5712 155.4813 14.15638224316780
NOAA 16 DEB
1 42418U 00055TN  22119.64058636  .00003289  00000-0  16989-2 0  9999
2 42418  98.7576 193.1351 0013835 200.6319 159.4298 14.15647904316994
NOAA 16 DEB
1 42418U 00055TN  22120.91279903  .00003042  00000-0  15727-2 0  9999
2 42418  98.7574 194.3852 0014004 197.3800 162.6896 14.15655896317177
NOAA 16 DEB
1 42418U 00055TN  22120.91279903  .00003042  00000-0  15727-2 0  9999
2 42418  98.7574 194.3852 0014004 197.3800 162.6896 14.15655896317177
NOAA 16 DEB
1 42418U 00055TN  22121.90229323  .00002849  00000-0  14745-2 0  9993
2 42418  98.7574 195.3576 0014111 194.7905 165.2858 14.15661901317314
NOAA 16 DEB
1 42418U 00055TN  22123.45720409  .00002145  00000-0  11154-2 0  9996
2 42418  98.7570 196.8855 0014318 191.1519 168.9340 14.15669276317530
NOAA 16 DEB
1 42418U 00055TN  22124.44668905  .00002118  00000-0  11013-2 0  9992
2 42418  98.7569 197.8578 0014364 188.4800 171.6133 14.15674301317675
NOAA 16 DEB
1 42418U 00055TN  22126.14294239  .00003200  00000-0  16521-2 0  9998
2 42418  98.7565 199.5246 0014496 184.2946 175.8106 14.15685137317915
NOAA 16 DEB
1 42418U 00055TN  22126.14294239  .00003200  00000-0  16521-2 0  9998
2 42418  98.7565 199.5246 0014496 184.2946 175.8106 14.15685137317915
NOAA 16 DEB
1 42418U 00055TN  22126.92038805  .00003138  00000-0  16204-2 0  9997
2 42418  98.7566 200.2888 0014577 182.3367 177.7741 14.15688795318026
NOAA 16 DEB
1 42418U 00055TN  22128.47527531  .00002369  00000-0  12290-2 0  9994
2 42418  98.7567 201.8169 0014736 178.6415 181.4802 14.15693391318247
NOAA 16 DEB
1 42418U 00055TN  22128.47527531  .00002369  00000-0  12290-2 0  9994
2 42418  98.7567 201.8169 0014736 178.6415 181.4802 14.15693391318247
NOAA 16 DEB
1 42418U 00055TN  22130.45421203  .00001794  00000-0  93609-3 0  9999
2 42418  98.7572 203.7619 0014906 173.8423 186.2937 14.15700200318520
NOAA 16 DEB
1 42418U 00055TN  22130.66623982  .00001881  00000-0  98000-3 0  9997
2 42418  98.7571 203.9701 0014900 173.1674 186.9705 14.15701649318559
NOAA 16 DEB
1 42418U 00055TN  22130.66623982  .00001881  00000-0  98000-3 0  9997
2 42418  98.7571 203.9701 0014900 173.1674 186.9705 14.15701649318559
NOAA 16 DEB
1 42418U 00055TN  22131.16097202  .00001818  00000-0  94786-3 0  9990
2 42418  98.7569 204.4561 0014934 171.9168 188.2250 14.15703380318629
NOAA 16 DEB
1 42418U 00055TN  22132.15043408  .00002106  00000-0  10947-2 0  9996
2 42418  98.7570 205.4284 0014998 169.4392 190.7100 14.15708165318768
NOAA 16 DEB
1 42418U 00055TN  22133.13989280  .00002422  00000-0  12551-2 0  9996
2 42418  98.7570 206.4007 0015071 167.0457 193.1107 14.15713278318902
NOAA 16 DEB
1 42418U 00055TN  22133.13989280  .00002422  00000-0  12551-2 0  9996
2 42418  98.7570 206.4007 0015071 167.0457 193.1107 14.15713278318902
NOAA 16 DEB
1 42418U 00055TN  22134.48272428  .00002717  00000-0  14050-2 0  9997
2 42418  98.7571 207.7205 0015144 163.7254 196.4410 14.15720374319095
NOAA 16 DEB
1 42418U 00055TN  22136.46161917  .00002770  00000-0  14316-2 0  9991
2 42418  98.7570 209.6653 0015255 158.9675 201.2129 14.15731891319377
NOAA 16 DEB
1 42418U 00055TN  22136.46161917  .00002770  00000-0  14316-2 0  9991
2 42418  98.7570 209.6653 0015255 158.9675 201.2129 14.15731891319377
NOAA 16 DEB
1 42418U 00055TN  22137.66308237  .00003215  00000-0  16578-2 0  9999
2 42418  98.7566 210.8460 0015316 156.0029 204.1861 14.15740849319549
NOAA 16 DEB
1 42418U 00055TN  22138.93521290  .00003647  00000-0  18773-2 0  9994
2 42418  98.7565 212.0963 0015369 152.9167 207.2812 14.15750038319727
NOAA 16 DEB
1 42418U 00055TN  22138.93521290  .00003647  00000-0  18773-2 0  9994
2 42418  98.7565 212.0963 0015369 152.9167 207.2812 14.15750038319727
NOAA 16 DEB
1 42418U 00055TN  22139.92464196  .00003896  00000-0  20034-2 0  9994
2 42418  98.7565 213.0690 0015391 150.5355 209.6689 14.15757431319860
NOAA 16 DEB
1 42418U 00055TN  22140.49002773  .00003839  00000-0  19742-2 0  9998
2 42418  98.7564 213.6246 0015420 149.0620 211.1466 14.15761310319944
NOAA 16 DEB
1 42418U 00055TN  22143.45827308  .00003289  00000-0  16941-2 0  9993
2 42418  98.7566 216.5421 0015488 142.0003 218.2266 14.15782482320362
NOAA 16 DEB
1 42418U 00055TN  22143.45827308  .00003289  00000-0  16941-2 0  9993
2 42418  98.7566 216.5421 0015488 142.0003 218.2266 14.15782482320362
NOAA 16 DEB
1 42418U 00055TN  22144.16499152  .00003043  00000-0  15691-2 0  9993
2 42418  98.7568 217.2368 0015496 140.2824 219.9488 14.15787092320469
NOAA 16 DEB
1 42418U 00055TN  22145.15439452  .00002834  00000-0  14625-2 0  9993
2 42418  98.7569 218.2093 0015495 137.8530 222.3838 14.15792702320608
NOAA 16 DEB
1 42418U 00055TN  22146.14379280  .00002779  00000-0  14344-2 0  9991
2 42418  98.7571 219.1818 0015516 135.5198 224.7224 14.15798623320743
NOAA 16 DEB
1 42418U 00055TN  22146.14379280  .00002779  00000-0  14344-2 0  9991
2 42418  98.7571 219.1818 0015516 135.5198 224.7224 14.15798623320743
NOAA 16 DEB
1 42418U 00055TN  22148.47593124  .00002577  00000-0  13314-2 0  9996
2 42418  98.7574 221.4739 0015504 130.2919 229.9613 14.15811065321076
NOAA 16 DEB
1 42418U 00055TN  22148.47593124  .00002577  00000-0  13314-2 0  9996
2 42418  98.7574 221.4739 0015504 130.2919 229.9613 14.15811065321076
NOAA 16 DEB
1 42418U 00055TN  22149.46531753  .00002068  00000-0  10732-2 0  9992
2 42418  98.7572 222.4462 0015472 128.0665 232.1907 14.15814695321215
NOAA 16 DEB
1 42418U 00055TN  22150.45470046  .00001876  00000-0  97557-3 0  9997
2 42418  98.7571 223.4186 0015450 125.7364 234.5250 14.15819045321350
NOAA 16 DEB
1 42418U 00055TN  22150.66671075  .00001751  00000-0  91197-3 0  9991
2 42418  98.7569 223.6269 0015463 125.1481 235.1145 14.15819715321386
NOAA 16 DEB
1 42418U 00055TN  22150.66671075  .00001751  00000-0  91197-3 0  9991
2 42418  98.7569 223.6269 0015463 125.1481 235.1145 14.15819715321386
NOAA 16 DEB
1 42418U 00055TN  22151.16140113  .00001679  00000-0  87530-3 0  9996
2 42418  98.7568 224.1131 0015449 123.9602 236.3042 14.15821548321458
NOAA 16 DEB
1 42418U 00055TN  22151.65609075  .00001686  00000-0  87885-3 0  9998
2 42418  98.7568 224.5992 0015476 122.7631 237.5037 14.15823614321527
NOAA 16 DEB
1 42418U 00055TN  22153.91752181  .00001586  00000-0  82768-3 0  9990
2 42418  98.7567 226.8223 0015414 117.3773 242.8972 14.15831158321841
NOAA 16 DEB
1 42418U 00055TN  22153.91752181  .00001586  00000-0  82768-3 0  9990
2 42418  98.7567 226.8223 0015414 117.3773 242.8972 14.15831158321841
NOAA 16 DEB
1 42418U 00055TN  22155.96693327  .00001408  00000-0  73733-3 0  9998
2 42418  98.7565 228.8368 0015323 112.5584 247.7213 14.15837453322136
NOAA 16 DEB
1 42418U 00055TN  22156.46161716  .00001352  00000-0  70869-3 0  9991
2 42418  98.7564 229.3229 0015288 111.3500 248.9307 14.15838968322209
NOAA 16 DEB
1 42418U 00055TN  22157.45098378  .00001342  00000-0  70363-3 0  9992
2 42418  98.7565 230.2955 0015244 108.9380 251.3447 14.15841989322342
NOAA 16 DEB
1 42418U 00055TN  22157.66299108  .00001441  00000-0  75390-3 0  9994
2 42418  98.7572 230.5037 0015228 108.2288 252.0545 14.15842540322370
NOAA 16 DEB
1 42418U 00055TN  22158.15767338  .00001387  00000-0  72639-3 0  9996
2 42418  98.7571 230.9900 0015187 107.0474 253.2365 14.15843786322444
NOAA 16 DEB
1 42418U 00055TN  22158.15767338  .00001387  00000-0  72639-3 0  9996
2 42418  98.7571 230.9900 0015187 107.0474 253.2365 14.15843786322444
NOAA 16 DEB
1 42418U 00055TN  22159.14703641  .00001482  00000-0  77482-3 0  9990
2 42418  98.7566 231.9625 0015145 104.8203 255.4650 14.15847149322585
NOAA 16 DEB
1 42418U 00055TN  22159.92439145  .00001438  00000-0  75257-3 0  9990
2 42418  98.7571 232.7265 0015089 102.7906 257.4955 14.15849497322694
NOAA 16 DEB
1 42418U 00055TN  22163.45780605  .00001602  00000-0  83534-3 0  9993
2 42418  98.7572 236.1998 0014853  94.1360 266.1512 14.15861346323191
NOAA 16 DEB
1 42418U 00055TN  22163.45780605  .00001602  00000-0  83534-3 0  9993
2 42418  98.7572 236.1998 0014853  94.1360 266.1512 14.15861346323191
NOAA 16 DEB
1 42418U 00055TN  22163.66980974  .00001667  00000-0  86833-3 0  9993
2 42418  98.7572 236.4081 0014836  93.6127 266.6744 14.15862471323229
NOAA 16 DEB
1 42418U 00055TN  22164.44715588  .00001823  00000-0  94745-3 0  9992
2 42418  98.7573 237.1724 0014784  91.6862 268.6005 14.15866031323338
NOAA 16 DEB
1 42418U 00055TN  22164.94182991  .00001829  00000-0  95084-3 0  9996
2 42418  98.7573 237.6586 0014740  90.4815 269.8048 14.15867819323409
NOAA 16 DEB
1 42418U 00055TN  22166.14317743  .00002240  00000-0  11591-2 0  9993
2 42418  98.7574 238.8396 0014635  87.4648 272.8201 14.15874648323576
NOAA 16 DEB
1 42418U 00055TN  22166.42584729  .00002114  00000-0  10954-2 0  9996
2 42418  98.7573 239.1173 0014606  86.7941 273.4904 14.15874945323610
NOAA 16 DEB
1 42418U 00055TN  22170.17119352  .00002120  00000-0  10980-2 0  9995
2 42418  98.7575 242.7992 0014245  77.3250 282.9516 14.15890653324146
NOAA 16 DEB
1 42418U 00055TN  22171.65518665  .00001996  00000-0  10351-2 0  9991
2 42418  98.7575 244.2581 0014082  73.5726 286.6995 14.15896474324354
NOAA 16 DEB
1 42418U 00055TN  22173.13917291  .00001927  00000-0  99974-3 0  9997
2 42418  98.7576 245.7170 0013919  69.7258 290.5410 14.15902498324563
NOAA 16 DEB
1 42418U 00055TN  22173.13917291  .00001927  00000-0  99974-3 0  9997
2 42418  98.7576 245.7170 0013919  69.7258 290.5410 14.15902498324563
NOAA 16 DEB
1 42418U 00055TN  22173.91649656  .00001989  00000-0  10313-2 0  9997
2 42418  98.7572 246.4813 0013802  67.9251 292.3387 14.15905932324676
NOAA 16 DEB
1 42418U 00055TN  22174.90581533  .00001690  00000-0  87981-3 0  9991
2 42418  98.7574 247.4538 0013684  65.3492 294.9106 14.15908946324811
NOAA 16 DEB
1 42418U 00055TN  22175.96579698  .00001478  00000-0  77198-3 0  9990
2 42418  98.7575 248.4958 0013544  62.5474 297.7076 14.15912310324966
NOAA 16 DEB
1 42418U 00055TN  22176.46045467  .00001583  00000-0  82543-3 0  9995
2 42418  98.7577 248.9821 0013527  61.0209 299.2319 14.15913586325035
NOAA 16 DEB
1 42418U 00055TN  22177.16710629  .00001728  00000-0  89866-3 0  9998
2 42418  98.7577 249.6769 0013436  59.1264 301.1229 14.15917091325131
NOAA 16 DEB
1 42418U 00055TN  22179.64038012  .00001383  00000-0  72348-3 0  9996
2 42418  98.7578 252.1082 0013127  52.6335 307.6033 14.15924029325484
NOAA 16 DEB
1 42418U 00055TN  22183.66825815  .00001152  00000-0  60639-3 0  9992
2 42418  98.7578 256.0682 0012685  41.3087 318.9045 14.15933862326057
NOAA 16 DEB
1 42418U 00055TN  22183.66825815  .00001152  00000-0  60639-3 0  9992
2 42418  98.7578 256.0682 0012685  41.3087 318.9045 14.15933862326057
NOAA 16 DEB
1 42418U 00055TN  22184.44556441  .00001161  00000-0  61119-3 0  9999
2 42418  98.7578 256.8323 0012513  39.0650 321.1426 14.15935869326167
NOAA 16 DEB
1 42418U 00055TN  22185.15220567  .00001220  00000-0  64108-3 0  9992
2 42418  98.7577 257.5270 0012418  37.0132 323.1896 14.15937971326262
NOAA 16 DEB
1 42418U 00055TN  22186.14150158  .00001295  00000-0  67897-3 0  9990
2 42418  98.7577 258.4996 0012288  34.1294 326.0668 14.15940959326404
NOAA 16 DEB
1 42418U 00055TN  22186.14150158  .00001295  00000-0  67897-3 0  9990
2 42418  98.7577 258.4996 0012288  34.1294 326.0668 14.15940959326404
NOAA 16 DEB
1 42418U 00055TN  22187.90809724  .00001298  00000-0  68056-3 0  9996
2 42418  98.7577 260.2364 0012059  28.9304 331.2536 14.15945493326650
NOAA 16 DEB
1 42418U 00055TN  22189.46269570  .00001405  00000-0  73467-3 0  9990
2 42418  98.7576 261.7647 0011877  24.3065 335.8667 14.15950401326874
NOAA 16 DEB
1 42418U 00055TN  22189.46269570  .00001405  00000-0  73467-3 0  9990
2 42418  98.7576 261.7647 0011877  24.3065 335.8667 14.15950401326874
NOAA 16 DEB
1 42418U 00055TN  22189.95733917  .00001442  00000-0  75328-3 0  9994
2 42418  98.7577 262.2511 0011800  22.7418 337.4277 14.15952130326945
NOAA 16 DEB
1 42418U 00055TN  22191.65325602  .00001610  00000-0  83871-3 0  9991
2 42418  98.7578 263.9185 0011591  17.4889 342.6682 14.15958363327180
NOAA 16 DEB
1 42418U 00055TN  22191.65325602  .00001610  00000-0  83871-3 0  9991
2 42418  98.7578 263.9185 0011591  17.4889 342.6682 14.15958363327180
NOAA 16 DEB
1 42418U 00055TN  22192.14789730  .00001657  00000-0  86219-3 0  9992
2 42418  98.7578 264.4048 0011535  15.9057 344.2477 14.15960149327255
NOAA 16 DEB
1 42418U 00055TN  22193.49049048  .00001921  00000-0  99591-3 0  9993
2 42418  98.7579 265.7248 0011384  11.6811 348.4625 14.15966347327443
NOAA 16 DEB
1 42418U 00055TN  22195.46904148  .00001791  00000-0  93033-3 0  9993
2 42418  98.7580 267.6701 0011171   5.3197 354.8094 14.15972620327724
NOAA 16 DEB
1 42418U 00055TN  22195.46904148  .00001791  00000-0  93033-3 0  9993
2 42418  98.7580 267.6701 0011171   5.3197 354.8094 14.15972620327724
NOAA 16 DEB
1 42418U 00055TN  22196.45831282  .00001834  00000-0  95189-3 0  9993
2 42418  98.7580 268.6427 0011070   2.0949 358.0270 14.15976492327865
NOAA 16 DEB
1 42418U 00055TN  22196.95294738  .00001838  00000-0  95366-3 0  9998
2 42418  98.7580 269.1290 0011016   0.4386 359.6796 14.15978397327930
NOAA 16 DEB
1 42418U 00055TN  22198.43684718  .00001867  00000-0  96852-3 0  9997
2 42418  98.7579 270.5879 0010878 355.5023   4.6052 14.15984351328147
NOAA 16 DEB
1 42418U 00055TN  22198.43684718  .00001867  00000-0  96852-3 0  9997
2 42418  98.7579 270.5879 0010878 355.5023   4.6052 14.15984351328147
NOAA 16 DEB
1 42418U 00055TN  22200.90999824  .00002054  00000-0  10628-2 0  9995
2 42418  98.7578 273.0196 0010680 347.0854  13.0045 14.15995507328494
NOAA 16 DEB
1 42418U 00055TN  22201.96991534  .00002009  00000-0  10401-2 0  9991
2 42418  98.7577 274.0616 0010608 343.4137  16.6688 14.15999487328645
NOAA 16 DEB
1 42418U 00055TN  22203.17115039  .00002072  00000-0  10722-2 0  9990
2 42418  98.7575 275.2424 0010516 339.0167  21.0575 14.16004807328813
NOAA 16 DEB
1 42418U 00055TN  22203.45379406  .00001969  00000-0  10198-2 0  9992
2 42418  98.7575 275.5205 0010511 338.4785  21.5946 14.16005229328857
NOAA 16 DEB
1 42418U 00055TN  22204.44304301  .00001778  00000-0  92314-3 0  9993
2 42418  98.7575 276.4931 0010446 334.9607  25.1059 14.16008222328990
NOAA 16 DEB
1 42418U 00055TN  22205.14964825  .00001613  00000-0  83952-3 0  9990
2 42418  98.7575 277.1878 0010416 332.4250  27.6370 14.16010045329093
NOAA 16 DEB
1 42418U 00055TN  22206.13889357  .00001497  00000-0  78054-3 0  9993
2 42418  98.7576 278.1605 0010369 328.9925  31.0636 14.16013070329230
NOAA 16 DEB
1 42418U 00055TN  22206.13889357  .00001497  00000-0  78054-3 0  9993
2 42418  98.7576 278.1605 0010369 328.9925  31.0636 14.16013070329230
NOAA 16 DEB
1 42418U 00055TN  22206.63351551  .00001387  00000-0  72486-3 0  9999
2 42418  98.7577 278.6468 0010345 327.2047  32.8484 14.16014218329307
NOAA 16 DEB
1 42418U 00055TN  22209.67189874  .00001150  00000-0  60479-3 0  9990
2 42418  98.7576 281.6341 0010279 316.3171  43.7189 14.16021808329736
NOAA 16 DEB
1 42418U 00055TN  22209.67189874  .00001150  00000-0  60479-3 0  9990
2 42418  98.7576 281.6341 0010279 316.3171  43.7189 14.16021808329736
NOAA 16 DEB
1 42418U 00055TN  22210.44915736  .00001090  00000-0  57424-3 0  9990
2 42418  98.7576 282.3982 0010275 313.4319  46.5999 14.16023403329848
NOAA 16 DEB
1 42418U 00055TN  22210.66113674  .00001068  00000-0  56307-3 0  9999
2 42418  98.7577 282.6068 0010277 312.7679  47.2630 14.16023866329876
NOAA 16 DEB
1 42418U 00055TN  22211.15575524  .00001052  00000-0  55494-3 0  9999
2 42418  98.7576 283.0931 0010282 311.0122  49.0162 14.16024954329947
NOAA 16 DEB
1 42418U 00055TN  22212.14499092  .00000975  00000-0  51607-3 0  9999
2 42418  98.7576 284.0657 0010291 307.4583  52.5654 14.16026911330080
NOAA 16 DEB
1 42418U 00055TN  22212.14499092  .00000975  00000-0  51607-3 0  9999
2 42418  98.7576 284.0657 0010291 307.4583  52.5654 14.16026911330080
NOAA 16 DEB
1 42418U 00055TN  22212.63960829  .00000954  00000-0  50548-3 0  9994
2 42418  98.7576 284.5521 0010297 305.6933  54.3282 14.16027942330150
NOAA 16 DEB
1 42418U 00055TN  22213.91147990  .00000958  00000-0  50720-3 0  9998
2 42418  98.7576 285.8028 0010324 301.2313  58.7849 14.16030730330337
NOAA 16 DEB
1 42418U 00055TN  22215.46598670  .00001008  00000-0  53255-3 0  9998
2 42418  98.7575 287.3312 0010372 295.7864  64.2239 14.16034244330553
NOAA 16 DEB
1 42418U 00055TN  22215.46598670  .00001008  00000-0  53255-3 0  9998
2 42418  98.7575 287.3312 0010372 295.7864  64.2239 14.16034244330553
NOAA 16 DEB
1 42418U 00055TN  22216.17257964  .00000989  00000-0  52327-3 0  9991
2 42418  98.7575 288.0259 0010403 293.2938  66.7141 14.16035613330652
NOAA 16 DEB
1 42418U 00055TN  22216.66719424  .00001006  00000-0  53173-3 0  9990
2 42418  98.7575 288.5123 0010422 291.5501  68.4562 14.16036753330725
NOAA 16 DEB
1 42418U 00055TN  22216.94983097  .00001068  00000-0  56283-3 0  9993
2 42418  98.7574 288.7901 0010445 290.5482  69.4571 14.16037657330761
NOAA 16 DEB
1 42418U 00055TN  22218.64564855  .00001137  00000-0  59804-3 0  9998
2 42418  98.7574 290.4575 0010540 284.6493  75.3512 14.16041834331001
NOAA 16 DEB
1 42418U 00055TN  22218.64564855  .00001137  00000-0  59804-3 0  9998
2 42418  98.7574 290.4575 0010540 284.6493  75.3512 14.16041834331001
NOAA 16 DEB
1 42418U 00055TN  22219.14026095  .00001208  00000-0  63363-3 0  9997
2 42418  98.7573 290.9438 0010581 282.9620  77.0372 14.16043370331078
NOAA 16 DEB
1 42418U 00055TN  22221.47199749  .00001539  00000-0  80122-3 0  9992
2 42418  98.7573 293.2364 0010734 275.1545  84.8404 14.16051433331400
NOAA 16 DEB
1 42418U 00055TN  22221.47199749  .00001539  00000-0  80122-3 0  9992
2 42418  98.7573 293.2364 0010734 275.1545  84.8404 14.16051433331400
NOAA 16 DEB
1 42418U 00055TN  22223.16780008  .00001453  00000-0  75786-3 0  9999
2 42418  98.7573 294.9037 0010926 269.3123  90.6799 14.16055654331642
NOAA 16 DEB
1 42418U 00055TN  22224.65162104  .00001481  00000-0  77163-3 0  9997
2 42418  98.7573 296.3626 0011080 264.3492  95.6418 14.16060598331857
NOAA 16 DEB
1 42418U 00055TN  22224.65162104  .00001481  00000-0  77163-3 0  9997
2 42418  98.7573 296.3626 0011080 264.3492  95.6418 14.16060598331857
NOAA 16 DEB
1 42418U 00055TN  22225.14622731  .00001461  00000-0  76150-3 0  9992
2 42418  98.7573 296.8489 0011101 262.8527  97.1385 14.16062028331923
NOAA 16 DEB
1 42418U 00055TN  22230.16291575  .00001801  00000-0  93305-3 0  9997
2 42418  98.7567 301.7810 0011648 246.9999 112.9947 14.16079568332638
NOAA 16 DEB
1 42418U 00055TN  22230.16291575  .00001801  00000-0  93305-3 0  9997
2 42418  98.7567 301.7810 0011648 246.9999 112.9947 14.16079568332638
NOAA 16 DEB
1 42418U 00055TN  22230.65751591  .00001759  00000-0  91176-3 0  9996
2 42418  98.7566 302.2671 0011700 245.4860 114.5094 14.16080945332708
NOAA 16 DEB
1 42418U 00055TN  22232.42394081  .00001579  00000-0  82111-3 0  9999
2 42418  98.7567 304.0041 0011907 240.1570 119.8421 14.16085608332959
NOAA 16 DEB
1 42418U 00055TN  22232.42394081  .00001579  00000-0  82111-3 0  9999
2 42418  98.7567 304.0041 0011907 240.1570 119.8421 14.16085608332959
NOAA 16 DEB
1 42418U 00055TN  22234.96758230  .00001208  00000-0  63335-3 0  9996
2 42418  98.7567 306.5048 0012278 232.7096 127.2960 14.16091186333315
NOAA 16 DEB
1 42418U 00055TN  22235.46217811  .00001068  00000-0  56213-3 0  9998
2 42418  98.7567 306.9912 0012317 231.2734 128.7340 14.16091803333387
NOAA 16 DEB
1 42418U 00055TN  22237.15793185  .00001064  00000-0  56007-3 0  9996
2 42418  98.7568 308.6584 0012511 226.3952 133.6185 14.16096245333629
NOAA 16 DEB
1 42418U 00055TN  22238.64171294  .00001025  00000-0  54021-3 0  9993
2 42418  98.7567 310.1173 0012703 222.2186 137.8011 14.16099535333839
NOAA 16 DEB
1 42418U 00055TN  22239.13630587  .00001094  00000-0  57542-3 0  9990
2 42418  98.7567 310.6036 0012768 220.8899 139.1318 14.16101001333903
NOAA 16 DEB
1 42418U 00055TN  22242.66910135  .00001251  00000-0  65459-3 0  9993
2 42418  98.7565 314.0771 0013201 211.3091 148.7298 14.16109772334409
NOAA 16 DEB
1 42418U 00055TN  22242.66910135  .00001251  00000-0  65459-3 0  9993
2 42418  98.7565 314.0771 0013201 211.3091 148.7298 14.16109772334409
NOAA 16 DEB
1 42418U 00055TN  22243.16369113  .00001227  00000-0  64249-3 0  9992
2 42418  98.7562 314.5630 0013246 209.9539 150.0879 14.16110846334476
NOAA 16 DEB
1 42418U 00055TN  22243.65828050  .00001229  00000-0  64332-3 0  9991
2 42418  98.7562 315.0493 0013306 208.6229 151.4216 14.16112050334545
NOAA 16 DEB
1 42418U 00055TN  22244.15286920  .00001238  00000-0  64785-3 0  9993
2 42418  98.7561 315.5355 0013365 207.3272 152.7201 14.16113370334617
NOAA 16 DEB
1 42418U 00055TN  22244.64745711  .00001493  00000-0  77688-3 0  9994
2 42418  98.7560 316.0217 0013420 206.0300 154.0200 14.16116140334688
NOAA 16 DEB
1 42418U 00055TN  22245.14204576  .00001282  00000-0  67013-3 0  9996
2 42418  98.7560 316.5079 0013473 204.7335 155.3195 14.16116055334750
NOAA 16 DEB
1 42418U 00055TN  22245.14204576  .00001282  00000-0  67013-3 0  9996
2 42418  98.7560 316.5079 0013473 204.7335 155.3195 14.16116055334750
NOAA 16 DEB
1 42418U 00055TN  22245.63663278  .00001375  00000-0  71712-3 0  9992
2 42418  98.7560 316.9942 0013526 203.4311 156.6249 14.16117971334822
NOAA 16 DEB
1 42418U 00055TN  22246.13122029  .00001129  00000-0  59274-3 0  9998
2 42418  98.7559 317.4805 0013580 202.1577 157.9012 14.16117779334899
NOAA 16 DEB
1 42418U 00055TN  22250.15854669  .00001773  00000-0  91799-3 0  9990
2 42418  98.7558 321.4397 0013981 191.8757 168.2090 14.16134118335469
NOAA 16 DEB
1 42418U 00055TN  22250.15854669  .00001773  00000-0  91799-3 0  9990
2 42418  98.7558 321.4397 0013981 191.8757 168.2090 14.16134118335469
NOAA 16 DEB
1 42418U 00055TN  22251.14770873  .00001785  00000-0  92401-3 0  9998
2 42418  98.7556 322.4121 0014060 189.2992 170.7924 14.16137686335607
NOAA 16 DEB
1 42418U 00055TN  22251.64228993  .00001740  00000-0  90102-3 0  9991
2 42418  98.7557 322.8985 0014088 187.9506 172.1447 14.16139023335676
NOAA 16 DEB
1 42418U 00055TN  22252.13686907  .00001768  00000-0  91512-3 0  9995
2 42418  98.7557 323.3847 0014123 186.7180 173.3807 14.16141057335745
NOAA 16 DEB
1 42418U 00055TN  22256.16413133  .00002049  00000-0  10568-2 0  9995
2 42418  98.7552 327.3436 0014418 176.9585 183.1679 14.16158087336316
NOAA 16 DEB
1 42418U 00055TN  22256.16413133  .00002049  00000-0  10568-2 0  9995
2 42418  98.7552 327.3436 0014418 176.9585 183.1679 14.16158087336316
NOAA 16 DEB
1 42418U 00055TN  22256.65870393  .00002112  00000-0  10882-2 0  9994
2 42418  98.7552 327.8297 0014454 175.7760 184.3539 14.16160508336384
NOAA 16 DEB
1 42418U 00055TN  22257.15327635  .00002111  00000-0  10878-2 0  9990
2 42418  98.7551 328.3160 0014465 174.4630 185.6707 14.16162466336456
NOAA 16 DEB
1 42418U 00055TN  22257.64784724  .00002159  00000-0  11120-2 0  9993
2 42418  98.7551 328.8022 0014498 173.2596 186.8776 14.16164938336525
NOAA 16 DEB
1 42418U 00055TN  22262.16960756  .00001861  00000-0  96121-3 0  9991
2 42418  98.7545 333.2471 0014674 162.3254 197.8433 14.16182418337168
NOAA 16 DEB
1 42418U 00055TN  22262.16960756  .00001861  00000-0  96121-3 0  9991
2 42418  98.7545 333.2471 0014674 162.3254 197.8433 14.16182418337168
NOAA 16 DEB
1 42418U 00055TN  22262.66417298  .00001764  00000-0  91257-3 0  9991
2 42418  98.7546 333.7335 0014695 161.0612 199.1112 14.16183602337233
NOAA 16 DEB
1 42418U 00055TN  22263.15873635  .00001803  00000-0  93218-3 0  9990
2 42418  98.7546 334.2196 0014703 159.9743 200.2011 14.16185789337303
NOAA 16 DEB
1 42418U 00055TN  22269.44670402  .00001765  00000-0  91239-3 0  9993
2 42418  98.7544 340.4012 0014778 145.0675 215.1472 14.16209173338197
NOAA 16 DEB
1 42418U 00055TN  22269.44670402  .00001765  00000-0  91239-3 0  9993
2 42418  98.7544 340.4012 0014778 145.0675 215.1472 14.16209173338197
NOAA 16 DEB
1 42418U 00055TN  22271.63687001  .00002047  00000-0  10545-2 0  9994
2 42418  98.7538 342.5534 0014718 139.5517 220.6754 14.16218894338508
NOAA 16 DEB
1 42418U 00055TN  22271.63687001  .00002047  00000-0  10545-2 0  9994
2 42418  98.7538 342.5534 0014718 139.5517 220.6754 14.16218894338508
NOAA 16 DEB
1 42418U 00055TN  22272.90857211  .00002254  00000-0  11586-2 0  9993
2 42418  98.7536 343.8035 0014679 136.4398 223.7938 14.16225177338684
NOAA 16 DEB
1 42418U 00055TN  22274.46286738  .00002533  00000-0  12989-2 0  9994
2 42418  98.7524 345.3308 0014710 132.6291 227.6126 14.16232705338909
NOAA 16 DEB
1 42418U 00055TN  22274.46286738  .00002533  00000-0  12989-2 0  9994
2 42418  98.7524 345.3308 0014710 132.6291 227.6126 14.16232705338909
NOAA 16 DEB
1 42418U 00055TN  22274.67481597  .00002621  00000-0  13434-2 0  9991
2 42418  98.7531 345.5401 0014623 132.4480 227.7933 14.16233993338934
NOAA 16 DEB
1 42418U 00055TN  22275.66390737  .00002614  00000-0  13396-2 0  9995
2 42418  98.7531 346.5122 0014576 130.0335 230.2120 14.16238804339074
NOAA 16 DEB
1 42418U 00055TN  22276.15845147  .00003093  00000-0  15812-2 0  9997
2 42418  98.7531 346.9983 0014548 128.7825 231.4651 14.16242816339148
NOAA 16 DEB
1 42418U 00055TN  22277.14753712  .00003433  00000-0  17524-2 0  9993
2 42418  98.7531 347.9702 0014482 126.3674 233.8839 14.16248991339280
NOAA 16 DEB
1 42418U 00055TN  22278.13661767  .00003553  00000-0  18126-2 0  9993
2 42418  98.7532 348.9425 0014431 123.9293 236.3256 14.16255333339423
NOAA 16 DEB
1 42418U 00055TN  22280.46800079  .00003773  00000-0  19226-2 0  9999
2 42418  98.7528 351.2340 0014170 118.4963 241.7640 14.16272703339757
NOAA 16 DEB
1 42418U 00055TN  22281.17447448  .00003410  00000-0  17397-2 0  9990
2 42418  98.7529 351.9285 0014058 116.8643 243.3971 14.16277086339850
NOAA 16 DEB
1 42418U 00055TN  22282.16353336  .00003744  00000-0  19079-2 0  9991
2 42418  98.7530 352.9009 0013944 114.4270 245.8360 14.16285657339997
NOAA 16 DEB
1 42418U 00055TN  22283.15258695  .00003724  00000-0  18974-2 0  9994
2 42418  98.7523 353.8728 0013977 111.6396 248.6268 14.16293245340139
NOAA 16 DEB
1 42418U 00055TN  22283.15258695  .00003724  00000-0  18974-2 0  9994
2 42418  98.7523 353.8728 0013977 111.6396 248.6268 14.16293245340139
NOAA 16 DEB
1 42418U 00055TN  22284.63615687  .00003763  00000-0  19164-2 0  9991
2 42418  98.7519 355.3311 0013844 107.8684 252.4001 14.16304831340344
NOAA 16 DEB
1 42418U 00055TN  22285.48390578  .00003557  00000-0  18126-2 0  9992
2 42418  98.7533 356.1663 0013716 105.6661 254.6028 14.16310663340464
NOAA 16 DEB
1 42418U 00055TN  22285.48390578  .00003557  00000-0  18126-2 0  9992
2 42418  98.7533 356.1663 0013716 105.6661 254.6028 14.16310663340464
NOAA 16 DEB
1 42418U 00055TN  22286.47294245  .00002955  00000-0  15095-2 0  9999
2 42418  98.7528 357.1385 0013568 103.2668 257.0020 14.16316044340600
NOAA 16 DEB
1 42418U 00055TN  22287.46197445  .00003033  00000-0  15487-2 0  9996
2 42418  98.7523 358.1104 0013745 100.4969 259.7755 14.16322828340741
NOAA 16 DEB
1 42418U 00055TN  22288.16842294  .00003052  00000-0  15581-2 0  9999
2 42418  98.7520 358.8047 0013682  98.6341 261.6384 14.16327593340848
NOAA 16 DEB
1 42418U 00055TN  22288.16842294  .00003052  00000-0  15581-2 0  9999
2 42418  98.7520 358.8047 0013682  98.6341 261.6384 14.16327593340848
NOAA 16 DEB
1 42418U 00055TN  22289.15744742  .00002715  00000-0  13887-2 0  9990
2 42418  98.7517 359.7763 0013410  95.8899 264.3805 14.16333072340987
NOAA 16 DEB
1 42418U 00055TN  22290.14646709  .00002741  00000-0  14012-2 0  9995
2 42418  98.7509   0.7475 0013283  93.1121 267.1574 14.16339452341127
NOAA 16 DEB
1 42418U 00055TN  22291.48870267  .00002555  00000-0  13078-2 0  9995
2 42418  98.7511   2.0666 0013217  89.5508 270.7180 14.16346432341312
NOAA 16 DEB
1 42418U 00055TN  22293.96122388  .00002248  00000-0  11531-2 0  9995
2 42418  98.7528   4.4984 0013104  83.0085 277.2579 14.16358660341661
NOAA 16 DEB
1 42418U 00055TN  22293.96122388  .00002248  00000-0  11531-2 0  9995
2 42418  98.7528   4.4984 0013104  83.0085 277.2579 14.16358660341661
NOAA 16 DEB
1 42418U 00055TN  22294.66765523  .00002003  00000-0  10298-2 0  9995
2 42418  98.7528   5.1930 0013054  81.1108 279.1544 14.16360987341768
NOAA 16 DEB
1 42418U 00055TN  22295.16215624  .00002115  00000-0  10862-2 0  9994
2 42418  98.7522   5.6783 0012949  79.7161 280.5472 14.16363396341838
NOAA 16 DEB
1 42418U 00055TN  22295.65665639  .00002244  00000-0  11507-2 0  9993
2 42418  98.7521   6.1644 0012899  78.3918 281.8704 14.16365932341906
NOAA 16 DEB
1 42418U 00055TN  22296.15115523  .00002512  00000-0  12857-2 0  9998
2 42418  98.7521   6.6505 0012815  77.0055 283.2549 14.16369046341973
NOAA 16 DEB
1 42418U 00055TN  22296.15115523  .00002512  00000-0  12857-2 0  9998
2 42418  98.7521   6.6505 0012815  77.0055 283.2549 14.16369046341973
NOAA 16 DEB
1 42418U 00055TN  22296.64565358  .00002460  00000-0  12596-2 0  9999
2 42418  98.7520   7.1367 0012731  75.6145 284.6441 14.16371102342046
NOAA 16 DEB
1 42418U 00055TN  22297.14015068  .00002578  00000-0  13185-2 0  9998
2 42418  98.7520   7.6231 0012596  74.1865 286.0697 14.16373764342116
NOAA 16 DEB
1 42418U 00055TN  22297.63464745  .00002443  00000-0  12507-2 0  9990
2 42418  98.7524   8.1094 0012527  72.7824 287.4721 14.16375662342185
NOAA 16 DEB
1 42418U 00055TN  22297.91721668  .00002413  00000-0  12356-2 0  9990
2 42418  98.7525   8.3875 0012518  71.9801 288.2737 14.16376857342229
NOAA 16 DEB
1 42418U 00055TN  22300.46032745  .00002115  00000-0  10856-2 0  9998
2 42418  98.7519  10.8876 0012226  64.7122 295.5318 14.16387906342585
NOAA 16 DEB
1 42418U 00055TN  22300.46032745  .00002115  00000-0  10856-2 0  9998
2 42418  98.7519  10.8876 0012226  64.7122 295.5318 14.16387906342585
NOAA 16 DEB
1 42418U 00055TN  22301.16674473  .00002130  00000-0  10930-2 0  9996
2 42418  98.7517  11.5822 0012162  62.6765 297.5646 14.16390599342680
NOAA 16 DEB
1 42418U 00055TN  22302.65021254  .00002549  00000-0  13037-2 0  9999
2 42418  98.7515  13.0404 0012020  58.2347 301.9997 14.16399007342896
NOAA 16 DEB
1 42418U 00055TN  22302.65021254  .00002549  00000-0  13037-2 0  9999
2 42418  98.7515  13.0404 0012020  58.2347 301.9997 14.16399007342896
NOAA 16 DEB
1 42418U 00055TN  22303.42726366  .00002944  00000-0  15018-2 0  9991
2 42418  98.7512  13.8040 0011977  55.9595 304.2715 14.16404241343001
NOAA 16 DEB
1 42418U 00055TN  22306.46479907  .00002971  00000-0  15153-2 0  9994
2 42418  98.7513  16.7896 0011596  46.3985 313.8149 14.16423373343438
NOAA 16 DEB
1 42418U 00055TN  22306.46479907  .00002971  00000-0  15153-2 0  9994
2 42418  98.7513  16.7896 0011596  46.3985 313.8149 14.16423373343438
NOAA 16 DEB
1 42418U 00055TN  22307.66567369  .00003064  00000-0  15615-2 0  9994
2 42418  98.7515  17.9701 0011479  42.5892 317.6170 14.16431332343602
NOAA 16 DEB
1 42418U 00055TN  22308.44270560  .00003632  00000-0  18467-2 0  9994
2 42418  98.7511  18.7335 0011418  40.0225 320.1789 14.16438525343714
NOAA 16 DEB
1 42418U 00055TN  22309.14909616  .00003386  00000-0  17232-2 0  9998
2 42418  98.7510  19.4278 0011372  37.8419 322.3553 14.16442612343811
NOAA 16 DEB
1 42418U 00055TN  22309.14909616  .00003386  00000-0  17232-2 0  9998
2 42418  98.7510  19.4278 0011372  37.8419 322.3553 14.16442612343811
NOAA 16 DEB
1 42418U 00055TN  22310.63250843  .00003034  00000-0  15461-2 0  9997
2 42418  98.7511  20.8861 0011247  33.0393 327.1482 14.16451788344028
NOAA 16 DEB
1 42418U 00055TN  22314.16439760  .00002899  00000-0  14773-2 0  9999
2 42418  98.7500  24.3576 0010963  20.9656 339.1966 14.16476467344525
NOAA 16 DEB
1 42418U 00055TN  22314.16439760  .00002899  00000-0  14773-2 0  9999
2 42418  98.7500  24.3576 0010963  20.9656 339.1966 14.16476467344525
NOAA 16 DEB
1 42418U 00055TN  22315.15330940  .00002839  00000-0  14472-2 0  9999
2 42418  98.7522  25.3332 0010871  17.4942 342.6605 14.16484603344662
NOAA 16 DEB
1 42418U 00055TN  22315.15330940  .00002839  00000-0  14472-2 0  9999
2 42418  98.7522  25.3332 0010871  17.4942 342.6605 14.16484603344662
NOAA 16 DEB
1 42418U 00055TN  22315.64776644  .00002601  00000-0  13278-2 0  9998
2 42418  98.7519  25.8193 0010834  15.7528 344.3981 14.16487279344734
NOAA 16 DEB
1 42418U 00055TN  22316.14222265  .00002763  00000-0  14088-2 0  9998
2 42418  98.7497  26.3021 0010817  14.3121 345.8358 14.16490449344805
NOAA 16 DEB
1 42418U 00055TN  22316.63667793  .00002811  00000-0  14330-2 0  9995
2 42418  98.7497  26.7883 0010789  12.6625 347.4819 14.16493296344873
NOAA 16 DEB
1 42418U 00055TN  22317.13113227  .00002618  00000-0  13363-2 0  9999
2 42418  98.7497  27.2743 0010771  10.8543 349.2861 14.16495522344943
NOAA 16 DEB
1 42418U 00055TN  22320.16847350  .00001995  00000-0  10230-2 0  9994
2 42418  98.7499  30.2606 0010657   1.3345 358.7856 14.16510953345378
NOAA 16 DEB
1 42418U 00055TN  22320.16847350  .00001995  00000-0  10230-2 0  9994
2 42418  98.7499  30.2606 0010657   1.3345 358.7856 14.16510953345378
NOAA 16 DEB
1 42418U 00055TN  22321.15736910  .00002144  00000-0  10979-2 0  9990
2 42418  98.7503  31.2330 0010661 357.4928   2.6191 14.16515472345510
NOAA 16 DEB
1 42418U 00055TN  22322.14626174  .00002008  00000-0  10293-2 0  9998
2 42418  98.7502  32.2047 0010623 354.6211   5.4847 14.16519393345657
NOAA 16 DEB
1 42418U 00055TN  22323.13515166  .00002384  00000-0  12179-2 0  9998
2 42418  98.7509  33.1776 0010614 351.4064   8.6927 14.16524809345791
NOAA 16 DEB
1 42418U 00055TN  22323.13515166  .00002384  00000-0  12179-2 0  9998
2 42418  98.7509  33.1776 0010614 351.4064   8.6927 14.16524809345791
NOAA 16 DEB
1 42418U 00055TN  22326.66687610  .00001974  00000-0  10122-2 0  9993
2 42418  98.7505  36.6493 0010658 338.7824  21.2907 14.16538833346298
NOAA 16 DEB
1 42418U 00055TN  22326.66687610  .00001974  00000-0  10122-2 0  9993
2 42418  98.7505  36.6493 0010658 338.7824  21.2907 14.16538833346298
NOAA 16 DEB
1 42418U 00055TN  22327.16131497  .00001840  00000-0  94511-3 0  9993
2 42418  98.7502  37.1351 0010661 337.2138  22.8562 14.16540373346364
NOAA 16 DEB
1 42418U 00055TN  22327.65575295  .00001887  00000-0  96838-3 0  9990
2 42418  98.7503  37.6214 0010698 335.4711  24.5954 14.16542479346436
NOAA 16 DEB
1 42418U 00055TN  22328.64462715  .00002020  00000-0  10349-2 0  9994
2 42418  98.7501  38.5936 0010744 332.0648  27.9949 14.16546562346572
NOAA 16 DEB
1 42418U 00055TN  22329.13906322  .00001897  00000-0  97352-3 0  9997
2 42418  98.7500  39.0798 0010795 330.1268  29.9289 14.16547936346649
NOAA 16 DEB
1 42418U 00055TN  22329.13906322  .00001897  00000-0  97352-3 0  9997
2 42418  98.7500  39.0798 0010795 330.1268  29.9289 14.16547936346649
NOAA 16 DEB
1 42418U 00055TN  22329.63349846  .00002158  00000-0  11043-2 0  9997
2 42418  98.7499  39.5659 0010829 328.3714  31.6809 14.16550705346714
NOAA 16 DEB
1 42418U 00055TN  22334.15401600  .00001916  00000-0  98230-3 0  9992
2 42418  98.7498  44.0098 0011479 311.8964  48.1230 14.16568838347355
NOAA 16 DEB
1 42418U 00055TN  22334.64844355  .00001984  00000-0  10166-2 0  9990
2 42418  98.7494  44.4956 0011054 311.8147  48.2082 14.16571678347420
NOAA 16 DEB
1 42418U 00055TN  22334.93097354  .00001996  00000-0  10223-2 0  9998
2 42418  98.7495  44.7734 0011077 310.9013  49.1201 14.16572751347465
NOAA 16 DEB
1 42418U 00055TN  22335.63729723  .00002165  00000-0  11073-2 0  9991
2 42418  98.7496  45.4678 0011121 308.6114  51.4064 14.16576287347569
NOAA 16 DEB
1 42418U 00055TN  22336.90867600  .00002141  00000-0  10947-2 0  9992
2 42418  98.7499  46.7179 0011221 304.4483  55.5631 14.16581689347743
NOAA 16 DEB
1 42418U 00055TN  22337.47373122  .00002108  00000-0  10783-2 0  9997
2 42418  98.7501  47.2735 0011302 302.5089  57.4993 14.16584303347829
NOAA 16 DEB
1 42418U 00055TN  22339.66331153  .00002178  00000-0  11133-2 0  9995
2 42418  98.7504  49.4266 0011471 295.4671  64.5317 14.16594771348133
NOAA 16 DEB
1 42418U 00055TN  22340.65214807  .00002426  00000-0  12374-2 0  9996
2 42418  98.7502  50.3989 0011374 292.8231  67.1742 14.16600566348275
NOAA 16 DEB
1 42418U 00055TN  22341.64098169  .00002652  00000-0  13503-2 0  9993
2 42418  98.7502  51.3713 0011509 289.6410  70.3522 14.16606071348419
NOAA 16 DEB
1 42418U 00055TN  22342.13539661  .00002905  00000-0  14767-2 0  9999
2 42418  98.7500  51.8574 0011549 288.1438  71.8479 14.16609629348481
NOAA 16 DEB
1 42418U 00055TN  22342.13539661  .00002905  00000-0  14767-2 0  9999
2 42418  98.7500  51.8574 0011549 288.1438  71.8479 14.16609629348481
NOAA 16 DEB
1 42418U 00055TN  22345.17249416  .00002626  00000-0  13366-2 0  9996
2 42418  98.7488  54.8428 0011908 278.7856  81.1970 14.16627479348916
NOAA 16 DEB
1 42418U 00055TN  22346.65571412  .00002560  00000-0  13035-2 0  9994
2 42418  98.7485  56.3007 0012053 274.3363  85.6434 14.16636125349126
NOAA 16 DEB
1 42418U 00055TN  22347.15011897  .00002743  00000-0  13950-2 0  9995
2 42418  98.7482  56.7865 0012095 272.8890  87.0900 14.16639406349199
NOAA 16 DEB
1 42418U 00055TN  22347.64452299  .00002619  00000-0  13325-2 0  9992
2 42418  98.7483  57.2728 0012122 271.4085  88.5700 14.16641782349268
NOAA 16 DEB
1 42418U 00055TN  22350.96406389  .00002860  00000-0  14526-2 0  9992
2 42418  98.7485  60.5362 0012460 261.7899  98.1862 14.16662805349738
NOAA 16 DEB
1 42418U 00055TN  22350.96406389  .00002860  00000-0  14526-2 0  9992
2 42418  98.7485  60.5362 0012460 261.7899  98.1862 14.16662805349738
NOAA 16 DEB
1 42418U 00055TN  22352.16473709  .00002751  00000-0  13980-2 0  9998
2 42418  98.7487  61.7168 0012549 258.2920 101.6847 14.16670211349903
NOAA 16 DEB
1 42418U 00055TN  22352.65913218  .00002730  00000-0  13875-2 0  9996
2 42418  98.7490  62.2031 0012613 256.9598 103.0169 14.16672386349975
NOAA 16 DEB
1 42418U 00055TN  22353.93042507  .00002909  00000-0  14766-2 0  9990
2 42418  98.7491  63.4529 0012782 253.3829 106.5942 14.16680063350156
NOAA 16 DEB
1 42418U 00055TN  22354.14230659  .00002904  00000-0  14743-2 0  9991
2 42418  98.7493  63.6615 0012807 252.7911 107.1862 14.16681282350184
NOAA 16 DEB
1 42418U 00055TN  22354.63669610  .00003175  00000-0  16096-2 0  9992
2 42418  98.7493  64.1476 0012852 251.4102 108.5676 14.16684968350253
NOAA 16 DEB
1 42418U 00055TN  22356.47299077  .00002684  00000-0  13639-2 0  9996
2 42418  98.7491  65.9532 0013020 246.2367 113.7442 14.16694625350515
NOAA 16 DEB
1 42418U 00055TN  22356.47299077  .00002684  00000-0  13639-2 0  9996
2 42418  98.7491  65.9532 0013020 246.2367 113.7442 14.16694625350515
NOAA 16 DEB
1 42418U 00055TN  22358.45052472  .00002536  00000-0  12895-2 0  9991
2 42418  98.7483  67.8972 0013257 241.0300 118.9546 14.16705431350797
NOAA 16 DEB
1 42418U 00055TN  22358.66240244  .00002480  00000-0  12613-2 0  9996
2 42418  98.7481  68.1053 0013248 240.3594 119.6261 14.16706494350822
NOAA 16 DEB
1 42418U 00055TN  22358.66240244  .00002480  00000-0  12613-2 0  9996
2 42418  98.7481  68.1053 0013248 240.3594 119.6261 14.16706494350822
NOAA 16 DEB
1 42418U 00055TN  22359.65116405  .00002266  00000-0  11546-2 0  9993
2 42418  98.7476  69.0772 0013350 237.7561 122.2320 14.16710624350963
NOAA 16 DEB
1 42418U 00055TN  22359.93366673  .00002079  00000-0  10609-2 0  9999
2 42418  98.7477  69.3551 0013381 237.0934 122.8953 14.16711346351009
NOAA 16 DEB
1 42418U 00055TN  22361.13429974  .00002555  00000-0  12988-2 0  9999
2 42418  98.7475  70.5354 0013487 233.9208 126.0718 14.16718741351177
NOAA 16 DEB
1 42418U 00055TN  22361.62867603  .00002893  00000-0  14671-2 0  9994
2 42418  98.7475  71.0214 0013530 232.5979 127.3965 14.16722560351247
NOAA 16 DEB
1 42418U 00055TN  22364.17116807  .00002952  00000-0  14962-2 0  9999
2 42418  98.7474  73.5211 0013774 226.0399 133.9640 14.16737407351603
NOAA 16 DEB
1 42418U 00055TN  22364.17116807  .00002952  00000-0  14962-2 0  9999
2 42418  98.7474  73.5211 0013774 226.0399 133.9640 14.16737407351603
NOAA 16 DEB
1 42418U 00055TN  22365.44240392  .00003061  00000-0  15504-2 0  9992
2 42418  98.7480  74.7715 0013872 222.7824 137.2271 14.16745268351787
NOAA 16 DEB
1 42418U 00055TN  22365.65427597  .00003047  00000-0  15433-2 0  9994
2 42418  98.7480  74.9798 0013880 222.1700 137.8407 14.16746488351812
NOAA 16 DEB
1 42418U 00055TN  23001.92550385  .00003130  00000-0  15848-2 0  9997
2 42418  98.7477  76.2295 0013986 218.9292 141.0876 14.16754296351993
NOAA 16 DEB
1 42418U 00055TN  23002.13737444  .00003124  00000-0  15814-2 0  9990
2 42418  98.7477  76.4378 0014000 218.3826 141.6353 14.16755653352021
NOAA 16 DEB
1 42418U 00055TN  23004.46793945  .00003124  00000-0  15813-2 0  9995
2 42418  98.7479  78.7297 0014138 212.1407 147.8907 14.16769734352351
NOAA 16 DEB
1 42418U 00055TN  23004.46793945  .00003124  00000-0  15813-2 0  9995
2 42418  98.7479  78.7297 0014138 212.1407 147.8907 14.16769734352351
NOAA 16 DEB
1 42418U 00055TN  23005.17416608  .00003127  00000-0  15826-2 0  9999
2 42418  98.7478  79.4240 0014192 210.3933 149.6420 14.16774347352457
NOAA 16 DEB
1 42418U 00055TN  23005.66852357  .00003069  00000-0  15534-2 0  9999
2 42418  98.7476  79.9101 0014222 209.0354 151.0031 14.16777376352520
NOAA 16 DEB
1 42418U 00055TN  23006.65723440  .00003148  00000-0  15926-2 0  9992
2 42418  98.7473  80.8820 0014266 206.4571 153.5877 14.16784449352665
NOAA 16 DEB
1 42418U 00055TN  23006.93972233  .00003275  00000-0  16560-2 0  9995
2 42418  98.7472  81.1597 0014276 205.7317 154.3148 14.16786752352704
NOAA 16 DEB
1 42418U 00055TN  23007.15158841  .00003209  00000-0  16230-2 0  9992
2 42418  98.7474  81.3676 0014232 205.0817 154.9668 14.16787925352735
NOAA 16 DEB
1 42418U 00055TN  23007.64594093  .00003531  00000-0  17834-2 0  9998
2 42418  98.7473  81.8538 0014255 203.5530 156.4994 14.16792409352806
NOAA 16 DEB
1 42418U 00055TN  23008.91712799  .00003711  00000-0  18729-2 0  9998
2 42418  98.7469  83.1037 0014325 200.1818 159.8792 14.16801248352984
NOAA 16 DEB
1 42418U 00055TN  23008.91712799  .00003711  00000-0  18729-2 0  9998
2 42418  98.7469  83.1037 0014325 200.1818 159.8792 14.16801248352984
NOAA 16 DEB
1 42418U 00055TN  23012.66001868  .00003757  00000-0  18948-2 0  9996
2 42418  98.7461  86.7835 0014471 190.3287 169.7592 14.16829487353516
NOAA 16 DEB
1 42418U 00055TN  23012.66001868  .00003757  00000-0  18948-2 0  9996
2 42418  98.7461  86.7835 0014471 190.3287 169.7592 14.16829487353516
NOAA 16 DEB
1 42418U 00055TN  23013.43683288  .00004319  00000-0  21744-2 0  9997
2 42418  98.7464  87.5480 0014535 188.9973 171.0943 14.16837635353622
NOAA 16 DEB
1 42418U 00055TN  23013.64869120  .00004308  00000-0  21686-2 0  9994
2 42418  98.7462  87.7562 0014562 189.2444 170.8464 14.16839320353651
NOAA 16 DEB
1 42418U 00055TN  23013.93116837  .00005091  00000-0  25584-2 0  9997
2 42418  98.7461  88.0338 0014582 188.5309 171.5619 14.16843342353692
NOAA 16 DEB
1 42418U 00055TN  23013.93116837  .00005091  00000-0  25584-2 0  9997
2 42418  98.7461  88.0338 0014582 188.5309 171.5619 14.16843342353692
NOAA 16 DEB
1 42418U 00055TN  23016.96775358  .00006247  00000-0  31316-2 0  9996
2 42418  98.7468  91.0201 0014624 181.1661 178.9482 14.16880617354123
NOAA 16 DEB
1 42418U 00055TN  23017.46207358  .00005249  00000-0  26352-2 0  9997
2 42418  98.7463  91.5059 0014611 180.2978 179.8191 14.16884527354199
NOAA 16 DEB
1 42418U 00055TN  23018.16824237  .00004409  00000-0  22167-2 0  9993
2 42418  98.7473  92.2010 0014622 178.6427 181.4790 14.16890814354298
NOAA 16 DEB
1 42418U 00055TN  23018.94502343  .00005730  00000-0  28737-2 0  9997
2 42418  98.7468  92.9645 0014638 176.4395 183.6886 14.16902280354404
NOAA 16 DEB
1 42418U 00055TN  23019.65118453  .00005837  00000-0  29263-2 0  9994
2 42418  98.7467  93.6589 0014639 174.7081 185.4251 14.16909836354503
NOAA 16 DEB
1 42418U 00055TN  23020.42795882  .00005279  00000-0  26483-2 0  9999
2 42418  98.7463  94.4227 0014682 172.3225 187.8177 14.16915745354610
NOAA 16 DEB
1 42418U 00055TN  23022.47579405  .00005680  00000-0  28465-2 0  9995
2 42418  98.7457  96.4363 0014682 167.1226 193.0327 14.16938447354901
NOAA 16 DEB
1 42418U 00055TN  23024.17053025  .00004987  00000-0  25014-2 0  9995
2 42418  98.7451  98.1026 0014674 162.7710 197.3966 14.16955489355148
NOAA 16 DEB
1 42418U 00055TN  23025.93586234  .00004405  00000-0  22114-2 0  9996
2 42418  98.7447  99.8385 0014589 158.9265 201.2514 14.16969324355390
NOAA 16 DEB
1 42418U 00055TN  23025.93586234  .00004405  00000-0  22114-2 0  9996
2 42418  98.7447  99.8385 0014589 158.9265 201.2514 14.16969324355390
NOAA 16 DEB
1 42418U 00055TN  23027.13627775  .00004169  00000-0  20940-2 0  9998
2 42418  98.7447 101.0190 0014510 156.1864 203.9985 14.16978583355566
NOAA 16 DEB
1 42418U 00055TN  23027.13627775  .00004169  00000-0  20940-2 0  9998
2 42418  98.7447 101.0190 0014510 156.1864 203.9985 14.16978583355566
NOAA 16 DEB
1 42418U 00055TN  23031.16115262  .00002267  00000-0  11483-2 0  9998
2 42418  98.7448 104.9771 0014459 145.9698 214.2407 14.17000622356136
NOAA 16 DEB
1 42418U 00055TN  23031.16115262  .00002267  00000-0  11483-2 0  9998
2 42418  98.7448 104.9771 0014459 145.9698 214.2407 14.17000622356136
NOAA 16 DEB
1 42418U 00055TN  23031.65543119  .00002539  00000-0  12836-2 0  9993
2 42418  98.7438 105.4617 0014366 144.7191 215.4937 14.17004006356201
NOAA 16 DEB
1 42418U 00055TN  23032.14970885  .00002686  00000-0  13566-2 0  9996
2 42418  98.7439 105.9480 0014337 143.5508 216.6645 14.17006669356275
NOAA 16 DEB
1 42418U 00055TN  23033.13826122  .00002758  00000-0  13920-2 0  9994
2 42418  98.7440 106.9204 0014328 141.0826 219.1383 14.17011946356415
NOAA 16 DEB
1 42418U 00055TN  23033.13826122  .00002758  00000-0  13920-2 0  9994
2 42418  98.7440 106.9204 0014328 141.0826 219.1383 14.17011946356415
NOAA 16 DEB
1 42418U 00055TN  23039.91677653  .00005996  00000-0  29965-2 0  9992
2 42418  98.7401 113.5820 0014008 124.0148 236.2359 14.17067453357376
NOAA 16 DEB
1 42418U 00055TN  23039.91677653  .00005996  00000-0  29965-2 0  9992
2 42418  98.7401 113.5820 0014008 124.0148 236.2359 14.17067453357376
NOAA 16 DEB
1 42418U 00055TN  23040.90528373  .00006737  00000-0  33630-2 0  9995
2 42418  98.7398 114.5537 0013941 121.4638 238.7901 14.17080758357516
NOAA 16 DEB
1 42418U 00055TN  23041.96438784  .00006685  00000-0  33363-2 0  9993
2 42418  98.7397 115.5949 0013869 118.7078 241.5493 14.17094664357664
NOAA 16 DEB
1 42418U 00055TN  23041.96438784  .00006685  00000-0  33363-2 0  9993
2 42418  98.7397 115.5949 0013869 118.7078 241.5493 14.17094664357664
NOAA 16 DEB
1 42418U 00055TN  23043.16468436  .00006676  00000-0  33310-2 0  9996
2 42418  98.7400 116.7760 0014060 114.9383 245.3254 14.17113305357834
NOAA 16 DEB
1 42418U 00055TN  23043.16468436  .00006676  00000-0  33310-2 0  9996
2 42418  98.7400 116.7760 0014060 114.9383 245.3254 14.17113305357834
NOAA 16 DEB
1 42418U 00055TN  23043.94134274  .00006912  00000-0  34471-2 0  9994
2 42418  98.7429 117.5443 0013520 113.9242 246.3350 14.17124647357946
NOAA 16 DEB
1 42418U 00055TN  23044.64739167  .00006364  00000-0  31756-2 0  9998
2 42418  98.7431 118.2386 0013339 112.2875 247.9716 14.17132392358046
NOAA 16 DEB
1 42418U 00055TN  23045.63585309  .00006424  00000-0  32045-2 0  9994
2 42418  98.7434 119.2109 0013068 109.8942 250.3642 14.17144598358181
NOAA 16 DEB
1 42418U 00055TN  23045.63585309  .00006424  00000-0  32045-2 0  9994
2 42418  98.7434 119.2109 0013068 109.8942 250.3642 14.17144598358181
NOAA 16 DEB
1 42418U 00055TN  23047.47154196  .00007759  00000-0  38637-2 0  9999
2 42418  98.7439 121.0165 0012572 105.2731 254.9834 14.17171721358444
NOAA 16 DEB
1 42418U 00055TN  23048.45997493  .00005969  00000-0  29773-2 0  9995
2 42418  98.7440 121.9888 0012302 102.7499 257.5052 14.17183357358585
NOAA 16 DEB
1 42418U 00055TN  23048.45997493  .00005969  00000-0  29773-2 0  9995
2 42418  98.7440 121.9888 0012302 102.7499 257.5052 14.17183357358585
NOAA 16 DEB
1 42418U 00055TN  23049.44840804  .00004403  00000-0  22020-2 0  9998
2 42418  98.7431 122.9601 0012609  99.6652 260.5948 14.17190355358724
NOAA 16 DEB
1 42418U 00055TN  23049.44840804  .00004403  00000-0  22020-2 0  9998
2 42418  98.7431 122.9601 0012609  99.6652 260.5948 14.17190355358724
NOAA 16 DEB
1 42418U 00055TN  23050.64863426  .00003719  00000-0  18630-2 0  9998
2 42418  98.7429 124.1404 0012343  96.5510 263.7070 14.17199115358892
NOAA 16 DEB
1 42418U 00055TN  23051.63705218  .00003758  00000-0  18820-2 0  9996
2 42418  98.7424 125.1133 0013000  93.6202 266.6460 14.17205479359037
NOAA 16 DEB
1 42418U 00055TN  23051.63705218  .00003758  00000-0  18820-2 0  9996
2 42418  98.7424 125.1133 0013000  93.6202 266.6460 14.17205479359037
NOAA 16 DEB
1 42418U 00055TN  23055.66126313  .00003286  00000-0  16474-2 0  9995
2 42418  98.7410 129.0708 0012688  82.7733 277.4884 14.17237068359604
NOAA 16 DEB
1 42418U 00055TN  23055.66126313  .00003286  00000-0  16474-2 0  9995
2 42418  98.7410 129.0708 0012688  82.7733 277.4884 14.17237068359604
NOAA 16 DEB
1 42418U 00055TN  23058.13222518  .00004292  00000-0  21447-2 0  9998
2 42418  98.7399 131.5000 0012320  75.8667 284.3877 14.17257330359956
NOAA 16 DEB
1 42418U 00055TN  23058.13222518  .00004292  00000-0  21447-2 0  9998
2 42418  98.7399 131.5000 0012320  75.8667 284.3877 14.17257330359956
NOAA 16 DEB
1 42418U 00055TN  23061.16790327  .00004252  00000-0  21231-2 0  9990
2 42418  98.7380 134.4837 0011551  66.3797 293.8589 14.17295800360388
NOAA 16 DEB
1 42418U 00055TN  23061.16790327  .00004252  00000-0  21231-2 0  9990
2 42418  98.7380 134.4837 0011551  66.3797 293.8589 14.17295800360388
NOAA 16 DEB
1 42418U 00055TN  23062.65041833  .00005692  00000-0  28334-2 0  9996
2 42418  98.7394 135.9421 0011450  61.8730 298.3600 14.17314577360593
NOAA 16 DEB
1 42418U 00055TN  23063.14458641  .00006368  00000-0  31669-2 0  9996
2 42418  98.7407 136.4294 0011516  61.2644 298.9687 14.17321745360667
NOAA 16 DEB
1 42418U 00055TN  23063.14458641  .00006368  00000-0  31669-2 0  9996
2 42418  98.7407 136.4294 0011516  61.2644 298.9687 14.17321745360667
NOAA 16 DEB
1 42418U 00055TN  23063.63875136  .00007371  00000-0  36612-2 0  9990
2 42418  98.7406 136.9155 0011441  59.8452 300.3855 14.17329791360736
NOAA 16 DEB
1 42418U 00055TN  23064.90945010  .00007757  00000-0  38501-2 0  9997
2 42418  98.7405 138.1651 0011279  56.0344 304.1902 14.17348448360913
NOAA 16 DEB
1 42418U 00055TN  23064.90945010  .00007757  00000-0  38501-2 0  9997
2 42418  98.7405 138.1651 0011279  56.0344 304.1902 14.17348448360913
NOAA 16 DEB
1 42418U 00055TN  23066.67428324  .00008893  00000-0  44080-2 0  9998
2 42418  98.7403 139.9006 0011226  51.0929 309.1245 14.17376139361161
NOAA 16 DEB
1 42418U 00055TN  23067.66257368  .00008591  00000-0  42581-2 0  9995
2 42418  98.7399 140.8725 0011152  48.1850 312.0275 14.17391129361300
NOAA 16 DEB
1 42418U 00055TN  23067.66257368  .00008591  00000-0  42581-2 0  9995
2 42418  98.7399 140.8725 0011152  48.1850 312.0275 14.17391129361300
NOAA 16 DEB
1 42418U 00055TN  23068.65084888  .00008414  00000-0  41699-2 0  9993
2 42418  98.7394 141.8446 0010927  44.6982 315.5072 14.17407317361447
NOAA 16 DEB
1 42418U 00055TN  23069.42734617  .00008976  00000-0  44457-2 0  9999
2 42418  98.7391 142.6084 0010842  42.4436 317.7575 14.17420362361556
NOAA 16 DEB
1 42418U 00055TN  23073.16856388  .00005121  00000-0  25446-2 0  9991
2 42418  98.7398 146.2892 0010454  30.2137 329.9639 14.17467173362088
NOAA 16 DEB
1 42418U 00055TN  23073.16856388  .00005121  00000-0  25446-2 0  9991
2 42418  98.7398 146.2892 0010454  30.2137 329.9639 14.17467173362088
NOAA 16 DEB
1 42418U 00055TN  23074.15679042  .00006313  00000-0  31306-2 0  9997
2 42418  98.7398 147.2614 0010348  26.9643 333.2068 14.17480009362220
NOAA 16 DEB
1 42418U 00055TN  23075.14500856  .00007030  00000-0  34825-2 0  9999
2 42418  98.7395 148.2335 0010216  23.1053 337.0580 14.17493387362365
NOAA 16 DEB
1 42418U 00055TN  23075.14500856  .00007030  00000-0  34825-2 0  9999
2 42418  98.7395 148.2335 0010216  23.1053 337.0580 14.17493387362365
NOAA 16 DEB
1 42418U 00055TN  23076.13321803  .00005231  00000-0  25974-2 0  9998
2 42418  98.7397 149.2057 0010109  19.6951 340.4613 14.17502840362503
NOAA 16 DEB
1 42418U 00055TN  23076.90966346  .00004606  00000-0  22894-2 0  9993
2 42418  98.7398 149.9695 0010039  17.0248 343.1262 14.17509940362612
NOAA 16 DEB
1 42418U 00055TN  23076.90966346  .00004606  00000-0  22894-2 0  9993
2 42418  98.7398 149.9695 0010039  17.0248 343.1262 14.17509940362612
NOAA 16 DEB
1 42418U 00055TN  23080.15658388  .00004231  00000-0  21037-2 0  9991
2 42418  98.7389 153.1620 0009770   7.3833 352.7484 14.17535985363070
NOAA 16 DEB
1 42418U 00055TN  23080.15658388  .00004231  00000-0  21037-2 0  9991
2 42418  98.7389 153.1620 0009770   7.3833 352.7484 14.17535985363070
NOAA 16 DEB
1 42418U 00055TN  23081.14476353  .00004472  00000-0  22221-2 0  9994
2 42418  98.7386 154.1339 0009688   3.8693 356.2555 14.17545244363211
NOAA 16 DEB
1 42418U 00055TN  23085.16797266  .00005475  00000-0  27124-2 0  9990
2 42418  98.7382 158.0925 0009451 348.3523  11.7432 14.17600162363788
NOAA 16 DEB
1 42418U 00055TN  23085.16797266  .00005475  00000-0  27124-2 0  9990
2 42418  98.7382 158.0925 0009451 348.3523  11.7432 14.17600162363788
NOAA 16 DEB
1 42418U 00055TN  23086.65017292  .00004509  00000-0  22376-2 0  9990
2 42418  98.7355 159.5456 0009587 346.0137  14.0771 14.17614225363999
NOAA 16 DEB
1 42418U 00055TN  23086.93249577  .00004668  00000-0  23153-2 0  9994
2 42418  98.7355 159.8227 0009598 345.7287  14.3615 14.17616567364039
NOAA 16 DEB
1 42418U 00055TN  23086.93249577  .00004668  00000-0  23153-2 0  9994
2 42418  98.7355 159.8227 0009598 345.7287  14.3615 14.17616567364039
NOAA 16 DEB
1 42418U 00055TN  23088.90873569  .00005994  00000-0  29653-2 0  9991
2 42418  98.7356 161.7664 0009521 339.3051  20.7738 14.17638471364317
NOAA 16 DEB
1 42418U 00055TN  23088.90873569  .00005994  00000-0  29653-2 0  9991
2 42418  98.7356 161.7664 0009521 339.3051  20.7738 14.17638471364317
NOAA 16 DEB
1 42418U 00055TN  23091.16724839  .00005892  00000-0  29135-2 0  9990
2 42418  98.7347 163.9881 0009434 328.8687  31.1928 14.17667628364631
NOAA 16 DEB
1 42418U 00055TN  23091.16724839  .00005892  00000-0  29135-2 0  9990
2 42418  98.7347 163.9881 0009434 328.8687  31.1928 14.17667628364631
NOAA 16 DEB
1 42418U 00055TN  23091.66129330  .00005154  00000-0  25512-2 0  9996
2 42418  98.7384 164.4781 0009472 325.3500  34.7057 14.17671643364707
NOAA 16 DEB
1 42418U 00055TN  23091.94360383  .00005321  00000-0  26332-2 0  9999
2 42418  98.7382 164.7558 0009470 324.2724  35.7817 14.17675097364740
NOAA 16 DEB
1 42418U 00055TN  23092.64937813  .00005020  00000-0  24850-2 0  9994
2 42418  98.7382 165.4501 0009492 321.5503  38.4995 14.17681915364849
NOAA 16 DEB
1 42418U 00055TN  23093.63745713  .00004654  00000-0  23054-2 0  9997
2 42418  98.7376 166.4215 0009525 317.6778  42.3661 14.17690500364981
NOAA 16 DEB
1 42418U 00055TN  23093.63745713  .00004654  00000-0  23054-2 0  9997
2 42418  98.7376 166.4215 0009525 317.6778  42.3661 14.17690500364981
NOAA 16 DEB
1 42418U 00055TN  23093.91976398  .00004944  00000-0  24472-2 0  9990
2 42418  98.7374 166.6994 0009503 316.6420  43.4007 14.17693863365021
NOAA 16 DEB
1 42418U 00055TN  23097.16625558  .00004077  00000-0  20208-2 0  9990
2 42418  98.7366 169.8929 0009638 304.8713  55.1556 14.17723329365488
NOAA 16 DEB
1 42418U 00055TN  23097.16625558  .00004077  00000-0  20208-2 0  9990
2 42418  98.7366 169.8929 0009638 304.8713  55.1556 14.17723329365488
NOAA 16 DEB
1 42418U 00055TN  23098.15430639  .00003830  00000-0  18995-2 0  9990
2 42418  98.7358 170.8646 0009643 301.9041  58.1196 14.17730837365626
NOAA 16 DEB
1 42418U 00055TN  23098.64832984  .00003865  00000-0  19167-2 0  9993
2 42418  98.7353 171.3503 0009681 300.1471  59.8745 14.17734545365694
NOAA 16 DEB
1 42418U 00055TN  23100.90670444  .00004329  00000-0  21435-2 0  9994
2 42418  98.7353 173.5722 0009815 292.2557  67.7577 14.17753676366010
NOAA 16 DEB
1 42418U 00055TN  23101.96530779  .00004120  00000-0  20408-2 0  9995
2 42418  98.7354 174.6139 0009814 288.7930  71.2180 14.17762041366161
NOAA 16 DEB
1 42418U 00055TN  23102.67103905  .00003763  00000-0  18657-2 0  9996
2 42418  98.7354 175.3083 0009852 286.4042  73.6050 14.17767631366261
NOAA 16 DEB
1 42418U 00055TN  23103.94134708  .00004057  00000-0  20091-2 0  9994
2 42418  98.7357 176.5582 0010063 281.6930  78.3116 14.17779194366442
NOAA 16 DEB
1 42418U 00055TN  23103.94134708  .00004057  00000-0  20091-2 0  9994
2 42418  98.7357 176.5582 0010063 281.6930  78.3116 14.17779194366442
NOAA 16 DEB
1 42418U 00055TN  23104.92935838  .00005007  00000-0  24736-2 0  9992
2 42418  98.7363 177.5304 0010050 278.6490  81.3547 14.17789987366583
NOAA 16 DEB
1 42418U 00055TN  23104.92935838  .00005007  00000-0  24736-2 0  9992
2 42418  98.7363 177.5304 0010050 278.6490  81.3547 14.17789987366583
NOAA 16 DEB
1 42418U 00055TN  23110.15157073  .00004915  00000-0  24256-2 0  9995
2 42418  98.7351 182.6671 0010712 261.3267  98.6695 14.17847705367321
NOAA 16 DEB
1 42418U 00055TN  23110.15157073  .00004915  00000-0  24256-2 0  9995
2 42418  98.7351 182.6671 0010712 261.3267  98.6695 14.17847705367321
NOAA 16 DEB
1 42418U 00055TN  23114.17394952  .00020777  00000-0  10148-1 0  9998
2 42418  98.7350 186.6248 0011641 248.9244 111.0687 14.17920287367892
NOAA 16 DEB
1 42418U 00055TN  23115.93810599  .00004222  00000-0  20846-2 0  9997
2 42418  98.7338 188.3626 0011041 243.3099 116.6946 14.17912128368141
NOAA 16 DEB
1 42418U 00055TN  23116.64376290  .00003462  00000-0  17132-2 0  9990
2 42418  98.7358 189.0585 0011159 241.2318 118.7737 14.17917645368247
NOAA 16 DEB
1 42418U 00055TN  23117.13771849  .00003712  00000-0  18346-2 0  9990
2 42418  98.7364 189.5418 0011845 240.2464 119.7533 14.17922407368312
NOAA 16 DEB
1 42418U 00055TN  23118.47845532  .00004166  00000-0  20560-2 0  9994
2 42418  98.7353 190.8609 0011713 235.9182 124.0882 14.17934813368500
NOAA 16 DEB
1 42418U 00055TN  23118.47845532  .00004166  00000-0  20560-2 0  9994
2 42418  98.7353 190.8609 0011713 235.9182 124.0882 14.17934813368500
NOAA 16 DEB
1 42418U 00055TN  23122.64173004  .00003954  00000-0  19513-2 0  9996
2 42418  98.7357 194.9575 0012255 223.9509 136.0693 14.17967045369094
NOAA 16 DEB
1 42418U 00055TN  23122.64173004  .00003954  00000-0  19513-2 0  9996
2 42418  98.7357 194.9575 0012255 223.9509 136.0693 14.17967045369094
NOAA 16 DEB
1 42418U 00055TN  23123.13567181  .00003975  00000-0  19612-2 0  9997
2 42418  98.7354 195.4430 0012249 222.5136 137.5092 14.17971033369160
NOAA 16 DEB
1 42418U 00055TN  23124.89974586  .00003692  00000-0  18226-2 0  9998
2 42418  98.7346 197.1781 0012939 218.5266 141.4986 14.17981727369419
NOAA 16 DEB
1 42418U 00055TN  23124.89974586  .00003692  00000-0  18226-2 0  9998
2 42418  98.7346 197.1781 0012939 218.5266 141.4986 14.17981727369419
NOAA 16 DEB
1 42418U 00055TN  23127.15772922  .00004661  00000-0  22942-2 0  9997
2 42418  98.7337 199.3991 0012917 211.7800 148.2596 14.18003380369739
NOAA 16 DEB
1 42418U 00055TN  23127.93390340  .00005223  00000-0  25676-2 0  9995
2 42418  98.7335 200.1628 0013021 209.7135 150.3302 14.18011163369849
NOAA 16 DEB
1 42418U 00055TN  23129.90960156  .00004778  00000-0  23501-2 0  9991
2 42418  98.7328 202.1067 0013210 204.4174 155.6377 14.18028433370126
NOAA 16 DEB
1 42418U 00055TN  23141.97496416  .00004573  00000-0  22456-2 0  9996
2 42418  98.7338 213.9809 0014347 173.5494 186.5868 14.18127040371835
NOAA 16 DEB
1 42418U 00055TN  23141.97496416  .00004573  00000-0  22456-2 0  9996
2 42418  98.7338 213.9809 0014347 173.5494 186.5868 14.18127040371835
NOAA 16 DEB
1 42418U 00055TN  23147.90152370  .00002795  00000-0  13802-2 0  9992
2 42418  98.7312 219.8122 0014669 156.4297 203.7553 14.18166051372679
NOAA 16 DEB
1 42418U 00055TN  23147.90152370  .00002795  00000-0  13802-2 0  9992
2 42418  98.7312 219.8122 0014669 156.4297 203.7553 14.18166051372679
NOAA 16 DEB
1 42418U 00055TN  23151.14694945  .00003248  00000-0  15992-2 0  9998
2 42418  98.7340 223.0071 0014932 151.5318 208.6676 14.18187570373134
NOAA 16 DEB
1 42418U 00055TN  23151.14694945  .00003248  00000-0  15992-2 0  9998
2 42418  98.7340 223.0071 0014932 151.5318 208.6676 14.18187570373134
NOAA 16 DEB
1 42418U 00055TN  23157.14380075  .00003639  00000-0  17876-2 0  9997
2 42418  98.7337 228.9093 0015069 137.5118 222.7227 14.18230384373986
NOAA 16 DEB
1 42418U 00055TN  23157.70819870  .00003884  00000-0  19066-2 0  9994
2 42418  98.7339 229.4650 0015022 136.5344 223.7019 14.18235708374067
NOAA 16 DEB
1 42418U 00055TN  23158.13149845  .00003885  00000-0  19069-2 0  9994
2 42418  98.7348 229.8831 0015108 135.2525 224.9872 14.18238418374122
NOAA 16 DEB
1 42418U 00055TN  23161.16511258  .00003535  00000-0  17366-2 0  9992
2 42418  98.7347 232.8697 0015075 128.0517 232.2021 14.18260831374558
NOAA 16 DEB
1 42418U 00055TN  23161.16511258  .00003535  00000-0  17366-2 0  9992
2 42418  98.7347 232.8697 0015075 128.0517 232.2021 14.18260831374558
NOAA 16 DEB
1 42418U 00055TN  23161.65895249  .00003467  00000-0  17031-2 0  9994
2 42418  98.7341 233.3549 0015092 126.6725 233.5840 14.18264216374620
NOAA 16 DEB
1 42418U 00055TN  23162.15279075  .00003784  00000-0  18570-2 0  9994
2 42418  98.7342 233.8411 0015071 125.5406 234.7177 14.18268448374699
NOAA 16 DEB
1 42418U 00055TN  23162.15279075  .00003784  00000-0  18570-2 0  9994
2 42418  98.7342 233.8411 0015071 125.5406 234.7177 14.18268448374699
NOAA 16 DEB
1 42418U 00055TN  23168.14928791  .00004149  00000-0  20322-2 0  9999
2 42418  98.7331 239.7422 0014777 111.1039 249.1718 14.18316945375541
NOAA 16 DEB
1 42418U 00055TN  23168.14928791  .00004149  00000-0  20322-2 0  9999
2 42418  98.7331 239.7422 0014777 111.1039 249.1718 14.18316945375541
NOAA 16 DEB
1 42418U 00055TN  23168.64312093  .00003849  00000-0  18868-2 0  9994
2 42418  98.7340 240.2290 0014836 109.6126 250.6652 14.18316581375614
NOAA 16 DEB
1 42418U 00055TN  23168.64312093  .00003849  00000-0  18868-2 0  9994
2 42418  98.7340 240.2290 0014836 109.6126 250.6652 14.18316581375614
NOAA 16 DEB
1 42418U 00055TN  23169.13694081  .00003828  00000-0  18763-2 0  9990
2 42418  98.7347 240.7162 0014795 108.6081 251.6703 14.18320446375687
NOAA 16 DEB
1 42418U 00055TN  23170.90057156  .00003808  00000-0  18662-2 0  9999
2 42418  98.7344 242.4525 0014700 104.3141 255.9667 14.18334627375932
NOAA 16 DEB
1 42418U 00055TN  23170.90057156  .00003808  00000-0  18662-2 0  9999
2 42418  98.7344 242.4525 0014700 104.3141 255.9667 14.18334627375932
NOAA 16 DEB
1 42418U 00055TN  23172.45255294  .00003833  00000-0  18781-2 0  9994
2 42418  98.7347 243.9806 0014544 100.7677 259.5137 14.18346653376152
NOAA 16 DEB
1 42418U 00055TN  23173.15799616  .00003573  00000-0  17519-2 0  9992
2 42418  98.7343 244.6752 0014473  99.1122 261.1691 14.18350759376250
NOAA 16 DEB
1 42418U 00055TN  23175.13321819  .00004320  00000-0  21128-2 0  9990
2 42418  98.7343 246.6198 0014299  94.3007 265.9803 14.18368058376530
NOAA 16 DEB
1 42418U 00055TN  23178.16654567  .00003597  00000-0  17625-2 0  9997
2 42418  98.7344 249.6060 0013970  86.8873 273.3901 14.18393991376967
NOAA 16 DEB
1 42418U 00055TN  23183.45712292  .00002350  00000-0  11583-2 0  9998
2 42418  98.7351 254.8147 0013436  73.3675 286.8974 14.18426248377712
NOAA 16 DEB
1 42418U 00055TN  23185.64386159  .00002931  00000-0  14388-2 0  9991
2 42418  98.7353 256.9687 0013209  67.6443 292.6131 14.18439110378020
NOAA 16 DEB
1 42418U 00055TN  23189.17081864  .00003445  00000-0  16870-2 0  9997
2 42418  98.7348 260.4418 0012817  58.2338 302.0084 14.18460883378528
NOAA 16 DEB
1 42418U 00055TN  23190.15835694  .00002903  00000-0  14248-2 0  9990
2 42418  98.7348 261.4144 0012650  55.5353 304.7016 14.18465578378662
NOAA 16 DEB
1 42418U 00055TN  23194.67276609  .00003336  00000-0  16336-2 0  9997
2 42418  98.7356 265.8596 0012026  42.7709 317.4400 14.18493587379301
NOAA 16 DEB
1 42418U 00055TN  23196.15403673  .00003769  00000-0  18421-2 0  9992
2 42418  98.7356 267.3178 0011834  38.3207 321.8807 14.18504767379510
NOAA 16 DEB
1 42418U 00055TN  23201.65580017  .00003538  00000-0  17293-2 0  9992
2 42418  98.7357 272.7359 0011220  22.4941 337.6725 14.18543008380292
NOAA 16 DEB
1 42418U 00055TN  23201.65580017  .00003538  00000-0  17293-2 0  9992
2 42418  98.7357 272.7359 0011220  22.4941 337.6725 14.18543008380292
NOAA 16 DEB
1 42418U 00055TN  23206.16995396  .00003219  00000-0  15746-2 0  9990
2 42418  98.7348 277.1822 0010641   7.1717 352.9609 14.18574044380939
NOAA 16 DEB
1 42418U 00055TN  23206.66368315  .00003180  00000-0  15558-2 0  9998
2 42418  98.7339 277.6667 0010666   6.2108 353.9198 14.18577655381006
NOAA 16 DEB
1 42418U 00055TN  23211.67144103  .00003279  00000-0  16024-2 0  9990
2 42418  98.7342 282.5976 0010157 349.0419  11.0533 14.18613173381715
NOAA 16 DEB
1 42418U 00055TN  23218.16017872  .00003464  00000-0  16905-2 0  9997
2 42418  98.7353 288.9917 0009939 324.6726  35.3790 14.18660936382633
NOAA 16 DEB
1 42418U 00055TN  23223.44975261  .00002934  00000-0  14342-2 0  9993
2 42418  98.7355 294.2014 0009895 305.8799  54.1457 14.18697075383381
NOAA 16 DEB
1 42418U 00055TN  23228.66867560  .00003258  00000-0  15890-2 0  9993
2 42418  98.7353 299.3423 0010183 287.0591  72.9469 14.18730698384125
NOAA 16 DEB
1 42418U 00055TN  23231.13704234  .00003538  00000-0  17231-2 0  9999
2 42418  98.7337 301.7727 0010330 278.9673  81.0334 14.18748116384470
NOAA 16 DEB
1 42418U 00055TN  23235.15689014  .00002956  00000-0  14422-2 0  9995
2 42418  98.7337 305.7327 0010736 265.4391  94.5558 14.18774231385046
NOAA 16 DEB
1 42418U 00055TN  23235.15689014  .00002956  00000-0  14422-2 0  9995
2 42418  98.7337 305.7327 0010736 265.4391  94.5558 14.18774231385046
NOAA 16 DEB
1 42418U 00055TN  23240.16397010  .00002995  00000-0  14600-2 0  9995
2 42418  98.7340 310.6638 0011322 249.7206 110.2753 14.18805650385753
NOAA 16 DEB
1 42418U 00055TN  23240.65761994  .00002940  00000-0  14335-2 0  9990
2 42418  98.7340 311.1499 0011373 248.1595 111.8371 14.18808608385821
NOAA 16 DEB
1 42418U 00055TN  23241.15126907  .00002903  00000-0  14157-2 0  9996
2 42418  98.7338 311.6359 0011363 246.7100 113.2880 14.18811471385893
NOAA 16 DEB
1 42418U 00055TN  23242.13856388  .00002986  00000-0  14554-2 0  9990
2 42418  98.7339 312.6090 0011501 243.6901 116.3094 14.18817596386038
NOAA 16 DEB
1 42418U 00055TN  23246.15822059  .00003945  00000-0  19146-2 0  9992
2 42418  98.7327 316.5681 0012059 231.7553 128.2538 14.18845548386600
NOAA 16 DEB
1 42418U 00055TN  23246.15822059  .00003945  00000-0  19146-2 0  9992
2 42418  98.7327 316.5681 0012059 231.7553 128.2538 14.18845548386600
NOAA 16 DEB
1 42418U 00055TN  23247.14549297  .00003540  00000-0  17204-2 0  9996
2 42418  98.7327 317.5408 0012182 228.9867 131.0256 14.18851116386743
NOAA 16 DEB
1 42418U 00055TN  23248.13276117  .00003221  00000-0  15668-2 0  9992
2 42418  98.7315 318.5121 0012293 226.0971 133.9191 14.18856750386884
NOAA 16 DEB
1 42418U 00055TN  23248.13276117  .00003221  00000-0  15668-2 0  9992
2 42418  98.7315 318.5121 0012293 226.0971 133.9191 14.18856750386884
NOAA 16 DEB
1 42418U 00055TN  23251.16505718  .00003354  00000-0  16303-2 0  9995
2 42418  98.7320 321.4988 0012709 217.9599 142.0682 14.18876692387313
NOAA 16 DEB
1 42418U 00055TN  23251.16505718  .00003354  00000-0  16303-2 0  9995
2 42418  98.7320 321.4988 0012709 217.9599 142.0682 14.18876692387313
NOAA 16 DEB
1 42418U 00055TN  23252.15230826  .00003232  00000-0  15716-2 0  9992
2 42418  98.7324 322.4717 0012825 215.4028 144.6298 14.18882351387452
NOAA 16 DEB
1 42418U 00055TN  23253.13955454  .00003481  00000-0  16908-2 0  9992
2 42418  98.7325 323.4443 0012959 213.0130 147.0237 14.18889357387594
NOAA 16 DEB
1 42418U 00055TN  23253.63317610  .00003622  00000-0  17578-2 0  9994
2 42418  98.7323 323.9300 0013012 211.7274 148.3119 14.18892913387667
NOAA 16 DEB
1 42418U 00055TN  23253.63317610  .00003622  00000-0  17578-2 0  9994
2 42418  98.7323 323.9300 0013012 211.7274 148.3119 14.18892913387667
NOAA 16 DEB
1 42418U 00055TN  23257.15900235  .00004734  00000-0  22896-2 0  9990
2 42418  98.7322 327.4030 0013329 202.4417 157.6177 14.18923999388164
NOAA 16 DEB
1 42418U 00055TN  23257.15900235  .00004734  00000-0  22896-2 0  9990
2 42418  98.7322 327.4030 0013329 202.4417 157.6177 14.18923999388164
NOAA 16 DEB
1 42418U 00055TN  23257.65261158  .00004612  00000-0  22310-2 0  9995
2 42418  98.7325 327.8896 0013401 201.3235 158.7383 14.18928303388231
NOAA 16 DEB
1 42418U 00055TN  23257.93467343  .00004078  00000-0  19751-2 0  9991
2 42418  98.7322 328.1672 0013427 200.4759 159.5880 14.18929517388276
NOAA 16 DEB
1 42418U 00055TN  23257.93467343  .00004078  00000-0  19751-2 0  9991
2 42418  98.7322 328.1672 0013427 200.4759 159.5880 14.18929517388276
NOAA 16 DEB
1 42418U 00055TN  23262.65913931  .00005257  00000-0  25375-2 0  9994
2 42418  98.7313 332.8213 0013817 188.6642 171.4298 14.18973215388944
NOAA 16 DEB
1 42418U 00055TN  23263.15273067  .00005459  00000-0  26336-2 0  9991
2 42418  98.7306 333.3070 0013850 187.4830 172.6141 14.18979039389015
NOAA 16 DEB
1 42418U 00055TN  23264.63349527  .00004475  00000-0  21626-2 0  9994
2 42418  98.7322 334.7669 0013960 184.1310 175.9752 14.18992687389222
NOAA 16 DEB
1 42418U 00055TN  23264.63349527  .00004475  00000-0  21626-2 0  9994
2 42418  98.7322 334.7669 0013960 184.1310 175.9752 14.18992687389222
NOAA 16 DEB
1 42418U 00055TN  23268.44110829  .00007716  00000-0  37086-2 0  9996
2 42418  98.7324 338.5168 0014119 174.2686 185.8654 14.19037585389761
NOAA 16 DEB
1 42418U 00055TN  23268.44110829  .00007716  00000-0  37086-2 0  9996
2 42418  98.7324 338.5168 0014119 174.2686 185.8654 14.19037585389761
NOAA 16 DEB
1 42418U 00055TN  23269.14621163  .00005646  00000-0  27201-2 0  9990
2 42418  98.7338 339.2118 0014123 172.9475 187.1902 14.19039375389866
NOAA 16 DEB
1 42418U 00055TN  23269.63977958  .00006318  00000-0  30406-2 0  9998
2 42418  98.7332 339.6978 0014167 171.5781 188.5636 14.19047166389935
NOAA 16 DEB
1 42418U 00055TN  23270.13334536  .00006054  00000-0  29138-2 0  9991
2 42418  98.7326 340.1836 0014210 170.4242 189.7207 14.19053164390009
NOAA 16 DEB
1 42418U 00055TN  23270.13334536  .00006054  00000-0  29138-2 0  9991
2 42418  98.7326 340.1836 0014210 170.4242 189.7207 14.19053164390009
NOAA 16 DEB
1 42418U 00055TN  23272.95368748  .00004675  00000-0  22541-2 0  9993
2 42418  98.7321 342.9624 0014259 163.8168 196.3466 14.19081232390407
NOAA 16 DEB
1 42418U 00055TN  23272.95368748  .00004675  00000-0  22541-2 0  9993
2 42418  98.7321 342.9624 0014259 163.8168 196.3466 14.19081232390407
NOAA 16 DEB
1 42418U 00055TN  23274.64586645  .00005517  00000-0  26551-2 0  9990
2 42418  98.7305 344.6289 0014311 158.5697 201.6081 14.19100240390642
NOAA 16 DEB
1 42418U 00055TN  23275.13941292  .00005727  00000-0  27552-2 0  9993
2 42418  98.7307 345.1152 0014277 158.5207 201.6570 14.19106445390711
NOAA 16 DEB
1 42418U 00055TN  23275.13941292  .00005727  00000-0  27552-2 0  9993
2 42418  98.7307 345.1152 0014277 158.5207 201.6570 14.19106445390711
NOAA 16 DEB
1 42418U 00055TN  23278.45317965  .00006898  00000-0  33107-2 0  9998
2 42418  98.7298 348.3788 0014286 150.4671 209.7314 14.19147819391183
NOAA 16 DEB
1 42418U 00055TN  23278.45317965  .00006898  00000-0  33107-2 0  9998
2 42418  98.7298 348.3788 0014286 150.4671 209.7314 14.19147819391183
NOAA 16 DEB
1 42418U 00055TN  23279.15822337  .00006519  00000-0  31300-2 0  9993
2 42418  98.7297 349.0733 0014230 148.9378 211.2642 14.19156593391287
NOAA 16 DEB
1 42418U 00055TN  23281.13232134  .00006583  00000-0  31588-2 0  9993
2 42418  98.7293 351.0177 0014069 144.7673 215.4435 14.19182219391561
NOAA 16 DEB
1 42418U 00055TN  23281.13232134  .00006583  00000-0  31588-2 0  9993
2 42418  98.7293 351.0177 0014069 144.7673 215.4435 14.19182219391561
NOAA 16 DEB
1 42418U 00055TN  23285.64440503  .00006442  00000-0  30881-2 0  9993
2 42418  98.7300 355.4631 0013853 133.5974 226.6354 14.19242908392201
NOAA 16 DEB
1 42418U 00055TN  23285.64440503  .00006442  00000-0  30881-2 0  9993
2 42418  98.7300 355.4631 0013853 133.5974 226.6354 14.19242908392201
NOAA 16 DEB
1 42418U 00055TN  23286.13790347  .00006715  00000-0  32179-2 0  9997
2 42418  98.7305 355.9501 0013888 132.0430 228.1930 14.19249413392278
NOAA 16 DEB
1 42418U 00055TN  23289.16933545  .00005132  00000-0  24628-2 0  9994
2 42418  98.7318 358.9389 0013439 125.1653 235.0784 14.19287825392702
NOAA 16 DEB
1 42418U 00055TN  23289.16933545  .00005132  00000-0  24628-2 0  9994
2 42418  98.7318 358.9389 0013439 125.1653 235.0784 14.19287825392702
NOAA 16 DEB
1 42418U 00055TN  23289.66281824  .00004953  00000-0  23775-2 0  9997
2 42418  98.7293 359.4233 0013712 123.0131 237.2364 14.19292640392776
NOAA 16 DEB
1 42418U 00055TN  23290.15629885  .00004577  00000-0  21985-2 0  9999
2 42418  98.7277 359.9088 0013550 122.1408 238.1085 14.19296560392841
NOAA 16 DEB
1 42418U 00055TN  23290.93176518  .00005119  00000-0  24559-2 0  9998
2 42418  98.7280   0.6729 0013416 120.4099 239.8405 14.19304661392953
NOAA 16 DEB
1 42418U 00055TN  23291.63673182  .00005350  00000-0  25656-2 0  9991
2 42418  98.7273   1.3670 0013390 118.5284 241.7241 14.19311437393054
NOAA 16 DEB
1 42418U 00055TN  23291.63673182  .00005350  00000-0  25656-2 0  9991
2 42418  98.7273   1.3670 0013390 118.5284 241.7241 14.19311437393054
NOAA 16 DEB
1 42418U 00055TN  23294.45655806  .00005710  00000-0  27352-2 0  9992
2 42418  98.7283   4.1452 0013286 110.9783 249.2816 14.19343010393455
NOAA 16 DEB
1 42418U 00055TN  23294.45655806  .00005710  00000-0  27352-2 0  9992
2 42418  98.7283   4.1452 0013286 110.9783 249.2816 14.19343010393455
NOAA 16 DEB
1 42418U 00055TN  23295.16150488  .00004246  00000-0  20392-2 0  9997
2 42418  98.7284   4.8396 0013260 109.1293 251.1320 14.19347957393555
NOAA 16 DEB
1 42418U 00055TN  23295.93694220  .00004821  00000-0  23120-2 0  9990
2 42418  98.7288   5.6035 0013246 107.0086 253.2542 14.19356951393664
NOAA 16 DEB
1 42418U 00055TN  23297.13533819  .00004239  00000-0  20352-2 0  9997
2 42418  98.7296   6.7849 0013083 103.9386 256.3246 14.19366708393830
NOAA 16 DEB
1 42418U 00055TN  23297.13533819  .00004239  00000-0  20352-2 0  9997
2 42418  98.7296   6.7849 0013083 103.9386 256.3246 14.19366708393830
NOAA 16 DEB
1 42418U 00055TN  23300.16654154  .00004981  00000-0  23868-2 0  9990
2 42418  98.7288   9.7708 0012871  95.8833 264.3810 14.19391795394266
NOAA 16 DEB
1 42418U 00055TN  23300.16654154  .00004981  00000-0  23868-2 0  9990
2 42418  98.7288   9.7708 0012871  95.8833 264.3810 14.19391795394266
NOAA 16 DEB
1 42418U 00055TN  23300.65998781  .00004464  00000-0  21412-2 0  9990
2 42418  98.7293  10.2576 0012740  94.5393 265.7239 14.19395147394337
NOAA 16 DEB
1 42418U 00055TN  23302.14031596  .00005349  00000-0  25606-2 0  9990
2 42418  98.7286  11.7161 0012590  90.5513 269.7106 14.19411398394545
NOAA 16 DEB
1 42418U 00055TN  23305.17140734  .00004610  00000-0  22083-2 0  9997
2 42418  98.7278  14.7030 0012176  82.1643 278.0915 14.19443753394973
NOAA 16 DEB
1 42418U 00055TN  23305.17140734  .00004610  00000-0  22083-2 0  9997
2 42418  98.7278  14.7030 0012176  82.1643 278.0915 14.19443753394973
NOAA 16 DEB
1 42418U 00055TN  23305.66483496  .00004218  00000-0  20224-2 0  9995
2 42418  98.7279  15.1895 0012114  80.8438 279.4108 14.19447635395048
NOAA 16 DEB
1 42418U 00055TN  23306.44021786  .00004588  00000-0  21977-2 0  9998
2 42418  98.7273  15.9534 0012044  78.4761 281.7766 14.19455782395154
NOAA 16 DEB
1 42418U 00055TN  23306.93364118  .00004555  00000-0  21818-2 0  9999
2 42418  98.7274  16.4395 0011986  77.0865 283.1650 14.19460307395225
NOAA 16 DEB
1 42418U 00055TN  23307.42706289  .00004701  00000-0  22509-2 0  9994
2 42418  98.7279  16.9260 0011964  75.6745 284.5758 14.19465338395293
NOAA 16 DEB
1 42418U 00055TN  23307.42706289  .00004701  00000-0  22509-2 0  9994
2 42418  98.7279  16.9260 0011964  75.6745 284.5758 14.19465338395293
NOAA 16 DEB
1 42418U 00055TN  23308.13194777  .00005079  00000-0  24298-2 0  9992
2 42418  98.7279  17.6205 0011871  73.6373 286.6108 14.19473197395397
NOAA 16 DEB
1 42418U 00055TN  23310.17608015  .00013140  00000-0  62406-2 0  9995
2 42418  98.7268  19.6340 0011649  67.4447 292.7961 14.19519676395683
NOAA 16 DEB
1 42418U 00055TN  23310.17608015  .00013140  00000-0  62406-2 0  9995
2 42418  98.7268  19.6340 0011649  67.4447 292.7961 14.19519676395683
NOAA 16 DEB
1 42418U 00055TN  23312.14966396  .00006760  00000-0  32215-2 0  9998
2 42418  98.7322  21.5823 0011795  62.9480 297.2898 14.19551840395960
NOAA 16 DEB
1 42418U 00055TN  23312.14966396  .00006760  00000-0  32215-2 0  9998
2 42418  98.7322  21.5823 0011795  62.9480 297.2898 14.19551840395960
NOAA 16 DEB
1 42418U 00055TN  23313.13644107  .00006260  00000-0  29845-2 0  9991
2 42418  98.7342  22.5569 0011741  60.2839 299.9504 14.19563890396108
NOAA 16 DEB
1 42418U 00055TN  23314.47562598  .00005642  00000-0  26911-2 0  9996
2 42418  98.7293  23.8727 0011565  56.0294 304.1979 14.19579052396297
NOAA 16 DEB
1 42418U 00055TN  23314.47562598  .00005642  00000-0  26911-2 0  9996
2 42418  98.7293  23.8727 0011565  56.0294 304.1979 14.19579052396297
NOAA 16 DEB
1 42418U 00055TN  23316.44914149  .00003953  00000-0  18920-2 0  9992
2 42418  98.7299  25.8173 0011033  48.5561 311.6561 14.19593800396571
NOAA 16 DEB
1 42418U 00055TN  23316.44914149  .00003953  00000-0  18920-2 0  9992
2 42418  98.7299  25.8173 0011033  48.5561 311.6561 14.19593800396571
NOAA 16 DEB
1 42418U 00055TN  23317.43589061  .00004886  00000-0  23326-2 0  9995
2 42418  98.7280  26.7897 0010837  44.8030 315.4019 14.19602800396712
NOAA 16 DEB
1 42418U 00055TN  23317.43589061  .00004886  00000-0  23326-2 0  9995
2 42418  98.7280  26.7897 0010837  44.8030 315.4019 14.19602800396712
NOAA 16 DEB
1 42418U 00055TN  23322.15811507  .00002753  00000-0  13229-2 0  9995
2 42418  98.7273  31.4437 0010452  28.7658 331.4093 14.19635647397386
NOAA 16 DEB
1 42418U 00055TN  23322.44003608  .00002800  00000-0  13451-2 0  9992
2 42418  98.7269  31.7210 0010454  28.0674 332.1063 14.19636965397420
NOAA 16 DEB
1 42418U 00055TN  23322.93339635  .00002620  00000-0  12601-2 0  9994
2 42418  98.7270  32.2071 0010446  27.0847 333.0872 14.19639442397493
NOAA 16 DEB
1 42418U 00055TN  23323.14483628  .00002625  00000-0  12625-2 0  9991
2 42418  98.7269  32.4154 0010434  26.3493 333.8212 14.19640664397529
NOAA 16 DEB
1 42418U 00055TN  23323.92011431  .00002775  00000-0  13330-2 0  9996
2 42418  98.7270  33.1794 0010387  23.6971 336.4681 14.19645228397639
NOAA 16 DEB
1 42418U 00055TN  23327.16214741  .00005977  00000-0  28447-2 0  9997
2 42418  98.7279  36.3750 0010232  12.3543 347.7882 14.19678714398099
NOAA 16 DEB
1 42418U 00055TN  23327.16214741  .00005977  00000-0  28447-2 0  9997
2 42418  98.7279  36.3750 0010232  12.3543 347.7882 14.19678714398099
NOAA 16 DEB
1 42418U 00055TN  23329.13551674  .00005898  00000-0  28062-2 0  9990
2 42418  98.7279  38.3202 0010184   6.0065 354.1231 14.19702210398378
NOAA 16 DEB
1 42418U 00055TN  23332.16596531  .00006164  00000-0  29291-2 0  9990
2 42418  98.7284  41.3087 0010124 355.8658   4.2433 14.19749514398809
NOAA 16 DEB
1 42418U 00055TN  23332.16596531  .00006164  00000-0  29291-2 0  9990
2 42418  98.7284  41.3087 0010124 355.8658   4.2433 14.19749514398809
NOAA 16 DEB
1 42418U 00055TN  23332.65928529  .00006082  00000-0  28902-2 0  9997
2 42418  98.7267  41.7935 0010155 353.9455   6.1597 14.19756559398870
NOAA 16 DEB
1 42418U 00055TN  23333.15260328  .00006228  00000-0  29586-2 0  9990
2 42418  98.7267  42.2798 0010170 352.0261   8.0752 14.19763213398942
NOAA 16 DEB
1 42418U 00055TN  23334.13923267  .00006926  00000-0  32865-2 0  9996
2 42418  98.7261  43.2520 0010175 348.7636  11.3312 14.19777457399083
NOAA 16 DEB
1 42418U 00055TN  23334.13923267  .00006926  00000-0  32865-2 0  9996
2 42418  98.7261  43.2520 0010175 348.7636  11.3312 14.19777457399083
NOAA 16 DEB
1 42418U 00055TN  23337.16952842  .00005885  00000-0  27937-2 0  9990
2 42418  98.7262  46.2394 0010283 337.9611  22.1122 14.19822315399510
NOAA 16 DEB
1 42418U 00055TN  23337.16952842  .00005885  00000-0  27937-2 0  9990
2 42418  98.7262  46.2394 0010283 337.9611  22.1122 14.19822315399510
NOAA 16 DEB
1 42418U 00055TN  23339.63598463  .00004554  00000-0  21656-2 0  9993
2 42418  98.7263  48.6699 0010771 327.4511  32.6000 14.19847820399867
NOAA 16 DEB
1 42418U 00055TN  23339.63598463  .00004554  00000-0  21656-2 0  9993
2 42418  98.7263  48.6699 0010771 327.4511  32.6000 14.19847820399867
NOAA 16 DEB
1 42418U 00055TN  23342.17288080  .00002790  00000-0  13349-2 0  9997
2 42418  98.7275  51.1721 0010480 321.2403  38.8020 14.19863631400225
NOAA 16 DEB
1 42418U 00055TN  23342.17288080  .00002790  00000-0  13349-2 0  9997
2 42418  98.7275  51.1721 0010480 321.2403  38.8020 14.19863631400225
NOAA 16 DEB
1 42418U 00055TN  23343.15944328  .00002708  00000-0  12959-2 0  9995
2 42418  98.7270  52.1441 0010445 318.3065  41.7314 14.19869293400366
NOAA 16 DEB
1 42418U 00055TN  23344.14600218  .00002597  00000-0  12438-2 0  9990
2 42418  98.7280  53.1181 0011029 313.5722  46.4537 14.19874097400508
NOAA 16 DEB
1 42418U 00055TN  23344.14600218  .00002597  00000-0  12438-2 0  9990
2 42418  98.7280  53.1181 0011029 313.5722  46.4537 14.19874097400508
NOAA 16 DEB
1 42418U 00055TN  23354.43413567  .00005065  00000-0  24012-2 0  9996
2 42418  98.7268  63.2618 0011200 282.0568  77.9353 14.19955850401963
NOAA 16 DEB
1 42418U 00055TN  23354.43413567  .00005065  00000-0  24012-2 0  9996
2 42418  98.7268  63.2618 0011200 282.0568  77.9353 14.19955850401963
NOAA 16 DEB
1 42418U 00055TN  23358.66192229  .00005898  00000-0  27894-2 0  9999
2 42418  98.7256  67.4273 0011533 269.7194  90.2661 14.20006964402561
NOAA 16 DEB
1 42418U 00055TN  23358.66192229  .00005898  00000-0  27894-2 0  9999
2 42418  98.7256  67.4273 0011533 269.7194  90.2661 14.20006964402561
NOAA 16 DEB
1 42418U 00055TN  23359.15515437  .00005850  00000-0  27668-2 0  9991
2 42418  98.7246  67.9115 0011922 268.9944  90.9866 14.20012284402630
NOAA 16 DEB
1 42418U 00055TN  23360.14161284  .00005460  00000-0  25833-2 0  9998
2 42418  98.7246  68.8854 0012004 265.6776  94.3029 14.20022621402779
NOAA 16 DEB
1 42418U 00055TN  23360.14161284  .00005460  00000-0  25833-2 0  9998
2 42418  98.7246  68.8854 0012004 265.6776  94.3029 14.20022621402779
NOAA 16 DEB
1 42418U 00055TN  23363.17140406  .00004102  00000-0  19451-2 0  9998
2 42418  98.7243  71.8739 0012158 256.6038 103.3783 14.20052617403208
NOAA 16 DEB
1 42418U 00055TN  23363.17140406  .00004102  00000-0  19451-2 0  9998
2 42418  98.7243  71.8739 0012158 256.6038 103.3783 14.20052617403208
NOAA 16 DEB
1 42418U 00055TN  23363.66462038  .00004189  00000-0  19856-2 0  9994
2 42418  98.7244  72.3606 0012225 255.0705 104.9118 14.20057239403278
NOAA 16 DEB
1 42418U 00055TN  23364.65104903  .00003902  00000-0  18508-2 0  9993
2 42418  98.7243  73.3333 0012378 252.5239 107.4585 14.20064906403419
NOAA 16 DEB
1 42418U 00055TN  23365.63747264  .00003868  00000-0  18347-2 0  9997
2 42418  98.7241  74.3057 0012445 249.6457 110.3383 14.20072537403558
NOAA 16 DEB
1 42418U 00055TN  23365.63747264  .00003868  00000-0  18347-2 0  9997
2 42418  98.7241  74.3057 0012445 249.6457 110.3383 14.20072537403558
NOAA 16 DEB
1 42418U 00055TN  24003.17396725  .00003643  00000-0  17283-2 0  9997
2 42418  98.7240  76.8068 0012672 242.7053 117.2833 14.20091355403919
NOAA 16 DEB
1 42418U 00055TN  24003.17396725  .00003643  00000-0  17283-2 0  9997
2 42418  98.7240  76.8068 0012672 242.7053 117.2833 14.20091355403919
NOAA 16 DEB
1 42418U 00055TN  24004.16037311  .00003553  00000-0  16862-2 0  9992
2 42418  98.7239  77.7794 0012775 240.2046 119.7861 14.20098371404051
NOAA 16 DEB
1 42418U 00055TN  24005.14677439  .00003272  00000-0  15542-2 0  9994
2 42418  98.7238  78.7520 0012786 237.2583 122.7362 14.20104615404196
NOAA 16 DEB
1 42418U 00055TN  24005.63997342  .00003323  00000-0  15780-2 0  9997
2 42418  98.7235  79.2380 0012814 235.9032 124.0929 14.20108036404262
NOAA 16 DEB
1 42418U 00055TN  24005.63997342  .00003323  00000-0  15780-2 0  9997
2 42418  98.7235  79.2380 0012814 235.9032 124.0929 14.20108036404262
NOAA 16 DEB
1 42418U 00055TN  24011.13552930  .00005220  00000-0  24640-2 0  9992
2 42418  98.7232  84.6571 0013257 221.4773 138.5398 14.20154882405042
NOAA 16 DEB
1 42418U 00055TN  24011.13552930  .00005220  00000-0  24640-2 0  9992
2 42418  98.7232  84.6571 0013257 221.4773 138.5398 14.20154882405042
NOAA 16 DEB
1 42418U 00055TN  24011.62871047  .00005423  00000-0  25587-2 0  9995
2 42418  98.7233  85.1438 0013260 219.8800 140.1403 14.20160582405115
NOAA 16 DEB
1 42418U 00055TN  24014.16503880  .00005827  00000-0  27461-2 0  9995
2 42418  98.7229  87.6449 0013452 213.9286 146.1031 14.20191016405473
NOAA 16 DEB
1 42418U 00055TN  24014.16503880  .00005827  00000-0  27461-2 0  9995
2 42418  98.7229  87.6449 0013452 213.9286 146.1031 14.20191016405473
NOAA 16 DEB
1 42418U 00055TN  24015.15137365  .00006804  00000-0  32015-2 0  9993
2 42418  98.7226  88.6175 0013502 211.5375 148.4994 14.20205282405616
NOAA 16 DEB
1 42418U 00055TN  24015.64453777  .00006558  00000-0  30863-2 0  9990
2 42418  98.7220  89.1032 0013502 209.8731 150.1676 14.20211075405685
NOAA 16 DEB
1 42418U 00055TN  24016.13769965  .00006351  00000-0  29895-2 0  9998
2 42418  98.7219  89.5896 0013562 208.5657 151.4777 14.20216945405759
NOAA 16 DEB
1 42418U 00055TN  24016.63085900  .00006335  00000-0  29815-2 0  9997
2 42418  98.7224  90.0764 0013596 207.5182 152.5276 14.20223559405828
NOAA 16 DEB
1 42418U 00055TN  24016.63085900  .00006335  00000-0  29815-2 0  9997
2 42418  98.7224  90.0764 0013596 207.5182 152.5276 14.20223559405828
NOAA 16 DEB
1 42418U 00055TN  24029.66366758  .00004265  00000-0  20093-2 0  9996
2 42418  98.7215 102.9301 0013979 173.9588 186.1760 14.20360881407675
NOAA 16 DEB
1 42418U 00055TN  24029.66366758  .00004265  00000-0  20093-2 0  9996
2 42418  98.7215 102.9301 0013979 173.9588 186.1760 14.20360881407675
NOAA 16 DEB
1 42418U 00055TN  24035.15824654  .00003650  00000-0  17209-2 0  9993
2 42418  98.7212 108.3490 0014030 161.8108 198.3573 14.20403674408456
NOAA 16 DEB
1 42418U 00055TN  24035.15824654  .00003650  00000-0  17209-2 0  9993
2 42418  98.7212 108.3490 0014030 161.8108 198.3573 14.20403674408456
NOAA 16 DEB
1 42418U 00055TN  24040.15956333  .00005831  00000-0  27335-2 0  9993
2 42418  98.7200 113.2804 0014038 149.1606 211.0398 14.20456630409164
NOAA 16 DEB
1 42418U 00055TN  24040.15956333  .00005831  00000-0  27335-2 0  9993
2 42418  98.7200 113.2804 0014038 149.1606 211.0398 14.20456630409164
NOAA 16 DEB
1 42418U 00055TN  24041.14571666  .00005536  00000-0  25963-2 0  9992
2 42418  98.7213 114.2542 0013879 146.9677 213.2369 14.20465935409309
NOAA 16 DEB
1 42418U 00055TN  24042.13186113  .00008676  00000-0  40537-2 0  9993
2 42418  98.7210 115.2284 0013947 144.1234 216.0882 14.20484318409447
NOAA 16 DEB
1 42418U 00055TN  24042.13186113  .00008676  00000-0  40537-2 0  9993
2 42418  98.7210 115.2284 0013947 144.1234 216.0882 14.20484318409447
NOAA 16 DEB
1 42418U 00055TN  24045.16067674  .00007590  00000-0  35474-2 0  9997
2 42418  98.7194 118.2143 0013580 137.5052 222.7178 14.20521228409873
NOAA 16 DEB
1 42418U 00055TN  24045.16067674  .00007590  00000-0  35474-2 0  9997
2 42418  98.7194 118.2143 0013580 137.5052 222.7178 14.20521228409873
NOAA 16 DEB
1 42418U 00055TN  24045.93547632  .00007276  00000-0  34008-2 0  9992
2 42418  98.7187 118.9780 0013715 134.9756 225.2534 14.20530451409985
NOAA 16 DEB
1 42418U 00055TN  24046.92157663  .00006131  00000-0  28686-2 0  9997
2 42418  98.7186 119.9504 0013633 132.6097 227.6232 14.20541185410126
NOAA 16 DEB
1 42418U 00055TN  24047.13288315  .00006052  00000-0  28318-2 0  9994
2 42418  98.7186 120.1591 0013668 131.9249 228.3096 14.20543612410151
NOAA 16 DEB
1 42418U 00055TN  24047.13288315  .00006052  00000-0  28318-2 0  9994
2 42418  98.7186 120.1591 0013668 131.9249 228.3096 14.20543612410151
NOAA 16 DEB
1 42418U 00055TN  24050.65460067  .00005093  00000-0  23849-2 0  9999
2 42418  98.7196 123.6333 0013436 123.1233 237.1235 14.20582269410652
NOAA 16 DEB
1 42418U 00055TN  24050.93633373  .00004308  00000-0  20209-2 0  9997
2 42418  98.7197 123.9113 0013319 122.6893 237.5570 14.20583639410690
NOAA 16 DEB
1 42418U 00055TN  24051.14763406  .00004153  00000-0  19489-2 0  9998
2 42418  98.7189 124.1191 0013392 121.9442 238.3038 14.20585151410726
NOAA 16 DEB
1 42418U 00055TN  24051.14763406  .00004153  00000-0  19489-2 0  9998
2 42418  98.7189 124.1191 0013392 121.9442 238.3038 14.20585151410726
NOAA 16 DEB
1 42418U 00055TN  24054.66925798  .00003977  00000-0  18661-2 0  9996
2 42418  98.7186 127.5926 0013133 113.0152 247.2412 14.20615349411223
NOAA 16 DEB
1 42418U 00055TN  24054.66925798  .00003977  00000-0  18661-2 0  9996
2 42418  98.7186 127.5926 0013133 113.0152 247.2412 14.20615349411223
NOAA 16 DEB
1 42418U 00055TN  24055.16227991  .00003835  00000-0  18001-2 0  9993
2 42418  98.7176 128.0782 0013066 111.9557 248.3010 14.20618700411296
NOAA 16 DEB
1 42418U 00055TN  24056.64133655  .00005032  00000-0  23546-2 0  9991
2 42418  98.7179 129.5373 0012977 107.9436 252.3157 14.20633332411501
NOAA 16 DEB
1 42418U 00055TN  24057.13435230  .00005062  00000-0  23683-2 0  9995
2 42418  98.7183 130.0236 0012924 106.7858 253.4738 14.20637456411573
NOAA 16 DEB
1 42418U 00055TN  24057.13435230  .00005062  00000-0  23683-2 0  9995
2 42418  98.7183 130.0236 0012924 106.7858 253.4738 14.20637456411573
NOAA 16 DEB
1 42418U 00055TN  24059.66983468  .00003622  00000-0  17001-2 0  9993
2 42418  98.7166 132.5239 0012661 100.2786 259.9819 14.20658450411939
NOAA 16 DEB
1 42418U 00055TN  24059.66983468  .00003622  00000-0  17001-2 0  9993
2 42418  98.7166 132.5239 0012661 100.2786 259.9819 14.20658450411939
NOAA 16 DEB
1 42418U 00055TN  24060.16284103  .00003418  00000-0  16053-2 0  9999
2 42418  98.7165 133.0101 0012581  99.0837 261.1764 14.20661806412007
NOAA 16 DEB
1 42418U 00055TN  24060.65584590  .00003470  00000-0  16295-2 0  9992
2 42418  98.7166 133.4963 0012410  97.8633 262.3953 14.20665648412077
NOAA 16 DEB
1 42418U 00055TN  24064.45898574  .00004889  00000-0  22855-2 0  9998
2 42418  98.7165 137.2475 0012084  87.5372 272.7188 14.20698298412611
NOAA 16 DEB
1 42418U 00055TN  24064.45898574  .00004889  00000-0  22855-2 0  9998
2 42418  98.7165 137.2475 0012084  87.5372 272.7188 14.20698298412611
NOAA 16 DEB
1 42418U 00055TN  24065.16325972  .00004192  00000-0  19626-2 0  9993
2 42418  98.7159 137.9422 0012226  85.7757 274.4816 14.20704100412716
NOAA 16 DEB
1 42418U 00055TN  24065.44496740  .00004693  00000-0  21946-2 0  9990
2 42418  98.7169 138.2210 0011834  84.4645 275.7881 14.20708523412755
NOAA 16 DEB
1 42418U 00055TN  24067.13520621  .00004336  00000-0  20286-2 0  9994
2 42418  98.7167 139.8880 0011829  80.1685 280.0827 14.20725048412990
NOAA 16 DEB
1 42418U 00055TN  24067.13520621  .00004336  00000-0  20286-2 0  9994
2 42418  98.7167 139.8880 0011829  80.1685 280.0827 14.20725048412990
NOAA 16 DEB
1 42418U 00055TN  24069.45925570  .00004960  00000-0  23167-2 0  9997
2 42418  98.7169 142.1804 0011622  73.8638 286.3817 14.20747292413324
NOAA 16 DEB
1 42418U 00055TN  24069.45925570  .00004960  00000-0  23167-2 0  9997
2 42418  98.7169 142.1804 0011622  73.8638 286.3817 14.20747292413324
NOAA 16 DEB
1 42418U 00055TN  24069.67053148  .00004199  00000-0  19646-2 0  9995
2 42418  98.7167 142.3888 0011574  73.2561 286.9885 14.20747336413354
NOAA 16 DEB
1 42418U 00055TN  24070.16350687  .00004176  00000-0  19538-2 0  9994
2 42418  98.7163 142.8747 0011479  71.8104 288.4321 14.20751410413428
NOAA 16 DEB
1 42418U 00055TN  24071.43115200  .00003737  00000-0  17502-2 0  9996
2 42418  98.7161 144.1249 0011370  68.3678 291.8708 14.20760509413601
NOAA 16 DEB
1 42418U 00055TN  24071.43115200  .00003737  00000-0  17502-2 0  9996
2 42418  98.7161 144.1249 0011370  68.3678 291.8708 14.20760509413601
NOAA 16 DEB
1 42418U 00055TN  24071.64242521  .00003823  00000-0  17901-2 0  9995
2 42418  98.7162 144.3334 0011410  67.8897 292.3490 14.20762530413634
NOAA 16 DEB
1 42418U 00055TN  24075.65657123  .00003755  00000-0  17578-2 0  9992
2 42418  98.7158 148.2933 0010869  56.1589 304.0621 14.20793583414206
NOAA 16 DEB
1 42418U 00055TN  24075.65657123  .00003755  00000-0  17578-2 0  9992
2 42418  98.7158 148.2933 0010869  56.1589 304.0621 14.20793583414206
NOAA 16 DEB
1 42418U 00055TN  24076.14953008  .00003488  00000-0  16340-2 0  9997
2 42418  98.7162 148.7797 0010715  54.5433 305.6743 14.20796700414277
NOAA 16 DEB
1 42418U 00055TN  24076.64248825  .00003561  00000-0  16678-2 0  9992
2 42418  98.7158 149.2656 0010644  53.0732 307.1418 14.20800435414344
NOAA 16 DEB
1 42418U 00055TN  24077.13544477  .00003663  00000-0  17149-2 0  9996
2 42418  98.7158 149.7518 0010547  51.5151 308.6970 14.20804300414418
NOAA 16 DEB
1 42418U 00055TN  24080.16357663  .00005092  00000-0  23741-2 0  9995
2 42418  98.7158 152.7387 0010088  41.7790 318.4156 14.20831941414849
NOAA 16 DEB
1 42418U 00055TN  24080.16357663  .00005092  00000-0  23741-2 0  9995
2 42418  98.7158 152.7387 0010088  41.7790 318.4156 14.20831941414849
NOAA 16 DEB
1 42418U 00055TN  24081.43114722  .00005747  00000-0  26760-2 0  9994
2 42418  98.7147 153.9879 0009939  37.2800 322.9065 14.20846507415025
NOAA 16 DEB
1 42418U 00055TN  24082.13534576  .00007075  00000-0  32884-2 0  9995
2 42418  98.7150 154.6826 0010000  36.2111 323.9741 14.20858748415127
NOAA 16 DEB
1 42418U 00055TN  24082.13534576  .00007075  00000-0  32884-2 0  9995
2 42418  98.7150 154.6826 0010000  36.2111 323.9741 14.20858748415127
NOAA 16 DEB
1 42418U 00055TN  24086.14915201  .00008662  00000-0  40151-2 0  9997
2 42418  98.7141 158.6417 0009597  22.4136 337.7458 14.20934939415697
NOAA 16 DEB
1 42418U 00055TN  24086.14915201  .00008662  00000-0  40151-2 0  9997
2 42418  98.7141 158.6417 0009597  22.4136 337.7458 14.20934939415697
NOAA 16 DEB
1 42418U 00055TN  24090.16277647  .00005129  00000-0  23847-2 0  9997
2 42418  98.7107 162.5973 0009213  11.2265 348.9115 14.20984387416264
NOAA 16 DEB
1 42418U 00055TN  24090.16277647  .00005129  00000-0  23847-2 0  9997
2 42418  98.7107 162.5973 0009213  11.2265 348.9115 14.20984387416264
NOAA 16 DEB
1 42418U 00055TN  24090.93732237  .00007543  00000-0  34957-2 0  9999
2 42418  98.7132 163.3656 0009130   5.1824 354.9446 14.20994610416376
NOAA 16 DEB
1 42418U 00055TN  24091.14856197  .00008266  00000-0  38279-2 0  9999
2 42418  98.7130 163.5735 0009144   5.5639 354.5638 14.20997867416407
NOAA 16 DEB
1 42418U 00055TN  24091.14856197  .00008266  00000-0  38279-2 0  9999
2 42418  98.7130 163.5735 0009144   5.5639 354.5638 14.20997867416407
NOAA 16 DEB
1 42418U 00055TN  24093.47217089  .00004426  00000-0  20597-2 0  9996
2 42418  98.7136 165.8657 0009015 358.9009   1.2147 14.21015106416739
NOAA 16 DEB
1 42418U 00055TN  24093.47217089  .00004426  00000-0  20597-2 0  9996
2 42418  98.7136 165.8657 0009015 358.9009   1.2147 14.21015106416739
NOAA 16 DEB
1 42418U 00055TN  24094.45793533  .00003519  00000-0  16415-2 0  9994
2 42418  98.7131 166.8381 0008927 353.6454   6.4608 14.21021001416871
NOAA 16 DEB
1 42418U 00055TN  24095.16204993  .00003430  00000-0  16007-2 0  9999
2 42418  98.7133 167.5328 0008884 351.0353   9.0664 14.21025724416972
NOAA 16 DEB
1 42418U 00055TN  24095.16204993  .00003430  00000-0  16007-2 0  9999
2 42418  98.7133 167.5328 0008884 351.0353   9.0664 14.21025724416972
NOAA 16 DEB
1 42418U 00055TN  24096.64068364  .00003578  00000-0  16685-2 0  9998
2 42418  98.7136 168.9917 0008808 345.1241  14.9675 14.21035301417183
NOAA 16 DEB
1 42418U 00055TN  24100.16119252  .00003385  00000-0  15786-2 0  9991
2 42418  98.7120 172.4635 0008694 332.5837  27.4880 14.21061500417689
NOAA 16 DEB
1 42418U 00055TN  24100.16119252  .00003385  00000-0  15786-2 0  9991
2 42418  98.7120 172.4635 0008694 332.5837  27.4880 14.21061500417689
NOAA 16 DEB
1 42418U 00055TN  24100.65405874  .00003795  00000-0  17672-2 0  9994
2 42418  98.7117 172.9494 0008691 330.6589  29.4099 14.21065989417750
NOAA 16 DEB
1 42418U 00055TN  24101.14692328  .00003907  00000-0  18187-2 0  9998
2 42418  98.7115 173.4355 0008694 328.7203  31.3456 14.21069932417823
NOAA 16 DEB
1 42418U 00055TN  24101.63978687  .00003658  00000-0  17039-2 0  9995
2 42418  98.7119 173.9223 0008715 326.9413  33.1218 14.21073066417899
NOAA 16 DEB
1 42418U 00055TN  24105.16019826  .00004625  00000-0  21478-2 0  9995
2 42418  98.7107 177.3952 0008698 314.4804  45.5662 14.21104881418395
NOAA 16 DEB
1 42418U 00055TN  24105.16019826  .00004625  00000-0  21478-2 0  9995
2 42418  98.7107 177.3952 0008698 314.4804  45.5662 14.21104881418395
NOAA 16 DEB
1 42418U 00055TN  24106.14589826  .00005832  00000-0  27016-2 0  9991
2 42418  98.7108 178.3677 0008731 310.9045  49.1375 14.21117338418535
NOAA 16 DEB
1 42418U 00055TN  24106.14589826  .00005832  00000-0  27016-2 0  9991
2 42418  98.7108 178.3677 0008731 310.9045  49.1375 14.21117338418535
NOAA 16 DEB
1 42418U 00055TN  24110.65179936  .00010108  00000-0  46570-2 0  9997
2 42418  98.7121 182.8141 0008774 295.4098  64.6171 14.21205634419172
NOAA 16 DEB
1 42418U 00055TN  24110.65179936  .00010108  00000-0  46570-2 0  9997
2 42418  98.7121 182.8141 0008774 295.4098  64.6171 14.21205634419172
NOAA 16 DEB
1 42418U 00055TN  24111.14460790  .00017140  00000-0  78709-2 0  9995
2 42418  98.7111 183.2993 0009008 291.9693  68.0526 14.21232140419246
NOAA 16 DEB
1 42418U 00055TN  24111.14460790  .00017140  00000-0  78709-2 0  9995
2 42418  98.7111 183.2993 0009008 291.9693  68.0526 14.21232140419246
NOAA 16 DEB
1 42418U 00055TN  24111.63741899  .00011185  00000-0  51476-2 0  9996
2 42418  98.7120 183.7867 0009157 289.6395  70.3793 14.21233175419318
NOAA 16 DEB
1 42418U 00055TN  24111.63741899  .00011185  00000-0  51476-2 0  9996
2 42418  98.7120 183.7867 0009157 289.6395  70.3793 14.21233175419318
NOAA 16 DEB
1 42418U 00055TN  24115.15735579  .00009900  00000-0  45516-2 0  9995
2 42418  98.7127 187.2597 0009470 277.4902  82.5199 14.21318773419819
NOAA 16 DEB
1 42418U 00055TN  24115.15735579  .00009900  00000-0  45516-2 0  9995
2 42418  98.7127 187.2597 0009470 277.4902  82.5199 14.21318773419819
NOAA 16 DEB
1 42418U 00055TN  24116.14290449  .00008731  00000-0  40158-2 0  9995
2 42418  98.7126 188.2323 0009576 274.0489  85.9593 14.21338287419958
NOAA 16 DEB
1 42418U 00055TN  24119.16986861  .00007778  00000-0  35760-2 0  9993
2 42418  98.7114 191.2191 0009851 264.0367  95.9688 14.21394329420386
NOAA 16 DEB
1 42418U 00055TN  24119.16986861  .00007778  00000-0  35760-2 0  9993
2 42418  98.7114 191.2191 0009851 264.0367  95.9688 14.21394329420386
NOAA 16 DEB
1 42418U 00055TN  24119.66262030  .00005426  00000-0  25015-2 0  9993
2 42418  98.7098 191.7046 0010112 263.0332  96.9695 14.21398413420459
NOAA 16 DEB
1 42418U 00055TN  24120.15537042  .00004251  00000-0  19643-2 0  9992
2 42418  98.7098 192.1907 0010110 261.5875  98.4156 14.21402764420525
NOAA 16 DEB
1 42418U 00055TN  24120.15537042  .00004251  00000-0  19643-2 0  9992
2 42418  98.7098 192.1907 0010110 261.5875  98.4156 14.21402764420525
NOAA 16 DEB
1 42418U 00055TN  24124.66044227  .00004401  00000-0  20313-2 0  9993
2 42418  98.7115 196.6380 0010613 247.5819 112.4234 14.21443885421163
NOAA 16 DEB
1 42418U 00055TN  24124.66044227  .00004401  00000-0  20313-2 0  9993
2 42418  98.7115 196.6380 0010613 247.5819 112.4234 14.21443885421163
NOAA 16 DEB
1 42418U 00055TN  24125.64590878  .00004396  00000-0  20286-2 0  9992
2 42418  98.7118 197.6108 0010740 244.2042 115.8028 14.21452927421309
NOAA 16 DEB
1 42418U 00055TN  24133.03664429  .00025207  00000-0  11467-1 0  9992
2 42418  98.7110 204.9060 0011666 222.4740 137.5535 14.21608081422355
NOAA 16 DEB
1 42418U 00055TN  24133.03664429  .00025207  00000-0  11467-1 0  9992
2 42418  98.7110 204.9060 0011666 222.4740 137.5535 14.21608081422355
NOAA 16 DEB
1 42418U 00055TN  24133.67007842  .00015440  00000-0  70378-2 0  9997
2 42418  98.7105 205.5310 0011659 220.3530 139.6783 14.21635034422446
NOAA 16 DEB
1 42418U 00055TN  24134.16274283  .00007431  00000-0  34006-2 0  9996
2 42418  98.7104 206.0174 0011642 218.8904 141.1437 14.21646326422516
NOAA 16 DEB
1 42418U 00055TN  24134.16274283  .00007431  00000-0  34006-2 0  9996
2 42418  98.7104 206.0174 0011642 218.8904 141.1437 14.21646326422516
NOAA 16 DEB
1 42418U 00055TN  24135.14806809  .00008446  00000-0  38604-2 0  9995
2 42418  98.7099 206.9905 0011821 216.2082 143.8297 14.21662930422655
NOAA 16 DEB
1 42418U 00055TN  24135.14806809  .00008446  00000-0  38604-2 0  9995
2 42418  98.7099 206.9905 0011821 216.2082 143.8297 14.21662930422655
NOAA 16 DEB
1 42418U 00055TN  24139.65225118  .00011629  00000-0  52953-2 0  9993
2 42418  98.7110 211.4375 0012466 204.8819 155.1759 14.21757749423291
NOAA 16 DEB
1 42418U 00055TN  24139.65225118  .00011629  00000-0  52953-2 0  9993
2 42418  98.7110 211.4375 0012466 204.8819 155.1759 14.21757749423291
NOAA 16 DEB
1 42418U 00055TN  24140.14487524  .00010993  00000-0  50062-2 0  9992
2 42418  98.7111 211.9239 0012502 203.5274 156.5333 14.21770494423361
NOAA 16 DEB
1 42418U 00055TN  24144.15612593  .00006371  00000-0  29076-2 0  9999
2 42418  98.7108 215.8842 0012905 193.2447 166.8393 14.21838054423934
NOAA 16 DEB
1 42418U 00055TN  24144.15612593  .00006371  00000-0  29076-2 0  9999
2 42418  98.7108 215.8842 0012905 193.2447 166.8393 14.21838054423934
NOAA 16 DEB
1 42418U 00055TN  24148.16720668  .00004341  00000-0  19861-2 0  9993
2 42418  98.7132 219.8482 0013372 183.0023 177.1077 14.21889507424508
NOAA 16 DEB
1 42418U 00055TN  24148.16720668  .00004341  00000-0  19861-2 0  9993
2 42418  98.7132 219.8482 0013372 183.0023 177.1077 14.21889507424508
NOAA 16 DEB
1 42418U 00055TN  24150.13751963  .00004255  00000-0  19462-2 0  9996
2 42418  98.7114 221.7933 0013552 178.8868 181.2342 14.21906588424780
NOAA 16 DEB
1 42418U 00055TN  24150.13751973  .00003942  00000-0  18050-2 0  9991
2 42418  98.7115 221.7932 0013550 178.9123 181.2086 14.21905980424783
NOAA 16 DEB
1 42418U 00055TN  24153.16331012  .00004562  00000-0  20841-2 0  9995
2 42418  98.7129 224.7829 0013841 171.8645 188.2759 14.21934726425213
NOAA 16 DEB
1 42418U 00055TN  24153.16331012  .00004562  00000-0  20841-2 0  9995
2 42418  98.7129 224.7829 0013841 171.8645 188.2759 14.21934726425213
NOAA 16 DEB
1 42418U 00055TN  24154.14843761  .00005299  00000-0  24167-2 0  9996
2 42418  98.7120 225.7552 0013856 168.7575 191.3914 14.21945790425357
NOAA 16 DEB
1 42418U 00055TN  24155.13355872  .00005240  00000-0  23898-2 0  9993
2 42418  98.7122 226.7281 0013941 166.5541 193.6011 14.21955001425497
NOAA 16 DEB
1 42418U 00055TN  24157.17414176  .00007200  00000-0  32735-2 0  9990
2 42418  98.7111 228.7419 0013910 161.5940 198.5744 14.21982365425786
NOAA 16 DEB
1 42418U 00055TN  24157.17414176  .00007200  00000-0  32735-2 0  9990
2 42418  98.7111 228.7419 0013910 161.5940 198.5744 14.21982365425786
NOAA 16 DEB
1 42418U 00055TN  24162.16987726  .00006755  00000-0  30683-2 0  9995
2 42418  98.7026 233.6666 0013934 148.8060 211.3947 14.22053350426499
NOAA 16 DEB
1 42418U 00055TN  24162.45132037  .00006857  00000-0  31143-2 0  9999
2 42418  98.7119 233.9567 0014163 149.3549 210.8458 14.22056736426535
NOAA 16 DEB
1 42418U 00055TN  24164.13996042  .00005980  00000-0  27178-2 0  9999
2 42418  98.7108 235.6251 0014263 145.2687 214.9424 14.22076501426777
NOAA 16 DEB
1 42418U 00055TN  24164.13996042  .00005980  00000-0  27178-2 0  9999
2 42418  98.7108 235.6251 0014263 145.2687 214.9424 14.22076501426777
NOAA 16 DEB
1 42418U 00055TN  24165.96929552  .00004613  00000-0  21008-2 0  9991
2 42418  98.7112 237.4325 0014355 140.8335 219.3884 14.22094196427036
NOAA 16 DEB
1 42418U 00055TN  24167.16538589  .00004732  00000-0  21538-2 0  9991
2 42418  98.7112 238.6144 0014254 138.4023 221.8242 14.22106555427201
NOAA 16 DEB
1 42418U 00055TN  24168.43182365  .00005761  00000-0  26167-2 0  9995
2 42418  98.7107 239.8649 0014168 135.5854 224.6463 14.22121189427387
NOAA 16 DEB
1 42418U 00055TN  24168.64289576  .00005319  00000-0  24176-2 0  9997
2 42418  98.7114 240.0740 0014232 134.5315 225.7028 14.22122518427414
NOAA 16 DEB
1 42418U 00055TN  24169.13539504  .00005572  00000-0  25313-2 0  9996
2 42418  98.7118 240.5603 0014311 133.3491 226.8882 14.22128647427487
NOAA 16 DEB
1 42418U 00055TN  24171.66822541  .00003861  00000-0  17599-2 0  9999
2 42418  98.7126 243.0630 0014279 127.2969 232.9513 14.22149344427845
NOAA 16 DEB
1 42418U 00055TN  24171.66822541  .00003861  00000-0  17599-2 0  9999
2 42418  98.7126 243.0630 0014279 127.2969 232.9513 14.22149344427845
NOAA 16 DEB
1 42418U 00055TN  24172.16071572  .00003457  00000-0  15775-2 0  9990
2 42418  98.7126 243.5495 0014288 126.0539 234.1964 14.22152852427919
NOAA 16 DEB
1 42418U 00055TN  24173.63817783  .00004514  00000-0  20529-2 0  9993
2 42418  98.7122 245.0093 0014311 122.2010 238.0557 14.22167193428124
NOAA 16 DEB
1 42418U 00055TN  24173.63817783  .00004514  00000-0  20529-2 0  9993
2 42418  98.7122 245.0093 0014311 122.2010 238.0557 14.22167193428124
NOAA 16 DEB
1 42418U 00055TN  24174.13066140  .00004247  00000-0  19329-2 0  9991
2 42418  98.7119 245.4958 0014207 121.4847 238.7721 14.22171092428197
NOAA 16 DEB
1 42418U 00055TN  24174.13066140  .00004247  00000-0  19329-2 0  9991
2 42418  98.7119 245.4958 0014207 121.4847 238.7721 14.22171092428197
NOAA 16 DEB
1 42418U 00055TN  24182.64331987  .00007003  00000-0  31667-2 0  9992
2 42418  98.7117 253.9080 0013839 100.3008 259.9731 14.22273558429401
NOAA 16 DEB
1 42418U 00055TN  24182.64331987  .00007003  00000-0  31667-2 0  9992
2 42418  98.7117 253.9080 0013839 100.3008 259.9731 14.22273558429401
NOAA 16 DEB
1 42418U 00055TN  24183.62821304  .00006376  00000-0  28845-2 0  9994
2 42418  98.7113 254.8805 0014008  96.2243 264.0531 14.22285739429549
NOAA 16 DEB
1 42418U 00055TN  24185.66831523  .00005135  00000-0  23268-2 0  9990
2 42418  98.7142 256.8994 0013249  94.4266 265.8425 14.22308647429830
NOAA 16 DEB
1 42418U 00055TN  24185.66831523  .00005135  00000-0  23268-2 0  9990
2 42418  98.7142 256.8994 0013249  94.4266 265.8425 14.22308647429830
NOAA 16 DEB
1 42418U 00055TN  24186.16075112  .00004861  00000-0  22032-2 0  9993
2 42418  98.7131 257.3859 0013420  92.6850 267.5864 14.22313244429907
NOAA 16 DEB
1 42418U 00055TN  24186.65318472  .00004814  00000-0  21820-2 0  9998
2 42418  98.7128 257.8715 0013319  91.5020 268.7684 14.22317842429971
NOAA 16 DEB
1 42418U 00055TN  24186.65318472  .00004814  00000-0  21820-2 0  9998
2 42418  98.7128 257.8715 0013319  91.5020 268.7684 14.22317842429971
NOAA 16 DEB
1 42418U 00055TN  24191.15534495  .00004277  00000-0  19395-2 0  9991
2 42418  98.7121 262.3218 0012852  80.0519 280.2108 14.22363864430618
NOAA 16 DEB
1 42418U 00055TN  24191.15534495  .00004277  00000-0  19395-2 0  9991
2 42418  98.7121 262.3218 0012852  80.0519 280.2108 14.22363864430618
NOAA 16 DEB
1 42418U 00055TN  24191.64776017  .00004467  00000-0  20247-2 0  9992
2 42418  98.7124 262.8085 0012872  78.8738 281.3886 14.22368775430686
NOAA 16 DEB
1 42418U 00055TN  24192.14017376  .00004437  00000-0  20109-2 0  9998
2 42418  98.7125 263.2950 0012805  77.4756 282.7853 14.22373535430751
NOAA 16 DEB
1 42418U 00055TN  24194.46152758  .00005193  00000-0  23488-2 0  9992
2 42418  98.7118 265.5897 0012403  71.4723 288.7801 14.22398409431083
NOAA 16 DEB
1 42418U 00055TN  24194.46152758  .00005193  00000-0  23488-2 0  9992
2 42418  98.7118 265.5897 0012403  71.4723 288.7801 14.22398409431083
NOAA 16 DEB
1 42418U 00055TN  24195.16495997  .00005254  00000-0  23759-2 0  9994
2 42418  98.7115 266.2849 0012405  69.6479 290.6030 14.22406353431189
NOAA 16 DEB
1 42418U 00055TN  24195.65736073  .00005750  00000-0  25980-2 0  9990
2 42418  98.7105 266.7710 0012356  68.2590 291.9902 14.22412304431257
NOAA 16 DEB
1 42418U 00055TN  24196.64215543  .00006579  00000-0  29687-2 0  9992
2 42418  98.7119 267.7447 0012227  65.5874 294.6578 14.22425047431394
NOAA 16 DEB
1 42418U 00055TN  24196.64215543  .00006579  00000-0  29687-2 0  9992
2 42418  98.7119 267.7447 0012227  65.5874 294.6578 14.22425047431394
NOAA 16 DEB
1 42418U 00055TN  24197.13454934  .00007212  00000-0  32518-2 0  9998
2 42418  98.7121 268.2316 0012176  64.2682 295.9751 14.22432513431465
NOAA 16 DEB
1 42418U 00055TN  24200.15919766  .00008992  00000-0  40445-2 0  9998
2 42418  98.7131 271.2214 0011700  55.8832 304.3454 14.22481550431899
NOAA 16 DEB
1 42418U 00055TN  24200.15919766  .00008992  00000-0  40445-2 0  9998
2 42418  98.7131 271.2214 0011700  55.8832 304.3454 14.22481550431899
NOAA 16 DEB
1 42418U 00055TN  24201.42529911  .00008693  00000-0  39098-2 0  9998
2 42418  98.7137 272.4736 0011667  51.9918 308.2312 14.22501053432079
NOAA 16 DEB
1 42418U 00055TN  24201.42529911  .00008693  00000-0  39098-2 0  9998
2 42418  98.7137 272.4736 0011667  51.9918 308.2312 14.22501053432079
NOAA 16 DEB
1 42418U 00055TN  24204.16845453  .00007792  00000-0  35042-2 0  9998
2 42418  98.7118 275.1851 0011155  43.8581 316.3481 14.22543723432464
NOAA 16 DEB
1 42418U 00055TN  24204.16845453  .00007792  00000-0  35042-2 0  9998
2 42418  98.7118 275.1851 0011155  43.8581 316.3481 14.22543723432464
NOAA 16 DEB
1 42418U 00055TN  24206.13785088  .00008607  00000-0  38662-2 0  9991
2 42418  98.7114 277.1325 0010904  38.1495 322.0453 14.22573278432742
NOAA 16 DEB
1 42418U 00055TN  24208.66988406  .00005633  00000-0  25372-2 0  9990
2 42418  98.7104 279.6351 0010599  31.4970 328.6840 14.22598313433101
NOAA 16 DEB
1 42418U 00055TN  24208.66988406  .00005633  00000-0  25372-2 0  9990
2 42418  98.7104 279.6351 0010599  31.4970 328.6840 14.22598313433101
NOAA 16 DEB
1 42418U 00055TN  24209.65454894  .00005319  00000-0  23962-2 0  9993
2 42418  98.7115 280.6100 0010458  27.4636 332.7093 14.22609506433243
NOAA 16 DEB
1 42418U 00055TN  24214.64810243  .00006702  00000-0  30105-2 0  9996
2 42418  98.7121 285.5471 0010072  12.3344 347.8079 14.22665341433954
NOAA 16 DEB
1 42418U 00055TN  24214.64810243  .00006702  00000-0  30105-2 0  9996
2 42418  98.7121 285.5471 0010072  12.3344 347.8079 14.22665341433954
NOAA 16 DEB
1 42418U 00055TN  24215.63272240  .00006748  00000-0  30304-2 0  9996
2 42418  98.7118 286.5205 0010089   9.5132 350.6235 14.22677872434091
NOAA 16 DEB
1 42418U 00055TN  24219.64142646  .00006448  00000-0  28936-2 0  9992
2 42418  98.7125 290.4855 0009556 355.4295   4.6794 14.22736548434669
NOAA 16 DEB
1 42418U 00055TN  24219.64142646  .00006448  00000-0  28936-2 0  9992
2 42418  98.7125 290.4855 0009556 355.4295   4.6794 14.22736548434669
NOAA 16 DEB
1 42418U 00055TN  24220.13370932  .00006511  00000-0  29213-2 0  9999
2 42418  98.7112 290.9720 0009396 350.7474   9.3529 14.22744514434738
NOAA 16 DEB
1 42418U 00055TN  24222.17315013  .00008981  00000-0  40179-2 0  9991
2 42418  98.7103 292.9886 0009277 343.6553  16.4324 14.22779125435021
NOAA 16 DEB
1 42418U 00055TN  24222.45444837  .00008937  00000-0  39980-2 0  9998
2 42418  98.7073 293.2653 0009354 341.7403  18.3438 14.22783275435064
NOAA 16 DEB
1 42418U 00055TN  24223.15768719  .00009273  00000-0  41460-2 0  9994
2 42418  98.7086 293.9614 0009261 340.0657  20.0158 14.22798735435169
NOAA 16 DEB
1 42418U 00055TN  24223.64995012  .00010642  00000-0  47532-2 0  9994
2 42418  98.7096 294.4488 0009285 338.1785  21.8996 14.22811423435238
NOAA 16 DEB
1 42418U 00055TN  24224.14220761  .00012860  00000-0  57362-2 0  9998
2 42418  98.7095 294.9355 0009298 336.1539  23.9207 14.22827156435300
NOAA 16 DEB
1 42418U 00055TN  24224.14220761  .00012860  00000-0  57362-2 0  9998
2 42418  98.7095 294.9355 0009298 336.1539  23.9207 14.22827156435300
NOAA 16 DEB
1 42418U 00055TN  24225.47830723  .00013612  00000-0  60652-2 0  9992
2 42418  98.7097 296.2570 0009329 330.8739  29.1918 14.22869124435492
NOAA 16 DEB
1 42418U 00055TN  24225.47830723  .00013612  00000-0  60652-2 0  9992
2 42418  98.7097 296.2570 0009329 330.8739  29.1918 14.22869124435492
NOAA 16 DEB
1 42418U 00055TN  24226.95497442  .00014095  00000-0  62701-2 0  9996
2 42418  98.7105 297.7180 0009231 326.8864  33.1735 14.22946343435706
NOAA 16 DEB
1 42418U 00055TN  24226.95497442  .00014095  00000-0  62701-2 0  9996
2 42418  98.7105 297.7180 0009231 326.8864  33.1735 14.22946343435706
NOAA 16 DEB
1 42418U 00055TN  24228.92379867  .00010377  00000-0  46196-2 0  9994
2 42418  98.7105 299.6646 0009203 320.0291  40.0208 14.22992204435982
NOAA 16 DEB
1 42418U 00055TN  24228.92379867  .00010377  00000-0  46196-2 0  9994
2 42418  98.7105 299.6646 0009203 320.0291  40.0208 14.22992204435982
NOAA 16 DEB
1 42418U 00055TN  24231.66599001  .00011258  00000-0  50036-2 0  9990
2 42418  98.7112 302.3789 0008913 313.0628  46.9803 14.23055725436372
NOAA 16 DEB
1 42418U 00055TN  24231.66599001  .00011258  00000-0  50036-2 0  9990
2 42418  98.7112 302.3789 0008913 313.0628  46.9803 14.23055725436372
NOAA 16 DEB
1 42418U 00055TN  24232.15816313  .00009910  00000-0  44067-2 0  9992
2 42418  98.7106 302.8659 0009110 308.8280  51.2084 14.23066411436444
NOAA 16 DEB
1 42418U 00055TN  24233.14250220  .00010133  00000-0  45035-2 0  9996
2 42418  98.7109 303.8392 0009443 303.2462  56.7811 14.23085799436585
NOAA 16 DEB
1 42418U 00055TN  24233.14250220  .00010133  00000-0  45035-2 0  9996
2 42418  98.7109 303.8392 0009443 303.2462  56.7811 14.23085799436585
NOAA 16 DEB
1 42418U 00055TN  24236.16575258  .00009355  00000-0  41550-2 0  9994
2 42418  98.7109 306.8308 0009733 292.2670  67.7475 14.23140599437012
NOAA 16 DEB
1 42418U 00055TN  24236.16575258  .00009355  00000-0  41550-2 0  9994
2 42418  98.7109 306.8308 0009733 292.2670  67.7475 14.23140599437012
NOAA 16 DEB
1 42418U 00055TN  24237.15004492  .00007421  00000-0  33002-2 0  9996
2 42418  98.7105 307.8045 0009844 288.6714  71.3395 14.23152330437151
NOAA 16 DEB
1 42418U 00055TN  24237.64218736  .00007926  00000-0  35226-2 0  9998
2 42418  98.7102 308.2912 0009866 286.8687  73.1409 14.23160345437228
NOAA 16 DEB
1 42418U 00055TN  24237.64218736  .00007926  00000-0  35226-2 0  9998
2 42418  98.7102 308.2912 0009866 286.8687  73.1409 14.23160345437228
NOAA 16 DEB
1 42418U 00055TN  24240.94650870  .00008449  00000-0  37502-2 0  9994
2 42418  98.7103 311.5600 0010270 275.4409  84.5597 14.23208453437695
NOAA 16 DEB
1 42418U 00055TN  24240.94650870  .00008449  00000-0  37502-2 0  9994
2 42418  98.7103 311.5600 0010270 275.4409  84.5597 14.23208453437695
NOAA 16 DEB
1 42418U 00055TN  24244.46158676  .00023470  00000-0  10340-1 0  9993
2 42418  98.7112 315.0386 0010780 264.1301  95.8648 14.23307115438190
NOAA 16 DEB
1 42418U 00055TN  24244.46158676  .00023470  00000-0  10340-1 0  9993
2 42418  98.7112 315.0386 0010780 264.1301  95.8648 14.23307115438190
NOAA 16 DEB
1 42418U 00055TN  24244.95368707  .00011885  00000-0  52553-2 0  9995
2 42418  98.7093 315.5253 0010613 262.8066  97.1906 14.23296240438260
NOAA 16 DEB
1 42418U 00055TN  24244.95368707  .00011885  00000-0  52553-2 0  9995
2 42418  98.7093 315.5253 0010613 262.8066  97.1906 14.23296240438260
NOAA 16 DEB
1 42418U 00055TN  24246.14876166  .00010821  00000-0  47848-2 0  9991
2 42418  98.7088 316.7075 0010756 258.9609 101.0360 14.23322824438432
NOAA 16 DEB
1 42418U 00055TN  24246.92203414  .00011868  00000-0  52433-2 0  9995
2 42418  98.7083 317.4729 0010848 256.7702 103.2266 14.23340628438546
NOAA 16 DEB
1 42418U 00055TN  24249.17149643  .00013829  00000-0  60980-2 0  9993
2 42418  98.7095 319.6999 0011111 250.0212 109.9770 14.23397611438861
NOAA 16 DEB
1 42418U 00055TN  24249.17149643  .00013829  00000-0  60980-2 0  9993
2 42418  98.7095 319.6999 0011111 250.0212 109.9770 14.23397611438861
NOAA 16 DEB
1 42418U 00055TN  24250.15560553  .00013395  00000-0  59044-2 0  9997
2 42418  98.7090 320.6740 0011306 247.1796 112.8189 14.23424784439008
NOAA 16 DEB
1 42418U 00055TN  24251.63173485  .00014944  00000-0  65778-2 0  9997
2 42418  98.7081 322.1345 0011519 243.0877 116.9124 14.23466390439213
NOAA 16 DEB
1 42418U 00055TN  24251.63173485  .00014944  00000-0  65778-2 0  9997
2 42418  98.7081 322.1345 0011519 243.0877 116.9124 14.23466390439213
NOAA 16 DEB
1 42418U 00055TN  24256.48157440  .00012070  00000-0  53056-2 0  9992
2 42418  98.7082 326.9350 0012059 229.5083 130.5045 14.23594254439901
NOAA 16 DEB
1 42418U 00055TN  24256.48157440  .00012070  00000-0  53056-2 0  9992
2 42418  98.7082 326.9350 0012059 229.5083 130.5045 14.23594254439901
NOAA 16 DEB
1 42418U 00055TN  24257.46553701  .00022844  00000-0  99986-2 0  9993
2 42418  98.7109 327.9110 0012089 226.5780 133.4393 14.23645376440047
NOAA 16 DEB
1 42418U 00055TN  24257.46553701  .00022844  00000-0  99986-2 0  9993
2 42418  98.7109 327.9110 0012089 226.5780 133.4393 14.23645376440047
NOAA 16 DEB
1 42418U 00055TN  24258.66031974  .00016842  00000-0  73783-2 0  9997
2 42418  98.7097 329.0930 0012196 223.8714 136.1497 14.23678728440213
NOAA 16 DEB
1 42418U 00055TN  24258.66031974  .00016842  00000-0  73783-2 0  9997
2 42418  98.7097 329.0930 0012196 223.8714 136.1497 14.23678728440213
NOAA 16 DEB
1 42418U 00055TN  24259.15228324  .00010983  00000-0  48216-2 0  9992
2 42418  98.7083 329.5787 0012368 222.9285 137.0929 14.23682629440289
NOAA 16 DEB
1 42418U 00055TN  24259.64424288  .00011893  00000-0  52178-2 0  9996
2 42418  98.7084 330.0660 0012475 221.6035 138.4196 14.23693408440351
NOAA 16 DEB
1 42418U 00055TN  24259.64424288  .00011893  00000-0  52178-2 0  9996
2 42418  98.7084 330.0660 0012475 221.6035 138.4196 14.23693408440351
NOAA 16 DEB
1 42418U 00055TN  24263.43924687  .00007523  00000-0  33052-2 0  9991
2 42418  98.7089 333.8237 0012906 211.8848 148.1550 14.23763692440893
NOAA 16 DEB
1 42418U 00055TN  24263.43924687  .00007523  00000-0  33052-2 0  9991
2 42418  98.7089 333.8237 0012906 211.8848 148.1550 14.23763692440893
NOAA 16 DEB
1 42418U 00055TN  24263.65007556  .00007603  00000-0  33398-2 0  9994
2 42418  98.7085 334.0324 0012880 211.0367 149.0052 14.23766361440925
NOAA 16 DEB
1 42418U 00055TN  24264.14200638  .00009512  00000-0  41714-2 0  9997
2 42418  98.7079 334.5195 0012915 209.4899 150.5552 14.23776391440992
NOAA 16 DEB
1 42418U 00055TN  24264.14200638  .00009512  00000-0  41714-2 0  9997
2 42418  98.7079 334.5195 0012915 209.4899 150.5552 14.23776391440992
NOAA 16 DEB
1 42418U 00055TN  24266.46108191  .00006655  00000-0  29240-2 0  9990
2 42418  98.7068 336.8150 0013105 203.4010 156.6574 14.23802762441328
NOAA 16 DEB
1 42418U 00055TN  24266.46108191  .00006655  00000-0  29240-2 0  9990
2 42418  98.7068 336.8150 0013105 203.4010 156.6574 14.23802762441328
NOAA 16 DEB
1 42418U 00055TN  24268.42874582  .00007856  00000-0  34457-2 0  9992
2 42418  98.7069 338.7630 0013336 198.8903 161.1783 14.23829186441600
NOAA 16 DEB
1 42418U 00055TN  24271.16933443  .00009407  00000-0  41168-2 0  9990
2 42418  98.7074 341.4766 0013492 192.0297 168.0561 14.23887251441991
NOAA 16 DEB
1 42418U 00055TN  24271.45041460  .00009051  00000-0  39615-2 0  9990
2 42418  98.7082 341.7554 0013496 191.1513 168.9369 14.23892225442031
NOAA 16 DEB
1 42418U 00055TN  24276.15830551  .00016851  00000-0  73329-2 0  9995
2 42418  98.7093 346.4198 0013633 180.1503 179.9674 14.24017540442704
NOAA 16 DEB
1 42418U 00055TN  24276.15830551  .00016851  00000-0  73329-2 0  9995
2 42418  98.7093 346.4198 0013633 180.1503 179.9674 14.24017540442704
NOAA 16 DEB
1 42418U 00055TN  24276.65014998  .00019727  00000-0  85747-2 0  9991
2 42418  98.7081 346.9057 0013668 178.5433 181.5788 14.24033250442779
NOAA 16 DEB
1 42418U 00055TN  24276.65014998  .00019727  00000-0  85747-2 0  9991
2 42418  98.7081 346.9057 0013668 178.5433 181.5788 14.24033250442779
NOAA 16 DEB
1 42418U 00055TN  24280.16314470  .00016147  00000-0  70092-2 0  9990
2 42418  98.7060 350.3848 0013658 170.1108 190.0342 14.24156525443277
NOAA 16 DEB
1 42418U 00055TN  24280.16314470  .00016147  00000-0  70092-2 0  9990
2 42418  98.7060 350.3848 0013658 170.1108 190.0342 14.24156525443277
NOAA 16 DEB
1 42418U 00055TN  24281.14672779  .00019197  00000-0  83199-2 0  9998
2 42418  98.7043 351.3571 0013685 167.7770 192.3743 14.24192351443412
NOAA 16 DEB
1 42418U 00055TN  24281.14672779  .00019197  00000-0  83199-2 0  9998
2 42418  98.7043 351.3571 0013685 167.7770 192.3743 14.24192351443412
NOAA 16 DEB
1 42418U 00055TN  24284.44852972  .00019181  00000-0  82910-2 0  9992
2 42418  98.7088 354.6325 0013484 160.1037 200.0670 14.24332608443882
NOAA 16 DEB
1 42418U 00055TN  24284.44852972  .00019181  00000-0  82910-2 0  9992
2 42418  98.7088 354.6325 0013484 160.1037 200.0670 14.24332608443882
NOAA 16 DEB
1 42418U 00055TN  24284.94026301  .00061226  00000-0  26231-1 0  9996
2 42418  98.7079 355.1191 0013571 158.0412 202.1351 14.24396988443957
NOAA 16 DEB
1 42418U 00055TN  24292.45610895  .00014663  00000-0  63217-2 0  9997
2 42418  98.7106   2.5739 0012826 140.6347 219.5767 14.24541988445020
NOAA 16 DEB
1 42418U 00055TN  24292.45610895  .00014663  00000-0  63217-2 0  9997
2 42418  98.7106   2.5739 0012826 140.6347 219.5767 14.24541988445020
NOAA 16 DEB
1 42418U 00055TN  24293.15849140  .00018501  00000-0  79648-2 0  9992
2 42418  98.6993   3.2614 0012783 140.2181 219.9938 14.24555883445121
NOAA 16 DEB
1 42418U 00055TN  24293.15849140  .00018501  00000-0  79648-2 0  9992
2 42418  98.6993   3.2614 0012783 140.2181 219.9938 14.24555883445121
NOAA 16 DEB
1 42418U 00055TN  24300.67354133  .00010426  00000-0  44904-2 0  9996
2 42418  98.7011  10.7074 0012402 120.9524 239.2876 14.24693411446194
NOAA 16 DEB
1 42418U 00055TN  24301.16515014  .00016407  00000-0  70463-2 0  9992
2 42418  98.7099  11.1992 0012562 118.1506 242.0944 14.24713312446269
NOAA 16 DEB
1 42418U 00055TN  24301.16515014  .00016407  00000-0  70463-2 0  9992
2 42418  98.7099  11.1992 0012562 118.1506 242.0944 14.24713312446269
NOAA 16 DEB
1 42418U 00055TN  24302.14834715  .00016666  00000-0  71521-2 0  9996
2 42418  98.7059  12.1710 0012522 115.8477 244.3995 14.24749602446409
NOAA 16 DEB
1 42418U 00055TN  24302.63993611  .00018600  00000-0  79747-2 0  9999
2 42418  98.7074  12.6593 0012531 114.3956 245.8532 14.24769367446476
NOAA 16 DEB
1 42418U 00055TN  24302.63993611  .00018600  00000-0  79747-2 0  9999
2 42418  98.7074  12.6593 0012531 114.3956 245.8532 14.24769367446476
NOAA 16 DEB
1 42418U 00055TN  24303.48264509  .00016681  00000-0  71520-2 0  9998
2 42418  98.7063  13.4941 0012303 112.3579 247.8905 14.24797976446592
NOAA 16 DEB
1 42418U 00055TN  24303.48264509  .00016681  00000-0  71520-2 0  9998
2 42418  98.7063  13.4941 0012303 112.3579 247.8905 14.24797976446592
NOAA 16 DEB
1 42418U 00055TN  24305.65955649  .00016548  00000-0  70843-2 0  9990
2 42418  98.7062  15.6537 0011941 106.3434 253.9059 14.24881275446905
NOAA 16 DEB
1 42418U 00055TN  24305.65955649  .00016548  00000-0  70843-2 0  9990
2 42418  98.7062  15.6537 0011941 106.3434 253.9059 14.24881275446905
NOAA 16 DEB
1 42418U 00055TN  24306.92351062  .00018989  00000-0  81155-2 0  9999
2 42418  98.7050  16.9064 0011804 102.8693 257.3805 14.24933235447088
NOAA 16 DEB
1 42418U 00055TN  24306.92351062  .00018989  00000-0  81155-2 0  9999
2 42418  98.7050  16.9064 0011804 102.8693 257.3805 14.24933235447088
NOAA 16 DEB
1 42418U 00055TN  24309.17042523  .00020459  00000-0  87249-2 0  9993
2 42418  98.7051  19.1353 0011267  96.5815 263.6647 14.25029713447401
NOAA 16 DEB
1 42418U 00055TN  24309.17042523  .00020459  00000-0  87249-2 0  9993
2 42418  98.7051  19.1353 0011267  96.5815 263.6647 14.25029713447401
NOAA 16 DEB
1 42418U 00055TN  24310.15340413  .00017150  00000-0  73149-2 0  9990
2 42418  98.7058  20.1097 0011500  93.0577 267.1918 14.25065681447541
NOAA 16 DEB
1 42418U 00055TN  24310.15340413  .00017150  00000-0  73149-2 0  9990
2 42418  98.7058  20.1097 0011500  93.0577 267.1918 14.25065681447541
NOAA 16 DEB
1 42418U 00055TN  24314.15529881  .00015404  00000-0  65577-2 0  9998
2 42418  98.7118  24.0813 0010744  79.9493 280.2898 14.25194955448110
NOAA 16 DEB
1 42418U 00055TN  24314.15529881  .00015404  00000-0  65577-2 0  9998
2 42418  98.7118  24.0813 0010744  79.9493 280.2898 14.25194955448110
NOAA 16 DEB
1 42418U 00055TN  24315.48917605  .00020134  00000-0  85516-2 0  9991
2 42418  98.7093  25.4025 0010065  74.5505 285.6786 14.25250915448308
NOAA 16 DEB
1 42418U 00055TN  24315.48917605  .00020134  00000-0  85516-2 0  9991
2 42418  98.7093  25.4025 0010065  74.5505 285.6786 14.25250915448308
NOAA 16 DEB
1 42418U 00055TN  24318.15682558  .00008509  00000-0  36267-2 0  9995
2 42418  98.7111  28.0519 0010469  68.4962 291.7332 14.25305913448688
NOAA 16 DEB
1 42418U 00055TN  24318.43762606  .00008915  00000-0  37984-2 0  9997
2 42418  98.7053  28.3265 0010631  67.9322 292.2985 14.25311087448723
NOAA 16 DEB
1 42418U 00055TN  24322.15815216  .00005415  00000-0  23133-2 0  9990
2 42418  98.7043  32.0194 0010158  55.2024 305.0110 14.25362200449253
NOAA 16 DEB
1 42418U 00055TN  24322.15815216  .00005415  00000-0  23133-2 0  9990
2 42418  98.7043  32.0194 0010158  55.2024 305.0110 14.25362200449253
NOAA 16 DEB
1 42418U 00055TN  24323.42169795  .00005375  00000-0  22958-2 0  9994
2 42418  98.7032  33.2719 0010298  53.1758 307.0365 14.25375565449435
NOAA 16 DEB
1 42418U 00055TN  24326.15933036  .00007205  00000-0  30683-2 0  9992
2 42418  98.7030  35.9875 0010134  45.0021 315.1977 14.25414696449828
NOAA 16 DEB
1 42418U 00055TN  24326.15933036  .00007205  00000-0  30683-2 0  9992
2 42418  98.7030  35.9875 0010134  45.0021 315.1977 14.25414696449828
NOAA 16 DEB
1 42418U 00055TN  24330.44108754  .00011358  00000-0  48152-2 0  9994
2 42418  98.7025  40.2347 0009839  30.8544 329.3212 14.25499612450436
NOAA 16 DEB
1 42418U 00055TN  24330.44108754  .00011358  00000-0  48152-2 0  9994
2 42418  98.7025  40.2347 0009839  30.8544 329.3212 14.25499612450436
NOAA 16 DEB
1 42418U 00055TN  24333.03808457  .00010428  00000-0  44182-2 0  9995
2 42418  98.7033  42.8120 0009828  23.5860 336.5769 14.25556688450805
NOAA 16 DEB
1 42418U 00055TN  24333.03808457  .00010428  00000-0  44182-2 0  9995
2 42418  98.7033  42.8120 0009828  23.5860 336.5769 14.25556688450805
NOAA 16 DEB
1 42418U 00055TN  24334.65237476  .00012014  00000-0  50823-2 0  9993
2 42418  98.7034  44.4173 0009512  15.0452 345.1009 14.25598074451039
NOAA 16 DEB
1 42418U 00055TN  24334.65237476  .00012014  00000-0  50823-2 0  9993
2 42418  98.7034  44.4173 0009512  15.0452 345.1009 14.25598074451039
NOAA 16 DEB
1 42418U 00055TN  24338.16155608  .00008916  00000-0  37725-2 0  9991
2 42418  98.7022  47.9004 0009463   3.8887 356.2365 14.25676423451537
NOAA 16 DEB
1 42418U 00055TN  24338.16155608  .00008916  00000-0  37725-2 0  9991
2 42418  98.7022  47.9004 0009463   3.8887 356.2365 14.25676423451537
NOAA 16 DEB
1 42418U 00055TN  24340.05643666  .00010233  00000-0  43227-2 0  9997
2 42418  98.7015  49.7809 0009468 356.8754   3.2365 14.25717414451806
NOAA 16 DEB
1 42418U 00055TN  24340.05643666  .00010233  00000-0  43227-2 0  9997
2 42418  98.7015  49.7809 0009468 356.8754   3.2365 14.25717414451806
NOAA 16 DEB
1 42418U 00055TN  24342.44251164  .00008277  00000-0  34982-2 0  9993
2 42418  98.7009  52.1491 0009448 349.0517  11.0455 14.25760710452145
NOAA 16 DEB
1 42418U 00055TN  24342.44251164  .00008277  00000-0  34982-2 0  9993
2 42418  98.7009  52.1491 0009448 349.0517  11.0455 14.25760710452145
NOAA 16 DEB
1 42418U 00055TN  24343.42499287  .00008918  00000-0  37659-2 0  9998
2 42418  98.7020  53.1234 0009583 345.6467  14.4439 14.25778849452286
NOAA 16 DEB
1 42418U 00055TN  24343.42499287  .00008918  00000-0  37659-2 0  9998
2 42418  98.7020  53.1234 0009583 345.6467  14.4439 14.25778849452286
NOAA 16 DEB
1 42418U 00055TN  24346.44253549  .00007192  00000-0  30384-2 0  9993
2 42418  98.7019  56.1208 0009580 335.2718  24.8001 14.25830957452716
NOAA 16 DEB
1 42418U 00055TN  24346.65305811  .00006827  00000-0  28852-2 0  9997
2 42418  98.7020  56.3297 0009611 334.4090  25.6613 14.25833331452747
NOAA 16 DEB
1 42418U 00055TN  24346.65305811  .00006827  00000-0  28852-2 0  9997
2 42418  98.7020  56.3297 0009611 334.4090  25.6613 14.25833331452747
NOAA 16 DEB
1 42418U 00055TN  24347.14427553  .00006591  00000-0  27857-2 0  9992
2 42418  98.7022  56.8167 0009732 332.3215  27.7446 14.25839949452816
NOAA 16 DEB
1 42418U 00055TN  24350.02136431  .00007321  00000-0  30897-2 0  9995
2 42418  98.7017  59.6731 0009660 323.5661  36.4861 14.25877744453224
NOAA 16 DEB
1 42418U 00055TN  24350.02136431  .00007321  00000-0  30897-2 0  9995
2 42418  98.7017  59.6731 0009660 323.5661  36.4861 14.25877744453224
NOAA 16 DEB
1 42418U 00055TN  24350.93359379  .00007711  00000-0  32519-2 0  9999
2 42418  98.7020  60.5791 0009892 319.4647  40.5795 14.25891850453350
NOAA 16 DEB
1 42418U 00055TN  24352.47734778  .00008054  00000-0  33941-2 0  9991
2 42418  98.7016  62.1119 0009978 314.2165  45.8195 14.25916362453572
NOAA 16 DEB
1 42418U 00055TN  24352.47734778  .00008054  00000-0  33941-2 0  9991
2 42418  98.7016  62.1119 0009978 314.2165  45.8195 14.25916362453572
NOAA 16 DEB
1 42418U 00055TN  24353.17904493  .00008796  00000-0  37037-2 0  9995
2 42418  98.7013  62.8082 0010031 312.3191  47.7138 14.25929574453673
NOAA 16 DEB
1 42418U 00055TN  24354.16141178  .00007455  00000-0  31417-2 0  9995
2 42418  98.7011  63.7833 0010106 309.1283  50.8998 14.25943502453816
NOAA 16 DEB
1 42418U 00055TN  24354.16141178  .00007455  00000-0  31417-2 0  9995
2 42418  98.7011  63.7833 0010106 309.1283  50.8998 14.25943502453816
NOAA 16 DEB
1 42418U 00055TN  24358.65210433  .00008275  00000-0  34800-2 0  9994
2 42418  98.7012  68.2423 0010381 294.6570  65.3528 14.26014380454459
NOAA 16 DEB
1 42418U 00055TN  24359.42391673  .00010113  00000-0  42461-2 0  9992
2 42418  98.7014  69.0090 0010469 292.2229  67.7840 14.26031937454564
NOAA 16 DEB
1 42418U 00055TN  24359.98522967  .00010165  00000-0  42669-2 0  9992
2 42418  98.7014  69.5665 0010557 290.5142  69.4905 14.26043108454643
NOAA 16 DEB
1 42418U 00055TN  24359.98522967  .00010165  00000-0  42669-2 0  9992
2 42418  98.7014  69.5665 0010557 290.5142  69.4905 14.26043108454643
NOAA 16 DEB
1 42418U 00055TN  24362.44092061  .00009861  00000-0  41357-2 0  9998
2 42418  98.7006  72.0059 0010676 282.4780  77.5206 14.26092535454990
NOAA 16 DEB
1 42418U 00055TN  24362.44092061  .00009861  00000-0  41357-2 0  9998
2 42418  98.7006  72.0059 0010676 282.4780  77.5206 14.26092535454990
NOAA 16 DEB
1 42418U 00055TN  24363.14253134  .00010279  00000-0  43087-2 0  9993
2 42418  98.7008  72.7027 0010748 280.4754  79.5215 14.26107010455092
NOAA 16 DEB
1 42418U 00055TN  24366.65046588  .00013150  00000-0  54956-2 0  9993
2 42418  98.7007  76.1864 0011114 270.5159  89.4747 14.26192953455590
NOAA 16 DEB
1 42418U 00055TN  24366.65046588  .00013150  00000-0  54956-2 0  9993
2 42418  98.7007  76.1864 0011114 270.5159  89.4747 14.26192953455590
NOAA 16 DEB
1 42418U 00055TN  25002.47448713  .00023437  00000-0  97501-2 0  9999
2 42418  98.7000  77.9977 0011412 265.3973  94.5904 14.26272433455857
NOAA 16 DEB
1 42418U 00055TN  25002.47448713  .00023437  00000-0  97501-2 0  9999
2 42418  98.7000  77.9977 0011412 265.3973  94.5904 14.26272433455857
NOAA 16 DEB
1 42418U 00055TN  25003.17601048  .00012069  00000-0  50371-2 0  9992
2 42418  98.7006  78.6956 0011252 263.2821  96.7078 14.26285346455953
NOAA 16 DEB
1 42418U 00055TN  25003.17601048  .00012069  00000-0  50371-2 0  9992
2 42418  98.7006  78.6956 0011252 263.2821  96.7078 14.26285346455953
NOAA 16 DEB
1 42418U 00055TN  25004.15812925  .00007590  00000-0  31754-2 0  9996
2 42418  98.6993  79.6695 0011045 260.7555  99.2376 14.26304538456094
NOAA 16 DEB
1 42418U 00055TN  25004.64918322  .00008133  00000-0  34003-2 0  9992
2 42418  98.7010  80.1587 0011320 259.4744 100.5161 14.26315636456160
NOAA 16 DEB
1 42418U 00055TN  25005.42083144  .00011423  00000-0  47640-2 0  9991
2 42418  98.7017  80.9243 0011535 259.1791 100.8091 14.26337528456272
NOAA 16 DEB
1 42418U 00055TN  25005.42083144  .00011423  00000-0  47640-2 0  9991
2 42418  98.7017  80.9243 0011535 259.1791 100.8091 14.26337528456272
NOAA 16 DEB
1 42418U 00055TN  25007.45513039  .00007246  00000-0  30281-2 0  9998
2 42418  98.7001  82.9464 0011924 252.2996 107.6882 14.26376995456561
NOAA 16 DEB
1 42418U 00055TN  25007.45513039  .00007246  00000-0  30281-2 0  9998
2 42418  98.7001  82.9464 0011924 252.2996 107.6882 14.26376995456561
NOAA 16 DEB
1 42418U 00055TN  25008.43718977  .00007219  00000-0  30159-2 0  9999
2 42418  98.6999  83.9220 0011806 248.6392 111.3528 14.26391746456701
NOAA 16 DEB
1 42418U 00055TN  25008.92821628  .00006057  00000-0  25338-2 0  9993
2 42418  98.7001  84.4098 0011846 247.1635 112.8294 14.26396736456770
NOAA 16 DEB
1 42418U 00055TN  25013.13692648  .00005468  00000-0  22867-2 0  9999
2 42418  98.6999  88.5915 0012148 235.6009 124.4023 14.26449618457375
NOAA 16 DEB
1 42418U 00055TN  25013.13692648  .00005468  00000-0  22867-2 0  9999
2 42418  98.6999  88.5915 0012148 235.6009 124.4023 14.26449618457375
NOAA 16 DEB
1 42418U 00055TN  25018.46772890  .00008282  00000-0  34473-2 0  9991
2 42418  98.6984  93.8877 0012630 221.6817 138.3401 14.26527315458133
NOAA 16 DEB
1 42418U 00055TN  25018.46772890  .00008282  00000-0  34473-2 0  9991
2 42418  98.6984  93.8877 0012630 221.6817 138.3401 14.26527315458133
NOAA 16 DEB
1 42418U 00055TN  25018.95870852  .00007959  00000-0  33131-2 0  9992
2 42418  98.6981  94.3757 0012665 220.3094 139.7148 14.26535011458207
NOAA 16 DEB
1 42418U 00055TN  25019.66010289  .00008748  00000-0  36383-2 0  9990
2 42418  98.6982  95.0727 0012711 218.4804 141.5471 14.26548317458306
NOAA 16 DEB
1 42418U 00055TN  25020.43162971  .00010510  00000-0  43652-2 0  9990
2 42418  98.6979  95.8392 0012726 216.3221 143.7096 14.26564366458415
NOAA 16 DEB
1 42418U 00055TN  25020.43162971  .00010510  00000-0  43652-2 0  9990
2 42418  98.6979  95.8392 0012726 216.3221 143.7096 14.26564366458415
NOAA 16 DEB
1 42418U 00055TN  25022.04479385  .00009584  00000-0  39801-2 0  9999
2 42418  98.6978  97.4423 0012809 211.9978 148.0425 14.26595633458649
NOAA 16 DEB
1 42418U 00055TN  25023.16697368  .00008822  00000-0  36640-2 0  9998
2 42418  98.6979  98.5575 0012866 209.0540 150.9925 14.26616644458807
NOAA 16 DEB
1 42418U 00055TN  25023.16697368  .00008822  00000-0  36640-2 0  9998
2 42418  98.6979  98.5575 0012866 209.0540 150.9925 14.26616644458807
NOAA 16 DEB
1 42418U 00055TN  25024.14886652  .00009902  00000-0  41079-2 0  9995
2 42418  98.6983  99.5333 0012917 206.7229 153.3287 14.26637932458946
NOAA 16 DEB
1 42418U 00055TN  25024.14886652  .00009902  00000-0  41079-2 0  9995
2 42418  98.6983  99.5333 0012917 206.7229 153.3287 14.26637932458946
NOAA 16 DEB
1 42418U 00055TN  25024.14886689  .00009770  00000-0  40535-2 0  9994
2 42418  98.6982  99.5335 0012924 206.8777 153.1735 14.26636979458940
NOAA 16 DEB
1 42418U 00055TN  25024.14886689  .00009770  00000-0  40535-2 0  9994
2 42418  98.6982  99.5335 0012924 206.8777 153.1735 14.26636979458940
NOAA 16 DEB
1 42418U 00055TN  25027.16460704  .00007006  00000-0  29102-2 0  9992
2 42418  98.6982 102.5308 0013041 198.7241 161.3461 14.26686116459374
NOAA 16 DEB
1 42418U 00055TN  25027.16460704  .00007006  00000-0  29102-2 0  9992
2 42418  98.6982 102.5308 0013041 198.7241 161.3461 14.26686116459374
NOAA 16 DEB
1 42418U 00055TN  25027.16460704  .00007006  00000-0  29102-2 0  9992
2 42418  98.6982 102.5308 0013041 198.7241 161.3461 14.26686116459374
NOAA 16 DEB
1 42418U 00055TN  25028.42698040  .00008090  00000-0  33558-2 0  9992
2 42418  98.6978 103.7854 0013111 196.4500 163.6256 14.26706793459550
NOAA 16 DEB
1 42418U 00055TN  25029.96985282  .00008256  00000-0  34225-2 0  9995
2 42418  98.6970 105.3184 0013170 192.5173 167.5682 14.26735588459778
NOAA 16 DEB
1 42418U 00055TN  25030.46076116  .00007860  00000-0  32587-2 0  9998
2 42418  98.6968 105.8060 0013218 190.7791 169.3108 14.26743510459847
NOAA 16 DEB
1 42418U 00055TN  25031.44256984  .00007923  00000-0  32837-2 0  9998
2 42418  98.6968 106.7817 0013237 188.4216 171.6744 14.26758811459981
NOAA 16 DEB
1 42418U 00055TN  25032.14385564  .00007677  00000-0  31817-2 0  9996
2 42418  98.6965 107.4786 0013253 186.8660 173.2341 14.26768739460088
NOAA 16 DEB
1 42418U 00055TN  25032.14385564  .00007677  00000-0  31817-2 0  9996
2 42418  98.6965 107.4786 0013253 186.8660 173.2341 14.26768739460088
NOAA 16 DEB
1 42418U 00055TN  25032.91526207  .00009858  00000-0  40780-2 0  9994
2 42418  98.6963 108.2453 0013259 185.0392 175.0657 14.26785498460198
NOAA 16 DEB
1 42418U 00055TN  25032.91526207  .00009858  00000-0  40780-2 0  9994
2 42418  98.6963 108.2453 0013259 185.0392 175.0657 14.26785498460198
NOAA 16 DEB
1 42418U 00055TN  25036.14106136  .00007410  00000-0  30679-2 0  9996
2 42418  98.6960 111.4517 0013296 176.9625 183.1638 14.26839522460659
NOAA 16 DEB
1 42418U 00055TN  25036.14106136  .00007410  00000-0  30679-2 0  9996
2 42418  98.6960 111.4517 0013296 176.9625 183.1638 14.26839522460659
NOAA 16 DEB
1 42418U 00055TN  25036.91243192  .00008208  00000-0  33951-2 0  9997
2 42418  98.6961 112.2184 0013316 175.0333 185.0981 14.26851575460764
NOAA 16 DEB
1 42418U 00055TN  25038.45515619  .00006658  00000-0  27567-2 0  9997
2 42418  98.6964 113.7521 0013418 170.5680 189.5755 14.26870740460983
NOAA 16 DEB
1 42418U 00055TN  25038.45515619  .00006658  00000-0  27567-2 0  9997
2 42418  98.6964 113.7521 0013418 170.5680 189.5755 14.26870740460983
NOAA 16 DEB
1 42418U 00055TN  25039.15638725  .00006145  00000-0  25454-2 0  9993
2 42418  98.6969 114.4496 0013468 169.1629 190.9844 14.26878832461086
NOAA 16 DEB
1 42418U 00055TN  25040.13810466  .00006170  00000-0  25554-2 0  9996
2 42418  98.6968 115.4252 0013448 166.4538 193.7006 14.26890233461229
NOAA 16 DEB
1 42418U 00055TN  25040.13810466  .00006170  00000-0  25554-2 0  9996
2 42418  98.6968 115.4252 0013448 166.4538 193.7006 14.26890233461229
NOAA 16 DEB
1 42418U 00055TN  25043.15331584  .00006319  00000-0  26142-2 0  9999
2 42418  98.6976 118.4232 0013575 158.2318 201.9441 14.26934620461656
NOAA 16 DEB
1 42418U 00055TN  25043.15331584  .00006319  00000-0  26142-2 0  9999
2 42418  98.6976 118.4232 0013575 158.2318 201.9441 14.26934620461656
NOAA 16 DEB
1 42418U 00055TN  25043.71427603  .00006380  00000-0  26388-2 0  9999
2 42418  98.6967 118.9803 0013392 157.4329 202.7442 14.26941930461736
NOAA 16 DEB
1 42418U 00055TN  25046.44891156  .00008274  00000-0  34134-2 0  9992
2 42418  98.6955 121.6994 0013230 150.6699 209.5227 14.26982865462123
NOAA 16 DEB
1 42418U 00055TN  25046.44891156  .00008274  00000-0  34134-2 0  9992
2 42418  98.6955 121.6994 0013230 150.6699 209.5227 14.26982865462123
NOAA 16 DEB
1 42418U 00055TN  25046.93973498  .00008680  00000-0  35791-2 0  9997
2 42418  98.6950 122.1864 0013209 150.1335 210.0602 14.26991004462194
NOAA 16 DEB
1 42418U 00055TN  25047.15008663  .00008827  00000-0  36391-2 0  9995
2 42418  98.6950 122.3949 0013180 149.8572 210.3370 14.26995051462221
NOAA 16 DEB
1 42418U 00055TN  25050.16506934  .00007693  00000-0  31713-2 0  9997
2 42418  98.6941 125.3912 0013077 142.5994 217.6099 14.27046772462650
NOAA 16 DEB
1 42418U 00055TN  25050.16506934  .00007693  00000-0  31713-2 0  9997
2 42418  98.6941 125.3912 0013077 142.5994 217.6099 14.27046772462650
NOAA 16 DEB
1 42418U 00055TN  25051.14666662  .00008101  00000-0  33371-2 0  9998
2 42418  98.6943 126.3670 0013004 140.3959 219.8174 14.27064892462797
NOAA 16 DEB
1 42418U 00055TN  25051.14666662  .00008101  00000-0  33371-2 0  9998
2 42418  98.6943 126.3670 0013004 140.3959 219.8174 14.27064892462797
NOAA 16 DEB
1 42418U 00055TN  25054.44194678  .00008551  00000-0  35176-2 0  9991
2 42418  98.6942 129.6431 0012877 131.9000 228.3281 14.27120997463263
NOAA 16 DEB
1 42418U 00055TN  25054.65227964  .00008150  00000-0  33536-2 0  9992
2 42418  98.6943 129.8521 0012875 131.3583 228.8707 14.27123956463293
NOAA 16 DEB
1 42418U 00055TN  25055.98437269  .00011315  00000-0  46440-2 0  9995
2 42418  98.6946 131.1767 0012723 128.0939 232.1391 14.27152936463482
NOAA 16 DEB
1 42418U 00055TN  25055.98437269  .00011315  00000-0  46440-2 0  9995
2 42418  98.6946 131.1767 0012723 128.0939 232.1391 14.27152936463482
NOAA 16 DEB
1 42418U 00055TN  25057.45665358  .00010354  00000-0  42494-2 0  9998
2 42418  98.6944 132.6406 0012580 124.6164 235.6204 14.27183869463692
NOAA 16 DEB
1 42418U 00055TN  25057.66697649  .00010237  00000-0  42012-2 0  9995
2 42418  98.6945 132.8501 0012539 123.7227 236.5151 14.27188839463722
NOAA 16 DEB
1 42418U 00055TN  25058.01751409  .00010580  00000-0  43405-2 0  9998
2 42418  98.6937 133.1984 0012602 122.7679 237.4718 14.27196173463777
NOAA 16 DEB
1 42418U 00055TN  25058.01751409  .00010580  00000-0  43405-2 0  9998
2 42418  98.6937 133.1984 0012602 122.7679 237.4718 14.27196173463777
NOAA 16 DEB
1 42418U 00055TN  25059.41964196  .00011823  00000-0  48442-2 0  9999
2 42418  98.6933 134.5917 0012482 119.4384 240.8044 14.27230387463974
NOAA 16 DEB
1 42418U 00055TN  25059.98048481  .00011155  00000-0  45712-2 0  9996
2 42418  98.6930 135.1492 0012441 118.0804 242.1636 14.27241842464053
NOAA 16 DEB
1 42418U 00055TN  25059.98048481  .00011155  00000-0  45712-2 0  9996
2 42418  98.6930 135.1492 0012441 118.0804 242.1636 14.27241842464053
NOAA 16 DEB
1 42418U 00055TN  25061.45267833  .00006800  00000-0  27940-2 0  9999
2 42418  98.6926 136.6127 0012333 114.2771 245.9699 14.27263703464263
NOAA 16 DEB
1 42418U 00055TN  25061.45267833  .00006800  00000-0  27940-2 0  9999
2 42418  98.6926 136.6127 0012333 114.2771 245.9699 14.27263703464263
NOAA 16 DEB
1 42418U 00055TN  25062.15371612  .00005380  00000-0  22146-2 0  9993
2 42418  98.6925 137.3094 0012264 112.6501 247.5978 14.27271052464364
NOAA 16 DEB
1 42418U 00055TN  25063.41557593  .00006059  00000-0  24908-2 0  9999
2 42418  98.6922 138.5643 0012175 109.3176 250.9322 14.27284638464541
NOAA 16 DEB
1 42418U 00055TN  25063.41557593  .00006059  00000-0  24908-2 0  9999
2 42418  98.6922 138.5643 0012175 109.3176 250.9322 14.27284638464541
NOAA 16 DEB
1 42418U 00055TN  25064.46711498  .00007383  00000-0  30300-2 0  9995
2 42418  98.6926 139.6096 0012007 106.4173 253.8329 14.27299285464697
NOAA 16 DEB
1 42418U 00055TN  25065.16813612  .00005807  00000-0  23872-2 0  9999
2 42418  98.6920 140.3075 0011945 104.9418 255.3086 14.27305224464791
NOAA 16 DEB
1 42418U 00055TN  25066.92067073  .00005722  00000-0  23519-2 0  9990
2 42418  98.6923 142.0498 0011787 100.3201 259.9309 14.27325545465041
NOAA 16 DEB
1 42418U 00055TN  25066.92067073  .00005722  00000-0  23519-2 0  9990
2 42418  98.6923 142.0498 0011787 100.3201 259.9309 14.27325545465041
NOAA 16 DEB
1 42418U 00055TN  25068.46287899  .00008300  00000-0  34002-2 0  9995
2 42418  98.6923 143.5835 0011641  96.3011 263.9496 14.27349625465265
NOAA 16 DEB
1 42418U 00055TN  25068.46287899  .00008300  00000-0  34002-2 0  9995
2 42418  98.6923 143.5835 0011641  96.3011 263.9496 14.27349625465265
NOAA 16 DEB
1 42418U 00055TN  25069.44426992  .00007520  00000-0  30818-2 0  9997
2 42418  98.6916 144.5592 0011950  93.5917 266.6630 14.27364226465405
NOAA 16 DEB
1 42418U 00055TN  25069.44426992  .00007520  00000-0  30818-2 0  9997
2 42418  98.6916 144.5592 0011950  93.5917 266.6630 14.27364226465405
NOAA 16 DEB
1 42418U 00055TN  25072.03789739  .00008732  00000-0  35724-2 0  9994
2 42418  98.6912 147.1390 0011268  87.0652 273.1818 14.27405077465773
NOAA 16 DEB
1 42418U 00055TN  25072.45847733  .00011132  00000-0  45469-2 0  9994
2 42418  98.6910 147.5564 0011291  85.9051 274.3419 14.27416918465837
NOAA 16 DEB
1 42418U 00055TN  25073.43981985  .00010750  00000-0  43901-2 0  9995
2 42418  98.6923 148.5321 0010789  82.5532 277.6874 14.27437243465971
NOAA 16 DEB
1 42418U 00055TN  25074.14076911  .00010333  00000-0  42197-2 0  9991
2 42418  98.6916 149.2288 0010810  80.7251 279.5152 14.27452453466078
NOAA 16 DEB
1 42418U 00055TN  25077.99585571  .00012626  00000-0  51413-2 0  9992
2 42418  98.6902 153.0629 0010393  69.4986 290.7309 14.27542855466626
NOAA 16 DEB
1 42418U 00055TN  25078.41639515  .00011510  00000-0  46886-2 0  9997
2 42418  98.6901 153.4810 0010330  68.3607 291.8673 14.27552435466687
NOAA 16 DEB
1 42418U 00055TN  25079.46772559  .00013491  00000-0  54873-2 0  9994
2 42418  98.6897 154.5266 0010265  65.3687 294.8562 14.27586861466837
NOAA 16 DEB
1 42418U 00055TN  25079.46772559  .00013491  00000-0  54873-2 0  9994
2 42418  98.6897 154.5266 0010265  65.3687 294.8562 14.27586861466837
NOAA 16 DEB
1 42418U 00055TN  25080.44895108  .00010196  00000-0  41516-2 0  9999
2 42418  98.6901 155.5023 0010133  62.4575 297.7634 14.27606465466973
NOAA 16 DEB
1 42418U 00055TN  25080.44895108  .00010196  00000-0  41516-2 0  9999
2 42418  98.6901 155.5023 0010133  62.4575 297.7634 14.27606465466973
NOAA 16 DEB
1 42418U 00055TN  25084.02323856  .00013099  00000-0  53154-2 0  9999
2 42418  98.6915 159.0554 0009654  51.4621 308.7423 14.27717544467489
NOAA 16 DEB
1 42418U 00055TN  25084.02323856  .00013099  00000-0  53154-2 0  9999
2 42418  98.6915 159.0554 0009654  51.4621 308.7423 14.27717544467489
NOAA 16 DEB
1 42418U 00055TN  25084.65396995  .00012054  00000-0  48922-2 0  9999
2 42418  98.6918 159.6826 0009622  49.3955 310.8062 14.27732328467571
NOAA 16 DEB
1 42418U 00055TN  25085.14453361  .00011413  00000-0  46322-2 0  9995
2 42418  98.6903 160.1719 0009458  48.9024 311.2972 14.27743459467642
NOAA 16 DEB
1 42418U 00055TN  25086.47604228  .00013853  00000-0  56129-2 0  9998
2 42418  98.6906 161.4970 0009276  43.2380 316.9527 14.27780370467831
NOAA 16 DEB
1 42418U 00055TN  25086.47604228  .00013853  00000-0  56129-2 0  9998
2 42418  98.6906 161.4970 0009276  43.2380 316.9527 14.27780370467831
NOAA 16 DEB
1 42418U 00055TN  25087.45713460  .00008980  00000-0  36462-2 0  9999
2 42418  98.6904 162.4731 0009135  39.8359 320.3491 14.27798342467978
NOAA 16 DEB
1 42418U 00055TN  25087.45713460  .00008980  00000-0  36462-2 0  9999
2 42418  98.6904 162.4731 0009135  39.8359 320.3491 14.27798342467978
NOAA 16 DEB
1 42418U 00055TN  25092.43252293  .00007719  00000-0  31332-2 0  9995
2 42418  98.6908 167.4260 0008623  23.9014 336.2566 14.27868667468683
NOAA 16 DEB
1 42418U 00055TN  25092.43252293  .00007719  00000-0  31332-2 0  9995
2 42418  98.6908 167.4260 0008623  23.9014 336.2566 14.27868667468683
NOAA 16 DEB
1 42418U 00055TN  25095.16536617  .00010839  00000-0  43859-2 0  9997
2 42418  98.6883 170.1422 0008349  14.3828 345.7589 14.27922639469072
NOAA 16 DEB
1 42418U 00055TN  25095.44565135  .00010835  00000-0  43836-2 0  9996
2 42418  98.6881 170.4212 0008300  13.1620 346.9776 14.27928715469111
NOAA 16 DEB
1 42418U 00055TN  25096.91713244  .00008668  00000-0  35097-2 0  9996
2 42418  98.6898 171.8857 0008262   8.8382 351.2943 14.27956229469321
NOAA 16 DEB
1 42418U 00055TN  25096.91713244  .00008668  00000-0  35097-2 0  9996
2 42418  98.6898 171.8857 0008262   8.8382 351.2943 14.27956229469321
NOAA 16 DEB
1 42418U 00055TN  25098.45865392  .00008173  00000-0  33088-2 0  9998
2 42418  98.6888 173.4190 0008073   2.9864 357.1364 14.27982517469543
NOAA 16 DEB
1 42418U 00055TN  25099.01920111  .00008267  00000-0  33461-2 0  9991
2 42418  98.6888 173.9767 0008027   0.2353 359.8830 14.27991324469623
NOAA 16 DEB
1 42418U 00055TN  25099.01920111  .00008267  00000-0  33461-2 0  9991
2 42418  98.6888 173.9767 0008027   0.2353 359.8830 14.27991324469623
NOAA 16 DEB
1 42418U 00055TN  25102.45246695  .00008450  00000-0  34160-2 0  9993
2 42418  98.6888 177.3924 0007828 346.9629  13.1348 14.28051306470118
NOAA 16 DEB
1 42418U 00055TN  25102.45246695  .00008450  00000-0  34160-2 0  9993
2 42418  98.6888 177.3924 0007828 346.9629  13.1348 14.28051306470118
NOAA 16 DEB
1 42418U 00055TN  25102.66266259  .00008104  00000-0  32767-2 0  9991
2 42418  98.6886 177.6016 0007808 346.3633  13.7335 14.28054172470147
NOAA 16 DEB
1 42418U 00055TN  25103.64356694  .00008477  00000-0  34252-2 0  9997
2 42418  98.6888 178.5774 0007788 342.5435  17.5478 14.28072054470289
NOAA 16 DEB
1 42418U 00055TN  25106.02572153  .00007835  00000-0  31656-2 0  9994
2 42418  98.6882 180.9480 0007755 333.1187  26.9591 14.28106932470629
NOAA 16 DEB
1 42418U 00055TN  25106.02572153  .00007835  00000-0  31656-2 0  9994
2 42418  98.6882 180.9480 0007755 333.1187  26.9591 14.28106932470629
NOAA 16 DEB
1 42418U 00055TN  25106.65628177  .00008267  00000-0  33382-2 0  9999
2 42418  98.6880 181.5756 0007757 330.5308  29.5435 14.28117380470713
NOAA 16 DEB
1 42418U 00055TN  25109.66889409  .00006199  00000-0  25062-2 0  9998
2 42418  98.6878 184.5737 0007752 319.0098  41.0500 14.28162630471143
NOAA 16 DEB
1 42418U 00055TN  25109.66889409  .00006199  00000-0  25062-2 0  9998
2 42418  98.6878 184.5737 0007752 319.0098  41.0500 14.28162630471143
NOAA 16 DEB
1 42418U 00055TN  25110.64972692  .00006544  00000-0  26439-2 0  9998
2 42418  98.6877 185.5498 0007723 316.3808  43.6762 14.28176084471285
NOAA 16 DEB
1 42418U 00055TN  25110.64972692  .00006544  00000-0  26439-2 0  9998
2 42418  98.6877 185.5498 0007723 316.3808  43.6762 14.28176084471285
NOAA 16 DEB
1 42418U 00055TN  25116.67461972  .00006976  00000-0  28116-2 0  9994
2 42418  98.6877 191.5461 0008196 292.1446  67.8865 14.28267235472143
NOAA 16 DEB
1 42418U 00055TN  25116.67461972  .00006976  00000-0  28116-2 0  9994
2 42418  98.6877 191.5461 0008196 292.1446  67.8865 14.28267235472143
NOAA 16 DEB
1 42418U 00055TN  25117.44521345  .00007285  00000-0  29344-2 0  9999
2 42418  98.6872 192.3130 0008863 284.1851  75.8346 14.28279500472255
NOAA 16 DEB
1 42418U 00055TN  25118.42596996  .00007657  00000-0  30827-2 0  9993
2 42418  98.6867 193.2893 0008294 285.7608  74.2658 14.28294334472396
NOAA 16 DEB
1 42418U 00055TN  25118.98639576  .00007013  00000-0  28246-2 0  9994
2 42418  98.6892 193.8475 0008352 284.9654  75.0603 14.28301625472473
NOAA 16 DEB
1 42418U 00055TN  25121.15801710  .00006040  00000-0  24344-2 0  9992
2 42418  98.6878 196.0096 0008534 276.2934  83.7275 14.28329033472786
NOAA 16 DEB
1 42418U 00055TN  25121.15801710  .00006040  00000-0  24344-2 0  9992
2 42418  98.6878 196.0096 0008534 276.2934  83.7275 14.28329033472786
NOAA 16 DEB
1 42418U 00055TN  25124.45038523  .00005548  00000-0  22353-2 0  9992
2 42418  98.6876 199.2868 0008864 264.2631  95.7539 14.28376791473255
NOAA 16 DEB
1 42418U 00055TN  25124.45038523  .00005548  00000-0  22353-2 0  9992
2 42418  98.6876 199.2868 0008864 264.2631  95.7539 14.28376791473255
NOAA 16 DEB
1 42418U 00055TN  25128.16294761  .00004344  00000-0  17530-2 0  9996
2 42418  98.6875 202.9824 0009214 251.7325 108.2854 14.28415010473785
NOAA 16 DEB
1 42418U 00055TN  25128.16294761  .00004344  00000-0  17530-2 0  9996
2 42418  98.6875 202.9824 0009214 251.7325 108.2854 14.28415010473785
NOAA 16 DEB
1 42418U 00055TN  25129.14360947  .00005015  00000-0  20206-2 0  9995
2 42418  98.6881 203.9592 0009394 248.9145 111.1032 14.28424854473925
NOAA 16 DEB
1 42418U 00055TN  25131.17495975  .00004160  00000-0  16787-2 0  9990
2 42418  98.6882 205.9815 0009702 242.4909 117.5287 14.28442450474213
NOAA 16 DEB
1 42418U 00055TN  25131.17495975  .00004160  00000-0  16787-2 0  9990
2 42418  98.6882 205.9815 0009702 242.4909 117.5287 14.28442450474213
NOAA 16 DEB
1 42418U 00055TN  25131.66528170  .00004456  00000-0  17965-2 0  9995
2 42418  98.6881 206.4695 0009750 240.9553 119.0652 14.28447611474289
NOAA 16 DEB
1 42418U 00055TN  25132.43578494  .00004808  00000-0  19368-2 0  9995
2 42418  98.6881 207.2367 0009754 238.6698 121.3529 14.28455347474398
NOAA 16 DEB
1 42418U 00055TN  25132.43578494  .00004808  00000-0  19368-2 0  9995
2 42418  98.6881 207.2367 0009754 238.6698 121.3529 14.28455347474398
NOAA 16 DEB
1 42418U 00055TN  25136.98868660  .00004160  00000-0  16769-2 0  9999
2 42418  98.6872 211.7698 0010325 224.9045 135.1302 14.28492542475048
NOAA 16 DEB
1 42418U 00055TN  25136.98868660  .00004160  00000-0  16769-2 0  9999
2 42418  98.6872 211.7698 0010325 224.9045 135.1302 14.28492542475048
NOAA 16 DEB
1 42418U 00055TN  25138.45959576  .00005544  00000-0  22278-2 0  9999
2 42418  98.6872 213.2347 0010538 220.8118 139.2274 14.28509655475258
NOAA 16 DEB
1 42418U 00055TN  25138.45959576  .00005544  00000-0  22278-2 0  9999
2 42418  98.6872 213.2347 0010538 220.8118 139.2274 14.28509655475258
NOAA 16 DEB
1 42418U 00055TN  25143.15241449  .00003463  00000-0  13974-2 0  9996
2 42418  98.6882 217.9084 0011174 208.2621 151.7955 14.28543588475926
NOAA 16 DEB
1 42418U 00055TN  25143.15241449  .00003463  00000-0  13974-2 0  9996
2 42418  98.6882 217.9084 0011174 208.2621 151.7955 14.28543588475926
NOAA 16 DEB
1 42418U 00055TN  25147.14472354  .00003475  00000-0  14014-2 0  9999
2 42418  98.6887 221.8832 0011630 197.0328 163.0464 14.28572731476498
NOAA 16 DEB
1 42418U 00055TN  25147.14472354  .00003475  00000-0  14014-2 0  9999
2 42418  98.6887 221.8832 0011630 197.0328 163.0464 14.28572731476498
NOAA 16 DEB
1 42418U 00055TN  25151.48713074  .00004079  00000-0  16405-2 0  9995
2 42418  98.6879 226.2083 0012125 185.9050 174.1990 14.28612566477112
NOAA 16 DEB
1 42418U 00055TN  25151.48713074  .00004079  00000-0  16405-2 0  9995
2 42418  98.6879 226.2083 0012125 185.9050 174.1990 14.28612566477112
NOAA 16 DEB
1 42418U 00055TN  25152.67776044  .00015083  00000-0  60032-2 0  9995
2 42418  98.6875 227.3940 0012206 182.9545 177.1566 14.28654775477286
NOAA 16 DEB
1 42418U 00055TN  25152.67776044  .00015083  00000-0  60032-2 0  9995
2 42418  98.6875 227.3940 0012206 182.9545 177.1566 14.28654775477286
NOAA 16 DEB
1 42418U 00055TN  25153.16802627  .00005816  00000-0  23296-2 0  9991
2 42418  98.6873 227.8819 0012252 181.5165 178.5981 14.28634175477354
NOAA 16 DEB
1 42418U 00055TN  25154.42868005  .00006609  00000-0  26436-2 0  9993
2 42418  98.6875 229.1374 0012366 178.3607 181.7617 14.28652558477535
NOAA 16 DEB
1 42418U 00055TN  25154.42868005  .00006609  00000-0  26436-2 0  9993
2 42418  98.6875 229.1374 0012366 178.3607 181.7617 14.28652558477535
NOAA 16 DEB
1 42418U 00055TN  25157.65030676  .00003237  00000-0  13037-2 0  9993
2 42418  98.6883 232.3460 0012715 170.4489 189.6937 14.28675046477994
NOAA 16 DEB
1 42418U 00055TN  25157.65030676  .00003237  00000-0  13037-2 0  9993
2 42418  98.6883 232.3460 0012715 170.4489 189.6937 14.28675046477994
NOAA 16 DEB
1 42418U 00055TN  25161.15201428  .00003293  00000-0  13254-2 0  9991
2 42418  98.6889 235.8336 0012944 162.4672 197.6958 14.28700804478498
NOAA 16 DEB
1 42418U 00055TN  25161.64224882  .00002915  00000-0  11754-2 0  9997
2 42418  98.6889 236.3219 0012981 161.1694 198.9970 14.28703329478566
NOAA 16 DEB
1 42418U 00055TN  25163.46310841  .00003596  00000-0  14450-2 0  9992
2 42418  98.6885 238.1354 0013066 156.8108 203.3665 14.28717446478824
NOAA 16 DEB
1 42418U 00055TN  25163.46310841  .00003596  00000-0  14450-2 0  9992
2 42418  98.6885 238.1354 0013066 156.8108 203.3665 14.28717446478824
NOAA 16 DEB
1 42418U 00055TN  25164.16343413  .00003804  00000-0  15276-2 0  9990
2 42418  98.6882 238.8331 0013093 155.1289 205.0526 14.28723332478922
NOAA 16 DEB
1 42418U 00055TN  25164.65365697  .00006822  00000-0  27235-2 0  9993
2 42418  98.6882 239.3214 0013109 153.9775 206.2068 14.28736617478993
NOAA 16 DEB
1 42418U 00055TN  25164.65365697  .00006822  00000-0  27235-2 0  9993
2 42418  98.6882 239.3214 0013109 153.9775 206.2068 14.28736617478993
NOAA 16 DEB
1 42418U 00055TN  25165.00381711  .00006557  00000-0  26184-2 0  9995
2 42418  98.6883 239.6704 0013110 153.0694 207.1170 14.28739213479040
NOAA 16 DEB
1 42418U 00055TN  25165.00381711  .00006557  00000-0  26184-2 0  9995
2 42418  98.6883 239.6704 0013110 153.0694 207.1170 14.28739213479040
NOAA 16 DEB
1 42418U 00055TN  25168.15522561  .00003287  00000-0  13214-2 0  9991
2 42418  98.6880 242.8099 0013228 145.5055 214.6987 14.28758176479494
NOAA 16 DEB
1 42418U 00055TN  25168.15522561  .00003287  00000-0  13214-2 0  9991
2 42418  98.6880 242.8099 0013228 145.5055 214.6987 14.28758176479494
NOAA 16 DEB
1 42418U 00055TN  25170.46622800  .00003532  00000-0  14183-2 0  9994
2 42418  98.6885 245.1119 0013286 140.0914 220.1246 14.28773694479825
NOAA 16 DEB
1 42418U 00055TN  25170.46622800  .00003532  00000-0  14183-2 0  9994
2 42418  98.6885 245.1119 0013286 140.0914 220.1246 14.28773694479825
NOAA 16 DEB
1 42418U 00055TN  25171.44664612  .00003227  00000-0  12973-2 0  9996
2 42418  98.6884 246.0886 0013311 137.8136 222.4072 14.28779203479963
NOAA 16 DEB
1 42418U 00055TN  25172.42706041  .00002763  00000-0  11131-2 0  9997
2 42418  98.6885 247.0651 0013334 135.4442 224.7814 14.28783936480109
NOAA 16 DEB
1 42418U 00055TN  25173.47749971  .00002868  00000-0  11546-2 0  9998
2 42418  98.6887 248.1114 0013344 132.9812 227.2491 14.28790306480255
NOAA 16 DEB
1 42418U 00055TN  25173.47749971  .00002868  00000-0  11546-2 0  9998
2 42418  98.6887 248.1114 0013344 132.9812 227.2491 14.28790306480255
NOAA 16 DEB
1 42418U 00055TN  25174.45790602  .00002702  00000-0  10885-2 0  9996
2 42418  98.6889 249.0882 0013333 130.7323 229.5018 14.28795422480399
NOAA 16 DEB
1 42418U 00055TN  25175.64839495  .00002795  00000-0  11255-2 0  9996
2 42418  98.6889 250.2743 0013324 127.8543 232.3846 14.28801996480564
NOAA 16 DEB
1 42418U 00055TN  25175.64839495  .00002795  00000-0  11255-2 0  9996
2 42418  98.6889 250.2743 0013324 127.8543 232.3846 14.28801996480564
NOAA 16 DEB
1 42418U 00055TN  25178.16941120  .00003017  00000-0  12130-2 0  9996
2 42418  98.6888 252.7861 0013294 121.9292 238.3184 14.28816453480928
NOAA 16 DEB
1 42418U 00055TN  25178.16941120  .00003017  00000-0  12130-2 0  9996
2 42418  98.6888 252.7861 0013294 121.9292 238.3184 14.28816453480928
NOAA 16 DEB
1 42418U 00055TN  25178.65960563  .00002889  00000-0  11621-2 0  9992
2 42418  98.6887 253.2744 0013281 120.8063 239.4427 14.28819002480995
NOAA 16 DEB
1 42418U 00055TN  25179.14979923  .00002807  00000-0  11298-2 0  9997
2 42418  98.6886 253.7628 0013264 119.5670 240.6835 14.28821617481061
NOAA 16 DEB
1 42418U 00055TN  25181.67077869  .00002652  00000-0  10680-2 0  9998
2 42418  98.6883 256.2745 0013196 113.5241 246.7328 14.28836144481423
NOAA 16 DEB
1 42418U 00055TN  25181.67077869  .00002652  00000-0  10680-2 0  9998
2 42418  98.6883 256.2745 0013196 113.5241 246.7328 14.28836144481423
NOAA 16 DEB
1 42418U 00055TN  25182.44107226  .00003262  00000-0  13092-2 0  9993
2 42418  98.6883 257.0419 0013154 111.7283 248.5300 14.28842618481535
NOAA 16 DEB
1 42418U 00055TN  25184.47183423  .00003092  00000-0  12420-2 0  9996
2 42418  98.6885 259.0651 0013040 106.8282 253.4330 14.28854554481827
NOAA 16 DEB
1 42418U 00055TN  25184.47183423  .00003092  00000-0  12420-2 0  9996
2 42418  98.6885 259.0651 0013040 106.8282 253.4330 14.28854554481827
NOAA 16 DEB
1 42418U 00055TN  25186.15244995  .00003190  00000-0  12804-2 0  9990
2 42418  98.6887 260.7394 0012894 102.9239 257.3384 14.28865877482066
NOAA 16 DEB
1 42418U 00055TN  25188.95344525  .00002887  00000-0  11601-2 0  9996
2 42418  98.6892 263.5299 0012680  96.1742 264.0884 14.28884258482461
NOAA 16 DEB
1 42418U 00055TN  25189.44361611  .00002824  00000-0  11349-2 0  9996
2 42418  98.6891 264.0182 0012687  94.8525 265.4106 14.28887200482538
NOAA 16 DEB
1 42418U 00055TN  25189.65368892  .00002715  00000-0  10918-2 0  9997
2 42418  98.6892 264.2275 0012667  94.3640 265.8989 14.28888267482565
NOAA 16 DEB
1 42418U 00055TN  25190.42395433  .00002591  00000-0  10430-2 0  9996
2 42418  98.6893 264.9950 0012592  92.4251 267.8372 14.28892626482671
NOAA 16 DEB
1 42418U 00055TN  25192.17455005  .00002312  00000-0  93238-3 0  9991
2 42418  98.6892 266.7394 0012435  88.1232 272.1373 14.28901210482927
NOAA 16 DEB
1 42418U 00055TN  25192.45464446  .00002304  00000-0  92895-3 0  9990
2 42418  98.6891 267.0185 0012414  87.4389 272.8214 14.28902524482964
NOAA 16 DEB
1 42418U 00055TN  25192.66471472  .00002426  00000-0  97724-3 0  9991
2 42418  98.6892 267.2279 0012396  86.9440 273.3160 14.28904166482995
NOAA 16 DEB
1 42418U 00055TN  25193.99515683  .00002876  00000-0  11553-2 0  9995
2 42418  98.6888 268.5536 0012237  83.6411 276.6164 14.28912616483187
NOAA 16 DEB
1 42418U 00055TN  25195.46563786  .00002699  00000-0  10850-2 0  9998
2 42418  98.6885 270.0188 0012139  79.7997 280.4553 14.28920133483392
NOAA 16 DEB
1 42418U 00055TN  25195.46563786  .00002699  00000-0  10850-2 0  9998
2 42418  98.6885 270.0188 0012139  79.7997 280.4553 14.28920133483392
NOAA 16 DEB
1 42418U 00055TN  25195.67570581  .00002698  00000-0  10847-2 0  9997
2 42418  98.6885 270.2282 0012089  79.3999 280.8543 14.28921360483421
NOAA 16 DEB
1 42418U 00055TN  25196.16586352  .00002856  00000-0  11472-2 0  9996
2 42418  98.6884 270.7166 0012036  78.1220 282.1310 14.28924729483498
NOAA 16 DEB
1 42418U 00055TN  25197.63633058  .00002763  00000-0  11102-2 0  9992
2 42418  98.6885 272.1818 0011856  74.2915 285.9573 14.28933236483705
NOAA 16 DEB
1 42418U 00055TN  25197.63633058  .00002763  00000-0  11102-2 0  9992
2 42418  98.6885 272.1818 0011856  74.2915 285.9573 14.28933236483705
NOAA 16 DEB
1 42418U 00055TN  25199.45689718  .00002812  00000-0  11294-2 0  9995
2 42418  98.6887 273.9959 0011670  69.3646 290.8786 14.28943748483960
NOAA 16 DEB
1 42418U 00055TN  25200.15711067  .00003013  00000-0  12085-2 0  9991
2 42418  98.6886 274.6935 0011558  67.5285 292.7119 14.28948843484069
NOAA 16 DEB
1 42418U 00055TN  25200.15711067  .00003013  00000-0  12085-2 0  9991
2 42418  98.6886 274.6935 0011558  67.5285 292.7119 14.28948843484069
NOAA 16 DEB
1 42418U 00055TN  25200.64725926  .00002830  00000-0  11361-2 0  9996
2 42418  98.6887 275.1818 0011500  66.2450 293.9937 14.28951255484133
NOAA 16 DEB
1 42418U 00055TN  25200.92734343  .00002907  00000-0  11665-2 0  9992
2 42418  98.6888 275.4609 0011464  65.4832 294.7543 14.28953237484177
NOAA 16 DEB
1 42418U 00055TN  25203.16800577  .00002966  00000-0  11896-2 0  9995
2 42418  98.6890 277.6936 0011213  59.3180 300.9105 14.28967208484499
NOAA 16 DEB
1 42418U 00055TN  25203.44808695  .00003195  00000-0  12801-2 0  9997
2 42418  98.6893 277.9727 0011132  58.5215 301.7053 14.28969553484534
NOAA 16 DEB
1 42418U 00055TN  25204.42836677  .00003937  00000-0  15729-2 0  9993
2 42418  98.6892 278.9493 0011025  55.8205 304.4020 14.28978839484670
NOAA 16 DEB
1 42418U 00055TN  25204.42836677  .00003937  00000-0  15729-2 0  9993
2 42418  98.6892 278.9493 0011025  55.8205 304.4020 14.28978839484670
NOAA 16 DEB
1 42418U 00055TN  25206.03881448  .00004003  00000-0  15985-2 0  9997
2 42418  98.6889 280.5541 0010822  51.3300 308.8848 14.28991717484902
NOAA 16 DEB
1 42418U 00055TN  25206.66898569  .00003628  00000-0  14503-2 0  9995
2 42418  98.6889 281.1820 0010719  49.5871 310.6245 14.28996562484990
NOAA 16 DEB
1 42418U 00055TN  25206.66898569  .00003628  00000-0  14503-2 0  9995
2 42418  98.6889 281.1820 0010719  49.5871 310.6245 14.28996562484990
NOAA 16 DEB
1 42418U 00055TN  25210.16989778  .00003525  00000-0  14090-2 0  9995
2 42418  98.6879 284.6709 0010294  39.3156 320.8771 14.29022920485496
NOAA 16 DEB
1 42418U 00055TN  25210.16989778  .00003525  00000-0  14090-2 0  9995
2 42418  98.6879 284.6709 0010294  39.3156 320.8771 14.29022920485496
NOAA 16 DEB
1 42418U 00055TN  25211.15014205  .00003675  00000-0  14682-2 0  9992
2 42418  98.6878 285.6477 0010173  36.3515 323.8356 14.29030203485631
NOAA 16 DEB
1 42418U 00055TN  25212.06036353  .00004175  00000-0  16649-2 0  9992
2 42418  98.6877 286.5547 0010053  33.5363 326.6453 14.29038453485763
NOAA 16 DEB
1 42418U 00055TN  25213.46069502  .00004002  00000-0  15965-2 0  9998
2 42418  98.6878 287.9497 0009849  29.2270 330.9461 14.29049696485963
NOAA 16 DEB
1 42418U 00055TN  25213.46069502  .00004002  00000-0  15965-2 0  9998
2 42418  98.6878 287.9497 0009849  29.2270 330.9461 14.29049696485963
NOAA 16 DEB
1 42418U 00055TN  25214.16085640  .00003902  00000-0  15570-2 0  9997
2 42418  98.6880 288.6470 0009742  26.9394 333.2292 14.29055421486061
NOAA 16 DEB
1 42418U 00055TN  25215.14107878  .00003321  00000-0  13275-2 0  9999
2 42418  98.6881 289.6240 0009631  23.6765 336.4857 14.29061392486203
NOAA 16 DEB
1 42418U 00055TN  25218.92189355  .00003259  00000-0  13027-2 0  9993
2 42418  98.6887 293.3919 0009158  10.4490 349.6880 14.29086490486744
NOAA 16 DEB
1 42418U 00055TN  25220.04212348  .00003157  00000-0  12622-2 0  9995
2 42418  98.6887 294.5083 0009066   6.7831 353.3472 14.29093014486901
NOAA 16 DEB
1 42418U 00055TN  25220.04212348  .00003157  00000-0  12622-2 0  9995
2 42418  98.6887 294.5083 0009066   6.7831 353.3472 14.29093014486901
NOAA 16 DEB
1 42418U 00055TN  25221.44240328  .00003452  00000-0  13783-2 0  9996
2 42418  98.6885 295.9039 0008937   1.9712 358.1504 14.29102203487109
NOAA 16 DEB
1 42418U 00055TN  25224.45296656  .00003773  00000-0  15040-2 0  9999
2 42418  98.6876 298.9045 0008702 351.3689   8.7342 14.29126649487539
NOAA 16 DEB
1 42418U 00055TN  25224.45296656  .00003773  00000-0  15040-2 0  9999
2 42418  98.6876 298.9045 0008702 351.3689   8.7342 14.29126649487539
NOAA 16 DEB
1 42418U 00055TN  25229.14375769  .00002928  00000-0  11706-2 0  9999
2 42418  98.6874 303.5789 0008469 334.0948  25.9809 14.29156133488206
NOAA 16 DEB
1 42418U 00055TN  25229.14375769  .00002928  00000-0  11706-2 0  9999
2 42418  98.6874 303.5789 0008469 334.0948  25.9809 14.29156133488206
NOAA 16 DEB
1 42418U 00055TN  25231.17407237  .00002878  00000-0  11506-2 0  9993
2 42418  98.6874 305.6017 0008408 326.3158  33.7489 14.29167195488495
NOAA 16 DEB
1 42418U 00055TN  25231.17407237  .00002878  00000-0  11506-2 0  9993
2 42418  98.6874 305.6017 0008408 326.3158  33.7489 14.29167195488495
NOAA 16 DEB
1 42418U 00055TN  25232.15421739  .00003391  00000-0  13526-2 0  9990
2 42418  98.6874 306.5784 0008411 322.5249  37.5345 14.29174925488637
NOAA 16 DEB
1 42418U 00055TN  25234.46454396  .00002807  00000-0  11226-2 0  9997
2 42418  98.6876 308.8809 0008429 313.5036  46.5445 14.29187659488960
NOAA 16 DEB
1 42418U 00055TN  25235.93474118  .00002785  00000-0  11135-2 0  9998
2 42418  98.6878 310.3468 0008415 308.3985  51.6440 14.29195763489172
NOAA 16 DEB
1 42418U 00055TN  25239.99523324  .00004709  00000-0  18688-2 0  9990
2 42418  98.6864 314.3931 0008623 293.4999  66.5276 14.29228476489750
NOAA 16 DEB
1 42418U 00055TN  25241.46538572  .00005094  00000-0  20195-2 0  9990
2 42418  98.6862 315.8581 0008703 288.3000  71.7234 14.29243354489967
NOAA 16 DEB
1 42418U 00055TN  25242.16545280  .00005913  00000-0  23409-2 0  9993
2 42418  98.6860 316.5559 0008806 285.5230  74.4979 14.29252313490060
NOAA 16 DEB
1 42418U 00055TN  25242.93552183  .00006204  00000-0  24544-2 0  9993
2 42418  98.6861 317.3233 0008889 282.7979  77.2209 14.29261383490175
NOAA 16 DEB
1 42418U 00055TN  25245.45570999  .00009459  00000-0  37284-2 0  9998
2 42418  98.6867 319.8347 0009180 274.1355  85.8777 14.29300416490538
NOAA 16 DEB
1 42418U 00055TN  25246.15575039  .00009794  00000-0  38591-2 0  9990
2 42418  98.6866 320.5323 0009248 271.7743  88.2380 14.29311051490634
NOAA 16 DEB
1 42418U 00055TN  25248.46584781  .00005534  00000-0  21884-2 0  9995
2 42418  98.6870 322.8349 0009498 264.1331  95.8768 14.29336934490965
NOAA 16 DEB
1 42418U 00055TN  25249.16586952  .00005642  00000-0  22302-2 0  9991
2 42418  98.6860 323.5317 0009618 261.8785  98.1306 14.29344579491068
NOAA 16 DEB
1 42418U 00055TN  25250.42589938  .00005139  00000-0  20325-2 0  9993
2 42418  98.6861 324.7879 0009716 257.7949 102.2145 14.29356815491244
NOAA 16 DEB
1 42418U 00055TN  25250.98590934  .00004506  00000-0  17845-2 0  9992
2 42418  98.6866 325.3467 0009775 255.9606 104.0489 14.29361326491327
NOAA 16 DEB
1 42418U 00055TN  25252.17592476  .00003316  00000-0  13178-2 0  9991
2 42418  98.6860 326.5330 0009922 252.1302 107.8798 14.29369581491492
NOAA 16 DEB
1 42418U 00055TN  25253.15593311  .00002845  00000-0  11332-2 0  9995
2 42418  98.6857 327.5097 0010014 249.0942 110.9168 14.29375222491639
NOAA 16 DEB
1 42418U 00055TN  25253.43593453  .00003027  00000-0  12044-2 0  9997
2 42418  98.6855 327.7888 0010048 248.2609 111.7504 14.29377362491679
NOAA 16 DEB
1 42418U 00055TN  25253.99593669  .00002822  00000-0  11240-2 0  9996
2 42418  98.6854 328.3469 0010108 246.5030 113.5090 14.29380581491752
NOAA 16 DEB
1 42418U 00055TN  25256.16593266  .00002710  00000-0  10795-2 0  9991
2 42418  98.6850 330.5094 0010374 240.0233 119.9919 14.29393528492066
NOAA 16 DEB
1 42418U 00055TN  25257.14592489  .00002809  00000-0  11185-2 0  9999
2 42418  98.6849 331.4860 0010482 237.1128 122.9046 14.29399276492202
NOAA 16 DEB
1 42418U 00055TN  25259.17589375  .00004149  00000-0  16423-2 0  9993
2 42418  98.6852 333.5090 0010726 231.2545 128.7679 14.29415872492491
NOAA 16 DEB
1 42418U 00055TN  25262.46579594  .00003500  00000-0  13879-2 0  9993
2 42418  98.6858 336.7882 0011138 222.1464 137.8863 14.29439677492965
NOAA 16 DEB
1 42418U 00055TN  25269.46532232  .00007705  00000-0  30261-2 0  9993
2 42418  98.6830 343.7640 0011946 204.8489 155.2119 14.29535809493969
NOAA 16 DEB
1 42418U 00055TN  25271.14513291  .00008121  00000-0  31866-2 0  9990
2 42418  98.6832 345.4392 0011987 199.9078 160.1638 14.29561355494201
NOAA 16 DEB
1 42418U 00055TN  25272.47496005  .00009630  00000-0  37729-2 0  9990
2 42418  98.6829 346.7639 0012118 196.7734 163.3048 14.29585583494395
NOAA 16 DEB
1 42418U 00055TN  25273.66477877  .00012112  00000-0  47361-2 0  9990
2 42418  98.6840 347.9508 0012148 193.5234 166.5624 14.29618725494568
NOAA 16 DEB
1 42418U 00055TN  25273.66477878  .00012112  00000-0  47361-2 0  9991
2 42418  98.6840 347.9508 0012148 193.5234 166.5624 14.29618725494568
NOAA 16 DEB
1 42418U 00055TN  25276.04433701  .00009515  00000-0  37214-2 0  9992
2 42418  98.6845 350.3228 0012245 187.4618 172.6384 14.29676153494904
NOAA 16 DEB
1 42418U 00055TN  25279.47357825  .00004791  00000-0  18819-2 0  9995
2 42418  98.6850 353.7428 0012429 179.9163 180.2023 14.29722399495397
NOAA 16 DEB
1 42418U 00055TN  25279.47357826  .00004791  00000-0  18819-2 0  9996
2 42418  98.6850 353.7428 0012429 179.9163 180.2023 14.29722399495397
NOAA 16 DEB
1 42418U 00055TN  25280.17341209  .00005189  00000-0  20366-2 0  9995
2 42418  98.6850 354.4407 0012452 178.9303 181.1908 14.29729825495497
NOAA 16 DEB
1 42418U 00055TN  25280.45334488  .00005241  00000-0  20566-2 0  9998
2 42418  98.6846 354.7195 0012497 177.0783 183.0474 14.29732438495538
NOAA 16 DEB
1 42418U 00055TN  25284.16239043  .00004600  00000-0  18061-2 0  9996
2 42418  98.6829 358.4172 0012596 168.1960 191.9520 14.29772863496068
NOAA 16 DEB
1 42418U 00055TN  25284.16239043  .00004600  00000-0  18061-2 0  9996
2 42418  98.6829 358.4172 0012596 168.1960 191.9520 14.29772863496068
NOAA 16 DEB
1 42418U 00055TN  25286.68167922  .00006183  00000-0  24194-2 0  9993
2 42418  98.6806   0.9267 0012628 162.0303 198.1327 14.29806985496424
NOAA 16 DEB
1 42418U 00055TN  25288.15123808  .00005261  00000-0  20605-2 0  9991
2 42418  98.6814   2.3919 0012605 158.7713 201.3994 14.29822945496639
NOAA 16 DEB
1 42418U 00055TN  25290.04064987  .00007887  00000-0  30779-2 0  9993
2 42418  98.6831   4.2773 0012651 153.2058 206.9780 14.29846435496904
NOAA 16 DEB
1 42418U 00055TN  25290.04064988  .00007887  00000-0  30779-2 0  9994
2 42418  98.6831   4.2773 0012651 153.2058 206.9780 14.29846435496904
NOAA 16 DEB
1 42418U 00055TN  25290.67044671  .00006615  00000-0  25845-2 0  9996
2 42418  98.6838   4.9051 0012604 152.5007 207.6844 14.29851146496994
NOAA 16 DEB
1 42418U 00055TN  25290.67044672  .00006615  00000-0  25845-2 0  9997
2 42418  98.6838   4.9051 0012604 152.5007 207.6844 14.29851146496994
NOAA 16 DEB
1 42418U 00055TN  25291.16028639  .00007496  00000-0  29259-2 0  9998
2 42418  98.6839   5.3936 0012598 151.3719 208.8157 14.29858876497067
NOAA 16 DEB
1 42418U 00055TN  25291.16028640  .00007496  00000-0  29259-2 0  9990
2 42418  98.6839   5.3936 0012598 151.3719 208.8157 14.29858876497067
NOAA 16 DEB
1 42418U 00055TN  25292.00000665  .00008401  00000-0  32757-2 0  9995
2 42418  98.6843   6.2307 0012554 149.0724 211.1200 14.29871729497187
NOAA 16 DEB
1 42418U 00055TN  25294.16923897  .00007193  00000-0  28058-2 0  9991
2 42418  98.6842   8.3944 0012470 143.9004 216.3022 14.29908290497494
NOAA 16 DEB
1 42418U 00055TN  25294.65905888  .00006839  00000-0  26683-2 0  9993
2 42418  98.6840   8.8835 0012451 142.8859 217.3186 14.29914982497566
NOAA 16 DEB
1 42418U 00055TN  25294.65905888  .00006839  00000-0  26683-2 0  9993
2 42418  98.6840   8.8835 0012451 142.8859 217.3186 14.29914982497566
NOAA 16 DEB
1 42418U 00055TN  25295.14887678  .00006168  00000-0  24079-2 0  9996
2 42418  98.6837   9.3722 0012432 141.7543 218.4523 14.29920225497632
NOAA 16 DEB
1 42418U 00055TN  25295.14887679  .00006168  00000-0  24079-2 0  9997
2 42418  98.6837   9.3722 0012432 141.7543 218.4523 14.29920225497632
NOAA 16 DEB
1 42418U 00055TN  25297.66790830  .00005847  00000-0  22823-2 0  9996
2 42418  98.6829  11.8842 0012293 135.5603 224.6567 14.29950956497997
NOAA 16 DEB
1 42418U 00055TN  25297.66790830  .00005847  00000-0  22823-2 0  9996
2 42418  98.6829  11.8842 0012293 135.5603 224.6567 14.29950956497997
NOAA 16 DEB
1 42418U 00055TN  25298.15771353  .00006107  00000-0  23828-2 0  9996
2 42418  98.6824  12.3729 0012193 134.7479 225.4697 14.29956859498063
NOAA 16 DEB
1 42418U 00055TN  25298.15771354  .00006107  00000-0  23828-2 0  9997
2 42418  98.6824  12.3729 0012193 134.7479 225.4697 14.29956859498063
NOAA 16 DEB
1 42418U 00055TN  25304.45504595  .00006213  00000-0  24205-2 0  9997
2 42418  98.6820  18.6519 0011771 118.8889 241.3475 14.30029979498960
NOAA 16 DEB
1 42418U 00055TN  25304.45504595  .00006213  00000-0  24205-2 0  9997
2 42418  98.6820  18.6519 0011771 118.8889 241.3475 14.30029979498960
NOAA 16 DEB
1 42418U 00055TN  25307.67355139  .00004682  00000-0  18275-2 0  9990
2 42418  98.6821  21.8620 0011490 110.4331 249.8085 14.30064996499428
NOAA 16 DEB
1 42418U 00055TN  25307.67355139  .00004682  00000-0  18275-2 0  9990
2 42418  98.6821  21.8620 0011490 110.4331 249.8086 14.30064996499429
NOAA 16 DEB
1 42418U 00055TN  25308.93294538  .00004600  00000-0  17953-2 0  9997
2 42418  98.6820  23.1192 0011233 107.3170 252.9242 14.30077979499602
NOAA 16 DEB
1 42418U 00055TN  25311.66158390  .00007351  00000-0  28555-2 0  9992
2 42418  98.6809  25.8405 0010865 100.1253 260.1155 14.30118521499993
NOAA 16 DEB
1 42418U 00055TN  25311.94144097  .00006932  00000-0  26939-2 0  9990
2 42418  98.6812  26.1192 0011129  98.5099 261.7345 14.30122181500039
NOAA 16 DEB
1 42418U 00055TN  25311.94144098  .00006932  00000-0  26939-2 0  9991
2 42418  98.6812  26.1192 0011129  98.5099 261.7345 14.30122181500039
NOAA 16 DEB
1 42418U 00055TN  25312.43118618  .00006908  00000-0  26840-2 0  9999
2 42418  98.6812  26.6075 0011025  97.1836 263.0599 14.30129915500109
NOAA 16 DEB
1 42418U 00055TN  25314.46010704  .00006821  00000-0  26491-2 0  9997
2 42418  98.6806  28.6308 0010817  91.5662 268.6759 14.30158823500396
NOAA 16 DEB
1 42418U 00055TN  25315.92930115  .00006740  00000-0  26169-2 0  9998
2 42418  98.6809  30.0964 0010624  87.3116 272.9282 14.30178529500605
NOAA 16 DEB
1 42418U 00055TN  25318.16797766  .00013649  00000-0  52679-2 0  9991
2 42418  98.6808  32.3293 0010213  80.3678 279.8658 14.30264742500925
NOAA 16 DEB
1 42418U 00055TN  25319.98684933  .00006771  00000-0  26236-2 0  9991
2 42418  98.6821  34.1444 0010224  75.2017 285.0297 14.30283641501186
NOAA 16 DEB
1 42418U 00055TN  25321.45591339  .00007400  00000-0  28640-2 0  9994
2 42418  98.6819  35.6100 0010162  70.8723 289.3558 14.30306319501392
NOAA 16 DEB
1 42418U 00055TN  25321.45591340  .00007400  00000-0  28640-2 0  9996
2 42418  98.6819  35.6100 0010162  70.8723 289.3558 14.30306319501392
NOAA 16 DEB
1 42418U 00055TN  25325.16347353  .00005478  00000-0  21240-2 0  9993
2 42418  98.6810  39.3102 0009558  59.0781 301.1340 14.30343859501927
NOAA 16 DEB
1 42418U 00055TN  25325.16347354  .00005478  00000-0  21240-2 0  9994
2 42418  98.6810  39.3102 0009558  59.0781 301.1340 14.30343859501927
NOAA 16 DEB
1 42418U 00055TN  25327.05219194  .00004452  00000-0  17289-2 0  9993
2 42418  98.6806  41.1942 0009507  53.8888 306.3173 14.30363138502192
NOAA 16 DEB
1 42418U 00055TN  25327.05219195  .00004452  00000-0  17289-2 0  9994
2 42418  98.6806  41.1942 0009507  53.8888 306.3173 14.30363138502192
NOAA 16 DEB
1 42418U 00055TN  25327.47190311  .00004257  00000-0  16537-2 0  9996
2 42418  98.6804  41.6138 0009380  52.2121 307.9910 14.30367337502252
NOAA 16 DEB
1 42418U 00055TN  25328.17142006  .00004724  00000-0  18331-2 0  9995
2 42418  98.6805  42.3113 0009306  49.8552 310.3444 14.30374706502351
NOAA 16 DEB
1 42418U 00055TN  25328.45122612  .00004742  00000-0  18398-2 0  9990
2 42418  98.6808  42.5897 0009352  48.7222 311.4764 14.30377276502394
NOAA 16 DEB
1 42418U 00055TN  25328.66108002  .00004940  00000-0  19157-2 0  9994
2 42418  98.6807  42.7991 0009341  47.9753 312.2223 14.30379883502427
NOAA 16 DEB
1 42418U 00055TN  25328.66108003  .00004940  00000-0  19157-2 0  9995
2 42418  98.6807  42.7991 0009341  47.9753 312.2224 14.30379883502428
NOAA 16 DEB
1 42418U 00055TN  25329.15073757  .00005970  00000-0  23111-2 0  9996
2 42418  98.6807  43.2876 0009307  46.3765 313.8188 14.30387118502497
NOAA 16 DEB
1 42418U 00055TN  25329.15073757  .00005970  00000-0  23111-2 0  9996
2 42418  98.6807  43.2876 0009307  46.3765 313.8188 14.30387118502497
NOAA 16 DEB
1 42418U 00055TN  25332.43838939  .00005006  00000-0  19398-2 0  9994
2 42418  98.6806  46.5678 0009120  36.3116 323.8683 14.30421859502968
NOAA 16 DEB
1 42418U 00055TN  25334.67674569  .00004757  00000-0  18431-2 0  9998
2 42418  98.6812  48.8015 0008903  27.6892 332.4763 14.30444591503286
NOAA 16 DEB
1 42418U 00055TN  25334.67674570  .00004757  00000-0  18431-2 0  9990
2 42418  98.6812  48.8015 0008903  27.6892 332.4763 14.30444591503286
NOAA 16 DEB
1 42418U 00055TN  25335.16638120  .00005008  00000-0  19395-2 0  9996
2 42418  98.6814  49.2902 0008866  25.7448 334.4175 14.30450225503350
NOAA 16 DEB
1 42418U 00055TN  25336.14564644  .00005475  00000-0  21181-2 0  9998
2 42418  98.6815  50.2676 0008819  22.0099 338.1461 14.30461662503492
NOAA 16 DEB
1 42418U 00055TN  25336.14564644  .00005475  00000-0  21181-2 0  9998
2 42418  98.6815  50.2676 0008819  22.0099 338.1461 14.30461662503492
NOAA 16 DEB
1 42418U 00055TN  25336.98501022  .00006319  00000-0  24410-2 0  9997
2 42418  98.6811  51.1050 0008796  19.9800 340.1725 14.30472985503613
NOAA 16 DEB
1 42418U 00055TN  25336.98501022  .00006319  00000-0  24410-2 0  9997
2 42418  98.6811  51.1050 0008796  19.9800 340.1725 14.30472985503613
NOAA 16 DEB
1 42418U 00055TN  25338.03420455  .00009785  00000-0  37670-2 0  9997
2 42418  98.6814  52.1523 0008724  15.9444 344.2012 14.30493576503762
NOAA 16 DEB
1 42418U 00055TN  25338.03420456  .00009785  00000-0  37670-2 0  9998
2 42418  98.6814  52.1523 0008724  15.9444 344.2012 14.30493576503762
NOAA 16 DEB
1 42418U 00055TN  25338.66371266  .00010908  00000-0  41958-2 0  9994
2 42418  98.6812  52.7805 0008727  13.7691 346.3728 14.30507657503855
NOAA 16 DEB
1 42418U 00055TN  25338.66371267  .00010908  00000-0  41958-2 0  9995
2 42418  98.6812  52.7805 0008727  13.7691 346.3728 14.30507658503856
NOAA 16 DEB
1 42418U 00055TN  25339.15332713  .00010574  00000-0  40671-2 0  9993
2 42418  98.6812  53.2691 0008712  11.8650 348.2736 14.30516266503926
NOAA 16 DEB
1 42418U 00055TN  25339.15332713  .00010574  00000-0  40671-2 0  9993
2 42418  98.6812  53.2691 0008712  11.8650 348.2736 14.30516266503926
NOAA 16 DEB
1 42418U 00055TN  25342.16089701  .00006205  00000-0  23935-2 0  9994
2 42418  98.6800  56.2704 0008659   0.8265 359.2931 14.30559027504350
NOAA 16 DEB
1 42418U 00055TN  25342.44066690  .00006664  00000-0  25686-2 0  9991
2 42418  98.6799  56.5496 0008649   0.1039   0.0144 14.30562975504396
NOAA 16 DEB
1 42418U 00055TN  25344.04932880  .00006703  00000-0  25826-2 0  9992
2 42418  98.6796  58.1549 0008654 354.1263   5.9817 14.30583248504620
NOAA 16 DEB
1 42418U 00055TN  25344.04932880  .00006703  00000-0  25826-2 0  9992
2 42418  98.6796  58.1549 0008654 354.1263   5.9817 14.30583248504620
NOAA 16 DEB
1 42418U 00055TN  25344.67879854  .00007258  00000-0  27944-2 0  9991
2 42418  98.6796  58.7832 0008664 351.8438   8.2602 14.30592901504714
NOAA 16 DEB
1 42418U 00055TN  25344.67879855  .00007258  00000-0  27944-2 0  9992
2 42418  98.6796  58.7832 0008664 351.8438   8.2602 14.30592901504714
NOAA 16 DEB
1 42418U 00055TN  25345.44814420  .00008744  00000-0  33611-2 0  9994
2 42418  98.6796  59.5510 0008674 349.2178  10.8817 14.30606924504829
NOAA 16 DEB
1 42418U 00055TN  25346.98681557  .00007012  00000-0  26983-2 0  9998
2 42418  98.6797  61.0863 0008643 344.1311  15.9600 14.30629282505041
NOAA 16 DEB
1 42418U 00055TN  25349.15490686  .00003266  00000-0  12659-2 0  9993
2 42418  98.6801  63.2507 0008689 336.2573  23.8207 14.30650064505355
NOAA 16 DEB
1 42418U 00055TN  25351.04322424  .00003684  00000-0  14256-2 0  9997
2 42418  98.6803  65.1357 0008756 329.5030  30.5642 14.30664727505628
NOAA 16 DEB
1 42418U 00055TN  25351.67265920  .00003629  00000-0  14042-2 0  9995
2 42418  98.6803  65.7640 0008785 327.2431  32.8206 14.30669410505716
NOAA 16 DEB
1 42418U 00055TN  25352.02234468  .00003626  00000-0  14030-2 0  9992
2 42418  98.6803  66.1131 0008800 326.0881  33.9738 14.30671795505766
NOAA 16 DEB
1 42418U 00055TN  25352.65177628  .00003622  00000-0  14014-2 0  9993
2 42418  98.6802  66.7415 0008848 323.8309  36.2274 14.30676697505855
NOAA 16 DEB
1 42418U 00055TN  25354.05050689  .00003062  00000-0  11873-2 0  9994
2 42418  98.6798  68.1378 0008923 318.8486  41.2023 14.30685612506055
NOAA 16 DEB
1 42418U 00055TN  25354.05050689  .00003062  00000-0  11873-2 0  9994
2 42418  98.6798  68.1378 0008923 318.8486  41.2023 14.30685612506055
NOAA 16 DEB
1 42418U 00055TN  25354.47012431  .00003128  00000-0  12125-2 0  9997
2 42418  98.6798  68.5566 0008950 317.3741  42.6746 14.30688404506112
NOAA 16 DEB
1 42418U 00055TN  25354.47012431  .00003128  00000-0  12125-2 0  9997
2 42418  98.6798  68.5566 0008950 317.3741  42.6746 14.30688404506112
NOAA 16 DEB
1 42418U 00055TN  25355.93877867  .00004391  00000-0  16945-2 0  9998
2 42418  98.6793  70.0222 0009021 312.4352  47.6067 14.30701220506324
NOAA 16 DEB
1 42418U 00055TN  25355.93877868  .00004391  00000-0  16945-2 0  9999
2 42418  98.6793  70.0222 0009021 312.4352  47.6067 14.30701221506325
NOAA 16 DEB
1 42418U 00055TN  25358.17670025  .00004908  00000-0  18907-2 0  9998
2 42418  98.6787  72.2558 0009171 304.8503  55.1816 14.30723145506643
NOAA 16 DEB
1 42418U 00055TN  25358.45643769  .00004873  00000-0  18772-2 0  9995
2 42418  98.6788  72.5349 0009207 303.8737  56.1569 14.30726035506684
NOAA 16 DEB
1 42418U 00055TN  25361.95311021  .00005813  00000-0  22343-2 0  9991
2 42418  98.6788  76.0253 0009495 292.4490  67.5686 14.30764821507182
NOAA 16 DEB
1 42418U 00055TN  25361.95311021  .00005813  00000-0  22343-2 0  9991
2 42418  98.6788  76.0253 0009495 292.4490  67.5686 14.30764821507182
NOAA 16 DEB
1 42418U 00055TN  25362.44263645  .00006260  00000-0  24041-2 0  9998
2 42418  98.6790  76.5139 0009475 290.9838  69.0331 14.30771775507258
NOAA 16 DEB
1 42418U 00055TN  25362.44263645  .00006260  00000-0  24041-2 0  9998
2 42418  98.6790  76.5139 0009475 290.9838  69.0331 14.30771775507258
NOAA 16 DEB
1 42418U 00055TN  25362.65243288  .00005905  00000-0  22688-2 0  9992
2 42418  98.6791  76.7233 0009516 290.2512  69.7647 14.30773399507288
NOAA 16 DEB
1 42418U 00055TN  25362.65243289  .00005905  00000-0  22688-2 0  9993
2 42418  98.6791  76.7233 0009516 290.2512  69.7647 14.30773399507288
NOAA 16 DEB
1 42418U 00055TN  25364.05106322  .00007537  00000-0  28891-2 0  9990
2 42418  98.6792  78.1197 0009648 285.7687  74.2431 14.30795526507482
NOAA 16 DEB
1 42418U 00055TN  25364.05106322  .00007537  00000-0  28891-2 0  9990
2 42418  98.6792  78.1197 0009648 285.7687  74.2431 14.30795526507482
NOAA 16 DEB
1 42418U 00055TN  25364.47064811  .00007763  00000-0  29749-2 0  9996
2 42418  98.6792  78.5387 0009684 284.4610  75.5497 14.30802291507540
NOAA 16 DEB
1 42418U 00055TN  25364.68043984  .00007695  00000-0  29489-2 0  9992
2 42418  98.6792  78.7483 0009733 283.8047  76.2052 14.30805513507579
NOAA 16 DEB
1 42418U 00055TN  25364.68043984  .00007695  00000-0  29489-2 0  9992
2 42418  98.6792  78.7483 0009733 283.8047  76.2052 14.30805513507579
NOAA 16 DEB
1 42418U 00055TN  25365.16995176  .00008528  00000-0  32651-2 0  9996
2 42418  98.6793  79.2371 0009796 282.2802  77.7284 14.30814942507640
NOAA 16 DEB
1 42418U 00055TN  25365.16995177  .00008528  00000-0  32651-2 0  9997
2 42418  98.6793  79.2371 0009796 282.2802  77.7284 14.30814942507640
NOAA 16 DEB
1 42418U 00055TN  25365.44967205  .00008162  00000-0  31255-2 0  9992
2 42418  98.6793  79.5164 0009816 281.4267  78.5812 14.30818268507687
NOAA 16 DEB
1 42418U 00055TN  25365.44967206  .00008162  00000-0  31255-2 0  9993
2 42418  98.6793  79.5164 0009816 281.4267  78.5812 14.30818268507687
NOAA 16 DEB
1 42418U 00055TN  26001.14896807  .00008016  00000-0  30693-2 0  9999
2 42418  98.6793  80.2146 0009897 279.3484  80.6579 14.30829293507787
NOAA 16 DEB
1 42418U 00055TN  26001.14896807  .00008016  00000-0  30693-2 0  9999
2 42418  98.6793  80.2146 0009897 279.3484  80.6579 14.30829293507787
NOAA 16 DEB
1 42418U 00055TN  26003.17689484  .00008403  00000-0  32141-2 0  9995
2 42418  98.6790  82.2392 0010123 273.2649  86.7376 14.30863558508076
NOAA 16 DEB
1 42418U 00055TN  26003.17689485  .00008403  00000-0  32141-2 0  9996
2 42418  98.6790  82.2392 0010123 273.2649  86.7376 14.30863558508076
NOAA 16 DEB
1 42418U 00055TN  26003.66638734  .00007769  00000-0  29730-2 0  9995
2 42418  98.6787  82.7277 0010208 271.7796  88.2217 14.30870704508149
NOAA 16 DEB
1 42418U 00055TN  26004.15587725  .00007515  00000-0  28758-2 0  9991
2 42418  98.6785  83.2165 0010268 270.3983  89.6023 14.30878083508214
NOAA 16 DEB
1 42418U 00055TN  26004.15587726  .00007515  00000-0  28758-2 0  9992
2 42418  98.6785  83.2165 0010268 270.3983  89.6023 14.30878083508214
NOAA 16 DEB
1 42418U 00055TN  26004.92507205  .00005540  00000-0  21250-2 0  9997
2 42418  98.6783  83.9840 0010349 268.0835  91.9162 14.30885423508327
NOAA 16 DEB
1 42418U 00055TN  26004.92507205  .00005540  00000-0  21250-2 0  9997
2 42418  98.6783  83.9840 0010349 268.0835  91.9162 14.30885422508326
NOAA 16 DEB
1 42418U 00055TN  26007.16270311  .00004440  00000-0  17058-2 0  9990
2 42418  98.6773  86.2174 0010576 261.6586  98.3397 14.30909654508645
NOAA 16 DEB
1 42418U 00055TN  26007.16270312  .00004440  00000-0  17058-2 0  9991
2 42418  98.6773  86.2174 0010576 261.6586  98.3397 14.30909654508645
NOAA 16 DEB
1 42418U 00055TN  26010.44916379  .00004146  00000-0  15931-2 0  9997
2 42418  98.6766  89.4981 0010741 251.7151 108.2863 14.30939833509114
NOAA 16 DEB
1 42418U 00055TN  26011.14840236  .00004391  00000-0  16858-2 0  9994
2 42418  98.6766  90.1962 0010768 249.6403 110.3623 14.30946327509212
NOAA 16 DEB
1 42418U 00055TN  26011.42809645  .00004398  00000-0  16883-2 0  9999
2 42418  98.6766  90.4754 0010849 249.0248 110.9774 14.30948861509257
NOAA 16 DEB
1 42418U 00055TN  26013.17617598  .00003098  00000-0  11941-2 0  9993
2 42418  98.6770  92.2211 0011006 243.9843 116.0207 14.30962043509504
NOAA 16 DEB
1 42418U 00055TN  26013.17617599  .00003098  00000-0  11941-2 0  9994
2 42418  98.6770  92.2211 0011006 243.9843 116.0207 14.30962043509504
NOAA 16 DEB
1 42418U 00055TN  26014.01524952  .00002661  00000-0  10280-2 0  9998
2 42418  98.6775  93.0592 0011100 241.8255 118.1806 14.30966405509626
NOAA 16 DEB
1 42418U 00055TN  26016.67229969  .00003073  00000-0  11844-2 0  9997
2 42418  98.6770  95.7119 0011223 233.8177 126.1969 14.30981771510001
NOAA 16 DEB
1 42418U 00055TN  26017.02190889  .00003849  00000-0  14789-2 0  9997
2 42418  98.6771  96.0610 0011340 233.2791 126.7351 14.30985577510052
NOAA 16 DEB
1 42418U 00055TN  26017.44143877  .00004258  00000-0  16340-2 0  9998
2 42418  98.6772  96.4799 0011410 232.2853 127.7296 14.30989717510117
NOAA 16 DEB
1 42418U 00055TN  26017.65120372  .00003846  00000-0  14775-2 0  9998
2 42418  98.6771  96.6893 0011446 231.7186 128.2968 14.30990234510146
NOAA 16 DEB
1 42418U 00055TN  26018.00081140  .00004174  00000-0  16017-2 0  9993
2 42418  98.6772  97.0385 0011497 230.9376 129.0785 14.30993273510193
NOAA 16 DEB
1 42418U 00055TN  26020.16835864  .00006002  00000-0  22942-2 0  9999
2 42418  98.6767  99.2025 0011689 225.4292 134.5937 14.31017527510506
NOAA 16 DEB
1 42418U 00055TN  26020.44803172  .00012888  00000-0  48992-2 0  9999
2 42418  98.6763  99.4816 0011713 224.4029 135.6216 14.31041947510546
NOAA 16 DEB
1 42418U 00055TN  26021.49680510  .00012421  00000-0  47199-2 0  9995
2 42418  98.6760 100.5287 0011782 221.6888 138.3398 14.31070038510697
NOAA 16 DEB
1 42418U 00055TN  26021.49680510  .00012421  00000-0  47199-2 0  9995
2 42418  98.6760 100.5287 0011782 221.6888 138.3398 14.31070038510697
NOAA 16 DEB
1 42418U 00055TN  26022.47564105  .00006731  00000-0  25667-2 0  9998
2 42418  98.6755 101.5059 0011910 219.4133 140.6184 14.31090523510836
NOAA 16 DEB
1 42418U 00055TN  26022.47564105  .00006731  00000-0  25667-2 0  9998
2 42418  98.6755 101.5059 0011910 219.4133 140.6184 14.31090523510836
NOAA 16 DEB
1 42418U 00055TN  26023.03497304  .00005670  00000-0  21649-2 0  9994
2 42418  98.6754 102.0643 0011915 217.7918 142.2429 14.31096797510915
NOAA 16 DEB
1 42418U 00055TN  26024.99261399  .00007986  00000-0  30392-2 0  9990
2 42418  98.6753 104.0195 0012082 212.9094 147.1338 14.31125313511197
NOAA 16 DEB
1 42418U 00055TN  26024.99261399  .00007986  00000-0  30392-2 0  9990
2 42418  98.6753 104.0195 0012082 212.9094 147.1338 14.31125313511197
NOAA 16 DEB
1 42418U 00055TN  26026.46081924  .00006773  00000-0  25795-2 0  9992
2 42418  98.6735 105.4845 0012062 207.2896 152.7654 14.31145691511407
NOAA 16 DEB
1 42418U 00055TN  26026.46081925  .00006773  00000-0  25795-2 0  9993
2 42418  98.6735 105.4845 0012062 207.2896 152.7654 14.31145691511407
NOAA 16 DEB
1 42418U 00055TN  26026.67056126  .00006569  00000-0  25023-2 0  9998
2 42418  98.6746 105.6946 0012117 207.7785 152.2752 14.31147804511431
NOAA 16 DEB
1 42418U 00055TN  26026.67056127  .00006569  00000-0  25023-2 0  9999
2 42418  98.6746 105.6946 0012117 207.7785 152.2752 14.31147804511431
NOAA 16 DEB
1 42418U 00055TN  26027.99891748  .00006051  00000-0  23058-2 0  9993
2 42418  98.6752 107.0215 0012199 204.7974 155.2624 14.31164172511629
NOAA 16 DEB
1 42418U 00055TN  26030.16619697  .00006498  00000-0  24730-2 0  9990
2 42418  98.6757 109.1858 0012324 199.5392 160.5320 14.31196416511937
NOAA 16 DEB
1 42418U 00055TN  26030.16619697  .00006498  00000-0  24730-2 0  9990
2 42418  98.6757 109.1858 0012324 199.5392 160.5320 14.31196416511937
NOAA 16 DEB
1 42418U 00055TN  26032.68298965  .00003788  00000-0  14488-2 0  9998
2 42418  98.6751 111.6986 0012463 193.0564 167.0298 14.31219764512293
NOAA 16 DEB
1 42418U 00055TN  26033.45200162  .00004214  00000-0  16094-2 0  9996
2 42418  98.6748 112.4665 0012475 191.1300 168.9609 14.31227151512400
NOAA 16 DEB
1 42418U 00055TN  26033.45200162  .00004214  00000-0  16094-2 0  9996
2 42418  98.6748 112.4665 0012476 191.1300 168.9609 14.31227151512401
NOAA 16 DEB
1 42418U 00055TN  26036.17846215  .00005904  00000-0  22459-2 0  9992
2 42418  98.6740 115.1888 0012588 184.0145 176.0938 14.31259571512790
NOAA 16 DEB
1 42418U 00055TN  26036.17846216  .00005904  00000-0  22459-2 0  9993
2 42418  98.6740 115.1888 0012588 184.0145 176.0938 14.31259571512790
NOAA 16 DEB
1 42418U 00055TN  26036.66781972  .00007342  00000-0  27876-2 0  9990
2 42418  98.6745 115.6776 0012586 182.3203 177.7923 14.31268700512864
NOAA 16 DEB
1 42418U 00055TN  26036.66781973  .00007342  00000-0  27876-2 0  9991
2 42418  98.6745 115.6776 0012586 182.3203 177.7923 14.31268700512864
NOAA 16 DEB
1 42418U 00055TN  26037.43680647  .00006183  00000-0  23505-2 0  9990
2 42418  98.6740 116.4453 0012630 180.6675 179.4493 14.31276028512979
NOAA 16 DEB
1 42418U 00055TN  26037.43680647  .00006183  00000-0  23505-2 0  9990
2 42418  98.6740 116.4453 0012630 180.6675 179.4493 14.31276028512979
NOAA 16 DEB
1 42418U 00055TN  26037.99606691  .00005690  00000-0  21643-2 0  9991
2 42418  98.6734 117.0035 0012648 179.8348 180.2841 14.31281579513055
NOAA 16 DEB
1 42418U 00055TN  26037.99606692  .00005690  00000-0  21643-2 0  9992
2 42418  98.6734 117.0035 0012648 179.8348 180.2842 14.31281579513056
NOAA 16 DEB
1 42418U 00055TN  26040.02336838  .00004275  00000-0  16298-2 0  9990
2 42418  98.6734 119.0282 0012683 175.0771 185.0539 14.31299295513341
NOAA 16 DEB
1 42418U 00055TN  26040.44280676  .00004824  00000-0  18367-2 0  9993
2 42418  98.6733 119.4470 0012693 173.9169 186.2170 14.31304220513408
NOAA 16 DEB
1 42418U 00055TN  26040.44280677  .00004824  00000-0  18367-2 0  9994
2 42418  98.6733 119.4470 0012693 173.9169 186.2170 14.31304220513408
NOAA 16 DEB
1 42418U 00055TN  26042.47007713  .00004866  00000-0  18519-2 0  9992
2 42418  98.6736 121.4717 0012682 169.2339 190.9118 14.31322434513695
NOAA 16 DEB
1 42418U 00055TN  26043.16913009  .00004619  00000-0  17586-2 0  9992
2 42418  98.6737 122.1698 0012691 167.5309 192.6190 14.31328247513798
NOAA 16 DEB
1 42418U 00055TN  26043.16913010  .00004619  00000-0  17586-2 0  9994
2 42418  98.6737 122.1698 0012691 167.5309 192.6190 14.31328247513798
NOAA 16 DEB
1 42418U 00055TN  26045.47598291  .00004404  00000-0  16770-2 0  9996
2 42418  98.6734 124.4735 0012733 161.8414 198.3225 14.31347909514129
NOAA 16 DEB
1 42418U 00055TN  26046.17502391  .00003522  00000-0  13446-2 0  9997
2 42418  98.6734 125.1718 0012717 160.2209 199.9469 14.31351370514220
NOAA 16 DEB
1 42418U 00055TN  26046.17502392  .00003522  00000-0  13446-2 0  9998
2 42418  98.6734 125.1718 0012717 160.2210 199.9469 14.31351370514222
NOAA 16 DEB
1 42418U 00055TN  26046.45463885  .00005141  00000-0  19542-2 0  9994
2 42418  98.6736 125.4507 0012715 159.4733 200.6963 14.31357583514266
NOAA 16 DEB
1 42418U 00055TN  26046.45463886  .00005141  00000-0  19542-2 0  9995
2 42418  98.6736 125.4507 0012715 159.4733 200.6963 14.31357583514266
NOAA 16 DEB
1 42418U 00055TN  26046.66435023  .00004581  00000-0  17433-2 0  9994
2 42418  98.6736 125.6601 0012699 158.9629 201.2079 14.31358062514293
NOAA 16 DEB
1 42418U 00055TN  26046.66435023  .00004581  00000-0  17433-2 0  9994
2 42418  98.6736 125.6601 0012699 158.9629 201.2079 14.31358062514293
NOAA 16 DEB
1 42418U 00055TN  26047.15367554  .00004538  00000-0  17271-2 0  9994
2 42418  98.6735 126.1487 0012679 157.7776 202.3959 14.31361894514362
NOAA 16 DEB
1 42418U 00055TN  26047.15367555  .00004538  00000-0  17271-2 0  9995
2 42418  98.6735 126.1487 0012679 157.7776 202.3959 14.31361894514362
NOAA 16 DEB
1 42418U 00055TN  26047.43328907  .00004608  00000-0  17534-2 0  9994
2 42418  98.6735 126.4280 0012680 157.0942 203.0809 14.31364517514408
NOAA 16 DEB
1 42418U 00055TN  26047.43328908  .00004608  00000-0  17534-2 0  9995
2 42418  98.6735 126.4280 0012680 157.0942 203.0809 14.31364517514408
NOAA 16 DEB
1 42418U 00055TN  26050.15949870  .00003539  00000-0  13500-2 0  9996
2 42418  98.6726 129.1504 0012663 150.3698 209.8205 14.31385124514795
NOAA 16 DEB
1 42418U 00055TN  26050.15949871  .00003539  00000-0  13500-2 0  9997
2 42418  98.6726 129.1504 0012663 150.3698 209.8205 14.31385124514795
NOAA 16 DEB
1 42418U 00055TN  26050.43910762  .00003721  00000-0  14186-2 0  9999
2 42418  98.6724 129.4297 0012718 149.3846 210.8082 14.31387762514839
NOAA 16 DEB
1 42418U 00055TN  26050.43910762  .00003721  00000-0  14186-2 0  9999
2 42418  98.6724 129.4297 0012718 149.3846 210.8082 14.31387762514839
NOAA 16 DEB
1 42418U 00055TN  26050.64881403  .00003736  00000-0  14241-2 0  9999
2 42418  98.6724 129.6389 0012681 149.0815 211.1117 14.31389442514868
NOAA 16 DEB
1 42418U 00055TN  26050.64881403  .00003736  00000-0  14241-2 0  9999
2 42418  98.6724 129.6389 0012681 149.0815 211.1117 14.31389442514868
NOAA 16 DEB
1 42418U 00055TN  26052.46626141  .00003826  00000-0  14575-2 0  9997
2 42418  98.6718 131.4539 0012642 144.6287 215.5737 14.31402569515122
NOAA 16 DEB
1 42418U 00055TN  26052.46626142  .00003826  00000-0  14575-2 0  9998
2 42418  98.6718 131.4539 0012642 144.6287 215.5737 14.31402569515122
NOAA 16 DEB
1 42418U 00055TN  26053.16527542  .00003478  00000-0  13266-2 0  9999
2 42418  98.6716 132.1520 0012602 143.0267 217.1787 14.31406677515223
NOAA 16 DEB
1 42418U 00055TN  26053.16527542  .00003478  00000-0  13266-2 0  9999
2 42418  98.6716 132.1520 0012602 143.0267 217.1787 14.31406677515223
NOAA 16 DEB
1 42418U 00055TN  26056.17099622  .00003651  00000-0  13909-2 0  9993
2 42418  98.6713 135.1537 0012449 135.8359 224.3820 14.31434211515651
NOAA 16 DEB
1 42418U 00055TN  26056.17099622  .00003651  00000-0  13909-2 0  9993
2 42418  98.6713 135.1537 0012449 135.8359 224.3820 14.31434211515651
NOAA 16 DEB
1 42418U 00055TN  26057.42918881  .00004058  00000-0  15438-2 0  9990
2 42418  98.6709 136.4101 0012438 132.6117 227.6117 14.31445781515831
NOAA 16 DEB
1 42418U 00055TN  26057.42918882  .00004058  00000-0  15438-2 0  9991
2 42418  98.6709 136.4101 0012438 132.6117 227.6117 14.31445781515831
NOAA 16 DEB
1 42418U 00055TN  26057.98838253  .00004260  00000-0  16193-2 0  9999
2 42418  98.6712 136.9687 0012389 131.3727 228.8523 14.31450775515919
NOAA 16 DEB
1 42418U 00055TN  26057.98838254  .00004260  00000-0  16193-2 0  9990
2 42418  98.6712 136.9687 0012389 131.3728 228.8523 14.31450775515910
NOAA 16 DEB
1 42418U 00055TN  26058.68737157  .00004166  00000-0  15841-2 0  9992
2 42418  98.6713 137.6669 0012331 129.6877 230.5396 14.31457026516017
NOAA 16 DEB
1 42418U 00055TN  26058.68737159  .00004166  00000-0  15841-2 0  9994
2 42418  98.6713 137.6669 0012331 129.6877 230.5396 14.31457026516017
NOAA 16 DEB
1 42418U 00055TN  26059.17666265  .00004422  00000-0  16801-2 0  9990
2 42418  98.6711 138.1549 0012350 128.2917 231.9379 14.31461676516088
NOAA 16 DEB
1 42418U 00055TN  26059.17666266  .00004422  00000-0  16801-2 0  9991
2 42418  98.6711 138.1549 0012350 128.2917 231.9379 14.31461676516088
NOAA 16 DEB
1 42418U 00055TN  26060.15523965  .00004472  00000-0  16987-2 0  9999
2 42418  98.6711 139.1321 0012295 125.8420 234.3907 14.31470475516224
NOAA 16 DEB
1 42418U 00055TN  26060.15523966  .00004472  00000-0  16987-2 0  9990
2 42418  98.6711 139.1321 0012295 125.8420 234.3907 14.31470475516224
NOAA 16 DEB
1 42418U 00055TN  26060.43483193  .00004804  00000-0  18233-2 0  9993
2 42418  98.6711 139.4112 0012272 125.1929 235.0405 14.31473652516262
NOAA 16 DEB
1 42418U 00055TN  26060.43483194  .00004804  00000-0  18233-2 0  9994
2 42418  98.6711 139.4112 0012272 125.1929 235.0405 14.31473652516262
NOAA 16 DEB
1 42418U 00055TN  26062.04247737  .00004738  00000-0  17980-2 0  9998
2 42418  98.6711 141.0166 0012126 121.2111 239.0261 14.31488265516493
NOAA 16 DEB
1 42418U 00055TN  26062.46186035  .00004989  00000-0  18921-2 0  9991
2 42418  98.6711 141.4353 0012062 120.2097 240.0281 14.31492784516558
NOAA 16 DEB
1 42418U 00055TN  26062.46186035  .00004989  00000-0  18921-2 0  9991
2 42418  98.6711 141.4353 0012062 120.2097 240.0282 14.31492784516559
NOAA 16 DEB
1 42418U 00055TN  26062.67155102  .00005282  00000-0  20019-2 0  9993
2 42418  98.6710 141.6448 0012054 119.6406 240.5979 14.31495806516581
NOAA 16 DEB
1 42418U 00055TN  26062.67155102  .00005282  00000-0  20019-2 0  9993
2 42418  98.6710 141.6448 0012054 119.6406 240.5979 14.31495806516581
NOAA 16 DEB
1 42418U 00055TN  26063.16082819  .00005877  00000-0  22252-2 0  9993
2 42418  98.6708 142.1333 0012015 118.4034 241.8362 14.31502273516653
NOAA 16 DEB
1 42418U 00055TN  26063.44041387  .00006209  00000-0  23495-2 0  9999
2 42418  98.6708 142.4125 0011993 117.7128 242.5273 14.31506319516693
NOAA 16 DEB
1 42418U 00055TN  26063.44041387  .00006209  00000-0  23495-2 0  9999
2 42418  98.6708 142.4125 0011993 117.7128 242.5273 14.31506319516693
NOAA 16 DEB
1 42418U 00055TN  26063.65010324  .00005704  00000-0  21599-2 0  9991
2 42418  98.6707 142.6219 0011966 117.1906 243.0498 14.31507387516721
NOAA 16 DEB
1 42418U 00055TN  26063.99958464  .00005300  00000-0  20082-2 0  9992
2 42418  98.6705 142.9709 0011968 116.3463 243.8950 14.31510182516770
NOAA 16 DEB
1 42418U 00055TN  26063.99958465  .00005300  00000-0  20082-2 0  9993
2 42418  98.6705 142.9709 0011968 116.3463 243.8950 14.31510182516770
NOAA 16 DEB
1 42418U 00055TN  26065.04802303  .00004573  00000-0  17351-2 0  9996
2 42418  98.6701 144.0178 0011880 113.7574 246.4857 14.31519880516922
NOAA 16 DEB
1 42418U 00055TN  26066.02655911  .00004483  00000-0  17007-2 0  9994
2 42418  98.6698 144.9950 0011787 111.3002 248.9440 14.31529491517060
NOAA 16 DEB
1 42418U 00055TN  26066.02655912  .00004483  00000-0  17007-2 0  9995
2 42418  98.6698 144.9950 0011787 111.3002 248.9440 14.31529491517060
NOAA 16 DEB
1 42418U 00055TN  26066.65561379  .00005685  00000-0  21517-2 0  9993
2 42418  98.6697 145.6232 0011726 109.6695 250.5754 14.31538739517153
NOAA 16 DEB
1 42418U 00055TN  26066.65561379  .00005685  00000-0  21517-2 0  9993
2 42418  98.6697 145.6232 0011726 109.6695 250.5755 14.31538739517154
NOAA 16 DEB
1 42418U 00055TN  26069.17179980  .00004809  00000-0  18220-2 0  9990
2 42418  98.6693 148.1360 0011474 103.3035 256.9428 14.31566175517511
NOAA 16 DEB
1 42418U 00055TN  26069.17179981  .00004809  00000-0  18220-2 0  9991
2 42418  98.6693 148.1360 0011474 103.3035 256.9428 14.31566175517511
NOAA 16 DEB
1 42418U 00055TN  26070.15030372  .00004654  00000-0  17634-2 0  9997
2 42418  98.6694 149.1133 0011320 100.8551 259.3906 14.31576019517657
NOAA 16 DEB
1 42418U 00055TN  26070.15030372  .00004654  00000-0  17634-2 0  9997
2 42418  98.6694 149.1133 0011320 100.8551 259.3906 14.31576019517657
NOAA 16 DEB
1 42418U 00055TN  26070.42987544  .00004747  00000-0  17983-2 0  9999
2 42418  98.6691 149.3924 0011420  99.8981 260.3491 14.31578836517693
NOAA 16 DEB
1 42418U 00055TN  26070.42987544  .00004747  00000-0  17983-2 0  9999
2 42418  98.6691 149.3924 0011420  99.8981 260.3491 14.31578836517693
NOAA 16 DEB
1 42418U 00055TN  26072.03740201  .00004458  00000-0  16896-2 0  9996
2 42418  98.6694 150.9978 0011187  95.6859 264.5600 14.31593089517922
NOAA 16 DEB
1 42418U 00055TN  26073.01588902  .00004508  00000-0  17079-2 0  9993
2 42418  98.6694 151.9750 0011124  93.1559 267.0897 14.31601340518064
NOAA 16 DEB
1 42418U 00055TN  26073.43523802  .00004722  00000-0  17879-2 0  9993
2 42418  98.6697 152.3938 0011023  91.9098 268.3347 14.31605826518126
NOAA 16 DEB
1 42418U 00055TN  26075.46207594  .00003962  00000-0  15027-2 0  9993
2 42418  98.6697 154.4177 0010759  86.8041 273.4373 14.31624228518415
NOAA 16 DEB
1 42418U 00055TN  26078.67702265  .00003139  00000-0  11938-2 0  9997
2 42418  98.6691 157.6279 0010259  78.2359 281.9974 14.31642247518871
NOAA 16 DEB
1 42418U 00055TN  26078.67702265  .00003139  00000-0  11938-2 0  9997
2 42418  98.6691 157.6279 0010259  78.2359 281.9974 14.31642247518871
NOAA 16 DEB
1 42418U 00055TN  26079.16625102  .00002871  00000-0  10932-2 0  9991
2 42418  98.6689 158.1167 0010298  76.7095 283.5236 14.31644021518942
NOAA 16 DEB
1 42418U 00055TN  26079.16625102  .00002871  00000-0  10932-2 0  9991
2 42418  98.6689 158.1167 0010298  76.7095 283.5236 14.31644021518942
NOAA 16 DEB
1 42418U 00055TN  26079.44580975  .00003047  00000-0  11591-2 0  9998
2 42418  98.6687 158.3963 0010334  75.7101 284.5229 14.31645665518986
NOAA 16 DEB
1 42418U 00055TN  26079.65547804  .00003702  00000-0  14045-2 0  9990
2 42418  98.6687 158.6056 0010285  75.0832 285.1490 14.31648439519015
NOAA 16 DEB
1 42418U 00055TN  26079.65547805  .00003702  00000-0  14045-2 0  9991
2 42418  98.6687 158.6056 0010285  75.0832 285.1490 14.31648439519015
NOAA 16 DEB
1 42418U 00055TN  26081.47258865  .00005057  00000-0  19115-2 0  9997
2 42418  98.6681 160.4201 0010083  70.2740 289.9529 14.31667677519271
NOAA 16 DEB
1 42418U 00055TN  26085.17662133  .00003969  00000-0  15032-2 0  9999
2 42418  98.6670 164.1183 0009490  59.2104 301.0012 14.31703612519802
NOAA 16 DEB
1 42418U 00055TN  26085.17662133  .00003969  00000-0  15032-2 0  9999
2 42418  98.6670 164.1183 0009490  59.2104 301.0012 14.31703612519802
NOAA 16 DEB
1 42418U 00055TN  26086.15503234  .00004237  00000-0  16032-2 0  9994
2 42418  98.6672 165.0957 0009455  56.4753 303.7332 14.31711846519940
NOAA 16 DEB
1 42418U 00055TN  26086.15503234  .00004237  00000-0  16032-2 0  9994
2 42418  98.6672 165.0957 0009455  56.4753 303.7332 14.31711846519940
NOAA 16 DEB
1 42418U 00055TN  26089.64930754  .00005788  00000-0  21819-2 0  9993
2 42418  98.6671 168.5857 0009269  46.6121 313.5832 14.31747627520446
NOAA 16 DEB
1 42418U 00055TN  26094.68088634  .00006279  00000-0  23630-2 0  9993
2 42418  98.6676 173.6106 0007720  25.6051 334.5513 14.31809846521165
NOAA 16 DEB
1 42418U 00055TN  26094.68088634  .00006279  00000-0  23630-2 0  9993
2 42418  98.6676 173.6106 0007720  25.6051 334.5513 14.31809846521165
NOAA 16 DEB
1 42418U 00055TN  26095.17005857  .00005755  00000-0  21669-2 0  9992
2 42418  98.6675 174.1001 0008425  27.8458 332.3175 14.31816200521232
NOAA 16 DEB
1 42418U 00055TN  26097.68575828  .00003864  00000-0  14602-2 0  9998
2 42418  98.6658 176.6129 0008079  18.1217 342.0252 14.31838480521599
NOAA 16 DEB
1 42418U 00055TN  26097.68575829  .00003864  00000-0  14602-2 0  9999
2 42418  98.6658 176.6129 0008079  18.1217 342.0252 14.31838480521599
NOAA 16 DEB
1 42418U 00055TN  26098.17491846  .00003721  00000-0  14068-2 0  9998
2 42418  98.6669 177.1013 0008100  17.3435 342.8023 14.31842123521668
NOAA 16 DEB
1 42418U 00055TN  26098.17491847  .00003721  00000-0  14068-2 0  9999
2 42418  98.6669 177.1013 0008100  17.3435 342.8023 14.31842123521668
NOAA 16 DEB
1 42418U 00055TN  26098.66407725  .00003332  00000-0  12615-2 0  9999
2 42418  98.6665 177.5899 0008035  15.8609 344.2825 14.31845021521737
NOAA 16 DEB
1 42418U 00055TN  26099.15323495  .00003541  00000-0  13393-2 0  9991
2 42418  98.6668 178.0786 0008006  14.4022 345.7388 14.31848867521802
NOAA 16 DEB
1 42418U 00055TN  26099.15323496  .00003541  00000-0  13393-2 0  9992
2 42418  98.6668 178.0786 0008006  14.4022 345.7388 14.31848867521802
NOAA 16 DEB
1 42418U 00055TN  26101.17973257  .00003052  00000-0  11566-2 0  9991
2 42418  98.6675 180.1029 0007811   6.8476 353.2812 14.31862052522095
NOAA 16 DEB
1 42418U 00055TN  26101.17973257  .00003052  00000-0  11566-2 0  9991
2 42418  98.6675 180.1029 0007811   6.8476 353.2812 14.31862052522095
NOAA 16 DEB
1 42418U 00055TN  26101.66888438  .00003267  00000-0  12366-2 0  9998
2 42418  98.6673 180.5914 0007788   4.8889 355.2369 14.31865650522163
NOAA 16 DEB
1 42418U 00055TN  26101.66888438  .00003267  00000-0  12366-2 0  9998
2 42418  98.6673 180.5914 0007788   4.8889 355.2369 14.31865650522163
NOAA 16 DEB
1 42418U 00055TN  26102.15803528  .00003008  00000-0  11397-2 0  9996
2 42418  98.6673 181.0799 0007751   3.1587 356.9644 14.31868073522231
NOAA 16 DEB
1 42418U 00055TN  26102.15803528  .00003008  00000-0  11397-2 0  9996
2 42418  98.6673 181.0799 0007751   3.1587 356.9644 14.31868073522231
NOAA 16 DEB
1 42418U 00055TN  26104.18450884  .00002228  00000-0  84861-3 0  9994
2 42418  98.6679 183.1042 0007566 355.3995   4.7118 14.31877043522523
NOAA 16 DEB
1 42418U 00055TN  26104.18450885  .00002228  00000-0  84861-3 0  9995
2 42418  98.6679 183.1042 0007566 355.3995   4.7118 14.31877043522523
NOAA 16 DEB
1 42418U 00055TN  26105.16280198  .00002088  00000-0  79615-3 0  9997
2 42418  98.6677 184.0811 0007516 351.9941   8.1121 14.31881224522666
NOAA 16 DEB
1 42418U 00055TN  26105.16280199  .00002088  00000-0  79615-3 0  9998
2 42418  98.6677 184.0811 0007516 351.9941   8.1121 14.31881224522666
NOAA 16 DEB
1 42418U 00055TN  26107.67839962  .00002615  00000-0  99259-3 0  9996
2 42418  98.6673 186.5935 0007389 342.3958  17.6969 14.31893665523024
NOAA 16 DEB
1 42418U 00055TN  26109.98434524  .00002996  00000-0  11345-2 0  9998
2 42418  98.6651 188.8943 0007274 334.4339  25.6483 14.31906280523356
NOAA 16 DEB
1 42418U 00055TN  26109.98434525  .00002996  00000-0  11345-2 0  9999
2 42418  98.6651 188.8943 0007274 334.4339  25.6483 14.31906280523356
NOAA 16 DEB
1 42418U 00055TN  26111.17224403  .00003226  00000-0  12202-2 0  9995
2 42418  98.6665 190.0833 0007316 328.3445  31.7297 14.31915091523521
NOAA 16 DEB
1 42418U 00055TN  26112.15051036  .00003036  00000-0  11491-2 0  9992
2 42418  98.6663 191.0603 0007323 323.9925  36.0764 14.31921028523666
NOAA 16 DEB
1 42418U 00055TN  26112.15051037  .00003036  00000-0  11491-2 0  9993
2 42418  98.6663 191.0603 0007323 323.9925  36.0764 14.31921028523666
NOAA 16 DEB
1 42418U 00055TN  26112.43001508  .00002965  00000-0  11228-2 0  9990
2 42418  98.6666 191.3396 0007303 323.6595  36.4092 14.31922370523703
NOAA 16 DEB
1 42418U 00055TN  26112.43001508  .00002965  00000-0  11228-2 0  9990
2 42418  98.6666 191.3396 0007303 323.6595  36.4092 14.31922370523703
NOAA 16 DEB
1 42418U 00055TN  26114.17690799  .00003048  00000-0  11535-2 0  9993
2 42418  98.6662 193.0845 0007308 317.2099  42.8515 14.31933514523950
NOAA 16 DEB
1 42418U 00055TN  26114.17690799  .00003048  00000-0  11535-2 0  9993
2 42418  98.6662 193.0845 0007308 317.2099  42.8515 14.31933514523950
NOAA 16 DEB
1 42418U 00055TN  26114.66603558  .00003014  00000-0  11405-2 0  9993
2 42418  98.6662 193.5731 0007294 315.3449  44.7146 14.31936508524027
NOAA 16 DEB
1 42418U 00055TN  26114.66603559  .00003014  00000-0  11405-2 0  9994
2 42418  98.6662 193.5731 0007294 315.3449  44.7146 14.31936508524027
NOAA 16 DEB
1 42418U 00055TN  26117.18152701  .00004462  00000-0  16796-2 0  9998
2 42418  98.6667 196.0858 0007317 305.8866  54.1638 14.31959367524381
NOAA 16 DEB
1 42418U 00055TN  26117.18152702  .00004462  00000-0  16796-2 0  9999
2 42418  98.6667 196.0858 0007317 305.8866  54.1638 14.31959367524381
NOAA 16 DEB
1 42418U 00055TN  26118.64888082  .00004118  00000-0  15510-2 0  9999
2 42418  98.6648 197.5490 0007327 301.5752  58.4715 14.31970502524596
NOAA 16 DEB
1 42418U 00055TN  26118.64888083  .00004118  00000-0  15510-2 0  9990
2 42418  98.6648 197.5490 0007327 301.5752  58.4715 14.31970502524596
NOAA 16 DEB
1 42418U 00055TN  26119.48736262  .00003929  00000-0  14803-2 0  9997
2 42418  98.6663 198.3884 0007389 297.0307  63.0122 14.31976781524715
NOAA 16 DEB
1 42418U 00055TN  26119.48736262  .00003929  00000-0  14803-2 0  9997
2 42418  98.6663 198.3884 0007389 297.0307  63.0122 14.31976781524715
NOAA 16 DEB
1 42418U 00055TN  26120.67520654  .00003816  00000-0  14381-2 0  9992
2 42418  98.6660 199.5743 0007437 292.7390  67.3007 14.31985462524880
NOAA 16 DEB
1 42418U 00055TN  26121.93291218  .00004120  00000-0  15510-2 0  9997
2 42418  98.6671 200.8328 0007548 287.0435  72.9921 14.31997413525064
NOAA 16 DEB
1 42418U 00055TN  26121.93291218  .00004120  00000-0  15510-2 0  9997
2 42418  98.6671 200.8328 0007548 287.0435  72.9921 14.31997413525064
NOAA 16 DEB
1 42418U 00055TN  26123.19060859  .00004289  00000-0  16136-2 0  9993
2 42418  98.6666 202.0893 0007638 282.3569  77.6759 14.32009504525242
NOAA 16 DEB
1 42418U 00055TN  26123.19060859  .00004289  00000-0  16136-2 0  9993
2 42418  98.6666 202.0893 0007638 282.3569  77.6759 14.32009504525242
NOAA 16 DEB
1 42418U 00055TN  26125.98546050  .00003764  00000-0  14176-2 0  9993
2 42418  98.6647 204.8799 0007581 274.2552  85.7765 14.32030641525642
NOAA 16 DEB
1 42418U 00055TN  26125.98546050  .00003764  00000-0  14176-2 0  9993
2 42418  98.6647 204.8799 0007581 274.2552  85.7765 14.32030641525642
NOAA 16 DEB
1 42418U 00055TN  26126.47455034  .00003770  00000-0  14195-2 0  9997
2 42418  98.6665 205.3700 0008045 270.2067  89.8194 14.32036250525714
NOAA 16 DEB
1 42418U 00055TN  26126.47455034  .00003770  00000-0  14195-2 0  9997
2 42418  98.6665 205.3700 0008045 270.2067  89.8194 14.32036250525714
NOAA 16 DEB
1 42418U 00055TN  26127.17325365  .00003325  00000-0  12538-2 0  9993
2 42418  98.6664 206.0683 0008054 267.8308  92.1953 14.32041142525818
NOAA 16 DEB
1 42418U 00055TN  26127.17325365  .00003325  00000-0  12538-2 0  9993
2 42418  98.6664 206.0683 0008054 267.8308  92.1953 14.32041142525818
NOAA 16 DEB
1 42418U 00055TN  26128.15143522  .00003040  00000-0  11478-2 0  9991
2 42418  98.6668 207.0458 0008158 264.4412  95.5841 14.32046990525951
NOAA 16 DEB
1 42418U 00055TN  26128.15143522  .00003040  00000-0  11478-2 0  9991
2 42418  98.6668 207.0458 0008158 264.4412  95.5841 14.32046990525951
NOAA 16 DEB
1 42418U 00055TN  26128.43091517  .00003024  00000-0  11418-2 0  9994
2 42418  98.6670 207.3252 0008156 263.5145  96.5110 14.32048478525997
NOAA 16 DEB
1 42418U 00055TN  26128.43091518  .00003024  00000-0  11418-2 0  9995
2 42418  98.6670 207.3252 0008156 263.5145  96.5110 14.32048478525997
NOAA 16 DEB
1 42418U 00055TN  26129.68856987  .00002875  00000-0  10864-2 0  9999
2 42418  98.6666 208.5817 0008216 259.0548 100.9711 14.32055946526172
NOAA 16 DEB
1 42418U 00055TN  26129.68856988  .00002875  00000-0  10864-2 0  9990
2 42418  98.6666 208.5817 0008216 259.0548 100.9711 14.32055946526172
NOAA 16 DEB
1 42418U 00055TN  26130.17765642  .00002605  00000-0  98583-3 0  9998
2 42418  98.6664 209.0702 0008260 257.3965 102.6295 14.32058040526244
NOAA 16 DEB
1 42418U 00055TN  26130.45713367  .00002615  00000-0  98926-3 0  9998
2 42418  98.6668 209.3495 0008339 256.5226 103.5028 14.32059822526285
NOAA 16 DEB
1 42418U 00055TN  26130.45713367  .00002615  00000-0  98926-3 0  9998
2 42418  98.6668 209.3495 0008339 256.5226 103.5028 14.32059823526286
NOAA 16 DEB
1 42418U 00055TN  26131.43530263  .00002504  00000-0  94815-3 0  9999
2 42418  98.6669 210.3268 0008437 253.2044 106.8214 14.32065008526429
NOAA 16 DEB
1 42418U 00055TN  26131.43530263  .00002504  00000-0  94815-3 0  9999
2 42418  98.6669 210.3268 0008437 253.2044 106.8214 14.32065008526429
NOAA 16 DEB
1 42418U 00055TN  26133.18202525  .00002431  00000-0  92054-3 0  9992
2 42418  98.6667 212.0717 0008658 247.4959 112.5308 14.32073471526678
NOAA 16 DEB
1 42418U 00055TN  26133.18202526  .00002431  00000-0  92054-3 0  9993
2 42418  98.6667 212.0717 0008658 247.4959 112.5308 14.32073471526678
NOAA 16 DEB
1 42418U 00055TN  26134.64926471  .00002636  00000-0  99665-3 0  9999
2 42418  98.6673 213.5378 0008778 242.7370 117.2919 14.32081125526880
NOAA 16 DEB
1 42418U 00055TN  26136.18636419  .00002785  00000-0  10520-2 0  9997
2 42418  98.6672 215.0734 0008973 237.9286 122.1026 14.32089241527108
NOAA 16 DEB
1 42418U 00055TN  26137.02477757  .00002892  00000-0  10914-2 0  9995
2 42418  98.6675 215.9113 0009171 235.0503 124.9819 14.32094240527221
NOAA 16 DEB
1 42418U 00055TN  26137.44398380  .00002792  00000-0  10545-2 0  9994
2 42418  98.6674 216.3301 0009200 233.6804 126.3530 14.32096186527288
NOAA 16 DEB
1 42418U 00055TN  26137.44398380  .00002792  00000-0  10545-2 0  9994
2 42418  98.6674 216.3301 0009200 233.6804 126.3530 14.32096186527288
NOAA 16 DEB
1 42418U 00055TN  26138.00292389  .00002836  00000-0  10706-2 0  9997
2 42418  98.6674 216.8886 0009279 232.0068 128.0278 14.32099545527361
NOAA 16 DEB
1 42418U 00055TN  26138.00292389  .00002836  00000-0  10706-2 0  9997
2 42418  98.6674 216.8886 0009279 232.0068 128.0278 14.32099545527361
NOAA 16 DEB
1 42418U 00055TN  26139.05093352  .00002746  00000-0  10371-2 0  9990
2 42418  98.6673 217.9359 0009411 228.8610 131.1762 14.32105285527510
NOAA 16 DEB
1 42418U 00055TN  26139.05093353  .00002746  00000-0  10371-2 0  9991
2 42418  98.6673 217.9359 0009411 228.8610 131.1762 14.32105285527510
NOAA 16 DEB
1 42418U 00055TN  26140.16880556  .00002701  00000-0  10201-2 0  9997
2 42418  98.6672 219.0530 0009555 225.5872 134.4529 14.32111584527679
NOAA 16 DEB
1 42418U 00055TN  26140.16880556  .00002701  00000-0  10201-2 0  9997
2 42418  98.6672 219.0530 0009555 225.5873 134.4529 14.32111584527670
NOAA 16 DEB
1 42418U 00055TN  26141.00720651  .00002709  00000-0  10230-2 0  9990
2 42418  98.6671 219.8909 0009659 223.1110 136.9318 14.32116259527790
NOAA 16 DEB
1 42418U 00055TN  26142.68399899  .00003010  00000-0  11347-2 0  9997
2 42418  98.6671 221.5666 0009882 218.2799 141.7684 14.32127276528035
NOAA 16 DEB
1 42418U 00055TN  26143.17306140  .00003114  00000-0  11732-2 0  9992
2 42418  98.6670 222.0552 0009936 216.8940 143.1561 14.32130508528106
NOAA 16 DEB
1 42418U 00055TN  26144.15118264  .00003113  00000-0  11727-2 0  9992
2 42418  98.6672 223.0326 0010062 214.1290 145.9247 14.32136677528248
NOAA 16 DEB
1 42418U 00055TN  26144.15118265  .00003113  00000-0  11727-2 0  9993
2 42418  98.6672 223.0326 0010062 214.1290 145.9247 14.32136677528248
NOAA 16 DEB
1 42418U 00055TN  26146.66632846  .00004077  00000-0  15298-2 0  9994
2 42418  98.6676 225.5459 0010372 207.2057 152.8584 14.32157535528601
NOAA 16 DEB
1 42418U 00055TN  26147.15538007  .00004453  00000-0  16690-2 0  9998
2 42418  98.6676 226.0346 0010429 205.9215 154.1447 14.32162702528678
NOAA 16 DEB
1 42418U 00055TN  26147.15538007  .00004453  00000-0  16690-2 0  9998
2 42418  98.6676 226.0346 0010429 205.9215 154.1447 14.32162702528678
NOAA 16 DEB
1 42418U 00055TN  26149.67047683  .00005011  00000-0  18749-2 0  9990
2 42418  98.6679 228.5477 0010734 199.2724 160.8055 14.32187883529039
NOAA 16 DEB
1 42418U 00055TN  26150.15951780  .00005388  00000-0  20143-2 0  9995
2 42418  98.6683 229.0367 0010781 198.0936 161.9865 14.32194065529101
NOAA 16 DEB
1 42418U 00055TN  26150.15951781  .00005388  00000-0  20143-2 0  9996
2 42418  98.6683 229.0367 0010781 198.0936 161.9865 14.32194065529101
NOAA 16 DEB
1 42418U 00055TN  26152.46497290  .00004362  00000-0  16333-2 0  9999
2 42418  98.6677 231.3404 0011009 191.9638 168.1286 14.32216611529431
NOAA 16 DEB
1 42418U 00055TN  26154.00192286  .00004236  00000-0  15863-2 0  9995
2 42418  98.6677 232.8770 0011142 187.9820 172.1188 14.32231252529657
NOAA 16 DEB
1 42418U 00055TN  26154.00192286  .00004236  00000-0  15863-2 0  9995
2 42418  98.6677 232.8770 0011142 187.9820 172.1188 14.32231252529657
NOAA 16 DEB
1 42418U 00055TN  26159.03183987  .00004550  00000-0  17009-2 0  9994
2 42418  98.6671 237.9043 0011565 175.0109 185.1191 14.32276435530378
NOAA 16 DEB
1 42418U 00055TN  26159.03183988  .00004550  00000-0  17009-2 0  9995
2 42418  98.6671 237.9043 0011565 175.0109 185.1191 14.32276435530378
NOAA 16 DEB
1 42418U 00055TN  26161.47688736  .00003473  00000-0  13018-2 0  9996
2 42418  98.6676 240.3483 0011841 169.5810 190.5621 14.32292062530724
NOAA 16 DEB
1 42418U 00055TN  26161.47688737  .00003473  00000-0  13018-2 0  9997
2 42418  98.6676 240.3483 0011841 169.5810 190.5621 14.32292062530724
NOAA 16 DEB
1 42418U 00055TN  26162.45489872  .00003178  00000-0  11926-2 0  9993
2 42418  98.6678 241.3254 0011939 166.9644 193.1850 14.32298231530869
NOAA 16 DEB
1 42418U 00055TN  26162.45489872  .00003178  00000-0  11926-2 0  9993
2 42418  98.6678 241.3254 0011939 166.9644 193.1850 14.32298231530869
NOAA 16 DEB
1 42418U 00055TN  26164.96976013  .00004075  00000-0  15237-2 0  9995
2 42418  98.6683 243.8392 0012074 161.1957 198.9674 14.32319561531228
NOAA 16 DEB
1 42418U 00055TN  26164.96976013  .00004075  00000-0  15237-2 0  9995
2 42418  98.6683 243.8393 0012074 161.1957 198.9674 14.32319561531229
NOAA 16 DEB
1 42418U 00055TN  26166.01760894  .00003680  00000-0  13773-2 0  9995
2 42418  98.6684 244.8864 0012177 158.5707 201.5989 14.32327004531378
NOAA 16 DEB
1 42418U 00055TN  26166.01760894  .00003680  00000-0  13773-2 0  9995
2 42418  98.6684 244.8864 0012177 158.5707 201.5989 14.32327004531378
NOAA 16 DEB
1 42418U 00055TN  26166.43674716  .00003285  00000-0  12314-2 0  9999
2 42418  98.6683 245.3055 0012192 157.4864 202.6856 14.32329121531438
NOAA 16 DEB
1 42418U 00055TN  26166.43674717  .00003285  00000-0  12314-2 0  9990
2 42418  98.6683 245.3055 0012192 157.4864 202.6856 14.32329122531439
NOAA 16 DEB
1 42418U 00055TN  26169.02141528  .00003252  00000-0  12187-2 0  9999
2 42418  98.6681 247.8899 0012220 151.1682 209.0179 14.32345693531802
NOAA 16 DEB
1 42418U 00055TN  26169.99939068  .00003076  00000-0  11535-2 0  9999
2 42418  98.6677 248.8674 0012344 148.9184 211.2732 14.32350926531947
NOAA 16 DEB
1 42418U 00055TN  26169.99939069  .00003076  00000-0  11535-2 0  9990
2 42418  98.6677 248.8674 0012344 148.9184 211.2732 14.32350926531947
NOAA 16 DEB
1 42418U 00055TN  26171.46634581  .00003147  00000-0  11796-2 0  9994
2 42418  98.6675 250.3339 0012420 145.5656 214.6335 14.32360037532157
NOAA 16 DEB
1 42418U 00055TN  26171.67591016  .00003078  00000-0  11540-2 0  9992
2 42418  98.6676 250.5434 0012421 145.2048 214.9950 14.32361178532185
NOAA 16 DEB
1 42418U 00055TN  26174.47008378  .00003057  00000-0  11460-2 0  9995
2 42418  98.6679 253.3366 0012475 138.6263 221.5868 14.32377632532585
NOAA 16 DEB
1 42418U 00055TN  26178.45171076  .00004160  00000-0  15522-2 0  9992
2 42418  98.6684 257.3168 0012465 129.1662 231.0630 14.32411102533150
NOAA 16 DEB
1 42418U 00055TN  26178.66126750  .00003796  00000-0  14179-2 0  9995
2 42418  98.6685 257.5263 0012459 128.8808 231.3488 14.32412281533186
NOAA 16 DEB
1 42418U 00055TN  26178.66126750  .00003796  00000-0  14179-2 0  9995
2 42418  98.6685 257.5263 0012459 128.8808 231.3488 14.32412281533186
NOAA 16 DEB
1 42418U 00055TN  26180.47741704  .00003686  00000-0  13771-2 0  9994
2 42418  98.6686 259.3420 0012411 124.6814 235.5541 14.32425279533447
NOAA 16 DEB
1 42418U 00055TN  26180.47741704  .00003686  00000-0  13771-2 0  9994
2 42418  98.6686 259.3421 0012411 124.6814 235.5541 14.32425279533448
NOAA 16 DEB
1 42418U 00055TN  26180.47741704  .00003686  00000-0  13771-2 0  9994
2 42418  98.6686 259.3421 0012411 124.6814 235.5541 14.32425279533448
NOAA 16 DEB
1 42418U 00055TN  26182.01414573  .00004434  00000-0  16525-2 0  9999
2 42418  98.6688 260.8786 0012379 120.9961 239.2440 14.32438128533666
NOAA 16 DEB
1 42418U 00055TN  26182.01414574  .00004434  00000-0  16525-2 0  9990
2 42418  98.6688 260.8787 0012379 120.9961 239.2440 14.32438128533667
NOAA 16 DEB
1 42418U 00055TN  26190.18651180  .00002453  00000-0  92074-3 0  9996
2 42418  98.6660 269.0503 0012167 102.1730 258.0818 14.32499740534830
NOAA 16 DEB
1 42418U 00055TN  26191.16438039  .00002426  00000-0  91081-3 0  9998
2 42418  98.6681 270.0270 0011952  99.3591 260.8944 14.32504835534977
NOAA 16 DEB
1 42418U 00055TN  26194.16781493  .00002086  00000-0  78517-3 0  9997
2 42418  98.6701 273.0314 0011462  91.6489 268.6008 14.32518226535404
NOAA 16 DEB
1 42418U 00055TN  26194.16781494  .00002086  00000-0  78517-3 0  9998
2 42418  98.6701 273.0314 0011462  91.6489 268.6008 14.32518226535404
NOAA 16 DEB
1 42418U 00055TN  26194.44720296  .00002083  00000-0  78393-3 0  9991
2 42418  98.6693 273.3100 0011647  91.3037 268.9481 14.32519295535440
NOAA 16 DEB
1 42418U 00055TN  26194.44720297  .00002083  00000-0  78393-3 0  9992
2 42418  98.6693 273.3100 0011647  91.3037 268.9481 14.32519295535440
NOAA 16 DEB
1 42418U 00055TN  26196.05367860  .00001999  00000-0  75303-3 0  9997
2 42418  98.6685 274.9158 0011582  87.5416 272.7093 14.32525941535679
NOAA 16 DEB
1 42418U 00055TN  26196.05367861  .00001999  00000-0  75303-3 0  9998
2 42418  98.6685 274.9158 0011582  87.5416 272.7093 14.32525941535679
NOAA 16 DEB
1 42418U 00055TN  26197.17122230  .00001868  00000-0  70475-3 0  9991
2 42418  98.6684 276.0335 0011432  84.5819 275.6668 14.32530299535836
NOAA 16 DEB
1 42418U 00055TN  26197.17122231  .00001868  00000-0  70475-3 0  9992
2 42418  98.6684 276.0335 0011432  84.5819 275.6668 14.32530299535836
NOAA 16 DEB
1 42418U 00055TN  26197.66014634  .00001917  00000-0  72260-3 0  9992
2 42418  98.6683 276.5224 0011377  83.3850 276.8628 14.32532620535904
NOAA 16 DEB
1 42418U 00055TN  26197.66014635  .00001917  00000-0  72260-3 0  9993
2 42418  98.6683 276.5224 0011377  83.3850 276.8628 14.32532621535905
NOAA 16 DEB
1 42418U 00055TN  26199.05706919  .00001928  00000-0  72661-3 0  9998
2 42418  98.6682 277.9193 0011219  79.7648 280.4800 14.32538182536107
NOAA 16 DEB
1 42418U 00055TN  26199.68568262  .00001838  00000-0  69353-3 0  9998
2 42418  98.6681 278.5478 0011159  78.1416 282.1018 14.32540469536198
NOAA 16 DEB
1 42418U 00055TN  26199.68568262  .00001838  00000-0  69353-3 0  9998
2 42418  98.6681 278.5478 0011159  78.1416 282.1018 14.32540469536198
NOAA 16 DEB
1 42418U 00055TN  26200.17460349  .00001873  00000-0  70631-3 0  9992
2 42418  98.6679 279.0367 0011100  76.9074 283.3348 14.32542434536261
NOAA 16 DEB
1 42418U 00055TN  26201.01275182  .00001934  00000-0  72869-3 0  9998
2 42418  98.6678 279.8747 0011003  74.7811 285.4589 14.32545940536385
NOAA 16 DEB
1 42418U 00055TN  26202.06043440  .00002532  00000-0  94904-3 0  9993
2 42418  98.6677 280.9222 0010898  72.0510 288.1861 14.32551968536530
NOAA 16 DEB
1 42418U 00055TN  26202.47950590  .00003056  00000-0  11417-2 0  9990
2 42418  98.6678 281.3412 0010866  70.9240 289.3119 14.32555632536596
NOAA 16 DEB
1 42418U 00055TN  26203.03826691  .00003605  00000-0  13438-2 0  9992
2 42418  98.6678 281.9000 0010770  69.4580 290.7759 14.32560036536678
NOAA 16 DEB
1 42418U 00055TN  26203.66687084  .00003288  00000-0  12269-2 0  9990
2 42418  98.6679 282.5284 0010688  67.8375 292.3941 14.32562960536761
NOAA 16 DEB
1 42418U 00055TN  26206.18126648  .00004003  00000-0  14896-2 0  9998
2 42418  98.6683 285.0424 0010381  60.8504 299.3717 14.32582975537124
NOAA 16 DEB
1 42418U 00055TN  26207.01939120  .00003765  00000-0  14020-2 0  9991
2 42418  98.6683 285.8806 0010298  58.5242 301.6947 14.32588424537246
NOAA 16 DEB
1 42418U 00055TN  26207.43845189  .00003985  00000-0  14828-2 0  9998
2 42418  98.6684 286.2996 0010241  57.3391 302.8779 14.32592305537308
NOAA 16 DEB
1 42418U 00055TN  26212.04806146  .00003532  00000-0  13154-2 0  9990
2 42418  98.6683 290.9093 0009635  43.9804 316.2145 14.32624604537968
NOAA 16 DEB
1 42418U 00055TN  26212.04806146  .00003532  00000-0  13154-2 0  9990
2 42418  98.6683 290.9093 0009635  43.9804 316.2145 14.32624604537968
NOAA 16 DEB
1 42418U 00055TN  26213.16552641  .00003211  00000-0  11973-2 0  9993
2 42418  98.6679 292.0270 0009435  40.6839 319.5048 14.32631866538128
NOAA 16 DEB
1 42418U 00055TN  26213.44489208  .00003237  00000-0  12067-2 0  9995
2 42418  98.6677 292.3064 0009432  39.9829 320.2048 14.32633599538165
NOAA 16 DEB
1 42418U 00055TN  26214.00362197  .00003289  00000-0  12259-2 0  9995
2 42418  98.6676 292.8651 0009350  38.2416 321.9429 14.32637204538241
NOAA 16 DEB
1 42418U 00055TN  26214.00362197  .00003289  00000-0  12259-2 0  9995
2 42418  98.6676 292.8651 0009350  38.2416 321.9429 14.32637204538241
NOAA 16 DEB
1 42418U 00055TN  26215.67980340  .00003436  00000-0  12794-2 0  9993
2 42418  98.6672 294.5413 0009143  32.9904 327.1848 14.32648261538489
NOAA 16 DEB
1 42418U 00055TN  26218.68293303  .00001891  00000-0  71175-3 0  9995
2 42418  98.6670 297.5444 0008783  23.3062 336.8519 14.32662144538918
NOAA 16 DEB
1 42418U 00055TN  26219.17181234  .00001831  00000-0  68949-3 0  9998
2 42418  98.6671 298.0330 0008728  21.7196 338.4356 14.32663512538982
NOAA 16 DEB
1 42418U 00055TN  26220.00988942  .00001756  00000-0  66185-3 0  9999
2 42418  98.6673 298.8708 0008626  19.0333 341.1172 14.32666679539100
NOAA 16 DEB
1 42418U 00055TN  26220.00988943  .00001756  00000-0  66185-3 0  9990
2 42418  98.6674 298.8708 0008626  19.0333 341.1172 14.32666679539101
NOAA 16 DEB
1 42418U 00055TN  26221.05748323  .00001913  00000-0  71968-3 0  9992
2 42418  98.6675 299.9183 0008525  15.5578 344.5866 14.32671082539258
NOAA 16 DEB
1 42418U 00055TN  26221.05748324  .00001913  00000-0  71968-3 0  9993
2 42418  98.6675 299.9183 0008525  15.5578 344.5866 14.32671082539258
NOAA 16 DEB
1 42418U 00055TN  26221.68603788  .00001928  00000-0  72505-3 0  9990
2 42418  98.6677 300.5467 0008451  13.3761 346.7645 14.32673622539343
NOAA 16 DEB
1 42418U 00055TN  26222.17491301  .00001921  00000-0  72265-3 0  9997
2 42418  98.6677 301.0356 0008391  11.6493 348.4883 14.32675489539416
NOAA 16 DEB
1 42418U 00055TN  26222.17491301  .00001921  00000-0  72265-3 0  9997
2 42418  98.6677 301.0356 0008391  11.6493 348.4883 14.32675489539416
NOAA 16 DEB
1 42418U 00055TN  26224.68911865  .00001627  00000-0  61420-3 0  9991
2 42418  98.6678 303.5498 0008142   2.9139 357.2091 14.32684207539771
NOAA 16 DEB
1 42418U 00055TN  26226.15573231  .00001816  00000-0  68367-3 0  9993
2 42418  98.6674 305.0166 0008038 357.8211   2.2937 14.32689484539984
NOAA 16 DEB
1 42418U 00055TN  26226.15573232  .00001816  00000-0  68367-3 0  9994
2 42418  98.6674 305.0166 0008038 357.8211   2.2937 14.32689484539984
NOAA 16 DEB
1 42418U 00055TN  26227.69217852  .00001898  00000-0  71395-3 0  9992
2 42418  98.6671 306.5531 0007921 352.1948   7.9111 14.32695166540205
NOAA 16 DEB
1 42418U 00055TN  26227.69217852  .00001898  00000-0  71395-3 0  9992
2 42418  98.6671 306.5531 0007921 352.1949   7.9111 14.32695166540206
NOAA 16 DEB
1 42418U 00055TN  26228.46039907  .00002169  00000-0  81311-3 0  9992
2 42418  98.6670 307.3213 0007858 349.2023  10.8991 14.32698870540316
NOAA 16 DEB
1 42418U 00055TN  26229.15877998  .00002261  00000-0  84684-3 0  9998
2 42418  98.6668 308.0197 0007803 346.4563  13.6410 14.32701895540410
NOAA 16 DEB
1 42418U 00055TN  26229.43813192  .00002311  00000-0  86550-3 0  9995
2 42418  98.6668 308.2989 0007780 345.2702  14.8254 14.32703173540451
NOAA 16 DEB
1 42418U 00055TN  26231.18407271  .00002925  00000-0  10905-2 0  9998
2 42418  98.6671 310.0445 0007753 338.8784  21.2078 14.32715626540701
NOAA 16 DEB
1 42418U 00055TN  26231.18407271  .00002925  00000-0  10905-2 0  9998
2 42418  98.6671 310.0445 0007753 338.8784  21.2078 14.32715626540701
NOAA 16 DEB
1 42418U 00055TN  26234.46641340  .00002905  00000-0  10829-2 0  9992
2 42418  98.6667 313.3268 0007622 325.9786  34.0908 14.32732148541173
NOAA 16 DEB
1 42418U 00055TN  26234.46641341  .00002905  00000-0  10829-2 0  9993
2 42418  98.6667 313.3268 0007622 325.9786  34.0908 14.32732148541173
NOAA 16 DEB
1 42418U 00055TN  26234.67592287  .00002893  00000-0  10784-2 0  9996
2 42418  98.6668 313.5362 0007600 325.2099  34.8587 14.32733375541205
NOAA 16 DEB
1 42418U 00055TN  26235.16477778  .00002745  00000-0  10240-2 0  9991
2 42418  98.6668 314.0250 0007609 323.2419  36.8242 14.32735678541275
NOAA 16 DEB
1 42418U 00055TN  26237.19002397  .00002951  00000-0  10993-2 0  9991
2 42418  98.6670 316.0504 0007606 315.5223  44.5349 14.32747669541565
NOAA 16 DEB
1 42418U 00055TN  26237.19002398  .00002951  00000-0  10993-2 0  9992
2 42418  98.6670 316.0504 0007606 315.5223  44.5349 14.32747669541565
NOAA 16 DEB
1 42418U 00055TN  26238.44706562  .00003050  00000-0  11354-2 0  9998
2 42418  98.6671 317.3074 0007633 310.5717  49.4802 14.32754835541746
NOAA 16 DEB
1 42418U 00055TN  26238.44706563  .00003050  00000-0  11354-2 0  9999
2 42418  98.6671 317.3075 0007633 310.5717  49.4802 14.32754835541747
NOAA 16 DEB
1 42418U 00055TN  26239.00574839  .00002979  00000-0  11094-2 0  9991
2 42418  98.6671 317.8662 0007664 308.3647  51.6848 14.32757936541824
NOAA 16 DEB
1 42418U 00055TN  26239.00574840  .00002979  00000-0  11094-2 0  9993
2 42418  98.6671 317.8662 0007664 308.3647  51.6848 14.32757936541824
NOAA 16 DEB
1 42418U 00055TN  26241.03096523  .00003073  00000-0  11436-2 0  9992
2 42418  98.6668 319.8917 0007741 300.7049  59.3372 14.32769150542114
NOAA 16 DEB
1 42418U 00055TN  26241.03096524  .00003073  00000-0  11436-2 0  9993
2 42418  98.6668 319.8917 0007741 300.7049  59.3372 14.32769150542114
NOAA 16 DEB
1 42418U 00055TN  26241.44997279  .00003207  00000-0  11927-2 0  9999
2 42418  98.6667 320.3107 0007762 299.0017  61.0388 14.32772316542170
NOAA 16 DEB
1 42418U 00055TN  26241.44997279  .00003207  00000-0  11927-2 0  9999
2 42418  98.6667 320.3107 0007762 299.0017  61.0388 14.32772316542170
NOAA 16 DEB
1 42418U 00055TN  26244.03384117  .00002424  00000-0  90539-3 0  9995
2 42418  98.6660 322.8946 0007923 289.2459  70.7867 14.32785087542540
NOAA 16 DEB
1 42418U 00055TN  26244.03384118  .00002424  00000-0  90539-3 0  9996
2 42418  98.6660 322.8946 0007923 289.2460  70.7867 14.32785087542542
NOAA 16 DEB
1 42418U 00055TN  26244.45284454  .00002263  00000-0  84643-3 0  9994
2 42418  98.6659 323.3136 0007956 287.7011  72.3304 14.32786977542608
NOAA 16 DEB
1 42418U 00055TN  26244.45284454  .00002263  00000-0  84643-3 0  9994
2 42418  98.6659 323.3136 0007956 287.7011  72.3304 14.32786977542608
NOAA 16 DEB
1 42418U 00055TN  26244.66234597  .00002223  00000-0  83156-3 0  9994
2 42418  98.6658 323.5231 0007971 286.9591  73.0719 14.32788085542639
