TBA - TO BE ASSIGNED
1 43325U 87060AS  18103.41594898  .00000040  00000-0  52146-4 0  9995
2 43325  65.0097 103.9683 0018080 281.5564  78.3491 14.32052697170597
COSMOS 1867 COOLANT
1 43325U 87060AS  18107.95520474 +.00000002 +00000-0 +37882-4 0  9995
2 43325 065.0102 091.2443 0018167 281.5346 078.3698 14.32053767171242
COSMOS 1867 COOLANT
1 43325U 87060AS  18107.95520474  .00000002  00000-0  37882-4 0  9995
2 43325  65.0102  91.2443 0018167 281.5346  78.3698 14.32053767171242
COSMOS 1867 COOLANT
1 43325U 87060AS  18108.37421262 +.00000013 +00000-0 +42094-4 0  9990
2 43325 065.0104 090.0704 0018163 281.5323 078.3722 14.32053957171308
COSMOS 1867 COOLANT
1 43325U 87060AS  18109.35189804 +.00000015 +00000-0 +42950-4 0  9995
2 43325 065.0105 087.3300 0018172 281.5195 078.3849 14.32054182171443
COSMOS 1867 COOLANT
1 43325U 87060AS  18110.53908698  .00000015  00000-0  42939-4 0  9994
2 43325  65.0107  84.0023 0018194 281.4621  78.4420 14.32054550171612
COSMOS 1867 COOLANT
1 43325U 87060AS  18112.28495292 +.00000020 +00000-0 +44625-4 0  9999
2 43325 065.0111 079.1089 0018225 281.4457 078.4581 14.32055013171866
COSMOS 1867 COOLANT
1 43325U 87060AS  18113.33247221  .00000034  00000-0  49803-4 0  9991
2 43325  65.0112  76.1724 0018235 281.4179  78.4857 14.32055311172017
COSMOS 1867 COOLANT
1 43325U 87060AS  18113.89114910 +.00000036 +00000-0 +50416-4 0  9994
2 43325 065.0113 074.6065 0018242 281.3787 078.5248 14.32055458172096
COSMOS 1867 COOLANT
1 43325U 87060AS  18116.47502859  .00000013  00000-0  42027-4 0  9998
2 43325  65.0118  67.3643 0018269 281.3398  78.5634 14.32056194172467
COSMOS 1867 COOLANT
1 43325U 87060AS  18116.47502859 +.00000013 +00000-0 +42027-4 0  9998
2 43325 065.0118 067.3643 0018269 281.3398 078.5634 14.32056194172467
COSMOS 1867 COOLANT
1 43325U 87060AS  18117.24320876 +.00000001 +00000-0 +37712-4 0  9993
2 43325 065.0120 065.2112 0018271 281.2927 078.6104 14.32056373172572
COSMOS 1867 COOLANT
1 43325U 87060AS  18118.29072711 -.00000000 +00000-0 +37229-4 0  9994
2 43325 065.0121 062.2751 0018285 281.2965 078.6065 14.32056631172726
COSMOS 1867 COOLANT
1 43325U 87060AS  18119.19857627  .00000008  00000-0  40218-4 0  9990
2 43325  65.0123  59.7306 0018295 281.2695  78.6333 14.32056838172857
COSMOS 1867 COOLANT
1 43325U 87060AS  18120.24609439 +.00000020 +00000-0 +44558-4 0  9999
2 43325 065.0124 056.7945 0018298 281.2248 078.6780 14.32057083173008
COSMOS 1867 COOLANT
1 43325U 87060AS  18122.20146088  .00000017  00000-0  43430-4 0  9997
2 43325  65.0126  51.3140 0018310 281.1732  78.7295 14.32057568173280
COSMOS 1867 COOLANT
1 43325U 87060AS  18122.41096440 +.00000013 +00000-0 +42106-4 0  9991
2 43325 065.0127 050.7269 0018316 281.1800 078.7226 14.32057614173318
COSMOS 1867 COOLANT
1 43325U 87060AS  18124.15682687 +.00000014 +00000-0 +42337-4 0  9995
2 43325 065.0129 045.8335 0018332 281.1247 078.7776 14.32057988173563
COSMOS 1867 COOLANT
1 43325U 87060AS  18125.13450976  .00000023  00000-0  45797-4 0  9991
2 43325  65.0129  43.0932 0018338 281.1008  78.8014 14.32058188173702
COSMOS 1867 COOLANT
1 43325U 87060AS  18127.15970930  .00000033  00000-0  49580-4 0  9997
2 43325  65.0130  37.4172 0018346 281.0196  78.8825 14.32058730173997
COSMOS 1867 COOLANT
1 43325U 87060AS  18128.34689469 +.00000016 +00000-0 +43126-4 0  9994
2 43325 065.0130 034.0897 0018359 280.9960 078.9059 14.32059047174167
COSMOS 1867 COOLANT
1 43325U 87060AS  18129.32457666  .00000008  00000-0  40264-4 0  9996
2 43325  65.0130  31.3496 0018376 280.9678  78.9340 14.32059288174303
COSMOS 1867 COOLANT
1 43325U 87060AS  18131.27994028 +.00000029 +00000-0 +48014-4 0  9995
2 43325 065.0129 025.8690 0018394 280.9223 078.9792 14.32059807174589
COSMOS 1867 COOLANT
1 43325U 87060AS  18132.11795305  .00000037  00000-0  50984-4 0  9994
2 43325  65.0128  23.5201 0018397 280.8954  79.0060 14.32060027174704
COSMOS 1867 COOLANT
1 43325U 87060AS  18133.16546866 +.00000035 +00000-0 +50384-4 0  9998
2 43325 065.0127 020.5839 0018405 280.8526 079.0487 14.32060336174854
COSMOS 1867 COOLANT
1 43325U 87060AS  18134.07331532 +.00000026 +00000-0 +47013-4 0  9996
2 43325 065.0127 018.0393 0018418 280.8108 079.0904 14.32060579174988
COSMOS 1867 COOLANT
1 43325U 87060AS  18135.12083058  .00000021  00000-0  44859-4 0  9990
2 43325  65.0126  15.1030 0018429 280.7837  79.1173 14.32060846175137
COSMOS 1867 COOLANT
1 43325U 87060AS  18138.05387246  .00000038  00000-0  51200-4 0  9997
2 43325  65.0124   6.8819 0018454 280.6695  79.2311 14.32061608175554
COSMOS 1867 COOLANT
1 43325U 87060AS  18139.10138688 +.00000024 +00000-0 +46117-4 0  9994
2 43325 065.0122 003.9457 0018460 280.6129 079.2877 14.32061873175705
COSMOS 1867 COOLANT
1 43325U 87060AS  18140.21873539  .00000002  00000-0  37814-4 0  9999
2 43325  65.0120   0.8134 0018486 280.6111  79.2891 14.32062111175869
COSMOS 1867 COOLANT
1 43325U 87060AS  18141.05674676 -.00000005 +00000-0 +35420-4 0  9998
2 43325 065.0119 358.4645 0018489 280.5408 079.3593 14.32062260175985
COSMOS 1867 COOLANT
1 43325U 87060AS  18142.03442660 +.00000002 +00000-0 +38032-4 0  9991
2 43325 065.0118 355.7241 0018488 280.4294 079.4707 14.32062454176127
COSMOS 1867 COOLANT
1 43325U 87060AS  18143.01210637  .00000017  00000-0  43567-4 0  9992
2 43325  65.0117 352.9835 0018494 280.3626  79.5373 14.32062663176266
COSMOS 1867 COOLANT
1 43325U 87060AS  18144.05962011 +.00000028 +00000-0 +47688-4 0  9997
2 43325 065.0116 350.0469 0018508 280.3535 079.5463 14.32062935176411
COSMOS 1867 COOLANT
1 43325U 87060AS  18145.17696785 +.00000015 +00000-0 +42866-4 0  9992
2 43325 065.0115 346.9149 0018521 280.2781 079.6216 14.32063159176579
COSMOS 1867 COOLANT
1 43325U 87060AS  18145.94514429 +.00000006 +00000-0 +39601-4 0  9994
2 43325 065.0115 344.7616 0018531 280.2105 079.6890 14.32063305176688
COSMOS 1867 COOLANT
1 43325U 87060AS  18148.11000494  .00000005  00000-0  38974-4 0  9999
2 43325  65.0114 338.6932 0018567 280.0753  79.8237 14.32063711176998
COSMOS 1867 COOLANT
1 43325U 87060AS  18149.08768376 +.00000010 +00000-0 +40920-4 0  9996
2 43325 065.0114 335.9529 0018583 280.0280 079.8707 14.32063907177139
COSMOS 1867 COOLANT
1 43325U 87060AS  18149.92569400 +.00000007 +00000-0 +39901-4 0  9999
2 43325 065.0114 333.6041 0018591 279.9499 079.9488 14.32064082177256
COSMOS 1867 COOLANT
1 43325U 87060AS  18149.99552815 +.00000007 +00000-0 +39992-4 0  9998
2 43325 065.0114 333.4084 0018596 279.9646 079.9340 14.32064110177260
COSMOS 1867 COOLANT
1 43325U 87060AS  18150.90337242 -.00000007 +00000-0 +34784-4 0  9991
2 43325 065.0114 330.8636 0018617 279.9670 079.9314 14.32064269177395
COSMOS 1867 COOLANT
1 43325U 87060AS  18151.11287491 -.00000013 +00000-0 +32345-4 0  9993
2 43325 065.0114 330.2765 0018622 279.9399 079.9583 14.32064301177425
COSMOS 1867 COOLANT
1 43325U 87060AS  18152.09055320 -.00000022 +00000-0 +28953-4 0  9995
2 43325 065.0114 327.5360 0018644 279.8625 080.0355 14.32064489177562
COSMOS 1867 COOLANT
1 43325U 87060AS  18153.83640718 +.00000002 +00000-0 +38140-4 0  9995
2 43325 065.0114 322.6421 0018681 279.7958 080.1017 14.32064874177817
COSMOS 1867 COOLANT
1 43325U 87060AS  18154.04590969 +.00000002 +00000-0 +37976-4 0  9997
2 43325 065.0114 322.0550 0018690 279.7974 080.1000 14.32064885177849
COSMOS 1867 COOLANT
1 43325U 87060AS  18155.02358777 +.00000014 +00000-0 +42290-4 0  9993
2 43325 065.0114 319.3144 0018706 279.7361 080.1611 14.32065071177986
COSMOS 1867 COOLANT
1 43325U 87060AS  18156.83927501  .00000006  00000-0  39369-4 0  9994
2 43325  65.0115 314.2250 0018742 279.6052  80.2915 14.32065440178243
COSMOS 1867 COOLANT
1 43325U 87060AS  18156.90910911 +.00000006 +00000-0 +39582-4 0  9996
2 43325 065.0115 314.0292 0018743 279.6158 080.2809 14.32065463178253
COSMOS 1867 COOLANT
1 43325U 87060AS  18157.04877729 +.00000002 +00000-0 +38099-4 0  9999
2 43325 065.0115 313.6378 0018748 279.5846 080.3120 14.32065499178279
COSMOS 1867 COOLANT
1 43325U 87060AS  18159.00413214 -.00000009  00000-0  34056-4 0  9999
2 43325  65.0116 308.1568 0018798 279.4612  80.4348 14.32065889178552
COSMOS 1867 COOLANT
1 43325U 87060AS  18160.05164346 -.00000003 +00000-0 +36126-4 0  9999
2 43325 065.0117 305.2208 0018820 279.2827 080.6129 14.32066100178707
COSMOS 1867 COOLANT
1 43325U 87060AS  18162.77517221 -.00000024 +00000-0 +28411-4 0  9995
2 43325 065.0117 297.5868 0018882 279.1341 080.7607 14.32066595179093
COSMOS 1867 COOLANT
1 43325U 87060AS  18162.98467436 -.00000029 +00000-0 +26525-4 0  9999
2 43325 065.0117 296.9996 0018887 279.1128 080.7820 14.32066629179125
COSMOS 1867 COOLANT
1 43325U 87060AS  18163.75284897 -.00000034 +00000-0 +24637-4 0  9991
2 43325 065.0117 294.8464 0018909 279.0679 080.8266 14.32066750179239
COSMOS 1867 COOLANT
1 43325U 87060AS  18165.00986191 -.00000026  00000-0  27428-4 0  9999
2 43325  65.0117 291.3230 0018947 279.0105  80.8835 14.32066955179417
COSMOS 1867 COOLANT
1 43325U 87060AS  18165.77803650 -.00000011 +00000-0 +33228-4 0  9990
2 43325 065.0117 289.1698 0018961 278.9611 080.9328 14.32067079179524
COSMOS 1867 COOLANT
1 43325U 87060AS  18166.82554711 +.00000005 +00000-0 +38929-4 0  9993
2 43325 065.0117 286.2337 0018984 278.8985 080.9950 14.32067270179670
COSMOS 1867 COOLANT
1 43325U 87060AS  18167.87305744  .00000002  00000-0  37882-4 0  9993
2 43325  65.0117 283.2975 0019012 278.7769  81.1162 14.32067449179820
COSMOS 1867 COOLANT
1 43325U 87060AS  18167.87305744 +.00000002 +00000-0 +37882-4 0  9993
2 43325 065.0117 283.2975 0019012 278.7769 081.1162 14.32067449179820
COSMOS 1867 COOLANT
1 43325U 87060AS  18170.73625147 -.00000008  00000-0  34237-4 0  9992
2 43325  65.0118 275.2722 0019101 278.5707  81.3214 14.32068024180238
COSMOS 1867 COOLANT
1 43325U 87060AS  18172.62176911 -.00000002 +00000-0 +36370-4 0  9996
2 43325 065.0117 269.9873 0019139 278.5278 081.3638 14.32068387180500
COSMOS 1867 COOLANT
1 43325U 87060AS  18172.76143710 -.00000003 +00000-0 +36015-4 0  9999
2 43325 065.0117 269.5958 0019144 278.5270 081.3645 14.32068403180527
COSMOS 1867 COOLANT
1 43325U 87060AS  18173.80894656 -.00000015 +00000-0 +31559-4 0  9998
2 43325 065.0116 266.6598 0019171 278.4740 081.4172 14.32068591180675
COSMOS 1867 COOLANT
1 43325U 87060AS  18174.85645580 -.00000022 +00000-0 +29196-4 0  9996
2 43325 065.0115 263.7237 0019203 278.4306 081.4602 14.32068833180820
COSMOS 1867 COOLANT
1 43325U 87060AS  18176.60230446 -.00000008 +00000-0 +34213-4 0  9992
2 43325 065.0113 258.8303 0019254 278.3382 081.5519 14.32069168181074
COSMOS 1867 COOLANT
1 43325U 87060AS  18177.57997960 +.00000017 +00000-0 +43459-4 0  9991
2 43325 065.0113 256.0900 0019279 278.2958 081.5940 14.32069405181210
COSMOS 1867 COOLANT
1 43325U 87060AS  18177.57997960  .00000017  00000-0  43459-4 0  9991
2 43325  65.0113 256.0900 0019279 278.2958  81.5940 14.32069405181210
COSMOS 1867 COOLANT
1 43325U 87060AS  18179.60516314 +.00000020 +00000-0 +44717-4 0  9999
2 43325 065.0111 250.4134 0019326 278.2223 081.6670 14.32069833181501
COSMOS 1867 COOLANT
1 43325U 87060AS  18179.81466474 +.00000018 +00000-0 +43795-4 0  9995
2 43325 065.0110 249.8263 0019326 278.1743 081.7149 14.32069907181538
COSMOS 1867 COOLANT
1 43325U 87060AS  18180.58283752 +.00000008 +00000-0 +40069-4 0  9997
2 43325 065.0110 247.6731 0019347 278.1287 081.7603 14.32070067181646
COSMOS 1867 COOLANT
1 43325U 87060AS  18180.79233910 +.00000005 +00000-0 +39261-4 0  9990
2 43325 065.0109 247.0858 0019359 278.1531 081.7358 14.32070143181678
COSMOS 1867 COOLANT
1 43325U 87060AS  18181.56051179 -.00000002 +00000-0 +36375-4 0  9992
2 43325 065.0109 244.9327 0019381 278.1089 081.7797 14.32070286181785
COSMOS 1867 COOLANT
1 43325U 87060AS  18183.51586022 -.00000005  00000-0  35389-4 0  9996
2 43325  65.0106 239.4519 0019431 278.0272  81.8608 14.32070622182061
COSMOS 1867 COOLANT
1 43325U 87060AS  18183.65552791 -.00000003 +00000-0 +36122-4 0  9991
2 43325 065.0106 239.0604 0019431 278.0244 081.8636 14.32070673182080
COSMOS 1867 COOLANT
1 43325U 87060AS  18184.56336804 -.00000010 +00000-0 +33346-4 0  9990
2 43325 065.0104 236.5157 0019447 277.9791 081.9087 14.32070810182214
COSMOS 1867 COOLANT
1 43325U 87060AS  18185.54104183 -.00000024 +00000-0 +28480-4 0  9990
2 43325 065.0103 233.7754 0019469 277.9289 081.9586 14.32070970182357
COSMOS 1867 COOLANT
1 43325U 87060AS  18185.75054333 -.00000028 +00000-0 +26749-4 0  9994
2 43325 065.0102 233.1882 0019478 277.9355 081.9519 14.32071011182382
COSMOS 1867 COOLANT
1 43325U 87060AS  18195.38760354  .00000026  00000-0  46741-4 0  9992
2 43325  65.0095 206.1740 0019719 277.5306  82.3538 14.32073686183765
COSMOS 1867 COOLANT
1 43325U 87060AS  18196.50494347 +.00000006 +00000-0 +39370-4 0  9991
2 43325 065.0098 203.0436 0019772 277.5608 082.3230 14.32073756183925
COSMOS 1867 COOLANT
1 43325U 87060AS  18197.41278166 -.00000023  00000-0  28677-4 0  9999
2 43325  65.0095 200.4974 0019771 277.5291  82.3547 14.32073725184059
COSMOS 1867 COOLANT
1 43325U 87060AS  18198.46029255 -.00000037 +00000-0 +23630-4 0  9997
2 43325 065.0095 197.5616 0019725 277.3785 082.5058 14.32073235184205
COSMOS 1867 COOLANT
1 43325U 87060AS  18199.36813114 -.00000031 +00000-0 +25756-4 0  9997
2 43325 065.0097 195.0177 0019732 277.3247 082.5595 14.32073397184332
COSMOS 1867 COOLANT
1 43325U 87060AS  18200.41563701 -.00000006  00000-0  35036-4 0  9994
2 43325  65.0098 192.0819 0019737 277.2110  82.6731 14.32073660184488
COSMOS 1867 COOLANT
1 43325U 87060AS  18201.39330907 +.00000010 +00000-0 +40865-4 0  9992
2 43325 065.0098 189.3415 0019741 277.1423 082.7417 14.32073844184622
COSMOS 1867 COOLANT
1 43325U 87060AS  18203.34865233  .00000006  00000-0  39428-4 0  9992
2 43325  65.0099 183.8584 0019750 277.2919  82.5920 14.32074323184901
COSMOS 1867 COOLANT
1 43325U 87060AS  18203.55815322 +.00000005 +00000-0 +39063-4 0  9993
2 43325 065.0100 183.2711 0019731 277.2739 082.6103 14.32074439184934
COSMOS 1867 COOLANT
1 43325U 87060AS  18204.53582456 -.00000002 +00000-0 +36631-4 0  9997
2 43325 065.0103 180.5313 0019691 276.9607 082.9238 14.32074649185071
COSMOS 1867 COOLANT
1 43325U 87060AS  18206.35149979 -.00000001 +00000-0 +36839-4 0  9997
2 43325 065.0106 175.4421 0019706 276.8901 082.9942 14.32075003185336
COSMOS 1867 COOLANT
1 43325U 87060AS  18207.25933729 -.00000010 +00000-0 +33537-4 0  9993
2 43325 065.0106 172.8972 0019707 276.8138 083.0704 14.32075088185466
COSMOS 1867 COOLANT
1 43325U 87060AS  18208.30684195 -.00000019 +00000-0 +30133-4 0  9998
2 43325 065.0106 169.9609 0019708 276.7835 083.1007 14.32075252185611
COSMOS 1867 COOLANT
1 43325U 87060AS  18209.49401392 -.00000044 +00000-0 +21094-4 0  9999
2 43325 065.0108 166.6336 0019745 276.8417 083.0421 14.32075338185784
COSMOS 1867 COOLANT
1 43325U 87060AS  18210.26218392 -.00000045 +00000-0 +20389-4 0  9999
2 43325 065.0108 164.4805 0019742 276.7906 083.0932 14.32075432185894
COSMOS 1867 COOLANT
1 43325U 87060AS  18211.30968837 -.00000029 +00000-0 +26530-4 0  9997
2 43325 065.0109 161.5441 0019751 276.7695 083.1142 14.32075624186049
COSMOS 1867 COOLANT
1 43325U 87060AS  18213.26502982  .00000008  00000-0  40284-4 0  9997
2 43325  65.0111 156.0635 0019750 276.6659  83.2178 14.32075995186326
COSMOS 1867 COOLANT
1 43325U 87060AS  18214.31253392 +.00000005 +00000-0 +39129-4 0  9995
2 43325 065.0112 153.1274 0019744 276.6138 083.2699 14.32076165186473
COSMOS 1867 COOLANT
1 43325U 87060AS  18215.42987137 -.00000015  00000-0  31821-4 0  9992
2 43325  65.0114 149.9957 0019755 276.5707  83.3129 14.32076335186635
COSMOS 1867 COOLANT
1 43325U 87060AS  18216.26787433 -.00000020 +00000-0 +29962-4 0  9991
2 43325 065.0114 147.6469 0019762 276.5117 083.3718 14.32076488186757
COSMOS 1867 COOLANT
1 43325U 87060AS  18217.17571086 -.00000020 +00000-0 +29672-4 0  9995
2 43325 065.0115 145.1023 0019764 276.4775 083.4059 14.32076642186883
COSMOS 1867 COOLANT
1 43325U 87060AS  18218.22321449 -.00000012  00000-0  32882-4 0  9996
2 43325  65.0115 142.1660 0019768 276.4648  83.4186 14.32076828187035
COSMOS 1867 COOLANT
1 43325U 87060AS  18220.17855413 -.00000022 +00000-0 +29068-4 0  9999
2 43325 065.0115 136.6853 0019759 276.3618 083.5216 14.32077136187312
COSMOS 1867 COOLANT
1 43325U 87060AS  18222.20372699 -.00000032  00000-0  25366-4 0  9993
2 43325  65.0114 131.0088 0019764 276.2879  83.5954 14.32077422187603
COSMOS 1867 COOLANT
1 43325U 87060AS  18224.08923251 +.00000001 +00000-0 +37539-4 0  9997
2 43325 065.0114 125.7239 0019765 276.1513 083.7320 14.32077736187872
COSMOS 1867 COOLANT
1 43325U 87060AS  18225.06690181 +.00000012 +00000-0 +41838-4 0  9998
2 43325 065.0114 122.9836 0019754 276.0253 083.8581 14.32077920188014
COSMOS 1867 COOLANT
1 43325U 87060AS  18226.18423795 +.00000004 +00000-0 +38612-4 0  9994
2 43325 065.0114 119.8518 0019754 275.9727 083.9107 14.32078108188171
COSMOS 1867 COOLANT
1 43325U 87060AS  18227.09207337 -.00000010  00000-0  33475-4 0  9997
2 43325  65.0114 117.3072 0019757 275.9161  83.9672 14.32078263188308
COSMOS 1867 COOLANT
1 43325U 87060AS  18228.06974220 -.00000017 +00000-0 +31063-4 0  9995
2 43325 065.0114 114.5667 0019763 275.8801 084.0031 14.32078445188442
COSMOS 1867 COOLANT
1 43325U 87060AS  18229.04741091 -.00000010 +00000-0 +33361-4 0  9998
2 43325 065.0113 111.8264 0019767 275.8258 084.0573 14.32078663188582
COSMOS 1867 COOLANT
1 43325U 87060AS  18230.09491310 -.00000007  00000-0  34493-4 0  9994
2 43325  65.0113 108.8902 0019769 275.7847  84.0984 14.32078823188733
COSMOS 1867 COOLANT
1 43325U 87060AS  18231.14241508 -.00000009 +00000-0 +33884-4 0  9998
2 43325 065.0111 105.9540 0019759 275.6719 084.2113 14.32078996188886
COSMOS 1867 COOLANT
1 43325U 87060AS  18232.25975025 -.00000017  00000-0  30902-4 0  9996
2 43325  65.0110 102.8220 0019759 275.5970  84.2861 14.32079215189048
COSMOS 1867 COOLANT
1 43325U 87060AS  18234.07541967 -.00000016 +00000-0 +31363-4 0  9993
2 43325 065.0109 097.7323 0019770 275.4977 084.3852 14.32079540189302
COSMOS 1867 COOLANT
1 43325U 87060AS  18235.12292119 -.00000002  00000-0  36532-4 0  9990
2 43325  65.0108  94.7961 0019777 275.4332  84.4496 14.32079716189454
COSMOS 1867 COOLANT
1 43325U 87060AS  18236.03075576 +.00000011 +00000-0 +41396-4 0  9990
2 43325 065.0107 092.2512 0019774 275.3769 084.5060 14.32079878189589
COSMOS 1867 COOLANT
1 43325U 87060AS  18237.00842353 +.00000015 +00000-0 +42701-4 0  9998
2 43325 065.0107 089.5106 0019774 275.3083 084.5745 14.32080071189729
COSMOS 1867 COOLANT
1 43325U 87060AS  18238.19559125 -.00000002  00000-0  36354-4 0  9995
2 43325  65.0107  86.1830 0019780 275.2202  84.6625 14.32080291189895
COSMOS 1867 COOLANT
1 43325U 87060AS  18240.01125892 -.00000001 +00000-0 +36769-4 0  9998
2 43325 065.0107 081.0933 0019792 275.0955 084.7871 14.32080780190157
COSMOS 1867 COOLANT
1 43325U 87060AS  18242.10625975  .00000004  00000-0  38569-4 0  9999
2 43325  65.0107  75.2207 0019798 274.9246  84.9579 14.32081209190450
COSMOS 1867 COOLANT
1 43325U 87060AS  18243.92192646 -.00000016 +00000-0 +31475-4 0  9997
2 43325 065.0106 070.1308 0019811 274.8018 085.0804 14.32081561190710
COSMOS 1867 COOLANT
1 43325U 87060AS  18244.13142639 -.00000018  00000-0  30709-4 0  9999
2 43325  65.0107  69.5436 0019810 274.7703  85.1120 14.32081629190744
COSMOS 1867 COOLANT
1 43325U 87060AS  18245.87725941 -.00000019 +00000-0 +30068-4 0  9993
2 43325 065.0108 064.6495 0019833 274.6343 085.2476 14.32081922190998
COSMOS 1867 COOLANT
1 43325U 87060AS  18246.92475913 -.00000002 +00000-0 +36469-4 0  9994
2 43325 065.0109 061.7132 0019840 274.4463 085.4355 14.32082112191142
COSMOS 1867 COOLANT
1 43325U 87060AS  18246.92475913 -.00000002  00000-0  36469-4 0  9994
2 43325  65.0109  61.7132 0019840 274.4463  85.4355 14.32082112191142
COSMOS 1867 COOLANT
1 43325U 87060AS  18249.01975817  .00000004  00000-0  38666-4 0  9997
2 43325  65.0111  55.8406 0019863 274.3144  85.5671 14.32082472191447
COSMOS 1867 COOLANT
1 43325U 87060AS  18249.85775747 -.00000007 +00000-0 +34809-4 0  9998
2 43325 065.0112 053.4916 0019877 274.2028 085.6785 14.32082633191562
COSMOS 1867 COOLANT
1 43325U 87060AS  18251.88292220 -.00000019  00000-0  30043-4 0  9993
2 43325  65.0115  47.8150 0019911 273.8999  85.9809 14.32082983191853
COSMOS 1867 COOLANT
1 43325U 87060AS  18251.88292220 -.00000019 +00000-0 +30043-4 0  9993
2 43325 065.0115 047.8150 0019911 273.8999 085.9809 14.32082983191853
COSMOS 1867 COOLANT
1 43325U 87060AS  18253.83825343 -.00000008 +00000-0 +34161-4 0  9991
2 43325 065.0117 042.3342 0019934 273.5539 086.3266 14.32083299192135
COSMOS 1867 COOLANT
1 43325U 87060AS  18254.88575211 -.00000007  00000-0  34479-4 0  9994
2 43325  65.0119  39.3978 0019951 273.5689  86.3114 14.32083521192289
COSMOS 1867 COOLANT
1 43325U 87060AS  18254.88575211 -.00000007 +00000-0 +34479-4 0  9994
2 43325 065.0119 039.3978 0019951 273.5689 086.3114 14.32083521192289
COSMOS 1867 COOLANT
1 43325U 87060AS  18256.00308375 -.00000017 +00000-0 +30865-4 0  9991
2 43325 065.0120 036.2658 0019973 273.4757 086.4043 14.32083734192447
COSMOS 1867 COOLANT
1 43325U 87060AS  18256.84108260 -.00000015 +00000-0 +31578-4 0  9994
2 43325 065.0122 033.9166 0019992 273.6334 086.2464 14.32083892192564
COSMOS 1867 COOLANT
1 43325U 87060AS  18258.79641275  .00000014  00000-0  42272-4 0  9999
2 43325  65.0126  28.4356 0020023 273.5512  86.3282 14.32084299192844
COSMOS 1867 COOLANT
1 43325U 87060AS  18259.35507849 +.00000017 +00000-0 +43632-4 0  9994
2 43325 065.0127 026.8694 0020031 273.6794 086.2000 14.32084427192923
COSMOS 1867 COOLANT
1 43325U 87060AS  18260.89140862  .00000007  00000-0  39946-4 0  9995
2 43325  65.0129  22.5630 0020054 273.5726  86.3065 14.32084733193144
COSMOS 1867 COOLANT
1 43325U 87060AS  18260.89140862 +.00000007 +00000-0 +39946-4 0  9995
2 43325 065.0129 022.5630 0020054 273.5726 086.3065 14.32084733193144
COSMOS 1867 COOLANT
1 43325U 87060AS  18261.93890615 -.00000011 +00000-0 +33091-4 0  9990
2 43325 065.0130 019.6271 0020079 273.5397 086.3391 14.32084948193291
COSMOS 1867 COOLANT
1 43325U 87060AS  18262.77690415 -.00000015 +00000-0 +31479-4 0  9991
2 43325 065.0131 017.2783 0020103 273.5144 086.3641 14.32085112193418
COSMOS 1867 COOLANT
1 43325U 87060AS  18265.64006371 -.00000000 +00000-0 +37081-4 0  9991
2 43325 065.0133 009.2531 0020151 273.3203 086.5577 14.32085574193826
COSMOS 1867 COOLANT
1 43325U 87060AS  18266.82722695 +.00000006 +00000-0 +39364-4 0  9997
2 43325 065.0132 005.9255 0020172 273.2627 086.6150 14.32085879193997
COSMOS 1867 COOLANT
1 43325U 87060AS  18267.66522441 -.00000001 +00000-0 +36960-4 0  9992
2 43325 065.0133 003.5767 0020191 273.2212 086.6563 14.32086035194119
COSMOS 1867 COOLANT
1 43325U 87060AS  18268.71272116 +.00000003 +00000-0 +38268-4 0  9994
2 43325 065.0133 000.6406 0020217 273.1797 086.6975 14.32086254194269
COSMOS 1867 COOLANT
1 43325U 87060AS  18272.83287347  .00000009  00000-0  40589-4 0  9999
2 43325  65.0130 349.0921 0020282 272.9774  86.8990 14.32087137194857
COSMOS 1867 COOLANT
1 43325U 87060AS  18273.60103707 +.00000000 +00000-0 +37390-4 0  9999
2 43325 065.0130 346.9390 0020300 272.9383 086.9378 14.32087305194960
COSMOS 1867 COOLANT
1 43325U 87060AS  18274.57869976 -.00000004 +00000-0 +35724-4 0  9997
2 43325 065.0129 344.1987 0020320 272.8924 086.9835 14.32087512195107
COSMOS 1867 COOLANT
1 43325U 87060AS  18274.64853279 -.00000002 +00000-0 +36646-4 0  9996
2 43325 065.0128 344.0030 0020320 272.8852 086.9907 14.32087546195112
COSMOS 1867 COOLANT
1 43325U 87060AS  18275.55636234  .00000006  00000-0  39379-4 0  9996
2 43325  65.0127 341.4584 0020344 272.8297  87.0459 14.32087734195242
COSMOS 1867 COOLANT
1 43325U 87060AS  18275.55636234 +.00000006 +00000-0 +39379-4 0  9996
2 43325 065.0127 341.4584 0020344 272.8297 087.0459 14.32087734195242
COSMOS 1867 COOLANT
1 43325U 87060AS  18277.58152020  .00000022  00000-0  45327-4 0  9995
2 43325  65.0124 335.7821 0020370 272.6790  87.1963 14.32088169195530
COSMOS 1867 COOLANT
1 43325U 87060AS  18278.76868127 +.00000014 +00000-0 +42302-4 0  9999
2 43325 065.0121 332.4543 0020394 272.6507 087.2243 14.32088432195708
COSMOS 1867 COOLANT
1 43325U 87060AS  18279.53684420 +.00000015 +00000-0 +42767-4 0  9993
2 43325 065.0120 330.3008 0020410 272.6449 087.2299 14.32088613195818
COSMOS 1867 COOLANT
1 43325U 87060AS  18280.51450598  .00000023  00000-0  45617-4 0  9996
2 43325  65.0118 327.5603 0020435 272.6166  87.2579 14.32088859195955
COSMOS 1867 COOLANT
1 43325U 87060AS  18282.46982927 +.00000041 +00000-0 +52265-4 0  9995
2 43325 065.0115 322.0790 0020464 272.5637 087.3105 14.32089293196234
COSMOS 1867 COOLANT
1 43325U 87060AS  18283.51732345  .00000040  00000-0  52012-4 0  9998
2 43325  65.0113 319.1427 0020472 272.5202  87.3539 14.32089583196382
COSMOS 1867 COOLANT
1 43325U 87060AS  18285.47264522 +.00000009 +00000-0 +40527-4 0  9995
2 43325 065.0111 313.6616 0020503 272.4767 087.3970 14.32090076196668
COSMOS 1867 COOLANT
1 43325U 87060AS  18286.45030587  .00000009  00000-0  40598-4 0  9994
2 43325  65.0109 310.9210 0020518 272.4484  87.4252 14.32090341196802
COSMOS 1867 COOLANT
1 43325U 87060AS  18289.45312008  .00000035  00000-0  50200-4 0  9998
2 43325  65.0105 302.5031 0020538 272.3506  87.5227 14.32091099197234
COSMOS 1867 COOLANT
1 43325U 87060AS  18290.43077997 +.00000029 +00000-0 +48103-4 0  9995
2 43325 065.0104 299.7624 0020547 272.3274 087.5458 14.32091380197374
COSMOS 1867 COOLANT
1 43325U 87060AS  18291.40843982 +.00000026 +00000-0 +46709-4 0  9995
2 43325 065.0104 297.0218 0020555 272.2850 087.5881 14.32091626197511
COSMOS 1867 COOLANT
1 43325U 87060AS  18292.38609957  .00000030  00000-0  48292-4 0  9999
2 43325  65.0104 294.2812 0020563 272.2564  87.6166 14.32091864197657
COSMOS 1867 COOLANT
1 43325U 87060AS  18293.36375921 +.00000038 +00000-0 +51135-4 0  9997
2 43325 065.0104 291.5406 0020566 272.2126 087.6604 14.32092089197795
COSMOS 1867 COOLANT
1 43325U 87060AS  18294.34141870 +.00000038 +00000-0 +51294-4 0  9996
2 43325 065.0104 288.8001 0020569 272.1758 087.6971 14.32092298197933
COSMOS 1867 COOLANT
1 43325U 87060AS  18295.38891070  .00000027  00000-0  47231-4 0  9999
2 43325  65.0104 285.8635 0020566 272.1477  87.7253 14.32092537198085
COSMOS 1867 COOLANT
1 43325U 87060AS  18296.57606805 +.00000003 +00000-0 +38417-4 0  9991
2 43325 065.0104 282.5358 0020576 272.1389 087.7339 14.32092798198257
COSMOS 1867 COOLANT
1 43325U 87060AS  18297.41406140 -.00000005 +00000-0 +35525-4 0  9995
2 43325 065.0104 280.1864 0020556 272.0495 087.8236 14.32092948198375
COSMOS 1867 COOLANT
1 43325U 87060AS  18298.39172024 -.00000001 +00000-0 +36816-4 0  9994
2 43325 065.0104 277.4456 0020556 272.0142 087.8588 14.32093146198517
COSMOS 1867 COOLANT
1 43325U 87060AS  18299.36937908  .00000008  00000-0  39990-4 0  9994
2 43325  65.0104 274.7047 0020556 272.0188  87.8542 14.32093310198651
COSMOS 1867 COOLANT
1 43325U 87060AS  18300.34703777 +.00000016 +00000-0 +43278-4 0  9993
2 43325 065.0104 271.9641 0020546 271.9583 087.9148 14.32093500198795
COSMOS 1867 COOLANT
1 43325U 87060AS  18301.39452906  .00000012  00000-0  41811-4 0  9991
2 43325  65.0104 269.0275 0020544 271.9667  87.9065 14.32093685198946
COSMOS 1867 COOLANT
1 43325U 87060AS  18302.30235463 +.00000007 +00000-0 +39657-4 0  9999
2 43325 065.0105 266.4826 0020542 271.9510 087.9222 14.32093872199073
COSMOS 1867 COOLANT
1 43325U 87060AS  18303.28001282 +.00000005 +00000-0 +39170-4 0  9995
2 43325 065.0106 263.7418 0020542 271.9320 087.9412 14.32094073199211
COSMOS 1867 COOLANT
1 43325U 87060AS  18304.25767099  .00000011  00000-0  41231-4 0  9996
2 43325  65.0107 261.0011 0020541 271.9317  87.9415 14.32094259199351
COSMOS 1867 COOLANT
1 43325U 87060AS  18306.28281971  .00000014  00000-0  42340-4 0  9996
2 43325  65.0109 255.3244 0020523 271.7949  88.0785 14.32094607199647
COSMOS 1867 COOLANT
1 43325U 87060AS  18307.26047734 -.00000001 +00000-0 +36959-4 0  9998
2 43325 065.0110 252.5839 0020512 271.7605 088.1130 14.32094802199782
COSMOS 1867 COOLANT
1 43325U 87060AS  18308.23813485 -.00000019 +00000-0 +30162-4 0  9999
2 43325 065.0111 249.8435 0020506 271.7295 088.1440 14.32094978199926
COSMOS 1867 COOLANT
1 43325U 87060AS  18309.21579230 -.00000026  00000-0  27451-4 0  9990
2 43325  65.0111 247.1029 0020498 271.7088  88.1649 14.32095153200061
COSMOS 1867 COOLANT
1 43325U 87060AS  18311.24093977 -.00000002  00000-0  36557-4 0  9996
2 43325  65.0112 241.4266 0020470 271.5532  88.3208 14.32095519200355
COSMOS 1867 COOLANT
1 43325U 87060AS  18313.40575176  .00000004  00000-0  38746-4 0  9995
2 43325  65.0113 235.3585 0020447 271.4921  88.3822 14.32095987200662
COSMOS 1867 COOLANT
1 43325U 87060AS  18314.17391065 +.00000005 +00000-0 +39080-4 0  9996
2 43325 065.0113 233.2053 0020453 271.5480 088.3262 14.32096184200777
COSMOS 1867 COOLANT
1 43325U 87060AS  18315.15156727 +.00000008 +00000-0 +40347-4 0  9990
2 43325 065.0113 230.4648 0020452 271.5730 088.3012 14.32096434200910
COSMOS 1867 COOLANT
1 43325U 87060AS  18316.12922369  .00000022  00000-0  45401-4 0  9993
2 43325  65.0114 227.7245 0020447 271.5391  88.3352 14.32096725201056
COSMOS 1867 COOLANT
1 43325U 87060AS  18316.75771709 +.00000025 +00000-0 +46361-4 0  9991
2 43325 065.0115 225.9635 0020435 271.4052 088.4691 14.32096882201141
COSMOS 1867 COOLANT
1 43325U 87060AS  18317.10688003 +.00000027 +00000-0 +47303-4 0  9994
2 43325 065.0115 224.9849 0020434 271.3795 088.4949 14.32096956201192
COSMOS 1867 COOLANT
1 43325U 87060AS  18320.17951275 -.00000010  00000-0  33364-4 0  9994
2 43325  65.0113 216.3725 0020401 271.2236  88.6511 14.32097669201639
COSMOS 1867 COOLANT
1 43325U 87060AS  18321.08733587 -.00000014 +00000-0 +32137-4 0  9990
2 43325 065.0111 213.8276 0020394 271.1990 088.6758 14.32097831201765
COSMOS 1867 COOLANT
1 43325U 87060AS  18322.06499150 -.00000001 +00000-0 +36789-4 0  9997
2 43325 065.0110 211.0871 0020384 271.1591 088.7158 14.32098028201901
COSMOS 1867 COOLANT
1 43325U 87060AS  18324.09013494  .00000021  00000-0  44995-4 0  9994
2 43325  65.0107 205.4106 0020359 271.0703  88.8049 14.32098428202197
COSMOS 1867 COOLANT
1 43325U 87060AS  18325.27728763 +.00000011 +00000-0 +41344-4 0  9991
2 43325 065.0106 202.0831 0020350 271.0042 088.8711 14.32098641202363
COSMOS 1867 COOLANT
1 43325U 87060AS  18326.04544510 +.00000011 +00000-0 +41262-4 0  9992
2 43325 065.0106 199.9301 0020348 270.9609 088.9144 14.32098811202475
COSMOS 1867 COOLANT
1 43325U 87060AS  18327.02309997  .00000014  00000-0  42273-4 0  9995
2 43325  65.0105 197.1896 0020345 270.9152  88.9601 14.32099016202615
COSMOS 1867 COOLANT
1 43325U 87060AS  18328.07058713 +.00000024 +00000-0 +46189-4 0  9999
2 43325 065.0104 194.2534 0020337 270.8498 089.0257 14.32099273202764
COSMOS 1867 COOLANT
1 43325U 87060AS  18329.11807409  .00000026  00000-0  46801-4 0  9992
2 43325  65.0103 191.3171 0020323 270.7958  89.0798 14.32099514202918
COSMOS 1867 COOLANT
1 43325U 87060AS  18330.02589592 +.00000013 +00000-0 +42190-4 0  9997
2 43325 065.0101 188.7722 0020316 270.7457 089.1300 14.32099699203043
COSMOS 1867 COOLANT
1 43325U 87060AS  18331.21304728 -.00000013  00000-0  32571-4 0  9998
2 43325  65.0099 185.4443 0020308 270.7133  89.1625 14.32099937203219
COSMOS 1867 COOLANT
1 43325U 87060AS  18334.98399813  .00000012  00000-0  41516-4 0  9991
2 43325  65.0093 174.8732 0020284 270.5722  89.3039 14.32100636203750
COSMOS 1867 COOLANT
1 43325U 87060AS  18336.10131651 +.00000014 +00000-0 +42392-4 0  9996
2 43325 065.0093 171.7416 0020271 270.4348 089.4414 14.32100864203913
COSMOS 1867 COOLANT
1 43325U 87060AS  18337.14880221  .00000003  00000-0  38313-4 0  9991
2 43325  65.0094 168.8057 0020271 270.3517  89.5245 14.32101072204061
COSMOS 1867 COOLANT
1 43325U 87060AS  18338.12645545 -.00000000 +00000-0 +37066-4 0  9990
2 43325 065.0094 166.0651 0020271 270.3245 089.5517 14.32101267204203
COSMOS 1867 COOLANT
1 43325U 87060AS  18339.87226444  .00000012  00000-0  41566-4 0  9998
2 43325  65.0094 161.1712 0020282 270.1739  89.7022 14.32101640204450
COSMOS 1867 COOLANT
1 43325U 87060AS  18340.91974961 +.00000012 +00000-0 +41475-4 0  9998
2 43325 065.0095 158.2349 0020280 270.1209 089.7551 14.32101870204603
COSMOS 1867 COOLANT
1 43325U 87060AS  18341.05941426 +.00000009 +00000-0 +40641-4 0  9994
2 43325 065.0094 157.8433 0020279 270.1168 089.7593 14.32101908204623
COSMOS 1867 COOLANT
1 43325U 87060AS  18342.94488683 -.00000019 +00000-0 +30203-4 0  9999
2 43325 065.0096 152.5581 0020280 269.9937 089.8824 14.32102324204893
COSMOS 1867 COOLANT
1 43325U 87060AS  18343.01471912 -.00000021  00000-0  29422-4 0  9999
2 43325  65.0096 152.3623 0020280 269.9867  89.8894 14.32102338204904
COSMOS 1867 COOLANT
1 43325U 87060AS  18344.83035910 -.00000018 +00000-0 +30520-4 0  9991
2 43325 065.0097 147.2727 0020290 269.8511 090.0249 14.32102688205164
COSMOS 1867 COOLANT
1 43325U 87060AS  18345.03985601 -.00000017  00000-0  30896-4 0  9990
2 43325  65.0097 146.6854 0020288 269.8217  90.0543 14.32102725205190
COSMOS 1867 COOLANT
1 43325U 87060AS  18345.94767591 +.00000000 +00000-0 +37299-4 0  9991
2 43325 065.0098 144.1406 0020298 269.8440 090.0319 14.32102924205323
COSMOS 1867 COOLANT
1 43325U 87060AS  18346.01750817 +.00000001 +00000-0 +37586-4 0  9993
2 43325 065.0097 143.9447 0020306 269.8397 090.0361 14.32102946205337
COSMOS 1867 COOLANT
1 43325U 87060AS  18346.99516021 +.00000008 +00000-0 +40152-4 0  9997
2 43325 065.0098 141.2041 0020303 269.7820 090.0938 14.32103137205474
COSMOS 1867 COOLANT
1 43325U 87060AS  18348.81079903 -.00000000  00000-0  37115-4 0  9991
2 43325  65.0100 136.1145 0020336 269.6604  90.2150 14.32103534205739
COSMOS 1867 COOLANT
1 43325U 87060AS  18349.78845059 -.00000002 +00000-0 +36549-4 0  9993
2 43325 065.0102 133.3740 0020343 269.6338 090.2416 14.32103742205874
COSMOS 1867 COOLANT
1 43325U 87060AS  18350.83593430  .00000005  00000-0  38897-4 0  9994
2 43325  65.0104 130.4377 0020357 269.5863  90.2889 14.32103959206029
COSMOS 1867 COOLANT
1 43325U 87060AS  18351.81358566 +.00000011 +00000-0 +41312-4 0  9995
2 43325 065.0106 127.6974 0020357 269.4951 090.3801 14.32104160206164
COSMOS 1867 COOLANT
1 43325U 87060AS  18352.79123685 +.00000004 +00000-0 +38620-4 0  9995
2 43325 065.0108 124.9570 0020359 269.4470 090.4282 14.32104335206300
COSMOS 1867 COOLANT
1 43325U 87060AS  18353.00073348 -.00000000  00000-0  37023-4 0  9993
2 43325  65.0108 124.3698 0020365 269.4407  90.4344 14.32104377206330
COSMOS 1867 COOLANT
1 43325U 87060AS  18353.97838435 -.00000016 +00000-0 +31236-4 0  9992
2 43325 065.0109 121.6292 0020379 269.4056 090.4694 14.32104579206473
COSMOS 1867 COOLANT
1 43325U 87060AS  18354.74653851 -.00000024 +00000-0 +28148-4 0  9992
2 43325 065.0110 119.4761 0020398 269.3409 090.5338 14.32104731206581
COSMOS 1867 COOLANT
1 43325U 87060AS  18356.84150440 -.00000016  00000-0  31376-4 0  9999
2 43325  65.0112 113.6036 0020425 269.2194  90.6551 14.32105102206889
COSMOS 1867 COOLANT
1 43325U 87060AS  18358.72697335 +.00000003 +00000-0 +38212-4 0  9998
2 43325 065.0114 108.3184 0020446 269.1469 090.7273 14.32105446207157
COSMOS 1867 COOLANT
1 43325U 87060AS  18359.84428799 -.00000007  00000-0  34601-4 0  9991
2 43325  65.0115 105.1864 0020461 269.1132  90.7608 14.32105635207312
COSMOS 1867 COOLANT
1 43325U 87060AS  18359.91412013 -.00000008 +00000-0 +34158-4 0  9999
2 43325 065.0115 104.9907 0020463 269.1131 090.7609 14.32105650207327
COSMOS 1867 COOLANT
1 43325U 87060AS  18360.75210606 -.00000012 +00000-0 +32924-4 0  9991
2 43325 065.0117 102.6417 0020456 269.0766 090.7975 14.32105798207447
COSMOS 1867 COOLANT
1 43325U 87060AS  18361.72975615 -.00000008 +00000-0 +34059-4 0  9993
2 43325 065.0118 099.9013 0020473 269.0487 090.8252 14.32105987207581
COSMOS 1867 COOLANT
1 43325U 87060AS  18363.61522390  .00000009  00000-0  40573-4 0  9999
2 43325  65.0120  94.6163 0020492 268.9572  90.9165 14.32106378207855
COSMOS 1867 COOLANT
1 43325U 87060AS  18363.61522390 +.00000009 +00000-0 +40573-4 0  9999
2 43325 065.0120 094.6163 0020492 268.9572 090.9165 14.32106378207855
COSMOS 1867 COOLANT
1 43325U 87060AS  18364.66270565 +.00000003 +00000-0 +38419-4 0  9999
2 43325 065.0121 091.6801 0020500 268.9253 090.9483 14.32106600208007
COSMOS 1867 COOLANT
1 43325U 87060AS  19001.61800446 -.00000026  00000-0  27483-4 0  9995
2 43325  65.0121  86.1992 0020517 268.8165  91.0569 14.32106949208289
COSMOS 1867 COOLANT
1 43325U 87060AS  19001.61800446 -.00000026 +00000-0 +27483-4 0  9995
2 43325 065.0121 086.1992 0020517 268.8165 091.0569 14.32106949208289
COSMOS 1867 COOLANT
1 43325U 87060AS  19002.66548585 -.00000023 +00000-0 +28769-4 0  9999
2 43325 065.0121 083.2629 0020532 268.7849 091.0884 14.32107138208437
COSMOS 1867 COOLANT
1 43325U 87060AS  19003.57330303 -.00000006 +00000-0 +34818-4 0  9990
2 43325 065.0121 080.7181 0020542 268.7654 091.1077 14.32107324208563
COSMOS 1867 COOLANT
1 43325U 87060AS  19005.59843333  .00000002  00000-0  37989-4 0  9993
2 43325  65.0120  75.0414 0020553 268.6800  91.1930 14.32107632208854
COSMOS 1867 COOLANT
1 43325U 87060AS  19007.76322687 -.00000010  00000-0  33397-4 0  9997
2 43325  65.0119  68.9731 0020582 268.6563  91.2164 14.32108065209169
COSMOS 1867 COOLANT
1 43325U 87060AS  19009.57885985 +.00000005 +00000-0 +38942-4 0  9997
2 43325 065.0118 063.8836 0020594 268.5886 091.2840 14.32108427209420
COSMOS 1867 COOLANT
1 43325U 87060AS  19014.46710006 -.00000024  00000-0  28140-4 0  9993
2 43325  65.0112  50.1789 0020627 268.6894  91.1827 14.32109239210122
COSMOS 1867 COOLANT
1 43325U 87060AS  19017.46987508 -.00000003  00000-0  36256-4 0  9993
2 43325  65.0109  41.7600 0020622 268.7145  91.1577 14.32109745210552
COSMOS 1867 COOLANT
1 43325U 87060AS  19017.46987508 -.00000003 +00000-0 +36256-4 0  9993
2 43325 065.0109 041.7600 0020622 268.7145 091.1577 14.32109745210552
COSMOS 1867 COOLANT
1 43325U 87060AS  19018.44752251 -.00000018 +00000-0 +30604-4 0  9994
2 43325 065.0111 039.0204 0020627 268.5314 091.3408 14.32109854210697
COSMOS 1867 COOLANT
1 43325U 87060AS  19021.45029626 -.00000012 +00000-0 +32915-4 0  9993
2 43325 065.0113 030.6031 0020616 268.3845 091.4878 14.32110312211121
COSMOS 1867 COOLANT
1 43325U 87060AS  19022.49777528 -.00000015 +00000-0 +31567-4 0  9994
2 43325 065.0114 027.6670 0020609 268.3628 091.5096 14.32110450211270
COSMOS 1867 COOLANT
1 43325U 87060AS  19023.61508592 -.00000031  00000-0  25885-4 0  9996
2 43325  65.0113  24.5340 0020587 268.2991  91.5736 14.32110613211436
COSMOS 1867 COOLANT
1 43325U 87060AS  19023.61508592 -.00000031 +00000-0 +25885-4 0  9996
2 43325 065.0113 024.5340 0020587 268.2991 091.5736 14.32110613211436
COSMOS 1867 COOLANT
1 43325U 87060AS  19025.36088365 -.00000036 +00000-0 +24032-4 0  9999
2 43325 065.0116 019.6414 0020596 268.1756 091.6969 14.32110913211683
COSMOS 1867 COOLANT
1 43325U 87060AS  19026.96701753 -.00000018  00000-0  30643-4 0  9994
2 43325  65.0117  15.1388 0020579 268.1012  91.7716 14.32111145211916
COSMOS 1867 COOLANT
1 43325U 87060AS  19026.96701753 -.00000018 +00000-0 +30643-4 0  9994
2 43325 065.0117 015.1388 0020579 268.1012 091.7716 14.32111145211916
COSMOS 1867 COOLANT
1 43325U 87060AS  19027.31617719 -.00000015 +00000-0 +31745-4 0  9993
2 43325 065.0118 014.1599 0020566 268.1268 091.7462 14.32111135211961
COSMOS 1867 COOLANT
1 43325U 87060AS  19028.36365559 -.00000008 +00000-0 +34312-4 0  9996
2 43325 065.0119 011.2237 0020553 268.0819 091.7912 14.32111319212118
COSMOS 1867 COOLANT
1 43325U 87060AS  19029.55079750 -.00000021  00000-0  29421-4 0  9993
2 43325  65.0121   7.8958 0020539 268.0600  91.8133 14.32111515212286
COSMOS 1867 COOLANT
1 43325U 87060AS  19030.31894805 -.00000028 +00000-0 +26940-4 0  9995
2 43325 065.0122 005.7426 0020538 268.0262 091.8471 14.32111647212390
COSMOS 1867 COOLANT
1 43325U 87060AS  19031.29659425 -.00000033 +00000-0 +25054-4 0  9991
2 43325 065.0123 003.0019 0020521 268.0077 091.8658 14.32111773212539
COSMOS 1867 COOLANT
1 43325U 87060AS  19032.27424034 -.00000023  00000-0  28642-4 0  9991
2 43325  65.0124   0.2614 0020511 267.9729  91.9006 14.32111954212675
COSMOS 1867 COOLANT
1 43325U 87060AS  19033.32171830 -.00000017 +00000-0 +31006-4 0  9992
2 43325 065.0125 357.3252 0020495 267.9223 091.9515 14.32112087212820
COSMOS 1867 COOLANT
1 43325U 87060AS  19036.46415098 -.00000038  00000-0  22946-4 0  9993
2 43325  65.0127 348.5165 0020450 267.8142  92.0601 14.32112574213276
COSMOS 1867 COOLANT
1 43325U 87060AS  19038.27977858 -.00000015 +00000-0 +31760-4 0  9990
2 43325 065.0128 343.4271 0020415 267.7593 092.1154 14.32112855213534
COSMOS 1867 COOLANT
1 43325U 87060AS  19039.25742406 -.00000002  00000-0  36402-4 0  9992
2 43325  65.0128 340.6866 0020394 267.7152  92.1597 14.32113018213678
COSMOS 1867 COOLANT
1 43325U 87060AS  19040.23506933 -.00000000 +00000-0 +37183-4 0  9990
2 43325 065.0128 337.9460 0020370 267.7255 092.1498 14.32113208213812
COSMOS 1867 COOLANT
1 43325U 87060AS  19042.19035933 -.00000023  00000-0  28672-4 0  9992
2 43325  65.0129 332.4655 0020338 267.6160  92.2596 14.32113541214098
COSMOS 1867 COOLANT
1 43325U 87060AS  19043.30766781 -.00000022 +00000-0 +29162-4 0  9992
2 43325 065.0129 329.3338 0020329 267.5508 092.3250 14.32113726214257
COSMOS 1867 COOLANT
1 43325U 87060AS  19044.14564912 -.00000016 +00000-0 +31255-4 0  9996
2 43325 065.0128 326.9850 0020314 267.5140 092.3619 14.32113853214377
COSMOS 1867 COOLANT
1 43325U 87060AS  19046.17077018 -.00000012 +00000-0 +32835-4 0  9998
2 43325 065.0126 321.3086 0020270 267.4108 092.4656 14.32114208214668
COSMOS 1867 COOLANT
1 43325U 87060AS  19047.35790980 -.00000026 +00000-0 +27555-4 0  9997
2 43325 065.0124 317.9810 0020252 267.3524 092.5243 14.32114387214833
COSMOS 1867 COOLANT
1 43325U 87060AS  19050.15117911  .00000006  00000-0  39523-4 0  9991
2 43325  65.0120 310.1510 0020207 267.1577  92.7195 14.32114874215231
COSMOS 1867 COOLANT
1 43325U 87060AS  19052.17629860  .00000010  00000-0  40947-4 0  9993
2 43325  65.0116 304.4740 0020172 267.0772  92.8004 14.32115261215527
COSMOS 1867 COOLANT
1 43325U 87060AS  19053.08411050 -.00000004 +00000-0 +35733-4 0  9995
2 43325 065.0115 301.9295 0020152 266.9815 092.8963 14.32115430215653
COSMOS 1867 COOLANT
1 43325U 87060AS  19054.06175400 -.00000017 +00000-0 +30949-4 0  9998
2 43325 065.0114 299.1889 0020140 266.9435 092.9346 14.32115587215798
COSMOS 1867 COOLANT
1 43325U 87060AS  19058.04215875 -.00000010  00000-0  33523-4 0  9995
2 43325  65.0105 288.0304 0020064 266.7665  93.1124 14.32116281216368
COSMOS 1867 COOLANT
1 43325U 87060AS  19059.22929634 -.00000013 +00000-0 +32352-4 0  9993
2 43325 065.0103 284.7027 0020053 266.6516 093.2275 14.32116557216536
COSMOS 1867 COOLANT
1 43325U 87060AS  19060.97508696  .00000007  00000-0  39730-4 0  9997
2 43325  65.0101 279.8086 0020039 266.5528  93.3265 14.32116894216781
COSMOS 1867 COOLANT
1 43325U 87060AS  19062.02256118 +.00000022 +00000-0 +45352-4 0  9998
2 43325 065.0099 276.8720 0020018 266.4572 093.4223 14.32117092216937
COSMOS 1867 COOLANT
1 43325U 87060AS  19064.18734036  .00000007  00000-0  39807-4 0  9998
2 43325  65.0097 270.8031 0019983 266.2687  93.6113 14.32117538217248
COSMOS 1867 COOLANT
1 43325U 87060AS  19065.16498230 -.00000011 +00000-0 +33257-4 0  9999
2 43325 065.0097 268.0627 0019979 266.2318 093.6483 14.32117725217387
COSMOS 1867 COOLANT
1 43325U 87060AS  19066.91077122 -.00000010  00000-0  33668-4 0  9991
2 43325  65.0096 263.1687 0019977 266.1671  93.7130 14.32118087217637
COSMOS 1867 COOLANT
1 43325U 87060AS  19069.07554908 -.00000007  00000-0  34749-4 0  9990
2 43325  65.0094 257.0998 0019952 266.0463  93.8341 14.32118472217940
COSMOS 1867 COOLANT
1 43325U 87060AS  19070.12302190 -.00000013 +00000-0 +32311-4 0  9992
2 43325 065.0095 254.1635 0019944 266.0107 093.8698 14.32118695218092
COSMOS 1867 COOLANT
1 43325U 87060AS  19073.12577680  .00000013  00000-0  41996-4 0  9991
2 43325  65.0097 245.7458 0019942 265.6947  94.1859 14.32119296218527
COSMOS 1867 COOLANT
1 43325U 87060AS  19074.03358624 +.00000024 +00000-0 +46137-4 0  9991
2 43325 065.0098 243.2009 0019938 265.6103 094.2704 14.32119485218656
COSMOS 1867 COOLANT
1 43325U 87060AS  19075.91903588 +.00000009 +00000-0 +40406-4 0  9990
2 43325 065.0101 237.9153 0019935 265.4841 094.3966 14.32119901218929
COSMOS 1867 COOLANT
1 43325U 87060AS  19076.05869885  .00000002  00000-0  38005-4 0  9992
2 43325  65.0100 237.5239 0019923 265.4829  94.3979 14.32119899218944
COSMOS 1867 COOLANT
1 43325U 87060AS  19077.87431637 -.00000010 +00000-0 +33616-4 0  9996
2 43325 065.0102 232.4341 0019948 265.3025 094.5781 14.32120309219209
COSMOS 1867 COOLANT
1 43325U 87060AS  19082.76251591 -.00000014  00000-0  31923-4 0  9992
2 43325  65.0106 218.7312 0019961 265.0307  94.8499 14.32121236219909
COSMOS 1867 COOLANT
1 43325U 87060AS  19085.76526576  .00000029  00000-0  47782-4 0  9998
2 43325  65.0111 210.3138 0019980 264.8789  95.0015 14.32121872220333
COSMOS 1867 COOLANT
1 43325U 87060AS  19087.79037521  .00000002  00000-0  37872-4 0  9990
2 43325  65.0113 204.6371 0019963 264.7668  95.1138 14.32122272220620
COSMOS 1867 COOLANT
1 43325U 87060AS  19088.76801394 -.00000013 +00000-0 +32369-4 0  9994
2 43325 065.0114 201.8967 0019970 264.6482 095.2325 14.32122449220762
COSMOS 1867 COOLANT
1 43325U 87060AS  19089.74565267 -.00000013 +00000-0 +32335-4 0  9992
2 43325 065.0114 199.1563 0019976 264.6005 095.2801 14.32122636220903
COSMOS 1867 COOLANT
1 43325U 87060AS  19091.70092998 -.00000000  00000-0  37164-4 0  9998
2 43325  65.0114 193.6749 0019963 264.6903  95.1904 14.32123006221187
COSMOS 1867 COOLANT
1 43325U 87060AS  19091.70092998 -.00000000 +00000-0 +37164-4 0  9998
2 43325 065.0114 193.6749 0019963 264.6903 095.1904 14.32123006221187
COSMOS 1867 COOLANT
1 43325U 87060AS  19094.63384479 -.00000005  00000-0  35517-4 0  9996
2 43325  65.0110 185.4522 0019998 265.0747  94.8055 14.32123573221609
COSMOS 1867 COOLANT
1 43325U 87060AS  19095.61148265 +.00000016 +00000-0 +43027-4 0  9992
2 43325 065.0109 182.7115 0020014 265.0448 094.8352 14.32123847221743
COSMOS 1867 COOLANT
1 43325U 87060AS  19096.58912029 +.00000032 +00000-0 +49105-4 0  9997
2 43325 065.0113 179.9726 0019956 264.3243 095.5566 14.32124089221881
COSMOS 1867 COOLANT
1 43325U 87060AS  19096.65895151  .00000035  00000-0  50182-4 0  9991
2 43325  65.0113 179.7770 0019947 264.2583  95.6228 14.32124128221895
COSMOS 1867 COOLANT
1 43325U 87060AS  19098.82372006 +.00000027 +00000-0 +47106-4 0  9994
2 43325 065.0110 173.7086 0019983 264.3873 095.4933 14.32124708222200
COSMOS 1867 COOLANT
1 43325U 87060AS  19100.84882510  .00000009  00000-0  40440-4 0  9990
2 43325  65.0110 168.0324 0020000 264.2991  95.5813 14.32125270222498
COSMOS 1867 COOLANT
1 43325U 87060AS  19101.54713719 +.00000013 +00000-0 +42068-4 0  9995
2 43325 065.0109 166.0750 0019996 264.2417 095.6388 14.32125423222591
COSMOS 1867 COOLANT
1 43325U 87060AS  19103.57224162  .00000020  00000-0  44570-4 0  9997
2 43325  65.0105 160.3982 0019987 264.1417  95.7389 14.32125884222885
COSMOS 1867 COOLANT
1 43325U 87060AS  19104.54987784 +.00000013 +00000-0 +41982-4 0  9997
2 43325 065.0103 157.6576 0019988 264.1037 095.7769 14.32126124223027
COSMOS 1867 COOLANT
1 43325U 87060AS  19105.52751390 +.00000008 +00000-0 +40236-4 0  9993
2 43325 065.0102 154.9169 0019988 264.0691 095.8115 14.32126371223164
COSMOS 1867 COOLANT
1 43325U 87060AS  19112.44079362 -.00000010  00000-0  33378-4 0  9997
2 43325  65.0097 135.5366 0019955 263.8264  96.0547 14.32127925224156
COSMOS 1867 COOLANT
1 43325U 87060AS  19113.48825966 -.00000004 +00000-0 +35854-4 0  9995
2 43325 065.0096 132.6001 0019938 263.7815 096.0998 14.32128146224304
COSMOS 1867 COOLANT
1 43325U 87060AS  19116.49099482 -.00000009  00000-0  33805-4 0  9994
2 43325  65.0094 124.1818 0019885 263.6607  96.2213 14.32128675224739
COSMOS 1867 COOLANT
1 43325U 87060AS  19117.39879816 -.00000014 +00000-0 +32018-4 0  9992
2 43325 065.0095 121.6364 0019862 263.5699 096.3124 14.32128816224866
COSMOS 1867 COOLANT
1 43325U 87060AS  19118.37643252 -.00000006 +00000-0 +35129-4 0  9991
2 43325 065.0095 118.8958 0019861 263.5345 096.3478 14.32129007225002
COSMOS 1867 COOLANT
1 43325U 87060AS  19120.40153203  .00000015  00000-0  42832-4 0  9998
2 43325  65.0093 113.2182 0019923 263.7716  96.1099 14.32129384225297
COSMOS 1867 COOLANT
1 43325U 87060AS  19121.37916588 +.00000007 +00000-0 +39900-4 0  9991
2 43325 065.0095 110.4781 0019877 263.4743 096.4079 14.32129581225434
COSMOS 1867 COOLANT
1 43325U 87060AS  19122.56629247 -.00000015  00000-0  31468-4 0  9997
2 43325  65.0098 107.1502 0019814 263.2931  96.5899 14.32129823225608
COSMOS 1867 COOLANT
1 43325U 87060AS  19122.56629247 -.00000015 +00000-0 +31468-4 0  9997
2 43325 065.0098 107.1502 0019814 263.2931 096.5899 14.32129823225608
COSMOS 1867 COOLANT
1 43325U 87060AS  19123.40426408 -.00000025 +00000-0 +27827-4 0  9990
2 43325 065.0099 104.8012 0019824 263.2893 096.5936 14.32129981225727
COSMOS 1867 COOLANT
1 43325U 87060AS  19124.38189762 -.00000024 +00000-0 +28422-4 0  9998
2 43325 065.0101 102.0605 0019810 263.2805 096.6025 14.32130181225866
COSMOS 1867 COOLANT
1 43325U 87060AS  19125.35953113 -.00000015  00000-0  31593-4 0  9998
2 43325  65.0102  99.3198 0019778 263.2415  96.6419 14.32130363226008
COSMOS 1867 COOLANT
1 43325U 87060AS  19127.38462846 -.00000012  00000-0  32874-4 0  9991
2 43325  65.0104  93.6424 0019724 263.1851  96.6990 14.32130800226294
COSMOS 1867 COOLANT
1 43325U 87060AS  19129.27006337 -.00000020 +00000-0 +29617-4 0  9990
2 43325 065.0108 088.3570 0019669 263.0399 096.8448 14.32131175226561
COSMOS 1867 COOLANT
1 43325U 87060AS  19130.31752710 -.00000006  00000-0  34899-4 0  9992
2 43325  65.0110  85.4206 0019646 262.9812  96.9039 14.32131406226712
COSMOS 1867 COOLANT
1 43325U 87060AS  19132.27279224 +.00000027 +00000-0 +47246-4 0  9995
2 43325 065.0116 079.9404 0019596 262.7636 097.1221 14.32131944226995
COSMOS 1867 COOLANT
1 43325U 87060AS  19135.20568819 -.00000002  00000-0  36329-4 0  9996
2 43325  65.0120  71.7183 0019527 262.6435  97.2430 14.32132698227412
COSMOS 1867 COOLANT
1 43325U 87060AS  19136.25315075 -.00000001 +00000-0 +36905-4 0  9995
2 43325 065.0121 068.7817 0019490 262.5639 097.3231 14.32132946227569
COSMOS 1867 COOLANT
1 43325U 87060AS  19137.23078240  .00000013  00000-0  41998-4 0  9994
2 43325  65.0121  66.0412 0019458 262.4475  97.4399 14.32133203227701
COSMOS 1867 COOLANT
1 43325U 87060AS  19139.39553757 -.00000003  00000-0  36209-4 0  9993
2 43325  65.0123  59.9727 0019396 262.3655  97.5226 14.32133649228012
COSMOS 1867 COOLANT
1 43325U 87060AS  19140.37316870 -.00000006 +00000-0 +34848-4 0  9996
2 43325 065.0124 057.2320 0019372 262.4292 097.4592 14.32133881228153
COSMOS 1867 COOLANT
1 43325U 87060AS  19144.21386167  .00000011  00000-0  41181-4 0  9992
2 43325  65.0125  46.4649 0019245 262.3347  97.5552 14.32134595228708
COSMOS 1867 COOLANT
1 43325U 87060AS  19145.33115365 -.00000011 +00000-0 +33070-4 0  9995
2 43325 065.0125 043.3327 0019225 262.3693 097.5208 14.32134778228867
COSMOS 1867 COOLANT
1 43325U 87060AS  19147.14675279 -.00000022  00000-0  28971-4 0  9997
2 43325  65.0124  38.2427 0019191 262.3098  97.5807 14.32135095229129
COSMOS 1867 COOLANT
1 43325U 87060AS  19148.12438302 -.00000013 +00000-0 +32391-4 0  9991
2 43325 065.0123 035.5022 0019180 262.2376 097.6531 14.32135257229265
COSMOS 1867 COOLANT
1 43325U 87060AS  19151.26676512 -.00000016  00000-0  31423-4 0  9995
2 43325  65.0121  26.6939 0019108 261.9124  97.9793 14.32135763229713
COSMOS 1867 COOLANT
1 43325U 87060AS  19156.01525149 -.00000002 +00000-0 +36421-4 0  9990
2 43325 065.0121 013.3836 0018971 261.9043 097.9889 14.32136668230396
COSMOS 1867 COOLANT
1 43325U 87060AS  19158.04033997 -.00000026  00000-0  27585-4 0  9997
2 43325  65.0120   7.7062 0018913 261.8370  98.0569 14.32137066230683
COSMOS 1867 COOLANT
1 43325U 87060AS  19159.01796863 -.00000018 +00000-0 +30561-4 0  9992
2 43325 065.0119 004.9660 0018922 261.6566 098.2373 14.32137273230820
COSMOS 1867 COOLANT
1 43325U 87060AS  19161.11288717  .00000004  00000-0  38696-4 0  9991
2 43325  65.0116 359.0928 0018886 261.5077  98.3867 14.32137652231127
COSMOS 1867 COOLANT
1 43325U 87060AS  19163.13797407 -.00000011  00000-0  32962-4 0  9995
2 43325  65.0115 353.4164 0018888 261.0406  98.8540 14.32138027231411
COSMOS 1867 COOLANT
1 43325U 87060AS  19164.11560133 -.00000010 +00000-0 +33661-4 0  9994
2 43325 065.0113 350.6775 0018963 259.7096 100.1851 14.32138240231553
COSMOS 1867 COOLANT
1 43325U 87060AS  19166.07085718  .00000021  00000-0  45065-4 0  9994
2 43325  65.0111 345.1933 0018902 260.6927  99.2021 14.32138866231835
COSMOS 1867 COOLANT
1 43325U 87060AS  19168.02611133 +.00000004 +00000-0 +38701-4 0  9997
2 43325 065.0105 339.7121 0019000 260.1740 099.7200 14.32139283232114
COSMOS 1867 COOLANT
1 43325U 87060AS  19171.02882349 -.00000012  00000-0  32883-4 0  9995
2 43325  65.0106 331.2931 0018935 260.4959  99.3985 14.32139800232540
COSMOS 1867 COOLANT
1 43325U 87060AS  19171.86678955 +.00000003 +00000-0 +38143-4 0  9997
2 43325 065.0106 328.9437 0018917 260.4627 099.4320 14.32139948232666
COSMOS 1867 COOLANT
1 43325U 87060AS  19172.91424733 -.00000005 +00000-0 +35244-4 0  9999
2 43325 065.0114 326.0099 0018809 259.8949 100.0014 14.32140005232819
COSMOS 1867 COOLANT
1 43325U 87060AS  19173.82204335 -.00000003  00000-0  36238-4 0  9996
2 43325  65.0111 323.4649 0018821 259.5455 100.3508 14.32140189232949
COSMOS 1867 COOLANT
1 43325U 87060AS  19174.03153399 -.00000006 +00000-0 +35138-4 0  9994
2 43325 065.0105 322.8782 0018972 258.7272 101.1680 14.32140211232977
COSMOS 1867 COOLANT
1 43325U 87060AS  19175.00916037 -.00000015 +00000-0 +31575-4 0  9999
2 43325 065.0104 320.1378 0019002 258.3711 101.5241 14.32140349233113
COSMOS 1867 COOLANT
1 43325U 87060AS  19175.84712625 -.00000014  00000-0  31941-4 0  9994
2 43325  65.0106 317.7883 0018942 258.5473 101.3485 14.32140485233239
COSMOS 1867 COOLANT
1 43325U 87060AS  19179.96712524 -.00000045  00000-0  20657-4 0  9995
2 43325  65.0121 306.2385 0018607 260.3027  99.5956 14.32140907233825
COSMOS 1867 COOLANT
1 43325U 87060AS  19180.80509056 -.00000053 +00000-0 +17623-4 0  9992
2 43325 065.0121 303.8894 0018588 260.2985 099.6000 14.32141008233940
COSMOS 1867 COOLANT
1 43325U 87060AS  19184.85525508 -.00000014  00000-0  32090-4 0  9993
2 43325  65.0118 292.5353 0018621 259.8319 100.0665 14.32141603234523
COSMOS 1867 COOLANT
1 43325U 87060AS  19185.90271106 -.00000017 +00000-0 +30767-4 0  9994
2 43325 065.0118 289.5991 0018613 259.8237 100.0749 14.32141816234672
COSMOS 1867 COOLANT
1 43325U 87060AS  19188.27694432 -.00000023  00000-0  28825-4 0  9997
2 43325  65.0118 282.9434 0018604 259.7039 100.1948 14.32142183235019
COSMOS 1867 COOLANT
1 43325U 87060AS  19189.25456963 -.00000017 +00000-0 +30860-4 0  9996
2 43325 065.0117 280.2029 0018599 259.6335 100.2653 14.32142335235158
COSMOS 1867 COOLANT
1 43325U 87060AS  19190.65117690 -.00000023  00000-0  28574-4 0  9999
2 43325  65.0115 276.2879 0018592 259.5733 100.3257 14.32142559235359
COSMOS 1867 COOLANT
1 43325U 87060AS  19191.83829278 -.00000041 +00000-0 +21999-4 0  9996
2 43325 065.0114 272.9602 0018595 259.5511 100.3479 14.32142762235523
COSMOS 1867 COOLANT
1 43325U 87060AS  19193.58405141 -.00000034  00000-0  24584-4 0  9994
2 43325  65.0112 268.0665 0018589 259.5351 100.3639 14.32143052235779
COSMOS 1867 COOLANT
1 43325U 87060AS  19194.21252446 -.00000025 +00000-0 +28069-4 0  9995
2 43325 065.0110 266.3047 0018587 259.4870 100.4120 14.32143164235865
COSMOS 1867 COOLANT
1 43325U 87060AS  19195.19014921 -.00000008 +00000-0 +34104-4 0  9995
2 43325 065.0109 263.5641 0018577 259.4560 100.4432 14.32143314236007
COSMOS 1867 COOLANT
1 43325U 87060AS  19196.58675566 -.00000002  00000-0  36330-4 0  9994
2 43325  65.0108 259.6490 0018562 259.4253 100.4740 14.32143535236206
COSMOS 1867 COOLANT
1 43325U 87060AS  19199.51962809 -.00000017  00000-0  30742-4 0  9996
2 43325  65.0105 251.4272 0018533 259.3466 100.5532 14.32144054236627
COSMOS 1867 COOLANT
1 43325U 87060AS  19203.49995334 -.00000041  00000-0  22165-4 0  9995
2 43325  65.0099 240.2691 0018480 259.2456 100.6548 14.32144693237199
COSMOS 1867 COOLANT
1 43325U 87060AS  19204.47757683 -.00000045 +00000-0 +20464-4 0  9991
2 43325 065.0097 237.5284 0018474 259.2370 100.6635 14.32144826237333
COSMOS 1867 COOLANT
1 43325U 87060AS  19205.45520034 -.00000035 +00000-0 +24353-4 0  9998
2 43325 065.0096 234.7877 0018458 259.2192 100.6815 14.32144960237477
COSMOS 1867 COOLANT
1 43325U 87060AS  19206.08367258 -.00000025  00000-0  28108-4 0  9996
2 43325  65.0096 233.0258 0018445 259.2097 100.6911 14.32145066237567
COSMOS 1867 COOLANT
1 43325U 87060AS  19206.43282388 -.00000018 +00000-0 +30617-4 0  9995
2 43325 065.0096 232.0471 0018443 259.2347 100.6661 14.32145092237616
COSMOS 1867 COOLANT
1 43325U 87060AS  19207.41044719 -.00000005 +00000-0 +35495-4 0  9993
2 43325 065.0095 229.3062 0018425 259.2437 100.6574 14.32145264237759
COSMOS 1867 COOLANT
1 43325U 87060AS  19208.45790047 -.00000005  00000-0  35475-4 0  9998
2 43325  65.0094 226.3696 0018402 259.2099 100.6914 14.32145462237902
COSMOS 1867 COOLANT
1 43325U 87060AS  19208.66739105 -.00000008 +00000-0 +34330-4 0  9991
2 43325 065.0093 225.7820 0018398 259.1963 100.7051 14.32145505237930
COSMOS 1867 COOLANT
1 43325U 87060AS  19209.43552337 -.00000015 +00000-0 +31626-4 0  9990
2 43325 065.0093 223.6285 0018381 259.1395 100.7621 14.32145605238040
COSMOS 1867 COOLANT
1 43325U 87060AS  19210.41314627 -.00000020 +00000-0 +29618-4 0  9992
2 43325 065.0094 220.8879 0018360 259.1041 100.7978 14.32145755238180
COSMOS 1867 COOLANT
1 43325U 87060AS  19211.46059930 -.00000016 +00000-0 +31226-4 0  9994
2 43325 065.0094 217.9512 0018338 259.0727 100.8295 14.32145909238337
COSMOS 1867 COOLANT
1 43325U 87060AS  19213.41584459 -.00000021 +00000-0 +29599-4 0  9996
2 43325 065.0094 212.4696 0018290 259.0404 100.8623 14.32146200238610
COSMOS 1867 COOLANT
1 43325U 87060AS  19214.60295746 -.00000042  00000-0  21834-4 0  9993
2 43325  65.0093 209.1413 0018261 259.0350 100.8680 14.32146373238789
COSMOS 1867 COOLANT
1 43325U 87060AS  19218.37378631 -.00000007  00000-0  34675-4 0  9994
2 43325  65.0095 198.5699 0018176 258.9404 100.9636 14.32146954239329
COSMOS 1867 COOLANT
1 43325U 87060AS  19219.35140857 -.00000005 +00000-0 +35193-4 0  9994
2 43325 065.0099 195.8303 0018129 258.9088 100.9958 14.32147080239464
COSMOS 1867 COOLANT
1 43325U 87060AS  19220.53852081 -.00000016  00000-0  31088-4 0  9996
2 43325  65.0101 192.5026 0018098 258.8864 101.0186 14.32147289239635
COSMOS 1867 COOLANT
1 43325U 87060AS  19221.30665222 -.00000023 +00000-0 +28740-4 0  9990
2 43325 065.0103 190.3493 0018071 258.8687 101.0366 14.32147408239740
COSMOS 1867 COOLANT
1 43325U 87060AS  19222.35410402 -.00000024 +00000-0 +28129-4 0  9996
2 43325 065.0104 187.4129 0018044 258.8446 101.0610 14.32147590239897
COSMOS 1867 COOLANT
1 43325U 87060AS  19223.26189554 -.00000022  00000-0  29202-4 0  9999
2 43325  65.0106 184.8681 0018019 258.8175 101.0884 14.32147732240022
COSMOS 1867 COOLANT
1 43325U 87060AS  19225.28696857 -.00000029  00000-0  26306-4 0  9991
2 43325  65.0107 179.1913 0017944 258.6854 101.2215 14.32148030240310
COSMOS 1867 COOLANT
1 43325U 87060AS  19226.47407996 -.00000046 +00000-0 +20098-4 0  9998
2 43325 065.0108 175.8633 0017905 258.6795 101.2278 14.32148233240486
COSMOS 1867 COOLANT
1 43325U 87060AS  19227.24221087 -.00000047 +00000-0 +19878-4 0  9994
2 43325 065.0109 173.7101 0017885 258.6616 101.2459 14.32148355240591
COSMOS 1867 COOLANT
1 43325U 87060AS  19231.29235547 -.00000005 +00000-0 +35418-4 0  9992
2 43325 065.0112 162.3565 0017746 258.5664 101.3427 14.32148915241174
COSMOS 1867 COOLANT
1 43325U 87060AS  19232.20014612 -.00000010 +00000-0 +33469-4 0  9992
2 43325 065.0113 159.8117 0017717 258.5437 101.3658 14.32149079241308
COSMOS 1867 COOLANT
1 43325U 87060AS  19233.24759680 -.00000020 +00000-0 +29681-4 0  9990
2 43325 065.0114 156.8754 0017686 258.5358 101.3740 14.32149222241458
COSMOS 1867 COOLANT
1 43325U 87060AS  19235.76147808 -.00000013  00000-0  32412-4 0  9990
2 43325  65.0116 149.8286 0017599 258.4594 101.4514 14.32149636241815
COSMOS 1867 COOLANT
1 43325U 87060AS  19237.15807852 -.00000029 +00000-0 +26474-4 0  9995
2 43325 065.0115 145.9136 0017543 258.3925 101.5191 14.32149778242013
COSMOS 1867 COOLANT
1 43325U 87060AS  19238.13569858 -.00000042  00000-0  21485-4 0  9997
2 43325  65.0114 143.1730 0017516 258.3877 101.5242 14.32149918242156
COSMOS 1867 COOLANT
1 43325U 87060AS  19238.20552858 -.00000043 +00000-0 +21397-4 0  9990
2 43325 065.0114 142.9771 0017513 258.3776 101.5343 14.32149928242167
COSMOS 1867 COOLANT
1 43325U 87060AS  19239.11331863 -.00000046 +00000-0 +20229-4 0  9998
2 43325 065.0113 140.4322 0017484 258.3250 101.5873 14.32150039242292
COSMOS 1867 COOLANT
1 43325U 87060AS  19240.09093865 -.00000032 +00000-0 +25501-4 0  9997
2 43325 065.0112 137.6915 0017449 258.2579 101.6548 14.32150192242437
COSMOS 1867 COOLANT
1 43325U 87060AS  19243.30311801 -.00000002  00000-0  36449-4 0  9997
2 43325  65.0109 128.6865 0017334 258.1488 101.7652 14.32150736242899
COSMOS 1867 COOLANT
1 43325U 87060AS  19245.11869672 -.00000008 +00000-0 +34331-4 0  9996
2 43325 065.0108 123.5968 0017292 258.1259 101.7886 14.32151114243155
COSMOS 1867 COOLANT
1 43325U 87060AS  19246.09631594 -.00000002  00000-0  36425-4 0  9994
2 43325  65.0108 120.8561 0017261 258.0962 101.8187 14.32151312243290
COSMOS 1867 COOLANT
1 43325U 87060AS  19247.00410513 -.00000001 +00000-0 +36957-4 0  9991
2 43325 065.0108 118.3113 0017225 258.0744 101.8410 14.32151476243428
COSMOS 1867 COOLANT
1 43325U 87060AS  19248.12138383 -.00000005  00000-0  35356-4 0  9993
2 43325  65.0106 115.1791 0017185 258.0173 101.8985 14.32151708243586
COSMOS 1867 COOLANT
1 43325U 87060AS  19249.23866229 -.00000022 +00000-0 +29124-4 0  9998
2 43325 065.0105 112.0467 0017153 258.0038 101.9124 14.32151921243747
COSMOS 1867 COOLANT
1 43325U 87060AS  19250.21628085 -.00000031  00000-0  25753-4 0  9998
2 43325  65.0104 109.3060 0017127 257.9896 101.9269 14.32152095243883
COSMOS 1867 COOLANT
1 43325U 87060AS  19251.05423960 -.00000024 +00000-0 +28314-4 0  9994
2 43325 065.0103 106.9568 0017106 257.9498 101.9670 14.32152247244003
COSMOS 1867 COOLANT
1 43325U 87060AS  19253.00947653  .00000009  00000-0  40513-4 0  9998
2 43325  65.0102 101.4750 0017045 257.8875 102.0300 14.32152599244287
COSMOS 1867 COOLANT
1 43325U 87060AS  19255.17420221  .00000000  00000-0  37351-4 0  9992
2 43325  65.0101  95.4062 0016988 257.8032 102.1151 14.32153019244591
COSMOS 1867 COOLANT
1 43325U 87060AS  19257.89756591 -.00000004 +00000-0 +35816-4 0  9994
2 43325 065.0101 087.7711 0016928 257.7171 102.2018 14.32153526244982
COSMOS 1867 COOLANT
1 43325U 87060AS  19257.96739575 -.00000002  00000-0  36430-4 0  9996
2 43325  65.0101  87.5753 0016925 257.7161 102.2029 14.32153548244999
COSMOS 1867 COOLANT
1 43325U 87060AS  19259.92263065 -.00000009 +00000-0 +33975-4 0  9998
2 43325 065.0102 082.0937 0016878 257.6537 102.2658 14.32153877245272
COSMOS 1867 COOLANT
1 43325U 87060AS  19261.10973722 -.00000027  00000-0  27293-4 0  9995
2 43325  65.0102  78.7655 0016855 257.6249 102.2949 14.32154082245447
COSMOS 1867 COOLANT
1 43325U 87060AS  19262.92531186 -.00000022 +00000-0 +28884-4 0  9992
2 43325 065.0104 073.6752 0016825 257.6209 102.2992 14.32154379245700
COSMOS 1867 COOLANT
1 43325U 87060AS  19266.90560881 -.00000005 +00000-0 +35277-4 0  9993
2 43325 065.0109 062.5162 0016762 257.4269 102.4941 14.32155093246274
COSMOS 1867 COOLANT
1 43325U 87060AS  19266.90560881 -.00000005  00000-0  35277-4 0  9993
2 43325  65.0109  62.5162 0016762 257.4269 102.4941 14.32155093246274
COSMOS 1867 COOLANT
1 43325U 87060AS  19267.88322537 -.00000015 +00000-0 +31667-4 0  9995
2 43325 065.0110 059.7750 0016729 257.5979 102.3233 14.32155237246418
COSMOS 1867 COOLANT
1 43325U 87060AS  19268.86084211 -.00000014 +00000-0 +32109-4 0  9999
2 43325 065.0113 057.0339 0016678 258.0962 101.8253 14.32155382246558
COSMOS 1867 COOLANT
1 43325U 87060AS  19269.41948000 -.00000010  00000-0  33465-4 0  9998
2 43325  65.0115  55.4690 0016667 257.7518 102.1700 14.32155499246632
COSMOS 1867 COOLANT
1 43325U 87060AS  19269.76862838 -.00000004 +00000-0 +35871-4 0  9996
2 43325 065.0115 054.4899 0016724 257.6802 102.2410 14.32155594246681
COSMOS 1867 COOLANT
1 43325U 87060AS  19270.39709590 +.00000001 +00000-0 +37492-4 0  9999
2 43325 065.0117 052.7290 0016722 257.5008 102.4206 14.32155745246777
COSMOS 1867 COOLANT
1 43325U 87060AS  19271.02556338 +.00000000 +00000-0 +37371-4 0  9995
2 43325 065.0118 050.9672 0016713 257.5056 102.4159 14.32155859246868
COSMOS 1867 COOLANT
1 43325U 87060AS  19274.72653745 -.00000006  00000-0  34925-4 0  9994
2 43325  65.0124  40.5918 0016672 257.5206 102.4013 14.32156565247397
COSMOS 1867 COOLANT
1 43325U 87060AS  19275.35500463 +.00000004 +00000-0 +38640-4 0  9997
2 43325 065.0125 038.8300 0016659 257.5569 102.3652 14.32156716247486
COSMOS 1867 COOLANT
1 43325U 87060AS  19276.75159795  .00000023  00000-0  45818-4 0  9996
2 43325  65.0128  34.9149 0016645 257.5685 102.3537 14.32157068247686
COSMOS 1867 COOLANT
1 43325U 87060AS  19277.72921308 +.00000016 +00000-0 +43013-4 0  9998
2 43325 065.0129 032.1744 0016631 257.5566 102.3658 14.32157279247825
COSMOS 1867 COOLANT
1 43325U 87060AS  19278.70682797 +.00000005 +00000-0 +38960-4 0  9996
2 43325 065.0130 029.4338 0016617 257.5564 102.3661 14.32157521247966
COSMOS 1867 COOLANT
1 43325U 87060AS  19279.89393165 -.00000001 +00000-0 +36842-4 0  9999
2 43325 065.0132 026.1061 0016607 257.5910 102.3316 14.32157797248131
COSMOS 1867 COOLANT
1 43325U 87060AS  19279.89393165 -.00000001  00000-0  36842-4 0  9999
2 43325  65.0132  26.1061 0016607 257.5910 102.3316 14.32157797248131
COSMOS 1867 COOLANT
1 43325U 87060AS  19280.66205749 +.00000007 +00000-0 +39785-4 0  9990
2 43325 065.0133 023.9529 0016606 257.5925 102.3301 14.32157979248249
COSMOS 1867 COOLANT
1 43325U 87060AS  19281.91899055 +.00000017 +00000-0 +43466-4 0  9990
2 43325 065.0133 020.4295 0016586 257.6056 102.3173 14.32158271248427
COSMOS 1867 COOLANT
1 43325U 87060AS  19281.91899055  .00000017  00000-0  43466-4 0  9990
2 43325  65.0133  20.4295 0016586 257.6056 102.3173 14.32158271248427
COSMOS 1867 COOLANT
1 43325U 87060AS  19282.61728657 +.00000017 +00000-0 +43639-4 0  9999
2 43325 065.0133 018.4721 0016576 257.5965 102.3265 14.32158414248527
COSMOS 1867 COOLANT
1 43325U 87060AS  19283.87421908 +.00000008 +00000-0 +40128-4 0  9997
2 43325 065.0133 014.9486 0016559 257.6380 102.2852 14.32158717248706
COSMOS 1867 COOLANT
1 43325U 87060AS  19285.61995837  .00000008  00000-0  40281-4 0  9998
2 43325  65.0133  10.0549 0016545 257.6714 102.2519 14.32159106248959
COSMOS 1867 COOLANT
1 43325U 87060AS  19287.64501554  .00000037  00000-0  51052-4 0  9992
2 43325  65.0133   4.3782 0016525 257.7280 102.1955 14.32159582249245
COSMOS 1867 COOLANT
1 43325U 87060AS  19288.69245858 +.00000037 +00000-0 +50942-4 0  9997
2 43325 065.0132 001.4420 0016513 257.7480 102.1756 14.32159819249398
COSMOS 1867 COOLANT
1 43325U 87060AS  19289.67007183  .00000023  00000-0  45636-4 0  9992
2 43325  65.0131 358.7015 0016498 257.7879 102.1358 14.32160031249531
COSMOS 1867 COOLANT
1 43325U 87060AS  19290.64768492 +.00000009 +00000-0 +40381-4 0  9994
2 43325 065.0130 355.9609 0016493 257.8352 102.0886 14.32160232249673
COSMOS 1867 COOLANT
1 43325U 87060AS  19291.62529795 +.00000007 +00000-0 +39740-4 0  9999
2 43325 065.0129 353.2204 0016484 257.8765 102.0473 14.32160437249816
COSMOS 1867 COOLANT
1 43325U 87060AS  19292.60291092  .00000013  00000-0  42067-4 0  9997
2 43325  65.0127 350.4799 0016470 257.8916 102.0323 14.32160626249954
COSMOS 1867 COOLANT
1 43325U 87060AS  19294.55813635 +.00000019 +00000-0 +44272-4 0  9992
2 43325 065.0124 344.9987 0016432 257.9329 101.9915 14.32161034250237
COSMOS 1867 COOLANT
1 43325U 87060AS  19295.74523710  .00000009  00000-0  40425-4 0  9991
2 43325  65.0121 341.6708 0016418 257.9956 101.9289 14.32161292250408
COSMOS 1867 COOLANT
1 43325U 87060AS  19296.51336106 +.00000007 +00000-0 +39920-4 0  9994
2 43325 065.0120 339.5172 0016399 258.0032 101.9215 14.32161440250519
COSMOS 1867 COOLANT
1 43325U 87060AS  19297.56080270 +.00000018 +00000-0 +44013-4 0  9999
2 43325 065.0119 336.5807 0016387 258.0471 101.8777 14.32161679250665
COSMOS 1867 COOLANT
1 43325U 87060AS  19298.46858537  .00000032  00000-0  49035-4 0  9993
2 43325  65.0117 334.0359 0016373 258.0280 101.8969 14.32161875250796
COSMOS 1867 COOLANT
1 43325U 87060AS  19299.51602672 +.00000042 +00000-0 +52594-4 0  9992
2 43325 065.0116 331.0992 0016348 258.1238 101.8013 14.32162121250943
COSMOS 1867 COOLANT
1 43325U 87060AS  19301.47124960  .00000023  00000-0  45676-4 0  9992
2 43325  65.0113 325.6175 0016309 258.2303 101.6953 14.32162638251229
COSMOS 1867 COOLANT
1 43325U 87060AS  19301.68073779 +.00000017 +00000-0 +43380-4 0  9999
2 43325 065.0112 325.0299 0016311 258.4085 101.5169 14.32162670251258
COSMOS 1867 COOLANT
1 43325U 87060AS  19304.40408300  .00000020  00000-0  44470-4 0  9999
2 43325  65.0109 317.3950 0016269 258.5475 101.3783 14.32163342251648
COSMOS 1867 COOLANT
1 43325U 87060AS  19306.42913380  .00000018  00000-0  43891-4 0  9995
2 43325  65.0107 311.7177 0016218 258.5915 101.3348 14.32163803251939
COSMOS 1867 COOLANT
1 43325U 87060AS  19307.47657353 +.00000010 +00000-0 +40881-4 0  9994
2 43325 065.0106 308.7808 0016193 258.6549 101.2716 14.32164047252087
COSMOS 1867 COOLANT
1 43325U 87060AS  19308.38435454 +.00000008 +00000-0 +40300-4 0  9994
2 43325 065.0106 306.2356 0016174 258.7099 101.2168 14.32164245252214
COSMOS 1867 COOLANT
1 43325U 87060AS  19309.36196486  .00000017  00000-0  43416-4 0  9993
2 43325  65.0106 303.4947 0016153 258.8297 101.0972 14.32164443252353
COSMOS 1867 COOLANT
1 43325U 87060AS  19310.47923369 +.00000028 +00000-0 +47496-4 0  9999
2 43325 065.0106 300.3622 0016122 258.9432 100.9839 14.32164656252511
COSMOS 1867 COOLANT
1 43325U 87060AS  19311.38701433  .00000031  00000-0  48539-4 0  9999
2 43325  65.0106 297.8171 0016095 258.9733 100.9542 14.32164871252647
COSMOS 1867 COOLANT
1 43325U 87060AS  19313.34223356 -.00000000 +00000-0 +37059-4 0  9992
2 43325 065.0106 292.3355 0016049 259.0888 100.8391 14.32165284252924
COSMOS 1867 COOLANT
1 43325U 87060AS  19314.38967236 -.00000013  00000-0  32326-4 0  9995
2 43325  65.0106 289.3988 0016016 259.1138 100.8144 14.32165443253075
COSMOS 1867 COOLANT
1 43325U 87060AS  19315.29745255 -.00000012 +00000-0 +32843-4 0  9994
2 43325 065.0107 286.8543 0016001 259.1105 100.8180 14.32165603253206
COSMOS 1867 COOLANT
1 43325U 87060AS  19317.32250038  .00000001  00000-0  37527-4 0  9991
2 43325  65.0108 281.1770 0015935 259.1723 100.7568 14.32165980253496
COSMOS 1867 COOLANT
1 43325U 87060AS  19318.50959702 -.00000006 +00000-0 +34989-4 0  9991
2 43325 065.0108 277.8486 0015887 259.2903 100.6393 14.32166222253663
COSMOS 1867 COOLANT
1 43325U 87060AS  19320.25532710 -.00000003 +00000-0 +36095-4 0  9999
2 43325 065.0110 272.9544 0015837 259.3953 100.5348 14.32166568253918
COSMOS 1867 COOLANT
1 43325U 87060AS  19321.23293582 +.00000012 +00000-0 +41653-4 0  9994
2 43325 065.0111 270.2137 0015804 259.4558 100.4746 14.32166789254056
COSMOS 1867 COOLANT
1 43325U 87060AS  19322.28037362  .00000022  00000-0  45384-4 0  9998
2 43325  65.0112 267.2773 0015769 259.4933 100.4375 14.32166999254204
COSMOS 1867 COOLANT
1 43325U 87060AS  19323.25798203 +.00000018 +00000-0 +43966-4 0  9993
2 43325 065.0113 264.5366 0015729 259.5515 100.3798 14.32167192254345
COSMOS 1867 COOLANT
1 43325U 87060AS  19324.44507762 -.00000004  00000-0  35765-4 0  9997
2 43325  65.0114 261.2087 0015686 259.6330 100.2987 14.32167432254513
COSMOS 1867 COOLANT
1 43325U 87060AS  19325.21319817 -.00000016 +00000-0 +31249-4 0  9991
2 43325 065.0114 259.0554 0015669 259.6470 100.2848 14.32167569254622
COSMOS 1867 COOLANT
1 43325U 87060AS  19326.33046439 -.00000018 +00000-0 +30643-4 0  9991
2 43325 065.0114 255.9232 0015633 259.6939 100.2384 14.32167798254787
COSMOS 1867 COOLANT
1 43325U 87060AS  19328.21585093  .00000003  00000-0  38374-4 0  9996
2 43325  65.0113 250.6376 0015565 259.7782 100.1548 14.32168177255052
COSMOS 1867 COOLANT
1 43325U 87060AS  19329.19345845 +.00000009 +00000-0 +40469-4 0  9997
2 43325 065.0113 247.8972 0015528 259.7963 100.1371 14.32168421255193
COSMOS 1867 COOLANT
1 43325U 87060AS  19330.38055294  .00000002  00000-0  37833-4 0  9990
2 43325  65.0114 244.5706 0015515 259.6096 100.3240 14.32168707255368
COSMOS 1867 COOLANT
1 43325U 87060AS  19332.12628005 +.00000010 +00000-0 +40942-4 0  9994
2 43325 065.0115 239.6767 0015464 259.7156 100.2185 14.32169091255614
COSMOS 1867 COOLANT
1 43325U 87060AS  19333.45303242  .00000024  00000-0  46048-4 0  9992
2 43325  65.0114 235.9574 0015420 259.8047 100.1299 14.32169379255805
COSMOS 1867 COOLANT
1 43325U 87060AS  19334.43063917 +.00000027 +00000-0 +47027-4 0  9994
2 43325 065.0114 233.2169 0015380 259.8294 100.1056 14.32169620255940
COSMOS 1867 COOLANT
1 43325U 87060AS  19335.12892953 +.00000020 +00000-0 +44633-4 0  9994
2 43325 065.0114 231.2594 0015359 259.8390 100.0962 14.32169781256048
COSMOS 1867 COOLANT
1 43325U 87060AS  19336.10653589  .00000001  00000-0  37447-4 0  9997
2 43325  65.0113 228.5189 0015329 259.8807 100.0549 14.32169985256188
COSMOS 1867 COOLANT
1 43325U 87060AS  19336.45568099 -.00000008 +00000-0 +34083-4 0  9997
2 43325 065.0112 227.5399 0015320 259.9362 099.9995 14.32170041256239
COSMOS 1867 COOLANT
1 43325U 87060AS  19337.08414213 -.00000015 +00000-0 +31644-4 0  9993
2 43325 065.0111 225.7782 0015309 259.9599 099.9759 14.32170162256325
COSMOS 1867 COOLANT
1 43325U 87060AS  19338.41089344 -.00000014 +00000-0 +32002-4 0  9992
2 43325 065.0110 222.0589 0015268 260.0587 099.8775 14.32170398256512
COSMOS 1867 COOLANT
1 43325U 87060AS  19339.38849962 -.00000006  00000-0  34854-4 0  9997
2 43325  65.0108 219.3183 0015241 260.1186  99.8179 14.32170549256656
COSMOS 1867 COOLANT
1 43325U 87060AS  19340.92473752 -.00000005 +00000-0 +35442-4 0  9992
2 43325 065.0105 215.0117 0015196 260.1628 099.7741 14.32170805256876
COSMOS 1867 COOLANT
1 43325U 87060AS  19341.06439554 -.00000007 +00000-0 +34641-4 0  9992
2 43325 065.0105 214.6202 0015189 260.1774 099.7595 14.32170807256891
COSMOS 1867 COOLANT
1 43325U 87060AS  19342.11183019 -.00000009  00000-0  33890-4 0  9998
2 43325  65.0103 211.6838 0015159 260.2324  99.7049 14.32171022257042
COSMOS 1867 COOLANT
1 43325U 87060AS  19343.92738337 +.00000004 +00000-0 +38767-4 0  9999
2 43325 065.0102 206.5940 0015118 260.3214 099.6163 14.32171381257305
COSMOS 1867 COOLANT
1 43325U 87060AS  19344.34635716  .00000010  00000-0  40887-4 0  9996
2 43325  65.0101 205.4194 0015103 260.3636  99.5743 14.32171461257363
COSMOS 1867 COOLANT
1 43325U 87060AS  19345.32396254 +.00000019 +00000-0 +44279-4 0  9994
2 43325 065.0101 202.6788 0015072 260.4026 099.5356 14.32171653257509
COSMOS 1867 COOLANT
1 43325U 87060AS  19346.86019892 +.00000008 +00000-0 +40195-4 0  9995
2 43325 065.0099 198.3721 0015038 260.4231 099.5154 14.32171993257720
COSMOS 1867 COOLANT
1 43325U 87060AS  19346.99985675  .00000007  00000-0  39818-4 0  9999
2 43325  65.0099 197.9805 0015034 260.4472  99.4914 14.32172028257746
COSMOS 1867 COOLANT
1 43325U 87060AS  19347.27917238 +.00000000 +00000-0 +37199-4 0  9994
2 43325 065.0099 197.1975 0015024 260.4752 099.4635 14.32172093257782
COSMOS 1867 COOLANT
1 43325U 87060AS  19348.18694815 -.00000016 +00000-0 +31101-4 0  9993
2 43325 065.0098 194.6525 0015008 260.5304 099.4084 14.32172279257919
COSMOS 1867 COOLANT
1 43325U 87060AS  19349.02489500 -.00000024  00000-0  28412-4 0  9990
2 43325  65.0097 192.3034 0014993 260.5712  99.3678 14.32172417258039
COSMOS 1867 COOLANT
1 43325U 87060AS  19349.93267073 -.00000021 +00000-0 +29484-4 0  9996
2 43325 065.0096 189.7585 0014972 260.5962 099.3430 14.32172577258160
COSMOS 1867 COOLANT
1 43325U 87060AS  19350.84044639 -.00000013 +00000-0 +32213-4 0  9994
2 43325 065.0095 187.2136 0014953 260.6253 099.3141 14.32172728258298
COSMOS 1867 COOLANT
1 43325U 87060AS  19351.25941975 -.00000012  00000-0  32756-4 0  9990
2 43325  65.0095 186.0390 0014939 260.6750  99.2645 14.32172797258354
COSMOS 1867 COOLANT
1 43325U 87060AS  19351.81805082 -.00000010 +00000-0 +33419-4 0  9995
2 43325 065.0094 184.4728 0014926 260.6652 099.2745 14.32172889258439
COSMOS 1867 COOLANT
1 43325U 87060AS  19352.79565504 -.00000011 +00000-0 +33125-4 0  9990
2 43325 065.0093 181.7321 0014904 260.6921 099.2479 14.32173082258577
COSMOS 1867 COOLANT
1 43325U 87060AS  19353.91291685 -.00000014 +00000-0 +32005-4 0  9990
2 43325 065.0093 178.5997 0014885 260.7793 099.1608 14.32173292258730
COSMOS 1867 COOLANT
1 43325U 87060AS  19353.91291685 -.00000014  00000-0  32005-4 0  9990
2 43325  65.0093 178.5997 0014885 260.7793  99.1608 14.32173292258730
COSMOS 1867 COOLANT
1 43325U 87060AS  19354.89052084 -.00000010 +00000-0 +33422-4 0  9996
2 43325 065.0093 175.8590 0014872 260.8423 099.0979 14.32173468258876
COSMOS 1867 COOLANT
1 43325U 87060AS  19355.86812476 +.00000003 +00000-0 +38289-4 0  9990
2 43325 065.0094 173.1182 0014858 260.9005 099.0398 14.32173663259015
COSMOS 1867 COOLANT
1 43325U 87060AS  19356.21726899  .00000006  00000-0  39589-4 0  9990
2 43325  65.0095 172.1393 0014850 260.9414  98.9991 14.32173733259065
COSMOS 1867 COOLANT
1 43325U 87060AS  19356.77589971 +.00000011 +00000-0 +41161-4 0  9994
2 43325 065.0095 170.5733 0014842 260.9457 098.9949 14.32173840259144
COSMOS 1867 COOLANT
1 43325U 87060AS  19357.75350325 +.00000008 +00000-0 +40128-4 0  9990
2 43325 065.0096 167.8326 0014825 260.9994 098.9413 14.32174050259284
COSMOS 1867 COOLANT
1 43325U 87060AS  19358.73110653 -.00000008  00000-0  34066-4 0  9992
2 43325  65.0097 165.0919 0014818 261.0460  98.8947 14.32174256259420
COSMOS 1867 COOLANT
1 43325U 87060AS  19359.70870971 -.00000027 +00000-0 +27164-4 0  9998
2 43325 065.0098 162.3512 0014813 261.0952 098.8456 14.32174440259566
COSMOS 1867 COOLANT
1 43325U 87060AS  19360.19751129 -.00000032 +00000-0 +25242-4 0  9997
2 43325 065.0098 160.9808 0014809 261.1624 098.7784 14.32174527259637
COSMOS 1867 COOLANT
1 43325U 87060AS  19361.17511445 -.00000033  00000-0  25055-4 0  9994
2 43325  65.0099 158.2401 0014806 261.2323  98.7085 14.32174680259770
COSMOS 1867 COOLANT
1 43325U 87060AS  19361.80357366 -.00000029 +00000-0 +26577-4 0  9999
2 43325 065.0099 156.4783 0014793 261.2426 098.6983 14.32174754259860
COSMOS 1867 COOLANT
1 43325U 87060AS  19362.71134795 -.00000020 +00000-0 +29656-4 0  9991
2 43325 065.0100 153.9333 0014783 261.2811 098.6599 14.32174894259995
COSMOS 1867 COOLANT
1 43325U 87060AS  19363.68895089 -.00000017  00000-0  30841-4 0  9992
2 43325  65.0101 151.1926 0014770 261.3423  98.5988 14.32175049260132
COSMOS 1867 COOLANT
1 43325U 87060AS  19364.66655365 -.00000021 +00000-0 +29289-4 0  9991
2 43325 065.0102 148.4519 0014763 261.4168 098.5244 14.32175212260271
COSMOS 1867 COOLANT
1 43325U 87060AS  19365.01569751 -.00000024 +00000-0 +28484-4 0  9993
2 43325 065.0102 147.4731 0014761 261.4618 098.4794 14.32175265260327
COSMOS 1867 COOLANT
1 43325U 87060AS  20001.13295771 -.00000023  00000-0  28635-4 0  9990
2 43325  65.0104 144.3408 0014756 261.5555  98.3857 14.32175435260486
COSMOS 1867 COOLANT
1 43325U 87060AS  20001.83124535 -.00000017 +00000-0 +30853-4 0  9994
2 43325 065.0105 142.3832 0014751 261.5854 098.3558 14.32175529260586
COSMOS 1867 COOLANT
1 43325U 87060AS  20002.66919044 -.00000006 +00000-0 +35008-4 0  9998
2 43325 065.0107 140.0342 0014747 261.6494 098.2919 14.32175671260707
COSMOS 1867 COOLANT
1 43325U 87060AS  20003.64679290  .00000000  00000-0  37221-4 0  9995
2 43325  65.0108 137.2936 0014741 261.7108  98.2305 14.32175833260846
COSMOS 1867 COOLANT
1 43325U 87060AS  20004.83388132 -.00000011 +00000-0 +33134-4 0  9991
2 43325 065.0110 133.9657 0014731 261.8093 098.1321 14.32176037261019
COSMOS 1867 COOLANT
1 43325U 87060AS  20005.74165462 -.00000028  00000-0  26765-4 0  9991
2 43325  65.0111 131.4209 0014732 261.8842  98.0571 14.32176184261142
COSMOS 1867 COOLANT
1 43325U 87060AS  20006.71925652 -.00000037 +00000-0 +23387-4 0  9991
2 43325 065.0113 128.6803 0014735 261.9771 097.9642 14.32176372261288
COSMOS 1867 COOLANT
1 43325U 87060AS  20007.76668715 -.00000034  00000-0  24564-4 0  9996
2 43325  65.0114 125.7440 0014737 262.0731  97.8681 14.32176550261431
COSMOS 1867 COOLANT
1 43325U 87060AS  20008.81411772 -.00000023 +00000-0 +28686-4 0  9999
2 43325 065.0115 122.8076 0014736 262.1611 097.7801 14.32176721261581
COSMOS 1867 COOLANT
1 43325U 87060AS  20009.58223339 -.00000018 +00000-0 +30696-4 0  9992
2 43325 065.0115 120.6543 0014732 262.2097 097.7315 14.32176844261699
COSMOS 1867 COOLANT
1 43325U 87060AS  20010.55983497 -.00000018  00000-0  30663-4 0  9993
2 43325  65.0115 117.9137 0014731 262.2906  97.6506 14.32177014261832
COSMOS 1867 COOLANT
1 43325U 87060AS  20011.53743640 -.00000023 +00000-0 +28781-4 0  9990
2 43325 065.0116 115.1731 0014742 262.3896 097.5514 14.32177181261972
COSMOS 1867 COOLANT
1 43325U 87060AS  20012.65469520 -.00000023  00000-0  28782-4 0  9997
2 43325  65.0116 112.0409 0014746 262.5037  97.4373 14.32177336262136
COSMOS 1867 COOLANT
1 43325U 87060AS  20014.74955492  .00000010  00000-0  40895-4 0  9991
2 43325  65.0118 106.1682 0014722 262.6524  97.2887 14.32177805262433
COSMOS 1867 COOLANT
1 43325U 87060AS  20015.51767002 +.00000006 +00000-0 +39368-4 0  9993
2 43325 065.0119 104.0150 0014706 262.6820 097.2594 14.32177924262541
COSMOS 1867 COOLANT
1 43325U 87060AS  20016.49527085 -.00000008 +00000-0 +34051-4 0  9993
2 43325 065.0119 101.2744 0014699 262.7566 097.1848 14.32178087262685
COSMOS 1867 COOLANT
1 43325U 87060AS  20016.84441399 -.00000019  00000-0  30259-4 0  9993
2 43325  65.0119 100.2956 0014705 262.8243  97.1170 14.32178118262739
COSMOS 1867 COOLANT
1 43325U 87060AS  20018.59012942 -.00000038 +00000-0 +23079-4 0  9998
2 43325 065.0119 095.4016 0014711 262.9854 096.9557 14.32178383262984
COSMOS 1867 COOLANT
1 43325U 87060AS  20018.65995806 -.00000039 +00000-0 +22624-4 0  9990
2 43325 065.0119 095.2058 0014711 262.9945 096.9467 14.32178380262997
COSMOS 1867 COOLANT
1 43325U 87060AS  20020.61515935 -.00000020  00000-0  29614-4 0  9996
2 43325  65.0118  89.7245 0014702 263.1680  96.7732 14.32178640263275
COSMOS 1867 COOLANT
1 43325U 87060AS  20022.57036010 -.00000022 +00000-0 +29020-4 0  9998
2 43325 065.0117 084.2430 0014700 263.3753 096.5659 14.32178898263553
COSMOS 1867 COOLANT
1 43325U 87060AS  20022.77984585 -.00000027 +00000-0 +27201-4 0  9993
2 43325 065.0116 083.6557 0014706 263.4273 096.5138 14.32178916263585
COSMOS 1867 COOLANT
1 43325U 87060AS  20023.61778889 -.00000027 +00000-0 +27104-4 0  9997
2 43325 065.0116 081.3064 0014702 263.4958 096.4453 14.32179040263701
COSMOS 1867 COOLANT
1 43325U 87060AS  20024.87470336 -.00000022  00000-0  28968-4 0  9996
2 43325  65.0116  77.7826 0014701 263.6241  96.3169 14.32179213263886
COSMOS 1867 COOLANT
1 43325U 87060AS  20025.50316058 -.00000014 +00000-0 +32024-4 0  9996
2 43325 065.0115 076.0207 0014698 263.6663 096.2748 14.32179305263977
COSMOS 1867 COOLANT
1 43325U 87060AS  20026.41093201 -.00000007 +00000-0 +34579-4 0  9998
2 43325 065.0115 073.4758 0014692 263.7450 096.1961 14.32179442264102
COSMOS 1867 COOLANT
1 43325U 87060AS  20027.38853181 -.00000010  00000-0  33321-4 0  9994
2 43325  65.0114  70.7350 0014682 263.8474  96.0938 14.32179605264244
COSMOS 1867 COOLANT
1 43325U 87060AS  20027.52818894 -.00000012 +00000-0 +32690-4 0  9992
2 43325 065.0114 070.3434 0014677 263.8599 096.0813 14.32179617264262
COSMOS 1867 COOLANT
1 43325U 87060AS  20028.71527408 -.00000030 +00000-0 +26215-4 0  9998
2 43325 065.0114 067.0153 0014672 264.0089 095.9324 14.32179840264437
COSMOS 1867 COOLANT
1 43325U 87060AS  20029.34373086 -.00000037 +00000-0 +23576-4 0  9993
2 43325 065.0114 065.2535 0014675 264.0602 095.8810 14.32179944264529
COSMOS 1867 COOLANT
1 43325U 87060AS  20031.36875836 -.00000030 +00000-0 +26149-4 0  9990
2 43325 065.0113 059.5761 0014654 264.2107 095.7308 14.32180232264819
COSMOS 1867 COOLANT
1 43325U 87060AS  20031.78772951 -.00000023  00000-0  28830-4 0  9991
2 43325  65.0113  58.4015 0014646 264.2800  95.6615 14.32180319264872
COSMOS 1867 COOLANT
1 43325U 87060AS  20031.78772951 -.00000023 +00000-0 +28830-4 0  9991
2 43325 065.0113 058.4015 0014646 264.2800 095.6615 14.32180319264872
COSMOS 1867 COOLANT
1 43325U 87060AS  20032.06704362 -.00000021 +00000-0 +29357-4 0  9997
2 43325 065.0113 057.6184 0014640 264.2659 095.6756 14.32180367264910
COSMOS 1867 COOLANT
1 43325U 87060AS  20032.41618621 -.00000015 +00000-0 +31469-4 0  9998
2 43325 065.0113 056.6395 0014635 264.2888 095.6528 14.32180423264966
COSMOS 1867 COOLANT
1 43325U 87060AS  20033.46361387 -.00000013 +00000-0 +32388-4 0  9997
2 43325 065.0113 053.7029 0014621 264.3865 095.5552 14.32180609265119
COSMOS 1867 COOLANT
1 43325U 87060AS  20035.41881163 -.00000023 +00000-0 +28779-4 0  9993
2 43325 065.0113 048.2210 0014608 264.5834 095.3585 14.32180967265394
COSMOS 1867 COOLANT
1 43325U 87060AS  20036.46623894 -.00000015  00000-0  31486-4 0  9994
2 43325  65.0114  45.2844 0014599 264.6841  95.2578 14.32181153265549
COSMOS 1867 COOLANT
1 43325U 87060AS  20037.30418075 -.00000007 +00000-0 +34576-4 0  9995
2 43325 065.0115 042.9352 0014588 264.7958 095.1462 14.32181295265667
COSMOS 1867 COOLANT
1 43325U 87060AS  20038.42143633 +.00000001 +00000-0 +37406-4 0  9992
2 43325 065.0116 039.8029 0014566 264.9239 095.0183 14.32181501265821
COSMOS 1867 COOLANT
1 43325U 87060AS  20039.46886316 -.00000009  00000-0  33809-4 0  9991
2 43325  65.0117  36.8663 0014548 265.0194  94.9229 14.32181692265971
COSMOS 1867 COOLANT
1 43325U 87060AS  20039.53869160 -.00000012 +00000-0 +32596-4 0  9993
2 43325 065.0117 036.6705 0014548 265.0280 094.9144 14.32181700265989
COSMOS 1867 COOLANT
1 43325U 87060AS  20040.58611825 -.00000030 +00000-0 +26259-4 0  9992
2 43325 065.0118 033.7339 0014535 265.1462 094.7963 14.32181876266139
COSMOS 1867 COOLANT
1 43325U 87060AS  20041.56371639 -.00000035 +00000-0 +24202-4 0  9998
2 43325 065.0118 030.9931 0014531 265.2465 094.6961 14.32182037266278
COSMOS 1867 COOLANT
1 43325U 87060AS  20041.56371639 -.00000035  00000-0  24202-4 0  9998
2 43325  65.0118  30.9931 0014531 265.2465  94.6961 14.32182037266278
COSMOS 1867 COOLANT
1 43325U 87060AS  20042.33182921 -.00000028 +00000-0 +26672-4 0  9993
2 43325 065.0119 028.8396 0014527 265.3093 094.6333 14.32182163266388
COSMOS 1867 COOLANT
1 43325U 87060AS  20042.68097140 -.00000023 +00000-0 +28634-4 0  9994
2 43325 065.0120 027.8607 0014519 265.3758 094.5669 14.32182234266439
COSMOS 1867 COOLANT
1 43325U 87060AS  20043.44908420 -.00000014 +00000-0 +32154-4 0  9993
2 43325 065.0120 025.7072 0014505 265.4345 094.5083 14.32182352266543
COSMOS 1867 COOLANT
1 43325U 87060AS  20043.65856949 -.00000013  00000-0  32547-4 0  9999
2 43325  65.0121  25.1198 0014499 265.4700  94.4728 14.32182385266578
COSMOS 1867 COOLANT
1 43325U 87060AS  20044.35685375 -.00000007 +00000-0 +34498-4 0  9990
2 43325 065.0121 023.1621 0014485 265.5197 094.4233 14.32182497266679
COSMOS 1867 COOLANT
1 43325U 87060AS  20044.63616740 -.00000008 +00000-0 +34047-4 0  9992
2 43325 065.0122 022.3790 0014480 265.5646 094.3785 14.32182549266716
COSMOS 1867 COOLANT
1 43325U 87060AS  20045.33445153 -.00000012 +00000-0 +32839-4 0  9990
2 43325 065.0122 020.4213 0014466 265.6113 094.3319 14.32182657266813
COSMOS 1867 COOLANT
1 43325U 87060AS  20046.17239236 -.00000019  00000-0  29993-4 0  9990
2 43325  65.0124  18.0720 0014456 265.6938  94.2495 14.32182801266933
COSMOS 1867 COOLANT
1 43325U 87060AS  20046.52153441 -.00000025 +00000-0 +27971-4 0  9993
2 43325 065.0124 017.0932 0014453 265.7391 094.2042 14.32182832266985
COSMOS 1867 COOLANT
1 43325U 87060AS  20046.66119122 -.00000025 +00000-0 +27840-4 0  9991
2 43325 065.0125 016.7017 0014450 265.7601 094.1832 14.32182851267008
COSMOS 1867 COOLANT
1 43325U 87060AS  20047.63878881 -.00000023 +00000-0 +28624-4 0  9992
2 43325 065.0126 013.9610 0014438 265.8631 094.0803 14.32183012267149
COSMOS 1867 COOLANT
1 43325U 87060AS  20048.19741597 -.00000018  00000-0  30558-4 0  9990
2 43325  65.0127  12.3949 0014432 265.8830  94.0605 14.32183100267220
COSMOS 1867 COOLANT
1 43325U 87060AS  20050.57158109 -.00000004 +00000-0 +35729-4 0  9996
2 43325 065.0130 005.7391 0014370 266.1195 093.8247 14.32183538267561
COSMOS 1867 COOLANT
1 43325U 87060AS  20050.57158109 -.00000004  00000-0  35729-4 0  9996
2 43325  65.0130   5.7391 0014370 266.1195  93.8247 14.32183538267561
COSMOS 1867 COOLANT
1 43325U 87060AS  20051.47934978 -.00000018 +00000-0 +30637-4 0  9990
2 43325 065.0130 003.1943 0014351 266.1940 093.7503 14.32183692267692
COSMOS 1867 COOLANT
1 43325U 87060AS  20052.45694667 -.00000024 +00000-0 +28248-4 0  9999
2 43325 065.0131 000.4537 0014339 266.3093 093.6352 14.32183907267835
COSMOS 1867 COOLANT
1 43325U 87060AS  20054.27248372 -.00000008  00000-0  34088-4 0  9990
2 43325  65.0132 355.3641 0014308 266.4692  93.4757 14.32184256268090
COSMOS 1867 COOLANT
1 43325U 87060AS  20056.29750528  .00000011  00000-0  41365-4 0  9994
2 43325  65.0132 349.6873 0014261 266.6156  93.3297 14.32184683268382
COSMOS 1867 COOLANT
1 43325U 87060AS  20059.16046556 -.00000001  00000-0  36813-4 0  9994
2 43325  65.0132 341.6613 0014210 266.8576  93.0883 14.32185266268799
COSMOS 1867 COOLANT
1 43325U 87060AS  20059.50960700 +.00000002 +00000-0 +37844-4 0  9993
2 43325 065.0132 340.6826 0014203 266.9137 093.0323 14.32185346268844
COSMOS 1867 COOLANT
1 43325U 87060AS  20061.18548580  .00000015  00000-0  42673-4 0  9998
2 43325  65.0131 335.9846 0014171 267.0129  92.9334 14.32185654269088
COSMOS 1867 COOLANT
1 43325U 87060AS  20062.16308145 +.00000011 +00000-0 +41287-4 0  9994
2 43325 065.0130 333.2441 0014150 267.0850 092.8615 14.32185861269224
COSMOS 1867 COOLANT
1 43325U 87060AS  20063.35016165 -.00000008  00000-0  34073-4 0  9996
2 43325  65.0128 329.9163 0014128 267.1887  92.7581 14.32186078269390
COSMOS 1867 COOLANT
1 43325U 87060AS  20064.46741347 -.00000014 +00000-0 +32053-4 0  9999
2 43325 065.0127 326.7842 0014118 267.2995 092.6474 14.32186290269552
COSMOS 1867 COOLANT
1 43325U 87060AS  20066.14329112  .00000011  00000-0  41142-4 0  9993
2 43325  65.0124 322.0861 0014074 267.3918  92.5556 14.32186632269792
COSMOS 1867 COOLANT
1 43325U 87060AS  20066.42260402 +.00000014 +00000-0 +42243-4 0  9996
2 43325 065.0123 321.3030 0014069 267.4290 092.5184 14.32186685269839
COSMOS 1867 COOLANT
1 43325U 87060AS  20066.98122979 +.00000021 +00000-0 +45074-4 0  9996
2 43325 065.0122 319.7369 0014058 267.4411 092.5065 14.32186799269910
COSMOS 1867 COOLANT
1 43325U 87060AS  20068.09848106 +.00000024 +00000-0 +46072-4 0  9999
2 43325 065.0120 316.6047 0014035 267.5422 092.4056 14.32187041270074
COSMOS 1867 COOLANT
1 43325U 87060AS  20068.93641927  .00000015  00000-0  42787-4 0  9993
2 43325  65.0119 314.2555 0014029 267.5883  92.3596 14.32187225270199
COSMOS 1867 COOLANT
1 43325U 87060AS  20070.40281096 +.00000007 +00000-0 +39683-4 0  9997
2 43325 065.0116 310.1444 0014016 267.7408 092.2071 14.32187540270400
COSMOS 1867 COOLANT
1 43325U 87060AS  20071.10109264  .00000011  00000-0  41137-4 0  9993
2 43325  65.0115 308.1867 0014014 267.7840  92.1640 14.32187689270509
COSMOS 1867 COOLANT
1 43325U 87060AS  20074.03387488 +.00000005 +00000-0 +38885-4 0  9993
2 43325 065.0109 299.9645 0013967 267.9578 091.9908 14.32188277270923
COSMOS 1867 COOLANT
1 43325U 87060AS  20074.31318736 -.00000001 +00000-0 +36843-4 0  9993
2 43325 065.0108 299.1814 0013966 268.0097 091.9389 14.32188337270963
COSMOS 1867 COOLANT
1 43325U 87060AS  20076.33820273 -.00000010 +00000-0 +33639-4 0  9991
2 43325 065.0104 293.5039 0013950 268.1571 091.7916 14.32188744271256
COSMOS 1867 COOLANT
1 43325U 87060AS  20077.31579629 +.00000005 +00000-0 +39214-4 0  9994
2 43325 065.0103 290.7630 0013945 268.2316 091.7172 14.32188937271396
COSMOS 1867 COOLANT
1 43325U 87060AS  20078.08390553 +.00000017 +00000-0 +43445-4 0  9990
2 43325 065.0102 288.6095 0013934 268.2516 091.6973 14.32189059271503
COSMOS 1867 COOLANT
1 43325U 87060AS  20078.85201456  .00000023  00000-0  45583-4 0  9990
2 43325  65.0101 286.4559 0013925 268.2768  91.6721 14.32189207271610
COSMOS 1867 COOLANT
1 43325U 87060AS  20079.82960766 +.00000019 +00000-0 +44404-4 0  9990
2 43325 065.0100 283.7150 0013916 268.3371 091.6119 14.32189411271750
COSMOS 1867 COOLANT
1 43325U 87060AS  20080.80720057 +.00000007 +00000-0 +39863-4 0  9997
2 43325 065.0100 280.9740 0013912 268.3925 091.5566 14.32189603271898
COSMOS 1867 COOLANT
1 43325U 87060AS  20081.29599697 +.00000004 +00000-0 +38658-4 0  9993
2 43325 065.0100 279.6036 0013909 268.4514 091.4977 14.32189718271962
COSMOS 1867 COOLANT
1 43325U 87060AS  20082.27358971 +.00000001 +00000-0 +37491-4 0  9991
2 43325 065.0099 276.8626 0013907 268.5153 091.4338 14.32189916272109
COSMOS 1867 COOLANT
1 43325U 87060AS  20083.80980673  .00000005  00000-0  38905-4 0  9996
2 43325  65.0098 272.5556 0013901 268.5411  91.4081 14.32190188272326
COSMOS 1867 COOLANT
1 43325U 87060AS  20084.22877489 +.00000006 +00000-0 +39579-4 0  9992
2 43325 065.0098 271.3809 0013896 268.5924 091.3569 14.32190299272385
COSMOS 1867 COOLANT
1 43325U 87060AS  20084.78739910 +.00000003 +00000-0 +38221-4 0  9999
2 43325 065.0098 269.8147 0013894 268.5904 091.3589 14.32190397272468
COSMOS 1867 COOLANT
1 43325U 87060AS  20086.11413129 -.00000017  00000-0  30793-4 0  9991
2 43325  65.0098 266.0949 0013895 268.6888  91.2605 14.32190656272657
COSMOS 1867 COOLANT
1 43325U 87060AS  20086.88223934 -.00000025 +00000-0 +27778-4 0  9996
2 43325 065.0098 263.9413 0013896 268.7247 091.2246 14.32190783272764
COSMOS 1867 COOLANT
1 43325U 87060AS  20087.23137934 -.00000027 +00000-0 +27146-4 0  9991
2 43325 065.0098 262.9624 0013899 268.7707 091.1786 14.32190851272811
COSMOS 1867 COOLANT
1 43325U 87060AS  20087.92965936 -.00000023 +00000-0 +28606-4 0  9996
2 43325 065.0098 261.0046 0013903 268.7930 091.1562 14.32190971272919
COSMOS 1867 COOLANT
1 43325U 87060AS  20088.20897136 -.00000020  00000-0  29744-4 0  9995
2 43325  65.0099 260.2215 0013903 268.8385  91.1107 14.32191027272956
COSMOS 1867 COOLANT
1 43325U 87060AS  20088.76759535 -.00000011 +00000-0 +33114-4 0  9992
2 43325 065.0099 258.6553 0013907 268.8351 091.1141 14.32191125273036
COSMOS 1867 COOLANT
1 43325U 87060AS  20089.18656334 -.00000002 +00000-0 +36277-4 0  9995
2 43325 065.0099 257.4806 0013906 268.8904 091.0587 14.32191211273092
COSMOS 1867 COOLANT
1 43325U 87060AS  20091.70037044  .00000011  00000-0  41340-4 0  9993
2 43325  65.0102 250.4326 0013910 268.9983  90.9508 14.32191735273452
COSMOS 1867 COOLANT
1 43325U 87060AS  20092.11933814 +.00000006 +00000-0 +39568-4 0  9992
2 43325 065.0102 249.2579 0013910 269.0659 090.8832 14.32191831273513
COSMOS 1867 COOLANT
1 43325U 87060AS  20092.88744554 +.00000003 +00000-0 +38470-4 0  9995
2 43325 065.0103 247.1044 0013920 269.1004 090.8485 14.32192012273622
COSMOS 1867 COOLANT
1 43325U 87060AS  20093.86503669 +.00000002 +00000-0 +37865-4 0  9990
2 43325 065.0105 244.3636 0013929 269.1722 090.7766 14.32192226273769
COSMOS 1867 COOLANT
1 43325U 87060AS  20094.14434841  .00000003  00000-0  38216-4 0  9999
2 43325  65.0106 243.5804 0013933 269.2088  90.7401 14.32192294273805
COSMOS 1867 COOLANT
1 43325U 87060AS  20094.84262774 +.00000007 +00000-0 +39938-4 0  9996
2 43325 065.0106 241.6228 0013935 269.2363 090.7125 14.32192445273904
COSMOS 1867 COOLANT
1 43325U 87060AS  20095.12193942 +.00000010 +00000-0 +40797-4 0  9997
2 43325 065.0107 240.8397 0013934 269.2753 090.6735 14.32192526273945
COSMOS 1867 COOLANT
1 43325U 87060AS  20095.89004650 +.00000010 +00000-0 +41046-4 0  9996
2 43325 065.0107 238.6862 0013938 269.2996 090.6492 14.32192702274059
COSMOS 1867 COOLANT
1 43325U 87060AS  20096.09953021 +.00000009 +00000-0 +40608-4 0  9995
2 43325 065.0108 238.0989 0013939 269.3318 090.6170 14.32192757274080
COSMOS 1867 COOLANT
1 43325U 87060AS  20097.98488335 -.00000013  00000-0  32191-4 0  9999
2 43325  65.0109 232.8132 0013949 269.4645  90.4841 14.32193182274354
COSMOS 1867 COOLANT
1 43325U 87060AS  20098.61333424 -.00000018 +00000-0 +30445-4 0  9993
2 43325 065.0109 231.0514 0013972 269.4566 090.4918 14.32193314274449
COSMOS 1867 COOLANT
1 43325U 87060AS  20099.10212942 -.00000017 +00000-0 +30967-4 0  9997
2 43325 065.0110 229.6811 0013978 269.5298 090.4185 14.32193420274515
COSMOS 1867 COOLANT
1 43325U 87060AS  20099.80040830 -.00000010 +00000-0 +33328-4 0  9996
2 43325 065.0110 227.7234 0013983 269.5399 090.4084 14.32193534274616
COSMOS 1867 COOLANT
1 43325U 87060AS  20100.07971981 -.00000007  00000-0  34558-4 0  9990
2 43325  65.0110 226.9404 0013987 269.5759  90.3722 14.32193589274652
COSMOS 1867 COOLANT
1 43325U 87060AS  20100.35903132 -.00000003 +00000-0 +36066-4 0  9996
2 43325 065.0110 226.1573 0013988 269.5645 090.3837 14.32193656274692
COSMOS 1867 COOLANT
1 43325U 87060AS  20100.70817072 +.00000007 +00000-0 +39695-4 0  9996
2 43325 065.0111 225.1785 0013995 269.5931 090.3550 14.32193722274745
COSMOS 1867 COOLANT
1 43325U 87060AS  20101.05731007 +.00000014 +00000-0 +42205-4 0  9997
2 43325 065.0111 224.1997 0013998 269.6354 090.3127 14.32193804274798
COSMOS 1867 COOLANT
1 43325U 87060AS  20101.61593300 +.00000021 +00000-0 +44975-4 0  9995
2 43325 065.0112 222.6336 0014003 269.6412 090.3068 14.32193919274872
COSMOS 1867 COOLANT
1 43325U 87060AS  20102.03490013 +.00000026 +00000-0 +46809-4 0  9992
2 43325 065.0112 221.4590 0014004 269.6990 090.2490 14.32194031274934
COSMOS 1867 COOLANT
1 43325U 87060AS  20102.73317862  .00000025  00000-0  46270-4 0  9990
2 43325  65.0113 219.5014 0014011 269.7174  90.2306 14.32194171275030
COSMOS 1867 COOLANT
1 43325U 87060AS  20103.57111259 +.00000017 +00000-0 +43608-4 0  9998
2 43325 065.0114 217.1523 0014025 269.7674 090.1803 14.32194378275153
COSMOS 1867 COOLANT
1 43325U 87060AS  20104.05990736 +.00000013 +00000-0 +41833-4 0  9991
2 43325 065.0115 215.7820 0014033 269.8435 090.1041 14.32194501275223
COSMOS 1867 COOLANT
1 43325U 87060AS  20104.68835774 +.00000009 +00000-0 +40475-4 0  9996
2 43325 065.0116 214.0202 0014044 269.8639 090.0837 14.32194645275319
COSMOS 1867 COOLANT
1 43325U 87060AS  20105.59611932 +.00000008 +00000-0 +39989-4 0  9992
2 43325 065.0116 211.4754 0014064 269.9269 090.0204 14.32194850275444
COSMOS 1867 COOLANT
1 43325U 87060AS  20105.66594714  .00000008  00000-0  40313-4 0  9991
2 43325  65.0116 211.2796 0014063 269.9429  90.0044 14.32194870275450
COSMOS 1867 COOLANT
1 43325U 87060AS  20106.01508619 +.00000009 +00000-0 +40424-4 0  9994
2 43325 065.0116 210.3008 0014068 269.9890 089.9583 14.32194950275503
COSMOS 1867 COOLANT
1 43325U 87060AS  20106.71336426 +.00000012 +00000-0 +41643-4 0  9994
2 43325 065.0116 208.3433 0014077 270.0187 089.9284 14.32195097275606
COSMOS 1867 COOLANT
1 43325U 87060AS  20107.55129783 +.00000008 +00000-0 +40214-4 0  9991
2 43325 065.0116 205.9943 0014084 270.0755 089.8716 14.32195256275723
COSMOS 1867 COOLANT
1 43325U 87060AS  20108.52888678 -.00000002 +00000-0 +36459-4 0  9995
2 43325 065.0116 203.2538 0014093 270.1459 089.8011 14.32195458275863
COSMOS 1867 COOLANT
1 43325U 87060AS  20108.52888678 -.00000002  00000-0  36459-4 0  9995
2 43325  65.0116 203.2538 0014093 270.1459  89.8011 14.32195458275863
COSMOS 1867 COOLANT
1 43325U 87060AS  20109.50647551 -.00000012 +00000-0 +32777-4 0  9997
2 43325 065.0115 200.5132 0014106 270.2257 089.7212 14.32195683276003
COSMOS 1867 COOLANT
1 43325U 87060AS  20109.71595881 -.00000011 +00000-0 +33067-4 0  9990
2 43325 065.0115 199.9259 0014111 270.2572 089.6895 14.32195736276038
COSMOS 1867 COOLANT
1 43325U 87060AS  20111.60130839 +.00000000 +00000-0 +37281-4 0  9998
2 43325 065.0113 194.6405 0014147 270.4149 089.5315 14.32196099276301
COSMOS 1867 COOLANT
1 43325U 87060AS  20111.95044716 +.00000009 +00000-0 +40556-4 0  9992
2 43325 065.0113 193.6616 0014151 270.4619 089.4844 14.32196193276357
COSMOS 1867 COOLANT
1 43325U 87060AS  20113.48665750 +.00000033 +00000-0 +49384-4 0  9994
2 43325 065.0112 189.3550 0014166 270.5395 089.4066 14.32196551276571
COSMOS 1867 COOLANT
1 43325U 87060AS  20114.46424555  .00000030  00000-0  48197-4 0  9997
2 43325  65.0111 186.6144 0014181 270.6146  89.3314 14.32196788276714
COSMOS 1867 COOLANT
1 43325U 87060AS  20114.60390099 +.00000031 +00000-0 +48580-4 0  9995
2 43325 065.0111 186.2229 0014181 270.6377 089.3082 14.32196830276732
COSMOS 1867 COOLANT
1 43325U 87060AS  20114.81338408 +.00000028 +00000-0 +47446-4 0  9990
2 43325 065.0111 185.6356 0014177 270.6528 089.2932 14.32196896276767
COSMOS 1867 COOLANT
1 43325U 87060AS  20115.44183337 +.00000020 +00000-0 +44543-4 0  9996
2 43325 065.0110 183.8738 0014190 270.6840 089.2618 14.32197040276855
COSMOS 1867 COOLANT
1 43325U 87060AS  20116.55907638 +.00000017 +00000-0 +43429-4 0  9995
2 43325 065.0109 180.7416 0014217 270.8124 089.1331 14.32197346277018
COSMOS 1867 COOLANT
1 43325U 87060AS  20116.55907638  .00000017  00000-0  43429-4 0  9995
2 43325  65.0109 180.7416 0014217 270.8124  89.1331 14.32197346277018
COSMOS 1867 COOLANT
1 43325U 87060AS  20116.90821480 +.00000016 +00000-0 +42998-4 0  9993
2 43325 065.0109 179.7628 0014222 270.8606 089.0849 14.32197429277062
COSMOS 1867 COOLANT
1 43325U 87060AS  20117.60649163 +.00000019 +00000-0 +44066-4 0  9998
2 43325 065.0108 177.8052 0014232 270.8921 089.0533 14.32197584277165
COSMOS 1867 COOLANT
1 43325U 87060AS  20118.86338969 +.00000018 +00000-0 +43707-4 0  9996
2 43325 065.0107 174.2815 0014246 271.0056 088.9397 14.32197861277343
COSMOS 1867 COOLANT
1 43325U 87060AS  20118.86338969  .00000018  00000-0  43707-4 0  9996
2 43325  65.0107 174.2815 0014246 271.0056  88.9397 14.32197861277343
COSMOS 1867 COOLANT
1 43325U 87060AS  20119.56166623 +.00000014 +00000-0 +42275-4 0  9995
2 43325 065.0105 172.3238 0014251 271.0387 088.9065 14.32198015277447
COSMOS 1867 COOLANT
1 43325U 87060AS  20120.74873606 -.00000004 +00000-0 +35870-4 0  9996
2 43325 065.0103 168.9958 0014269 271.1536 088.7914 14.32198287277612
COSMOS 1867 COOLANT
1 43325U 87060AS  20121.72632287 -.00000010  00000-0  33402-4 0  9999
2 43325  65.0101 166.2550 0014284 271.2348  88.7100 14.32198504277752
COSMOS 1867 COOLANT
1 43325U 87060AS  20122.56425440 -.00000004 +00000-0 +35652-4 0  9995
2 43325 065.0100 163.9058 0014295 271.2936 088.6512 14.32198678277874
COSMOS 1867 COOLANT
1 43325U 87060AS  20125.35735882  .00000031  00000-0  48563-4 0  9993
2 43325  65.0097 156.0749 0014321 271.4972  88.4473 14.32199302278275
COSMOS 1867 COOLANT
1 43325U 87060AS  20125.77632430 +.00000028 +00000-0 +47654-4 0  9990
2 43325 065.0097 154.9002 0014320 271.5627 088.3818 14.32199413278333
COSMOS 1867 COOLANT
1 43325U 87060AS  20126.33494492 +.00000021 +00000-0 +44979-4 0  9997
2 43325 065.0096 153.3341 0014323 271.5787 088.3657 14.32199527278417
COSMOS 1867 COOLANT
1 43325U 87060AS  20127.52201353  .00000009  00000-0  40626-4 0  9992
2 43325  65.0096 150.0060 0014340 271.7066  88.2376 14.32199805278584
COSMOS 1867 COOLANT
1 43325U 87060AS  20127.80132376 +.00000006 +00000-0 +39432-4 0  9991
2 43325 065.0096 149.2228 0014344 271.7521 088.1920 14.32199867278627
COSMOS 1867 COOLANT
1 43325U 87060AS  20128.77890953 +.00000005 +00000-0 +39175-4 0  9993
2 43325 065.0096 146.4820 0014354 271.8378 088.1063 14.32200082278761
COSMOS 1867 COOLANT
1 43325U 87060AS  20129.47718502 +.00000009 +00000-0 +40537-4 0  9998
2 43325 065.0096 144.5243 0014354 271.8725 088.0715 14.32200238278862
COSMOS 1867 COOLANT
1 43325U 87060AS  20132.40994110 -.00000019  00000-0  30190-4 0  9992
2 43325  65.0095 136.3017 0014357 272.0897  87.8543 14.32200810279284
COSMOS 1867 COOLANT
1 43325U 87060AS  20132.61942352 -.00000021 +00000-0 +29314-4 0  9995
2 43325 065.0095 135.7143 0014355 272.1010 087.8431 14.32200888279318
COSMOS 1867 COOLANT
1 43325U 87060AS  20134.43493868 -.00000014  00000-0  32008-4 0  9996
2 43325  65.0095 130.6240 0014362 272.2363  87.7077 14.32201219279572
COSMOS 1867 COOLANT
1 43325U 87060AS  20135.41252368 +.00000003 +00000-0 +38420-4 0  9994
2 43325 065.0096 127.8831 0014360 272.3008 087.6432 14.32201405279719
COSMOS 1867 COOLANT
1 43325U 87060AS  20136.45993600  .00000015  00000-0  42916-4 0  9998
2 43325  65.0096 124.9464 0014357 272.3829  87.5612 14.32201621279861
COSMOS 1867 COOLANT
1 43325U 87060AS  20136.66941843 +.00000014 +00000-0 +42505-4 0  9996
2 43325 065.0097 124.3591 0014351 272.4117 087.5324 14.32201661279899
COSMOS 1867 COOLANT
1 43325U 87060AS  20137.36769313 +.00000013 +00000-0 +41907-4 0  9998
2 43325 065.0097 122.4014 0014354 272.4486 087.4955 14.32201808279993
COSMOS 1867 COOLANT
1 43325U 87060AS  20137.64700297 +.00000008 +00000-0 +39979-4 0  9995
2 43325 065.0098 121.6183 0014356 272.4989 087.4452 14.32201864280033
COSMOS 1867 COOLANT
1 43325U 87060AS  20138.20562263 +.00000001 +00000-0 +37471-4 0  9995
2 43325 065.0099 120.0521 0014356 272.5139 087.4302 14.32201977280119
COSMOS 1867 COOLANT
1 43325U 87060AS  20138.69441480 -.00000005 +00000-0 +35346-4 0  9999
2 43325 065.0099 118.6816 0014352 272.5781 087.3660 14.32202080280187
COSMOS 1867 COOLANT
1 43325U 87060AS  20139.67199907 -.00000010 +00000-0 +33387-4 0  9991
2 43325 065.0101 115.9408 0014353 272.6652 087.2790 14.32202282280320
COSMOS 1867 COOLANT
1 43325U 87060AS  20140.37027354 -.00000009 +00000-0 +33993-4 0  9997
2 43325 065.0102 113.9830 0014349 272.6870 087.2572 14.32202408280424
COSMOS 1867 COOLANT
1 43325U 87060AS  20140.64958330 -.00000008 +00000-0 +34204-4 0  9999
2 43325 065.0102 113.1999 0014348 272.7311 087.2131 14.32202465280460
COSMOS 1867 COOLANT
1 43325U 87060AS  20141.34785772 -.00000004  00000-0  35837-4 0  9994
2 43325  65.0103 111.2424 0014342 272.8014  87.1429 14.32202598280565
COSMOS 1867 COOLANT
1 43325U 87060AS  20141.62716742 -.00000005 +00000-0 +35342-4 0  9998
2 43325 065.0104 110.4593 0014345 272.8586 087.0856 14.32202658280606
COSMOS 1867 COOLANT
1 43325U 87060AS  20142.32544167 -.00000006 +00000-0 +34963-4 0  9995
2 43325 065.0105 108.5016 0014340 272.8842 087.0601 14.32202791280702
COSMOS 1867 COOLANT
1 43325U 87060AS  20142.60475131 -.00000009 +00000-0 +33763-4 0  9990
2 43325 065.0106 107.7185 0014336 272.9230 087.0214 14.32202856280744
COSMOS 1867 COOLANT
1 43325U 87060AS  20147.28318709  .00000002  00000-0  37990-4 0  9994
2 43325  65.0112  94.6020 0014315 273.2546  86.6901 14.32203746281416
COSMOS 1867 COOLANT
1 43325U 87060AS  20149.44783546 -.00000001  00000-0  36695-4 0  9990
2 43325  65.0115  88.5332 0014305 273.4127  86.5321 14.32204193281729
COSMOS 1867 COOLANT
1 43325U 87060AS  20150.56507302 -.00000011 +00000-0 +33274-4 0  9990
2 43325 065.0118 085.4010 0014303 273.5034 086.4414 14.32204425281884
COSMOS 1867 COOLANT
1 43325U 87060AS  20152.24092926 -.00000007 +00000-0 +34569-4 0  9991
2 43325 065.0120 080.7028 0014294 273.5902 086.3548 14.32204733282124
COSMOS 1867 COOLANT
1 43325U 87060AS  20153.49782119 -.00000005 +00000-0 +35421-4 0  9995
2 43325 065.0122 077.1791 0014283 273.6813 086.2639 14.32204970282306
COSMOS 1867 COOLANT
1 43325U 87060AS  20154.47540356 -.00000009 +00000-0 +33675-4 0  9992
2 43325 065.0122 074.4385 0014274 273.7341 086.2112 14.32205177282443
COSMOS 1867 COOLANT
1 43325U 87060AS  20154.47540356 -.00000009  00000-0  33675-4 0  9992
2 43325  65.0122  74.4385 0014274 273.7341  86.2112 14.32205177282443
COSMOS 1867 COOLANT
1 43325U 87060AS  20155.38315850 -.00000022 +00000-0 +29018-4 0  9993
2 43325 065.0123 071.8935 0014270 273.7761 086.1692 14.32205337282572
COSMOS 1867 COOLANT
1 43325U 87060AS  20157.47797734 -.00000015 +00000-0 +31520-4 0  9993
2 43325 065.0124 066.0205 0014261 273.9024 086.0430 14.32205740282873
COSMOS 1867 COOLANT
1 43325U 87060AS  20157.47797734 -.00000015  00000-0  31520-4 0  9993
2 43325  65.0124  66.0205 0014261 273.9024  86.0430 14.32205740282873
COSMOS 1867 COOLANT
1 43325U 87060AS  20158.17625028 -.00000003 +00000-0 +35997-4 0  9996
2 43325 065.0124 064.0629 0014249 273.9116 086.0339 14.32205863282974
COSMOS 1867 COOLANT
1 43325U 87060AS  20158.45555937 +.00000002 +00000-0 +38043-4 0  9991
2 43325 065.0125 063.2799 0014250 273.9468 085.9987 14.32205940283015
COSMOS 1867 COOLANT
1 43325U 87060AS  20159.43314125 +.00000011 +00000-0 +41146-4 0  9990
2 43325 065.0125 060.5392 0014240 273.9936 085.9521 14.32206122283155
COSMOS 1867 COOLANT
1 43325U 87060AS  20160.13141392 +.00000012 +00000-0 +41719-4 0  9990
2 43325 065.0125 058.5816 0014229 274.0058 085.9400 14.32206263283250
COSMOS 1867 COOLANT
1 43325U 87060AS  20160.96934085  .00000002  00000-0  38086-4 0  9992
2 43325  65.0126  56.2325 0014233 274.0474  85.8983 14.32206444283377
COSMOS 1867 COOLANT
1 43325U 87060AS  20161.31847710 -.00000006 +00000-0 +34812-4 0  9998
2 43325 065.0126 055.2537 0014236 274.0886 085.8571 14.32206485283425
COSMOS 1867 COOLANT
1 43325U 87060AS  20162.08657673 -.00000011 +00000-0 +33253-4 0  9994
2 43325 065.0126 053.1003 0014243 274.1358 085.8099 14.32206643283536
COSMOS 1867 COOLANT
1 43325U 87060AS  20162.43571290 -.00000012 +00000-0 +32753-4 0  9998
2 43325 065.0126 052.1215 0014246 274.1842 085.7615 14.32206720283585
COSMOS 1867 COOLANT
1 43325U 87060AS  20164.11156654 -.00000005  00000-0  35161-4 0  9996
2 43325  65.0126  47.4232 0014242 274.2472  85.6985 14.32207004283829
COSMOS 1867 COOLANT
1 43325U 87060AS  20164.39087543 -.00000004 +00000-0 +35678-4 0  9998
2 43325 065.0126 046.6402 0014243 274.2841 085.6616 14.32207063283860
COSMOS 1867 COOLANT
1 43325U 87060AS  20165.36845647 -.00000004 +00000-0 +35869-4 0  9995
2 43325 065.0125 043.8995 0014236 274.3225 085.6233 14.32207240284003
COSMOS 1867 COOLANT
1 43325U 87060AS  20165.92707413 -.00000009 +00000-0 +33858-4 0  9996
2 43325 065.0125 042.3334 0014237 274.3272 085.6185 14.32207320284080
COSMOS 1867 COOLANT
1 43325U 87060AS  20166.34603734 -.00000014  00000-0  31886-4 0  9999
2 43325  65.0125  41.1588 0014232 274.3720  85.5738 14.32207401284141
COSMOS 1867 COOLANT
1 43325U 87060AS  20167.39344529 -.00000025 +00000-0 +28012-4 0  9998
2 43325 065.0124 038.2223 0014227 274.4029 085.5430 14.32207568284299
COSMOS 1867 COOLANT
1 43325U 87060AS  20168.37102598 -.00000026  00000-0  27688-4 0  9994
2 43325  65.0124  35.4815 0014232 274.4604  85.4855 14.32207718284433
COSMOS 1867 COOLANT
1 43325U 87060AS  20168.92964350 -.00000021 +00000-0 +29421-4 0  9999
2 43325 065.0123 033.9154 0014234 274.4512 085.4946 14.32207796284517
COSMOS 1867 COOLANT
1 43325U 87060AS  20169.34860665 -.00000015 +00000-0 +31599-4 0  9992
2 43325 065.0123 032.7407 0014234 274.5040 085.4419 14.32207865284570
COSMOS 1867 COOLANT
1 43325U 87060AS  20170.32618724 -.00000003 +00000-0 +36007-4 0  9995
2 43325 065.0123 029.9999 0014230 274.5356 085.4103 14.32208014284713
COSMOS 1867 COOLANT
1 43325U 87060AS  20171.86238491 -.00000004 +00000-0 +35534-4 0  9999
2 43325 065.0122 025.6930 0014226 274.5491 085.3969 14.32208266284937
COSMOS 1867 COOLANT
1 43325U 87060AS  20172.07186639 -.00000006  00000-0  34889-4 0  9993
2 43325  65.0121  25.1057 0014225 274.5658  85.3801 14.32208300284962
COSMOS 1867 COOLANT
1 43325U 87060AS  20173.18910072 -.00000024 +00000-0 +28260-4 0  9998
2 43325 065.0121 021.9733 0014226 274.5938 085.3521 14.32208484285120
COSMOS 1867 COOLANT
1 43325U 87060AS  20173.81754498 -.00000029 +00000-0 +26575-4 0  9998
2 43325 065.0121 020.2114 0014232 274.5839 085.3620 14.32208589285218
COSMOS 1867 COOLANT
1 43325U 87060AS  20174.30633497 -.00000027  00000-0  27099-4 0  9998
2 43325  65.0121  18.8410 0014241 274.6648  85.2810 14.32208675285282
COSMOS 1867 COOLANT
1 43325U 87060AS  20175.56322347 -.00000022 +00000-0 +28904-4 0  9997
2 43325 065.0120 015.3171 0014245 274.6836 085.2622 14.32208860285467
COSMOS 1867 COOLANT
1 43325U 87060AS  20176.26149481 -.00000019 +00000-0 +30147-4 0  9999
2 43325 065.0120 013.3594 0014249 274.7422 085.2035 14.32208941285569
COSMOS 1867 COOLANT
1 43325U 87060AS  20176.82011181 -.00000018  00000-0  30571-4 0  9996
2 43325  65.0119  11.7932 0014251 274.7285  85.2173 14.32209025285641
COSMOS 1867 COOLANT
1 43325U 87060AS  20177.23907451 -.00000020 +00000-0 +29902-4 0  9995
2 43325 065.0119 010.6185 0014251 274.7610 085.1847 14.32209097285704
COSMOS 1867 COOLANT
1 43325U 87060AS  20178.14682699 -.00000032 +00000-0 +25262-4 0  9998
2 43325 065.0118 008.0734 0014255 274.7635 085.1822 14.32209200285838
COSMOS 1867 COOLANT
1 43325U 87060AS  20178.77527095 -.00000038 +00000-0 +23260-4 0  9997
2 43325 065.0118 006.3115 0014261 274.7591 085.1865 14.32209282285927
COSMOS 1867 COOLANT
1 43325U 87060AS  20179.89250463 -.00000037 +00000-0 +23659-4 0  9994
2 43325 065.0118 003.1790 0014272 274.7861 085.1594 14.32209434286089
COSMOS 1867 COOLANT
1 43325U 87060AS  20179.89250463 -.00000037 +00000-0 +23659-4 0  9994
2 43325 065.0118 003.1790 0014272 274.7861 085.1594 14.32209434286089
COSMOS 1867 COOLANT
1 43325U 87060AS  20180.24164015 -.00000033 +00000-0 +24798-4 0  9993
2 43325 065.0118 002.2000 0014280 274.8475 085.0979 14.32209483286130
COSMOS 1867 COOLANT
1 43325U 87060AS  20180.93991118 -.00000023 +00000-0 +28804-4 0  9992
2 43325 065.0118 000.2422 0014286 274.8414 085.1039 14.32209581286233
COSMOS 1867 COOLANT
1 43325U 87060AS  20181.91749054 -.00000010  00000-0  33304-4 0  9998
2 43325  65.0118 357.5013 0014294 274.8854  85.0598 14.32209720286373
COSMOS 1867 COOLANT
1 43325U 87060AS  20182.19679888 -.00000009 +00000-0 +33723-4 0  9999
2 43325 065.0119 356.7182 0014296 274.9147 085.0305 14.32209770286416
COSMOS 1867 COOLANT
1 43325U 87060AS  20182.75541555 -.00000011 +00000-0 +33106-4 0  9998
2 43325 065.0119 355.1520 0014300 274.9064 085.0388 14.32209838286493
COSMOS 1867 COOLANT
1 43325U 87060AS  20183.87264870 -.00000023 +00000-0 +28508-4 0  9997
2 43325 065.0119 352.0196 0014311 274.9598 084.9853 14.32210003286651
COSMOS 1867 COOLANT
1 43325U 87060AS  20184.08212989 -.00000029  00000-0  26374-4 0  9990
2 43325  65.0119 351.4323 0014315 274.9736  84.9714 14.32210031286684
COSMOS 1867 COOLANT
1 43325U 87060AS  20184.92005464 -.00000040 +00000-0 +22555-4 0  9991
2 43325 065.0119 349.0830 0014329 274.9830 084.9619 14.32210144286803
COSMOS 1867 COOLANT
1 43325U 87060AS  20185.19936288 -.00000043 +00000-0 +21202-4 0  9999
2 43325 065.0120 348.2999 0014336 275.0302 084.9146 14.32210180286845
COSMOS 1867 COOLANT
1 43325U 87060AS  20187.15452059 -.00000036  00000-0  23707-4 0  9990
2 43325  65.0120 342.8183 0014369 275.0847  84.8598 14.32210417287125
COSMOS 1867 COOLANT
1 43325U 87060AS  20187.71313706 -.00000031 +00000-0 +25853-4 0  9996
2 43325 065.0121 341.2522 0014376 275.0869 084.8575 14.32210488287200
COSMOS 1867 COOLANT
1 43325U 87060AS  20188.13209936 -.00000031 +00000-0 +25658-4 0  9995
2 43325 065.0121 340.0775 0014380 275.1204 084.8239 14.32210535287262
COSMOS 1867 COOLANT
1 43325U 87060AS  20188.83036986 -.00000030 +00000-0 +26099-4 0  9994
2 43325 065.0121 338.1198 0014384 275.1400 084.8043 14.32210622287362
COSMOS 1867 COOLANT
1 43325U 87060AS  20189.10967798 -.00000032 +00000-0 +25247-4 0  9995
2 43325 065.0121 337.3367 0014389 275.1696 084.7746 14.32210670287400
COSMOS 1867 COOLANT
1 43325U 87060AS  20189.80794834 -.00000037  00000-0  23529-4 0  9997
2 43325  65.0121 335.3790 0014400 275.1688  84.7753 14.32210756287507
COSMOS 1867 COOLANT
1 43325U 87060AS  20190.01742941 -.00000040 +00000-0 +22465-4 0  9996
2 43325 065.0121 334.7917 0014405 275.1911 084.7530 14.32210792287531
COSMOS 1867 COOLANT
1 43325U 87060AS  20190.64587268 -.00000043 +00000-0 +21236-4 0  9992
2 43325 065.0122 333.0298 0014419 275.1882 084.7557 14.32210868287621
COSMOS 1867 COOLANT
1 43325U 87060AS  20191.13466189 -.00000041 +00000-0 +22015-4 0  9999
2 43325 065.0122 331.6593 0014430 275.2424 084.7014 14.32210941287696
COSMOS 1867 COOLANT
1 43325U 87060AS  20192.11224031 -.00000034  00000-0  24643-4 0  9997
2 43325  65.0122 328.9185 0014453 275.2830  84.6606 14.32211051287833
COSMOS 1867 COOLANT
1 43325U 87060AS  20192.81051059 -.00000023 +00000-0 +28716-4 0  9995
2 43325 065.0123 326.9609 0014465 275.2868 084.6566 14.32211144287936
COSMOS 1867 COOLANT
1 43325U 87060AS  20193.64843482 -.00000016 +00000-0 +31169-4 0  9994
2 43325 065.0123 324.6117 0014479 275.3029 084.6404 14.32211259288052
COSMOS 1867 COOLANT
1 43325U 87060AS  20194.76566695 -.00000021  00000-0  29225-4 0  9992
2 43325  65.0123 321.4794 0014496 275.3498  84.5933 14.32211406288215
COSMOS 1867 COOLANT
1 43325U 87060AS  20195.60359086 -.00000037 +00000-0 +23409-4 0  9995
2 43325 065.0123 319.1303 0014512 275.3755 084.5674 14.32211512288333
COSMOS 1867 COOLANT
1 43325U 87060AS  20195.74324486 -.00000038 +00000-0 +23244-4 0  9994
2 43325 065.0123 318.7387 0014515 275.3932 084.5496 14.32211534288358
COSMOS 1867 COOLANT
1 43325U 87060AS  20196.58116872 -.00000049 +00000-0 +18916-4 0  9997
2 43325 065.0123 316.3896 0014539 275.4079 084.5347 14.32211641288473
COSMOS 1867 COOLANT
1 43325U 87060AS  20197.06995766 -.00000052  00000-0  18043-4 0  9993
2 43325  65.0124 315.0192 0014552 275.4657  84.4768 14.32211699288543
COSMOS 1867 COOLANT
1 43325U 87060AS  20198.60615143 -.00000043 +00000-0 +21353-4 0  9990
2 43325 065.0123 310.7125 0014586 275.4817 084.4604 14.32211865288763
COSMOS 1867 COOLANT
1 43325U 87060AS  20199.02511331 -.00000036 +00000-0 +23785-4 0  9994
2 43325 065.0123 309.5379 0014593 275.5292 084.4128 14.32211944288822
COSMOS 1867 COOLANT
1 43325U 87060AS  20199.72338315 -.00000032  00000-0  25357-4 0  9993
2 43325  65.0122 307.5804 0014603 275.5415  84.4005 14.32212016288927
COSMOS 1867 COOLANT
1 43325U 87060AS  20200.56130677 -.00000033 +00000-0 +24992-4 0  9994
2 43325 065.0122 305.2312 0014618 275.5599 084.3818 14.32212137289044
COSMOS 1867 COOLANT
1 43325U 87060AS  20200.98026853 -.00000034 +00000-0 +24542-4 0  9992
2 43325 065.0122 304.0566 0014626 275.6115 084.3301 14.32212214289106
COSMOS 1867 COOLANT
1 43325U 87060AS  20203.98282767 -.00000022  00000-0  29194-4 0  9998
2 43325  65.0120 295.6387 0014699 275.7636  84.1772 14.32212623289530
COSMOS 1867 COOLANT
1 43325U 87060AS  20204.54144323 -.00000014 +00000-0 +32109-4 0  9997
2 43325 065.0119 294.0726 0014713 275.7456 084.1951 14.32212706289615
COSMOS 1867 COOLANT
1 43325U 87060AS  20204.96040488 -.00000009 +00000-0 +33736-4 0  9991
2 43325 065.0119 292.8980 0014721 275.7927 084.1479 14.32212779289676
COSMOS 1867 COOLANT
1 43325U 87060AS  20206.49659733 -.00000019 +00000-0 +30247-4 0  9995
2 43325 065.0117 288.5912 0014748 275.8329 084.1074 14.32212992289899
COSMOS 1867 COOLANT
1 43325U 87060AS  20206.49659733 -.00000019  00000-0  30247-4 0  9995
2 43325  65.0117 288.5912 0014748 275.8329  84.1074 14.32212992289899
COSMOS 1867 COOLANT
1 43325U 87060AS  20207.47417407 -.00000034 +00000-0 +24698-4 0  9994
2 43325 065.0116 285.8505 0014773 275.8786 084.0615 14.32213154290030
COSMOS 1867 COOLANT
1 43325U 87060AS  20208.59140457 -.00000041  00000-0  21916-4 0  9994
2 43325  65.0114 282.7183 0014803 275.9678  83.9719 14.32213336290193
COSMOS 1867 COOLANT
1 43325U 87060AS  20209.56898123 -.00000037 +00000-0 +23559-4 0  9992
2 43325 065.0113 279.9776 0014826 276.0239 083.9156 14.32213480290339
COSMOS 1867 COOLANT
1 43325U 87060AS  20209.63880814 -.00000035 +00000-0 +24080-4 0  9996
2 43325 065.0112 279.7818 0014828 276.0288 083.9106 14.32213492290348
COSMOS 1867 COOLANT
1 43325U 87060AS  20210.47673094 -.00000028 +00000-0 +26957-4 0  9997
2 43325 065.0111 277.4326 0014845 276.0511 083.8882 14.32213609290467
COSMOS 1867 COOLANT
1 43325U 87060AS  20210.61638476 -.00000025  00000-0  27756-4 0  9993
2 43325  65.0110 277.0411 0014845 276.0721  83.8672 14.32213630290483
COSMOS 1867 COOLANT
1 43325U 87060AS  20210.89569231 -.00000023 +00000-0 +28688-4 0  9998
2 43325 065.0110 276.2580 0014849 276.0997 083.8395 14.32213690290523
COSMOS 1867 COOLANT
1 43325U 87060AS  20211.45430740 -.00000021 +00000-0 +29427-4 0  9993
2 43325 065.0109 274.6919 0014862 276.0838 083.8553 14.32213770290602
COSMOS 1867 COOLANT
1 43325U 87060AS  20212.43188367 -.00000021 +00000-0 +29225-4 0  9993
2 43325 065.0107 271.9511 0014882 276.1219 083.8170 14.32213945290748
COSMOS 1867 COOLANT
1 43325U 87060AS  20212.78101804 -.00000025  00000-0  27944-4 0  9992
2 43325  65.0107 270.9722 0014889 276.1585  83.7804 14.32213996290798
COSMOS 1867 COOLANT
1 43325U 87060AS  20214.59651655 -.00000017 +00000-0 +30715-4 0  9998
2 43325 065.0104 265.8821 0014935 276.2528 083.6855 14.32214303291056
COSMOS 1867 COOLANT
1 43325U 87060AS  20215.64391941 -.00000001 +00000-0 +36802-4 0  9990
2 43325 065.0103 262.9454 0014957 276.3117 083.6264 14.32214505291209
COSMOS 1867 COOLANT
1 43325U 87060AS  20217.80855136  .00000002  00000-0  37903-4 0  9994
2 43325  65.0101 256.8764 0014996 276.4337  83.5040 14.32214927291514
COSMOS 1867 COOLANT
1 43325U 87060AS  20218.36716590 -.00000009 +00000-0 +34014-4 0  9994
2 43325 065.0100 255.3103 0015005 276.4381 083.4995 14.32215017291592
COSMOS 1867 COOLANT
1 43325U 87060AS  20218.71629996 -.00000017 +00000-0 +30822-4 0  9998
2 43325 065.0099 254.3314 0015015 276.4828 083.4547 14.32215074291641
COSMOS 1867 COOLANT
1 43325U 87060AS  20219.48439487 -.00000030 +00000-0 +26019-4 0  9995
2 43325 065.0099 252.1779 0015031 276.5144 083.4229 14.32215186291755
COSMOS 1867 COOLANT
1 43325U 87060AS  20220.53179695 -.00000033 +00000-0 +24968-4 0  9999
2 43325 065.0097 249.2412 0015054 276.5809 083.3562 14.32215370291908
COSMOS 1867 COOLANT
1 43325U 87060AS  20220.53179695 -.00000033  00000-0  24968-4 0  9999
2 43325  65.0097 249.2412 0015054 276.5809  83.3562 14.32215370291908
COSMOS 1867 COOLANT
1 43325U 87060AS  20221.78867939 -.00000023 +00000-0 +28844-4 0  9998
2 43325 065.0096 245.7172 0015076 276.6688 083.2681 14.32215578292082
COSMOS 1867 COOLANT
1 43325U 87060AS  20222.34729375 -.00000019 +00000-0 +30297-4 0  9992
2 43325 065.0095 244.1510 0015083 276.6609 083.2759 14.32215657292164
COSMOS 1867 COOLANT
1 43325U 87060AS  20222.76625451 -.00000016  00000-0  31175-4 0  9991
2 43325  65.0095 242.9763 0015088 276.7136  83.2231 14.32215730292225
COSMOS 1867 COOLANT
1 43325U 87060AS  20223.46452238 -.00000016 +00000-0 +31172-4 0  9997
2 43325 065.0094 241.0186 0015095 276.7267 083.2099 14.32215830292320
COSMOS 1867 COOLANT
1 43325U 87060AS  20223.74382947 -.00000018 +00000-0 +30592-4 0  9994
2 43325 065.0094 240.2355 0015098 276.7566 083.1801 14.32215890292364
COSMOS 1867 COOLANT
1 43325U 87060AS  20224.65157754 -.00000024 +00000-0 +28161-4 0  9997
2 43325 065.0094 237.6903 0015115 276.8030 083.1334 14.32216024292495
COSMOS 1867 COOLANT
1 43325U 87060AS  20225.41967202 -.00000024  00000-0  28345-4 0  9993
2 43325  65.0094 235.5367 0015127 276.8421  83.0942 14.32216141292600
COSMOS 1867 COOLANT
1 43325U 87060AS  20226.74638057 -.00000011 +00000-0 +33023-4 0  9998
2 43325 065.0095 231.8168 0015149 276.9515 082.9846 14.32216364292796
COSMOS 1867 COOLANT
1 43325U 87060AS  20227.37482142 -.00000002 +00000-0 +36364-4 0  9991
2 43325 065.0095 230.0548 0015156 276.9663 082.9698 14.32216468292881
COSMOS 1867 COOLANT
1 43325U 87060AS  20227.72395517  .00000002  00000-0  38049-4 0  9990
2 43325  65.0095 229.0759 0015156 277.0030  82.9331 14.32216549292933
COSMOS 1867 COOLANT
1 43325U 87060AS  20228.42222265 +.00000006 +00000-0 +39402-4 0  9995
2 43325 065.0095 227.1181 0015160 277.0263 082.9097 14.32216675293035
COSMOS 1867 COOLANT
1 43325U 87060AS  20229.46962364 -.00000006 +00000-0 +35109-4 0  9992
2 43325 065.0096 224.1814 0015168 277.0925 082.8434 14.32216860293185
COSMOS 1867 COOLANT
1 43325U 87060AS  20231.42477175 -.00000038  00000-0  23293-4 0  9998
2 43325  65.0098 218.6997 0015191 277.2182  82.7175 14.32217172293469
COSMOS 1867 COOLANT
1 43325U 87060AS  20231.70407862 -.00000040 +00000-0 +22304-4 0  9990
2 43325 065.0098 217.9165 0015199 277.2745 082.6612 14.32217208293501
COSMOS 1867 COOLANT
1 43325U 87060AS  20232.40234583 -.00000037 +00000-0 +23423-4 0  9995
2 43325 065.0098 215.9588 0015199 277.3179 082.6178 14.32217301293602
COSMOS 1867 COOLANT
1 43325U 87060AS  20232.68165269 -.00000036 +00000-0 +23961-4 0  9995
2 43325 065.0098 215.1757 0015199 277.3577 082.5780 14.32217344293643
COSMOS 1867 COOLANT
1 43325U 87060AS  20233.65922667 -.00000025  00000-0  27772-4 0  9998
2 43325  65.0099 212.4348 0015206 277.4121  82.5236 14.32217493293781
COSMOS 1867 COOLANT
1 43325U 87060AS  20234.35749374 -.00000021 +00000-0 +29240-4 0  9996
2 43325 065.0099 210.4771 0015207 277.4322 082.5035 14.32217586293884
COSMOS 1867 COOLANT
1 43325U 87060AS  20235.19541407 -.00000023 +00000-0 +28671-4 0  9995
2 43325 065.0099 208.1278 0015213 277.4727 082.4629 14.32217716294004
COSMOS 1867 COOLANT
1 43325U 87060AS  20236.17298767 -.00000026  00000-0  27703-4 0  9990
2 43325  65.0101 205.3870 0015219 277.5367  82.3988 14.32217889294145
COSMOS 1867 COOLANT
1 43325U 87060AS  20236.52212112 -.00000028 +00000-0 +26807-4 0  9995
2 43325 065.0101 204.4081 0015231 277.5673 082.3681 14.32217928294192
COSMOS 1867 COOLANT
1 43325U 87060AS  20237.29021462 -.00000022 +00000-0 +28923-4 0  9991
2 43325 065.0102 202.2546 0015239 277.6053 082.3301 14.32218055294300
COSMOS 1867 COOLANT
1 43325U 87060AS  20237.63934803 -.00000019 +00000-0 +30130-4 0  9990
2 43325 065.0103 201.2757 0015241 277.6448 082.2905 14.32218117294358
COSMOS 1867 COOLANT
1 43325U 87060AS  20239.17553491  .00000000  00000-0  37257-4 0  9997
2 43325  65.0106 196.9688 0015248 277.7064  82.2289 14.32218371294577
COSMOS 1867 COOLANT
1 43325U 87060AS  20239.59449488 +.00000003 +00000-0 +38251-4 0  9991
2 43325 065.0107 195.7941 0015247 277.7571 082.1783 14.32218458294630
COSMOS 1867 COOLANT
1 43325U 87060AS  20241.54964099 -.00000018 +00000-0 +30453-4 0  9992
2 43325 065.0110 190.3128 0015252 277.8653 082.0700 14.32218815294916
COSMOS 1867 COOLANT
1 43325U 87060AS  20241.54964099 -.00000018  00000-0  30453-4 0  9992
2 43325  65.0110 190.3128 0015252 277.8653  82.0700 14.32218815294916
COSMOS 1867 COOLANT
1 43325U 87060AS  20243.22548012 -.00000034 +00000-0 +24576-4 0  9999
2 43325 065.0111 185.6145 0015266 277.9331 082.0021 14.32219109295152
COSMOS 1867 COOLANT
1 43325U 87060AS  20244.55218603 -.00000021 +00000-0 +29236-4 0  9990
2 43325 065.0112 181.8950 0015272 278.0280 081.9072 14.32219350295340
COSMOS 1867 COOLANT
1 43325U 87060AS  20245.11079900 -.00000015 +00000-0 +31590-4 0  9997
2 43325 065.0113 180.3289 0015273 278.0240 081.9111 14.32219438295427
COSMOS 1867 COOLANT
1 43325U 87060AS  20246.50733121 -.00000006 +00000-0 +34791-4 0  9999
2 43325 065.0113 176.4137 0015269 278.1199 081.8153 14.32219707295620
COSMOS 1867 COOLANT
1 43325U 87060AS  20246.50733121 -.00000006  00000-0  34791-4 0  9999
2 43325  65.0113 176.4137 0015269 278.1199  81.8153 14.32219707295620
COSMOS 1867 COOLANT
1 43325U 87060AS  20247.41507690 -.00000009 +00000-0 +33970-4 0  9991
2 43325 065.0113 173.8687 0015271 278.1598 081.7754 14.32219896295756
COSMOS 1867 COOLANT
1 43325U 87060AS  20248.25299596 -.00000009 +00000-0 +33978-4 0  9995
2 43325 065.0114 171.5196 0015272 278.2018 081.7334 14.32220051295878
COSMOS 1867 COOLANT
1 43325U 87060AS  20248.53230229 -.00000008  00000-0  34177-4 0  9995
2 43325  65.0114 170.7365 0015273 278.2295  81.7057 14.32220111295919
COSMOS 1867 COOLANT
1 43325U 87060AS  20249.50987444 +.00000001 +00000-0 +37654-4 0  9996
2 43325 065.0114 167.9958 0015278 278.2795 081.6557 14.32220301296056
COSMOS 1867 COOLANT
1 43325U 87060AS  20250.06848705 +.00000009 +00000-0 +40555-4 0  9997
2 43325 065.0115 166.4297 0015278 278.2749 081.6603 14.32220410296138
COSMOS 1867 COOLANT
1 43325U 87060AS  20250.48744646 +.00000017 +00000-0 +43309-4 0  9991
2 43325 065.0115 165.2551 0015274 278.3217 081.6135 14.32220523296196
COSMOS 1867 COOLANT
1 43325U 87060AS  20251.46501831  .00000021  00000-0  44947-4 0  9991
2 43325  65.0115 162.5145 0015270 278.3638  81.5716 14.32220729296336
COSMOS 1867 COOLANT
1 43325U 87060AS  20252.44258995 +.00000009 +00000-0 +40550-4 0  9992
2 43325 065.0115 159.7739 0015268 278.4087 081.5267 14.32220912296479
COSMOS 1867 COOLANT
1 43325U 87060AS  20253.14085528 -.00000003 +00000-0 +36115-4 0  9997
2 43325 065.0115 157.8163 0015267 278.4256 081.5098 14.32221042296574
COSMOS 1867 COOLANT
1 43325U 87060AS  20253.35033481 -.00000006 +00000-0 +34785-4 0  9995
2 43325 065.0115 157.2290 0015272 278.4418 081.4936 14.32221103296607
COSMOS 1867 COOLANT
1 43325U 87060AS  20254.11842658 -.00000018  00000-0  30488-4 0  9993
2 43325  65.0114 155.0756 0015276 278.4612  81.4742 14.32221230296717
COSMOS 1867 COOLANT
1 43325U 87060AS  20255.44513048 -.00000019 +00000-0 +30113-4 0  9994
2 43325 065.0114 151.3560 0015285 278.5438 081.3914 14.32221465296907
COSMOS 1867 COOLANT
1 43325U 87060AS  20256.42270175 -.00000010  00000-0  33562-4 0  9996
2 43325  65.0112 148.6153 0015290 278.5760  81.3592 14.32221611297047
COSMOS 1867 COOLANT
1 43325U 87060AS  20257.19079340 -.00000004 +00000-0 +35752-4 0  9998
2 43325 065.0111 146.4618 0015290 278.6041 081.3311 14.32221727297150
COSMOS 1867 COOLANT
1 43325U 87060AS  20257.40027289 -.00000004 +00000-0 +35663-4 0  9998
2 43325 065.0111 145.8745 0015294 278.6257 081.3095 14.32221763297189
COSMOS 1867 COOLANT
1 43325U 87060AS  20258.09853787 -.00000003 +00000-0 +36026-4 0  9997
2 43325 065.0110 143.9168 0015296 278.6265 081.3086 14.32221881297289
COSMOS 1867 COOLANT
1 43325U 87060AS  20259.28558814 -.00000010  00000-0  33495-4 0  9997
2 43325  65.0108 140.5887 0015305 278.6757  81.2594 14.32222089297457
COSMOS 1867 COOLANT
1 43325U 87060AS  20259.91402645 -.00000010 +00000-0 +33333-4 0  9998
2 43325 065.0108 138.8267 0015314 278.6807 081.2543 14.32222195297547
COSMOS 1867 COOLANT
1 43325U 87060AS  20261.38038248 +.00000006 +00000-0 +39382-4 0  9990
2 43325 065.0107 134.7155 0015322 278.7630 081.1719 14.32222465297758
COSMOS 1867 COOLANT
1 43325U 87060AS  20261.38038248  .00000006  00000-0  39382-4 0  9990
2 43325  65.0107 134.7155 0015322 278.7630  81.1719 14.32222465297758
COSMOS 1867 COOLANT
1 43325U 87060AS  20262.07864714 +.00000016 +00000-0 +43167-4 0  9999
2 43325 065.0106 132.7578 0015321 278.7661 081.1688 14.32222607297851
COSMOS 1867 COOLANT
1 43325U 87060AS  20262.91656457 +.00000020 +00000-0 +44690-4 0  9992
2 43325 065.0106 130.4085 0015325 278.7746 081.1603 14.32222782297971
COSMOS 1867 COOLANT
1 43325U 87060AS  20264.31309328 -.00000001  00000-0  36975-4 0  9997
2 43325  65.0104 126.4929 0015330 278.8360  81.0988 14.32223043298179
COSMOS 1867 COOLANT
1 43325U 87060AS  20265.22083682 -.00000021 +00000-0 +29311-4 0  9998
2 43325 065.0104 123.9479 0015337 278.8503 081.0845 14.32223176298301
COSMOS 1867 COOLANT
1 43325U 87060AS  20266.33805953 -.00000027  00000-0  27050-4 0  9998
2 43325  65.0103 120.8154 0015352 278.8926  81.0420 14.32223375298469
COSMOS 1867 COOLANT
1 43325U 87060AS  20267.31562936 -.00000019 +00000-0 +29997-4 0  9991
2 43325 065.0101 118.0744 0015362 278.9150 081.0196 14.32223542298604
COSMOS 1867 COOLANT
1 43325U 87060AS  20267.87424064 -.00000010 +00000-0 +33513-4 0  9991
2 43325 065.0101 116.5082 0015367 278.9012 081.0332 14.32223652298686
COSMOS 1867 COOLANT
1 43325U 87060AS  20268.29319905 -.00000001 +00000-0 +36915-4 0  9994
2 43325 065.0100 115.3334 0015367 278.9341 081.0004 14.32223766298746
COSMOS 1867 COOLANT
1 43325U 87060AS  20269.27076857  .00000007  00000-0  39614-4 0  9993
2 43325  65.0099 112.5924 0015373 278.9459  80.9886 14.32223967298888
COSMOS 1867 COOLANT
1 43325U 87060AS  20269.82937963 +.00000007 +00000-0 +39666-4 0  9995
2 43325 065.0099 111.0262 0015380 278.9323 081.0020 14.32224082298965
COSMOS 1867 COOLANT
1 43325U 87060AS  20270.17851150 +.00000007 +00000-0 +39682-4 0  9996
2 43325 065.0098 110.0472 0015383 278.9574 080.9769 14.32224172299012
COSMOS 1867 COOLANT
1 43325U 87060AS  20270.80694882 +.00000005 +00000-0 +38855-4 0  9992
2 43325 065.0098 108.2852 0015393 278.9474 080.9868 14.32224302299108
COSMOS 1867 COOLANT
1 43325U 87060AS  20271.15608067 +.00000008 +00000-0 +39955-4 0  9996
2 43325 065.0098 107.3062 0015398 278.9743 080.9599 14.32224398299156
COSMOS 1867 COOLANT
1 43325U 87060AS  20271.92417066  .00000012  00000-0  41762-4 0  9992
2 43325  65.0098 105.1525 0015412 278.9837  80.9504 14.32224567299263
COSMOS 1867 COOLANT
1 43325U 87060AS  20272.27330244 +.00000024 +00000-0 +46077-4 0  9990
2 43325 065.0098 104.1736 0015418 279.0108 080.9232 14.32224701299319
COSMOS 1867 COOLANT
1 43325U 87060AS  20272.83191327 +.00000028 +00000-0 +47493-4 0  9996
2 43325 065.0098 102.6073 0015428 278.9953 080.9385 14.32224810299391
COSMOS 1867 COOLANT
1 43325U 87060AS  20273.25087135 +.00000037 +00000-0 +50872-4 0  9999
2 43325 065.0099 101.4326 0015433 279.0340 080.8998 14.32224945299453
COSMOS 1867 COOLANT
1 43325U 87060AS  20273.80948210 +.00000038 +00000-0 +51153-4 0  9994
2 43325 065.0099 099.8663 0015439 279.0179 080.9158 14.32225050299539
COSMOS 1867 COOLANT
1 43325U 87060AS  20274.22844008 +.00000041 +00000-0 +52238-4 0  9990
2 43325 065.0099 098.6916 0015444 279.0515 080.8822 14.32225175299598
COSMOS 1867 COOLANT
1 43325U 87060AS  20274.78705064  .00000038  00000-0  51357-4 0  9996
2 43325  65.0099  97.1254 0015449 279.0198  80.9138 14.32225315299675
COSMOS 1867 COOLANT
1 43325U 87060AS  20274.78705064 +.00000038 +00000-0 +51357-4 0  9996
2 43325 065.0099 097.1254 0015449 279.0198 080.9138 14.32225315299675
COSMOS 1867 COOLANT
1 43325U 87060AS  20275.76461895 +.00000020 +00000-0 +44446-4 0  9998
2 43325 065.0100 094.3844 0015464 279.0349 080.8985 14.32225534299815
COSMOS 1867 COOLANT
1 43325U 87060AS  20276.18357674 +.00000011 +00000-0 +41101-4 0  9999
2 43325 065.0100 093.2097 0015471 279.0517 080.8817 14.32225639299874
COSMOS 1867 COOLANT
1 43325U 87060AS  20277.92923403 -.00000009  00000-0  33871-4 0  9994
2 43325  65.0102  88.3151 0015508 279.0450  80.8880 14.32226003300126
COSMOS 1867 COOLANT
1 43325U 87060AS  20279.18610713 -.00000000 +00000-0 +37076-4 0  9993
2 43325 065.0103 084.7909 0015535 279.0829 080.8498 14.32226268300306
COSMOS 1867 COOLANT
1 43325U 87060AS  20279.88436995 +.00000006 +00000-0 +39391-4 0  9995
2 43325 065.0104 082.8331 0015548 279.0767 080.8558 14.32226390300404
COSMOS 1867 COOLANT
1 43325U 87060AS  20280.16367503  .00000009  00000-0  40540-4 0  9997
2 43325  65.0104  82.0499 0015555 279.1008  80.8316 14.32226462300444
COSMOS 1867 COOLANT
1 43325U 87060AS  20281.83950520 +.00000004 +00000-0 +38520-4 0  9999
2 43325 065.0106 077.3511 0015590 279.1165 080.8156 14.32226800300685
COSMOS 1867 COOLANT
1 43325U 87060AS  20282.04898393 +.00000000 +00000-0 +37161-4 0  9998
2 43325 065.0107 076.7638 0015597 279.1265 080.8055 14.32226843300716
COSMOS 1867 COOLANT
1 43325U 87060AS  20282.81707258 -.00000002 +00000-0 +36526-4 0  9999
2 43325 065.0108 074.6102 0015620 279.1208 080.8109 14.32227000300822
COSMOS 1867 COOLANT
1 43325U 87060AS  20282.81707258 -.00000002  00000-0  36526-4 0  9999
2 43325  65.0108  74.6102 0015620 279.1208  80.8109 14.32227000300822
COSMOS 1867 COOLANT
1 43325U 87060AS  20283.16620378 -.00000001 +00000-0 +36604-4 0  9991
2 43325 065.0109 073.6312 0015633 279.1612 080.7704 14.32227075300875
COSMOS 1867 COOLANT
1 43325U 87060AS  20284.14377111 +.00000005 +00000-0 +39014-4 0  9995
2 43325 065.0111 070.8903 0015660 279.1735 080.7578 14.32227263301014
COSMOS 1867 COOLANT
1 43325U 87060AS  20284.70238094 +.00000012 +00000-0 +41559-4 0  9998
2 43325 065.0112 069.3241 0015677 279.1395 080.7916 14.32227377301093
COSMOS 1867 COOLANT
1 43325U 87060AS  20285.12133832 +.00000015 +00000-0 +42594-4 0  9992
2 43325 065.0113 068.1494 0015689 279.1599 080.7711 14.32227454301156
COSMOS 1867 COOLANT
1 43325U 87060AS  20287.63508166 -.00000003 +00000-0 +35902-4 0  9999
2 43325 065.0118 061.1016 0015762 279.1676 080.7625 14.32227967301515
COSMOS 1867 COOLANT
1 43325U 87060AS  20287.98421273 -.00000012 +00000-0 +32829-4 0  9995
2 43325 065.0118 060.1227 0015772 279.2049 080.7252 14.32227996301567
COSMOS 1867 COOLANT
1 43325U 87060AS  20288.61264847 -.00000020 +00000-0 +29659-4 0  9994
2 43325 065.0120 058.3608 0015781 279.2266 080.7034 14.32228097301654
COSMOS 1867 COOLANT
1 43325U 87060AS  20291.05656484 -.00000000  00000-0  37075-4 0  9997
2 43325  65.0124  51.5088 0015850 279.2877  80.6415 14.32228579302007
COSMOS 1867 COOLANT
1 43325U 87060AS  20291.61517420 +.00000006 +00000-0 +39217-4 0  9990
2 43325 065.0124 049.9427 0015862 279.2724 080.6566 14.32228688302085
COSMOS 1867 COOLANT
1 43325U 87060AS  20292.03413118 +.00000007 +00000-0 +39907-4 0  9993
2 43325 065.0125 048.7680 0015874 279.3099 080.6191 14.32228778302144
COSMOS 1867 COOLANT
1 43325U 87060AS  20292.80221889 +.00000005 +00000-0 +39028-4 0  9992
2 43325 065.0126 046.6145 0015898 279.3123 080.6164 14.32228915302257
COSMOS 1867 COOLANT
1 43325U 87060AS  20293.91943713 +.00000001 +00000-0 +37366-4 0  9991
2 43325 065.0128 043.4822 0015932 279.3462 080.5821 14.32229181302414
COSMOS 1867 COOLANT
1 43325U 87060AS  20294.54787233 +.00000002 +00000-0 +38069-4 0  9996
2 43325 065.0129 041.7204 0015955 279.3334 080.5947 14.32229325302502
COSMOS 1867 COOLANT
1 43325U 87060AS  20294.75735075 +.00000006 +00000-0 +39180-4 0  9995
2 43325 065.0130 041.1331 0015960 279.3512 080.5768 14.32229374302531
COSMOS 1867 COOLANT
1 43325U 87060AS  20295.03665526 +.00000006 +00000-0 +39517-4 0  9994
2 43325 065.0130 040.3500 0015972 279.3758 080.5521 14.32229437302576
COSMOS 1867 COOLANT
1 43325U 87060AS  20295.03665526 +.00000006 +00000-0 +39517-4 0  9994
2 43325 065.0130 040.3500 0015972 279.3758 080.5521 14.32229437302576
COSMOS 1867 COOLANT
1 43325U 87060AS  20296.71248221 +.00000032 +00000-0 +49052-4 0  9993
2 43325 065.0132 035.6517 0016019 279.3917 080.5357 14.32229855302811
COSMOS 1867 COOLANT
1 43325U 87060AS  20296.99178663 +.00000034 +00000-0 +49617-4 0  9994
2 43325 065.0133 034.8687 0016028 279.4130 080.5143 14.32229931302851
COSMOS 1867 COOLANT
1 43325U 87060AS  20298.52796063 +.00000031 +00000-0 +48587-4 0  9997
2 43325 065.0134 030.5621 0016068 279.4147 080.5121 14.32230343303075
COSMOS 1867 COOLANT
1 43325U 87060AS  20298.94691707 +.00000023 +00000-0 +45628-4 0  9996
2 43325 065.0134 029.3875 0016081 279.4537 080.4730 14.32230449303139
COSMOS 1867 COOLANT
1 43325U 87060AS  20299.85465594 +.00000013 +00000-0 +41979-4 0  9994
2 43325 065.0134 026.8427 0016111 279.4670 080.4593 14.32230684303268
COSMOS 1867 COOLANT
1 43325U 87060AS  20301.53048140 +.00000014 +00000-0 +42279-4 0  9992
2 43325 065.0134 022.1444 0016168 279.4895 080.4362 14.32231044303509
COSMOS 1867 COOLANT
1 43325U 87060AS  20301.67013348 +.00000021 +00000-0 +44896-4 0  9994
2 43325 065.0134 021.7528 0016166 279.5001 080.4257 14.32231117303521
COSMOS 1867 COOLANT
1 43325U 87060AS  20301.94943768 +.00000023 +00000-0 +45612-4 0  9991
2 43325 065.0134 020.9698 0016177 279.5297 080.3959 14.32231181303562
COSMOS 1867 COOLANT
1 43325U 87060AS  20303.48561044 +.00000043 +00000-0 +52955-4 0  9995
2 43325 065.0134 016.6630 0016220 279.5355 080.3897 14.32231614303780
COSMOS 1867 COOLANT
1 43325U 87060AS  20303.90456653 +.00000046 +00000-0 +53991-4 0  9995
2 43325 065.0133 015.4884 0016231 279.5755 080.3496 14.32231754303840
COSMOS 1867 COOLANT
1 43325U 87060AS  20303.90456653  .00000046  00000-0  53991-4 0  9995
2 43325  65.0133  15.4884 0016231 279.5755  80.3496 14.32231754303840
COSMOS 1867 COOLANT
1 43325U 87060AS  20304.60282658 +.00000040 +00000-0 +51916-4 0  9994
2 43325 065.0133 013.5308 0016257 279.5744 080.3503 14.32231931303943
COSMOS 1867 COOLANT
1 43325U 87060AS  20306.90708412  .00000043  00000-0  53106-4 0  9996
2 43325  65.0131   7.0705 0016336 279.6605  80.2635 14.32232626304279
COSMOS 1867 COOLANT
1 43325U 87060AS  20307.46569188 +.00000047 +00000-0 +54478-4 0  9990
2 43325 065.0131 005.5045 0016353 279.6524 080.2713 14.32232777304351
COSMOS 1867 COOLANT
1 43325U 87060AS  20307.88464769 +.00000050 +00000-0 +55519-4 0  9996
2 43325 065.0130 004.3298 0016367 279.6949 080.2287 14.32232889304410
COSMOS 1867 COOLANT
1 43325U 87060AS  20308.86221112 +.00000047 +00000-0 +54592-4 0  9994
2 43325 065.0129 001.5891 0016394 279.7258 080.1975 14.32233107304552
COSMOS 1867 COOLANT
1 43325U 87060AS  20309.42081866  .00000043  00000-0  53191-4 0  9997
2 43325  65.0129   0.0231 0016411 279.7236  80.1995 14.32233243304632
COSMOS 1867 COOLANT
1 43325U 87060AS  20310.39838159 +.00000032 +00000-0 +48792-4 0  9999
2 43325 065.0127 357.2823 0016447 279.7630 080.1597 14.32233522304774
COSMOS 1867 COOLANT
1 43325U 87060AS  20310.60785935 +.00000030 +00000-0 +48166-4 0  9999
2 43325 065.0127 356.6950 0016457 279.7896 080.1330 14.32233580304806
COSMOS 1867 COOLANT
1 43325U 87060AS  20311.37594439 +.00000022 +00000-0 +45208-4 0  9996
2 43325 065.0126 354.5416 0016481 279.8033 080.1190 14.32233785304913
COSMOS 1867 COOLANT
1 43325U 87060AS  20311.51559623  .00000022  00000-0  45211-4 0  9992
2 43325  65.0125 354.1500 0016485 279.8191  80.1032 14.32233817304934
COSMOS 1867 COOLANT
1 43325U 87060AS  20312.56298483 +.00000020 +00000-0 +44520-4 0  9992
2 43325 065.0124 351.2134 0016524 279.8700 080.0519 14.32234058305088
COSMOS 1867 COOLANT
1 43325U 87060AS  20315.49567207 +.00000047 +00000+0 +54389-4 0  9992
2 43325  65.0118 342.9907 0016591 279.9541  79.9671 14.32234798305508
COSMOS 1867 COOLANT
1 43325U 87060AS  20316.47323400 +.00000036 +00000+0 +50619-4 0  9996
2 43325  65.0117 340.2497 0016619 279.9984  79.9225 14.32235039305643
COSMOS 1867 COOLANT
1 43325U 87060AS  20317.31114404 +.00000029 +00000+0 +48030-4 0  9998
2 43325  65.0116 337.9002 0016649 280.0234  79.8972 14.32235267305765
COSMOS 1867 COOLANT
1 43325U 87060AS  20318.49818320 +.00000031 +00000-0 +48481-4 0  9990
2 43325 065.0115 334.5718 0016682 280.0769 079.8434 14.32235562305931
COSMOS 1867 COOLANT
1 43325U 87060AS  20318.77748649 +.00000031 +00000-0 +48712-4 0  9994
2 43325 065.0115 333.7887 0016693 280.1223 079.7978 14.32235631305970
COSMOS 1867 COOLANT
1 43325U 87060AS  20320.45330604 +.00000037 +00000-0 +50974-4 0  9999
2 43325 065.0113 329.0899 0016717 280.1398 079.7801 14.32236038306214
COSMOS 1867 COOLANT
1 43325U 87060AS  20320.73260920 +.00000036 +00000-0 +50390-4 0  9994
2 43325 065.0113 328.3068 0016721 280.1603 079.7596 14.32236126306251
COSMOS 1867 COOLANT
1 43325U 87060AS  20321.29121551 +.00000028 +00000-0 +47416-4 0  9998
2 43325 065.0113 326.7406 0016731 280.1536 079.7661 14.32236247306331
COSMOS 1867 COOLANT
1 43325U 87060AS  20321.71017016  .00000024  00000-0  45839-4 0  9998
2 43325  65.0112 325.5658 0016739 280.2010  79.7186 14.32236378306395
COSMOS 1867 COOLANT
1 43325U 87060AS  20322.40842789 +.00000014 +00000-0 +42329-4 0  9998
2 43325 065.0112 323.6080 0016755 280.2172 079.7023 14.32236546306498
COSMOS 1867 COOLANT
1 43325U 87060AS  20323.45581442 +.00000008 +00000-0 +40109-4 0  9997
2 43325 065.0111 320.6712 0016778 280.2554 079.6639 14.32236796306641
COSMOS 1867 COOLANT
1 43325U 87060AS  20323.73511748  .00000005  00000-0  39122-4 0  9990
2 43325  65.0111 319.8880 0016791 280.3135  79.6056 14.32236841306686
COSMOS 1867 COOLANT
1 43325U 87060AS  20324.71267815 +.00000016 +00000-0 +43005-4 0  9999
2 43325 065.0111 317.1470 0016812 280.3598 079.5592 14.32237062306825
COSMOS 1867 COOLANT
1 43325U 87060AS  20325.27128416 +.00000029 +00000-0 +47942-4 0  9992
2 43325 065.0110 315.5807 0016821 280.3394 079.5794 14.32237219306901
COSMOS 1867 COOLANT
1 43325U 87060AS  20325.69023867 +.00000033 +00000-0 +49465-4 0  9999
2 43325 065.0110 314.4059 0016827 280.3831 079.5356 14.32237312306964
COSMOS 1867 COOLANT
1 43325U 87060AS  20326.38849606  .00000042  00000-0  52730-4 0  9992
2 43325  65.0110 312.4481 0016836 280.3886  79.5301 14.32237495307065
COSMOS 1867 COOLANT
1 43325U 87060AS  20326.66779895 +.00000042 +00000-0 +52830-4 0  9996
2 43325 065.0110 311.6649 0016841 280.4142 079.5044 14.32237581307109
COSMOS 1867 COOLANT
1 43325U 87060AS  20328.20396448 +.00000038 +00000-0 +51332-4 0  9998
2 43325 065.0111 307.3576 0016868 280.4381 079.4803 14.32238056307329
COSMOS 1867 COOLANT
1 43325U 87060AS  20329.67030397 +.00000035 +00000-0 +50103-4 0  9990
2 43325 065.0112 303.2461 0016900 280.5044 079.4137 14.32238482307538
COSMOS 1867 COOLANT
1 43325U 87060AS  20330.22890941 +.00000037 +00000-0 +50988-4 0  9995
2 43325 065.0112 301.6799 0016910 280.5100 079.4080 14.32238635307614
COSMOS 1867 COOLANT
1 43325U 87060AS  20330.64786342 +.00000044 +00000-0 +53465-4 0  9991
2 43325 065.0112 300.5052 0016914 280.5571 079.3608 14.32238795307678
COSMOS 1867 COOLANT
1 43325U 87060AS  20331.34612002  .00000055  00000-0  57295-4 0  9997
2 43325  65.0112 298.5474 0016920 280.5653  79.3525 14.32239044307777
COSMOS 1867 COOLANT
1 43325U 87060AS  20331.62542264 +.00000051 +00000-0 +55937-4 0  9997
2 43325 065.0113 297.7643 0016923 280.5987 079.3192 14.32239113307812
COSMOS 1867 COOLANT
1 43325U 87060AS  20332.18402774 +.00000052 +00000-0 +56411-4 0  9999
2 43325 065.0113 296.1981 0016927 280.5738 079.3440 14.32239307307897
COSMOS 1867 COOLANT
1 43325U 87060AS  20332.60298151 +.00000055 +00000-0 +57535-4 0  9999
2 43325 065.0113 295.0234 0016930 280.6168 079.3010 14.32239492307953
COSMOS 1867 COOLANT
1 43325U 87060AS  20333.51071457  .00000040  00000-0  51878-4 0  9996
2 43325  65.0113 292.4783 0016942 280.6450  79.2727 14.32239761308088
COSMOS 1867 COOLANT
1 43325U 87060AS  20334.13914500 +.00000039 +00000-0 +51668-4 0  9995
2 43325 065.0113 290.7163 0016957 280.6422 079.2753 14.32239997308176
COSMOS 1867 COOLANT
1 43325U 87060AS  20334.62792421 +.00000038 +00000-0 +51084-4 0  9996
2 43325 065.0114 289.3458 0016967 280.6857 079.2317 14.32240162308241
COSMOS 1867 COOLANT
1 43325U 87060AS  20335.32618018 +.00000044 +00000-0 +53346-4 0  9993
2 43325 065.0114 287.3881 0016977 280.7118 079.2055 14.32240397308341
COSMOS 1867 COOLANT
1 43325U 87060AS  20335.60548250  .00000053  00000-0  56798-4 0  9998
2 43325  65.0114 286.6050 0016982 280.7396  79.1777 14.32240541308380
COSMOS 1867 COOLANT
1 43325U 87060AS  20336.30373835 +.00000067 +00000-0 +61895-4 0  9990
2 43325 065.0114 284.6472 0016990 280.7431 079.1741 14.32240785308487
COSMOS 1867 COOLANT
1 43325U 87060AS  20336.58304065  .00000073  00000-0  64014-4 0  9992
2 43325  65.0114 283.8641 0016993 280.7762  79.1410 14.32240897308528
COSMOS 1867 COOLANT
1 43325U 87060AS  20337.56059853  .00000086  00000-0  68978-4 0  9990
2 43325  65.0115 281.1232 0016998 280.8018  79.1154 14.32241253308663
COSMOS 1867 COOLANT
1 43325U 87060AS  20338.53815614  .00000079  00000-0  66367-4 0  9995
2 43325  65.0115 278.3824 0017004 280.8332  79.0838 14.32241555308805
COSMOS 1867 COOLANT
1 43325U 87060AS  20338.53815614  .00000079  00000-0  66367-4 0  9995
2 43325  65.0115 278.3824 0017004 280.8332  79.0838 14.32241555308805
COSMOS 1867 COOLANT
1 43325U 87060AS  20339.09676031  .00000075  00000-0  64696-4 0  9994
2 43325  65.0115 276.8162 0017011 280.8232  79.0938 14.32241755308881
COSMOS 1867 COOLANT
1 43325U 87060AS  20339.44588792  .00000066  00000-0  61561-4 0  9997
2 43325  65.0116 275.8373 0017017 280.8522  79.0647 14.32241850308932
COSMOS 1867 COOLANT
1 43325U 87060AS  20340.07431748 +.00000059 +00000-0 +58805-4 0  9995
2 43325 065.0116 274.0754 0017024 280.8476 079.0693 14.32242059309026
COSMOS 1867 COOLANT
1 43325U 87060AS  20340.56309602  .00000057  00000-0  58100-4 0  9998
2 43325  65.0116 272.7049 0017032 280.8933  79.0236 14.32242227309092
COSMOS 1867 COOLANT
1 43325U 87060AS  20340.56309602  .00000057  00000-0  58100-4 0  9998
2 43325  65.0116 272.7049 0017032 280.8933  79.0236 14.32242227309092
COSMOS 1867 COOLANT
1 43325U 87060AS  20341.12169998  .00000054  00000-0  57222-4 0  9994
2 43325  65.0117 271.1388 0017040 280.8833  79.0334 14.32242398309177
COSMOS 1867 COOLANT
1 43325U 87060AS  20341.54065294  .00000055  00000-0  57638-4 0  9996
2 43325  65.0117 269.9641 0017044 280.9244  78.9923 14.32242536309238
COSMOS 1867 COOLANT
1 43325U 87060AS  20341.54065294 +.00000055 +00000-0 +57638-4 0  9996
2 43325 065.0117 269.9641 0017044 280.9244 078.9923 14.32242536309238
COSMOS 1867 COOLANT
1 43325U 87060AS  20342.23890781  .00000055  00000-0  57629-4 0  9990
2 43325  65.0117 268.0065 0017051 280.9277  78.9890 14.32242725309336
COSMOS 1867 COOLANT
1 43325U 87060AS  20342.51820971 +.00000055 +00000-0 +57454-4 0  9991
2 43325 065.0117 267.2234 0017054 280.9454 078.9712 14.32242810309377
COSMOS 1867 COOLANT
1 43325U 87060AS  20346.14913289  .00000027  00000-0  47203-4 0  9999
2 43325  65.0114 257.0435 0017084 281.0160  78.9003 14.32243857309895
COSMOS 1867 COOLANT
1 43325U 87060AS  20346.14913289  .00000027  00000-0  47203-4 0  9999
2 43325  65.0114 257.0435 0017084 281.0160  78.9003 14.32243857309895
COSMOS 1867 COOLANT
1 43325U 87060AS  20346.49826002 +.00000019 +00000-0 +44129-4 0  9998
2 43325 065.0114 256.0646 0017092 281.0435 078.8728 14.32243902309942
COSMOS 1867 COOLANT
1 43325U 87060AS  20347.05686343  .00000017  00000-0  43233-4 0  9996
2 43325  65.0113 254.4984 0017098 281.0070  78.9092 14.32243987310028
COSMOS 1867 COOLANT
1 43325U 87060AS  20347.47581596 +.00000023 +00000-0 +45567-4 0  9995
2 43325 065.0113 253.3237 0017102 281.0471 078.8691 14.32244102310088
COSMOS 1867 COOLANT
1 43325U 87060AS  20348.10424474  .00000031  00000-0  48571-4 0  9994
2 43325  65.0112 251.5618 0017108 281.0484  78.8677 14.32244229310174
COSMOS 1867 COOLANT
1 43325U 87060AS  20348.45337176  .00000036  00000-0  50594-4 0  9997
2 43325  65.0112 250.5830 0017113 281.0636  78.8524 14.32244324310227
COSMOS 1867 COOLANT
1 43325U 87060AS  20348.45337176  .00000036  00000-0  50594-4 0  9997
2 43325  65.0112 250.5830 0017113 281.0636  78.8524 14.32244324310227
COSMOS 1867 COOLANT
1 43325U 87060AS  20349.43092735  .00000044  00000-0  53509-4 0  9993
2 43325  65.0111 247.8422 0017114 281.0856  78.8304 14.32244570310361
COSMOS 1867 COOLANT
1 43325U 87060AS  20349.98953042  .00000044  00000-0  53240-4 0  9992
2 43325  65.0111 246.2760 0017115 281.0678  78.8482 14.32244708310441
COSMOS 1867 COOLANT
1 43325U 87060AS  20352.15411671  .00000020  00000-0  44613-4 0  9990
2 43325  65.0110 240.2071 0017139 281.1143  78.8014 14.32245220310758
COSMOS 1867 COOLANT
1 43325U 87060AS  20352.43341811  .00000018  00000-0  43699-4 0  9999
2 43325  65.0110 239.4240 0017143 281.1340  78.7817 14.32245284310794
COSMOS 1867 COOLANT
1 43325U 87060AS  20353.13167158  .00000019  00000-0  44123-4 0  9991
2 43325  65.0109 237.4663 0017152 281.1225  78.7931 14.32245446310899
COSMOS 1867 COOLANT
1 43325U 87060AS  20353.41097295  .00000019  00000-0  44004-4 0  9994
2 43325  65.0109 236.6832 0017156 281.1421  78.7735 14.32245511310930
COSMOS 1867 COOLANT
1 43325U 87060AS  20354.38852767  .00000021  00000-0  44833-4 0  9997
2 43325  65.0108 233.9425 0017161 281.1651  78.7504 14.32245738311079
COSMOS 1867 COOLANT
1 43325U 87060AS  20354.38852767  .00000021  00000-0  44833-4 0  9997
2 43325  65.0108 233.9425 0017161 281.1651  78.7504 14.32245738311079
COSMOS 1867 COOLANT
1 43325U 87060AS  20355.36608216  .00000017  00000-0  43388-4 0  9993
2 43325  65.0106 231.2017 0017162 281.1737  78.7418 14.32245971311210
COSMOS 1867 COOLANT
1 43325U 87060AS  20356.34363640  .00000005  00000-0  39143-4 0  9992
2 43325  65.0104 228.4609 0017173 281.1820  78.7334 14.32246205311351
COSMOS 1867 COOLANT
1 43325U 87060AS  20357.11171468 -.00000003  00000-0  36159-4 0  9996
2 43325  65.0103 226.3075 0017180 281.1746  78.7407 14.32246362311466
COSMOS 1867 COOLANT
1 43325U 87060AS  20357.39101584  .00000001  00000-0  37675-4 0  9999
2 43325  65.0103 225.5244 0017187 281.1888  78.7264 14.32246461311505
COSMOS 1867 COOLANT
1 43325U 87060AS  20358.36856989  .00000009  00000-0  40503-4 0  9995
2 43325  65.0101 222.7835 0017202 281.1996  78.7155 14.32246692311646
COSMOS 1867 COOLANT
1 43325U 87060AS  20359.34612380  .00000026  00000-0  46859-4 0  9998
2 43325  65.0100 220.0427 0017223 281.2037  78.7112 14.32246936311782
COSMOS 1867 COOLANT
1 43325U 87060AS  20360.32367757  .00000044  00000-0  53310-4 0  9993
2 43325  65.0099 217.3019 0017226 281.2122  78.7026 14.32247199311925
COSMOS 1867 COOLANT
1 43325U 87060AS  20360.88227957  .00000049  00000-0  55264-4 0  9996
2 43325  65.0098 215.7357 0017234 281.1750  78.7397 14.32247352312008
COSMOS 1867 COOLANT
1 43325U 87060AS  20361.85983287  .00000045  00000-0  53777-4 0  9992
2 43325  65.0097 212.9948 0017252 281.1737  78.7408 14.32247620312143
COSMOS 1867 COOLANT
1 43325U 87060AS  20361.85983287  .00000045  00000-0  53777-4 0  9992
2 43325  65.0097 212.9948 0017252 281.1737  78.7408 14.32247620312143
COSMOS 1867 COOLANT
1 43325U 87060AS  20361.99948333  .00000045  00000-0  53754-4 0  9995
2 43325  65.0097 212.6032 0017253 281.1932  78.7213 14.32247663312165
COSMOS 1867 COOLANT
1 43325U 87060AS  20362.83738593  .00000035  00000-0  50044-4 0  9992
2 43325  65.0097 210.2539 0017272 281.1833  78.7310 14.32247899312284
COSMOS 1867 COOLANT
1 43325U 87060AS  20364.30371526  .00000031  00000-0  48536-4 0  9994
2 43325  65.0096 206.1425 0017302 281.2142  78.6997 14.32248314312495
COSMOS 1867 COOLANT
1 43325U 87060AS  20364.30371526  .00000031  00000-0  48536-4 0  9994
2 43325  65.0096 206.1425 0017302 281.2142  78.6997 14.32248314312495
COSMOS 1867 COOLANT
1 43325U 87060AS  20365.28126794  .00000035  00000-0  50168-4 0  9995
2 43325  65.0096 203.4016 0017314 281.2139  78.6999 14.32248591312635
COSMOS 1867 COOLANT
1 43325U 87060AS  20366.25882027  .00000040  00000-0  51876-4 0  9994
2 43325  65.0096 200.6607 0017314 281.2171  78.6967 14.32248926312778
COSMOS 1867 COOLANT
1 43325U 87060AS  20366.81742140  .00000037  00000-0  50988-4 0  9996
2 43325  65.0095 199.0945 0017337 281.1628  78.7508 14.32249114312855
COSMOS 1867 COOLANT
1 43325U 87060AS  20366.81742140  .00000037  00000-0  50988-4 0  9996
2 43325  65.0095 199.0945 0017337 281.1628  78.7508 14.32249114312855
COSMOS 1867 COOLANT
1 43325U 87060AS  21001.79497330  .00000023  00000-0  45538-4 0  9998
2 43325  65.0094 196.3535 0017363 281.1471  78.7661 14.32249403312990
COSMOS 1867 COOLANT
1 43325U 87060AS  21002.21392408  .00000013  00000-0  41846-4 0  9993
2 43325  65.0094 195.1788 0017368 281.1766  78.7366 14.32249509313056
COSMOS 1867 COOLANT
1 43325U 87060AS  21002.77252496  .00000010  00000-0  40649-4 0  9993
2 43325  65.0093 193.6126 0017403 281.1556  78.7572 14.32249699313139
COSMOS 1867 COOLANT
1 43325U 87060AS  21003.26130084  .00000006  00000-0  39279-4 0  9998
2 43325  65.0093 192.2422 0017415 281.1873  78.7254 14.32249823313202
COSMOS 1867 COOLANT
1 43325U 87060AS  21003.26130084  .00000006  00000-0  39279-4 0  9998
2 43325  65.0093 192.2422 0017415 281.1873  78.7254 14.32249823313202
COSMOS 1867 COOLANT
1 43325U 87060AS  21004.23885251  .00000014  00000-0  42254-4 0  9995
2 43325  65.0093 189.5012 0017438 281.1768  78.7356 14.32250082313341
COSMOS 1867 COOLANT
1 43325U 87060AS  21005.49570432  .00000041  00000-0  52256-4 0  9999
2 43325  65.0092 185.9770 0017453 281.1311  78.7811 14.32250498313529
COSMOS 1867 COOLANT
1 43325U 87060AS  21005.49570432  .00000041  00000-0  52256-4 0  9999
2 43325  65.0092 185.9770 0017453 281.1311  78.7811 14.32250498313529
COSMOS 1867 COOLANT
1 43325U 87060AS  21006.75255592  .00000056  00000-0  57884-4 0  9994
2 43325  65.0095 182.4531 0017478 281.1169  78.7950 14.32250870313705
COSMOS 1867 COOLANT
1 43325U 87060AS  21007.73010697  .00000040  00000-0  51804-4 0  9997
2 43325  65.0096 179.7121 0017493 281.1027  78.8090 14.32251055313847
COSMOS 1867 COOLANT
1 43325U 87060AS  21007.73010697  .00000040  00000-0  51804-4 0  9997
2 43325  65.0096 179.7121 0017493 281.1027  78.8090 14.32251055313847
COSMOS 1867 COOLANT
1 43325U 87060AS  21008.70765783  .00000025  00000-0  46252-4 0  9992
2 43325  65.0097 176.9711 0017514 281.0935  78.8181 14.32251259313985
COSMOS 1867 COOLANT
1 43325U 87060AS  21009.19643317  .00000022  00000-0  45288-4 0  9999
2 43325  65.0098 175.6006 0017530 281.1156  78.7958 14.32251386314054
COSMOS 1867 COOLANT
1 43325U 87060AS  21009.75503347  .00000022  00000-0  45361-4 0  9991
2 43325  65.0095 174.0341 0017528 281.0639  78.8475 14.32251522314134
COSMOS 1867 COOLANT
1 43325U 87060AS  21009.75503347  .00000022  00000-0  45361-4 0  9991
2 43325  65.0095 174.0341 0017528 281.0639  78.8475 14.32251522314134
COSMOS 1867 COOLANT
1 43325U 87060AS  21010.17398378  .00000019  00000-0  44269-4 0  9997
2 43325  65.0098 172.8596 0017605 281.0353  78.8752 14.32251569314199
COSMOS 1867 COOLANT
1 43325U 87060AS  21010.73258421  .00000018  00000-0  43889-4 0  9999
2 43325  65.0099 171.2935 0017600 281.0315  78.8790 14.32251657314272
COSMOS 1867 COOLANT
1 43325U 87060AS  21011.15153439  .00000018  00000-0  43615-4 0  9996
2 43325  65.0098 170.1188 0017652 281.0233  78.8866 14.32251733314331
COSMOS 1867 COOLANT
1 43325U 87060AS  21011.71013482  .00000012  00000-0  41596-4 0  9991
2 43325  65.0099 168.5527 0017635 281.0219  78.8882 14.32251788314412
COSMOS 1867 COOLANT
1 43325U 87060AS  21012.12908486  .00000014  00000-0  42351-4 0  9996
2 43325  65.0099 167.3779 0017662 281.0269  78.8829 14.32251926314474
COSMOS 1867 COOLANT
1 43325U 87060AS  21012.68768522 -.00000002  00000-0  36368-4 0  9991
2 43325  65.0102 165.8119 0017643 281.0126  78.8974 14.32251930314556
COSMOS 1867 COOLANT
1 43325U 87060AS  21014.15401040 -.00000024  00000-0  28268-4 0  9998
2 43325  65.0104 161.7007 0017691 281.0154  78.8940 14.32252223314765
COSMOS 1867 COOLANT
1 43325U 87060AS  21014.15401040 -.00000024  00000-0  28268-4 0  9998
2 43325  65.0104 161.7007 0017691 281.0154  78.8940 14.32252223314765
COSMOS 1867 COOLANT
1 43325U 87060AS  21017.08666049  .00000008  00000-0  40055-4 0  9994
2 43325  65.0108 153.4782 0017765 280.9758  78.9328 14.32252787315180
COSMOS 1867 COOLANT
1 43325U 87060AS  21017.08666049  .00000008  00000-0  40055-4 0  9994
2 43325  65.0108 153.4782 0017765 280.9758  78.9328 14.32252787315180
COSMOS 1867 COOLANT
1 43325U 87060AS  21017.64526031  .00000018  00000-0  43606-4 0  9998
2 43325  65.0110 151.9121 0017804 280.9346  78.9735 14.32252922315262
COSMOS 1867 COOLANT
1 43325U 87060AS  21018.06421019  .00000018  00000-0  43777-4 0  9994
2 43325  65.0110 150.7374 0017818 280.9516  78.9564 14.32252998315323
COSMOS 1867 COOLANT
1 43325U 87060AS  21018.62280992  .00000018  00000-0  43914-4 0  9992
2 43325  65.0111 149.1713 0017837 280.9169  78.9908 14.32253125315402
COSMOS 1867 COOLANT
1 43325U 87060AS  21019.60035932  .00000008  00000-0  39971-4 0  9990
2 43325  65.0111 146.4304 0017868 280.9008  79.0066 14.32253324315547
COSMOS 1867 COOLANT
1 43325U 87060AS  21019.60035932  .00000008  00000-0  39971-4 0  9990
2 43325  65.0111 146.4304 0017868 280.9008  79.0066 14.32253324315547
COSMOS 1867 COOLANT
1 43325U 87060AS  21020.08913397  .00000003  00000-0  38271-4 0  9991
2 43325  65.0112 145.0600 0017897 280.9250  78.9821 14.32253425315610
COSMOS 1867 COOLANT
1 43325U 87060AS  21021.06668320  .00000004  00000-0  38481-4 0  9997
2 43325  65.0114 142.3193 0017934 280.9119  78.9948 14.32253653315753
COSMOS 1867 COOLANT
1 43325U 87060AS  21021.62528279  .00000001  00000-0  37535-4 0  9993
2 43325  65.0114 140.7532 0017948 280.8720  79.0345 14.32253721315832
COSMOS 1867 COOLANT
1 43325U 87060AS  21021.62528279  .00000001  00000-0  37535-4 0  9993
2 43325  65.0114 140.7532 0017948 280.8720  79.0345 14.32253721315832
COSMOS 1867 COOLANT
1 43325U 87060AS  21022.60283181  .00000008  00000-0  39899-4 0  9994
2 43325  65.0115 138.0123 0017974 280.8552  79.0510 14.32253950315974
COSMOS 1867 COOLANT
1 43325U 87060AS  21023.58038062  .00000011  00000-0  41321-4 0  9995
2 43325  65.0115 135.2716 0017997 280.8364  79.0695 14.32254207316114
COSMOS 1867 COOLANT
1 43325U 87060AS  21023.99933006  .00000007  00000-0  39621-4 0  9997
2 43325  65.0115 134.0969 0018007 280.8565  79.0493 14.32254304316177
COSMOS 1867 COOLANT
1 43325U 87060AS  21024.55792925  .00000002  00000-0  37825-4 0  9992
2 43325  65.0115 132.5308 0018025 280.8158  79.0897 14.32254431316253
COSMOS 1867 COOLANT
1 43325U 87060AS  21025.53547771 -.00000009  00000-0  33835-4 0  9993
2 43325  65.0115 129.7900 0018066 280.8008  79.1043 14.32254645316394
COSMOS 1867 COOLANT
1 43325U 87060AS  21027.00180028  .00000002  00000-0  37713-4 0  9996
2 43325  65.0115 125.6787 0018123 280.8090  79.0955 14.32255005316603
COSMOS 1867 COOLANT
1 43325U 87060AS  21027.00180028  .00000002  00000-0  37713-4 0  9996
2 43325  65.0115 125.6787 0018123 280.8090  79.0955 14.32255005316603
COSMOS 1867 COOLANT
1 43325U 87060AS  21028.53794750  .00000036  00000-0  50455-4 0  9993
2 43325  65.0115 121.3717 0018177 280.7600  79.1438 14.32255404316828
COSMOS 1867 COOLANT
1 43325U 87060AS  21028.95689668  .00000035  00000-0  50023-4 0  9990
2 43325  65.0115 120.1971 0018185 280.7754  79.1284 14.32255479316883
COSMOS 1867 COOLANT
1 43325U 87060AS  21029.51549549  .00000037  00000-0  50629-4 0  9990
2 43325  65.0115 118.6309 0018202 280.7412  79.1623 14.32255606316969
COSMOS 1867 COOLANT
1 43325U 87060AS  21029.51549549  .00000037  00000-0  50629-4 0  9990
2 43325  65.0115 118.6309 0018202 280.7412  79.1623 14.32255606316969
COSMOS 1867 COOLANT
1 43325U 87060AS  21030.49304321  .00000028  00000-0  47479-4 0  9995
2 43325  65.0115 115.8900 0018233 280.7273  79.1759 14.32255832317102
COSMOS 1867 COOLANT
1 43325U 87060AS  21032.72743748  .00000009  00000-0  40504-4 0  9994
2 43325  65.0116 109.6254 0018325 280.7177  79.1845 14.32256323317428
COSMOS 1867 COOLANT
1 43325U 87060AS  21033.56533518  .00000028  00000-0  47467-4 0  9995
2 43325  65.0115 107.2760 0018346 280.6913  79.2106 14.32256579317540
COSMOS 1867 COOLANT
1 43325U 87060AS  21033.63516000  .00000028  00000-0  47619-4 0  9999
2 43325  65.0115 107.0802 0018348 280.6906  79.2113 14.32256592317553
COSMOS 1867 COOLANT
1 43325U 87060AS  21034.61270719  .00000020  00000-0  44407-4 0  9996
2 43325  65.0114 104.3393 0018382 280.6815  79.2199 14.32256730317697
COSMOS 1867 COOLANT
1 43325U 87060AS  21034.89200626  .00000020  00000-0  44685-4 0  9994
2 43325  65.0115 103.5563 0018374 280.6769  79.2247 14.32256851317730
COSMOS 1867 COOLANT
1 43325U 87060AS  21034.89200626  .00000020  00000-0  44685-4 0  9994
2 43325  65.0115 103.5563 0018374 280.6769  79.2247 14.32256851317730
COSMOS 1867 COOLANT
1 43325U 87060AS  21035.45060447  .00000021  00000-0  44973-4 0  9993
2 43325  65.0115 101.9901 0018391 280.6412  79.2602 14.32257004317817
COSMOS 1867 COOLANT
1 43325U 87060AS  21036.42815118  .00000003  00000-0  38295-4 0  9994
2 43325  65.0114  99.2491 0018422 280.6279  79.2731 14.32257203317954
COSMOS 1867 COOLANT
1 43325U 87060AS  21037.54534735 -.00000015  00000-0  31614-4 0  9993
2 43325  65.0113  96.1166 0018459 280.6221  79.2785 14.32257385318114
COSMOS 1867 COOLANT
1 43325U 87060AS  21037.54534735 -.00000015  00000-0  31614-4 0  9993
2 43325  65.0113  96.1166 0018459 280.6221  79.2785 14.32257385318114
COSMOS 1867 COOLANT
1 43325U 87060AS  21038.52289392  .00000003  00000-0  38070-4 0  9997
2 43325  65.0112  93.3756 0018494 280.6094  79.2908 14.32257645318255
COSMOS 1867 COOLANT
1 43325U 87060AS  21039.43061569  .00000008  00000-0  39935-4 0  9998
2 43325  65.0112  90.8303 0018515 280.5782  79.3217 14.32257783318383
COSMOS 1867 COOLANT
1 43325U 87060AS  21040.40816207  .00000020  00000-0  44479-4 0  9997
2 43325  65.0111  88.0893 0018537 280.5611  79.3385 14.32257980318521
COSMOS 1867 COOLANT
1 43325U 87060AS  21040.40816207  .00000020  00000-0  44479-4 0  9997
2 43325  65.0111  88.0893 0018537 280.5611  79.3385 14.32257980318521
COSMOS 1867 COOLANT
1 43325U 87060AS  21041.38570822  .00000021  00000-0  44754-4 0  9992
2 43325  65.0111  85.3483 0018563 280.5535  79.3458 14.32258184318663
COSMOS 1867 COOLANT
1 43325U 87060AS  21042.36325417  .00000010  00000-0  40761-4 0  9991
2 43325  65.0110  82.6073 0018593 280.5485  79.3505 14.32258382318803
COSMOS 1867 COOLANT
1 43325U 87060AS  21043.34079992 -.00000000  00000-0  37076-4 0  9999
2 43325  65.0110  79.8662 0018634 280.5610  79.3375 14.32258593318945
COSMOS 1867 COOLANT
1 43325U 87060AS  21043.55027412 -.00000002  00000-0  36359-4 0  9997
2 43325  65.0110  79.2790 0018648 280.5722  79.3262 14.32258601318978
COSMOS 1867 COOLANT
1 43325U 87060AS  21044.45799517  .00000001  00000-0  37573-4 0  9996
2 43325  65.0111  76.7337 0018665 280.5511  79.3471 14.32258793319103
COSMOS 1867 COOLANT
1 43325U 87060AS  21044.80711859  .00000007  00000-0  39826-4 0  9997
2 43325  65.0110  75.7547 0018687 280.5846  79.3134 14.32258896319154
COSMOS 1867 COOLANT
1 43325U 87060AS  21045.50536550  .00000005  00000-0  38903-4 0  9991
2 43325  65.0110  73.7968 0018700 280.5520  79.3458 14.32258979319256
COSMOS 1867 COOLANT
1 43325U 87060AS  21045.50536550  .00000005  00000-0  38903-4 0  9991
2 43325  65.0110  73.7968 0018700 280.5520  79.3458 14.32258979319256
COSMOS 1867 COOLANT
1 43325U 87060AS  21046.34326158  .00000005  00000-0  39127-4 0  9994
2 43325  65.0110  71.4473 0018717 280.5254  79.3722 14.32259156319379
COSMOS 1867 COOLANT
1 43325U 87060AS  21047.53028083 -.00000004  00000-0  35683-4 0  9995
2 43325  65.0109  68.1189 0018741 280.5225  79.3748 14.32259398319544
COSMOS 1867 COOLANT
1 43325U 87060AS  21047.53028083 -.00000004  00000-0  35683-4 0  9995
2 43325  65.0109  68.1189 0018741 280.5225  79.3748 14.32259398319544
COSMOS 1867 COOLANT
1 43325U 87060AS  21048.29835194 -.00000015  00000-0  31529-4 0  9995
2 43325  65.0110  65.9653 0018767 280.5129  79.3842 14.32259556319651
COSMOS 1867 COOLANT
1 43325U 87060AS  21048.78712444 -.00000015  00000-0  31510-4 0  9991
2 43325  65.0110  64.5946 0018793 280.5623  79.3345 14.32259675319727
COSMOS 1867 COOLANT
1 43325U 87060AS  21050.74221432  .00000001  00000-0  37492-4 0  9991
2 43325  65.0110  59.1123 0018842 280.5239  79.3723 14.32260081320008
COSMOS 1867 COOLANT
1 43325U 87060AS  21051.30081136  .00000009  00000-0  40282-4 0  9998
2 43325  65.0110  57.5460 0018865 280.4954  79.4005 14.32260182320086
COSMOS 1867 COOLANT
1 43325U 87060AS  21052.27835605  .00000024  00000-0  46003-4 0  9997
2 43325  65.0111  54.8049 0018879 280.4963  79.3994 14.32260439320222
COSMOS 1867 COOLANT
1 43325U 87060AS  21052.69730364  .00000028  00000-0  47289-4 0  9990
2 43325  65.0111  53.6302 0018883 280.5260  79.3698 14.32260580320281
COSMOS 1867 COOLANT
1 43325U 87060AS  21053.25590044  .00000027  00000-0  46904-4 0  9994
2 43325  65.0112  52.0639 0018888 280.5004  79.3952 14.32260720320367
COSMOS 1867 COOLANT
1 43325U 87060AS  21053.25590044  .00000027  00000-0  46904-4 0  9994
2 43325  65.0112  52.0639 0018888 280.5004  79.3952 14.32260720320367
COSMOS 1867 COOLANT
1 43325U 87060AS  21053.60502343  .00000020  00000-0  44506-4 0  9997
2 43325  65.0112  51.0849 0018897 280.5074  79.3882 14.32260785320415
COSMOS 1867 COOLANT
1 43325U 87060AS  21054.37309389  .00000013  00000-0  42094-4 0  9999
2 43325  65.0114  48.9313 0018907 280.4672  79.4282 14.32260965320520
COSMOS 1867 COOLANT
1 43325U 87060AS  21055.42046252  .00000013  00000-0  42006-4 0  9996
2 43325  65.0115  45.9946 0018926 280.4360  79.4591 14.32261249320670
COSMOS 1867 COOLANT
1 43325U 87060AS  21055.42046252  .00000013  00000-0  42006-4 0  9996
2 43325  65.0115  45.9946 0018926 280.4360  79.4591 14.32261249320670
COSMOS 1867 COOLANT
1 43325U 87060AS  21055.69976081  .00000014  00000-0  42390-4 0  9994
2 43325  65.0116  45.2113 0018936 280.4732  79.4219 14.32261317320712
COSMOS 1867 COOLANT
1 43325U 87060AS  21056.25835737  .00000021  00000-0  44840-4 0  9999
2 43325  65.0116  43.6451 0018946 280.4541  79.4409 14.32261463320799
COSMOS 1867 COOLANT
1 43325U 87060AS  21057.65484832  .00000034  00000-0  49564-4 0  9992
2 43325  65.0119  39.7295 0018954 280.4351  79.4597 14.32261911320990
COSMOS 1867 COOLANT
1 43325U 87060AS  21057.65484832  .00000034  00000-0  49564-4 0  9992
2 43325  65.0119  39.7295 0018954 280.4351  79.4597 14.32261911320990
COSMOS 1867 COOLANT
1 43325U 87060AS  21058.21344467  .00000026  00000-0  46611-4 0  9995
2 43325  65.0119  38.1633 0018960 280.4264  79.4684 14.32262008321074
COSMOS 1867 COOLANT
1 43325U 87060AS  21058.63239187  .00000017  00000-0  43215-4 0  9990
2 43325  65.0120  36.9885 0018966 280.4452  79.4495 14.32262088321131
COSMOS 1867 COOLANT
1 43325U 87060AS  21059.54011077 -.00000002  00000-0  36345-4 0  9998
2 43325  65.0121  34.4434 0018975 280.4314  79.4632 14.32262246321265
COSMOS 1867 COOLANT
1 43325U 87060AS  21060.37800500 -.00000009  00000-0  33936-4 0  9998
2 43325  65.0122  32.0940 0018987 280.4143  79.4802 14.32262426321387
COSMOS 1867 COOLANT
1 43325U 87060AS  21060.37800500 -.00000009  00000-0  33936-4 0  9998
2 43325  65.0122  32.0940 0018987 280.4143  79.4802 14.32262426321387
COSMOS 1867 COOLANT
1 43325U 87060AS  21060.65730304 -.00000005  00000-0  35181-4 0  9993
2 43325  65.0123  31.3108 0018993 280.4325  79.4619 14.32262514321424
COSMOS 1867 COOLANT
1 43325U 87060AS  21061.63484619  .00000006  00000-0  39450-4 0  9990
2 43325  65.0124  28.5699 0019007 280.4251  79.4691 14.32262759321569
COSMOS 1867 COOLANT
1 43325U 87060AS  21062.33309124  .00000025  00000-0  46235-4 0  9995
2 43325  65.0125  26.6120 0019012 280.3865  79.5077 14.32262957321664
COSMOS 1867 COOLANT
1 43325U 87060AS  21062.61238922  .00000033  00000-0  49258-4 0  9990
2 43325  65.0126  25.8289 0019013 280.4021  79.4921 14.32263059321704
COSMOS 1867 COOLANT
1 43325U 87060AS  21062.61238922  .00000033  00000-0  49258-4 0  9990
2 43325  65.0126  25.8289 0019013 280.4021  79.4921 14.32263059321704
COSMOS 1867 COOLANT
1 43325U 87060AS  21063.17098516  .00000039  00000-0  51481-4 0  9992
2 43325  65.0126  24.2627 0019015 280.3615  79.5326 14.32263187321783
COSMOS 1867 COOLANT
1 43325U 87060AS  21063.58993202  .00000047  00000-0  54346-4 0  9995
2 43325  65.0127  23.0880 0019016 280.3781  79.5161 14.32263340321842
COSMOS 1867 COOLANT
1 43325U 87060AS  21064.56747463  .00000037  00000-0  50740-4 0  9993
2 43325  65.0129  20.3471 0019017 280.3596  79.5345 14.32263555321982
COSMOS 1867 COOLANT
1 43325U 87060AS  21065.12607029  .00000029  00000-0  47690-4 0  9990
2 43325  65.0130  18.7810 0019022 280.3257  79.5683 14.32263685322061
COSMOS 1867 COOLANT
1 43325U 87060AS  21065.47519258  .00000022  00000-0  45196-4 0  9996
2 43325  65.0130  17.8021 0019028 280.3336  79.5603 14.32263761322112
COSMOS 1867 COOLANT
1 43325U 87060AS  21066.24326150  .00000015  00000-0  42809-4 0  9999
2 43325  65.0132  15.6487 0019037 280.3095  79.5843 14.32263953322229
COSMOS 1867 COOLANT
1 43325U 87060AS  21066.59238371  .00000010  00000-0  40968-4 0  9993
2 43325  65.0132  14.6697 0019044 280.3243  79.5695 14.32264024322274
COSMOS 1867 COOLANT
1 43325U 87060AS  21067.15097924  .00000008  00000-0  40180-4 0  9996
2 43325  65.0133  13.1036 0019055 280.2907  79.6030 14.32264139322354
COSMOS 1867 COOLANT
1 43325U 87060AS  21067.29062812  .00000012  00000-0  41415-4 0  9996
2 43325  65.0133  12.7121 0019051 280.2998  79.5939 14.32264191322377
COSMOS 1867 COOLANT
1 43325U 87060AS  21067.56992585  .00000014  00000-0  42441-4 0  9997
2 43325  65.0133  11.9290 0019054 280.3115  79.5821 14.32264275322418
COSMOS 1867 COOLANT
1 43325U 87060AS  21068.54746781  .00000027  00000-0  46897-4 0  9994
2 43325  65.0134   9.1882 0019062 280.2877  79.6058 14.32264555322557
COSMOS 1867 COOLANT
1 43325U 87060AS  21069.52500966  .00000028  00000-0  47279-4 0  9992
2 43325  65.0134   6.4475 0019062 280.2629  79.6306 14.32264780322691
COSMOS 1867 COOLANT
1 43325U 87060AS  21069.52500966  .00000028  00000-0  47279-4 0  9992
2 43325  65.0134   6.4475 0019062 280.2629  79.6306 14.32264780322691
COSMOS 1867 COOLANT
1 43325U 87060AS  21070.08360492  .00000022  00000-0  45343-4 0  9997
2 43325  65.0134   4.8814 0019061 280.2299  79.6636 14.32264888322776
COSMOS 1867 COOLANT
1 43325U 87060AS  21071.20079522  .00000011  00000-0  41020-4 0  9999
2 43325  65.0135   1.7491 0019069 280.2094  79.6840 14.32265138322939
COSMOS 1867 COOLANT
1 43325U 87060AS  21071.41026837  .00000006  00000-0  39327-4 0  9994
2 43325  65.0135   1.1618 0019073 280.2110  79.6823 14.32265180322969
COSMOS 1867 COOLANT
1 43325U 87060AS  21072.03868778  .00000007  00000-0  39539-4 0  9997
2 43325  65.0135 359.3999 0019085 280.1701  79.7231 14.32265343323053
COSMOS 1867 COOLANT
1 43325U 87060AS  21072.24816093  .00000013  00000-0  41880-4 0  9992
2 43325  65.0135 358.8126 0019085 280.1764  79.7168 14.32265419323084
COSMOS 1867 COOLANT
1 43325U 87060AS  21073.50499960  .00000040  00000-0  51805-4 0  9990
2 43325  65.0135 355.2887 0019096 280.1553  79.7378 14.32265822323268
COSMOS 1867 COOLANT
1 43325U 87060AS  21074.06359449  .00000049  00000-0  55111-4 0  9992
2 43325  65.0135 353.7226 0019098 280.1081  79.7849 14.32265966323347
COSMOS 1867 COOLANT
1 43325U 87060AS  21074.48254061  .00000059  00000-0  58745-4 0  9999
2 43325  65.0135 352.5480 0019093 280.1191  79.7740 14.32266119323401
COSMOS 1867 COOLANT
1 43325U 87060AS  21075.46008136  .00000059  00000-0  58777-4 0  9993
2 43325  65.0134 349.8072 0019097 280.0846  79.8084 14.32266377323549
COSMOS 1867 COOLANT
1 43325U 87060AS  21076.43762182  .00000047  00000-0  54549-4 0  9999
2 43325  65.0133 347.0665 0019099 280.0495  79.8435 14.32266654323681
COSMOS 1867 COOLANT
1 43325U 87060AS  21076.43762182  .00000047  00000-0  54549-4 0  9999
2 43325  65.0133 347.0665 0019099 280.0495  79.8435 14.32266654323681
COSMOS 1867 COOLANT
1 43325U 87060AS  21076.99621628  .00000036  00000-0  50424-4 0  9995
2 43325  65.0133 345.5004 0019101 280.0077  79.8852 14.32266786323769
COSMOS 1867 COOLANT
1 43325U 87060AS  21078.46252655  .00000021  00000-0  44756-4 0  9994
2 43325  65.0132 341.3892 0019121 279.9868  79.9059 14.32267148323970
COSMOS 1867 COOLANT
1 43325U 87060AS  21078.46252655  .00000021  00000-0  44756-4 0  9994
2 43325  65.0132 341.3892 0019121 279.9868  79.9059 14.32267148323970
COSMOS 1867 COOLANT
1 43325U 87060AS  21079.44006659  .00000026  00000-0  46794-4 0  9993
2 43325  65.0131 338.6485 0019131 279.9476  79.9450 14.32267392324115
COSMOS 1867 COOLANT
1 43325U 87060AS  21082.37268537  .00000043  00000-0  52928-4 0  9999
2 43325  65.0125 330.4261 0019133 279.8086  80.0839 14.32268278324532
COSMOS 1867 COOLANT
1 43325U 87060AS  21082.37268537  .00000043  00000-0  52928-4 0  9999
2 43325  65.0125 330.4261 0019133 279.8086  80.0839 14.32268278324532
COSMOS 1867 COOLANT
1 43325U 87060AS  21082.93127915  .00000042  00000-0  52587-4 0  9995
2 43325  65.0124 328.8599 0019145 279.7603  80.1320 14.32268453324613
COSMOS 1867 COOLANT
1 43325U 87060AS  21083.42004871  .00000041  00000-0  52167-4 0  9998
2 43325  65.0123 327.4894 0019151 279.7625  80.1297 14.32268591324689
COSMOS 1867 COOLANT
1 43325U 87060AS  21084.11829086  .00000046  00000-0  54078-4 0  9996
2 43325  65.0121 325.5316 0019157 279.7211  80.1710 14.32268798324782
COSMOS 1867 COOLANT
1 43325U 87060AS  21085.93372003  .00000074  00000-0  64435-4 0  9998
2 43325  65.0118 320.4412 0019167 279.6177  80.2742 14.32269375325048
COSMOS 1867 COOLANT
1 43325U 87060AS  21085.93372003  .00000074  00000-0  64435-4 0  9998
2 43325  65.0118 320.4412 0019167 279.6177  80.2742 14.32269375325048
COSMOS 1867 COOLANT
1 43325U 87060AS  21086.35266511  .00000075  00000-0  64920-4 0  9991
2 43325  65.0117 319.2665 0019167 279.6191  80.2728 14.32269503325103
COSMOS 1867 COOLANT
1 43325U 87060AS  21086.91125846  .00000073  00000-0  63946-4 0  9993
2 43325  65.0116 317.7002 0019175 279.5782  80.3136 14.32269652325181
COSMOS 1867 COOLANT
1 43325U 87060AS  21087.33020342  .00000066  00000-0  61541-4 0  9996
2 43325  65.0115 316.5255 0019177 279.5792  80.3126 14.32269767325243
COSMOS 1867 COOLANT
1 43325U 87060AS  21088.23791729  .00000048  00000-0  54699-4 0  9996
2 43325  65.0114 313.9802 0019185 279.5274  80.3643 14.32270015325371
COSMOS 1867 COOLANT
1 43325U 87060AS  21088.23791729  .00000048  00000-0  54699-4 0  9996
2 43325  65.0114 313.9802 0019185 279.5274  80.3643 14.32270015325371
COSMOS 1867 COOLANT
1 43325U 87060AS  21089.07580689  .00000034  00000-0  49675-4 0  9993
2 43325  65.0112 311.6308 0019197 279.4794  80.4121 14.32270233325491
COSMOS 1867 COOLANT
1 43325U 87060AS  21090.33264112  .00000028  00000-0  47411-4 0  9993
2 43325  65.0110 308.1066 0019215 279.4307  80.4605 14.32270568325670
COSMOS 1867 COOLANT
1 43325U 87060AS  21090.33264112  .00000028  00000-0  47411-4 0  9993
2 43325  65.0110 308.1066 0019215 279.4307  80.4605 14.32270568325670
COSMOS 1867 COOLANT
1 43325U 87060AS  21091.86877156  .00000042  00000-0  52437-4 0  9990
2 43325  65.0107 303.7992 0019227 279.3196  80.5715 14.32270986325894
COSMOS 1867 COOLANT
1 43325U 87060AS  21092.28771616  .00000041  00000-0  52323-4 0  9994
2 43325  65.0106 302.6245 0019226 279.3095  80.5816 14.32271090325955
COSMOS 1867 COOLANT
1 43325U 87060AS  21093.82384590  .00000031  00000-0  48620-4 0  9990
2 43325  65.0104 298.3170 0019246 279.2028  80.6880 14.32271475326172
COSMOS 1867 COOLANT
1 43325U 87060AS  21093.82384590  .00000031  00000-0  48620-4 0  9990
2 43325  65.0104 298.3170 0019246 279.2028  80.6880 14.32271475326172
COSMOS 1867 COOLANT
1 43325U 87060AS  21094.94103094  .00000022  00000-0  45366-4 0  9996
2 43325  65.0102 295.1842 0019262 279.1419  80.7486 14.32271726326332
COSMOS 1867 COOLANT
1 43325U 87060AS  21095.98839176  .00000031  00000-0  48412-4 0  9993
2 43325  65.0102 292.2472 0019280 279.0781  80.8122 14.32271997326484
COSMOS 1867 COOLANT
1 43325U 87060AS  21095.98839176  .00000031  00000-0  48412-4 0  9993
2 43325  65.0102 292.2472 0019280 279.0781  80.8122 14.32271997326484
COSMOS 1867 COOLANT
1 43325U 87060AS  21097.52452066  .00000046  00000-0  54101-4 0  9992
2 43325  65.0101 287.9397 0019295 278.9642  80.9258 14.32272403326709
COSMOS 1867 COOLANT
1 43325U 87060AS  21099.75888890  .00000024  00000-0  45940-4 0  9994
2 43325  65.0101 281.6742 0019331 278.8203  81.0693 14.32272956327021
COSMOS 1867 COOLANT
1 43325U 87060AS  21099.75888890  .00000024  00000-0  45940-4 0  9994
2 43325  65.0101 281.6742 0019331 278.8203  81.0693 14.32272956327021
COSMOS 1867 COOLANT
1 43325U 87060AS  21100.10800888  .00000016  00000-0  42929-4 0  9992
2 43325  65.0101 280.6952 0019334 278.7712  81.1183 14.32273027327070
COSMOS 1867 COOLANT
1 43325U 87060AS  21100.73642473  .00000007  00000-0  39743-4 0  9995
2 43325  65.0101 278.9331 0019348 278.7053  81.1840 14.32273171327164
COSMOS 1867 COOLANT
1 43325U 87060AS  21101.22519261  .00000005  00000-0  39032-4 0  9997
2 43325  65.0101 277.5625 0019362 278.7003  81.1888 14.32273287327234
COSMOS 1867 COOLANT
1 43325U 87060AS  21101.78378444  .00000007  00000-0  39742-4 0  9994
2 43325  65.0101 275.9962 0019375 278.6429  81.2461 14.32273417327317
COSMOS 1867 COOLANT
1 43325U 87060AS  21101.85360846  .00000001  00000-0  37602-4 0  9996
2 43325  65.0101 275.8004 0019374 278.6393  81.2497 14.32273387327328
COSMOS 1867 COOLANT
1 43325U 87060AS  21102.20272834  .00000006  00000-0  39360-4 0  9993
2 43325  65.0101 274.8214 0019380 278.6322  81.2567 14.32273489327375
COSMOS 1867 COOLANT
1 43325U 87060AS  21103.18026391  .00000013  00000-0  41775-4 0  9997
2 43325  65.0101 272.0803 0019396 278.5595  81.3292 14.32273707327512
COSMOS 1867 COOLANT
1 43325U 87060AS  21105.69392596  .00000009  00000-0  40547-4 0  9999
2 43325  65.0102 265.0318 0019447 278.3632  81.5248 14.32274292327875
COSMOS 1867 COOLANT
1 43325U 87060AS  21105.83357386  .00000005  00000-0  38930-4 0  9992
2 43325  65.0102 264.6402 0019450 278.3650  81.5229 14.32274291327898
COSMOS 1867 COOLANT
1 43325U 87060AS  21106.18269349  .00000005  00000-0  39083-4 0  9992
2 43325  65.0103 263.6613 0019457 278.3596  81.5283 14.32274391327945
COSMOS 1867 COOLANT
1 43325U 87060AS  21106.81110881  .00000008  00000-0  40131-4 0  9997
2 43325  65.0104 261.8992 0019474 278.2978  81.5898 14.32274538328034
COSMOS 1867 COOLANT
1 43325U 87060AS  21107.16022839  .00000014  00000-0  42331-4 0  9992
2 43325  65.0104 260.9202 0019484 278.2915  81.5961 14.32274649328089
COSMOS 1867 COOLANT
1 43325U 87060AS  21107.71881971  .00000025  00000-0  46398-4 0  9992
2 43325  65.0105 259.3539 0019496 278.2600  81.6274 14.32274813328169
COSMOS 1867 COOLANT
1 43325U 87060AS  21107.71881971  .00000025  00000-0  46398-4 0  9992
2 43325  65.0105 259.3539 0019496 278.2600  81.6274 14.32274813328169
COSMOS 1867 COOLANT
1 43325U 87060AS  21108.83600212  .00000055  00000-0  57367-4 0  9994
2 43325  65.0106 256.2213 0019516 278.1863  81.7008 14.32275213328327
COSMOS 1867 COOLANT
1 43325U 87060AS  21109.11529766  .00000056  00000-0  57785-4 0  9995
2 43325  65.0107 255.4381 0019521 278.1843  81.7027 14.32275301328362
COSMOS 1867 COOLANT
1 43325U 87060AS  21109.88336025  .00000066  00000-0  61484-4 0  9995
2 43325  65.0108 253.2845 0019536 278.1204  81.7665 14.32275599328470
COSMOS 1867 COOLANT
1 43325U 87060AS  21109.88336025  .00000066  00000-0  61484-4 0  9995
2 43325  65.0108 253.2845 0019536 278.1204  81.7665 14.32275599328470
COSMOS 1867 COOLANT
1 43325U 87060AS  21110.65142266  .00000057  00000-0  58045-4 0  9993
2 43325  65.0109 251.1309 0019555 278.0549  81.8317 14.32275845328586
COSMOS 1867 COOLANT
1 43325U 87060AS  21111.07036571  .00000048  00000-0  54980-4 0  9995
2 43325  65.0109 249.9561 0019561 278.0531  81.8334 14.32275986328641
COSMOS 1867 COOLANT
1 43325U 87060AS  21111.62895639  .00000037  00000-0  50676-4 0  9990
2 43325  65.0110 248.3899 0019579 277.9921  81.8942 14.32276149328726
COSMOS 1867 COOLANT
1 43325U 87060AS  21112.11772319  .00000031  00000-0  48655-4 0  9992
2 43325  65.0110 247.0194 0019594 277.9872  81.8989 14.32276315328795
COSMOS 1867 COOLANT
1 43325U 87060AS  21112.11772319  .00000031  00000-0  48655-4 0  9992
2 43325  65.0110 247.0194 0019594 277.9872  81.8989 14.32276315328795
COSMOS 1867 COOLANT
1 43325U 87060AS  21113.09525675  .00000022  00000-0  45247-4 0  9995
2 43325  65.0111 244.2785 0019621 277.9295  81.9562 14.32276582328931
COSMOS 1867 COOLANT
1 43325U 87060AS  21114.07279018  .00000024  00000-0  46004-4 0  9995
2 43325  65.0112 241.5376 0019645 277.8675  82.0180 14.32276851329078
COSMOS 1867 COOLANT
1 43325U 87060AS  21114.63138063  .00000029  00000-0  47808-4 0  9999
2 43325  65.0112 239.9714 0019658 277.7955  82.0898 14.32277011329153
COSMOS 1867 COOLANT
1 43325U 87060AS  21114.63138063  .00000029  00000-0  47808-4 0  9999
2 43325  65.0112 239.9714 0019658 277.7955  82.0898 14.32277011329153
COSMOS 1867 COOLANT
1 43325U 87060AS  21115.05032342  .00000034  00000-0  49759-4 0  9992
2 43325  65.0112 238.7967 0019664 277.7878  82.0974 14.32277159329216
COSMOS 1867 COOLANT
1 43325U 87060AS  21115.60891374  .00000039  00000-0  51592-4 0  9994
2 43325  65.0112 237.2305 0019675 277.7305  82.1546 14.32277338329296
COSMOS 1867 COOLANT
1 43325U 87060AS  21116.58644656  .00000044  00000-0  53418-4 0  9996
2 43325  65.0112 234.4896 0019695 277.6810  82.2038 14.32277690329436
COSMOS 1867 COOLANT
1 43325U 87060AS  21116.79591789  .00000042  00000-0  52741-4 0  9993
2 43325  65.0112 233.9023 0019702 277.6709  82.2138 14.32277738329465
COSMOS 1867 COOLANT
1 43325U 87060AS  21116.79591789  .00000042  00000-0  52741-4 0  9993
2 43325  65.0112 233.9023 0019702 277.6709  82.2138 14.32277738329465
COSMOS 1867 COOLANT
1 43325U 87060AS  21117.56397924  .00000034  00000-0  49765-4 0  9997
2 43325  65.0113 231.7487 0019726 277.6119  82.2726 14.32277939329575
COSMOS 1867 COOLANT
1 43325U 87060AS  21118.82080676  .00000045  00000-0  53885-4 0  9990
2 43325  65.0113 228.2247 0019761 277.5514  82.3326 14.32278325329754
COSMOS 1867 COOLANT
1 43325U 87060AS  21118.82080676  .00000045  00000-0  53885-4 0  9990
2 43325  65.0113 228.2247 0019761 277.5514  82.3326 14.32278325329754
COSMOS 1867 COOLANT
1 43325U 87060AS  21119.72851540  .00000054  00000-0  56920-4 0  9999
2 43325  65.0114 225.6796 0019785 277.4907  82.3930 14.32278556329887
COSMOS 1867 COOLANT
1 43325U 87060AS  21120.56640010  .00000060  00000-0  59084-4 0  9992
2 43325  65.0115 223.3304 0019806 277.4189  82.4645 14.32278794330008
COSMOS 1867 COOLANT
1 43325U 87060AS  21120.70604756  .00000062  00000-0  59862-4 0  9991
2 43325  65.0115 222.9388 0019805 277.4185  82.4650 14.32278841330021
COSMOS 1867 COOLANT
1 43325U 87060AS  21121.54393201  .00000057  00000-0  58133-4 0  9998
2 43325  65.0115 220.5895 0019824 277.3538  82.5294 14.32279089330143
COSMOS 1867 COOLANT
1 43325U 87060AS  21121.68357942  .00000056  00000-0  57774-4 0  9994
2 43325  65.0115 220.1980 0019826 277.3521  82.5311 14.32279128330164
COSMOS 1867 COOLANT
1 43325U 87060AS  21121.68357942  .00000056  00000-0  57774-4 0  9994
2 43325  65.0115 220.1980 0019826 277.3521  82.5311 14.32279128330164
COSMOS 1867 COOLANT
1 43325U 87060AS  21122.52146361  .00000041  00000-0  52325-4 0  9990
2 43325  65.0116 217.8487 0019847 277.2923  82.5906 14.32279380330281
COSMOS 1867 COOLANT
1 43325U 87060AS  21122.87058199  .00000032  00000-0  48955-4 0  9993
2 43325  65.0116 216.8698 0019856 277.2890  82.5938 14.32279476330334
COSMOS 1867 COOLANT
1 43325U 87060AS  21123.01022934  .00000030  00000-0  48190-4 0  9997
2 43325  65.0116 216.4783 0019861 277.2879  82.5948 14.32279512330352
COSMOS 1867 COOLANT
1 43325U 87060AS  21123.98776072  .00000015  00000-0  42466-4 0  9995
2 43325  65.0115 213.7375 0019889 277.2325  82.6499 14.32279752330497
COSMOS 1867 COOLANT
1 43325U 87060AS  21123.98776072  .00000015  00000-0  42466-4 0  9995
2 43325  65.0115 213.7375 0019889 277.2325  82.6499 14.32279752330497
COSMOS 1867 COOLANT
1 43325U 87060AS  21124.61617370  .00000011  00000-0  41238-4 0  9993
2 43325  65.0115 211.9755 0019909 277.1786  82.7035 14.32279893330585
COSMOS 1867 COOLANT
1 43325U 87060AS  21126.50141241  .00000018  00000-0  43657-4 0  9996
2 43325  65.0113 206.6898 0019953 277.0541  82.8274 14.32280310330851
COSMOS 1867 COOLANT
1 43325U 87060AS  21126.50141241  .00000018  00000-0  43657-4 0  9996
2 43325  65.0113 206.6898 0019953 277.0541  82.8274 14.32280310330851
COSMOS 1867 COOLANT
1 43325U 87060AS  21126.64105972  .00000019  00000-0  43960-4 0  9990
2 43325  65.0112 206.2982 0019954 277.0516  82.8299 14.32280339330873
COSMOS 1867 COOLANT
1 43325U 87060AS  21127.47894334  .00000017  00000-0  43395-4 0  9999
2 43325  65.0111 203.9489 0019973 276.9910  82.8903 14.32280530330993
COSMOS 1867 COOLANT
1 43325U 87060AS  21127.89788509  .00000014  00000-0  42108-4 0  9999
2 43325  65.0111 202.7742 0019982 276.9876  82.8936 14.32280630331058
COSMOS 1867 COOLANT
1 43325U 87060AS  21128.59612132  .00000009  00000-0  40415-4 0  9998
2 43325  65.0110 200.8165 0019999 276.9335  82.9475 14.32280770331158
COSMOS 1867 COOLANT
1 43325U 87060AS  21128.59612132  .00000009  00000-0  40415-4 0  9998
2 43325  65.0110 200.8165 0019999 276.9335  82.9475 14.32280770331158
COSMOS 1867 COOLANT
1 43325U 87060AS  21129.64347556  .00000008  00000-0  39970-4 0  9993
2 43325  65.0109 197.8799 0020029 276.8754  83.0052 14.32280983331300
COSMOS 1867 COOLANT
1 43325U 87060AS  21130.48135884  .00000018  00000-0  43564-4 0  9991
2 43325  65.0108 195.5306 0020057 276.8239  83.0563 14.32281176331422
COSMOS 1867 COOLANT
1 43325U 87060AS  21130.62100608  .00000021  00000-0  44852-4 0  9998
2 43325  65.0108 195.1390 0020058 276.8276  83.0527 14.32281209331442
COSMOS 1867 COOLANT
1 43325U 87060AS  21130.90030049  .00000025  00000-0  46431-4 0  9999
2 43325  65.0108 194.3559 0020066 276.8255  83.0547 14.32281280331481
COSMOS 1867 COOLANT
1 43325U 87060AS  21131.59853648  .00000037  00000-0  50763-4 0  9999
2 43325  65.0107 192.3981 0020079 276.7744  83.1056 14.32281445331583
COSMOS 1867 COOLANT
1 43325U 87060AS  21132.57606660  .00000054  00000-0  56902-4 0  9998
2 43325  65.0106 189.6573 0020097 276.7137  83.1661 14.32281757331728
COSMOS 1867 COOLANT
1 43325U 87060AS  21133.55359637  .00000044  00000-0  53395-4 0  9998
2 43325  65.0105 186.9164 0020119 276.6557  83.2238 14.32282033331867
COSMOS 1867 COOLANT
1 43325U 87060AS  21134.53112589  .00000024  00000-0  46043-4 0  9990
2 43325  65.0104 184.1755 0020143 276.6034  83.2758 14.32282292332000
COSMOS 1867 COOLANT
1 43325U 87060AS  21136.48618456  .00000011  00000-0  41323-4 0  9992
2 43325  65.0102 178.6937 0020194 276.5048  83.3737 14.32282802332283
COSMOS 1867 COOLANT
1 43325U 87060AS  21136.55600807  .00000015  00000-0  42641-4 0  9999
2 43325  65.0102 178.4979 0020194 276.5019  83.3766 14.32282843332293
COSMOS 1867 COOLANT
1 43325U 87060AS  21137.81283118  .00000025  00000-0  46174-4 0  9997
2 43325  65.0100 174.9738 0020214 276.4385  83.4398 14.32283201332474
COSMOS 1867 COOLANT
1 43325U 87060AS  21139.48859476  .00000025  00000-0  46265-4 0  9999
2 43325  65.0097 170.2750 0020243 276.3305  83.5474 14.32283671332719
COSMOS 1867 COOLANT
1 43325U 87060AS  21139.48859476  .00000025  00000-0  46265-4 0  9999
2 43325  65.0097 170.2750 0020243 276.3305  83.5474 14.32283671332719
COSMOS 1867 COOLANT
1 43325U 87060AS  21139.76788865  .00000022  00000-0  45122-4 0  9991
2 43325  65.0097 169.4918 0020253 276.3319  83.5459 14.32283740332755
COSMOS 1867 COOLANT
1 43325U 87060AS  21140.32647635  .00000018  00000-0  43694-4 0  9991
2 43325  65.0096 167.9255 0020266 276.2798  83.5979 14.32283877332832
COSMOS 1867 COOLANT
1 43325U 87060AS  21140.81524052  .00000036  00000-0  50296-4 0  9998
2 43325  65.0095 166.5549 0020280 276.2848  83.5926 14.32284115332900
COSMOS 1867 COOLANT
1 43325U 87060AS  21141.30400467  .00000034  00000-0  49798-4 0  9999
2 43325  65.0095 165.1844 0020292 276.2380  83.6393 14.32284230332971
COSMOS 1867 COOLANT
1 43325U 87060AS  21141.51347504  .00000027  00000-0  47091-4 0  9990
2 43325  65.0095 164.5970 0020294 276.2427  83.6346 14.32284230333001
COSMOS 1867 COOLANT
1 43325U 87060AS  21141.51347504  .00000027  00000-0  47091-4 0  9990
2 43325  65.0095 164.5970 0020294 276.2427  83.6346 14.32284230333001
COSMOS 1867 COOLANT
1 43325U 87060AS  21143.46853131  .00000051  00000-0  56092-4 0  9992
2 43325  65.0094 159.1149 0020321 276.1343  83.7426 14.32284779333283
COSMOS 1867 COOLANT
1 43325U 87060AS  21144.51588246  .00000046  00000-0  54240-4 0  9998
2 43325  65.0094 156.1781 0020330 276.0751  83.8017 14.32285073333436
COSMOS 1867 COOLANT
1 43325U 87060AS  21144.51588246  .00000046  00000-0  54240-4 0  9998
2 43325  65.0094 156.1781 0020330 276.0751  83.8017 14.32285073333436
COSMOS 1867 COOLANT
1 43325U 87060AS  21145.28393976  .00000032  00000-0  48840-4 0  9991
2 43325  65.0095 154.0244 0020340 276.0256  83.8511 14.32285277333546
COSMOS 1867 COOLANT
1 43325U 87060AS  21146.26146707  .00000010  00000-0  40838-4 0  9993
2 43325  65.0095 151.2834 0020355 275.9727  83.9038 14.32285522333680
COSMOS 1867 COOLANT
1 43325U 87060AS  21146.75023073 -.00000001  00000-0  36558-4 0  9992
2 43325  65.0095 149.9128 0020363 275.9793  83.8971 14.32285609333751
COSMOS 1867 COOLANT
1 43325U 87060AS  21146.75023073 -.00000001  00000-0  36558-4 0  9992
2 43325  65.0095 149.9128 0020363 275.9793  83.8971 14.32285609333751
COSMOS 1867 COOLANT
1 43325U 87060AS  21147.44846446 -.00000001  00000-0  36613-4 0  9998
2 43325  65.0095 147.9549 0020370 275.9280  83.9483 14.32285787333852
COSMOS 1867 COOLANT
1 43325U 87060AS  21148.42599156  .00000023  00000-0  45723-4 0  9995
2 43325  65.0095 145.2139 0020380 275.8798  83.9964 14.32286135333999
COSMOS 1867 COOLANT
1 43325U 87060AS  21148.70528497  .00000011  00000-0  41070-4 0  9994
2 43325  65.0096 144.4307 0020380 275.8748  84.0014 14.32286141334034
COSMOS 1867 COOLANT
1 43325U 87060AS  21148.98457839  .00000013  00000-0  41717-4 0  9995
2 43325  65.0095 143.6476 0020383 275.8495  84.0266 14.32286217334070
COSMOS 1867 COOLANT
1 43325U 87060AS  21149.26387181  .00000012  00000-0  41417-4 0  9995
2 43325  65.0096 142.8644 0020385 275.8325  84.0435 14.32286253334116
COSMOS 1867 COOLANT
1 43325U 87060AS  21149.68281189  .00000014  00000-0  42085-4 0  9996
2 43325  65.0096 141.6897 0020384 275.8290  84.0471 14.32286369334177
COSMOS 1867 COOLANT
1 43325U 87060AS  21150.24139861  .00000012  00000-0  41453-4 0  9995
2 43325  65.0096 140.1234 0020385 275.7774  84.0987 14.32286489334257
COSMOS 1867 COOLANT
1 43325U 87060AS  21150.66033859  .00000009  00000-0  40571-4 0  9997
2 43325  65.0096 138.9486 0020386 275.7747  84.1014 14.32286602334318
COSMOS 1867 COOLANT
1 43325U 87060AS  21151.21892518  .00000006  00000-0  39253-4 0  9996
2 43325  65.0096 137.3823 0020395 275.7277  84.1482 14.32286732334395
COSMOS 1867 COOLANT
1 43325U 87060AS  21151.21892518  .00000006  00000-0  39253-4 0  9996
2 43325  65.0096 137.3823 0020395 275.7277  84.1482 14.32286732334395
COSMOS 1867 COOLANT
1 43325U 87060AS  21152.19645163 -.00000001  00000-0  36713-4 0  9990
2 43325  65.0097 134.6412 0020402 275.6810  84.1948 14.32286948334533
COSMOS 1867 COOLANT
1 43325U 87060AS  21152.68521485  .00000002  00000-0  37738-4 0  9992
2 43325  65.0098 133.2707 0020406 275.6852  84.1906 14.32287066334600
COSMOS 1867 COOLANT
1 43325U 87060AS  21153.66274123  .00000017  00000-0  43385-4 0  9996
2 43325  65.0099 130.5296 0020409 275.6346  84.2411 14.32287308334741
COSMOS 1867 COOLANT
1 43325U 87060AS  21153.66274123  .00000017  00000-0  43385-4 0  9996
2 43325  65.0099 130.5296 0020409 275.6346  84.2411 14.32287308334741
COSMOS 1867 COOLANT
1 43325U 87060AS  21154.64026745  .00000031  00000-0  48438-4 0  9990
2 43325  65.0101 127.7886 0020397 275.5754  84.3004 14.32287552334881
COSMOS 1867 COOLANT
1 43325U 87060AS  21155.40832363  .00000034  00000-0  49702-4 0  9994
2 43325  65.0101 125.6350 0020391 275.5141  84.3618 14.32287736334995
COSMOS 1867 COOLANT
1 43325U 87060AS  21155.61779346  .00000032  00000-0  48811-4 0  9996
2 43325  65.0102 125.0476 0020387 275.5189  84.3571 14.32287788335026
COSMOS 1867 COOLANT
1 43325U 87060AS  21156.38584940  .00000024  00000-0  45931-4 0  9996
2 43325  65.0103 122.8940 0020392 275.4584  84.4175 14.32287974335132
COSMOS 1867 COOLANT
1 43325U 87060AS  21156.38584940  .00000024  00000-0  45931-4 0  9996
2 43325  65.0103 122.8940 0020392 275.4584  84.4175 14.32287974335132
COSMOS 1867 COOLANT
1 43325U 87060AS  21156.59531916  .00000018  00000-0  43910-4 0  9992
2 43325  65.0104 122.3066 0020394 275.4591  84.4168 14.32288024335169
COSMOS 1867 COOLANT
1 43325U 87060AS  21157.36337496  .00000007  00000-0  39730-4 0  9998
2 43325  65.0105 120.1530 0020395 275.4046  84.4712 14.32288208335279
COSMOS 1867 COOLANT
1 43325U 87060AS  21157.64266794  .00000003  00000-0  38142-4 0  9993
2 43325  65.0106 119.3699 0020398 275.4059  84.4699 14.32288285335317
COSMOS 1867 COOLANT
1 43325U 87060AS  21158.34090041 -.00000013  00000-0  32201-4 0  9993
2 43325  65.0106 117.4121 0020402 275.3560  84.5197 14.32288388335417
COSMOS 1867 COOLANT
1 43325U 87060AS  21158.62019337 -.00000014  00000-0  31844-4 0  9996
2 43325  65.0107 116.6289 0020405 275.3539  84.5218 14.32288461335453
COSMOS 1867 COOLANT
1 43325U 87060AS  21158.62019337 -.00000014  00000-0  31844-4 0  9996
2 43325  65.0107 116.6289 0020405 275.3539  84.5218 14.32288461335453
COSMOS 1867 COOLANT
1 43325U 87060AS  21159.24860253 -.00000005  00000-0  35218-4 0  9995
2 43325  65.0108 114.8669 0020402 275.2942  84.5815 14.32288639335540
COSMOS 1867 COOLANT
1 43325U 87060AS  21160.57524401  .00000004  00000-0  38513-4 0  9994
2 43325  65.0110 111.1470 0020394 275.2226  84.6531 14.32288927335735
COSMOS 1867 COOLANT
1 43325U 87060AS  21161.13382980  .00000010  00000-0  40702-4 0  9991
2 43325  65.0110 109.5807 0020392 275.1625  84.7132 14.32289061335817
COSMOS 1867 COOLANT
1 43325U 87060AS  21161.55276910  .00000003  00000-0  38242-4 0  9990
2 43325  65.0111 108.4060 0020388 275.1575  84.7183 14.32289128335872
COSMOS 1867 COOLANT
1 43325U 87060AS  21162.53029396 -.00000001  00000-0  36877-4 0  9994
2 43325  65.0112 105.6650 0020383 275.0999  84.7760 14.32289365336012
COSMOS 1867 COOLANT
1 43325U 87060AS  21163.08887951 -.00000001  00000-0  36842-4 0  9996
2 43325  65.0112 104.0988 0020384 275.0470  84.8288 14.32289514336094
COSMOS 1867 COOLANT
1 43325U 87060AS  21163.43799548 -.00000004  00000-0  35637-4 0  9993
2 43325  65.0113 103.1199 0020385 275.0443  84.8315 14.32289586336146
COSMOS 1867 COOLANT
1 43325U 87060AS  21164.55516646  .00000008  00000-0  40198-4 0  9994
2 43325  65.0114  99.9874 0020393 274.9887  84.8870 14.32289888336307
COSMOS 1867 COOLANT
1 43325U 87060AS  21165.11375191  .00000016  00000-0  43029-4 0  9990
2 43325  65.0115  98.4212 0020393 274.9312  84.9445 14.32290018336385
COSMOS 1867 COOLANT
1 43325U 87060AS  21165.18357511  .00000017  00000-0  43478-4 0  9992
2 43325  65.0115  98.2254 0020389 274.9285  84.9472 14.32290033336391
COSMOS 1867 COOLANT
1 43325U 87060AS  21165.53269099  .00000023  00000-0  45540-4 0  9993
2 43325  65.0115  97.2465 0020386 274.9200  84.9558 14.32290130336447
COSMOS 1867 COOLANT
1 43325U 87060AS  21166.51021533  .00000034  00000-0  49518-4 0  9992
2 43325  65.0117  94.5056 0020382 274.8527  85.0231 14.32290377336580
COSMOS 1867 COOLANT
1 43325U 87060AS  21167.27827003  .00000035  00000-0  49906-4 0  9994
2 43325  65.0117  92.3520 0020375 274.7879  85.0879 14.32290569336696
COSMOS 1867 COOLANT
1 43325U 87060AS  21167.27827003  .00000035  00000-0  49906-4 0  9994
2 43325  65.0117  92.3520 0020375 274.7879  85.0879 14.32290569336696
COSMOS 1867 COOLANT
1 43325U 87060AS  21168.39544015  .00000020  00000-0  44451-4 0  9991
2 43325  65.0118  89.2196 0020373 274.7226  85.1532 14.32290865336859
COSMOS 1867 COOLANT
1 43325U 87060AS  21169.23331762  .00000006  00000-0  39170-4 0  9994
2 43325  65.0119  86.8703 0020370 274.6604  85.2155 14.32291048336972
COSMOS 1867 COOLANT
1 43325U 87060AS  21170.49013367  .00000000  00000-0  37242-4 0  9994
2 43325  65.0121  83.3463 0020374 274.5934  85.2824 14.32291348337156
COSMOS 1867 COOLANT
1 43325U 87060AS  21170.49013367  .00000000  00000-0  37242-4 0  9994
2 43325  65.0121  83.3463 0020374 274.5934  85.2824 14.32291348337156
COSMOS 1867 COOLANT
1 43325U 87060AS  21172.44518062  .00000005  00000-0  39002-4 0  9994
2 43325  65.0121  77.8644 0020363 274.4520  85.4238 14.32291726337435
COSMOS 1867 COOLANT
1 43325U 87060AS  21172.44518062  .00000005  00000-0  39002-4 0  9994
2 43325  65.0121  77.8644 0020363 274.4520  85.4238 14.32291726337435
COSMOS 1867 COOLANT
1 43325U 87060AS  21173.42270386  .00000005  00000-0  38851-4 0  9998
2 43325  65.0121  75.1235 0020348 274.3737  85.5023 14.32291941337571
COSMOS 1867 COOLANT
1 43325U 87060AS  21173.98128847  .00000001  00000-0  37387-4 0  9992
2 43325  65.0121  73.5572 0020343 274.3089  85.5672 14.32292053337656
COSMOS 1867 COOLANT
1 43325U 87060AS  21175.09845758 -.00000002  00000-0  36279-4 0  9994
2 43325  65.0121  70.4246 0020341 274.2386  85.6374 14.32292292337810
COSMOS 1867 COOLANT
1 43325U 87060AS  21175.44757291 -.00000002  00000-0  36255-4 0  9991
2 43325  65.0121  69.4457 0020342 274.2322  85.6439 14.32292359337864
COSMOS 1867 COOLANT
1 43325U 87060AS  21176.42509575  .00000013  00000-0  41731-4 0  9996
2 43325  65.0122  66.7046 0020338 274.1614  85.7146 14.32292593338000
COSMOS 1867 COOLANT
1 43325U 87060AS  21177.40261850  .00000026  00000-0  46587-4 0  9994
2 43325  65.0122  63.9637 0020331 274.0856  85.7905 14.32292801338145
COSMOS 1867 COOLANT
1 43325U 87060AS  21178.38014103  .00000033  00000-0  49094-4 0  9993
2 43325  65.0122  61.2227 0020323 274.0060  85.8702 14.32293032338287
COSMOS 1867 COOLANT
1 43325U 87060AS  21178.93872520  .00000030  00000-0  48102-4 0  9995
2 43325  65.0122  59.6565 0020319 273.9402  85.9360 14.32293163338361
COSMOS 1867 COOLANT
1 43325U 87060AS  21180.40500840  .00000013  00000-0  41915-4 0  9999
2 43325  65.0122  55.5450 0020316 273.8512  86.0250 14.32293518338574
COSMOS 1867 COOLANT
1 43325U 87060AS  21180.89376934  .00000007  00000-0  39685-4 0  9991
2 43325  65.0122  54.1746 0020322 273.7994  86.0767 14.32293632338645
COSMOS 1867 COOLANT
1 43325U 87060AS  21181.38253034  .00000000  00000-0  37242-4 0  9991
2 43325  65.0122  52.8041 0020322 273.7875  86.0886 14.32293714338717
COSMOS 1867 COOLANT
1 43325U 87060AS  21182.36005218  .00000016  00000-0  42907-4 0  9990
2 43325  65.0121  50.0631 0020329 273.7317  86.1443 14.32293998338858
COSMOS 1867 COOLANT
1 43325U 87060AS  21182.91863608  .00000016  00000-0  43075-4 0  9993
2 43325  65.0121  48.4968 0020330 273.6690  86.2070 14.32294080338936
COSMOS 1867 COOLANT
1 43325U 87060AS  21182.91863608  .00000016  00000-0  43075-4 0  9993
2 43325  65.0121  48.4968 0020330 273.6690  86.2070 14.32294080338936
COSMOS 1867 COOLANT
1 43325U 87060AS  21183.33757398  .00000020  00000-0  44452-4 0  9993
2 43325  65.0121  47.3221 0020325 273.6536  86.2224 14.32294176338992
COSMOS 1867 COOLANT
1 43325U 87060AS  21184.31509552  .00000026  00000-0  46695-4 0  9996
2 43325  65.0121  44.5810 0020321 273.5749  86.3012 14.32294417339137
COSMOS 1867 COOLANT
1 43325U 87060AS  21184.87367918  .00000022  00000-0  45370-4 0  9990
2 43325  65.0120  43.0148 0020321 273.5112  86.3649 14.32294531339210
COSMOS 1867 COOLANT
1 43325U 87060AS  21185.08314807  .00000021  00000-0  44738-4 0  9999
2 43325  65.0120  42.4274 0020313 273.4891  86.3871 14.32294570339240
COSMOS 1867 COOLANT
1 43325U 87060AS  21185.08314807  .00000021  00000-0  44738-4 0  9999
2 43325  65.0120  42.4274 0020313 273.4891  86.3871 14.32294570339240
COSMOS 1867 COOLANT
1 43325U 87060AS  21185.85120044  .00000014  00000-0  42365-4 0  9998
2 43325  65.0120  40.2737 0020318 273.4215  86.4546 14.32294750339357
COSMOS 1867 COOLANT
1 43325U 87060AS  21186.33996102  .00000009  00000-0  40430-4 0  9993
2 43325  65.0120  38.9031 0020318 273.3966  86.4794 14.32294850339424
COSMOS 1867 COOLANT
1 43325U 87060AS  21187.03819038  .00000008  00000-0  39931-4 0  9996
2 43325  65.0120  36.9452 0020322 273.3343  86.5417 14.32294992339524
COSMOS 1867 COOLANT
1 43325U 87060AS  21187.87606554  .00000011  00000-0  41053-4 0  9997
2 43325  65.0120  34.5958 0020327 273.2610  86.6149 14.32295164339648
COSMOS 1867 COOLANT
1 43325U 87060AS  21187.87606554  .00000011  00000-0  41053-4 0  9997
2 43325  65.0120  34.5958 0020327 273.2610  86.6149 14.32295164339648
COSMOS 1867 COOLANT
1 43325U 87060AS  21188.85358643  .00000022  00000-0  45306-4 0  9996
2 43325  65.0120  31.8547 0020327 273.1702  86.7057 14.32295396339784
COSMOS 1867 COOLANT
1 43325U 87060AS  21189.27252393  .00000025  00000-0  46436-4 0  9996
2 43325  65.0120  30.6800 0020324 273.1471  86.7288 14.32295494339845
COSMOS 1867 COOLANT
1 43325U 87060AS  21190.25004456  .00000016  00000-0  42929-4 0  9994
2 43325  65.0120  27.9389 0020325 273.0692  86.8067 14.32295670339988
COSMOS 1867 COOLANT
1 43325U 87060AS  21190.25004456  .00000016  00000-0  42929-4 0  9994
2 43325  65.0120  27.9389 0020325 273.0692  86.8067 14.32295670339988
COSMOS 1867 COOLANT
1 43325U 87060AS  21190.80862768  .00000008  00000-0  39856-4 0  9999
2 43325  65.0120  26.3727 0020326 273.0034  86.8725 14.32295776340067
COSMOS 1867 COOLANT
1 43325U 87060AS  21191.22756498  .00000000  00000-0  37223-4 0  9996
2 43325  65.0120  25.1979 0020325 272.9777  86.8981 14.32295871340121
COSMOS 1867 COOLANT
1 43325U 87060AS  21191.92579377 -.00000011  00000-0  32949-4 0  9995
2 43325  65.0120  23.2400 0020329 272.9063  86.9696 14.32295995340223
COSMOS 1867 COOLANT
1 43325U 87060AS  21192.27490814 -.00000022  00000-0  29074-4 0  9999
2 43325  65.0120  22.2610 0020333 272.9003  86.9754 14.32296034340279
COSMOS 1867 COOLANT
1 43325U 87060AS  21192.27490814 -.00000022  00000-0  29074-4 0  9999
2 43325  65.0120  22.2610 0020333 272.9003  86.9754 14.32296034340279
COSMOS 1867 COOLANT
1 43325U 87060AS  21192.90331402 -.00000020  00000-0  29692-4 0  9990
2 43325  65.0120  20.4989 0020337 272.8400  87.0357 14.32296166340369
COSMOS 1867 COOLANT
1 43325U 87060AS  21194.02048000 -.00000014  00000-0  32019-4 0  9994
2 43325  65.0120  17.3663 0020344 272.7510  87.1246 14.32296359340522
COSMOS 1867 COOLANT
1 43325U 87060AS  21195.97552018 -.00000009  00000-0  33915-4 0  9998
2 43325  65.0120  11.8841 0020347 272.6055  87.2701 14.32296633340808
COSMOS 1867 COOLANT
1 43325U 87060AS  21195.97552018 -.00000009  00000-0  33915-4 0  9998
2 43325  65.0120  11.8841 0020347 272.6055  87.2701 14.32296633340808
COSMOS 1867 COOLANT
1 43325U 87060AS  21197.93055968 -.00000021  00000-0  29242-4 0  9990
2 43325  65.0120   6.4018 0020365 272.4617  87.4136 14.32296964341088
COSMOS 1867 COOLANT
1 43325U 87060AS  21198.90807929 -.00000017  00000-0  30707-4 0  9993
2 43325  65.0121   3.6607 0020378 272.3681  87.5071 14.32297140341228
COSMOS 1867 COOLANT
1 43325U 87060AS  21198.90807929 -.00000017  00000-0  30707-4 0  9993
2 43325  65.0121   3.6607 0020378 272.3681  87.5071 14.32297140341228
COSMOS 1867 COOLANT
1 43325U 87060AS  21200.72347262  .00000003  00000-0  38111-4 0  9997
2 43325  65.0123 358.5702 0020396 272.1690  87.7059 14.32297484341483
COSMOS 1867 COOLANT
1 43325U 87060AS  21201.14240949  .00000004  00000-0  38563-4 0  9990
2 43325  65.0123 357.3954 0020399 272.1549  87.7200 14.32297566341541
COSMOS 1867 COOLANT
1 43325U 87060AS  21201.14240949  .00000004  00000-0  38563-4 0  9990
2 43325  65.0123 357.3954 0020399 272.1549  87.7200 14.32297566341541
COSMOS 1867 COOLANT
1 43325U 87060AS  21201.84063756 -.00000002  00000-0  36451-4 0  9999
2 43325  65.0123 355.4375 0020401 272.0866  87.7882 14.32297664341648
COSMOS 1867 COOLANT
1 43325U 87060AS  21202.11992870 -.00000005  00000-0  35345-4 0  9992
2 43325  65.0124 354.6544 0020404 272.0786  87.7962 14.32297735341684
COSMOS 1867 COOLANT
1 43325U 87060AS  21202.67851101 -.00000011  00000-0  33048-4 0  9999
2 43325  65.0124 353.0881 0020408 272.0147  87.8601 14.32297839341761
COSMOS 1867 COOLANT
1 43325U 87060AS  21203.02762495 -.00000016  00000-0  31028-4 0  9997
2 43325  65.0124 352.1092 0020415 271.9884  87.8863 14.32297900341814
COSMOS 1867 COOLANT
1 43325U 87060AS  21203.65602996 -.00000009  00000-0  33895-4 0  9991
2 43325  65.0125 350.3472 0020427 271.9217  87.9529 14.32298090341901
COSMOS 1867 COOLANT
1 43325U 87060AS  21203.65602996 -.00000009  00000-0  33895-4 0  9991
2 43325  65.0125 350.3472 0020427 271.9217  87.9529 14.32298090341901
COSMOS 1867 COOLANT
1 43325U 87060AS  21204.14478941 -.00000019  00000-0  29896-4 0  9994
2 43325  65.0125 348.9766 0020436 271.9154  87.9590 14.32298137341977
COSMOS 1867 COOLANT
1 43325U 87060AS  21204.70337162 -.00000005  00000-0  35349-4 0  9990
2 43325  65.0125 347.4104 0020445 271.8503  88.0240 14.32298303342053
COSMOS 1867 COOLANT
1 43325U 87060AS  21205.12230828  .00000000  00000-0  37091-4 0  9998
2 43325  65.0125 346.2357 0020450 271.8414  88.0329 14.32298389342116
COSMOS 1867 COOLANT
1 43325U 87060AS  21206.09982703  .00000013  00000-0  41738-4 0  9998
2 43325  65.0125 343.4947 0020460 271.7496  88.1246 14.32298591342259
COSMOS 1867 COOLANT
1 43325U 87060AS  21206.86787743  .00000018  00000-0  43650-4 0  9990
2 43325  65.0125 341.3411 0020465 271.6792  88.1949 14.32298724342365
COSMOS 1867 COOLANT
1 43325U 87060AS  21207.07734567  .00000018  00000-0  43681-4 0  9994
2 43325  65.0126 340.7537 0020469 271.6746  88.1994 14.32298774342399
COSMOS 1867 COOLANT
1 43325U 87060AS  21208.05486409  .00000010  00000-0  40877-4 0  9998
2 43325  65.0126 338.0127 0020473 271.6048  88.2691 14.32298954342535
COSMOS 1867 COOLANT
1 43325U 87060AS  21208.05486409  .00000010  00000-0  40877-4 0  9998
2 43325  65.0126 338.0127 0020473 271.6048  88.2691 14.32298954342535
COSMOS 1867 COOLANT
1 43325U 87060AS  21208.61344593  .00000006  00000-0  39117-4 0  9997
2 43325  65.0126 336.4465 0020482 271.5431  88.3307 14.32299070342611
COSMOS 1867 COOLANT
1 43325U 87060AS  21209.80043226 -.00000002  00000-0  36437-4 0  9997
2 43325  65.0127 333.1182 0020505 271.4683  88.4053 14.32299309342788
COSMOS 1867 COOLANT
1 43325U 87060AS  21210.77795032  .00000005  00000-0  38904-4 0  9997
2 43325  65.0127 330.3772 0020521 271.3961  88.4773 14.32299522342920
COSMOS 1867 COOLANT
1 43325U 87060AS  21210.77795032  .00000005  00000-0  38904-4 0  9997
2 43325  65.0127 330.3772 0020521 271.3961  88.4773 14.32299522342920
COSMOS 1867 COOLANT
1 43325U 87060AS  21211.05724117  .00000007  00000-0  39535-4 0  9998
2 43325  65.0127 329.5941 0020525 271.3934  88.4800 14.32299582342963
COSMOS 1867 COOLANT
1 43325U 87060AS  21211.68564558  .00000012  00000-0  41513-4 0  9993
2 43325  65.0127 327.8321 0020534 271.3284  88.5448 14.32299700343056
COSMOS 1867 COOLANT
1 43325U 87060AS  21212.59334064  .00000014  00000-0  42401-4 0  9990
2 43325  65.0127 325.2870 0020542 271.2491  88.6240 14.32299900343182
COSMOS 1867 COOLANT
1 43325U 87060AS  21213.01227676  .00000012  00000-0  41314-4 0  9998
2 43325  65.0127 324.1123 0020545 271.2394  88.6337 14.32299996343245
COSMOS 1867 COOLANT
1 43325U 87060AS  21213.01227676  .00000012  00000-0  41314-4 0  9998
2 43325  65.0127 324.1123 0020545 271.2394  88.6337 14.32299996343245
COSMOS 1867 COOLANT
1 43325U 87060AS  21213.57085820  .00000002  00000-0  37772-4 0  9994
2 43325  65.0127 322.5462 0020552 271.1739  88.6991 14.32300087343322
COSMOS 1867 COOLANT
1 43325U 87060AS  21214.54837560 -.00000017  00000-0  30733-4 0  9995
2 43325  65.0126 319.8053 0020567 271.1070  88.7659 14.32300260343460
COSMOS 1867 COOLANT
1 43325U 87060AS  21215.52589287 -.00000023  00000-0  28434-4 0  9996
2 43325  65.0126 317.0644 0020585 271.0538  88.8189 14.32300471343603
COSMOS 1867 COOLANT
1 43325U 87060AS  21215.52589287 -.00000023  00000-0  28434-4 0  9996
2 43325  65.0126 317.0644 0020585 271.0538  88.8189 14.32300471343603
COSMOS 1867 COOLANT
1 43325U 87060AS  21216.64305546 -.00000009  00000-0  33807-4 0  9998
2 43325  65.0125 313.9320 0020604 270.9817  88.8907 14.32300717343766
COSMOS 1867 COOLANT
1 43325U 87060AS  21217.55074998  .00000001  00000-0  37401-4 0  9998
2 43325  65.0124 311.3869 0020617 270.9060  88.9663 14.32300870343893
COSMOS 1867 COOLANT
1 43325U 87060AS  21217.55074998  .00000001  00000-0  37401-4 0  9998
2 43325  65.0124 311.3869 0020617 270.9060  88.9663 14.32300870343893
COSMOS 1867 COOLANT
1 43325U 87060AS  21217.96968588  .00000008  00000-0  40037-4 0  9996
2 43325  65.0124 310.2122 0020618 270.8907  88.9816 14.32300969343959
COSMOS 1867 COOLANT
1 43325U 87060AS  21218.52826702  .00000009  00000-0  40405-4 0  9990
2 43325  65.0123 308.6460 0020624 270.8297  89.0425 14.32301054344037
COSMOS 1867 COOLANT
1 43325U 87060AS  21218.94720282  .00000010  00000-0  40795-4 0  9996
2 43325  65.0122 307.4713 0020627 270.8194  89.0527 14.32301148344096
COSMOS 1867 COOLANT
1 43325U 87060AS  21219.50578381  .00000012  00000-0  41625-4 0  9995
2 43325  65.0122 305.9051 0020634 270.7634  89.1086 14.32301284344171
COSMOS 1867 COOLANT
1 43325U 87060AS  21219.85489691  .00000010  00000-0  40616-4 0  9995
2 43325  65.0121 304.9261 0020638 270.7536  89.1184 14.32301362344229
COSMOS 1867 COOLANT
1 43325U 87060AS  21219.85489691  .00000010  00000-0  40616-4 0  9995
2 43325  65.0121 304.9261 0020638 270.7536  89.1184 14.32301362344229
COSMOS 1867 COOLANT
1 43325U 87060AS  21220.48330041  .00000006  00000-0  39145-4 0  9990
2 43325  65.0120 303.1641 0020653 270.7045  89.1673 14.32301493344311
COSMOS 1867 COOLANT
1 43325U 87060AS  21221.46081686  .00000005  00000-0  39085-4 0  9999
2 43325  65.0119 300.4231 0020676 270.6606  89.2109 14.32301714344457
COSMOS 1867 COOLANT
1 43325U 87060AS  21221.94957507  .00000008  00000-0  40088-4 0  9994
2 43325  65.0118 299.0525 0020684 270.6657  89.2058 14.32301820344529
COSMOS 1867 COOLANT
1 43325U 87060AS  21222.50815586  .00000011  00000-0  41136-4 0  9996
2 43325  65.0117 297.4863 0020693 270.6075  89.2639 14.32301918344601
COSMOS 1867 COOLANT
1 43325U 87060AS  21223.20638180  .00000013  00000-0  42002-4 0  9992
2 43325  65.0116 295.5284 0020701 270.5674  89.3039 14.32302058344702
COSMOS 1867 COOLANT
1 43325U 87060AS  21223.90460757  .00000015  00000-0  42474-4 0  9997
2 43325  65.0115 293.5706 0020706 270.5396  89.3316 14.32302205344807
COSMOS 1867 COOLANT
1 43325U 87060AS  21224.46318815  .00000011  00000-0  41097-4 0  9992
2 43325  65.0113 292.0043 0020711 270.4843  89.3868 14.32302308344889
COSMOS 1867 COOLANT
1 43325U 87060AS  21224.46318815  .00000011  00000-0  41097-4 0  9992
2 43325  65.0113 292.0043 0020711 270.4843  89.3868 14.32302308344889
COSMOS 1867 COOLANT
1 43325U 87060AS  21225.44070397 -.00000001  00000-0  36709-4 0  9995
2 43325  65.0111 289.2633 0020721 270.4336  89.4374 14.32302522345026
COSMOS 1867 COOLANT
1 43325U 87060AS  21225.65017166 -.00000005  00000-0  35201-4 0  9993
2 43325  65.0111 288.6760 0020723 270.4265  89.4445 14.32302554345050
COSMOS 1867 COOLANT
1 43325U 87060AS  21226.41821967 -.00000019  00000-0  30105-4 0  9993
2 43325  65.0110 286.5224 0020736 270.3727  89.4982 14.32302693345169
COSMOS 1867 COOLANT
1 43325U 87060AS  21226.90697750 -.00000021  00000-0  29493-4 0  9999
2 43325  65.0109 285.1518 0020742 270.3699  89.5008 14.32302793345232
COSMOS 1867 COOLANT
1 43325U 87060AS  21226.90697750 -.00000021  00000-0  29493-4 0  9999
2 43325  65.0109 285.1518 0020742 270.3699  89.5008 14.32302793345232
COSMOS 1867 COOLANT
1 43325U 87060AS  21228.44307345 -.00000003  00000-0  35853-4 0  9995
2 43325  65.0106 280.8445 0020761 270.2653  89.6053 14.32303098345454
COSMOS 1867 COOLANT
1 43325U 87060AS  21228.86200865  .00000006  00000-0  39228-4 0  9992
2 43325  65.0105 279.6697 0020765 270.2635  89.6070 14.32303202345515
COSMOS 1867 COOLANT
1 43325U 87060AS  21229.42058892  .00000012  00000-0  41373-4 0  9997
2 43325  65.0104 278.1034 0020770 270.2131  89.6574 14.32303294345598
COSMOS 1867 COOLANT
1 43325U 87060AS  21229.42058892  .00000012  00000-0  41373-4 0  9997
2 43325  65.0104 278.1034 0020770 270.2131  89.6574 14.32303294345598
COSMOS 1867 COOLANT
1 43325U 87060AS  21229.56023399  .00000015  00000-0  42624-4 0  9999
2 43325  65.0104 277.7118 0020769 270.2125  89.6580 14.32303325345612
COSMOS 1867 COOLANT
1 43325U 87060AS  21230.53774923  .00000020  00000-0  44530-4 0  9998
2 43325  65.0102 274.9707 0020773 270.1603  89.7102 14.32303534345756
COSMOS 1867 COOLANT
1 43325U 87060AS  21231.37561924  .00000014  00000-0  42131-4 0  9994
2 43325  65.0101 272.6211 0020781 270.1066  89.7638 14.32303709345873
COSMOS 1867 COOLANT
1 43325U 87060AS  21231.72473172  .00000012  00000-0  41464-4 0  9996
2 43325  65.0101 271.6421 0020786 270.1027  89.7676 14.32303793345928
COSMOS 1867 COOLANT
1 43325U 87060AS  21231.72473172  .00000012  00000-0  41464-4 0  9996
2 43325  65.0101 271.6421 0020786 270.1027  89.7676 14.32303793345928
COSMOS 1867 COOLANT
1 43325U 87060AS  21232.35313412  .00000008  00000-0  39927-4 0  9992
2 43325  65.0100 269.8799 0020794 270.0533  89.8169 14.32303922346017
COSMOS 1867 COOLANT
1 43325U 87060AS  21233.47029384  .00000017  00000-0  43281-4 0  9996
2 43325  65.0099 266.7472 0020807 270.0167  89.8533 14.32304209346177
COSMOS 1867 COOLANT
1 43325U 87060AS  21233.81940621  .00000021  00000-0  44688-4 0  9997
2 43325  65.0099 265.7682 0020810 270.0143  89.8557 14.32304305346226
COSMOS 1867 COOLANT
1 43325U 87060AS  21233.81940621  .00000021  00000-0  44688-4 0  9997
2 43325  65.0099 265.7682 0020810 270.0143  89.8557 14.32304305346226
COSMOS 1867 COOLANT
1 43325U 87060AS  21234.44780848  .00000024  00000-0  45919-4 0  9991
2 43325  65.0098 264.0060 0020812 269.9617  89.9083 14.32304429346314
COSMOS 1867 COOLANT
1 43325U 87060AS  21234.79692079  .00000026  00000-0  46496-4 0  9990
2 43325  65.0098 263.0270 0020811 269.9557  89.9143 14.32304520346362
COSMOS 1867 COOLANT
1 43325U 87060AS  21235.35550049  .00000023  00000-0  45463-4 0  9993
2 43325  65.0097 261.4607 0020812 269.9025  89.9674 14.32304616346442
COSMOS 1867 COOLANT
1 43325U 87060AS  21236.47265962  .00000014  00000-0  42358-4 0  9994
2 43325  65.0096 258.3279 0020813 269.8553  90.0147 14.32304873346608
COSMOS 1867 COOLANT
1 43325U 87060AS  21236.54248206  .00000012  00000-0  41531-4 0  9994
2 43325  65.0096 258.1321 0020814 269.8529  90.0171 14.32304883346617
COSMOS 1867 COOLANT
1 43325U 87060AS  21237.65964088 -.00000003  00000-0  36112-4 0  9990
2 43325  65.0095 254.9993 0020820 269.8073  90.0626 14.32305157346773
COSMOS 1867 COOLANT
1 43325U 87060AS  21238.49750999 -.00000006  00000-0  34897-4 0  9998
2 43325  65.0094 252.6497 0020823 269.7605  90.1094 14.32305324346898
COSMOS 1867 COOLANT
1 43325U 87060AS  21239.47502389  .00000004  00000-0  38390-4 0  9994
2 43325  65.0093 249.9086 0020826 269.7169  90.1529 14.32305535347032
COSMOS 1867 COOLANT
1 43325U 87060AS  21239.75431354  .00000008  00000-0  39989-4 0  9997
2 43325  65.0094 249.1253 0020825 269.7124  90.1575 14.32305604347073
COSMOS 1867 COOLANT
1 43325U 87060AS  21240.73182717  .00000078  00000-0  65923-4 0  9997
2 43325  65.0093 246.3842 0020821 269.6564  90.2135 14.32306151347215
COSMOS 1867 COOLANT
1 43325U 87060AS  21241.43005103  .00000093  00000-0  71514-4 0  9998
2 43325  65.0093 244.4262 0020816 269.6052  90.2647 14.32306393347313
COSMOS 1867 COOLANT
1 43325U 87060AS  21241.43005103  .00000093  00000-0  71514-4 0  9998
2 43325  65.0093 244.4262 0020816 269.6052  90.2647 14.32306393347313
COSMOS 1867 COOLANT
1 43325U 87060AS  21242.40756424  .00000091  00000-0  70585-4 0  9990
2 43325  65.0094 241.6850 0020811 269.5494  90.3206 14.32306668347452
COSMOS 1867 COOLANT
1 43325U 87060AS  21242.68685366  .00000088  00000-0  69622-4 0  9992
2 43325  65.0094 240.9017 0020810 269.5427  90.3273 14.32306761347496
COSMOS 1867 COOLANT
1 43325U 87060AS  21243.24543276  .00000051  00000-0  55878-4 0  9996
2 43325  65.0094 239.3354 0020811 269.4931  90.3769 14.32306667347576
COSMOS 1867 COOLANT
1 43325U 87060AS  21243.73418924  .00000049  00000-0  55247-4 0  9998
2 43325  65.0095 237.9647 0020812 269.4929  90.3771 14.32306815347640
COSMOS 1867 COOLANT
1 43325U 87060AS  21245.40992567  .00000036  00000-0  50392-4 0  9996
2 43325  65.0097 233.2656 0020803 269.3886  90.4815 14.32307138347887
COSMOS 1867 COOLANT
1 43325U 87060AS  21245.68921500  .00000037  00000-0  50794-4 0  9992
2 43325  65.0098 232.4825 0020802 269.3929  90.4772 14.32307220347923
COSMOS 1867 COOLANT
1 43325U 87060AS  21245.96850432  .00000038  00000-0  50921-4 0  9991
2 43325  65.0098 231.6993 0020799 269.3597  90.5104 14.32307302347961
COSMOS 1867 COOLANT
1 43325U 87060AS  21246.38743838  .00000032  00000-0  49027-4 0  9998
2 43325  65.0098 230.5245 0020793 269.3500  90.5202 14.32307334348029
COSMOS 1867 COOLANT
1 43325U 87060AS  21246.66672769  .00000031  00000-0  48656-4 0  9999
2 43325  65.0099 229.7413 0020790 269.3556  90.5146 14.32307402348062
COSMOS 1867 COOLANT
1 43325U 87060AS  21247.36495091  .00000026  00000-0  46788-4 0  9996
2 43325  65.0099 227.7834 0020777 269.3200  90.5504 14.32307549348169
COSMOS 1867 COOLANT
1 43325U 87060AS  21247.64424014  .00000022  00000-0  45030-4 0  9999
2 43325  65.0099 227.0002 0020774 269.3208  90.5497 14.32307619348208
COSMOS 1867 COOLANT
1 43325U 87060AS  21248.34246315  .00000011  00000-0  41304-4 0  9991
2 43325  65.0100 225.0423 0020765 269.2812  90.5893 14.32307781348307
COSMOS 1867 COOLANT
1 43325U 87060AS  21248.55193001  .00000007  00000-0  39797-4 0  9995
2 43325  65.0100 224.4549 0020764 269.2753  90.5952 14.32307844348331
COSMOS 1867 COOLANT
1 43325U 87060AS  21248.62175231  .00000006  00000-0  39320-4 0  9999
2 43325  65.0100 224.2591 0020763 269.2777  90.5929 14.32307859348342
COSMOS 1867 COOLANT
1 43325U 87060AS  21249.38979750 -.00000002  00000-0  36210-4 0  9993
2 43325  65.0101 222.1054 0020760 269.2308  90.6398 14.32308038348454
COSMOS 1867 COOLANT
1 43325U 87060AS  21249.66908663 -.00000005  00000-0  35144-4 0  9997
2 43325  65.0101 221.3223 0020762 269.2443  90.6263 14.32308110348491
COSMOS 1867 COOLANT
1 43325U 87060AS  21250.36730950 -.00000003  00000-0  35784-4 0  9996
2 43325  65.0101 219.3644 0020757 269.2025  90.6681 14.32308267348593
COSMOS 1867 COOLANT
1 43325U 87060AS  21250.36730950 -.00000003  00000-0  35784-4 0  9996
2 43325  65.0101 219.3644 0020757 269.2025  90.6681 14.32308267348593
COSMOS 1867 COOLANT
1 43325U 87060AS  21250.64659864 -.00000003  00000-0  35847-4 0  9991
2 43325  65.0102 218.5812 0020752 269.2002  90.6705 14.32308324348638
COSMOS 1867 COOLANT
1 43325U 87060AS  21251.27499913  .00000016  00000-0  42890-4 0  9997
2 43325  65.0102 216.8191 0020749 269.1492  90.7215 14.32308531348724
COSMOS 1867 COOLANT
1 43325U 87060AS  21251.62411052  .00000018  00000-0  43869-4 0  9993
2 43325  65.0103 215.8401 0020742 269.1470  90.7238 14.32308604348778
COSMOS 1867 COOLANT
1 43325U 87060AS  21252.32233322  .00000032  00000-0  48732-4 0  9993
2 43325  65.0103 213.8822 0020731 269.0969  90.7740 14.32308786348873
COSMOS 1867 COOLANT
1 43325U 87060AS  21254.27735604  .00000055  00000-0  57385-4 0  9998
2 43325  65.0106 208.4001 0020700 268.9958  90.8756 14.32309433349157
COSMOS 1867 COOLANT
1 43325U 87060AS  21254.48682274  .00000044  00000-0  53300-4 0  9996
2 43325  65.0106 207.8127 0020696 268.9934  90.8780 14.32309442349187
COSMOS 1867 COOLANT
1 43325U 87060AS  21256.30220034  .00000042  00000-0  52501-4 0  9991
2 43325  65.0110 202.7224 0020678 268.9022  90.9693 14.32309943349441
COSMOS 1867 COOLANT
1 43325U 87060AS  21256.30220034  .00000042  00000-0  52501-4 0  9991
2 43325  65.0110 202.7224 0020678 268.9022  90.9693 14.32309943349441
COSMOS 1867 COOLANT
1 43325U 87060AS  21258.53651040  .00000043  00000-0  52979-4 0  9993
2 43325  65.0113 196.4574 0020640 268.7805  91.0915 14.32310567349765
COSMOS 1867 COOLANT
1 43325U 87060AS  21258.53651040  .00000043  00000-0  52979-4 0  9993
2 43325  65.0113 196.4574 0020640 268.7805  91.0915 14.32310567349765
COSMOS 1867 COOLANT
1 43325U 87060AS  21259.51402069  .00000027  00000-0  47065-4 0  9999
2 43325  65.0114 193.7165 0020625 268.7287  91.1435 14.32310816349900
COSMOS 1867 COOLANT
1 43325U 87060AS  21260.42170864  .00000007  00000-0  39705-4 0  9996
2 43325  65.0114 191.1714 0020613 268.6754  91.1969 14.32311025350038
COSMOS 1867 COOLANT
1 43325U 87060AS  21260.56135292  .00000009  00000-0  40335-4 0  9990
2 43325  65.0114 190.7798 0020609 268.6704  91.2020 14.32311079350055
COSMOS 1867 COOLANT
1 43325U 87060AS  21260.56135292  .00000009  00000-0  40335-4 0  9990
2 43325  65.0114 190.7798 0020609 268.6704  91.2020 14.32311079350055
COSMOS 1867 COOLANT
1 43325U 87060AS  21261.53886291 -.00000003  00000-0  35795-4 0  9999
2 43325  65.0114 188.0388 0020596 268.6219  91.2506 14.32311281350195
COSMOS 1867 COOLANT
1 43325U 87060AS  21262.51637284  .00000005  00000-0  38898-4 0  9992
2 43325  65.0114 185.2979 0020579 268.5591  91.3136 14.32311507350330
COSMOS 1867 COOLANT
1 43325U 87060AS  21263.07494988  .00000017  00000-0  43470-4 0  9991
2 43325  65.0114 183.7317 0020574 268.5050  91.3678 14.32311653350416
COSMOS 1867 COOLANT
1 43325U 87060AS  21263.21459419  .00000022  00000-0  45103-4 0  9998
2 43325  65.0114 183.3401 0020569 268.5042  91.3686 14.32311684350436
COSMOS 1867 COOLANT
1 43325U 87060AS  21264.47139233  .00000041  00000-0  52053-4 0  9999
2 43325  65.0114 179.8161 0020543 268.4375  91.4357 14.32312017350616
COSMOS 1867 COOLANT
1 43325U 87060AS  21265.23943541  .00000054  00000-0  56934-4 0  9995
2 43325  65.0114 177.6625 0020532 268.3770  91.4963 14.32312282350722
COSMOS 1867 COOLANT
1 43325U 87060AS  21265.44890166  .00000053  00000-0  56694-4 0  9994
2 43325  65.0114 177.0752 0020525 268.3729  91.5005 14.32312356350756
COSMOS 1867 COOLANT
1 43325U 87060AS  21266.49623285  .00000056  00000-0  57698-4 0  9994
2 43325  65.0114 174.1385 0020515 268.3197  91.5538 14.32312688350900
COSMOS 1867 COOLANT
1 43325U 87060AS  21267.47374181  .00000063  00000-0  60256-4 0  9993
2 43325  65.0114 171.3976 0020504 268.2701  91.6035 14.32312998351046
COSMOS 1867 COOLANT
1 43325U 87060AS  21267.47374181  .00000063  00000-0  60256-4 0  9993
2 43325  65.0114 171.3976 0020504 268.2701  91.6035 14.32312998351046
COSMOS 1867 COOLANT
1 43325U 87060AS  21268.45125059  .00000080  00000-0  66704-4 0  9993
2 43325  65.0114 168.6567 0020488 268.2127  91.6611 14.32313345351186
COSMOS 1867 COOLANT
1 43325U 87060AS  21269.42875914  .00000086  00000-0  68766-4 0  9999
2 43325  65.0114 165.9158 0020469 268.1476  91.7265 14.32313652351320
COSMOS 1867 COOLANT
1 43325U 87060AS  21270.12697934  .00000086  00000-0  68795-4 0  9994
2 43325  65.0113 163.9580 0020451 268.0853  91.7889 14.32313886351427
COSMOS 1867 COOLANT
1 43325U 87060AS  21270.40626737  .00000079  00000-0  66236-4 0  9998
2 43325  65.0113 163.1749 0020446 268.0811  91.7932 14.32313964351464
COSMOS 1867 COOLANT
1 43325U 87060AS  21271.38377534  .00000061  00000-0  59448-4 0  9992
2 43325  65.0111 160.4339 0020430 268.0166  91.8579 14.32314254351600
COSMOS 1867 COOLANT
1 43325U 87060AS  21272.43110501  .00000052  00000-0  56137-4 0  9990
2 43325  65.0110 157.4972 0020417 267.9627  91.9120 14.32314617351755
COSMOS 1867 COOLANT
1 43325U 87060AS  21272.43110501  .00000052  00000-0  56137-4 0  9990
2 43325  65.0110 157.4972 0020417 267.9627  91.9120 14.32314617351755
COSMOS 1867 COOLANT
1 43325U 87060AS  21273.40861261  .00000056  00000-0  57728-4 0  9995
2 43325  65.0109 154.7562 0020406 267.9050  91.9698 14.32314937351896
COSMOS 1867 COOLANT
1 43325U 87060AS  21274.38612002  .00000074  00000-0  64193-4 0  9994
2 43325  65.0107 152.0151 0020392 267.8383  92.0366 14.32315280352034
COSMOS 1867 COOLANT
1 43325U 87060AS  21274.66540783  .00000075  00000-0  64775-4 0  9998
2 43325  65.0106 151.2320 0020386 267.8076  92.0674 14.32315367352076
COSMOS 1867 COOLANT
1 43325U 87060AS  21274.66540783  .00000075  00000-0  64775-4 0  9998
2 43325  65.0106 151.2320 0020386 267.8076  92.0674 14.32315367352076
COSMOS 1867 COOLANT
1 43325U 87060AS  21275.08433950  .00000083  00000-0  67652-4 0  9998
2 43325  65.0106 150.0573 0020377 267.7822  92.0930 14.32315497352137
COSMOS 1867 COOLANT
1 43325U 87060AS  21275.36362728  .00000074  00000-0  64530-4 0  9995
2 43325  65.0105 149.2741 0020371 267.7756  92.0996 14.32315526352172
COSMOS 1867 COOLANT
1 43325U 87060AS  21276.34113419  .00000077  00000-0  65544-4 0  9994
2 43325  65.0104 146.5330 0020352 267.7060  92.1695 14.32315855352310
COSMOS 1867 COOLANT
1 43325U 87060AS  21276.89970942  .00000081  00000-0  67002-4 0  9992
2 43325  65.0103 144.9667 0020345 267.6440  92.2316 14.32316078352394
COSMOS 1867 COOLANT
1 43325U 87060AS  21276.89970942  .00000081  00000-0  67002-4 0  9992
2 43325  65.0103 144.9667 0020345 267.6440  92.2316 14.32316078352394
COSMOS 1867 COOLANT
1 43325U 87060AS  21277.24881890  .00000080  00000-0  66704-4 0  9992
2 43325  65.0102 143.9877 0020343 267.6452  92.2304 14.32316212352449
COSMOS 1867 COOLANT
1 43325U 87060AS  21277.87721588  .00000073  00000-0  64062-4 0  9995
2 43325  65.0102 142.2255 0020342 267.5948  92.2807 14.32316409352535
COSMOS 1867 COOLANT
1 43325U 87060AS  21278.36596904  .00000073  00000-0  64096-4 0  9999
2 43325  65.0101 140.8550 0020334 267.5834  92.2923 14.32316592352601
COSMOS 1867 COOLANT
1 43325U 87060AS  21279.34347523  .00000070  00000-0  62884-4 0  9999
2 43325  65.0101 138.1139 0020324 267.5224  92.3534 14.32316893352744
COSMOS 1867 COOLANT
1 43325U 87060AS  21279.34347523  .00000070  00000-0  62884-4 0  9999
2 43325  65.0101 138.1139 0020324 267.5224  92.3534 14.32316893352744
COSMOS 1867 COOLANT
1 43325U 87060AS  21280.32098120  .00000082  00000-0  67254-4 0  9994
2 43325  65.0100 135.3727 0020312 267.4579  92.4181 14.32317260352887
COSMOS 1867 COOLANT
1 43325U 87060AS  21281.29848689  .00000085  00000-0  68538-4 0  9993
2 43325  65.0099 132.6316 0020297 267.3878  92.4883 14.32317613353029
COSMOS 1867 COOLANT
1 43325U 87060AS  21281.85706143  .00000077  00000-0  65372-4 0  9997
2 43325  65.0099 131.0652 0020286 267.3186  92.5577 14.32317779353108
COSMOS 1867 COOLANT
1 43325U 87060AS  21281.85706143  .00000077  00000-0  65372-4 0  9997
2 43325  65.0099 131.0652 0020286 267.3186  92.5577 14.32317779353108
COSMOS 1867 COOLANT
1 43325U 87060AS  21282.27599229  .00000070  00000-0  62915-4 0  9992
2 43325  65.0098 129.8904 0020283 267.3184  92.5579 14.32317918353160
COSMOS 1867 COOLANT
1 43325U 87060AS  21283.18367562  .00000079  00000-0  66266-4 0  9998
2 43325  65.0097 127.3450 0020277 267.2628  92.6136 14.32318353353291
COSMOS 1867 COOLANT
1 43325U 87060AS  21283.81207170  .00000055  00000-0  57245-4 0  9997
2 43325  65.0097 125.5828 0020273 267.2034  92.6730 14.32318453353388
COSMOS 1867 COOLANT
1 43325U 87060AS  21284.30082406  .00000070  00000-0  62971-4 0  9994
2 43325  65.0096 124.2122 0020269 267.1974  92.6791 14.32318741353452
COSMOS 1867 COOLANT
1 43325U 87060AS  21284.30082406  .00000070  00000-0  62971-4 0  9994
2 43325  65.0096 124.2122 0020269 267.1974  92.6791 14.32318741353452
COSMOS 1867 COOLANT
1 43325U 87060AS  21285.27832895  .00000069  00000-0  62552-4 0  9999
2 43325  65.0095 121.4709 0020262 267.1357  92.7409 14.32318987353593
COSMOS 1867 COOLANT
1 43325U 87060AS  21286.25583353  .00000081  00000-0  66981-4 0  9994
2 43325  65.0095 118.7296 0020251 267.0646  92.8121 14.32319315353735
COSMOS 1867 COOLANT
1 43325U 87060AS  21287.79191163  .00000088  00000-0  69383-4 0  9994
2 43325  65.0094 114.4219 0020236 266.9323  92.9446 14.32319828353959
COSMOS 1867 COOLANT
1 43325U 87060AS  21287.79191163  .00000088  00000-0  69383-4 0  9994
2 43325  65.0094 114.4219 0020236 266.9323  92.9446 14.32319828353959
COSMOS 1867 COOLANT
1 43325U 87060AS  21288.21084185  .00000088  00000-0  69392-4 0  9997
2 43325  65.0094 113.2471 0020230 266.9252  92.9518 14.32320009354012
COSMOS 1867 COOLANT
1 43325U 87060AS  21288.76941542  .00000082  00000-0  67462-4 0  9996
2 43325  65.0094 111.6806 0020226 266.8594  93.0176 14.32320206354098
COSMOS 1867 COOLANT
1 43325U 87060AS  21289.11852387  .00000078  00000-0  65689-4 0  9998
2 43325  65.0094 110.7016 0020226 266.8554  93.0216 14.32320330354146
COSMOS 1867 COOLANT
1 43325U 87060AS  21290.23567078  .00000068  00000-0  62118-4 0  9996
2 43325  65.0096 107.5687 0020222 266.7892  93.0879 14.32320690354308
COSMOS 1867 COOLANT
1 43325U 87060AS  21290.23567078  .00000068  00000-0  62118-4 0  9996
2 43325  65.0096 107.5687 0020222 266.7892  93.0879 14.32320690354308
COSMOS 1867 COOLANT
1 43325U 87060AS  21291.21317403  .00000086  00000-0  68932-4 0  9990
2 43325  65.0097 104.8274 0020219 266.7283  93.1489 14.32321136354440
COSMOS 1867 COOLANT
1 43325U 87060AS  21291.77174727  .00000083  00000-0  67505-4 0  9993
2 43325  65.0097 103.2610 0020216 266.6696  93.2076 14.32321287354520
COSMOS 1867 COOLANT
1 43325U 87060AS  21292.19067713  .00000084  00000-0  68162-4 0  9997
2 43325  65.0098 102.0862 0020211 266.6614  93.2159 14.32321445354586
COSMOS 1867 COOLANT
1 43325U 87060AS  21292.74925018  .00000071  00000-0  63425-4 0  9992
2 43325  65.0098 100.5198 0020210 266.6001  93.2772 14.32321574354663
COSMOS 1867 COOLANT
1 43325U 87060AS  21292.88889343  .00000085  00000-0  68347-4 0  9990
2 43325  65.0098 100.1282 0020206 266.5977  93.2797 14.32321700354689
COSMOS 1867 COOLANT
1 43325U 87060AS  21293.16817988  .00000082  00000-0  67440-4 0  9998
2 43325  65.0099  99.3450 0020205 266.5916  93.2858 14.32321812354725
COSMOS 1867 COOLANT
1 43325U 87060AS  21293.72675277  .00000069  00000-0  62675-4 0  9993
2 43325  65.0099  97.7786 0020204 266.5334  93.3440 14.32321966354809
COSMOS 1867 COOLANT
1 43325U 87060AS  21294.14568238  .00000058  00000-0  58449-4 0  9990
2 43325  65.0100  96.6038 0020204 266.5328  93.3445 14.32322091354864
COSMOS 1867 COOLANT
1 43325U 87060AS  21295.05336306  .00000043  00000-0  52930-4 0  9993
2 43325  65.0101  94.0584 0020206 266.4798  93.3976 14.32322390354990
COSMOS 1867 COOLANT
1 43325U 87060AS  21295.05336306  .00000043  00000-0  52930-4 0  9993
2 43325  65.0101  94.0584 0020206 266.4798  93.3976 14.32322390354990
COSMOS 1867 COOLANT
1 43325U 87060AS  21295.68175729  .00000037  00000-0  50856-4 0  9990
2 43325  65.0102  92.2962 0020216 266.4217  93.4556 14.32322581355086
COSMOS 1867 COOLANT
1 43325U 87060AS  21296.17050834  .00000043  00000-0  52976-4 0  9996
2 43325  65.0103  90.9256 0020217 266.4196  93.4576 14.32322767355151
COSMOS 1867 COOLANT
1 43325U 87060AS  21297.14801035  .00000053  00000-0  56703-4 0  9994
2 43325  65.0104  88.1844 0020220 266.3590  93.5182 14.32323071355293
COSMOS 1867 COOLANT
1 43325U 87060AS  21297.14801035  .00000053  00000-0  56703-4 0  9994
2 43325  65.0104  88.1844 0020220 266.3590  93.5182 14.32323071355293
COSMOS 1867 COOLANT
1 43325U 87060AS  21297.84622602  .00000066  00000-0  61318-4 0  9994
2 43325  65.0105  86.2264 0020219 266.3062  93.5711 14.32323289355391
COSMOS 1867 COOLANT
1 43325U 87060AS  21298.89354916  .00000087  00000-0  69001-4 0  9990
2 43325  65.0107  83.2894 0020217 266.2431  93.6342 14.32323709355541
COSMOS 1867 COOLANT
1 43325U 87060AS  21299.66158588  .00000098  00000-0  73212-4 0  9994
2 43325  65.0108  81.1357 0020223 266.1895  93.6878 14.32324052355651
COSMOS 1867 COOLANT
1 43325U 87060AS  21300.01069341  .00000102  00000-0  74830-4 0  9997
2 43325  65.0109  80.1567 0020219 266.1859  93.6914 14.32324228355701
COSMOS 1867 COOLANT
1 43325U 87060AS  21301.12783731  .00000115  00000-0  79421-4 0  9991
2 43325  65.0111  77.0240 0020227 266.1361  93.7411 14.32324745355868
COSMOS 1867 COOLANT
1 43325U 87060AS  21302.10533797  .00000159  00000-0  95736-4 0  9990
2 43325  65.0113  74.2829 0020238 266.0892  93.7879 14.32325349356008
COSMOS 1867 COOLANT
1 43325U 87060AS  21302.10533797  .00000159  00000-0  95736-4 0  9990
2 43325  65.0113  74.2829 0020238 266.0892  93.7879 14.32325349356008
COSMOS 1867 COOLANT
1 43325U 87060AS  21302.80355245  .00000180  00000-0  10331-3 0  9998
2 43325  65.0115  72.3250 0020242 266.0420  93.8350 14.32325754356105
COSMOS 1867 COOLANT
1 43325U 87060AS  21303.08283815  .00000193  00000-0  10823-3 0  9992
2 43325  65.0115  71.5418 0020243 266.0418  93.8353 14.32325965356141
COSMOS 1867 COOLANT
1 43325U 87060AS  21304.06033811  .00000190  00000-0  10728-3 0  9991
2 43325  65.0118  68.8009 0020241 265.9883  93.8888 14.32326398356280
COSMOS 1867 COOLANT
1 43325U 87060AS  21304.82837345  .00000174  00000-0  10106-3 0  9991
2 43325  65.0119  66.6472 0020242 265.9406  93.9365 14.32326724356399
COSMOS 1867 COOLANT
1 43325U 87060AS  21304.82837345  .00000174  00000-0  10106-3 0  9991
2 43325  65.0119  66.6472 0020242 265.9406  93.9365 14.32326724356399
COSMOS 1867 COOLANT
1 43325U 87060AS  21305.03783756  .00000169  00000-0  99421-4 0  9993
2 43325  65.0119  66.0599 0020240 265.9404  93.9367 14.32326836356429
COSMOS 1867 COOLANT
1 43325U 87060AS  21305.73605131  .00000151  00000-0  92579-4 0  9998
2 43325  65.0120  64.1020 0020244 265.8968  93.9803 14.32327120356520
COSMOS 1867 COOLANT
1 43325U 87060AS  21305.94551536  .00000145  00000-0  90645-4 0  9995
2 43325  65.0121  63.5147 0020245 265.8960  93.9811 14.32327233356554
COSMOS 1867 COOLANT
1 43325U 87060AS  21306.78337141  .00000182  00000-0  10408-3 0  9991
2 43325  65.0122  61.1652 0020251 265.8565  94.0205 14.32327929356672
COSMOS 1867 COOLANT
1 43325U 87060AS  21307.76086985  .00000219  00000-0  11782-3 0  9994
2 43325  65.0124  58.4242 0020256 265.8118  94.0651 14.32328673356815
COSMOS 1867 COOLANT
1 43325U 87060AS  21307.76086985  .00000219  00000-0  11782-3 0  9994
2 43325  65.0124  58.4242 0020256 265.8118  94.0651 14.32328673356815
COSMOS 1867 COOLANT
1 43325U 87060AS  21308.59872342  .00000583  00000-0  25212-3 0  9993
2 43325  65.0125  56.0747 0020259 265.7500  94.1270 14.32331674356933
COSMOS 1867 COOLANT
1 43325U 87060AS  21308.73836584  .00000576  00000-0  24947-3 0  9993
2 43325  65.0125  55.6832 0020261 265.7501  94.1269 14.32331752356954
COSMOS 1867 COOLANT
1 43325U 87060AS  21309.57622331  .00000183  00000-0  10436-3 0  9991
2 43325  65.0126  53.3337 0020266 265.7114  94.1655 14.32329395357078
COSMOS 1867 COOLANT
1 43325U 87060AS  21309.99515080  .00000176  00000-0  10206-3 0  9996
2 43325  65.0127  52.1590 0020267 265.7137  94.1631 14.32329606357139
COSMOS 1867 COOLANT
1 43325U 87060AS  21309.99515080  .00000176  00000-0  10206-3 0  9996
2 43325  65.0127  52.1590 0020267 265.7137  94.1631 14.32329606357139
COSMOS 1867 COOLANT
1 43325U 87060AS  21311.53121775  .00000143  00000-0  89905-4 0  9990
2 43325  65.0129  47.8517 0020266 265.6203  94.2566 14.32330332357353
COSMOS 1867 COOLANT
1 43325U 87060AS  21311.88032372  .00000132  00000-0  85822-4 0  9994
2 43325  65.0129  46.8728 0020269 265.6260  94.2508 14.32330497357406
COSMOS 1867 COOLANT
1 43325U 87060AS  21312.50871440  .00000118  00000-0  80670-4 0  9991
2 43325  65.0130  45.1108 0020277 265.5898  94.2870 14.32330780357493
COSMOS 1867 COOLANT
1 43325U 87060AS  21312.50871440  .00000118  00000-0  80670-4 0  9991
2 43325  65.0130  45.1108 0020277 265.5898  94.2870 14.32330780357493
COSMOS 1867 COOLANT
1 43325U 87060AS  21314.53352824  .00000102  00000-0  74649-4 0  9998
2 43325  65.0132  39.4332 0020290 265.5116  94.3651 14.32331640357784
COSMOS 1867 COOLANT
1 43325U 87060AS  21314.53352824  .00000102  00000-0  74649-4 0  9998
2 43325  65.0132  39.4332 0020290 265.5116  94.3651 14.32331640357784
COSMOS 1867 COOLANT
1 43325U 87060AS  21315.51102420  .00000097  00000-0  72851-4 0  9998
2 43325  65.0133  36.6923 0020289 265.4682  94.4085 14.32332011357926
COSMOS 1867 COOLANT
1 43325U 87060AS  21316.48851988  .00000083  00000-0  67578-4 0  9990
2 43325  65.0133  33.9514 0020290 265.4315  94.4452 14.32332349358065
COSMOS 1867 COOLANT
1 43325U 87060AS  21316.69798322  .00000079  00000-0  66072-4 0  9998
2 43325  65.0132  33.3640 0020287 265.4206  94.4561 14.32332415358091
COSMOS 1867 COOLANT
1 43325U 87060AS  21316.69798322  .00000079  00000-0  66072-4 0  9998
2 43325  65.0132  33.3640 0020287 265.4206  94.4561 14.32332415358091
COSMOS 1867 COOLANT
1 43325U 87060AS  21317.46601531  .00000062  00000-0  59733-4 0  9997
2 43325  65.0132  31.2104 0020289 265.3839  94.4928 14.32332655358202
COSMOS 1867 COOLANT
1 43325U 87060AS  21317.81512078  .00000053  00000-0  56564-4 0  9992
2 43325  65.0132  30.2315 0020298 265.3986  94.4780 14.32332751358256
COSMOS 1867 COOLANT
1 43325U 87060AS  21318.44351057  .00000050  00000-0  55493-4 0  9997
2 43325  65.0132  28.4695 0020302 265.3578  94.5188 14.32332956358349
COSMOS 1867 COOLANT
1 43325U 87060AS  21318.93225813  .00000046  00000-0  53950-4 0  9992
2 43325  65.0132  27.0989 0020312 265.3868  94.4896 14.32333089358414
COSMOS 1867 COOLANT
1 43325U 87060AS  21318.93225813  .00000046  00000-0  53950-4 0  9992
2 43325  65.0132  27.0989 0020312 265.3868  94.4896 14.32333089358414
COSMOS 1867 COOLANT
1 43325U 87060AS  21319.90975321  .00000062  00000-0  60053-4 0  9996
2 43325  65.0132  24.3579 0020318 265.3614  94.5150 14.32333425358557
COSMOS 1867 COOLANT
1 43325U 87060AS  21320.46832171  .00000078  00000-0  65736-4 0  9994
2 43325  65.0131  22.7917 0020319 265.3198  94.5567 14.32333644358636
COSMOS 1867 COOLANT
1 43325U 87060AS  21321.44581652  .00000078  00000-0  65876-4 0  9993
2 43325  65.0131  20.0507 0020314 265.2836  94.5929 14.32333891358776
COSMOS 1867 COOLANT
1 43325U 87060AS  21321.44581652  .00000078  00000-0  65876-4 0  9993
2 43325  65.0131  20.0507 0020314 265.2836  94.5929 14.32333891358776
COSMOS 1867 COOLANT
1 43325U 87060AS  21321.86474275  .00000078  00000-0  65721-4 0  9990
2 43325  65.0130  18.8759 0020322 265.3089  94.5675 14.32334018358836
COSMOS 1867 COOLANT
1 43325U 87060AS  21322.56295308  .00000068  00000-0  62100-4 0  9993
2 43325  65.0129  16.9180 0020315 265.2587  94.6178 14.32334188358933
COSMOS 1867 COOLANT
1 43325U 87060AS  21322.77241613  .00000061  00000-0  59686-4 0  9994
2 43325  65.0129  16.3306 0020314 265.2508  94.6257 14.32334239358967
COSMOS 1867 COOLANT
1 43325U 87060AS  21323.88955227  .00000051  00000-0  55873-4 0  9993
2 43325  65.0128  13.1980 0020318 265.2313  94.6452 14.32334585359127
COSMOS 1867 COOLANT
1 43325U 87060AS  21323.88955227  .00000051  00000-0  55873-4 0  9993
2 43325  65.0128  13.1980 0020318 265.2313  94.6452 14.32334585359127
COSMOS 1867 COOLANT
1 43325U 87060AS  21324.37829925  .00000054  00000-0  56928-4 0  9998
2 43325  65.0128  11.8275 0020322 265.1971  94.6794 14.32334761359195
COSMOS 1867 COOLANT
1 43325U 87060AS  21324.86704623  .00000051  00000-0  56017-4 0  9995
2 43325  65.0127  10.4570 0020325 265.2136  94.6628 14.32334887359267
COSMOS 1867 COOLANT
1 43325U 87060AS  21325.49543517  .00000052  00000-0  56090-4 0  9990
2 43325  65.0127   8.6949 0020325 265.1798  94.6966 14.32335042359358
COSMOS 1867 COOLANT
1 43325U 87060AS  21325.84454007  .00000061  00000-0  59364-4 0  9991
2 43325  65.0126   7.7159 0020321 265.1800  94.6965 14.32335190359409
COSMOS 1867 COOLANT
1 43325U 87060AS  21326.12382398  .00000061  00000-0  59458-4 0  9990
2 43325  65.0126   6.9328 0020316 265.1404  94.7361 14.32335280359447
COSMOS 1867 COOLANT
1 43325U 87060AS  21326.54274984  .00000059  00000-0  58898-4 0  9991
2 43325  65.0125   5.7581 0020314 265.1291  94.7475 14.32335363359501
COSMOS 1867 COOLANT
1 43325U 87060AS  21327.59006417  .00000057  00000-0  58084-4 0  9996
2 43325  65.0124   2.8212 0020307 265.0943  94.7824 14.32335689359659
COSMOS 1867 COOLANT
1 43325U 87060AS  21328.56755728  .00000044  00000-0  53238-4 0  9992
2 43325  65.0123   0.0801 0020305 265.0741  94.8026 14.32335972359791
COSMOS 1867 COOLANT
1 43325U 87060AS  21328.56755728  .00000044  00000-0  53238-4 0  9992
2 43325  65.0123   0.0801 0020305 265.0741  94.8026 14.32335972359791
COSMOS 1867 COOLANT
1 43325U 87060AS  21329.54505017  .00000040  00000-0  51759-4 0  9997
2 43325  65.0122 357.3390 0020299 265.0336  94.8431 14.32336303359938
COSMOS 1867 COOLANT
1 43325U 87060AS  21330.52254295  .00000051  00000-0  55753-4 0  9996
2 43325  65.0121 354.5978 0020302 265.0252  94.8515 14.32336638360071
COSMOS 1867 COOLANT
1 43325U 87060AS  21330.80182657  .00000053  00000-0  56734-4 0  9991
2 43325  65.0120 353.8146 0020300 265.0316  94.8452 14.32336730360116
COSMOS 1867 COOLANT
1 43325U 87060AS  21330.80182657  .00000053  00000-0  56734-4 0  9991
2 43325  65.0120 353.8146 0020300 265.0316  94.8452 14.32336730360116
COSMOS 1867 COOLANT
1 43325U 87060AS  21331.50003559  .00000067  00000-0  61920-4 0  9990
2 43325  65.0120 351.8566 0020301 265.0245  94.8522 14.32336958360213
COSMOS 1867 COOLANT
1 43325U 87060AS  21331.77931914  .00000073  00000-0  63851-4 0  9996
2 43325  65.0119 351.0734 0020297 265.0294  94.8474 14.32337064360257
COSMOS 1867 COOLANT
1 43325U 87060AS  21332.47752800  .00000082  00000-0  67304-4 0  9996
2 43325  65.0118 349.1154 0020289 264.9915  94.8854 14.32337282360354
COSMOS 1867 COOLANT
1 43325U 87060AS  21332.75681146  .00000080  00000-0  66706-4 0  9994
2 43325  65.0118 348.3321 0020284 264.9956  94.8814 14.32337368360396
COSMOS 1867 COOLANT
1 43325U 87060AS  21333.45502002  .00000093  00000-0  71316-4 0  9992
2 43325  65.0117 346.3741 0020278 264.9620  94.9150 14.32337676360497
COSMOS 1867 COOLANT
1 43325U 87060AS  21333.45502002  .00000093  00000-0  71316-4 0  9992
2 43325  65.0117 346.3741 0020278 264.9620  94.9150 14.32337676360497
COSMOS 1867 COOLANT
1 43325U 87060AS  21333.73430342  .00000084  00000-0  67963-4 0  9993
2 43325  65.0117 345.5909 0020276 264.9705  94.9065 14.32337737360534
COSMOS 1867 COOLANT
1 43325U 87060AS  21334.29287011  .00000079  00000-0  66120-4 0  9996
2 43325  65.0117 344.0245 0020273 264.9358  94.9413 14.32337933360616
COSMOS 1867 COOLANT
1 43325U 87060AS  21334.64197427  .00000074  00000-0  64286-4 0  9992
2 43325  65.0117 343.0454 0020270 264.9458  94.9313 14.32338055360665
COSMOS 1867 COOLANT
1 43325U 87060AS  21335.27036162  .00000084  00000-0  68138-4 0  9991
2 43325  65.0117 341.2832 0020266 264.9065  94.9707 14.32338371360752
COSMOS 1867 COOLANT
1 43325U 87060AS  21336.59695700  .00000071  00000-0  63141-4 0  9991
2 43325  65.0116 337.5629 0020254 264.9016  94.9757 14.32338774360949
COSMOS 1867 COOLANT
1 43325U 87060AS  21336.73659861  .00000073  00000-0  64002-4 0  9994
2 43325  65.0116 337.1713 0020254 264.9227  94.9546 14.32338829360962
COSMOS 1867 COOLANT
1 43325U 87060AS  21336.73659861  .00000073  00000-0  64002-4 0  9994
2 43325  65.0116 337.1713 0020254 264.9227  94.9546 14.32338829360962
COSMOS 1867 COOLANT
1 43325U 87060AS  21337.29516493  .00000075  00000-0  64653-4 0  9993
2 43325  65.0116 335.6050 0020249 264.8791  94.9983 14.32339017361043
COSMOS 1867 COOLANT
1 43325U 87060AS  21338.27265579  .00000081  00000-0  67034-4 0  9991
2 43325  65.0115 332.8637 0020234 264.8371  95.0404 14.32339393361182
COSMOS 1867 COOLANT
1 43325U 87060AS  21338.69158031  .00000078  00000-0  65789-4 0  9992
2 43325  65.0115 331.6889 0020224 264.8418  95.0359 14.32339556361246
COSMOS 1867 COOLANT
1 43325U 87060AS  21339.45960857  .00000067  00000-0  61759-4 0  9995
2 43325  65.0115 329.5351 0020213 264.8053  95.0725 14.32339797361355
COSMOS 1867 COOLANT
1 43325U 87060AS  21339.45960857  .00000067  00000-0  61759-4 0  9995
2 43325  65.0115 329.5351 0020213 264.8053  95.0725 14.32339797361355
COSMOS 1867 COOLANT
1 43325U 87060AS  21339.66907077  .00000062  00000-0  59804-4 0  9996
2 43325  65.0115 328.9477 0020209 264.8084  95.0695 14.32339869361385
COSMOS 1867 COOLANT
1 43325U 87060AS  21340.57674027  .00000042  00000-0  52700-4 0  9990
2 43325  65.0114 326.4023 0020200 264.7807  95.0972 14.32340134361517
COSMOS 1867 COOLANT
1 43325U 87060AS  21340.71638174  .00000041  00000-0  52303-4 0  9997
2 43325  65.0114 326.0106 0020197 264.7952  95.0828 14.32340173361536
COSMOS 1867 COOLANT
1 43325U 87060AS  21341.41458896  .00000037  00000-0  50861-4 0  9998
2 43325  65.0114 324.0526 0020190 264.7667  95.1114 14.32340384361630
COSMOS 1867 COOLANT
1 43325U 87060AS  21341.69387183  .00000034  00000-0  49517-4 0  9991
2 43325  65.0114 323.2693 0020186 264.7804  95.0978 14.32340451361670
COSMOS 1867 COOLANT
1 43325U 87060AS  21342.39207903  .00000037  00000-0  50849-4 0  9993
2 43325  65.0114 321.3113 0020177 264.7483  95.1299 14.32340629361774
COSMOS 1867 COOLANT
1 43325U 87060AS  21342.95064471  .00000037  00000-0  50839-4 0  9995
2 43325  65.0114 319.7449 0020167 264.7303  95.1481 14.32340766361851
COSMOS 1867 COOLANT
1 43325U 87060AS  21343.64885177  .00000047  00000-0  54300-4 0  9994
2 43325  65.0115 317.7868 0020153 264.7276  95.1509 14.32340945361950
COSMOS 1867 COOLANT
1 43325U 87060AS  21344.34705873  .00000049  00000-0  55081-4 0  9995
2 43325  65.0115 315.8288 0020138 264.6959  95.1828 14.32341113362059
COSMOS 1867 COOLANT
1 43325U 87060AS  21344.62634145  .00000047  00000-0  54258-4 0  9992
2 43325  65.0115 315.0455 0020133 264.7040  95.1748 14.32341187362090
COSMOS 1867 COOLANT
1 43325U 87060AS  21345.39436893  .00000036  00000-0  50290-4 0  9997
2 43325  65.0115 312.8917 0020116 264.6671  95.2119 14.32341347362202
COSMOS 1867 COOLANT
1 43325U 87060AS  21346.51149951  .00000014  00000-0  42129-4 0  9996
2 43325  65.0116 309.7589 0020098 264.6409  95.2383 14.32341597362368
COSMOS 1867 COOLANT
1 43325U 87060AS  21346.51149951  .00000014  00000-0  42129-4 0  9996
2 43325  65.0116 309.7589 0020098 264.6409  95.2383 14.32341597362368
COSMOS 1867 COOLANT
1 43325U 87060AS  21347.27952673  .00000005  00000-0  39031-4 0  9991
2 43325  65.0116 307.6051 0020086 264.6133  95.2660 14.32341748362478
COSMOS 1867 COOLANT
1 43325U 87060AS  21347.62862997  .00000009  00000-0  40543-4 0  9993
2 43325  65.0117 306.6261 0020078 264.6194  95.2600 14.32341868362522
COSMOS 1867 COOLANT
1 43325U 87060AS  21348.25701583  .00000011  00000-0  40920-4 0  9998
2 43325  65.0117 304.8640 0020068 264.5853  95.2943 14.32341990362619
COSMOS 1867 COOLANT
1 43325U 87060AS  21348.60611905  .00000016  00000-0  42898-4 0  9996
2 43325  65.0117 303.8850 0020058 264.5926  95.2871 14.32342097362665
COSMOS 1867 COOLANT
1 43325U 87060AS  21348.60611905  .00000016  00000-0  42898-4 0  9996
2 43325  65.0117 303.8850 0020058 264.5926  95.2871 14.32342097362665
COSMOS 1867 COOLANT
1 43325U 87060AS  21349.30432546  .00000020  00000-0  44450-4 0  9997
2 43325  65.0117 301.9271 0020040 264.5447  95.3352 14.32342242362768
COSMOS 1867 COOLANT
1 43325U 87060AS  21349.58360795  .00000027  00000-0  46938-4 0  9993
2 43325  65.0117 301.1439 0020031 264.5479  95.3321 14.32342356362808
COSMOS 1867 COOLANT
1 43325U 87060AS  21351.11966140  .00000029  00000-0  47811-4 0  9994
2 43325  65.0117 296.8365 0019999 264.4656  95.4148 14.32342800363020
COSMOS 1867 COOLANT
1 43325U 87060AS  21351.46876437  .00000035  00000-0  49819-4 0  9998
2 43325  65.0117 295.8575 0019990 264.4715  95.4089 14.32342950363074
COSMOS 1867 COOLANT
1 43325U 87060AS  21352.09714965  .00000033  00000-0  49293-4 0  9999
2 43325  65.0118 294.0954 0019983 264.4328  95.4478 14.32343141363164
COSMOS 1867 COOLANT
1 43325U 87060AS  21352.58589373  .00000053  00000-0  56628-4 0  9998
2 43325  65.0118 292.7248 0019972 264.4407  95.4400 14.32343399363239
COSMOS 1867 COOLANT
1 43325U 87060AS  21353.28409945  .00000072  00000-0  63496-4 0  9994
2 43325  65.0118 290.7669 0019958 264.4149  95.4660 14.32343696363330
COSMOS 1867 COOLANT
1 43325U 87060AS  21353.28409945  .00000072  00000-0  63496-4 0  9994
2 43325  65.0118 290.7669 0019958 264.4149  95.4660 14.32343696363330
COSMOS 1867 COOLANT
1 43325U 87060AS  21353.56338172  .00000080  00000-0  66532-4 0  9991
2 43325  65.0118 289.9838 0019952 264.4227  95.4583 14.32343818363373
COSMOS 1867 COOLANT
1 43325U 87060AS  21354.54086936  .00000130  00000-0  84838-4 0  9993
2 43325  65.0118 287.2427 0019928 264.3941  95.4871 14.32344392363517
COSMOS 1867 COOLANT
1 43325U 87060AS  21355.51835663  .00000150  00000-0  92493-4 0  9998
2 43325  65.0118 284.5017 0019901 264.3413  95.5402 14.32344879363653
COSMOS 1867 COOLANT
1 43325U 87060AS  21355.51835663  .00000150  00000-0  92493-4 0  9998
2 43325  65.0118 284.5017 0019901 264.3413  95.5402 14.32344879363653
COSMOS 1867 COOLANT
1 43325U 87060AS  21357.40350925  .00000180  00000-0  10328-3 0  9990
2 43325  65.0118 279.2153 0019859 264.2637  95.6184 14.32346084363922
COSMOS 1867 COOLANT
1 43325U 87060AS  21358.38099522  .00000173  00000-0  10092-3 0  9991
2 43325  65.0118 276.4743 0019838 264.2365  95.6458 14.32346647364066
COSMOS 1867 COOLANT
1 43325U 87060AS  21358.38099522  .00000173  00000-0  10092-3 0  9991
2 43325  65.0118 276.4743 0019838 264.2365  95.6458 14.32346647364066
COSMOS 1867 COOLANT
1 43325U 87060AS  21359.49812165  .00000164  00000-0  97618-4 0  9990
2 43325  65.0117 273.3417 0019812 264.2067  95.6759 14.32347234364225
COSMOS 1867 COOLANT
1 43325U 87060AS  21360.19632552  .00000155  00000-0  94314-4 0  9999
2 43325  65.0116 271.3838 0019794 264.1628  95.7200 14.32347535364327
COSMOS 1867 COOLANT
1 43325U 87060AS  21361.45309194  .00000150  00000-0  92151-4 0  9994
2 43325  65.0115 267.8597 0019758 264.1219  95.7613 14.32348179364507
COSMOS 1867 COOLANT
1 43325U 87060AS  21361.45309194  .00000150  00000-0  92151-4 0  9994
2 43325  65.0115 267.8597 0019758 264.1219  95.7613 14.32348179364507
COSMOS 1867 COOLANT
1 43325U 87060AS  21363.33824038  .00000120  00000-0  81379-4 0  9999
2 43325  65.0112 262.5734 0019710 264.0503  95.8335 14.32349086364771
COSMOS 1867 COOLANT
1 43325U 87060AS  21364.17608381  .00000118  00000-0  80447-4 0  9995
2 43325  65.0111 260.2240 0019692 264.0204  95.8636 14.32349477364895
COSMOS 1867 COOLANT
1 43325U 87060AS  21364.17608381  .00000118  00000-0  80447-4 0  9995
2 43325  65.0111 260.2240 0019692 264.0204  95.8636 14.32349477364895
COSMOS 1867 COOLANT
1 43325U 87060AS  21365.15356765  .00000101  00000-0  74100-4 0  9991
2 43325  65.0110 257.4829 0019672 263.9889  95.8954 14.32349782365039
COSMOS 1867 COOLANT
1 43325U 87060AS  22004.27296060  .00000067  00000-0  61853-4 0  9998
2 43325  65.0106 245.9310 0019576 263.8154  96.0701 14.32351329365626
COSMOS 1867 COOLANT
1 43325U 87060AS  22004.27296060  .00000067  00000-0  61853-4 0  9998
2 43325  65.0106 245.9310 0019576 263.8154  96.0701 14.32351329365626
COSMOS 1867 COOLANT
1 43325U 87060AS  22005.11080270  .00000047  00000-0  54218-4 0  9991
2 43325  65.0105 243.5815 0019549 263.7349  96.1509 14.32351547365746
COSMOS 1867 COOLANT
1 43325U 87060AS  22005.94864466  .00000042  00000-0  52417-4 0  9993
2 43325  65.0104 241.2320 0019541 263.7177  96.1682 14.32351805365864
COSMOS 1867 COOLANT
1 43325U 87060AS  22006.36756559  .00000041  00000-0  52044-4 0  9998
2 43325  65.0103 240.0572 0019527 263.7242  96.1618 14.32351943365925
COSMOS 1867 COOLANT
1 43325U 87060AS  22006.36756559  .00000041  00000-0  52044-4 0  9998
2 43325  65.0103 240.0572 0019527 263.7242  96.1618 14.32351943365925
COSMOS 1867 COOLANT
1 43325U 87060AS  22007.34504771  .00000041  00000-0  52052-4 0  9993
2 43325  65.0102 237.3161 0019504 263.6777  96.2086 14.32352213366061
COSMOS 1867 COOLANT
1 43325U 87060AS  22008.32252960  .00000038  00000-0  51083-4 0  9991
2 43325  65.0100 234.5750 0019482 263.6291  96.2575 14.32352487366200
COSMOS 1867 COOLANT
1 43325U 87060AS  22009.30001118  .00000043  00000-0  52953-4 0  9990
2 43325  65.0098 231.8338 0019461 263.5910  96.2959 14.32352850366347
COSMOS 1867 COOLANT
1 43325U 87060AS  22009.30001118  .00000043  00000-0  52953-4 0  9990
2 43325  65.0098 231.8338 0019461 263.5910  96.2959 14.32352850366347
COSMOS 1867 COOLANT
1 43325U 87060AS  22010.20767257  .00000036  00000-0  50395-4 0  9994
2 43325  65.0097 229.2884 0019449 263.5514  96.3356 14.32353077366477
COSMOS 1867 COOLANT
1 43325U 87060AS  22010.83605347  .00000033  00000-0  49127-4 0  9992
2 43325  65.0096 227.5263 0019441 263.5110  96.3761 14.32353206366566
COSMOS 1867 COOLANT
1 43325U 87060AS  22011.32479412  .00000044  00000-0  53148-4 0  9999
2 43325  65.0096 226.1556 0019433 263.5189  96.3683 14.32353370366636
COSMOS 1867 COOLANT
1 43325U 87060AS  22011.32479412  .00000044  00000-0  53148-4 0  9999
2 43325  65.0096 226.1556 0019433 263.5189  96.3683 14.32353370366636
COSMOS 1867 COOLANT
1 43325U 87060AS  22012.30227533  .00000059  00000-0  58705-4 0  9993
2 43325  65.0095 223.4144 0019415 263.4773  96.4102 14.32353638366775
COSMOS 1867 COOLANT
1 43325U 87060AS  22013.27975631  .00000082  00000-0  67233-4 0  9991
2 43325  65.0095 220.6731 0019396 263.4269  96.4608 14.32353985366916
COSMOS 1867 COOLANT
1 43325U 87060AS  22014.25723695  .00000093  00000-0  71165-4 0  9992
2 43325  65.0094 217.9319 0019378 263.3846  96.5033 14.32354361367054
COSMOS 1867 COOLANT
1 43325U 87060AS  22014.25723695  .00000093  00000-0  71165-4 0  9992
2 43325  65.0094 217.9319 0019378 263.3846  96.5033 14.32354361367054
COSMOS 1867 COOLANT
1 43325U 87060AS  22014.81579714  .00000094  00000-0  71834-4 0  9999
2 43325  65.0094 216.3655 0019370 263.3385  96.5495 14.32354592367137
COSMOS 1867 COOLANT
1 43325U 87060AS  22015.16489714  .00000110  00000-0  77642-4 0  9990
2 43325  65.0094 215.3865 0019365 263.3437  96.5444 14.32354857367184
COSMOS 1867 COOLANT
1 43325U 87060AS  22016.28201698  .00000123  00000-0  82486-4 0  9993
2 43325  65.0094 212.2537 0019352 263.3114  96.5768 14.32355448367348
COSMOS 1867 COOLANT
1 43325U 87060AS  22017.25949658  .00000118  00000-0  80707-4 0  9994
2 43325  65.0094 209.5124 0019342 263.2785  96.6099 14.32355845367485
COSMOS 1867 COOLANT
1 43325U 87060AS  22017.81805628  .00000113  00000-0  78569-4 0  9992
2 43325  65.0094 207.9460 0019339 263.2323  96.6561 14.32356024367567
COSMOS 1867 COOLANT
1 43325U 87060AS  22018.23697580  .00000131  00000-0  85401-4 0  9998
2 43325  65.0094 206.7712 0019330 263.2400  96.6485 14.32356357367622
COSMOS 1867 COOLANT
1 43325U 87060AS  22018.79553524  .00000126  00000-0  83367-4 0  9991
2 43325  65.0095 205.2048 0019326 263.1927  96.6959 14.32356572367701
COSMOS 1867 COOLANT
1 43325U 87060AS  22018.79553524  .00000126  00000-0  83367-4 0  9991
2 43325  65.0095 205.2048 0019326 263.1927  96.6959 14.32356572367701
COSMOS 1867 COOLANT
1 43325U 87060AS  22019.00499494  .00000142  00000-0  89259-4 0  9995
2 43325  65.0094 204.6174 0019323 263.1904  96.6982 14.32356772367736
COSMOS 1867 COOLANT
1 43325U 87060AS  22019.77301374  .00000150  00000-0  92498-4 0  9996
2 43325  65.0094 202.4636 0019314 263.1416  96.7471 14.32357254367845
COSMOS 1867 COOLANT
1 43325U 87060AS  22020.75049213  .00000105  00000-0  75789-4 0  9991
2 43325  65.0095 199.7224 0019306 263.0890  96.7998 14.32357524367982
COSMOS 1867 COOLANT
1 43325U 87060AS  22021.09959143  .00000093  00000-0  71168-4 0  9994
2 43325  65.0095 198.7434 0019301 263.0975  96.7914 14.32357665368034
COSMOS 1867 COOLANT
1 43325U 87060AS  22021.09959143  .00000093  00000-0  71168-4 0  9994
2 43325  65.0095 198.7434 0019301 263.0975  96.7914 14.32357665368034
COSMOS 1867 COOLANT
1 43325U 87060AS  22021.86760986  .00000090  00000-0  70291-4 0  9997
2 43325  65.0095 196.5896 0019298 263.0621  96.8269 14.32358021368148
COSMOS 1867 COOLANT
1 43325U 87060AS  22022.77526784  .00000092  00000-0  71058-4 0  9998
2 43325  65.0096 194.0442 0019299 263.0268  96.8622 14.32358404368279
COSMOS 1867 COOLANT
1 43325U 87060AS  22023.19418685  .00000102  00000-0  74482-4 0  9991
2 43325  65.0096 192.8694 0019291 263.0379  96.8511 14.32358615368337
COSMOS 1867 COOLANT
1 43325U 87060AS  22023.19418685  .00000102  00000-0  74482-4 0  9991
2 43325  65.0096 192.8694 0019291 263.0379  96.8511 14.32358615368337
COSMOS 1867 COOLANT
1 43325U 87060AS  22023.75274550  .00000103  00000-0  74919-4 0  9990
2 43325  65.0097 191.3030 0019289 262.9934  96.8957 14.32358800368417
COSMOS 1867 COOLANT
1 43325U 87060AS  22024.45094369  .00000106  00000-0  76156-4 0  9994
2 43325  65.0098 189.3450 0019278 262.9652  96.9240 14.32359075368518
COSMOS 1867 COOLANT
1 43325U 87060AS  22024.86986245  .00000102  00000-0  74497-4 0  9994
2 43325  65.0098 188.1702 0019277 262.9514  96.9378 14.32359205368574
COSMOS 1867 COOLANT
1 43325U 87060AS  22025.91715908  .00000124  00000-0  82656-4 0  9997
2 43325  65.0099 185.2332 0019272 262.9092  96.9802 14.32359806368724
COSMOS 1867 COOLANT
1 43325U 87060AS  22025.91715908  .00000124  00000-0  82656-4 0  9997
2 43325  65.0099 185.2332 0019272 262.9092  96.9802 14.32359806368724
COSMOS 1867 COOLANT
1 43325U 87060AS  22026.68517635  .00000108  00000-0  76754-4 0  9993
2 43325  65.0101 183.0794 0019270 262.8753  97.0141 14.32360113368830
COSMOS 1867 COOLANT
1 43325U 87060AS  22027.87211184  .00000101  00000-0  74126-4 0  9999
2 43325  65.0103 179.7509 0019268 262.8519  97.0375 14.32360653369003
COSMOS 1867 COOLANT
1 43325U 87060AS  22028.15139072  .00000101  00000-0  74190-4 0  9997
2 43325  65.0104 178.9677 0019271 262.8619  97.0275 14.32360785369045
COSMOS 1867 COOLANT
1 43325U 87060AS  22028.15139072  .00000101  00000-0  74190-4 0  9997
2 43325  65.0104 178.9677 0019271 262.8619  97.0275 14.32360785369045
COSMOS 1867 COOLANT
1 43325U 87060AS  22028.70994841  .00000091  00000-0  70545-4 0  9999
2 43325  65.0105 177.4013 0019275 262.8168  97.0725 14.32360970369122
COSMOS 1867 COOLANT
1 43325U 87060AS  22029.12886666  .00000090  00000-0  70077-4 0  9990
2 43325  65.0105 176.2266 0019266 262.8233  97.0661 14.32361148369185
COSMOS 1867 COOLANT
1 43325U 87060AS  22029.89688317  .00000133  00000-0  85871-4 0  9993
2 43325  65.0106 174.0729 0019264 262.7814  97.1081 14.32361725369298
COSMOS 1867 COOLANT
1 43325U 87060AS  22030.10634219  .00000131  00000-0  85469-4 0  9992
2 43325  65.0107 173.4855 0019259 262.7843  97.1053 14.32361823369320
COSMOS 1867 COOLANT
1 43325U 87060AS  22030.66489948  .00000153  00000-0  93513-4 0  9993
2 43325  65.0107 171.9192 0019260 262.7384  97.1511 14.32362205369402
COSMOS 1867 COOLANT
1 43325U 87060AS  22030.66489948  .00000153  00000-0  93513-4 0  9993
2 43325  65.0107 171.9192 0019260 262.7384  97.1511 14.32362205369402
COSMOS 1867 COOLANT
1 43325U 87060AS  22031.08381736  .00000147  00000-0  91372-4 0  9990
2 43325  65.0107 170.7444 0019252 262.7433  97.1463 14.32362403369467
COSMOS 1867 COOLANT
1 43325U 87060AS  22031.64237427  .00000206  00000-0  11302-3 0  9999
2 43325  65.0108 169.1781 0019250 262.7020  97.1876 14.32363064369545
COSMOS 1867 COOLANT
1 43325U 87060AS  22032.61984885  .00000195  00000-0  10879-3 0  9999
2 43325  65.0108 166.4370 0019252 262.6782  97.2115 14.32363543369689
COSMOS 1867 COOLANT
1 43325U 87060AS  22033.10858608  .00000139  00000-0  88279-4 0  9995
2 43325  65.0108 165.0664 0019251 262.6955  97.1942 14.32363496369753
COSMOS 1867 COOLANT
1 43325U 87060AS  22033.10858608  .00000139  00000-0  88279-4 0  9995
2 43325  65.0108 165.0664 0019251 262.6955  97.1942 14.32363496369753
COSMOS 1867 COOLANT
1 43325U 87060AS  22034.08606011  .00000171  00000-0  99895-4 0  9994
2 43325  65.0109 162.3253 0019251 262.6706  97.2191 14.32364173369897
COSMOS 1867 COOLANT
1 43325U 87060AS  22035.06353374  .00000231  00000-0  12224-3 0  9991
2 43325  65.0110 159.5842 0019252 262.6434  97.2463 14.32364995370032
COSMOS 1867 COOLANT
1 43325U 87060AS  22035.76172906  .00000238  00000-0  12462-3 0  9999
2 43325  65.0111 157.6264 0019242 262.5997  97.2902 14.32365370370139
COSMOS 1867 COOLANT
1 43325U 87060AS  22035.76172906  .00000238  00000-0  12462-3 0  9999
2 43325  65.0111 157.6264 0019242 262.5997  97.2902 14.32365370370139
COSMOS 1867 COOLANT
1 43325U 87060AS  22036.59956279  .00000277  00000-0  13899-3 0  9992
2 43325  65.0112 155.2769 0019242 262.5698  97.3200 14.32366132370254
COSMOS 1867 COOLANT
1 43325U 87060AS  22037.57703506  .00000258  00000-0  13212-3 0  9992
2 43325  65.0113 152.5358 0019237 262.5386  97.3513 14.32366745370399
COSMOS 1867 COOLANT
1 43325U 87060AS  22037.92613225  .00000241  00000-0  12586-3 0  9994
2 43325  65.0113 151.5569 0019243 262.5504  97.3394 14.32366904370441
COSMOS 1867 COOLANT
1 43325U 87060AS  22037.92613225  .00000241  00000-0  12586-3 0  9994
2 43325  65.0113 151.5569 0019243 262.5504  97.3394 14.32366904370441
COSMOS 1867 COOLANT
1 43325U 87060AS  22038.55450696  .00000221  00000-0  11830-3 0  9994
2 43325  65.0114 149.7948 0019248 262.5230  97.3668 14.32367255370537
COSMOS 1867 COOLANT
1 43325U 87060AS  22039.04324266  .00000211  00000-0  11474-3 0  9995
2 43325  65.0114 148.4242 0019250 262.5434  97.3464 14.32367587370609
COSMOS 1867 COOLANT
1 43325U 87060AS  22040.02071387  .00000199  00000-0  11038-3 0  9999
2 43325  65.0115 145.6832 0019252 262.5292  97.3605 14.32368208370741
COSMOS 1867 COOLANT
1 43325U 87060AS  22040.57926878  .00000236  00000-0  12405-3 0  9994
2 43325  65.0115 144.1169 0019252 262.4894  97.4004 14.32368729370826
COSMOS 1867 COOLANT
1 43325U 87060AS  22041.55673938  .00000228  00000-0  12110-3 0  9993
2 43325  65.0115 141.3759 0019253 262.4737  97.4161 14.32369306370968
COSMOS 1867 COOLANT
1 43325U 87060AS  22041.69637802  .00000227  00000-0  12066-3 0  9997
2 43325  65.0115 140.9843 0019250 262.4800  97.4098 14.32369383370981
COSMOS 1867 COOLANT
1 43325U 87060AS  22042.53420943  .00000235  00000-0  12352-3 0  9994
2 43325  65.0115 138.6349 0019240 262.4432  97.4467 14.32370013371103
COSMOS 1867 COOLANT
1 43325U 87060AS  22042.53420943  .00000235  00000-0  12352-3 0  9994
2 43325  65.0115 138.6349 0019240 262.4432  97.4467 14.32370013371103
COSMOS 1867 COOLANT
1 43325U 87060AS  22043.51167898  .00000235  00000-0  12358-3 0  9996
2 43325  65.0115 135.8938 0019234 262.4208  97.4692 14.32370715371244
COSMOS 1867 COOLANT
1 43325U 87060AS  22043.86077524  .00000209  00000-0  11407-3 0  9995
2 43325  65.0114 134.9148 0019240 262.4376  97.4523 14.32370798371298
COSMOS 1867 COOLANT
1 43325U 87060AS  22044.97788269  .00000205  00000-0  11255-3 0  9990
2 43325  65.0114 131.7821 0019242 262.4305  97.4594 14.32371515371459
COSMOS 1867 COOLANT
1 43325U 87060AS  22044.97788269  .00000205  00000-0  11255-3 0  9990
2 43325  65.0114 131.7821 0019242 262.4305  97.4594 14.32371515371459
COSMOS 1867 COOLANT
1 43325U 87060AS  22046.58372408  .00000174  00000-0  10130-3 0  9999
2 43325  65.0112 127.2788 0019231 262.3749  97.5151 14.32372227371684
COSMOS 1867 COOLANT
1 43325U 87060AS  22047.49137312  .00000184  00000-0  10492-3 0  9995
2 43325  65.0112 124.7334 0019227 262.3498  97.5403 14.32372760371816
COSMOS 1867 COOLANT
1 43325U 87060AS  22047.49137312  .00000184  00000-0  10492-3 0  9995
2 43325  65.0112 124.7334 0019227 262.3498  97.5403 14.32372760371816
COSMOS 1867 COOLANT
1 43325U 87060AS  22047.91028783  .00000191  00000-0  10748-3 0  9995
2 43325  65.0111 123.5586 0019224 262.3640  97.5262 14.32373071371872
COSMOS 1867 COOLANT
1 43325U 87060AS  22048.46884072  .00000183  00000-0  10444-3 0  9991
2 43325  65.0111 121.9922 0019221 262.3306  97.5596 14.32373368371952
COSMOS 1867 COOLANT
1 43325U 87060AS  22049.44630808  .00000152  00000-0  93092-4 0  9993
2 43325  65.0110 119.2510 0019217 262.3140  97.5763 14.32373787372092
COSMOS 1867 COOLANT
1 43325U 87060AS  22049.93504157  .00000142  00000-0  89431-4 0  9995
2 43325  65.0110 117.8804 0019212 262.3284  97.5619 14.32374048372165
COSMOS 1867 COOLANT
1 43325U 87060AS  22050.42377500  .00000151  00000-0  92506-4 0  9998
2 43325  65.0110 116.5098 0019210 262.2897  97.6007 14.32374370372231
COSMOS 1867 COOLANT
1 43325U 87060AS  22051.54087981  .00000144  00000-0  89955-4 0  9999
2 43325  65.0110 113.3771 0019210 262.2892  97.6011 14.32374894372392
COSMOS 1867 COOLANT
1 43325U 87060AS  22051.61069885  .00000145  00000-0  90334-4 0  9994
2 43325  65.0110 113.1813 0019211 262.2922  97.5982 14.32374932372403
COSMOS 1867 COOLANT
1 43325U 87060AS  22052.44852719  .00000137  00000-0  87473-4 0  9993
2 43325  65.0109 110.8317 0019207 262.2682  97.6222 14.32375273372522
COSMOS 1867 COOLANT
1 43325U 87060AS  22052.86744125  .00000146  00000-0  90902-4 0  9991
2 43325  65.0109 109.6568 0019203 262.2859  97.6045 14.32375528372580
COSMOS 1867 COOLANT
1 43325U 87060AS  22053.56563119  .00000141  00000-0  89069-4 0  9998
2 43325  65.0108 107.6988 0019196 262.2554  97.6351 14.32375846372680
COSMOS 1867 COOLANT
1 43325U 87060AS  22054.54309684  .00000119  00000-0  80978-4 0  9997
2 43325  65.0106 104.9575 0019191 262.2385  97.6521 14.32376231372821
COSMOS 1867 COOLANT
1 43325U 87060AS  22054.54309684  .00000119  00000-0  80978-4 0  9997
2 43325  65.0106 104.9575 0019191 262.2385  97.6521 14.32376231372821
COSMOS 1867 COOLANT
1 43325U 87060AS  22054.82237265  .00000116  00000-0  79948-4 0  9995
2 43325  65.0106 104.1742 0019188 262.2483  97.6423 14.32376379372862
COSMOS 1867 COOLANT
1 43325U 87060AS  22055.52056209  .00000111  00000-0  77767-4 0  9992
2 43325  65.0105 102.2161 0019188 262.2372  97.6535 14.32376711372967
COSMOS 1867 COOLANT
1 43325U 87060AS  22056.35838930  .00000102  00000-0  74475-4 0  9996
2 43325  65.0105  99.8663 0019185 262.2152  97.6754 14.32377061373084
COSMOS 1867 COOLANT
1 43325U 87060AS  22056.84712179  .00000105  00000-0  75860-4 0  9998
2 43325  65.0104  98.4956 0019179 262.2330  97.6577 14.32377280373158
COSMOS 1867 COOLANT
1 43325U 87060AS  22056.84712179  .00000105  00000-0  75860-4 0  9998
2 43325  65.0104  98.4956 0019179 262.2330  97.6577 14.32377280373158
COSMOS 1867 COOLANT
1 43325U 87060AS  22058.38313774  .00000136  00000-0  87033-4 0  9996
2 43325  65.0103  94.1877 0019164 262.1830  97.7080 14.32377999373371
COSMOS 1867 COOLANT
1 43325U 87060AS  22058.80205099  .00000155  00000-0  94197-4 0  9993
2 43325  65.0103  93.0127 0019156 262.1974  97.6936 14.32378289373436
COSMOS 1867 COOLANT
1 43325U 87060AS  22059.50023973  .00000162  00000-0  96732-4 0  9995
2 43325  65.0103  91.0546 0019147 262.1725  97.7186 14.32378602373531
COSMOS 1867 COOLANT
1 43325U 87060AS  22059.50023973  .00000162  00000-0  96732-4 0  9995
2 43325  65.0103  91.0546 0019147 262.1725  97.7186 14.32378602373531
COSMOS 1867 COOLANT
1 43325U 87060AS  22061.31552936  .00000127  00000-0  83892-4 0  9997
2 43325  65.0103  85.9635 0019130 262.1570  97.7343 14.32379348373793
COSMOS 1867 COOLANT
1 43325U 87060AS  22061.66462339  .00000111  00000-0  78022-4 0  9994
2 43325  65.0103  84.9844 0019127 262.1779  97.7135 14.32379453373843
COSMOS 1867 COOLANT
1 43325U 87060AS  22061.66462339  .00000111  00000-0  78022-4 0  9994
2 43325  65.0103  84.9844 0019127 262.1779  97.7135 14.32379453373843
COSMOS 1867 COOLANT
1 43325U 87060AS  22062.43263022  .00000135  00000-0  86774-4 0  9997
2 43325  65.0104  82.8305 0019120 262.1685  97.7229 14.32379922373959
COSMOS 1867 COOLANT
1 43325U 87060AS  22062.78172412  .00000130  00000-0  85063-4 0  9992
2 43325  65.0104  81.8514 0019115 262.1839  97.7076 14.32380074374002
COSMOS 1867 COOLANT
1 43325U 87060AS  22063.34027438  .00000151  00000-0  92823-4 0  9997
2 43325  65.0104  80.2848 0019107 262.1408  97.7508 14.32380413374083
COSMOS 1867 COOLANT
1 43325U 87060AS  22063.75918697  .00000128  00000-0  84225-4 0  9999
2 43325  65.0104  79.1099 0019097 262.1554  97.7363 14.32380488374146
COSMOS 1867 COOLANT
1 43325U 87060AS  22063.75918697  .00000128  00000-0  84225-4 0  9999
2 43325  65.0104  79.1099 0019097 262.1554  97.7363 14.32380488374146
COSMOS 1867 COOLANT
1 43325U 87060AS  22064.03846197  .00000159  00000-0  95585-4 0  9991
2 43325  65.0104  78.3267 0019092 262.1236  97.7681 14.32380794374183
COSMOS 1867 COOLANT
1 43325U 87060AS  22064.31773693  .00000189  00000-0  10669-3 0  9994
2 43325  65.0105  77.5434 0019089 262.1165  97.7753 14.32381081374223
COSMOS 1867 COOLANT
1 43325U 87060AS  22064.73664933  .00000198  00000-0  11015-3 0  9992
2 43325  65.0105  76.3685 0019077 262.1276  97.7643 14.32381353374284
COSMOS 1867 COOLANT
1 43325U 87060AS  22065.29519893  .00000238  00000-0  12462-3 0  9990
2 43325  65.0105  74.8021 0019067 262.0970  97.7951 14.32381905374364
COSMOS 1867 COOLANT
1 43325U 87060AS  22066.27266064  .00000209  00000-0  11416-3 0  9994
2 43325  65.0106  72.0606 0019049 262.0819  97.8104 14.32382328374503
COSMOS 1867 COOLANT
1 43325U 87060AS  22066.27266064  .00000209  00000-0  11416-3 0  9994
2 43325  65.0106  72.0606 0019049 262.0819  97.8104 14.32382328374503
COSMOS 1867 COOLANT
1 43325U 87060AS  22067.38975916  .00000197  00000-0  10951-3 0  9999
2 43325  65.0107  68.9276 0019029 262.0833  97.8092 14.32382959374668
COSMOS 1867 COOLANT
1 43325U 87060AS  22067.73885233  .00000205  00000-0  11264-3 0  9998
2 43325  65.0108  67.9485 0019019 262.1013  97.7913 14.32383227374716
COSMOS 1867 COOLANT
1 43325U 87060AS  22068.43703858  .00000226  00000-0  12014-3 0  9995
2 43325  65.0108  65.9903 0019009 262.0836  97.8091 14.32383732374810
COSMOS 1867 COOLANT
1 43325U 87060AS  22068.43703858  .00000226  00000-0  12014-3 0  9995
2 43325  65.0108  65.9903 0019009 262.0836  97.8091 14.32383732374810
COSMOS 1867 COOLANT
1 43325U 87060AS  22068.71631308  .00000215  00000-0  11616-3 0  9991
2 43325  65.0109  65.2071 0019001 262.0989  97.7939 14.32383824374857
COSMOS 1867 COOLANT
1 43325U 87060AS  22069.27486190  .00000227  00000-0  12064-3 0  9991
2 43325  65.0109  63.6406 0018992 262.0668  97.8261 14.32384187374934
COSMOS 1867 COOLANT
1 43325U 87060AS  22069.69377343  .00000224  00000-0  11947-3 0  9992
2 43325  65.0110  62.4657 0018978 262.0807  97.8124 14.32384412374995
COSMOS 1867 COOLANT
1 43325U 87060AS  22070.39195896  .00000249  00000-0  12856-3 0  9999
2 43325  65.0111  60.5076 0018965 262.0358  97.8575 14.32384993375093
COSMOS 1867 COOLANT
1 43325U 87060AS  22070.67123310  .00000257  00000-0  13159-3 0  9998
2 43325  65.0111  59.7243 0018956 262.0417  97.8516 14.32385238375138
COSMOS 1867 COOLANT
1 43325U 87060AS  22070.67123310  .00000257  00000-0  13159-3 0  9998
2 43325  65.0111  59.7243 0018956 262.0417  97.8516 14.32385238375138
COSMOS 1867 COOLANT
1 43325U 87060AS  22071.22978115  .00000309  00000-0  15096-3 0  9991
2 43325  65.0112  58.1579 0018947 261.9950  97.8985 14.32385943375216
COSMOS 1867 COOLANT
1 43325U 87060AS  22071.64869220  .00000286  00000-0  14224-3 0  9999
2 43325  65.0113  56.9830 0018935 262.0130  97.8806 14.32386125375273
COSMOS 1867 COOLANT
1 43325U 87060AS  22072.55633239  .00000297  00000-0  14633-3 0  9995
2 43325  65.0114  54.4375 0018916 261.9900  97.9038 14.32386888375402
COSMOS 1867 COOLANT
1 43325U 87060AS  22072.69596929  .00000297  00000-0  14657-3 0  9990
2 43325  65.0115  54.0459 0018914 261.9896  97.9042 14.32387003375421
COSMOS 1867 COOLANT
1 43325U 87060AS  22072.69596929  .00000297  00000-0  14657-3 0  9990
2 43325  65.0115  54.0459 0018914 261.9896  97.9042 14.32387003375421
COSMOS 1867 COOLANT
1 43325U 87060AS  22073.39415336  .00000320  00000-0  15499-3 0  9992
2 43325  65.0116  52.0878 0018900 261.9638  97.9302 14.32387770375525
COSMOS 1867 COOLANT
1 43325U 87060AS  22073.67342715  .00000295  00000-0  14584-3 0  9998
2 43325  65.0116  51.3046 0018892 261.9839  97.9102 14.32387826375561
COSMOS 1867 COOLANT
1 43325U 87060AS  22074.65088467  .00000269  00000-0  13596-3 0  9991
2 43325  65.0118  48.5633 0018869 261.9532  97.9412 14.32388445375705
COSMOS 1867 COOLANT
1 43325U 87060AS  22075.20943163  .00000266  00000-0  13500-3 0  9998
2 43325  65.0119  46.9969 0018857 261.9126  97.9819 14.32388845375789
COSMOS 1867 COOLANT
1 43325U 87060AS  22075.20943163  .00000266  00000-0  13500-3 0  9998
2 43325  65.0119  46.9969 0018857 261.9126  97.9819 14.32388845375789
COSMOS 1867 COOLANT
1 43325U 87060AS  22075.62834177  .00000256  00000-0  13136-3 0  9992
2 43325  65.0120  45.8221 0018841 261.9232  97.9716 14.32389114375844
COSMOS 1867 COOLANT
1 43325U 87060AS  22076.18688843  .00000256  00000-0  13141-3 0  9997
2 43325  65.0121  44.2557 0018828 261.8819  98.0130 14.32389542375921
COSMOS 1867 COOLANT
1 43325U 87060AS  22078.14180061  .00000193  00000-0  10812-3 0  9996
2 43325  65.0124  38.7732 0018776 261.8313  98.0642 14.32390710376207
COSMOS 1867 COOLANT
1 43325U 87060AS  22078.14180061  .00000193  00000-0  10812-3 0  9996
2 43325  65.0124  38.7732 0018776 261.8313  98.0642 14.32390710376207
COSMOS 1867 COOLANT
1 43325U 87060AS  22079.60798375  .00000180  00000-0  10323-3 0  9994
2 43325  65.0126  34.6613 0018740 261.8261  98.0698 14.32391611376410
COSMOS 1867 COOLANT
1 43325U 87060AS  22080.58543893  .00000180  00000-0  10341-3 0  9996
2 43325  65.0128  31.9201 0018721 261.7943  98.1019 14.32392100376557
COSMOS 1867 COOLANT
1 43325U 87060AS  22080.58543893  .00000180  00000-0  10341-3 0  9996
2 43325  65.0128  31.9201 0018721 261.7943  98.1019 14.32392100376557
COSMOS 1867 COOLANT
1 43325U 87060AS  22081.56289374  .00000197  00000-0  10969-3 0  9990
2 43325  65.0129  29.1790 0018697 261.7580  98.1384 14.32392674376695
COSMOS 1867 COOLANT
1 43325U 87060AS  22082.54034806  .00000209  00000-0  11396-3 0  9996
2 43325  65.0131  26.4378 0018667 261.7212  98.1757 14.32393294376838
COSMOS 1867 COOLANT
1 43325U 87060AS  22083.44798398  .00000200  00000-0  11075-3 0  9994
2 43325  65.0132  23.8926 0018625 261.6960  98.2012 14.32393789376960
COSMOS 1867 COOLANT
1 43325U 87060AS  22083.44798398  .00000200  00000-0  11075-3 0  9994
2 43325  65.0132  23.8926 0018625 261.6960  98.2012 14.32393789376960
COSMOS 1867 COOLANT
1 43325U 87060AS  22084.56507353  .00000208  00000-0  11371-3 0  9994
2 43325  65.0134  20.7600 0018622 261.6496  98.2478 14.32394569377120
COSMOS 1867 COOLANT
1 43325U 87060AS  22085.54252661  .00000222  00000-0  11886-3 0  9999
2 43325  65.0135  18.0189 0018595 261.6257  98.2720 14.32395230377268
COSMOS 1867 COOLANT
1 43325U 87060AS  22085.54252661  .00000222  00000-0  11886-3 0  9999
2 43325  65.0135  18.0189 0018595 261.6257  98.2720 14.32395230377268
COSMOS 1867 COOLANT
1 43325U 87060AS  22086.51997918  .00000227  00000-0  12049-3 0  9995
2 43325  65.0136  15.2778 0018568 261.5941  98.3039 14.32395861377401
COSMOS 1867 COOLANT
1 43325U 87060AS  22087.49743110  .00000252  00000-0  12973-3 0  9990
2 43325  65.0137  12.5368 0018539 261.5476  98.3507 14.32396683377546
COSMOS 1867 COOLANT
1 43325U 87060AS  22088.05597499  .00000301  00000-0  14778-3 0  9990
2 43325  65.0136  10.9706 0018513 261.4941  98.4046 14.32397309377625
COSMOS 1867 COOLANT
1 43325U 87060AS  22088.47488263  .00000291  00000-0  14419-3 0  9994
2 43325  65.0136   9.7958 0018500 261.5069  98.3919 14.32397606377682
COSMOS 1867 COOLANT
1 43325U 87060AS  22089.38251575  .00000343  00000-0  16337-3 0  9998
2 43325  65.0137   7.2506 0018481 261.4607  98.4384 14.32398568377810
COSMOS 1867 COOLANT
1 43325U 87060AS  22090.15051245  .00000382  00000-0  17770-3 0  9992
2 43325  65.0136   5.0969 0018450 261.4023  98.4972 14.32399418377926
COSMOS 1867 COOLANT
1 43325U 87060AS  22090.49960161  .00000407  00000-0  18703-3 0  9990
2 43325  65.0136   4.1178 0018442 261.4052  98.4943 14.32399885377972
COSMOS 1867 COOLANT
1 43325U 87060AS  22091.19777993  .00000393  00000-0  18170-3 0  9999
2 43325  65.0135   2.1599 0018422 261.3703  98.5295 14.32400401378076
COSMOS 1867 COOLANT
1 43325U 87060AS  22092.45449963  .00000473  00000-0  21123-3 0  9993
2 43325  65.0134 358.6356 0018368 261.2705  98.6299 14.32402086378251
COSMOS 1867 COOLANT
1 43325U 87060AS  22092.45449963  .00000473  00000-0  21123-3 0  9993
2 43325  65.0134 358.6356 0018368 261.2705  98.6299 14.32402086378251
COSMOS 1867 COOLANT
1 43325U 87060AS  22093.43194728  .00000466  00000-0  20857-3 0  9993
2 43325  65.0134 355.8946 0018330 261.1999  98.7010 14.32403142378399
COSMOS 1867 COOLANT
1 43325U 87060AS  22093.99048862  .00000441  00000-0  19957-3 0  9993
2 43325  65.0133 354.3283 0018314 261.1468  98.7544 14.32403606378475
COSMOS 1867 COOLANT
1 43325U 87060AS  22094.96793514  .00000400  00000-0  18446-3 0  9999
2 43325  65.0132 351.5871 0018285 261.1045  98.7970 14.32404559378611
COSMOS 1867 COOLANT
1 43325U 87060AS  22094.96793514  .00000400  00000-0  18446-3 0  9999
2 43325  65.0132 351.5871 0018285 261.1045  98.7970 14.32404559378611
COSMOS 1867 COOLANT
1 43325U 87060AS  22096.15483379  .00000386  00000-0  17926-3 0  9992
2 43325  65.0131 348.2587 0018268 261.0501  98.8516 14.32405794378781
COSMOS 1867 COOLANT
1 43325U 87060AS  22097.13227897  .00000342  00000-0  16304-3 0  9993
2 43325  65.0130 345.5176 0018247 261.0151  98.8868 14.32406581378923
COSMOS 1867 COOLANT
1 43325U 87060AS  22097.41154892  .00000336  00000-0  16084-3 0  9996
2 43325  65.0129 344.7344 0018232 261.0173  98.8849 14.32406834378961
COSMOS 1867 COOLANT
1 43325U 87060AS  22098.38899326  .00000341  00000-0  16242-3 0  9993
2 43325  65.0128 341.9933 0018198 260.9609  98.9417 14.32407810379100
COSMOS 1867 COOLANT
1 43325U 87060AS  22098.94753279  .00000310  00000-0  15106-3 0  9995
2 43325  65.0127 340.4270 0018173 260.8878  99.0151 14.32408123379180
COSMOS 1867 COOLANT
1 43325U 87060AS  22099.92497621  .00000297  00000-0  14634-3 0  9999
2 43325  65.0125 337.6858 0018147 260.8486  99.0545 14.32408971379328
COSMOS 1867 COOLANT
1 43325U 87060AS  22100.13442821  .00000289  00000-0  14347-3 0  9999
2 43325  65.0124 337.0983 0018149 260.8752  99.0280 14.32409147379353
COSMOS 1867 COOLANT
1 43325U 87060AS  22100.13442821  .00000289  00000-0  14347-3 0  9999
2 43325  65.0124 337.0983 0018149 260.8752  99.0280 14.32409147379353
COSMOS 1867 COOLANT
1 43325U 87060AS  22100.90241887  .00000284  00000-0  14141-3 0  9990
2 43325  65.0123 334.9443 0018122 260.8281  99.0754 14.32409864379461
COSMOS 1867 COOLANT
1 43325U 87060AS  22101.39114002  .00000278  00000-0  13928-3 0  9997
2 43325  65.0122 333.5736 0018116 260.8597  99.0439 14.32410295379531
COSMOS 1867 COOLANT
1 43325U 87060AS  22102.36858210  .00000298  00000-0  14662-3 0  9999
2 43325  65.0121 330.8322 0018090 260.8468  99.0571 14.32411222379672
COSMOS 1867 COOLANT
1 43325U 87060AS  22102.36858210  .00000298  00000-0  14662-3 0  9999
2 43325  65.0121 330.8322 0018090 260.8468  99.0571 14.32411222379672
COSMOS 1867 COOLANT
1 43325U 87060AS  22102.99693739  .00000289  00000-0  14352-3 0  9997
2 43325  65.0119 329.0699 0018086 260.8170  99.0869 14.32411683379762
COSMOS 1867 COOLANT
1 43325U 87060AS  22104.32346504  .00000264  00000-0  13416-3 0  9994
2 43325  65.0117 325.3495 0018059 260.7876  99.1167 14.32412453379954
COSMOS 1867 COOLANT
1 43325U 87060AS  22105.30090552  .00000266  00000-0  13499-3 0  9995
2 43325  65.0115 322.6080 0018037 260.7460  99.1585 14.32413248380091
COSMOS 1867 COOLANT
1 43325U 87060AS  22105.30090552  .00000266  00000-0  13499-3 0  9995
2 43325  65.0115 322.6080 0018037 260.7460  99.1585 14.32413248380091
COSMOS 1867 COOLANT
1 43325U 87060AS  22105.85944267  .00000265  00000-0  13446-3 0  9997
2 43325  65.0114 321.0416 0018024 260.7140  99.1907 14.32413709380176
COSMOS 1867 COOLANT
1 43325U 87060AS  22106.27834542  .00000245  00000-0  12733-3 0  9994
2 43325  65.0113 319.8665 0018006 260.7047  99.2002 14.32413968380233
COSMOS 1867 COOLANT
1 43325U 87060AS  22106.83688223  .00000243  00000-0  12661-3 0  9997
2 43325  65.0112 318.3000 0017999 260.6683  99.2367 14.32414438380310
COSMOS 1867 COOLANT
1 43325U 87060AS  22108.30304097  .00000251  00000-0  12955-3 0  9990
2 43325  65.0110 314.1878 0017964 260.5618  99.3436 14.32415563380525
COSMOS 1867 COOLANT
1 43325U 87060AS  22108.30304097  .00000251  00000-0  12955-3 0  9990
2 43325  65.0110 314.1878 0017964 260.5618  99.3436 14.32415563380525
COSMOS 1867 COOLANT
1 43325U 87060AS  22109.28047945  .00000275  00000-0  13810-3 0  9991
2 43325  65.0109 311.4465 0017952 260.5992  99.3063 14.32416383380669
COSMOS 1867 COOLANT
1 43325U 87060AS  22110.25791759  .00000272  00000-0  13733-3 0  9990
2 43325  65.0107 308.7050 0017932 260.6101  99.2956 14.32417028380800
COSMOS 1867 COOLANT
1 43325U 87060AS  22110.81645335  .00000282  00000-0  14084-3 0  9991
2 43325  65.0107 307.1385 0017920 260.5409  99.3650 14.32417491380885
COSMOS 1867 COOLANT
1 43325U 87060AS  22111.79389042  .00000309  00000-0  15086-3 0  9992
2 43325  65.0106 304.3970 0017901 260.4775  99.4287 14.32418421381025
COSMOS 1867 COOLANT
1 43325U 87060AS  22112.14297497  .00000329  00000-0  15827-3 0  9999
2 43325  65.0105 303.4178 0017890 260.4748  99.4315 14.32418811381071
COSMOS 1867 COOLANT
1 43325U 87060AS  22112.77132690  .00000342  00000-0  16283-3 0  9993
2 43325  65.0105 301.6554 0017884 260.4560  99.4504 14.32419398381165
COSMOS 1867 COOLANT
1 43325U 87060AS  22114.02803002  .00000332  00000-0  15939-3 0  9991
2 43325  65.0104 298.1304 0017866 260.3908  99.5158 14.32420408381342
COSMOS 1867 COOLANT
1 43325U 87060AS  22114.23748044  .00000339  00000-0  16175-3 0  9998
2 43325  65.0105 297.5430 0017860 260.3863  99.5204 14.32420626381377
COSMOS 1867 COOLANT
1 43325U 87060AS  22115.21491559  .00000338  00000-0  16133-3 0  9996
2 43325  65.0105 294.8015 0017845 260.3587  99.5482 14.32421400381517
COSMOS 1867 COOLANT
1 43325U 87060AS  22115.77344962  .00000337  00000-0  16107-3 0  9992
2 43325  65.0105 293.2349 0017836 260.3267  99.5803 14.32421876381597
COSMOS 1867 COOLANT
1 43325U 87060AS  22116.19234993  .00000339  00000-0  16189-3 0  9993
2 43325  65.0105 292.0599 0017827 260.3457  99.5614 14.32422297381657
COSMOS 1867 COOLANT
1 43325U 87060AS  22116.89051680  .00000418  00000-0  19091-3 0  9993
2 43325  65.0104 290.1017 0017816 260.2860  99.6213 14.32423414381754
COSMOS 1867 COOLANT
1 43325U 87060AS  22118.07739907  .00000478  00000-0  21283-3 0  9992
2 43325  65.0104 286.7727 0017804 260.2252  99.6822 14.32425183381925
COSMOS 1867 COOLANT
1 43325U 87060AS  22118.70574838  .00000450  00000-0  20264-3 0  9990
2 43325  65.0105 285.0104 0017801 260.1708  99.7367 14.32425700382010
COSMOS 1867 COOLANT
1 43325U 87060AS  22119.19446400  .00000463  00000-0  20745-3 0  9995
2 43325  65.0105 283.6397 0017797 260.1903  99.7172 14.32426391382087
COSMOS 1867 COOLANT
1 43325U 87060AS  22120.17189504  .00000413  00000-0  18890-3 0  9997
2 43325  65.0106 280.8983 0017781 260.1745  99.7332 14.32427229382220
COSMOS 1867 COOLANT
1 43325U 87060AS  22121.14932531  .00000451  00000-0  20300-3 0  9992
2 43325  65.0106 278.1569 0017769 260.1278  99.7801 14.32428519382366
COSMOS 1867 COOLANT
1 43325U 87060AS  22121.14932531  .00000451  00000-0  20300-3 0  9992
2 43325  65.0106 278.1569 0017769 260.1278  99.7801 14.32428519382366
COSMOS 1867 COOLANT
1 43325U 87060AS  22121.70785650  .00000442  00000-0  19966-3 0  9998
2 43325  65.0106 276.5904 0017767 260.0687  99.8392 14.32429113382448
COSMOS 1867 COOLANT
1 43325U 87060AS  22122.12675483  .00000422  00000-0  19246-3 0  9996
2 43325  65.0106 275.4154 0017758 260.0799  99.8281 14.32429480382508
COSMOS 1867 COOLANT
1 43325U 87060AS  22122.82491828  .00000373  00000-0  17419-3 0  9997
2 43325  65.0106 273.4572 0017757 260.0609  99.8472 14.32430023382607
COSMOS 1867 COOLANT
1 43325U 87060AS  22124.15142784  .00000345  00000-0  16406-3 0  9993
2 43325  65.0107 269.7366 0017755 259.9913  99.9168 14.32431406382799
COSMOS 1867 COOLANT
1 43325U 87060AS  22124.15142784  .00000345  00000-0  16406-3 0  9993
2 43325  65.0107 269.7366 0017755 259.9913  99.9168 14.32431406382799
COSMOS 1867 COOLANT
1 43325U 87060AS  22124.84959062  .00000325  00000-0  15656-3 0  9998
2 43325  65.0108 267.7784 0017749 259.9466  99.9616 14.32431936382895
COSMOS 1867 COOLANT
1 43325U 87060AS  22126.45536340  .00000415  00000-0  18972-3 0  9991
2 43325  65.0110 263.2747 0017718 259.8883 100.0203 14.32433949383125
COSMOS 1867 COOLANT
1 43325U 87060AS  22127.08370884  .00000408  00000-0  18733-3 0  9997
2 43325  65.0111 261.5124 0017708 259.9191  99.9896 14.32434473383215
COSMOS 1867 COOLANT
1 43325U 87060AS  22127.85168728  .00000294  00000-0  14506-3 0  9991
2 43325  65.0111 259.3582 0017662 259.9268  99.9825 14.32434279383320
COSMOS 1867 COOLANT
1 43325U 87060AS  22128.06113563  .00000285  00000-0  14184-3 0  9994
2 43325  65.0111 258.7710 0017667 259.8947 100.0145 14.32434422383356
COSMOS 1867 COOLANT
1 43325U 87060AS  22128.61966455  .00000275  00000-0  13831-3 0  9998
2 43325  65.0112 257.2046 0017666 259.8509 100.0583 14.32434849383434
COSMOS 1867 COOLANT
1 43325U 87060AS  22128.61966455  .00000275  00000-0  13831-3 0  9998
2 43325  65.0112 257.2046 0017666 259.8509 100.0583 14.32434849383434
COSMOS 1867 COOLANT
1 43325U 87060AS  22129.59708987  .00000234  00000-0  12303-3 0  9998
2 43325  65.0112 254.4632 0017670 259.8389 100.0703 14.32435435383576
COSMOS 1867 COOLANT
1 43325U 87060AS  22130.08580224  .00000224  00000-0  11939-3 0  9999
2 43325  65.0112 253.0924 0017679 259.8153 100.0937 14.32435793383647
COSMOS 1867 COOLANT
1 43325U 87060AS  22131.06322687  .00000211  00000-0  11462-3 0  9992
2 43325  65.0113 250.3512 0017674 259.8190 100.0901 14.32436457383781
COSMOS 1867 COOLANT
1 43325U 87060AS  22131.06322687  .00000211  00000-0  11462-3 0  9992
2 43325  65.0113 250.3512 0017674 259.8190 100.0901 14.32436457383781
COSMOS 1867 COOLANT
1 43325U 87060AS  22131.83120322  .00000210  00000-0  11442-3 0  9996
2 43325  65.0113 248.1975 0017660 259.7981 100.1112 14.32436950383896
COSMOS 1867 COOLANT
1 43325U 87060AS  22132.59917909  .00000252  00000-0  12988-3 0  9997
2 43325  65.0113 246.0437 0017665 259.7632 100.1461 14.32437686384002
COSMOS 1867 COOLANT
1 43325U 87060AS  22133.57660252  .00000272  00000-0  13706-3 0  9993
2 43325  65.0113 243.3023 0017662 259.7444 100.1650 14.32438475384143
COSMOS 1867 COOLANT
1 43325U 87060AS  22133.57660252  .00000272  00000-0  13706-3 0  9993
2 43325  65.0113 243.3023 0017662 259.7444 100.1650 14.32438475384143
COSMOS 1867 COOLANT
1 43325U 87060AS  22134.55402532  .00000312  00000-0  15175-3 0  9994
2 43325  65.0113 240.5612 0017653 259.7321 100.1773 14.32439461384287
COSMOS 1867 COOLANT
1 43325U 87060AS  22134.90310465  .00000321  00000-0  15531-3 0  9992
2 43325  65.0112 239.5820 0017651 259.7378 100.1717 14.32439832384331
COSMOS 1867 COOLANT
1 43325U 87060AS  22135.53144728  .00000367  00000-0  17196-3 0  9998
2 43325  65.0112 237.8198 0017656 259.6978 100.2117 14.32440620384422
COSMOS 1867 COOLANT
1 43325U 87060AS  22136.02015812  .00000378  00000-0  17628-3 0  9996
2 43325  65.0113 236.4492 0017654 259.7209 100.1886 14.32441100384494
COSMOS 1867 COOLANT
1 43325U 87060AS  22136.02015812  .00000378  00000-0  17628-3 0  9996
2 43325  65.0113 236.4492 0017654 259.7209 100.1886 14.32441100384494
COSMOS 1867 COOLANT
1 43325U 87060AS  22136.99757959  .00000432  00000-0  19586-3 0  9993
2 43325  65.0113 233.7080 0017654 259.6912 100.2182 14.32442118384633
COSMOS 1867 COOLANT
1 43325U 87060AS  22139.51094431  .00000538  00000-0  23511-3 0  9993
2 43325  65.0112 226.6589 0017646 259.5846 100.3250 14.32445339384997
COSMOS 1867 COOLANT
1 43325U 87060AS  22139.51094431  .00000538  00000-0  23511-3 0  9993
2 43325  65.0112 226.6589 0017646 259.5846 100.3250 14.32445339384997
COSMOS 1867 COOLANT
1 43325U 87060AS  22140.48836263  .00000484  00000-0  21514-3 0  9999
2 43325  65.0112 223.9176 0017634 259.5759 100.3338 14.32446207385138
COSMOS 1867 COOLANT
1 43325U 87060AS  22140.83744030  .00000469  00000-0  20968-3 0  9993
2 43325  65.0112 222.9386 0017620 259.6008 100.3090 14.32446597385185
COSMOS 1867 COOLANT
1 43325U 87060AS  22142.58282736  .00000466  00000-0  20834-3 0  9996
2 43325  65.0111 218.0437 0017611 259.6417 100.2683 14.32448730385437
COSMOS 1867 COOLANT
1 43325U 87060AS  22142.65264281  .00000464  00000-0  20765-3 0  9990
2 43325  65.0111 217.8479 0017611 259.6441 100.2658 14.32448799385445
COSMOS 1867 COOLANT
1 43325U 87060AS  22142.65264281  .00000464  00000-0  20765-3 0  9990
2 43325  65.0111 217.8479 0017611 259.6441 100.2658 14.32448799385445
COSMOS 1867 COOLANT
1 43325U 87060AS  22144.46784319  .00000389  00000-0  18027-3 0  9994
2 43325  65.0109 212.7572 0017588 259.6058 100.3044 14.32450390385706
COSMOS 1867 COOLANT
1 43325U 87060AS  22145.86414932  .00000317  00000-0  15353-3 0  9990
2 43325  65.0107 208.8411 0017571 259.6372 100.2732 14.32451565385903
COSMOS 1867 COOLANT
1 43325U 87060AS  22146.42267151  .00000306  00000-0  14970-3 0  9994
2 43325  65.0106 207.2746 0017570 259.6091 100.3013 14.32452066385981
COSMOS 1867 COOLANT
1 43325U 87060AS  22146.91137825  .00000275  00000-0  13829-3 0  9999
2 43325  65.0106 205.9039 0017571 259.6540 100.2564 14.32452388386057
COSMOS 1867 COOLANT
1 43325U 87060AS  22147.53971546  .00000263  00000-0  13374-3 0  9996
2 43325  65.0105 204.1416 0017568 259.6406 100.2698 14.32452847386141
COSMOS 1867 COOLANT
1 43325U 87060AS  22147.88879145  .00000269  00000-0  13579-3 0  9999
2 43325  65.0105 203.1625 0017566 259.6605 100.2500 14.32453209386191
COSMOS 1867 COOLANT
1 43325U 87060AS  22147.88879145  .00000269  00000-0  13579-3 0  9999
2 43325  65.0105 203.1625 0017566 259.6605 100.2500 14.32453209386191
COSMOS 1867 COOLANT
1 43325U 87060AS  22148.44731311  .00000266  00000-0  13479-3 0  9990
2 43325  65.0104 201.5961 0017564 259.6364 100.2741 14.32453618386275
COSMOS 1867 COOLANT
1 43325U 87060AS  22148.86620428  .00000233  00000-0  12279-3 0  9993
2 43325  65.0104 200.4212 0017556 259.6609 100.2497 14.32453759386336
COSMOS 1867 COOLANT
1 43325U 87060AS  22149.56435600  .00000235  00000-0  12349-3 0  9997
2 43325  65.0103 198.4631 0017546 259.6369 100.2738 14.32454266386431
COSMOS 1867 COOLANT
1 43325U 87060AS  22150.54176795  .00000203  00000-0  11172-3 0  9992
2 43325  65.0102 195.7217 0017533 259.6148 100.2961 14.32454822386572
COSMOS 1867 COOLANT
1 43325U 87060AS  22150.54176795  .00000203  00000-0  11172-3 0  9992
2 43325  65.0102 195.7217 0017533 259.6148 100.2961 14.32454822386572
COSMOS 1867 COOLANT
1 43325U 87060AS  22150.82102839  .00000189  00000-0  10655-3 0  9999
2 43325  65.0102 194.9385 0017524 259.6225 100.2885 14.32454978386617
COSMOS 1867 COOLANT
1 43325U 87060AS  22151.51917939  .00000177  00000-0  10224-3 0  9990
2 43325  65.0101 192.9804 0017521 259.6112 100.2998 14.32455440386713
COSMOS 1867 COOLANT
1 43325U 87060AS  22153.54381627  .00000113  00000-0  78454-4 0  9994
2 43325  65.0099 187.3019 0017502 259.6336 100.2776 14.32456482387006
COSMOS 1867 COOLANT
1 43325U 87060AS  22153.54381627  .00000113  00000-0  78454-4 0  9994
2 43325  65.0099 187.3019 0017502 259.6336 100.2776 14.32456482387006
COSMOS 1867 COOLANT
1 43325U 87060AS  22153.82307645  .00000108  00000-0  76641-4 0  9993
2 43325  65.0099 186.5186 0017497 259.6491 100.2621 14.32456616387049
COSMOS 1867 COOLANT
1 43325U 87060AS  22154.38159679  .00000104  00000-0  75202-4 0  9995
2 43325  65.0099 184.9521 0017492 259.6210 100.2903 14.32456857387127
COSMOS 1867 COOLANT
1 43325U 87060AS  22155.35900713  .00000102  00000-0  74585-4 0  9997
2 43325  65.0097 182.2107 0017476 259.6010 100.3105 14.32457289387266
COSMOS 1867 COOLANT
1 43325U 87060AS  22155.77789711  .00000109  00000-0  77113-4 0  9993
2 43325  65.0097 181.0358 0017460 259.6088 100.3029 14.32457543387324
COSMOS 1867 COOLANT
1 43325U 87060AS  22155.77789711  .00000109  00000-0  77113-4 0  9993
2 43325  65.0097 181.0358 0017460 259.6088 100.3029 14.32457543387324
COSMOS 1867 COOLANT
1 43325U 87060AS  22156.75530698  .00000103  00000-0  74790-4 0  9992
2 43325  65.0096 178.2944 0017440 259.6003 100.3117 14.32457959387461
COSMOS 1867 COOLANT
1 43325U 87060AS  22157.52327164  .00000100  00000-0  73610-4 0  9997
2 43325  65.0095 176.1403 0017433 259.5998 100.3122 14.32458300387570
COSMOS 1867 COOLANT
1 43325U 87060AS  22158.43086605  .00000087  00000-0  69080-4 0  9990
2 43325  65.0094 173.5947 0017421 259.5961 100.3160 14.32458639387702
COSMOS 1867 COOLANT
1 43325U 87060AS  22158.43086605  .00000087  00000-0  69080-4 0  9990
2 43325  65.0094 173.5947 0017421 259.5961 100.3160 14.32458639387702
COSMOS 1867 COOLANT
1 43325U 87060AS  22158.64031087  .00000098  00000-0  73050-4 0  9991
2 43325  65.0094 173.0072 0017415 259.6034 100.3088 14.32458798387739
COSMOS 1867 COOLANT
1 43325U 87060AS  22159.47809009  .00000121  00000-0  81433-4 0  9991
2 43325  65.0094 170.6573 0017401 259.5919 100.3205 14.32459241387852
COSMOS 1867 COOLANT
1 43325U 87060AS  22159.75734979  .00000125  00000-0  82959-4 0  9993
2 43325  65.0094 169.8740 0017395 259.6056 100.3068 14.32459370387897
COSMOS 1867 COOLANT
1 43325U 87060AS  22160.31586910  .00000141  00000-0  89017-4 0  9997
2 43325  65.0094 168.3075 0017386 259.5698 100.3427 14.32459671387975
COSMOS 1867 COOLANT
1 43325U 87060AS  22161.43290731  .00000161  00000-0  96097-4 0  9992
2 43325  65.0094 165.1744 0017357 259.5482 100.3647 14.32460269388130
COSMOS 1867 COOLANT
1 43325U 87060AS  22161.43290731  .00000161  00000-0  96097-4 0  9992
2 43325  65.0094 165.1744 0017357 259.5482 100.3647 14.32460269388130
COSMOS 1867 COOLANT
1 43325U 87060AS  22161.71216676  .00000171  00000-0  10004-3 0  9993
2 43325  65.0095 164.3912 0017347 259.5524 100.3607 14.32460479388178
COSMOS 1867 COOLANT
1 43325U 87060AS  22162.68957448  .00000178  00000-0  10241-3 0  9999
2 43325  65.0096 161.6497 0017325 259.5442 100.3690 14.32461101388313
COSMOS 1867 COOLANT
1 43325U 87060AS  22163.38772272  .00000160  00000-0  95915-4 0  9990
2 43325  65.0096 159.6916 0017312 259.5380 100.3754 14.32461410388418
COSMOS 1867 COOLANT
1 43325U 87060AS  22163.73679663  .00000170  00000-0  99391-4 0  9992
2 43325  65.0097 158.7124 0017306 259.5542 100.3593 14.32461712388464
COSMOS 1867 COOLANT
1 43325U 87060AS  22163.73679663  .00000170  00000-0  99391-4 0  9992
2 43325  65.0097 158.7124 0017306 259.5542 100.3593 14.32461712388464
COSMOS 1867 COOLANT
1 43325U 87060AS  22164.22550010  .00000198  00000-0  10994-3 0  9992
2 43325  65.0097 157.3417 0017293 259.5246 100.3890 14.32462183388531
COSMOS 1867 COOLANT
1 43325U 87060AS  22165.41235108  .00000288  00000-0  14283-3 0  9997
2 43325  65.0098 154.0128 0017269 259.5217 100.3922 14.32463367388706
COSMOS 1867 COOLANT
1 43325U 87060AS  22165.69160995  .00000272  00000-0  13705-3 0  9999
2 43325  65.0098 153.2295 0017260 259.5393 100.3747 14.32463488388741
COSMOS 1867 COOLANT
1 43325U 87060AS  22166.25012779  .00000269  00000-0  13579-3 0  9993
2 43325  65.0098 151.6630 0017252 259.5125 100.4016 14.32463786388820
COSMOS 1867 COOLANT
1 43325U 87060AS  22166.25012779  .00000269  00000-0  13579-3 0  9993
2 43325  65.0098 151.6630 0017252 259.5125 100.4016 14.32463786388820
COSMOS 1867 COOLANT
1 43325U 87060AS  22166.66901588  .00000297  00000-0  14627-3 0  9999
2 43325  65.0098 150.4881 0017232 259.5225 100.3918 14.32464261388889
COSMOS 1867 COOLANT
1 43325U 87060AS  22169.67104537  .00000263  00000-0  13363-3 0  9991
2 43325  65.0099 142.0678 0017147 259.4898 100.4255 14.32466280389318
COSMOS 1867 COOLANT
1 43325U 87060AS  22171.62585280  .00000280  00000-0  14003-3 0  9998
2 43325  65.0103 136.5849 0017100 259.4771 100.4388 14.32467768389590
COSMOS 1867 COOLANT
1 43325U 87060AS  22172.18436883  .00000280  00000-0  13988-3 0  9995
2 43325  65.0103 135.0184 0017075 259.4331 100.4830 14.32468170389678
COSMOS 1867 COOLANT
1 43325U 87060AS  22172.32399788  .00000279  00000-0  13978-3 0  9990
2 43325  65.0103 134.6268 0017064 259.4328 100.4835 14.32468258389694
COSMOS 1867 COOLANT
1 43325U 87060AS  22173.16177156  .00000283  00000-0  14119-3 0  9999
2 43325  65.0105 132.2770 0017031 259.3943 100.5223 14.32468911389816
COSMOS 1867 COOLANT
1 43325U 87060AS  22174.27880245  .00000257  00000-0  13163-3 0  9991
2 43325  65.0106 129.1440 0016999 259.3915 100.5255 14.32469693389977
COSMOS 1867 COOLANT
1 43325U 87060AS  22174.48824573  .00000232  00000-0  12222-3 0  9994
2 43325  65.0107 128.5566 0017003 259.4137 100.5032 14.32469718390001
COSMOS 1867 COOLANT
1 43325U 87060AS  22175.25620405  .00000209  00000-0  11381-3 0  9997
2 43325  65.0108 126.4027 0016980 259.3930 100.5242 14.32470210390118
COSMOS 1867 COOLANT
1 43325U 87060AS  22175.60527599  .00000182  00000-0  10402-3 0  9999
2 43325  65.0109 125.4236 0016971 259.4163 100.5010 14.32470326390165
COSMOS 1867 COOLANT
1 43325U 87060AS  22176.58267707  .00000167  00000-0  98580-4 0  9996
2 43325  65.0110 122.6822 0016942 259.4065 100.5111 14.32470925390309
COSMOS 1867 COOLANT
1 43325U 87060AS  22176.58267707  .00000167  00000-0  98580-4 0  9996
2 43325  65.0110 122.6822 0016942 259.4065 100.5111 14.32470925390309
COSMOS 1867 COOLANT
1 43325U 87060AS  22177.56007786  .00000169  00000-0  99022-4 0  9998
2 43325  65.0111 119.9408 0016908 259.3879 100.5302 14.32471517390448
COSMOS 1867 COOLANT
1 43325U 87060AS  22178.11859239  .00000175  00000-0  10137-3 0  9994
2 43325  65.0111 118.3744 0016892 259.3457 100.5725 14.32471875390523
COSMOS 1867 COOLANT
1 43325U 87060AS  22179.09599266  .00000138  00000-0  87599-4 0  9999
2 43325  65.0112 115.6330 0016860 259.3260 100.5927 14.32472221390667
COSMOS 1867 COOLANT
1 43325U 87060AS  22179.51487833  .00000133  00000-0  85987-4 0  9996
2 43325  65.0112 114.4581 0016843 259.3421 100.5768 14.32472457390723
COSMOS 1867 COOLANT
1 43325U 87060AS  22180.42246383  .00000114  00000-0  79011-4 0  9991
2 43325  65.0113 111.9125 0016815 259.3200 100.5992 14.32472864390859
COSMOS 1867 COOLANT
1 43325U 87060AS  22181.05079211  .00000097  00000-0  72666-4 0  9994
2 43325  65.0113 110.1502 0016802 259.2951 100.6242 14.32473091390949
COSMOS 1867 COOLANT
1 43325U 87060AS  22181.53949184  .00000081  00000-0  66774-4 0  9998
2 43325  65.0114 108.7795 0016787 259.3234 100.5961 14.32473236391011
COSMOS 1867 COOLANT
1 43325U 87060AS  22182.51689118  .00000083  00000-0  67523-4 0  9990
2 43325  65.0114 106.0381 0016760 259.3135 100.6062 14.32473629391158
COSMOS 1867 COOLANT
1 43325U 87060AS  22183.49429017  .00000116  00000-0  79801-4 0  9997
2 43325  65.0115 103.2967 0016730 259.2908 100.6294 14.32474185391292
COSMOS 1867 COOLANT
1 43325U 87060AS  22183.77354699  .00000116  00000-0  79699-4 0  9996
2 43325  65.0115 102.5135 0016720 259.2613 100.6589 14.32474301391335
COSMOS 1867 COOLANT
1 43325U 87060AS  22184.05280378  .00000117  00000-0  80184-4 0  9992
2 43325  65.0115 101.7303 0016712 259.2500 100.6704 14.32474400391372
COSMOS 1867 COOLANT
1 43325U 87060AS  22184.47168891  .00000121  00000-0  81532-4 0  9996
2 43325  65.0115 100.5554 0016695 259.2617 100.6588 14.32474599391432
COSMOS 1867 COOLANT
1 43325U 87060AS  22185.16983066  .00000133  00000-0  85942-4 0  9994
2 43325  65.0116  98.5973 0016666 259.2151 100.7058 14.32474971391533
COSMOS 1867 COOLANT
1 43325U 87060AS  22186.49629933  .00000128  00000-0  84042-4 0  9995
2 43325  65.0117  94.8769 0016625 259.2046 100.7168 14.32475647391728
COSMOS 1867 COOLANT
1 43325U 87060AS  22187.47369700  .00000129  00000-0  84410-4 0  9997
2 43325  65.0117  92.1355 0016600 259.1958 100.7258 14.32476126391862
COSMOS 1867 COOLANT
1 43325U 87060AS  22188.31146631  .00000119  00000-0  80799-4 0  9992
2 43325  65.0117  89.7857 0016576 259.1687 100.7532 14.32476423391980
COSMOS 1867 COOLANT
1 43325U 87060AS  22188.31146631  .00000119  00000-0  80799-4 0  9992
2 43325  65.0117  89.7857 0016576 259.1687 100.7532 14.32476423391980
COSMOS 1867 COOLANT
1 43325U 87060AS  22189.42849149  .00000145  00000-0  90466-4 0  9990
2 43325  65.0117  86.6527 0016536 259.1394 100.7830 14.32477086392147
COSMOS 1867 COOLANT
1 43325U 87060AS  22189.98700381  .00000154  00000-0  93572-4 0  9996
2 43325  65.0117  85.0862 0016520 259.0975 100.8251 14.32477426392224
COSMOS 1867 COOLANT
1 43325U 87060AS  22191.31347026  .00000164  00000-0  97491-4 0  9994
2 43325  65.0116  81.3656 0016477 259.0765 100.8466 14.32478208392419
COSMOS 1867 COOLANT
1 43325U 87060AS  22193.40788930  .00000231  00000-0  12199-3 0  9995
2 43325  65.0116  75.4909 0016420 259.0422 100.8816 14.32479782392712
COSMOS 1867 COOLANT
1 43325U 87060AS  22194.38528426  .00000240  00000-0  12521-3 0  9994
2 43325  65.0117  72.7494 0016394 259.0325 100.8916 14.32480369392853
COSMOS 1867 COOLANT
1 43325U 87060AS  22195.36267893  .00000226  00000-0  11996-3 0  9990
2 43325  65.0117  70.0079 0016359 258.9895 100.9350 14.32480826392990
COSMOS 1867 COOLANT
1 43325U 87060AS  22195.92118982  .00000232  00000-0  12231-3 0  9996
2 43325  65.0117  68.4413 0016344 258.9459 100.9788 14.32481224393071
COSMOS 1867 COOLANT
1 43325U 87060AS  22196.13063141  .00000236  00000-0  12381-3 0  9996
2 43325  65.0116  67.8539 0016334 258.9450 100.9798 14.32481378393107
COSMOS 1867 COOLANT
1 43325U 87060AS  22196.34007292  .00000231  00000-0  12199-3 0  9996
2 43325  65.0117  67.2664 0016330 258.9623 100.9626 14.32481505393134
COSMOS 1867 COOLANT
1 43325U 87060AS  22196.89858355  .00000222  00000-0  11866-3 0  9990
2 43325  65.0116  65.6998 0016313 258.9055 101.0195 14.32481853393213
COSMOS 1867 COOLANT
1 43325U 87060AS  22197.87597673  .00000216  00000-0  11638-3 0  9992
2 43325  65.0117  62.9583 0016289 258.8882 101.0371 14.32482554393353
COSMOS 1867 COOLANT
1 43325U 87060AS  22198.22504567  .00000215  00000-0  11596-3 0  9994
2 43325  65.0116  61.9792 0016284 258.9213 101.0041 14.32482793393402
COSMOS 1867 COOLANT
1 43325U 87060AS  22198.22504567  .00000215  00000-0  11596-3 0  9994
2 43325  65.0116  61.9792 0016284 258.9213 101.0041 14.32482793393402
COSMOS 1867 COOLANT
1 43325U 87060AS  22199.34206579  .00000209  00000-0  11373-3 0  9996
2 43325  65.0117  58.8461 0016258 258.9188 101.0069 14.32483530393560
COSMOS 1867 COOLANT
1 43325U 87060AS  22200.31945798  .00000238  00000-0  12467-3 0  9996
2 43325  65.0116  56.1045 0016229 258.8773 101.0487 14.32484315393707
COSMOS 1867 COOLANT
1 43325U 87060AS  22200.31945798  .00000238  00000-0  12467-3 0  9996
2 43325  65.0116  56.1045 0016229 258.8773 101.0487 14.32484315393707
COSMOS 1867 COOLANT
1 43325U 87060AS  22200.87796755  .00000253  00000-0  13015-3 0  9991
2 43325  65.0116  54.5379 0016217 258.8428 101.0834 14.32484760393781
COSMOS 1867 COOLANT
1 43325U 87060AS  22201.29684961  .00000276  00000-0  13850-3 0  9995
2 43325  65.0116  53.3629 0016203 258.8529 101.0735 14.32485180393847
COSMOS 1867 COOLANT
1 43325U 87060AS  22201.85535891  .00000249  00000-0  12851-3 0  9994
2 43325  65.0116  51.7963 0016190 258.8145 101.1120 14.32485422393926
COSMOS 1867 COOLANT
1 43325U 87060AS  22202.27424083  .00000236  00000-0  12374-3 0  9997
2 43325  65.0116  50.6213 0016176 258.8220 101.1046 14.32485652393988
COSMOS 1867 COOLANT
1 43325U 87060AS  22202.97237696  .00000233  00000-0  12261-3 0  9998
2 43325  65.0116  48.6631 0016164 258.8115 101.1153 14.32486180394087
COSMOS 1867 COOLANT
1 43325U 87060AS  22202.97237696  .00000233  00000-0  12261-3 0  9998
2 43325  65.0116  48.6631 0016164 258.8115 101.1153 14.32486180394087
COSMOS 1867 COOLANT
1 43325U 87060AS  22203.81014016  .00000225  00000-0  11978-3 0  9996
2 43325  65.0116  46.3131 0016151 258.7939 101.1331 14.32486740394200
COSMOS 1867 COOLANT
1 43325U 87060AS  22205.27622523  .00000177  00000-0  10205-3 0  9994
2 43325  65.0117  42.2006 0016121 258.8377 101.0895 14.32487394394414
COSMOS 1867 COOLANT
1 43325U 87060AS  22205.83473366  .00000156  00000-0  94411-4 0  9994
2 43325  65.0117  40.6341 0016111 258.7930 101.1344 14.32487579394494
COSMOS 1867 COOLANT
1 43325U 87060AS  22205.97436073  .00000157  00000-0  94631-4 0  9998
2 43325  65.0117  40.2424 0016105 258.7728 101.1547 14.32487670394510
COSMOS 1867 COOLANT
1 43325U 87060AS  22206.81212308  .00000147  00000-0  90888-4 0  9994
2 43325  65.0117  37.8925 0016087 258.7415 101.1862 14.32488074394632
COSMOS 1867 COOLANT
1 43325U 87060AS  22207.78951213  .00000125  00000-0  82958-4 0  9991
2 43325  65.0117  35.1510 0016066 258.7362 101.1918 14.32488517394770
COSMOS 1867 COOLANT
1 43325U 87060AS  22208.20839303  .00000112  00000-0  78169-4 0  9999
2 43325  65.0117  33.9760 0016056 258.7533 101.1747 14.32488704394837
COSMOS 1867 COOLANT
1 43325U 87060AS  22208.90652776  .00000092  00000-0  70714-4 0  9998
2 43325  65.0118  32.0177 0016045 258.7550 101.1732 14.32488977394934
COSMOS 1867 COOLANT
1 43325U 87060AS  22210.23298346  .00000070  00000-0  62568-4 0  9990
2 43325  65.0119  28.2970 0016027 258.7621 101.1663 14.32489499395127
COSMOS 1867 COOLANT
1 43325U 87060AS  22210.23298346  .00000070  00000-0  62568-4 0  9990
2 43325  65.0119  28.2970 0016027 258.7621 101.1663 14.32489499395127
COSMOS 1867 COOLANT
1 43325U 87060AS  22211.48962551  .00000065  00000-0  60714-4 0  9999
2 43325  65.0119  24.7722 0016007 258.7112 101.2175 14.32489909395301
COSMOS 1867 COOLANT
1 43325U 87060AS  22211.76887927  .00000066  00000-0  61263-4 0  9994
2 43325  65.0120  23.9889 0016004 258.7074 101.2213 14.32489984395342
COSMOS 1867 COOLANT
1 43325U 87060AS  22212.18775985  .00000059  00000-0  58787-4 0  9990
2 43325  65.0120  22.8140 0015993 258.7286 101.2002 14.32490088395401
COSMOS 1867 COOLANT
1 43325U 87060AS  22212.74626723  .00000059  00000-0  58540-4 0  9994
2 43325  65.0120  21.2474 0015983 258.7005 101.2284 14.32490257395480
COSMOS 1867 COOLANT
1 43325U 87060AS  22212.74626723  .00000059  00000-0  58540-4 0  9994
2 43325  65.0120  21.2474 0015983 258.7005 101.2284 14.32490257395480
COSMOS 1867 COOLANT
1 43325U 87060AS  22213.16514768  .00000058  00000-0  58267-4 0  9991
2 43325  65.0120  20.0724 0015971 258.7221 101.2069 14.32490414395545
COSMOS 1867 COOLANT
1 43325U 87060AS  22214.14253528  .00000050  00000-0  55253-4 0  9998
2 43325  65.0121  17.3308 0015957 258.7066 101.2225 14.32490722395685
COSMOS 1867 COOLANT
1 43325U 87060AS  22215.18973598  .00000053  00000-0  56373-4 0  9996
2 43325  65.0122  14.3935 0015944 258.7124 101.2169 14.32491122395839
COSMOS 1867 COOLANT
1 43325U 87060AS  22215.18973598  .00000053  00000-0  56373-4 0  9996
2 43325  65.0122  14.3935 0015944 258.7124 101.2169 14.32491122395839
COSMOS 1867 COOLANT
1 43325U 87060AS  22216.16712321  .00000058  00000-0  58429-4 0  9999
2 43325  65.0123  11.6519 0015931 258.7191 101.2103 14.32491428395970
COSMOS 1867 COOLANT
1 43325U 87060AS  22219.09928348  .00000112  00000-0  78293-4 0  9994
2 43325  65.0126   3.4274 0015885 258.7222 101.2078 14.32492630396397
COSMOS 1867 COOLANT
1 43325U 87060AS  22219.09928348  .00000112  00000-0  78293-4 0  9994
2 43325  65.0126   3.4274 0015885 258.7222 101.2078 14.32492630396397
COSMOS 1867 COOLANT
1 43325U 87060AS  22220.00685621  .00000146  00000-0  90560-4 0  9999
2 43325  65.0127   0.8818 0015871 258.7324 101.1977 14.32493244396525
COSMOS 1867 COOLANT
1 43325U 87060AS  22220.84461528  .00000150  00000-0  92297-4 0  9993
2 43325  65.0128 358.5321 0015877 258.7102 101.2199 14.32493696396649
COSMOS 1867 COOLANT
1 43325U 87060AS  22221.12386822  .00000159  00000-0  95369-4 0  9990
2 43325  65.0128 357.7488 0015877 258.7294 101.2007 14.32493896396680
COSMOS 1867 COOLANT
1 43325U 87060AS  22221.12386822  .00000159  00000-0  95369-4 0  9990
2 43325  65.0128 357.7488 0015877 258.7294 101.2007 14.32493896396680
COSMOS 1867 COOLANT
1 43325U 87060AS  22221.82200064  .00000159  00000-0  95536-4 0  9996
2 43325  65.0128 355.7906 0015875 258.7258 101.2043 14.32494215396788
COSMOS 1867 COOLANT
1 43325U 87060AS  22222.79938579  .00000158  00000-0  95170-4 0  9995
2 43325  65.0129 353.0492 0015866 258.7434 101.1867 14.32494642396929
COSMOS 1867 COOLANT
1 43325U 87060AS  22224.61452852  .00000163  00000-0  96931-4 0  9995
2 43325  65.0129 347.9581 0015838 258.7641 101.1664 14.32495620397180
COSMOS 1867 COOLANT
1 43325U 87060AS  22224.75415484  .00000165  00000-0  97738-4 0  9998
2 43325  65.0129 347.5664 0015844 258.7660 101.1644 14.32495697397201
COSMOS 1867 COOLANT
1 43325U 87060AS  22225.73153865  .00000153  00000-0  93187-4 0  9990
2 43325  65.0129 344.8249 0015836 258.7659 101.1647 14.32496237397348
COSMOS 1867 COOLANT
1 43325U 87060AS  22228.73350140  .00000187  00000-0  10583-3 0  9993
2 43325  65.0129 336.4048 0015820 258.8345 101.0961 14.32497976397774
COSMOS 1867 COOLANT
1 43325U 87060AS  22228.73350140  .00000187  00000-0  10583-3 0  9993
2 43325  65.0129 336.4048 0015820 258.8345 101.0961 14.32497976397774
COSMOS 1867 COOLANT
1 43325U 87060AS  22229.99013580  .00000240  00000-0  12512-3 0  9990
2 43325  65.0129 332.8803 0015808 258.8903 101.0405 14.32498970397957
COSMOS 1867 COOLANT
1 43325U 87060AS  22230.96751747  .00000218  00000-0  11719-3 0  9996
2 43325  65.0129 330.1390 0015822 258.9017 101.0289 14.32499503398091
COSMOS 1867 COOLANT
1 43325U 87060AS  22230.96751747  .00000218  00000-0  11719-3 0  9996
2 43325  65.0129 330.1390 0015822 258.9017 101.0289 14.32499503398091
COSMOS 1867 COOLANT
1 43325U 87060AS  22231.87508615  .00000163  00000-0  96970-4 0  9993
2 43325  65.0128 327.5935 0015810 258.9242 101.0066 14.32499735398227
COSMOS 1867 COOLANT
1 43325U 87060AS  22233.55059688  .00000133  00000-0  85993-4 0  9991
2 43325  65.0127 322.8940 0015758 259.0210 100.9102 14.32500440398469
COSMOS 1867 COOLANT
1 43325U 87060AS  22233.55059688  .00000133  00000-0  85993-4 0  9991
2 43325  65.0127 322.8940 0015758 259.0210 100.9102 14.32500440398469
COSMOS 1867 COOLANT
1 43325U 87060AS  22234.66760351  .00000113  00000-0  78420-4 0  9995
2 43325  65.0126 319.7611 0015755 259.0537 100.8775 14.32500821398623
COSMOS 1867 COOLANT
1 43325U 87060AS  22235.50535815  .00000080  00000-0  66245-4 0  9999
2 43325  65.0125 317.4113 0015761 259.0456 100.8856 14.32501027398743
COSMOS 1867 COOLANT
1 43325U 87060AS  22236.83180264  .00000072  00000-0  63419-4 0  9991
2 43325  65.0123 313.6908 0015751 259.1322 100.7990 14.32501607398936
COSMOS 1867 COOLANT
1 43325U 87060AS  22236.83180264  .00000072  00000-0  63419-4 0  9991
2 43325  65.0123 313.6908 0015751 259.1322 100.7990 14.32501607398936
COSMOS 1867 COOLANT
1 43325U 87060AS  22238.64693661  .00000068  00000-0  61814-4 0  9994
2 43325  65.0120 308.5996 0015742 259.2057 100.7256 14.32502256399194
COSMOS 1867 COOLANT
1 43325U 87060AS  22239.90356737  .00000106  00000-0  76062-4 0  9998
2 43325  65.0118 305.0748 0015728 259.2667 100.6648 14.32502857399370
COSMOS 1867 COOLANT
1 43325U 87060AS  22239.90356737  .00000106  00000-0  76062-4 0  9998
2 43325  65.0118 305.0748 0015728 259.2667 100.6648 14.32502857399370
COSMOS 1867 COOLANT
1 43325U 87060AS  22240.60169544  .00000121  00000-0  81315-4 0  9999
2 43325  65.0117 303.1166 0015716 259.2668 100.6648 14.32503144399471
COSMOS 1867 COOLANT
1 43325U 87060AS  22241.57907440  .00000115  00000-0  79362-4 0  9993
2 43325  65.0115 300.3751 0015700 259.3014 100.6303 14.32503487399611
COSMOS 1867 COOLANT
1 43325U 87060AS  22242.41682746  .00000086  00000-0  68743-4 0  9994
2 43325  65.0113 298.0253 0015697 259.3176 100.6142 14.32503716399732
COSMOS 1867 COOLANT
1 43325U 87060AS  22242.41682746  .00000086  00000-0  68743-4 0  9994
2 43325  65.0113 298.0253 0015697 259.3176 100.6142 14.32503716399732
COSMOS 1867 COOLANT
1 43325U 87060AS  22243.53383125  .00000079  00000-0  66005-4 0  9998
2 43325  65.0111 294.8921 0015690 259.3983 100.5334 14.32504181399891
COSMOS 1867 COOLANT
1 43325U 87060AS  22244.44139666  .00000077  00000-0  65369-4 0  9998
2 43325  65.0109 292.3465 0015683 259.4416 100.4902 14.32504529400022
COSMOS 1867 COOLANT
1 43325U 87060AS  22244.44139666  .00000077  00000-0  65369-4 0  9998
2 43325  65.0109 292.3465 0015683 259.4416 100.4902 14.32504529400022
COSMOS 1867 COOLANT
1 43325U 87060AS  22244.58102199  .00000131  00000-0  85150-4 0  9995
2 43325  65.0109 291.9548 0015675 259.4473 100.4846 14.32504901400046
COSMOS 1867 COOLANT
1 43325U 87060AS  22246.60559015  .00000145  00000-0  90150-4 0  9994
2 43325  65.0104 286.2757 0015651 259.5559 100.3763 14.32505677400330
COSMOS 1867 COOLANT
1 43325U 87060AS  22246.60559015  .00000145  00000-0  90150-4 0  9994
2 43325  65.0104 286.2757 0015651 259.5559 100.3763 14.32505677400330
COSMOS 1867 COOLANT
1 43325U 87060AS  22248.35090583  .00000194  00000-0  10844-3 0  9993
2 43325  65.0101 281.3798 0015626 259.6318 100.3006 14.32506867400583
COSMOS 1867 COOLANT
1 43325U 87060AS  22249.53771985  .00000199  00000-0  10999-3 0  9992
2 43325  65.0100 278.0506 0015614 259.7129 100.2196 14.32507543400750
COSMOS 1867 COOLANT
1 43325U 87060AS  22249.53771985  .00000199  00000-0  10999-3 0  9992
2 43325  65.0100 278.0506 0015614 259.7129 100.2196 14.32507543400750
COSMOS 1867 COOLANT
1 43325U 87060AS  22252.05097101  .00000210  00000-0  11419-3 0  9996
2 43325  65.0097 271.0004 0015573 259.8379 100.0950 14.32509077401114
COSMOS 1867 COOLANT
1 43325U 87060AS  22252.05097101  .00000210  00000-0  11419-3 0  9996
2 43325  65.0097 271.0004 0015573 259.8379 100.0950 14.32509077401114
COSMOS 1867 COOLANT
1 43325U 87060AS  22253.65665744  .00000195  00000-0  10885-3 0  9995
2 43325  65.0096 266.4961 0015536 259.9089 100.0244 14.32510167401344
COSMOS 1867 COOLANT
1 43325U 87060AS  22254.28496909  .00000233  00000-0  12274-3 0  9997
2 43325  65.0096 264.7335 0015534 259.9368  99.9964 14.32510846401437
COSMOS 1867 COOLANT
1 43325U 87060AS  22255.40196722  .00000222  00000-0  11876-3 0  9997
2 43325  65.0095 261.6001 0015517 260.0510  99.8823 14.32511595401597
COSMOS 1867 COOLANT
1 43325U 87060AS  22256.44915234  .00000260  00000-0  13263-3 0  9993
2 43325  65.0094 258.6626 0015496 260.1162  99.8173 14.32512536401746
COSMOS 1867 COOLANT
1 43325U 87060AS  22256.44915234  .00000260  00000-0  13263-3 0  9993
2 43325  65.0094 258.6626 0015496 260.1162  99.8173 14.32512536401746
COSMOS 1867 COOLANT
1 43325U 87060AS  22257.28690015  .00000300  00000-0  14716-3 0  9992
2 43325  65.0094 256.3125 0015481 260.1351  99.7986 14.32513290401861
COSMOS 1867 COOLANT
1 43325U 87060AS  22258.47370859  .00000337  00000-0  16082-3 0  9993
2 43325  65.0094 252.9832 0015444 260.1952  99.7389 14.32514425402032
COSMOS 1867 COOLANT
1 43325U 87060AS  22258.47370859  .00000337  00000-0  16082-3 0  9993
2 43325  65.0094 252.9832 0015444 260.1952  99.7389 14.32514425402032
COSMOS 1867 COOLANT
1 43325U 87060AS  22259.24164303  .00000338  00000-0  16128-3 0  9996
2 43325  65.0094 250.8290 0015427 260.2228  99.7115 14.32515071402142
COSMOS 1867 COOLANT
1 43325U 87060AS  22261.68506875  .00000276  00000-0  13857-3 0  9998
2 43325  65.0097 243.9746 0015372 260.4157  99.5191 14.32516733402492
COSMOS 1867 COOLANT
1 43325U 87060AS  22261.68506875  .00000276  00000-0  13857-3 0  9998
2 43325  65.0097 243.9746 0015372 260.4157  99.5191 14.32516733402492
COSMOS 1867 COOLANT
1 43325U 87060AS  22262.66243827  .00000264  00000-0  13419-3 0  9993
2 43325  65.0098 241.2329 0015339 260.4784  99.4567 14.32517387402638
COSMOS 1867 COOLANT
1 43325U 87060AS  22264.61717556  .00000273  00000-0  13743-3 0  9995
2 43325  65.0101 235.7496 0015287 260.5650  99.3707 14.32518989402916
COSMOS 1867 COOLANT
1 43325U 87060AS  22264.61717556  .00000273  00000-0  13743-3 0  9995
2 43325  65.0101 235.7496 0015287 260.5650  99.3707 14.32518989402916
COSMOS 1867 COOLANT
1 43325U 87060AS  22265.52473153  .00000269  00000-0  13594-3 0  9997
2 43325  65.0102 233.2038 0015261 260.6145  99.3215 14.32519699403042
COSMOS 1867 COOLANT
1 43325U 87060AS  22266.15303925  .00000267  00000-0  13527-3 0  9990
2 43325  65.0103 231.4414 0015248 260.6263  99.3098 14.32520174403136
COSMOS 1867 COOLANT
1 43325U 87060AS  22267.20021839  .00000274  00000-0  13777-3 0  9993
2 43325  65.0104 228.5039 0015224 260.6785  99.2578 14.32520966403287
COSMOS 1867 COOLANT
1 43325U 87060AS  22267.20021839  .00000274  00000-0  13777-3 0  9993
2 43325  65.0104 228.5039 0015224 260.6785  99.2578 14.32520966403287
COSMOS 1867 COOLANT
1 43325U 87060AS  22267.61908979  .00000288  00000-0  14293-3 0  9996
2 43325  65.0104 227.3289 0015208 260.7345  99.2020 14.32521379403344
COSMOS 1867 COOLANT
1 43325U 87060AS  22268.17758507  .00000290  00000-0  14348-3 0  9992
2 43325  65.0105 225.7623 0015192 260.7386  99.1980 14.32521743403424
COSMOS 1867 COOLANT
1 43325U 87060AS  22269.15495149  .00000271  00000-0  13669-3 0  9995
2 43325  65.0106 223.0208 0015152 260.7869  99.1502 14.32522277403565
COSMOS 1867 COOLANT
1 43325U 87060AS  22272.22667049  .00000374  00000-0  17448-3 0  9990
2 43325  65.0109 214.4045 0015076 260.9745  98.9634 14.32525200404003
COSMOS 1867 COOLANT
1 43325U 87060AS  22272.22667049  .00000374  00000-0  17448-3 0  9990
2 43325  65.0109 214.4045 0015076 260.9745  98.9634 14.32525200404003
COSMOS 1867 COOLANT
1 43325U 87060AS  22273.20403444  .00000424  00000-0  19283-3 0  9991
2 43325  65.0110 211.6629 0015049 261.0235  98.9146 14.32526251404148
COSMOS 1867 COOLANT
1 43325U 87060AS  22276.20593322  .00000545  00000-0  23739-3 0  9994
2 43325  65.0113 203.2426 0014958 261.1542  98.7849 14.32529820404573
COSMOS 1867 COOLANT
1 43325U 87060AS  22276.48517935  .00000521  00000-0  22827-3 0  9991
2 43325  65.0113 202.4593 0014950 261.2170  98.7222 14.32529981404617
COSMOS 1867 COOLANT
1 43325U 87060AS  22277.04367091  .00000542  00000-0  23600-3 0  9993
2 43325  65.0113 200.8927 0014946 261.2021  98.7371 14.32530812404698
COSMOS 1867 COOLANT
1 43325U 87060AS  22282.13989464  .00000627  00000-0  26744-3 0  9999
2 43325  65.0111 186.5981 0014809 261.4021  98.5387 14.32537929405429
COSMOS 1867 COOLANT
1 43325U 87060AS  22282.34932798  .00000617  00000-0  26351-3 0  9993
2 43325  65.0111 186.0106 0014809 261.4134  98.5273 14.32538176405450
COSMOS 1867 COOLANT
1 43325U 87060AS  22284.02479221  .00000594  00000-0  25525-3 0  9993
2 43325  65.0110 181.3107 0014761 261.5143  98.4269 14.32540602405693
COSMOS 1867 COOLANT
1 43325U 87060AS  22285.42101057  .00000557  00000-0  24161-3 0  9991
2 43325  65.0109 177.3942 0014753 261.6258  98.3155 14.32542348405896
COSMOS 1867 COOLANT
1 43325U 87060AS  22286.39836267  .00000483  00000-0  21456-3 0  9998
2 43325  65.0108 174.6528 0014690 261.6725  98.2694 14.32543261406033
COSMOS 1867 COOLANT
1 43325U 87060AS  22290.09833057  .00000355  00000-0  16756-3 0  9999
2 43325  65.0106 164.2746 0014527 261.8525  98.0912 14.32547296406568
COSMOS 1867 COOLANT
1 43325U 87060AS  22290.37757318  .00000356  00000-0  16772-3 0  9994
2 43325  65.0106 163.4913 0014512 261.8830  98.0609 14.32547554406603
COSMOS 1867 COOLANT
1 43325U 87060AS  22292.05302708  .00000321  00000-0  15496-3 0  9994
2 43325  65.0102 158.7913 0014492 261.9388  98.0053 14.32548946406847
COSMOS 1867 COOLANT
1 43325U 87060AS  22293.23980593  .00000282  00000-0  14067-3 0  9998
2 43325  65.0100 155.4621 0014457 261.9863  97.9582 14.32549860407015
COSMOS 1867 COOLANT
1 43325U 87060AS  22293.23980593  .00000282  00000-0  14067-3 0  9998
2 43325  65.0100 155.4621 0014457 261.9863  97.9582 14.32549860407015
COSMOS 1867 COOLANT
1 43325U 87060AS  22294.84544683  .00000236  00000-0  12359-3 0  9993
2 43325  65.0098 150.9580 0014416 262.0104  97.9345 14.32550936407248
COSMOS 1867 COOLANT
1 43325U 87060AS  22295.05487817  .00000237  00000-0  12387-3 0  9994
2 43325  65.0098 150.3704 0014418 262.0526  97.8923 14.32551081407276
COSMOS 1867 COOLANT
1 43325U 87060AS  22296.31146557  .00000305  00000-0  14887-3 0  9990
2 43325  65.0097 146.8453 0014384 262.1295  97.8157 14.32552383407457
COSMOS 1867 COOLANT
1 43325U 87060AS  22296.31146557  .00000305  00000-0  14887-3 0  9990
2 43325  65.0097 146.8453 0014384 262.1295  97.8157 14.32552383407457
COSMOS 1867 COOLANT
1 43325U 87060AS  22300.29065365  .00000243  00000-0  12626-3 0  9990
2 43325  65.0095 135.6825 0014298 262.3389  97.6073 14.32555142408029
COSMOS 1867 COOLANT
1 43325U 87060AS  22300.29065365  .00000243  00000-0  12626-3 0  9990
2 43325  65.0095 135.6825 0014298 262.3389  97.6073 14.32555142408029
COSMOS 1867 COOLANT
1 43325U 87060AS  22301.26799630  .00000275  00000-0  13811-3 0  9999
2 43325  65.0094 132.9407 0014283 262.3942  97.5521 14.32556155408160
COSMOS 1867 COOLANT
1 43325U 87060AS  22301.82647778  .00000308  00000-0  15024-3 0  9991
2 43325  65.0093 131.3740 0014276 262.3960  97.5503 14.32556744408247
COSMOS 1867 COOLANT
1 43325U 87060AS  22302.80381963  .00000393  00000-0  18115-3 0  9999
2 43325  65.0092 128.6320 0014270 262.4596  97.4868 14.32558008408382
COSMOS 1867 COOLANT
1 43325U 87060AS  22302.80381963  .00000393  00000-0  18115-3 0  9999
2 43325  65.0092 128.6320 0014270 262.4596  97.4868 14.32558008408382
COSMOS 1867 COOLANT
1 43325U 87060AS  22304.20002142  .00000409  00000-0  18712-3 0  9995
2 43325  65.0092 124.7152 0014215 262.4740  97.4730 14.32559337408588
COSMOS 1867 COOLANT
1 43325U 87060AS  22304.75850144  .00000435  00000-0  19668-3 0  9998
2 43325  65.0092 123.1485 0014251 262.6687  97.2779 14.32560065408662
COSMOS 1867 COOLANT
1 43325U 87060AS  22306.22451097  .00000449  00000-0  20188-3 0  9990
2 43325  65.0093 119.0357 0014232 262.7874  97.1593 14.32561624408871
COSMOS 1867 COOLANT
1 43325U 87060AS  22306.22451097  .00000449  00000-0  20188-3 0  9990
2 43325  65.0093 119.0357 0014232 262.7874  97.1593 14.32561624408871
COSMOS 1867 COOLANT
1 43325U 87060AS  22308.17918642  .00000603  00000-0  25857-3 0  9990
2 43325  65.0094 113.5516 0014189 262.7304  97.2168 14.32564866409159
COSMOS 1867 COOLANT
1 43325U 87060AS  22310.13385797  .00000544  00000-0  23693-3 0  9998
2 43325  65.0096 108.0681 0014188 262.9060  97.0411 14.32567321409432
COSMOS 1867 COOLANT
1 43325U 87060AS  22310.13385797  .00000544  00000-0  23693-3 0  9998
2 43325  65.0096 108.0681 0014188 262.9060  97.0411 14.32567321409432
COSMOS 1867 COOLANT
1 43325U 87060AS  22313.83376023  .00000618  00000-0  26385-3 0  9993
2 43325  65.0099  97.6880 0014225 263.0940  96.8527 14.32573402409960
COSMOS 1867 COOLANT
1 43325U 87060AS  22313.83376023  .00000618  00000-0  26385-3 0  9993
2 43325  65.0099  97.6880 0014225 263.0940  96.8527 14.32573402409960
COSMOS 1867 COOLANT
1 43325U 87060AS  22321.02410146  .00000374  00000-0  17428-3 0  9995
2 43325  65.0114  77.5173 0014193 263.9897  95.9571 14.32581640410991
COSMOS 1867 COOLANT
1 43325U 87060AS  22321.02410146  .00000374  00000-0  17428-3 0  9995
2 43325  65.0114  77.5173 0014193 263.9897  95.9571 14.32581640410991
COSMOS 1867 COOLANT
1 43325U 87060AS  22323.04855975  .00000329  00000-0  15782-3 0  9993
2 43325  65.0119  71.8383 0014161 264.2119  95.7351 14.32583589411283
COSMOS 1867 COOLANT
1 43325U 87060AS  22323.04855975  .00000329  00000-0  15782-3 0  9993
2 43325  65.0119  71.8383 0014161 264.2119  95.7351 14.32583589411283
COSMOS 1867 COOLANT
1 43325U 87060AS  22324.65416309  .00000336  00000-0  16045-3 0  9996
2 43325  65.0123  67.3343 0014154 264.4334  95.5137 14.32585030411516
COSMOS 1867 COOLANT
1 43325U 87060AS  22326.67861734  .00000304  00000-0  14865-3 0  9999
2 43325  65.0125  61.6552 0014183 264.6256  95.3211 14.32586502411802
COSMOS 1867 COOLANT
1 43325U 87060AS  22326.67861734  .00000304  00000-0  14865-3 0  9999
2 43325  65.0125  61.6552 0014183 264.6256  95.3211 14.32586502411802
COSMOS 1867 COOLANT
1 43325U 87060AS  22328.00498265  .00000256  00000-0  13087-3 0  9994
2 43325  65.0126  57.9344 0014201 264.8378  95.1087 14.32587359411998
COSMOS 1867 COOLANT
1 43325U 87060AS  22328.98230407  .00000259  00000-0  13209-3 0  9992
2 43325  65.0126  55.1928 0014216 264.9329  95.0133 14.32588078412136
COSMOS 1867 COOLANT
1 43325U 87060AS  22329.54077315  .00000293  00000-0  14468-3 0  9998
2 43325  65.0126  53.6260 0014208 264.8639  95.0824 14.32588656412210
COSMOS 1867 COOLANT
1 43325U 87060AS  22332.82177606  .00000255  00000-0  13043-3 0  9993
2 43325  65.0129  44.4222 0014166 265.2614  94.6853 14.32590921412686
COSMOS 1867 COOLANT
1 43325U 87060AS  22333.45005222  .00000260  00000-0  13238-3 0  9999
2 43325  65.0129  42.6597 0014210 265.3408  94.6054 14.32591497412775
COSMOS 1867 COOLANT
1 43325U 87060AS  22334.63679601  .00000246  00000-0  12728-3 0  9995
2 43325  65.0129  39.3305 0014220 265.4976  94.4485 14.32592353412944
COSMOS 1867 COOLANT
1 43325U 87060AS  22335.54430546  .00000268  00000-0  13542-3 0  9998
2 43325  65.0128  36.7847 0014217 265.5708  94.3753 14.32593153413076
COSMOS 1867 COOLANT
1 43325U 87060AS  22335.54430546  .00000268  00000-0  13542-3 0  9998
2 43325  65.0128  36.7847 0014217 265.5708  94.3753 14.32593153413076
COSMOS 1867 COOLANT
1 43325U 87060AS  22336.45181445  .00000273  00000-0  13710-3 0  9993
2 43325  65.0127  34.2388 0014217 265.6430  94.3030 14.32593848413205
COSMOS 1867 COOLANT
1 43325U 87060AS  22337.56874804  .00000267  00000-0  13498-3 0  9990
2 43325  65.0126  31.1054 0014217 265.7816  94.1644 14.32594648413364
COSMOS 1867 COOLANT
1 43325U 87060AS  22337.56874804  .00000267  00000-0  13498-3 0  9990
2 43325  65.0126  31.1054 0014217 265.7816  94.1644 14.32594648413364
COSMOS 1867 COOLANT
1 43325U 87060AS  22337.84798125  .00000263  00000-0  13357-3 0  9992
2 43325  65.0126  30.3220 0014214 265.8302  94.1159 14.32594878413409
COSMOS 1867 COOLANT
1 43325U 87060AS  22339.38376326  .00000293  00000-0  14457-3 0  9993
2 43325  65.0126  26.0136 0014219 265.9799  93.9661 14.32596325413621
COSMOS 1867 COOLANT
1 43325U 87060AS  22339.87242084  .00000301  00000-0  14742-3 0  9997
2 43325  65.0126  24.6427 0014223 266.0873  93.8586 14.32596789413694
COSMOS 1867 COOLANT
1 43325U 87060AS  22339.87242084  .00000301  00000-0  14742-3 0  9997
2 43325  65.0126  24.6427 0014223 266.0873  93.8586 14.32596789413694
COSMOS 1867 COOLANT
1 43325U 87060AS  22341.82704987  .00000435  00000-0  19677-3 0  9990
2 43325  65.0125  19.1592 0014223 266.3085  93.6374 14.32599116413974
COSMOS 1867 COOLANT
1 43325U 87060AS  22342.38551481  .00000407  00000-0  18646-3 0  9995
2 43325  65.0124  17.5925 0014219 266.3245  93.6213 14.32599461414053
COSMOS 1867 COOLANT
1 43325U 87060AS  22342.80436336  .00000386  00000-0  17871-3 0  9998
2 43325  65.0124  16.4175 0014215 266.3986  93.5474 14.32599748414119
COSMOS 1867 COOLANT
1 43325U 87060AS  22346.50418595  .00000361  00000-0  16953-3 0  9999
2 43325  65.0122   6.0379 0014218 266.8751  93.0707 14.32603542414646
COSMOS 1867 COOLANT
1 43325U 87060AS  22346.50418595  .00000361  00000-0  16953-3 0  9999
2 43325  65.0122   6.0379 0014218 266.8751  93.0707 14.32603542414646
COSMOS 1867 COOLANT
1 43325U 87060AS  22347.34188034  .00000389  00000-0  17967-3 0  9990
2 43325  65.0121   3.6878 0014215 266.9593  92.9865 14.32604517414763
COSMOS 1867 COOLANT
1 43325U 87060AS  22348.31918965  .00000387  00000-0  17885-3 0  9999
2 43325  65.0120   0.9460 0014202 267.0528  92.8931 14.32605541414902
COSMOS 1867 COOLANT
1 43325U 87060AS  22350.41342126  .00000450  00000-0  20219-3 0  9999
2 43325  65.0119 355.0704 0014191 267.3666  92.5794 14.32608230415204
COSMOS 1867 COOLANT
1 43325U 87060AS  22350.41342126  .00000450  00000-0  20219-3 0  9999
2 43325  65.0119 355.0704 0014191 267.3666  92.5794 14.32608230415204
COSMOS 1867 COOLANT
1 43325U 87060AS  22350.41342126  .00000450  00000-0  20219-3 0  9999
2 43325  65.0119 355.0704 0014191 267.3666  92.5794 14.32608230415204
COSMOS 1867 COOLANT
1 43325U 87060AS  22352.43784180  .00000465  00000-0  20746-3 0  9994
2 43325  65.0119 349.3908 0014176 267.6164  92.3298 14.32610587415491
COSMOS 1867 COOLANT
1 43325U 87060AS  22352.43784180  .00000465  00000-0  20746-3 0  9994
2 43325  65.0119 349.3908 0014176 267.6164  92.3298 14.32610587415491
COSMOS 1867 COOLANT
1 43325U 87060AS  22352.71707198  .00000459  00000-0  20539-3 0  9992
2 43325  65.0119 348.6073 0014171 267.6639  92.2824 14.32610869415530
COSMOS 1867 COOLANT
1 43325U 87060AS  22353.27553210  .00000511  00000-0  22439-3 0  9998
2 43325  65.0119 347.0406 0014165 267.6426  92.3037 14.32611766415613
COSMOS 1867 COOLANT
1 43325U 87060AS  22355.43956236  .00000463  00000-0  20692-3 0  9998
2 43325  65.0119 340.9692 0014142 267.9351  92.0115 14.32614187415925
COSMOS 1867 COOLANT
1 43325U 87060AS  22355.43956236  .00000463  00000-0  20692-3 0  9998
2 43325  65.0119 340.9692 0014142 267.9351  92.0115 14.32614187415925
COSMOS 1867 COOLANT
1 43325U 87060AS  22355.57917706  .00000460  00000-0  20562-3 0  9995
2 43325  65.0119 340.5775 0014145 267.9406  92.0059 14.32614357415945
COSMOS 1867 COOLANT
1 43325U 87060AS  22357.67339657  .00000376  00000-0  17480-3 0  9992
2 43325  65.0119 334.7021 0014126 268.2362  91.7105 14.32616283416240
COSMOS 1867 COOLANT
1 43325U 87060AS  22357.67339657  .00000376  00000-0  17480-3 0  9992
2 43325  65.0119 334.7021 0014126 268.2362  91.7105 14.32616283416240
COSMOS 1867 COOLANT
1 43325U 87060AS  22358.37146915  .00000404  00000-0  18526-3 0  9997
2 43325  65.0119 332.7436 0014114 268.2994  91.6474 14.32617130416347
COSMOS 1867 COOLANT
1 43325U 87060AS  22358.65069802  .00000394  00000-0  18141-3 0  9998
2 43325  65.0119 331.9602 0014110 268.3494  91.5974 14.32617379416388
COSMOS 1867 COOLANT
1 43325U 87060AS  22360.18645624  .00000407  00000-0  18638-3 0  9997
2 43325  65.0119 327.6515 0014091 268.4835  91.4636 14.32618947416602
COSMOS 1867 COOLANT
1 43325U 87060AS  22360.18645624  .00000407  00000-0  18638-3 0  9997
2 43325  65.0119 327.6515 0014091 268.4835  91.4636 14.32618947416602
COSMOS 1867 COOLANT
1 43325U 87060AS  22360.60529896  .00000391  00000-0  18041-3 0  9996
2 43325  65.0119 326.4763 0014090 268.5540  91.3931 14.32619323416669
COSMOS 1867 COOLANT
1 43325U 87060AS  22361.30336995  .00000387  00000-0  17885-3 0  9990
2 43325  65.0119 324.5178 0014083 268.6164  91.3307 14.32620038416766
COSMOS 1867 COOLANT
1 43325U 87060AS  22362.28066872  .00000398  00000-0  18305-3 0  9992
2 43325  65.0120 321.7760 0014070 268.6968  91.2505 14.32621144416906
COSMOS 1867 COOLANT
1 43325U 87060AS  22362.28066872  .00000398  00000-0  18305-3 0  9992
2 43325  65.0120 321.7760 0014070 268.6968  91.2505 14.32621144416906
COSMOS 1867 COOLANT
1 43325U 87060AS  22363.32777406  .00000436  00000-0  19705-3 0  9998
2 43325  65.0120 318.8383 0014060 268.7990  91.1484 14.32622350417051
COSMOS 1867 COOLANT
1 43325U 87060AS  22364.16545750  .00000461  00000-0  20620-3 0  9992
2 43325  65.0121 316.4882 0014051 268.8902  91.0573 14.32623368417175
COSMOS 1867 COOLANT
1 43325U 87060AS  22364.58429891  .00000495  00000-0  21869-3 0  9998
2 43325  65.0121 315.3131 0014045 268.9655  90.9821 14.32624038417235
COSMOS 1867 COOLANT
1 43325U 87060AS  22365.14275382  .00000584  00000-0  25125-3 0  9993
2 43325  65.0121 313.7463 0014032 268.9904  90.9573 14.32625194417315
COSMOS 1867 COOLANT
1 43325U 87060AS  22365.56159511  .00000511  00000-0  22443-3 0  9994
2 43325  65.0121 312.5712 0014029 269.0765  90.8713 14.32625258417374
COSMOS 1867 COOLANT
1 43325U 87060AS  23001.46908353  .00000485  00000-0  21486-3 0  9993
2 43325  65.0121 310.0254 0014018 269.1440  90.8038 14.32626296417505
COSMOS 1867 COOLANT
1 43325U 87060AS  23003.56328547  .00000461  00000-0  20608-3 0  9996
2 43325  65.0121 304.1501 0013991 269.4013  90.5468 14.32628694417803
COSMOS 1867 COOLANT
1 43325U 87060AS  23003.56328547  .00000461  00000-0  20608-3 0  9996
2 43325  65.0121 304.1501 0013991 269.4013  90.5468 14.32628694417803
COSMOS 1867 COOLANT
1 43325U 87060AS  23004.54057812  .00000532  00000-0  23189-3 0  9995
2 43325  65.0121 301.4084 0013977 269.4917  90.4566 14.32630300417946
COSMOS 1867 COOLANT
1 43325U 87060AS  23005.51787031  .00000494  00000-0  21819-3 0  9991
2 43325  65.0120 298.6666 0013963 269.5873  90.3612 14.32631234418089
COSMOS 1867 COOLANT
1 43325U 87060AS  23006.21593534  .00000540  00000-0  23514-3 0  9998
2 43325  65.0120 296.7082 0013948 269.6398  90.3088 14.32632395418183
COSMOS 1867 COOLANT
1 43325U 87060AS  23006.49516134  .00000500  00000-0  22032-3 0  9999
2 43325  65.0120 295.9248 0013946 269.6912  90.2575 14.32632522418225
COSMOS 1867 COOLANT
1 43325U 87060AS  23008.17051526  .00000547  00000-0  23759-3 0  9993
2 43325  65.0119 291.2246 0013921 269.8432  90.1057 14.32635008418464
COSMOS 1867 COOLANT
1 43325U 87060AS  23009.49683532  .00000557  00000-0  24120-3 0  9991
2 43325  65.0118 287.5036 0013899 270.0082  89.9410 14.32636826418656
COSMOS 1867 COOLANT
1 43325U 87060AS  23009.49683532  .00000557  00000-0  24120-3 0  9991
2 43325  65.0118 287.5036 0013899 270.0082  89.9410 14.32636826418656
COSMOS 1867 COOLANT
1 43325U 87060AS  23010.47412262  .00000560  00000-0  24238-3 0  9995
2 43325  65.0117 284.7618 0013885 270.1026  89.8467 14.32638165418798
COSMOS 1867 COOLANT
1 43325U 87060AS  23011.45140880  .00000607  00000-0  25963-3 0  9996
2 43325  65.0116 282.0200 0013868 270.1922  89.7573 14.32639818418930
COSMOS 1867 COOLANT
1 43325U 87060AS  23012.14946969  .00000645  00000-0  27364-3 0  9994
2 43325  65.0115 280.0617 0013859 270.2385  89.7111 14.32641060419035
COSMOS 1867 COOLANT
1 43325U 87060AS  23012.14946969  .00000645  00000-0  27364-3 0  9994
2 43325  65.0115 280.0617 0013859 270.2385  89.7111 14.32641060419035
COSMOS 1867 COOLANT
1 43325U 87060AS  23012.98714192  .00000664  00000-0  28041-3 0  9991
2 43325  65.0114 277.7116 0013851 270.3098  89.6400 14.32642491419157
COSMOS 1867 COOLANT
1 43325U 87060AS  23015.43034726  .00000768  00000-0  31842-3 0  9990
2 43325  65.0110 270.8571 0013832 270.5824  89.3676 14.32647231419508
COSMOS 1867 COOLANT
1 43325U 87060AS  23015.43034726  .00000768  00000-0  31842-3 0  9990
2 43325  65.0110 270.8571 0013832 270.5824  89.3676 14.32647231419508
COSMOS 1867 COOLANT
1 43325U 87060AS  23016.40762661  .00000927  00000-0  37688-3 0  9995
2 43325  65.0108 268.1152 0013816 270.6537  89.2965 14.32650018419646
COSMOS 1867 COOLANT
1 43325U 87060AS  23017.10568292  .00000915  00000-0  37234-3 0  9991
2 43325  65.0107 266.1568 0013803 270.6942  89.2561 14.32651244419745
COSMOS 1867 COOLANT
1 43325U 87060AS  23018.08296082  .00000764  00000-0  31716-3 0  9995
2 43325  65.0105 263.4149 0013792 270.7960  89.1545 14.32652254419884
COSMOS 1867 COOLANT
1 43325U 87060AS  23018.08296082  .00000764  00000-0  31716-3 0  9995
2 43325  65.0105 263.4149 0013792 270.7960  89.1545 14.32652254419884
COSMOS 1867 COOLANT
1 43325U 87060AS  23018.92062572  .00000914  00000-0  37194-3 0  9996
2 43325  65.0104 261.0646 0013787 270.8577  89.0929 14.32654878420003
COSMOS 1867 COOLANT
1 43325U 87060AS  23021.08459027  .00000817  00000-0  33642-3 0  9998
2 43325  65.0101 254.9931 0013781 271.0683  88.8823 14.32658571420311
COSMOS 1867 COOLANT
1 43325U 87060AS  23023.31835407  .00000751  00000-0  31216-3 0  9998
2 43325  65.0098 248.7257 0013764 271.3169  88.6339 14.32662269420635
COSMOS 1867 COOLANT
1 43325U 87060AS  23025.06347803  .00000670  00000-0  28257-3 0  9991
2 43325  65.0096 243.8293 0013746 271.4501  88.5009 14.32664905420889
COSMOS 1867 COOLANT
1 43325U 87060AS  23026.04074622  .00000621  00000-0  26448-3 0  9992
2 43325  65.0095 241.0873 0013742 271.5426  88.4085 14.32666192421025
COSMOS 1867 COOLANT
1 43325U 87060AS  23026.04074622  .00000621  00000-0  26448-3 0  9992
2 43325  65.0095 241.0873 0013742 271.5426  88.4085 14.32666192421025
COSMOS 1867 COOLANT
1 43325U 87060AS  23027.85567091  .00000506  00000-0  22235-3 0  9991
2 43325  65.0093 235.9950 0013732 271.6830  88.2682 14.32668064421289
COSMOS 1867 COOLANT
1 43325U 87060AS  23028.06508511  .00000499  00000-0  21978-3 0  9991
2 43325  65.0092 235.4074 0013729 271.7172  88.2340 14.32668303421317
COSMOS 1867 COOLANT
1 43325U 87060AS  23028.06508511  .00000499  00000-0  21978-3 0  9991
2 43325  65.0092 235.4074 0013729 271.7172  88.2340 14.32668303421317
COSMOS 1867 COOLANT
1 43325U 87060AS  23028.83293693  .00000433  00000-0  19553-3 0  9992
2 43325  65.0092 233.2530 0013728 271.7660  88.1852 14.32668906421429
COSMOS 1867 COOLANT
1 43325U 87060AS  23029.81020220  .00000387  00000-0  17884-3 0  9998
2 43325  65.0092 230.5109 0013723 271.8375  88.1138 14.32669860421562
COSMOS 1867 COOLANT
1 43325U 87060AS  23030.92707610  .00000342  00000-0  16222-3 0  9993
2 43325  65.0092 227.3771 0013744 272.0079  87.9432 14.32670845421725
COSMOS 1867 COOLANT
1 43325U 87060AS  23030.92707610  .00000342  00000-0  16222-3 0  9993
2 43325  65.0092 227.3771 0013744 272.0079  87.9432 14.32670845421725
COSMOS 1867 COOLANT
1 43325U 87060AS  23031.90433991  .00000371  00000-0  17302-3 0  9992
2 43325  65.0092 224.6350 0013756 272.1265  87.8245 14.32672039421862
COSMOS 1867 COOLANT
1 43325U 87060AS  23032.25336249  .00000368  00000-0  17191-3 0  9991
2 43325  65.0093 223.6554 0013734 272.1386  87.8126 14.32672406421910
COSMOS 1867 COOLANT
1 43325U 87060AS  23033.23062512  .00000428  00000-0  19368-3 0  9994
2 43325  65.0093 220.9134 0013709 272.1752  87.7763 14.32673806422050
COSMOS 1867 COOLANT
1 43325U 87060AS  23033.23062512  .00000428  00000-0  19368-3 0  9994
2 43325  65.0093 220.9134 0013709 272.1752  87.7763 14.32673806422050
COSMOS 1867 COOLANT
1 43325U 87060AS  23033.92866964  .00000396  00000-0  18214-3 0  9996
2 43325  65.0093 218.9548 0013711 272.2164  87.7351 14.32674337422151
COSMOS 1867 COOLANT
1 43325U 87060AS  23036.23221322  .00000456  00000-0  20404-3 0  9997
2 43325  65.0095 212.4914 0013726 272.4531  87.4982 14.32677323422486
COSMOS 1867 COOLANT
1 43325U 87060AS  23036.23221322  .00000456  00000-0  20404-3 0  9997
2 43325  65.0095 212.4914 0013726 272.4531  87.4982 14.32677323422486
COSMOS 1867 COOLANT
1 43325U 87060AS  23037.20947240  .00000560  00000-0  24210-3 0  9994
2 43325  65.0096 209.7495 0013727 272.4475  87.5038 14.32679128422622
COSMOS 1867 COOLANT
1 43325U 87060AS  23037.90751264  .00000676  00000-0  28453-3 0  9991
2 43325  65.0095 207.7908 0013796 272.6171  87.3335 14.32681009422729
COSMOS 1867 COOLANT
1 43325U 87060AS  23038.18672898  .00000743  00000-0  30931-3 0  9996
2 43325  65.0095 207.0072 0013804 272.7370  87.2135 14.32681776422768
COSMOS 1867 COOLANT
1 43325U 87060AS  23038.88476937  .00000838  00000-0  34394-3 0  9991
2 43325  65.0092 205.0487 0013829 272.6387  87.3115 14.32683351422868
COSMOS 1867 COOLANT
1 43325U 87060AS  23039.16398539  .00000850  00000-0  34850-3 0  9995
2 43325  65.0092 204.2652 0013833 272.6722  87.2780 14.32683861422909
COSMOS 1867 COOLANT
1 43325U 87060AS  23039.16398539  .00000850  00000-0  34850-3 0  9995
2 43325  65.0092 204.2652 0013833 272.6722  87.2780 14.32683861422909
COSMOS 1867 COOLANT
1 43325U 87060AS  23039.86202434  .00001079  00000-0  43230-3 0  9996
2 43325  65.0094 202.3067 0013819 272.7003  87.2500 14.32686454423000
COSMOS 1867 COOLANT
1 43325U 87060AS  23041.04868827  .00001340  00000-0  52780-3 0  9994
2 43325  65.0099 198.9773 0013812 272.8688  87.0816 14.32690615423172
COSMOS 1867 COOLANT
1 43325U 87060AS  23041.88633180  .00001432  00000-0  56151-3 0  9996
2 43325  65.0100 196.6269 0013819 272.9179  87.0325 14.32693184423295
COSMOS 1867 COOLANT
1 43325U 87060AS  23041.88633180  .00001432  00000-0  56151-3 0  9996
2 43325  65.0100 196.6269 0013819 272.9179  87.0325 14.32693184423295
COSMOS 1867 COOLANT
1 43325U 87060AS  23042.16554561  .00001473  00000-0  57633-3 0  9994
2 43325  65.0101 195.8435 0013828 272.9754  86.9748 14.32694248423335
COSMOS 1867 COOLANT
1 43325U 87060AS  23042.86358053  .00001508  00000-0  58925-3 0  9993
2 43325  65.0102 193.8848 0013822 272.9752  86.9751 14.32696262423437
COSMOS 1867 COOLANT
1 43325U 87060AS  23043.14279403  .00001523  00000-0  59495-3 0  9996
2 43325  65.0103 193.1014 0013830 273.0294  86.9209 14.32697157423474
COSMOS 1867 COOLANT
1 43325U 87060AS  23043.70122017  .00001648  00000-0  64046-3 0  9992
2 43325  65.0104 191.5346 0013835 273.0730  86.8772 14.32699585423555
COSMOS 1867 COOLANT
1 43325U 87060AS  23044.67846504  .00001658  00000-0  64407-3 0  9995
2 43325  65.0106 188.7927 0013845 273.2018  86.7483 14.32702584423699
COSMOS 1867 COOLANT
1 43325U 87060AS  23045.09728346  .00001627  00000-0  63285-3 0  9994
2 43325  65.0106 187.6175 0013866 273.2601  86.6897 14.32703754423758
COSMOS 1867 COOLANT
1 43325U 87060AS  23045.79531324  .00001609  00000-0  62598-3 0  9995
2 43325  65.0107 185.6590 0013879 273.3190  86.6307 14.32705937423858
COSMOS 1867 COOLANT
1 43325U 87060AS  23049.77406263  .00001180  00000-0  46891-3 0  9992
2 43325  65.0111 174.4954 0013976 273.7582  86.1905 14.32716406424426
COSMOS 1867 COOLANT
1 43325U 87060AS  23049.77406263  .00001180  00000-0  46891-3 0  9992
2 43325  65.0111 174.4954 0013976 273.7582  86.1905 14.32716406424426
COSMOS 1867 COOLANT
1 43325U 87060AS  23051.58892250  .00000950  00000-0  38488-3 0  9996
2 43325  65.0112 169.4032 0013961 273.9700  85.9789 14.32719893424684
COSMOS 1867 COOLANT
1 43325U 87060AS  23051.93793344  .00000890  00000-0  36275-3 0  9994
2 43325  65.0111 168.4240 0014042 274.0290  85.9190 14.32720400424738
COSMOS 1867 COOLANT
1 43325U 87060AS  23052.56615267  .00000871  00000-0  35567-3 0  9993
2 43325  65.0111 166.6612 0014034 274.0603  85.8877 14.32721749424828
COSMOS 1867 COOLANT
1 43325U 87060AS  23057.87109728  .00000821  00000-0  33743-3 0  9991
2 43325  65.0113 151.7762 0014177 274.6033  85.3433 14.32731398425580
COSMOS 1867 COOLANT
1 43325U 87060AS  23057.87109728  .00000821  00000-0  33743-3 0  9991
2 43325  65.0113 151.7762 0014177 274.6033  85.3433 14.32731398425580
COSMOS 1867 COOLANT
1 43325U 87060AS  23058.98792144  .00001083  00000-0  43343-3 0  9992
2 43325  65.0112 148.6424 0014210 274.7206  85.2256 14.32735387425742
COSMOS 1867 COOLANT
1 43325U 87060AS  23059.96514215  .00000941  00000-0  38135-3 0  9997
2 43325  65.0112 145.9005 0014228 274.8537  85.0923 14.32736581425885
COSMOS 1867 COOLANT
1 43325U 87060AS  23059.96514215  .00000941  00000-0  38135-3 0  9997
2 43325  65.0112 145.9005 0014228 274.8537  85.0923 14.32736581425885
COSMOS 1867 COOLANT
1 43325U 87060AS  23061.22156720  .00000854  00000-0  34926-3 0  9999
2 43325  65.0112 142.3751 0014276 274.8946  85.0509 14.32738463426063
COSMOS 1867 COOLANT
1 43325U 87060AS  23062.61759154  .00000959  00000-0  38788-3 0  9999
2 43325  65.0110 138.4579 0014267 275.0453  84.9003 14.32742027426261
COSMOS 1867 COOLANT
1 43325U 87060AS  23062.61759154  .00000959  00000-0  38788-3 0  9999
2 43325  65.0110 138.4579 0014267 275.0453  84.9003 14.32742027426261
COSMOS 1867 COOLANT
1 43325U 87060AS  23063.80420925  .00001009  00000-0  40593-3 0  9996
2 43325  65.0107 135.1280 0014276 275.1826  84.7630 14.32745128426433
COSMOS 1867 COOLANT
1 43325U 87060AS  23064.57201976  .00001069  00000-0  42820-3 0  9995
2 43325  65.0106 132.9735 0014305 275.2489  84.6964 14.32747167426547
COSMOS 1867 COOLANT
1 43325U 87060AS  23064.64182063  .00001069  00000-0  42801-3 0  9997
2 43325  65.0106 132.7776 0014306 275.2499  84.6953 14.32747332426555
COSMOS 1867 COOLANT
1 43325U 87060AS  23064.92102409  .00001117  00000-0  44544-3 0  9994
2 43325  65.0106 131.9941 0014308 275.2815  84.6637 14.32748245426591
COSMOS 1867 COOLANT
1 43325U 87060AS  23065.89823486  .00001160  00000-0  46122-3 0  9998
2 43325  65.0105 129.2519 0014328 275.3862  84.5589 14.32750838426738
COSMOS 1867 COOLANT
1 43325U 87060AS  23066.87544388  .00001249  00000-0  49374-3 0  9998
2 43325  65.0104 126.5098 0014340 275.4935  84.4514 14.32753759426872
COSMOS 1867 COOLANT
1 43325U 87060AS  23066.87544388  .00001249  00000-0  49374-3 0  9998
2 43325  65.0104 126.5098 0014340 275.4935  84.4514 14.32753759426872
COSMOS 1867 COOLANT
1 43325U 87060AS  23075.80984201  .00000843  00000-0  34520-3 0  9999
2 43325  65.0095 101.4367 0014446 276.1803  83.7636 14.32775203428159
COSMOS 1867 COOLANT
1 43325U 87060AS  23075.80984201  .00000843  00000-0  34520-3 0  9999
2 43325  65.0095 101.4367 0014446 276.1803  83.7636 14.32775203428159
COSMOS 1867 COOLANT
1 43325U 87060AS  23076.36823737  .00000834  00000-0  34193-3 0  9993
2 43325  65.0096  99.8698 0014536 276.3643  83.5786 14.32776321428236
COSMOS 1867 COOLANT
1 43325U 87060AS  23077.76422496  .00000788  00000-0  32512-3 0  9996
2 43325  65.0096  95.9518 0014536 276.4953  83.4477 14.32778917428430
COSMOS 1867 COOLANT
1 43325U 87060AS  23078.04342220  .00000772  00000-0  31927-3 0  9996
2 43325  65.0096  95.1682 0014546 276.4881  83.4548 14.32779363428474
COSMOS 1867 COOLANT
1 43325U 87060AS  23078.74141470  .00000827  00000-0  33937-3 0  9991
2 43325  65.0097  93.2094 0014539 276.5746  83.3684 14.32781085428579
COSMOS 1867 COOLANT
1 43325U 87060AS  23079.43940668  .00000790  00000-0  32571-3 0  9996
2 43325  65.0096  91.2506 0014547 276.5887  83.3542 14.32782245428672
COSMOS 1867 COOLANT
1 43325U 87060AS  23080.27699583  .00000783  00000-0  32313-3 0  9993
2 43325  65.0097  88.9000 0014588 276.6805  83.2620 14.32783953428797
COSMOS 1867 COOLANT
1 43325U 87060AS  23080.27699583  .00000783  00000-0  32313-3 0  9993
2 43325  65.0097  88.9000 0014588 276.6805  83.2620 14.32783953428797
COSMOS 1867 COOLANT
1 43325U 87060AS  23080.76558924  .00000760  00000-0  31466-3 0  9993
2 43325  65.0096  87.5288 0014572 276.7141  83.2286 14.32784825428861
COSMOS 1867 COOLANT
1 43325U 87060AS  23081.74277478  .00000852  00000-0  34823-3 0  9996
2 43325  65.0099  84.7864 0014586 276.9228  83.0198 14.32787286429007
COSMOS 1867 COOLANT
1 43325U 87060AS  23082.99915363  .00001110  00000-0  44279-3 0  9990
2 43325  65.0101  81.2606 0014607 277.0500  82.8924 14.32791352429188
COSMOS 1867 COOLANT
1 43325U 87060AS  23083.27834147  .00002786  00000-0  10550-2 0  9996
2 43325  65.0102  80.4770 0014602 276.9457  82.9966 14.32803084429224
COSMOS 1867 COOLANT
1 43325U 87060AS  23083.27834147  .00002786  00000-0  10550-2 0  9996
2 43325  65.0102  80.4770 0014602 276.9457  82.9966 14.32803084429224
COSMOS 1867 COOLANT
1 43325U 87060AS  23083.69713967  .00001353  00000-0  53148-3 0  9998
2 43325  65.0103  79.3017 0014609 277.1251  82.8173 14.32794509429284
COSMOS 1867 COOLANT
1 43325U 87060AS  23083.69713967  .00001353  00000-0  53148-3 0  9998
2 43325  65.0103  79.3017 0014609 277.1251  82.8173 14.32794509429284
COSMOS 1867 COOLANT
1 43325U 87060AS  23084.67432015  .00001255  00000-0  49550-3 0  9992
2 43325  65.0107  76.5594 0014628 277.1343  82.8078 14.32796273429420
COSMOS 1867 COOLANT
1 43325U 87060AS  23085.58170011  .00001232  00000-0  48732-3 0  9994
2 43325  65.0104  74.0123 0014605 277.1844  82.7580 14.32798490429553
COSMOS 1867 COOLANT
1 43325U 87060AS  23086.20988537  .00001150  00000-0  45725-3 0  9992
2 43325  65.0105  72.2494 0014624 277.1924  82.7499 14.32799698429645
COSMOS 1867 COOLANT
1 43325U 87060AS  23086.20988537  .00001150  00000-0  45725-3 0  9992
2 43325  65.0105  72.2494 0014624 277.1924  82.7499 14.32799698429645
COSMOS 1867 COOLANT
1 43325U 87060AS  23087.39645589  .00001146  00000-0  45565-3 0  9997
2 43325  65.0107  68.9192 0014633 277.2921  82.6501 14.32802697429818
COSMOS 1867 COOLANT
1 43325U 87060AS  23087.67564848  .00001145  00000-0  45547-3 0  9995
2 43325  65.0107  68.1357 0014634 277.3272  82.6150 14.32803445429850
COSMOS 1867 COOLANT
1 43325U 87060AS  23088.23403336  .00001301  00000-0  51216-3 0  9996
2 43325  65.0109  66.5687 0014638 277.3383  82.6038 14.32805692429937
COSMOS 1867 COOLANT
1 43325U 87060AS  23088.30383141  .00001307  00000-0  51445-3 0  9995
2 43325  65.0109  66.3728 0014637 277.3530  82.5891 14.32805910429944
COSMOS 1867 COOLANT
1 43325U 87060AS  23088.65282151  .00001344  00000-0  52795-3 0  9992
2 43325  65.0110  65.3934 0014638 277.3919  82.5503 14.32807044429991
COSMOS 1867 COOLANT
1 43325U 87060AS  23090.32797135  .00001431  00000-0  55990-3 0  9999
2 43325  65.0112  60.6922 0014644 277.4868  82.4553 14.32811790430235
COSMOS 1867 COOLANT
1 43325U 87060AS  23091.51453300  .00001232  00000-0  48709-3 0  9993
2 43325  65.0114  57.3622 0014664 277.5796  82.3623 14.32813755430409
COSMOS 1867 COOLANT
1 43325U 87060AS  23093.32926933  .00001129  00000-0  44948-3 0  9997
2 43325  65.0119  52.2694 0014662 277.7116  82.2304 14.32817940430666
COSMOS 1867 COOLANT
1 43325U 87060AS  23093.32926933  .00001129  00000-0  44948-3 0  9997
2 43325  65.0119  52.2694 0014662 277.7116  82.2304 14.32817940430666
COSMOS 1867 COOLANT
1 43325U 87060AS  23094.16683811  .00001115  00000-0  44407-3 0  9990
2 43325  65.0120  49.9190 0014669 277.7399  82.2021 14.32819970430786
COSMOS 1867 COOLANT
1 43325U 87060AS  23097.30771287  .00000876  00000-0  35693-3 0  9994
2 43325  65.0126  41.1047 0014643 277.9697  81.9726 14.32825849431233
COSMOS 1867 COOLANT
1 43325U 87060AS  23097.30771287  .00000876  00000-0  35693-3 0  9994
2 43325  65.0126  41.1047 0014643 277.9697  81.9726 14.32825849431233
COSMOS 1867 COOLANT
1 43325U 87060AS  23099.82040287  .00000828  00000-0  33940-3 0  9992
2 43325  65.0130  34.0532 0014642 278.0963  81.8461 14.32830662431598
COSMOS 1867 COOLANT
1 43325U 87060AS  23100.30898111  .00000858  00000-0  35020-3 0  9999
2 43325  65.0130  32.6821 0014658 278.0687  81.8735 14.32831551431663
COSMOS 1867 COOLANT
1 43325U 87060AS  23101.07674529  .00000828  00000-0  33927-3 0  9990
2 43325  65.0131  30.5274 0014623 278.1386  81.8040 14.32832923431777
COSMOS 1867 COOLANT
1 43325U 87060AS  23102.05389882  .00000801  00000-0  32931-3 0  9999
2 43325  65.0130  27.7849 0014642 278.2411  81.7013 14.32834608431910
COSMOS 1867 COOLANT
1 43325U 87060AS  23102.05389882  .00000801  00000-0  32931-3 0  9999
2 43325  65.0130  27.7849 0014642 278.2411  81.7013 14.32834608431910
COSMOS 1867 COOLANT
1 43325U 87060AS  23103.03105100  .00000773  00000-0  31924-3 0  9996
2 43325  65.0131  25.0426 0014681 278.3316  81.6104 14.32836328432058
COSMOS 1867 COOLANT
1 43325U 87060AS  23105.12494445  .00000860  00000-0  35095-3 0  9991
2 43325  65.0133  19.1668 0014685 278.3881  81.5539 14.32840728432356
COSMOS 1867 COOLANT
1 43325U 87060AS  23105.12494445  .00000860  00000-0  35095-3 0  9991
2 43325  65.0133  19.1668 0014685 278.3881  81.5539 14.32840728432356
COSMOS 1867 COOLANT
1 43325U 87060AS  23106.17188885  .00000965  00000-0  38920-3 0  9991
2 43325  65.0132  16.2288 0014679 278.3980  81.5441 14.32843293432503
COSMOS 1867 COOLANT
1 43325U 87060AS  23107.00944281  .00001001  00000-0  40243-3 0  9997
2 43325  65.0132  13.8783 0014666 278.3820  81.5602 14.32845283432628
COSMOS 1867 COOLANT
1 43325U 87060AS  23107.98658785  .00001011  00000-0  40588-3 0  9998
2 43325  65.0132  11.1361 0014667 278.4248  81.5174 14.32847449432762
COSMOS 1867 COOLANT
1 43325U 87060AS  23108.33556802  .00000980  00000-0  39479-3 0  9996
2 43325  65.0132  10.1567 0014667 278.4648  81.4774 14.32848017432816
COSMOS 1867 COOLANT
1 43325U 87060AS  23109.10332319  .00000971  00000-0  39121-3 0  9991
2 43325  65.0133   8.0022 0014667 278.4776  81.4647 14.32849722432926
COSMOS 1867 COOLANT
1 43325U 87060AS  23110.15026122  .00000896  00000-0  36384-3 0  9994
2 43325  65.0130   5.0637 0014689 278.5431  81.3989 14.32851501433078
COSMOS 1867 COOLANT
1 43325U 87060AS  23110.15026122  .00000896  00000-0  36384-3 0  9994
2 43325  65.0130   5.0637 0014689 278.5431  81.3989 14.32851501433078
COSMOS 1867 COOLANT
1 43325U 87060AS  23112.10454142  .00000781  00000-0  32191-3 0  9993
2 43325  65.0129 359.5791 0014693 278.6282  81.3138 14.32854864433356
COSMOS 1867 COOLANT
1 43325U 87060AS  23112.94208879  .00000673  00000-0  28238-3 0  9996
2 43325  65.0129 357.2286 0014696 278.6562  81.2858 14.32855864433476
COSMOS 1867 COOLANT
1 43325U 87060AS  23113.08167994  .00000663  00000-0  27882-3 0  9997
2 43325  65.0128 356.8368 0014695 278.6746  81.2674 14.32856075433497
COSMOS 1867 COOLANT
1 43325U 87060AS  23113.29106662  .00000716  00000-0  29812-3 0  9999
2 43325  65.0128 356.2492 0014693 278.6840  81.2581 14.32856749433521
COSMOS 1867 COOLANT
1 43325U 87060AS  23116.08288110  .00000693  00000-0  28964-3 0  9999
2 43325  65.0124 348.4138 0014731 278.8030  81.1387 14.32862297433925
COSMOS 1867 COOLANT
1 43325U 87060AS  23116.92042406  .00000641  00000-0  27079-3 0  9997
2 43325  65.0123 346.0632 0014740 278.8251  81.1165 14.32863468434041
COSMOS 1867 COOLANT
1 43325U 87060AS  23118.10694135  .00000611  00000-0  25998-3 0  9996
2 43325  65.0121 342.7331 0014735 278.8602  81.0814 14.32865522434214
COSMOS 1867 COOLANT
1 43325U 87060AS  23118.10694135  .00000611  00000-0  25998-3 0  9996
2 43325  65.0121 342.7331 0014735 278.8602  81.0814 14.32865522434214
COSMOS 1867 COOLANT
1 43325U 87060AS  23119.22366247  .00000504  00000-0  22088-3 0  9998
2 43325  65.0119 339.5988 0014731 278.8854  81.0563 14.32866868434370
COSMOS 1867 COOLANT
1 43325U 87060AS  23121.10812685  .00000484  00000-0  21353-3 0  9991
2 43325  65.0117 334.3096 0014760 278.9377  81.0038 14.32869488434642
COSMOS 1867 COOLANT
1 43325U 87060AS  23121.10812685  .00000484  00000-0  21353-3 0  9991
2 43325  65.0117 334.3096 0014760 278.9377  81.0038 14.32869488434642
COSMOS 1867 COOLANT
1 43325U 87060AS  23122.99258856  .00000520  00000-0  22665-3 0  9991
2 43325  65.0114 329.0204 0014773 278.9903  80.9510 14.32871926434913
COSMOS 1867 COOLANT
1 43325U 87060AS  23125.15622544  .00000533  00000-0  23117-3 0  9998
2 43325  65.0112 322.9475 0014782 278.9465  80.9947 14.32874845435228
COSMOS 1867 COOLANT
1 43325U 87060AS  23125.78437732  .00000529  00000-0  22998-3 0  9991
2 43325  65.0112 321.1845 0014804 278.9965  80.9444 14.32875643435319
COSMOS 1867 COOLANT
1 43325U 87060AS  23127.25006337  .00000731  00000-0  30341-3 0  9994
2 43325  65.0111 317.0706 0014834 279.0702  80.8704 14.32878643435526
COSMOS 1867 COOLANT
1 43325U 87060AS  23127.25006337  .00000731  00000-0  30341-3 0  9994
2 43325  65.0111 317.0706 0014834 279.0702  80.8704 14.32878643435526
COSMOS 1867 COOLANT
1 43325U 87060AS  23127.80841923  .00000740  00000-0  30676-3 0  9994
2 43325  65.0110 315.5035 0014848 279.0971  80.8434 14.32879503435601
COSMOS 1867 COOLANT
1 43325U 87060AS  23128.78554131  .00000683  00000-0  28619-3 0  9994
2 43325  65.0109 312.7608 0014857 279.0940  80.8464 14.32880621435741
COSMOS 1867 COOLANT
1 43325U 87060AS  23130.11163367  .00000701  00000-0  29271-3 0  9997
2 43325  65.0108 309.0386 0014880 279.1439  80.7962 14.32882823435931
COSMOS 1867 COOLANT
1 43325U 87060AS  23130.87936999  .00000811  00000-0  33274-3 0  9999
2 43325  65.0107 306.8836 0014899 279.1421  80.7978 14.32884786436046
COSMOS 1867 COOLANT
1 43325U 87060AS  23130.94916415  .00000812  00000-0  33291-3 0  9998
2 43325  65.0107 306.6876 0014904 279.1585  80.7813 14.32884922436057
COSMOS 1867 COOLANT
1 43325U 87060AS  23131.85648855  .00000782  00000-0  32221-3 0  9997
2 43325  65.0107 304.1408 0014927 279.2019  80.7377 14.32886218436188
COSMOS 1867 COOLANT
1 43325U 87060AS  23132.20545933  .00000777  00000-0  32015-3 0  9995
2 43325  65.0108 303.1612 0014937 279.2369  80.7026 14.32886708436235
COSMOS 1867 COOLANT
1 43325U 87060AS  23132.20545933  .00000777  00000-0  32015-3 0  9995
2 43325  65.0108 303.1612 0014937 279.2369  80.7026 14.32886708436235
COSMOS 1867 COOLANT
1 43325U 87060AS  23133.18257603  .00000787  00000-0  32389-3 0  9992
2 43325  65.0108 300.4185 0014957 279.2463  80.6930 14.32888448436378
COSMOS 1867 COOLANT
1 43325U 87060AS  23133.88051593  .00000697  00000-0  29119-3 0  9996
2 43325  65.0108 298.4595 0014968 279.2499  80.6893 14.32889156436476
COSMOS 1867 COOLANT
1 43325U 87060AS  23134.15969165  .00000726  00000-0  30158-3 0  9998
2 43325  65.0108 297.6758 0014975 279.2649  80.6742 14.32889817436515
COSMOS 1867 COOLANT
1 43325U 87060AS  23134.85763069  .00000633  00000-0  26778-3 0  9990
2 43325  65.0108 295.7168 0014992 279.2186  80.7203 14.32890537436619
COSMOS 1867 COOLANT
1 43325U 87060AS  23135.69515689  .00000602  00000-0  25649-3 0  9998
2 43325  65.0108 293.3660 0015014 279.2160  80.7226 14.32891815436736
COSMOS 1867 COOLANT
1 43325U 87060AS  23136.18371346  .00000613  00000-0  26039-3 0  9999
2 43325  65.0108 291.9946 0015032 279.2560  80.6825 14.32892718436806
COSMOS 1867 COOLANT
1 43325U 87060AS  23137.16082610  .00000497  00000-0  21816-3 0  9999
2 43325  65.0108 289.2520 0015060 279.2816  80.6566 14.32893653436945
COSMOS 1867 COOLANT
1 43325U 87060AS  23137.16082610  .00000497  00000-0  21816-3 0  9999
2 43325  65.0108 289.2520 0015060 279.2816  80.6566 14.32893653436945
COSMOS 1867 COOLANT
1 43325U 87060AS  23138.13793801  .00000445  00000-0  19927-3 0  9991
2 43325  65.0109 286.5094 0015087 279.2927  80.6451 14.32894754437086
COSMOS 1867 COOLANT
1 43325U 87060AS  23138.83587482  .00000438  00000-0  19652-3 0  9991
2 43325  65.0109 284.5504 0015099 279.2825  80.6552 14.32895558437186
COSMOS 1867 COOLANT
1 43325U 87060AS  23140.99947532  .00000582  00000-0  24895-3 0  9992
2 43325  65.0109 278.4775 0015151 279.3403  80.5969 14.32899172437491
COSMOS 1867 COOLANT
1 43325U 87060AS  23140.99947532  .00000582  00000-0  24895-3 0  9992
2 43325  65.0109 278.4775 0015151 279.3403  80.5969 14.32899172437491
COSMOS 1867 COOLANT
1 43325U 87060AS  23141.76720361  .00000585  00000-0  25016-3 0  9996
2 43325  65.0110 276.3226 0015173 279.3012  80.6357 14.32900156437601
COSMOS 1867 COOLANT
1 43325U 87060AS  23143.79121142  .00000610  00000-0  25943-3 0  9991
2 43325  65.0111 270.6414 0015230 279.3138  80.6224 14.32903028437896
COSMOS 1867 COOLANT
1 43325U 87060AS  23143.79121142  .00000610  00000-0  25943-3 0  9991
2 43325  65.0111 270.6414 0015230 279.3138  80.6224 14.32903028437896
COSMOS 1867 COOLANT
1 43325U 87060AS  23144.07038471  .00000584  00000-0  24981-3 0  9996
2 43325  65.0112 269.8578 0015230 279.3525  80.5838 14.32903250437930
COSMOS 1867 COOLANT
1 43325U 87060AS  23146.79231998  .00000421  00000-0  19032-3 0  9997
2 43325  65.0112 262.2179 0015305 279.4204  80.5151 14.32906048438322
COSMOS 1867 COOLANT
1 43325U 87060AS  23146.93190621  .00000412  00000-0  18707-3 0  9998
2 43325  65.0113 261.8261 0015310 279.4353  80.5001 14.32906201438348
COSMOS 1867 COOLANT
1 43325U 87060AS  23147.56004426  .00000381  00000-0  17581-3 0  9999
2 43325  65.0113 260.0632 0015336 279.4167  80.5184 14.32906793438430
COSMOS 1867 COOLANT
1 43325U 87060AS  23148.04859590  .00000364  00000-0  16965-3 0  9999
2 43325  65.0113 258.6920 0015353 279.4686  80.4663 14.32907279438507
COSMOS 1867 COOLANT
1 43325U 87060AS  23148.74652636  .00000421  00000-0  19039-3 0  9997
2 43325  65.0113 256.7331 0015374 279.4728  80.4620 14.32908386438606
COSMOS 1867 COOLANT
1 43325U 87060AS  23149.65383574  .00000386  00000-0  17741-3 0  9998
2 43325  65.0113 254.1865 0015402 279.4768  80.4576 14.32909102438737
COSMOS 1867 COOLANT
1 43325U 87060AS  23149.65383574  .00000386  00000-0  17741-3 0  9998
2 43325  65.0113 254.1865 0015402 279.4768  80.4576 14.32909102438737
COSMOS 1867 COOLANT
1 43325U 87060AS  23150.70073041  .00000379  00000-0  17483-3 0  9996
2 43325  65.0112 251.2482 0015431 279.4924  80.4417 14.32910099438882
COSMOS 1867 COOLANT
1 43325U 87060AS  23150.97990215  .00000370  00000-0  17168-3 0  9997
2 43325  65.0112 250.4646 0015438 279.5149  80.4192 14.32910352438929
COSMOS 1867 COOLANT
1 43325U 87060AS  23151.95700277  .00000392  00000-0  17985-3 0  9994
2 43325  65.0111 247.7221 0015469 279.5364  80.3973 14.32911507439064
COSMOS 1867 COOLANT
1 43325U 87060AS  23151.95700277  .00000392  00000-0  17985-3 0  9994
2 43325  65.0111 247.7221 0015469 279.5364  80.3973 14.32911507439064
COSMOS 1867 COOLANT
1 43325U 87060AS  23154.95809330  .00000434  00000-0  19486-3 0  9992
2 43325  65.0110 239.2988 0015570 279.6067  80.3258 14.32914864439495
COSMOS 1867 COOLANT
1 43325U 87060AS  23154.95809330  .00000434  00000-0  19486-3 0  9992
2 43325  65.0110 239.2988 0015570 279.6067  80.3258 14.32914864439495
COSMOS 1867 COOLANT
1 43325U 87060AS  23155.65602058  .00000409  00000-0  18598-3 0  9993
2 43325  65.0110 237.3399 0015586 279.6128  80.3196 14.32915395439597
COSMOS 1867 COOLANT
1 43325U 87060AS  23156.49353260  .00000411  00000-0  18673-3 0  9991
2 43325  65.0110 234.9892 0015607 279.6197  80.3125 14.32916290439719
COSMOS 1867 COOLANT
1 43325U 87060AS  23157.61021431  .00000404  00000-0  18394-3 0  9990
2 43325  65.0109 231.8549 0015632 279.6400  80.2919 14.32917529439870
COSMOS 1867 COOLANT
1 43325U 87060AS  23157.61021431  .00000404  00000-0  18394-3 0  9990
2 43325  65.0109 231.8549 0015632 279.6400  80.2919 14.32917529439870
COSMOS 1867 COOLANT
1 43325U 87060AS  23159.63419768  .00000392  00000-0  17973-3 0  9996
2 43325  65.0107 226.1740 0015706 279.7003  80.2308 14.32919716440166
COSMOS 1867 COOLANT
1 43325U 87060AS  23159.63419768  .00000392  00000-0  17973-3 0  9996
2 43325  65.0107 226.1740 0015706 279.7003  80.2308 14.32919716440166
COSMOS 1867 COOLANT
1 43325U 87060AS  23160.61129210  .00000391  00000-0  17938-3 0  9996
2 43325  65.0106 223.4316 0015741 279.7346  80.1961 14.32920717440306
COSMOS 1867 COOLANT
1 43325U 87060AS  23160.89046183  .00000387  00000-0  17783-3 0  9996
2 43325  65.0106 222.6481 0015752 279.7508  80.1798 14.32920979440344
COSMOS 1867 COOLANT
1 43325U 87060AS  23161.86755544  .00000394  00000-0  18047-3 0  9994
2 43325  65.0104 219.9056 0015776 279.7616  80.1687 14.32921993440484
COSMOS 1867 COOLANT
1 43325U 87060AS  23161.86755544  .00000394  00000-0  18047-3 0  9994
2 43325  65.0104 219.9056 0015776 279.7616  80.1687 14.32921993440484
COSMOS 1867 COOLANT
1 43325U 87060AS  23162.56547903  .00000410  00000-0  18623-3 0  9999
2 43325  65.0103 217.9466 0015785 279.7619  80.1683 14.32922781440582
COSMOS 1867 COOLANT
1 43325U 87060AS  23163.40298679  .00000389  00000-0  17868-3 0  9991
2 43325  65.0101 215.5959 0015816 279.7690  80.1609 14.32923552440704
COSMOS 1867 COOLANT
1 43325U 87060AS  23163.89153272  .00000400  00000-0  18272-3 0  9997
2 43325  65.0101 214.2245 0015831 279.8148  80.1150 14.32924134440779
COSMOS 1867 COOLANT
1 43325U 87060AS  23163.89153272  .00000400  00000-0  18272-3 0  9997
2 43325  65.0101 214.2245 0015831 279.8148  80.1150 14.32924134440779
COSMOS 1867 COOLANT
1 43325U 87060AS  23164.58945542  .00000351  00000-0  16460-3 0  9995
2 43325  65.0100 212.2656 0015853 279.8276  80.1019 14.32924523440875
COSMOS 1867 COOLANT
1 43325U 87060AS  23166.54363728  .00000370  00000-0  17158-3 0  9999
2 43325  65.0098 206.7803 0015902 279.8671  80.0619 14.32926361441156
COSMOS 1867 COOLANT
1 43325U 87060AS  23166.54363728  .00000370  00000-0  17158-3 0  9999
2 43325  65.0098 206.7803 0015902 279.8671  80.0619 14.32926361441156
COSMOS 1867 COOLANT
1 43325U 87060AS  23167.52072673  .00000435  00000-0  19537-3 0  9999
2 43325  65.0097 204.0377 0015923 279.8819  80.0468 14.32927755441294
COSMOS 1867 COOLANT
1 43325U 87060AS  23167.79989503  .00000410  00000-0  18607-3 0  9997
2 43325  65.0097 203.2541 0015928 279.9005  80.0282 14.32927935441330
COSMOS 1867 COOLANT
1 43325U 87060AS  23168.35823158  .00000393  00000-0  17995-3 0  9992
2 43325  65.0097 201.6869 0015946 279.8726  80.0559 14.32928415441414
COSMOS 1867 COOLANT
1 43325U 87060AS  23168.70719170  .00000383  00000-0  17637-3 0  9991
2 43325  65.0097 200.7074 0015944 279.8857  80.0428 14.32928783441463
COSMOS 1867 COOLANT
1 43325U 87060AS  23168.77698372  .00000391  00000-0  17912-3 0  9993
2 43325  65.0097 200.5115 0015946 279.8914  80.0371 14.32928902441474
COSMOS 1867 COOLANT
1 43325U 87060AS  23169.68427953  .00000384  00000-0  17673-3 0  9995
2 43325  65.0096 197.9646 0015991 279.9473  79.9807 14.32929922441601
COSMOS 1867 COOLANT
1 43325U 87060AS  23172.75512245  .00000422  00000-0  19059-3 0  9999
2 43325  65.0094 189.3451 0016050 279.9965  79.9309 14.32933584442046
COSMOS 1867 COOLANT
1 43325U 87060AS  23175.26762390  .00000509  00000-0  22224-3 0  9990
2 43325  65.0092 182.2924 0016106 279.9654  79.9613 14.32937100442404
COSMOS 1867 COOLANT
1 43325U 87060AS  23177.29157925  .00000602  00000-0  25621-3 0  9995
2 43325  65.0092 176.6111 0016150 280.0489  79.8774 14.32940153442697
COSMOS 1867 COOLANT
1 43325U 87060AS  23179.45511257  .00000529  00000-0  22960-3 0  9998
2 43325  65.0095 170.5379 0016159 280.0618  79.8644 14.32942932443001
COSMOS 1867 COOLANT
1 43325U 87060AS  23182.24676272  .00000413  00000-0  18710-3 0  9998
2 43325  65.0099 162.7019 0016231 280.1468  79.7786 14.32946123443400
COSMOS 1867 COOLANT
1 43325U 87060AS  23184.41028736  .00000434  00000-0  19497-3 0  9991
2 43325  65.0099 156.6288 0016217 280.1683  79.7573 14.32948813443719
COSMOS 1867 COOLANT
1 43325U 87060AS  23186.50401774  .00000429  00000-0  19296-3 0  9991
2 43325  65.0100 150.7516 0016238 280.2258  79.6996 14.32951126444016
COSMOS 1867 COOLANT
1 43325U 87060AS  23188.59774501  .00000597  00000-0  25403-3 0  9996
2 43325  65.0102 144.8745 0016251 280.2440  79.6812 14.32954138444310
COSMOS 1867 COOLANT
1 43325U 87060AS  23191.45916682  .00000464  00000-0  20586-3 0  9993
2 43325  65.0106 136.8425 0016266 280.2704  79.6547 14.32956599444722
COSMOS 1867 COOLANT
1 43325U 87060AS  23193.55288541  .00000565  00000-0  24251-3 0  9997
2 43325  65.0110 130.9657 0016293 280.2794  79.6454 14.32959695445029
COSMOS 1867 COOLANT
1 43325U 87060AS  23196.41429457  .00000585  00000-0  24961-3 0  9998
2 43325  65.0111 122.9337 0016322 280.2855  79.6390 14.32963409445439
COSMOS 1867 COOLANT
1 43325U 87060AS  23200.18296843  .00000622  00000-0  26315-3 0  9996
2 43325  65.0111 112.3548 0016344 280.2426  79.6816 14.32968489445979
COSMOS 1867 COOLANT
1 43325U 87060AS  23202.34646016  .00000596  00000-0  25384-3 0  9992
2 43325  65.0111 106.2818 0016359 280.2584  79.6656 14.32971350446280
COSMOS 1867 COOLANT
1 43325U 87060AS  23205.20784575  .00000505  00000-0  22070-3 0  9992
2 43325  65.0112  98.2497 0016363 280.2182  79.7058 14.32974725446694
COSMOS 1867 COOLANT
1 43325U 87060AS  23208.27859263  .00000506  00000-0  22103-3 0  9997
2 43325  65.0111  89.6297 0016378 280.2000  79.7238 14.32978820447130
COSMOS 1867 COOLANT
1 43325U 87060AS  23208.27859263  .00000506  00000-0  22103-3 0  9997
2 43325  65.0111  89.6297 0016378 280.2000  79.7238 14.32978820447130
COSMOS 1867 COOLANT
1 43325U 87060AS  23209.04627807  .00000469  00000-0  20733-3 0  9995
2 43325  65.0110  87.4746 0016386 280.1713  79.7524 14.32979595447243
COSMOS 1867 COOLANT
1 43325U 87060AS  23212.32638330  .00000516  00000-0  22445-3 0  9998
2 43325  65.0108  78.2662 0016404 280.1086  79.8149 14.32983759447712
COSMOS 1867 COOLANT
1 43325U 87060AS  23214.35027336  .00000492  00000-0  21567-3 0  9998
2 43325  65.0109  72.5845 0016434 280.0782  79.8449 14.32986137448007
COSMOS 1867 COOLANT
1 43325U 87060AS  23218.04909683  .00000602  00000-0  25597-3 0  9992
2 43325  65.0108  62.2007 0016479 280.0095  79.9130 14.32991533448530
COSMOS 1867 COOLANT
1 43325U 87060AS  23220.28234292  .00000612  00000-0  25931-3 0  9991
2 43325  65.0110  55.9311 0016530 280.0206  79.9013 14.32994516448851
COSMOS 1867 COOLANT
1 43325U 87060AS  23222.79473989  .00000473  00000-0  20891-3 0  9992
2 43325  65.0111  48.8777 0016566 279.9440  79.9775 14.32996778449213
COSMOS 1867 COOLANT
1 43325U 87060AS  23227.19142100  .00000575  00000-0  24606-3 0  9990
2 43325  65.0116  36.5348 0016670 279.9089  80.0114 14.33002767449847
COSMOS 1867 COOLANT
1 43325U 87060AS  23229.84337894  .00000588  00000-0  25060-3 0  9999
2 43325  65.0118  29.0900 0016736 279.8100  80.1096 14.33006262450224
COSMOS 1867 COOLANT
1 43325U 87060AS  23231.86723717  .00000591  00000-0  25189-3 0  9993
2 43325  65.0121  23.4082 0016800 279.8008  80.1180 14.33008974450514
COSMOS 1867 COOLANT
1 43325U 87060AS  23235.00769900  .00000606  00000-0  25714-3 0  9998
2 43325  65.0125  14.5920 0016883 279.7767  80.1411 14.33013378450962
COSMOS 1867 COOLANT
1 43325U 87060AS  23236.82218361  .00000594  00000-0  25272-3 0  9994
2 43325  65.0128   9.4982 0016933 279.6896  80.2276 14.33015880451224
COSMOS 1867 COOLANT
1 43325U 87060AS  23238.77624102  .00000588  00000-0  25065-3 0  9997
2 43325  65.0129   4.0128 0016989 279.6684  80.2482 14.33018350451509
COSMOS 1867 COOLANT
1 43325U 87060AS  23238.77624102  .00000588  00000-0  25065-3 0  9997
2 43325  65.0129   4.0128 0016989 279.6684  80.2482 14.33018350451509
COSMOS 1867 COOLANT
1 43325U 87060AS  23240.59071967  .00000522  00000-0  22673-3 0  9995
2 43325  65.0130 358.9192 0017024 279.7014  80.2148 14.33020427451767
COSMOS 1867 COOLANT
1 43325U 87060AS  23240.93965746  .00000517  00000-0  22456-3 0  9993
2 43325  65.0130 357.9396 0017063 279.6353  80.2805 14.33020860451817
COSMOS 1867 COOLANT
1 43325U 87060AS  23240.93965746  .00000517  00000-0  22456-3 0  9993
2 43325  65.0130 357.9396 0017063 279.6353  80.2805 14.33020860451817
COSMOS 1867 COOLANT
1 43325U 87060AS  23242.75413297  .00000506  00000-0  22086-3 0  9991
2 43325  65.0131 352.8461 0017115 279.6233  80.2918 14.33023040452077
COSMOS 1867 COOLANT
1 43325U 87060AS  23243.03328273  .00000507  00000-0  22093-3 0  9991
2 43325  65.0131 352.0624 0017126 279.6366  80.2784 14.33023397452110
COSMOS 1867 COOLANT
1 43325U 87060AS  23243.73115708  .00000523  00000-0  22684-3 0  9999
2 43325  65.0131 350.1033 0017145 279.6187  80.2961 14.33024275452219
COSMOS 1867 COOLANT
1 43325U 87060AS  23244.01030672  .00000505  00000-0  22047-3 0  9990
2 43325  65.0131 349.3196 0017153 279.6273  80.2874 14.33024504452256
COSMOS 1867 COOLANT
1 43325U 87060AS  23244.98732970  .00000554  00000-0  23811-3 0  9990
2 43325  65.0130 346.5769 0017182 279.6163  80.2981 14.33025947452396
COSMOS 1867 COOLANT
1 43325U 87060AS  23245.89456353  .00000731  00000-0  30243-3 0  9993
2 43325  65.0130 344.0300 0017203 279.6017  80.3124 14.33028360452529
COSMOS 1867 COOLANT
1 43325U 87060AS  23245.89456353  .00000731  00000-0  30243-3 0  9993
2 43325  65.0130 344.0300 0017203 279.6017  80.3124 14.33028360452529
COSMOS 1867 COOLANT
1 43325U 87060AS  23247.01115987  .00000552  00000-0  23744-3 0  9993
2 43325  65.0130 340.8954 0017250 279.6014  80.3122 14.33028638452680
COSMOS 1867 COOLANT
1 43325U 87060AS  23247.98818035  .00000493  00000-0  21592-3 0  9996
2 43325  65.0130 338.1527 0017283 279.6050  80.3082 14.33029519452822
COSMOS 1867 COOLANT
1 43325U 87060AS  23247.98818035  .00000493  00000-0  21592-3 0  9996
2 43325  65.0130 338.1527 0017283 279.6050  80.3082 14.33029519452822
COSMOS 1867 COOLANT
1 43325U 87060AS  23249.24434825  .00000521  00000-0  22608-3 0  9999
2 43325  65.0129 334.6264 0017320 279.5746  80.3382 14.33031203453009
COSMOS 1867 COOLANT
1 43325U 87060AS  23250.91923663  .00000510  00000-0  22203-3 0  9997
2 43325  65.0126 329.9246 0017367 279.5768  80.3355 14.33033201453244
COSMOS 1867 COOLANT
1 43325U 87060AS  23250.91923663  .00000510  00000-0  22203-3 0  9997
2 43325  65.0126 329.9246 0017367 279.5768  80.3355 14.33033201453244
COSMOS 1867 COOLANT
1 43325U 87060AS  23251.82646719  .00000475  00000-0  20937-3 0  9994
2 43325  65.0125 327.3778 0017394 279.5723  80.3397 14.33034035453372
COSMOS 1867 COOLANT
1 43325U 87060AS  23252.94305748  .00000499  00000-0  21801-3 0  9999
2 43325  65.0123 324.2431 0017431 279.5853  80.3262 14.33035445453533
COSMOS 1867 COOLANT
1 43325U 87060AS  23252.94305748  .00000499  00000-0  21801-3 0  9999
2 43325  65.0123 324.2431 0017431 279.5853  80.3262 14.33035445453533
COSMOS 1867 COOLANT
1 43325U 87060AS  23254.54815454  .00000544  00000-0  23437-3 0  9995
2 43325  65.0121 319.7371 0017492 279.5442  80.3666 14.33037358453762
COSMOS 1867 COOLANT
1 43325U 87060AS  23255.59495575  .00000568  00000-0  24330-3 0  9998
2 43325  65.0119 316.7983 0017520 279.5436  80.3669 14.33038651453917
COSMOS 1867 COOLANT
1 43325U 87060AS  23255.59495575  .00000568  00000-0  24330-3 0  9998
2 43325  65.0119 316.7983 0017520 279.5436  80.3669 14.33038651453917
COSMOS 1867 COOLANT
1 43325U 87060AS  23257.61876726  .00000664  00000-0  27806-3 0  9992
2 43325  65.0115 311.1166 0017584 279.5501  80.3597 14.33042025454201
COSMOS 1867 COOLANT
1 43325U 87060AS  23257.61876726  .00000664  00000-0  27806-3 0  9992
2 43325  65.0115 311.1166 0017584 279.5501  80.3597 14.33042025454201
COSMOS 1867 COOLANT
1 43325U 87060AS  23257.89791342  .00000573  00000-0  24507-3 0  9996
2 43325  65.0115 310.3328 0017594 279.5645  80.3452 14.33041945454246
COSMOS 1867 COOLANT
1 43325U 87060AS  23259.50300245  .00000562  00000-0  24081-3 0  9999
2 43325  65.0112 305.8266 0017640 279.5500  80.3592 14.33044095454474
COSMOS 1867 COOLANT
1 43325U 87060AS  23259.85193441  .00000585  00000-0  24934-3 0  9997
2 43325  65.0112 304.8470 0017650 279.5677  80.3414 14.33044736454527
COSMOS 1867 COOLANT
1 43325U 87060AS  23259.85193441  .00000585  00000-0  24934-3 0  9997
2 43325  65.0112 304.8470 0017650 279.5677  80.3414 14.33044736454527
COSMOS 1867 COOLANT
1 43325U 87060AS  23261.52680662  .00000599  00000-0  25426-3 0  9992
2 43325  65.0108 300.1447 0017685 279.5429  80.3657 14.33047126454769
COSMOS 1867 COOLANT
1 43325U 87060AS  23261.59659285  .00000599  00000-0  25435-3 0  9996
2 43325  65.0107 299.9488 0017688 279.5402  80.3684 14.33047238454777
COSMOS 1867 COOLANT
1 43325U 87060AS  23265.50461471  .00000731  00000-0  30238-3 0  9994
2 43325  65.0100 288.9765 0017787 279.5265  80.3810 14.33053945455339
COSMOS 1867 COOLANT
1 43325U 87060AS  23265.50461471  .00000731  00000-0  30238-3 0  9994
2 43325  65.0100 288.9765 0017787 279.5265  80.3810 14.33053945455339
COSMOS 1867 COOLANT
1 43325U 87060AS  23265.78375843  .00000737  00000-0  30446-3 0  9998
2 43325  65.0100 288.1928 0017792 279.5461  80.3613 14.33054437455378
COSMOS 1867 COOLANT
1 43325U 87060AS  23267.52840464  .00000776  00000-0  31861-3 0  9993
2 43325  65.0097 283.2942 0017834 279.5252  80.3818 14.33057541455624
COSMOS 1867 COOLANT
1 43325U 87060AS  23267.52840464  .00000776  00000-0  31861-3 0  9993
2 43325  65.0097 283.2942 0017834 279.5252  80.3818 14.33057541455624
COSMOS 1867 COOLANT
1 43325U 87060AS  23268.50540420  .00000875  00000-0  35473-3 0  9994
2 43325  65.0097 280.5510 0017857 279.5321  80.3746 14.33059985455766
COSMOS 1867 COOLANT
1 43325U 87060AS  23272.48317384  .00000912  00000-0  36792-3 0  9994
2 43325  65.0094 269.3820 0017894 279.4201  80.4862 14.33068432456330
COSMOS 1867 COOLANT
1 43325U 87060AS  23274.71629676  .00000948  00000-0  38118-3 0  9995
2 43325  65.0095 263.1119 0017902 279.3951  80.5110 14.33073720456653
COSMOS 1867 COOLANT
1 43325U 87060AS  23274.71629676  .00000948  00000-0  38118-3 0  9995
2 43325  65.0095 263.1119 0017902 279.3951  80.5110 14.33073720456653
COSMOS 1867 COOLANT
1 43325U 87060AS  23275.69328499  .00001011  00000-0  40394-3 0  9993
2 43325  65.0094 260.3685 0017954 279.4861  80.4194 14.33076377456794
COSMOS 1867 COOLANT
1 43325U 87060AS  23276.39113313  .00001065  00000-0  42338-3 0  9997
2 43325  65.0094 258.4092 0017977 279.5103  80.3950 14.33078198456892
COSMOS 1867 COOLANT
1 43325U 87060AS  23276.67027204  .00001082  00000-0  42969-3 0  9990
2 43325  65.0095 257.6254 0017972 279.5399  80.3655 14.33078960456930
COSMOS 1867 COOLANT
1 43325U 87060AS  23277.64725688  .00001265  00000-0  49605-3 0  9996
2 43325  65.0096 254.8821 0017976 279.4598  80.4455 14.33082371457070
COSMOS 1867 COOLANT
1 43325U 87060AS  23277.64725688  .00001265  00000-0  49605-3 0  9996
2 43325  65.0096 254.8821 0017976 279.4598  80.4455 14.33082371457070
COSMOS 1867 COOLANT
1 43325U 87060AS  23278.34510202  .00001422  00000-0  55300-3 0  9992
2 43325  65.0096 252.9227 0017971 279.4374  80.4680 14.33085057457171
COSMOS 1867 COOLANT
1 43325U 87060AS  23278.62423969  .00001393  00000-0  54255-3 0  9991
2 43325  65.0097 252.1390 0017985 279.4688  80.4364 14.33085716457214
COSMOS 1867 COOLANT
1 43325U 87060AS  23279.39186803  .00001476  00000-0  57273-3 0  9994
2 43325  65.0098 249.9836 0017984 279.4307  80.4745 14.33088222457321
COSMOS 1867 COOLANT
1 43325U 87060AS  23280.36884730  .00001389  00000-0  54124-3 0  9992
2 43325  65.0099 247.2405 0017995 279.4322  80.4729 14.33090636457463
COSMOS 1867 COOLANT
1 43325U 87060AS  23280.36884730  .00001389  00000-0  54124-3 0  9992
2 43325  65.0099 247.2405 0017995 279.4322  80.4729 14.33090636457463
COSMOS 1867 COOLANT
1 43325U 87060AS  23280.64798384  .00001423  00000-0  55336-3 0  9997
2 43325  65.0100 246.4567 0018000 279.4400  80.4650 14.33091653457509
COSMOS 1867 COOLANT
1 43325U 87060AS  23281.34582460  .00001467  00000-0  56932-3 0  9992
2 43325  65.0101 244.4973 0018002 279.4175  80.4875 14.33093937457607
COSMOS 1867 COOLANT
1 43325U 87060AS  23282.60193508  .00001485  00000-0  57577-3 0  9999
2 43325  65.0102 240.9705 0018032 279.4015  80.5032 14.33097873457786
COSMOS 1867 COOLANT
1 43325U 87060AS  23282.60193508  .00001485  00000-0  57577-3 0  9999
2 43325  65.0102 240.9705 0018032 279.4015  80.5032 14.33097873457786
COSMOS 1867 COOLANT
1 43325U 87060AS  23283.29977232  .00001561  00000-0  60338-3 0  9993
2 43325  65.0102 239.0111 0018035 279.3628  80.5418 14.33100579457885
COSMOS 1867 COOLANT
1 43325U 87060AS  23284.48609406  .00001558  00000-0  60237-3 0  9994
2 43325  65.0103 235.6803 0018021 279.4820  80.4228 14.33104310458051
COSMOS 1867 COOLANT
1 43325U 87060AS  23286.30046206  .00001423  00000-0  55309-3 0  9995
2 43325  65.0105 230.5859 0018021 279.4106  80.4942 14.33109350458316
COSMOS 1867 COOLANT
1 43325U 87060AS  23286.57959441  .00001535  00000-0  59399-3 0  9995
2 43325  65.0106 229.8022 0018028 279.3862  80.5185 14.33110998458359
COSMOS 1867 COOLANT
1 43325U 87060AS  23287.20764275  .00001503  00000-0  58232-3 0  9995
2 43325  65.0106 228.0388 0018030 279.3742  80.5304 14.33112806458448
COSMOS 1867 COOLANT
1 43325U 87060AS  23289.09178403  .00001285  00000-0  50295-3 0  9994
2 43325  65.0108 222.7487 0018032 279.4014  80.5032 14.33117129458717
COSMOS 1867 COOLANT
1 43325U 87060AS  23289.51048132  .00001236  00000-0  48532-3 0  9993
2 43325  65.0109 221.5730 0018043 279.3524  80.5521 14.33118009458770
COSMOS 1867 COOLANT
1 43325U 87060AS  23290.55722292  .00001194  00000-0  46983-3 0  9996
2 43325  65.0110 218.6341 0018045 279.3234  80.5811 14.33120642458922
COSMOS 1867 COOLANT
1 43325U 87060AS  23291.04570188  .00001139  00000-0  45004-3 0  9998
2 43325  65.0110 217.2625 0018044 279.2906  80.6138 14.33121582458990
COSMOS 1867 COOLANT
1 43325U 87060AS  23292.16222361  .00001166  00000-0  45976-3 0  9997
2 43325  65.0111 214.1278 0018053 279.2800  80.6243 14.33124482459152
COSMOS 1867 COOLANT
1 43325U 87060AS  23292.16222361  .00001166  00000-0  45976-3 0  9997
2 43325  65.0111 214.1278 0018053 279.2800  80.6243 14.33124482459152
COSMOS 1867 COOLANT
1 43325U 87060AS  23293.06939605  .00001157  00000-0  45634-3 0  9994
2 43325  65.0112 211.5807 0018056 279.2780  80.6263 14.33126566459283
COSMOS 1867 COOLANT
1 43325U 87060AS  23295.37221405  .00000844  00000-0  34296-3 0  9996
2 43325  65.0111 205.1151 0018074 279.3080  80.5961 14.33129783459612
COSMOS 1867 COOLANT
1 43325U 87060AS  23295.37221405  .00000844  00000-0  34296-3 0  9996
2 43325  65.0111 205.1151 0018074 279.3080  80.5961 14.33129783459612
COSMOS 1867 COOLANT
1 43325U 87060AS  23297.46567847  .00000654  00000-0  27386-3 0  9992
2 43325  65.0110 199.2373 0018090 279.3093  80.5946 14.33133056459916
COSMOS 1867 COOLANT
1 43325U 87060AS  23297.46567847  .00000654  00000-0  27386-3 0  9992
2 43325  65.0110 199.2373 0018090 279.3093  80.5946 14.33133056459916
COSMOS 1867 COOLANT
1 43325U 87060AS  23300.11739407  .00000609  00000-0  25767-3 0  9993
2 43325  65.0107 191.7921 0018091 279.2686  80.6353 14.33137114460291
COSMOS 1867 COOLANT
1 43325U 87060AS  23300.11739407  .00000609  00000-0  25767-3 0  9993
2 43325  65.0107 191.7921 0018091 279.2686  80.6353 14.33137114460291
COSMOS 1867 COOLANT
1 43325U 87060AS  23300.95477615  .00000645  00000-0  27072-3 0  9996
2 43325  65.0106 189.4408 0018094 279.2356  80.6682 14.33138654460410
COSMOS 1867 COOLANT
1 43325U 87060AS  23301.09433996  .00000660  00000-0  27597-3 0  9995
2 43325  65.0106 189.0490 0018094 279.2501  80.6538 14.33138891460434
COSMOS 1867 COOLANT
1 43325U 87060AS  23302.07128442  .00000720  00000-0  29767-3 0  9999
2 43325  65.0106 186.3059 0018095 279.2352  80.6686 14.33140835460570
COSMOS 1867 COOLANT
1 43325U 87060AS  23303.04822789  .00000778  00000-0  31897-3 0  9992
2 43325  65.0106 183.5629 0018101 279.2234  80.6804 14.33142743460717
COSMOS 1867 COOLANT
1 43325U 87060AS  23303.95538870  .00000773  00000-0  31711-3 0  9997
2 43325  65.0105 181.0157 0018104 279.1985  80.7052 14.33144215460846
COSMOS 1867 COOLANT
1 43325U 87060AS  23304.09495180  .00000772  00000-0  31666-3 0  9997
2 43325  65.0105 180.6238 0018101 279.2000  80.7038 14.33144451460865
COSMOS 1867 COOLANT
1 43325U 87060AS  23305.90927025  .00000631  00000-0  26563-3 0  9990
2 43325  65.0102 175.5295 0018109 279.1491  80.7545 14.33146822461126
COSMOS 1867 COOLANT
1 43325U 87060AS  23305.90927025  .00000631  00000-0  26563-3 0  9990
2 43325  65.0102 175.5295 0018109 279.1491  80.7545 14.33146822461126
COSMOS 1867 COOLANT
1 43325U 87060AS  23306.25817710  .00000648  00000-0  27165-3 0  9995
2 43325  65.0102 174.5498 0018102 279.1555  80.7482 14.33147566461175
COSMOS 1867 COOLANT
1 43325U 87060AS  23307.02577181  .00000602  00000-0  25492-3 0  9997
2 43325  65.0100 172.3944 0018110 279.1465  80.7571 14.33148660461281
COSMOS 1867 COOLANT
1 43325U 87060AS  23308.07249079  .00000647  00000-0  27133-3 0  9998
2 43325  65.0099 169.4553 0018122 279.1310  80.7725 14.33150674461439
COSMOS 1867 COOLANT
1 43325U 87060AS  23308.35161568  .00000687  00000-0  28572-3 0  9997
2 43325  65.0099 168.6716 0018123 279.1287  80.7747 14.33151339461472
COSMOS 1867 COOLANT
1 43325U 87060AS  23309.32855135  .00000872  00000-0  35291-3 0  9997
2 43325  65.0097 165.9284 0018138 279.0944  80.8088 14.33154068461612
COSMOS 1867 COOLANT
1 43325U 87060AS  23309.88679837  .00001248  00000-0  48912-3 0  9993
2 43325  65.0096 164.3609 0018139 279.0432  80.8600 14.33157506461696
COSMOS 1867 COOLANT
1 43325U 87060AS  23310.30548412  .00001182  00000-0  46528-3 0  9994
2 43325  65.0096 163.1853 0018129 279.0580  80.8453 14.33158032461755
COSMOS 1867 COOLANT
1 43325U 87060AS  23310.30548412  .00001182  00000-0  46528-3 0  9994
2 43325  65.0096 163.1853 0018129 279.0580  80.8453 14.33158032461755
COSMOS 1867 COOLANT
1 43325U 87060AS  23310.86373111  .00001207  00000-0  47428-3 0  9995
2 43325  65.0095 161.6177 0018133 279.0113  80.8920 14.33159417461839
COSMOS 1867 COOLANT
1 43325U 87060AS  23311.84066292  .00001048  00000-0  41649-3 0  9995
2 43325  65.0093 158.8744 0018141 279.0060  80.8972 14.33160633461979
COSMOS 1867 COOLANT
1 43325U 87060AS  23313.93407981  .00000945  00000-0  37925-3 0  9998
2 43325  65.0091 152.9958 0018193 278.9832  80.9194 14.33165625462278
COSMOS 1867 COOLANT
1 43325U 87060AS  23314.00386019  .00000943  00000-0  37837-3 0  9995
2 43325  65.0091 152.7998 0018189 278.9982  80.9044 14.33165815462287
COSMOS 1867 COOLANT
1 43325U 87060AS  23314.28298215  .00000983  00000-0  39305-3 0  9991
2 43325  65.0091 152.0160 0018191 279.0038  80.8988 14.33166677462326
COSMOS 1867 COOLANT
1 43325U 87060AS  23314.91100580  .00000803  00000-0  32770-3 0  9998
2 43325  65.0091 150.2524 0018200 278.9787  80.9238 14.33167237462412
COSMOS 1867 COOLANT
1 43325U 87060AS  23316.23683233  .00000741  00000-0  30536-3 0  9995
2 43325  65.0091 146.5293 0018201 278.9309  80.9715 14.33169748462604
COSMOS 1867 COOLANT
1 43325U 87060AS  23316.23683233  .00000741  00000-0  30536-3 0  9995
2 43325  65.0091 146.5293 0018201 278.9309  80.9715 14.33169748462604
COSMOS 1867 COOLANT
1 43325U 87060AS  23316.93463491  .00000683  00000-0  28435-3 0  9994
2 43325  65.0090 144.5698 0018217 278.9148  80.9875 14.33170768462700
COSMOS 1867 COOLANT
1 43325U 87060AS  23317.00441518  .00000679  00000-0  28296-3 0  9999
2 43325  65.0090 144.3739 0018220 278.9160  80.9863 14.33170870462714
COSMOS 1867 COOLANT
1 43325U 87060AS  23317.91155772  .00000667  00000-0  27851-3 0  9996
2 43325  65.0091 141.8265 0018235 278.9232  80.9789 14.33172420462841
COSMOS 1867 COOLANT
1 43325U 87060AS  23318.12089834  .00000621  00000-0  26177-3 0  9995
2 43325  65.0091 141.2387 0018239 278.9186  80.9834 14.33172490462873
COSMOS 1867 COOLANT
1 43325U 87060AS  23318.95825983  .00000618  00000-0  26050-3 0  9995
2 43325  65.0091 138.8872 0018254 278.8949  81.0070 14.33173820462992
COSMOS 1867 COOLANT
1 43325U 87060AS  23318.95825983  .00000618  00000-0  26050-3 0  9995
2 43325  65.0091 138.8872 0018254 278.8949  81.0070 14.33173820462992
COSMOS 1867 COOLANT
1 43325U 87060AS  23319.86540086  .00000626  00000-0  26350-3 0  9996
2 43325  65.0090 136.3398 0018288 278.9046  80.9968 14.33175188463122
COSMOS 1867 COOLANT
1 43325U 87060AS  23320.77254129  .00000548  00000-0  23511-3 0  9997
2 43325  65.0090 133.7923 0018300 278.8537  81.0476 14.33175979463254
COSMOS 1867 COOLANT
1 43325U 87060AS  23321.19122118  .00000538  00000-0  23180-3 0  9997
2 43325  65.0090 132.6166 0018292 278.8486  81.0528 14.33176513463314
COSMOS 1867 COOLANT
1 43325U 87060AS  23321.19122118  .00000538  00000-0  23180-3 0  9997
2 43325  65.0090 132.6166 0018292 278.8486  81.0528 14.33176513463314
COSMOS 1867 COOLANT
1 43325U 87060AS  23321.74946084  .00000515  00000-0  22336-3 0  9991
2 43325  65.0090 131.0490 0018303 278.7927  81.1086 14.33177110463391
COSMOS 1867 COOLANT
1 43325U 87060AS  23322.72637963  .00000515  00000-0  22312-3 0  9997
2 43325  65.0091 128.3057 0018326 278.7545  81.1464 14.33178374463530
COSMOS 1867 COOLANT
1 43325U 87060AS  23323.07527883  .00000440  00000-0  19605-3 0  9993
2 43325  65.0091 127.3257 0018335 278.7837  81.1171 14.33178487463580
COSMOS 1867 COOLANT
1 43325U 87060AS  23323.70329740  .00000511  00000-0  22168-3 0  9992
2 43325  65.0092 125.5621 0018356 278.7527  81.1480 14.33179659463670
COSMOS 1867 COOLANT
1 43325U 87060AS  23323.70329740  .00000511  00000-0  22168-3 0  9992
2 43325  65.0092 125.5621 0018356 278.7527  81.1480 14.33179659463670
COSMOS 1867 COOLANT
1 43325U 87060AS  23324.19175611  .00000508  00000-0  22080-3 0  9991
2 43325  65.0092 124.1903 0018377 278.7521  81.1483 14.33180229463741
COSMOS 1867 COOLANT
1 43325U 87060AS  23324.88955388  .00000509  00000-0  22122-3 0  9992
2 43325  65.0093 122.2308 0018378 278.7862  81.1142 14.33181091463840
COSMOS 1867 COOLANT
1 43325U 87060AS  23325.86646960  .00000766  00000-0  31425-3 0  9995
2 43325  65.0094 119.4875 0018384 278.8007  81.0996 14.33183754463986
COSMOS 1867 COOLANT
1 43325U 87060AS  23325.86646960  .00000766  00000-0  31425-3 0  9995
2 43325  65.0094 119.4875 0018384 278.8007  81.0996 14.33183754463986
COSMOS 1867 COOLANT
1 43325U 87060AS  23327.82029629  .00000966  00000-0  38684-3 0  9996
2 43325  65.0098 114.0008 0018412 278.7123  81.1876 14.33188178464264
COSMOS 1867 COOLANT
1 43325U 87060AS  23330.82080050  .00001290  00000-0  50416-3 0  9993
2 43325  65.0103 105.5747 0018529 278.5964  81.3021 14.33197413464699
COSMOS 1867 COOLANT
1 43325U 87060AS  23330.82080050  .00001290  00000-0  50416-3 0  9993
2 43325  65.0103 105.5747 0018529 278.5964  81.3021 14.33197413464699
COSMOS 1867 COOLANT
1 43325U 87060AS  23332.77460663  .00001402  00000-0  54462-3 0  9991
2 43325  65.0104 100.0879 0018598 278.5692  81.3286 14.33203830464975
COSMOS 1867 COOLANT
1 43325U 87060AS  23334.72840423  .00001691  00000-0  64910-3 0  9993
2 43325  65.0107  94.6011 0018647 278.5480  81.3492 14.33211550465253
COSMOS 1867 COOLANT
1 43325U 87060AS  23334.72840423  .00001691  00000-0  64910-3 0  9993
2 43325  65.0107  94.6011 0018647 278.5480  81.3492 14.33211550465253
COSMOS 1867 COOLANT
1 43325U 87060AS  23336.33329919  .00002213  00000-0  83785-3 0  9996
2 43325  65.0109  90.0942 0018693 278.5108  81.3859 14.33220656465485
COSMOS 1867 COOLANT
1 43325U 87060AS  23336.33329919  .00002213  00000-0  83785-3 0  9996
2 43325  65.0109  90.0942 0018693 278.5108  81.3859 14.33220656465485
COSMOS 1867 COOLANT
1 43325U 87060AS  23338.77553120  .00001151  00000-0  45333-3 0  9996
2 43325  65.0115  83.2364 0018744 278.5028  81.3933 14.33221064465838
COSMOS 1867 COOLANT
1 43325U 87060AS  23338.77553120  .00001151  00000-0  45333-3 0  9996
2 43325  65.0115  83.2364 0018744 278.5028  81.3933 14.33221064465838
COSMOS 1867 COOLANT
1 43325U 87060AS  23339.75241979  .00000905  00000-0  36431-3 0  9996
2 43325  65.0118  80.4926 0018640 278.3069  81.5903 14.33222446465971
COSMOS 1867 COOLANT
1 43325U 87060AS  23341.63641573  .00000585  00000-0  24850-3 0  9996
2 43325  65.0115  75.2022 0018880 278.4521  81.4424 14.33225095466248
COSMOS 1867 COOLANT
1 43325U 87060AS  23341.63641573  .00000585  00000-0  24850-3 0  9996
2 43325  65.0115  75.2022 0018880 278.4521  81.4424 14.33225095466248
COSMOS 1867 COOLANT
1 43325U 87060AS  23344.70662613  .00000446  00000-0  19802-3 0  9992
2 43325  65.0115  66.5802 0019025 278.5130  81.3799 14.33228828466685
COSMOS 1867 COOLANT
1 43325U 87060AS  23344.70662613  .00000446  00000-0  19802-3 0  9992
2 43325  65.0115  66.5802 0019025 278.5130  81.3799 14.33228828466685
COSMOS 1867 COOLANT
1 43325U 87060AS  23351.54479676  .00000582  00000-0  24729-3 0  9992
2 43325  65.0113  47.3763 0019233 278.3885  81.5020 14.33237268467668
COSMOS 1867 COOLANT
1 43325U 87060AS  23351.54479676  .00000582  00000-0  24729-3 0  9992
2 43325  65.0113  47.3763 0019233 278.3885  81.5020 14.33237268467668
COSMOS 1867 COOLANT
1 43325U 87060AS  23352.59145142  .00000643  00000-0  26919-3 0  9997
2 43325  65.0113  44.4368 0019290 278.5430  81.3469 14.33239113467811
COSMOS 1867 COOLANT
1 43325U 87060AS  23355.73140666  .00000774  00000-0  31661-3 0  9997
2 43325  65.0115  35.6148 0019186 278.8934  80.9979 14.33245165468262
COSMOS 1867 COOLANT
1 43325U 87060AS  23357.54559552  .00000958  00000-0  38321-3 0  9990
2 43325  65.0109  30.5188 0019396 279.2931  80.5961 14.33249953468523
COSMOS 1867 COOLANT
1 43325U 87060AS  23357.54559552  .00000958  00000-0  38321-3 0  9990
2 43325  65.0109  30.5188 0019396 279.2931  80.5961 14.33249953468523
COSMOS 1867 COOLANT
1 43325U 87060AS  23365.43028353  .00000716  00000-0  29565-3 0  9999
2 43325  65.0115   8.3791 0019458 278.1030  81.7848 14.33265109469653
COSMOS 1867 COOLANT
1 43325U 87060AS  23365.43028353  .00000716  00000-0  29565-3 0  9999
2 43325  65.0115   8.3791 0019458 278.1030  81.7848 14.33265109469653
COSMOS 1867 COOLANT
1 43325U 87060AS  24003.43063306  .00000597  00000-0  25246-3 0  9995
2 43325  65.0118 359.9544 0019514 278.0775  81.8097 14.33269233470083
COSMOS 1867 COOLANT
1 43325U 87060AS  24003.43063306  .00000597  00000-0  25246-3 0  9995
2 43325  65.0118 359.9544 0019514 278.0775  81.8097 14.33269233470083
COSMOS 1867 COOLANT
1 43325U 87060AS  24003.98883664  .00000625  00000-0  26246-3 0  9995
2 43325  65.0118 358.3860 0019512 278.1589  81.7283 14.33270196470164
COSMOS 1867 COOLANT
1 43325U 87060AS  24008.38467906  .00000689  00000-0  28564-3 0  9996
2 43325  65.0124 346.0380 0019398 278.2419  81.6466 14.33276939470799
COSMOS 1867 COOLANT
1 43325U 87060AS  24008.38467906  .00000689  00000-0  28564-3 0  9996
2 43325  65.0124 346.0380 0019398 278.2419  81.6466 14.33276939470799
COSMOS 1867 COOLANT
1 43325U 87060AS  24014.31553681  .00001225  00000-0  47966-3 0  9996
2 43325  65.0127 329.3824 0019466 277.8367  82.0508 14.33291069471640
COSMOS 1867 COOLANT
1 43325U 87060AS  24014.31553681  .00001225  00000-0  47966-3 0  9996
2 43325  65.0127 329.3824 0019466 277.8367  82.0508 14.33291069471640
COSMOS 1867 COOLANT
1 43325U 87060AS  24015.22260321  .00001321  00000-0  51408-3 0  9996
2 43325  65.0123 326.8345 0019550 277.8200  82.0666 14.33293894471773
COSMOS 1867 COOLANT
1 43325U 87060AS  24017.45537608  .00001243  00000-0  48602-3 0  9993
2 43325  65.0123 320.5637 0019561 277.7427  82.1437 14.33299479472098
COSMOS 1867 COOLANT
1 43325U 87060AS  24017.45537608  .00001243  00000-0  48602-3 0  9993
2 43325  65.0123 320.5637 0019561 277.7427  82.1437 14.33299479472098
COSMOS 1867 COOLANT
1 43325U 87060AS  24018.22288951  .00001176  00000-0  46151-3 0  9995
2 43325  65.0123 318.4080 0019573 277.7590  82.1273 14.33301254472206
COSMOS 1867 COOLANT
1 43325U 87060AS  24020.24632890  .00001065  00000-0  42166-3 0  9994
2 43325  65.0122 312.7247 0019577 277.6967  82.1895 14.33306144472492
COSMOS 1867 COOLANT
1 43325U 87060AS  24020.24632890  .00001065  00000-0  42166-3 0  9994
2 43325  65.0122 312.7247 0019577 277.6967  82.1895 14.33306144472492
COSMOS 1867 COOLANT
1 43325U 87060AS  24021.22315948  .00001120  00000-0  44134-3 0  9994
2 43325  65.0120 309.9808 0019568 277.6941  82.1922 14.33308849472634
COSMOS 1867 COOLANT
1 43325U 87060AS  24022.19998849  .00001058  00000-0  41909-3 0  9995
2 43325  65.0119 307.2375 0019568 277.6242  82.2621 14.33310869472773
COSMOS 1867 COOLANT
1 43325U 87060AS  24023.38613574  .00000946  00000-0  37844-3 0  9994
2 43325  65.0118 303.9061 0019570 277.5846  82.3016 14.33313155472948
COSMOS 1867 COOLANT
1 43325U 87060AS  24023.38613574  .00000946  00000-0  37844-3 0  9994
2 43325  65.0118 303.9061 0019570 277.5846  82.3016 14.33313155472948
COSMOS 1867 COOLANT
1 43325U 87060AS  24025.33978624  .00001025  00000-0  40703-3 0  9998
2 43325  65.0117 298.4188 0019567 277.5861  82.3001 14.33317832473220
COSMOS 1867 COOLANT
1 43325U 87060AS  24026.38638276  .00000876  00000-0  35298-3 0  9996
2 43325  65.0115 295.4793 0019565 277.5548  82.3315 14.33319113473375
COSMOS 1867 COOLANT
1 43325U 87060AS  24026.38638276  .00000876  00000-0  35298-3 0  9996
2 43325  65.0115 295.4793 0019565 277.5548  82.3315 14.33319113473375
COSMOS 1867 COOLANT
1 43325U 87060AS  24028.34002593  .00000744  00000-0  30537-3 0  9996
2 43325  65.0112 289.9922 0019558 277.4543  82.4320 14.33322117473656
COSMOS 1867 COOLANT
1 43325U 87060AS  24029.31684561  .00000735  00000-0  30225-3 0  9999
2 43325  65.0111 287.2485 0019562 277.4055  82.4808 14.33323906473796
COSMOS 1867 COOLANT
1 43325U 87060AS  24029.31684561  .00000735  00000-0  30225-3 0  9999
2 43325  65.0111 287.2485 0019562 277.4055  82.4808 14.33323906473796
COSMOS 1867 COOLANT
1 43325U 87060AS  24030.29366469  .00000662  00000-0  27582-3 0  9993
2 43325  65.0109 284.5049 0019564 277.3823  82.5039 14.33325114473939
COSMOS 1867 COOLANT
1 43325U 87060AS  24031.34025551  .00000595  00000-0  25138-3 0  9994
2 43325  65.0107 281.5654 0019563 277.3337  82.5525 14.33326343474087
COSMOS 1867 COOLANT
1 43325U 87060AS  24031.34025551  .00000595  00000-0  25138-3 0  9994
2 43325  65.0107 281.5654 0019563 277.3337  82.5525 14.33326343474087
COSMOS 1867 COOLANT
1 43325U 87060AS  24034.06138728  .00000468  00000-0  20548-3 0  9996
2 43325  65.0102 273.9224 0019560 277.2059  82.6803 14.33329375474478
COSMOS 1867 COOLANT
1 43325U 87060AS  24034.06138728  .00000468  00000-0  20548-3 0  9996
2 43325  65.0102 273.9224 0019560 277.2059  82.6803 14.33329375474478
COSMOS 1867 COOLANT
1 43325U 87060AS  24036.36387867  .00000569  00000-0  24222-3 0  9996
2 43325  65.0098 267.4550 0019570 277.1230  82.7630 14.33332723474800
COSMOS 1867 COOLANT
1 43325U 87060AS  24036.36387867  .00000569  00000-0  24222-3 0  9996
2 43325  65.0098 267.4550 0019570 277.1230  82.7630 14.33332723474800
COSMOS 1867 COOLANT
1 43325U 87060AS  24039.22454234  .00000766  00000-0  31304-3 0  9995
2 43325  65.0094 259.4195 0019573 276.9884  82.8975 14.33337512475217
COSMOS 1867 COOLANT
1 43325U 87060AS  24039.22454234  .00000766  00000-0  31304-3 0  9995
2 43325  65.0094 259.4195 0019573 276.9884  82.8975 14.33337512475217
COSMOS 1867 COOLANT
1 43325U 87060AS  24042.01542297  .00001009  00000-0  40091-3 0  9997
2 43325  65.0091 251.5800 0019605 276.8624  83.0230 14.33343680475611
COSMOS 1867 COOLANT
1 43325U 87060AS  24042.01542297  .00001009  00000-0  40091-3 0  9997
2 43325  65.0091 251.5800 0019605 276.8624  83.0230 14.33343680475611
COSMOS 1867 COOLANT
1 43325U 87060AS  24043.96903409  .00000818  00000-0  33210-3 0  9990
2 43325  65.0089 246.0923 0019602 276.7638  83.1216 14.33346122475893
COSMOS 1867 COOLANT
1 43325U 87060AS  24044.80629330  .00001151  00000-0  45216-3 0  9992
2 43325  65.0087 243.7404 0019618 276.5226  83.3626 14.33349711476016
COSMOS 1867 COOLANT
1 43325U 87060AS  24044.80629330  .00001151  00000-0  45216-3 0  9992
2 43325  65.0087 243.7404 0019618 276.5226  83.3626 14.33349711476016
COSMOS 1867 COOLANT
1 43325U 87060AS  24045.15515089  .00001179  00000-0  46223-3 0  9995
2 43325  65.0087 242.7602 0019593 276.5952  83.2903 14.33350735476063
COSMOS 1867 COOLANT
1 43325U 87060AS  24045.99240889  .00001104  00000-0  43515-3 0  9999
2 43325  65.0087 240.4083 0019605 276.5686  83.3168 14.33352177476188
COSMOS 1867 COOLANT
1 43325U 87060AS  24048.22509195  .00001027  00000-0  40744-3 0  9991
2 43325  65.0087 234.1365 0019622 276.4079  83.4772 14.33356589476504
COSMOS 1867 COOLANT
1 43325U 87060AS  24048.22509195  .00001027  00000-0  40744-3 0  9991
2 43325  65.0087 234.1365 0019622 276.4079  83.4772 14.33356589476504
COSMOS 1867 COOLANT
1 43325U 87060AS  24048.78326027  .00001059  00000-0  41885-3 0  9995
2 43325  65.0087 232.5688 0019631 276.3203  83.5646 14.33358347476585
COSMOS 1867 COOLANT
1 43325U 87060AS  24049.20188656  .00001133  00000-0  44569-3 0  9992
2 43325  65.0088 231.3930 0019647 276.3834  83.5014 14.33359837476641
COSMOS 1867 COOLANT
1 43325U 87060AS  24049.89959674  .00001073  00000-0  42390-3 0  9996
2 43325  65.0090 229.4328 0019612 276.2819  83.6033 14.33361222476741
COSMOS 1867 COOLANT
1 43325U 87060AS  24050.10890963  .00001064  00000-0  42058-3 0  9998
2 43325  65.0090 228.8446 0019569 276.1756  83.7100 14.33361703476778
COSMOS 1867 COOLANT
1 43325U 87060AS  24050.73684813  .00001063  00000-0  42019-3 0  9998
2 43325  65.0091 227.0811 0019592 276.1471  83.7382 14.33363143476868
COSMOS 1867 COOLANT
1 43325U 87060AS  24050.73684813  .00001063  00000-0  42019-3 0  9998
2 43325  65.0091 227.0811 0019592 276.1471  83.7382 14.33363143476868
COSMOS 1867 COOLANT
1 43325U 87060AS  24052.20203554  .00000922  00000-0  36924-3 0  9992
2 43325  65.0092 222.9648 0019622 276.1429  83.7420 14.33365710477077
COSMOS 1867 COOLANT
1 43325U 87060AS  24052.76020136  .00000832  00000-0  33687-3 0  9999
2 43325  65.0093 221.3972 0019715 276.3126  83.5713 14.33366426477157
COSMOS 1867 COOLANT
1 43325U 87060AS  24052.76020136  .00000832  00000-0  33687-3 0  9999
2 43325  65.0093 221.3972 0019715 276.3126  83.5713 14.33366426477157
COSMOS 1867 COOLANT
1 43325U 87060AS  24053.17882523  .00000812  00000-0  32960-3 0  9992
2 43325  65.0094 220.2212 0019753 276.3191  83.5644 14.33367281477217
COSMOS 1867 COOLANT
1 43325U 87060AS  24053.73699003  .00000854  00000-0  34477-3 0  9994
2 43325  65.0094 218.6533 0019767 276.2367  83.6467 14.33368733477298
COSMOS 1867 COOLANT
1 43325U 87060AS  24054.71377785  .00000933  00000-0  37330-3 0  9992
2 43325  65.0095 215.9095 0019776 276.1781  83.7052 14.33371168477434
COSMOS 1867 COOLANT
1 43325U 87060AS  24055.69056435  .00001039  00000-0  41136-3 0  9993
2 43325  65.0095 213.1656 0019798 276.1254  83.7576 14.33373720477578
COSMOS 1867 COOLANT
1 43325U 87060AS  24055.89987561  .00001015  00000-0  40304-3 0  9998
2 43325  65.0095 212.5777 0019802 276.1177  83.7652 14.33374008477604
COSMOS 1867 COOLANT
1 43325U 87060AS  24057.78367383  .00001046  00000-0  41408-3 0  9992
2 43325  65.0098 207.2860 0019809 276.0038  83.8789 14.33377949477871
COSMOS 1867 COOLANT
1 43325U 87060AS  24057.78367383  .00001046  00000-0  41408-3 0  9992
2 43325  65.0098 207.2860 0019809 276.0038  83.8789 14.33377949477871
COSMOS 1867 COOLANT
1 43325U 87060AS  24058.89999696  .00000918  00000-0  36792-3 0  9990
2 43325  65.0099 204.1504 0019919 275.8408  84.0407 14.33379292478035
COSMOS 1867 COOLANT
1 43325U 87060AS  24059.10930756  .00000904  00000-0  36286-3 0  9990
2 43325  65.0100 203.5623 0019876 275.9901  83.8919 14.33379530478067
COSMOS 1867 COOLANT
1 43325U 87060AS  24059.80700832  .00000848  00000-0  34247-3 0  9999
2 43325  65.0101 201.6025 0019893 275.9794  83.9024 14.33380581478169
COSMOS 1867 COOLANT
1 43325U 87060AS  24059.80700832  .00000848  00000-0  34247-3 0  9999
2 43325  65.0101 201.6025 0019893 275.9794  83.9024 14.33380581478169
COSMOS 1867 COOLANT
1 43325U 87060AS  24060.99309856  .00000779  00000-0  31745-3 0  9995
2 43325  65.0101 198.2706 0019950 275.9274  83.9537 14.33382378478337
COSMOS 1867 COOLANT
1 43325U 87060AS  24061.83033753  .00000795  00000-0  32335-3 0  9993
2 43325  65.0104 195.9189 0019949 275.8956  83.9855 14.33384053478451
COSMOS 1867 COOLANT
1 43325U 87060AS  24061.83033753  .00000795  00000-0  32335-3 0  9993
2 43325  65.0104 195.9189 0019949 275.8956  83.9855 14.33384053478451
COSMOS 1867 COOLANT
1 43325U 87060AS  24062.80711535  .00000834  00000-0  33735-3 0  9991
2 43325  65.0105 193.1752 0019973 275.8450  84.0358 14.33386020478595
COSMOS 1867 COOLANT
1 43325U 87060AS  24063.64435200  .00000935  00000-0  37371-3 0  9998
2 43325  65.0107 190.8234 0019998 275.7951  84.0855 14.33388182478715
COSMOS 1867 COOLANT
1 43325U 87060AS  24064.62112759  .00000828  00000-0  33536-3 0  9998
2 43325  65.0109 188.0798 0019984 275.7688  84.1119 14.33389354478854
COSMOS 1867 COOLANT
1 43325U 87060AS  24064.62112759  .00000828  00000-0  33536-3 0  9998
2 43325  65.0109 188.0798 0019984 275.7688  84.1119 14.33389354478854
COSMOS 1867 COOLANT
1 43325U 87060AS  24068.59798348  .00000880  00000-0  35378-3 0  9996
2 43325  65.0110 176.9090 0020088 275.5698  84.3096 14.33397817479426
COSMOS 1867 COOLANT
1 43325U 87060AS  24068.59798348  .00000880  00000-0  35378-3 0  9996
2 43325  65.0110 176.9090 0020088 275.5698  84.3096 14.33397817479426
COSMOS 1867 COOLANT
1 43325U 87060AS  24069.57475243  .00000783  00000-0  31910-3 0  9991
2 43325  65.0109 174.1653 0020129 275.5066  84.3723 14.33399087479567
COSMOS 1867 COOLANT
1 43325U 87060AS  24070.55151997  .00000731  00000-0  29999-3 0  9995
2 43325  65.0109 171.4215 0020115 275.4525  84.4266 14.33400601479709
COSMOS 1867 COOLANT
1 43325U 87060AS  24071.52828631  .00000695  00000-0  28704-3 0  9991
2 43325  65.0108 168.6777 0020130 275.4099  84.4690 14.33402152479841
COSMOS 1867 COOLANT
1 43325U 87060AS  24071.52828631  .00000695  00000-0  28704-3 0  9991
2 43325  65.0108 168.6777 0020130 275.4099  84.4690 14.33402152479841
COSMOS 1867 COOLANT
1 43325U 87060AS  24072.71435857  .00000661  00000-0  27476-3 0  9995
2 43325  65.0108 165.3461 0020211 275.3747  84.5033 14.33403901480010
COSMOS 1867 COOLANT
1 43325U 87060AS  24072.99343405  .00000650  00000-0  27098-3 0  9990
2 43325  65.0109 164.5622 0020220 275.3810  84.4969 14.33404337480057
COSMOS 1867 COOLANT
1 43325U 87060AS  24075.22603547  .00000669  00000-0  27783-3 0  9996
2 43325  65.0108 158.2908 0020270 275.2687  84.6085 14.33408017480374
COSMOS 1867 COOLANT
1 43325U 87060AS  24075.22603547  .00000669  00000-0  27783-3 0  9996
2 43325  65.0108 158.2908 0020270 275.2687  84.6085 14.33408017480374
COSMOS 1867 COOLANT
1 43325U 87060AS  24078.64469704  .00000534  00000-0  22910-3 0  9998
2 43325  65.0104 148.6875 0020334 275.1116  84.7649 14.33412400480865
COSMOS 1867 COOLANT
1 43325U 87060AS  24078.64469704  .00000534  00000-0  22910-3 0  9998
2 43325  65.0104 148.6875 0020334 275.1116  84.7649 14.33412400480865
COSMOS 1867 COOLANT
1 43325U 87060AS  24082.76102546  .00000908  00000-0  36400-3 0  9998
2 43325  65.0097 137.1238 0020406 274.8812  84.9944 14.33421204481459
COSMOS 1867 COOLANT
1 43325U 87060AS  24082.76102546  .00000908  00000-0  36400-3 0  9998
2 43325  65.0097 137.1238 0020406 274.8812  84.9944 14.33421204481459
COSMOS 1867 COOLANT
1 43325U 87060AS  24084.57499023  .00001558  00000-0  59811-3 0  9991
2 43325  65.0094 132.0276 0020419 274.7530  85.1224 14.33429128481718
COSMOS 1867 COOLANT
1 43325U 87060AS  24084.85405752  .00002872  00000-0  10716-2 0  9998
2 43325  65.0093 131.2436 0020428 274.6851  85.1902 14.33437957481757
COSMOS 1867 COOLANT
1 43325U 87060AS  24085.55173692  .00001877  00000-0  71317-3 0  9990
2 43325  65.0093 129.2836 0020454 274.6867  85.1882 14.33433718481853
COSMOS 1867 COOLANT
1 43325U 87060AS  24087.36569345  .00001213  00000-0  47381-3 0  9993
2 43325  65.0090 124.1873 0020556 274.6005  85.2733 14.33434739482112
COSMOS 1867 COOLANT
1 43325U 87060AS  24087.36569345  .00001213  00000-0  47381-3 0  9993
2 43325  65.0090 124.1873 0020556 274.6005  85.2733 14.33434739482112
COSMOS 1867 COOLANT
1 43325U 87060AS  24088.48197090  .00001036  00000-0  40992-3 0  9995
2 43325  65.0090 121.0509 0020509 274.5047  85.3696 14.33436881482273
COSMOS 1867 COOLANT
1 43325U 87060AS  24090.43545167  .00000997  00000-0  39562-3 0  9991
2 43325  65.0092 115.5637 0020562 274.6173  85.2564 14.33441587482558
COSMOS 1867 COOLANT
1 43325U 87060AS  24090.43545167  .00000997  00000-0  39562-3 0  9991
2 43325  65.0092 115.5637 0020562 274.6173  85.2564 14.33441587482558
COSMOS 1867 COOLANT
1 43325U 87060AS  24090.78428723  .00000817  00000-0  33093-3 0  9991
2 43325  65.0091 114.5836 0020563 274.6122  85.2615 14.33441338482609
COSMOS 1867 COOLANT
1 43325U 87060AS  24091.76102583  .00000739  00000-0  30294-3 0  9996
2 43325  65.0091 111.8395 0020565 274.5796  85.2940 14.33442791482747
COSMOS 1867 COOLANT
1 43325U 87060AS  24092.45869567  .00000752  00000-0  30728-3 0  9992
2 43325  65.0090 109.8794 0020576 274.5307  85.3428 14.33444065482845
COSMOS 1867 COOLANT
1 43325U 87060AS  24092.45869567  .00000752  00000-0  30728-3 0  9992
2 43325  65.0090 109.8794 0020576 274.5307  85.3428 14.33444065482845
COSMOS 1867 COOLANT
1 43325U 87060AS  24096.29587085  .00000555  00000-0  23642-3 0  9998
2 43325  65.0091  99.0984 0020624 274.4188  85.4541 14.33449130483393
COSMOS 1867 COOLANT
1 43325U 87060AS  24096.29587085  .00000555  00000-0  23642-3 0  9998
2 43325  65.0091  99.0984 0020624 274.4188  85.4541 14.33449130483393
COSMOS 1867 COOLANT
1 43325U 87060AS  24096.71447064  .00000531  00000-0  22773-3 0  9995
2 43325  65.0092  97.9223 0020619 274.4222  85.4508 14.33449695483456
COSMOS 1867 COOLANT
1 43325U 87060AS  24097.27260368  .00000538  00000-0  23028-3 0  9998
2 43325  65.0092  96.3542 0020624 274.3453  85.5276 14.33450540483537
COSMOS 1867 COOLANT
1 43325U 87060AS  24098.59816855  .00000593  00000-0  25004-3 0  9999
2 43325  65.0092  92.6298 0020638 274.3643  85.5084 14.33452751483724
COSMOS 1867 COOLANT
1 43325U 87060AS  24098.59816855  .00000593  00000-0  25004-3 0  9999
2 43325  65.0092  92.6298 0020638 274.3643  85.5084 14.33452751483724
COSMOS 1867 COOLANT
1 43325U 87060AS  24099.36559998  .00000613  00000-0  25716-3 0  9990
2 43325  65.0094  90.4737 0020637 274.3113  85.5615 14.33454001483833
COSMOS 1867 COOLANT
1 43325U 87060AS  24099.71443233  .00000623  00000-0  26093-3 0  9993
2 43325  65.0095  89.4938 0020634 274.2391  85.6336 14.33454565483880
COSMOS 1867 COOLANT
1 43325U 87060AS  24100.41209656  .00000597  00000-0  25160-3 0  9996
2 43325  65.0096  87.5338 0020646 274.2734  85.5992 14.33455435483983
COSMOS 1867 COOLANT
1 43325U 87060AS  24100.69116191  .00000640  00000-0  26701-3 0  9998
2 43325  65.0096  86.7497 0020643 274.2521  85.6205 14.33456140484029
COSMOS 1867 COOLANT
1 43325U 87060AS  24100.69116191  .00000640  00000-0  26701-3 0  9998
2 43325  65.0096  86.7497 0020643 274.2521  85.6205 14.33456140484029
COSMOS 1867 COOLANT
1 43325U 87060AS  24101.38882529  .00000647  00000-0  26961-3 0  9995
2 43325  65.0097  84.7896 0020643 274.2082  85.6644 14.33457220484121
COSMOS 1867 COOLANT
1 43325U 87060AS  24101.66789067  .00000601  00000-0  25298-3 0  9991
2 43325  65.0098  84.0055 0020636 274.2045  85.6682 14.33457360484164
COSMOS 1867 COOLANT
1 43325U 87060AS  24102.22602077  .00000633  00000-0  26462-3 0  9998
2 43325  65.0099  82.4373 0020649 274.1126  85.7599 14.33458374484246
COSMOS 1867 COOLANT
1 43325U 87060AS  24103.20274768  .00000676  00000-0  27981-3 0  9993
2 43325  65.0100  79.6931 0020665 274.0354  85.8369 14.33460106484384
COSMOS 1867 COOLANT
1 43325U 87060AS  24103.41204610  .00000688  00000-0  28445-3 0  9994
2 43325  65.0100  79.1051 0020623 274.0385  85.8343 14.33460564484414
COSMOS 1867 COOLANT
1 43325U 87060AS  24104.31900534  .00000780  00000-0  31738-3 0  9994
2 43325  65.0101  76.5569 0020624 273.9872  85.8856 14.33462600484546
COSMOS 1867 COOLANT
1 43325U 87060AS  24107.31893693  .00001489  00000-0  57282-3 0  9993
2 43325  65.0108  68.1286 0020601 273.7534  86.1196 14.33472656484974
COSMOS 1867 COOLANT
1 43325U 87060AS  24107.59799872  .00001628  00000-0  62293-3 0  9990
2 43325  65.0109  67.3446 0020602 273.7330  86.1400 14.33474299485018
COSMOS 1867 COOLANT
1 43325U 87060AS  24109.48166397  .00001787  00000-0  67981-3 0  9995
2 43325  65.0113  62.0526 0020581 273.6007  86.2725 14.33480972485285
COSMOS 1867 COOLANT
1 43325U 87060AS  24109.48166397  .00001787  00000-0  67981-3 0  9995
2 43325  65.0113  62.0526 0020581 273.6007  86.2725 14.33480972485285
COSMOS 1867 COOLANT
1 43325U 87060AS  24112.27225649  .00002069  00000-0  78146-3 0  9991
2 43325  65.0119  54.2126 0020580 273.3442  86.5289 14.33494183485680
COSMOS 1867 COOLANT
1 43325U 87060AS  24114.22565376  .00002198  00000-0  82756-3 0  9997
2 43325  65.0122  48.7246 0020561 273.1635  86.7098 14.33504634485960
COSMOS 1867 COOLANT
1 43325U 87060AS  24115.20234881  .00002106  00000-0  79433-3 0  9997
2 43325  65.0121  45.9801 0020544 273.1200  86.7535 14.33508765486106
COSMOS 1867 COOLANT
1 43325U 87060AS  24117.50454666  .00001788  00000-0  67976-3 0  9991
2 43325  65.0124  39.5118 0020527 272.9258  86.9479 14.33517638486434
COSMOS 1867 COOLANT
1 43325U 87060AS  24117.50454666  .00001788  00000-0  67976-3 0  9991
2 43325  65.0124  39.5118 0020527 272.9258  86.9479 14.33517638486434
COSMOS 1867 COOLANT
1 43325U 87060AS  24118.48123214  .00001902  00000-0  72077-3 0  9997
2 43325  65.0119  36.7672 0020623 272.9517  86.9208 14.33522257486575
COSMOS 1867 COOLANT
1 43325U 87060AS  24119.45791585  .00001462  00000-0  56247-3 0  9999
2 43325  65.0130  34.0234 0020587 273.0464  86.8266 14.33524655486718
COSMOS 1867 COOLANT
1 43325U 87060AS  24120.01602059  .00001063  00000-0  41902-3 0  9999
2 43325  65.0133  32.4558 0020542 272.9086  86.9649 14.33524899486795
COSMOS 1867 COOLANT
1 43325U 87060AS  24120.36483598  .00000933  00000-0  37208-3 0  9991
2 43325  65.0133  31.4764 0020539 272.8153  87.0582 14.33525295486848
COSMOS 1867 COOLANT
1 43325U 87060AS  24121.13222854  .00000822  00000-0  33221-3 0  9991
2 43325  65.0134  29.3204 0020521 272.7362  87.1374 14.33526774486951
COSMOS 1867 COOLANT
1 43325U 87060AS  24122.45772376  .00000777  00000-0  31585-3 0  9996
2 43325  65.0129  25.5963 0020497 272.5581  87.3158 14.33528477487144
COSMOS 1867 COOLANT
1 43325U 87060AS  24123.43440298  .00000717  00000-0  29440-3 0  9991
2 43325  65.0128  22.8522 0020495 272.4915  87.3824 14.33530170487280
COSMOS 1867 COOLANT
1 43325U 87060AS  24124.41108100  .00000668  00000-0  27677-3 0  9998
2 43325  65.0126  20.1081 0020499 272.4447  87.4292 14.33531718487428
COSMOS 1867 COOLANT
1 43325U 87060AS  24124.96918255  .00000598  00000-0  25154-3 0  9998
2 43325  65.0127  18.5401 0020477 272.3710  87.5031 14.33532234487509
COSMOS 1867 COOLANT
1 43325U 87060AS  24124.96918255  .00000598  00000-0  25154-3 0  9998
2 43325  65.0127  18.5401 0020477 272.3710  87.5031 14.33532234487509
COSMOS 1867 COOLANT
1 43325U 87060AS  24125.31799598  .00000592  00000-0  24935-3 0  9995
2 43325  65.0125  17.5600 0020480 272.3696  87.5044 14.33532693487552
COSMOS 1867 COOLANT
1 43325U 87060AS  24127.41087284  .00000691  00000-0  28505-3 0  9997
2 43325  65.0124  11.6796 0020473 272.2238  87.6503 14.33536386487852
COSMOS 1867 COOLANT
1 43325U 87060AS  24127.41087284  .00000691  00000-0  28505-3 0  9997
2 43325  65.0124  11.6796 0020473 272.2238  87.6503 14.33536386487852
COSMOS 1867 COOLANT
1 43325U 87060AS  24127.96897271  .00000664  00000-0  27537-3 0  9996
2 43325  65.0124  10.1115 0020474 272.1662  87.7078 14.33537015487939
COSMOS 1867 COOLANT
1 43325U 87060AS  24128.38754727  .00000790  00000-0  32068-3 0  9996
2 43325  65.0124   8.9354 0020469 272.1472  87.7269 14.33538313487992
COSMOS 1867 COOLANT
1 43325U 87060AS  24129.36422095  .00000729  00000-0  29877-3 0  9991
2 43325  65.0123   6.1912 0020465 272.0768  87.7974 14.33539328488131
COSMOS 1867 COOLANT
1 43325U 87060AS  24129.92231943  .00000643  00000-0  26761-3 0  9997
2 43325  65.0123   4.6232 0020461 272.0203  87.8539 14.33539750488215
COSMOS 1867 COOLANT
1 43325U 87060AS  24129.92231943  .00000643  00000-0  26761-3 0  9997
2 43325  65.0123   4.6232 0020461 272.0203  87.8539 14.33539750488215
COSMOS 1867 COOLANT
1 43325U 87060AS  24132.36398574  .00004844  00000-0  17771-2 0  9990
2 43325  65.0121 357.7627 0020456 271.6386  88.2356 14.33569260488563
COSMOS 1867 COOLANT
1 43325U 87060AS  24132.36398574  .00004844  00000-0  17771-2 0  9990
2 43325  65.0121 357.7627 0020456 271.6386  88.2356 14.33569260488563
COSMOS 1867 COOLANT
1 43325U 87060AS  24133.06160564  .00002202  00000-0  82800-3 0  9996
2 43325  65.0119 355.8024 0020434 271.6859  88.1886 14.33556637488663
COSMOS 1867 COOLANT
1 43325U 87060AS  24133.06160564  .00002202  00000-0  82800-3 0  9996
2 43325  65.0119 355.8024 0020434 271.6859  88.1886 14.33556637488663
COSMOS 1867 COOLANT
1 43325U 87060AS  24134.31731183  .00001958  00000-0  74024-3 0  9992
2 43325  65.0120 352.2743 0020407 271.5554  88.3194 14.33560160488845
COSMOS 1867 COOLANT
1 43325U 87060AS  24134.87540166  .00001727  00000-0  65719-3 0  9997
2 43325  65.0118 350.7061 0020428 271.5220  88.3526 14.33561299488923
COSMOS 1867 COOLANT
1 43325U 87060AS  24135.85205693  .00001692  00000-0  64462-3 0  9994
2 43325  65.0118 347.9618 0020461 271.5236  88.3506 14.33565333489060
COSMOS 1867 COOLANT
1 43325U 87060AS  24137.31703461  .00001563  00000-0  59814-3 0  9995
2 43325  65.0117 343.8453 0020476 271.4511  88.4228 14.33571140489270
COSMOS 1867 COOLANT
1 43325U 87060AS  24139.27033000  .00001582  00000-0  60493-3 0  9993
2 43325  65.0119 338.3566 0020505 271.3352  88.5385 14.33578732489551
COSMOS 1867 COOLANT
1 43325U 87060AS  24139.27033000  .00001582  00000-0  60493-3 0  9993
2 43325  65.0119 338.3566 0020505 271.3352  88.5385 14.33578732489551
COSMOS 1867 COOLANT
1 43325U 87060AS  24139.82841292  .00001553  00000-0  59458-3 0  9991
2 43325  65.0120 336.7886 0020501 271.2889  88.5847 14.33580415489633
COSMOS 1867 COOLANT
1 43325U 87060AS  24146.73463334  .00000978  00000-0  38768-3 0  9997
2 43325  65.0118 317.3817 0020488 270.8790  88.9948 14.33599322490623
COSMOS 1867 COOLANT
1 43325U 87060AS  24147.08343024  .00000978  00000-0  38771-3 0  9993
2 43325  65.0121 316.4019 0020504 270.8144  89.0592 14.33600259490677
COSMOS 1867 COOLANT
1 43325U 87060AS  24147.85078275  .00000849  00000-0  34129-3 0  9991
2 43325  65.0116 314.2450 0020506 270.6778  89.1957 14.33601298490781
COSMOS 1867 COOLANT
1 43325U 87060AS  24147.85078308  .00000856  00000-0  34384-3 0  9999
2 43325  65.0109 314.2420 0020422 270.8263  89.0483 14.33601466490788
COSMOS 1867 COOLANT
1 43325U 87060AS  24147.85078309  .00000822  00000-0  33158-3 0  9991
2 43325  65.0110 314.2416 0020417 271.0819  88.7927 14.33601325490782
COSMOS 1867 COOLANT
1 43325U 87060AS  24147.85078336  .00000886  00000-0  35466-3 0  9995
2 43325  65.0110 314.2416 0020416 271.0680  88.8066 14.33601569490782
COSMOS 1867 COOLANT
1 43325U 87060AS  24149.17620835  .00000713  00000-0  29232-3 0  9992
2 43325  65.0111 310.5199 0020524 270.6521  89.2213 14.33603273490973
COSMOS 1867 COOLANT
1 43325U 87060AS  24152.03633021  .00000708  00000-0  29061-3 0  9996
2 43325  65.0104 302.4813 0020555 269.9851  89.8879 14.33608272491383
COSMOS 1867 COOLANT
1 43325U 87060AS  24152.03633026  .00000698  00000-0  28692-3 0  9998
2 43325  65.0104 302.4813 0020554 269.9826  89.8904 14.33608202491386
COSMOS 1867 COOLANT
1 43325U 87060AS  24152.03633029  .00000720  00000-0  29513-3 0  9990
2 43325  65.0104 302.4813 0020555 269.9837  89.8893 14.33608312491388
COSMOS 1867 COOLANT
1 43325U 87060AS  24152.03633057  .00000921  00000-0  36718-3 0  9999
2 43325  65.0115 302.4817 0020461 270.6651  89.2089 14.33609594491387
COSMOS 1867 COOLANT
1 43325U 87060AS  24152.03633057  .00000921  00000-0  36718-3 0  9999
2 43325  65.0115 302.4817 0020461 270.6651  89.2089 14.33609594491387
COSMOS 1867 COOLANT
1 43325U 87060AS  24154.75692671  .00000833  00000-0  33543-3 0  9992
2 43325  65.0111 294.8366 0020546 270.0045  89.8686 14.33613176491774
COSMOS 1867 COOLANT
1 43325U 87060AS  24157.05896205  .00000957  00000-0  38008-3 0  9995
2 43325  65.0110 288.3677 0020590 269.8646  90.0080 14.33617792492106
COSMOS 1867 COOLANT
1 43325U 87060AS  24157.61703036  .00000922  00000-0  36754-3 0  9994
2 43325  65.0109 286.7995 0020586 269.8557  90.0169 14.33618574492180
COSMOS 1867 COOLANT
1 43325U 87060AS  24157.96582270  .00000899  00000-0  35918-3 0  9991
2 43325  65.0110 285.8194 0020604 269.8058  90.0666 14.33619136492233
COSMOS 1867 COOLANT
1 43325U 87060AS  24158.80292357  .00000964  00000-0  38253-3 0  9997
2 43325  65.0110 283.4670 0020611 269.7332  90.1392 14.33621114492357
COSMOS 1867 COOLANT
1 43325U 87060AS  24159.70978148  .00001041  00000-0  41031-3 0  9991
2 43325  65.0111 280.9186 0020624 269.6672  90.2051 14.33623398492485
COSMOS 1867 COOLANT
1 43325U 87060AS  24159.70978148  .00001041  00000-0  41031-3 0  9991
2 43325  65.0111 280.9186 0020624 269.6672  90.2051 14.33623398492485
COSMOS 1867 COOLANT
1 43325U 87060AS  24161.03518633  .00001041  00000-0  41009-3 0  9994
2 43325  65.0111 277.1940 0020636 269.5785  90.2936 14.33626415492674
COSMOS 1867 COOLANT
1 43325U 87060AS  24162.56986244  .00001053  00000-0  41443-3 0  9995
2 43325  65.0111 272.8814 0020651 269.4539  90.4180 14.33630010492892
COSMOS 1867 COOLANT
1 43325U 87060AS  24162.91865162  .00001067  00000-0  41958-3 0  9995
2 43325  65.0111 271.9012 0020654 269.4504  90.4215 14.33631016492949
COSMOS 1867 COOLANT
1 43325U 87060AS  24164.03477665  .00000920  00000-0  36647-3 0  9993
2 43325  65.0111 268.7646 0020676 269.4246  90.4470 14.33632856493108
COSMOS 1867 COOLANT
1 43325U 87060AS  24166.54605287  .00000689  00000-0  28383-3 0  9994
2 43325  65.0110 261.7077 0020703 269.2323  90.6390 14.33636673493466
COSMOS 1867 COOLANT
1 43325U 87060AS  24167.52265828  .00000688  00000-0  28325-3 0  9991
2 43325  65.0108 258.9633 0020705 269.1698  90.7015 14.33638413493600
COSMOS 1867 COOLANT
1 43325U 87060AS  24167.66217327  .00000682  00000-0  28120-3 0  9994
2 43325  65.0108 258.5712 0020697 269.1408  90.7306 14.33638629493627
COSMOS 1867 COOLANT
1 43325U 87060AS  24170.52222638  .00000529  00000-0  22611-3 0  9993
2 43325  65.0106 250.5341 0020739 268.9780  90.8929 14.33642249494033
COSMOS 1867 COOLANT
1 43325U 87060AS  24170.52222638  .00000529  00000-0  22611-3 0  9993
2 43325  65.0106 250.5341 0020739 268.9780  90.8929 14.33642249494033
COSMOS 1867 COOLANT
1 43325U 87060AS  24170.66174117  .00000522  00000-0  22357-3 0  9996
2 43325  65.0106 250.1421 0020744 268.9785  90.8924 14.33642349494057
COSMOS 1867 COOLANT
1 43325U 87060AS  24171.49882861  .00000487  00000-0  21122-3 0  9999
2 43325  65.0105 247.7897 0020753 268.9238  90.9470 14.33643232494170
COSMOS 1867 COOLANT
1 43325U 87060AS  24172.47542984  .00000461  00000-0  20187-3 0  9999
2 43325  65.0104 245.0453 0020756 268.8625  91.0083 14.33644333494311
COSMOS 1867 COOLANT
1 43325U 87060AS  24174.56814390  .00000493  00000-0  21334-3 0  9994
2 43325  65.0102 239.1642 0020777 268.7402  91.1303 14.33647159494616
COSMOS 1867 COOLANT
1 43325U 87060AS  24174.56814390  .00000493  00000-0  21334-3 0  9994
2 43325  65.0102 239.1642 0020777 268.7402  91.1303 14.33647159494616
COSMOS 1867 COOLANT
1 43325U 87060AS  24175.61449970  .00000444  00000-0  19548-3 0  9999
2 43325  65.0101 236.2237 0020793 268.6832  91.1871 14.33648126494768
COSMOS 1867 COOLANT
1 43325U 87060AS  24176.59109774  .00000427  00000-0  18941-3 0  9999
2 43325  65.0099 233.4792 0020808 268.6412  91.2289 14.33649114494908
COSMOS 1867 COOLANT
1 43325U 87060AS  24176.59109774  .00000427  00000-0  18941-3 0  9999
2 43325  65.0099 233.4792 0020808 268.6412  91.2289 14.33649114494908
COSMOS 1867 COOLANT
1 43325U 87060AS  24181.82285612  .00000788  00000-0  31923-3 0  9992
2 43325  65.0092 218.7765 0020835 268.3094  91.5605 14.33658014495657
COSMOS 1867 COOLANT
1 43325U 87060AS  24182.38090837  .00000760  00000-0  30913-3 0  9995
2 43325  65.0091 217.2083 0020839 268.2264  91.6435 14.33658765495739
COSMOS 1867 COOLANT
1 43325U 87060AS  24182.79944735  .00000741  00000-0  30214-3 0  9998
2 43325  65.0091 216.0321 0020835 268.2144  91.6555 14.33659360495795
COSMOS 1867 COOLANT
1 43325U 87060AS  24183.49701180  .00000723  00000-0  29577-3 0  9991
2 43325  65.0090 214.0716 0020845 268.1772  91.6926 14.33660446495897
COSMOS 1867 COOLANT
1 43325U 87060AS  24184.47360100  .00000683  00000-0  28120-3 0  9991
2 43325  65.0090 211.3270 0020855 268.1413  91.7284 14.33661977496030
COSMOS 1867 COOLANT
1 43325U 87060AS  24185.79897030  .00000587  00000-0  24688-3 0  9992
2 43325  65.0089 207.6020 0020863 268.0952  91.7744 14.33663827496223
COSMOS 1867 COOLANT
1 43325U 87060AS  24186.77555706  .00000521  00000-0  22328-3 0  9999
2 43325  65.0089 204.8573 0020855 268.0461  91.8236 14.33665106496365
COSMOS 1867 COOLANT
1 43325U 87060AS  24186.77555706  .00000521  00000-0  22328-3 0  9999
2 43325  65.0089 204.8573 0020855 268.0461  91.8236 14.33665106496365
COSMOS 1867 COOLANT
1 43325U 87060AS  24187.40336225  .00000558  00000-0  23634-3 0  9994
2 43325  65.0089 203.0929 0020852 267.9853  91.8845 14.33666295496457
COSMOS 1867 COOLANT
1 43325U 87060AS  24187.75214259  .00000577  00000-0  24340-3 0  9990
2 43325  65.0089 202.1127 0020843 267.9671  91.9027 14.33667012496502
COSMOS 1867 COOLANT
1 43325U 87060AS  24189.28677525  .00000497  00000-0  21468-3 0  9998
2 43325  65.0090 197.8000 0020851 267.8290  92.0408 14.33668964496725
COSMOS 1867 COOLANT
1 43325U 87060AS  24189.28677525  .00000497  00000-0  21468-3 0  9998
2 43325  65.0090 197.8000 0020851 267.8290  92.0408 14.33668964496725
COSMOS 1867 COOLANT
1 43325U 87060AS  24190.40286997  .00000498  00000-0  21490-3 0  9999
2 43325  65.0090 194.6632 0020828 267.7411  92.1290 14.33670747496888
COSMOS 1867 COOLANT
1 43325U 87060AS  24190.75164943  .00000527  00000-0  22541-3 0  9994
2 43325  65.0090 193.6829 0020824 267.7216  92.1485 14.33671424496939
COSMOS 1867 COOLANT
1 43325U 87060AS  24191.44920807  .00000511  00000-0  21945-3 0  9990
2 43325  65.0090 191.7225 0020822 267.6756  92.1945 14.33672297497036
COSMOS 1867 COOLANT
1 43325U 87060AS  24191.44920807  .00000511  00000-0  21945-3 0  9990
2 43325  65.0090 191.7225 0020822 267.6756  92.1945 14.33672297497036
COSMOS 1867 COOLANT
1 43325U 87060AS  24192.28627761  .00000568  00000-0  23998-3 0  9998
2 43325  65.0090 189.3700 0020828 267.6248  92.2453 14.33673794497150
COSMOS 1867 COOLANT
1 43325U 87060AS  24192.70481210  .00000582  00000-0  24504-3 0  9992
2 43325  65.0090 188.1937 0020816 267.5927  92.2775 14.33674476497211
COSMOS 1867 COOLANT
1 43325U 87060AS  24194.23943539  .00000735  00000-0  29992-3 0  9995
2 43325  65.0089 183.8809 0020825 267.5098  92.3603 14.33677951497434
COSMOS 1867 COOLANT
1 43325U 87060AS  24195.35552392  .00000810  00000-0  32675-3 0  9998
2 43325  65.0090 180.7442 0020835 267.4381  92.4319 14.33680183497593
COSMOS 1867 COOLANT
1 43325U 87060AS  24196.68087671  .00000971  00000-0  38451-3 0  9994
2 43325  65.0092 177.0193 0020827 267.3553  92.5148 14.33683400497785
COSMOS 1867 COOLANT
1 43325U 87060AS  24196.68087671  .00000971  00000-0  38451-3 0  9994
2 43325  65.0092 177.0193 0020827 267.3553  92.5148 14.33683400497785
COSMOS 1867 COOLANT
1 43325U 87060AS  24197.23891901  .00001051  00000-0  41328-3 0  9992
2 43325  65.0093 175.4509 0020823 267.2903  92.5799 14.33684927497869
COSMOS 1867 COOLANT
1 43325U 87060AS  24197.65745056  .00001104  00000-0  43212-3 0  9990
2 43325  65.0095 174.2747 0020754 267.2577  92.6133 14.33686046497926
COSMOS 1867 COOLANT
1 43325U 87060AS  24198.21549166  .00001022  00000-0  40281-3 0  9999
2 43325  65.0095 172.7064 0020761 267.2163  92.6546 14.33686885498009
COSMOS 1867 COOLANT
1 43325U 87060AS  24199.19206266  .00001088  00000-0  42632-3 0  9992
2 43325  65.0097 169.9618 0020737 267.1307  92.7405 14.33689473498142
COSMOS 1867 COOLANT
1 43325U 87060AS  24199.19206266  .00001088  00000-0  42632-3 0  9992
2 43325  65.0097 169.9618 0020737 267.1307  92.7405 14.33689473498142
COSMOS 1867 COOLANT
1 43325U 87060AS  24201.28470692  .00001650  00000-0  62774-3 0  9996
2 43325  65.0099 164.0806 0020706 266.9245  92.9471 14.33698325498447
COSMOS 1867 COOLANT
1 43325U 87060AS  24201.28470692  .00001650  00000-0  62774-3 0  9996
2 43325  65.0099 164.0806 0020706 266.9245  92.9471 14.33698325498447
COSMOS 1867 COOLANT
1 43325U 87060AS  24201.63348030  .00001324  00000-0  51119-3 0  9994
2 43325  65.0099 163.1003 0020701 266.9396  92.9320 14.33697591498490
COSMOS 1867 COOLANT
1 43325U 87060AS  24201.63348030  .00001324  00000-0  51119-3 0  9994
2 43325  65.0099 163.1003 0020701 266.9396  92.9320 14.33697591498490
COSMOS 1867 COOLANT
1 43325U 87060AS  24205.46996993  .00001632  00000-0  62115-3 0  9996
2 43325  65.0102 152.3182 0020682 266.5771  93.2949 14.33710513499047
COSMOS 1867 COOLANT
1 43325U 87060AS  24205.46996993  .00001632  00000-0  62115-3 0  9996
2 43325  65.0102 152.3182 0020682 266.5771  93.2949 14.33710513499047
COSMOS 1867 COOLANT
1 43325U 87060AS  24206.23726463  .00001490  00000-0  57039-3 0  9996
2 43325  65.0108 150.1623 0020569 266.5531  93.3202 14.33712112499159
COSMOS 1867 COOLANT
1 43325U 87060AS  24207.21381980  .00001320  00000-0  50954-3 0  9997
2 43325  65.0102 147.4169 0020606 266.4612  93.4116 14.33713700499292
COSMOS 1867 COOLANT
1 43325U 87060AS  24207.56258909  .00001112  00000-0  43504-3 0  9991
2 43325  65.0103 146.4367 0020602 266.4705  93.4024 14.33713541499348
COSMOS 1867 COOLANT
1 43325U 87060AS  24207.56258909  .00001112  00000-0  43504-3 0  9991
2 43325  65.0103 146.4367 0020602 266.4705  93.4024 14.33713541499348
COSMOS 1867 COOLANT
1 43325U 87060AS  24208.53914208  .00001011  00000-0  39856-3 0  9993
2 43325  65.0106 143.6925 0020565 266.3937  93.4796 14.33715556499483
COSMOS 1867 COOLANT
1 43325U 87060AS  24209.09717237  .00000958  00000-0  37983-3 0  9996
2 43325  65.0107 142.1241 0020574 266.3547  93.5185 14.33716422499561
COSMOS 1867 COOLANT
1 43325U 87060AS  24210.07372375  .00000921  00000-0  36627-3 0  9990
2 43325  65.0105 139.3793 0020535 266.2498  93.6239 14.33718376499707
COSMOS 1867 COOLANT
1 43325U 87060AS  24210.28298508  .00000891  00000-0  35559-3 0  9997
2 43325  65.0106 138.7913 0020551 266.2335  93.6401 14.33718502499738
COSMOS 1867 COOLANT
1 43325U 87060AS  24212.16632941  .00000984  00000-0  38908-3 0  9993
2 43325  65.0108 133.4982 0020527 266.1202  93.7537 14.33723073500006
COSMOS 1867 COOLANT
1 43325U 87060AS  24212.16632941  .00000984  00000-0  38908-3 0  9993
2 43325  65.0108 133.4982 0020527 266.1202  93.7537 14.33723073500006
COSMOS 1867 COOLANT
1 43325U 87060AS  24213.49164300  .00000945  00000-0  37480-3 0  9990
2 43325  65.0107 129.7733 0020522 266.0467  93.8273 14.33725539500191
COSMOS 1867 COOLANT
1 43325U 87060AS  24215.44473209  .00000982  00000-0  38826-3 0  9994
2 43325  65.0105 124.2838 0020492 265.8751  93.9992 14.33729655500477
COSMOS 1867 COOLANT
1 43325U 87060AS  24215.44473209  .00000982  00000-0  38826-3 0  9994
2 43325  65.0105 124.2838 0020492 265.8751  93.9992 14.33729655500477
COSMOS 1867 COOLANT
1 43325U 87060AS  24218.09534125  .00001414  00000-0  54308-3 0  9997
2 43325  65.0105 116.8343 0020400 265.5773  94.2982 14.33738445500857
COSMOS 1867 COOLANT
1 43325U 87060AS  24218.09534125  .00001414  00000-0  54308-3 0  9997
2 43325  65.0105 116.8343 0020400 265.5773  94.2982 14.33738445500857
COSMOS 1867 COOLANT
1 43325U 87060AS  24219.00212869  .00000996  00000-0  39313-3 0  9990
2 43325  65.0105 114.2857 0020388 265.5415  94.3342 14.33737645500983
COSMOS 1867 COOLANT
1 43325U 87060AS  24219.00212869  .00000996  00000-0  39313-3 0  9990
2 43325  65.0105 114.2857 0020388 265.5415  94.3342 14.33737645500983
COSMOS 1867 COOLANT
1 43325U 87060AS  24221.30396165  .00001288  00000-0  49760-3 0  9990
2 43325  65.0104 107.8161 0020346 265.3267  94.5494 14.33744818501313
COSMOS 1867 COOLANT
1 43325U 87060AS  24221.30396165  .00001288  00000-0  49760-3 0  9990
2 43325  65.0104 107.8161 0020346 265.3267  94.5494 14.33744818501313
COSMOS 1867 COOLANT
1 43325U 87060AS  24221.93173202  .00001306  00000-0  50397-3 0  9993
2 43325  65.0104 106.0517 0020349 265.2726  94.6036 14.33746696501400
COSMOS 1867 COOLANT
1 43325U 87060AS  24224.09404592  .00001571  00000-0  59883-3 0  9995
2 43325  65.0103  99.9740 0020319 265.0822  94.7944 14.33754453501712
COSMOS 1867 COOLANT
1 43325U 87060AS  24224.93106645  .00002098  00000-0  78773-3 0  9990
2 43325  65.0103  97.6213 0020307 264.9891  94.8877 14.33760233501835
COSMOS 1867 COOLANT
1 43325U 87060AS  24226.04708495  .00003057  00000-0  11307-2 0  9990
2 43325  65.0101  94.4842 0020288 264.8811  94.9959 14.33771415501998
COSMOS 1867 COOLANT
1 43325U 87060AS  24226.04708495  .00003057  00000-0  11307-2 0  9990
2 43325  65.0101  94.4842 0020288 264.8811  94.9959 14.33771415501998
COSMOS 1867 COOLANT
1 43325U 87060AS  24229.04637923  .00001803  00000-0  68173-3 0  9991
2 43325  65.0099  86.0533 0020247 264.6559  95.2217 14.33777995502429
COSMOS 1867 COOLANT
1 43325U 87060AS  24229.04637923  .00001803  00000-0  68173-3 0  9991
2 43325  65.0099  86.0533 0020247 264.6559  95.2217 14.33777995502429
COSMOS 1867 COOLANT
1 43325U 87060AS  24232.18514304  .00001509  00000-0  57653-3 0  9991
2 43325  65.0101  77.2304 0020152 264.2461  95.6327 14.33790499502873
COSMOS 1867 COOLANT
1 43325U 87060AS  24232.18514304  .00001509  00000-0  57653-3 0  9991
2 43325  65.0101  77.2304 0020152 264.2461  95.6327 14.33790499502873
COSMOS 1867 COOLANT
1 43325U 87060AS  24233.99864030  .00001537  00000-0  58650-3 0  9994
2 43325  65.0100  72.1321 0020190 264.2929  95.5854 14.33797241503132
COSMOS 1867 COOLANT
1 43325U 87060AS  24235.25413465  .00001548  00000-0  59006-3 0  9995
2 43325  65.0102  68.6033 0020120 264.0116  95.8676 14.33801519503312
COSMOS 1867 COOLANT
1 43325U 87060AS  24235.25413465  .00001548  00000-0  59006-3 0  9995
2 43325  65.0102  68.6033 0020120 264.0116  95.8676 14.33801519503312
COSMOS 1867 COOLANT
1 43325U 87060AS  24235.81213072  .00001498  00000-0  57242-3 0  9993
2 43325  65.0101  67.0341 0020135 263.9680  95.9111 14.33803127503396
COSMOS 1867 COOLANT
1 43325U 87060AS  24237.13736944  .00001265  00000-0  48887-3 0  9995
2 43325  65.0100  63.3083 0020137 263.9712  95.9078 14.33806105503587
COSMOS 1867 COOLANT
1 43325U 87060AS  24237.76511293  .00001272  00000-0  49138-3 0  9990
2 43325  65.0102  61.5441 0020148 263.9296  95.9494 14.33808053503672
COSMOS 1867 COOLANT
1 43325U 87060AS  24237.76511293  .00001272  00000-0  49138-3 0  9990
2 43325  65.0102  61.5441 0020148 263.9296  95.9494 14.33808053503672
COSMOS 1867 COOLANT
1 43325U 87060AS  24238.95084880  .00001161  00000-0  45167-3 0  9994
2 43325  65.0100  58.2103 0020213 264.2629  95.6152 14.33810778503849
COSMOS 1867 COOLANT
1 43325U 87060AS  24239.22984508  .00001228  00000-0  47554-3 0  9997
2 43325  65.0096  57.4250 0020255 264.1961  95.6815 14.33811806503884
COSMOS 1867 COOLANT
1 43325U 87060AS  24239.85758599  .00001362  00000-0  52348-3 0  9991
2 43325  65.0102  55.6610 0020204 264.0526  95.8257 14.33814405503972
COSMOS 1867 COOLANT
1 43325U 87060AS  24239.85758599  .00001362  00000-0  52348-3 0  9991
2 43325  65.0102  55.6610 0020204 264.0526  95.8257 14.33814405503972
COSMOS 1867 COOLANT
1 43325U 87060AS  24240.90381907  .00001429  00000-0  54734-3 0  9999
2 43325  65.0104  52.7200 0020141 263.8138  96.0653 14.33817762504123
COSMOS 1867 COOLANT
1 43325U 87060AS  24242.85678018  .00001773  00000-0  67048-3 0  9991
2 43325  65.0109  47.2300 0020120 263.7148  96.1646 14.33825672504408
COSMOS 1867 COOLANT
1 43325U 87060AS  24242.85678018  .00001773  00000-0  67048-3 0  9991
2 43325  65.0109  47.2300 0020120 263.7148  96.1646 14.33825672504408
COSMOS 1867 COOLANT
1 43325U 87060AS  24244.18199500  .00002483  00000-0  92411-3 0  9994
2 43325  65.0111  43.5046 0020121 263.6254  96.2540 14.33834994504596
COSMOS 1867 COOLANT
1 43325U 87060AS  24245.15847027  .00002047  00000-0  76812-3 0  9999
2 43325  65.0111  40.7594 0020132 263.5881  96.2912 14.33835580504731
COSMOS 1867 COOLANT
1 43325U 87060AS  24245.85594910  .00002110  00000-0  79082-3 0  9999
2 43325  65.0112  38.7987 0020122 263.5328  96.3466 14.33838687504837
COSMOS 1867 COOLANT
1 43325U 87060AS  24246.13494064  .00002161  00000-0  80900-3 0  9997
2 43325  65.0113  38.0143 0020124 263.5200  96.3594 14.33839950504876
COSMOS 1867 COOLANT
1 43325U 87060AS  24246.69292221  .00002306  00000-0  86068-3 0  9991
2 43325  65.0114  36.4458 0020114 263.4804  96.3992 14.33843015504954
COSMOS 1867 COOLANT
1 43325U 87060AS  24247.11140694  .00002400  00000-0  89426-3 0  9991
2 43325  65.0114  35.2692 0020124 263.4735  96.4059 14.33845520505011
COSMOS 1867 COOLANT
1 43325U 87060AS  24247.66938643  .00002624  00000-0  97439-3 0  9991
2 43325  65.0115  33.7006 0020100 263.4125  96.4673 14.33849211505092
COSMOS 1867 COOLANT
1 43325U 87060AS  24247.66938643  .00002624  00000-0  97439-3 0  9991
2 43325  65.0115  33.7006 0020100 263.4125  96.4673 14.33849211505092
COSMOS 1867 COOLANT
1 43325U 87060AS  24248.01812263  .00002697  00000-0  10002-2 0  9990
2 43325  65.0116  32.7206 0020108 263.3389  96.5408 14.33851327505147
COSMOS 1867 COOLANT
1 43325U 87060AS  24248.85508883  .00002593  00000-0  96317-3 0  9991
2 43325  65.0117  30.3677 0020112 263.3344  96.5453 14.33854655505260
COSMOS 1867 COOLANT
1 43325U 87060AS  24249.83154704  .00002855  00000-0  10567-2 0  9992
2 43325  65.0130  27.6223 0020115 263.4367  96.4428 14.33859230505401
COSMOS 1867 COOLANT
1 43325U 87060AS  24251.64495692  .00003152  00000-0  11624-2 0  9994
2 43325  65.0133  22.5246 0020121 263.4390  96.4405 14.33870542505668
COSMOS 1867 COOLANT
1 43325U 87060AS  24252.97013271  .00002958  00000-0  10929-2 0  9990
2 43325  65.0134  18.7994 0020140 263.4138  96.4655 14.33877598505853
COSMOS 1867 COOLANT
1 43325U 87060AS  24253.59784518  .00003017  00000-0  11141-2 0  9992
2 43325  65.0134  17.0348 0020142 263.3498  96.5295 14.33881245505943
COSMOS 1867 COOLANT
1 43325U 87060AS  24253.73733663  .00003048  00000-0  11251-2 0  9999
2 43325  65.0134  16.6427 0020134 263.3405  96.5389 14.33882123505967
COSMOS 1867 COOLANT
1 43325U 87060AS  24254.08606453  .00003123  00000-0  11518-2 0  9994
2 43325  65.0134  15.6622 0020136 263.3461  96.5333 14.33884514506019
COSMOS 1867 COOLANT
1 43325U 87060AS  24256.73638104  .00004666  00000-0  17018-2 0  9990
2 43325  65.0135   8.2117 0020129 263.2128  96.6667 14.33905668506394
COSMOS 1867 COOLANT
1 43325U 87060AS  24256.73638104  .00004666  00000-0  17018-2 0  9990
2 43325  65.0135   8.2117 0020129 263.2128  96.6667 14.33905668506394
COSMOS 1867 COOLANT
1 43325U 87060AS  24257.71280873  .00003253  00000-0  11976-2 0  9993
2 43325  65.0137   5.4666 0020132 263.2256  96.6538 14.33906101506536
COSMOS 1867 COOLANT
1 43325U 87060AS  24258.54974218  .00003090  00000-0  11395-2 0  9992
2 43325  65.0136   3.1135 0020155 263.2332  96.6460 14.33910410506656
COSMOS 1867 COOLANT
1 43325U 87060AS  24260.71181070  .00001884  00000-0  70893-3 0  9998
2 43325  65.0135 357.0351 0020201 263.1581  96.7207 14.33917476506966
COSMOS 1867 COOLANT
1 43325U 87060AS  24260.71181070  .00001884  00000-0  70893-3 0  9998
2 43325  65.0135 357.0351 0020201 263.1581  96.7207 14.33917476506966
COSMOS 1867 COOLANT
1 43325U 87060AS  24261.54873413  .00003944  00000-0  14438-2 0  9990
2 43325  65.0137 354.6826 0020177 263.1729  96.7061 14.33928753507086
COSMOS 1867 COOLANT
1 43325U 87060AS  24261.68822107  .00003944  00000-0  14437-2 0  9998
2 43325  65.0137 354.2903 0020157 263.1368  96.7424 14.33929633507109
COSMOS 1867 COOLANT
1 43325U 87060AS  24261.68822107  .00003944  00000-0  14437-2 0  9998
2 43325  65.0137 354.2903 0020157 263.1368  96.7424 14.33929633507109
COSMOS 1867 COOLANT
1 43325U 87060AS  24263.85027600  .00001587  00000-0  60282-3 0  9995
2 43325  65.0136 348.2119 0020124 263.0226  96.8571 14.33928226507411
COSMOS 1867 COOLANT
1 43325U 87060AS  24263.85027600  .00001587  00000-0  60282-3 0  9995
2 43325  65.0136 348.2119 0020124 263.0226  96.8571 14.33928226507411
COSMOS 1867 COOLANT
1 43325U 87060AS  24264.61745358  .00001380  00000-0  52864-3 0  9995
2 43325  65.0134 346.0550 0020114 262.9714  96.9084 14.33929757507525
COSMOS 1867 COOLANT
1 43325U 87060AS  24266.91898020  .00000994  00000-0  39094-3 0  9995
2 43325  65.0129 339.5841 0020120 262.9225  96.9573 14.33934394507855
COSMOS 1867 COOLANT
1 43325U 87060AS  24266.91898020  .00000994  00000-0  39094-3 0  9995
2 43325  65.0129 339.5841 0020120 262.9225  96.9573 14.33934394507855
COSMOS 1867 COOLANT
1 43325U 87060AS  24267.47692494  .00001370  00000-0  52497-3 0  9995
2 43325  65.0122 338.0157 0020092 262.8186  97.0616 14.33937303507937
COSMOS 1867 COOLANT
1 43325U 87060AS  24268.59281374  .00001216  00000-0  47002-3 0  9995
2 43325  65.0124 334.8790 0020079 262.6722  97.2081 14.33938877508098
COSMOS 1867 COOLANT
1 43325U 87060AS  24269.42972764  .00001289  00000-0  49626-3 0  9992
2 43325  65.0121 332.5260 0020108 262.6967  97.1833 14.33941428508210
COSMOS 1867 COOLANT
1 43325U 87060AS  24269.42972764  .00001289  00000-0  49626-3 0  9992
2 43325  65.0121 332.5260 0020108 262.6967  97.1833 14.33941428508210
COSMOS 1867 COOLANT
1 43325U 87060AS  24270.54561121  .00001392  00000-0  53273-3 0  9996
2 43325  65.0119 329.3888 0020106 262.6690  97.2110 14.33944797508376
COSMOS 1867 COOLANT
1 43325U 87060AS  24271.87071927  .00001410  00000-0  53935-3 0  9999
2 43325  65.0118 325.6633 0020094 262.6326  97.2475 14.33948556508566
COSMOS 1867 COOLANT
1 43325U 87060AS  24271.87071927  .00001410  00000-0  53935-3 0  9999
2 43325  65.0118 325.6633 0020094 262.6326  97.2475 14.33948556508566
COSMOS 1867 COOLANT
1 43325U 87060AS  24272.84711178  .00001507  00000-0  57399-3 0  9991
2 43325  65.0116 322.9181 0020086 262.5950  97.2853 14.33952066508702
COSMOS 1867 COOLANT
1 43325U 87060AS  24273.40504970  .00001485  00000-0  56590-3 0  9991
2 43325  65.0115 321.3494 0020086 262.5666  97.3137 14.33953617508782
COSMOS 1867 COOLANT
1 43325U 87060AS  24274.52092167  .00001627  00000-0  61645-3 0  9990
2 43325  65.0113 318.2116 0020078 262.5735  97.3069 14.33958370508947
COSMOS 1867 COOLANT
1 43325U 87060AS  24276.40394678  .00002602  00000-0  96417-3 0  9990
2 43325  65.0109 312.9168 0020057 262.4349  97.4459 14.33971005509212
COSMOS 1867 COOLANT
1 43325U 87060AS  24276.82239502  .00002687  00000-0  99433-3 0  9994
2 43325  65.0108 311.7401 0020047 262.4418  97.4391 14.33973271509272
COSMOS 1867 COOLANT
1 43325U 87060AS  24276.82239502  .00002687  00000-0  99433-3 0  9994
2 43325  65.0108 311.7401 0020047 262.4418  97.4391 14.33973271509272
COSMOS 1867 COOLANT
1 43325U 87060AS  24277.79877420  .00002836  00000-0  10474-2 0  9991
2 43325  65.0106 308.9949 0020003 262.3069  97.5745 14.33977806509416
COSMOS 1867 COOLANT
1 43325U 87060AS  24278.35670335  .00002662  00000-0  98545-3 0  9993
2 43325  65.0105 307.4259 0020000 262.2424  97.6391 14.33979218509499
COSMOS 1867 COOLANT
1 43325U 87060AS  24278.35670335  .00002662  00000-0  98545-3 0  9993
2 43325  65.0105 307.4259 0020000 262.2424  97.6391 14.33979218509499
COSMOS 1867 COOLANT
1 43325U 87060AS  24279.33307474  .00003029  00000-0  11160-2 0  9998
2 43325  65.0107 304.6811 0020074 262.3696  97.5110 14.33986118509638
COSMOS 1867 COOLANT
1 43325U 87060AS  24279.82125935  .00003003  00000-0  11067-2 0  9990
2 43325  65.0103 303.3078 0020042 262.3864  97.4945 14.33988495509700
COSMOS 1867 COOLANT
1 43325U 87060AS  24280.79762776  .00002869  00000-0  10590-2 0  9997
2 43325  65.0108 300.5619 0019996 262.4347  97.4467 14.33991281509849
COSMOS 1867 COOLANT
1 43325U 87060AS  24280.79762776  .00002869  00000-0  10590-2 0  9997
2 43325  65.0108 300.5619 0019996 262.4347  97.4467 14.33991281509849
COSMOS 1867 COOLANT
1 43325U 87060AS  24281.77398904  .00002811  00000-0  10380-2 0  9998
2 43325  65.0120 297.8166 0020005 262.8192  97.0619 14.33997532509988
COSMOS 1867 COOLANT
1 43325U 87060AS  24282.33190196  .00008014  00000-0  28894-2 0  9994
2 43325  65.0110 296.2472 0019972 262.4651  97.4165 14.34020281510067
COSMOS 1867 COOLANT
1 43325U 87060AS  24282.33190196  .00008014  00000-0  28894-2 0  9994
2 43325  65.0110 296.2472 0019972 262.4651  97.4165 14.34020281510067
COSMOS 1867 COOLANT
1 43325U 87060AS  24282.75034415  .00004072  00000-0  14871-2 0  9991
2 43325  65.0107 295.0703 0019976 262.4814  97.4002 14.34008989510120
COSMOS 1867 COOLANT
1 43325U 87060AS  24282.75034415  .00004072  00000-0  14871-2 0  9991
2 43325  65.0107 295.0703 0019976 262.4814  97.4002 14.34008989510120
COSMOS 1867 COOLANT
1 43325U 87060AS  24283.72670181  .00002381  00000-0  88474-3 0  9997
2 43325  65.0107 292.3246 0019934 262.4974  97.3846 14.34007961510262
COSMOS 1867 COOLANT
1 43325U 87060AS  24283.72670181  .00002381  00000-0  88474-3 0  9997
2 43325  65.0107 292.3246 0019934 262.4974  97.3846 14.34007961510262
COSMOS 1867 COOLANT
1 43325U 87060AS  24284.28461712  .00002887  00000-0  10648-2 0  9995
2 43325  65.0107 290.7558 0019926 262.3990  97.4833 14.34012637510340
COSMOS 1867 COOLANT
1 43325U 87060AS  24286.72547876  .00002687  00000-0  99348-3 0  9995
2 43325  65.0094 283.8910 0019840 262.2342  97.6491 14.34027126510694
COSMOS 1867 COOLANT
1 43325U 87060AS  24288.25972410  .00001622  00000-0  61405-3 0  9992
2 43325  65.0095 279.5765 0019841 262.2578  97.6255 14.34032294510912
COSMOS 1867 COOLANT
1 43325U 87060AS  24288.67815348  .00001521  00000-0  57796-3 0  9990
2 43325  65.0096 278.3999 0019778 262.2770  97.6070 14.34034043510977
COSMOS 1867 COOLANT
1 43325U 87060AS  24288.67815348  .00001521  00000-0  57796-3 0  9990
2 43325  65.0096 278.3999 0019778 262.2770  97.6070 14.34034043510977
COSMOS 1867 COOLANT
1 43325U 87060AS  24290.21239327  .00002228  00000-0  82981-3 0  9999
2 43325  65.0101 274.0854 0019752 262.1579  97.7265 14.34040704511198
COSMOS 1867 COOLANT
1 43325U 87060AS  24292.65321692  .00003151  00000-0  11579-2 0  9996
2 43325  65.0108 267.2213 0019719 261.9392  97.9457 14.34051736511542
COSMOS 1867 COOLANT
1 43325U 87060AS  24293.21111667  .00003924  00000-0  14329-2 0  9992
2 43325  65.0111 265.6526 0019696 261.9978  97.8873 14.34056579511629
COSMOS 1867 COOLANT
1 43325U 87060AS  24293.21111667  .00003924  00000-0  14329-2 0  9992
2 43325  65.0111 265.6526 0019696 261.9978  97.8873 14.34056579511629
COSMOS 1867 COOLANT
1 43325U 87060AS  24293.62954108  .00004031  00000-0  14709-2 0  9994
2 43325  65.0106 264.4751 0019707 261.9778  97.9071 14.34058578511689
COSMOS 1867 COOLANT
1 43325U 87060AS  24297.18613720  .00001563  00000-0  59259-3 0  9998
2 43325  65.0105 254.4728 0019549 262.0031  97.8836 14.34062894512190
COSMOS 1867 COOLANT
1 43325U 87060AS  24297.60455848  .00001605  00000-0  60758-3 0  9993
2 43325  65.0115 253.2969 0019621 261.9555  97.9304 14.34064492512259
COSMOS 1867 COOLANT
1 43325U 87060AS  24298.16245263  .00001827  00000-0  68649-3 0  9996
2 43325  65.0108 251.7277 0019501 261.9749  97.9124 14.34067231512331
COSMOS 1867 COOLANT
1 43325U 87060AS  24301.57952910  .00002601  00000-0  96164-3 0  9994
2 43325  65.0107 242.1182 0019514 261.5721  98.3153 14.34085604512824
COSMOS 1867 COOLANT
1 43325U 87060AS  24301.57952910  .00002601  00000-0  96164-3 0  9994
2 43325  65.0107 242.1182 0019514 261.5721  98.3153 14.34085604512824
COSMOS 1867 COOLANT
1 43325U 87060AS  24303.53212398  .00002965  00000-0  10908-2 0  9995
2 43325  65.0117 236.6268 0019416 261.6818  98.2066 14.34097006513100
COSMOS 1867 COOLANT
1 43325U 87060AS  24304.09000438  .00003014  00000-0  11083-2 0  9998
2 43325  65.0117 235.0577 0019449 261.6040  98.2841 14.34100857513187
COSMOS 1867 COOLANT
1 43325U 87060AS  24304.50841379  .00003047  00000-0  11198-2 0  9994
2 43325  65.0117 233.8810 0019411 261.6138  98.2747 14.34103844513241
COSMOS 1867 COOLANT
1 43325U 87060AS  24305.06629180  .00003006  00000-0  11052-2 0  9994
2 43325  65.0113 232.3119 0019408 261.5553  98.3333 14.34107393513323
COSMOS 1867 COOLANT
1 43325U 87060AS  24306.53071439  .00003049  00000-0  11203-2 0  9990
2 43325  65.0111 228.1932 0019282 261.4473  98.4427 14.34117502513538
COSMOS 1867 COOLANT
1 43325U 87060AS  24307.50699016  .00003223  00000-0  11820-2 0  9994
2 43325  65.0112 225.4478 0019283 261.3163  98.5739 14.34124894513674
COSMOS 1867 COOLANT
1 43325U 87060AS  24308.06485985  .00003394  00000-0  12426-2 0  9996
2 43325  65.0117 223.8791 0019217 261.3034  98.5875 14.34129537513752
COSMOS 1867 COOLANT
1 43325U 87060AS  24309.45952708  .00003435  00000-0  12571-2 0  9999
2 43325  65.0111 219.9565 0019056 261.2698  98.6230 14.34139919513950
COSMOS 1867 COOLANT
1 43325U 87060AS  24309.45952708  .00003435  00000-0  12571-2 0  9999
2 43325  65.0111 219.9565 0019056 261.2698  98.6230 14.34139919513950
COSMOS 1867 COOLANT
1 43325U 87060AS  24310.01739096  .00002841  00000-0  10459-2 0  9999
2 43325  65.0106 218.3874 0019135 261.1352  98.7567 14.34142504514032
COSMOS 1867 COOLANT
1 43325U 87060AS  24310.99365046  .00002439  00000-0  90291-3 0  9992
2 43325  65.0111 215.6420 0019167 261.1168  98.7747 14.34147678514177
COSMOS 1867 COOLANT
1 43325U 87060AS  24312.45803259  .00002592  00000-0  95736-3 0  9997
2 43325  65.0113 211.5238 0019121 261.0529  98.8392 14.34156853514386
COSMOS 1867 COOLANT
1 43325U 87060AS  24313.43428284  .00002521  00000-0  93185-3 0  9995
2 43325  65.0111 208.7779 0019115 260.9543  98.9380 14.34161958514525
COSMOS 1867 COOLANT
1 43325U 87060AS  24313.99213894  .00002392  00000-0  88584-3 0  9998
2 43325  65.0111 207.2090 0019096 260.9193  98.9732 14.34164428514609
COSMOS 1867 COOLANT
1 43325U 87060AS  24314.96838340  .00003011  00000-0  11057-2 0  9994
2 43325  65.0107 204.4630 0019045 260.8494  99.0437 14.34171723514745
COSMOS 1867 COOLANT
1 43325U 87060AS  24314.96838340  .00003011  00000-0  11057-2 0  9994
2 43325  65.0107 204.4630 0019045 260.8494  99.0437 14.34171723514745
COSMOS 1867 COOLANT
1 43325U 87060AS  24315.94462518  .00002502  00000-0  92496-3 0  9994
2 43325  65.0106 201.7172 0019062 260.8053  99.0876 14.34174966514889
COSMOS 1867 COOLANT
1 43325U 87060AS  24316.08408793  .00002501  00000-0  92459-3 0  9993
2 43325  65.0104 201.3248 0019039 260.8089  99.0843 14.34175702514906
COSMOS 1867 COOLANT
1 43325U 87060AS  24317.40898292  .00001673  00000-0  63055-3 0  9996
2 43325  65.0106 197.5987 0018977 260.7420  99.1519 14.34179088515095
COSMOS 1867 COOLANT
1 43325U 87060AS  24317.40898292  .00001673  00000-0  63055-3 0  9996
2 43325  65.0106 197.5987 0018977 260.7420  99.1519 14.34179088515095
COSMOS 1867 COOLANT
1 43325U 87060AS  24318.38521888  .00001400  00000-0  53352-3 0  9995
2 43325  65.0102 194.8527 0018957 260.6583  99.2359 14.34181833515238
COSMOS 1867 COOLANT
1 43325U 87060AS  24318.94306746  .00001268  00000-0  48653-3 0  9991
2 43325  65.0103 193.2839 0018931 260.6526  99.2419 14.34183066515313
COSMOS 1867 COOLANT
1 43325U 87060AS  24319.36145361  .00001113  00000-0  43133-3 0  9999
2 43325  65.0101 192.1070 0018924 260.6595  99.2351 14.34183695515373
COSMOS 1867 COOLANT
1 43325U 87060AS  24319.36145361  .00001113  00000-0  43133-3 0  9999
2 43325  65.0101 192.1070 0018924 260.6595  99.2351 14.34183695515373
COSMOS 1867 COOLANT
1 43325U 87060AS  24324.31233992  .00000693  00000-0  28229-3 0  9999
2 43325  65.0085 178.1807 0018478 260.3975  99.5023 14.34192212516082
COSMOS 1867 COOLANT
1 43325U 87060AS  24324.31233992  .00000693  00000-0  28229-3 0  9999
2 43325  65.0085 178.1807 0018478 260.3975  99.5023 14.34192212516082
COSMOS 1867 COOLANT
1 43325U 87060AS  24326.19506251  .00000828  00000-0  33004-3 0  9995
2 43325  65.0091 172.8863 0018678 260.3359  99.5617 14.34195892516356
COSMOS 1867 COOLANT
1 43325U 87060AS  24329.96049202  .00001164  00000-0  44939-3 0  9994
2 43325  65.0088 162.2947 0018552 260.1873  99.7118 14.34205406516898
COSMOS 1867 COOLANT
1 43325U 87060AS  24329.96049202  .00001164  00000-0  44939-3 0  9994
2 43325  65.0088 162.2947 0018552 260.1873  99.7118 14.34205406516898
COSMOS 1867 COOLANT
1 43325U 87060AS  24333.23778470  .00001756  00000-0  65933-3 0  9999
2 43325  65.0092 153.0759 0018427 260.0740  99.8266 14.34218211517361
COSMOS 1867 COOLANT
1 43325U 87060AS  24333.23778470  .00001756  00000-0  65933-3 0  9999
2 43325  65.0092 153.0759 0018427 260.0740  99.8266 14.34218211517361
COSMOS 1867 COOLANT
1 43325U 87060AS  24334.21399336  .00001809  00000-0  67814-3 0  9997
2 43325  65.0098 150.3308 0018359 260.1013  99.8000 14.34222087517503
COSMOS 1867 COOLANT
1 43325U 87060AS  24334.77182474  .00001738  00000-0  65310-3 0  9991
2 43325  65.0091 148.7609 0018572 260.1004  99.7985 14.34223786517584
COSMOS 1867 COOLANT
1 43325U 87060AS  24335.19019848  .00001840  00000-0  68907-3 0  9991
2 43325  65.0097 147.5849 0018518 260.0631  99.8365 14.34225931517642
COSMOS 1867 COOLANT
1 43325U 87060AS  24335.74802965  .00001700  00000-0  63927-3 0  9994
2 43325  65.0094 146.0157 0018608 260.0587  99.8399 14.34227124517727
COSMOS 1867 COOLANT
1 43325U 87060AS  24335.74802965  .00001700  00000-0  63927-3 0  9994
2 43325  65.0094 146.0157 0018608 260.0587  99.8399 14.34227124517727
COSMOS 1867 COOLANT
1 43325U 87060AS  24338.18852829  .00001700  00000-0  63923-3 0  9995
2 43325  65.0086 139.1480 0018645 259.9591  99.9391 14.34237349518075
COSMOS 1867 COOLANT
1 43325U 87060AS  24338.74635409  .00001742  00000-0  65429-3 0  9999
2 43325  65.0086 137.5797 0018510 260.0791  99.8205 14.34240034518151
COSMOS 1867 COOLANT
1 43325U 87060AS  24339.16472212  .00001833  00000-0  68630-3 0  9995
2 43325  65.0086 136.4023 0018679 260.1043  99.7934 14.34242352518218
COSMOS 1867 COOLANT
1 43325U 87060AS  24340.14091521  .00001770  00000-0  66412-3 0  9991
2 43325  65.0087 133.6567 0018509 260.1103  99.7893 14.34245833518356
COSMOS 1867 COOLANT
1 43325U 87060AS  24340.69873862  .00001729  00000-0  64948-3 0  9993
2 43325  65.0084 132.0874 0018503 260.1134  99.7863 14.34247685518438
COSMOS 1867 COOLANT
1 43325U 87060AS  24340.69873862  .00001729  00000-0  64948-3 0  9993
2 43325  65.0084 132.0874 0018503 260.1134  99.7863 14.34247685518438
COSMOS 1867 COOLANT
1 43325U 87060AS  24344.11538883  .00001740  00000-0  65311-3 0  9993
2 43325  65.0089 122.4758 0018561 260.1972  99.7018 14.34260447518928
COSMOS 1867 COOLANT
1 43325U 87060AS  24344.11538883  .00001740  00000-0  65311-3 0  9993
2 43325  65.0089 122.4758 0018561 260.1972  99.7018 14.34260447518928
COSMOS 1867 COOLANT
1 43325U 87060AS  24344.67320704  .00001719  00000-0  64556-3 0  9991
2 43325  65.0093 120.9069 0018512 260.1545  99.7450 14.34262234519009
COSMOS 1867 COOLANT
1 43325U 87060AS  24345.09156968  .00001763  00000-0  66133-3 0  9999
2 43325  65.0092 119.7298 0018533 260.2094  99.6899 14.34264004519060
COSMOS 1867 COOLANT
1 43325U 87060AS  24345.64938702  .00001599  00000-0  60310-3 0  9992
2 43325  65.0093 118.1606 0018424 260.1268  99.7737 14.34264911519146
COSMOS 1867 COOLANT
1 43325U 87060AS  24346.62556487  .00001444  00000-0  54805-3 0  9998
2 43325  65.0099 115.4147 0018398 260.1087  99.7922 14.34267344519285
COSMOS 1867 COOLANT
1 43325U 87060AS  24346.62556487  .00001444  00000-0  54805-3 0  9998
2 43325  65.0099 115.4147 0018398 260.1087  99.7922 14.34267344519285
COSMOS 1867 COOLANT
1 43325U 87060AS  24350.59998513  .00001300  00000-0  49680-3 0  9995
2 43325  65.0108 104.2351 0018371 260.1247  99.7765 14.34278153519856
COSMOS 1867 COOLANT
1 43325U 87060AS  24350.59998513  .00001300  00000-0  49680-3 0  9995
2 43325  65.0108 104.2351 0018371 260.1247  99.7765 14.34278153519856
COSMOS 1867 COOLANT
1 43325U 87060AS  24351.57615419  .00001346  00000-0  51322-3 0  9991
2 43325  65.0099 101.4878 0018352 260.0945  99.8069 14.34280871519994
COSMOS 1867 COOLANT
1 43325U 87060AS  24351.92478595  .00001322  00000-0  50461-3 0  9999
2 43325  65.0108 100.5079 0018356 260.1038  99.7976 14.34281628520041
COSMOS 1867 COOLANT
1 43325U 87060AS  24352.69177378  .00001354  00000-0  51588-3 0  9995
2 43325  65.0110  98.3504 0018333 260.0118  99.8898 14.34283972520154
COSMOS 1867 COOLANT
1 43325U 87060AS  24352.69177378  .00001354  00000-0  51588-3 0  9995
2 43325  65.0110  98.3504 0018333 260.0118  99.8898 14.34283972520154
COSMOS 1867 COOLANT
1 43325U 87060AS  24354.01656890  .00001328  00000-0  50695-3 0  9993
2 43325  65.0105  94.6229 0018387 260.2572  99.6438 14.34287279520349
COSMOS 1867 COOLANT
1 43325U 87060AS  24354.57437663  .00001151  00000-0  44419-3 0  9990
2 43325  65.0105  93.0536 0018376 260.2354  99.6656 14.34287755520429
COSMOS 1867 COOLANT
1 43325U 87060AS  24355.55053849  .00001102  00000-0  42676-3 0  9998
2 43325  65.0106  90.3075 0018365 260.2408  99.6604 14.34290096520566
COSMOS 1867 COOLANT
1 43325U 87060AS  24355.55053849  .00001102  00000-0  42676-3 0  9998
2 43325  65.0106  90.3075 0018365 260.2408  99.6604 14.34290096520566
COSMOS 1867 COOLANT
1 43325U 87060AS  24356.87532633  .00001256  00000-0  48125-3 0  9992
2 43325  65.0105  86.5806 0018339 260.2263  99.6752 14.34294605520759
COSMOS 1867 COOLANT
1 43325U 87060AS  24359.94324218  .00001378  00000-0  52430-3 0  9990
2 43325  65.0108  77.9499 0018309 260.2700  99.6318 14.34304068521199
COSMOS 1867 COOLANT
1 43325U 87060AS  24360.50104291  .00001536  00000-0  58024-3 0  9992
2 43325  65.0108  76.3808 0018297 260.2410  99.6609 14.34306546521275
COSMOS 1867 COOLANT
1 43325U 87060AS  24361.47719241  .00001509  00000-0  57083-3 0  9990
2 43325  65.0108  73.6347 0018288 260.2518  99.6503 14.34309398521419
COSMOS 1867 COOLANT
1 43325U 87060AS  24362.59278891  .00001533  00000-0  57923-3 0  9995
2 43325  65.0109  70.4963 0018280 260.2808  99.6213 14.34313163521573
COSMOS 1867 COOLANT
1 43325U 87060AS  24362.59278891  .00001533  00000-0  57923-3 0  9995
2 43325  65.0109  70.4963 0018280 260.2808  99.6213 14.34313163521573
COSMOS 1867 COOLANT
1 43325U 87060AS  24364.89369671  .00001661  00000-0  62435-3 0  9993
2 43325  65.0110  64.0230 0018236 260.2845  99.6181 14.34321773521900
COSMOS 1867 COOLANT
1 43325U 87060AS  24365.86983501  .00001753  00000-0  65714-3 0  9990
2 43325  65.0109  61.2767 0018223 260.3017  99.6010 14.34325800522042
COSMOS 1867 COOLANT
1 43325U 87060AS  24366.42762733  .00001864  00000-0  69622-3 0  9990
2 43325  65.0109  59.7074 0018220 260.2956  99.6071 14.34328392522128
COSMOS 1867 COOLANT
1 43325U 87060AS  25001.40376071  .00002002  00000-0  74499-3 0  9994
2 43325  65.0109  56.9611 0018204 260.3041  99.5988 14.34333108522264
COSMOS 1867 COOLANT
1 43325U 87060AS  25001.54320768  .00002081  00000-0  77304-3 0  9996
2 43325  65.0109  56.5688 0018197 260.2956  99.6074 14.34334245522281
COSMOS 1867 COOLANT
1 43325U 87060AS  25003.42574183  .00001755  00000-0  65748-3 0  9993
2 43325  65.0109  51.2723 0018175 260.3416  99.5616 14.34340566522555
COSMOS 1867 COOLANT
1 43325U 87060AS  25003.84408117  .00001529  00000-0  57746-3 0  9990
2 43325  65.0108  50.0952 0018175 260.4350  99.4682 14.34341239522610
COSMOS 1867 COOLANT
1 43325U 87060AS  25004.82020506  .00001336  00000-0  50917-3 0  9990
2 43325  65.0109  47.3488 0018148 260.4397  99.4638 14.34344298522759
COSMOS 1867 COOLANT
1 43325U 87060AS  25005.37798818  .00001645  00000-0  61859-3 0  9999
2 43325  65.0109  45.7795 0018145 260.4334  99.4701 14.34348439522831
COSMOS 1867 COOLANT
1 43325U 87060AS  25006.35410764  .00001503  00000-0  56818-3 0  9991
2 43325  65.0108  43.0331 0018126 260.4572  99.4465 14.34351744522975
COSMOS 1867 COOLANT
1 43325U 87060AS  25006.35410764  .00001503  00000-0  56818-3 0  9991
2 43325  65.0108  43.0331 0018126 260.4572  99.4465 14.34351744522975
COSMOS 1867 COOLANT
1 43325U 87060AS  25008.79439899  .00000994  00000-0  38786-3 0  9998
2 43325  65.0108  36.1667 0018083 260.6128  99.2914 14.34357437523323
COSMOS 1867 COOLANT
1 43325U 87060AS  25008.79439899  .00000994  00000-0  38786-3 0  9998
2 43325  65.0108  36.1667 0018083 260.6128  99.2914 14.34357437523323
COSMOS 1867 COOLANT
1 43325U 87060AS  25009.35217863  .00000987  00000-0  38549-3 0  9995
2 43325  65.0108  34.5973 0018075 260.5970  99.3072 14.34358915523407
COSMOS 1867 COOLANT
1 43325U 87060AS  25010.32829152  .00000935  00000-0  36687-3 0  9998
2 43325  65.0108  31.8508 0018041 260.5221  99.3826 14.34361259523540
COSMOS 1867 COOLANT
1 43325U 87060AS  25012.28051315  .00000897  00000-0  35350-3 0  9996
2 43325  65.0110  26.3581 0017997 260.5714  99.3338 14.34365794523826
COSMOS 1867 COOLANT
1 43325U 87060AS  25012.28051315  .00000897  00000-0  35350-3 0  9996
2 43325  65.0110  26.3581 0017997 260.5714  99.3338 14.34365794523826
COSMOS 1867 COOLANT
1 43325U 87060AS  25013.74467579  .00000840  00000-0  33322-3 0  9996
2 43325  65.0110  22.2382 0017977 260.7327  99.1726 14.34368730524036
COSMOS 1867 COOLANT
1 43325U 87060AS  25014.72078256  .00000869  00000-0  34333-3 0  9999
2 43325  65.0111  19.4919 0017945 260.7635  99.1422 14.34370953524176
COSMOS 1867 COOLANT
1 43325U 87060AS  25014.72078256  .00000869  00000-0  34333-3 0  9999
2 43325  65.0111  19.4919 0017945 260.7635  99.1422 14.34370953524176
COSMOS 1867 COOLANT
1 43325U 87060AS  25016.25466154  .00000965  00000-0  37744-3 0  9993
2 43325  65.0112  15.1759 0017902 260.6169  99.2892 14.34374775524398
COSMOS 1867 COOLANT
1 43325U 87060AS  25017.37020747  .00001061  00000-0  41160-3 0  9996
2 43325  65.0113  12.0372 0017867 260.6358  99.2707 14.34377807524558
COSMOS 1867 COOLANT
1 43325U 87060AS  25017.37020747  .00001061  00000-0  41160-3 0  9996
2 43325  65.0113  12.0372 0017867 260.6358  99.2707 14.34377807524558
COSMOS 1867 COOLANT
1 43325U 87060AS  25018.69491484  .00001178  00000-0  45288-3 0  9996
2 43325  65.0114   8.3098 0017841 260.7312  99.1756 14.34381729524747
COSMOS 1867 COOLANT
1 43325U 87060AS  25019.32240714  .00001252  00000-0  47912-3 0  9994
2 43325  65.0115   6.5442 0017820 260.6883  99.2188 14.34383570524836
COSMOS 1867 COOLANT
1 43325U 87060AS  25019.67101313  .00001431  00000-0  54225-3 0  9997
2 43325  65.0114   5.5630 0017823 260.6295  99.2776 14.34385485524888
COSMOS 1867 COOLANT
1 43325U 87060AS  25020.22878250  .00001421  00000-0  53887-3 0  9993
2 43325  65.0115   3.9937 0017805 260.6441  99.2631 14.34386963524965
COSMOS 1867 COOLANT
1 43325U 87060AS  25021.34431908  .00001562  00000-0  58878-3 0  9993
2 43325  65.0115   0.8548 0017777 260.6098  99.2978 14.34390946525124
COSMOS 1867 COOLANT
1 43325U 87060AS  25022.18096963  .00001626  00000-0  61137-3 0  9997
2 43325  65.0116 358.5006 0017743 260.6755  99.2324 14.34393874525241
COSMOS 1867 COOLANT
1 43325U 87060AS  25022.18096963  .00001626  00000-0  61137-3 0  9997
2 43325  65.0116 358.5006 0017743 260.6755  99.2324 14.34393874525241
COSMOS 1867 COOLANT
1 43325U 87060AS  25024.20286783  .00001836  00000-0  68559-3 0  9991
2 43325  65.0118 352.8115 0017684 260.5338  99.3749 14.34401716525530
COSMOS 1867 COOLANT
1 43325U 87060AS  25024.20286783  .00001836  00000-0  68559-3 0  9991
2 43325  65.0118 352.8115 0017684 260.5338  99.3749 14.34401716525530
COSMOS 1867 COOLANT
1 43325U 87060AS  25024.20287122  .00001433  00000-0  54296-3 0  9995
2 43325  65.0115 352.8131 0017757 260.9234  98.9843 14.34398551525537
COSMOS 1867 COOLANT
1 43325U 87060AS  25024.20287122  .00001433  00000-0  54296-3 0  9995
2 43325  65.0115 352.8131 0017757 260.9234  98.9843 14.34398551525537
COSMOS 1867 COOLANT
1 43325U 87060AS  25025.31839416  .00001731  00000-0  64836-3 0  9999
2 43325  65.0120 349.6731 0017655 260.5140  99.3950 14.34404858525691
COSMOS 1867 COOLANT
1 43325U 87060AS  25025.59727544  .00001528  00000-0  57632-3 0  9997
2 43325  65.0119 348.8883 0017641 260.5815  99.3277 14.34404667525737
COSMOS 1867 COOLANT
1 43325U 87060AS  25025.59727544  .00001528  00000-0  57632-3 0  9997
2 43325  65.0119 348.8883 0017641 260.5815  99.3277 14.34404667525737
COSMOS 1867 COOLANT
1 43325U 87060AS  25028.24663725  .00001417  00000-0  53726-3 0  9999
2 43325  65.0120 341.4340 0017536 260.6382  99.2721 14.34412850526118
COSMOS 1867 COOLANT
1 43325U 87060AS  25028.24663725  .00001417  00000-0  53726-3 0  9999
2 43325  65.0120 341.4340 0017536 260.6382  99.2721 14.34412850526118
COSMOS 1867 COOLANT
1 43325U 87060AS  25029.57131262  .00001306  00000-0  49794-3 0  9999
2 43325  65.0121 337.7067 0017518 260.5793  99.3312 14.34416374526301
COSMOS 1867 COOLANT
1 43325U 87060AS  25030.54738708  .00001385  00000-0  52557-3 0  9994
2 43325  65.0119 334.9601 0017483 260.6123  99.2987 14.34419673526447
COSMOS 1867 COOLANT
1 43325U 87060AS  25030.54738708  .00001385  00000-0  52557-3 0  9994
2 43325  65.0119 334.9601 0017483 260.6123  99.2987 14.34419673526447
COSMOS 1867 COOLANT
1 43325U 87060AS  25033.54531703  .00001303  00000-0  49663-3 0  9997
2 43325  65.0121 326.5244 0017356 260.6480  99.2643 14.34428341526873
COSMOS 1867 COOLANT
1 43325U 87060AS  25035.07913488  .00001327  00000-0  50494-3 0  9991
2 43325  65.0121 322.2087 0017298 260.5753  99.3377 14.34432946527094
COSMOS 1867 COOLANT
1 43325U 87060AS  25036.05519941  .00001169  00000-0  44918-3 0  9994
2 43325  65.0121 319.4626 0017265 260.4524  99.4611 14.34434654527236
COSMOS 1867 COOLANT
1 43325U 87060AS  25036.47351203  .00001205  00000-0  46206-3 0  9998
2 43325  65.0119 318.2855 0017258 260.4512  99.4624 14.34435952527295
COSMOS 1867 COOLANT
1 43325U 87060AS  25037.03126164  .00001159  00000-0  44580-3 0  9998
2 43325  65.0118 316.7162 0017247 260.4328  99.4809 14.34437195527376
COSMOS 1867 COOLANT
1 43325U 87060AS  25039.47141084  .00000981  00000-0  38256-3 0  9991
2 43325  65.0114 309.8502 0017162 260.3993  99.5154 14.34442259527726
COSMOS 1867 COOLANT
1 43325U 87060AS  25039.47141084  .00000981  00000-0  38256-3 0  9991
2 43325  65.0114 309.8502 0017162 260.3993  99.5154 14.34442259527726
COSMOS 1867 COOLANT
1 43325U 87060AS  25041.00521466  .00000978  00000-0  38174-3 0  9994
2 43325  65.0111 305.5343 0017137 260.4208  99.4942 14.34445458527943
COSMOS 1867 COOLANT
1 43325U 87060AS  25043.44535088  .00000823  00000-0  32664-3 0  9996
2 43325  65.0108 298.6678 0017057 260.4468  99.4690 14.34449460528297
COSMOS 1867 COOLANT
1 43325U 87060AS  25043.44535088  .00000823  00000-0  32664-3 0  9996
2 43325  65.0108 298.6678 0017057 260.4468  99.4690 14.34449460528297
COSMOS 1867 COOLANT
1 43325U 87060AS  25044.42140340  .00000782  00000-0  31219-3 0  9997
2 43325  65.0106 295.9213 0017026 260.4555  99.4607 14.34451052528437
COSMOS 1867 COOLANT
1 43325U 87060AS  25045.95519730  .00000838  00000-0  33206-3 0  9999
2 43325  65.0103 291.6052 0016980 260.4118  99.5049 14.34454247528655
COSMOS 1867 COOLANT
1 43325U 87060AS  25045.95519730  .00000838  00000-0  33206-3 0  9999
2 43325  65.0103 291.6052 0016980 260.4118  99.5049 14.34454247528655
COSMOS 1867 COOLANT
1 43325U 87060AS  25046.37350401  .00000860  00000-0  33970-3 0  9997
2 43325  65.0103 290.4281 0016948 260.4182  99.4989 14.34455235528718
COSMOS 1867 COOLANT
1 43325U 87060AS  25046.93124597  .00000905  00000-0  35561-3 0  9992
2 43325  65.0102 288.8587 0016941 260.3889  99.5283 14.34456582528795
COSMOS 1867 COOLANT
1 43325U 87060AS  25048.25588121  .00000954  00000-0  37308-3 0  9991
2 43325  65.0098 285.1310 0016897 260.4026  99.5151 14.34459615528982
COSMOS 1867 COOLANT
1 43325U 87060AS  25048.25588121  .00000954  00000-0  37308-3 0  9991
2 43325  65.0098 285.1310 0016897 260.4026  99.5151 14.34459615528982
COSMOS 1867 COOLANT
1 43325U 87060AS  25049.02277407  .00000917  00000-0  35983-3 0  9995
2 43325  65.0097 282.9730 0016880 260.3953  99.5226 14.34461037529099
COSMOS 1867 COOLANT
1 43325U 87060AS  25050.34740472  .00001036  00000-0  40192-3 0  9990
2 43325  65.0094 279.2454 0016835 260.3569  99.5615 14.34464636529282
COSMOS 1867 COOLANT
1 43325U 87060AS  25050.34740472  .00001036  00000-0  40192-3 0  9990
2 43325  65.0094 279.2454 0016835 260.3569  99.5615 14.34464636529282
COSMOS 1867 COOLANT
1 43325U 87060AS  25050.90514352  .00000941  00000-0  36835-3 0  9991
2 43325  65.0093 277.6758 0016823 260.3219  99.5967 14.34465250529361
COSMOS 1867 COOLANT
1 43325U 87060AS  25054.32128086  .00000985  00000-0  38382-3 0  9993
2 43325  65.0089 268.0620 0016720 260.2862  99.6335 14.34473235529853
COSMOS 1867 COOLANT
1 43325U 87060AS  25054.32128086  .00000985  00000-0  38382-3 0  9993
2 43325  65.0089 268.0620 0016720 260.2862  99.6335 14.34473235529853
COSMOS 1867 COOLANT
1 43325U 87060AS  25056.27334870  .00001198  00000-0  45907-3 0  9997
2 43325  65.0089 262.5686 0016658 260.2254  99.6950 14.34479336530133
COSMOS 1867 COOLANT
1 43325U 87060AS  25057.80711134  .00001295  00000-0  49318-3 0  9997
2 43325  65.0086 258.2519 0016695 260.2982  99.6218 14.34483904530353
COSMOS 1867 COOLANT
1 43325U 87060AS  25057.80711134  .00001295  00000-0  49318-3 0  9997
2 43325  65.0086 258.2519 0016695 260.2982  99.6218 14.34483904530353
COSMOS 1867 COOLANT
1 43325U 87060AS  25058.92257197  .00001402  00000-0  53093-3 0  9990
2 43325  65.0086 255.1128 0016671 260.3640  99.5563 14.34487685530511
COSMOS 1867 COOLANT
1 43325U 87060AS  25059.27115276  .00001356  00000-0  51495-3 0  9992
2 43325  65.0085 254.1315 0016636 260.2783  99.6424 14.34488553530562
COSMOS 1867 COOLANT
1 43325U 87060AS  25059.89859736  .00001383  00000-0  52439-3 0  9995
2 43325  65.0084 252.3654 0016624 260.2754  99.6454 14.34490683530652
COSMOS 1867 COOLANT
1 43325U 87060AS  25059.89859736  .00001383  00000-0  52439-3 0  9995
2 43325  65.0084 252.3654 0016624 260.2754  99.6454 14.34490683530652
COSMOS 1867 COOLANT
1 43325U 87060AS  25060.24717755  .00001223  00000-0  46788-3 0  9993
2 43325  65.0083 251.3843 0016606 260.2740  99.6470 14.34490889530707
COSMOS 1867 COOLANT
1 43325U 87060AS  25061.22320078  .00001110  00000-0  42808-3 0  9994
2 43325  65.0083 248.6375 0016548 260.1693  99.7525 14.34493223530849
COSMOS 1867 COOLANT
1 43325U 87060AS  25061.78092772  .00001037  00000-0  40209-3 0  9993
2 43325  65.0083 247.0679 0016544 260.1104  99.8114 14.34494377530927
COSMOS 1867 COOLANT
1 43325U 87060AS  25062.75694856  .00001086  00000-0  41949-3 0  9998
2 43325  65.0083 244.3210 0016535 260.1211  99.8008 14.34497278531068
COSMOS 1867 COOLANT
1 43325U 87060AS  25062.75694856  .00001086  00000-0  41949-3 0  9998
2 43325  65.0083 244.3210 0016535 260.1211  99.8008 14.34497278531068
COSMOS 1867 COOLANT
1 43325U 87060AS  25063.10552633  .00000969  00000-0  37815-3 0  9990
2 43325  65.0080 243.3399 0016552 260.1329  99.7888 14.34497788531118
COSMOS 1867 COOLANT
1 43325U 87060AS  25064.22097594  .00001064  00000-0  41163-3 0  9992
2 43325  65.0082 240.2007 0016536 260.2069  99.7150 14.34501187531274
COSMOS 1867 COOLANT
1 43325U 87060AS  25065.19699326  .00000943  00000-0  36891-3 0  9997
2 43325  65.0084 237.4539 0016531 260.3233  99.5986 14.34502769531411
COSMOS 1867 COOLANT
1 43325U 87060AS  25065.19699326  .00000943  00000-0  36891-3 0  9997
2 43325  65.0084 237.4539 0016531 260.3233  99.5986 14.34502769531411
COSMOS 1867 COOLANT
1 43325U 87060AS  25065.75471676  .00000952  00000-0  37208-3 0  9998
2 43325  65.0082 235.8840 0016534 260.2922  99.6296 14.34503978531499
COSMOS 1867 COOLANT
1 43325U 87060AS  25066.73073145  .00001051  00000-0  40710-3 0  9999
2 43325  65.0084 233.1373 0016576 260.1765  99.7449 14.34506625531632
COSMOS 1867 COOLANT
1 43325U 87060AS  25067.14902301  .00001066  00000-0  41235-3 0  9999
2 43325  65.0086 231.9601 0016532 260.2308  99.6911 14.34507670531690
COSMOS 1867 COOLANT
1 43325U 87060AS  25068.05531997  .00001139  00000-0  43799-3 0  9997
2 43325  65.0088 229.4093 0016514 260.2673  99.6548 14.34510259531822
COSMOS 1867 COOLANT
1 43325U 87060AS  25068.05531997  .00001139  00000-0  43799-3 0  9997
2 43325  65.0088 229.4093 0016514 260.2673  99.6548 14.34510259531822
COSMOS 1867 COOLANT
1 43325U 87060AS  25069.86790971  .00001168  00000-0  44820-3 0  9994
2 43325  65.0090 224.3080 0016500 260.2725  99.6497 14.34514942532083
COSMOS 1867 COOLANT
1 43325U 87060AS  25070.14676969  .00001152  00000-0  44259-3 0  9996
2 43325  65.0092 223.5233 0016495 260.2563  99.6660 14.34515408532124
COSMOS 1867 COOLANT
1 43325U 87060AS  25070.14676969  .00001152  00000-0  44259-3 0  9996
2 43325  65.0092 223.5233 0016495 260.2563  99.6660 14.34515408532124
COSMOS 1867 COOLANT
1 43325U 87060AS  25071.12277674  .00001188  00000-0  45533-3 0  9990
2 43325  65.0092 220.7763 0016488 260.2968  99.6256 14.34518059532263
COSMOS 1867 COOLANT
1 43325U 87060AS  25071.68049429  .00001265  00000-0  48255-3 0  9996
2 43325  65.0093 219.2068 0016459 260.3312  99.5914 14.34519911532344
COSMOS 1867 COOLANT
1 43325U 87060AS  25072.09878152  .00001320  00000-0  50184-3 0  9991
2 43325  65.0094 218.0296 0016477 260.3888  99.5336 14.34521458532407
COSMOS 1867 COOLANT
1 43325U 87060AS  25072.86564102  .00001411  00000-0  53383-3 0  9998
2 43325  65.0096 215.8716 0016459 260.3798  99.5429 14.34524170532510
COSMOS 1867 COOLANT
1 43325U 87060AS  25072.86564102  .00001411  00000-0  53383-3 0  9998
2 43325  65.0096 215.8716 0016459 260.3798  99.5429 14.34524170532510
COSMOS 1867 COOLANT
1 43325U 87060AS  25075.65420759  .00001672  00000-0  62592-3 0  9998
2 43325  65.0099 208.0234 0016426 260.4339  99.4891 14.34534822532919
COSMOS 1867 COOLANT
1 43325U 87060AS  25075.65420759  .00001672  00000-0  62592-3 0  9998
2 43325  65.0099 208.0234 0016426 260.4339  99.4891 14.34534822532919
COSMOS 1867 COOLANT
1 43325U 87060AS  25076.07249088  .00001701  00000-0  63620-3 0  9995
2 43325  65.0099 206.8463 0016450 260.4864  99.4363 14.34536454532972
COSMOS 1867 COOLANT
1 43325U 87060AS  25077.95475766  .00002002  00000-0  74208-3 0  9996
2 43325  65.0101 201.5492 0016479 260.5665  99.3558 14.34545672533249
COSMOS 1867 COOLANT
1 43325U 87060AS  25077.95475766  .00002002  00000-0  74208-3 0  9996
2 43325  65.0101 201.5492 0016479 260.5665  99.3558 14.34545672533249
COSMOS 1867 COOLANT
1 43325U 87060AS  25081.57983124  .00002144  00000-0  79198-3 0  9991
2 43325  65.0106 191.3470 0016319 260.6815  99.2426 14.34562994533763
COSMOS 1867 COOLANT
1 43325U 87060AS  25081.57983124  .00002144  00000-0  79198-3 0  9991
2 43325  65.0106 191.3470 0016319 260.6815  99.2426 14.34562994533763
COSMOS 1867 COOLANT
1 43325U 87060AS  25082.55580537  .00002239  00000-0  82559-3 0  9991
2 43325  65.0115 188.5992 0016306 260.8451  99.0790 14.34568502533903
COSMOS 1867 COOLANT
1 43325U 87060AS  25083.53177605  .00002044  00000-0  75664-3 0  9991
2 43325  65.0104 185.8522 0016365 261.0173  98.9061 14.34572283534045
COSMOS 1867 COOLANT
1 43325U 87060AS  25086.52938412  .00001598  00000-0  59925-3 0  9999
2 43325  65.0115 177.4173 0016400 261.0606  98.8624 14.34583385534473
COSMOS 1867 COOLANT
1 43325U 87060AS  25086.52938412  .00001598  00000-0  59925-3 0  9999
2 43325  65.0115 177.4173 0016400 261.0606  98.8624 14.34583385534473
COSMOS 1867 COOLANT
1 43325U 87060AS  25088.96928304  .00001086  00000-0  41856-3 0  9994
2 43325  65.0109 170.5500 0016338 261.1420  98.7816 14.34589556534826
COSMOS 1867 COOLANT
1 43325U 87060AS  25088.96928304  .00001086  00000-0  41856-3 0  9994
2 43325  65.0109 170.5500 0016338 261.1420  98.7816 14.34589556534826
COSMOS 1867 COOLANT
1 43325U 87060AS  25091.47888344  .00000956  00000-0  37266-3 0  9998
2 43325  65.0099 163.4866 0016342 261.1369  98.7867 14.34594663535188
COSMOS 1867 COOLANT
1 43325U 87060AS  25091.47888344  .00000956  00000-0  37266-3 0  9998
2 43325  65.0099 163.4866 0016342 261.1369  98.7867 14.34594663535188
COSMOS 1867 COOLANT
1 43325U 87060AS  25091.89714915  .00000884  00000-0  34726-3 0  9994
2 43325  65.0098 162.3094 0016313 261.1620  98.7619 14.34595328535247
COSMOS 1867 COOLANT
1 43325U 87060AS  25092.45483622  .00000950  00000-0  37064-3 0  9997
2 43325  65.0098 160.7399 0016364 261.1945  98.7288 14.34596983535322
COSMOS 1867 COOLANT
1 43325U 87060AS  25093.43078707  .00001066  00000-0  41147-3 0  9996
2 43325  65.0098 157.9931 0016373 261.2541  98.6690 14.34600035535460
COSMOS 1867 COOLANT
1 43325U 87060AS  25093.43078707  .00001066  00000-0  41147-3 0  9996
2 43325  65.0098 157.9931 0016373 261.2541  98.6690 14.34600035535460
COSMOS 1867 COOLANT
1 43325U 87060AS  25098.38022979  .00000970  00000-0  37746-3 0  9998
2 43325  65.0087 144.0616 0016331 261.4319  98.4917 14.34611217536177
COSMOS 1867 COOLANT
1 43325U 87060AS  25098.38022979  .00000970  00000-0  37746-3 0  9998
2 43325  65.0087 144.0616 0016331 261.4319  98.4917 14.34611217536177
COSMOS 1867 COOLANT
1 43325U 87060AS  25099.35617154  .00000983  00000-0  38208-3 0  9999
2 43325  65.0089 141.3148 0016376 261.5432  98.3797 14.34613621536317
COSMOS 1867 COOLANT
1 43325U 87060AS  25099.84414180  .00000911  00000-0  35662-3 0  9999
2 43325  65.0087 139.9411 0016361 261.6006  98.3225 14.34614401536383
COSMOS 1867 COOLANT
1 43325U 87060AS  25100.40182181  .00000998  00000-0  38736-3 0  9997
2 43325  65.0088 138.3714 0016364 261.5870  98.3361 14.34616102536464
COSMOS 1867 COOLANT
1 43325U 87060AS  25100.40182181  .00000998  00000-0  38736-3 0  9997
2 43325  65.0088 138.3714 0016364 261.5870  98.3361 14.34616102536464
COSMOS 1867 COOLANT
1 43325U 87060AS  25101.79601968  .00000985  00000-0  38275-3 0  9993
2 43325  65.0085 134.4469 0016320 261.6281  98.2955 14.34619102536667
COSMOS 1867 COOLANT
1 43325U 87060AS  25102.35369799  .00001004  00000-0  38958-3 0  9990
2 43325  65.0084 132.8771 0016309 261.6192  98.3045 14.34620405536740
COSMOS 1867 COOLANT
1 43325U 87060AS  25102.77195656  .00000967  00000-0  37652-3 0  9992
2 43325  65.0084 131.6997 0016296 261.6422  98.2816 14.34621085536805
COSMOS 1867 COOLANT
1 43325U 87060AS  25102.77195656  .00000967  00000-0  37652-3 0  9992
2 43325  65.0084 131.6997 0016296 261.6422  98.2816 14.34621085536805
COSMOS 1867 COOLANT
1 43325U 87060AS  25103.46905315  .00000947  00000-0  36942-3 0  9999
2 43325  65.0083 129.7374 0016292 261.6768  98.2471 14.34622561536908
COSMOS 1867 COOLANT
1 43325U 87060AS  25104.79353528  .00000934  00000-0  36468-3 0  9998
2 43325  65.0082 126.0090 0016278 261.7546  98.1694 14.34625341537097
COSMOS 1867 COOLANT
1 43325U 87060AS  25104.79353528  .00000934  00000-0  36468-3 0  9998
2 43325  65.0082 126.0090 0016278 261.7546  98.1694 14.34625341537097
COSMOS 1867 COOLANT
1 43325U 87060AS  25107.44249148  .00000897  00000-0  35165-3 0  9996
2 43325  65.0079 118.5521 0016241 261.8342  98.0902 14.34630723537476
COSMOS 1867 COOLANT
1 43325U 87060AS  25107.44249148  .00000897  00000-0  35165-3 0  9996
2 43325  65.0079 118.5521 0016241 261.8342  98.0902 14.34630723537476
COSMOS 1867 COOLANT
1 43325U 87060AS  25108.41842026  .00000801  00000-0  31791-3 0  9994
2 43325  65.0080 115.8050 0016244 261.9235  98.0008 14.34632205537610
COSMOS 1867 COOLANT
1 43325U 87060AS  25115.66812738  .00001079  00000-0  41576-3 0  9996
2 43325  65.0093  95.3974 0016042 262.1804  97.7461 14.34650208538659
COSMOS 1867 COOLANT
1 43325U 87060AS  25115.66812738  .00001079  00000-0  41576-3 0  9996
2 43325  65.0093  95.3974 0016042 262.1804  97.7461 14.34650208538659
COSMOS 1867 COOLANT
1 43325U 87060AS  25117.34112287  .00001202  00000-0  45884-3 0  9999
2 43325  65.0094  90.6878 0015967 262.1899  97.7374 14.34655382538897
COSMOS 1867 COOLANT
1 43325U 87060AS  25118.17761807  .00001230  00000-0  46872-3 0  9998
2 43325  65.0093  88.3326 0015984 261.9920  97.9352 14.34657936539019
COSMOS 1867 COOLANT
1 43325U 87060AS  25118.52615774  .00001150  00000-0  44071-3 0  9998
2 43325  65.0092  87.3513 0015993 262.0429  97.8842 14.34658422539060
COSMOS 1867 COOLANT
1 43325U 87060AS  25121.31446720  .00001075  00000-0  41416-3 0  9998
2 43325  65.0095  79.5011 0015891 261.8711  98.0572 14.34665217539464
COSMOS 1867 COOLANT
1 43325U 87060AS  25121.31446720  .00001075  00000-0  41416-3 0  9998
2 43325  65.0095  79.5011 0015891 261.8711  98.0572 14.34665217539464
COSMOS 1867 COOLANT
1 43325U 87060AS  25122.56920252  .00001039  00000-0  40159-3 0  9996
2 43325  65.0097  75.9691 0015885 261.9785  97.9499 14.34668014539649
COSMOS 1867 COOLANT
1 43325U 87060AS  25123.12686191  .00001032  00000-0  39887-3 0  9999
2 43325  65.0099  74.3997 0015857 262.0945  97.8342 14.34669302539728
COSMOS 1867 COOLANT
1 43325U 87060AS  25125.21808023  .00000901  00000-0  35271-3 0  9998
2 43325  65.0104  68.5131 0015794 262.1268  97.8025 14.34673445540025
COSMOS 1867 COOLANT
1 43325U 87060AS  25126.12427339  .00000815  00000-0  32244-3 0  9997
2 43325  65.0108  65.9629 0015771 262.2023  97.7272 14.34674871540158
COSMOS 1867 COOLANT
1 43325U 87060AS  25127.23958696  .00000770  00000-0  30662-3 0  9997
2 43325  65.0109  62.8234 0015772 262.1363  97.7933 14.34676664540318
COSMOS 1867 COOLANT
1 43325U 87060AS  25127.23958696  .00000770  00000-0  30662-3 0  9997
2 43325  65.0109  62.8234 0015772 262.1363  97.7933 14.34676664540318
COSMOS 1867 COOLANT
1 43325U 87060AS  25129.19138156  .00000688  00000-0  27798-3 0  9999
2 43325  65.0112  57.3292 0015712 262.1570  97.7732 14.34679782540590
COSMOS 1867 COOLANT
1 43325U 87060AS  25130.16727789  .00000668  00000-0  27088-3 0  9994
2 43325  65.0113  54.5820 0015670 262.1673  97.7634 14.34681158540731
COSMOS 1867 COOLANT
1 43325U 87060AS  25130.51581231  .00000576  00000-0  23836-3 0  9998
2 43325  65.0113  53.6010 0015675 262.2396  97.6910 14.34681103540781
COSMOS 1867 COOLANT
1 43325U 87060AS  25131.07346673  .00000560  00000-0  23270-3 0  9994
2 43325  65.0114  52.0312 0015661 262.2155  97.7153 14.34681793540862
COSMOS 1867 COOLANT
1 43325U 87060AS  25131.77053429  .00000549  00000-0  22891-3 0  9990
2 43325  65.0114  50.0689 0015637 262.1697  97.7614 14.34682717540960
COSMOS 1867 COOLANT
1 43325U 87060AS  25135.11645344  .00000463  00000-0  19868-3 0  9990
2 43325  65.0116  40.6503 0015540 262.2194  97.7127 14.34686483541445
COSMOS 1867 COOLANT
1 43325U 87060AS  25135.11645344  .00000463  00000-0  19868-3 0  9990
2 43325  65.0116  40.6503 0015540 262.2194  97.7127 14.34686483541445
COSMOS 1867 COOLANT
1 43325U 87060AS  25137.13794193  .00000447  00000-0  19309-3 0  9993
2 43325  65.0116  34.9598 0015482 262.2813  97.6515 14.34688755541734
COSMOS 1867 COOLANT
1 43325U 87060AS  25137.41676744  .00000601  00000-0  24722-3 0  9992
2 43325  65.0117  34.1750 0015465 262.2772  97.6558 14.34689967541779
COSMOS 1867 COOLANT
1 43325U 87060AS  25138.95030744  .00000520  00000-0  21869-3 0  9995
2 43325  65.0116  29.8582 0015445 262.2677  97.6655 14.34691418541990
COSMOS 1867 COOLANT
1 43325U 87060AS  25141.39002661  .00000381  00000-0  16987-3 0  9994
2 43325  65.0115  22.9903 0015375 262.3583  97.5757 14.34693578542340
COSMOS 1867 COOLANT
1 43325U 87060AS  25141.39002661  .00000381  00000-0  16987-3 0  9994
2 43325  65.0115  22.9903 0015375 262.3583  97.5757 14.34693578542340
COSMOS 1867 COOLANT
1 43325U 87060AS  25142.36591309  .00000419  00000-0  18293-3 0  9998
2 43325  65.0115  20.2432 0015353 262.3782  97.5560 14.34694818542480
COSMOS 1867 COOLANT
1 43325U 87060AS  25143.89944756  .00000359  00000-0  16189-3 0  9990
2 43325  65.0114  15.9262 0015325 262.3832  97.5514 14.34696108542704
COSMOS 1867 COOLANT
1 43325U 87060AS  25145.36327458  .00000345  00000-0  15701-3 0  9992
2 43325  65.0113  11.8051 0015285 262.3780  97.5570 14.34697488542918
COSMOS 1867 COOLANT
1 43325U 87060AS  25147.87268879  .00000373  00000-0  16695-3 0  9995
2 43325  65.0112   4.7408 0015233 262.3438  97.5918 14.34700033543274
COSMOS 1867 COOLANT
1 43325U 87060AS  25147.87268879  .00000373  00000-0  16695-3 0  9995
2 43325  65.0112   4.7408 0015233 262.3438  97.5918 14.34700033543274
COSMOS 1867 COOLANT
1 43325U 87060AS  25148.29092399  .00000396  00000-0  17502-3 0  9997
2 43325  65.0112   3.5634 0015221 262.3717  97.5640 14.34700598543334
COSMOS 1867 COOLANT
1 43325U 87060AS  25150.03356910  .00000426  00000-0  18544-3 0  9995
2 43325  65.0110 358.6576 0015193 262.3688  97.5672 14.34702682543584
COSMOS 1867 COOLANT
1 43325U 87060AS  25150.31239204  .00000467  00000-0  20002-3 0  9999
2 43325  65.0110 357.8726 0015189 262.3938  97.5423 14.34703238543622
COSMOS 1867 COOLANT
1 43325U 87060AS  25151.84591762  .00000435  00000-0  18855-3 0  9996
2 43325  65.0109 353.5555 0015166 262.3702  97.5662 14.34704725543848
COSMOS 1867 COOLANT
1 43325U 87060AS  25153.24002908  .00000563  00000-0  23358-3 0  9997
2 43325  65.0109 349.6307 0015135 262.3442  97.5925 14.34707282544042
COSMOS 1867 COOLANT
1 43325U 87060AS  25154.14620020  .00000629  00000-0  25712-3 0  9997
2 43325  65.0108 347.0795 0015126 262.3565  97.5804 14.34709018544179
COSMOS 1867 COOLANT
1 43325U 87060AS  25154.91296010  .00000570  00000-0  23629-3 0  9990
2 43325  65.0108 344.9209 0015122 262.4370  97.4998 14.34709783544280
COSMOS 1867 COOLANT
1 43325U 87060AS  25155.81913064  .00000520  00000-0  21857-3 0  9991
2 43325  65.0108 342.3698 0015114 262.4443  97.4926 14.34710642544418
COSMOS 1867 COOLANT
1 43325U 87060AS  25155.95854095  .00000546  00000-0  22770-3 0  9997
2 43325  65.0107 341.9772 0015114 262.4341  97.5028 14.34711100544438
COSMOS 1867 COOLANT
1 43325U 87060AS  25157.21323675  .00000451  00000-0  19425-3 0  9991
2 43325  65.0107 338.4449 0015090 262.3901  97.5471 14.34712261544615
COSMOS 1867 COOLANT
1 43325U 87060AS  25157.77087890  .00000453  00000-0  19499-3 0  9991
2 43325  65.0107 336.8751 0015085 262.3898  97.5475 14.34712971544692
COSMOS 1867 COOLANT
1 43325U 87060AS  25158.74675205  .00000417  00000-0  18248-3 0  9993
2 43325  65.0107 334.1277 0015072 262.4435  97.4939 14.34714012544838
COSMOS 1867 COOLANT
1 43325U 87060AS  25158.74675205  .00000417  00000-0  18248-3 0  9993
2 43325  65.0107 334.1277 0015072 262.4435  97.4939 14.34714012544838
COSMOS 1867 COOLANT
1 43325U 87060AS  25160.83790666  .00000356  00000-0  16101-3 0  9993
2 43325  65.0107 328.2406 0015061 262.3902  97.5474 14.34716023545135
COSMOS 1867 COOLANT
1 43325U 87060AS  25162.16230341  .00000336  00000-0  15376-3 0  9991
2 43325  65.0108 324.5121 0015054 262.4467  97.4909 14.34717132545323
COSMOS 1867 COOLANT
1 43325U 87060AS  25163.83522389  .00000377  00000-0  16829-3 0  9991
2 43325  65.0107 319.8024 0015033 262.5487  97.3891 14.34718897545565
COSMOS 1867 COOLANT
1 43325U 87060AS  25163.83522389  .00000377  00000-0  16829-3 0  9991
2 43325  65.0107 319.8024 0015033 262.5487  97.3891 14.34718897545565
COSMOS 1867 COOLANT
1 43325U 87060AS  25164.04433882  .00000371  00000-0  16627-3 0  9994
2 43325  65.0107 319.2137 0015036 262.5272  97.4105 14.34719075545590
COSMOS 1867 COOLANT
1 43325U 87060AS  25164.88079707  .00000536  00000-0  22416-3 0  9994
2 43325  65.0108 316.8589 0015033 262.5159  97.4219 14.34721111545710
COSMOS 1867 COOLANT
1 43325U 87060AS  25165.15961723  .00000448  00000-0  19323-3 0  9998
2 43325  65.0107 316.0738 0015035 262.5573  97.3805 14.34720762545754
COSMOS 1867 COOLANT
1 43325U 87060AS  25167.11135265  .00000433  00000-0  18809-3 0  9992
2 43325  65.0108 310.5791 0015025 262.6075  97.3303 14.34722795546033
COSMOS 1867 COOLANT
1 43325U 87060AS  25167.11135265  .00000433  00000-0  18809-3 0  9992
2 43325  65.0108 310.5791 0015025 262.6075  97.3303 14.34722795546033
COSMOS 1867 COOLANT
1 43325U 87060AS  25167.80840051  .00000421  00000-0  18355-3 0  9997
2 43325  65.0108 308.6168 0015009 262.6205  97.3175 14.34723434546135
COSMOS 1867 COOLANT
1 43325U 87060AS  25168.99338083  .00000402  00000-0  17693-3 0  9998
2 43325  65.0109 305.2809 0015000 262.6761  97.2621 14.34724645546308
COSMOS 1867 COOLANT
1 43325U 87060AS  25172.61802108  .00000292  00000-0  13846-3 0  9999
2 43325  65.0109 295.0767 0014997 262.8022  97.1359 14.34727556546821
COSMOS 1867 COOLANT
1 43325U 87060AS  25172.61802108  .00000292  00000-0  13846-3 0  9999
2 43325  65.0109 295.0767 0014997 262.8022  97.1359 14.34727556546821
COSMOS 1867 COOLANT
1 43325U 87060AS  25173.59388459  .00000270  00000-0  13045-3 0  9992
2 43325  65.0108 292.3293 0015001 262.7921  97.1459 14.34728219546961
COSMOS 1867 COOLANT
1 43325U 87060AS  25174.56974772  .00000258  00000-0  12639-3 0  9993
2 43325  65.0107 289.5821 0015012 262.8181  97.1198 14.34728908547108
COSMOS 1867 COOLANT
1 43325U 87060AS  25175.75472382  .00000267  00000-0  12966-3 0  9998
2 43325  65.0107 286.2462 0015012 262.8475  97.0904 14.34729810547274
COSMOS 1867 COOLANT
1 43325U 87060AS  25175.75472382  .00000267  00000-0  12966-3 0  9998
2 43325  65.0107 286.2462 0015012 262.8475  97.0904 14.34729810547274
COSMOS 1867 COOLANT
1 43325U 87060AS  25176.59117717  .00000247  00000-0  12231-3 0  9992
2 43325  65.0107 283.8914 0015015 262.8896  97.0483 14.34730246547399
COSMOS 1867 COOLANT
1 43325U 87060AS  25177.56703892  .00000257  00000-0  12594-3 0  9998
2 43325  65.0106 281.1441 0015011 262.9416  96.9963 14.34730937547533
COSMOS 1867 COOLANT
1 43325U 87060AS  25177.70644771  .00000257  00000-0  12592-3 0  9992
2 43325  65.0106 280.7516 0015011 262.9545  96.9833 14.34731026547552
COSMOS 1867 COOLANT
1 43325U 87060AS  25178.89142194  .00000242  00000-0  12073-3 0  9993
2 43325  65.0105 277.4156 0015017 263.0179  96.9199 14.34731769547723
COSMOS 1867 COOLANT
1 43325U 87060AS  25178.89142194  .00000242  00000-0  12073-3 0  9993
2 43325  65.0105 277.4156 0015017 263.0179  96.9199 14.34731769547723
COSMOS 1867 COOLANT
1 43325U 87060AS  25180.00669121  .00000220  00000-0  11290-3 0  9999
2 43325  65.0104 274.2757 0015015 263.0965  96.8413 14.34732448547885
COSMOS 1867 COOLANT
1 43325U 87060AS  25181.95841089  .00000224  00000-0  11427-3 0  9995
2 43325  65.0103 268.7812 0015013 263.2134  96.7244 14.34733887548163
COSMOS 1867 COOLANT
1 43325U 87060AS  25181.95841089  .00000224  00000-0  11427-3 0  9995
2 43325  65.0103 268.7812 0015013 263.2134  96.7244 14.34733887548163
COSMOS 1867 COOLANT
1 43325U 87060AS  25183.49190360  .00000245  00000-0  12189-3 0  9994
2 43325  65.0101 264.4642 0015003 263.2472  96.6907 14.34735090548386
COSMOS 1867 COOLANT
1 43325U 87060AS  25185.93154861  .00000225  00000-0  11462-3 0  9992
2 43325  65.0097 257.5960 0015009 263.4463  96.4915 14.34736763548738
COSMOS 1867 COOLANT
1 43325U 87060AS  25185.93154861  .00000225  00000-0  11462-3 0  9992
2 43325  65.0097 257.5960 0015009 263.4463  96.4915 14.34736763548738
COSMOS 1867 COOLANT
1 43325U 87060AS  25188.58030273  .00000229  00000-0  11609-3 0  9993
2 43325  65.0094 250.1390 0014998 263.5614  96.3764 14.34738588549117
COSMOS 1867 COOLANT
1 43325U 87060AS  25188.58030273  .00000229  00000-0  11609-3 0  9993
2 43325  65.0094 250.1390 0014998 263.5614  96.3764 14.34738588549117
COSMOS 1867 COOLANT
1 43325U 87060AS  25189.41675058  .00000223  00000-0  11393-3 0  9996
2 43325  65.0093 247.7842 0015004 263.6007  96.3370 14.34739177549237
COSMOS 1867 COOLANT
1 43325U 87060AS  25189.62586254  .00000216  00000-0  11157-3 0  9998
2 43325  65.0093 247.1955 0015004 263.6186  96.3191 14.34739282549265
COSMOS 1867 COOLANT
1 43325U 87060AS  25191.43816517  .00000190  00000-0  10250-3 0  9992
2 43325  65.0091 242.0933 0015003 263.7175  96.2202 14.34740413549520
COSMOS 1867 COOLANT
1 43325U 87060AS  25191.43816517  .00000190  00000-0  10250-3 0  9992
2 43325  65.0091 242.0933 0015003 263.7175  96.2202 14.34740413549520
COSMOS 1867 COOLANT
1 43325U 87060AS  25192.83224298  .00000181  00000-0  99322-4 0  9994
2 43325  65.0090 238.1684 0014992 263.8202  96.1176 14.34741308549721
COSMOS 1867 COOLANT
1 43325U 87060AS  25193.52928163  .00000189  00000-0  10194-3 0  9990
2 43325  65.0089 236.2061 0014983 263.8308  96.1071 14.34741780549823
COSMOS 1867 COOLANT
1 43325U 87060AS  25193.52928163  .00000189  00000-0  10194-3 0  9990
2 43325  65.0089 236.2061 0014983 263.8308  96.1071 14.34741780549823
COSMOS 1867 COOLANT
1 43325U 87060AS  25195.82950747  .00000166  00000-0  93807-4 0  9996
2 43325  65.0085 229.7299 0014973 263.9769  95.9611 14.34743189550150
COSMOS 1867 COOLANT
1 43325U 87060AS  25195.82950747  .00000166  00000-0  93807-4 0  9996
2 43325  65.0085 229.7299 0014973 263.9769  95.9611 14.34743189550150
COSMOS 1867 COOLANT
1 43325U 87060AS  25196.80536014  .00000180  00000-0  98772-4 0  9994
2 43325  65.0084 226.9826 0014969 264.0393  95.8987 14.34743877550298
COSMOS 1867 COOLANT
1 43325U 87060AS  25197.36299002  .00000186  00000-0  10088-3 0  9998
2 43325  65.0083 225.4126 0014987 264.0496  95.8882 14.34744226550370
COSMOS 1867 COOLANT
1 43325U 87060AS  25197.78121232  .00000190  00000-0  10254-3 0  9993
2 43325  65.0083 224.2352 0014977 264.1117  95.8261 14.34744541550436
COSMOS 1867 COOLANT
1 43325U 87060AS  25198.47824940  .00000205  00000-0  10784-3 0  9991
2 43325  65.0082 222.2727 0014970 264.1238  95.8142 14.34745040550530
COSMOS 1867 COOLANT
1 43325U 87060AS  25198.47824940  .00000205  00000-0  10784-3 0  9991
2 43325  65.0082 222.2727 0014970 264.1238  95.8142 14.34745040550530
COSMOS 1867 COOLANT
1 43325U 87060AS  25199.31469352  .00000223  00000-0  11386-3 0  9996
2 43325  65.0081 219.9178 0014976 264.1663  95.7716 14.34745683550652
COSMOS 1867 COOLANT
1 43325U 87060AS  25201.33609864  .00000251  00000-0  12368-3 0  9998
2 43325  65.0082 214.2266 0014963 264.2956  95.6424 14.34747259550949
COSMOS 1867 COOLANT
1 43325U 87060AS  25201.33609864  .00000251  00000-0  12368-3 0  9998
2 43325  65.0082 214.2266 0014963 264.2956  95.6424 14.34747259550949
COSMOS 1867 COOLANT
1 43325U 87060AS  25201.75431988  .00000259  00000-0  12672-3 0  9990
2 43325  65.0081 213.0490 0014939 264.3387  95.5995 14.34747695551000
COSMOS 1867 COOLANT
1 43325U 87060AS  25202.31194830  .00000279  00000-0  13378-3 0  9991
2 43325  65.0081 211.4790 0014941 264.3552  95.5830 14.34748197551086
COSMOS 1867 COOLANT
1 43325U 87060AS  25202.73016949  .00000291  00000-0  13808-3 0  9993
2 43325  65.0082 210.3015 0014929 264.4015  95.5369 14.34748597551144
COSMOS 1867 COOLANT
1 43325U 87060AS  25205.72741770  .00000340  00000-0  15524-3 0  9994
2 43325  65.0085 201.8631 0014885 264.5625  95.3763 14.34751595551570
COSMOS 1867 COOLANT
1 43325U 87060AS  25207.26089005  .00000397  00000-0  17510-3 0  9990
2 43325  65.0085 197.5457 0014869 264.6028  95.3362 14.34753636551794
COSMOS 1867 COOLANT
1 43325U 87060AS  25208.23673544  .00000407  00000-0  17863-3 0  9998
2 43325  65.0085 194.7983 0014860 264.6783  95.2607 14.34754746551936
COSMOS 1867 COOLANT
1 43325U 87060AS  25208.23673544  .00000407  00000-0  17863-3 0  9998
2 43325  65.0085 194.7983 0014860 264.6783  95.2607 14.34754746551936
COSMOS 1867 COOLANT
1 43325U 87060AS  25209.56109592  .00000414  00000-0  18120-3 0  9997
2 43325  65.0085 191.0696 0014842 264.7774  95.1618 14.34756272552127
COSMOS 1867 COOLANT
1 43325U 87060AS  25212.62803039  .00000529  00000-0  22143-3 0  9992
2 43325  65.0089 182.4349 0014810 264.9736  94.9659 14.34760402552565
COSMOS 1867 COOLANT
1 43325U 87060AS  25212.62803039  .00000529  00000-0  22143-3 0  9992
2 43325  65.0089 182.4349 0014810 264.9736  94.9659 14.34760402552565
COSMOS 1867 COOLANT
1 43325U 87060AS  25214.51000965  .00000496  00000-0  21011-3 0  9995
2 43325  65.0093 177.1368 0014670 265.0987  94.8424 14.34762432552830
COSMOS 1867 COOLANT
1 43325U 87060AS  25215.62525468  .00000476  00000-0  20282-3 0  9995
2 43325  65.0094 173.9968 0014669 265.1208  94.8203 14.34763744552995
COSMOS 1867 COOLANT
1 43325U 87060AS  25215.62525468  .00000476  00000-0  20282-3 0  9995
2 43325  65.0094 173.9968 0014669 265.1208  94.8203 14.34763744552995
COSMOS 1867 COOLANT
1 43325U 87060AS  25216.60109336  .00000485  00000-0  20623-3 0  9995
2 43325  65.0096 171.2495 0014679 265.1808  94.7601 14.34764996553138
COSMOS 1867 COOLANT
1 43325U 87060AS  25217.57693153  .00000436  00000-0  18899-3 0  9995
2 43325  65.0097 168.5021 0014658 265.2222  94.7190 14.34765841553279
COSMOS 1867 COOLANT
1 43325U 87060AS  25218.13455292  .00000392  00000-0  17325-3 0  9992
2 43325  65.0098 166.9323 0014637 265.2559  94.6856 14.34766261553351
COSMOS 1867 COOLANT
1 43325U 87060AS  25219.45890325  .00000370  00000-0  16555-3 0  9998
2 43325  65.0098 163.2038 0014623 265.2976  94.6440 14.34767501553540
COSMOS 1867 COOLANT
1 43325U 87060AS  25219.45890325  .00000370  00000-0  16555-3 0  9998
2 43325  65.0098 163.2038 0014623 265.2976  94.6440 14.34767501553540
COSMOS 1867 COOLANT
1 43325U 87060AS  25219.45890325  .00000370  00000-0  16555-3 0  9998
2 43325  65.0098 163.2038 0014623 265.2976  94.6440 14.34767501553540
COSMOS 1867 COOLANT
1 43325U 87060AS  25221.54998005  .00000475  00000-0  20259-3 0  9997
2 43325  65.0100 157.3166 0014570 265.3420  94.6002 14.34770208553841
COSMOS 1867 COOLANT
1 43325U 87060AS  25221.54998005  .00000475  00000-0  20259-3 0  9997
2 43325  65.0100 157.3166 0014570 265.3420  94.6002 14.34770208553841
COSMOS 1867 COOLANT
1 43325U 87060AS  25222.52581497  .00000462  00000-0  19798-3 0  9991
2 43325  65.0100 154.5692 0014547 265.3846  94.5579 14.34771048553986
COSMOS 1867 COOLANT
1 43325U 87060AS  25223.22283935  .00000486  00000-0  20643-3 0  9992
2 43325  65.0100 152.6070 0014519 265.4090  94.5338 14.34771886554081
COSMOS 1867 COOLANT
1 43325U 87060AS  25223.50164900  .00000487  00000-0  20685-3 0  9990
2 43325  65.0100 151.8219 0014515 265.4424  94.5004 14.34772181554128
COSMOS 1867 COOLANT
1 43325U 87060AS  25224.05926806  .00000426  00000-0  18517-3 0  9996
2 43325  65.0100 150.2520 0014493 265.4349  94.5082 14.34772461554203
COSMOS 1867 COOLANT
1 43325U 87060AS  25224.05926806  .00000426  00000-0  18517-3 0  9996
2 43325  65.0100 150.2520 0014493 265.4349  94.5082 14.34772461554203
COSMOS 1867 COOLANT
1 43325U 87060AS  25225.52301718  .00000403  00000-0  17717-3 0  9994
2 43325  65.0101 146.1312 0014462 265.5523  94.3910 14.34773956554419
COSMOS 1867 COOLANT
1 43325U 87060AS  25226.49884894  .00000429  00000-0  18640-3 0  9996
2 43325  65.0102 143.3840 0014462 265.6390  94.3044 14.34775192554555
COSMOS 1867 COOLANT
1 43325U 87060AS  25226.49884894  .00000429  00000-0  18640-3 0  9996
2 43325  65.0102 143.3840 0014462 265.6390  94.3044 14.34775192554555
COSMOS 1867 COOLANT
1 43325U 87060AS  25228.03229755  .00000361  00000-0  16260-3 0  9998
2 43325  65.0103 139.0669 0014424 265.6815  94.2623 14.34776465554777
COSMOS 1867 COOLANT
1 43325U 87060AS  25229.98395722  .00000332  00000-0  15212-3 0  9995
2 43325  65.0101 133.5722 0014381 265.7742  94.1701 14.34778262555051
COSMOS 1867 COOLANT
1 43325U 87060AS  25230.47187194  .00000324  00000-0  14951-3 0  9993
2 43325  65.0101 132.1985 0014374 265.8501  94.0943 14.34778650555129
COSMOS 1867 COOLANT
1 43325U 87060AS  25232.42352882  .00000325  00000-0  14992-3 0  9994
2 43325  65.0099 126.7038 0014339 265.9488  93.9959 14.34780370555407
COSMOS 1867 COOLANT
1 43325U 87060AS  25232.42352882  .00000325  00000-0  14992-3 0  9994
2 43325  65.0099 126.7038 0014339 265.9488  93.9959 14.34780370555407
COSMOS 1867 COOLANT
1 43325U 87060AS  25234.30548212  .00000290  00000-0  13744-3 0  9992
2 43325  65.0097 121.4052 0014290 266.0319  93.9134 14.34781571555672
COSMOS 1867 COOLANT
1 43325U 87060AS  25234.93279941  .00000283  00000-0  13506-3 0  9999
2 43325  65.0097 119.6390 0014281 266.0462  93.8992 14.34782017555762
COSMOS 1867 COOLANT
1 43325U 87060AS  25236.39653894  .00000312  00000-0  14531-3 0  9996
2 43325  65.0096 115.5178 0014255 266.1529  93.7927 14.34783328555972
COSMOS 1867 COOLANT
1 43325U 87060AS  25236.95415357  .00000328  00000-0  15092-3 0  9998
2 43325  65.0095 113.9478 0014248 266.1473  93.7984 14.34783865556055
COSMOS 1867 COOLANT
1 43325U 87060AS  25237.92997872  .00000357  00000-0  16086-3 0  9999
2 43325  65.0095 111.2003 0014232 266.1933  93.7526 14.34784829556192
COSMOS 1867 COOLANT
1 43325U 87060AS  25238.34818942  .00000345  00000-0  15667-3 0  9997
2 43325  65.0094 110.0228 0014226 266.2376  93.7084 14.34785092556251
COSMOS 1867 COOLANT
1 43325U 87060AS  25238.90580328  .00000377  00000-0  16805-3 0  9993
2 43325  65.0094 108.4528 0014216 266.2318  93.7143 14.34785776556334
COSMOS 1867 COOLANT
1 43325U 87060AS  25242.87879431  .00000627  00000-0  25586-3 0  9994
2 43325  65.0090  97.2662 0014167 266.4204  93.5261 14.34791505556904
COSMOS 1867 COOLANT
1 43325U 87060AS  25243.29700298  .00000640  00000-0  26031-3 0  9996
2 43325  65.0089  96.0886 0014162 266.4677  93.4789 14.34792116556965
COSMOS 1867 COOLANT
1 43325U 87060AS  25243.85461413  .00000744  00000-0  29684-3 0  9993
2 43325  65.0088  94.5184 0014152 266.4581  93.4886 14.34793443557043
COSMOS 1867 COOLANT
1 43325U 87060AS  25246.85176758  .00000776  00000-0  30833-3 0  9994
2 43325  65.0088  86.0792 0014129 266.6017  93.3452 14.34798450557472
COSMOS 1867 COOLANT
1 43325U 87060AS  25247.26997411  .00000774  00000-0  30739-3 0  9990
2 43325  65.0088  84.9016 0014122 266.6374  93.3096 14.34799175557533
COSMOS 1867 COOLANT
1 43325U 87060AS  25251.80053222  .00000506  00000-0  21332-3 0  9990
2 43325  65.0091  72.1445 0014104 266.8983  93.0490 14.34805486558180
COSMOS 1867 COOLANT
1 43325U 87060AS  25254.17035598  .00000335  00000-0  15317-3 0  9995
2 43325  65.0093  65.4715 0014081 266.9291  93.0184 14.34807521558524
COSMOS 1867 COOLANT
1 43325U 87060AS  25256.19167367  .00000320  00000-0  14799-3 0  9996
2 43325  65.0096  59.7797 0014089 267.1417  92.8056 14.34809472558818
COSMOS 1867 COOLANT
1 43325U 87060AS  25257.16748138  .00000340  00000-0  15507-3 0  9995
2 43325  65.0098  57.0320 0014091 267.1708  92.7765 14.34810418558952
COSMOS 1867 COOLANT
1 43325U 87060AS  25258.14328740  .00000570  00000-0  23589-3 0  9991
2 43325  65.0099  54.2843 0014094 267.2124  92.7349 14.34812806559095
COSMOS 1867 COOLANT
1 43325U 87060AS  25258.70089193  .00000401  00000-0  17642-3 0  9995
2 43325  65.0100  52.7142 0014097 267.2203  92.7270 14.34812145559172
COSMOS 1867 COOLANT
1 43325U 87060AS  25259.11909454  .00000404  00000-0  17727-3 0  9999
2 43325  65.0101  51.5366 0014098 267.2619  92.6853 14.34812567559231
COSMOS 1867 COOLANT
1 43325U 87060AS  25259.67669778  .00000413  00000-0  18044-3 0  9995
2 43325  65.0102  49.9666 0014103 267.2712  92.6760 14.34813178559312
COSMOS 1867 COOLANT
1 43325U 87060AS  25262.67381107  .00000467  00000-0  19964-3 0  9997
2 43325  65.0108  41.5277 0014129 267.4604  92.4865 14.34816740559743
COSMOS 1867 COOLANT
1 43325U 87060AS  25263.09201226  .00000528  00000-0  22104-3 0  9995
2 43325  65.0109  40.3502 0014131 267.5111  92.4357 14.34817570559804
COSMOS 1867 COOLANT
1 43325U 87060AS  25264.06781425  .00000664  00000-0  26868-3 0  9999
2 43325  65.0111  37.6027 0014133 267.6041  92.3427 14.34819546559940
COSMOS 1867 COOLANT
1 43325U 87060AS  25264.62541478  .00000730  00000-0  29181-3 0  9998
2 43325  65.0112  36.0327 0014139 267.6243  92.3224 14.34820700560027
COSMOS 1867 COOLANT
1 43325U 87060AS  25266.08911387  .00001076  00000-0  41339-3 0  9993
2 43325  65.0114  31.9114 0014152 267.7549  92.1917 14.34824973560238
COSMOS 1867 COOLANT
1 43325U 87060AS  25269.57409795  .00001138  00000-0  43516-3 0  9993
2 43325  65.0119  22.0990 0014175 268.0319  91.9144 14.34832563560738
COSMOS 1867 COOLANT
1 43325U 87060AS  25277.51976735  .00001187  00000-0  45211-3 0  9997
2 43325  65.0122 359.7272 0014269 268.8462  91.0989 14.34856245561873
COSMOS 1867 COOLANT
1 43325U 87060AS  25277.93795663  .00001085  00000-0  41614-3 0  9992
2 43325  65.0121 358.5496 0014272 268.9325  91.0126 14.34857045561939
COSMOS 1867 COOLANT
1 43325U 87060AS  25278.49554243  .00000983  00000-0  38061-3 0  9999
2 43325  65.0121 356.9797 0014287 268.9485  90.9964 14.34858018562017
COSMOS 1867 COOLANT
1 43325U 87060AS  25278.91373135  .00000890  00000-0  34783-3 0  9999
2 43325  65.0121 355.8022 0014287 269.0314  90.9135 14.34858690562071
COSMOS 1867 COOLANT
1 43325U 87060AS  25279.47131640  .00000830  00000-0  32662-3 0  9992
2 43325  65.0120 354.2321 0014292 269.0526  90.8923 14.34859717562150
COSMOS 1867 COOLANT
1 43325U 87060AS  25279.47131641  .00000830  00000-0  32662-3 0  9993
2 43325  65.0120 354.2321 0014292 269.0526  90.8923 14.34859717562150
COSMOS 1867 COOLANT
1 43325U 87060AS  25283.44409947  .00000592  00000-0  24322-3 0  9991
2 43325  65.0114 343.0453 0014332 269.5061  90.4383 14.34865955562729
COSMOS 1867 COOLANT
1 43325U 87060AS  25283.86228627  .00000556  00000-0  23044-3 0  9991
2 43325  65.0113 341.8678 0014331 269.5798  90.3646 14.34866414562787
COSMOS 1867 COOLANT
1 43325U 87060AS  25283.86228628  .00000556  00000-0  23044-3 0  9992
2 43325  65.0113 341.8678 0014331 269.5798  90.3646 14.34866414562787
COSMOS 1867 COOLANT
1 43325U 87060AS  25284.41986854  .00000573  00000-0  23658-3 0  9996
2 43325  65.0113 340.2978 0014339 269.5858  90.3585 14.34867304562868
COSMOS 1867 COOLANT
1 43325U 87060AS  25285.39563624  .00000613  00000-0  25061-3 0  9995
2 43325  65.0112 337.5503 0014352 269.6920  90.2521 14.34869087563002
COSMOS 1867 COOLANT
1 43325U 87060AS  25287.41686653  .00000625  00000-0  25462-3 0  9996
2 43325  65.0109 331.8587 0014374 269.9203  90.0236 14.34872202563293
COSMOS 1867 COOLANT
1 43325U 87060AS  25288.39263147  .00000617  00000-0  25189-3 0  9990
2 43325  65.0107 329.1110 0014383 270.0317  89.9121 14.34873548563432
COSMOS 1867 COOLANT
1 43325U 87060AS  25289.36839560  .00000616  00000-0  25176-3 0  9991
2 43325  65.0106 326.3632 0014390 270.1301  89.8137 14.34874903563578
COSMOS 1867 COOLANT
1 43325U 87060AS  25289.36839561  .00000616  00000-0  25176-3 0  9992
2 43325  65.0106 326.3633 0014390 270.1301  89.8137 14.34874903563579
COSMOS 1867 COOLANT
1 43325U 87060AS  25290.48355322  .00000670  00000-0  27067-3 0  9996
2 43325  65.0105 323.2230 0014400 270.2574  89.6862 14.34876849563734
COSMOS 1867 COOLANT
1 43325U 87060AS  25290.48355322  .00000670  00000-0  27067-3 0  9996
2 43325  65.0105 323.2230 0014400 270.2574  89.6862 14.34876849563734
COSMOS 1867 COOLANT
1 43325U 87060AS  25291.80780088  .00000773  00000-0  30656-3 0  9996
2 43325  65.0103 319.4937 0014399 270.3785  89.5651 14.34879457563929
COSMOS 1867 COOLANT
1 43325U 87060AS  25292.78356056  .00000819  00000-0  32284-3 0  9998
2 43325  65.0102 316.7460 0014412 270.4973  89.4462 14.34881371564068
COSMOS 1867 COOLANT
1 43325U 87060AS  25294.31689493  .00000847  00000-0  33256-3 0  9994
2 43325  65.0099 312.4281 0014431 270.6122  89.3311 14.34884206564282
COSMOS 1867 COOLANT
1 43325U 87060AS  25296.47749707  .00000774  00000-0  30687-3 0  9992
2 43325  65.0096 306.3433 0014450 270.9424  89.0006 14.34887952564592
COSMOS 1867 COOLANT
1 43325U 87060AS  25296.47749708  .00000774  00000-0  30687-3 0  9993
2 43325  65.0096 306.3433 0014450 270.9424  89.0006 14.34887952564592
COSMOS 1867 COOLANT
1 43325U 87060AS  25297.31385740  .00000777  00000-0  30791-3 0  9998
2 43325  65.0095 303.9880 0014456 271.0409  88.9021 14.34889605564717
COSMOS 1867 COOLANT
1 43325U 87060AS  25297.73203731  .00000744  00000-0  29635-3 0  9992
2 43325  65.0096 302.8105 0014442 271.0500  88.8931 14.34890230564774
COSMOS 1867 COOLANT
1 43325U 87060AS  25297.73203732  .00000744  00000-0  29635-3 0  9993
2 43325  65.0096 302.8105 0014442 271.0500  88.8931 14.34890230564774
COSMOS 1867 COOLANT
1 43325U 87060AS  25298.28961026  .00000769  00000-0  30509-3 0  9990
2 43325  65.0095 301.2403 0014445 271.0892  88.8539 14.34891343564853
COSMOS 1867 COOLANT
1 43325U 87060AS  25298.42900344  .00000768  00000-0  30471-3 0  9999
2 43325  65.0095 300.8477 0014442 271.1109  88.8323 14.34891585564879
COSMOS 1867 COOLANT
1 43325U 87060AS  25298.70778966  .00000730  00000-0  29138-3 0  9990
2 43325  65.0095 300.0626 0014441 271.1567  88.7864 14.34891906564915
COSMOS 1867 COOLANT
1 43325U 87060AS  25298.70778967  .00000730  00000-0  29138-3 0  9991
2 43325  65.0095 300.0626 0014441 271.1567  88.7864 14.34891906564915
COSMOS 1867 COOLANT
1 43325U 87060AS  25304.56228128  .00000789  00000-0  31199-3 0  9996
2 43325  65.0094 283.5749 0014427 271.6571  88.2862 14.34902089565750
COSMOS 1867 COOLANT
1 43325U 87060AS  25305.18954573  .00000768  00000-0  30457-3 0  9998
2 43325  65.0094 281.8084 0014426 271.7552  88.1881 14.34903098565843
COSMOS 1867 COOLANT
1 43325U 87060AS  25305.67741773  .00000747  00000-0  29740-3 0  9998
2 43325  65.0094 280.4344 0014428 271.8659  88.0775 14.34903884565910
COSMOS 1867 COOLANT
1 43325U 87060AS  25309.16220966  .00000614  00000-0  25054-3 0  9999
2 43325  65.0096 270.6206 0014406 272.2298  87.7139 14.34909265566415
COSMOS 1867 COOLANT
1 43325U 87060AS  25309.51068804  .00000704  00000-0  28236-3 0  9994
2 43325  65.0096 269.6392 0014405 272.2471  87.6965 14.34910352566461
COSMOS 1867 COOLANT
1 43325U 87060AS  25310.13794867  .00000746  00000-0  29714-3 0  9997
2 43325  65.0096 267.8727 0014404 272.3035  87.6402 14.34911671566550
COSMOS 1867 COOLANT
1 43325U 87060AS  25312.57728943  .00000961  00000-0  37224-3 0  9993
2 43325  65.0097 261.0029 0014387 272.5671  87.3768 14.34917559566902
COSMOS 1867 COOLANT
1 43325U 87060AS  25312.57728944  .00000961  00000-0  37224-3 0  9994
2 43325  65.0097 261.0029 0014387 272.5671  87.3768 14.34917559566902
COSMOS 1867 COOLANT
1 43325U 87060AS  25315.08631728  .00000951  00000-0  36889-3 0  9991
2 43325  65.0099 253.9370 0014369 272.7530  87.1911 14.34922610567261
COSMOS 1867 COOLANT
1 43325U 87060AS  25319.05891353  .00001211  00000-0  45962-3 0  9996
2 43325  65.0095 242.7487 0014314 273.0407  86.9041 14.34935698567833
COSMOS 1867 COOLANT
1 43325U 87060AS  25321.21943485  .00001043  00000-0  40087-3 0  9997
2 43325  65.0097 236.6645 0014307 273.1839  86.7611 14.34941595568144
COSMOS 1867 COOLANT
1 43325U 87060AS  25321.21943485  .00001043  00000-0  40087-3 0  9997
2 43325  65.0097 236.6645 0014307 273.1839  86.7611 14.34941596568145
COSMOS 1867 COOLANT
1 43325U 87060AS  25321.49821139  .00000946  00000-0  36701-3 0  9997
2 43325  65.0097 235.8796 0014316 273.2908  86.6540 14.34941876568186
COSMOS 1867 COOLANT
1 43325U 87060AS  25321.49821139  .00000946  00000-0  36701-3 0  9997
2 43325  65.0097 235.8796 0014316 273.2908  86.6540 14.34941876568186
COSMOS 1867 COOLANT
1 43325U 87060AS  25322.47392815  .00000762  00000-0  30247-3 0  9995
2 43325  65.0098 233.1319 0014306 273.4146  86.5303 14.34943453568329
COSMOS 1867 COOLANT
1 43325U 87060AS  25322.47392815  .00000762  00000-0  30247-3 0  9995
2 43325  65.0098 233.1319 0014306 273.4146  86.5303 14.34943453568329
COSMOS 1867 COOLANT
1 43325U 87060AS  25323.03148037  .00000653  00000-0  26438-3 0  9999
2 43325  65.0099 231.5621 0014290 273.5039  86.4413 14.34944066568403
COSMOS 1867 COOLANT
1 43325U 87060AS  25324.00719586  .00000576  00000-0  23726-3 0  9991
2 43325  65.0099 228.8143 0014277 273.6198  86.3256 14.34945487568540
COSMOS 1867 COOLANT
1 43325U 87060AS  25328.95545279  .00000579  00000-0  23834-3 0  9998
2 43325  65.0097 214.8793 0014292 274.0420  85.9032 14.34953085569253
COSMOS 1867 COOLANT
1 43325U 87060AS  25328.95545279  .00000579  00000-0  23834-3 0  9998
2 43325  65.0097 214.8793 0014292 274.0420  85.9032 14.34953085569253
COSMOS 1867 COOLANT
1 43325U 87060AS  25330.07054956  .00000557  00000-0  23038-3 0  9993
2 43325  65.0093 211.7387 0014251 274.1065  85.8392 14.34954590569413
COSMOS 1867 COOLANT
1 43325U 87060AS  25330.07054957  .00000557  00000-0  23038-3 0  9994
2 43325  65.0093 211.7387 0014251 274.1065  85.8392 14.34954590569413
COSMOS 1867 COOLANT
1 43325U 87060AS  25331.11595192  .00000523  00000-0  21858-3 0  9992
2 43325  65.0092 208.7947 0014224 274.2745  85.6715 14.34955881569563
COSMOS 1867 COOLANT
1 43325U 87060AS  25331.11595193  .00000523  00000-0  21858-3 0  9993
2 43325  65.0092 208.7947 0014224 274.2745  85.6715 14.34955882569564
COSMOS 1867 COOLANT
1 43325U 87060AS  25332.02196653  .00000512  00000-0  21481-3 0  9992
2 43325  65.0091 206.2431 0014221 274.3559  85.5902 14.34957024569696
COSMOS 1867 COOLANT
1 43325U 87060AS  25332.37043349  .00000476  00000-0  20210-3 0  9991
2 43325  65.0090 205.2617 0014223 274.4231  85.5230 14.34957288569742
COSMOS 1867 COOLANT
1 43325U 87060AS  25332.92798041  .00000487  00000-0  20593-3 0  9994
2 43325  65.0089 203.6915 0014220 274.4413  85.5049 14.34958039569824
COSMOS 1867 COOLANT
1 43325U 87060AS  25332.92798041  .00000487  00000-0  20593-3 0  9994
2 43325  65.0089 203.6915 0014220 274.4413  85.5049 14.34958039569824
COSMOS 1867 COOLANT
1 43325U 87060AS  25334.87939249  .00000489  00000-0  20665-3 0  9999
2 43325  65.0086 198.1957 0014210 274.6049  85.3414 14.34960513570108
COSMOS 1867 COOLANT
1 43325U 87060AS  25336.34294941  .00000614  00000-0  25061-3 0  9991
2 43325  65.0085 194.0740 0014217 274.7490  85.1972 14.34963006570310
COSMOS 1867 COOLANT
1 43325U 87060AS  25336.34294941  .00000614  00000-0  25061-3 0  9991
2 43325  65.0085 194.0740 0014217 274.7490  85.1972 14.34963006570310
COSMOS 1867 COOLANT
1 43325U 87060AS  25336.97018727  .00000613  00000-0  24994-3 0  9999
2 43325  65.0085 192.3075 0014216 274.7802  85.1660 14.34963829570405
COSMOS 1867 COOLANT
1 43325U 87060AS  25337.31865272  .00000684  00000-0  27488-3 0  9992
2 43325  65.0084 191.3260 0014219 274.8244  85.1219 14.34964631570450
COSMOS 1867 COOLANT
1 43325U 87060AS  25337.31865273  .00000684  00000-0  27488-3 0  9993
2 43325  65.0084 191.3260 0014219 274.8244  85.1219 14.34964631570450
COSMOS 1867 COOLANT
1 43325U 87060AS  25337.87619655  .00000868  00000-0  33937-3 0  9995
2 43325  65.0084 189.7558 0014218 274.8373  85.1090 14.34966495570539
COSMOS 1867 COOLANT
1 43325U 87060AS  25337.87619656  .00000868  00000-0  33937-3 0  9996
2 43325  65.0084 189.7558 0014218 274.8373  85.1090 14.34966495570539
COSMOS 1867 COOLANT
1 43325U 87060AS  25338.29435399  .00000911  00000-0  35440-3 0  9993
2 43325  65.0084 188.5782 0014213 274.8902  85.0561 14.34967484570595
COSMOS 1867 COOLANT
1 43325U 87060AS  25338.29435400  .00000911  00000-0  35440-3 0  9996
2 43325  65.0084 188.5782 0014213 274.8902  85.0561 14.34967484570595
COSMOS 1867 COOLANT
1 43325U 87060AS  25341.29114435  .00000877  00000-0  34252-3 0  9993
2 43325  65.0082 180.1379 0014221 275.1420  84.8043 14.34972658571021
COSMOS 1867 COOLANT
1 43325U 87060AS  25341.91837806  .00000750  00000-0  29799-3 0  9996
2 43325  65.0082 178.3715 0014236 275.1845  84.7616 14.34973149571112
COSMOS 1867 COOLANT
1 43325U 87060AS  25342.26684109  .00000921  00000-0  35805-3 0  9996
2 43325  65.0081 177.3901 0014233 275.2148  84.7314 14.34974691571164
COSMOS 1867 COOLANT
1 43325U 87060AS  25342.82438115  .00000948  00000-0  36715-3 0  9992
2 43325  65.0081 175.8198 0014237 275.2304  84.7157 14.34975965571242
COSMOS 1867 COOLANT
1 43325U 87060AS  25342.82438115  .00000948  00000-0  36715-3 0  9992
2 43325  65.0081 175.8198 0014237 275.2304  84.7157 14.34975965571242
COSMOS 1867 COOLANT
1 43325U 87060AS  25343.93946094  .00000717  00000-0  28650-3 0  9998
2 43325  65.0080 172.6793 0014244 275.3440  84.6021 14.34976746571402
COSMOS 1867 COOLANT
1 43325U 87060AS  25343.93946094  .00000717  00000-0  28650-3 0  9998
2 43325  65.0080 172.6793 0014244 275.3440  84.6021 14.34976746571402
COSMOS 1867 COOLANT
1 43325U 87060AS  25347.21499685  .00000828  00000-0  32517-3 0  9992
2 43325  65.0081 163.4539 0014257 275.5882  84.3578 14.34983569571871
COSMOS 1867 COOLANT
1 43325U 87060AS  25347.91191789  .00000711  00000-0  28436-3 0  9999
2 43325  65.0081 161.4910 0014277 275.6419  84.3039 14.34984139571978
COSMOS 1867 COOLANT
1 43325U 87060AS  25349.93298586  .00000497  00000-0  20934-3 0  9992
2 43325  65.0084 155.7988 0014306 275.8825  84.0630 14.34986496572263
COSMOS 1867 COOLANT
1 43325U 87060AS  25352.16312485  .00000422  00000-0  18312-3 0  9991
2 43325  65.0092 149.5185 0014297 276.0736  83.8721 14.34989616572585
COSMOS 1867 COOLANT
1 43325U 87060AS  25352.86004262  .00000406  00000-0  17761-3 0  9998
2 43325  65.0089 147.5552 0014325 276.0445  83.9008 14.34990364572688
COSMOS 1867 COOLANT
1 43325U 87060AS  25353.83572726  .00000355  00000-0  15977-3 0  9991
2 43325  65.0090 144.8071 0014322 276.1612  83.7843 14.34991154572829
COSMOS 1867 COOLANT
1 43325U 87060AS  25353.83572726  .00000355  00000-0  15977-3 0  9991
2 43325  65.0090 144.8071 0014322 276.1612  83.7843 14.34991154572829
COSMOS 1867 COOLANT
1 43325U 87060AS  25356.69308393  .00000480  00000-0  20348-3 0  9992
2 43325  65.0089 136.7590 0014444 276.3751  83.5690 14.34995134573230
COSMOS 1867 COOLANT
1 43325U 87060AS  25357.11123319  .00000539  00000-0  22394-3 0  9991
2 43325  65.0090 135.5812 0014475 276.4231  83.5206 14.34995906573290
COSMOS 1867 COOLANT
1 43325U 87060AS  25357.11123320  .00000539  00000-0  22394-3 0  9993
2 43325  65.0090 135.5813 0014475 276.4231  83.5206 14.34995906573291
COSMOS 1867 COOLANT
1 43325U 87060AS  25357.80814826  .00000526  00000-0  21944-3 0  9993
2 43325  65.0090 133.6184 0014494 276.4569  83.4867 14.34996623573396
COSMOS 1867 COOLANT
1 43325U 87060AS  25357.80814827  .00000526  00000-0  21944-3 0  9994
2 43325  65.0090 133.6184 0014494 276.4569  83.4867 14.34996623573396
COSMOS 1867 COOLANT
1 43325U 87060AS  25361.08364138  .00000740  00000-0  29423-3 0  9992
2 43325  65.0095 124.3930 0014585 276.7646  83.1780 14.35002453573860
COSMOS 1867 COOLANT
1 43325U 87060AS  25361.08364138  .00000740  00000-0  29423-3 0  9992
2 43325  65.0095 124.3930 0014585 276.7646  83.1780 14.35002453573860
COSMOS 1867 COOLANT
1 43325U 87060AS  25361.64117086  .00000760  00000-0  30135-3 0  9996
2 43325  65.0096 122.8228 0014595 276.7844  83.1581 14.35003462573944
COSMOS 1867 COOLANT
1 43325U 87060AS  25361.64117086  .00000760  00000-0  30135-3 0  9996
2 43325  65.0096 122.8228 0014595 276.7844  83.1581 14.35003462573944
COSMOS 1867 COOLANT
1 43325U 87060AS  25362.05931759  .00000805  00000-0  31695-3 0  9995
2 43325  65.0097 121.6451 0014605 276.8301  83.1123 14.35004435574002
COSMOS 1867 COOLANT
1 43325U 87060AS  25362.05931760  .00000805  00000-0  31695-3 0  9997
2 43325  65.0097 121.6451 0014605 276.8301  83.1123 14.35004435574002
COSMOS 1867 COOLANT
1 43325U 87060AS  26002.98303096  .00001181  00000-0  44861-3 0  9993
2 43325  65.0101 104.9610 0014758 277.3356  82.6053 14.35019513574856
COSMOS 1867 COOLANT
1 43325U 87060AS  26002.98303097  .00001181  00000-0  44861-3 0  9994
2 43325  65.0101 104.9610 0014758 277.3356  82.6053 14.35019513574856
COSMOS 1867 COOLANT
1 43325U 87060AS  26003.54055389  .00001130  00000-0  43053-3 0  9991
2 43325  65.0101 103.3907 0014737 277.3578  82.5833 14.35020618574933
COSMOS 1867 COOLANT
1 43325U 87060AS  26006.53723132  .00000807  00000-0  31754-3 0  9996
2 43325  65.0102  94.9504 0014817 277.6173  82.3230 14.35025916575368
COSMOS 1867 COOLANT
1 43325U 87060AS  26006.95537226  .00000691  00000-0  27694-3 0  9998
2 43325  65.0102  93.7728 0015075 277.7365  82.2009 14.35025871575424
COSMOS 1867 COOLANT
1 43325U 87060AS  26006.95537226  .00000691  00000-0  27694-3 0  9998
2 43325  65.0102  93.7727 0015075 277.7365  82.2009 14.35025871575423
COSMOS 1867 COOLANT
1 43325U 87060AS  26007.51289346  .00000640  00000-0  25926-3 0  9998
2 43325  65.0103  92.2024 0014895 277.7274  82.2121 14.35026346575508
COSMOS 1867 COOLANT
1 43325U 87060AS  26007.51289346  .00000640  00000-0  25926-3 0  9998
2 43325  65.0103  92.2024 0014895 277.7274  82.2121 14.35026346575508
COSMOS 1867 COOLANT
1 43325U 87060AS  26008.48855293  .00000651  00000-0  26318-3 0  9993
2 43325  65.0103  89.4545 0014912 277.7847  82.1546 14.35028166575647
COSMOS 1867 COOLANT
1 43325U 87060AS  26008.48855293  .00000651  00000-0  26318-3 0  9993
2 43325  65.0103  89.4545 0014912 277.7847  82.1546 14.35028166575647
COSMOS 1867 COOLANT
1 43325U 87060AS  26012.46087340  .00000409  00000-0  17850-3 0  9998
2 43325  65.0102  78.2658 0015031 278.1632  81.7749 14.35032440576211
COSMOS 1867 COOLANT
1 43325U 87060AS  26012.87901186  .00000350  00000-0  15790-3 0  9992
2 43325  65.0101  77.0878 0015058 278.2618  81.6760 14.35032558576273
COSMOS 1867 COOLANT
1 43325U 87060AS  26012.87901187  .00000350  00000-0  15790-3 0  9993
2 43325  65.0101  77.0878 0015058 278.2618  81.6760 14.35032558576273
COSMOS 1867 COOLANT
1 43325U 87060AS  26013.43652950  .00000359  00000-0  16087-3 0  9996
2 43325  65.0100  75.5174 0015061 278.2710  81.6668 14.35033190576350
COSMOS 1867 COOLANT
1 43325U 87060AS  26013.43652951  .00000359  00000-0  16087-3 0  9997
2 43325  65.0100  75.5174 0015061 278.2710  81.6668 14.35033190576350
COSMOS 1867 COOLANT
1 43325U 87060AS  26016.85132209  .00000340  00000-0  15431-3 0  9997
2 43325  65.0100  65.8991 0015172 278.5998  81.3369 14.35036100576846
COSMOS 1867 COOLANT
1 43325U 87060AS  26017.40883852  .00000359  00000-0  16096-3 0  9994
2 43325  65.0098  64.3284 0015177 278.6059  81.3307 14.35036641576926
COSMOS 1867 COOLANT
1 43325U 87060AS  26018.38449200  .00000377  00000-0  16717-3 0  9997
2 43325  65.0096  61.5800 0015196 278.6904  81.2461 14.35037480577065
COSMOS 1867 COOLANT
1 43325U 87060AS  26019.49952347  .00000445  00000-0  19091-3 0  9995
2 43325  65.0098  58.4394 0015227 278.8050  81.1311 14.35038880577225
COSMOS 1867 COOLANT
1 43325U 87060AS  26021.45082112  .00000904  00000-0  35136-3 0  9996
2 43325  65.0098  52.9427 0015275 278.9704  80.9653 14.35044914577503
COSMOS 1867 COOLANT
1 43325U 87060AS  26021.45082113  .00000904  00000-0  35136-3 0  9997
2 43325  65.0098  52.9427 0015275 278.9705  80.9653 14.35044914577504
COSMOS 1867 COOLANT
1 43325U 87060AS  26022.35677878  .00000954  00000-0  36873-3 0  9999
2 43325  65.0097  50.3906 0015277 278.9781  80.9576 14.35047106577637
COSMOS 1867 COOLANT
1 43325U 87060AS  26022.35677878  .00000954  00000-0  36873-3 0  9999
2 43325  65.0097  50.3906 0015277 278.9781  80.9576 14.35047106577637
COSMOS 1867 COOLANT
1 43325U 87060AS  26023.33242410  .00000987  00000-0  38045-3 0  9997
2 43325  65.0098  47.6426 0015281 278.9873  80.9484 14.35049495577777
COSMOS 1867 COOLANT
1 43325U 87060AS  26025.49277615  .00000911  00000-0  35363-3 0  9998
2 43325  65.0098  41.5568 0015334 279.2368  80.6984 14.35054253578084
COSMOS 1867 COOLANT
1 43325U 87060AS  26025.49277615  .00000911  00000-0  35363-3 0  9998
2 43325  65.0098  41.5568 0015334 279.2368  80.6984 14.35054253578084
COSMOS 1867 COOLANT
1 43325U 87060AS  26026.32903945  .00000881  00000-0  34333-3 0  9995
2 43325  65.0100  39.2012 0015342 279.2568  80.6783 14.35056073578200
COSMOS 1867 COOLANT
1 43325U 87060AS  26026.32903945  .00000881  00000-0  34333-3 0  9995
2 43325  65.0100  39.2012 0015342 279.2568  80.6783 14.35056073578200
COSMOS 1867 COOLANT
1 43325U 87060AS  26028.69844728  .00000924  00000-0  35811-3 0  9990
2 43325  65.0101  32.5264 0015393 279.5593  80.3753 14.35061119578541
COSMOS 1867 COOLANT
1 43325U 87060AS  26029.25595360  .00000891  00000-0  34654-3 0  9995
2 43325  65.0102  30.9560 0015399 279.5520  80.3826 14.35062163578629
COSMOS 1867 COOLANT
1 43325U 87060AS  26029.25595361  .00000891  00000-0  34654-3 0  9996
2 43325  65.0102  30.9560 0015399 279.5520  80.3826 14.35062163578629
COSMOS 1867 COOLANT
1 43325U 87060AS  26032.25254539  .00000603  00000-0  24593-3 0  9991
2 43325  65.0107  22.5152 0015429 279.7815  80.1529 14.35066412579058
COSMOS 1867 COOLANT
1 43325U 87060AS  26032.25254540  .00000603  00000-0  24593-3 0  9993
2 43325  65.0107  22.5152 0015429 279.7815  80.1529 14.35066412579058
COSMOS 1867 COOLANT
1 43325U 87060AS  26032.39192145  .00000608  00000-0  24774-3 0  9996
2 43325  65.0107  22.1225 0015432 279.7498  80.1845 14.35066697579074
COSMOS 1867 COOLANT
1 43325U 87060AS  26035.31881451  .00000673  00000-0  27064-3 0  9993
2 43325  65.0110  13.8777 0015463 279.9321  80.0019 14.35072043579498
COSMOS 1867 COOLANT
1 43325U 87060AS  26035.31881452  .00000673  00000-0  27064-3 0  9994
2 43325  65.0110  13.8777 0015463 279.9321  80.0019 14.35072043579498
COSMOS 1867 COOLANT
1 43325U 87060AS  26036.64288146  .00000915  00000-0  35488-3 0  9990
2 43325  65.0111  10.1479 0015499 279.9931  79.9406 14.35075645579683
COSMOS 1867 COOLANT
1 43325U 87060AS  26036.64288146  .00000915  00000-0  35488-3 0  9990
2 43325  65.0111  10.1479 0015499 279.9931  79.9406 14.35075645579683
COSMOS 1867 COOLANT
1 43325U 87060AS  26036.92163235  .00000792  00000-0  31212-3 0  9996
2 43325  65.0111   9.3627 0015500 280.0025  79.9312 14.35075424579724
COSMOS 1867 COOLANT
1 43325U 87060AS  26036.92163236  .00000792  00000-0  31212-3 0  9997
2 43325  65.0111   9.3627 0015500 280.0025  79.9312 14.35075424579724
COSMOS 1867 COOLANT
1 43325U 87060AS  26040.26663507  .00000685  00000-0  27479-3 0  9996
2 43325  65.0116 359.9402 0015525 280.3398  79.5938 14.35080352580208
COSMOS 1867 COOLANT
1 43325U 87060AS  26040.26663508  .00000685  00000-0  27479-3 0  9997
2 43325  65.0116 359.9402 0015525 280.3398  79.5938 14.35080353580209
COSMOS 1867 COOLANT
1 43325U 87060AS  26056.08557434  .00000360  00000-0  16118-3 0  9992
2 43325  65.0112 315.3822 0015616 281.1862  78.7469 14.35098388582471
COSMOS 1867 COOLANT
1 43325U 87060AS  26056.08557434  .00000360  00000-0  16118-3 0  9992
2 43325  65.0112 315.3822 0015616 281.1862  78.7469 14.35098388582471
COSMOS 1867 COOLANT
1 43325U 87060AS  26056.71275303  .00000375  00000-0  16613-3 0  9990
2 43325  65.0110 313.6152 0015619 281.1899  78.7431 14.35099081582569
COSMOS 1867 COOLANT
1 43325U 87060AS  26056.71275304  .00000375  00000-0  16613-3 0  9991
2 43325  65.0110 313.6152 0015619 281.1899  78.7431 14.35099081582569
COSMOS 1867 COOLANT
1 43325U 87060AS  26058.38522809  .00000424  00000-0  18334-3 0  9998
2 43325  65.0105 308.9035 0015644 281.2983  78.6345 14.35101002582800
COSMOS 1867 COOLANT
1 43325U 87060AS  26058.38522810  .00000424  00000-0  18334-3 0  9990
2 43325  65.0105 308.9035 0015644 281.2983  78.6345 14.35101002582800
COSMOS 1867 COOLANT
1 43325U 87060AS  26064.23887381  .00000527  00000-0  21927-3 0  9994
2 43325  65.0095 292.4135 0015680 281.3818  78.5506 14.35107895583641
COSMOS 1867 COOLANT
1 43325U 87060AS  26064.23887382  .00000527  00000-0  21927-3 0  9995
2 43325  65.0095 292.4135 0015680 281.3818  78.5506 14.35107895583641
COSMOS 1867 COOLANT
1 43325U 87060AS  26069.95311792  .00000465  00000-0  19765-3 0  9994
2 43325  65.0090 276.3166 0015781 281.4709  78.4605 14.35114731584460
COSMOS 1867 COOLANT
1 43325U 87060AS  26069.95311793  .00000465  00000-0  19765-3 0  9995
2 43325  65.0090 276.3166 0015781 281.4709  78.4605 14.35114731584460
COSMOS 1867 COOLANT
1 43325U 87060AS  26072.94959895  .00000504  00000-0  21118-3 0  9998
2 43325  65.0082 267.8731 0015696 281.0751  78.8570 14.35118895584899
COSMOS 1867 COOLANT
1 43325U 87060AS  26073.78582490  .00000530  00000-0  22047-3 0  9995
2 43325  65.0091 265.5192 0015760 281.4280  78.5036 14.35120183585010
COSMOS 1867 COOLANT
1 43325U 87060AS  26076.22481436  .00000421  00000-0  18220-3 0  9992
2 43325  65.0091 258.6469 0015715 280.9296  79.0021 14.35122627585364
COSMOS 1867 COOLANT
1 43325U 87060AS  26076.78229643  .00000433  00000-0  18631-3 0  9992
2 43325  65.0085 257.0762 0015903 281.1572  78.7726 14.35123507585440
COSMOS 1867 COOLANT
1 43325U 87060AS  26076.78229643  .00000433  00000-0  18631-3 0  9992
2 43325  65.0085 257.0762 0015903 281.1572  78.7726 14.35123507585440
COSMOS 1867 COOLANT
1 43325U 87060AS  26077.75789063  .00000426  00000-0  18383-3 0  9993
2 43325  65.0084 254.3274 0015940 281.1455  78.7839 14.35124457585583
COSMOS 1867 COOLANT
1 43325U 87060AS  26077.75789063  .00000426  00000-0  18383-3 0  9993
2 43325  65.0084 254.3274 0015940 281.1455  78.7839 14.35124457585583
COSMOS 1867 COOLANT
1 43325U 87060AS  26080.19687373  .00000430  00000-0  18531-3 0  9996
2 43325  65.0082 247.4557 0015985 281.4905  78.4386 14.35126827585936
COSMOS 1867 COOLANT
1 43325U 87060AS  26081.17246520  .00000490  00000-0  20620-3 0  9998
2 43325  65.0085 244.7071 0016066 281.2674  78.6606 14.35128184586073
COSMOS 1867 COOLANT
1 43325U 87060AS  26082.14805608  .00000528  00000-0  21955-3 0  9998
2 43325  65.0085 241.9585 0016099 281.2515  78.6762 14.35129431586217
COSMOS 1867 COOLANT
1 43325U 87060AS  26087.09568380  .00000491  00000-0  20672-3 0  9994
2 43325  65.0092 228.0200 0016219 281.4309  78.4955 14.35135252586920
COSMOS 1867 COOLANT
1 43325U 87060AS  26087.09568381  .00000491  00000-0  20672-3 0  9995
2 43325  65.0092 228.0200 0016219 281.4309  78.4955 14.35135252586920
COSMOS 1867 COOLANT
1 43325U 87060AS  26087.65316154  .00000522  00000-0  21737-3 0  9994
2 43325  65.0093 226.4495 0016228 281.4450  78.4813 14.35136126587000
COSMOS 1867 COOLANT
1 43325U 87060AS  26090.09212231  .00000645  00000-0  26019-3 0  9991
2 43325  65.0095 219.5787 0016321 281.4789  78.4464 14.35140272587355
COSMOS 1867 COOLANT
1 43325U 87060AS  26090.09212233  .00000645  00000-0  26019-3 0  9993
2 43325  65.0095 219.5787 0016321 281.4789  78.4464 14.35140272587355
COSMOS 1867 COOLANT
1 43325U 87060AS  26091.06770509  .00000665  00000-0  26743-3 0  9992
2 43325  65.0097 216.8304 0016355 281.4811  78.4439 14.35141780587497
COSMOS 1867 COOLANT
1 43325U 87060AS  26091.06770510  .00000665  00000-0  26743-3 0  9994
2 43325  65.0097 216.8304 0016355 281.4811  78.4439 14.35141780587497
COSMOS 1867 COOLANT
1 43325U 87060AS  26091.62518078  .00000601  00000-0  24498-3 0  9990
2 43325  65.0097 215.2599 0016368 281.4534  78.4713 14.35142141587578
COSMOS 1867 COOLANT
1 43325U 87060AS  26091.62518078  .00000601  00000-0  24498-3 0  9990
2 43325  65.0097 215.2600 0016368 281.4534  78.4713 14.35142141587571
COSMOS 1867 COOLANT
1 43325U 87060AS  26092.04328699  .00000592  00000-0  24185-3 0  9997
2 43325  65.0096 214.0820 0016382 281.4785  78.4461 14.35142741587638
COSMOS 1867 COOLANT
1 43325U 87060AS  26092.04328700  .00000592  00000-0  24185-3 0  9990
2 43325  65.0096 214.0820 0016382 281.4785  78.4461 14.35142742587639
COSMOS 1867 COOLANT
1 43325U 87060AS  26092.60076166  .00000630  00000-0  25517-3 0  9991
2 43325  65.0097 212.5115 0016398 281.4543  78.4701 14.35143803587714
COSMOS 1867 COOLANT
1 43325U 87060AS  26092.60076167  .00000630  00000-0  25517-3 0  9992
2 43325  65.0097 212.5116 0016398 281.4543  78.4701 14.35143803587715
COSMOS 1867 COOLANT
1 43325U 87060AS  26093.01886677  .00000793  00000-0  31175-3 0  9990
2 43325  65.0097 211.3336 0016411 281.4820  78.4423 14.35145547587774
COSMOS 1867 COOLANT
1 43325U 87060AS  26093.57634088  .00000869  00000-0  33825-3 0  9996
2 43325  65.0097 209.7632 0016427 281.4522  78.4719 14.35146815587856
COSMOS 1867 COOLANT
1 43325U 87060AS  26093.57634089  .00000869  00000-0  33825-3 0  9997
2 43325  65.0097 209.7632 0016427 281.4522  78.4719 14.35146815587856
COSMOS 1867 COOLANT
1 43325U 87060AS  26096.01528462  .00000651  00000-0  26236-3 0  9993
2 43325  65.0101 202.8925 0016519 281.5023  78.4208 14.35149983588202
COSMOS 1867 COOLANT
1 43325U 87060AS  26096.57275666  .00000655  00000-0  26377-3 0  9999
2 43325  65.0101 201.3220 0016538 281.4658  78.4571 14.35150902588282
COSMOS 1867 COOLANT
1 43325U 87060AS  26100.96284021  .00000356  00000-0  15956-3 0  9992
2 43325  65.0099 188.9547 0016707 281.5106  78.4104 14.35155337588916
COSMOS 1867 COOLANT
1 43325U 87060AS  26100.96284021  .00000356  00000-0  15956-3 0  9992
2 43325  65.0099 188.9547 0016707 281.5106  78.4104 14.35155337588916
COSMOS 1867 COOLANT
1 43325U 87060AS  26101.52031044  .00000312  00000-0  14424-3 0  9991
2 43325  65.0099 187.3842 0016718 281.4989  78.4220 14.35155594588999
COSMOS 1867 COOLANT
1 43325U 87060AS  26101.93841295  .00000284  00000-0  13435-3 0  9992
2 43325  65.0097 186.2062 0016733 281.5308  78.3900 14.35155809589053
COSMOS 1867 COOLANT
1 43325U 87060AS  26101.93841296  .00000284  00000-0  13435-3 0  9993
2 43325  65.0097 186.2062 0016733 281.5308  78.3900 14.35155809589053
COSMOS 1867 COOLANT
1 43325U 87060AS  26102.49588294  .00000260  00000-0  12585-3 0  9990
2 43325  65.0096 184.6357 0016746 281.5121  78.4085 14.35156106589133
COSMOS 1867 COOLANT
1 43325U 87060AS  26102.49588295  .00000260  00000-0  12585-3 0  9991
2 43325  65.0096 184.6357 0016746 281.5121  78.4085 14.35156106589133
COSMOS 1867 COOLANT
1 43325U 87060AS  26103.47145501  .00000235  00000-0  11732-3 0  9994
2 43325  65.0094 181.8873 0016778 281.5149  78.4053 14.35156717589276
COSMOS 1867 COOLANT
1 43325U 87060AS  26103.47145502  .00000235  00000-0  11732-3 0  9995
2 43325  65.0094 181.8873 0016778 281.5149  78.4053 14.35156717589276
COSMOS 1867 COOLANT
1 43325U 87060AS  26105.91038368  .00000192  00000-0  10241-3 0  9993
2 43325  65.0093 175.0167 0016879 281.5227  78.3964 14.35158066589623
COSMOS 1867 COOLANT
1 43325U 87060AS  26106.88595455  .00000218  00000-0  11134-3 0  9996
2 43325  65.0094 172.2684 0016914 281.5118  78.4069 14.35158718589762
COSMOS 1867 COOLANT
1 43325U 87060AS  26107.44342351  .00000230  00000-0  11558-3 0  9998
2 43325  65.0093 170.6979 0016926 281.4958  78.4228 14.35159049589848
COSMOS 1867 COOLANT
1 43325U 87060AS  26110.50949968  .00000217  00000-0  11095-3 0  9997
2 43325  65.0090 162.0601 0017030 281.5059  78.4115 14.35160878590289
COSMOS 1867 COOLANT
1 43325U 87060AS  26110.50949968  .00000217  00000-0  11095-3 0  9997
2 43325  65.0090 162.0601 0017030 281.5059  78.4115 14.35160878590289
COSMOS 1867 COOLANT
1 43325U 87060AS  26110.85791707  .00000229  00000-0  11529-3 0  9996
2 43325  65.0088 161.0784 0017041 281.5155  78.4018 14.35161195590337
COSMOS 1867 COOLANT
1 43325U 87060AS  26111.83348562  .00000221  00000-0  11220-3 0  9992
2 43325  65.0088 158.3302 0017064 281.5159  78.4011 14.35161813590476
COSMOS 1867 COOLANT
1 43325U 87060AS  26111.83348563  .00000221  00000-0  11220-3 0  9993
2 43325  65.0088 158.3302 0017064 281.5159  78.4011 14.35161813590476
COSMOS 1867 COOLANT
1 43325U 87060AS  26111.83348563  .00000221  00000-0  11220-3 0  9993
2 43325  65.0088 158.3302 0017064 281.5159  78.4011 14.35161813590476
COSMOS 1867 COOLANT
1 43325U 87060AS  26116.36290451  .00000347  00000-0  15640-3 0  9997
2 43325  65.0079 145.5691 0017207 281.4891  78.4263 14.35165711591129
COSMOS 1867 COOLANT
1 43325U 87060AS  26116.36290452  .00000347  00000-0  15640-3 0  9998
2 43325  65.0079 145.5691 0017207 281.4891  78.4263 14.35165711591129
COSMOS 1867 COOLANT
1 43325U 87060AS  26116.78100411  .00000370  00000-0  16435-3 0  9998
2 43325  65.0080 144.3912 0017213 281.5117  78.4036 14.35166166591182
COSMOS 1867 COOLANT
1 43325U 87060AS  26116.78100411  .00000370  00000-0  16435-3 0  9998
2 43325  65.0080 144.3912 0017213 281.5117  78.4036 14.35166166591182
COSMOS 1867 COOLANT
1 43325U 87060AS  26117.33847002  .00000374  00000-0  16578-3 0  9996
2 43325  65.0079 142.8207 0017230 281.4845  78.4306 14.35166623591263
COSMOS 1867 COOLANT
1 43325U 87060AS  26117.33847003  .00000374  00000-0  16578-3 0  9997
2 43325  65.0079 142.8207 0017230 281.4845  78.4306 14.35166623591263
COSMOS 1867 COOLANT
1 43325U 87060AS  26118.52308470  .00000385  00000-0  16958-3 0  9993
2 43325  65.0078 139.4831 0017262 281.4968  78.4179 14.35167631591435
COSMOS 1867 COOLANT
1 43325U 87060AS  26118.52308470  .00000385  00000-0  16958-3 0  9993
2 43325  65.0078 139.4831 0017262 281.4968  78.4179 14.35167631591435
COSMOS 1867 COOLANT
1 43325U 87060AS  26121.31040850  .00000423  00000-0  18287-3 0  9999
2 43325  65.0079 131.6299 0017335 281.5167  78.3972 14.35170654591834
COSMOS 1867 COOLANT
1 43325U 87060AS  26121.44977454  .00000422  00000-0  18250-3 0  9991
2 43325  65.0078 131.2372 0017337 281.5276  78.3864 14.35170797591854
COSMOS 1867 COOLANT
1 43325U 87060AS  26121.72850676  .00000397  00000-0  17355-3 0  9994
2 43325  65.0079 130.4520 0017333 281.5163  78.3977 14.35170908591895
COSMOS 1867 COOLANT
1 43325U 87060AS  26121.72850677  .00000397  00000-0  17355-3 0  9995
2 43325  65.0079 130.4520 0017333 281.5163  78.3977 14.35170908591895
COSMOS 1867 COOLANT
1 43325U 87060AS  26122.28597060  .00000392  00000-0  17180-3 0  9992
2 43325  65.0079 128.8816 0017357 281.4863  78.4274 14.35171477591978
COSMOS 1867 COOLANT
1 43325U 87060AS  26122.28597061  .00000392  00000-0  17180-3 0  9993
2 43325  65.0080 128.8816 0017357 281.4863  78.4274 14.35171477591970
COSMOS 1867 COOLANT
1 43325U 87060AS  26130.22980734  .00000281  00000-0  13324-3 0  9992
2 43325  65.0083 106.4998 0017500 281.5152  78.3969 14.35179047593117
COSMOS 1867 COOLANT
1 43325U 87060AS  26130.22980734  .00000281  00000-0  13324-3 0  9992
2 43325  65.0083 106.4998 0017500 281.5152  78.3969 14.35179047593117
COSMOS 1867 COOLANT
1 43325U 87060AS  26130.64790289  .00000279  00000-0  13239-3 0  9994
2 43325  65.0084 105.3218 0017492 281.5612  78.3510 14.35179424593179
COSMOS 1867 COOLANT
1 43325U 87060AS  26130.64790290  .00000279  00000-0  13239-3 0  9996
2 43325  65.0084 105.3218 0017492 281.5612  78.3510 14.35179424593179
COSMOS 1867 COOLANT
1 43325U 87060AS  26131.62345899  .00000252  00000-0  12308-3 0  9993
2 43325  65.0086 102.5733 0017503 281.5547  78.3574 14.35180075593312
COSMOS 1867 COOLANT
1 43325U 87060AS  26131.62345900  .00000252  00000-0  12308-3 0  9996
2 43325  65.0086 102.5733 0017503 281.5547  78.3574 14.35180075593312
COSMOS 1867 COOLANT
1 43325U 87060AS  26132.32028453  .00000257  00000-0  12472-3 0  9992
2 43325  65.0087 100.6101 0017518 281.5239  78.3880 14.35180618593419
COSMOS 1867 COOLANT
1 43325U 87060AS  26132.32028453  .00000257  00000-0  12472-3 0  9992
2 43325  65.0087 100.6101 0017518 281.5239  78.3880 14.35180618593419
COSMOS 1867 COOLANT
1 43325U 87060AS  26133.15647477  .00000240  00000-0  11880-3 0  9991
2 43325  65.0089  98.2543 0017540 281.4925  78.4192 14.35181188593532
COSMOS 1867 COOLANT
1 43325U 87060AS  26133.15647477  .00000240  00000-0  11880-3 0  9991
2 43325  65.0089  98.2543 0017540 281.4925  78.4192 14.35181188593532
COSMOS 1867 COOLANT
1 43325U 87060AS  26136.57091542  .00000228  00000-0  11463-3 0  9999
2 43325  65.0094  88.6343 0017567 281.5351  78.3763 14.35183540594024
COSMOS 1867 COOLANT
1 43325U 87060AS  26136.57091542  .00000228  00000-0  11463-3 0  9999
2 43325  65.0094  88.6343 0017567 281.5351  78.3763 14.35183540594024
COSMOS 1867 COOLANT
1 43325U 87060AS  26138.31297522  .00000218  00000-0  11114-3 0  9991
2 43325  65.0096  83.7262 0017575 281.5007  78.4106 14.35184542594271
COSMOS 1867 COOLANT
1 43325U 87060AS  26138.31297522  .00000218  00000-0  11114-3 0  9991
2 43325  65.0096  83.7262 0017575 281.5007  78.4106 14.35184542594271
COSMOS 1867 COOLANT
1 43325U 87060AS  26140.12471560  .00000235  00000-0  11709-3 0  9998
2 43325  65.0099  78.6218 0017588 281.4627  78.4484 14.35185876594538
COSMOS 1867 COOLANT
1 43325U 87060AS  26140.12471561  .00000235  00000-0  11709-3 0  9999
2 43325  65.0099  78.6218 0017588 281.4627  78.4484 14.35185876594538
COSMOS 1867 COOLANT
1 43325U 87060AS  26141.23963209  .00000244  00000-0  12032-3 0  9997
2 43325  65.0101  75.4807 0017597 281.4624  78.4486 14.35186644594691
COSMOS 1867 COOLANT
1 43325U 87060AS  26141.23963210  .00000244  00000-0  12032-3 0  9999
2 43325  65.0101  75.4807 0017597 281.4624  78.4486 14.35186644594691
COSMOS 1867 COOLANT
1 43325U 87060AS  26142.21518333  .00000268  00000-0  12881-3 0  9998
2 43325  65.0103  72.7323 0017603 281.4274  78.4835 14.35187482594830
COSMOS 1867 COOLANT
1 43325U 87060AS  26144.51469474  .00000296  00000-0  13853-3 0  9995
2 43325  65.0106  66.2539 0017626 281.3985  78.5122 14.35189513595167
COSMOS 1867 COOLANT
1 43325U 87060AS  26145.49024399  .00000332  00000-0  15081-3 0  9992
2 43325  65.0107  63.5055 0017632 281.3702  78.5403 14.35190545595300
COSMOS 1867 COOLANT
1 43325U 87060AS  26145.49024400  .00000332  00000-0  15081-3 0  9995
2 43325  65.0107  63.5055 0017632 281.3702  78.5403 14.35190545595300
COSMOS 1867 COOLANT
1 43325U 87060AS  26153.08556562  .00000457  00000-0  19460-3 0  9991
2 43325  65.0111  42.1070 0017670 281.1198  78.7902 14.35199558596393
COSMOS 1867 COOLANT
1 43325U 87060AS  26159.35689745  .00000343  00000-0  15490-3 0  9990
2 43325  65.0105  24.4372 0017743 280.7801  79.1288 14.35205808597299
COSMOS 1867 COOLANT
1 43325U 87060AS  26159.35689746  .00000343  00000-0  15490-3 0  9991
2 43325  65.0105  24.4372 0017743 280.7801  79.1288 14.35205808597299
COSMOS 1867 COOLANT
1 43325U 87060AS  26160.88988589  .00000290  00000-0  13613-3 0  9994
2 43325  65.0106  20.1184 0017782 280.8826  79.0259 14.35206931597515
COSMOS 1867 COOLANT
1 43325U 87060AS  26160.88988590  .00000290  00000-0  13613-3 0  9996
2 43325  65.0106  20.1184 0017782 280.8826  79.0259 14.35206931597515
COSMOS 1867 COOLANT
1 43325U 87060AS  26161.86542334  .00000277  00000-0  13158-3 0  9996
2 43325  65.0106  17.3698 0017795 280.8456  79.0627 14.35207679597650
COSMOS 1867 COOLANT
1 43325U 87060AS  26164.30426437  .00000317  00000-0  14566-3 0  9992
2 43325  65.0106  10.4981 0017821 280.7328  79.1752 14.35210014598003
COSMOS 1867 COOLANT
1 43325U 87060AS  26164.30426438  .00000317  00000-0  14566-3 0  9993
2 43325  65.0106  10.4981 0017821 280.7328  79.1752 14.35210014598003
COSMOS 1867 COOLANT
1 43325U 87060AS  26164.86171323  .00000322  00000-0  14747-3 0  9991
2 43325  65.0106   8.9275 0017829 280.6764  79.2315 14.35210511598088
COSMOS 1867 COOLANT
1 43325U 87060AS  26164.86171323  .00000322  00000-0  14747-3 0  9991
2 43325  65.0106   8.9275 0017829 280.6764  79.2315 14.35210511598088
COSMOS 1867 COOLANT
1 43325U 87060AS  26165.27979977  .00000306  00000-0  14196-3 0  9998
2 43325  65.0106   7.7494 0017834 280.6707  79.2371 14.35210786598144
COSMOS 1867 COOLANT
1 43325U 87060AS  26165.27979977  .00000306  00000-0  14196-3 0  9998
2 43325  65.0106   7.7494 0017834 280.6707  79.2371 14.35210786598144
COSMOS 1867 COOLANT
1 43325U 87060AS  26165.27979977  .00000306  00000-0  14196-3 0  9998
2 43325  65.0106   7.7494 0017834 280.6707  79.2371 14.35210786598144
COSMOS 1867 COOLANT
1 43325U 87060AS  26165.83724834  .00000302  00000-0  14031-3 0  9994
2 43325  65.0106   6.1788 0017845 280.6259  79.2818 14.35211207598221
COSMOS 1867 COOLANT
1 43325U 87060AS  26165.83724835  .00000302  00000-0  14031-3 0  9995
2 43325  65.0106   6.1788 0017845 280.6259  79.2818 14.35211207598221
COSMOS 1867 COOLANT
1 43325U 87060AS  26166.81278295  .00000285  00000-0  13467-3 0  9990
2 43325  65.0106   3.4301 0017860 280.5878  79.3197 14.35211928598361
COSMOS 1867 COOLANT
1 43325U 87060AS  26167.78831707  .00000272  00000-0  12984-3 0  9999
2 43325  65.0105   0.6815 0017878 280.5354  79.3718 14.35212659598504
COSMOS 1867 COOLANT
1 43325U 87060AS  26167.78831708  .00000272  00000-0  12984-3 0  9990
2 43325  65.0105   0.6815 0017878 280.5354  79.3718 14.35212659598504
COSMOS 1867 COOLANT
1 43325U 87060AS  26171.20268297  .00000242  00000-0  11959-3 0  9997
2 43325  65.0105 351.0610 0017945 280.3629  79.5434 14.35215002598993
COSMOS 1867 COOLANT
1 43325U 87060AS  26171.20268298  .00000242  00000-0  11959-3 0  9998
2 43325  65.0105 351.0610 0017945 280.3629  79.5434 14.35215002598993
COSMOS 1867 COOLANT
1 43325U 87060AS  26171.76013001  .00000230  00000-0  11520-3 0  9990
2 43325  65.0106 349.4905 0017958 280.3549  79.5513 14.35215289599072
COSMOS 1867 COOLANT
1 43325U 87060AS  26174.19895899  .00000268  00000-0  12857-3 0  9998
2 43325  65.0110 342.6190 0018015 280.2330  79.6724 14.35217147599429
COSMOS 1867 COOLANT
1 43325U 87060AS  26175.17448971  .00000296  00000-0  13842-3 0  9998
2 43325  65.0108 339.8700 0018030 280.1166  79.7886 14.35217943599563
COSMOS 1867 COOLANT
1 43325U 87060AS  26175.73193557  .00000296  00000-0  13840-3 0  9995
2 43325  65.0108 338.2995 0018041 280.1192  79.7859 14.35218341599645
COSMOS 1867 COOLANT
1 43325U 87060AS  26176.70746507  .00000342  00000-0  15445-3 0  9997
2 43325  65.0108 335.5507 0018064 280.1018  79.8030 14.35219413599784
COSMOS 1867 COOLANT
1 43325U 87060AS  26177.05586844  .00000332  00000-0  15082-3 0  9998
2 43325  65.0108 334.5691 0018074 280.0709  79.8338 14.35219644599837
COSMOS 1867 COOLANT
1 43325U 87060AS  26177.05586844  .00000332  00000-0  15082-3 0  9998
2 43325  65.0108 334.5691 0018074 280.0709  79.8338 14.35219644599837
COSMOS 1867 COOLANT
1 43325U 87060AS  26177.68299426  .00000326  00000-0  14886-3 0  9998
2 43325  65.0108 332.8021 0018090 280.0298  79.8747 14.35220129599920
COSMOS 1867 COOLANT
1 43325U 87060AS  26177.82235547  .00000351  00000-0  15732-3 0  9997
2 43325  65.0108 332.4094 0018091 280.0148  79.8896 14.35220394599942
COSMOS 1867 COOLANT
1 43325U 87060AS  26179.84309236  .00000336  00000-0  15215-3 0  9997
2 43325  65.0110 326.7161 0018139 279.8790  80.0249 14.35222112600239
COSMOS 1867 COOLANT
1 43325U 87060AS  26181.09734147  .00000385  00000-0  16927-3 0  9995
2 43325  65.0110 323.1821 0018178 279.8474  80.0560 14.35223488600418
COSMOS 1867 COOLANT
1 43325U 87060AS  26181.09734147  .00000385  00000-0  16927-3 0  9995
2 43325  65.0110 323.1821 0018178 279.8474  80.0560 14.35223488600418
COSMOS 1867 COOLANT
1 43325U 87060AS  26182.00318750  .00000379  00000-0  16708-3 0  9995
2 43325  65.0110 320.6299 0018202 279.7933  80.1098 14.35224256600541
COSMOS 1867 COOLANT
1 43325U 87060AS  26182.00318750  .00000379  00000-0  16708-3 0  9995
2 43325  65.0110 320.6299 0018202 279.7933  80.1098 14.35224256600541
COSMOS 1867 COOLANT
1 43325U 87060AS  26183.74519770  .00000440  00000-0  18829-3 0  9997
2 43325  65.0110 315.7218 0018244 279.7080  80.1945 14.35226109600793
COSMOS 1867 COOLANT
1 43325U 87060AS  26183.74519770  .00000440  00000-0  18829-3 0  9997
2 43325  65.0110 315.7218 0018244 279.7080  80.1945 14.35226109600793
COSMOS 1867 COOLANT
1 43325U 87060AS  26185.06912403  .00000441  00000-0  18875-3 0  9996
2 43325  65.0111 311.9915 0018283 279.6566  80.2455 14.35227311600981
COSMOS 1867 COOLANT
1 43325U 87060AS  26185.06912403  .00000441  00000-0  18875-3 0  9996
2 43325  65.0111 311.9915 0018283 279.6566  80.2455 14.35227311600981
COSMOS 1867 COOLANT
1 43325U 87060AS  26185.62656571  .00000574  00000-0  23508-3 0  9995
2 43325  65.0111 310.4209 0018298 279.6191  80.2828 14.35228718601067
COSMOS 1867 COOLANT
1 43325U 87060AS  26185.83560663  .00000520  00000-0  21630-3 0  9999
2 43325  65.0110 309.8320 0018303 279.6117  80.2901 14.35228591601091
COSMOS 1867 COOLANT
1 43325U 87060AS  26185.83560664  .00000520  00000-0  21630-3 0  9990
2 43325  65.0110 309.8320 0018303 279.6117  80.2901 14.35228591601091
COSMOS 1867 COOLANT
1 43325U 87060AS  26186.95049043  .00000404  00000-0  17592-3 0  9990
2 43325  65.0110 306.6907 0018332 279.5719  80.3296 14.35229052601255
COSMOS 1867 COOLANT
1 43325U 87060AS  26186.95049043  .00000404  00000-0  17592-3 0  9990
2 43325  65.0110 306.6907 0018332 279.5719  80.3296 14.35229052601255
COSMOS 1867 COOLANT
1 43325U 87060AS  26188.76217479  .00000267  00000-0  12820-3 0  9997
2 43325  65.0110 301.5863 0018384 279.4927  80.4081 14.35230110601516
COSMOS 1867 COOLANT
1 43325U 87060AS  26188.76217480  .00000267  00000-0  12820-3 0  9999
2 43325  65.0110 301.5863 0018384 279.4927  80.4081 14.35230110601516
COSMOS 1867 COOLANT
1 43325U 87060AS  26191.68873834  .00000156  00000-0  89396-4 0  9995
2 43325  65.0107 293.3408 0018463 279.3623  80.5376 14.35231884601938
COSMOS 1867 COOLANT
1 43325U 87060AS  26191.89777848  .00000142  00000-0  84535-4 0  9991
2 43325  65.0107 292.7518 0018469 279.3574  80.5424 14.35231958601963
COSMOS 1867 COOLANT
1 43325U 87060AS  26191.89777849  .00000142  00000-0  84535-4 0  9992
2 43325  65.0107 292.7518 0018469 279.3574  80.5424 14.35231958601963
COSMOS 1867 COOLANT
1 43325U 87060AS  26191.89777849  .00000142  00000-0  84535-4 0  9992
2 43325  65.0107 292.7518 0018469 279.3574  80.5424 14.35231958601963
COSMOS 1867 COOLANT
1 43325U 87060AS  26203.60400385  .00000184  00000-0  99425-4 0  9993
2 43325  65.0089 259.7681 0018810 278.8558  81.0398 14.35237883603648
COSMOS 1867 COOLANT
1 43325U 87060AS  26203.88272270  .00000202  00000-0  10549-3 0  9993
2 43325  65.0089 258.9825 0018856 278.7726  81.1225 14.35238129603683
COSMOS 1867 COOLANT
1 43325U 87060AS  26206.53055195  .00000280  00000-0  13278-3 0  9991
2 43325  65.0083 251.5215 0018894 278.6484  81.2462 14.35240024604065
COSMOS 1867 COOLANT
1 43325U 87060AS  26210.50228868  .00000305  00000-0  14147-3 0  9996
2 43325  65.0081 240.3304 0018988 278.5853  81.3082 14.35243097604636
COSMOS 1867 COOLANT
1 43325U 87060AS  26212.52299360  .00000270  00000-0  12925-3 0  9998
2 43325  65.0081 234.6371 0019037 278.6311  81.2618 14.35244491604927
COSMOS 1867 COOLANT
1 43325U 87060AS  26213.77722319  .00000277  00000-0  13163-3 0  9993
2 43325  65.0080 231.1029 0019060 278.5920  81.3007 14.35245480605102
COSMOS 1867 COOLANT
1 43325U 87060AS  26214.47401720  .00000231  00000-0  11554-3 0  9993
2 43325  65.0080 229.1396 0019073 278.5754  81.3171 14.35245699605200
COSMOS 1867 COOLANT
1 43325U 87060AS  26215.44952827  .00000209  00000-0  10788-3 0  9993
2 43325  65.0079 226.3909 0019088 278.5628  81.3295 14.35246263605343
COSMOS 1867 COOLANT
1 43325U 87060AS  26216.28568003  .00000228  00000-0  11442-3 0  9994
2 43325  65.0077 224.0346 0019119 278.4556  81.4363 14.35246961605460
COSMOS 1867 COOLANT
1 43325U 87060AS  26217.40054909  .00000195  00000-0  10313-3 0  9993
2 43325  65.0079 220.8934 0019137 278.5068  81.3850 14.35247502605628
COSMOS 1867 COOLANT
1 43325U 87060AS  26220.25739823  .00000149  00000-0  87015-4 0  9998
2 43325  65.0078 212.8420 0019171 278.2512  81.6400 14.35248961606037
COSMOS 1867 COOLANT
1 43325U 87060AS  26220.25739824  .00000149  00000-0  87015-4 0  9999
2 43325  65.0078 212.8421 0019171 278.2512  81.6400 14.35248961606038
COSMOS 1867 COOLANT
1 43325U 87060AS  26221.58130279  .00000139  00000-0  83510-4 0  9990
2 43325  65.0083 209.1122 0019142 278.3628  81.5288 14.35249756606225
COSMOS 1867 COOLANT
1 43325U 87060AS  26222.20841520  .00000136  00000-0  82609-4 0  9993
2 43325  65.0084 207.3455 0019197 278.3127  81.5783 14.35250140606318
COSMOS 1867 COOLANT
1 43325U 87060AS  26222.20841520  .00000136  00000-0  82609-4 0  9993
2 43325  65.0084 207.3455 0019197 278.3127  81.5783 14.35250140606318
COSMOS 1867 COOLANT
1 43325U 87060AS  26223.32328172  .00000118  00000-0  76312-4 0  9994
2 43325  65.0085 204.2041 0019216 278.2979  81.5928 14.35250614606476
COSMOS 1867 COOLANT
1 43325U 87060AS  26223.32328173  .00000118  00000-0  76312-4 0  9995
2 43325  65.0085 204.2041 0019216 278.2979  81.5928 14.35250614606476
COSMOS 1867 COOLANT
1 43325U 87060AS  26225.62269244  .00000110  00000-0  73534-4 0  9998
2 43325  65.0086 197.7250 0019200 278.2216  81.6692 14.35251732606800
COSMOS 1867 COOLANT
1 43325U 87060AS  26225.62269245  .00000110  00000-0  73534-4 0  9999
2 43325  65.0086 197.7250 0019200 278.2216  81.6692 14.35251732606800
COSMOS 1867 COOLANT
1 43325U 87060AS  26226.52852041  .00000120  00000-0  76899-4 0  9999
2 43325  65.0086 195.1724 0019204 278.2125  81.6783 14.35252220606939
COSMOS 1867 COOLANT
1 43325U 87060AS  26226.52852041  .00000120  00000-0  76899-4 0  9999
2 43325  65.0086 195.1724 0019204 278.2125  81.6783 14.35252220606939
COSMOS 1867 COOLANT
1 43325U 87060AS  26227.15563191  .00000143  00000-0  84836-4 0  9999
2 43325  65.0087 193.4055 0019221 278.1337  81.7569 14.35252639607029
COSMOS 1867 COOLANT
1 43325U 87060AS  26227.15563191  .00000143  00000-0  84836-4 0  9999
2 43325  65.0087 193.4055 0019221 278.1337  81.7569 14.35252639607029
COSMOS 1867 COOLANT
1 43325U 87060AS  26228.27049675  .00000177  00000-0  96750-4 0  9994
2 43325  65.0088 190.2642 0019219 278.1144  81.7762 14.35253292607188
COSMOS 1867 COOLANT
1 43325U 87060AS  26230.15182977  .00000243  00000-0  11968-3 0  9998
2 43325  65.0091 184.9632 0019223 278.0531  81.8374 14.35254551607454
COSMOS 1867 COOLANT
1 43325U 87060AS  26230.36086666  .00000300  00000-0  13948-3 0  9993
2 43325  65.0091 184.3742 0019223 278.0466  81.8439 14.35254972607489
COSMOS 1867 COOLANT
1 43325U 87060AS  26231.26669282  .00000343  00000-0  15447-3 0  9997
2 43325  65.0093 181.8219 0019225 278.0095  81.8810 14.35255786607614
COSMOS 1867 COOLANT
1 43325U 87060AS  26231.47572958  .00000313  00000-0  14423-3 0  9993
2 43325  65.0093 181.2328 0019227 278.0122  81.8782 14.35255782607649
COSMOS 1867 COOLANT
1 43325U 87060AS  26232.24219753  .00000327  00000-0  14890-3 0  9993
2 43325  65.0094 179.0732 0019226 277.9732  81.9173 14.35256385607755
COSMOS 1867 COOLANT
1 43325U 87060AS  26233.21770155  .00000338  00000-0  15284-3 0  9999
2 43325  65.0096 176.3246 0019224 277.9354  81.9551 14.35257230607890
COSMOS 1867 COOLANT
1 43325U 87060AS  26233.42673810  .00000330  00000-0  15014-3 0  9995
2 43325  65.0096 175.7358 0019232 277.9516  81.9388 14.35257357607928
COSMOS 1867 COOLANT
1 43325U 87060AS  26233.42673811  .00000330  00000-0  15014-3 0  9996
2 43325  65.0096 175.7358 0019232 277.9516  81.9388 14.35257357607928
COSMOS 1867 COOLANT
1 43325U 87060AS  26234.54159922  .00000304  00000-0  14103-3 0  9991
2 43325  65.0097 172.5944 0019231 277.9046  81.9857 14.35258070608084
COSMOS 1867 COOLANT
1 43325U 87060AS  26235.23838704  .00000293  00000-0  13708-3 0  9997
2 43325  65.0098 170.6311 0019228 277.8575  82.0328 14.35258552608185
COSMOS 1867 COOLANT
1 43325U 87060AS  26236.42292559  .00000286  00000-0  13465-3 0  9993
2 43325  65.0098 167.2936 0019229 277.8063  82.0840 14.35259517608353
COSMOS 1867 COOLANT
1 43325U 87060AS  26236.42292560  .00000286  00000-0  13465-3 0  9995
2 43325  65.0098 167.2936 0019229 277.8063  82.0840 14.35259517608353
COSMOS 1867 COOLANT
1 43325U 87060AS  26239.27975102  .00000345  00000-0  15512-3 0  9992
2 43325  65.0098 159.2442 0019226 277.6808  82.2095 14.35262054608767
COSMOS 1867 COOLANT
1 43325U 87060AS  26239.27975103  .00000345  00000-0  15512-3 0  9993
2 43325  65.0098 159.2443 0019226 277.6808  82.2095 14.35262054608768
COSMOS 1867 COOLANT
1 43325U 87060AS  26239.27975103  .00000345  00000-0  15512-3 0  9993
2 43325  65.0098 159.2443 0019226 277.6808  82.2095 14.35262054608768
COSMOS 1867 COOLANT
1 43325U 87060AS  26240.46428735  .00000315  00000-0  14466-3 0  9994
2 43325  65.0098 155.9066 0019230 277.6640  82.2263 14.35262696608939
COSMOS 1867 COOLANT
1 43325U 87060AS  26240.46428736  .00000315  00000-0  14466-3 0  9995
2 43325  65.0098 155.9066 0019230 277.6640  82.2263 14.35262696608939
COSMOS 1867 COOLANT
1 43325U 87060AS  26241.16107279  .00000314  00000-0  14433-3 0  9992
2 43325  65.0098 153.9433 0019237 277.6212  82.2690 14.35263253609033
COSMOS 1867 COOLANT
1 43325U 87060AS  26241.16107280  .00000314  00000-0  14433-3 0  9994
2 43325  65.0098 153.9434 0019237 277.6212  82.2690 14.35263253609034
COSMOS 1867 COOLANT
1 43325U 87060AS  26243.18174962  .00000260  00000-0  12566-3 0  9994
2 43325  65.0099 148.2499 0019242 277.5359  82.3541 14.35264536609323
COSMOS 1867 COOLANT
1 43325U 87060AS  26243.18174962  .00000260  00000-0  12566-3 0  9994
2 43325  65.0099 148.2499 0019242 277.5359  82.3541 14.35264536609323
COSMOS 1867 COOLANT
1 43325U 87060AS  26244.15724797  .00000231  00000-0  11562-3 0  9992
2 43325  65.0099 145.5013 0019243 277.4968  82.3932 14.35265123609463
COSMOS 1867 COOLANT
1 43325U 87060AS  26244.15724798  .00000231  00000-0  11562-3 0  9993
2 43325  65.0099 145.5013 0019243 277.4968  82.3932 14.35265123609463
