CZ-6A DEB
1 61109U 24140PB  24260.76044302  .00001051  00000-0  48346-3 0  9993
2 61109  89.1034 347.0721 0046648 121.5200 239.0559 14.19908303  1829
CZ-6A DEB
1 61109U 24140PB  24267.73714259  .00000738  00000-0  33723-3 0  9996
2 61109  89.1029 346.3620 0046886  99.9397 260.7090 14.19919103   877
CZ-6A DEB
1 61109U 24140PB  24267.73714259  .00000738  00000-0  33723-3 0  9996
2 61109  89.1029 346.3620 0046886  99.9397 260.7090 14.19919103  2802
CZ-6A DEB
1 61109U 24140PB  24268.65327103  .00000693  00000-0  31634-3 0  9995
2 61109  89.1028 346.2687 0046903  97.1223 263.5303 14.19919877  2942
CZ-6A DEB
1 61109U 24140PB  24268.93515632  .00000700  00000-0  31955-3 0  9997
2 61109  89.1027 346.2400 0046907  96.2494 264.4043 14.19920265  2986
CZ-6A DEB
1 61109U 24140PB  24269.49892646  .00000764  00000-0  34956-3 0  9996
2 61109  89.1027 346.1826 0046909  94.5046 266.1505 14.19921373  3066
CZ-6A DEB
1 61109U 24140PB  24269.92175380  .00000769  00000-0  35166-3 0  9992
2 61109  89.1026 346.1396 0046908  93.1972 267.4586 14.19921980  3123
CZ-6A DEB
1 61109U 24140PB  24270.20363858  .00000807  00000-0  36941-3 0  9999
2 61109  89.1026 346.1109 0046907  92.3189 268.3373 14.19922587  3167
CZ-6A DEB
1 61109U 24140PB  24270.48552325  .00000821  00000-0  37579-3 0  9992
2 61109  89.1026 346.0822 0046909  91.4473 269.2091 14.19923036  3208
CZ-6A DEB
1 61109U 24140PB  24271.47211900  .00000797  00000-0  36466-3 0  9999
2 61109  89.1026 345.9817 0046900  88.4021 272.2540 14.19924240  3342
CZ-6A DEB
1 61109U 24140PB  24271.47211900  .00000797  00000-0  36466-3 0  9999
2 61109  89.1026 345.9817 0046900  88.4021 272.2540 14.19924240  3342
CZ-6A DEB
1 61109U 24140PB  24272.45871311  .00000810  00000-0  37078-3 0  9992
2 61109  89.1025 345.8812 0046889  85.3619 275.2924 14.19925797  3482
CZ-6A DEB
1 61109U 24140PB  24272.59965486  .00000805  00000-0  36852-3 0  9997
2 61109  89.1025 345.8668 0046884  84.9326 275.7213 14.19926043  3500
CZ-6A DEB
1 61109U 24140PB  24272.95200920  .00000848  00000-0  38853-3 0  9992
2 61109  89.1024 345.8309 0046879  83.8435 276.8093 14.19926902  3551
CZ-6A DEB
1 61109U 24140PB  24273.44530530  .00000842  00000-0  38566-3 0  9995
2 61109  89.1024 345.7807 0046865  82.3185 278.3323 14.19927674  3622
CZ-6A DEB
1 61109U 24140PB  24273.93860070  .00000898  00000-0  41181-3 0  9992
2 61109  89.1023 345.7304 0046840  80.7984 279.8500 14.19928881  3696
CZ-6A DEB
1 61109U 24140PB  24273.93860070  .00000898  00000-0  41181-3 0  9992
2 61109  89.1023 345.7304 0046840  80.7984 279.8500 14.19928881  3696
CZ-6A DEB
1 61109U 24140PB  24275.20707294  .00000976  00000-0  44802-3 0  9992
2 61109  89.1022 345.6012 0046795  76.8674 283.7732 14.19931651  3871
CZ-6A DEB
1 61109U 24140PB  24275.48895535  .00000968  00000-0  44456-3 0  9994
2 61109  89.1022 345.5724 0046777  75.9990 284.6394 14.19932099  3917
CZ-6A DEB
1 61109U 24140PB  24275.62989647  .00000970  00000-0  44537-3 0  9991
2 61109  89.1022 345.5581 0046767  75.5667 285.0707 14.19932381  3933
CZ-6A DEB
1 61109U 24140PB  24276.19365997  .00001419  00000-0  65452-3 0  9998
2 61109  89.1020 345.5006 0046750  73.8027 286.8300 14.19936045  4015
CZ-6A DEB
1 61109U 24140PB  24276.61648241  .00001391  00000-0  64130-3 0  9992
2 61109  89.1020 345.4575 0046729  72.4978 288.1311 14.19936797  4078
CZ-6A DEB
1 61109U 24140PB  24276.61648241  .00001391  00000-0  64130-3 0  9992
2 61109  89.1020 345.4575 0046729  72.4978 288.1311 14.19936797  4078
CZ-6A DEB
1 61109U 24140PB  24277.18024632  .00001479  00000-0  68247-3 0  9997
2 61109  89.1018 345.4000 0046707  70.7382 289.8852 14.19938129  4152
CZ-6A DEB
1 61109U 24140PB  24278.16682974  .00001424  00000-0  65670-3 0  9992
2 61109  89.1016 345.2994 0046650  67.6799 292.9326 14.19940059  4295
CZ-6A DEB
1 61109U 24140PB  24278.51918043  .00001463  00000-0  67506-3 0  9993
2 61109  89.1016 345.2635 0046631  66.5857 294.0226 14.19941097  4340
CZ-6A DEB
1 61109U 24140PB  24278.58965052  .00001469  00000-0  67777-3 0  9998
2 61109  89.1016 345.2563 0046628  66.3729 294.2346 14.19941309  4354
CZ-6A DEB
1 61109U 24140PB  24279.43529073  .00001608  00000-0  74266-3 0  9998
2 61109  89.1014 345.1700 0046576  63.7436 296.8530 14.19944214  4476
CZ-6A DEB
1 61109U 24140PB  24279.43529073  .00001608  00000-0  74266-3 0  9998
2 61109  89.1014 345.1700 0046576  63.7436 296.8530 14.19944214  4476
CZ-6A DEB
1 61109U 24140PB  24279.57623101  .00001521  00000-0  70226-3 0  9996
2 61109  89.1013 345.1557 0046563  63.3110 297.2836 14.19943997  4499
CZ-6A DEB
1 61109U 24140PB  24280.13998994  .00001540  00000-0  71095-3 0  9991
2 61109  89.1012 345.0980 0046539  61.5675 299.0193 14.19945669  4579
CZ-6A DEB
1 61109U 24140PB  24280.63327950  .00001268  00000-0  58429-3 0  9997
2 61109  89.1011 345.0477 0046493  60.0337 300.5456 14.19945276  4649
CZ-6A DEB
1 61109U 24140PB  24280.63327950  .00001268  00000-0  58429-3 0  9997
2 61109  89.1011 345.0477 0046493  60.0337 300.5456 14.19945276  4649
CZ-6A DEB
1 61109U 24140PB  24281.47891586  .00001388  00000-0  63991-3 0  9994
2 61109  89.1010 344.9615 0046441  57.4045 303.1615 14.19948249  4761
CZ-6A DEB
1 61109U 24140PB  24282.11314241  .00001252  00000-0  57675-3 0  9996
2 61109  89.1009 344.8969 0046394  55.4392 305.1163 14.19949242  4854
CZ-6A DEB
1 61109U 24140PB  24282.46548122  .00002933  00000-0  13596-2 0  9991
2 61109  89.1009 344.8610 0046383  54.3096 306.2397 14.19961872  4904
CZ-6A DEB
1 61109U 24140PB  24282.46548122  .00002933  00000-0  13596-2 0  9991
2 61109  89.1009 344.8610 0046383  54.3096 306.2397 14.19961872  4904
CZ-6A DEB
1 61109U 24140PB  24282.67689555  .00001637  00000-0  75611-3 0  9997
2 61109  89.1009 344.8394 0046327  53.6519 306.8933 14.19953740  4933
CZ-6A DEB
1 61109U 24140PB  24282.88830647  .00001171  00000-0  53914-3 0  9995
2 61109  89.1009 344.8179 0046320  52.9993 307.5422 14.19951063  4965
CZ-6A DEB
1 61109U 24140PB  24284.15675477  .00001348  00000-0  62151-3 0  9994
2 61109  89.1006 344.6887 0046210  49.0114 311.5059 14.19955443  5144
CZ-6A DEB
1 61109U 24140PB  24284.43863140  .00001362  00000-0  62783-3 0  9998
2 61109  89.1005 344.6594 0046172  48.1161 312.3953 14.19956367  5189
CZ-6A DEB
1 61109U 24140PB  24284.57957001  .00001270  00000-0  58508-3 0  9991
2 61109  89.1005 344.6450 0046155  47.6771 312.8315 14.19956217  5206
CZ-6A DEB
1 61109U 24140PB  24285.42518137  .00005811  00000-0  26982-2 0  9994
2 61109  89.1006 344.5593 0046142  45.0060 315.4854 14.19988226  5328
CZ-6A DEB
1 61109U 24140PB  24285.42518137  .00005811  00000-0  26982-2 0  9994
2 61109  89.1006 344.5593 0046142  45.0060 315.4854 14.19988226  5328
CZ-6A DEB
1 61109U 24140PB  24285.56613589  .00001783  00000-0  82423-3 0  9993
2 61109  89.1009 344.5445 0046062  44.6391 315.8493 14.19961705  5348
CZ-6A DEB
1 61109U 24140PB  24285.56613589  .00001783  00000-0  82423-3 0  9993
2 61109  89.1009 344.5445 0046062  44.6391 315.8493 14.19961705  5348
CZ-6A DEB
1 61109U 24140PB  24286.41176281  .00001305  00000-0  60140-3 0  9993
2 61109  89.1005 344.4583 0045996  41.9151 318.5545 14.19962125  5463
CZ-6A DEB
1 61109U 24140PB  24286.62316970  .00001250  00000-0  57584-3 0  9994
2 61109  89.1004 344.4366 0045977  41.2765 319.1886 14.19962361  5494
CZ-6A DEB
1 61109U 24140PB  24287.18692025  .00001174  00000-0  54052-3 0  9996
2 61109  89.1004 344.3791 0045917  39.4992 320.9530 14.19963503  5574
CZ-6A DEB
1 61109U 24140PB  24287.89160788  .00000975  00000-0  44769-3 0  9992
2 61109  89.1002 344.3071 0045833  37.2915 323.1442 14.19964225  5671
CZ-6A DEB
1 61109U 24140PB  24288.17348280  .00000939  00000-0  43081-3 0  9995
2 61109  89.1002 344.2784 0045796  36.3919 324.0369 14.19964682  5713
CZ-6A DEB
1 61109U 24140PB  24288.17348280  .00000939  00000-0  43081-3 0  9995
2 61109  89.1002 344.2784 0045796  36.3919 324.0369 14.19964682  5713
CZ-6A DEB
1 61109U 24140PB  24289.44191802  .00000896  00000-0  41110-3 0  9995
2 61109  89.0997 344.1484 0045653  32.3655 328.0321 14.19967293  5898
CZ-6A DEB
1 61109U 24140PB  24289.58285531  .00000829  00000-0  37984-3 0  9993
2 61109  89.0997 344.1341 0045631  31.9275 328.4665 14.19967191  5914
CZ-6A DEB
1 61109U 24140PB  24289.86472955  .00000820  00000-0  37536-3 0  9996
2 61109  89.0996 344.1053 0045601  31.0320 329.3549 14.19967683  5953
CZ-6A DEB
1 61109U 24140PB  24290.56941527  .00001134  00000-0  52181-3 0  9993
2 61109  89.0997 344.0335 0045519  28.7430 331.6254 14.19970462  6059
CZ-6A DEB
1 61109U 24140PB  24290.56941527  .00001134  00000-0  52181-3 0  9993
2 61109  89.0997 344.0335 0045519  28.7430 331.6254 14.19970462  6059
CZ-6A DEB
1 61109U 24140PB  24291.41503712  .00001194  00000-0  54976-3 0  9998
2 61109  89.0996 343.9469 0045447  26.0515 334.2948 14.19972120  6174
CZ-6A DEB
1 61109U 24140PB  24292.11972106  .00001247  00000-0  57462-3 0  9995
2 61109  89.0995 343.8748 0045359  23.8185 336.5090 14.19973522  6273
CZ-6A DEB
1 61109U 24140PB  24292.40159413  .00001306  00000-0  60184-3 0  9996
2 61109  89.0995 343.8461 0045317  22.9007 337.4190 14.19974345  6312
CZ-6A DEB
1 61109U 24140PB  24293.38814972  .00001318  00000-0  60782-3 0  9999
2 61109  89.0992 343.7452 0045188  19.7871 340.5058 14.19976136  6450
CZ-6A DEB
1 61109U 24140PB  24293.38814972  .00001318  00000-0  60782-3 0  9999
2 61109  89.0992 343.7452 0045188  19.7871 340.5058 14.19976136  6450
CZ-6A DEB
1 61109U 24140PB  24293.52908678  .00001284  00000-0  59198-3 0  9993
2 61109  89.0993 343.7309 0045160  19.3038 340.9850 14.19975982  6477
CZ-6A DEB
1 61109U 24140PB  24294.58611109  .00000984  00000-0  45221-3 0  9998
2 61109  89.0989 343.6225 0045010  15.9539 344.3057 14.19975693  6623
CZ-6A DEB
1 61109U 24140PB  24294.58611109  .00000984  00000-0  45221-3 0  9998
2 61109  89.0989 343.6225 0045010  15.9539 344.3057 14.19975693  6623
CZ-6A DEB
1 61109U 24140PB  24294.86798451  .00000904  00000-0  41494-3 0  9995
2 61109  89.0988 343.5937 0044977  15.0449 345.2067 14.19975471  6662
CZ-6A DEB
1 61109U 24140PB  24295.14985819  .00000658  00000-0  30033-3 0  9996
2 61109  89.0988 343.5648 0044934  14.1409 346.1027 14.19974272  6709
CZ-6A DEB
1 61109U 24140PB  24296.13641201  .00000645  00000-0  29406-3 0  9998
2 61109  89.0986 343.4639 0044813  10.9523 349.2631 14.19975632  6844
CZ-6A DEB
1 61109U 24140PB  24296.13641201  .00000645  00000-0  29406-3 0  9998
2 61109  89.0986 343.4639 0044813  10.9523 349.2631 14.19975632  6844
CZ-6A DEB
1 61109U 24140PB  24296.62968937  .00000547  00000-0  24840-3 0  9998
2 61109  89.0986 343.4135 0044750   9.3463 350.8549 14.19975569  6913
CZ-6A DEB
1 61109U 24140PB  24297.40483821  .00000554  00000-0  25183-3 0  9998
2 61109  89.0984 343.3341 0044656   6.8379 353.3411 14.19976585  7020
CZ-6A DEB
1 61109U 24140PB  24298.39139026  .00000635  00000-0  28974-3 0  9993
2 61109  89.0983 343.2332 0044528   3.6512 356.4994 14.19978346  7162
CZ-6A DEB
1 61109U 24140PB  24299.09606965  .00000688  00000-0  31421-3 0  9991
2 61109  89.0981 343.1609 0044437   1.3558 358.7744 14.19979611  7265
CZ-6A DEB
1 61109U 24140PB  24299.58934518  .00000720  00000-0  32925-3 0  9990
2 61109  89.0980 343.1105 0044364 359.7675   0.3486 14.19980395  7336
CZ-6A DEB
1 61109U 24140PB  24300.15308812  .00000707  00000-0  32318-3 0  9999
2 61109  89.0980 343.0527 0044292 357.9227   2.1772 14.19981103  7411
CZ-6A DEB
1 61109U 24140PB  24300.15308812  .00000707  00000-0  32318-3 0  9999
2 61109  89.0980 343.0527 0044292 357.9227   2.1772 14.19981103  7411
CZ-6A DEB
1 61109U 24140PB  24300.85776595  .00000808  00000-0  37025-3 0  9995
2 61109  89.0979 342.9805 0044200 355.6206   4.4591 14.19982738  7517
CZ-6A DEB
1 61109U 24140PB  24301.56244355  .00000996  00000-0  45796-3 0  9990
2 61109  89.0978 342.9082 0044112 353.3388   6.7209 14.19984795  7618
CZ-6A DEB
1 61109U 24140PB  24301.84431395  .00001050  00000-0  48294-3 0  9991
2 61109  89.0976 342.8794 0044068 352.4319   7.6200 14.19985655  7650
CZ-6A DEB
1 61109U 24140PB  24301.84431395  .00001050  00000-0  48294-3 0  9991
2 61109  89.0976 342.8794 0044068 352.4319   7.6200 14.19985655  7650
CZ-6A DEB
1 61109U 24140PB  24302.54899024  .00001098  00000-0  50558-3 0  9994
2 61109  89.0976 342.8072 0043989 350.1145   9.9175 14.19987174  7757
CZ-6A DEB
1 61109U 24140PB  24302.83086043  .00001112  00000-0  51215-3 0  9993
2 61109  89.0974 342.7783 0043963 349.1839  10.8401 14.19987804  7790
CZ-6A DEB
1 61109U 24140PB  24303.11273046  .00001120  00000-0  51554-3 0  9991
2 61109  89.0974 342.7494 0043934 348.2527  11.7634 14.19988449  7830
CZ-6A DEB
1 61109U 24140PB  24303.39460081  .00001056  00000-0  48597-3 0  9999
2 61109  89.0973 342.7205 0043898 347.3286  12.6797 14.19988561  7879
CZ-6A DEB
1 61109U 24140PB  24303.60600314  .00001144  00000-0  52682-3 0  9996
2 61109  89.0973 342.6988 0043875 346.6246  13.3777 14.19989493  7904
CZ-6A DEB
1 61109U 24140PB  24304.52207960  .00001175  00000-0  54144-3 0  9997
2 61109  89.0972 342.6050 0043766 343.6222  16.3551 14.19991588  8039
CZ-6A DEB
1 61109U 24140PB  24304.52207960  .00001175  00000-0  54144-3 0  9997
2 61109  89.0972 342.6050 0043766 343.6222  16.3551 14.19991588  8039
CZ-6A DEB
1 61109U 24140PB  24305.36768739  .00001194  00000-0  55027-3 0  9998
2 61109  89.0971 342.5184 0043663 340.8383  19.1162 14.19993579  8152
CZ-6A DEB
1 61109U 24140PB  24306.07235942  .00001186  00000-0  54655-3 0  9999
2 61109  89.0970 342.4462 0043576 338.5038  21.4320 14.19995262  8257
CZ-6A DEB
1 61109U 24140PB  24306.35422776  .00001283  00000-0  59160-3 0  9997
2 61109  89.0970 342.4173 0043541 337.5693  22.3591 14.19996536  8293
CZ-6A DEB
1 61109U 24140PB  24306.84749747  .00001259  00000-0  58075-3 0  9998
2 61109  89.0970 342.3668 0043487 335.9197  23.9959 14.19997640  8361
CZ-6A DEB
1 61109U 24140PB  24307.34076698  .00001230  00000-0  56728-3 0  9994
2 61109  89.0969 342.3162 0043429 334.2760  25.6269 14.19998670  8437
CZ-6A DEB
1 61109U 24140PB  24307.83403528  .00001332  00000-0  61443-3 0  9997
2 61109  89.0968 342.2656 0043382 332.6210  27.2694 14.20000638  8501
CZ-6A DEB
1 61109U 24140PB  24307.83403528  .00001332  00000-0  61443-3 0  9997
2 61109  89.0968 342.2656 0043382 332.6210  27.2694 14.20000638  8501
CZ-6A DEB
1 61109U 24140PB  24308.39777050  .00001323  00000-0  61054-3 0  9991
2 61109  89.0967 342.2078 0043317 330.7451  29.1313 14.20002084  8586
CZ-6A DEB
1 61109U 24140PB  24308.89103838  .00001377  00000-0  63554-3 0  9999
2 61109  89.0966 342.1572 0043258 329.1067  30.7578 14.20003675  8658
CZ-6A DEB
1 61109U 24140PB  24309.10243866  .00001370  00000-0  63231-3 0  9995
2 61109  89.0964 342.1354 0043232 328.4056  31.4540 14.20004251  8687
CZ-6A DEB
1 61109U 24140PB  24309.38430562  .00001383  00000-0  63845-3 0  9991
2 61109  89.0964 342.1065 0043207 327.4650  32.3878 14.20005088  8725
CZ-6A DEB
1 61109U 24140PB  24309.80710611  .00001208  00000-0  55675-3 0  9992
2 61109  89.0963 342.0631 0043156 326.0471  33.7958 14.20005252  8784
CZ-6A DEB
1 61109U 24140PB  24310.37083932  .00001220  00000-0  56261-3 0  9991
2 61109  89.0962 342.0052 0043094 324.1638  35.6662 14.20006866  8869
CZ-6A DEB
1 61109U 24140PB  24310.51177262  .00001102  00000-0  50760-3 0  9994
2 61109  89.0961 341.9908 0043081 323.6891  36.1377 14.20006621  8887
CZ-6A DEB
1 61109U 24140PB  24311.35737132  .00001248  00000-0  57559-3 0  9999
2 61109  89.0960 341.9041 0042989 320.8407  38.9674 14.20009652  9004
CZ-6A DEB
1 61109U 24140PB  24311.78017014  .00001251  00000-0  57678-3 0  9992
2 61109  89.0959 341.8607 0042963 319.4160  40.3829 14.20010831  9067
CZ-6A DEB
1 61109U 24140PB  24311.78017014  .00001251  00000-0  57678-3 0  9992
2 61109  89.0959 341.8607 0042963 319.4160  40.3829 14.20010831  9067
CZ-6A DEB
1 61109U 24140PB  24312.34390178  .00001195  00000-0  55083-3 0  9995
2 61109  89.0959 341.8028 0042904 317.5208  42.2664 14.20011983  9147
CZ-6A DEB
1 61109U 24140PB  24312.83716631  .00001168  00000-0  53810-3 0  9991
2 61109  89.0958 341.7522 0042843 315.8595  43.9178 14.20013185  9218
CZ-6A DEB
1 61109U 24140PB  24312.83716631  .00001168  00000-0  53810-3 0  9991
2 61109  89.0958 341.7522 0042843 315.8595  43.9178 14.20013185  9218
CZ-6A DEB
1 61109U 24140PB  24313.82369485  .00001198  00000-0  55196-3 0  9994
2 61109  89.0957 341.6509 0042747 312.5289  47.2294 14.20015786  9358
CZ-6A DEB
1 61109U 24140PB  24314.03509357  .00001165  00000-0  53657-3 0  9996
2 61109  89.0957 341.6292 0042736 311.8150  47.9393 14.20016157  9387
CZ-6A DEB
1 61109U 24140PB  24314.31695816  .00001264  00000-0  58299-3 0  9990
2 61109  89.0956 341.6002 0042708 310.8642  48.8850 14.20017473  9424
CZ-6A DEB
1 61109U 24140PB  24314.81022007  .00001459  00000-0  67367-3 0  9993
2 61109  89.0955 341.5495 0042648 309.1968  50.5437 14.20020152  9499
CZ-6A DEB
1 61109U 24140PB  24315.51488280  .00001099  00000-0  50611-3 0  9994
2 61109  89.0954 341.4771 0042600 306.8019  52.9265 14.20019500  9594
CZ-6A DEB
1 61109U 24140PB  24315.79674714  .00001082  00000-0  49829-3 0  9994
2 61109  89.0954 341.4481 0042575 305.8484  53.8754 14.20020070  9630
CZ-6A DEB
1 61109U 24140PB  24315.86721314  .00001165  00000-0  53663-3 0  9994
2 61109  89.0954 341.4409 0042570 305.6128  54.1099 14.20020691  9644
CZ-6A DEB
1 61109U 24140PB  24316.36047565  .00001084  00000-0  49904-3 0  9992
2 61109  89.0953 341.3902 0042541 303.9385  55.7764 14.20021349  9719
CZ-6A DEB
1 61109U 24140PB  24317.48793185  .00000929  00000-0  42697-3 0  9991
2 61109  89.0951 341.2743 0042458 300.1148  59.5836 14.20022942  9871
CZ-6A DEB
1 61109U 24140PB  24317.48793185  .00000929  00000-0  42697-3 0  9991
2 61109  89.0951 341.2743 0042458 300.1148  59.5836 14.20022942  9871
CZ-6A DEB
1 61109U 24140PB  24317.76979570  .00000935  00000-0  42947-3 0  9991
2 61109  89.0951 341.2453 0042439 299.1602  60.5344 14.20023539  9914
CZ-6A DEB
1 61109U 24140PB  24318.33352338  .00000895  00000-0  41090-3 0  9995
2 61109  89.0950 341.1874 0042412 297.2514  62.4359 14.20024383  9994
CZ-6A DEB
1 61109U 24140PB  24319.03818250  .00000803  00000-0  36826-3 0  9993
2 61109  89.0949 341.1149 0042368 294.8469  64.8318 14.20025217 10090
CZ-6A DEB
1 61109U 24140PB  24319.03818250  .00000803  00000-0  36826-3 0  9993
2 61109  89.0949 341.1149 0042368 294.8469  64.8318 14.20025217 10090
CZ-6A DEB
1 61109U 24140PB  24320.30656772  .00000677  00000-0  30925-3 0  9997
2 61109  89.0947 340.9846 0042305 290.5105  69.1547 14.20026783 10271
CZ-6A DEB
1 61109U 24140PB  24320.51796506  .00000691  00000-0  31593-3 0  9998
2 61109  89.0947 340.9628 0042298 289.7908  69.8724 14.20027251 10300
CZ-6A DEB
1 61109U 24140PB  24321.08169136  .00000682  00000-0  31160-3 0  9994
2 61109  89.0946 340.9048 0042270 287.8626  71.7956 14.20028121 10385
CZ-6A DEB
1 61109U 24140PB  24321.50448650  .00000568  00000-0  25842-3 0  9995
2 61109  89.0945 340.8613 0042258 286.4141  73.2407 14.20027999 10441
CZ-6A DEB
1 61109U 24140PB  24322.77287078  .00000527  00000-0  23915-3 0  9994
2 61109  89.0943 340.7308 0042206 282.0717  77.5745 14.20029294 10625
CZ-6A DEB
1 61109U 24140PB  24322.77287078  .00000527  00000-0  23915-3 0  9994
2 61109  89.0943 340.7308 0042206 282.0717  77.5745 14.20029294 10625
CZ-6A DEB
1 61109U 24140PB  24323.33659687  .00000493  00000-0  22367-3 0  9998
2 61109  89.0943 340.6728 0042213 280.1573  79.4857 14.20029746 10703
CZ-6A DEB
1 61109U 24140PB  24323.75939137  .00000493  00000-0  22354-3 0  9991
2 61109  89.0943 340.6293 0042205 278.7130  80.9281 14.20030211 10766
CZ-6A DEB
1 61109U 24140PB  24324.04125433  .00000495  00000-0  22434-3 0  9991
2 61109  89.0942 340.6003 0042202 277.7545  81.8854 14.20030538 10803
CZ-6A DEB
1 61109U 24140PB  24324.32311727  .00000513  00000-0  23293-3 0  9990
2 61109  89.0942 340.5713 0042197 276.7937  82.8452 14.20030918 10848
CZ-6A DEB
1 61109U 24140PB  24325.38010287  .00000523  00000-0  23760-3 0  9994
2 61109  89.0942 340.4626 0042179 273.1735  86.4630 14.20032114 10991
CZ-6A DEB
1 61109U 24140PB  24325.38010287  .00000523  00000-0  23760-3 0  9994
2 61109  89.0942 340.4626 0042179 273.1735  86.4630 14.20032114 10991
CZ-6A DEB
1 61109U 24140PB  24325.52103433  .00000612  00000-0  27891-3 0  9994
2 61109  89.0942 340.4481 0042178 272.6900  86.9463 14.20032715 11017
CZ-6A DEB
1 61109U 24140PB  24327.07127886  .00000648  00000-0  29556-3 0  9993
2 61109  89.0942 340.2886 0042175 267.3897  92.2465 14.20034583 11238
CZ-6A DEB
1 61109U 24140PB  24327.07127886  .00000648  00000-0  29556-3 0  9993
2 61109  89.0942 340.2886 0042175 267.3897  92.2465 14.20034583 11238
CZ-6A DEB
1 61109U 24140PB  24328.48059083  .00000648  00000-0  29583-3 0  9992
2 61109  89.0941 340.1435 0042203 262.5897  97.0496 14.20036208 11430
CZ-6A DEB
1 61109U 24140PB  24328.48059083  .00000648  00000-0  29583-3 0  9992
2 61109  89.0941 340.1435 0042203 262.5897  97.0496 14.20036208 11430
CZ-6A DEB
1 61109U 24140PB  24329.32617715  .00000669  00000-0  30550-3 0  9997
2 61109  89.0941 340.0563 0042218 259.6939  99.9490 14.20037423 11559
CZ-6A DEB
1 61109U 24140PB  24330.52409023  .00000760  00000-0  34800-3 0  9996
2 61109  89.0940 339.9331 0042250 255.6205 104.0294 14.20039593 11725
CZ-6A DEB
1 61109U 24140PB  24330.52409023  .00000760  00000-0  34800-3 0  9996
2 61109  89.0940 339.9331 0042250 255.6205 104.0294 14.20039593 11725
CZ-6A DEB
1 61109U 24140PB  24331.01734792  .00000817  00000-0  37430-3 0  9990
2 61109  89.0940 339.8824 0042270 253.9738 105.6795 14.20040710 11798
CZ-6A DEB
1 61109U 24140PB  24332.28572438  .00000918  00000-0  42163-3 0  9998
2 61109  89.0939 339.7518 0042299 249.5984 110.0661 14.20043265 11970
CZ-6A DEB
1 61109U 24140PB  24332.28572438  .00000918  00000-0  42163-3 0  9998
2 61109  89.0939 339.7518 0042299 249.5984 110.0661 14.20043265 11970
CZ-6A DEB
1 61109U 24140PB  24333.34270342  .00001000  00000-0  45983-3 0  9991
2 61109  89.0939 339.6432 0042341 245.9490 113.7267 14.20045538 12129
CZ-6A DEB
1 61109U 24140PB  24333.34270342  .00001000  00000-0  45983-3 0  9991
2 61109  89.0939 339.6432 0042341 245.9490 113.7267 14.20045538 12129
CZ-6A DEB
1 61109U 24140PB  24334.75200670  .00000939  00000-0  43114-3 0  9998
2 61109  89.0937 339.4980 0042426 241.1367 118.5563 14.20047878 12321
CZ-6A DEB
1 61109U 24140PB  24334.75200670  .00000939  00000-0  43114-3 0  9998
2 61109  89.0937 339.4980 0042426 241.1367 118.5563 14.20047878 12321
CZ-6A DEB
1 61109U 24140PB  24335.31572734  .00000981  00000-0  45081-3 0  9996
2 61109  89.0936 339.4400 0042462 239.2225 120.4782 14.20049210 12404
CZ-6A DEB
1 61109U 24140PB  24335.73851794  .00000892  00000-0  40908-3 0  9992
2 61109  89.0936 339.3964 0042493 237.7815 121.9253 14.20049463 12465
CZ-6A DEB
1 61109U 24140PB  24336.30223801  .00000925  00000-0  42466-3 0  9996
2 61109  89.0936 339.3384 0042532 235.8833 123.8319 14.20050749 12546
CZ-6A DEB
1 61109U 24140PB  24336.30223801  .00000925  00000-0  42466-3 0  9996
2 61109  89.0936 339.3384 0042532 235.8833 123.8319 14.20050749 12546
CZ-6A DEB
1 61109U 24140PB  24337.28874751  .00000915  00000-0  41974-3 0  9992
2 61109  89.0935 339.2368 0042605 232.5485 127.1826 14.20052566 12688
CZ-6A DEB
1 61109U 24140PB  24337.71153709  .00000837  00000-0  38377-3 0  9999
2 61109  89.0935 339.1932 0042642 231.1124 128.6260 14.20052927 12746
CZ-6A DEB
1 61109U 24140PB  24337.71153709  .00000837  00000-0  38377-3 0  9999
2 61109  89.0935 339.1932 0042642 231.1124 128.6260 14.20052927 12746
CZ-6A DEB
1 61109U 24140PB  24338.27525602  .00000850  00000-0  38948-3 0  9995
2 61109  89.0935 339.1351 0042676 229.2312 130.5171 14.20054077 12825
CZ-6A DEB
1 61109U 24140PB  24339.05036921  .00000845  00000-0  38737-3 0  9993
2 61109  89.0934 339.0553 0042741 226.6172 133.1456 14.20055491 12933
CZ-6A DEB
1 61109U 24140PB  24339.47315811  .00000811  00000-0  37117-3 0  9991
2 61109  89.0934 339.0117 0042782 225.1842 134.5868 14.20056035 12995
CZ-6A DEB
1 61109U 24140PB  24339.75501725  .00000777  00000-0  35534-3 0  9995
2 61109  89.0935 338.9828 0042810 224.2272 135.5494 14.20056337 13039
CZ-6A DEB
1 61109U 24140PB  24340.45966471  .00000825  00000-0  37805-3 0  9994
2 61109  89.0934 338.9101 0042879 221.8525 137.9384 14.20057841 13137
CZ-6A DEB
1 61109U 24140PB  24340.45966471  .00000825  00000-0  37805-3 0  9994
2 61109  89.0934 338.9101 0042879 221.8525 137.9384 14.20057841 13137
CZ-6A DEB
1 61109U 24140PB  24340.95291773  .00000732  00000-0  33458-3 0  9992
2 61109  89.0933 338.8593 0042928 220.1967 139.6046 14.20058169 13203
CZ-6A DEB
1 61109U 24140PB  24341.44617056  .00000757  00000-0  34618-3 0  9999
2 61109  89.0934 338.8085 0042976 218.5392 141.2728 14.20059107 13272
CZ-6A DEB
1 61109U 24140PB  24341.72802920  .00000741  00000-0  33865-3 0  9992
2 61109  89.0934 338.7795 0042998 217.5931 142.2251 14.20059473 13314
CZ-6A DEB
1 61109U 24140PB  24341.72802920  .00000741  00000-0  33865-3 0  9992
2 61109  89.0934 338.7795 0042998 217.5931 142.2251 14.20059473 13314
CZ-6A DEB
1 61109U 24140PB  24342.43267545  .00000751  00000-0  34310-3 0  9996
2 61109  89.0935 338.7069 0043068 215.2352 144.5989 14.20060680 13416
CZ-6A DEB
1 61109U 24140PB  24342.71453380  .00000772  00000-0  35314-3 0  9999
2 61109  89.0935 338.6779 0043093 214.2885 145.5522 14.20061244 13456
CZ-6A DEB
1 61109U 24140PB  24342.99639210  .00000755  00000-0  34491-3 0  9993
2 61109  89.0935 338.6489 0043122 213.3490 146.4982 14.20061614 13494
CZ-6A DEB
1 61109U 24140PB  24343.27825046  .00000756  00000-0  34562-3 0  9999
2 61109  89.0935 338.6198 0043143 212.4118 147.4422 14.20062013 13530
CZ-6A DEB
1 61109U 24140PB  24343.70103775  .00000750  00000-0  34287-3 0  9993
2 61109  89.0935 338.5763 0043187 210.9973 148.8668 14.20062626 13590
CZ-6A DEB
1 61109U 24140PB  24344.05336022  .00000766  00000-0  35024-3 0  9992
2 61109  89.0936 338.5400 0043230 209.8174 150.0553 14.20063305 13647
CZ-6A DEB
1 61109U 24140PB  24344.54661178  .00000764  00000-0  34937-3 0  9999
2 61109  89.0936 338.4892 0043281 208.1783 151.7065 14.20064004 13716
CZ-6A DEB
1 61109U 24140PB  24345.46264966  .00000769  00000-0  35157-3 0  9995
2 61109  89.0936 338.3948 0043386 205.1206 154.7874 14.20065412 13849
CZ-6A DEB
1 61109U 24140PB  24345.53311419  .00000711  00000-0  32477-3 0  9998
2 61109  89.0936 338.3876 0043392 204.8892 155.0206 14.20065179 13857
CZ-6A DEB
1 61109U 24140PB  24345.74450749  .00000710  00000-0  32420-3 0  9998
2 61109  89.0936 338.3658 0043414 204.1835 155.7318 14.20065458 13884
CZ-6A DEB
1 61109U 24140PB  24346.30822269  .00000687  00000-0  31311-3 0  9992
2 61109  89.0936 338.3077 0043493 202.3127 157.6172 14.20066150 13968
CZ-6A DEB
1 61109U 24140PB  24346.94240201  .00000621  00000-0  28249-3 0  9996
2 61109  89.0936 338.2424 0043571 200.2109 159.7358 14.20066722 14052
CZ-6A DEB
1 61109U 24140PB  24347.01286638  .00000617  00000-0  28080-3 0  9997
2 61109  89.0936 338.2351 0043581 199.9734 159.9753 14.20066799 14066
CZ-6A DEB
1 61109U 24140PB  24347.29472380  .00000625  00000-0  28433-3 0  9999
2 61109  89.0936 338.2061 0043615 199.0414 160.9148 14.20067203 14104
CZ-6A DEB
1 61109U 24140PB  24347.92890266  .00000556  00000-0  25247-3 0  9999
2 61109  89.0936 338.1408 0043696 196.9466 163.0267 14.20067728 14197
CZ-6A DEB
1 61109U 24140PB  24348.42215285  .00000559  00000-0  25357-3 0  9992
2 61109  89.0936 338.0900 0043758 195.3200 164.6669 14.20068350 14264
CZ-6A DEB
1 61109U 24140PB  24348.42215285  .00000559  00000-0  25357-3 0  9992
2 61109  89.0936 338.0900 0043758 195.3200 164.6669 14.20068350 14264
CZ-6A DEB
1 61109U 24140PB  24348.91540266  .00000559  00000-0  25381-3 0  9993
2 61109  89.0936 338.0392 0043825 193.7029 166.2976 14.20069007 14332
CZ-6A DEB
1 61109U 24140PB  24349.69050929  .00000616  00000-0  28025-3 0  9993
2 61109  89.0937 337.9593 0043922 191.1493 168.8729 14.20070256 14443
CZ-6A DEB
1 61109U 24140PB  24349.97236612  .00000615  00000-0  27947-3 0  9990
2 61109  89.0937 337.9303 0043957 190.2282 169.8019 14.20070609 14485
CZ-6A DEB
1 61109U 24140PB  24350.39515134  .00000620  00000-0  28205-3 0  9991
2 61109  89.0937 337.8868 0044001 188.8426 171.1994 14.20071114 14541
CZ-6A DEB
1 61109U 24140PB  24351.24072147  .00000589  00000-0  26764-3 0  9990
2 61109  89.0938 337.7998 0044091 186.0695 173.9967 14.20071868 14661
CZ-6A DEB
1 61109U 24140PB  24351.24072147  .00000589  00000-0  26764-3 0  9990
2 61109  89.0938 337.7998 0044091 186.0695 173.9967 14.20071868 14661
CZ-6A DEB
1 61109U 24140PB  24351.94536281  .00000613  00000-0  27872-3 0  9990
2 61109  89.0938 337.7272 0044181 183.7646 176.3219 14.20072774 14761
CZ-6A DEB
1 61109U 24140PB  24352.43861153  .00000596  00000-0  27088-3 0  9993
2 61109  89.0938 337.6764 0044249 182.1546 177.9461 14.20073223 14837
CZ-6A DEB
1 61109U 24140PB  24352.43861153  .00000596  00000-0  27088-3 0  9993
2 61109  89.0938 337.6764 0044249 182.1546 177.9461 14.20073223 14837
CZ-6A DEB
1 61109U 24140PB  24352.93186002  .00000647  00000-0  29450-3 0  9993
2 61109  89.0938 337.6256 0044310 180.5427 179.5723 14.20074048 14905
CZ-6A DEB
1 61109U 24140PB  24353.21371632  .00000612  00000-0  27803-3 0  9992
2 61109  89.0939 337.5966 0044344 179.6187 180.5045 14.20074136 14943
CZ-6A DEB
1 61109U 24140PB  24354.20021266  .00000613  00000-0  27869-3 0  9990
2 61109  89.0940 337.4950 0044486 176.4159 183.7359 14.20075229 15081
CZ-6A DEB
1 61109U 24140PB  24354.20021266  .00000613  00000-0  27869-3 0  9990
2 61109  89.0940 337.4950 0044486 176.4159 183.7359 14.20075229 15081
CZ-6A DEB
1 61109U 24140PB  24354.90485250  .00000535  00000-0  24209-3 0  9992
2 61109  89.0940 337.4224 0044580 174.1338 186.0384 14.20075584 15183
CZ-6A DEB
1 61109U 24140PB  24355.25717213  .00000543  00000-0  24582-3 0  9991
2 61109  89.0941 337.3862 0044622 172.9964 187.1859 14.20076042 15234
CZ-6A DEB
1 61109U 24140PB  24355.46856394  .00000518  00000-0  23426-3 0  9996
2 61109  89.0941 337.3644 0044650 172.3162 187.8722 14.20076151 15267
CZ-6A DEB
1 61109U 24140PB  24355.67995568  .00000516  00000-0  23335-3 0  9993
2 61109  89.0942 337.3427 0044677 171.6422 188.5523 14.20076366 15295
CZ-6A DEB
1 61109U 24140PB  24356.45505833  .00000560  00000-0  25381-3 0  9994
2 61109  89.0943 337.2629 0044772 169.1485 191.0682 14.20077499 15402
CZ-6A DEB
1 61109U 24140PB  24356.94830518  .00000612  00000-0  27824-3 0  9991
2 61109  89.0941 337.2121 0044831 167.5364 192.6946 14.20078365 15471
CZ-6A DEB
1 61109U 24140PB  24357.44155194  .00000587  00000-0  26622-3 0  9993
2 61109  89.0942 337.1613 0044893 165.9511 194.2940 14.20078760 15540
CZ-6A DEB
1 61109U 24140PB  24357.93479832  .00000638  00000-0  29024-3 0  9991
2 61109  89.0941 337.1105 0044951 164.3613 195.8978 14.20079631 15610
CZ-6A DEB
1 61109U 24140PB  24357.93479832  .00000638  00000-0  29024-3 0  9991
2 61109  89.0941 337.1105 0044951 164.3613 195.8978 14.20079631 15610
CZ-6A DEB
1 61109U 24140PB  24359.41453607  .00000714  00000-0  32559-3 0  9990
2 61109  89.0943 336.9583 0045133 159.6228 200.6776 14.20081858 15829
CZ-6A DEB
1 61109U 24140PB  24359.41453607  .00000714  00000-0  32559-3 0  9990
2 61109  89.0943 336.9583 0045133 159.6228 200.6776 14.20081858 15829
CZ-6A DEB
1 61109U 24140PB  24359.90778142  .00000703  00000-0  32040-3 0  9991
2 61109  89.0944 336.9076 0045193 158.0507 202.2633 14.20082458 15890
CZ-6A DEB
1 61109U 24140PB  24360.40102645  .00000780  00000-0  35620-3 0  9999
2 61109  89.0944 336.8569 0045259 156.4804 203.8470 14.20083549 15967
CZ-6A DEB
1 61109U 24140PB  24360.96473489  .00000709  00000-0  32288-3 0  9995
2 61109  89.0944 336.7989 0045323 154.6706 205.6720 14.20083933 16040
CZ-6A DEB
1 61109U 24140PB  24361.17612533  .00000763  00000-0  34833-3 0  9992
2 61109  89.0944 336.7771 0045360 154.0201 206.3281 14.20084522 16072
CZ-6A DEB
1 61109U 24140PB  24361.38751576  .00000762  00000-0  34773-3 0  9998
2 61109  89.0944 336.7554 0045386 153.3490 207.0047 14.20084841 16107
CZ-6A DEB
1 61109U 24140PB  24361.88075986  .00000755  00000-0  34443-3 0  9993
2 61109  89.0945 336.7047 0045436 151.7744 208.5923 14.20085558 16177
CZ-6A DEB
1 61109U 24140PB  24362.23307700  .00000762  00000-0  34773-3 0  9999
2 61109  89.0945 336.6685 0045473 150.6516 209.7243 14.20086094 16220
CZ-6A DEB
1 61109U 24140PB  24362.44446716  .00000767  00000-0  34986-3 0  9994
2 61109  89.0945 336.6467 0045501 149.9828 210.3985 14.20086449 16255
CZ-6A DEB
1 61109U 24140PB  24362.93771063  .00000745  00000-0  33945-3 0  9994
2 61109  89.0946 336.5960 0045554 148.4185 211.9754 14.20087095 16328
CZ-6A DEB
1 61109U 24140PB  24363.64234362  .00000785  00000-0  35817-3 0  9993
2 61109  89.0947 336.5236 0045638 146.1720 214.2396 14.20088386 16421
CZ-6A DEB
1 61109U 24140PB  24364.20604947  .00000800  00000-0  36529-3 0  9995
2 61109  89.0947 336.4656 0045694 144.3852 216.0403 14.20089372 16508
CZ-6A DEB
1 61109U 24140PB  24364.62882854  .00000816  00000-0  37267-3 0  9993
2 61109  89.0947 336.4221 0045740 143.0514 217.3842 14.20090153 16565
CZ-6A DEB
1 61109U 24140PB  24365.19253361  .00000974  00000-0  44587-3 0  9999
2 61109  89.0947 336.3641 0045792 141.2527 219.1963 14.20091919 16645
CZ-6A DEB
1 61109U 24140PB  24365.89716417  .00000890  00000-0  40683-3 0  9992
2 61109  89.0949 336.2917 0045858 139.0534 221.4115 14.20092711 16745
CZ-6A DEB
1 61109U 24140PB  24366.24947932  .00000959  00000-0  43907-3 0  9998
2 61109  89.0949 336.2555 0045894 137.9427 222.5301 14.20093642 16799
CZ-6A DEB
1 61109U 24140PB  24366.24947932  .00000959  00000-0  43907-3 0  9998
2 61109  89.0949 336.2555 0045894 137.9427 222.5301 14.20093642 16799
CZ-6A DEB
1 61109U 24140PB  24366.67225708  .00001035  00000-0  47448-3 0  9995
2 61109  89.0950 336.2120 0045937 136.6132 223.8689 14.20094797 16858
CZ-6A DEB
1 61109U 24140PB  25001.16549717  .00001038  00000-0  47573-3 0  9997
2 61109  89.0951 336.1613 0045984 135.0643 225.4284 14.20095811 16922
CZ-6A DEB
1 61109U 24140PB  25001.65873674  .00001078  00000-0  49430-3 0  9991
2 61109  89.0951 336.1106 0046034 133.5251 226.9779 14.20097059 16992
CZ-6A DEB
1 61109U 24140PB  25001.65873674  .00001078  00000-0  49430-3 0  9991
2 61109  89.0951 336.1106 0046034 133.5251 226.9779 14.20097059 16992
CZ-6A DEB
1 61109U 24140PB  25002.36336337  .00001281  00000-0  58875-3 0  9999
2 61109  89.0952 336.0382 0046095 131.3114 229.2058 14.20099854 17092
CZ-6A DEB
1 61109U 24140PB  25003.42030346  .00000971  00000-0  44460-3 0  9998
2 61109  89.0953 335.9295 0046189 128.0093 232.5281 14.20100284 17249
CZ-6A DEB
1 61109U 24140PB  25003.91354130  .00000839  00000-0  38309-3 0  9990
2 61109  89.0954 335.8788 0046231 126.4748 234.0716 14.20100623 17318
CZ-6A DEB
1 61109U 24140PB  25004.33631612  .00000918  00000-0  41972-3 0  9998
2 61109  89.0955 335.8353 0046265 125.1610 235.3928 14.20101962 17370
CZ-6A DEB
1 61109U 24140PB  25004.33631612  .00000918  00000-0  41972-3 0  9998
2 61109  89.0955 335.8353 0046265 125.1610 235.3928 14.20101962 17370
CZ-6A DEB
1 61109U 24140PB  25004.90001517  .00000990  00000-0  45309-3 0  9994
2 61109  89.0955 335.7774 0046310 123.3866 237.1768 14.20103663 17451
CZ-6A DEB
1 61109U 24140PB  25005.18186456  .00000968  00000-0  44293-3 0  9997
2 61109  89.0956 335.7485 0046333 122.5089 238.0592 14.20104163 17499
CZ-6A DEB
1 61109U 24140PB  25005.88648756  .00000918  00000-0  41957-3 0  9999
2 61109  89.0956 335.6761 0046386 120.3145 240.2646 14.20105451 17599
CZ-6A DEB
1 61109U 24140PB  25006.23879870  .00000900  00000-0  41147-3 0  9994
2 61109  89.0957 335.6398 0046412 119.2151 241.3693 14.20106123 17647
CZ-6A DEB
1 61109U 24140PB  25006.87295843  .00000837  00000-0  38206-3 0  9997
2 61109  89.0957 335.5747 0046460 117.2478 243.3456 14.20107122 17736
CZ-6A DEB
1 61109U 24140PB  25007.15480701  .00000816  00000-0  37223-3 0  9993
2 61109  89.0958 335.5457 0046481 116.3712 244.2261 14.20107569 17772
CZ-6A DEB
1 61109U 24140PB  25007.36619346  .00000789  00000-0  35968-3 0  9998
2 61109  89.0958 335.5240 0046494 115.7167 244.8834 14.20107836 17806
CZ-6A DEB
1 61109U 24140PB  25007.85942798  .00000738  00000-0  33609-3 0  9996
2 61109  89.0958 335.4734 0046518 114.1991 246.4071 14.20108537 17875
CZ-6A DEB
1 61109U 24140PB  25008.42312447  .00000710  00000-0  32290-3 0  9997
2 61109  89.0959 335.4154 0046554 112.4506 248.1624 14.20109365 17957
CZ-6A DEB
1 61109U 24140PB  25008.63450987  .00000799  00000-0  36417-3 0  9994
2 61109  89.0957 335.3939 0046580 111.8363 248.7791 14.20110346 17983
CZ-6A DEB
1 61109U 24140PB  25008.63450987  .00000799  00000-0  36417-3 0  9994
2 61109  89.0957 335.3939 0046580 111.8363 248.7791 14.20110346 17983
CZ-6A DEB
1 61109U 24140PB  25008.84589664  .00000623  00000-0  28244-3 0  9997
2 61109  89.0960 335.3721 0046580 111.1510 249.4668 14.20109566 18011
CZ-6A DEB
1 61109U 24140PB  25009.33913052  .00000608  00000-0  27584-3 0  9993
2 61109  89.0960 335.3214 0046610 109.6234 250.9996 14.20110254 18081
CZ-6A DEB
1 61109U 24140PB  25009.97328782  .00000607  00000-0  27493-3 0  9991
2 61109  89.0961 335.2563 0046643 107.6646 252.9645 14.20111209 18173
CZ-6A DEB
1 61109U 24140PB  25010.32559744  .00000566  00000-0  25624-3 0  9994
2 61109  89.0962 335.2201 0046657 106.5755 254.0567 14.20111441 18227
CZ-6A DEB
1 61109U 24140PB  25010.88929218  .00000560  00000-0  25353-3 0  9995
2 61109  89.0962 335.1622 0046680 104.8238 255.8130 14.20112211 18306
CZ-6A DEB
1 61109U 24140PB  25011.17113955  .00000548  00000-0  24795-3 0  9996
2 61109  89.0962 335.1333 0046693 103.9430 256.6959 14.20112482 18345
CZ-6A DEB
1 61109U 24140PB  25011.87575753  .00000533  00000-0  24066-3 0  9996
2 61109  89.0963 335.0610 0046711 101.7626 258.8810 14.20113260 18443
CZ-6A DEB
1 61109U 24140PB  25012.36899010  .00000535  00000-0  24168-3 0  9991
2 61109  89.0964 335.0104 0046720 100.2430 260.4033 14.20113740 18516
CZ-6A DEB
1 61109U 24140PB  25012.36899010  .00000535  00000-0  24168-3 0  9991
2 61109  89.0964 335.0104 0046720 100.2430 260.4033 14.20113740 18516
CZ-6A DEB
1 61109U 24140PB  25012.65083699  .00000517  00000-0  23352-3 0  9995
2 61109  89.0964 334.9815 0046732  99.3726 261.2752 14.20113959 18555
CZ-6A DEB
1 61109U 24140PB  25013.84868552  .00000508  00000-0  22911-3 0  9996
2 61109  89.0966 334.8585 0046766  95.6703 264.9822 14.20115212 18722
CZ-6A DEB
1 61109U 24140PB  25013.84868552  .00000508  00000-0  22911-3 0  9996
2 61109  89.0966 334.8585 0046766  95.6703 264.9822 14.20115212 18722
CZ-6A DEB
1 61109U 24140PB  25014.34191671  .00000542  00000-0  24476-3 0  9999
2 61109  89.0967 334.8079 0046771  94.1541 266.4997 14.20115947 18793
CZ-6A DEB
1 61109U 24140PB  25014.90560928  .00000508  00000-0  22909-3 0  9997
2 61109  89.0968 334.7501 0046788  92.4151 268.2397 14.20116384 18878
CZ-6A DEB
1 61109U 24140PB  25014.90560928  .00000508  00000-0  22909-3 0  9997
2 61109  89.0968 334.7501 0046788  92.4151 268.2397 14.20116384 18878
CZ-6A DEB
1 61109U 24140PB  25015.39884002  .00000532  00000-0  24049-3 0  9997
2 61109  89.0969 334.6995 0046790  90.8939 269.7613 14.20117033 18941
CZ-6A DEB
1 61109U 24140PB  25016.31483913  .00000548  00000-0  24769-3 0  9992
2 61109  89.0970 334.6056 0046792  88.0686 272.5862 14.20118115 19076
CZ-6A DEB
1 61109U 24140PB  25016.31483913  .00000548  00000-0  24769-3 0  9992
2 61109  89.0970 334.6056 0046792  88.0686 272.5862 14.20118115 19076
CZ-6A DEB
1 61109U 24140PB  25016.87853027  .00000591  00000-0  26772-3 0  9994
2 61109  89.0971 334.5477 0046793  86.3239 274.3301 14.20119015 19156
CZ-6A DEB
1 61109U 24140PB  25017.58314369  .00000623  00000-0  28232-3 0  9993
2 61109  89.0972 334.4755 0046789  84.1502 276.5019 14.20120001 19257
CZ-6A DEB
1 61109U 24140PB  25017.58314369  .00000623  00000-0  28232-3 0  9993
2 61109  89.0972 334.4755 0046789  84.1502 276.5019 14.20120001 19257
CZ-6A DEB
1 61109U 24140PB  25017.86498893  .00000666  00000-0  30230-3 0  9997
2 61109  89.0972 334.4466 0046784  83.2741 277.3770 14.20120566 19299
CZ-6A DEB
1 61109U 24140PB  25018.14683397  .00000693  00000-0  31512-3 0  9998
2 61109  89.0973 334.4177 0046785  82.3986 278.2515 14.20121067 19330
CZ-6A DEB
1 61109U 24140PB  25018.85144639  .00000715  00000-0  32532-3 0  9995
2 61109  89.0974 334.3455 0046777  80.2209 280.4259 14.20122045 19433
CZ-6A DEB
1 61109U 24140PB  25018.85144639  .00000715  00000-0  32532-3 0  9995
2 61109  89.0974 334.3455 0046777  80.2209 280.4259 14.20122045 19433
CZ-6A DEB
1 61109U 24140PB  25019.34467468  .00000726  00000-0  33059-3 0  9995
2 61109  89.0974 334.2949 0046767  78.6981 281.9459 14.20122726 19509
CZ-6A DEB
1 61109U 24140PB  25019.83790244  .00000782  00000-0  35659-3 0  9990
2 61109  89.0975 334.2444 0046760  77.1695 283.4713 14.20123733 19575
CZ-6A DEB
1 61109U 24140PB  25020.33112972  .00000862  00000-0  39367-3 0  9992
2 61109  89.0974 334.1938 0046752  75.6529 284.9845 14.20124925 19645
CZ-6A DEB
1 61109U 24140PB  25020.33112972  .00000862  00000-0  39367-3 0  9992
2 61109  89.0974 334.1938 0046752  75.6529 284.9845 14.20124925 19645
CZ-6A DEB
1 61109U 24140PB  25020.82435690  .00000803  00000-0  36599-3 0  9990
2 61109  89.0974 334.1432 0046741  74.1302 286.5033 14.20125329 19719
CZ-6A DEB
1 61109U 24140PB  25021.31758353  .00000865  00000-0  39500-3 0  9992
2 61109  89.0975 334.0927 0046726  72.6080 288.0212 14.20126448 19783
CZ-6A DEB
1 61109U 24140PB  25021.81080983  .00000851  00000-0  38826-3 0  9999
2 61109  89.0976 334.0422 0046712  71.0831 289.5415 14.20127174 19852
CZ-6A DEB
1 61109U 24140PB  25021.81080983  .00000851  00000-0  38826-3 0  9999
2 61109  89.0976 334.0422 0046712  71.0831 289.5415 14.20127174 19852
CZ-6A DEB
1 61109U 24140PB  25022.30403553  .00000903  00000-0  41267-3 0  9997
2 61109  89.0977 333.9916 0046693  69.5647 291.0548 14.20128336 19928
CZ-6A DEB
1 61109U 24140PB  25023.29048612  .00000974  00000-0  44536-3 0  9997
2 61109  89.0976 333.8905 0046636  66.5053 294.1028 14.20130404 20062
CZ-6A DEB
1 61109U 24140PB  25023.29048612  .00000974  00000-0  44536-3 0  9997
2 61109  89.0976 333.8905 0046636  66.5053 294.1028 14.20130404 20062
CZ-6A DEB
1 61109U 24140PB  25023.85417128  .00000922  00000-0  42137-3 0  9999
2 61109  89.0976 333.8327 0046607  64.7620 295.8391 14.20131196 20147
CZ-6A DEB
1 61109U 24140PB  25024.34739558  .00001021  00000-0  46729-3 0  9990
2 61109  89.0978 333.7822 0046565  63.2189 297.3753 14.20132567 20215
CZ-6A DEB
1 61109U 24140PB  25024.34739558  .00001021  00000-0  46729-3 0  9990
2 61109  89.0978 333.7822 0046565  63.2189 297.3753 14.20132567 20215
CZ-6A DEB
1 61109U 24140PB  25025.12246155  .00000964  00000-0  44085-3 0  9991
2 61109  89.0979 333.7029 0046536  60.8106 299.7728 14.20133647 20325
CZ-6A DEB
1 61109U 24140PB  25025.82706621  .00000850  00000-0  38788-3 0  9994
2 61109  89.0980 333.6307 0046488  58.6256 301.9470 14.20134313 20424
CZ-6A DEB
1 61109U 24140PB  25025.82706621  .00000850  00000-0  38788-3 0  9994
2 61109  89.0980 333.6307 0046488  58.6256 301.9470 14.20134313 20424
CZ-6A DEB
1 61109U 24140PB  25026.32028910  .00000885  00000-0  40414-3 0  9995
2 61109  89.0980 333.5802 0046460  57.0968 303.4679 14.20135354 20497
CZ-6A DEB
1 61109U 24140PB  25026.81351161  .00000837  00000-0  38205-3 0  9998
2 61109  89.0980 333.5296 0046430  55.5689 304.9876 14.20135965 20565
CZ-6A DEB
1 61109U 24140PB  25027.16581318  .00000806  00000-0  36747-3 0  9991
2 61109  89.0981 333.4935 0046407  54.4792 306.0712 14.20136398 20611
CZ-6A DEB
1 61109U 24140PB  25027.16581318  .00000806  00000-0  36747-3 0  9991
2 61109  89.0981 333.4935 0046407  54.4792 306.0712 14.20136398 20611
CZ-6A DEB
1 61109U 24140PB  25027.58857491  .00000814  00000-0  37137-3 0  9998
2 61109  89.0981 333.4502 0046371  53.1659 307.3771 14.20137141 20671
CZ-6A DEB
1 61109U 24140PB  25027.58857491  .00000814  00000-0  37137-3 0  9998
2 61109  89.0981 333.4502 0046371  53.1659 307.3771 14.20137141 20671
CZ-6A DEB
1 61109U 24140PB  25029.27961880  .00000835  00000-0  38104-3 0  9992
2 61109  89.0983 333.2770 0046248  47.9203 312.5906 14.20140183 20912
CZ-6A DEB
1 61109U 24140PB  25029.56145913  .00000768  00000-0  35016-3 0  9999
2 61109  89.0982 333.2481 0046219  47.0440 313.4611 14.20140271 20957
CZ-6A DEB
1 61109U 24140PB  25030.54789938  .00000826  00000-0  37676-3 0  9999
2 61109  89.0983 333.1470 0046139  43.9609 316.5237 14.20142161 21092
CZ-6A DEB
1 61109U 24140PB  25030.54789938  .00000826  00000-0  37676-3 0  9999
2 61109  89.0983 333.1470 0046139  43.9609 316.5237 14.20142161 21092
CZ-6A DEB
1 61109U 24140PB  25031.53433828  .00000839  00000-0  38313-3 0  9996
2 61109  89.0984 333.0460 0046055  40.8750 319.5878 14.20143828 21232
CZ-6A DEB
1 61109U 24140PB  25031.88663761  .00000802  00000-0  36573-3 0  9991
2 61109  89.0985 333.0100 0046024  39.7695 320.6854 14.20144203 21285
CZ-6A DEB
1 61109U 24140PB  25031.88663761  .00000802  00000-0  36573-3 0  9991
2 61109  89.0985 333.0100 0046024  39.7695 320.6854 14.20144203 21285
CZ-6A DEB
1 61109U 24140PB  25032.80261468  .00000862  00000-0  39386-3 0  9993
2 61109  89.0985 332.9162 0045940  36.9007 323.5329 14.20146114 21410
CZ-6A DEB
1 61109U 24140PB  25033.22537294  .00000911  00000-0  41663-3 0  9999
2 61109  89.0986 332.8729 0045889  35.5691 324.8543 14.20147102 21471
CZ-6A DEB
1 61109U 24140PB  25033.57767146  .00000866  00000-0  39549-3 0  9997
2 61109  89.0985 332.8368 0045849  34.4587 325.9560 14.20147416 21522
CZ-6A DEB
1 61109U 24140PB  25034.84594429  .00000820  00000-0  37400-3 0  9994
2 61109  89.0985 332.7070 0045702  30.4703 329.9128 14.20149392 21704
CZ-6A DEB
1 61109U 24140PB  25034.84594429  .00000820  00000-0  37400-3 0  9994
2 61109  89.0985 332.7070 0045702  30.4703 329.9128 14.20149392 21704
CZ-6A DEB
1 61109U 24140PB  25035.26870138  .00000864  00000-0  39475-3 0  9997
2 61109  89.0985 332.6637 0045653  29.1368 331.2354 14.20150372 21762
CZ-6A DEB
1 61109U 24140PB  25036.11421487  .00000790  00000-0  36044-3 0  9998
2 61109  89.0986 332.5772 0045548  26.4462 333.9038 14.20151434 21881
CZ-6A DEB
1 61109U 24140PB  25036.53697141  .00000847  00000-0  38700-3 0  9990
2 61109  89.0985 332.5339 0045502  25.1042 335.2346 14.20152425 21944
CZ-6A DEB
1 61109U 24140PB  25036.81880887  .00000843  00000-0  38494-3 0  9998
2 61109  89.0985 332.5051 0045470  24.2061 336.1252 14.20152907 21985
CZ-6A DEB
1 61109U 24140PB  25037.31202436  .00000826  00000-0  37701-3 0  9993
2 61109  89.0985 332.4546 0045411  22.6406 337.6774 14.20153611 22050
CZ-6A DEB
1 61109U 24140PB  25037.80523947  .00000805  00000-0  36737-3 0  9995
2 61109  89.0985 332.4042 0045354  21.0725 339.2320 14.20154322 22127
CZ-6A DEB
1 61109U 24140PB  25037.80523947  .00000805  00000-0  36737-3 0  9995
2 61109  89.0985 332.4042 0045354  21.0725 339.2320 14.20154322 22127
CZ-6A DEB
1 61109U 24140PB  25038.79166906  .00000752  00000-0  34278-3 0  9991
2 61109  89.0986 332.3032 0045243  17.9444 342.3331 14.20155592 22267
CZ-6A DEB
1 61109U 24140PB  25039.07350595  .00000709  00000-0  32268-3 0  9991
2 61109  89.0986 332.2744 0045211  17.0570 343.2127 14.20155763 22300
CZ-6A DEB
1 61109U 24140PB  25039.56672028  .00000746  00000-0  33987-3 0  9993
2 61109  89.0986 332.2239 0045150  15.4915 344.7645 14.20156675 22377
CZ-6A DEB
1 61109U 24140PB  25039.77809772  .00000745  00000-0  33930-3 0  9991
2 61109  89.0986 332.2023 0045125  14.8143 345.4357 14.20156999 22407
CZ-6A DEB
1 61109U 24140PB  25040.55314829  .00000708  00000-0  32231-3 0  9995
2 61109  89.0987 332.1230 0045022  12.3422 347.8859 14.20157825 22510
CZ-6A DEB
1 61109U 24140PB  25040.76452555  .00000708  00000-0  32221-3 0  9996
2 61109  89.0987 332.1013 0044997  11.6644 348.5577 14.20158133 22548
CZ-6A DEB
1 61109U 24140PB  25040.76452555  .00000708  00000-0  32221-3 0  9996
2 61109  89.0987 332.1013 0044997  11.6644 348.5577 14.20158133 22548
CZ-6A DEB
1 61109U 24140PB  25041.53957500  .00000719  00000-0  32726-3 0  9994
2 61109  89.0988 332.0220 0044889   9.1789 351.0211 14.20159289 22659
CZ-6A DEB
1 61109U 24140PB  25041.75095203  .00000719  00000-0  32761-3 0  9990
2 61109  89.0988 332.0004 0044863   8.5010 351.6929 14.20159602 22685
CZ-6A DEB
1 61109U 24140PB  25042.03278807  .00000694  00000-0  31593-3 0  9999
2 61109  89.0988 331.9716 0044823   7.5961 352.5898 14.20159835 22721
CZ-6A DEB
1 61109U 24140PB  25042.52600092  .00000665  00000-0  30220-3 0  9992
2 61109  89.0988 331.9211 0044753   6.0080 354.1637 14.20160338 22795
CZ-6A DEB
1 61109U 24140PB  25042.80783677  .00000658  00000-0  29939-3 0  9991
2 61109  89.0988 331.8923 0044718   5.1034 355.0603 14.20160684 22836
CZ-6A DEB
1 61109U 24140PB  25043.79426163  .00000642  00000-0  29178-3 0  9992
2 61109  89.0989 331.7914 0044590   1.9181 358.2172 14.20161875 22975
CZ-6A DEB
1 61109U 24140PB  25043.79426163  .00000642  00000-0  29178-3 0  9992
2 61109  89.0989 331.7914 0044590   1.9181 358.2172 14.20161875 22975
CZ-6A DEB
1 61109U 24140PB  25044.21701502  .00000643  00000-0  29204-3 0  9994
2 61109  89.0989 331.7481 0044535   0.5494 359.5737 14.20162369 23033
CZ-6A DEB
1 61109U 24140PB  25045.76710876  .00000645  00000-0  29321-3 0  9991
2 61109  89.0989 331.5895 0044340 355.5351   4.5437 14.20164446 23255
CZ-6A DEB
1 61109U 24140PB  25045.76710876  .00000645  00000-0  29321-3 0  9991
2 61109  89.0989 331.5895 0044340 355.5351   4.5437 14.20164446 23255
CZ-6A DEB
1 61109U 24140PB  25046.54215460  .00000698  00000-0  31785-3 0  9992
2 61109  89.0989 331.5102 0044232 353.0153   7.0415 14.20165818 23369
CZ-6A DEB
1 61109U 24140PB  25046.75353067  .00000694  00000-0  31593-3 0  9994
2 61109  89.0989 331.4886 0044205 352.3231   7.7276 14.20166106 23392
CZ-6A DEB
1 61109U 24140PB  25047.03536533  .00000749  00000-0  34165-3 0  9996
2 61109  89.0989 331.4598 0044167 351.4020   8.6409 14.20166791 23438
CZ-6A DEB
1 61109U 24140PB  25047.52857585  .00000710  00000-0  32346-3 0  9990
2 61109  89.0989 331.4093 0044096 349.7935  10.2355 14.20167274 23508
CZ-6A DEB
1 61109U 24140PB  25047.73995169  .00000707  00000-0  32217-3 0  9997
2 61109  89.0988 331.3877 0044071 349.0982  10.9249 14.20167580 23536
CZ-6A DEB
1 61109U 24140PB  25048.51499595  .00000753  00000-0  34334-3 0  9999
2 61109  89.0988 331.3084 0043966 346.5576  13.4439 14.20168980 23645
CZ-6A DEB
1 61109U 24140PB  25048.72637156  .00000749  00000-0  34163-3 0  9994
2 61109  89.0988 331.2868 0043940 345.8621  14.1336 14.20169293 23674
CZ-6A DEB
1 61109U 24140PB  25048.72637156  .00000749  00000-0  34163-3 0  9994
2 61109  89.0988 331.2868 0043940 345.8621  14.1336 14.20169293 23674
CZ-6A DEB
1 61109U 24140PB  25049.50141499  .00000741  00000-0  33773-3 0  9999
2 61109  89.0987 331.2075 0043838 343.3151  16.6594 14.20170458 23780
CZ-6A DEB
1 61109U 24140PB  25049.78324886  .00000733  00000-0  33436-3 0  9999
2 61109  89.0987 331.1787 0043803 342.3868  17.5800 14.20170868 23825
CZ-6A DEB
1 61109U 24140PB  25049.78324886  .00000733  00000-0  33436-3 0  9999
2 61109  89.0987 331.1787 0043803 342.3868  17.5800 14.20170868 23825
CZ-6A DEB
1 61109U 24140PB  25050.55829124  .00000786  00000-0  35898-3 0  9993
2 61109  89.0987 331.0994 0043710 339.8402  20.1060 14.20172454 23939
CZ-6A DEB
1 61109U 24140PB  25050.76966633  .00000782  00000-0  35683-3 0  9991
2 61109  89.0986 331.0778 0043686 339.1389  20.8017 14.20172802 23966
CZ-6A DEB
1 61109U 24140PB  25051.05149984  .00000761  00000-0  34732-3 0  9997
2 61109  89.0986 331.0490 0043650 338.2111  21.7221 14.20173126 24004
CZ-6A DEB
1 61109U 24140PB  25051.47424967  .00000815  00000-0  37210-3 0  9994
2 61109  89.0986 331.0057 0043598 336.8183  23.1039 14.20174165 24060
CZ-6A DEB
1 61109U 24140PB  25051.82654143  .00000705  00000-0  32143-3 0  9992
2 61109  89.0986 330.9697 0043557 335.6535  24.2597 14.20174118 24116
CZ-6A DEB
1 61109U 24140PB  25052.53112420  .00000712  00000-0  32436-3 0  9991
2 61109  89.0985 330.8975 0043465 333.3367  26.5588 14.20175293 24210
CZ-6A DEB
1 61109U 24140PB  25052.74249894  .00000706  00000-0  32146-3 0  9991
2 61109  89.0985 330.8759 0043442 332.6360  27.2542 14.20175611 24245
CZ-6A DEB
1 61109U 24140PB  25052.74249894  .00000706  00000-0  32146-3 0  9991
2 61109  89.0985 330.8759 0043442 332.6360  27.2542 14.20175611 24245
CZ-6A DEB
1 61109U 24140PB  25053.51753917  .00000699  00000-0  31849-3 0  9993
2 61109  89.0985 330.7966 0043341 330.0713  29.8000 14.20176855 24356
CZ-6A DEB
1 61109U 24140PB  25053.72891373  .00000692  00000-0  31497-3 0  9997
2 61109  89.0985 330.7750 0043318 329.3676  30.4986 14.20177158 24381
CZ-6A DEB
1 61109U 24140PB  25054.01074622  .00000706  00000-0  32186-3 0  9992
2 61109  89.0985 330.7461 0043282 328.4269  31.4325 14.20177723 24429
CZ-6A DEB
1 61109U 24140PB  25054.78578555  .00000756  00000-0  34517-3 0  9995
2 61109  89.0984 330.6668 0043189 325.8425  33.9987 14.20179249 24535
CZ-6A DEB
1 61109U 24140PB  25055.27899183  .00000806  00000-0  36809-3 0  9995
2 61109  89.0984 330.6163 0043131 324.1924  35.6376 14.20180384 24609
CZ-6A DEB
1 61109U 24140PB  25055.49036607  .00000775  00000-0  35386-3 0  9997
2 61109  89.0984 330.5947 0043104 323.4868  36.3385 14.20180523 24633
CZ-6A DEB
1 61109U 24140PB  25055.70174016  .00000772  00000-0  35234-3 0  9997
2 61109  89.0984 330.5731 0043084 322.7775  37.0431 14.20180864 24661
CZ-6A DEB
1 61109U 24140PB  25056.47677792  .00000852  00000-0  38966-3 0  9995
2 61109  89.0984 330.4937 0042997 320.1848  39.6189 14.20182610 24774
CZ-6A DEB
1 61109U 24140PB  25056.75860963  .00000853  00000-0  39016-3 0  9998
2 61109  89.0984 330.4649 0042973 319.2302  40.5675 14.20183128 24813
CZ-6A DEB
1 61109U 24140PB  25057.53364671  .00000881  00000-0  40302-3 0  9991
2 61109  89.0983 330.3856 0042892 316.6319  43.1498 14.20184560 24925
CZ-6A DEB
1 61109U 24140PB  25057.81547822  .00000875  00000-0  40023-3 0  9996
2 61109  89.0983 330.3567 0042862 315.6932  44.0830 14.20185031 24969
CZ-6A DEB
1 61109U 24140PB  25057.81547822  .00000875  00000-0  40023-3 0  9996
2 61109  89.0983 330.3567 0042862 315.6932  44.0830 14.20185031 24969
CZ-6A DEB
1 61109U 24140PB  25058.52005645  .00000888  00000-0  40635-3 0  9990
2 61109  89.0982 330.2845 0042789 313.3309  46.4317 14.20186369 25060
CZ-6A DEB
1 61109U 24140PB  25058.73142981  .00000883  00000-0  40379-3 0  9998
2 61109  89.0982 330.2629 0042772 312.6209  47.1377 14.20186747 25090
CZ-6A DEB
1 61109U 24140PB  25059.01326088  .00000926  00000-0  42379-3 0  9992
2 61109  89.0982 330.2340 0042742 311.6756  48.0779 14.20187486 25135
CZ-6A DEB
1 61109U 24140PB  25059.50646515  .00000896  00000-0  41020-3 0  9994
2 61109  89.0981 330.1835 0042688 310.0207  49.7240 14.20188228 25209
CZ-6A DEB
1 61109U 24140PB  25059.99966934  .00000811  00000-0  37058-3 0  9990
2 61109  89.0981 330.1330 0042640 308.3494  51.3867 14.20188625 25277
CZ-6A DEB
1 61109U 24140PB  25060.77470371  .00000770  00000-0  35148-3 0  9995
2 61109  89.0980 330.0536 0042568 305.7255  53.9978 14.20189849 25380
CZ-6A DEB
1 61109U 24140PB  25060.77470371  .00000770  00000-0  35148-3 0  9995
2 61109  89.0980 330.0536 0042568 305.7255  53.9978 14.20189849 25380
CZ-6A DEB
1 61109U 24140PB  25061.19744967  .00000726  00000-0  33096-3 0  9998
2 61109  89.0979 330.0103 0042529 304.2882  55.4285 14.20190329 25445
CZ-6A DEB
1 61109U 24140PB  25061.69065306  .00000685  00000-0  31192-3 0  9995
2 61109  89.0978 329.9598 0042488 302.6157  57.0936 14.20190943 25511
CZ-6A DEB
1 61109U 24140PB  25062.18385638  .00000680  00000-0  30987-3 0  9999
2 61109  89.0978 329.9093 0042445 300.9440  58.7581 14.20191702 25585
CZ-6A DEB
1 61109U 24140PB  25062.74751696  .00000656  00000-0  29855-3 0  9997
2 61109  89.0977 329.8516 0042409 299.0211  60.6733 14.20192473 25663
CZ-6A DEB
1 61109U 24140PB  25063.24071998  .00000632  00000-0  28742-3 0  9991
2 61109  89.0976 329.8010 0042365 297.3467  62.3414 14.20193054 25735
CZ-6A DEB
1 61109U 24140PB  25063.24071998  .00000632  00000-0  28742-3 0  9991
2 61109  89.0976 329.8010 0042365 297.3467  62.3414 14.20193054 25735
CZ-6A DEB
1 61109U 24140PB  25064.43849790  .00000586  00000-0  26616-3 0  9992
2 61109  89.0975 329.6783 0042280 293.2746  66.3996 14.20194499 25902
CZ-6A DEB
1 61109U 24140PB  25064.43849790  .00000586  00000-0  26616-3 0  9992
2 61109  89.0975 329.6783 0042280 293.2746  66.3996 14.20194499 25902
CZ-6A DEB
1 61109U 24140PB  25064.72032804  .00000537  00000-0  24349-3 0  9991
2 61109  89.0974 329.6495 0042265 292.3159  67.3553 14.20194582 25949
CZ-6A DEB
1 61109U 24140PB  25065.00215818  .00000512  00000-0  23162-3 0  9996
2 61109  89.0974 329.6206 0042250 291.3617  68.3067 14.20194741 25983
CZ-6A DEB
1 61109U 24140PB  25065.70673316  .00000497  00000-0  22469-3 0  9995
2 61109  89.0973 329.5484 0042208 288.9620  70.6998 14.20195488 26088
CZ-6A DEB
1 61109U 24140PB  25065.70673316  .00000497  00000-0  22469-3 0  9995
2 61109  89.0973 329.5484 0042208 288.9620  70.6998 14.20195488 26088
CZ-6A DEB
1 61109U 24140PB  25066.76359551  .00000504  00000-0  22779-3 0  9997
2 61109  89.0972 329.4401 0042154 285.3521  74.3013 14.20196578 26233
CZ-6A DEB
1 61109U 24140PB  25066.76359551  .00000504  00000-0  22779-3 0  9997
2 61109  89.0972 329.4401 0042154 285.3521  74.3013 14.20196578 26233
CZ-6A DEB
1 61109U 24140PB  25067.18634046  .00000503  00000-0  22734-3 0  9999
2 61109  89.0972 329.3968 0042133 283.9024  75.7481 14.20196942 26294
CZ-6A DEB
1 61109U 24140PB  25067.39771286  .00000501  00000-0  22641-3 0  9995
2 61109  89.0972 329.3752 0042120 283.1835  76.4657 14.20197122 26321
CZ-6A DEB
1 61109U 24140PB  25068.03182969  .00000517  00000-0  23399-3 0  9999
2 61109  89.0972 329.3102 0042092 281.0073  78.6384 14.20197885 26416
CZ-6A DEB
1 61109U 24140PB  25068.52503149  .00000562  00000-0  25502-3 0  9998
2 61109  89.0971 329.2596 0042070 279.3152  80.3282 14.20198669 26480
CZ-6A DEB
1 61109U 24140PB  25068.87731853  .00000539  00000-0  24426-3 0  9999
2 61109  89.0971 329.2235 0042060 278.1056  81.5364 14.20198912 26530
CZ-6A DEB
1 61109U 24140PB  25069.44097773  .00000524  00000-0  23733-3 0  9993
2 61109  89.0970 329.1657 0042050 276.1776  83.4624 14.20199393 26615
CZ-6A DEB
1 61109U 24140PB  25069.44097773  .00000524  00000-0  23733-3 0  9993
2 61109  89.0970 329.1657 0042050 276.1776  83.4624 14.20199393 26615
CZ-6A DEB
1 61109U 24140PB  25069.72280722  .00000525  00000-0  23779-3 0  9993
2 61109  89.0970 329.1368 0042048 275.2105  84.4287 14.20199708 26657
CZ-6A DEB
1 61109U 24140PB  25070.42738094  .00000526  00000-0  23817-3 0  9996
2 61109  89.0969 329.0646 0042029 272.7962  86.8418 14.20200410 26751
CZ-6A DEB
1 61109U 24140PB  25070.70921020  .00000539  00000-0  24425-3 0  9990
2 61109  89.0969 329.0357 0042031 271.8365  87.8011 14.20200830 26790
CZ-6A DEB
1 61109U 24140PB  25070.70921020  .00000539  00000-0  24425-3 0  9990
2 61109  89.0969 329.0357 0042031 271.8365  87.8011 14.20200830 26790
CZ-6A DEB
1 61109U 24140PB  25071.48424082  .00000558  00000-0  25279-3 0  9991
2 61109  89.0968 328.9562 0042022 269.1882  90.4493 14.20201740 26907
CZ-6A DEB
1 61109U 24140PB  25071.90698447  .00000583  00000-0  26471-3 0  9999
2 61109  89.0968 328.9129 0042018 267.7394  91.8984 14.20202400 26963
CZ-6A DEB
1 61109U 24140PB  25071.97744175  .00000583  00000-0  26464-3 0  9998
2 61109  89.0968 328.9057 0042018 267.5014  92.1366 14.20202481 26978
CZ-6A DEB
1 61109U 24140PB  25071.97744175  .00000583  00000-0  26464-3 0  9998
2 61109  89.0968 328.9057 0042018 267.5014  92.1366 14.20202481 26978
CZ-6A DEB
1 61109U 24140PB  25072.68201437  .00000628  00000-0  28569-3 0  9994
2 61109  89.0967 328.8334 0042010 265.0900  94.5493 14.20203595 27079
CZ-6A DEB
1 61109U 24140PB  25073.17521499  .00000711  00000-0  32391-3 0  9993
2 61109  89.0966 328.7828 0042004 263.4001  96.2407 14.20204659 27146
CZ-6A DEB
1 61109U 24140PB  25073.45704379  .00000719  00000-0  32768-3 0  9990
2 61109  89.0965 328.7539 0042001 262.4357  97.2061 14.20205074 27187
CZ-6A DEB
1 61109U 24140PB  25073.95024406  .00000692  00000-0  31515-3 0  9990
2 61109  89.0965 328.7034 0042013 260.7419  98.9019 14.20205613 27258
CZ-6A DEB
1 61109U 24140PB  25074.44344417  .00000730  00000-0  33271-3 0  9996
2 61109  89.0963 328.6527 0042024 259.0449 100.6012 14.20206495 27329
CZ-6A DEB
1 61109U 24140PB  25074.44344417  .00000730  00000-0  33271-3 0  9996
2 61109  89.0963 328.6527 0042024 259.0449 100.6012 14.20206495 27329
CZ-6A DEB
1 61109U 24140PB  25074.86618686  .00000703  00000-0  32051-3 0  9999
2 61109  89.0963 328.6094 0042035 257.5947 102.0537 14.20206997 27387
CZ-6A DEB
1 61109U 24140PB  25075.85258619  .00000716  00000-0  32630-3 0  9992
2 61109  89.0961 328.5082 0042064 254.2178 105.4372 14.20208505 27520
CZ-6A DEB
1 61109U 24140PB  25076.62761358  .00000726  00000-0  33081-3 0  9999
2 61109  89.0959 328.4287 0042086 251.5765 108.0848 14.20209772 27635
CZ-6A DEB
1 61109U 24140PB  25076.69807058  .00000725  00000-0  33068-3 0  9998
2 61109  89.0959 328.4215 0042084 251.3329 108.3290 14.20209893 27647
CZ-6A DEB
1 61109U 24140PB  25077.12081239  .00000758  00000-0  34593-3 0  9992
2 61109  89.0958 328.3781 0042101 249.8912 109.7745 14.20210780 27707
CZ-6A DEB
1 61109U 24140PB  25077.12081239  .00000758  00000-0  34593-3 0  9992
2 61109  89.0958 328.3781 0042101 249.8912 109.7745 14.20210780 27707
CZ-6A DEB
1 61109U 24140PB  25077.89583877  .00000794  00000-0  36265-3 0  9999
2 61109  89.0957 328.2985 0042129 247.2473 112.4263 14.20212256 27813
CZ-6A DEB
1 61109U 24140PB  25078.10720953  .00000789  00000-0  36023-3 0  9998
2 61109  89.0956 328.2768 0042140 246.5271 113.1487 14.20212586 27847
CZ-6A DEB
1 61109U 24140PB  25078.95269196  .00000825  00000-0  37675-3 0  9993
2 61109  89.0955 328.1900 0042171 243.6456 116.0402 14.20214234 27964
CZ-6A DEB
1 61109U 24140PB  25078.95269196  .00000825  00000-0  37675-3 0  9993
2 61109  89.0955 328.1900 0042171 243.6456 116.0402 14.20214234 27964
CZ-6A DEB
1 61109U 24140PB  25079.65726036  .00000792  00000-0  36175-3 0  9999
2 61109  89.0954 328.1177 0042202 241.2401 118.4547 14.20215247 28061
CZ-6A DEB
1 61109U 24140PB  25080.64365536  .00000751  00000-0  34253-3 0  9994
2 61109  89.0952 328.0163 0042270 237.8711 121.8375 14.20216670 28207
CZ-6A DEB
1 61109U 24140PB  25080.64365536  .00000751  00000-0  34253-3 0  9994
2 61109  89.0952 328.0163 0042270 237.8711 121.8375 14.20216670 28207
CZ-6A DEB
1 61109U 24140PB  25080.92548216  .00000792  00000-0  36169-3 0  9996
2 61109  89.0952 327.9874 0042287 236.9097 122.8030 14.20217403 28247
CZ-6A DEB
1 61109U 24140PB  25081.41867839  .00000921  00000-0  42123-3 0  9997
2 61109  89.0951 327.9367 0042317 235.2244 124.4961 14.20219163 28317
CZ-6A DEB
1 61109U 24140PB  25081.91187491  .00000878  00000-0  40138-3 0  9996
2 61109  89.0950 327.8860 0042349 233.5398 126.1886 14.20219859 28383
CZ-6A DEB
1 61109U 24140PB  25082.61644095  .00000900  00000-0  41183-3 0  9999
2 61109  89.0949 327.8137 0042403 231.1560 128.5842 14.20221295 28480
CZ-6A DEB
1 61109U 24140PB  25082.68689749  .00000898  00000-0  41050-3 0  9990
2 61109  89.0949 327.8064 0042409 230.9166 128.8249 14.20221423 28492
CZ-6A DEB
1 61109U 24140PB  25083.39146309  .00000852  00000-0  38932-3 0  9994
2 61109  89.0948 327.7340 0042462 228.5270 131.2272 14.20222435 28594
CZ-6A DEB
1 61109U 24140PB  25083.39146309  .00000852  00000-0  38932-3 0  9994
2 61109  89.0948 327.7340 0042462 228.5270 131.2272 14.20222435 28594
CZ-6A DEB
1 61109U 24140PB  25083.95511487  .00000865  00000-0  39548-3 0  9997
2 61109  89.0947 327.6760 0042507 226.6140 133.1507 14.20223608 28677
CZ-6A DEB
1 61109U 24140PB  25084.65967943  .00000824  00000-0  37610-3 0  9990
2 61109  89.0945 327.6036 0042565 224.2302 135.5483 14.20224684 28774
CZ-6A DEB
1 61109U 24140PB  25084.94150522  .00000802  00000-0  36595-3 0  9996
2 61109  89.0945 327.5746 0042589 223.2762 136.5081 14.20225029 28810
CZ-6A DEB
1 61109U 24140PB  25085.64606916  .00000796  00000-0  36305-3 0  9998
2 61109  89.0943 327.5021 0042652 220.8943 138.9045 14.20226250 28913
CZ-6A DEB
1 61109U 24140PB  25086.42108867  .00000837  00000-0  38225-3 0  9996
2 61109  89.0942 327.4224 0042723 218.2680 141.5477 14.20227893 29020
CZ-6A DEB
1 61109U 24140PB  25086.42108867  .00000837  00000-0  38225-3 0  9996
2 61109  89.0942 327.4224 0042723 218.2680 141.5477 14.20227893 29020
CZ-6A DEB
1 61109U 24140PB  25087.12565177  .00000736  00000-0  33534-3 0  9991
2 61109  89.0941 327.3499 0042793 215.8848 143.9466 14.20228544 29127
CZ-6A DEB
1 61109U 24140PB  25087.90067044  .00000692  00000-0  31469-3 0  9993
2 61109  89.0940 327.2702 0042880 213.2858 146.5635 14.20229600 29235
CZ-6A DEB
1 61109U 24140PB  25087.90067044  .00000692  00000-0  31469-3 0  9993
2 61109  89.0940 327.2702 0042880 213.2858 146.5635 14.20229600 29235
CZ-6A DEB
1 61109U 24140PB  25088.11203912  .00000681  00000-0  30955-3 0  9990
2 61109  89.0939 327.2484 0042905 212.5746 147.2797 14.20229893 29260
CZ-6A DEB
1 61109U 24140PB  25088.60523263  .00000644  00000-0  29264-3 0  9998
2 61109  89.0938 327.1977 0042964 210.9263 148.9397 14.20230440 29338
CZ-6A DEB
1 61109U 24140PB  25089.16888220  .00000615  00000-0  27904-3 0  9994
2 61109  89.0937 327.1397 0043030 209.0411 150.8385 14.20231094 29416
CZ-6A DEB
1 61109U 24140PB  25089.59161925  .00000592  00000-0  26816-3 0  9992
2 61109  89.0936 327.0961 0043082 207.6361 152.2539 14.20231542 29477
CZ-6A DEB
1 61109U 24140PB  25089.66207540  .00000588  00000-0  26645-3 0  9999
2 61109  89.0936 327.0889 0043090 207.4020 152.4898 14.20231627 29480
CZ-6A DEB
1 61109U 24140PB  25090.57800527  .00000547  00000-0  24721-3 0  9993
2 61109  89.0934 326.9946 0043198 204.3721 155.5427 14.20232576 29614
CZ-6A DEB
1 61109U 24140PB  25090.64846135  .00000544  00000-0  24607-3 0  9996
2 61109  89.0934 326.9873 0043207 204.1402 155.7764 14.20232666 29625
CZ-6A DEB
1 61109U 24140PB  25091.07119809  .00000525  00000-0  23717-3 0  9995
2 61109  89.0934 326.9438 0043256 202.7401 157.1875 14.20233048 29689
CZ-6A DEB
1 61109U 24140PB  25091.91667136  .00000494  00000-0  22258-3 0  9993
2 61109  89.0932 326.8568 0043345 199.9235 160.0265 14.20233784 29808
CZ-6A DEB
1 61109U 24140PB  25091.91667136  .00000494  00000-0  22258-3 0  9993
2 61109  89.0932 326.8568 0043345 199.9235 160.0265 14.20233784 29808
CZ-6A DEB
1 61109U 24140PB  25092.62123200  .00000510  00000-0  23022-3 0  9990
2 61109  89.0931 326.7843 0043433 197.5822 162.3868 14.20234638 29900
CZ-6A DEB
1 61109U 24140PB  25093.11442424  .00000539  00000-0  24342-3 0  9994
2 61109  89.0928 326.7334 0043493 195.9265 164.0561 14.20235319 29973
CZ-6A DEB
1 61109U 24140PB  25093.60761650  .00000524  00000-0  23674-3 0  9994
2 61109  89.0926 326.6825 0043563 194.3117 165.6843 14.20235699 30043
CZ-6A DEB
1 61109U 24140PB  25094.10080845  .00000530  00000-0  23949-3 0  9992
2 61109  89.0925 326.6316 0043629 192.6832 167.3265 14.20236250 30114
CZ-6A DEB
1 61109U 24140PB  25095.08719184  .00000538  00000-0  24315-3 0  9991
2 61109  89.0922 326.5299 0043759 189.3988 170.6389 14.20237362 30253
CZ-6A DEB
1 61109U 24140PB  25095.65083899  .00000532  00000-0  24046-3 0  9996
2 61109  89.0921 326.4718 0043832 187.5613 172.4922 14.20237992 30335
CZ-6A DEB
1 61109U 24140PB  25096.14403010  .00000591  00000-0  26769-3 0  9991
2 61109  89.0920 326.4209 0043893 185.9358 174.1318 14.20238879 30405
CZ-6A DEB
1 61109U 24140PB  25096.91904435  .00000562  00000-0  25401-3 0  9993
2 61109  89.0920 326.3410 0043993 183.3891 176.7008 14.20239614 30517
CZ-6A DEB
1 61109U 24140PB  25097.05995598  .00000560  00000-0  25332-3 0  9990
2 61109  89.0920 326.3265 0044013 182.9281 177.1658 14.20239779 30537
CZ-6A DEB
1 61109U 24140PB  25097.62360239  .00000548  00000-0  24754-3 0  9994
2 61109  89.0919 326.2684 0044084 181.0866 179.0236 14.20240361 30617
CZ-6A DEB
1 61109U 24140PB  25097.90542540  .00000549  00000-0  24822-3 0  9999
2 61109  89.0920 326.2394 0044120 180.1854 179.9328 14.20240700 30657
CZ-6A DEB
1 61109U 24140PB  25098.89180566  .00000551  00000-0  24919-3 0  9994
2 61109  89.0918 326.1377 0044249 176.9686 183.1781 14.20241887 30794
CZ-6A DEB
1 61109U 24140PB  25098.89180566  .00000551  00000-0  24919-3 0  9994
2 61109  89.0918 326.1377 0044249 176.9686 183.1781 14.20241887 30794
CZ-6A DEB
1 61109U 24140PB  25099.59636266  .00000576  00000-0  26065-3 0  9996
2 61109  89.0918 326.0652 0044337 174.7277 185.4390 14.20242806 30893
CZ-6A DEB
1 61109U 24140PB  25099.87818521  .00000553  00000-0  24996-3 0  9999
2 61109  89.0918 326.0361 0044377 173.8144 186.3604 14.20243035 30935
CZ-6A DEB
1 61109U 24140PB  25100.37137469  .00000602  00000-0  27270-3 0  9995
2 61109  89.0918 325.9853 0044443 172.2211 187.9679 14.20243868 31003
CZ-6A DEB
1 61109U 24140PB  25100.58274156  .00000621  00000-0  28126-3 0  9995
2 61109  89.0917 325.9635 0044470 171.5383 188.6567 14.20244219 31030
CZ-6A DEB
1 61109U 24140PB  25100.58274156  .00000621  00000-0  28126-3 0  9995
2 61109  89.0917 325.9635 0044470 171.5383 188.6567 14.20244219 31030
CZ-6A DEB
1 61109U 24140PB  25101.85094185  .00000578  00000-0  26153-3 0  9997
2 61109  89.0915 325.8326 0044653 167.4493 192.7821 14.20245475 31217
CZ-6A DEB
1 61109U 24140PB  25101.85094185  .00000578  00000-0  26153-3 0  9997
2 61109  89.0915 325.8326 0044653 167.4493 192.7821 14.20245475 31217
CZ-6A DEB
1 61109U 24140PB  25102.13276394  .00000586  00000-0  26488-3 0  9993
2 61109  89.0914 325.8036 0044691 166.5474 193.6920 14.20245855 31251
CZ-6A DEB
1 61109U 24140PB  25102.62595242  .00000570  00000-0  25779-3 0  9998
2 61109  89.0913 325.7527 0044754 164.9645 195.2888 14.20246354 31320
CZ-6A DEB
1 61109U 24140PB  25103.33050695  .00000574  00000-0  25934-3 0  9992
2 61109  89.0911 325.6800 0044843 162.7093 197.5637 14.20247193 31423
CZ-6A DEB
1 61109U 24140PB  25103.61232883  .00000544  00000-0  24558-3 0  9992
2 61109  89.0910 325.6509 0044878 161.8029 198.4780 14.20247328 31468
CZ-6A DEB
1 61109U 24140PB  25104.88052610  .00000539  00000-0  24309-3 0  9998
2 61109  89.0907 325.5200 0045046 157.7285 202.5875 14.20248630 31646
CZ-6A DEB
1 61109U 24140PB  25104.88052610  .00000539  00000-0  24309-3 0  9998
2 61109  89.0907 325.5200 0045046 157.7285 202.5875 14.20248630 31646
CZ-6A DEB
1 61109U 24140PB  25105.58507959  .00000544  00000-0  24544-3 0  9994
2 61109  89.0906 325.4472 0045134 155.4741 204.8610 14.20249399 31741
CZ-6A DEB
1 61109U 24140PB  25105.86690075  .00000551  00000-0  24870-3 0  9997
2 61109  89.0905 325.4181 0045172 154.5708 205.7719 14.20249749 31785
CZ-6A DEB
1 61109U 24140PB  25106.57145355  .00000529  00000-0  23846-3 0  9999
2 61109  89.0904 325.3453 0045265 152.3255 208.0359 14.20250400 31884
CZ-6A DEB
1 61109U 24140PB  25106.57145355  .00000529  00000-0  23846-3 0  9999
2 61109  89.0904 325.3453 0045265 152.3255 208.0359 14.20250400 31884
CZ-6A DEB
1 61109U 24140PB  25107.62828183  .00000502  00000-0  22593-3 0  9992
2 61109  89.0903 325.2362 0045406 148.9657 211.4231 14.20251419 32031
CZ-6A DEB
1 61109U 24140PB  25107.62828183  .00000502  00000-0  22593-3 0  9992
2 61109  89.0903 325.2362 0045406 148.9657 211.4231 14.20251419 32031
CZ-6A DEB
1 61109U 24140PB  25109.10783990  .00000469  00000-0  21070-3 0  9994
2 61109  89.0902 325.0833 0045581 144.3020 216.1234 14.20252796 32246
CZ-6A DEB
1 61109U 24140PB  25109.10783990  .00000469  00000-0  21070-3 0  9994
2 61109  89.0902 325.0833 0045581 144.3020 216.1234 14.20252796 32246
CZ-6A DEB
1 61109U 24140PB  25110.51694114  .00000461  00000-0  20675-3 0  9992
2 61109  89.0901 324.9378 0045718 139.8700 220.5882 14.20254126 32442
CZ-6A DEB
1 61109U 24140PB  25110.51694114  .00000461  00000-0  20675-3 0  9992
2 61109  89.0901 324.9378 0045718 139.8700 220.5882 14.20254126 32442
CZ-6A DEB
1 61109U 24140PB  25111.57376589  .00000512  00000-0  23070-3 0  9991
2 61109  89.0900 324.8286 0045830 136.5435 223.9383 14.20255432 32592
CZ-6A DEB
1 61109U 24140PB  25111.57376589  .00000512  00000-0  23070-3 0  9991
2 61109  89.0900 324.8286 0045830 136.5435 223.9383 14.20255432 32592
CZ-6A DEB
1 61109U 24140PB  25112.56013478  .00000510  00000-0  22971-3 0  9993
2 61109  89.0898 324.7266 0045933 133.4451 227.0575 14.20256374 32733
CZ-6A DEB
1 61109U 24140PB  25112.84195416  .00000505  00000-0  22746-3 0  9991
2 61109  89.0898 324.6975 0045956 132.5711 227.9372 14.20256643 32770
CZ-6A DEB
1 61109U 24140PB  25112.84195416  .00000505  00000-0  22746-3 0  9991
2 61109  89.0898 324.6975 0045956 132.5711 227.9372 14.20256643 32770
CZ-6A DEB
1 61109U 24140PB  25114.03968618  .00000510  00000-0  22929-3 0  9995
2 61109  89.0896 324.5738 0046084 128.8442 231.6875 14.20257869 32946
CZ-6A DEB
1 61109U 24140PB  25114.53286947  .00000529  00000-0  23837-3 0  9997
2 61109  89.0894 324.5225 0046123 127.2958 233.2451 14.20258509 33013
CZ-6A DEB
1 61109U 24140PB  25115.51923531  .00000530  00000-0  23881-3 0  9994
2 61109  89.0893 324.4205 0046208 124.2274 236.3307 14.20259586 33156
CZ-6A DEB
1 61109U 24140PB  25115.51923531  .00000530  00000-0  23881-3 0  9994
2 61109  89.0893 324.4205 0046208 124.2274 236.3307 14.20259586 33156
CZ-6A DEB
1 61109U 24140PB  25116.85787269  .00000561  00000-0  25309-3 0  9999
2 61109  89.0890 324.2815 0046278 120.0538 240.5254 14.20261301 33349
CZ-6A DEB
1 61109U 24140PB  25116.85787269  .00000561  00000-0  25309-3 0  9999
2 61109  89.0890 324.2815 0046278 120.0538 240.5254 14.20261301 33349
CZ-6A DEB
1 61109U 24140PB  25117.56241809  .00000578  00000-0  26087-3 0  9995
2 61109  89.0890 324.2087 0046337 117.8759 242.7137 14.20262180 33446
CZ-6A DEB
1 61109U 24140PB  25117.98514495  .00000589  00000-0  26610-3 0  9999
2 61109  89.0889 324.1649 0046365 116.5646 244.0307 14.20262738 33509
CZ-6A DEB
1 61109U 24140PB  25118.83059831  .00000538  00000-0  24248-3 0  9991
2 61109  89.0887 324.0774 0046402 113.9413 246.6648 14.20263394 33628
CZ-6A DEB
1 61109U 24140PB  25121.78967906  .00000482  00000-0  21627-3 0  9996
2 61109  89.0883 323.7708 0046565 104.7960 255.8396 14.20266424 34048
CZ-6A DEB
1 61109U 24140PB  25121.78967906  .00000482  00000-0  21627-3 0  9996
2 61109  89.0883 323.7708 0046565 104.7960 255.8396 14.20266424 34048
CZ-6A DEB
1 61109U 24140PB  25122.28285821  .00000513  00000-0  23057-3 0  9995
2 61109  89.0882 323.7197 0046587 103.2825 257.3567 14.20267147 34115
CZ-6A DEB
1 61109U 24140PB  25122.56467482  .00000487  00000-0  21866-3 0  9997
2 61109  89.0882 323.6905 0046595 102.4144 258.2266 14.20267319 34156
CZ-6A DEB
1 61109U 24140PB  25123.05785363  .00000484  00000-0  21748-3 0  9999
2 61109  89.0882 323.6394 0046609 100.8949 259.7491 14.20267824 34224
CZ-6A DEB
1 61109U 24140PB  25123.55103232  .00000485  00000-0  21774-3 0  9993
2 61109  89.0881 323.5884 0046622  99.3673 261.2792 14.20268304 34290
CZ-6A DEB
1 61109U 24140PB  25123.83284863  .00000462  00000-0  20695-3 0  9990
2 61109  89.0881 323.5591 0046629  98.5000 262.1479 14.20268426 34339
CZ-6A DEB
1 61109U 24140PB  25124.46693501  .00000450  00000-0  20171-3 0  9999
2 61109  89.0881 323.4934 0046643  96.5464 264.1040 14.20268965 34421
CZ-6A DEB
1 61109U 24140PB  25124.53738902  .00000449  00000-0  20091-3 0  9991
2 61109  89.0881 323.4861 0046645  96.3296 264.3210 14.20269028 34436
CZ-6A DEB
1 61109U 24140PB  25125.52374471  .00000444  00000-0  19880-3 0  9997
2 61109  89.0880 323.3839 0046664  93.2903 267.3627 14.20269928 34570
CZ-6A DEB
1 61109U 24140PB  25125.80556046  .00000440  00000-0  19714-3 0  9990
2 61109  89.0880 323.3547 0046666  92.4177 268.2357 14.20270156 34612
CZ-6A DEB
1 61109U 24140PB  25126.51009963  .00000433  00000-0  19356-3 0  9994
2 61109  89.0879 323.2817 0046661  90.2363 270.4174 14.20270733 34711
CZ-6A DEB
1 61109U 24140PB  25127.00327671  .00000420  00000-0  18756-3 0  9997
2 61109  89.0879 323.2306 0046664  88.7264 271.9271 14.20271114 34784
CZ-6A DEB
1 61109U 24140PB  25127.77826889  .00000420  00000-0  18769-3 0  9990
2 61109  89.0878 323.1502 0046666  86.3464 274.3062 14.20271778 34891
CZ-6A DEB
1 61109U 24140PB  25128.06008411  .00000415  00000-0  18525-3 0  9990
2 61109  89.0878 323.1210 0046662  85.4854 275.1665 14.20271997 34932
CZ-6A DEB
1 61109U 24140PB  25128.48280677  .00000410  00000-0  18306-3 0  9994
2 61109  89.0877 323.0772 0046657  84.1793 276.4713 14.20272330 34991
CZ-6A DEB
1 61109U 24140PB  25128.97598299  .00000397  00000-0  17701-3 0  9992
2 61109  89.0877 323.0261 0046645  82.6595 277.9893 14.20272677 35062
CZ-6A DEB
1 61109U 24140PB  25129.82142759  .00000363  00000-0  16134-3 0  9995
2 61109  89.0876 322.9385 0046627  80.0504 280.5944 14.20273130 35183
CZ-6A DEB
1 61109U 24140PB  25130.45551069  .00000354  00000-0  15714-3 0  9997
2 61109  89.0875 322.8728 0046607  78.0833 282.5578 14.20273554 35277
CZ-6A DEB
1 61109U 24140PB  25130.52596434  .00000352  00000-0  15645-3 0  9991
2 61109  89.0875 322.8655 0046605  77.8652 282.7754 14.20273604 35285
CZ-6A DEB
1 61109U 24140PB  25131.51231511  .00000346  00000-0  15351-3 0  9990
2 61109  89.0874 322.7632 0046577  74.8112 285.8222 14.20274279 35423
CZ-6A DEB
1 61109U 24140PB  25131.51231511  .00000346  00000-0  15351-3 0  9990
2 61109  89.0874 322.7632 0046577  74.8112 285.8222 14.20274279 35423
CZ-6A DEB
1 61109U 24140PB  25131.79412947  .00000344  00000-0  15259-3 0  9999
2 61109  89.0874 322.7340 0046569  73.9381 286.6930 14.20274456 35464
CZ-6A DEB
1 61109U 24140PB  25132.49866517  .00000332  00000-0  14692-3 0  9990
2 61109  89.0874 322.6610 0046541  71.7756 288.8491 14.20274887 35560
CZ-6A DEB
1 61109U 24140PB  25132.78047934  .00000327  00000-0  14462-3 0  9995
2 61109  89.0873 322.6317 0046532  70.9024 289.7197 14.20275040 35602
CZ-6A DEB
1 61109U 24140PB  25132.78047934  .00000327  00000-0  14462-3 0  9995
2 61109  89.0873 322.6317 0046532  70.9024 289.7197 14.20275040 35602
CZ-6A DEB
1 61109U 24140PB  25133.48501460  .00000320  00000-0  14134-3 0  9991
2 61109  89.0873 322.5587 0046497  68.7340 291.8806 14.20275463 35707
CZ-6A DEB
1 61109U 24140PB  25133.76682856  .00000317  00000-0  13991-3 0  9997
2 61109  89.0873 322.5294 0046483  67.8655 292.7460 14.20275626 35747
CZ-6A DEB
1 61109U 24140PB  25133.97818898  .00000317  00000-0  14022-3 0  9993
2 61109  89.0873 322.5075 0046469  67.2158 293.3932 14.20275785 35770
CZ-6A DEB
1 61109U 24140PB  25134.54181666  .00000293  00000-0  12880-3 0  9996
2 61109  89.0873 322.4491 0046437  65.4749 295.1272 14.20276028 35859
CZ-6A DEB
1 61109U 24140PB  25134.82363039  .00000291  00000-0  12816-3 0  9990
2 61109  89.0873 322.4199 0046418  64.5929 296.0056 14.20276194 35891
CZ-6A DEB
1 61109U 24140PB  25135.45771111  .00000288  00000-0  12653-3 0  9999
2 61109  89.0873 322.3541 0046378  62.6237 297.9661 14.20276592 35981
CZ-6A DEB
1 61109U 24140PB  25135.45771111  .00000288  00000-0  12653-3 0  9999
2 61109  89.0873 322.3541 0046378  62.6237 297.9661 14.20276592 35981
CZ-6A DEB
1 61109U 24140PB  25136.02133822  .00000281  00000-0  12357-3 0  9998
2 61109  89.0873 322.2957 0046340  60.8671 299.7146 14.20276896 36067
CZ-6A DEB
1 61109U 24140PB  25137.50085829  .00000356  00000-0  15829-3 0  9995
2 61109  89.0873 322.1423 0046234  56.2665 304.2918 14.20278179 36276
CZ-6A DEB
1 61109U 24140PB  25137.50085829  .00000356  00000-0  15829-3 0  9995
2 61109  89.0873 322.1423 0046234  56.2665 304.2918 14.20278179 36276
CZ-6A DEB
1 61109U 24140PB  25137.78267142  .00000358  00000-0  15926-3 0  9995
2 61109  89.0873 322.1130 0046213  55.3923 305.1612 14.20278357 36319
CZ-6A DEB
1 61109U 24140PB  25138.48720425  .00000345  00000-0  15316-3 0  9990
2 61109  89.0873 322.0400 0046154  53.2052 307.3360 14.20278684 36410
CZ-6A DEB
1 61109U 24140PB  25138.76901718  .00000348  00000-0  15427-3 0  9993
2 61109  89.0873 322.0108 0046133  52.3266 308.2094 14.20278874 36458
CZ-6A DEB
1 61109U 24140PB  25138.76901718  .00000348  00000-0  15427-3 0  9993
2 61109  89.0873 322.0108 0046133  52.3266 308.2094 14.20278874 36458
CZ-6A DEB
1 61109U 24140PB  25139.54400278  .00000300  00000-0  13232-3 0  9995
2 61109  89.0873 321.9303 0046071  49.9110 310.6105 14.20279064 36568
CZ-6A DEB
1 61109U 24140PB  25139.96672199  .00000312  00000-0  13785-3 0  9990
2 61109  89.0873 321.8865 0046034  48.5960 311.9173 14.20279372 36625
CZ-6A DEB
1 61109U 24140PB  25140.53034737  .00000301  00000-0  13271-3 0  9993
2 61109  89.0873 321.8280 0045982  46.8388 313.6631 14.20279670 36700
CZ-6A DEB
1 61109U 24140PB  25140.74170682  .00000299  00000-0  13201-3 0  9995
2 61109  89.0873 321.8061 0045959  46.1796 314.3179 14.20279783 36730
CZ-6A DEB
1 61109U 24140PB  25140.95306630  .00000310  00000-0  13708-3 0  9998
2 61109  89.0873 321.7841 0045934  45.5209 314.9722 14.20279966 36766
CZ-6A DEB
1 61109U 24140PB  25142.00986310  .00000278  00000-0  12192-3 0  9994
2 61109  89.0873 321.6745 0045827  42.2024 318.2678 14.20280427 36916
CZ-6A DEB
1 61109U 24140PB  25142.50303468  .00000296  00000-0  13023-3 0  9990
2 61109  89.0873 321.6234 0045776  40.6516 319.8077 14.20280823 36987
CZ-6A DEB
1 61109U 24140PB  25143.20756530  .00000288  00000-0  12667-3 0  9994
2 61109  89.0873 321.5503 0045701  38.4346 322.0084 14.20281175 37086
CZ-6A DEB
1 61109U 24140PB  25143.48937747  .00000285  00000-0  12527-3 0  9997
2 61109  89.0873 321.5210 0045672  37.5454 322.8910 14.20281336 37128
CZ-6A DEB
1 61109U 24140PB  25143.77118961  .00000276  00000-0  12123-3 0  9990
2 61109  89.0873 321.4918 0045647  36.6533 323.7764 14.20281433 37161
CZ-6A DEB
1 61109U 24140PB  25144.47571975  .00000278  00000-0  12205-3 0  9999
2 61109  89.0873 321.4187 0045566  34.4308 325.9819 14.20281847 37260
CZ-6A DEB
1 61109U 24140PB  25144.47571975  .00000278  00000-0  12205-3 0  9999
2 61109  89.0873 321.4187 0045566  34.4308 325.9819 14.20281847 37260
CZ-6A DEB
1 61109U 24140PB  25145.46206152  .00000262  00000-0  11470-3 0  9997
2 61109  89.0872 321.3164 0045453  31.3217 329.0666 14.20282306 37405
CZ-6A DEB
1 61109U 24140PB  25145.74387339  .00000270  00000-0  11863-3 0  9990
2 61109  89.0873 321.2872 0045421  30.4342 329.9470 14.20282484 37448
CZ-6A DEB
1 61109U 24140PB  25145.74387339  .00000270  00000-0  11863-3 0  9990
2 61109  89.0873 321.2872 0045421  30.4342 329.9470 14.20282484 37448
CZ-6A DEB
1 61109U 24140PB  25147.43474360  .00000245  00000-0  10705-3 0  9995
2 61109  89.0873 321.1119 0045216  25.0793 335.2580 14.20283273 37688
CZ-6A DEB
1 61109U 24140PB  25147.43474360  .00000245  00000-0  10705-3 0  9995
2 61109  89.0873 321.1119 0045216  25.0793 335.2580 14.20283273 37688
CZ-6A DEB
1 61109U 24140PB  25148.42108387  .00000257  00000-0  11234-3 0  9999
2 61109  89.0873 321.0096 0045087  21.9397 338.3710 14.20283860 37829
CZ-6A DEB
1 61109U 24140PB  25149.19606526  .00000264  00000-0  11560-3 0  9992
2 61109  89.0873 320.9292 0044986  19.4694 340.8201 14.20284267 37931
CZ-6A DEB
1 61109U 24140PB  25149.75968781  .00000287  00000-0  12656-3 0  9990
2 61109  89.0873 320.8707 0044917  17.6623 342.6116 14.20284700 38014
CZ-6A DEB
1 61109U 24140PB  25150.46421583  .00000288  00000-0  12708-3 0  9993
2 61109  89.0874 320.7977 0044829  15.3977 344.8565 14.20285098 38116
CZ-6A DEB
1 61109U 24140PB  25150.46421583  .00000288  00000-0  12708-3 0  9993
2 61109  89.0874 320.7977 0044829  15.3977 344.8565 14.20285098 38116
CZ-6A DEB
1 61109U 24140PB  25150.74602706  .00000272  00000-0  11948-3 0  9990
2 61109  89.0875 320.7685 0044791  14.4915 345.7547 14.20285123 38156
CZ-6A DEB
1 61109U 24140PB  25151.45055487  .00000276  00000-0  12146-3 0  9992
2 61109  89.0875 320.6954 0044697  12.2328 347.9936 14.20285514 38254
CZ-6A DEB
1 61109U 24140PB  25152.43689332  .00000323  00000-0  14316-3 0  9997
2 61109  89.0875 320.5931 0044563   9.0639 351.1345 14.20286310 38390
CZ-6A DEB
1 61109U 24140PB  25152.43689332  .00000323  00000-0  14316-3 0  9997
2 61109  89.0875 320.5931 0044563   9.0639 351.1345 14.20286310 38390
CZ-6A DEB
1 61109U 24140PB  25152.93006217  .00000326  00000-0  14460-3 0  9990
2 61109  89.0876 320.5419 0044495   7.4725 352.7119 14.20286673 38460
CZ-6A DEB
1 61109U 24140PB  25153.70504167  .00000352  00000-0  15671-3 0  9997
2 61109  89.0877 320.4616 0044391   4.9722 355.1900 14.20287326 38576
CZ-6A DEB
1 61109U 24140PB  25154.40956823  .00000360  00000-0  16038-3 0  9992
2 61109  89.0878 320.3886 0044292   2.6888 357.4532 14.20287863 38676
CZ-6A DEB
1 61109U 24140PB  25155.18454752  .00000300  00000-0  13237-3 0  9994
2 61109  89.0878 320.3082 0044184   0.1689 359.9508 14.20287966 38782
CZ-6A DEB
1 61109U 24140PB  25155.18454752  .00000300  00000-0  13237-3 0  9994
2 61109  89.0878 320.3082 0044184   0.1689 359.9508 14.20287966 38782
CZ-6A DEB
1 61109U 24140PB  25155.88907359  .00000319  00000-0  14123-3 0  9992
2 61109  89.0879 320.2352 0044089 357.8650   2.2344 14.20288575 38880
CZ-6A DEB
1 61109U 24140PB  25156.45269450  .00000289  00000-0  12754-3 0  9993
2 61109  89.0878 320.1768 0044015 356.0212   4.0622 14.20288755 38961
CZ-6A DEB
1 61109U 24140PB  25156.45269450  .00000289  00000-0  12754-3 0  9993
2 61109  89.0878 320.1768 0044015 356.0212   4.0622 14.20288755 38961
CZ-6A DEB
1 61109U 24140PB  25156.87541000  .00000280  00000-0  12325-3 0  9998
2 61109  89.0879 320.1330 0043957 354.6373   5.4340 14.20288983 39026
CZ-6A DEB
1 61109U 24140PB  25157.43903069  .00000263  00000-0  11531-3 0  9997
2 61109  89.0879 320.0746 0043886 352.7922   7.2632 14.20289231 39106
CZ-6A DEB
1 61109U 24140PB  25157.72084096  .00000265  00000-0  11642-3 0  9994
2 61109  89.0879 320.0454 0043847 351.8662   8.1812 14.20289406 39148
CZ-6A DEB
1 61109U 24140PB  25157.72084096  .00000265  00000-0  11642-3 0  9994
2 61109  89.0879 320.0454 0043847 351.8662   8.1812 14.20289406 39148
CZ-6A DEB
1 61109U 24140PB  25158.70717675  .00000247  00000-0  10828-3 0  9994
2 61109  89.0879 319.9431 0043722 348.6301  11.3897 14.20289906 39285
CZ-6A DEB
1 61109U 24140PB  25159.41170212  .00000243  00000-0  10637-3 0  9997
2 61109  89.0878 319.8701 0043627 346.3042  13.6961 14.20290302 39384
CZ-6A DEB
1 61109U 24140PB  25159.41170212  .00000243  00000-0  10637-3 0  9997
2 61109  89.0878 319.8701 0043627 346.3042  13.6961 14.20290302 39384
CZ-6A DEB
1 61109U 24140PB  25159.69351237  .00000229  00000-0  99574-4 0  9997
2 61109  89.0879 319.8408 0043591 345.3825  14.6101 14.20290330 39420
CZ-6A DEB
1 61109U 24140PB  25161.38437292  .00000203  00000-0  87757-4 0  9994
2 61109  89.0880 319.6656 0043370 339.7804  20.1667 14.20291012 39667
CZ-6A DEB
1 61109U 24140PB  25161.87754054  .00000193  00000-0  82867-4 0  9991
2 61109  89.0881 319.6145 0043304 338.1381  21.7960 14.20291158 39733
CZ-6A DEB
1 61109U 24140PB  25162.44116061  .00000193  00000-0  83219-4 0  9997
2 61109  89.0881 319.5561 0043240 336.2658  23.6537 14.20291399 39816
CZ-6A DEB
1 61109U 24140PB  25162.44116061  .00000193  00000-0  83219-4 0  9997
2 61109  89.0881 319.5561 0043240 336.2658  23.6537 14.20291399 39816
CZ-6A DEB
1 61109U 24140PB  25162.86387564  .00000191  00000-0  82186-4 0  9991
2 61109  89.0882 319.5123 0043189 334.8518  25.0568 14.20291551 39878
CZ-6A DEB
1 61109U 24140PB  25163.42749561  .00000212  00000-0  91706-4 0  9995
2 61109  89.0882 319.4539 0043128 332.9747  26.9197 14.20291901 39950
CZ-6A DEB
1 61109U 24140PB  25164.83654499  .00000280  00000-0  12353-3 0  9991
2 61109  89.0884 319.3080 0042968 328.2571  31.6029 14.20292963 40156
CZ-6A DEB
1 61109U 24140PB  25164.83654499  .00000280  00000-0  12353-3 0  9991
2 61109  89.0884 319.3080 0042968 328.2571  31.6029 14.20292963 40156
CZ-6A DEB
1 61109U 24140PB  25165.40016501  .00000242  00000-0  10593-3 0  9993
2 61109  89.0884 319.2495 0042908 326.3781  33.4687 14.20292949 40234
CZ-6A DEB
1 61109U 24140PB  25165.96378480  .00000236  00000-0  10329-3 0  9991
2 61109  89.0885 319.1911 0042842 324.4844  35.3495 14.20293156 40311
CZ-6A DEB
1 61109U 24140PB  25166.38649959  .00000235  00000-0  10278-3 0  9992
2 61109  89.0885 319.1474 0042796 323.0666  36.7579 14.20293342 40371
CZ-6A DEB
1 61109U 24140PB  25166.66830942  .00000231  00000-0  10069-3 0  9991
2 61109  89.0886 319.1182 0042764 322.1159  37.7024 14.20293441 40411
CZ-6A DEB
1 61109U 24140PB  25167.16147661  .00000237  00000-0  10374-3 0  9991
2 61109  89.0886 319.0671 0042709 320.4584  39.3492 14.20293701 40488
CZ-6A DEB
1 61109U 24140PB  25167.37283396  .00000236  00000-0  10294-3 0  9990
2 61109  89.0886 319.0452 0042691 319.7461  40.0570 14.20293808 40518
CZ-6A DEB
1 61109U 24140PB  25167.65464373  .00000240  00000-0  10510-3 0  9993
2 61109  89.0887 319.0160 0042662 318.7934  41.0038 14.20293965 40555
CZ-6A DEB
1 61109U 24140PB  25168.35916821  .00000246  00000-0  10775-3 0  9990
2 61109  89.0887 318.9431 0042596 316.4199  43.3628 14.20294332 40658
CZ-6A DEB
1 61109U 24140PB  25168.35916821  .00000246  00000-0  10775-3 0  9990
2 61109  89.0887 318.9431 0042596 316.4199  43.3628 14.20294332 40658
CZ-6A DEB
1 61109U 24140PB  25169.41595483  .00000241  00000-0  10530-3 0  9999
2 61109  89.0888 318.8337 0042503 312.8472  46.9150 14.20294802 40803
CZ-6A DEB
1 61109U 24140PB  25169.41595483  .00000241  00000-0  10530-3 0  9999
2 61109  89.0888 318.8337 0042503 312.8472  46.9150 14.20294802 40803
CZ-6A DEB
1 61109U 24140PB  25170.12047916  .00000239  00000-0  10456-3 0  9996
2 61109  89.0889 318.7608 0042445 310.4650  49.2842 14.20295118 40907
CZ-6A DEB
1 61109U 24140PB  25170.68409863  .00000232  00000-0  10133-3 0  9995
2 61109  89.0890 318.7024 0042400 308.5540  51.1853 14.20295337 40983
CZ-6A DEB
1 61109U 24140PB  25170.68409863  .00000232  00000-0  10133-3 0  9995
2 61109  89.0890 318.7024 0042400 308.5540  51.1853 14.20295337 40983
CZ-6A DEB
1 61109U 24140PB  25171.10681322  .00000227  00000-0  99016-4 0  9997
2 61109  89.0890 318.6587 0042360 307.1229  52.6094 14.20295506 41049
CZ-6A DEB
1 61109U 24140PB  25171.67043269  .00000216  00000-0  93756-4 0  9994
2 61109  89.0891 318.6003 0042316 305.2124  54.5107 14.20295691 41127
CZ-6A DEB
1 61109U 24140PB  25172.16359978  .00000208  00000-0  90285-4 0  9991
2 61109  89.0890 318.5492 0042285 303.5379  56.1775 14.20295842 41199
CZ-6A DEB
1 61109U 24140PB  25172.37495710  .00000203  00000-0  88006-4 0  9992
2 61109  89.0890 318.5273 0042273 302.8318  56.8804 14.20295920 41229
CZ-6A DEB
1 61109U 24140PB  25173.36129108  .00000197  00000-0  84998-4 0  9995
2 61109  89.0891 318.4253 0042209 299.4634  60.2347 14.20296322 41361
CZ-6A DEB
1 61109U 24140PB  25173.36129108  .00000197  00000-0  84998-4 0  9995
2 61109  89.0891 318.4253 0042209 299.4634  60.2347 14.20296322 41361
CZ-6A DEB
1 61109U 24140PB  25174.34762515  .00000191  00000-0  82385-4 0  9991
2 61109  89.0891 318.3232 0042144 296.0985  63.5871 14.20296697 41506
CZ-6A DEB
1 61109U 24140PB  25175.12260196  .00000190  00000-0  82015-4 0  9995
2 61109  89.0892 318.2430 0042105 293.4519  66.2247 14.20296975 41615
CZ-6A DEB
1 61109U 24140PB  25175.33395925  .00000189  00000-0  81426-4 0  9990
2 61109  89.0892 318.2211 0042099 292.7315  66.9428 14.20297066 41643
CZ-6A DEB
1 61109U 24140PB  25176.17938846  .00000184  00000-0  78972-4 0  9995
2 61109  89.0893 318.1337 0042066 289.8389  69.8269 14.20297353 41761
CZ-6A DEB
1 61109U 24140PB  25176.39074570  .00000183  00000-0  78764-4 0  9992
2 61109  89.0893 318.1118 0042065 289.1039  70.5598 14.20297458 41795
CZ-6A DEB
1 61109U 24140PB  25178.15205681  .00000196  00000-0  84464-4 0  9995
2 61109  89.0895 317.9296 0042009 283.0784  76.5719 14.20298121 42047
CZ-6A DEB
1 61109U 24140PB  25178.36341415  .00000196  00000-0  84407-4 0  9991
2 61109  89.0896 317.9078 0042004 282.3572  77.2918 14.20298214 42073
CZ-6A DEB
1 61109U 24140PB  25179.34974848  .00000194  00000-0  83635-4 0  9992
2 61109  89.0897 317.8057 0041986 278.9685  80.6754 14.20298539 42216
CZ-6A DEB
1 61109U 24140PB  25179.63155818  .00000193  00000-0  83424-4 0  9997
2 61109  89.0898 317.7766 0041992 277.9732  81.6694 14.20298644 42257
CZ-6A DEB
1 61109U 24140PB  25179.91336797  .00000201  00000-0  87076-4 0  9992
2 61109  89.0898 317.7474 0041991 277.0017  82.6398 14.20298805 42294
CZ-6A DEB
1 61109U 24140PB  25180.33608274  .00000199  00000-0  86136-4 0  9994
2 61109  89.0899 317.7037 0041989 275.5443  84.0959 14.20298932 42350
CZ-6A DEB
1 61109U 24140PB  25180.89970234  .00000203  00000-0  87824-4 0  9994
2 61109  89.0899 317.6454 0041988 273.6036  86.0352 14.20299174 42435
CZ-6A DEB
1 61109U 24140PB  25180.89970234  .00000203  00000-0  87824-4 0  9994
2 61109  89.0899 317.6454 0041988 273.6036  86.0352 14.20299174 42435
CZ-6A DEB
1 61109U 24140PB  25181.60422681  .00000213  00000-0  92648-4 0  9993
2 61109  89.0900 317.5726 0041997 271.1905  88.4473 14.20299514 42536
CZ-6A DEB
1 61109U 24140PB  25181.88603664  .00000216  00000-0  93951-4 0  9996
2 61109  89.0900 317.5435 0042004 270.2111  89.4266 14.20299644 42571
CZ-6A DEB
1 61109U 24140PB  25182.09739398  .00000218  00000-0  94804-4 0  9994
2 61109  89.0900 317.5216 0041999 269.4860  90.1517 14.20299735 42604
CZ-6A DEB
1 61109U 24140PB  25182.30875132  .00000244  00000-0  10678-3 0  9990
2 61109  89.0900 317.4998 0042003 268.7636  90.8742 14.20299976 42637
CZ-6A DEB
1 61109U 24140PB  25182.87237092  .00000241  00000-0  10568-3 0  9994
2 61109  89.0900 317.4415 0042015 266.8347  92.8035 14.20300207 42718
CZ-6A DEB
1 61109U 24140PB  25183.36553812  .00000230  00000-0  10031-3 0  9993
2 61109  89.0900 317.3906 0042022 265.1473  94.4919 14.20300351 42788
CZ-6A DEB
1 61109U 24140PB  25183.36553812  .00000230  00000-0  10031-3 0  9993
2 61109  89.0900 317.3906 0042022 265.1473  94.4919 14.20300351 42788
CZ-6A DEB
1 61109U 24140PB  25183.85870521  .00000246  00000-0  10757-3 0  9998
2 61109  89.0901 317.3396 0042035 263.4576  96.1828 14.20300666 42856
CZ-6A DEB
1 61109U 24140PB  25184.63368216  .00000244  00000-0  10666-3 0  9995
2 61109  89.0902 317.2595 0042045 260.8077  98.8356 14.20301001 42966
CZ-6A DEB
1 61109U 24140PB  25184.77458707  .00000243  00000-0  10641-3 0  9997
2 61109  89.0901 317.2450 0042052 260.3173  99.3265 14.20301064 42981
CZ-6A DEB
1 61109U 24140PB  25184.77458707  .00000243  00000-0  10641-3 0  9997
2 61109  89.0901 317.2450 0042052 260.3173  99.3265 14.20301064 42981
CZ-6A DEB
1 61109U 24140PB  25185.33820665  .00000247  00000-0  10820-3 0  9999
2 61109  89.0901 317.1867 0042066 258.3867 101.2600 14.20301357 43065
CZ-6A DEB
1 61109U 24140PB  25185.90182626  .00000241  00000-0  10558-3 0  9992
2 61109  89.0902 317.1285 0042086 256.4480 103.2020 14.20301584 43141
CZ-6A DEB
1 61109U 24140PB  25186.11318362  .00000240  00000-0  10487-3 0  9994
2 61109  89.0902 317.1066 0042091 255.7222 103.9292 14.20301660 43176
CZ-6A DEB
1 61109U 24140PB  25186.39499338  .00000249  00000-0  10911-3 0  9998
2 61109  89.0902 317.0775 0042099 254.7544 104.8990 14.20301871 43210
CZ-6A DEB
1 61109U 24140PB  25187.38132758  .00000236  00000-0  10309-3 0  9995
2 61109  89.0903 316.9756 0042147 251.3759 108.2852 14.20302293 43352
CZ-6A DEB
1 61109U 24140PB  25187.38132758  .00000236  00000-0  10309-3 0  9995
2 61109  89.0903 316.9756 0042147 251.3759 108.2852 14.20302293 43352
CZ-6A DEB
1 61109U 24140PB  25187.87449465  .00000223  00000-0  97244-4 0  9995
2 61109  89.0904 316.9246 0042176 249.6898 109.9757 14.20302473 43423
CZ-6A DEB
1 61109U 24140PB  25188.86082879  .00000216  00000-0  93938-4 0  9995
2 61109  89.0904 316.8227 0042228 246.3285 113.3470 14.20302919 43564
CZ-6A DEB
1 61109U 24140PB  25188.86082879  .00000216  00000-0  93938-4 0  9995
2 61109  89.0904 316.8227 0042228 246.3285 113.3470 14.20302919 43564
CZ-6A DEB
1 61109U 24140PB  25189.35399586  .00000214  00000-0  92768-4 0  9994
2 61109  89.0904 316.7718 0042250 244.6534 115.0278 14.20303145 43636
CZ-6A DEB
1 61109U 24140PB  25189.77671043  .00000212  00000-0  91841-4 0  9990
2 61109  89.0905 316.7281 0042293 243.2099 116.4762 14.20303332 43697
CZ-6A DEB
1 61109U 24140PB  25190.12897263  .00000208  00000-0  89987-4 0  9998
2 61109  89.0906 316.6918 0042323 242.0260 117.6644 14.20303458 43742
CZ-6A DEB
1 61109U 24140PB  25190.62213972  .00000197  00000-0  84868-4 0  9992
2 61109  89.0907 316.6409 0042357 240.3467 119.3503 14.20303613 43819
CZ-6A DEB
1 61109U 24140PB  25190.83349703  .00000200  00000-0  86221-4 0  9997
2 61109  89.0907 316.6190 0042374 239.6283 120.0715 14.20303734 43843
CZ-6A DEB
1 61109U 24140PB  25191.32666417  .00000201  00000-0  86779-4 0  9995
2 61109  89.0908 316.5681 0042408 237.9572 121.7496 14.20303936 43914
CZ-6A DEB
1 61109U 24140PB  25191.60847396  .00000199  00000-0  85649-4 0  9994
2 61109  89.0908 316.5390 0042427 237.0005 122.7105 14.20304022 43953
CZ-6A DEB
1 61109U 24140PB  25191.81983129  .00000200  00000-0  86203-4 0  9992
2 61109  89.0909 316.5172 0042447 236.2821 123.4320 14.20304124 43984
CZ-6A DEB
1 61109U 24140PB  25192.59480815  .00000204  00000-0  88398-4 0  9993
2 61109  89.0910 316.4372 0042511 233.6498 126.0766 14.20304456 44094
CZ-6A DEB
1 61109U 24140PB  25192.80616547  .00000213  00000-0  92219-4 0  9997
2 61109  89.0910 316.4153 0042534 232.9275 126.8024 14.20304594 44123
CZ-6A DEB
1 61109U 24140PB  25192.80616547  .00000213  00000-0  92219-4 0  9997
2 61109  89.0910 316.4153 0042534 232.9275 126.8024 14.20304594 44123
CZ-6A DEB
1 61109U 24140PB  25193.36978495  .00000227  00000-0  98978-4 0  9995
2 61109  89.0910 316.3572 0042585 231.0280 128.7113 14.20304919 44209
CZ-6A DEB
1 61109U 24140PB  25194.07430929  .00000233  00000-0  10139-3 0  9998
2 61109  89.0911 316.2844 0042657 228.6417 131.1102 14.20305231 44300
CZ-6A DEB
1 61109U 24140PB  25194.28566660  .00000236  00000-0  10314-3 0  9991
2 61109  89.0911 316.2626 0042678 227.9280 131.8277 14.20305349 44334
CZ-6A DEB
1 61109U 24140PB  25194.77883363  .00000234  00000-0  10189-3 0  9995
2 61109  89.0911 316.2117 0042729 226.2633 133.5017 14.20305539 44400
CZ-6A DEB
1 61109U 24140PB  25195.13109579  .00000226  00000-0  98314-4 0  9994
2 61109  89.0911 316.1753 0042763 225.0763 134.6955 14.20305634 44458
CZ-6A DEB
1 61109U 24140PB  25195.62426284  .00000227  00000-0  98651-4 0  9998
2 61109  89.0912 316.1244 0042809 223.4191 136.3625 14.20305833 44524
CZ-6A DEB
1 61109U 24140PB  25196.32878707  .00000236  00000-0  10315-3 0  9997
2 61109  89.0912 316.0517 0042879 221.0542 138.7419 14.20306202 44626
CZ-6A DEB
1 61109U 24140PB  25196.61059673  .00000240  00000-0  10494-3 0  9995
2 61109  89.0912 316.0226 0042909 220.1089 139.6931 14.20306334 44662
CZ-6A DEB
1 61109U 24140PB  25196.89240644  .00000233  00000-0  10138-3 0  9992
2 61109  89.0912 315.9935 0042940 219.1602 140.6479 14.20306416 44706
CZ-6A DEB
1 61109U 24140PB  25197.59693058  .00000239  00000-0  10444-3 0  9997
2 61109  89.0913 315.9208 0043010 216.8001 143.0236 14.20306761 44808
CZ-6A DEB
1 61109U 24140PB  25197.59693058  .00000239  00000-0  10444-3 0  9997
2 61109  89.0913 315.9208 0043010 216.8001 143.0236 14.20306761 44808
CZ-6A DEB
1 61109U 24140PB  25198.30145465  .00000256  00000-0  11216-3 0  9998
2 61109  89.0913 315.8480 0043088 214.4403 145.3993 14.20307192 44909
CZ-6A DEB
1 61109U 24140PB  25199.07643103  .00000249  00000-0  10901-3 0  9997
2 61109  89.0913 315.7681 0043177 211.8463 148.0116 14.20307518 45019
CZ-6A DEB
1 61109U 24140PB  25199.56959777  .00000254  00000-0  11120-3 0  9998
2 61109  89.0914 315.7172 0043239 210.2015 149.6683 14.20307795 45080
CZ-6A DEB
1 61109U 24140PB  25200.34457395  .00000244  00000-0  10640-3 0  9991
2 61109  89.0913 315.6372 0043337 207.6164 152.2725 14.20308156 45195
CZ-6A DEB
1 61109U 24140PB  25200.34457395  .00000244  00000-0  10640-3 0  9991
2 61109  89.0913 315.6372 0043337 207.6164 152.2725 14.20308156 45195
CZ-6A DEB
1 61109U 24140PB  25201.33090698  .00000245  00000-0  10686-3 0  9991
2 61109  89.0913 315.5355 0043463 204.3436 155.5703 14.20308714 45339
CZ-6A DEB
1 61109U 24140PB  25202.10588282  .00000240  00000-0  10467-3 0  9990
2 61109  89.0914 315.4555 0043562 201.7848 158.1492 14.20309086 45448
CZ-6A DEB
1 61109U 24140PB  25202.31723991  .00000242  00000-0  10540-3 0  9995
2 61109  89.0913 315.4337 0043586 201.0834 158.8561 14.20309202 45476
CZ-6A DEB
1 61109U 24140PB  25202.81040626  .00000249  00000-0  10871-3 0  9991
2 61109  89.0914 315.3828 0043651 199.4645 160.4881 14.20309489 45543
CZ-6A DEB
1 61109U 24140PB  25203.30357257  .00000264  00000-0  11576-3 0  9997
2 61109  89.0914 315.3319 0043711 197.8360 162.1299 14.20309825 45615
CZ-6A DEB
1 61109U 24140PB  25203.58538184  .00000279  00000-0  12254-3 0  9997
2 61109  89.0914 315.3029 0043744 196.9078 163.0658 14.20310038 45656
CZ-6A DEB
1 61109U 24140PB  25204.57171413  .00000302  00000-0  13350-3 0  9990
2 61109  89.0915 315.2011 0043875 193.6752 166.3253 14.20310674 45793
CZ-6A DEB
1 61109U 24140PB  25205.55804616  .00000302  00000-0  13330-3 0  9995
2 61109  89.0916 315.0994 0044006 190.4413 169.5868 14.20311200 45937
CZ-6A DEB
1 61109U 24140PB  25205.76940298  .00000303  00000-0  13358-3 0  9996
2 61109  89.0916 315.0776 0044036 189.7503 170.2838 14.20311330 45962
CZ-6A DEB
1 61109U 24140PB  25205.83985517  .00000311  00000-0  13733-3 0  9993
2 61109  89.0916 315.0703 0044046 189.5217 170.5143 14.20311436 45973
CZ-6A DEB
1 61109U 24140PB  25206.33302107  .00000305  00000-0  13470-3 0  9998
2 61109  89.0916 315.0194 0044111 187.9063 172.1438 14.20311669 46043
CZ-6A DEB
1 61109U 24140PB  25206.75573450  .00000310  00000-0  13682-3 0  9996
2 61109  89.0916 314.9758 0044174 186.5285 173.5336 14.20311957 46106
CZ-6A DEB
1 61109U 24140PB  25207.24890012  .00000319  00000-0  14138-3 0  9993
2 61109  89.0916 314.9249 0044239 184.9248 175.1513 14.20312310 46170
CZ-6A DEB
1 61109U 24140PB  25207.74206560  .00000322  00000-0  14268-3 0  9995
2 61109  89.0916 314.8740 0044310 183.3249 176.7654 14.20312645 46241
CZ-6A DEB
1 61109U 24140PB  25208.23523102  .00000314  00000-0  13898-3 0  9993
2 61109  89.0916 314.8231 0044374 181.7201 178.3844 14.20312916 46314
CZ-6A DEB
1 61109U 24140PB  25208.72839626  .00000322  00000-0  14245-3 0  9994
2 61109  89.0916 314.7722 0044439 180.1328 179.9859 14.20313284 46382
CZ-6A DEB
1 61109U 24140PB  25208.72839626  .00000322  00000-0  14245-3 0  9994
2 61109  89.0916 314.7722 0044439 180.1328 179.9859 14.20313284 46382
CZ-6A DEB
1 61109U 24140PB  25209.29201370  .00000309  00000-0  13660-3 0  9991
2 61109  89.0916 314.7141 0044507 178.3021 181.8329 14.20313561 46463
CZ-6A DEB
1 61109U 24140PB  25210.56015218  .00000323  00000-0  14311-3 0  9997
2 61109  89.0916 314.5833 0044667 174.2093 185.9624 14.20314447 46647
CZ-6A DEB
1 61109U 24140PB  25210.84196062  .00000322  00000-0  14264-3 0  9991
2 61109  89.0916 314.5542 0044704 173.3029 186.8768 14.20314636 46688
CZ-6A DEB
1 61109U 24140PB  25211.26467326  .00000325  00000-0  14370-3 0  9993
2 61109  89.0916 314.5106 0044758 171.9386 188.2534 14.20314920 46743
CZ-6A DEB
1 61109U 24140PB  25211.82828989  .00000341  00000-0  15122-3 0  9995
2 61109  89.0915 314.4525 0044835 170.1219 190.0863 14.20315387 46821
CZ-6A DEB
1 61109U 24140PB  25211.82828989  .00000341  00000-0  15122-3 0  9995
2 61109  89.0915 314.4525 0044835 170.1219 190.0863 14.20315387 46821
CZ-6A DEB
1 61109U 24140PB  25212.25100233  .00000331  00000-0  14641-3 0  9992
2 61109  89.0915 314.4089 0044890 168.7621 191.4583 14.20315605 46880
CZ-6A DEB
1 61109U 24140PB  25213.30778288  .00000323  00000-0  14298-3 0  9999
2 61109  89.0915 314.2998 0045036 165.3743 194.8763 14.20316297 47031
CZ-6A DEB
1 61109U 24140PB  25213.30778288  .00000323  00000-0  14298-3 0  9999
2 61109  89.0915 314.2998 0045036 165.3743 194.8763 14.20316297 47031
CZ-6A DEB
1 61109U 24140PB  25214.29411079  .00000308  00000-0  13593-3 0  9990
2 61109  89.0915 314.1981 0045161 162.2301 198.0481 14.20316924 47172
CZ-6A DEB
1 61109U 24140PB  25214.71682263  .00000300  00000-0  13233-3 0  9995
2 61109  89.0915 314.1545 0045214 160.8819 199.4081 14.20317164 47230
CZ-6A DEB
1 61109U 24140PB  25215.28043820  .00000294  00000-0  12943-3 0  9997
2 61109  89.0915 314.0964 0045281 159.0883 201.2173 14.20317526 47314
CZ-6A DEB
1 61109U 24140PB  25215.70314988  .00000282  00000-0  12379-3 0  9990
2 61109  89.0915 314.0528 0045331 157.7490 202.5681 14.20317708 47371
CZ-6A DEB
1 61109U 24140PB  25216.19631328  .00000282  00000-0  12379-3 0  9994
2 61109  89.0915 314.0019 0045385 156.1843 204.1461 14.20318027 47447
CZ-6A DEB
1 61109U 24140PB  25216.19631328  .00000282  00000-0  12379-3 0  9994
2 61109  89.0915 314.0019 0045385 156.1843 204.1461 14.20318027 47447
CZ-6A DEB
1 61109U 24140PB  25217.53489915  .00000273  00000-0  11953-3 0  9993
2 61109  89.0915 313.8639 0045538 151.9391 208.4269 14.20318760 47631
CZ-6A DEB
1 61109U 24140PB  25217.53489915  .00000273  00000-0  11953-3 0  9993
2 61109  89.0915 313.8639 0045538 151.9391 208.4269 14.20318760 47631
CZ-6A DEB
1 61109U 24140PB  25218.80303241  .00000264  00000-0  11537-3 0  9999
2 61109  89.0915 313.7331 0045678 147.9656 212.4326 14.20319394 47816
CZ-6A DEB
1 61109U 24140PB  25219.50755053  .00000258  00000-0  11267-3 0  9992
2 61109  89.0915 313.6604 0045756 145.7468 214.6689 14.20319729 47911
CZ-6A DEB
1 61109U 24140PB  25219.50755053  .00000258  00000-0  11267-3 0  9992
2 61109  89.0915 313.6604 0045756 145.7468 214.6689 14.20319729 47911
CZ-6A DEB
1 61109U 24140PB  25220.21206847  .00000250  00000-0  10909-3 0  9998
2 61109  89.0914 313.5878 0045830 143.5391 216.8935 14.20320040 48014
CZ-6A DEB
1 61109U 24140PB  25220.77568249  .00000294  00000-0  12912-3 0  9990
2 61109  89.0914 313.5296 0045890 141.7780 218.6679 14.20320578 48095
CZ-6A DEB
1 61109U 24140PB  25220.77568249  .00000294  00000-0  12912-3 0  9990
2 61109  89.0914 313.5296 0045890 141.7780 218.6679 14.20320578 48095
CZ-6A DEB
1 61109U 24140PB  25221.55065150  .00000298  00000-0  13102-3 0  9996
2 61109  89.0914 313.4497 0045959 139.3515 221.1122 14.20321002 48200
CZ-6A DEB
1 61109U 24140PB  25221.76200658  .00000298  00000-0  13093-3 0  9992
2 61109  89.0914 313.4279 0045977 138.6956 221.7727 14.20321134 48235
CZ-6A DEB
1 61109U 24140PB  25222.74833022  .00000293  00000-0  12900-3 0  9999
2 61109  89.0913 313.3261 0046061 135.6087 224.8811 14.20321612 48375
CZ-6A DEB
1 61109U 24140PB  25222.95968516  .00000302  00000-0  13281-3 0  9993
2 61109  89.0913 313.3043 0046082 134.9456 225.5487 14.20321767 48400
CZ-6A DEB
1 61109U 24140PB  25223.52329834  .00000304  00000-0  13370-3 0  9992
2 61109  89.0913 313.2462 0046125 133.1823 227.3236 14.20322065 48483
CZ-6A DEB
1 61109U 24140PB  25223.73465319  .00000303  00000-0  13362-3 0  9994
2 61109  89.0913 313.2244 0046142 132.5255 227.9846 14.20322196 48514
CZ-6A DEB
1 61109U 24140PB  25224.22781449  .00000301  00000-0  13232-3 0  9998
2 61109  89.0912 313.1735 0046186 130.9810 229.5390 14.20322446 48581
CZ-6A DEB
1 61109U 24140PB  25224.50962084  .00000294  00000-0  12930-3 0  9990
2 61109  89.0912 313.1444 0046208 130.1054 230.4201 14.20322560 48629
CZ-6A DEB
1 61109U 24140PB  25224.72097557  .00000292  00000-0  12840-3 0  9996
2 61109  89.0911 313.1226 0046226 129.4495 231.0800 14.20322683 48657
CZ-6A DEB
1 61109U 24140PB  25225.49594266  .00000289  00000-0  12694-3 0  9993
2 61109  89.0911 313.0426 0046288 127.0361 233.5077 14.20323124 48768
CZ-6A DEB
1 61109U 24140PB  25225.56639431  .00000270  00000-0  11832-3 0  9998
2 61109  89.0910 313.0353 0046298 126.8203 233.7248 14.20323031 48779
CZ-6A DEB
1 61109U 24140PB  25225.77774889  .00000266  00000-0  11636-3 0  9995
2 61109  89.0910 313.0135 0046313 126.1638 234.3850 14.20323153 48805
CZ-6A DEB
1 61109U 24140PB  25226.48226393  .00000277  00000-0  12141-3 0  9990
2 61109  89.0909 312.9408 0046366 123.9770 236.5839 14.20323648 48905
CZ-6A DEB
1 61109U 24140PB  25226.69361838  .00000277  00000-0  12120-3 0  9994
2 61109  89.0909 312.9190 0046379 123.3260 237.2384 14.20323786 48934
CZ-6A DEB
1 61109U 24140PB  25226.69361838  .00000277  00000-0  12120-3 0  9994
2 61109  89.0909 312.9190 0046379 123.3260 237.2384 14.20323786 48934
CZ-6A DEB
1 61109U 24140PB  25227.25723017  .00000256  00000-0  11185-3 0  9995
2 61109  89.0908 312.8609 0046416 121.5809 238.9925 14.20324015 49013
CZ-6A DEB
1 61109U 24140PB  25227.67993883  .00000245  00000-0  10658-3 0  9993
2 61109  89.0908 312.8172 0046440 120.2757 240.3042 14.20324204 49076
CZ-6A DEB
1 61109U 24140PB  25228.24355026  .00000235  00000-0  10200-3 0  9990
2 61109  89.0907 312.7591 0046468 118.5321 242.0559 14.20324462 49153
CZ-6A DEB
1 61109U 24140PB  25228.52535590  .00000233  00000-0  10108-3 0  9992
2 61109  89.0907 312.7300 0046480 117.6564 242.9355 14.20324585 49197
CZ-6A DEB
1 61109U 24140PB  25228.66625870  .00000231  00000-0  10014-3 0  9992
2 61109  89.0907 312.7154 0046486 117.2256 243.3682 14.20324656 49214
CZ-6A DEB
1 61109U 24140PB  25229.51167536  .00000228  00000-0  98660-4 0  9997
2 61109  89.0906 312.6282 0046527 114.5995 246.0054 14.20325022 49334
CZ-6A DEB
1 61109U 24140PB  25229.51167536  .00000228  00000-0  98660-4 0  9997
2 61109  89.0906 312.6282 0046527 114.5995 246.0054 14.20325022 49334
CZ-6A DEB
1 61109U 24140PB  25229.72302948  .00000225  00000-0  97112-4 0  9996
2 61109  89.0905 312.6063 0046531 113.9491 246.6583 14.20325098 49368
CZ-6A DEB
1 61109U 24140PB  25230.49799434  .00000223  00000-0  96188-4 0  9992
2 61109  89.0904 312.5263 0046563 111.5467 249.0696 14.20325398 49477
CZ-6A DEB
1 61109U 24140PB  25231.20250751  .00000220  00000-0  94937-4 0  9993
2 61109  89.0904 312.4536 0046593 109.3665 251.2571 14.20325694 49574
CZ-6A DEB
1 61109U 24140PB  25231.20250751  .00000220  00000-0  94937-4 0  9993
2 61109  89.0904 312.4536 0046593 109.3665 251.2571 14.20325694 49574
CZ-6A DEB
1 61109U 24140PB  25231.76611786  .00000221  00000-0  95432-4 0  9995
2 61109  89.0903 312.3954 0046606 107.6372 252.9916 14.20325916 49654
CZ-6A DEB
1 61109U 24140PB  25232.25927674  .00000224  00000-0  96689-4 0  9994
2 61109  89.0903 312.3445 0046623 106.1186 254.5144 14.20326140 49724
CZ-6A DEB
1 61109U 24140PB  25232.25927674  .00000224  00000-0  96689-4 0  9994
2 61109  89.0903 312.3445 0046623 106.1186 254.5144 14.20326140 49724
CZ-6A DEB
1 61109U 24140PB  25232.75243548  .00000215  00000-0  92839-4 0  9993
2 61109  89.0903 312.2935 0046640 104.5992 256.0377 14.20326300 49793
CZ-6A DEB
1 61109U 24140PB  25233.73875260  .00000201  00000-0  86036-4 0  9991
2 61109  89.0902 312.1916 0046657 101.5651 259.0782 14.20326605 49934
CZ-6A DEB
1 61109U 24140PB  25235.71138505  .00000203  00000-0  87147-4 0  9991
2 61109  89.0900 311.9879 0046660  95.4852 265.1664 14.20327370 50215
CZ-6A DEB
1 61109U 24140PB  25236.48634723  .00000216  00000-0  93007-4 0  9995
2 61109  89.0899 311.9078 0046659  93.0865 267.5666 14.20327699 50323
CZ-6A DEB
1 61109U 24140PB  25236.90905370  .00000225  00000-0  97367-4 0  9994
2 61109  89.0898 311.8642 0046657  91.7812 268.8723 14.20327909 50381
CZ-6A DEB
1 61109U 24140PB  25237.19085796  .00000227  00000-0  98298-4 0  9993
2 61109  89.0898 311.8351 0046659  90.9097 269.7439 14.20328043 50425
CZ-6A DEB
1 61109U 24140PB  25237.68401526  .00000225  00000-0  97331-4 0  9995
2 61109  89.0897 311.7841 0046655  89.3844 271.2692 14.20328234 50493
CZ-6A DEB
1 61109U 24140PB  25238.17717244  .00000235  00000-0  10180-3 0  9994
2 61109  89.0896 311.7331 0046656  87.8563 272.7969 14.20328487 50569
CZ-6A DEB
1 61109U 24140PB  25239.16348617  .00000251  00000-0  10912-3 0  9999
2 61109  89.0895 311.6312 0046643  84.8216 275.8295 14.20329035 50706
CZ-6A DEB
1 61109U 24140PB  25239.72709374  .00000261  00000-0  11413-3 0  9990
2 61109  89.0894 311.5730 0046633  83.0850 277.5642 14.20329365 50781
CZ-6A DEB
1 61109U 24140PB  25240.14979914  .00000282  00000-0  12372-3 0  9995
2 61109  89.0894 311.5293 0046613  81.7813 278.8660 14.20329720 50843
CZ-6A DEB
1 61109U 24140PB  25240.71340628  .00000281  00000-0  12320-3 0  9994
2 61109  89.0893 311.4710 0046593  80.0442 280.6002 14.20330009 50924
CZ-6A DEB
1 61109U 24140PB  25241.20656218  .00000295  00000-0  12951-3 0  9999
2 61109  89.0892 311.4201 0046558  78.5256 282.1158 14.20330379 50990
CZ-6A DEB
1 61109U 24140PB  25241.91107041  .00000307  00000-0  13528-3 0  9997
2 61109  89.0891 311.3473 0046530  76.3420 284.2945 14.20330844 51094
CZ-6A DEB
1 61109U 24140PB  25242.68602896  .00000346  00000-0  15326-3 0  9991
2 61109  89.0890 311.2672 0046482  73.9376 286.6926 14.20331539 51202
CZ-6A DEB
1 61109U 24140PB  25243.17918411  .00000360  00000-0  16000-3 0  9995
2 61109  89.0889 311.2162 0046456  72.4080 288.2177 14.20331953 51274
CZ-6A DEB
1 61109U 24140PB  25243.46098709  .00000357  00000-0  15820-3 0  9991
2 61109  89.0889 311.1871 0046454  71.5263 289.0968 14.20332087 51312
CZ-6A DEB
1 61109U 24140PB  25243.67233924  .00000385  00000-0  17129-3 0  9999
2 61109  89.0889 311.1652 0046442  70.8691 289.7519 14.20332380 51341
CZ-6A DEB
1 61109U 24140PB  25244.16549410  .00000435  00000-0  19448-3 0  9996
2 61109  89.0888 311.1142 0046426  69.3364 291.2795 14.20332976 51419
CZ-6A DEB
1 61109U 24140PB  25244.44729674  .00000436  00000-0  19514-3 0  9994
2 61109  89.0888 311.0850 0046415  68.4622 292.1507 14.20333178 51459
CZ-6A DEB
1 61109U 24140PB  25244.65864871  .00000449  00000-0  20081-3 0  9991
2 61109  89.0887 311.0631 0046395  67.8060 292.8043 14.20333393 51485
CZ-6A DEB
1 61109U 24140PB  25245.15180288  .00000487  00000-0  21854-3 0  9991
2 61109  89.0887 311.0121 0046366  66.2692 294.3352 14.20334030 51558
CZ-6A DEB
1 61109U 24140PB  25245.43360520  .00000488  00000-0  21902-3 0  9996
2 61109  89.0887 310.9830 0046349  65.3943 295.2065 14.20334264 51597
CZ-6A DEB
1 61109U 24140PB  25245.71540767  .00000482  00000-0  21627-3 0  9998
2 61109  89.0886 310.9538 0046332  64.5204 296.0768 14.20334418 51639
CZ-6A DEB
1 61109U 24140PB  25246.13811094  .00000455  00000-0  20372-3 0  9995
2 61109  89.0885 310.9101 0046303  63.2076 297.3839 14.20334640 51691
CZ-6A DEB
1 61109U 24140PB  25246.70171516  .00000457  00000-0  20456-3 0  9991
2 61109  89.0884 310.8518 0046265  61.4661 299.1175 14.20335107 51779
CZ-6A DEB
1 61109U 24140PB  25247.19486867  .00000404  00000-0  18005-3 0  9992
2 61109  89.0883 310.8007 0046233  59.9432 300.6331 14.20335223 51843
CZ-6A DEB
1 61109U 24140PB  25247.68802201  .00000423  00000-0  18897-3 0  9990
2 61109  89.0882 310.7497 0046190  58.4045 302.1642 14.20335698 51916
CZ-6A DEB
1 61109U 24140PB  25248.60387757  .00000403  00000-0  17972-3 0  9998
2 61109  89.0881 310.6548 0046117  55.5508 305.0027 14.20336323 52042
CZ-6A DEB
1 61109U 24140PB  25248.88567917  .00000372  00000-0  16530-3 0  9990
2 61109  89.0879 310.6256 0046100  54.6655 305.8831 14.20336373 52080
CZ-6A DEB
1 61109U 24140PB  25249.16748062  .00000387  00000-0  17246-3 0  9995
2 61109  89.0879 310.5964 0046074  53.7715 306.7721 14.20336708 52127
CZ-6A DEB
1 61109U 24140PB  25249.66063314  .00000388  00000-0  17276-3 0  9994
2 61109  89.0878 310.5453 0046029  52.2288 308.3058 14.20337088 52198
CZ-6A DEB
1 61109U 24140PB  25250.43558677  .00000340  00000-0  15052-3 0  9990
2 61109  89.0876 310.4650 0045967  49.8095 310.7105 14.20337414 52308
CZ-6A DEB
1 61109U 24140PB  25251.14008976  .00000309  00000-0  13621-3 0  9996
2 61109  89.0874 310.3920 0045902  47.6106 312.8955 14.20337766 52400
CZ-6A DEB
1 61109U 24140PB  25251.42189088  .00000302  00000-0  13309-3 0  9997
2 61109  89.0874 310.3628 0045876  46.7286 313.7718 14.20337910 52446
CZ-6A DEB
1 61109U 24140PB  25251.63324168  .00000295  00000-0  12969-3 0  9992
2 61109  89.0874 310.3409 0045849  46.0633 314.4325 14.20338022 52472
CZ-6A DEB
1 61109U 24140PB  25252.12639349  .00000261  00000-0  11396-3 0  9993
2 61109  89.0873 310.2899 0045801  44.5252 315.9603 14.20338156 52542
CZ-6A DEB
1 61109U 24140PB  25252.68999536  .00000241  00000-0  10495-3 0  9998
2 61109  89.0872 310.2315 0045734  42.7521 317.7212 14.20338392 52625
CZ-6A DEB
1 61109U 24140PB  25253.11269667  .00000221  00000-0  95466-4 0  9992
2 61109  89.0871 310.1877 0045685  41.4284 319.0355 14.20338518 52682
CZ-6A DEB
1 61109U 24140PB  25254.09899934  .00000201  00000-0  86478-4 0  9997
2 61109  89.0869 310.0854 0045576  38.3228 322.1185 14.20338947 52823
CZ-6A DEB
1 61109U 24140PB  25254.66260071  .00000190  00000-0  81183-4 0  9999
2 61109  89.0868 310.0270 0045515  36.5434 323.8847 14.20339153 52908
CZ-6A DEB
1 61109U 24140PB  25254.94440134  .00000187  00000-0  79695-4 0  9991
2 61109  89.0867 309.9979 0045484  35.6544 324.7669 14.20339253 52944
CZ-6A DEB
1 61109U 24140PB  25255.86025319  .00000175  00000-0  74158-4 0  9993
2 61109  89.0866 309.9029 0045380  32.7569 327.6420 14.20339572 53075
CZ-6A DEB
1 61109U 24140PB  25256.84655494  .00000174  00000-0  74045-4 0  9999
2 61109  89.0864 309.8007 0045277  29.6299 330.7442 14.20339913 53212
CZ-6A DEB
1 61109U 24140PB  25257.12835537  .00000174  00000-0  74139-4 0  9993
2 61109  89.0864 309.7715 0045244  28.7320 331.6348 14.20340018 53253
CZ-6A DEB
1 61109U 24140PB  25257.41015576  .00000173  00000-0  73431-4 0  9991
2 61109  89.0864 309.7423 0045210  27.8380 332.5215 14.20340089 53293
CZ-6A DEB
1 61109U 24140PB  25258.11465659  .00000173  00000-0  73470-4 0  9993
2 61109  89.0862 309.6692 0045121  25.5973 334.7437 14.20340342 53395
CZ-6A DEB
1 61109U 24140PB  25258.60780698  .00000193  00000-0  82841-4 0  9994
2 61109  89.0862 309.6180 0045057  24.0280 336.2998 14.20340640 53468
CZ-6A DEB
1 61109U 24140PB  25258.67825703  .00000194  00000-0  83174-4 0  9999
2 61109  89.0862 309.6107 0045048  23.8017 336.5243 14.20340673 53475
CZ-6A DEB
1 61109U 24140PB  25259.10095733  .00000196  00000-0  84149-4 0  9995
2 61109  89.0861 309.5669 0044995  22.4583 337.8564 14.20340833 53534
CZ-6A DEB
1 61109U 24140PB  25259.59410764  .00000195  00000-0  83724-4 0  9990
2 61109  89.0860 309.5157 0044926  20.8823 339.4189 14.20340986 53606
CZ-6A DEB
1 61109U 24140PB  25260.08725782  .00000198  00000-0  84897-4 0  9990
2 61109  89.0859 309.4645 0044864  19.3018 340.9858 14.20341172 53670
CZ-6A DEB
1 61109U 24140PB  25260.65085790  .00000200  00000-0  85799-4 0  9997
2 61109  89.0859 309.4060 0044787  17.4918 342.7802 14.20341387 53759
CZ-6A DEB
1 61109U 24140PB  25261.63715787  .00000204  00000-0  87747-4 0  9991
2 61109  89.0857 309.3036 0044661  14.3140 345.9304 14.20341740 53893
CZ-6A DEB
1 61109U 24140PB  25262.55300748  .00000222  00000-0  96181-4 0  9992
2 61109  89.0855 309.2085 0044542  11.3517 348.8667 14.20342173 54028
CZ-6A DEB
1 61109U 24140PB  25262.62345744  .00000220  00000-0  95475-4 0  9998
2 61109  89.0855 309.2012 0044534  11.1191 349.0973 14.20342193 54031
CZ-6A DEB
1 61109U 24140PB  25263.60975660  .00000259  00000-0  11328-3 0  9999
2 61109  89.0853 309.0988 0044410   7.9286 352.2597 14.20342820 54170
CZ-6A DEB
1 61109U 24140PB  25264.10290607  .00000278  00000-0  12224-3 0  9993
2 61109  89.0852 309.0476 0044348   6.3342 353.8399 14.20343143 54241
CZ-6A DEB
1 61109U 24140PB  25264.59605539  .00000298  00000-0  13133-3 0  9992
2 61109  89.0851 308.9964 0044281   4.7339 355.4260 14.20343482 54313
CZ-6A DEB
1 61109U 24140PB  25265.08920456  .00000337  00000-0  14959-3 0  9996
2 61109  89.0850 308.9451 0044216   3.1457 357.0002 14.20343962 54387
CZ-6A DEB
1 61109U 24140PB  25265.37100409  .00000332  00000-0  14745-3 0  9994
2 61109  89.0849 308.9159 0044177   2.2277 357.9102 14.20344065 54426
CZ-6A DEB
1 61109U 24140PB  25265.86415294  .00000398  00000-0  17763-3 0  9994
2 61109  89.0848 308.8646 0044106   0.6270 359.4967 14.20344730 54494
CZ-6A DEB
1 61109U 24140PB  25266.56865123  .00000383  00000-0  17094-3 0  9993
2 61109  89.0847 308.7914 0044009 358.3282   1.7754 14.20345111 54594
CZ-6A DEB
1 61109U 24140PB  25267.06179987  .00000396  00000-0  17710-3 0  9994
2 61109  89.0846 308.7402 0043944 356.7165   3.3730 14.20345512 54669
CZ-6A DEB
1 61109U 24140PB  25267.41404885  .00000400  00000-0  17855-3 0  9997
2 61109  89.0846 308.7036 0043895 355.5580   4.5214 14.20345747 54711
CZ-6A DEB
1 61109U 24140PB  25268.11854649  .00000407  00000-0  18203-3 0  9997
2 61109  89.0844 308.6304 0043804 353.2469   6.8125 14.20346325 54817
CZ-6A DEB
1 61109U 24140PB  25268.61169467  .00000417  00000-0  18680-3 0  9999
2 61109  89.0844 308.5791 0043747 351.6240   8.4214 14.20346762 54880
CZ-6A DEB
1 61109U 24140PB  25269.10484268  .00000429  00000-0  19209-3 0  9994
2 61109  89.0842 308.5278 0043685 350.0098  10.0219 14.20347240 54957
CZ-6A DEB
1 61109U 24140PB  25269.59799073  .00000431  00000-0  19325-3 0  9992
2 61109  89.0840 308.4765 0043624 348.3903  11.6277 14.20347622 55027
CZ-6A DEB
1 61109U 24140PB  25270.09113849  .00000423  00000-0  18925-3 0  9996
2 61109  89.0839 308.4252 0043565 346.7679  13.2365 14.20348010 55097
CZ-6A DEB
1 61109U 24140PB  25271.07743377  .00000428  00000-0  19171-3 0  9999
2 61109  89.0838 308.3227 0043445 343.5101  16.4673 14.20348871 55237
CZ-6A DEB
1 61109U 24140PB  25271.64103089  .00000456  00000-0  20484-3 0  9992
2 61109  89.0838 308.2641 0043372 341.6518  18.3105 14.20349484 55317
CZ-6A DEB
1 61109U 24140PB  25272.06372844  .00000442  00000-0  19821-3 0  9994
2 61109  89.0838 308.2202 0043317 340.2541  19.6970 14.20349823 55377
CZ-6A DEB
1 61109U 24140PB  25272.55687553  .00000472  00000-0  21229-3 0  9992
2 61109  89.0837 308.1689 0043254 338.6171  21.3210 14.20350435 55440
CZ-6A DEB
1 61109U 24140PB  25272.55687554  .00000472  00000-0  21229-3 0  9993
2 61109  89.0837 308.1689 0043254 338.6171  21.3210 14.20350435 55440
CZ-6A DEB
1 61109U 24140PB  25273.12047194  .00000468  00000-0  21044-3 0  9997
2 61109  89.0836 308.1102 0043186 336.7443  23.1792 14.20350974 55526
CZ-6A DEB
1 61109U 24140PB  25273.12047195  .00000468  00000-0  21044-3 0  9998
2 61109  89.0836 308.1102 0043186 336.7443  23.1792 14.20350974 55526
CZ-6A DEB
1 61109U 24140PB  25273.82496705  .00000496  00000-0  22329-3 0  9998
2 61109  89.0836 308.0369 0043100 334.4041  25.5015 14.20351860 55625
CZ-6A DEB
1 61109U 24140PB  25274.03631552  .00000495  00000-0  22289-3 0  9997
2 61109  89.0835 308.0149 0043079 333.6967  26.2035 14.20352091 55653
CZ-6A DEB
1 61109U 24140PB  25274.03631553  .00000495  00000-0  22289-3 0  9998
2 61109  89.0835 308.0149 0043079 333.6967  26.2035 14.20352091 55653
CZ-6A DEB
1 61109U 24140PB  25274.81125944  .00000587  00000-0  26562-3 0  9996
2 61109  89.0835 307.9343 0042984 331.1228  28.7584 14.20353497 55763
CZ-6A DEB
1 61109U 24140PB  25274.81125945  .00000587  00000-0  26562-3 0  9997
2 61109  89.0835 307.9343 0042984 331.1228  28.7584 14.20353497 55763
CZ-6A DEB
1 61109U 24140PB  25275.09305719  .00000584  00000-0  26412-3 0  9998
2 61109  89.0835 307.9051 0042956 330.1816  29.6927 14.20353823 55809
CZ-6A DEB
1 61109U 24140PB  25275.58620312  .00000623  00000-0  28229-3 0  9993
2 61109  89.0833 307.8537 0042900 328.5328  31.3296 14.20354602 55875
CZ-6A DEB
1 61109U 24140PB  25275.58620313  .00000623  00000-0  28229-3 0  9994
2 61109  89.0833 307.8537 0042900 328.5328  31.3296 14.20354603 55876
CZ-6A DEB
1 61109U 24140PB  25276.07934898  .00000568  00000-0  25658-3 0  9996
2 61109  89.0832 307.8023 0042848 326.8923  32.9586 14.20354884 55946
CZ-6A DEB
1 61109U 24140PB  25276.36114602  .00000621  00000-0  28122-3 0  9990
2 61109  89.0831 307.7729 0042835 325.9043  33.9397 14.20355606 55984
CZ-6A DEB
1 61109U 24140PB  25277.84058229  .00000519  00000-0  23395-3 0  9999
2 61109  89.0828 307.6187 0042666 320.9778  38.8336 14.20356860 56193
CZ-6A DEB
1 61109U 24140PB  25278.12237948  .00000506  00000-0  22802-3 0  9996
2 61109  89.0827 307.5893 0042640 320.0302  39.7751 14.20357153 56233
CZ-6A DEB
1 61109U 24140PB  25279.10866964  .00000442  00000-0  19839-3 0  9996
2 61109  89.0825 307.4865 0042531 316.7070  43.0780 14.20357896 56371
CZ-6A DEB
1 61109U 24140PB  25279.32001738  .00000438  00000-0  19634-3 0  9998
2 61109  89.0825 307.4646 0042509 315.9851  43.7957 14.20358105 56402
CZ-6A DEB
1 61109U 24140PB  25279.81316218  .00000424  00000-0  19012-3 0  9999
2 61109  89.0824 307.4132 0042464 314.3120  45.4591 14.20358554 56471
CZ-6A DEB
1 61109U 24140PB  25280.51765470  .00000399  00000-0  17851-3 0  9996
2 61109  89.0823 307.3398 0042416 311.9225  47.8351 14.20359099 56575
CZ-6A DEB
1 61109U 24140PB  25281.36304536  .00000378  00000-0  16872-3 0  9991
2 61109  89.0821 307.2517 0042356 309.0567  50.6857 14.20359765 56691
CZ-6A DEB
1 61109U 24140PB  25281.36304537  .00000378  00000-0  16872-3 0  9992
2 61109  89.0821 307.2517 0042356 309.0567  50.6857 14.20359765 56691
CZ-6A DEB
1 61109U 24140PB  25282.06753753  .00000352  00000-0  15693-3 0  9990
2 61109  89.0820 307.1782 0042309 306.6658  53.0646 14.20360236 56794
CZ-6A DEB
1 61109U 24140PB  25282.06753754  .00000352  00000-0  15693-3 0  9991
2 61109  89.0820 307.1782 0042309 306.6658  53.0646 14.20360236 56794
CZ-6A DEB
1 61109U 24140PB  25282.49023297  .00000339  00000-0  15077-3 0  9991
2 61109  89.0819 307.1342 0042278 305.2343  54.4893 14.20360446 56854
CZ-6A DEB
1 61109U 24140PB  25282.49023298  .00000339  00000-0  15077-3 0  9992
2 61109  89.0819 307.1342 0042278 305.2343  54.4893 14.20360446 56854
CZ-6A DEB
1 61109U 24140PB  25283.05382668  .00000315  00000-0  13957-3 0  9993
2 61109  89.0818 307.0754 0042239 303.3232  56.3916 14.20360744 56939
CZ-6A DEB
1 61109U 24140PB  25283.05382668  .00000315  00000-0  13957-3 0  9993
2 61109  89.0818 307.0754 0042239 303.3233  56.3916 14.20360744 56930
CZ-6A DEB
1 61109U 24140PB  25283.33562352  .00000337  00000-0  14986-3 0  9991
2 61109  89.0818 307.0460 0042218 302.3698  57.3409 14.20361047 56974
CZ-6A DEB
1 61109U 24140PB  25283.82876794  .00000327  00000-0  14525-3 0  9991
2 61109  89.0817 306.9946 0042190 300.6884  59.0152 14.20361337 57042
CZ-6A DEB
1 61109U 24140PB  25283.82876795  .00000327  00000-0  14525-3 0  9992
2 61109  89.0817 306.9946 0042190 300.6884  59.0152 14.20361337 57042
CZ-6A DEB
1 61109U 24140PB  25284.11056475  .00000320  00000-0  14211-3 0  9995
2 61109  89.0816 306.9652 0042174 299.7278  59.9718 14.20361508 57083
CZ-6A DEB
1 61109U 24140PB  25284.32191237  .00000333  00000-0  14814-3 0  9997
2 61109  89.0816 306.9432 0042159 299.0108  60.6860 14.20361700 57112
CZ-6A DEB
1 61109U 24140PB  25284.81505664  .00000347  00000-0  15456-3 0  9992
2 61109  89.0816 306.8918 0042124 297.3275  62.3630 14.20362131 57188
CZ-6A DEB
1 61109U 24140PB  25285.30820082  .00000360  00000-0  16032-3 0  9997
2 61109  89.0815 306.8403 0042093 295.6476  64.0369 14.20362568 57255
CZ-6A DEB
1 61109U 24140PB  25285.51954831  .00000355  00000-0  15803-3 0  9999
2 61109  89.0814 306.8183 0042079 294.9231  64.7589 14.20362714 57281
CZ-6A DEB
1 61109U 24140PB  25285.94224334  .00000362  00000-0  16153-3 0  9991
2 61109  89.0814 306.7742 0042052 293.4866  66.1907 14.20363037 57346
CZ-6A DEB
1 61109U 24140PB  25286.22403997  .00000365  00000-0  16283-3 0  9994
2 61109  89.0814 306.7448 0042035 292.5229  67.1515 14.20363258 57388
CZ-6A DEB
1 61109U 24140PB  25286.50583658  .00000348  00000-0  15506-3 0  9996
2 61109  89.0814 306.7154 0042021 291.5533  68.1181 14.20363380 57425
CZ-6A DEB
1 61109U 24140PB  25286.92853145  .00000365  00000-0  16267-3 0  9997
2 61109  89.0813 306.6713 0042003 290.1027  69.5646 14.20363769 57485
CZ-6A DEB
1 61109U 24140PB  25287.21032802  .00000386  00000-0  17233-3 0  9996
2 61109  89.0813 306.6419 0041987 289.1341  70.5306 14.20364081 57523
CZ-6A DEB
1 61109U 24140PB  25287.91481935  .00000397  00000-0  17739-3 0  9991
2 61109  89.0811 306.5684 0041971 286.7352  72.9234 14.20364634 57623
CZ-6A DEB
1 61109U 24140PB  25288.47841228  .00000416  00000-0  18626-3 0  9996
2 61109  89.0811 306.5096 0041959 284.8071  74.8473 14.20365167 57700
CZ-6A DEB
1 61109U 24140PB  25288.83065788  .00000466  00000-0  20954-3 0  9997
2 61109  89.0811 306.4728 0041954 283.6154  76.0366 14.20365669 57752
CZ-6A DEB
1 61109U 24140PB  25288.90110699  .00000467  00000-0  21011-3 0  9993
2 61109  89.0811 306.4655 0041953 283.3739  76.2776 14.20365732 57765
CZ-6A DEB
1 61109U 24140PB  25289.11245427  .00000467  00000-0  21015-3 0  9999
2 61109  89.0811 306.4434 0041947 282.6523  76.9979 14.20365924 57794
CZ-6A DEB
1 61109U 24140PB  25289.46469988  .00000414  00000-0  18556-3 0  9995
2 61109  89.0811 306.4066 0041941 281.4454  78.2027 14.20365877 57841
CZ-6A DEB
1 61109U 24140PB  25289.88739432  .00000486  00000-0  21896-3 0  9995
2 61109  89.0810 306.3625 0041925 280.0014  79.6446 14.20366635 57909
CZ-6A DEB
1 61109U 24140PB  25290.02829245  .00000482  00000-0  21706-3 0  9991
2 61109  89.0810 306.3478 0041925 279.5237  80.1217 14.20366751 57929
CZ-6A DEB
1 61109U 24140PB  25290.31008909  .00000437  00000-0  19593-3 0  9990
2 61109  89.0810 306.3184 0041919 278.5615  81.0827 14.20366636 57968
CZ-6A DEB
1 61109U 24140PB  25290.66233446  .00000430  00000-0  19288-3 0  9998
2 61109  89.0809 306.2816 0041909 277.3502  82.2926 14.20366902 58014
CZ-6A DEB
1 61109U 24140PB  25290.80323257  .00000451  00000-0  20263-3 0  9992
2 61109  89.0809 306.2669 0041907 276.8677  82.7747 14.20367125 58031
CZ-6A DEB
1 61109U 24140PB  25290.94413071  .00000450  00000-0  20222-3 0  9995
2 61109  89.0809 306.2522 0041906 276.3872  83.2547 14.20367251 58056
CZ-6A DEB
1 61109U 24140PB  25291.08502884  .00000445  00000-0  20002-3 0  9992
2 61109  89.0809 306.2375 0041901 275.9015  83.7400 14.20367354 58070
CZ-6A DEB
1 61109U 24140PB  25291.29637622  .00000443  00000-0  19877-3 0  9990
2 61109  89.0809 306.2155 0041897 275.1751  84.4658 14.20367443 58105
CZ-6A DEB
1 61109U 24140PB  25291.78951946  .00000483  00000-0  21745-3 0  9993
2 61109  89.0808 306.1640 0041890 273.4767  86.1632 14.20368105 58177
CZ-6A DEB
1 61109U 24140PB  25292.28266256  .00000533  00000-0  24052-3 0  9992
2 61109  89.0807 306.1125 0041890 271.7928  87.8465 14.20368857 58248
CZ-6A DEB
1 61109U 24140PB  25292.91670371  .00000529  00000-0  23895-3 0  9998
2 61109  89.0806 306.0463 0041889 269.6107  90.0283 14.20369427 58332
CZ-6A DEB
1 61109U 24140PB  25293.05760170  .00000527  00000-0  23769-3 0  9999
2 61109  89.0806 306.0316 0041887 269.1219  90.5172 14.20369559 58356
CZ-6A DEB
1 61109U 24140PB  25293.26894875  .00000544  00000-0  24581-3 0  9994
2 61109  89.0806 306.0095 0041887 268.3927  91.2465 14.20369824 58388
CZ-6A DEB
1 61109U 24140PB  25293.48029570  .00000526  00000-0  23745-3 0  9991
2 61109  89.0805 305.9874 0041891 267.6676  91.9718 14.20369951 58411
CZ-6A DEB
1 61109U 24140PB  25293.83254058  .00000532  00000-0  23994-3 0  9994
2 61109  89.0804 305.9507 0041900 266.4726  93.1672 14.20370317 58463
CZ-6A DEB
1 61109U 24140PB  25294.53703025  .00000519  00000-0  23420-3 0  9994
2 61109  89.0804 305.8771 0041910 264.0658  95.5755 14.20370974 58562
CZ-6A DEB
1 61109U 24140PB  25294.74837711  .00000518  00000-0  23346-3 0  9993
2 61109  89.0803 305.8550 0041911 263.3461  96.2959 14.20371175 58592
CZ-6A DEB
1 61109U 24140PB  25294.88927504  .00000500  00000-0  22516-3 0  9997
2 61109  89.0803 305.8403 0041915 262.8612  96.7812 14.20371219 58610
CZ-6A DEB
1 61109U 24140PB  25295.17107083  .00000484  00000-0  21770-3 0  9994
2 61109  89.0803 305.8109 0041919 261.9004  97.7430 14.20371417 58653
CZ-6A DEB
1 61109U 24140PB  25295.24151980  .00000481  00000-0  21653-3 0  9994
2 61109  89.0803 305.8035 0041921 261.6615  97.9821 14.20371464 58668
CZ-6A DEB
1 61109U 24140PB  25295.45286661  .00000477  00000-0  21469-3 0  9992
2 61109  89.0803 305.7815 0041926 260.9370  98.7075 14.20371672 58692
CZ-6A DEB
1 61109U 24140PB  25295.80511127  .00000468  00000-0  21030-3 0  9993
2 61109  89.0802 305.7447 0041931 259.7366  99.9095 14.20371970 58741
CZ-6A DEB
1 61109U 24140PB  25295.87556021  .00000466  00000-0  20955-3 0  9995
2 61109  89.0802 305.7373 0041934 259.4964 100.1500 14.20372034 58752
CZ-6A DEB
1 61109U 24140PB  25296.01645804  .00000463  00000-0  20820-3 0  9998
2 61109  89.0802 305.7226 0041938 259.0162 100.6309 14.20372177 58771
CZ-6A DEB
1 61109U 24140PB  25296.50960047  .00000460  00000-0  20679-3 0  9990
2 61109  89.0802 305.6711 0041950 257.3370 102.3129 14.20372652 58840
CZ-6A DEB
1 61109U 24140PB  25296.50960048  .00000460  00000-0  20679-3 0  9991
2 61109  89.0802 305.6711 0041950 257.3370 102.3129 14.20372652 58840
CZ-6A DEB
1 61109U 24140PB  25297.07319168  .00000466  00000-0  20951-3 0  9994
2 61109  89.0801 305.6122 0041963 255.4055 104.2480 14.20373267 58921
CZ-6A DEB
1 61109U 24140PB  25297.49588508  .00000445  00000-0  19959-3 0  9999
2 61109  89.0801 305.5680 0041978 253.9589 105.6977 14.20373552 58989
CZ-6A DEB
1 61109U 24140PB  25297.77768066  .00000440  00000-0  19737-3 0  9998
2 61109  89.0801 305.5386 0041986 252.9901 106.6687 14.20373774 59029
CZ-6A DEB
1 61109U 24140PB  25297.77768067  .00000440  00000-0  19737-3 0  9999
2 61109  89.0801 305.5386 0041986 252.9901 106.6687 14.20373774 59029
CZ-6A DEB
1 61109U 24140PB  25298.05947623  .00000431  00000-0  19333-3 0  9990
2 61109  89.0801 305.5091 0041995 252.0125 107.6486 14.20374007 59063
CZ-6A DEB
1 61109U 24140PB  25298.05947623  .00000431  00000-0  19333-3 0  9990
2 61109  89.0801 305.5091 0041995 252.0125 107.6486 14.20374007 59063
CZ-6A DEB
1 61109U 24140PB  25298.48216948  .00000423  00000-0  18979-3 0  9992
2 61109  89.0801 305.4649 0042013 250.5612 109.1037 14.20374354 59128
CZ-6A DEB
1 61109U 24140PB  25298.48216949  .00000423  00000-0  18979-3 0  9993
2 61109  89.0801 305.4649 0042013 250.5612 109.1037 14.20374354 59128
CZ-6A DEB
1 61109U 24140PB  25299.04576051  .00000408  00000-0  18252-3 0  9996
2 61109  89.0800 305.4060 0042037 248.6329 111.0373 14.20374747 59203
CZ-6A DEB
1 61109U 24140PB  25299.04576052  .00000408  00000-0  18252-3 0  9997
2 61109  89.0800 305.4060 0042037 248.6329 111.0373 14.20374747 59203
CZ-6A DEB
1 61109U 24140PB  25299.46845372  .00000421  00000-0  18881-3 0  9990
2 61109  89.0800 305.3619 0042061 247.1857 112.4888 14.20375166 59267
CZ-6A DEB
1 61109U 24140PB  25299.82069795  .00000432  00000-0  19360-3 0  9992
2 61109  89.0800 305.3251 0042078 245.9797 113.6987 14.20375516 59314
CZ-6A DEB
1 61109U 24140PB  25300.03204447  .00000429  00000-0  19251-3 0  9998
2 61109  89.0800 305.3030 0042091 245.2616 114.4191 14.20375702 59343
CZ-6A DEB
1 61109U 24140PB  25300.03204447  .00000429  00000-0  19251-3 0  9998
2 61109  89.0800 305.3030 0042091 245.2616 114.4191 14.20375702 59343
CZ-6A DEB
1 61109U 24140PB  25300.45473760  .00000451  00000-0  20244-3 0  9999
2 61109  89.0801 305.2588 0042119 243.8193 115.8663 14.20376127 59404
CZ-6A DEB
1 61109U 24140PB  25300.45473761  .00000451  00000-0  20244-3 0  9990
2 61109  89.0801 305.2589 0042119 243.8194 115.8663 14.20376128 59407
CZ-6A DEB
1 61109U 24140PB  25301.51146996  .00000445  00000-0  19977-3 0  9999
2 61109  89.0800 305.1484 0042188 240.2286 119.4705 14.20376976 59552
CZ-6A DEB
1 61109U 24140PB  25302.28640689  .00000447  00000-0  20048-3 0  9995
2 61109  89.0800 305.0674 0042228 237.6204 122.0897 14.20377588 59661
CZ-6A DEB
1 61109U 24140PB  25302.42730449  .00000448  00000-0  20131-3 0  9999
2 61109  89.0800 305.0527 0042239 237.1416 122.5706 14.20377711 59684
CZ-6A DEB
1 61109U 24140PB  25302.42730450  .00000448  00000-0  20131-3 0  9991
2 61109  89.0800 305.0527 0042239 237.1416 122.5706 14.20377711 59684
CZ-6A DEB
1 61109U 24140PB  25303.27268992  .00000439  00000-0  19683-3 0  9992
2 61109  89.0799 304.9643 0042295 234.2686 125.4567 14.20378358 59806
CZ-6A DEB
1 61109U 24140PB  25303.48403628  .00000450  00000-0  20207-3 0  9999
2 61109  89.0799 304.9423 0042315 233.5561 126.1726 14.20378586 59830
CZ-6A DEB
1 61109U 24140PB  25304.25897262  .00000436  00000-0  19556-3 0  9995
2 61109  89.0799 304.8612 0042380 230.9112 128.8306 14.20379170 59949
CZ-6A DEB
1 61109U 24140PB  25304.47031884  .00000448  00000-0  20081-3 0  9997
2 61109  89.0799 304.8391 0042400 230.1915 129.5540 14.20379429 59977
CZ-6A DEB
1 61109U 24140PB  25304.75211382  .00000446  00000-0  20025-3 0  9997
2 61109  89.0799 304.8097 0042423 229.2345 130.5161 14.20379649 60013
CZ-6A DEB
1 61109U 24140PB  25305.45660110  .00000439  00000-0  19693-3 0  9993
2 61109  89.0798 304.7360 0042491 226.8440 132.9196 14.20380247 60119
CZ-6A DEB
1 61109U 24140PB  25306.02019080  .00000417  00000-0  18685-3 0  9997
2 61109  89.0797 304.6771 0042545 224.9359 134.8385 14.20380636 60192
CZ-6A DEB
1 61109U 24140PB  25306.44288301  .00000406  00000-0  18169-3 0  9992
2 61109  89.0798 304.6329 0042588 223.5087 136.2741 14.20380943 60252
CZ-6A DEB
1 61109U 24140PB  25307.71095911  .00000378  00000-0  16845-3 0  9993
2 61109  89.0797 304.5004 0042692 219.2622 140.5471 14.20381929 60436
CZ-6A DEB
1 61109U 24140PB  25307.71095912  .00000378  00000-0  16845-3 0  9994
2 61109  89.0797 304.5004 0042692 219.2622 140.5471 14.20381929 60436
CZ-6A DEB
1 61109U 24140PB  25308.27454827  .00000378  00000-0  16832-3 0  9996
2 61109  89.0798 304.4415 0042745 217.3859 142.4356 14.20382434 60516
CZ-6A DEB
1 61109U 24140PB  25308.41544554  .00000375  00000-0  16693-3 0  9991
2 61109  89.0798 304.4268 0042765 216.9122 142.9124 14.20382548 60538
CZ-6A DEB
1 61109U 24140PB  25308.41544555  .00000375  00000-0  16693-3 0  9992
2 61109  89.0798 304.4268 0042765 216.9122 142.9124 14.20382549 60539
CZ-6A DEB
1 61109U 24140PB  25308.69724014  .00000364  00000-0  16189-3 0  9990
2 61109  89.0797 304.3973 0042792 215.9686 143.8623 14.20382709 60570
CZ-6A DEB
1 61109U 24140PB  25308.69724015  .00000364  00000-0  16189-3 0  9991
2 61109  89.0797 304.3973 0042792 215.9686 143.8623 14.20382709 60570
CZ-6A DEB
1 61109U 24140PB  25309.26082921  .00000389  00000-0  17373-3 0  9991
2 61109  89.0798 304.3385 0042836 214.1006 145.7431 14.20383303 60652
CZ-6A DEB
1 61109U 24140PB  25309.96531531  .00000403  00000-0  18003-3 0  9992
2 61109  89.0797 304.2648 0042905 211.7416 148.1187 14.20383975 60758
CZ-6A DEB
1 61109U 24140PB  25310.24710963  .00000441  00000-0  19784-3 0  9992
2 61109  89.0798 304.2353 0042930 210.7973 149.0698 14.20384419 60792
CZ-6A DEB
1 61109U 24140PB  25310.45845539  .00000441  00000-0  19770-3 0  9998
2 61109  89.0798 304.2133 0042963 210.0892 149.7830 14.20384601 60829
CZ-6A DEB
1 61109U 24140PB  25310.45845540  .00000441  00000-0  19770-3 0  9990
2 61109  89.0798 304.2133 0042963 210.0892 149.7830 14.20384601 60829
CZ-6A DEB
1 61109U 24140PB  25310.95159547  .00000401  00000-0  17925-3 0  9996
2 61109  89.0798 304.1617 0043017 208.4392 151.4451 14.20384790 60897
CZ-6A DEB
1 61109U 24140PB  25310.95159548  .00000401  00000-0  17925-3 0  9997
2 61109  89.0798 304.1617 0043017 208.4392 151.4451 14.20384790 60897
CZ-6A DEB
1 61109U 24140PB  25311.72652944  .00000468  00000-0  21002-3 0  9995
2 61109  89.0798 304.0807 0043116 205.8500 154.0536 14.20385826 61007
CZ-6A DEB
1 61109U 24140PB  25312.00832366  .00000447  00000-0  20059-3 0  9993
2 61109  89.0798 304.0513 0043148 204.9042 155.0067 14.20385960 61040
CZ-6A DEB
1 61109U 24140PB  25312.21966919  .00000461  00000-0  20701-3 0  9998
2 61109  89.0799 304.0292 0043183 204.1986 155.7177 14.20386224 61079
CZ-6A DEB
1 61109U 24140PB  25312.21966919  .00000461  00000-0  20701-3 0  9998
2 61109  89.0799 304.0292 0043183 204.1986 155.7177 14.20386224 61079
CZ-6A DEB
1 61109U 24140PB  25312.71280859  .00000476  00000-0  21389-3 0  9994
2 61109  89.0799 303.9777 0043241 202.5582 157.3709 14.20386801 61142
CZ-6A DEB
1 61109U 24140PB  25314.68536564  .00000524  00000-0  23590-3 0  9999
2 61109  89.0800 303.7715 0043456 196.0374 163.9444 14.20388830 61423
CZ-6A DEB
1 61109U 24140PB  25315.24895276  .00000576  00000-0  26001-3 0  9997
2 61109  89.0800 303.7126 0043531 194.1882 165.8090 14.20389673 61509
CZ-6A DEB
1 61109U 24140PB  25315.74209136  .00000579  00000-0  26129-3 0  9990
2 61109  89.0801 303.6610 0043598 192.5632 167.4476 14.20390187 61570
CZ-6A DEB
1 61109U 24140PB  25316.93971205  .00000721  00000-0  32693-3 0  9997
2 61109  89.0801 303.5358 0043733 188.6254 171.4190 14.20392497 61748
CZ-6A DEB
1 61109U 24140PB  25316.93971206  .00000721  00000-0  32693-3 0  9998
2 61109  89.0801 303.5358 0043733 188.6254 171.4190 14.20392497 61748
CZ-6A DEB
1 61109U 24140PB  25317.29195299  .00000738  00000-0  33472-3 0  9992
2 61109  89.0802 303.4990 0043781 187.4637 172.5907 14.20393113 61794
CZ-6A DEB
1 61109U 24140PB  25317.29195299  .00000738  00000-0  33472-3 0  9992
2 61109  89.0802 303.4990 0043781 187.4637 172.5907 14.20393113 61794
CZ-6A DEB
1 61109U 24140PB  25317.92598648  .00000794  00000-0  36085-3 0  9992
2 61109  89.0801 303.4327 0043853 185.3868 174.6857 14.20394390 61885
CZ-6A DEB
1 61109U 24140PB  25318.70091654  .00000650  00000-0  29424-3 0  9994
2 61109  89.0802 303.3517 0043960 182.8457 177.2490 14.20394596 61993
CZ-6A DEB
1 61109U 24140PB  25319.40539767  .00000649  00000-0  29341-3 0  9990
2 61109  89.0801 303.2780 0044044 180.5431 179.5719 14.20395587 62096
CZ-6A DEB
1 61109U 24140PB  25319.96898198  .00000600  00000-0  27109-3 0  9994
2 61109  89.0801 303.2192 0044123 178.7118 181.4194 14.20396215 62179
CZ-6A DEB
1 61109U 24140PB  25320.39167008  .00000623  00000-0  28174-3 0  9990
2 61109  89.0801 303.1750 0044174 177.3403 182.8031 14.20396965 62230
CZ-6A DEB
1 61109U 24140PB  25320.39167009  .00000623  00000-0  28174-3 0  9991
2 61109  89.0801 303.1750 0044174 177.3403 182.8031 14.20396965 62230
CZ-6A DEB
1 61109U 24140PB  25320.67346211  .00000604  00000-0  27251-3 0  9990
2 61109  89.0801 303.1455 0044216 176.4233 183.7282 14.20397256 62276
CZ-6A DEB
1 61109U 24140PB  25321.23704586  .00000573  00000-0  25835-3 0  9997
2 61109  89.0801 303.0866 0044291 174.6049 185.5628 14.20397906 62354
CZ-6A DEB
1 61109U 24140PB  25321.37794176  .00000565  00000-0  25458-3 0  9998
2 61109  89.0802 303.0719 0044310 174.1514 186.0203 14.20398072 62378
CZ-6A DEB
1 61109U 24140PB  25321.37794176  .00000565  00000-0  25458-3 0  9998
2 61109  89.0802 303.0719 0044310 174.1514 186.0203 14.20398072 62378
CZ-6A DEB
1 61109U 24140PB  25321.65973361  .00000527  00000-0  23725-3 0  9997
2 61109  89.0802 303.0425 0044345 173.2368 186.9431 14.20398232 62412
CZ-6A DEB
1 61109U 24140PB  25322.01197341  .00000468  00000-0  20981-3 0  9999
2 61109  89.0802 303.0057 0044393 172.0875 188.1025 14.20398348 62462
CZ-6A DEB
1 61109U 24140PB  25322.01197342  .00000468  00000-0  20981-3 0  9990
2 61109  89.0802 303.0057 0044393 172.0876 188.1025 14.20398348 62463
CZ-6A DEB
1 61109U 24140PB  25322.36421295  .00000470  00000-0  21075-3 0  9993
2 61109  89.0802 302.9689 0044429 170.9508 189.2493 14.20398811 62513
CZ-6A DEB
1 61109U 24140PB  25322.92779621  .00000411  00000-0  18321-3 0  9999
2 61109  89.0803 302.9100 0044508 169.1383 191.0780 14.20399137 62591
CZ-6A DEB
1 61109U 24140PB  25323.20958787  .00000421  00000-0  18820-3 0  9998
2 61109  89.0803 302.8806 0044537 168.2188 192.0056 14.20399445 62632
CZ-6A DEB
1 61109U 24140PB  25323.35048365  .00000417  00000-0  18631-3 0  9991
2 61109  89.0803 302.8658 0044555 167.7668 192.4615 14.20399571 62651
CZ-6A DEB
1 61109U 24140PB  25323.70272308  .00000390  00000-0  17373-3 0  9998
2 61109  89.0805 302.8292 0044617 166.6576 193.5806 14.20399722 62700
CZ-6A DEB
1 61109U 24140PB  25323.91406669  .00000371  00000-0  16469-3 0  9994
2 61109  89.0804 302.8072 0044645 165.9759 194.2683 14.20399818 62731
CZ-6A DEB
1 61109U 24140PB  25324.19585824  .00000372  00000-0  16519-3 0  9993
2 61109  89.0803 302.7776 0044683 165.0623 195.1899 14.20400026 62770
CZ-6A DEB
1 61109U 24140PB  25324.40720183  .00000364  00000-0  16181-3 0  9992
2 61109  89.0803 302.7556 0044714 164.3864 195.8717 14.20400174 62804
CZ-6A DEB
1 61109U 24140PB  25324.40720183  .00000364  00000-0  16181-3 0  9992
2 61109  89.0803 302.7556 0044714 164.3864 195.8717 14.20400174 62804
CZ-6A DEB
1 61109U 24140PB  25324.97078454  .00000344  00000-0  15258-3 0  9993
2 61109  89.0804 302.6966 0044800 162.5862 197.6877 14.20400545 62880
CZ-6A DEB
1 61109U 24140PB  25325.39347132  .00000357  00000-0  15841-3 0  9994
2 61109  89.0803 302.6524 0044842 161.2467 199.0388 14.20400995 62941
CZ-6A DEB
1 61109U 24140PB  25325.95705377  .00000329  00000-0  14536-3 0  9994
2 61109  89.0803 302.5935 0044915 159.4476 200.8534 14.20401270 63027
CZ-6A DEB
1 61109U 24140PB  25326.37974035  .00000350  00000-0  15511-3 0  9998
2 61109  89.0804 302.5493 0044971 158.1061 202.2064 14.20401727 63082
CZ-6A DEB
1 61109U 24140PB  25326.37974035  .00000350  00000-0  15511-3 0  9998
2 61109  89.0804 302.5493 0044971 158.1062 202.2064 14.20401727 63083
CZ-6A DEB
1 61109U 24140PB  25326.94332248  .00000322  00000-0  14215-3 0  9994
2 61109  89.0804 302.4904 0045036 156.3086 204.0192 14.20401974 63163
CZ-6A DEB
1 61109U 24140PB  25326.94332248  .00000322  00000-0  14215-3 0  9994
2 61109  89.0804 302.4904 0045036 156.3086 204.0192 14.20401974 63163
CZ-6A DEB
1 61109U 24140PB  25327.36600889  .00000329  00000-0  14559-3 0  9998
2 61109  89.0806 302.4463 0045085 154.9564 205.3827 14.20402314 63229
CZ-6A DEB
1 61109U 24140PB  25328.00003844  .00000346  00000-0  15308-3 0  9990
2 61109  89.0806 302.3801 0045152 152.9346 207.4213 14.20402802 63319
CZ-6A DEB
1 61109U 24140PB  25328.21138148  .00000341  00000-0  15100-3 0  9994
2 61109  89.0807 302.3581 0045180 152.2488 208.1128 14.20402926 63349
CZ-6A DEB
1 61109U 24140PB  25328.35227687  .00000343  00000-0  15159-3 0  9992
2 61109  89.0807 302.3434 0045194 151.8017 208.5635 14.20403031 63361
CZ-6A DEB
1 61109U 24140PB  25328.63406759  .00000354  00000-0  15683-3 0  9996
2 61109  89.0808 302.3140 0045221 150.8978 209.4748 14.20403275 63402
CZ-6A DEB
1 61109U 24140PB  25328.63406760  .00000354  00000-0  15683-3 0  9998
2 61109  89.0808 302.3140 0045221 150.8978 209.4748 14.20403275 63402
CZ-6A DEB
1 61109U 24140PB  25329.19764889  .00000384  00000-0  17080-3 0  9995
2 61109  89.0809 302.2551 0045273 149.0908 211.2962 14.20403820 63481
CZ-6A DEB
1 61109U 24140PB  25329.19764890  .00000384  00000-0  17080-3 0  9997
2 61109  89.0809 302.2552 0045273 149.0908 211.2962 14.20403820 63482
CZ-6A DEB
1 61109U 24140PB  25329.97257287  .00000372  00000-0  16521-3 0  9996
2 61109  89.0811 302.1744 0045353 146.6519 213.7544 14.20404280 63593
CZ-6A DEB
1 61109U 24140PB  25330.18391568  .00000373  00000-0  16559-3 0  9994
2 61109  89.0812 302.1523 0045379 145.9842 214.4273 14.20404422 63627
CZ-6A DEB
1 61109U 24140PB  25330.32481096  .00000380  00000-0  16903-3 0  9997
2 61109  89.0812 302.1376 0045398 145.5426 214.8723 14.20404539 63643
CZ-6A DEB
1 61109U 24140PB  25330.32481097  .00000380  00000-0  16903-3 0  9998
2 61109  89.0812 302.1376 0045398 145.5426 214.8723 14.20404539 63643
CZ-6A DEB
1 61109U 24140PB  25330.95883919  .00000372  00000-0  16516-3 0  9997
2 61109  89.0812 302.0715 0045471 143.5493 216.8808 14.20404955 63731
CZ-6A DEB
1 61109U 24140PB  25330.95883919  .00000372  00000-0  16516-3 0  9997
2 61109  89.0812 302.0715 0045471 143.5493 216.8808 14.20404955 63731
CZ-6A DEB
1 61109U 24140PB  25331.66331465  .00000365  00000-0  16173-3 0  9991
2 61109  89.0812 301.9978 0045547 141.3140 219.1328 14.20405428 63839
CZ-6A DEB
1 61109U 24140PB  25332.15644715  .00000372  00000-0  16525-3 0  9990
2 61109  89.0813 301.9464 0045593 139.7730 220.6850 14.20405870 63903
CZ-6A DEB
1 61109U 24140PB  25332.64957962  .00000347  00000-0  15342-3 0  9993
2 61109  89.0813 301.8949 0045647 138.2248 222.2442 14.20406092 63977
CZ-6A DEB
1 61109U 24140PB  25333.91763352  .00000375  00000-0  16635-3 0  9999
2 61109  89.0814 301.7626 0045759 134.2423 226.2538 14.20407230 64150
CZ-6A DEB
1 61109U 24140PB  25334.34031794  .00000350  00000-0  15510-3 0  9999
2 61109  89.0814 301.7185 0045798 132.9118 227.5930 14.20407403 64218
CZ-6A DEB
1 61109U 24140PB  25334.62210749  .00000340  00000-0  15052-3 0  9999
2 61109  89.0814 301.6891 0045821 132.0265 228.4840 14.20407541 64259
CZ-6A DEB
1 61109U 24140PB  25334.62210749  .00000340  00000-0  15052-3 0  9999
2 61109  89.0814 301.6891 0045821 132.0265 228.4840 14.20407540 64258
CZ-6A DEB
1 61109U 24140PB  25335.18568635  .00000352  00000-0  15602-3 0  9995
2 61109  89.0815 301.6303 0045869 130.2584 230.2632 14.20408018 64333
CZ-6A DEB
1 61109U 24140PB  25335.39702831  .00000383  00000-0  16999-3 0  9990
2 61109  89.0815 301.6082 0045886 129.5974 230.9282 14.20408358 64368
CZ-6A DEB
1 61109U 24140PB  25335.60837037  .00000359  00000-0  15911-3 0  9997
2 61109  89.0815 301.5862 0045909 128.9294 231.6003 14.20408358 64399
CZ-6A DEB
1 61109U 24140PB  25335.60837038  .00000359  00000-0  15911-3 0  9998
2 61109  89.0815 301.5862 0045909 128.9294 231.6003 14.20408358 64399
CZ-6A DEB
1 61109U 24140PB  25335.96060685  .00000385  00000-0  17101-3 0  9995
2 61109  89.0815 301.5494 0045936 127.8206 232.7156 14.20408792 64440
CZ-6A DEB
1 61109U 24140PB  25336.17194874  .00000385  00000-0  17100-3 0  9996
2 61109  89.0815 301.5274 0045955 127.1592 233.3809 14.20408936 64473
CZ-6A DEB
1 61109U 24140PB  25336.31284336  .00000435  00000-0  19409-3 0  9995
2 61109  89.0816 301.5127 0045968 126.7195 233.8231 14.20409295 64494
CZ-6A DEB
1 61109U 24140PB  25336.31284336  .00000435  00000-0  19409-3 0  9995
2 61109  89.0816 301.5127 0045968 126.7195 233.8232 14.20409295 64495
CZ-6A DEB
1 61109U 24140PB  25337.15821023  .00000435  00000-0  19405-3 0  9994
2 61109  89.0816 301.4245 0046044 124.0752 236.4822 14.20410001 64616
CZ-6A DEB
1 61109U 24140PB  25337.29910475  .00000478  00000-0  21391-3 0  9993
2 61109  89.0817 301.4098 0046056 123.6374 236.9224 14.20410325 64633
CZ-6A DEB
1 61109U 24140PB  25337.36955194  .00000477  00000-0  21380-3 0  9995
2 61109  89.0817 301.4025 0046060 123.4219 237.1390 14.20410390 64644
CZ-6A DEB
1 61109U 24140PB  25337.36955195  .00000477  00000-0  21380-3 0  9996
2 61109  89.0817 301.4025 0046060 123.4219 237.1390 14.20410390 64644
CZ-6A DEB
1 61109U 24140PB  25338.28536467  .00000602  00000-0  27134-3 0  9998
2 61109  89.0818 301.3070 0046131 120.5764 239.9990 14.20412002 64778
CZ-6A DEB
1 61109U 24140PB  25338.63760017  .00000582  00000-0  26207-3 0  9994
2 61109  89.0818 301.2702 0046161 119.4744 241.1063 14.20412255 64829
CZ-6A DEB
1 61109U 24140PB  25338.63760018  .00000582  00000-0  26207-3 0  9995
2 61109  89.0818 301.2702 0046161 119.4744 241.1063 14.20412255 64829
CZ-6A DEB
1 61109U 24140PB  25339.20117685  .00000572  00000-0  25758-3 0  9994
2 61109  89.0820 301.2115 0046191 117.7292 242.8595 14.20412751 64900
CZ-6A DEB
1 61109U 24140PB  25339.90564713  .00000560  00000-0  25205-3 0  9993
2 61109  89.0820 301.1380 0046230 115.5398 245.0583 14.20413426 65004
CZ-6A DEB
1 61109U 24140PB  25340.18743501  .00000566  00000-0  25451-3 0  9998
2 61109  89.0821 301.1086 0046239 114.6702 245.9314 14.20413756 65047
CZ-6A DEB
1 61109U 24140PB  25340.61011668  .00000602  00000-0  27109-3 0  9991
2 61109  89.0820 301.0645 0046258 113.3488 247.2579 14.20414422 65100
CZ-6A DEB
1 61109U 24140PB  25340.89190445  .00000572  00000-0  25723-3 0  9998
2 61109  89.0820 301.0351 0046269 112.4710 248.1389 14.20414572 65143
CZ-6A DEB
1 61109U 24140PB  25341.17369208  .00000571  00000-0  25681-3 0  9997
2 61109  89.0820 301.0057 0046284 111.5941 249.0190 14.20414864 65187
CZ-6A DEB
1 61109U 24140PB  25341.94860776  .00000533  00000-0  23925-3 0  9995
2 61109  89.0821 300.9249 0046326 109.1828 251.4384 14.20415500 65295
CZ-6A DEB
1 61109U 24140PB  25342.15994827  .00000531  00000-0  23870-3 0  9991
2 61109  89.0822 300.9029 0046336 108.5270 252.0963 14.20415711 65325
CZ-6A DEB
1 61109U 24140PB  25342.86441613  .00000660  00000-0  29792-3 0  9991
2 61109  89.0822 300.8294 0046371 106.3401 254.2896 14.20417227 65423
CZ-6A DEB
1 61109U 24140PB  25342.93486310  .00000524  00000-0  23504-3 0  9996
2 61109  89.0822 300.8220 0046375 106.1239 254.5063 14.20416526 65434
CZ-6A DEB
1 61109U 24140PB  25343.14620338  .00000523  00000-0  23499-3 0  9992
2 61109  89.0823 300.8000 0046385 105.4719 255.1601 14.20416748 65461
CZ-6A DEB
1 61109U 24140PB  25343.28709683  .00000621  00000-0  28011-3 0  9992
2 61109  89.0823 300.7853 0046391 105.0387 255.5944 14.20417438 65483
CZ-6A DEB
1 61109U 24140PB  25343.28709684  .00000621  00000-0  28011-3 0  9993
2 61109  89.0823 300.7853 0046391 105.0387 255.5944 14.20417438 65483
CZ-6A DEB
1 61109U 24140PB  25343.63933042  .00000605  00000-0  27264-3 0  9990
2 61109  89.0824 300.7486 0046408 103.9555 256.6803 14.20417761 65530
CZ-6A DEB
1 61109U 24140PB  25343.85067047  .00000603  00000-0  27162-3 0  9992
2 61109  89.0824 300.7266 0046416 103.2995 257.3378 14.20418023 65566
CZ-6A DEB
1 61109U 24140PB  25343.85067048  .00000603  00000-0  27162-3 0  9993
2 61109  89.0824 300.7266 0046416 103.2995 257.3378 14.20418023 65566
CZ-6A DEB
1 61109U 24140PB  25344.34379729  .00000564  00000-0  25380-3 0  9996
2 61109  89.0825 300.6752 0046428 101.7834 258.8570 14.20418343 65637
CZ-6A DEB
1 61109U 24140PB  25344.62558383  .00000565  00000-0  25403-3 0  9999
2 61109  89.0826 300.6459 0046444 100.9120 259.7301 14.20418672 65670
CZ-6A DEB
1 61109U 24140PB  25344.83692367  .00000561  00000-0  25233-3 0  9990
2 61109  89.0826 300.6239 0046448 100.2595 260.3838 14.20418912 65703
CZ-6A DEB
1 61109U 24140PB  25344.83692368  .00000561  00000-0  25233-3 0  9991
2 61109  89.0826 300.6239 0046448 100.2595 260.3838 14.20418912 65703
CZ-6A DEB
1 61109U 24140PB  25345.11871013  .00000532  00000-0  23868-3 0  9999
2 61109  89.0827 300.5945 0046454  99.3943 261.2503 14.20419053 65749
CZ-6A DEB
1 61109U 24140PB  25345.11871013  .00000532  00000-0  23868-3 0  9999
2 61109  89.0827 300.5945 0046454  99.3943 261.2504 14.20419053 65740
CZ-6A DEB
1 61109U 24140PB  25345.61183607  .00000558  00000-0  25108-3 0  9996
2 61109  89.0827 300.5431 0046464  97.8755 262.7713 14.20419771 65818
CZ-6A DEB
1 61109U 24140PB  25345.89362218  .00000551  00000-0  24761-3 0  9990
2 61109  89.0828 300.5138 0046462  97.0058 263.6420 14.20420084 65857
CZ-6A DEB
1 61109U 24140PB  25346.17540824  .00000546  00000-0  24544-3 0  9996
2 61109  89.0828 300.4844 0046466  96.1373 264.5114 14.20420363 65898
CZ-6A DEB
1 61109U 24140PB  25346.17540825  .00000546  00000-0  24544-3 0  9997
2 61109  89.0828 300.4844 0046466  96.1373 264.5114 14.20420363 65898
CZ-6A DEB
1 61109U 24140PB  25346.87987297  .00000541  00000-0  24295-3 0  9990
2 61109  89.0828 300.4110 0046475  93.9583 266.6922 14.20421177 65997
CZ-6A DEB
1 61109U 24140PB  25347.30255150  .00000556  00000-0  25005-3 0  9991
2 61109  89.0829 300.3670 0046481  92.6501 268.0011 14.20421755 66056
CZ-6A DEB
1 61109U 24140PB  25347.58433736  .00000507  00000-0  22738-3 0  9995
2 61109  89.0829 300.3376 0046487  91.7750 268.8765 14.20421737 66099
CZ-6A DEB
1 61109U 24140PB  25347.86612291  .00000484  00000-0  21673-3 0  9992
2 61109  89.0829 300.3083 0046488  90.9019 269.7498 14.20421949 66137
CZ-6A DEB
1 61109U 24140PB  25348.28880112  .00000481  00000-0  21524-3 0  9990
2 61109  89.0829 300.2643 0046491  89.5942 271.0575 14.20422386 66195
CZ-6A DEB
1 61109U 24140PB  25348.92281833  .00000385  00000-0  17097-3 0  9999
2 61109  89.0830 300.1982 0046498  87.6299 273.0214 14.20422506 66289
CZ-6A DEB
1 61109U 24140PB  25349.27504991  .00000388  00000-0  17237-3 0  9990
2 61109  89.0830 300.1615 0046498  86.5462 274.1045 14.20422865 66330
CZ-6A DEB
1 61109U 24140PB  25349.90906643  .00000356  00000-0  15777-3 0  9992
2 61109  89.0830 300.0955 0046495  84.5904 276.0588 14.20423326 66428
CZ-6A DEB
1 61109U 24140PB  25350.33174400  .00000356  00000-0  15746-3 0  9995
2 61109  89.0831 300.0515 0046494  83.2852 277.3626 14.20423701 66488
CZ-6A DEB
1 61109U 24140PB  25350.89531378  .00000334  00000-0  14741-3 0  9997
2 61109  89.0832 299.9928 0046486  81.5506 279.0949 14.20424095 66564
CZ-6A DEB
1 61109U 24140PB  25351.31799099  .00000324  00000-0  14283-3 0  9991
2 61109  89.0832 299.9488 0046479  80.2480 280.3955 14.20424394 66625
CZ-6A DEB
1 61109U 24140PB  25351.88156041  .00000306  00000-0  13459-3 0  9991
2 61109  89.0833 299.8901 0046467  78.5094 282.1309 14.20424734 66703
CZ-6A DEB
1 61109U 24140PB  25352.37468341  .00000300  00000-0  13160-3 0  9998
2 61109  89.0834 299.8388 0046452  76.9865 283.6506 14.20425068 66778
CZ-6A DEB
1 61109U 24140PB  25352.86780637  .00000290  00000-0  12696-3 0  9998
2 61109  89.0834 299.7875 0046440  75.4623 285.1712 14.20425323 66849
CZ-6A DEB
1 61109U 24140PB  25353.36092912  .00000273  00000-0  11923-3 0  9999
2 61109  89.0835 299.7361 0046424  73.9352 286.6943 14.20425530 66914
CZ-6A DEB
1 61109U 24140PB  25353.36092913  .00000273  00000-0  11923-3 0  9990
2 61109  89.0835 299.7361 0046424  73.9352 286.6943 14.20425530 66914
CZ-6A DEB
1 61109U 24140PB  25354.13583603  .00000267  00000-0  11645-3 0  9991
2 61109  89.0836 299.6555 0046402  71.5274 289.0951 14.20425911 67024
CZ-6A DEB
1 61109U 24140PB  25354.13583604  .00000267  00000-0  11645-3 0  9992
2 61109  89.0836 299.6555 0046402  71.5274 289.0951 14.20425912 67025
CZ-6A DEB
1 61109U 24140PB  25354.27672815  .00000280  00000-0  12231-3 0  9997
2 61109  89.0836 299.6408 0046402  71.0943 289.5269 14.20426069 67043
CZ-6A DEB
1 61109U 24140PB  25354.27672815  .00000280  00000-0  12231-3 0  9997
2 61109  89.0836 299.6408 0046402  71.0943 289.5269 14.20426069 67043
CZ-6A DEB
1 61109U 24140PB  25354.84029650  .00000278  00000-0  12146-3 0  9995
2 61109  89.0836 299.5821 0046394  69.3432 291.2724 14.20426373 67127
CZ-6A DEB
1 61109U 24140PB  25355.12208058  .00000277  00000-0  12137-3 0  9997
2 61109  89.0837 299.5528 0046387  68.4697 292.1428 14.20426508 67162
CZ-6A DEB
1 61109U 24140PB  25355.12208059  .00000277  00000-0  12137-3 0  9998
2 61109  89.0837 299.5528 0046387  68.4697 292.1428 14.20426508 67162
CZ-6A DEB
1 61109U 24140PB  25355.82654051  .00000312  00000-0  13735-3 0  9997
2 61109  89.0838 299.4795 0046361  66.2869 294.3175 14.20427106 67266
CZ-6A DEB
1 61109U 24140PB  25356.10832428  .00000349  00000-0  15432-3 0  9991
2 61109  89.0838 299.4502 0046340  65.4163 295.1846 14.20427478 67308
CZ-6A DEB
1 61109U 24140PB  25356.10832429  .00000349  00000-0  15432-3 0  9992
2 61109  89.0838 299.4502 0046340  65.4163 295.1846 14.20427478 67308
CZ-6A DEB
1 61109U 24140PB  25356.60144590  .00000339  00000-0  15000-3 0  9992
2 61109  89.0839 299.3989 0046319  63.8959 296.6987 14.20427727 67374
CZ-6A DEB
1 61109U 24140PB  25356.81278366  .00000336  00000-0  14853-3 0  9996
2 61109  89.0840 299.3770 0046304  63.2431 297.3486 14.20427855 67405
CZ-6A DEB
1 61109U 24140PB  25356.88322958  .00000364  00000-0  16148-3 0  9990
2 61109  89.0840 299.3697 0046300  63.0257 297.5650 14.20428051 67418
CZ-6A DEB
1 61109U 24140PB  25357.09456727  .00000366  00000-0  16242-3 0  9993
2 61109  89.0841 299.3477 0046286  62.3717 298.2161 14.20428194 67447
CZ-6A DEB
1 61109U 24140PB  25357.09456727  .00000366  00000-0  16242-3 0  9993
2 61109  89.0841 299.3477 0046286  62.3717 298.2161 14.20428194 67447
CZ-6A DEB
1 61109U 24140PB  25357.79902602  .00000362  00000-0  16024-3 0  9992
2 61109  89.0841 299.2744 0046245  60.1914 300.3862 14.20428660 67545
CZ-6A DEB
1 61109U 24140PB  25357.86947189  .00000374  00000-0  16612-3 0  9995
2 61109  89.0841 299.2670 0046240  59.9750 300.6016 14.20428773 67552
CZ-6A DEB
1 61109U 24140PB  25357.86947189  .00000374  00000-0  16612-3 0  9995
2 61109  89.0841 299.2670 0046240  59.9750 300.6016 14.20428773 67552
CZ-6A DEB
1 61109U 24140PB  25358.85571331  .00000379  00000-0  16854-3 0  9990
2 61109  89.0842 299.1644 0046173  56.9183 303.6428 14.20429528 67699
CZ-6A DEB
1 61109U 24140PB  25358.85571332  .00000379  00000-0  16854-3 0  9991
2 61109  89.0842 299.1644 0046173  56.9183 303.6428 14.20429528 67699
CZ-6A DEB
1 61109U 24140PB  25359.84195390  .00000409  00000-0  18197-3 0  9993
2 61109  89.0842 299.0619 0046103  53.8446 306.6996 14.20430451 67837
CZ-6A DEB
1 61109U 24140PB  25359.84195391  .00000409  00000-0  18197-3 0  9994
2 61109  89.0842 299.0619 0046103  53.8446 306.6996 14.20430451 67837
CZ-6A DEB
1 61109U 24140PB  25360.26462822  .00000415  00000-0  18510-3 0  9994
2 61109  89.0841 299.0178 0046078  52.5319 308.0048 14.20430807 67897
CZ-6A DEB
1 61109U 24140PB  25360.54641091  .00000428  00000-0  19091-3 0  9991
2 61109  89.0842 298.9885 0046058  51.6485 308.8831 14.20431117 67931
CZ-6A DEB
1 61109U 24140PB  25360.54641092  .00000428  00000-0  19091-3 0  9992
2 61109  89.0842 298.9885 0046058  51.6485 308.8831 14.20431117 67931
CZ-6A DEB
1 61109U 24140PB  25361.10997616  .00000460  00000-0  20596-3 0  9999
2 61109  89.0843 298.9300 0046020  49.8792 310.6416 14.20431798 68018
CZ-6A DEB
1 61109U 24140PB  25361.25086752  .00000456  00000-0  20371-3 0  9991
2 61109  89.0843 298.9153 0046007  49.4417 311.0764 14.20431872 68035
CZ-6A DEB
1 61109U 24140PB  25361.25086753  .00000456  00000-0  20371-3 0  9992
2 61109  89.0843 298.9153 0046007  49.4417 311.0765 14.20431872 68036
CZ-6A DEB
1 61109U 24140PB  25362.09621463  .00000494  00000-0  22146-3 0  9992
2 61109  89.0843 298.8274 0045944  46.8002 313.7012 14.20432888 68154
CZ-6A DEB
1 61109U 24140PB  25362.09621464  .00000494  00000-0  22146-3 0  9993
2 61109  89.0843 298.8274 0045944  46.8002 313.7012 14.20432888 68154
CZ-6A DEB
1 61109U 24140PB  25362.30755127  .00000509  00000-0  22859-3 0  9999
2 61109  89.0843 298.8054 0045928  46.1425 314.3546 14.20433203 68188
CZ-6A DEB
1 61109U 24140PB  25362.58933349  .00000502  00000-0  22527-3 0  9998
2 61109  89.0844 298.7762 0045900  45.2632 315.2279 14.20433420 68223
CZ-6A DEB
1 61109U 24140PB  25362.80067007  .00000498  00000-0  22358-3 0  9998
2 61109  89.0844 298.7543 0045883  44.6006 315.8861 14.20433630 68257
CZ-6A DEB
1 61109U 24140PB  25362.87111549  .00000562  00000-0  25289-3 0  9994
2 61109  89.0844 298.7469 0045877  44.3820 316.1032 14.20434067 68268
CZ-6A DEB
1 61109U 24140PB  25363.29378841  .00000567  00000-0  25537-3 0  9992
2 61109  89.0844 298.7030 0045839  43.0600 317.4162 14.20434545 68328
CZ-6A DEB
1 61109U 24140PB  25363.29378842  .00000567  00000-0  25537-3 0  9993
2 61109  89.0844 298.7030 0045839  43.0600 317.4162 14.20434545 68328
CZ-6A DEB
1 61109U 24140PB  25363.85735197  .00000563  00000-0  25355-3 0  9999
2 61109  89.0844 298.6444 0045787  41.2993 319.1645 14.20435167 68408
CZ-6A DEB
1 61109U 24140PB  25364.06868832  .00000596  00000-0  26846-3 0  9998
2 61109  89.0844 298.6224 0045774  40.6356 319.8235 14.20435536 68431
CZ-6A DEB
1 61109U 24140PB  25364.28002457  .00000630  00000-0  28441-3 0  9997
2 61109  89.0845 298.6004 0045750  39.9723 320.4820 14.20435958 68460
CZ-6A DEB
1 61109U 24140PB  25364.56180609  .00000634  00000-0  28621-3 0  9998
2 61109  89.0844 298.5711 0045720  39.0901 321.3578 14.20436296 68500
CZ-6A DEB
1 61109U 24140PB  25364.77314215  .00000633  00000-0  28551-3 0  9994
2 61109  89.0844 298.5492 0045700  38.4222 322.0207 14.20436561 68538
CZ-6A DEB
1 61109U 24140PB  25364.84358742  .00000670  00000-0  30270-3 0  9997
2 61109  89.0844 298.5418 0045691  38.1958 322.2455 14.20436868 68546
CZ-6A DEB
1 61109U 24140PB  25365.05492343  .00000669  00000-0  30238-3 0  9999
2 61109  89.0845 298.5199 0045673  37.5339 322.9025 14.20437113 68576
CZ-6A DEB
1 61109U 24140PB  25365.05492343  .00000669  00000-0  30238-3 0  9999
2 61109  89.0845 298.5199 0045673  37.5339 322.9025 14.20437113 68576
CZ-6A DEB
1 61109U 24140PB  25365.26625955  .00000688  00000-0  31111-3 0  9991
2 61109  89.0845 298.4979 0045648  36.8699 323.5615 14.20437427 68608
CZ-6A DEB
1 61109U 24140PB  25365.26625955  .00000688  00000-0  31111-3 0  9991
2 61109  89.0845 298.4979 0045648  36.8699 323.5615 14.20437427 68608
CZ-6A DEB
1 61109U 24140PB  25365.82982180  .00000703  00000-0  31796-3 0  9996
2 61109  89.0845 298.4393 0045590  35.0924 325.3255 14.20438232 68689
CZ-6A DEB
1 61109U 24140PB  26001.11160299  .00000640  00000-0  28916-3 0  9995
2 61109  89.0845 298.4100 0045565  34.2127 326.1984 14.20438195 68724
CZ-6A DEB
1 61109U 24140PB  26001.25249360  .00000690  00000-0  31229-3 0  9993
2 61109  89.0845 298.3954 0045549  33.7675 326.6401 14.20438606 68742
CZ-6A DEB
1 61109U 24140PB  26001.25249360  .00000690  00000-0  31229-3 0  9993
2 61109  89.0845 298.3954 0045549  33.7675 326.6401 14.20438606 68742
CZ-6A DEB
1 61109U 24140PB  26002.23872633  .00000731  00000-0  33115-3 0  9999
2 61109  89.0845 298.2928 0045435  30.6433 329.7397 14.20440099 68886
CZ-6A DEB
1 61109U 24140PB  26002.80228739  .00000724  00000-0  32793-3 0  9997
2 61109  89.0845 298.2342 0045378  28.8612 331.5073 14.20440834 68968
CZ-6A DEB
1 61109U 24140PB  26002.80228739  .00000724  00000-0  32793-3 0  9997
2 61109  89.0845 298.2342 0045378  28.8612 331.5073 14.20440834 68968
CZ-6A DEB
1 61109U 24140PB  26003.57718350  .00000673  00000-0  30426-3 0  9999
2 61109  89.0846 298.1536 0045280  26.3914 333.9568 14.20441533 69078
CZ-6A DEB
1 61109U 24140PB  26003.85896370  .00000664  00000-0  30031-3 0  9991
2 61109  89.0846 298.1244 0045246  25.5001 334.8407 14.20441882 69118
CZ-6A DEB
1 61109U 24140PB  26004.07029906  .00000627  00000-0  28309-3 0  9993
2 61109  89.0848 298.1026 0045253  24.8449 335.4906 14.20441891 69148
CZ-6A DEB
1 61109U 24140PB  26004.28163431  .00000596  00000-0  26887-3 0  9992
2 61109  89.0847 298.0805 0045236  24.1754 336.1546 14.20441969 69171
CZ-6A DEB
1 61109U 24140PB  26004.28163431  .00000596  00000-0  26887-3 0  9992
2 61109  89.0847 298.0805 0045236  24.1754 336.1546 14.20441968 69170
CZ-6A DEB
1 61109U 24140PB  26004.56341451  .00000601  00000-0  27086-3 0  9992
2 61109  89.0849 298.0514 0045195  23.2839 337.0385 14.20442292 69214
CZ-6A DEB
1 61109U 24140PB  26004.84519449  .00000595  00000-0  26824-3 0  9998
2 61109  89.0849 298.0221 0045161  22.3863 337.9285 14.20442636 69253
CZ-6A DEB
1 61109U 24140PB  26004.84519449  .00000595  00000-0  26824-3 0  9998
2 61109  89.0849 298.0221 0045161  22.3863 337.9285 14.20442637 69254
CZ-6A DEB
1 61109U 24140PB  26005.05652950  .00000532  00000-0  23929-3 0  9991
2 61109  89.0849 298.0001 0045144  21.7236 338.5855 14.20442545 69289
CZ-6A DEB
1 61109U 24140PB  26005.05652950  .00000532  00000-0  23929-3 0  9991
2 61109  89.0849 298.0001 0045144  21.7236 338.5855 14.20442545 69289
CZ-6A DEB
1 61109U 24140PB  26006.04275882  .00000500  00000-0  22435-3 0  9992
2 61109  89.0850 297.8976 0045023  18.5980 341.6842 14.20443570 69421
CZ-6A DEB
1 61109U 24140PB  26006.25409362  .00000492  00000-0  22069-3 0  9990
2 61109  89.0850 297.8756 0044997  17.9133 342.3631 14.20443764 69451
CZ-6A DEB
1 61109U 24140PB  26006.25409363  .00000492  00000-0  22069-3 0  9991
2 61109  89.0850 297.8756 0044997  17.9133 342.3631 14.20443764 69451
CZ-6A DEB
1 61109U 24140PB  26006.53587331  .00000498  00000-0  22374-3 0  9999
2 61109  89.0850 297.8464 0044958  17.0134 343.2552 14.20444091 69496
CZ-6A DEB
1 61109U 24140PB  26006.81765285  .00000490  00000-0  22005-3 0  9999
2 61109  89.0850 297.8171 0044925  16.1064 344.1542 14.20444386 69538
CZ-6A DEB
1 61109U 24140PB  26007.24032220  .00000445  00000-0  19925-3 0  9990
2 61109  89.0850 297.7732 0044874  14.7401 345.5085 14.20444570 69590
CZ-6A DEB
1 61109U 24140PB  26007.24032220  .00000445  00000-0  19925-3 0  9990
2 61109  89.0850 297.7732 0044874  14.7401 345.5085 14.20444570 69590
CZ-6A DEB
1 61109U 24140PB  26007.59254655  .00000447  00000-0  20015-3 0  9990
2 61109  89.0850 297.7366 0044831  13.6172 346.6216 14.20444923 69645
CZ-6A DEB
1 61109U 24140PB  26007.59254655  .00000447  00000-0  20015-3 0  9990
2 61109  89.0850 297.7366 0044831  13.6172 346.6217 14.20444923 69646
CZ-6A DEB
1 61109U 24140PB  26008.08566044  .00000388  00000-0  17277-3 0  9993
2 61109  89.0850 297.6853 0044767  12.0465 348.1785 14.20445111 69717
CZ-6A DEB
1 61109U 24140PB  26008.22655006  .00000452  00000-0  20227-3 0  9997
2 61109  89.0850 297.6707 0044749  11.5949 348.6261 14.20445610 69736
CZ-6A DEB
1 61109U 24140PB  26008.22655007  .00000452  00000-0  20227-3 0  9998
2 61109  89.0850 297.6707 0044749  11.5949 348.6261 14.20445610 69736
CZ-6A DEB
1 61109U 24140PB  26008.50832929  .00000462  00000-0  20699-3 0  9993
2 61109  89.0850 297.6414 0044717  10.6920 349.5210 14.20445945 69774
CZ-6A DEB
1 61109U 24140PB  26008.79010847  .00000456  00000-0  20399-3 0  9991
2 61109  89.0850 297.6122 0044684   9.7844 350.4206 14.20446206 69819
CZ-6A DEB
1 61109U 24140PB  26008.79010848  .00000456  00000-0  20399-3 0  9992
2 61109  89.0850 297.6122 0044684   9.7844 350.4206 14.20446206 69819
CZ-6A DEB
1 61109U 24140PB  26009.49455637  .00000415  00000-0  18535-3 0  9993
2 61109  89.0849 297.5390 0044597   7.5249 352.6601 14.20446624 69919
CZ-6A DEB
1 61109U 24140PB  26010.55122787  .00000367  00000-0  16306-3 0  9999
2 61109  89.0849 297.4292 0044471   4.1305 356.0243 14.20447230 70068
CZ-6A DEB
1 61109U 24140PB  26011.25567500  .00000376  00000-0  16711-3 0  9993
2 61109  89.0849 297.3560 0044380   1.8582 358.2765 14.20447903 70166
CZ-6A DEB
1 61109U 24140PB  26011.53745395  .00000344  00000-0  15257-3 0  9993
2 61109  89.0849 297.3268 0044341   0.9499 359.1767 14.20447913 70203
CZ-6A DEB
1 61109U 24140PB  26012.03056678  .00000353  00000-0  15645-3 0  9999
2 61109  89.0849 297.2755 0044278 359.3562   0.7563 14.20448356 70276
CZ-6A DEB
1 61109U 24140PB  26012.73501363  .00000310  00000-0  13701-3 0  9996
2 61109  89.0849 297.2024 0044182 357.0669   3.0255 14.20448643 70376
CZ-6A DEB
1 61109U 24140PB  26012.73501363  .00000310  00000-0  13701-3 0  9996
2 61109  89.0849 297.2024 0044182 357.0669   3.0255 14.20448643 70376
CZ-6A DEB
1 61109U 24140PB  26013.01679241  .00000278  00000-0  12216-3 0  9992
2 61109  89.0849 297.1731 0044148 356.1526   3.9318 14.20448628 70411
CZ-6A DEB
1 61109U 24140PB  26013.22812635  .00000290  00000-0  12773-3 0  9993
2 61109  89.0849 297.1511 0044118 355.4628   4.6155 14.20448858 70444
CZ-6A DEB
1 61109U 24140PB  26013.22812636  .00000290  00000-0  12773-3 0  9994
2 61109  89.0849 297.1512 0044118 355.4629   4.6155 14.20448858 70446
CZ-6A DEB
1 61109U 24140PB  26013.50990506  .00000258  00000-0  11270-3 0  9993
2 61109  89.0849 297.1219 0044077 354.5453   5.5251 14.20448838 70488
CZ-6A DEB
1 61109U 24140PB  26013.72123903  .00000253  00000-0  11049-3 0  9995
2 61109  89.0849 297.0999 0044051 353.8520   6.2124 14.20448956 70513
CZ-6A DEB
1 61109U 24140PB  26013.79168370  .00000248  00000-0  10810-3 0  9998
2 61109  89.0849 297.0926 0044040 353.6227   6.4397 14.20448971 70525
CZ-6A DEB
1 61109U 24140PB  26014.21435160  .00000245  00000-0  10661-3 0  9991
2 61109  89.0849 297.0487 0043985 352.2394   7.8110 14.20449201 70585
CZ-6A DEB
1 61109U 24140PB  26014.77790875  .00000224  00000-0  97024-4 0  9995
2 61109  89.0849 296.9901 0043916 350.3964   9.6381 14.20449409 70669
CZ-6A DEB
1 61109U 24140PB  26014.77790876  .00000224  00000-0  97024-4 0  9996
2 61109  89.0849 296.9901 0043916 350.3964   9.6381 14.20449409 70669
CZ-6A DEB
1 61109U 24140PB  26015.27102123  .00000232  00000-0  10078-3 0  9996
2 61109  89.0850 296.9389 0043853 348.7824  11.2384 14.20449701 70732
CZ-6A DEB
1 61109U 24140PB  26015.27102123  .00000232  00000-0  10078-3 0  9996
2 61109  89.0850 296.9389 0043853 348.7824  11.2384 14.20449701 70732
CZ-6A DEB
1 61109U 24140PB  26015.76413364  .00000219  00000-0  94737-4 0  9992
2 61109  89.0850 296.8877 0043794 347.1684  12.8387 14.20449878 70807
CZ-6A DEB
1 61109U 24140PB  26015.76413364  .00000219  00000-0  94737-4 0  9992
2 61109  89.0850 296.8877 0043794 347.1685  12.8387 14.20449878 70808
CZ-6A DEB
1 61109U 24140PB  26016.04591218  .00000229  00000-0  99238-4 0  9991
2 61109  89.0850 296.8584 0043759 346.2502  13.7493 14.20450040 70847
CZ-6A DEB
1 61109U 24140PB  26016.53902446  .00000235  00000-0  10240-3 0  9996
2 61109  89.0850 296.8072 0043697 344.6368  15.3492 14.20450326 70914
CZ-6A DEB
1 61109U 24140PB  26016.75035828  .00000233  00000-0  10141-3 0  9999
2 61109  89.0850 296.7852 0043673 343.9424  16.0378 14.20450437 70945
CZ-6A DEB
1 61109U 24140PB  26017.03213667  .00000272  00000-0  11930-3 0  9990
2 61109  89.0850 296.7560 0043638 343.0200  16.9527 14.20450775 70989
CZ-6A DEB
1 61109U 24140PB  26017.52524886  .00000269  00000-0  11796-3 0  9998
2 61109  89.0850 296.7048 0043571 341.4016  18.5579 14.20450991 71057
CZ-6A DEB
1 61109U 24140PB  26017.80702720  .00000269  00000-0  11787-3 0  9994
2 61109  89.0850 296.6755 0043539 340.4742  19.4778 14.20451151 71094
CZ-6A DEB
1 61109U 24140PB  26018.51147303  .00000295  00000-0  12985-3 0  9993
2 61109  89.0850 296.6023 0043448 338.1529  21.7807 14.20451607 71194
CZ-6A DEB
1 61109U 24140PB  26018.79325128  .00000296  00000-0  13056-3 0  9997
2 61109  89.0850 296.5731 0043415 337.2202  22.7060 14.20451782 71232
CZ-6A DEB
1 61109U 24140PB  26019.21591858  .00000339  00000-0  15029-3 0  9990
2 61109  89.0850 296.5292 0043360 335.8191  24.0963 14.20452242 71299
CZ-6A DEB
1 61109U 24140PB  26019.49769672  .00000345  00000-0  15317-3 0  9998
2 61109  89.0850 296.4999 0043322 334.8896  25.0187 14.20452433 71337
CZ-6A DEB
1 61109U 24140PB  26019.77947488  .00000326  00000-0  14446-3 0  9993
2 61109  89.0850 296.4706 0043291 333.9513  25.9498 14.20452513 71371
CZ-6A DEB
1 61109U 24140PB  26020.27258580  .00000485  00000-0  21773-3 0  9995
2 61109  89.0850 296.4194 0043231 332.3149  27.5739 14.20453888 71444
CZ-6A DEB
1 61109U 24140PB  26020.76569632  .00000603  00000-0  27223-3 0  9990
2 61109  89.0850 296.3682 0043177 330.6784  29.1983 14.20455166 71518
CZ-6A DEB
1 61109U 24140PB  26021.47014032  .00000615  00000-0  27784-3 0  9993
2 61109  89.0850 296.2950 0043095 328.3368  31.5231 14.20455974 71617
CZ-6A DEB
1 61109U 24140PB  26021.47014032  .00000615  00000-0  27784-3 0  9993
2 61109  89.0850 296.2950 0043095 328.3368  31.5231 14.20455974 71617
CZ-6A DEB
1 61109U 24140PB  26022.45636122  .00000628  00000-0  28400-3 0  9992
2 61109  89.0849 296.1926 0042986 325.0587  34.7783 14.20457246 71758
CZ-6A DEB
1 61109U 24140PB  26022.73813856  .00000615  00000-0  27777-3 0  9996
2 61109  89.0848 296.1633 0042958 324.1226  35.7080 14.20457532 71794
CZ-6A DEB
1 61109U 24140PB  26023.01991577  .00000609  00000-0  27499-3 0  9999
2 61109  89.0848 296.1340 0042924 323.1775  36.6468 14.20457849 71836
CZ-6A DEB
1 61109U 24140PB  26024.00613524  .00000694  00000-0  31446-3 0  9993
2 61109  89.0847 296.0315 0042817 319.8853  39.9178 14.20459727 71972
CZ-6A DEB
1 61109U 24140PB  26024.00613524  .00000694  00000-0  31446-3 0  9993
2 61109  89.0847 296.0315 0042817 319.8853  39.9178 14.20459727 71972
CZ-6A DEB
1 61109U 24140PB  26024.49924479  .00000619  00000-0  27997-3 0  9993
2 61109  89.0846 295.9802 0042762 318.2290  41.5638 14.20460031 72046
CZ-6A DEB
1 61109U 24140PB  26024.71057756  .00000573  00000-0  25838-3 0  9994
2 61109  89.0846 295.9583 0042741 317.5205  42.2680 14.20460051 72077
CZ-6A DEB
1 61109U 24140PB  26025.69679608  .00000568  00000-0  25620-3 0  9991
2 61109  89.0844 295.8558 0042640 314.2047  45.5643 14.20461391 72211
CZ-6A DEB
1 61109U 24140PB  26025.69679608  .00000568  00000-0  25620-3 0  9991
2 61109  89.0844 295.8558 0042640 314.2047  45.5643 14.20461391 72211
CZ-6A DEB
1 61109U 24140PB  26026.26034928  .00000538  00000-0  24244-3 0  9993
2 61109  89.0845 295.7973 0042584 312.2945  47.4638 14.20461976 72296
CZ-6A DEB
1 61109U 24140PB  26026.26034928  .00000538  00000-0  24244-3 0  9993
2 61109  89.0845 295.7973 0042584 312.2945  47.4638 14.20461976 72296
CZ-6A DEB
1 61109U 24140PB  26026.68301409  .00000535  00000-0  24118-3 0  9997
2 61109  89.0844 295.7534 0042545 310.8733  48.8773 14.20462484 72351
CZ-6A DEB
1 61109U 24140PB  26027.03523459  .00000529  00000-0  23828-3 0  9998
2 61109  89.0844 295.7168 0042512 309.6818  50.0626 14.20462888 72404
CZ-6A DEB
1 61109U 24140PB  26028.72589284  .00000515  00000-0  23190-3 0  9990
2 61109  89.0843 295.5412 0042379 303.9491  55.7674 14.20464635 72641
CZ-6A DEB
1 61109U 24140PB  26030.20521764  .00000458  00000-0  20532-3 0  9998
2 61109  89.0841 295.3873 0042256 298.9463  60.7493 14.20465924 72854
CZ-6A DEB
1 61109U 24140PB  26030.48699372  .00000451  00000-0  20214-3 0  9999
2 61109  89.0841 295.3579 0042228 297.9990  61.6930 14.20466163 72896
CZ-6A DEB
1 61109U 24140PB  26030.98010204  .00000390  00000-0  17414-3 0  9995
2 61109  89.0840 295.3066 0042193 296.3299  63.3560 14.20466266 72962
CZ-6A DEB
1 61109U 24140PB  26030.98010205  .00000390  00000-0  17414-3 0  9996
2 61109  89.0840 295.3066 0042193 296.3299  63.3560 14.20466266 72962
CZ-6A DEB
1 61109U 24140PB  26031.68454211  .00000381  00000-0  16975-3 0  9994
2 61109  89.0839 295.2334 0042147 293.9285  65.7494 14.20466887 73067
CZ-6A DEB
1 61109U 24140PB  26031.68454211  .00000381  00000-0  16975-3 0  9994
2 61109  89.0839 295.2334 0042147 293.9285  65.7494 14.20466888 73068
CZ-6A DEB
1 61109U 24140PB  26032.17765009  .00000364  00000-0  16219-3 0  9991
2 61109  89.0839 295.1821 0042115 292.2456  67.4270 14.20467241 73138
CZ-6A DEB
1 61109U 24140PB  26032.67075802  .00000353  00000-0  15694-3 0  9995
2 61109  89.0839 295.1308 0042084 290.5662  69.1016 14.20467610 73208
CZ-6A DEB
1 61109U 24140PB  26033.23430980  .00000350  00000-0  15563-3 0  9992
2 61109  89.0839 295.0723 0042046 288.6507  71.0120 14.20468091 73282
CZ-6A DEB
1 61109U 24140PB  26033.23430981  .00000350  00000-0  15563-3 0  9993
2 61109  89.0839 295.0723 0042046 288.6507  71.0120 14.20468091 73282
CZ-6A DEB
1 61109U 24140PB  26034.15008120  .00000346  00000-0  15350-3 0  9990
2 61109  89.0838 294.9770 0042009 285.5178  74.1376 14.20468855 73410
CZ-6A DEB
1 61109U 24140PB  26034.22052511  .00000362  00000-0  16117-3 0  9991
2 61109  89.0838 294.9697 0042010 285.2747  74.3801 14.20469016 73425
CZ-6A DEB
1 61109U 24140PB  26034.22052511  .00000362  00000-0  16117-3 0  9991
2 61109  89.0838 294.9697 0042010 285.2747  74.3801 14.20469016 73425
CZ-6A DEB
1 61109U 24140PB  26035.13629637  .00000364  00000-0  16194-3 0  9998
2 61109  89.0837 294.8744 0041976 282.1491  77.4999 14.20469766 73556
CZ-6A DEB
1 61109U 24140PB  26035.20674034  .00000381  00000-0  16992-3 0  9992
2 61109  89.0837 294.8671 0041965 281.9152  77.7335 14.20469911 73564
CZ-6A DEB
1 61109U 24140PB  26035.48851608  .00000378  00000-0  16860-3 0  9996
2 61109  89.0836 294.8377 0041961 280.9534  78.6937 14.20470101 73601
CZ-6A DEB
1 61109U 24140PB  26035.69984784  .00000396  00000-0  17673-3 0  9994
2 61109  89.0836 294.8158 0041958 280.2356  79.4105 14.20470386 73633
CZ-6A DEB
1 61109U 24140PB  26035.98162338  .00000402  00000-0  17975-3 0  9992
2 61109  89.0835 294.7864 0041944 279.2633  80.3814 14.20470677 73671
CZ-6A DEB
1 61109U 24140PB  26035.98162338  .00000402  00000-0  17975-3 0  9992
2 61109  89.0835 294.7864 0041944 279.2633  80.3814 14.20470677 73671
CZ-6A DEB
1 61109U 24140PB  26036.68606236  .00000461  00000-0  20666-3 0  9996
2 61109  89.0833 294.7131 0041920 276.8574  82.7848 14.20471614 73773
CZ-6A DEB
1 61109U 24140PB  26036.68606236  .00000461  00000-0  20666-3 0  9996
2 61109  89.0833 294.7131 0041920 276.8574  82.7848 14.20471613 73772
CZ-6A DEB
1 61109U 24140PB  26037.17916969  .00000413  00000-0  18450-3 0  9993
2 61109  89.0832 294.6617 0041900 275.1688  84.4721 14.20471757 73841
CZ-6A DEB
1 61109U 24140PB  26037.17916969  .00000413  00000-0  18450-3 0  9993
2 61109  89.0832 294.6617 0041900 275.1688  84.4721 14.20471757 73841
CZ-6A DEB
1 61109U 24140PB  26037.67227700  .00000417  00000-0  18660-3 0  9993
2 61109  89.0831 294.6104 0041889 273.4790  86.1610 14.20472161 73916
CZ-6A DEB
1 61109U 24140PB  26037.67227701  .00000417  00000-0  18660-3 0  9994
2 61109  89.0831 294.6104 0041889 273.4790  86.1610 14.20472161 73916
CZ-6A DEB
1 61109U 24140PB  26038.16538414  .00000411  00000-0  18365-3 0  9991
2 61109  89.0831 294.5591 0041883 271.7828  87.8566 14.20472541 73989
CZ-6A DEB
1 61109U 24140PB  26038.16538415  .00000411  00000-0  18365-3 0  9992
2 61109  89.0831 294.5591 0041883 271.7828  87.8566 14.20472541 73989
CZ-6A DEB
1 61109U 24140PB  26038.44715960  .00000403  00000-0  17998-3 0  9997
2 61109  89.0830 294.5298 0041868 270.8168  88.8225 14.20472741 74023
CZ-6A DEB
1 61109U 24140PB  26038.65849129  .00000389  00000-0  17371-3 0  9993
2 61109  89.0830 294.5078 0041864 270.0937  89.5456 14.20472836 74053
CZ-6A DEB
1 61109U 24140PB  26038.65849129  .00000389  00000-0  17371-3 0  9993
2 61109  89.0830 294.5078 0041864 270.0937  89.5456 14.20472836 74053
CZ-6A DEB
1 61109U 24140PB  26039.15159837  .00000361  00000-0  16070-3 0  9994
2 61109  89.0830 294.4565 0041872 268.3978  91.2416 14.20473086 74129
CZ-6A DEB
1 61109U 24140PB  26039.22204221  .00000366  00000-0  16296-3 0  9995
2 61109  89.0830 294.4492 0041871 268.1581  91.4813 14.20473177 74130
CZ-6A DEB
1 61109U 24140PB  26039.22204221  .00000366  00000-0  16296-3 0  9995
2 61109  89.0830 294.4492 0041871 268.1581  91.4813 14.20473177 74130
CZ-6A DEB
1 61109U 24140PB  26039.71514928  .00000342  00000-0  15178-3 0  9999
2 61109  89.0829 294.3979 0041869 266.4669  93.1732 14.20473426 74206
CZ-6A DEB
1 61109U 24140PB  26039.71514929  .00000342  00000-0  15178-3 0  9990
2 61109  89.0829 294.3979 0041869 266.4669  93.1732 14.20473426 74206
CZ-6A DEB
1 61109U 24140PB  26040.20825624  .00000347  00000-0  15404-3 0  9990
2 61109  89.0828 294.3465 0041872 264.7784  94.8628 14.20473841 74278
CZ-6A DEB
1 61109U 24140PB  26040.49003164  .00000343  00000-0  15234-3 0  9995
2 61109  89.0827 294.3172 0041870 263.8149  95.8271 14.20474020 74315
CZ-6A DEB
1 61109U 24140PB  26040.63091941  .00000330  00000-0  14608-3 0  9991
2 61109  89.0827 294.3025 0041871 263.3326  96.3098 14.20474041 74333
CZ-6A DEB
1 61109U 24140PB  26040.70136324  .00000328  00000-0  14538-3 0  9993
2 61109  89.0827 294.2952 0041872 263.0907  96.5519 14.20474092 74341
CZ-6A DEB
1 61109U 24140PB  26040.70136325  .00000328  00000-0  14538-3 0  9994
2 61109  89.0827 294.2952 0041872 263.0907  96.5519 14.20474092 74341
CZ-6A DEB
1 61109U 24140PB  26041.12402635  .00000313  00000-0  13827-3 0  9995
2 61109  89.0826 294.2512 0041878 261.6377  98.0064 14.20474300 74404
CZ-6A DEB
1 61109U 24140PB  26041.12402636  .00000313  00000-0  13827-3 0  9996
2 61109  89.0826 294.2512 0041878 261.6377  98.0064 14.20474300 74404
CZ-6A DEB
1 61109U 24140PB  26041.47624561  .00000314  00000-0  13868-3 0  9993
2 61109  89.0826 294.2145 0041878 260.4377  99.2080 14.20474531 74455
CZ-6A DEB
1 61109U 24140PB  26041.47624562  .00000314  00000-0  13868-3 0  9994
2 61109  89.0826 294.2145 0041878 260.4377  99.2080 14.20474531 74455
CZ-6A DEB
1 61109U 24140PB  26041.96935250  .00000308  00000-0  13608-3 0  9992
2 61109  89.0826 294.1631 0041890 258.7482 100.8999 14.20474837 74520
CZ-6A DEB
1 61109U 24140PB  26042.60334706  .00000303  00000-0  13366-3 0  9999
2 61109  89.0825 294.0971 0041898 256.5813 103.0706 14.20475231 74617
CZ-6A DEB
1 61109U 24140PB  26042.67379089  .00000302  00000-0  13335-3 0  9994
2 61109  89.0825 294.0898 0041899 256.3403 103.3120 14.20475280 74627
CZ-6A DEB
1 61109U 24140PB  26043.16689778  .00000315  00000-0  13938-3 0  9991
2 61109  89.0825 294.0385 0041912 254.6502 105.0055 14.20475641 74699
CZ-6A DEB
1 61109U 24140PB  26043.16689778  .00000315  00000-0  13938-3 0  9991
2 61109  89.0825 294.0385 0041912 254.6502 105.0055 14.20475641 74699
CZ-6A DEB
1 61109U 24140PB  26043.66000465  .00000299  00000-0  13197-3 0  9994
2 61109  89.0824 293.9871 0041922 252.9619 106.6976 14.20475843 74768
CZ-6A DEB
1 61109U 24140PB  26044.15311152  .00000304  00000-0  13406-3 0  9997
2 61109  89.0823 293.9358 0041936 251.2689 108.3948 14.20476150 74839
CZ-6A DEB
1 61109U 24140PB  26044.22355535  .00000319  00000-0  14128-3 0  9996
2 61109  89.0823 293.9284 0041938 251.0290 108.6353 14.20476273 74845
CZ-6A DEB
1 61109U 24140PB  26044.22355535  .00000319  00000-0  14128-3 0  9996
2 61109  89.0823 293.9284 0041938 251.0290 108.6353 14.20476273 74845
CZ-6A DEB
1 61109U 24140PB  26044.64621840  .00000299  00000-0  13204-3 0  9998
2 61109  89.0823 293.8844 0041949 249.5848 110.0835 14.20476395 74903
CZ-6A DEB
1 61109U 24140PB  26045.13932521  .00000301  00000-0  13261-3 0  9991
2 61109  89.0822 293.8330 0041967 247.8932 111.7800 14.20476684 74975
CZ-6A DEB
1 61109U 24140PB  26045.42110057  .00000317  00000-0  14040-3 0  9998
2 61109  89.0821 293.8036 0041982 246.9339 112.7423 14.20476900 75014
CZ-6A DEB
1 61109U 24140PB  26045.63243212  .00000298  00000-0  13151-3 0  9991
2 61109  89.0821 293.7816 0041991 246.2141 113.4643 14.20476911 75040
CZ-6A DEB
1 61109U 24140PB  26046.12553885  .00000276  00000-0  12100-3 0  9995
2 61109  89.0820 293.7303 0042023 244.5213 115.1627 14.20477068 75111
CZ-6A DEB
1 61109U 24140PB  26046.12553886  .00000276  00000-0  12100-3 0  9996
2 61109  89.0820 293.7303 0042023 244.5213 115.1627 14.20477068 75111
CZ-6A DEB
1 61109U 24140PB  26046.47775780  .00000337  00000-0  14942-3 0  9997
2 61109  89.0819 293.6936 0042042 243.3204 116.3678 14.20477629 75165
CZ-6A DEB
1 61109U 24140PB  26046.47775780  .00000337  00000-0  14942-3 0  9997
2 61109  89.0819 293.6936 0042042 243.3204 116.3679 14.20477629 75166
CZ-6A DEB
1 61109U 24140PB  26047.11175218  .00000310  00000-0  13690-3 0  9999
2 61109  89.0819 293.6275 0042082 241.1618 118.5345 14.20477833 75252
CZ-6A DEB
1 61109U 24140PB  26047.18219596  .00000305  00000-0  13447-3 0  9998
2 61109  89.0818 293.6202 0042086 240.9234 118.7739 14.20477858 75263
CZ-6A DEB
1 61109U 24140PB  26047.18219597  .00000305  00000-0  13447-3 0  9999
2 61109  89.0818 293.6202 0042086 240.9234 118.7739 14.20477858 75263
CZ-6A DEB
1 61109U 24140PB  26047.60485882  .00000289  00000-0  12709-3 0  9999
2 61109  89.0817 293.5761 0042109 239.4864 120.2167 14.20478011 75321
CZ-6A DEB
1 61109U 24140PB  26047.67530260  .00000287  00000-0  12639-3 0  9997
2 61109  89.0817 293.5688 0042115 239.2446 120.4594 14.20478050 75330
CZ-6A DEB
1 61109U 24140PB  26048.16840927  .00000317  00000-0  14014-3 0  9999
2 61109  89.0817 293.5173 0042144 237.5771 122.1340 14.20478474 75409
CZ-6A DEB
1 61109U 24140PB  26048.16840927  .00000317  00000-0  14014-3 0  9999
2 61109  89.0817 293.5173 0042144 237.5771 122.1340 14.20478474 75409
CZ-6A DEB
1 61109U 24140PB  26048.66151595  .00000272  00000-0  11923-3 0  9996
2 61109  89.0816 293.4659 0042173 235.9034 123.8152 14.20478495 75471
CZ-6A DEB
1 61109U 24140PB  26049.22506633  .00000285  00000-0  12552-3 0  9999
2 61109  89.0814 293.4072 0042218 233.9810 125.7464 14.20478868 75558
CZ-6A DEB
1 61109U 24140PB  26049.57728539  .00000277  00000-0  12160-3 0  9994
2 61109  89.0813 293.3705 0042253 232.7836 126.9496 14.20478981 75603
CZ-6A DEB
1 61109U 24140PB  26049.64772919  .00000276  00000-0  12100-3 0  9996
2 61109  89.0813 293.3632 0042256 232.5453 127.1891 14.20479017 75612
CZ-6A DEB
1 61109U 24140PB  26050.14083581  .00000265  00000-0  11587-3 0  9999
2 61109  89.0812 293.3117 0042293 230.8674 128.8755 14.20479211 75686
CZ-6A DEB
1 61109U 24140PB  26050.14083581  .00000265  00000-0  11587-3 0  9999
2 61109  89.0812 293.3117 0042293 230.8674 128.8755 14.20479211 75686
CZ-6A DEB
1 61109U 24140PB  26050.63394235  .00000267  00000-0  11702-3 0  9995
2 61109  89.0811 293.2603 0042330 229.1892 130.5625 14.20479495 75757
CZ-6A DEB
1 61109U 24140PB  26050.63394236  .00000267  00000-0  11702-3 0  9996
2 61109  89.0811 293.2603 0042330 229.1892 130.5625 14.20479495 75757
CZ-6A DEB
1 61109U 24140PB  26051.12704888  .00000259  00000-0  11314-3 0  9999
2 61109  89.0810 293.2089 0042375 227.5130 132.2477 14.20479716 75828
CZ-6A DEB
1 61109U 24140PB  26051.19749271  .00000251  00000-0  10952-3 0  9990
2 61109  89.0810 293.2016 0042382 227.2746 132.4875 14.20479699 75831
CZ-6A DEB
1 61109U 24140PB  26051.69059923  .00000248  00000-0  10828-3 0  9991
2 61109  89.0809 293.1502 0042413 225.6200 134.1515 14.20479955 75903
CZ-6A DEB
1 61109U 24140PB  26051.69059923  .00000248  00000-0  10828-3 0  9991
2 61109  89.0809 293.1502 0042413 225.6200 134.1515 14.20479955 75903
CZ-6A DEB
1 61109U 24140PB  26052.11326191  .00000250  00000-0  10898-3 0  9993
2 61109  89.0808 293.1061 0042456 224.1885 135.5912 14.20480189 75965
CZ-6A DEB
1 61109U 24140PB  26052.18370567  .00000253  00000-0  11028-3 0  9995
2 61109  89.0808 293.0988 0042461 223.9522 135.8289 14.20480248 75970
CZ-6A DEB
1 61109U 24140PB  26052.18370567  .00000253  00000-0  11028-3 0  9995
2 61109  89.0808 293.0988 0042461 223.9522 135.8289 14.20480248 75970
CZ-6A DEB
1 61109U 24140PB  26052.60636840  .00000236  00000-0  10265-3 0  9994
2 61109  89.0807 293.0547 0042493 222.5245 137.2652 14.20480368 76033
CZ-6A DEB
1 61109U 24140PB  26052.60636840  .00000236  00000-0  10265-3 0  9994
2 61109  89.0807 293.0547 0042493 222.5245 137.2652 14.20480368 76033
CZ-6A DEB
1 61109U 24140PB  26053.09947486  .00000222  00000-0  96035-4 0  9994
2 61109  89.0806 293.0032 0042549 220.8603 138.9395 14.20480526 76108
CZ-6A DEB
1 61109U 24140PB  26053.59258124  .00000246  00000-0  10731-3 0  9997
2 61109  89.0805 292.9517 0042586 219.1980 140.6125 14.20480916 76174
CZ-6A DEB
1 61109U 24140PB  26053.94480012  .00000245  00000-0  10668-3 0  9997
2 61109  89.0805 292.9150 0042610 218.0115 141.8067 14.20481065 76223
CZ-6A DEB
1 61109U 24140PB  26053.94480012  .00000245  00000-0  10668-3 0  9997
2 61109  89.0805 292.9150 0042610 218.0115 141.8067 14.20481065 76223
CZ-6A DEB
1 61109U 24140PB  26054.15613140  .00000243  00000-0  10568-3 0  9998
2 61109  89.0804 292.8930 0042637 217.3089 142.5138 14.20481166 76250
CZ-6A DEB
1 61109U 24140PB  26054.64923778  .00000233  00000-0  10116-3 0  9991
2 61109  89.0804 292.8415 0042682 215.6513 144.1826 14.20481344 76329
CZ-6A DEB
1 61109U 24140PB  26054.64923779  .00000233  00000-0  10116-3 0  9992
2 61109  89.0804 292.8415 0042682 215.6513 144.1826 14.20481344 76329
CZ-6A DEB
1 61109U 24140PB  26055.35367542  .00000238  00000-0  10351-3 0  9997
2 61109  89.0802 292.7680 0042755 213.2817 146.5684 14.20481666 76428
CZ-6A DEB
1 61109U 24140PB  26055.35367542  .00000238  00000-0  10351-3 0  9997
2 61109  89.0802 292.7680 0042755 213.2817 146.5684 14.20481666 76428
CZ-6A DEB
1 61109U 24140PB  26056.12855676  .00000220  00000-0  95266-4 0  9993
2 61109  89.0801 292.6871 0042834 210.6733 149.1953 14.20481922 76539
CZ-6A DEB
1 61109U 24140PB  26056.19900052  .00000234  00000-0  10182-3 0  9997
2 61109  89.0801 292.6798 0042840 210.4407 149.4296 14.20482027 76541
CZ-6A DEB
1 61109U 24140PB  26056.19900052  .00000234  00000-0  10182-3 0  9997
2 61109  89.0801 292.6798 0042840 210.4407 149.4296 14.20482027 76541
CZ-6A DEB
1 61109U 24140PB  26057.60787543  .00000247  00000-0  10775-3 0  9994
2 61109  89.0798 292.5327 0042997 205.7065 154.1989 14.20482732 76740
CZ-6A DEB
1 61109U 24140PB  26057.60787543  .00000247  00000-0  10775-3 0  9994
2 61109  89.0798 292.5327 0042997 205.7065 154.1989 14.20482732 76740
CZ-6A DEB
1 61109U 24140PB  26058.17142531  .00000262  00000-0  11464-3 0  9992
2 61109  89.0798 292.4738 0043058 203.8169 156.1030 14.20483074 76826
CZ-6A DEB
1 61109U 24140PB  26058.38275651  .00000262  00000-0  11441-3 0  9990
2 61109  89.0798 292.4517 0043078 203.1186 156.8067 14.20483153 76853
CZ-6A DEB
1 61109U 24140PB  26058.94630615  .00000263  00000-0  11495-3 0  9997
2 61109  89.0797 292.3929 0043158 201.2568 158.6831 14.20483454 76932
CZ-6A DEB
1 61109U 24140PB  26059.15763726  .00000262  00000-0  11451-3 0  9992
2 61109  89.0797 292.3708 0043185 200.5580 159.3875 14.20483570 76961
CZ-6A DEB
1 61109U 24140PB  26059.15763727  .00000262  00000-0  11451-3 0  9993
2 61109  89.0797 292.3708 0043185 200.5580 159.3875 14.20483570 76961
CZ-6A DEB
1 61109U 24140PB  26059.36896844  .00000268  00000-0  11747-3 0  9997
2 61109  89.0797 292.3488 0043212 199.8576 160.0934 14.20483672 76993
CZ-6A DEB
1 61109U 24140PB  26059.93251801  .00000272  00000-0  11906-3 0  9990
2 61109  89.0796 292.2899 0043278 197.9934 161.9727 14.20483976 77073
CZ-6A DEB
1 61109U 24140PB  26060.14384907  .00000271  00000-0  11860-3 0  9997
2 61109  89.0796 292.2678 0043306 197.2997 162.6720 14.20484085 77109
CZ-6A DEB
1 61109U 24140PB  26060.14384908  .00000271  00000-0  11860-3 0  9998
2 61109  89.0796 292.2678 0043306 197.2997 162.6720 14.20484085 77109
CZ-6A DEB
1 61109U 24140PB  26060.42562382  .00000287  00000-0  12614-3 0  9998
2 61109  89.0794 292.2383 0043345 196.3697 163.6097 14.20484290 77140
CZ-6A DEB
1 61109U 24140PB  26060.63695485  .00000281  00000-0  12322-3 0  9992
2 61109  89.0794 292.2162 0043369 195.6738 164.3113 14.20484382 77171
CZ-6A DEB
1 61109U 24140PB  26060.63695486  .00000281  00000-0  12322-3 0  9993
2 61109  89.0794 292.2162 0043369 195.6738 164.3114 14.20484382 77172
CZ-6A DEB
1 61109U 24140PB  26061.13006061  .00000277  00000-0  12118-3 0  9992
2 61109  89.0793 292.1646 0043430 194.0485 165.9501 14.20484587 77240
CZ-6A DEB
1 61109U 24140PB  26061.41183531  .00000299  00000-0  13150-3 0  9992
2 61109  89.0793 292.1352 0043463 193.1184 166.8879 14.20484819 77286
CZ-6A DEB
1 61109U 24140PB  26061.62316633  .00000291  00000-0  12788-3 0  9994
2 61109  89.0792 292.1131 0043488 192.4255 167.5867 14.20484894 77310
CZ-6A DEB
1 61109U 24140PB  26061.62316633  .00000291  00000-0  12788-3 0  9994
2 61109  89.0792 292.1131 0043488 192.4255 167.5867 14.20484894 77310
CZ-6A DEB
1 61109U 24140PB  26062.11627197  .00000287  00000-0  12587-3 0  9991
2 61109  89.0792 292.0616 0043549 190.8031 169.2229 14.20485103 77381
CZ-6A DEB
1 61109U 24140PB  26062.39804661  .00000307  00000-0  13521-3 0  9996
2 61109  89.0791 292.0321 0043585 189.8724 170.1615 14.20485328 77424
CZ-6A DEB
1 61109U 24140PB  26062.60937749  .00000313  00000-0  13794-3 0  9993
2 61109  89.0791 292.0100 0043612 189.1797 170.8601 14.20485501 77451
CZ-6A DEB
1 61109U 24140PB  26062.60937749  .00000313  00000-0  13794-3 0  9993
2 61109  89.0791 292.0100 0043612 189.1797 170.8601 14.20485501 77451
CZ-6A DEB
1 61109U 24140PB  26063.10248291  .00000333  00000-0  14699-3 0  9993
2 61109  89.0790 291.9585 0043676 187.5578 172.4960 14.20485872 77529
CZ-6A DEB
1 61109U 24140PB  26063.38425734  .00000346  00000-0  15303-3 0  9999
2 61109  89.0789 291.9290 0043713 186.6289 173.4329 14.20486104 77564
CZ-6A DEB
1 61109U 24140PB  26063.38425735  .00000346  00000-0  15303-3 0  9990
2 61109  89.0789 291.9290 0043713 186.6289 173.4329 14.20486104 77564
CZ-6A DEB
1 61109U 24140PB  26064.15913704  .00000310  00000-0  13640-3 0  9997
2 61109  89.0788 291.8480 0043818 184.0988 175.9850 14.20486376 77676
CZ-6A DEB
1 61109U 24140PB  26064.15913704  .00000310  00000-0  13640-3 0  9997
2 61109  89.0788 291.8480 0043818 184.0988 175.9850 14.20486376 77676
CZ-6A DEB
1 61109U 24140PB  26064.58179854  .00000333  00000-0  14704-3 0  9991
2 61109  89.0786 291.8038 0043876 182.7181 177.3778 14.20486766 77732
CZ-6A DEB
1 61109U 24140PB  26064.58179854  .00000333  00000-0  14704-3 0  9991
2 61109  89.0786 291.8038 0043876 182.7181 177.3778 14.20486765 77731
CZ-6A DEB
1 61109U 24140PB  26065.14534717  .00000289  00000-0  12662-3 0  9998
2 61109  89.0786 291.7449 0043953 180.8810 179.2311 14.20486871 77811
CZ-6A DEB
1 61109U 24140PB  26065.35667790  .00000324  00000-0  14287-3 0  9994
2 61109  89.0785 291.7228 0043982 180.1764 179.9418 14.20487170 77849
CZ-6A DEB
1 61109U 24140PB  26065.92022634  .00000283  00000-0  12386-3 0  9991
2 61109  89.0784 291.6639 0044048 178.3355 181.7990 14.20487305 77927
CZ-6A DEB
1 61109U 24140PB  26065.92022635  .00000283  00000-0  12386-3 0  9992
2 61109  89.0784 291.6639 0044048 178.3355 181.7990 14.20487305 77927
CZ-6A DEB
1 61109U 24140PB  26066.62466159  .00000318  00000-0  14007-3 0  9994
2 61109  89.0783 291.5902 0044135 176.0581 184.0966 14.20487967 78026
CZ-6A DEB
1 61109U 24140PB  26066.90643560  .00000319  00000-0  14083-3 0  9993
2 61109  89.0783 291.5608 0044169 175.1454 185.0174 14.20488148 78063
CZ-6A DEB
1 61109U 24140PB  26066.90643561  .00000319  00000-0  14083-3 0  9994
2 61109  89.0783 291.5608 0044169 175.1454 185.0174 14.20488148 78063
CZ-6A DEB
1 61109U 24140PB  26067.11776611  .00000319  00000-0  14046-3 0  9990
2 61109  89.0782 291.5386 0044198 174.4633 185.7055 14.20488288 78091
CZ-6A DEB
1 61109U 24140PB  26067.39954002  .00000328  00000-0  14478-3 0  9991
2 61109  89.0782 291.5092 0044232 173.5530 186.6240 14.20488524 78134
CZ-6A DEB
1 61109U 24140PB  26067.61087053  .00000317  00000-0  13960-3 0  9992
2 61109  89.0781 291.4871 0044256 172.8753 187.3076 14.20488600 78165
CZ-6A DEB
1 61109U 24140PB  26068.10397489  .00000301  00000-0  13211-3 0  9996
2 61109  89.0781 291.4355 0044319 171.2801 188.9170 14.20488812 78234
CZ-6A DEB
1 61109U 24140PB  26069.58328750  .00000295  00000-0  12972-3 0  9999
2 61109  89.0778 291.2808 0044522 166.4942 193.7451 14.20489618 78443
CZ-6A DEB
1 61109U 24140PB  26069.58328751  .00000295  00000-0  12972-3 0  9990
2 61109  89.0778 291.2808 0044522 166.4942 193.7451 14.20489618 78443
CZ-6A DEB
1 61109U 24140PB  26070.00594801  .00000290  00000-0  12719-3 0  9994
2 61109  89.0778 291.2365 0044578 165.1322 195.1192 14.20489842 78504
CZ-6A DEB
1 61109U 24140PB  26070.00594801  .00000290  00000-0  12719-3 0  9994
2 61109  89.0778 291.2365 0044578 165.1322 195.1192 14.20489842 78504
CZ-6A DEB
1 61109U 24140PB  26070.35816509  .00000288  00000-0  12631-3 0  9994
2 61109  89.0777 291.1997 0044623 163.9998 196.2614 14.20490018 78552
CZ-6A DEB
1 61109U 24140PB  26070.56949528  .00000292  00000-0  12803-3 0  9991
2 61109  89.0777 291.1776 0044649 163.3268 196.9403 14.20490178 78582
CZ-6A DEB
1 61109U 24140PB  26070.56949528  .00000292  00000-0  12803-3 0  9991
2 61109  89.0777 291.1776 0044649 163.3268 196.9403 14.20490178 78582
CZ-6A DEB
1 61109U 24140PB  26071.13304241  .00000301  00000-0  13228-3 0  9995
2 61109  89.0777 291.1185 0044724 161.5220 198.7607 14.20490551 78668
CZ-6A DEB
1 61109U 24140PB  26071.13304241  .00000301  00000-0  13228-3 0  9995
2 61109  89.0777 291.1186 0044724 161.5220 198.7607 14.20490551 78669
CZ-6A DEB
1 61109U 24140PB  26071.55570266  .00000303  00000-0  13333-3 0  9992
2 61109  89.0776 291.0742 0044767 160.1490 200.1455 14.20490815 78725
CZ-6A DEB
1 61109U 24140PB  26071.62614600  .00000303  00000-0  13297-3 0  9990
2 61109  89.0776 291.0668 0044776 159.9271 200.3694 14.20490861 78734
CZ-6A DEB
1 61109U 24140PB  26071.62614600  .00000303  00000-0  13297-3 0  9990
2 61109  89.0776 291.0668 0044776 159.9271 200.3694 14.20490861 78734
CZ-6A DEB
1 61109U 24140PB  26072.54190944  .00000299  00000-0  13114-3 0  9994
2 61109  89.0774 290.9709 0044887 157.0083 203.3130 14.20491382 78860
CZ-6A DEB
1 61109U 24140PB  26072.89412608  .00000283  00000-0  12383-3 0  9996
2 61109  89.0774 290.9340 0044928 155.8745 204.4563 14.20491485 78910
CZ-6A DEB
1 61109U 24140PB  26073.10545599  .00000283  00000-0  12366-3 0  9998
2 61109  89.0774 290.9119 0044951 155.2077 205.1287 14.20491620 78947
CZ-6A DEB
1 61109U 24140PB  26073.59855899  .00000300  00000-0  13193-3 0  9997
2 61109  89.0774 290.8603 0045008 153.6354 206.7141 14.20492020 79018
CZ-6A DEB
1 61109U 24140PB  26074.09166197  .00000291  00000-0  12757-3 0  9993
2 61109  89.0773 290.8086 0045065 152.0668 208.2956 14.20492231 79088
CZ-6A DEB
1 61109U 24140PB  26074.58476489  .00000259  00000-0  11265-3 0  9992
2 61109  89.0772 290.7570 0045122 150.4934 209.8818 14.20492308 79153
CZ-6A DEB
1 61109U 24140PB  26074.86653782  .00000263  00000-0  11443-3 0  9999
2 61109  89.0772 290.7274 0045158 149.6063 210.7761 14.20492476 79194
CZ-6A DEB
1 61109U 24140PB  26075.07786755  .00000284  00000-0  12435-3 0  9995
2 61109  89.0771 290.7053 0045183 148.9362 211.4515 14.20492713 79223
CZ-6A DEB
1 61109U 24140PB  26075.85274298  .00000272  00000-0  11882-3 0  9997
2 61109  89.0770 290.6241 0045271 146.4702 213.9369 14.20493061 79332
CZ-6A DEB
1 61109U 24140PB  26076.06407259  .00000272  00000-0  11861-3 0  9993
2 61109  89.0769 290.6019 0045297 145.8039 214.6084 14.20493181 79365
CZ-6A DEB
1 61109U 24140PB  26076.13451585  .00000276  00000-0  12050-3 0  9997
2 61109  89.0769 290.5945 0045304 145.5797 214.8343 14.20493224 79378
CZ-6A DEB
1 61109U 24140PB  26076.55717498  .00000278  00000-0  12168-3 0  9993
2 61109  89.0768 290.5502 0045354 144.2367 216.1875 14.20493473 79438
CZ-6A DEB
1 61109U 24140PB  26077.12072034  .00000286  00000-0  12513-3 0  9990
2 61109  89.0767 290.4912 0045418 142.4603 217.9774 14.20493822 79519
CZ-6A DEB
1 61109U 24140PB  26077.54337923  .00000276  00000-0  12059-3 0  9991
2 61109  89.0766 290.4469 0045463 141.1271 219.3204 14.20494009 79570
CZ-6A DEB
1 61109U 24140PB  26077.54337923  .00000276  00000-0  12059-3 0  9991
2 61109  89.0766 290.4469 0045463 141.1271 219.3204 14.20494009 79570
CZ-6A DEB
1 61109U 24140PB  26078.10692419  .00000267  00000-0  11656-3 0  9990
2 61109  89.0766 290.3878 0045518 139.3628 221.0974 14.20494302 79658
CZ-6A DEB
1 61109U 24140PB  26078.52958290  .00000254  00000-0  11044-3 0  9995
2 61109  89.0765 290.3435 0045560 138.0369 222.4328 14.20494445 79714
CZ-6A DEB
1 61109U 24140PB  26079.09312763  .00000254  00000-0  11057-3 0  9991
2 61109  89.0764 290.2844 0045617 136.2720 224.2098 14.20494749 79799
CZ-6A DEB
1 61109U 24140PB  26079.09312763  .00000254  00000-0  11057-3 0  9991
2 61109  89.0764 290.2844 0045617 136.2720 224.2098 14.20494749 79799
CZ-6A DEB
1 61109U 24140PB  26079.51578614  .00000260  00000-0  11333-3 0  9991
2 61109  89.0763 290.2401 0045657 134.9440 225.5468 14.20494975 79858
CZ-6A DEB
1 61109U 24140PB  26079.51578614  .00000260  00000-0  11333-3 0  9991
2 61109  89.0763 290.2401 0045657 134.9440 225.5468 14.20494975 79858
CZ-6A DEB
1 61109U 24140PB  26080.07933059  .00000246  00000-0  10684-3 0  9994
2 61109  89.0763 290.1810 0045708 133.1823 227.3201 14.20495174 79930
CZ-6A DEB
1 61109U 24140PB  26080.57243167  .00000269  00000-0  11731-3 0  9992
2 61109  89.0762 290.1293 0045743 131.6425 228.8697 14.20495574 80003
CZ-6A DEB
1 61109U 24140PB  26080.85420379  .00000265  00000-0  11526-3 0  9993
2 61109  89.0762 290.0997 0045776 130.7472 229.7707 14.20495664 80047
CZ-6A DEB
1 61109U 24140PB  26081.84040564  .00000268  00000-0  11701-3 0  9995
2 61109  89.0760 289.9963 0045858 127.6619 232.8745 14.20496159 80186
CZ-6A DEB
1 61109U 24140PB  26082.54483520  .00000265  00000-0  11539-3 0  9992
2 61109  89.0759 289.9224 0045917 125.4611 235.0878 14.20496496 80285
CZ-6A DEB
1 61109U 24140PB  26082.54483520  .00000265  00000-0  11539-3 0  9992
2 61109  89.0759 289.9224 0045917 125.4611 235.0878 14.20496496 80285
CZ-6A DEB
1 61109U 24140PB  26083.53103592  .00000271  00000-0  11820-3 0  9990
2 61109  89.0758 289.8189 0046013 122.3798 238.1858 14.20497086 80427
CZ-6A DEB
1 61109U 24140PB  26083.81280740  .00000270  00000-0  11783-3 0  9999
2 61109  89.0758 289.7894 0046034 121.5064 239.0636 14.20497242 80461
CZ-6A DEB
1 61109U 24140PB  26084.30590747  .00000280  00000-0  12230-3 0  9994
2 61109  89.0757 289.7376 0046072 119.9780 240.5995 14.20497559 80537
CZ-6A DEB
1 61109U 24140PB  26085.08077853  .00000283  00000-0  12377-3 0  9993
2 61109  89.0757 289.6563 0046113 117.5756 243.0130 14.20498057 80642
CZ-6A DEB
1 61109U 24140PB  26085.29210696  .00000282  00000-0  12343-3 0  9992
2 61109  89.0757 289.6342 0046127 116.9203 243.6711 14.20498162 80673
CZ-6A DEB
1 61109U 24140PB  26085.29210696  .00000282  00000-0  12343-3 0  9992
2 61109  89.0757 289.6342 0046127 116.9203 243.6711 14.20498162 80673
CZ-6A DEB
1 61109U 24140PB  26086.06697752  .00000290  00000-0  12672-3 0  9994
2 61109  89.0756 289.5528 0046170 114.5187 246.0827 14.20498669 80789
CZ-6A DEB
1 61109U 24140PB  26086.06697752  .00000290  00000-0  12672-3 0  9994
2 61109  89.0756 289.5528 0046170 114.5187 246.0827 14.20498669 80789
CZ-6A DEB
1 61109U 24140PB  26086.56007679  .00000276  00000-0  12036-3 0  9990
2 61109  89.0756 289.5011 0046187 112.9873 247.6199 14.20498864 80852
CZ-6A DEB
1 61109U 24140PB  26086.56007680  .00000276  00000-0  12036-3 0  9992
2 61109  89.0756 289.5011 0046187 112.9873 247.6199 14.20498864 80852
CZ-6A DEB
1 61109U 24140PB  26086.84184779  .00000288  00000-0  12583-3 0  9998
2 61109  89.0756 289.4715 0046208 112.1094 248.5011 14.20499052 80890
CZ-6A DEB
1 61109U 24140PB  26086.84184780  .00000288  00000-0  12583-3 0  9990
2 61109  89.0756 289.4715 0046208 112.1094 248.5011 14.20499052 80890
CZ-6A DEB
1 61109U 24140PB  26087.05317597  .00000288  00000-0  12591-3 0  9997
2 61109  89.0756 289.4493 0046217 111.4576 249.1553 14.20499172 80925
CZ-6A DEB
1 61109U 24140PB  26087.05317598  .00000288  00000-0  12591-3 0  9998
2 61109  89.0756 289.4493 0046217 111.4576 249.1553 14.20499172 80925
CZ-6A DEB
1 61109U 24140PB  26087.54627489  .00000305  00000-0  13388-3 0  9990
2 61109  89.0755 289.3975 0046240 109.9256 250.6924 14.20499541 80997
CZ-6A DEB
1 61109U 24140PB  26087.54627489  .00000305  00000-0  13388-3 0  9990
2 61109  89.0755 289.3975 0046240 109.9256 250.6924 14.20499541 80997
CZ-6A DEB
1 61109U 24140PB  26087.82804564  .00000306  00000-0  13442-3 0  9994
2 61109  89.0755 289.3680 0046255 109.0498 251.5711 14.20499681 81030
CZ-6A DEB
1 61109U 24140PB  26087.82804565  .00000306  00000-0  13442-3 0  9995
2 61109  89.0755 289.3680 0046255 109.0498 251.5711 14.20499681 81030
CZ-6A DEB
1 61109U 24140PB  26088.03937366  .00000318  00000-0  14005-3 0  9994
2 61109  89.0755 289.3458 0046265 108.3962 252.2267 14.20499872 81061
CZ-6A DEB
1 61109U 24140PB  26089.02557051  .00000360  00000-0  15899-3 0  9992
2 61109  89.0754 289.2422 0046308 105.3440 255.2875 14.20500689 81209
CZ-6A DEB
1 61109U 24140PB  26089.02557051  .00000360  00000-0  15899-3 0  9992
2 61109  89.0754 289.2422 0046308 105.3440 255.2875 14.20500689 81209
CZ-6A DEB
1 61109U 24140PB  26089.51866870  .00000361  00000-0  15958-3 0  9995
2 61109  89.0753 289.1905 0046327 103.8165 256.8187 14.20500998 81274
CZ-6A DEB
1 61109U 24140PB  26089.51866870  .00000361  00000-0  15958-3 0  9995
2 61109  89.0753 289.1905 0046327 103.8165 256.8187 14.20500998 81274
CZ-6A DEB
1 61109U 24140PB  26090.01176663  .00000363  00000-0  16062-3 0  9995
2 61109  89.0753 289.1387 0046341 102.2987 258.3397 14.20501334 81342
CZ-6A DEB
1 61109U 24140PB  26090.01176664  .00000363  00000-0  16062-3 0  9996
2 61109  89.0753 289.1387 0046341 102.2987 258.3397 14.20501335 81343
CZ-6A DEB
1 61109U 24140PB  26090.29353688  .00000373  00000-0  16532-3 0  9992
2 61109  89.0753 289.1091 0046355 101.4280 259.2122 14.20501545 81380
CZ-6A DEB
1 61109U 24140PB  26090.78663445  .00000374  00000-0  16587-3 0  9992
2 61109  89.0753 289.0574 0046363  99.9068 260.7361 14.20501919 81454
CZ-6A DEB
1 61109U 24140PB  26090.78663445  .00000374  00000-0  16587-3 0  9992
2 61109  89.0753 289.0574 0046363  99.9068 260.7361 14.20501919 81454
CZ-6A DEB
1 61109U 24140PB  26091.06840440  .00000365  00000-0  16151-3 0  9993
2 61109  89.0752 289.0278 0046365  99.0405 261.6037 14.20502087 81493
CZ-6A DEB
1 61109U 24140PB  26091.06840440  .00000365  00000-0  16151-3 0  9993
2 61109  89.0752 289.0278 0046365  99.0405 261.6037 14.20502087 81493
CZ-6A DEB
1 61109U 24140PB  26091.77282914  .00000336  00000-0  14807-3 0  9991
2 61109  89.0752 288.9538 0046374  96.8659 263.7811 14.20502399 81596
CZ-6A DEB
1 61109U 24140PB  26091.77282915  .00000336  00000-0  14807-3 0  9992
2 61109  89.0752 288.9538 0046374  96.8659 263.7811 14.20502399 81596
CZ-6A DEB
1 61109U 24140PB  26092.05459884  .00000328  00000-0  14438-3 0  9996
2 61109  89.0751 288.9242 0046375  96.0000 264.6479 14.20502585 81632
CZ-6A DEB
1 61109U 24140PB  26092.26592601  .00000394  00000-0  17497-3 0  9995
2 61109  89.0751 288.9020 0046382  95.3486 265.2999 14.20503110 81666
CZ-6A DEB
1 61109U 24140PB  26092.82946495  .00000406  00000-0  18029-3 0  9997
2 61109  89.0751 288.8429 0046383  93.6043 267.0453 14.20503657 81749
CZ-6A DEB
1 61109U 24140PB  26092.82946496  .00000406  00000-0  18029-3 0  9998
2 61109  89.0751 288.8429 0046383  93.6043 267.0454 14.20503657 81740
CZ-6A DEB
1 61109U 24140PB  26093.04079202  .00000404  00000-0  17968-3 0  9994
2 61109  89.0750 288.8207 0046381  92.9529 267.6971 14.20503834 81772
CZ-6A DEB
1 61109U 24140PB  26093.53388850  .00000439  00000-0  19576-3 0  9995
2 61109  89.0750 288.7689 0046382  91.4233 269.2271 14.20504376 81843
CZ-6A DEB
1 61109U 24140PB  26093.53388851  .00000439  00000-0  19576-3 0  9996
2 61109  89.0750 288.7689 0046382  91.4233 269.2271 14.20504376 81843
CZ-6A DEB
1 61109U 24140PB  26094.02698453  .00000432  00000-0  19246-3 0  9990
2 61109  89.0750 288.7171 0046383  89.9040 270.7466 14.20504771 81918
CZ-6A DEB
1 61109U 24140PB  26094.52008061  .00000413  00000-0  18349-3 0  9997
2 61109  89.0750 288.6653 0046382  88.3760 272.2742 14.20505023 81985
CZ-6A DEB
1 61109U 24140PB  26095.50627186  .00000382  00000-0  16929-3 0  9998
2 61109  89.0749 288.5617 0046387  85.3377 275.3109 14.20505658 82120
CZ-6A DEB
1 61109U 24140PB  26095.50627187  .00000382  00000-0  16929-3 0  9999
2 61109  89.0749 288.5617 0046387  85.3377 275.3109 14.20505658 82120
CZ-6A DEB
1 61109U 24140PB  26095.78804059  .00000381  00000-0  16896-3 0  9996
2 61109  89.0749 288.5321 0046380  84.4650 276.1828 14.20505882 82169
CZ-6A DEB
1 61109U 24140PB  26095.78804059  .00000381  00000-0  16896-3 0  9996
2 61109  89.0749 288.5321 0046380  84.4650 276.1828 14.20505882 82169
CZ-6A DEB
1 61109U 24140PB  26095.99936712  .00000360  00000-0  15942-3 0  9999
2 61109  89.0749 288.5099 0046376  83.8171 276.8300 14.20505959 82197
CZ-6A DEB
1 61109U 24140PB  26096.77423085  .00000361  00000-0  15958-3 0  9998
2 61109  89.0750 288.4285 0046365  81.4204 279.2236 14.20506549 82308
CZ-6A DEB
1 61109U 24140PB  26097.26732566  .00000334  00000-0  14725-3 0  9991
2 61109  89.0749 288.3767 0046352  79.9011 280.7404 14.20506796 82379
CZ-6A DEB
1 61109U 24140PB  26097.47865195  .00000329  00000-0  14485-3 0  9996
2 61109  89.0749 288.3545 0046345  79.2458 281.3945 14.20506945 82400
CZ-6A DEB
1 61109U 24140PB  26097.97174662  .00000299  00000-0  13127-3 0  9991
2 61109  89.0750 288.3027 0046328  77.7307 282.9065 14.20507126 82473
CZ-6A DEB
1 61109U 24140PB  26097.97174662  .00000299  00000-0  13127-3 0  9991
2 61109  89.0750 288.3027 0046328  77.7307 282.9065 14.20507126 82473
CZ-6A DEB
1 61109U 24140PB  26098.95793538  .00000266  00000-0  11603-3 0  9990
2 61109  89.0750 288.1992 0046292  74.6843 285.9456 14.20507597 82618
CZ-6A DEB
1 61109U 24140PB  26098.95793538  .00000266  00000-0  11603-3 0  9990
2 61109  89.0750 288.1992 0046292  74.6843 285.9456 14.20507597 82618
CZ-6A DEB
1 61109U 24140PB  26099.52147150  .00000301  00000-0  13213-3 0  9996
2 61109  89.0750 288.1400 0046269  72.9335 287.6917 14.20508123 82698
CZ-6A DEB
1 61109U 24140PB  26099.52147150  .00000301  00000-0  13213-3 0  9996
2 61109  89.0750 288.1400 0046269  72.9335 287.6917 14.20508123 82698
CZ-6A DEB
1 61109U 24140PB  26100.01456546  .00000289  00000-0  12632-3 0  9994
2 61109  89.0750 288.0882 0046248  71.4088 289.2117 14.20508328 82762
CZ-6A DEB
1 61109U 24140PB  26100.22589142  .00000299  00000-0  13126-3 0  9996
2 61109  89.0750 288.0660 0046242  70.7565 289.8620 14.20508482 82791
CZ-6A DEB
1 61109U 24140PB  26100.50765929  .00000284  00000-0  12433-3 0  9990
2 61109  89.0750 288.0364 0046230  69.8809 290.7347 14.20508568 82836
CZ-6A DEB
1 61109U 24140PB  26100.78942719  .00000282  00000-0  12333-3 0  9991
2 61109  89.0750 288.0068 0046221  69.0101 291.6025 14.20508671 82876
CZ-6A DEB
1 61109U 24140PB  26101.21207889  .00000257  00000-0  11170-3 0  9992
2 61109  89.0750 287.9624 0046199  67.6967 292.9112 14.20508730 82934
CZ-6A DEB
1 61109U 24140PB  26101.21207890  .00000257  00000-0  11170-3 0  9994
2 61109  89.0750 287.9624 0046199  67.6967 292.9112 14.20508730 82934
CZ-6A DEB
1 61109U 24140PB  26101.77561425  .00000258  00000-0  11226-3 0  9995
2 61109  89.0750 287.9032 0046175  65.9465 294.6547 14.20509029 83018
CZ-6A DEB
1 61109U 24140PB  26101.77561425  .00000258  00000-0  11226-3 0  9995
2 61109  89.0750 287.9032 0046175  65.9465 294.6547 14.20509029 83018
CZ-6A DEB
1 61109U 24140PB  26101.98694000  .00000251  00000-0  10887-3 0  9999
2 61109  89.0750 287.8810 0046161  65.2934 295.3051 14.20509092 83041
CZ-6A DEB
1 61109U 24140PB  26102.26870764  .00000242  00000-0  10504-3 0  9990
2 61109  89.0750 287.8514 0046148  64.4212 296.1737 14.20509156 83082
CZ-6A DEB
1 61109U 24140PB  26102.48003330  .00000240  00000-0  10380-3 0  9991
2 61109  89.0750 287.8292 0046134  63.7716 296.8205 14.20509262 83110
CZ-6A DEB
1 61109U 24140PB  26102.76180080  .00000234  00000-0  10118-3 0  9992
2 61109  89.0750 287.7996 0046122  62.9001 297.6883 14.20509355 83153
CZ-6A DEB
1 61109U 24140PB  26102.76180081  .00000234  00000-0  10118-3 0  9993
2 61109  89.0750 287.7996 0046122  62.9001 297.6883 14.20509356 83154
CZ-6A DEB
1 61109U 24140PB  26102.97312642  .00000231  00000-0  99559-4 0  9990
2 61109  89.0751 287.7774 0046103  62.2495 298.3359 14.20509438 83188
CZ-6A DEB
1 61109U 24140PB  26102.97312643  .00000231  00000-0  99559-4 0  9991
2 61109  89.0751 287.7774 0046103  62.2495 298.3360 14.20509438 83180
CZ-6A DEB
1 61109U 24140PB  26103.53666130  .00000219  00000-0  94360-4 0  9998
2 61109  89.0750 287.7181 0046065  60.5043 300.0730 14.20509627 83269
CZ-6A DEB
1 61109U 24140PB  26103.53666130  .00000219  00000-0  94360-4 0  9998
2 61109  89.0750 287.7181 0046065  60.5043 300.0730 14.20509627 83269
CZ-6A DEB
1 61109U 24140PB  26104.24107956  .00000210  00000-0  90254-4 0  9992
2 61109  89.0750 287.6441 0046014  58.3245 302.2420 14.20509886 83368
CZ-6A DEB
1 61109U 24140PB  26104.24107957  .00000210  00000-0  90254-4 0  9993
2 61109  89.0750 287.6441 0046014  58.3245 302.2420 14.20509886 83368
CZ-6A DEB
1 61109U 24140PB  26104.73417219  .00000199  00000-0  85123-4 0  9997
2 61109  89.0749 287.5923 0045977  56.7833 303.7752 14.20510054 83433
CZ-6A DEB
1 61109U 24140PB  26104.73417219  .00000199  00000-0  85123-4 0  9997
2 61109  89.0749 287.5923 0045977  56.7833 303.7752 14.20510054 83433
CZ-6A DEB
1 61109U 24140PB  26104.94549756  .00000203  00000-0  86698-4 0  9996
2 61109  89.0749 287.5701 0045958  56.1258 304.4292 14.20510170 83460
CZ-6A DEB
1 61109U 24140PB  26105.22726472  .00000189  00000-0  80458-4 0  9991
2 61109  89.0749 287.5405 0045934  55.2531 305.2972 14.20510199 83509
CZ-6A DEB
1 61109U 24140PB  26105.50903178  .00000188  00000-0  80187-4 0  9990
2 61109  89.0749 287.5109 0045910  54.3712 306.1741 14.20510335 83545
CZ-6A DEB
1 61109U 24140PB  26105.50903179  .00000188  00000-0  80187-4 0  9991
2 61109  89.0749 287.5109 0045910  54.3712 306.1741 14.20510335 83545
CZ-6A DEB
1 61109U 24140PB  26105.79079884  .00000186  00000-0  79017-4 0  9997
2 61109  89.0749 287.4812 0045888  53.4921 307.0482 14.20510416 83587
CZ-6A DEB
1 61109U 24140PB  26105.93168239  .00000185  00000-0  78679-4 0  9998
2 61109  89.0749 287.4664 0045870  53.0597 307.4781 14.20510468 83604
CZ-6A DEB
1 61109U 24140PB  26106.21344941  .00000194  00000-0  82787-4 0  9991
2 61109  89.0748 287.4368 0045849  52.1771 308.3556 14.20510607 83643
CZ-6A DEB
1 61109U 24140PB  26106.49521638  .00000193  00000-0  82393-4 0  9993
2 61109  89.0748 287.4072 0045827  51.2940 309.2334 14.20510725 83688
CZ-6A DEB
1 61109U 24140PB  26106.49521638  .00000193  00000-0  82393-4 0  9993
2 61109  89.0748 287.4072 0045827  51.2940 309.2334 14.20510725 83688
CZ-6A DEB
1 61109U 24140PB  26107.90405073  .00000198  00000-0  84739-4 0  9995
2 61109  89.0748 287.2592 0045706  46.8936 313.6063 14.20511238 83884
CZ-6A DEB
1 61109U 24140PB  26108.25625922  .00000195  00000-0  83169-4 0  9994
2 61109  89.0748 287.2222 0045675  45.7936 314.6991 14.20511320 83936
CZ-6A DEB
1 61109U 24140PB  26108.53802581  .00000198  00000-0  84828-4 0  9999
2 61109  89.0748 287.1926 0045648  44.9108 315.5761 14.20511492 83977
CZ-6A DEB
1 61109U 24140PB  26108.74935084  .00000195  00000-0  83307-4 0  9995
2 61109  89.0748 287.1703 0045631  44.2480 316.2344 14.20511525 84005
CZ-6A DEB
1 61109U 24140PB  26108.96067583  .00000198  00000-0  84491-4 0  9997
2 61109  89.0748 287.1481 0045609  43.5892 316.8887 14.20511624 84033
CZ-6A DEB
1 61109U 24140PB  26108.96067584  .00000198  00000-0  84491-4 0  9998
2 61109  89.0748 287.1481 0045609  43.5892 316.8888 14.20511624 84034
CZ-6A DEB
1 61109U 24140PB  26109.24244247  .00000200  00000-0  85770-4 0  9998
2 61109  89.0748 287.1186 0045577  42.7095 317.7623 14.20511720 84074
CZ-6A DEB
1 61109U 24140PB  26109.24244247  .00000200  00000-0  85770-4 0  9998
2 61109  89.0748 287.1186 0045577  42.7095 317.7623 14.20511720 84074
CZ-6A DEB
1 61109U 24140PB  26109.73553389  .00000194  00000-0  82806-4 0  9991
2 61109  89.0749 287.0667 0045527  41.1635 319.2974 14.20511883 84140
CZ-6A DEB
1 61109U 24140PB  26109.94685882  .00000195  00000-0  83385-4 0  9992
2 61109  89.0749 287.0445 0045500  40.5015 319.9547 14.20511961 84173
CZ-6A DEB
1 61109U 24140PB  26109.94685883  .00000195  00000-0  83385-4 0  9993
2 61109  89.0749 287.0445 0045500  40.5015 319.9547 14.20511962 84174
CZ-6A DEB
1 61109U 24140PB  26110.22862538  .00000188  00000-0  79924-4 0  9996
2 61109  89.0749 287.0149 0045471  39.6211 320.8287 14.20511989 84215
CZ-6A DEB
1 61109U 24140PB  26110.43995021  .00000187  00000-0  79504-4 0  9996
2 61109  89.0749 286.9927 0045449  38.9516 321.4933 14.20512076 84248
CZ-6A DEB
1 61109U 24140PB  26110.43995021  .00000187  00000-0  79504-4 0  9996
2 61109  89.0749 286.9927 0045449  38.9516 321.4933 14.20512076 84248
CZ-6A DEB
1 61109U 24140PB  26110.93304137  .00000199  00000-0  84947-4 0  9993
2 61109  89.0749 286.9409 0045389  37.4019 323.0315 14.20512328 84318
CZ-6A DEB
1 61109U 24140PB  26111.21480770  .00000206  00000-0  88210-4 0  9999
2 61109  89.0749 286.9113 0045357  36.5161 323.9107 14.20512464 84356
CZ-6A DEB
1 61109U 24140PB  26111.21480770  .00000206  00000-0  88210-4 0  9999
2 61109  89.0749 286.9113 0045357  36.5161 323.9107 14.20512464 84356
CZ-6A DEB
1 61109U 24140PB  26111.77834030  .00000193  00000-0  82564-4 0  9993
2 61109  89.0750 286.8521 0045294  34.7330 325.6803 14.20512602 84433
CZ-6A DEB
1 61109U 24140PB  26111.77834031  .00000193  00000-0  82564-4 0  9994
2 61109  89.0750 286.8521 0045294  34.7330 325.6803 14.20512602 84433
CZ-6A DEB
1 61109U 24140PB  26111.91922344  .00000202  00000-0  86718-4 0  9991
2 61109  89.0750 286.8373 0045275  34.2868 326.1230 14.20512705 84454
CZ-6A DEB
1 61109U 24140PB  26111.91922344  .00000202  00000-0  86718-4 0  9991
2 61109  89.0750 286.8373 0045275  34.2868 326.1230 14.20512705 84454
CZ-6A DEB
1 61109U 24140PB  26112.48275590  .00000196  00000-0  83938-4 0  9991
2 61109  89.0750 286.7781 0045210  32.5000 327.8959 14.20512872 84534
CZ-6A DEB
1 61109U 24140PB  26112.76452205  .00000198  00000-0  84729-4 0  9993
2 61109  89.0751 286.7485 0045175  31.6050 328.7839 14.20512970 84571
CZ-6A DEB
1 61109U 24140PB  26112.90540513  .00000210  00000-0  90247-4 0  9996
2 61109  89.0751 286.7337 0045155  31.1593 329.2260 14.20513090 84592
CZ-6A DEB
1 61109U 24140PB  26112.97584664  .00000209  00000-0  89775-4 0  9990
2 61109  89.0751 286.7263 0045146  30.9325 329.4510 14.20513115 84600
CZ-6A DEB
1 61109U 24140PB  26112.97584665  .00000209  00000-0  89775-4 0  9991
2 61109  89.0751 286.7263 0045146  30.9325 329.4510 14.20513115 84600
CZ-6A DEB
1 61109U 24140PB  26112.97584665  .00000209  00000-0  89775-4 0  9991
2 61109  89.0751 286.7263 0045146  30.9325 329.4510 14.20513115 84600
CZ-6A DEB
1 61109U 24140PB  26113.96202786  .00000218  00000-0  93794-4 0  9998
2 61109  89.0752 286.6227 0045033  27.8037 332.5546 14.20513536 84746
CZ-6A DEB
1 61109U 24140PB  26113.96202787  .00000218  00000-0  93794-4 0  9999
2 61109  89.0752 286.6227 0045033  27.8037 332.5546 14.20513536 84746
CZ-6A DEB
1 61109U 24140PB  26114.52555975  .00000227  00000-0  98098-4 0  9994
2 61109  89.0752 286.5635 0044972  26.0104 334.3332 14.20513829 84822
CZ-6A DEB
1 61109U 24140PB  26114.87776712  .00000244  00000-0  10581-3 0  9995
2 61109  89.0753 286.5265 0044927  24.8903 335.4440 14.20514056 84875
CZ-6A DEB
1 61109U 24140PB  26115.44129867  .00000266  00000-0  11617-3 0  9997
2 61109  89.0753 286.4673 0044858  23.0971 337.2222 14.20514466 84958
CZ-6A DEB
1 61109U 24140PB  26115.72306444  .00000253  00000-0  11035-3 0  9996
2 61109  89.0753 286.4377 0044821  22.2018 338.1100 14.20514516 84997
CZ-6A DEB
1 61109U 24140PB  26115.86394729  .00000284  00000-0  12425-3 0  9992
2 61109  89.0753 286.4229 0044800  21.7546 338.5534 14.20514752 85011
CZ-6A DEB
1 61109U 24140PB  26116.49792001  .00000299  00000-0  13126-3 0  9992
2 61109  89.0754 286.3562 0044724  19.7400 340.5509 14.20515171 85103
CZ-6A DEB
1 61109U 24140PB  26116.49792002  .00000299  00000-0  13126-3 0  9993
2 61109  89.0754 286.3563 0044724  19.7400 340.5509 14.20515171 85104
CZ-6A DEB
1 61109U 24140PB  26116.85012704  .00000282  00000-0  12349-3 0  9995
2 61109  89.0754 286.3192 0044670  18.6168 341.6643 14.20515245 85159
CZ-6A DEB
1 61109U 24140PB  26116.92056841  .00000281  00000-0  12332-3 0  9994
2 61109  89.0754 286.3118 0044661  18.3893 341.8900 14.20515290 85168
CZ-6A DEB
1 61109U 24140PB  26116.92056842  .00000281  00000-0  12332-3 0  9995
2 61109  89.0754 286.3118 0044661  18.3893 341.8900 14.20515290 85168
CZ-6A DEB
1 61109U 24140PB  26117.69542350  .00000285  00000-0  12486-3 0  9998
2 61109  89.0754 286.2305 0044556  15.9002 344.3575 14.20515728 85277
CZ-6A DEB
1 61109U 24140PB  26117.90674753  .00000298  00000-0  13082-3 0  9992
2 61109  89.0754 286.2083 0044525  15.2179 345.0339 14.20515928 85306
CZ-6A DEB
1 61109U 24140PB  26117.90674754  .00000298  00000-0  13082-3 0  9993
2 61109  89.0754 286.2083 0044525  15.2179 345.0339 14.20515928 85306
CZ-6A DEB
1 61109U 24140PB  26118.89292632  .00000289  00000-0  12667-3 0  9991
2 61109  89.0755 286.1047 0044390  12.0374 348.1866 14.20516413 85442
CZ-6A DEB
1 61109U 24140PB  26119.17469159  .00000293  00000-0  12888-3 0  9993
2 61109  89.0755 286.0752 0044362  11.1268 349.0892 14.20516586 85489
CZ-6A DEB
1 61109U 24140PB  26119.17469159  .00000293  00000-0  12888-3 0  9993
2 61109  89.0755 286.0752 0044362  11.1268 349.0892 14.20516586 85489
CZ-6A DEB
1 61109U 24140PB  26119.45645677  .00000293  00000-0  12870-3 0  9996
2 61109  89.0755 286.0456 0044327  10.2146 349.9934 14.20516775 85527
CZ-6A DEB
1 61109U 24140PB  26119.45645678  .00000293  00000-0  12870-3 0  9997
2 61109  89.0755 286.0456 0044327  10.2146 349.9934 14.20516775 85527
CZ-6A DEB
1 61109U 24140PB  26119.87910454  .00000295  00000-0  12970-3 0  9993
2 61109  89.0755 286.0012 0044267   8.8465 351.3495 14.20517030 85585
CZ-6A DEB
1 61109U 24140PB  26119.87910454  .00000295  00000-0  12970-3 0  9993
2 61109  89.0755 286.0012 0044267   8.8465 351.3495 14.20517030 85585
CZ-6A DEB
1 61109U 24140PB  26120.51307609  .00000281  00000-0  12303-3 0  9993
2 61109  89.0756 285.9346 0044185   6.7925 353.3854 14.20517318 85671
CZ-6A DEB
1 61109U 24140PB  26120.51307609  .00000281  00000-0  12303-3 0  9993
2 61109  89.0756 285.9346 0044185   6.7925 353.3854 14.20517318 85671
CZ-6A DEB
1 61109U 24140PB  26120.86528236  .00000283  00000-0  12411-3 0  9994
2 61109  89.0756 285.8977 0044137   5.6525 354.5154 14.20517550 85721
CZ-6A DEB
1 61109U 24140PB  26120.86528237  .00000283  00000-0  12411-3 0  9995
2 61109  89.0756 285.8977 0044137   5.6525 354.5154 14.20517550 85721
CZ-6A DEB
1 61109U 24140PB  26121.42881227  .00000300  00000-0  13215-3 0  9992
2 61109  89.0757 285.8385 0044061   3.8244 356.3274 14.20518012 85805
CZ-6A DEB
1 61109U 24140PB  26121.85145988  .00000271  00000-0  11852-3 0  9998
2 61109  89.0757 285.7941 0044013   2.4661 357.6738 14.20518049 85862
CZ-6A DEB
1 61109U 24140PB  26121.92190109  .00000271  00000-0  11857-3 0  9996
2 61109  89.0757 285.7867 0044007   2.2511 357.8869 14.20518112 85873
CZ-6A DEB
1 61109U 24140PB  26121.92190109  .00000271  00000-0  11857-3 0  9996
2 61109  89.0757 285.7867 0044007   2.2511 357.8869 14.20518112 85873
CZ-6A DEB
1 61109U 24140PB  26122.20366598  .00000284  00000-0  12462-3 0  9992
2 61109  89.0757 285.7571 0043966   1.3335 358.7965 14.20518334 85910
CZ-6A DEB
1 61109U 24140PB  26122.20366599  .00000284  00000-0  12462-3 0  9993
2 61109  89.0757 285.7571 0043966   1.3335 358.7965 14.20518334 85910
CZ-6A DEB
1 61109U 24140PB  26122.69675459  .00000273  00000-0  11931-3 0  9992
2 61109  89.0758 285.7054 0043902 359.7361   0.3799 14.20518534 85980
CZ-6A DEB
1 61109U 24140PB  26122.69675460  .00000273  00000-0  11931-3 0  9994
2 61109  89.0758 285.7054 0043902 359.7361   0.3799 14.20518534 85980
CZ-6A DEB
1 61109U 24140PB  26123.47160779  .00000271  00000-0  11858-3 0  9999
2 61109  89.0759 285.6240 0043790 357.2082   2.8857 14.20518980 86095
CZ-6A DEB
1 61109U 24140PB  26123.47160779  .00000271  00000-0  11858-3 0  9999
2 61109  89.0759 285.6240 0043790 357.2082   2.8857 14.20518980 86095
CZ-6A DEB
1 61109U 24140PB  26123.89425493  .00000259  00000-0  11318-3 0  9999
2 61109  89.0759 285.5797 0043730 355.8224   4.2595 14.20519141 86159
CZ-6A DEB
1 61109U 24140PB  26124.17601969  .00000244  00000-0  10634-3 0  9999
2 61109  89.0760 285.5500 0043687 354.8962   5.1777 14.20519184 86195
CZ-6A DEB
1 61109U 24140PB  26124.45778440  .00000239  00000-0  10380-3 0  9991
2 61109  89.0760 285.5205 0043652 353.9723   6.0936 14.20519317 86234
CZ-6A DEB
1 61109U 24140PB  26124.45778440  .00000239  00000-0  10380-3 0  9991
2 61109  89.0760 285.5205 0043652 353.9723   6.0936 14.20519317 86234
CZ-6A DEB
1 61109U 24140PB  26124.88043141  .00000247  00000-0  10766-3 0  9998
2 61109  89.0762 285.4761 0043595 352.5849   7.4691 14.20519571 86293
CZ-6A DEB
1 61109U 24140PB  26124.88043142  .00000247  00000-0  10766-3 0  9999
2 61109  89.0762 285.4762 0043595 352.5849   7.4691 14.20519571 86294
CZ-6A DEB
1 61109U 24140PB  26125.44396066  .00000267  00000-0  11670-3 0  9995
2 61109  89.0762 285.4170 0043522 350.7352   9.3030 14.20519978 86374
CZ-6A DEB
1 61109U 24140PB  26125.86660756  .00000259  00000-0  11323-3 0  9997
2 61109  89.0762 285.3726 0043465 349.3401  10.6863 14.20520147 86431
CZ-6A DEB
1 61109U 24140PB  26125.86660756  .00000259  00000-0  11323-3 0  9997
2 61109  89.0762 285.3726 0043465 349.3401  10.6863 14.20520147 86431
CZ-6A DEB
1 61109U 24140PB  26126.85278352  .00000251  00000-0  10927-3 0  9995
2 61109  89.0763 285.2691 0043340 346.0903  13.9090 14.20520587 86576
CZ-6A DEB
1 61109U 24140PB  26126.85278352  .00000251  00000-0  10927-3 0  9995
2 61109  89.0763 285.2691 0043340 346.0903  13.9090 14.20520587 86576
CZ-6A DEB
1 61109U 24140PB  26127.48675362  .00000248  00000-0  10786-3 0  9996
2 61109  89.0763 285.2025 0043265 343.9970  15.9851 14.20520893 86660
CZ-6A DEB
1 61109U 24140PB  26127.48675363  .00000248  00000-0  10786-3 0  9997
2 61109  89.0763 285.2025 0043265 343.9970  15.9851 14.20520893 86660
CZ-6A DEB
1 61109U 24140PB  26127.90940031  .00000243  00000-0  10574-3 0  9991
2 61109  89.0763 285.1581 0043209 342.5907  17.3800 14.20521072 86726
CZ-6A DEB
1 61109U 24140PB  26127.90940032  .00000243  00000-0  10574-3 0  9992
2 61109  89.0763 285.1581 0043209 342.5907  17.3800 14.20521072 86726
CZ-6A DEB
1 61109U 24140PB  26128.68425242  .00000239  00000-0  10384-3 0  9993
2 61109  89.0765 285.0769 0043105 340.0260  19.9241 14.20521433 86835
CZ-6A DEB
1 61109U 24140PB  26128.82513463  .00000240  00000-0  10429-3 0  9994
2 61109  89.0764 285.0621 0043081 339.5335  20.4128 14.20521497 86853
CZ-6A DEB
1 61109U 24140PB  26128.89557572  .00000240  00000-0  10439-3 0  9991
2 61109  89.0763 285.0546 0043076 339.3125  20.6320 14.20521549 86862
CZ-6A DEB
1 61109U 24140PB  26129.17734013  .00000235  00000-0  10215-3 0  9996
2 61109  89.0766 285.0252 0043032 338.3979  21.5394 14.20521645 86900
CZ-6A DEB
1 61109U 24140PB  26129.17734013  .00000235  00000-0  10215-3 0  9996
2 61109  89.0766 285.0252 0043032 338.3979  21.5394 14.20521645 86900
CZ-6A DEB
1 61109U 24140PB  26129.45910447  .00000232  00000-0  10095-3 0  9997
2 61109  89.0766 284.9956 0042994 337.4588  22.4712 14.20521791 86941
CZ-6A DEB
1 61109U 24140PB  26129.88175103  .00000222  00000-0  96152-4 0  9994
2 61109  89.0766 284.9513 0042941 336.0465  23.8727 14.20521921 87005
CZ-6A DEB
1 61109U 24140PB  26130.16351539  .00000217  00000-0  93877-4 0  9991
2 61109  89.0767 284.9217 0042902 335.1076  24.8044 14.20521997 87042
CZ-6A DEB
1 61109U 24140PB  26130.16351540  .00000217  00000-0  93877-4 0  9993
2 61109  89.0767 284.9217 0042902 335.1076  24.8044 14.20521997 87042
CZ-6A DEB
1 61109U 24140PB  26130.44527971  .00000212  00000-0  91689-4 0  9991
2 61109  89.0767 284.8921 0042869 334.1657  25.7391 14.20522117 87083
CZ-6A DEB
1 61109U 24140PB  26130.86792619  .00000210  00000-0  90487-4 0  9993
2 61109  89.0767 284.8478 0042820 332.7468  27.1475 14.20522287 87145
CZ-6A DEB
1 61109U 24140PB  26131.14969046  .00000208  00000-0  89773-4 0  9998
2 61109  89.0767 284.8183 0042795 331.8078  28.0796 14.20522399 87180
CZ-6A DEB
1 61109U 24140PB  26131.36101369  .00000204  00000-0  87889-4 0  9990
2 61109  89.0767 284.7961 0042772 331.1028  28.7794 14.20522476 87211
CZ-6A DEB
1 61109U 24140PB  26131.36101370  .00000204  00000-0  87889-4 0  9992
2 61109  89.0767 284.7961 0042772 331.1028  28.7794 14.20522476 87211
CZ-6A DEB
1 61109U 24140PB  26131.85410118  .00000199  00000-0  85583-4 0  9991
2 61109  89.0768 284.7444 0042717 329.4452  30.4250 14.20522655 87281
CZ-6A DEB
1 61109U 24140PB  26131.85410119  .00000199  00000-0  85583-4 0  9992
2 61109  89.0768 284.7444 0042717 329.4452  30.4250 14.20522655 87281
CZ-6A DEB
1 61109U 24140PB  26132.13586550  .00000203  00000-0  87236-4 0  9990
2 61109  89.0768 284.7149 0042688 328.5042  31.3593 14.20522774 87322
CZ-6A DEB
1 61109U 24140PB  26132.13586550  .00000203  00000-0  87236-4 0  9990
2 61109  89.0768 284.7149 0042688 328.5042  31.3593 14.20522774 87322
CZ-6A DEB
1 61109U 24140PB  26132.34718869  .00000201  00000-0  86366-4 0  9994
2 61109  89.0768 284.6928 0042670 327.7957  32.0628 14.20522863 87352
CZ-6A DEB
1 61109U 24140PB  26132.84027625  .00000194  00000-0  83330-4 0  9991
2 61109  89.0767 284.6410 0042614 326.1547  33.6924 14.20523004 87425
CZ-6A DEB
1 61109U 24140PB  26132.84027625  .00000194  00000-0  83330-4 0  9991
2 61109  89.0767 284.6410 0042614 326.1547  33.6924 14.20523004 87425
CZ-6A DEB
1 61109U 24140PB  26133.40380479  .00000187  00000-0  80188-4 0  9993
2 61109  89.0767 284.5819 0042553 324.2731  35.5613 14.20523194 87508
CZ-6A DEB
1 61109U 24140PB  26133.47424588  .00000189  00000-0  81072-4 0  9995
2 61109  89.0768 284.5745 0042545 324.0410  35.7919 14.20523228 87510
CZ-6A DEB
1 61109U 24140PB  26133.47424588  .00000189  00000-0  81072-4 0  9995
2 61109  89.0768 284.5745 0042545 324.0410  35.7919 14.20523229 87511
CZ-6A DEB
1 61109U 24140PB  26134.67174404  .00000181  00000-0  77445-4 0  9998
2 61109  89.0769 284.4490 0042417 320.0266  39.7803 14.20523619 87688
CZ-6A DEB
1 61109U 24140PB  26135.86924217  .00000171  00000-0  72785-4 0  9996
2 61109  89.0770 284.3234 0042295 315.9746  43.8078 14.20523990 87856
CZ-6A DEB
1 61109U 24140PB  26136.64409385  .00000170  00000-0  72064-4 0  9996
2 61109  89.0772 284.2423 0042221 313.3455  46.4219 14.20524242 87964
CZ-6A DEB
1 61109U 24140PB  26136.85541705  .00000168  00000-0  71347-4 0  9992
2 61109  89.0772 284.2201 0042202 312.6244  47.1391 14.20524307 87999
CZ-6A DEB
1 61109U 24140PB  26136.85541706  .00000168  00000-0  71347-4 0  9993
2 61109  89.0772 284.2201 0042202 312.6244  47.1391 14.20524307 87999
CZ-6A DEB
1 61109U 24140PB  26137.13718132  .00000169  00000-0  71816-4 0  9996
2 61109  89.0772 284.1906 0042180 311.6678  48.0905 14.20524386 88039
CZ-6A DEB
1 61109U 24140PB  26137.41894558  .00000167  00000-0  70725-4 0  9990
2 61109  89.0772 284.1611 0042159 310.7120  49.0411 14.20524483 88075
CZ-6A DEB
1 61109U 24140PB  26137.41894559  .00000167  00000-0  70725-4 0  9991
2 61109  89.0772 284.1611 0042159 310.7120  49.0411 14.20524483 88075
CZ-6A DEB
1 61109U 24140PB  26137.70070985  .00000166  00000-0  70530-4 0  9995
2 61109  89.0773 284.1316 0042141 309.7566  49.9915 14.20524555 88114
CZ-6A DEB
1 61109U 24140PB  26137.70070986  .00000166  00000-0  70530-4 0  9996
2 61109  89.0773 284.1316 0042141 309.7566  49.9915 14.20524555 88114
CZ-6A DEB
1 61109U 24140PB  26138.12335619  .00000176  00000-0  75165-4 0  9990
2 61109  89.0774 284.0874 0042113 308.3193  51.4214 14.20524758 88174
CZ-6A DEB
1 61109U 24140PB  26138.68688477  .00000173  00000-0  73399-4 0  9998
2 61109  89.0775 284.0283 0042076 306.4073  53.3240 14.20524905 88256
CZ-6A DEB
1 61109U 24140PB  26138.68688477  .00000173  00000-0  73399-4 0  9998
2 61109  89.0775 284.0283 0042076 306.4073  53.3240 14.20524905 88256
CZ-6A DEB
1 61109U 24140PB  26139.10953117  .00000180  00000-0  76638-4 0  9999
2 61109  89.0776 283.9840 0042047 304.9683  54.7562 14.20525073 88318
CZ-6A DEB
1 61109U 24140PB  26139.10953118  .00000180  00000-0  76638-4 0  9990
2 61109  89.0776 283.9841 0042047 304.9683  54.7562 14.20525073 88319
CZ-6A DEB
1 61109U 24140PB  26139.39129549  .00000174  00000-0  74254-4 0  9999
2 61109  89.0776 283.9545 0042029 304.0126  55.7075 14.20525143 88355
CZ-6A DEB
1 61109U 24140PB  26139.39129549  .00000174  00000-0  74254-4 0  9999
2 61109  89.0776 283.9545 0042029 304.0126  55.7075 14.20525143 88355
CZ-6A DEB
1 61109U 24140PB  26140.16614727  .00000188  00000-0  80502-4 0  9991
2 61109  89.0777 283.8733 0041977 301.3775  58.3311 14.20525443 88462
CZ-6A DEB
1 61109U 24140PB  26140.16614727  .00000188  00000-0  80502-4 0  9991
2 61109  89.0777 283.8734 0041977 301.3775  58.3311 14.20525443 88463
CZ-6A DEB
1 61109U 24140PB  26140.37747047  .00000188  00000-0  80297-4 0  9997
2 61109  89.0778 283.8512 0041966 300.6587  59.0470 14.20525530 88493
CZ-6A DEB
1 61109U 24140PB  26140.37747048  .00000188  00000-0  80297-4 0  9998
2 61109  89.0778 283.8512 0041966 300.6587  59.0470 14.20525530 88493
CZ-6A DEB
1 61109U 24140PB  26141.36364549  .00000199  00000-0  85775-4 0  9997
2 61109  89.0780 283.7479 0041901 297.2915  62.4011 14.20525927 88637
CZ-6A DEB
1 61109U 24140PB  26141.36364549  .00000199  00000-0  85775-4 0  9997
2 61109  89.0780 283.7479 0041901 297.2915  62.4011 14.20525927 88637
CZ-6A DEB
1 61109U 24140PB  26142.13849724  .00000216  00000-0  93496-4 0  9995
2 61109  89.0781 283.6667 0041852 294.6398  65.0436 14.20526289 88741
CZ-6A DEB
1 61109U 24140PB  26142.34982042  .00000216  00000-0  93244-4 0  9990
2 61109  89.0781 283.6446 0041845 293.9181  65.7629 14.20526390 88777
CZ-6A DEB
1 61109U 24140PB  26142.34982042  .00000216  00000-0  93244-4 0  9990
2 61109  89.0781 283.6446 0041845 293.9180  65.7629 14.20526389 88774
CZ-6A DEB
1 61109U 24140PB  26143.12467208  .00000229  00000-0  99271-4 0  9999
2 61109  89.0782 283.5634 0041810 291.2548  68.4180 14.20526769 88880
CZ-6A DEB
1 61109U 24140PB  26143.40643631  .00000226  00000-0  98292-4 0  9995
2 61109  89.0782 283.5339 0041802 290.2901  69.3798 14.20526899 88929
CZ-6A DEB
1 61109U 24140PB  26143.82908266  .00000228  00000-0  99200-4 0  9991
2 61109  89.0782 283.4897 0041790 288.8289  70.8371 14.20527080 88988
CZ-6A DEB
1 61109U 24140PB  26144.11084691  .00000228  00000-0  98948-4 0  9999
2 61109  89.0783 283.4602 0041780 287.8652  71.7984 14.20527192 89025
CZ-6A DEB
1 61109U 24140PB  26144.88569852  .00000242  00000-0  10532-3 0  9998
2 61109  89.0784 283.3791 0041764 285.2135  74.4439 14.20527634 89132
CZ-6A DEB
1 61109U 24140PB  26145.09702169  .00000242  00000-0  10543-3 0  9994
2 61109  89.0784 283.3570 0041756 284.4946  75.1613 14.20527724 89164
CZ-6A DEB
1 61109U 24140PB  26145.37878591  .00000254  00000-0  11110-3 0  9992
2 61109  89.0784 283.3275 0041748 283.5388  76.1153 14.20527938 89209
CZ-6A DEB
1 61109U 24140PB  26145.37878592  .00000254  00000-0  11110-3 0  9993
2 61109  89.0784 283.3275 0041748 283.5388  76.1153 14.20527938 89209
CZ-6A DEB
1 61109U 24140PB  26145.80143225  .00000252  00000-0  11007-3 0  9992
2 61109  89.0785 283.2832 0041739 282.0905  77.5611 14.20528121 89262
CZ-6A DEB
1 61109U 24140PB  26146.36496062  .00000284  00000-0  12469-3 0  9992
2 61109  89.0785 283.2243 0041725 280.1680  79.4805 14.20528589 89345
CZ-6A DEB
1 61109U 24140PB  26147.35113517  .00000308  00000-0  13618-3 0  9997
2 61109  89.0786 283.1211 0041709 276.7861  82.8584 14.20529254 89481
CZ-6A DEB
1 61109U 24140PB  26147.63289933  .00000295  00000-0  12985-3 0  9995
2 61109  89.0786 283.0916 0041708 275.8093  83.8343 14.20529318 89528
CZ-6A DEB
1 61109U 24140PB  26147.84422244  .00000295  00000-0  12991-3 0  9999
2 61109  89.0786 283.0695 0041711 275.0777  84.5653 14.20529439 89556
CZ-6A DEB
1 61109U 24140PB  26147.84422245  .00000295  00000-0  12991-3 0  9990
2 61109  89.0786 283.0695 0041711 275.0777  84.5653 14.20529439 89556
CZ-6A DEB
1 61109U 24140PB  26148.33730964  .00000307  00000-0  13567-3 0  9999
2 61109  89.0787 283.0179 0041707 273.3851  86.2569 14.20529793 89629
CZ-6A DEB
1 61109U 24140PB  26148.61907376  .00000315  00000-0  13904-3 0  9997
2 61109  89.0787 282.9884 0041706 272.4161  87.2255 14.20529984 89662
CZ-6A DEB
1 61109U 24140PB  26149.39392500  .00000316  00000-0  13970-3 0  9994
2 61109  89.0788 282.9073 0041714 269.7431  89.8979 14.20530465 89770
CZ-6A DEB
1 61109U 24140PB  26149.39392500  .00000316  00000-0  13970-3 0  9994
2 61109  89.0788 282.9073 0041714 269.7432  89.8979 14.20530465 89771
CZ-6A DEB
1 61109U 24140PB  26150.38009913  .00000337  00000-0  14915-3 0  9991
2 61109  89.0789 282.8042 0041745 266.3493  93.2923 14.20531187 89917
CZ-6A DEB
1 61109U 24140PB  26150.59142226  .00000331  00000-0  14633-3 0  9990
2 61109  89.0790 282.7821 0041745 265.6202  94.0218 14.20531239 89940
CZ-6A DEB
1 61109U 24140PB  26150.80274525  .00000331  00000-0  14653-3 0  9994
2 61109  89.0791 282.7600 0041748 264.9002  94.7423 14.20531393 89978
CZ-6A DEB
1 61109U 24140PB  26150.80274526  .00000331  00000-0  14653-3 0  9995
2 61109  89.0791 282.7600 0041748 264.9002  94.7423 14.20531393 89978
CZ-6A DEB
1 61109U 24140PB  26151.15495013  .00000351  00000-0  15588-3 0  9990
2 61109  89.0791 282.7232 0041762 263.6926  95.9507 14.20531752 90029
CZ-6A DEB
1 61109U 24140PB  26151.36627308  .00000347  00000-0  15400-3 0  9995
2 61109  89.0792 282.7011 0041770 262.9715  96.6724 14.20531893 90050
CZ-6A DEB
1 61109U 24140PB  26152.14112418  .00000312  00000-0  13758-3 0  9999
2 61109  89.0793 282.6201 0041791 260.3152  99.3317 14.20532130 90166
CZ-6A DEB
1 61109U 24140PB  26152.14112418  .00000312  00000-0  13758-3 0  9999
2 61109  89.0793 282.6201 0041791 260.3152  99.3317 14.20532130 90166
CZ-6A DEB
1 61109U 24140PB  26152.35244713  .00000309  00000-0  13643-3 0  9995
2 61109  89.0793 282.5980 0041802 259.5930 100.0547 14.20532271 90190
CZ-6A DEB
1 61109U 24140PB  26152.35244713  .00000309  00000-0  13643-3 0  9995
2 61109  89.0793 282.5980 0041802 259.5930 100.0547 14.20532271 90190
CZ-6A DEB
1 61109U 24140PB  26153.33862095  .00000331  00000-0  14648-3 0  9994
2 61109  89.0795 282.4949 0041837 256.2182 103.4350 14.20532999 90339
CZ-6A DEB
1 61109U 24140PB  26153.33862096  .00000331  00000-0  14648-3 0  9995
2 61109  89.0795 282.4949 0041837 256.2182 103.4350 14.20532999 90339
CZ-6A DEB
1 61109U 24140PB  26153.33862096  .00000331  00000-0  14648-3 0  9995
2 61109  89.0795 282.4949 0041837 256.2182 103.4350 14.20532999 90339
CZ-6A DEB
1 61109U 24140PB  26154.32479462  .00000327  00000-0  14460-3 0  9993
2 61109  89.0797 282.3918 0041876 252.8414 106.8189 14.20533611 90473
CZ-6A DEB
1 61109U 24140PB  26154.32479462  .00000327  00000-0  14460-3 0  9993
2 61109  89.0797 282.3918 0041876 252.8414 106.8189 14.20533611 90473
CZ-6A DEB
1 61109U 24140PB  26154.60655855  .00000333  00000-0  14746-3 0  9990
2 61109  89.0797 282.3623 0041874 251.8805 107.7823 14.20533798 90513
CZ-6A DEB
1 61109U 24140PB  26154.60655856  .00000333  00000-0  14746-3 0  9991
2 61109  89.0797 282.3623 0041874 251.8805 107.7823 14.20533798 90513
CZ-6A DEB
1 61109U 24140PB  26156.08581867  .00000343  00000-0  15191-3 0  9991
2 61109  89.0798 282.2077 0041955 246.8106 112.8662 14.20534819 90720
CZ-6A DEB
1 61109U 24140PB  26156.08581868  .00000343  00000-0  15191-3 0  9992
2 61109  89.0798 282.2077 0041955 246.8106 112.8662 14.20534819 90720
CZ-6A DEB
1 61109U 24140PB  26156.64934631  .00000324  00000-0  14321-3 0  9997
2 61109  89.0798 282.1487 0041986 244.8854 114.7978 14.20535066 90801
CZ-6A DEB
1 61109U 24140PB  26156.86066904  .00000337  00000-0  14915-3 0  9993
2 61109  89.0798 282.1266 0042003 244.1655 115.5201 14.20535315 90837
CZ-6A DEB
1 61109U 24140PB  26156.86066904  .00000337  00000-0  14915-3 0  9993
2 61109  89.0798 282.1266 0042003 244.1655 115.5201 14.20535315 90837
CZ-6A DEB
1 61109U 24140PB  26157.07199184  .00000338  00000-0  14964-3 0  9999
2 61109  89.0798 282.1045 0042015 243.4444 116.2437 14.20535449 90863
CZ-6A DEB
1 61109U 24140PB  26157.07199185  .00000338  00000-0  14964-3 0  9990
2 61109  89.0798 282.1045 0042015 243.4444 116.2437 14.20535449 90863
CZ-6A DEB
1 61109U 24140PB  26158.62169257  .00000341  00000-0  15114-3 0  9991
2 61109  89.0800 281.9427 0042121 238.1904 121.5182 14.20536381 91085
CZ-6A DEB
1 61109U 24140PB  26158.62169258  .00000341  00000-0  15114-3 0  9992
2 61109  89.0800 281.9427 0042121 238.1904 121.5182 14.20536381 91085
CZ-6A DEB
1 61109U 24140PB  26158.83301538  .00000303  00000-0  13349-3 0  9990
2 61109  89.0800 281.9206 0042139 237.4722 122.2394 14.20536310 91118
CZ-6A DEB
1 61109U 24140PB  26158.83301539  .00000303  00000-0  13349-3 0  9991
2 61109  89.0800 281.9206 0042139 237.4722 122.2394 14.20536310 91118
CZ-6A DEB
1 61109U 24140PB  26159.60786543  .00000310  00000-0  13667-3 0  9990
2 61109  89.0801 281.8397 0042203 234.8430 124.8804 14.20536838 91229
CZ-6A DEB
1 61109U 24140PB  26160.10095193  .00000266  00000-0  11630-3 0  9999
2 61109  89.0801 281.7881 0042239 233.1635 126.5678 14.20536876 91291
CZ-6A DEB
1 61109U 24140PB  26160.10095194  .00000266  00000-0  11630-3 0  9990
2 61109  89.0801 281.7881 0042239 233.1635 126.5679 14.20536876 91292
CZ-6A DEB
1 61109U 24140PB  26160.59403834  .00000276  00000-0  12089-3 0  9997
2 61109  89.0801 281.7366 0042277 231.4970 128.2426 14.20537220 91366
CZ-6A DEB
1 61109U 24140PB  26161.29844742  .00000258  00000-0  11255-3 0  9996
2 61109  89.0801 281.6630 0042344 229.1082 130.6437 14.20537557 91465
CZ-6A DEB
1 61109U 24140PB  26161.58021108  .00000258  00000-0  11248-3 0  9993
2 61109  89.0802 281.6335 0042369 228.1544 131.6027 14.20537695 91501
CZ-6A DEB
1 61109U 24140PB  26162.07329734  .00000251  00000-0  10940-3 0  9995
2 61109  89.0802 281.5820 0042412 226.4818 133.2846 14.20537963 91575
CZ-6A DEB
1 61109U 24140PB  26162.28462008  .00000245  00000-0  10677-3 0  9990
2 61109  89.0802 281.5599 0042433 225.7690 134.0014 14.20538049 91607
CZ-6A DEB
1 61109U 24140PB  26162.28462009  .00000245  00000-0  10677-3 0  9991
2 61109  89.0802 281.5599 0042433 225.7690 134.0014 14.20538049 91607
CZ-6A DEB
1 61109U 24140PB  26163.05946984  .00000243  00000-0  10563-3 0  9998
2 61109  89.0803 281.4790 0042509 223.1471 136.6386 14.20538493 91718
CZ-6A DEB
1 61109U 24140PB  26163.83431944  .00000267  00000-0  11659-3 0  9992
2 61109  89.0803 281.3981 0042599 220.5518 139.2497 14.20539087 91825
CZ-6A DEB
1 61109U 24140PB  26164.25696471  .00000262  00000-0  11426-3 0  9994
2 61109  89.0803 281.3540 0042644 219.1344 140.6760 14.20539280 91888
CZ-6A DEB
1 61109U 24140PB  26164.25696472  .00000262  00000-0  11426-3 0  9995
2 61109  89.0803 281.3540 0042644 219.1344 140.6760 14.20539280 91888
CZ-6A DEB
1 61109U 24140PB  26164.60916901  .00000269  00000-0  11763-3 0  9997
2 61109  89.0804 281.3172 0042686 217.9573 141.8607 14.20539515 91936
CZ-6A DEB
1 61109U 24140PB  26164.82049155  .00000269  00000-0  11769-3 0  9995
2 61109  89.0805 281.2951 0042717 217.2597 142.5628 14.20539649 91967
CZ-6A DEB
1 61109U 24140PB  26164.82049156  .00000269  00000-0  11769-3 0  9996
2 61109  89.0805 281.2951 0042717 217.2597 142.5628 14.20539649 91967
CZ-6A DEB
1 61109U 24140PB  26165.31357759  .00000261  00000-0  11390-3 0  9994
2 61109  89.0805 281.2437 0042769 215.6127 144.2209 14.20539870 92033
CZ-6A DEB
1 61109U 24140PB  26165.31357760  .00000261  00000-0  11390-3 0  9996
2 61109  89.0805 281.2437 0042769 215.6127 144.2209 14.20539870 92033
CZ-6A DEB
1 61109U 24140PB  26165.59534102  .00000261  00000-0  11402-3 0  9997
2 61109  89.0806 281.2143 0042800 214.6726 145.1674 14.20540000 92075
CZ-6A DEB
1 61109U 24140PB  26165.59534103  .00000261  00000-0  11402-3 0  9998
2 61109  89.0806 281.2143 0042800 214.6726 145.1674 14.20540000 92075
CZ-6A DEB
1 61109U 24140PB  26166.01798618  .00000264  00000-0  11540-3 0  9995
2 61109  89.0806 281.1701 0042850 213.2614 146.5883 14.20540227 92135
CZ-6A DEB
1 61109U 24140PB  26166.29974966  .00000258  00000-0  11258-3 0  9996
2 61109  89.0806 281.1407 0042880 212.3230 147.5333 14.20540329 92173
CZ-6A DEB
1 61109U 24140PB  26166.29974967  .00000258  00000-0  11258-3 0  9997
2 61109  89.0806 281.1407 0042880 212.3230 147.5333 14.20540329 92173
CZ-6A DEB
1 61109U 24140PB  26166.58151302  .00000266  00000-0  11611-3 0  9991
2 61109  89.0806 281.1112 0042910 211.3747 148.4883 14.20540518 92217
CZ-6A DEB
1 61109U 24140PB  26167.07459897  .00000271  00000-0  11852-3 0  9999
2 61109  89.0806 281.0597 0042970 209.7316 150.1433 14.20540776 92286
CZ-6A DEB
1 61109U 24140PB  26167.28592152  .00000272  00000-0  11913-3 0  9993
2 61109  89.0806 281.0377 0042994 209.0307 150.8493 14.20540902 92319
CZ-6A DEB
1 61109U 24140PB  26167.28592152  .00000272  00000-0  11913-3 0  9993
2 61109  89.0806 281.0377 0042994 209.0307 150.8493 14.20540902 92319
CZ-6A DEB
1 61109U 24140PB  26167.56768486  .00000269  00000-0  11760-3 0  9995
2 61109  89.0806 281.0082 0043026 208.0903 151.7966 14.20541017 92357
CZ-6A DEB
1 61109U 24140PB  26167.56768487  .00000269  00000-0  11760-3 0  9996
2 61109  89.0806 281.0082 0043026 208.0903 151.7966 14.20541017 92357
CZ-6A DEB
1 61109U 24140PB  26168.06077071  .00000274  00000-0  11974-3 0  9997
2 61109  89.0806 280.9567 0043096 206.4386 153.4606 14.20541284 92421
CZ-6A DEB
1 61109U 24140PB  26168.06077071  .00000274  00000-0  11974-3 0  9997
2 61109  89.0806 280.9567 0043096 206.4386 153.4606 14.20541284 92421
CZ-6A DEB
1 61109U 24140PB  26168.83561976  .00000270  00000-0  11814-3 0  9993
2 61109  89.0807 280.8758 0043199 203.8725 156.0463 14.20541683 92530
CZ-6A DEB
1 61109U 24140PB  26169.54002789  .00000263  00000-0  11493-3 0  9999
2 61109  89.0808 280.8023 0043292 201.5423 158.3947 14.20541995 92639
CZ-6A DEB
1 61109U 24140PB  26169.54002790  .00000263  00000-0  11493-3 0  9991
2 61109  89.0808 280.8023 0043292 201.5423 158.3947 14.20541995 92639
CZ-6A DEB
1 61109U 24140PB  26170.03311348  .00000262  00000-0  11440-3 0  9990
2 61109  89.0808 280.7508 0043357 199.9149 160.0351 14.20542247 92701
CZ-6A DEB
1 61109U 24140PB  26170.24443585  .00000263  00000-0  11466-3 0  9991
2 61109  89.0808 280.7288 0043383 199.2220 160.7336 14.20542382 92731
CZ-6A DEB
1 61109U 24140PB  26170.31487666  .00000260  00000-0  11345-3 0  9990
2 61109  89.0808 280.7214 0043392 198.9869 160.9706 14.20542404 92744
CZ-6A DEB
1 61109U 24140PB  26171.30104765  .00000249  00000-0  10843-3 0  9995
2 61109  89.0809 280.6185 0043521 195.7490 164.2350 14.20542835 92885
CZ-6A DEB
1 61109U 24140PB  26171.30104766  .00000249  00000-0  10843-3 0  9996
2 61109  89.0809 280.6185 0043521 195.7490 164.2350 14.20542835 92885
CZ-6A DEB
1 61109U 24140PB  26173.27338909  .00000242  00000-0  10523-3 0  9990
2 61109  89.0809 280.4127 0043785 189.2937 170.7448 14.20543717 93167
CZ-6A DEB
1 61109U 24140PB  26174.75264451  .00000244  00000-0  10578-3 0  9996
2 61109  89.0809 280.2582 0043987 184.4488 175.6318 14.20544435 93373
CZ-6A DEB
1 61109U 24140PB  26175.03440735  .00000255  00000-0  11093-3 0  9994
2 61109  89.0809 280.2288 0044025 183.5308 176.5578 14.20544627 93417
CZ-6A DEB
1 61109U 24140PB  26176.23189899  .00000284  00000-0  12436-3 0  9992
2 61109  89.0809 280.1039 0044196 179.6496 180.4734 14.20545456 93580
CZ-6A DEB
1 61109U 24140PB  26176.58410234  .00000279  00000-0  12217-3 0  9991
2 61109  89.0810 280.0672 0044241 178.5082 181.6248 14.20545613 93638
CZ-6A DEB
1 61109U 24140PB  26176.79542428  .00000277  00000-0  12129-3 0  9995
2 61109  89.0810 280.0451 0044268 177.8313 182.3078 14.20545736 93669
CZ-6A DEB
1 61109U 24140PB  26177.07718699  .00000268  00000-0  11688-3 0  9991
2 61109  89.0809 280.0157 0044310 176.9194 183.2278 14.20545795 93707
CZ-6A DEB
1 61109U 24140PB  26177.28850897  .00000274  00000-0  11974-3 0  9996
2 61109  89.0809 279.9936 0044335 176.2332 183.9202 14.20545948 93730
CZ-6A DEB
1 61109U 24140PB  26177.57027157  .00000263  00000-0  11487-3 0  9990
2 61109  89.0810 279.9643 0044370 175.3263 184.8351 14.20546014 93773
CZ-6A DEB
1 61109U 24140PB  26177.71115285  .00000263  00000-0  11480-3 0  9999
2 61109  89.0810 279.9496 0044389 174.8754 185.2900 14.20546095 93794
CZ-6A DEB
1 61109U 24140PB  26177.78159348  .00000261  00000-0  11393-3 0  9995
2 61109  89.0810 279.9422 0044397 174.6532 185.5143 14.20546124 93801
CZ-6A DEB
1 61109U 24140PB  26178.20423722  .00000282  00000-0  12336-3 0  9994
2 61109  89.0810 279.8981 0044449 173.2918 186.8877 14.20546453 93860
CZ-6A DEB
1 61109U 24140PB  26178.27467786  .00000280  00000-0  12249-3 0  9990
2 61109  89.0810 279.8908 0044457 173.0643 187.1172 14.20546485 93879
CZ-6A DEB
1 61109U 24140PB  26178.55644038  .00000269  00000-0  11720-3 0  9998
2 61109  89.0811 279.8614 0044490 172.1552 188.0344 14.20546536 93913
CZ-6A DEB
1 61109U 24140PB  26178.76776221  .00000276  00000-0  12044-3 0  9999
2 61109  89.0811 279.8393 0044518 171.4732 188.7225 14.20546695 93944
CZ-6A DEB
1 61109U 24140PB  26178.76776222  .00000276  00000-0  12044-3 0  9990
2 61109  89.0811 279.8393 0044518 171.4732 188.7225 14.20546695 93944
CZ-6A DEB
1 61109U 24140PB  26179.04952465  .00000275  00000-0  11999-3 0  9994
2 61109  89.0811 279.8099 0044552 170.5663 189.6375 14.20546814 93981
CZ-6A DEB
1 61109U 24140PB  26179.26084650  .00000276  00000-0  12059-3 0  9999
2 61109  89.0811 279.7879 0044578 169.8884 190.3214 14.20546930 94015
CZ-6A DEB
1 61109U 24140PB  26179.54260890  .00000274  00000-0  11977-3 0  9998
2 61109  89.0811 279.7585 0044613 168.9810 191.2369 14.20547046 94052
CZ-6A DEB
1 61109U 24140PB  26179.82437124  .00000279  00000-0  12215-3 0  9996
2 61109  89.0811 279.7291 0044651 168.0768 192.1491 14.20547226 94091
CZ-6A DEB
1 61109U 24140PB  26181.30362307  .00000299  00000-0  13111-3 0  9990
2 61109  89.0812 279.5749 0044847 163.3432 196.9244 14.20548088 94300
CZ-6A DEB
1 61109U 24140PB  26181.72626619  .00000301  00000-0  13210-3 0  9999
2 61109  89.0812 279.5308 0044901 161.9950 198.2843 14.20548339 94366
CZ-6A DEB
1 61109U 24140PB  26181.72626620  .00000301  00000-0  13210-3 0  9991
2 61109  89.0812 279.5308 0044901 161.9950 198.2843 14.20548339 94366
CZ-6A DEB
1 61109U 24140PB  26182.00802817  .00000314  00000-0  13806-3 0  9992
2 61109  89.0812 279.5014 0044939 161.1025 199.1846 14.20548572 94403
CZ-6A DEB
1 61109U 24140PB  26182.21934969  .00000327  00000-0  14396-3 0  9998
2 61109  89.0812 279.4794 0044963 160.4211 199.8719 14.20548780 94433
CZ-6A DEB
1 61109U 24140PB  26182.28979017  .00000325  00000-0  14331-3 0  9995
2 61109  89.0812 279.4720 0044972 160.1950 200.1000 14.20548818 94441
CZ-6A DEB
1 61109U 24140PB  26182.28979018  .00000325  00000-0  14331-3 0  9996
2 61109  89.0812 279.4720 0044972 160.1950 200.1000 14.20548818 94441
CZ-6A DEB
1 61109U 24140PB  26182.71243320  .00000306  00000-0  13420-3 0  9991
2 61109  89.0812 279.4279 0045025 158.8546 201.4519 14.20548923 94508
CZ-6A DEB
1 61109U 24140PB  26183.27595697  .00000328  00000-0  14457-3 0  9995
2 61109  89.0812 279.3691 0045090 157.0639 203.2579 14.20549367 94588
CZ-6A DEB
1 61109U 24140PB  26183.55771887  .00000336  00000-0  14820-3 0  9996
2 61109  89.0812 279.3398 0045122 156.1711 204.1582 14.20549528 94627
CZ-6A DEB
1 61109U 24140PB  26183.69859976  .00000339  00000-0  14934-3 0  9996
2 61109  89.0812 279.3251 0045140 155.7281 204.6050 14.20549630 94643
CZ-6A DEB
1 61109U 24140PB  26183.69859976  .00000339  00000-0  14934-3 0  9996
2 61109  89.0812 279.3251 0045140 155.7281 204.6050 14.20549630 94643
CZ-6A DEB
1 61109U 24140PB  26184.68476583  .00000325  00000-0  14319-3 0  9997
2 61109  89.0811 279.2222 0045256 152.6034 207.7557 14.20550080 94781
CZ-6A DEB
1 61109U 24140PB  26184.96652747  .00000330  00000-0  14551-3 0  9990
2 61109  89.0811 279.1928 0045285 151.7127 208.6537 14.20550254 94824
CZ-6A DEB
1 61109U 24140PB  26184.96652747  .00000330  00000-0  14551-3 0  9990
2 61109  89.0811 279.1928 0045285 151.7127 208.6537 14.20550254 94824
CZ-6A DEB
1 61109U 24140PB  26185.53005022  .00000407  00000-0  18089-3 0  9997
2 61109  89.0811 279.1341 0045344 149.9323 210.4485 14.20551090 94907
CZ-6A DEB
1 61109U 24140PB  26185.53005022  .00000407  00000-0  18089-3 0  9997
2 61109  89.0811 279.1341 0045344 149.9323 210.4485 14.20551090 94907
CZ-6A DEB
1 61109U 24140PB  26185.67093093  .00000409  00000-0  18185-3 0  9996
2 61109  89.0811 279.1194 0045363 149.4923 210.8921 14.20551196 94923
CZ-6A DEB
1 61109U 24140PB  26186.23445389  .00000371  00000-0  16441-3 0  9999
2 61109  89.0811 279.0606 0045427 147.7151 212.6835 14.20551303 95009
CZ-6A DEB
1 61109U 24140PB  26186.23445390  .00000371  00000-0  16441-3 0  9991
2 61109  89.0811 279.0606 0045427 147.7151 212.6835 14.20551304 95000
CZ-6A DEB
1 61109U 24140PB  26186.23445390  .00000371  00000-0  16441-3 0  9991
2 61109  89.0811 279.0606 0045427 147.7151 212.6835 14.20551304 95000
CZ-6A DEB
1 61109U 24140PB  26186.79797672  .00000314  00000-0  13799-3 0  9995
2 61109  89.0810 279.0018 0045494 145.9409 214.4716 14.20551292 95088
CZ-6A DEB
1 61109U 24140PB  26187.00929768  .00000312  00000-0  13701-3 0  9994
2 61109  89.0810 278.9798 0045518 145.2751 215.1426 14.20551398 95118
CZ-6A DEB
1 61109U 24140PB  26187.22061864  .00000296  00000-0  12946-3 0  9993
2 61109  89.0810 278.9577 0045541 144.6133 215.8095 14.20551447 95143
CZ-6A DEB
1 61109U 24140PB  26187.71370076  .00000254  00000-0  11011-3 0  9991
2 61109  89.0810 278.9063 0045599 143.0662 217.3683 14.20551517 95212
CZ-6A DEB
1 61109U 24140PB  26188.20678273  .00000239  00000-0  10342-3 0  9995
2 61109  89.0809 278.8549 0045652 141.5210 218.9251 14.20551734 95286
CZ-6A DEB
1 61109U 24140PB  26188.20678274  .00000239  00000-0  10342-3 0  9996
2 61109  89.0809 278.8549 0045652 141.5210 218.9251 14.20551734 95286
CZ-6A DEB
1 61109U 24140PB  26188.77030483  .00000222  00000-0  95455-4 0  9993
2 61109  89.0809 278.7961 0045710 139.7603 220.6986 14.20551975 95364
CZ-6A DEB
1 61109U 24140PB  26189.19294630  .00000201  00000-0  85932-4 0  9992
2 61109  89.0809 278.7520 0045752 138.4397 222.0286 14.20552099 95421
CZ-6A DEB
1 61109U 24140PB  26189.19294630  .00000201  00000-0  85932-4 0  9992
2 61109  89.0809 278.7520 0045752 138.4397 222.0286 14.20552099 95421
CZ-6A DEB
1 61109U 24140PB  26189.75646809  .00000189  00000-0  80373-4 0  9992
2 61109  89.0809 278.6932 0045800 136.6997 223.7807 14.20552337 95508
CZ-6A DEB
1 61109U 24140PB  26190.53131057  .00000161  00000-0  67577-4 0  9995
2 61109  89.0809 278.6123 0045869 134.2646 226.2323 14.20552492 95615
CZ-6A DEB
1 61109U 24140PB  26191.51747326  .00000142  00000-0  58749-4 0  9996
2 61109  89.0808 278.5094 0045947 131.1737 229.3431 14.20552750 95750
CZ-6A DEB
1 61109U 24140PB  26191.51747327  .00000142  00000-0  58749-4 0  9997
2 61109  89.0808 278.5094 0045947 131.1737 229.3431 14.20552750 95750
CZ-6A DEB
1 61109U 24140PB  26192.22187500  .00000140  00000-0  57603-4 0  9993
2 61109  89.0808 278.4359 0046000 128.9854 231.5447 14.20552949 95851
CZ-6A DEB
1 61109U 24140PB  26192.71495609  .00000138  00000-0  56706-4 0  9999
2 61109  89.0808 278.3845 0046041 127.4581 233.0811 14.20553060 95921
CZ-6A DEB
1 61109U 24140PB  26192.71495609  .00000138  00000-0  56706-4 0  9999
2 61109  89.0808 278.3845 0046041 127.4581 233.0811 14.20553060 95921
CZ-6A DEB
1 61109U 24140PB  26192.71495609  .00000138  00000-0  56706-4 0  9999
2 61109  89.0808 278.3845 0046041 127.4581 233.0811 14.20553060 95921
CZ-6A DEB
1 61109U 24140PB  26193.20803711  .00000140  00000-0  57667-4 0  9991
2 61109  89.0807 278.3330 0046079 125.9217 234.6263 14.20553186 95993
CZ-6A DEB
1 61109U 24140PB  26193.20803711  .00000140  00000-0  57667-4 0  9991
2 61109  89.0807 278.3330 0046079 125.9217 234.6263 14.20553186 95993
CZ-6A DEB
1 61109U 24140PB  26193.70111799  .00000138  00000-0  56913-4 0  9994
2 61109  89.0807 278.2816 0046117 124.3962 236.1602 14.20553298 96061
CZ-6A DEB
1 61109U 24140PB  26194.19419877  .00000144  00000-0  59388-4 0  9992
2 61109  89.0807 278.2302 0046153 122.8697 237.6949 14.20553446 96132
CZ-6A DEB
1 61109U 24140PB  26194.19419878  .00000144  00000-0  59388-4 0  9993
2 61109  89.0807 278.2302 0046153 122.8697 237.6949 14.20553446 96132
CZ-6A DEB
1 61109U 24140PB  26194.75771955  .00000139  00000-0  57370-4 0  9995
2 61109  89.0807 278.1714 0046190 121.1303 239.4431 14.20553561 96218
CZ-6A DEB
1 61109U 24140PB  26195.18036003  .00000141  00000-0  57976-4 0  9996
2 61109  89.0807 278.1273 0046216 119.8237 240.7560 14.20553675 96277
CZ-6A DEB
1 61109U 24140PB  26195.25080021  .00000136  00000-0  56074-4 0  9995
2 61109  89.0806 278.1200 0046228 119.5904 240.9905 14.20553651 96287
CZ-6A DEB
1 61109U 24140PB  26195.74388063  .00000134  00000-0  54788-4 0  9994
2 61109  89.0806 278.0685 0046254 118.0686 242.5192 14.20553762 96350
CZ-6A DEB
1 61109U 24140PB  26195.74388063  .00000134  00000-0  54788-4 0  9994
2 61109  89.0806 278.0685 0046254 118.0686 242.5193 14.20553762 96351
CZ-6A DEB
1 61109U 24140PB  26196.16652090  .00000133  00000-0  54496-4 0  9990
2 61109  89.0806 278.0244 0046275 116.7598 243.8338 14.20553863 96416
CZ-6A DEB
1 61109U 24140PB  26196.51872110  .00000134  00000-0  54995-4 0  9991
2 61109  89.0806 277.9875 0046299 115.6718 244.9265 14.20553942 96466
CZ-6A DEB
1 61109U 24140PB  26196.51872110  .00000134  00000-0  54995-4 0  9991
2 61109  89.0806 277.9875 0046299 115.6718 244.9265 14.20553942 96466
CZ-6A DEB
1 61109U 24140PB  26196.73004117  .00000134  00000-0  54915-4 0  9991
2 61109  89.0806 277.9655 0046305 115.0149 245.5861 14.20554006 96496
CZ-6A DEB
1 61109U 24140PB  26196.73004118  .00000134  00000-0  54915-4 0  9992
2 61109  89.0806 277.9655 0046305 115.0149 245.5861 14.20554006 96496
CZ-6A DEB
1 61109U 24140PB  26197.22312133  .00000128  00000-0  52352-4 0  9992
2 61109  89.0805 277.9140 0046328 113.4883 247.1187 14.20554084 96569
CZ-6A DEB
1 61109U 24140PB  26197.22312133  .00000128  00000-0  52352-4 0  9992
2 61109  89.0805 277.9140 0046328 113.4883 247.1187 14.20554084 96569
CZ-6A DEB
1 61109U 24140PB  26197.64576133  .00000131  00000-0  53608-4 0  9999
2 61109  89.0805 277.8699 0046347 112.1845 248.4273 14.20554186 96622
CZ-6A DEB
1 61109U 24140PB  26198.20928123  .00000131  00000-0  53531-4 0  9997
2 61109  89.0804 277.8110 0046374 110.4354 250.1825 14.20554323 96700
CZ-6A DEB
1 61109U 24140PB  26198.20928123  .00000131  00000-0  53531-4 0  9997
2 61109  89.0804 277.8111 0046374 110.4354 250.1825 14.20554323 96701
CZ-6A DEB
1 61109U 24140PB  26198.49104110  .00000129  00000-0  52785-4 0  9997
2 61109  89.0804 277.7816 0046385 109.5699 251.0509 14.20554370 96740
CZ-6A DEB
1 61109U 24140PB  26198.49104110  .00000129  00000-0  52785-4 0  9997
2 61109  89.0804 277.7816 0046385 109.5699 251.0509 14.20554370 96740
CZ-6A DEB
1 61109U 24140PB  26199.19544068  .00000131  00000-0  53566-4 0  9996
2 61109  89.0803 277.7082 0046407 107.3977 253.2296 14.20554553 96845
CZ-6A DEB
1 61109U 24140PB  26199.26588064  .00000129  00000-0  52806-4 0  9991
2 61109  89.0803 277.7009 0046413 107.1844 253.4435 14.20554555 96852
CZ-6A DEB
1 61109U 24140PB  26200.18159973  .00000126  00000-0  51394-4 0  9996
2 61109  89.0802 277.6053 0046441 104.3579 256.2773 14.20554761 96983
CZ-6A DEB
1 61109U 24140PB  26200.46335933  .00000125  00000-0  50764-4 0  9998
2 61109  89.0802 277.5759 0046449 103.4930 257.1442 14.20554822 97021
CZ-6A DEB
1 61109U 24140PB  26200.67467902  .00000120  00000-0  48646-4 0  9994
2 61109  89.0802 277.5539 0046455 102.8474 257.7913 14.20554863 97057
CZ-6A DEB
1 61109U 24140PB  26201.16775824  .00000127  00000-0  51664-4 0  9995
2 61109  89.0801 277.5024 0046467 101.3262 259.3155 14.20555027 97124
CZ-6A DEB
1 61109U 24140PB  26201.23819810  .00000126  00000-0  51105-4 0  9996
2 61109  89.0801 277.4951 0046468 101.1103 259.5318 14.20555045 97139
CZ-6A DEB
1 61109U 24140PB  26202.50611518  .00000150  00000-0  62343-4 0  9995
2 61109  89.0800 277.3627 0046457  97.2107 263.4368 14.20555566 97311
CZ-6A DEB
1 61109U 24140PB  26202.64699481  .00000152  00000-0  63370-4 0  9998
2 61109  89.0800 277.3480 0046460  96.7762 263.8718 14.20555633 97333
CZ-6A DEB
1 61109U 24140PB  26203.49227237  .00000156  00000-0  65004-4 0  9998
2 61109  89.0800 277.2598 0046458  94.1763 266.4739 14.20555890 97452
CZ-6A DEB
1 61109U 24140PB  26203.91491097  .00000177  00000-0  74808-4 0  9997
2 61109  89.0799 277.2157 0046480  92.8693 267.7819 14.20556146 97517
CZ-6A DEB
1 61109U 24140PB  26204.19667004  .00000182  00000-0  76895-4 0  9995
2 61109  89.0799 277.1863 0046478  91.9960 268.6554 14.20556260 97551
CZ-6A DEB
1 61109U 24140PB  26204.47842904  .00000184  00000-0  78058-4 0  9995
2 61109  89.0799 277.1569 0046479  91.1232 269.5284 14.20556341 97593
CZ-6A DEB
1 61109U 24140PB  26204.47842904  .00000184  00000-0  78058-4 0  9995
2 61109  89.0799 277.1569 0046479  91.1232 269.5284 14.20556341 97593
CZ-6A DEB
1 61109U 24140PB  26205.18282615  .00000219  00000-0  94222-4 0  9991
2 61109  89.0798 277.0833 0046472  88.9455 271.7059 14.20556815 97691
CZ-6A DEB
1 61109U 24140PB  26205.46458495  .00000222  00000-0  95269-4 0  9999
2 61109  89.0798 277.0539 0046472  88.0752 272.5760 14.20556916 97730
CZ-6A DEB
1 61109U 24140PB  26206.45074043  .00000235  00000-0  10157-3 0  9998
2 61109  89.0797 276.9509 0046462  85.0346 275.6146 14.20557347 97875
CZ-6A DEB
1 61109U 24140PB  26207.15513674  .00000263  00000-0  11419-3 0  9997
2 61109  89.0796 276.8773 0046452  82.8599 277.7870 14.20557811 97974
CZ-6A DEB
1 61109U 24140PB  26207.22557637  .00000261  00000-0  11339-3 0  9991
2 61109  89.0796 276.8700 0046451  82.6453 278.0013 14.20557830 97985
CZ-6A DEB
1 61109U 24140PB  26208.14129103  .00000251  00000-0  10890-3 0  9996
2 61109  89.0796 276.7744 0046426  79.8193 280.8229 14.20558206 98117
CZ-6A DEB
1 61109U 24140PB  26208.21173057  .00000257  00000-0  11143-3 0  9999
2 61109  89.0796 276.7670 0046421  79.6025 281.0392 14.20558277 98125
CZ-6A DEB
1 61109U 24140PB  26208.21173057  .00000257  00000-0  11143-3 0  9999
2 61109  89.0796 276.7670 0046421  79.6025 281.0393 14.20558277 98126
CZ-6A DEB
1 61109U 24140PB  26209.19788410  .00000251  00000-0  10902-3 0  9998
2 61109  89.0795 276.6640 0046376  76.5571 284.0782 14.20558730 98266
CZ-6A DEB
1 61109U 24140PB  26209.62052117  .00000254  00000-0  11036-3 0  9996
2 61109  89.0795 276.6199 0046351  75.2522 285.3798 14.20558926 98325
CZ-6A DEB
1 61109U 24140PB  26210.18403705  .00000255  00000-0  11062-3 0  9992
2 61109  89.0794 276.5610 0046325  73.5033 287.1240 14.20559206 98403
CZ-6A DEB
1 61109U 24140PB  26210.60667389  .00000269  00000-0  11727-3 0  9992
2 61109  89.0794 276.5169 0046302  72.1951 288.4283 14.20559453 98462
CZ-6A DEB
1 61109U 24140PB  26211.17018943  .00000250  00000-0  10847-3 0  9993
2 61109  89.0793 276.4580 0046276  70.4458 290.1721 14.20559623 98545
CZ-6A DEB
1 61109U 24140PB  26212.57897739  .00000258  00000-0  11215-3 0  9994
2 61109  89.0790 276.3106 0046186  66.0877 294.5142 14.20560330 98745
CZ-6A DEB
1 61109U 24140PB  26212.64941675  .00000257  00000-0  11163-3 0  9992
2 61109  89.0790 276.3033 0046180  65.8682 294.7327 14.20560365 98755
CZ-6A DEB
1 61109U 24140PB  26212.93117414  .00000238  00000-0  10302-3 0  9993
2 61109  89.0789 276.2738 0046166  64.9971 295.6004 14.20560405 98790
CZ-6A DEB
1 61109U 24140PB  26213.14249217  .00000235  00000-0  10151-3 0  9993
2 61109  89.0788 276.2517 0046150  64.3417 296.2529 14.20560511 98827
CZ-6A DEB
1 61109U 24140PB  26213.63556752  .00000259  00000-0  11275-3 0  9996
2 61109  89.0787 276.2001 0046115  62.8109 297.7771 14.20560875 98891
CZ-6A DEB
1 61109U 24140PB  26213.63556752  .00000259  00000-0  11275-3 0  9996
2 61109  89.0787 276.2001 0046115  62.8109 297.7771 14.20560875 98891
CZ-6A DEB
1 61109U 24140PB  26214.12864265  .00000229  00000-0  98990-4 0  9999
2 61109  89.0786 276.1486 0046080  61.2778 299.3031 14.20560975 98968
CZ-6A DEB
1 61109U 24140PB  26214.19908196  .00000215  00000-0  92391-4 0  9992
2 61109  89.0786 276.1412 0046070  61.0601 299.5197 14.20560937 98973
CZ-6A DEB
1 61109U 24140PB  26214.62171768  .00000225  00000-0  97154-4 0  9990
2 61109  89.0786 276.0971 0046030  59.7488 300.8247 14.20561194 99031
CZ-6A DEB
1 61109U 24140PB  26214.62171768  .00000225  00000-0  97154-4 0  9990
2 61109  89.0786 276.0971 0046030  59.7488 300.8247 14.20561194 99031
CZ-6A DEB
1 61109U 24140PB  26215.46698878  .00000204  00000-0  87160-4 0  9992
2 61109  89.0784 276.0087 0045959  57.1137 303.4463 14.20561492 99152
CZ-6A DEB
1 61109U 24140PB  26215.60786724  .00000217  00000-0  93291-4 0  9992
2 61109  89.0784 275.9940 0045945  56.6748 303.8829 14.20561642 99174
CZ-6A DEB
1 61109U 24140PB  26216.59401624  .00000201  00000-0  85788-4 0  9999
2 61109  89.0783 275.8909 0045856  53.5861 306.9545 14.20562028 99314
CZ-6A DEB
1 61109U 24140PB  26217.58016490  .00000181  00000-0  76772-4 0  9992
2 61109  89.0782 275.7878 0045775  50.4987 310.0237 14.20562324 99450
CZ-6A DEB
1 61109U 24140PB  26218.21411738  .00000167  00000-0  70256-4 0  9992
2 61109  89.0781 275.7215 0045719  48.5169 311.9932 14.20562495 99543
CZ-6A DEB
1 61109U 24140PB  26218.56631314  .00000168  00000-0  70754-4 0  9998
2 61109  89.0780 275.6846 0045687  47.4196 313.0834 14.20562619 99590
CZ-6A DEB
1 61109U 24140PB  26218.63675227  .00000166  00000-0  70020-4 0  9991
2 61109  89.0780 275.6773 0045680  47.1970 313.3047 14.20562642 99606
CZ-6A DEB
1 61109U 24140PB  26219.20026538  .00000154  00000-0  64434-4 0  9999
2 61109  89.0779 275.6183 0045631  45.4362 315.0539 14.20562768 99683
CZ-6A DEB
1 61109U 24140PB  26219.90465655  .00000152  00000-0  63175-4 0  9992
2 61109  89.0778 275.5446 0045557  43.2326 317.2425 14.20562970 99780
CZ-6A DEB
1 61109U 24140PB  26220.18641299  .00000148  00000-0  61428-4 0  9998
2 61109  89.0778 275.5152 0045529  42.3467 318.1223 14.20563045 99824
CZ-6A DEB
1 61109U 24140PB  26220.18641299  .00000148  00000-0  61428-4 0  9998
2 61109  89.0778 275.5152 0045529  42.3467 318.1223 14.20563045 99824
CZ-6A DEB
1 61109U 24140PB  26220.46816935  .00000148  00000-0  61689-4 0  9999
2 61109  89.0778 275.4857 0045495  41.4629 318.9998 14.20563121 99863
CZ-6A DEB
1 61109U 24140PB  26220.60904751  .00000149  00000-0  62173-4 0  9999
2 61109  89.0778 275.4709 0045478  41.0215 319.4381 14.20563185 99881
CZ-6A DEB
1 61109U 24140PB  26220.60904752  .00000149  00000-0  62173-4 0  9990
2 61109  89.0778 275.4709 0045478  41.0215 319.4381 14.20563185 99881
CZ-6A DEB
1 61109U 24140PB  26221.17256008  .00000156  00000-0  65304-4 0  9994
2 61109  89.0776 275.4120 0045416  39.2464 321.2004 14.20563409 99964
CZ-6A DEB
1 61109U 24140PB  26221.17256009  .00000156  00000-0  65304-4 0  9995
2 61109  89.0776 275.4120 0045416  39.2464 321.2004 14.20563409 99964
CZ-6A DEB
1 61109U 24140PB  26221.59519451  .00000151  00000-0  62922-4 0  9992
2 61109  89.0776 275.3677 0045364  37.9104 322.5266 14.20563480100021
CZ-6A DEB
1 61109U 24140PB  26222.15870691  .00000150  00000-0  62462-4 0  9999
2 61109  89.0776 275.3088 0045305  36.1314 324.2922 14.20563647100108
CZ-6A DEB
1 61109U 24140PB  26222.44046307  .00000156  00000-0  65300-4 0  9990
2 61109  89.0776 275.2793 0045275  35.2396 325.1773 14.20563738100145
CZ-6A DEB
1 61109U 24140PB  26222.86309728  .00000155  00000-0  64579-4 0  9991
2 61109  89.0775 275.2351 0045228  33.9021 326.5046 14.20563832100202
CZ-6A DEB
1 61109U 24140PB  26222.86309729  .00000155  00000-0  64579-4 0  9992
2 61109  89.0775 275.2351 0045228  33.9021 326.5046 14.20563832100202
CZ-6A DEB
1 61109U 24140PB  26223.14485340  .00000155  00000-0  64745-4 0  9993
2 61109  89.0775 275.2056 0045195  33.0013 327.3983 14.20563912100241
CZ-6A DEB
1 61109U 24140PB  26223.14485341  .00000155  00000-0  64745-4 0  9994
2 61109  89.0775 275.2056 0045195  33.0013 327.3983 14.20563912100241
CZ-6A DEB
1 61109U 24140PB  26223.42660948  .00000157  00000-0  65640-4 0  9990
2 61109  89.0775 275.1761 0045164  32.1086 328.2841 14.20563973100283
CZ-6A DEB
1 61109U 24140PB  26223.56748752  .00000158  00000-0  66122-4 0  9992
2 61109  89.0774 275.1613 0045144  31.6631 328.7260 14.20564018100300
CZ-6A DEB
1 61109U 24140PB  26223.91968256  .00000161  00000-0  67410-4 0  9999
2 61109  89.0774 275.1244 0045105  30.5435 329.8368 14.20564117100353
CZ-6A DEB
1 61109U 24140PB  26224.13099954  .00000161  00000-0  67476-4 0  9996
2 61109  89.0773 275.1023 0045078  29.8713 330.5035 14.20564193100383
CZ-6A DEB
1 61109U 24140PB  26224.41275557  .00000153  00000-0  63993-4 0  9993
2 61109  89.0773 275.0728 0045046  28.9781 331.3896 14.20564201100423
CZ-6A DEB
1 61109U 24140PB  26224.41275557  .00000153  00000-0  63993-4 0  9993
2 61109  89.0773 275.0728 0045046  28.9781 331.3896 14.20564201100423
CZ-6A DEB
1 61109U 24140PB  26225.18758441  .00000158  00000-0  66137-4 0  9994
2 61109  89.0772 274.9917 0044955  26.5217 333.8259 14.20564447100530
CZ-6A DEB
1 61109U 24140PB  26225.39890131  .00000157  00000-0  65920-4 0  9998
2 61109  89.0772 274.9695 0044929  25.8500 334.4921 14.20564494100569
CZ-6A DEB
1 61109U 24140PB  26225.39890131  .00000157  00000-0  65920-4 0  9998
2 61109  89.0772 274.9695 0044929  25.8500 334.4921 14.20564494100569
CZ-6A DEB
1 61109U 24140PB  26226.17372986  .00000158  00000-0  66331-4 0  9996
2 61109  89.0770 274.8884 0044830  23.3845 336.9371 14.20564741100675
CZ-6A DEB
1 61109U 24140PB  26226.17372987  .00000158  00000-0  66331-4 0  9997
2 61109  89.0770 274.8884 0044830  23.3845 336.9371 14.20564741100675
CZ-6A DEB
1 61109U 24140PB  26226.38504669  .00000157  00000-0  65896-4 0  9998
2 61109  89.0770 274.8663 0044800  22.7088 337.6070 14.20564790100701
CZ-6A DEB
1 61109U 24140PB  26226.38504670  .00000157  00000-0  65896-4 0  9990
2 61109  89.0770 274.8663 0044800  22.7088 337.6070 14.20564790100701
CZ-6A DEB
1 61109U 24140PB  26226.87811929  .00000158  00000-0  66348-4 0  9996
2 61109  89.0769 274.8146 0044730  21.1355 339.1671 14.20564933100777
CZ-6A DEB
1 61109U 24140PB  26227.15987502  .00000153  00000-0  63770-4 0  9990
2 61109  89.0769 274.7851 0044695  20.2327 340.0621 14.20565001100816
CZ-6A DEB
1 61109U 24140PB  26227.15987503  .00000153  00000-0  63770-4 0  9991
2 61109  89.0769 274.7851 0044695  20.2327 340.0622 14.20565002100818
CZ-6A DEB
1 61109U 24140PB  26227.37119179  .00000151  00000-0  63212-4 0  9990
2 61109  89.0769 274.7630 0044667  19.5555 340.7336 14.20565049100849
CZ-6A DEB
1 61109U 24140PB  26227.37119180  .00000151  00000-0  63212-4 0  9992
2 61109  89.0769 274.7630 0044667  19.5555 340.7336 14.20565049100849
CZ-6A DEB
1 61109U 24140PB  26228.07558091  .00000156  00000-0  65532-4 0  9990
2 61109  89.0767 274.6892 0044572  17.2926 342.9771 14.20565310100947
CZ-6A DEB
1 61109U 24140PB  26228.14601988  .00000157  00000-0  65867-4 0  9994
2 61109  89.0767 274.6818 0044561  17.0674 343.2003 14.20565321100956
CZ-6A DEB
1 61109U 24140PB  26228.42777551  .00000156  00000-0  65505-4 0  9993
2 61109  89.0767 274.6524 0044529  16.1609 344.0989 14.20565384100997
CZ-6A DEB
1 61109U 24140PB  26228.85040892  .00000161  00000-0  67605-4 0  9990
2 61109  89.0766 274.6081 0044470  14.8003 345.4478 14.20565525101055
CZ-6A DEB
1 61109U 24140PB  26229.13216447  .00000154  00000-0  64551-4 0  9992
2 61109  89.0765 274.5786 0044435  13.8884 346.3517 14.20565591101093
CZ-6A DEB
1 61109U 24140PB  26230.11830880  .00000169  00000-0  71341-4 0  9996
2 61109  89.0764 274.4753 0044309  10.7032 349.5090 14.20565954101236
CZ-6A DEB
1 61109U 24140PB  26230.40006431  .00000191  00000-0  81337-4 0  9996
2 61109  89.0764 274.4457 0044276   9.7983 350.4060 14.20566131101273
CZ-6A DEB
1 61109U 24140PB  26231.10445294  .00000187  00000-0  79685-4 0  9996
2 61109  89.0763 274.3719 0044186   7.5235 352.6609 14.20566330101373
CZ-6A DEB
1 61109U 24140PB  26231.10445295  .00000187  00000-0  79685-4 0  9997
2 61109  89.0763 274.3719 0044186   7.5235 352.6609 14.20566330101373
CZ-6A DEB
1 61109U 24140PB  26231.38620832  .00000203  00000-0  87177-4 0  9993
2 61109  89.0762 274.3424 0044152   6.6201 353.5563 14.20566502101416
CZ-6A DEB
1 61109U 24140PB  26232.09059678  .00000194  00000-0  82818-4 0  9992
2 61109  89.0761 274.2686 0044055   4.3391 355.8173 14.20566677101517
CZ-6A DEB
1 61109U 24140PB  26232.37235214  .00000195  00000-0  83228-4 0  9992
2 61109  89.0761 274.2390 0044017   3.4271 356.7212 14.20566753101557
CZ-6A DEB
1 61109U 24140PB  26233.07674039  .00000198  00000-0  84746-4 0  9991
2 61109  89.0761 274.1652 0043918   1.1378 358.9904 14.20567010101659
CZ-6A DEB
1 61109U 24140PB  26233.35849568  .00000199  00000-0  85307-4 0  9998
2 61109  89.0761 274.1357 0043881   0.2261 359.8941 14.20567090101694
CZ-6A DEB
1 61109U 24140PB  26233.35849569  .00000199  00000-0  85307-4 0  9999
2 61109  89.0761 274.1357 0043881   0.2261 359.8941 14.20567090101694
CZ-6A DEB
1 61109U 24140PB  26234.06288385  .00000195  00000-0  83517-4 0  9998
2 61109  89.0760 274.0618 0043781 357.9203   2.1798 14.20567290101790
CZ-6A DEB
1 61109U 24140PB  26234.13332272  .00000189  00000-0  80565-4 0  9994
2 61109  89.0760 274.0545 0043769 357.6887   2.4094 14.20567258101808
CZ-6A DEB
1 61109U 24140PB  26234.13332273  .00000189  00000-0  80565-4 0  9995
2 61109  89.0760 274.0545 0043769 357.6887   2.4094 14.20567258101808
CZ-6A DEB
1 61109U 24140PB  26234.83771079  .00000192  00000-0  82002-4 0  9995
2 61109  89.0760 273.9807 0043670 355.3678   4.7102 14.20567464101906
CZ-6A DEB
1 61109U 24140PB  26235.11946595  .00000192  00000-0  82159-4 0  9997
2 61109  89.0759 273.9511 0043638 354.4342   5.6357 14.20567581101944
CZ-6A DEB
1 61109U 24140PB  26236.52824169  .00000198  00000-0  84854-4 0  9995
2 61109  89.0758 273.8033 0043458 349.8090  10.2215 14.20568044102142
CZ-6A DEB
1 61109U 24140PB  26236.52824169  .00000198  00000-0  84854-4 0  9995
2 61109  89.0758 273.8033 0043458 349.8090  10.2215 14.20568044102142
CZ-6A DEB
1 61109U 24140PB  26237.09175185  .00000199  00000-0  85342-4 0  9999
2 61109  89.0757 273.7442 0043392 347.9560  12.0589 14.20568256102220
CZ-6A DEB
1 61109U 24140PB  26237.37350692  .00000207  00000-0  88862-4 0  9998
2 61109  89.0757 273.7147 0043357 347.0270  12.9801 14.20568371102260
CZ-6A DEB
1 61109U 24140PB  26237.37350693  .00000207  00000-0  88862-4 0  9999
2 61109  89.0757 273.7147 0043357 347.0271  12.9801 14.20568371102261
CZ-6A DEB
1 61109U 24140PB  26237.86657828  .00000208  00000-0  89328-4 0  9992
2 61109  89.0756 273.6630 0043296 345.4109  14.5828 14.20568550102334
CZ-6A DEB
1 61109U 24140PB  26238.07789454  .00000207  00000-0  89181-4 0  9993
2 61109  89.0755 273.6408 0043271 344.7129  15.2750 14.20568646102364
CZ-6A DEB
1 61109U 24140PB  26238.07789454  .00000207  00000-0  89181-4 0  9993
2 61109  89.0755 273.6408 0043271 344.7129  15.2750 14.20568646102364
CZ-6A DEB
1 61109U 24140PB  26238.35964961  .00000217  00000-0  93752-4 0  9992
2 61109  89.0755 273.6112 0043234 343.7869  16.1935 14.20568769102401
CZ-6A DEB
1 61109U 24140PB  26238.35964961  .00000217  00000-0  93752-4 0  9992
2 61109  89.0755 273.6112 0043234 343.7869  16.1935 14.20568769102401
CZ-6A DEB
1 61109U 24140PB  26238.85272087  .00000210  00000-0  90641-4 0  9995
2 61109  89.0754 273.5595 0043168 342.1583  17.8089 14.20568911102470
CZ-6A DEB
1 61109U 24140PB  26238.85272087  .00000210  00000-0  90641-4 0  9995
2 61109  89.0754 273.5595 0043168 342.1583  17.8089 14.20568911102470
CZ-6A DEB
1 61109U 24140PB  26239.06403708  .00000210  00000-0  90489-4 0  9995
2 61109  89.0754 273.5373 0043142 341.4582  18.5033 14.20569007102505
CZ-6A DEB
1 61109U 24140PB  26239.06403709  .00000210  00000-0  90489-4 0  9996
2 61109  89.0754 273.5373 0043142 341.4582  18.5033 14.20569007102505
CZ-6A DEB
1 61109U 24140PB  26239.55710826  .00000231  00000-0  10008-3 0  9992
2 61109  89.0753 273.4856 0043079 339.8248  20.1237 14.20569310102577
CZ-6A DEB
1 61109U 24140PB  26239.55710827  .00000231  00000-0  10008-3 0  9993
2 61109  89.0753 273.4856 0043079 339.8248  20.1237 14.20569310102577
CZ-6A DEB
1 61109U 24140PB  26240.05017939  .00000222  00000-0  96136-4 0  9991
2 61109  89.0752 273.4338 0043024 338.1955  21.7402 14.20569472102646
CZ-6A DEB
1 61109U 24140PB  26240.12061820  .00000200  00000-0  85948-4 0  9992
2 61109  89.0752 273.4265 0043015 337.9620  21.9719 14.20569361102652
CZ-6A DEB
1 61109U 24140PB  26240.54325059  .00000209  00000-0  89962-4 0  9994
2 61109  89.0752 273.3821 0042961 336.5521  23.3710 14.20569556102713
CZ-6A DEB
1 61109U 24140PB  26240.54325060  .00000209  00000-0  89962-4 0  9996
2 61109  89.0752 273.3821 0042961 336.5521  23.3710 14.20569556102713
CZ-6A DEB
1 61109U 24140PB  26241.03632164  .00000202  00000-0  86938-4 0  9990
2 61109  89.0751 273.3303 0042903 334.9106  24.9998 14.20569723102782
CZ-6A DEB
1 61109U 24140PB  26241.03632165  .00000202  00000-0  86938-4 0  9991
2 61109  89.0751 273.3303 0042903 334.9106  24.9998 14.20569723102782
CZ-6A DEB
1 61109U 24140PB  26241.38851523  .00000202  00000-0  86781-4 0  9996
2 61109  89.0750 273.2934 0042865 333.7421  26.1595 14.20569855102833
CZ-6A DEB
1 61109U 24140PB  26241.52939274  .00000206  00000-0  88536-4 0  9996
2 61109  89.0750 273.2786 0042846 333.2698  26.6283 14.20569919102850
CZ-6A DEB
1 61109U 24140PB  26241.52939275  .00000206  00000-0  88536-4 0  9997
2 61109  89.0750 273.2786 0042846 333.2698  26.6283 14.20569919102850
CZ-6A DEB
1 61109U 24140PB  26242.09290251  .00000188  00000-0  80255-4 0  9993
2 61109  89.0749 273.2194 0042783 331.3933  28.4910 14.20570038102932
CZ-6A DEB
1 61109U 24140PB  26242.09290252  .00000188  00000-0  80255-4 0  9994
2 61109  89.0749 273.2194 0042783 331.3933  28.4910 14.20570038102932
CZ-6A DEB
1 61109U 24140PB  26242.37465733  .00000188  00000-0  80396-4 0  9999
2 61109  89.0749 273.1898 0042746 330.4428  29.4346 14.20570139102970
CZ-6A DEB
1 61109U 24140PB  26242.58597350  .00000188  00000-0  80268-4 0  9991
2 61109  89.0749 273.1676 0042726 329.7431  30.1292 14.20570229103001
CZ-6A DEB
1 61109U 24140PB  26242.79728963  .00000188  00000-0  80257-4 0  9998
2 61109  89.0749 273.1455 0042702 329.0409  30.8264 14.20570296103031
CZ-6A DEB
1 61109U 24140PB  26242.79728964  .00000188  00000-0  80257-4 0  9999
2 61109  89.0749 273.1455 0042702 329.0409  30.8264 14.20570296103031
CZ-6A DEB
1 61109U 24140PB  26243.07904447  .00000175  00000-0  74490-4 0  9991
2 61109  89.0748 273.1159 0042676 328.1001  31.7606 14.20570359103073
CZ-6A DEB
1 61109U 24140PB  26243.07904447  .00000175  00000-0  74490-4 0  9991
2 61109  89.0748 273.1159 0042676 328.1001  31.7606 14.20570359103073
CZ-6A DEB
1 61109U 24140PB  26243.50167670  .00000177  00000-0  75473-4 0  9992
2 61109  89.0748 273.0716 0042631 326.6770  33.1737 14.20570528103134
CZ-6A DEB
1 61109U 24140PB  26243.57211541  .00000176  00000-0  74849-4 0  9991
2 61109  89.0748 273.0642 0042626 326.4395  33.4096 14.20570552103146
CZ-6A DEB
1 61109U 24140PB  26243.78343155  .00000174  00000-0  74009-4 0  9997
2 61109  89.0748 273.0420 0042605 325.7367  34.1076 14.20570606103177
CZ-6A DEB
1 61109U 24140PB  26243.78343156  .00000174  00000-0  74009-4 0  9998
2 61109  89.0748 273.0420 0042605 325.7367  34.1076 14.20570606103177
CZ-6A DEB
1 61109U 24140PB  26244.06518639  .00000163  00000-0  68746-4 0  9999
2 61109  89.0747 273.0124 0042576 324.7916  35.0463 14.20570666103214
CZ-6A DEB
1 61109U 24140PB  26244.06518639  .00000163  00000-0  68746-4 0  9999
2 61109  89.0747 273.0124 0042576 324.7916  35.0463 14.20570666103214
