TBA - TO BE ASSIGNED
1 61159U 24140RD  24261.01067442  .00004909  00000-0  15073-2 0  9992
2 61159  88.9851 346.1920 0056913 292.6615  66.8574 14.40583665  3789
TBA - TO BE ASSIGNED
1 61159U 24140RD  24261.49689721  .00012456  00000-0  38253-2 0  9995
2 61159  88.9851 346.1341 0056894 290.9691  68.5428 14.40608397  3854
CZ-6A DEB
1 61159U 24140RD  24261.49689721  .00012456  00000-0  38253-2 0  9995
2 61159  88.9851 346.1341 0056894 290.9691  68.5428 14.40608397  3854
CZ-6A DEB
1 61159U 24140RD  24262.26096764  .00005486  00000-0  16844-2 0  9997
2 61159  88.9851 346.0433 0056897 288.2689  71.2326 14.40598013  3968
CZ-6A DEB
1 61159U 24140RD  24262.26096764  .00005486  00000-0  16844-2 0  9997
2 61159  88.9851 346.0433 0056897 288.2689  71.2326 14.40598013  3968
CZ-6A DEB
1 61159U 24140RD  24263.30287269  .00003910  00000-0  11993-2 0  9995
2 61159  88.9848 345.9192 0056868 284.6366  74.8535 14.40604229  4110
CZ-6A DEB
1 61159U 24140RD  24263.30287269  .00003910  00000-0  11993-2 0  9995
2 61159  88.9848 345.9192 0056868 284.6366  74.8535 14.40604229  4110
CZ-6A DEB
1 61159U 24140RD  24263.65017347  .00004051  00000-0  12426-2 0  9990
2 61159  88.9847 345.8778 0056821 283.4194  76.0678 14.40607298  4169
CZ-6A DEB
1 61159U 24140RD  24264.20585281  .00003824  00000-0  11728-2 0  9990
2 61159  88.9844 345.8116 0056833 281.4641  78.0181 14.40611345  4248
CZ-6A DEB
1 61159U 24140RD  24264.62261190  .00003699  00000-0  11341-2 0  9997
2 61159  88.9843 345.7620 0056833 280.0000  79.4791 14.40613833  4303
CZ-6A DEB
1 61159U 24140RD  24265.17828959  .00003696  00000-0  11331-2 0  9996
2 61159  88.9840 345.6957 0056821 278.0477  81.4280 14.40617441  4387
CZ-6A DEB
1 61159U 24140RD  24265.24774926  .00003709  00000-0  11371-2 0  9997
2 61159  88.9840 345.6873 0056813 277.8111  81.6643 14.40617905  4398
CZ-6A DEB
1 61159U 24140RD  24266.22018280  .00003128  00000-0  95825-3 0  9992
2 61159  88.9835 345.5708 0056808 274.4259  85.0453 14.40622323  4531
CZ-6A DEB
1 61159U 24140RD  24266.49802034  .00003013  00000-0  92309-3 0  9996
2 61159  88.9835 345.5376 0056813 273.4463  86.0241 14.40623526  4570
CZ-6A DEB
1 61159U 24140RD  24266.77585753  .00003060  00000-0  93722-3 0  9995
2 61159  88.9837 345.5046 0056858 272.4727  86.9966 14.40625261  4613
CZ-6A DEB
1 61159U 24140RD  24267.47044928  .00004271  00000-0  13096-2 0  9997
2 61159  88.9837 345.4218 0056874 270.0686  89.3999 14.40633097  4719
CZ-6A DEB
1 61159U 24140RD  24267.47044928  .00004271  00000-0  13096-2 0  9997
2 61159  88.9837 345.4218 0056874 270.0686  89.3999 14.40633097  4719
CZ-6A DEB
1 61159U 24140RD  24267.60936738  .00004204  00000-0  12890-2 0  9998
2 61159  88.9837 345.4052 0056880 269.5770  89.8914 14.40633724  4730
CZ-6A DEB
1 61159U 24140RD  24268.23449841  .00003561  00000-0  10911-2 0  9999
2 61159  88.9837 345.3305 0056901 267.3937  92.0750 14.40635331  4825
CZ-6A DEB
1 61159U 24140RD  24269.20691898  .00004458  00000-0  13666-2 0  9994
2 61159  88.9836 345.2144 0056934 264.0003  95.4708 14.40645042  4963
CZ-6A DEB
1 61159U 24140RD  24270.24879207  .00005391  00000-0  16530-2 0  9992
2 61159  88.9837 345.0900 0056962 260.3474  99.1289 14.40655786  5113
CZ-6A DEB
1 61159U 24140RD  24270.94336982  .00005201  00000-0  15947-2 0  9998
2 61159  88.9837 345.0070 0056900 257.9079 101.5744 14.40662387  5216
CZ-6A DEB
1 61159U 24140RD  24271.22120000  .00004725  00000-0  14482-2 0  9995
2 61159  88.9838 344.9739 0056926 256.9511 102.5332 14.40664260  5255
CZ-6A DEB
1 61159U 24140RD  24271.63794431  .00004742  00000-0  14534-2 0  9992
2 61159  88.9839 344.9241 0056922 255.4926 103.9957 14.40668625  5318
CZ-6A DEB
1 61159U 24140RD  24271.63794431  .00004742  00000-0  14534-2 0  9992
2 61159  88.9839 344.9241 0056922 255.4926 103.9957 14.40668625  5318
CZ-6A DEB
1 61159U 24140RD  24272.12414457  .00004488  00000-0  13752-2 0  9992
2 61159  88.9837 344.8659 0056937 253.7930 105.7002 14.40672987  5384
CZ-6A DEB
1 61159U 24140RD  24273.16599697  .00004963  00000-0  15207-2 0  9992
2 61159  88.9838 344.7417 0056996 250.1869 109.3182 14.40684547  5534
CZ-6A DEB
1 61159U 24140RD  24273.23545340  .00004985  00000-0  15275-2 0  9995
2 61159  88.9838 344.7333 0056993 249.9240 109.5822 14.40685449  5543
CZ-6A DEB
1 61159U 24140RD  24273.93001655  .00005916  00000-0  18126-2 0  9991
2 61159  88.9840 344.6508 0057138 247.5831 111.9311 14.40694750  5647
CZ-6A DEB
1 61159U 24140RD  24274.27729684  .00006420  00000-0  19671-2 0  9995
2 61159  88.9841 344.6098 0057090 246.3810 113.1391 14.40699921  5695
CZ-6A DEB
1 61159U 24140RD  24274.27729684  .00006420  00000-0  19671-2 0  9995
2 61159  88.9841 344.6098 0057090 246.3810 113.1391 14.40699921  5695
CZ-6A DEB
1 61159U 24140RD  24275.45804099  .00006520  00000-0  19971-2 0  9994
2 61159  88.9842 344.4692 0057185 242.2547 117.2848 14.40715256  5862
CZ-6A DEB
1 61159U 24140RD  24275.45804099  .00006520  00000-0  19971-2 0  9994
2 61159  88.9842 344.4692 0057185 242.2547 117.2848 14.40715256  5862
CZ-6A DEB
1 61159U 24140RD  24275.59695144  .00006137  00000-0  18796-2 0  9996
2 61159  88.9842 344.4528 0057223 241.7714 117.7703 14.40716271  5888
CZ-6A DEB
1 61159U 24140RD  24276.15259149  .00008997  00000-0  27558-2 0  9992
2 61159  88.9840 344.3866 0057260 239.8643 119.6877 14.40728379  5964
CZ-6A DEB
1 61159U 24140RD  24276.56931895  .00009718  00000-0  29761-2 0  9992
2 61159  88.9837 344.3368 0057279 238.4143 121.1460 14.40735480  6022
CZ-6A DEB
1 61159U 24140RD  24277.47222261  .00008387  00000-0  25675-2 0  9994
2 61159  88.9829 344.2292 0057361 235.2911 124.2880 14.40745909  6159
CZ-6A DEB
1 61159U 24140RD  24277.75003754  .00008634  00000-0  26429-2 0  9992
2 61159  88.9827 344.1957 0057389 234.3344 125.2508 14.40749834  6197
CZ-6A DEB
1 61159U 24140RD  24277.75003754  .00008634  00000-0  26429-2 0  9992
2 61159  88.9827 344.1957 0057389 234.3344 125.2508 14.40749834  6197
CZ-6A DEB
1 61159U 24140RD  24278.44457031  .00008963  00000-0  27428-2 0  9995
2 61159  88.9824 344.1131 0057495 231.9745 127.6259 14.40761690  6298
CZ-6A DEB
1 61159U 24140RD  24278.65292919  .00009383  00000-0  28713-2 0  9995
2 61159  88.9824 344.0876 0057468 231.2266 128.3794 14.40766119  6321
CZ-6A DEB
1 61159U 24140RD  24279.20854996  .00009956  00000-0  30458-2 0  9991
2 61159  88.9823 344.0211 0057498 229.3119 130.3079 14.40777014  6405
CZ-6A DEB
1 61159U 24140RD  24279.20854996  .00009956  00000-0  30458-2 0  9991
2 61159  88.9823 344.0211 0057498 229.3119 130.3079 14.40777014  6405
CZ-6A DEB
1 61159U 24140RD  24279.90307135  .00010128  00000-0  30976-2 0  9994
2 61159  88.9824 343.9385 0057491 226.9454 132.6927 14.40789071  6508
CZ-6A DEB
1 61159U 24140RD  24280.18087815  .00008080  00000-0  24711-2 0  9990
2 61159  88.9824 343.9053 0057513 225.9840 133.6615 14.40791166  6540
CZ-6A DEB
1 61159U 24140RD  24280.73649020  .00008001  00000-0  24462-2 0  9999
2 61159  88.9819 343.8389 0057568 224.0806 135.5799 14.40799507  6627
CZ-6A DEB
1 61159U 24140RD  24280.73649020  .00008001  00000-0  24462-2 0  9999
2 61159  88.9819 343.8389 0057568 224.0806 135.5799 14.40799507  6627
CZ-6A DEB
1 61159U 24140RD  24282.68109547  .00017509  00000-0  53449-2 0  9990
2 61159  88.9818 343.6062 0057720 217.4563 142.2611 14.40854129  6909
CZ-6A DEB
1 61159U 24140RD  24282.68109547  .00017509  00000-0  53449-2 0  9990
2 61159  88.9818 343.6062 0057720 217.4563 142.2611 14.40854129  6909
CZ-6A DEB
1 61159U 24140RD  24283.23669044  .00009830  00000-0  30020-2 0  9993
2 61159  88.9818 343.5396 0057837 215.5773 144.1568 14.40851243  6983
CZ-6A DEB
1 61159U 24140RD  24283.72283199  .00006367  00000-0  19435-2 0  9999
2 61159  88.9817 343.4814 0057873 213.8927 145.8572 14.40854501  7050
CZ-6A DEB
1 61159U 24140RD  24284.41731631  .00008445  00000-0  25780-2 0  9994
2 61159  88.9817 343.3981 0057926 211.5042 148.2687 14.40867238  7152
CZ-6A DEB
1 61159U 24140RD  24284.41731631  .00008445  00000-0  25780-2 0  9994
2 61159  88.9817 343.3981 0057926 211.5042 148.2687 14.40867238  7152
CZ-6A DEB
1 61159U 24140RD  24284.62566165  .00007492  00000-0  22868-2 0  9990
2 61159  88.9814 343.3730 0057961 210.7754 149.0046 14.40867618  7184
CZ-6A DEB
1 61159U 24140RD  24284.90345098  .00022181  00000-0  67607-2 0  9993
2 61159  88.9815 343.3398 0057945 209.8221 149.9675 14.40895918  7221
CZ-6A DEB
1 61159U 24140RD  24285.18123688  .00046891  00000-0  14231-1 0  9991
2 61159  88.9822 343.3060 0057942 208.9231 150.8757 14.40942581  7268
CZ-6A DEB
1 61159U 24140RD  24285.18123688  .00046891  00000-0  14231-1 0  9991
2 61159  88.9822 343.3060 0057942 208.9231 150.8757 14.40942581  7268
CZ-6A DEB
1 61159U 24140RD  24287.19518601  .00005454  00000-0  16620-2 0  9992
2 61159  88.9820 343.0653 0058263 202.0521 157.8173 14.40915705  7554
CZ-6A DEB
1 61159U 24140RD  24287.19518601  .00005454  00000-0  16620-2 0  9992
2 61159  88.9820 343.0653 0058263 202.0521 157.8173 14.40915705  7554
CZ-6A DEB
1 61159U 24140RD  24287.61186078  .00005038  00000-0  15347-2 0  9991
2 61159  88.9818 343.0152 0058333 200.6588 159.2256 14.40918653  7610
CZ-6A DEB
1 61159U 24140RD  24288.58409896  .00003857  00000-0  11738-2 0  9991
2 61159  88.9811 342.8986 0058457 197.4000 162.5201 14.40923930  7750
CZ-6A DEB
1 61159U 24140RD  24288.58409896  .00003857  00000-0  11738-2 0  9991
2 61159  88.9811 342.8986 0058457 197.4000 162.5201 14.40923930  7750
CZ-6A DEB
1 61159U 24140RD  24289.34799760  .00004771  00000-0  14525-2 0  9991
2 61159  88.9809 342.8081 0058547 194.7752 165.1741 14.40930805  7866
CZ-6A DEB
1 61159U 24140RD  24289.83411349  .00004350  00000-0  13240-2 0  9995
2 61159  88.9811 342.7502 0058647 193.1159 166.8522 14.40933281  7935
CZ-6A DEB
1 61159U 24140RD  24289.83411349  .00004350  00000-0  13240-2 0  9995
2 61159  88.9811 342.7502 0058647 193.1159 166.8522 14.40933281  7935
CZ-6A DEB
1 61159U 24140RD  24290.38967314  .00004609  00000-0  14027-2 0  9996
2 61159  88.9811 342.6836 0058670 191.2118 168.7782 14.40937711  8015
CZ-6A DEB
1 61159U 24140RD  24291.15356398  .00004728  00000-0  14386-2 0  9996
2 61159  88.9807 342.5922 0058760 188.6518 171.3677 14.40944613  8123
CZ-6A DEB
1 61159U 24140RD  24291.36189746  .00005037  00000-0  15330-2 0  9994
2 61159  88.9807 342.5673 0058792 187.9437 172.0841 14.40946788  8152
CZ-6A DEB
1 61159U 24140RD  24291.84800805  .00005587  00000-0  17003-2 0  9992
2 61159  88.9805 342.5091 0058842 186.3109 173.7359 14.40951707  8226
CZ-6A DEB
1 61159U 24140RD  24292.12578472  .00006212  00000-0  18909-2 0  9998
2 61159  88.9803 342.4759 0058879 185.3773 174.6804 14.40955449  8266
CZ-6A DEB
1 61159U 24140RD  24293.09799865  .00008342  00000-0  25392-2 0  9996
2 61159  88.9799 342.3594 0058996 182.0935 178.0029 14.40968935  8407
CZ-6A DEB
1 61159U 24140RD  24293.37577318  .00010518  00000-0  32012-2 0  9999
2 61159  88.9799 342.3260 0059031 181.1860 178.9212 14.40976057  8446
CZ-6A DEB
1 61159U 24140RD  24293.86187818  .00007927  00000-0  24123-2 0  9999
2 61159  88.9797 342.2677 0059110 179.5470 180.5797 14.40974054  8511
CZ-6A DEB
1 61159U 24140RD  24294.13965018  .00009066  00000-0  27585-2 0  9997
2 61159  88.9796 342.2343 0059151 178.6189 181.5187 14.40980117  8557
CZ-6A DEB
1 61159U 24140RD  24294.34797857  .00009384  00000-0  28552-2 0  9992
2 61159  88.9797 342.2093 0059163 177.9599 182.1856 14.40983459  8585
CZ-6A DEB
1 61159U 24140RD  24294.83408375  .00006859  00000-0  20866-2 0  9994
2 61159  88.9795 342.1509 0059238 176.3129 183.8522 14.40979411  8658
CZ-6A DEB
1 61159U 24140RD  24294.90352660  .00006985  00000-0  21247-2 0  9991
2 61159  88.9794 342.1426 0059239 176.0847 184.0831 14.40980389  8663
CZ-6A DEB
1 61159U 24140RD  24295.38962749  .00003824  00000-0  11617-2 0  9998
2 61159  88.9794 342.0842 0059310 174.4715 185.7155 14.40976964  8739
CZ-6A DEB
1 61159U 24140RD  24295.38962749  .00003824  00000-0  11617-2 0  9998
2 61159  88.9794 342.0842 0059310 174.4715 185.7155 14.40976964  8739
CZ-6A DEB
1 61159U 24140RD  24295.87572649  .00004413  00000-0  13409-2 0  9994
2 61159  88.9793 342.0259 0059370 172.8361 187.3704 14.40982432  8808
CZ-6A DEB
1 61159U 24140RD  24296.57015323  .00003161  00000-0  95933-3 0  9995
2 61159  88.9791 341.9423 0059466 170.5344 189.6994 14.40984096  8904
CZ-6A DEB
1 61159U 24140RD  24296.57015323  .00003161  00000-0  95933-3 0  9995
2 61159  88.9791 341.9423 0059466 170.5344 189.6994 14.40984096  8904
CZ-6A DEB
1 61159U 24140RD  24297.40346091  .00003358  00000-0  10190-2 0  9996
2 61159  88.9791 341.8424 0059558 167.7745 192.4919 14.40990590  9028
CZ-6A DEB
1 61159U 24140RD  24298.09788063  .00003814  00000-0  11578-2 0  9999
2 61159  88.9791 341.7591 0059641 165.4740 194.8194 14.40997385  9126
CZ-6A DEB
1 61159U 24140RD  24298.51453095  .00004742  00000-0  14401-2 0  9999
2 61159  88.9791 341.7090 0059699 164.0754 196.2343 14.41003115  9181
CZ-6A DEB
1 61159U 24140RD  24299.13950450  .00004460  00000-0  13540-2 0  9995
2 61159  88.9791 341.6341 0059784 162.0018 198.3320 14.41008051  9277
CZ-6A DEB
1 61159U 24140RD  24299.83391671  .00004617  00000-0  14016-2 0  9999
2 61159  88.9791 341.5509 0059836 159.7240 200.6358 14.41014436  9373
CZ-6A DEB
1 61159U 24140RD  24300.11168055  .00004655  00000-0  14130-2 0  9990
2 61159  88.9790 341.5176 0059866 158.8140 201.5562 14.41017167  9410
CZ-6A DEB
1 61159U 24140RD  24300.59776633  .00004443  00000-0  13483-2 0  9994
2 61159  88.9789 341.4593 0059932 157.1973 203.1911 14.41021042  9480
CZ-6A DEB
1 61159U 24140RD  24300.59776633  .00004443  00000-0  13483-2 0  9994
2 61159  88.9789 341.4593 0059932 157.1973 203.1911 14.41021042  9480
CZ-6A DEB
1 61159U 24140RD  24301.56993112  .00006451  00000-0  19588-2 0  9998
2 61159  88.9790 341.3429 0060045 153.9971 206.4270 14.41035359  9624
CZ-6A DEB
1 61159U 24140RD  24301.84769056  .00007474  00000-0  22695-2 0  9996
2 61159  88.9790 341.3096 0060079 153.0764 207.3577 14.41040803  9666
CZ-6A DEB
1 61159U 24140RD  24302.05600943  .00007703  00000-0  23389-2 0  9995
2 61159  88.9792 341.2846 0060081 152.4054 208.0359 14.41044358  9696
CZ-6A DEB
1 61159U 24140RD  24303.58366975  .00007270  00000-0  22062-2 0  9994
2 61159  88.9786 341.1014 0060247 147.4011 213.0933 14.41065262  9912
CZ-6A DEB
1 61159U 24140RD  24303.58366975  .00007270  00000-0  22062-2 0  9994
2 61159  88.9786 341.1014 0060247 147.4011 213.0933 14.41065262  9912
CZ-6A DEB
1 61159U 24140RD  24304.55580504  .00007011  00000-0  21267-2 0  9997
2 61159  88.9783 340.9847 0060384 144.1813 216.3462 14.41078705 10052
CZ-6A DEB
1 61159U 24140RD  24305.11130627  .00006957  00000-0  21098-2 0  9997
2 61159  88.9781 340.9180 0060412 142.3862 218.1589 14.41086908 10139
CZ-6A DEB
1 61159U 24140RD  24305.11130627  .00006957  00000-0  21098-2 0  9997
2 61159  88.9781 340.9180 0060412 142.3862 218.1589 14.41086908 10139
CZ-6A DEB
1 61159U 24140RD  24307.12497115  .00006537  00000-0  19808-2 0  9998
2 61159  88.9776 340.6763 0060613 135.7978 224.8090 14.41116216 10423
CZ-6A DEB
1 61159U 24140RD  24307.12497115  .00006537  00000-0  19808-2 0  9998
2 61159  88.9776 340.6763 0060613 135.7978 224.8090 14.41116216 10423
CZ-6A DEB
1 61159U 24140RD  24308.37480944  .00008173  00000-0  24762-2 0  9991
2 61159  88.9773 340.5260 0060554 131.7113 228.9292 14.41138110 10608
CZ-6A DEB
1 61159U 24140RD  24308.58311435  .00007261  00000-0  21993-2 0  9992
2 61159  88.9773 340.5014 0060655 130.9936 229.6535 14.41140002 10635
CZ-6A DEB
1 61159U 24140RD  24309.48576156  .00007102  00000-0  21502-2 0  9995
2 61159  88.9771 340.3926 0060715 128.0726 232.5975 14.41154736 10769
CZ-6A DEB
1 61159U 24140RD  24309.48576156  .00007102  00000-0  21502-2 0  9995
2 61159  88.9771 340.3926 0060715 128.0726 232.5975 14.41154736 10769
CZ-6A DEB
1 61159U 24140RD  24310.59670140  .00005903  00000-0  17860-2 0  9996
2 61159  88.9767 340.2589 0060858 124.4324 236.2651 14.41168922 10922
CZ-6A DEB
1 61159U 24140RD  24310.59670140  .00005903  00000-0  17860-2 0  9996
2 61159  88.9767 340.2589 0060858 124.4324 236.2651 14.41168922 10922
CZ-6A DEB
1 61159U 24140RD  24311.08273374  .00005512  00000-0  16673-2 0  9996
2 61159  88.9767 340.2003 0060896 122.8550 237.8534 14.41174942 10991
CZ-6A DEB
1 61159U 24140RD  24312.05479119  .00006253  00000-0  18911-2 0  9999
2 61159  88.9768 340.0834 0060955 119.7270 241.0016 14.41189344 11133
CZ-6A DEB
1 61159U 24140RD  24312.54081677  .00006096  00000-0  18435-2 0  9997
2 61159  88.9771 340.0251 0060984 118.1653 242.5728 14.41195426 11202
CZ-6A DEB
1 61159U 24140RD  24313.09627203  .00006032  00000-0  18238-2 0  9990
2 61159  88.9770 339.9583 0061020 116.3567 244.3918 14.41202329 11282
CZ-6A DEB
1 61159U 24140RD  24313.58229348  .00006140  00000-0  18561-2 0  9991
2 61159  88.9770 339.8999 0060973 114.7704 245.9858 14.41208006 11359
CZ-6A DEB
1 61159U 24140RD  24314.06831289  .00006171  00000-0  18653-2 0  9994
2 61159  88.9772 339.8417 0060992 113.1710 247.5933 14.41213649 11426
CZ-6A DEB
1 61159U 24140RD  24315.17920378  .00008710  00000-0  26327-2 0  9993
2 61159  88.9771 339.7081 0061074 109.6118 251.1690 14.41233132 11582
CZ-6A DEB
1 61159U 24140RD  24315.52635505  .00006250  00000-0  18884-2 0  9993
2 61159  88.9772 339.6665 0061065 108.4867 252.2984 14.41234142 11634
CZ-6A DEB
1 61159U 24140RD  24316.35951290  .00005844  00000-0  17650-2 0  9995
2 61159  88.9775 339.5664 0061095 105.7885 255.0066 14.41244626 11751
CZ-6A DEB
1 61159U 24140RD  24316.49837209  .00005544  00000-0  16741-2 0  9990
2 61159  88.9773 339.5499 0061102 105.3234 255.4732 14.41245640 11771
CZ-6A DEB
1 61159U 24140RD  24317.33152466  .00004287  00000-0  12934-2 0  9992
2 61159  88.9771 339.4497 0061150 102.6578 258.1470 14.41251860 11893
CZ-6A DEB
1 61159U 24140RD  24317.81752854  .00004288  00000-0  12939-2 0  9998
2 61159  88.9770 339.3915 0061117 101.0862 259.7221 14.41256080 11966
CZ-6A DEB
1 61159U 24140RD  24317.81752854  .00004288  00000-0  12939-2 0  9998
2 61159  88.9770 339.3915 0061117 101.0862 259.7221 14.41256080 11966
CZ-6A DEB
1 61159U 24140RD  24318.09524454  .00003644  00000-0  10989-2 0  9990
2 61159  88.9769 339.3580 0061146 100.1948 260.6158 14.41257208 12008
CZ-6A DEB
1 61159U 24140RD  24319.34496267  .00003328  00000-0  10030-2 0  9995
2 61159  88.9764 339.2075 0061176  96.1651 264.6525 14.41264519 12183
CZ-6A DEB
1 61159U 24140RD  24319.48381968  .00003406  00000-0  10266-2 0  9999
2 61159  88.9763 339.1908 0061172  95.7159 265.1022 14.41265697 12209
CZ-6A DEB
1 61159U 24140RD  24320.45581670  .00003678  00000-0  11088-2 0  9994
2 61159  88.9760 339.0738 0061165  92.5699 268.2507 14.41272310 12349
CZ-6A DEB
1 61159U 24140RD  24320.45581670  .00003678  00000-0  11088-2 0  9994
2 61159  88.9760 339.0738 0061165  92.5699 268.2507 14.41272310 12349
CZ-6A DEB
1 61159U 24140RD  24321.08066902  .00004019  00000-0  12118-2 0  9995
2 61159  88.9758 338.9985 0061164  90.5496 270.2714 14.41277413 12432
CZ-6A DEB
1 61159U 24140RD  24321.49723688  .00002909  00000-0  87575-3 0  9997
2 61159  88.9758 338.9483 0061145  89.1876 271.6331 14.41277249 12493
CZ-6A DEB
1 61159U 24140RD  24322.60808050  .00002654  00000-0  79873-3 0  9997
2 61159  88.9757 338.8143 0061130  85.6103 275.2080 14.41282717 12657
CZ-6A DEB
1 61159U 24140RD  24322.60808050  .00002654  00000-0  79873-3 0  9997
2 61159  88.9757 338.8143 0061130  85.6103 275.2080 14.41282717 12657
CZ-6A DEB
1 61159U 24140RD  24323.02464569  .00002399  00000-0  72128-3 0  9999
2 61159  88.9757 338.7641 0061127  84.2661 276.5506 14.41284193 12713
CZ-6A DEB
1 61159U 24140RD  24323.99662848  .00002408  00000-0  72408-3 0  9997
2 61159  88.9757 338.6469 0061108  81.1225 279.6888 14.41289232 12852
CZ-6A DEB
1 61159U 24140RD  24324.48261861  .00002620  00000-0  78826-3 0  9998
2 61159  88.9758 338.5882 0061104  79.5616 281.2464 14.41292235 12926
CZ-6A DEB
1 61159U 24140RD  24325.10746093  .00003273  00000-0  98561-3 0  9996
2 61159  88.9758 338.5128 0061089  77.5552 283.2477 14.41297616 13013
CZ-6A DEB
1 61159U 24140RD  24325.45459545  .00002793  00000-0  84033-3 0  9992
2 61159  88.9757 338.4709 0061070  76.4392 284.3603 14.41297737 13068
CZ-6A DEB
1 61159U 24140RD  24325.59344863  .00003073  00000-0  92520-3 0  9995
2 61159  88.9757 338.4542 0061056  75.9772 284.8208 14.41299512 13084
CZ-6A DEB
1 61159U 24140RD  24327.05140460  .00003669  00000-0  11054-2 0  9998
2 61159  88.9759 338.2785 0060999  71.2509 289.5299 14.41309819 13292
CZ-6A DEB
1 61159U 24140RD  24327.05140460  .00003669  00000-0  11054-2 0  9998
2 61159  88.9759 338.2785 0060999  71.2509 289.5299 14.41309819 13292
CZ-6A DEB
1 61159U 24140RD  24327.53738722  .00004133  00000-0  12454-2 0  9997
2 61159  88.9757 338.2197 0060978  69.7265 291.0478 14.41314444 13360
CZ-6A DEB
1 61159U 24140RD  24328.02336831  .00003751  00000-0  11301-2 0  9992
2 61159  88.9757 338.1613 0060946  68.1451 292.6217 14.41316792 13431
CZ-6A DEB
1 61159U 24140RD  24328.99532644  .00004005  00000-0  12066-2 0  9990
2 61159  88.9755 338.0441 0060893  64.9740 295.7768 14.41324789 13578
CZ-6A DEB
1 61159U 24140RD  24328.99532644  .00004005  00000-0  12066-2 0  9990
2 61159  88.9755 338.0441 0060893  64.9740 295.7768 14.41324789 13578
CZ-6A DEB
1 61159U 24140RD  24330.03670302  .00004299  00000-0  12953-2 0  9992
2 61159  88.9755 337.9187 0060831  61.6164 299.1152 14.41334326 13729
CZ-6A DEB
1 61159U 24140RD  24330.03670302  .00004299  00000-0  12953-2 0  9992
2 61159  88.9755 337.9187 0060831  61.6164 299.1152 14.41334326 13729
CZ-6A DEB
1 61159U 24140RD  24330.52267565  .00004748  00000-0  14308-2 0  9994
2 61159  88.9750 337.8602 0060789  60.0360 300.6857 14.41340094 13794
CZ-6A DEB
1 61159U 24140RD  24331.07807110  .00004967  00000-0  14969-2 0  9997
2 61159  88.9750 337.7931 0060717  58.3180 302.3922 14.41345982 13871
CZ-6A DEB
1 61159U 24140RD  24331.07807110  .00004967  00000-0  14969-2 0  9997
2 61159  88.9750 337.7931 0060717  58.3180 302.3922 14.41345982 13871
CZ-6A DEB
1 61159U 24140RD  24331.49461618  .00005179  00000-0  15611-2 0  9993
2 61159  88.9750 337.7431 0060678  56.9585 303.7425 14.41350635 13936
CZ-6A DEB
1 61159U 24140RD  24332.05000777  .00005385  00000-0  16229-2 0  9996
2 61159  88.9749 337.6757 0060687  55.1283 305.5604 14.41356658 14010
CZ-6A DEB
1 61159U 24140RD  24333.99385775  .00005584  00000-0  16826-2 0  9998
2 61159  88.9740 337.4416 0060514  48.7668 311.8726 14.41378201 14298
CZ-6A DEB
1 61159U 24140RD  24334.96577087  .00005744  00000-0  17307-2 0  9998
2 61159  88.9744 337.3253 0060350  45.6725 314.9401 14.41389663 14432
CZ-6A DEB
1 61159U 24140RD  24336.42362522  .00005570  00000-0  16778-2 0  9995
2 61159  88.9742 337.1492 0060180  40.9294 319.6402 14.41406864 14642
CZ-6A DEB
1 61159U 24140RD  24336.42362522  .00005570  00000-0  16778-2 0  9995
2 61159  88.9742 337.1492 0060180  40.9294 319.6402 14.41406864 14642
CZ-6A DEB
1 61159U 24140RD  24337.74262137  .00004914  00000-0  14796-2 0  9991
2 61159  88.9743 336.9899 0059992  36.6253 323.9027 14.41420633 14839
CZ-6A DEB
1 61159U 24140RD  24337.74262137  .00004914  00000-0  14796-2 0  9991
2 61159  88.9743 336.9899 0059992  36.6253 323.9027 14.41420633 14839
CZ-6A DEB
1 61159U 24140RD  24338.50624485  .00004988  00000-0  15017-2 0  9992
2 61159  88.9749 336.8979 0059940  34.1124 326.3906 14.41429155 14949
CZ-6A DEB
1 61159U 24140RD  24338.71450484  .00004939  00000-0  14870-2 0  9993
2 61159  88.9751 336.8730 0059912  33.3973 327.0985 14.41431238 14972
CZ-6A DEB
1 61159U 24140RD  24339.96405825  .00005293  00000-0  15935-2 0  9997
2 61159  88.9757 336.7222 0059744  29.2615 331.1911 14.41445617 15155
CZ-6A DEB
1 61159U 24140RD  24340.44999245  .00005228  00000-0  15739-2 0  9996
2 61159  88.9756 336.6636 0059689  27.6887 332.7471 14.41450913 15224
CZ-6A DEB
1 61159U 24140RD  24341.00534386  .00004620  00000-0  13901-2 0  9994
2 61159  88.9758 336.5967 0059624  25.8562 334.5598 14.41455563 15306
CZ-6A DEB
1 61159U 24140RD  24341.42185600  .00004695  00000-0  14129-2 0  9996
2 61159  88.9757 336.5465 0059549  24.4951 335.9059 14.41459949 15366
CZ-6A DEB
1 61159U 24140RD  24342.25487632  .00004752  00000-0  14298-2 0  9999
2 61159  88.9759 336.4462 0059410  21.7688 338.6019 14.41468330 15481
CZ-6A DEB
1 61159U 24140RD  24342.25487632  .00004752  00000-0  14298-2 0  9999
2 61159  88.9759 336.4462 0059410  21.7688 338.6019 14.41468330 15481
CZ-6A DEB
1 61159U 24140RD  24342.94905602  .00005002  00000-0  15051-2 0  9994
2 61159  88.9754 336.3625 0059312  19.4571 340.8876 14.41476057 15584
CZ-6A DEB
1 61159U 24140RD  24343.43497992  .00004936  00000-0  14854-2 0  9992
2 61159  88.9752 336.3040 0059236  17.8431 342.4832 14.41480855 15654
CZ-6A DEB
1 61159U 24140RD  24343.43497992  .00004936  00000-0  14854-2 0  9992
2 61159  88.9752 336.3040 0059236  17.8431 342.4832 14.41480855 15654
CZ-6A DEB
1 61159U 24140RD  24343.71265001  .00004958  00000-0  14918-2 0  9992
2 61159  88.9753 336.2706 0059201  16.9292 343.3867 14.41483526 15690
CZ-6A DEB
1 61159U 24140RD  24344.40682266  .00005198  00000-0  15641-2 0  9996
2 61159  88.9751 336.1869 0059105  14.6233 345.6661 14.41491159 15799
CZ-6A DEB
1 61159U 24140RD  24345.23982517  .00005356  00000-0  16116-2 0  9994
2 61159  88.9749 336.0865 0058966  11.8560 348.4014 14.41499882 15915
CZ-6A DEB
1 61159U 24140RD  24345.23982517  .00005356  00000-0  16116-2 0  9994
2 61159  88.9749 336.0865 0058966  11.8560 348.4014 14.41499882 15915
CZ-6A DEB
1 61159U 24140RD  24345.93399055  .00004356  00000-0  13099-2 0  9996
2 61159  88.9748 336.0027 0058862   9.5411 350.6894 14.41504895 16012
CZ-6A DEB
1 61159U 24140RD  24346.41990457  .00004445  00000-0  13368-2 0  9991
2 61159  88.9746 335.9441 0058796   7.9220 352.2896 14.41509458 16081
CZ-6A DEB
1 61159U 24140RD  24346.41990457  .00004445  00000-0  13368-2 0  9991
2 61159  88.9746 335.9441 0058796   7.9220 352.2896 14.41509458 16081
CZ-6A DEB
1 61159U 24140RD  24346.97523314  .00003970  00000-0  11936-2 0  9997
2 61159  88.9744 335.8770 0058710   6.0683 354.1217 14.41513450 16166
CZ-6A DEB
1 61159U 24140RD  24347.94705412  .00003586  00000-0  10777-2 0  9991
2 61159  88.9743 335.7598 0058556   2.8178 357.3342 14.41520757 16301
CZ-6A DEB
1 61159U 24140RD  24347.94705412  .00003586  00000-0  10777-2 0  9991
2 61159  88.9743 335.7598 0058556   2.8178 357.3342 14.41520757 16301
CZ-6A DEB
1 61159U 24140RD  24348.22471647  .00003483  00000-0  10465-2 0  9993
2 61159  88.9743 335.7263 0058492   1.8826 358.2584 14.41522537 16348
CZ-6A DEB
1 61159U 24140RD  24348.91887057  .00003791  00000-0  11396-2 0  9991
2 61159  88.9743 335.6426 0058376 359.5496   0.5644 14.41528479 16441
CZ-6A DEB
1 61159U 24140RD  24349.96009672  .00004444  00000-0  13364-2 0  9999
2 61159  88.9744 335.5168 0058217 356.0524   4.0210 14.41537889 16591
CZ-6A DEB
1 61159U 24140RD  24349.96009672  .00004444  00000-0  13364-2 0  9999
2 61159  88.9744 335.5168 0058217 356.0524   4.0210 14.41537889 16591
CZ-6A DEB
1 61159U 24140RD  24351.97311649  .00004661  00000-0  14013-2 0  9996
2 61159  88.9747 335.2743 0058069 349.4525  10.5453 14.41555097 16886
CZ-6A DEB
1 61159U 24140RD  24352.38959973  .00004697  00000-0  14123-2 0  9991
2 61159  88.9749 335.2241 0057890 347.9004  12.0803 14.41558996 16941
CZ-6A DEB
1 61159U 24140RD  24353.22256320  .00004809  00000-0  14460-2 0  9990
2 61159  88.9752 335.1236 0057743 345.0755  14.8740 14.41567027 17066
CZ-6A DEB
1 61159U 24140RD  24353.22256320  .00004809  00000-0  14460-2 0  9990
2 61159  88.9752 335.1236 0057743 345.0755  14.8740 14.41567027 17066
CZ-6A DEB
1 61159U 24140RD  24353.98610983  .00004712  00000-0  14168-2 0  9990
2 61159  88.9754 335.0315 0057616 342.4837  17.4376 14.41573727 17176
CZ-6A DEB
1 61159U 24140RD  24354.95789121  .00003920  00000-0  11779-2 0  9994
2 61159  88.9758 334.9143 0057482 339.1986  20.6876 14.41580715 17318
CZ-6A DEB
1 61159U 24140RD  24355.44377974  .00003895  00000-0  11705-2 0  9998
2 61159  88.9758 334.8557 0057385 337.5357  22.3333 14.41584930 17389
CZ-6A DEB
1 61159U 24140RD  24355.92966714  .00004463  00000-0  13416-2 0  9990
2 61159  88.9762 334.7972 0057365 335.9008  23.9511 14.41590345 17457
CZ-6A DEB
1 61159U 24140RD  24356.97084933  .00005020  00000-0  15092-2 0  9992
2 61159  88.9761 334.6720 0057177 332.3434  27.4729 14.41600718 17604
CZ-6A DEB
1 61159U 24140RD  24357.38732006  .00004805  00000-0  14443-2 0  9998
2 61159  88.9762 334.6217 0057132 330.9425  28.8601 14.41604237 17661
CZ-6A DEB
1 61159U 24140RD  24357.94261229  .00005400  00000-0  16234-2 0  9996
2 61159  88.9762 334.5551 0057040 328.9989  30.7850 14.41611167 17748
CZ-6A DEB
1 61159U 24140RD  24358.98377906  .00005624  00000-0  16907-2 0  9996
2 61159  88.9758 334.4298 0056917 325.4567  34.2941 14.41622926 17897
CZ-6A DEB
1 61159U 24140RD  24358.98377906  .00005624  00000-0  16907-2 0  9996
2 61159  88.9758 334.4298 0056917 325.4567  34.2941 14.41622926 17897
CZ-6A DEB
1 61159U 24140RD  24359.88611624  .00005987  00000-0  17998-2 0  9997
2 61159  88.9756 334.3210 0056796 322.2956  37.4271 14.41634289 18022
CZ-6A DEB
1 61159U 24140RD  24360.44139747  .00006542  00000-0  19666-2 0  9994
2 61159  88.9753 334.2543 0056702 320.4113  39.2954 14.41642050 18101
CZ-6A DEB
1 61159U 24140RD  24360.44139747  .00006542  00000-0  19666-2 0  9994
2 61159  88.9753 334.2543 0056702 320.4113  39.2954 14.41642050 18101
CZ-6A DEB
1 61159U 24140RD  24361.20490486  .00006164  00000-0  18528-2 0  9995
2 61159  88.9751 334.1622 0056597 317.8034  41.8818 14.41650641 18215
CZ-6A DEB
1 61159U 24140RD  24361.69077061  .00006637  00000-0  19949-2 0  9991
2 61159  88.9751 334.1035 0056540 316.1037  43.5680 14.41657604 18285
CZ-6A DEB
1 61159U 24140RD  24361.69077061  .00006637  00000-0  19949-2 0  9991
2 61159  88.9751 334.1035 0056540 316.1037  43.5680 14.41657604 18285
CZ-6A DEB
1 61159U 24140RD  24362.38486125  .00006111  00000-0  18365-2 0  9991
2 61159  88.9754 334.0199 0056447 313.6824  45.9706 14.41665317 18386
CZ-6A DEB
1 61159U 24140RD  24363.35658179  .00006238  00000-0  18744-2 0  9990
2 61159  88.9752 333.9029 0056306 310.3542  49.2750 14.41677286 18529
CZ-6A DEB
1 61159U 24140RD  24363.35658179  .00006238  00000-0  18744-2 0  9990
2 61159  88.9752 333.9029 0056306 310.3542  49.2750 14.41677286 18529
CZ-6A DEB
1 61159U 24140RD  24364.18947833  .00006530  00000-0  19618-2 0  9996
2 61159  88.9755 333.8023 0056220 307.4341  52.1752 14.41688275 18642
CZ-6A DEB
1 61159U 24140RD  24364.88355361  .00007213  00000-0  21670-2 0  9992
2 61159  88.9760 333.7182 0056175 304.9923  54.6012 14.41699228 18747
CZ-6A DEB
1 61159U 24140RD  24365.16118247  .00007218  00000-0  21683-2 0  9993
2 61159  88.9761 333.6849 0056139 304.0272  55.5606 14.41703055 18782
CZ-6A DEB
1 61159U 24140RD  24365.16118247  .00007218  00000-0  21683-2 0  9993
2 61159  88.9761 333.6849 0056139 304.0272  55.5606 14.41703055 18782
CZ-6A DEB
1 61159U 24140RD  24365.64703134  .00008411  00000-0  25265-2 0  9997
2 61159  88.9765 333.6265 0056069 302.3509  57.2272 14.41712048 18852
CZ-6A DEB
1 61159U 24140RD  24365.92465794  .00007802  00000-0  23435-2 0  9995
2 61159  88.9763 333.5929 0056052 301.3657  58.2067 14.41715285 18894
CZ-6A DEB
1 61159U 24140RD  25002.35385329  .00011872  00000-0  35632-2 0  9990
2 61159  88.9763 333.2999 0055799 292.8727  66.6590 14.41763568 19248
CZ-6A DEB
1 61159U 24140RD  25003.88074052  .00004893  00000-0  14672-2 0  9993
2 61159  88.9764 333.1161 0055652 287.5974  71.9154 14.41778959 19461
CZ-6A DEB
1 61159U 24140RD  25003.88074052  .00004893  00000-0  14672-2 0  9993
2 61159  88.9764 333.1161 0055652 287.5974  71.9154 14.41778959 19461
CZ-6A DEB
1 61159U 24140RD  25004.64417607  .00004517  00000-0  13538-2 0  9998
2 61159  88.9768 333.0245 0055593 284.8509  74.6540 14.41788245 19575
CZ-6A DEB
1 61159U 24140RD  25005.40760730  .00006273  00000-0  18812-2 0  9992
2 61159  88.9773 332.9333 0055417 282.2834  77.2166 14.41801047 19686
CZ-6A DEB
1 61159U 24140RD  25005.40760730  .00006273  00000-0  18812-2 0  9992
2 61159  88.9773 332.9333 0055417 282.2834  77.2166 14.41801047 19686
CZ-6A DEB
1 61159U 24140RD  25006.37923868  .00005497  00000-0  16479-2 0  9996
2 61159  88.9776 332.8159 0055410 278.7788  80.7142 14.41812761 19829
CZ-6A DEB
1 61159U 24140RD  25006.93445372  .00004899  00000-0  14679-2 0  9992
2 61159  88.9768 332.7495 0055415 276.8263  82.6636 14.41818295 19900
CZ-6A DEB
1 61159U 24140RD  25006.93445372  .00004899  00000-0  14679-2 0  9992
2 61159  88.9768 332.7495 0055415 276.8263  82.6636 14.41818295 19900
CZ-6A DEB
1 61159U 24140RD  25007.62846990  .00004567  00000-0  13680-2 0  9993
2 61159  88.9766 332.6661 0055408 274.3655  85.1217 14.41824910 20009
CZ-6A DEB
1 61159U 24140RD  25008.32248367  .00004453  00000-0  13338-2 0  9999
2 61159  88.9770 332.5823 0055366 271.9199  87.5663 14.41831125 20100
CZ-6A DEB
1 61159U 24140RD  25008.32248380  .00004228  00000-0  12661-2 0  9992
2 61159  88.9765 332.5824 0055366 271.9174  87.5688 14.41830664 20102
CZ-6A DEB
1 61159U 24140RD  25008.32248380  .00004228  00000-0  12661-2 0  9992
2 61159  88.9765 332.5824 0055366 271.9174  87.5688 14.41830664 20102
CZ-6A DEB
1 61159U 24140RD  25009.84930655  .00003739  00000-0  11189-2 0  9993
2 61159  88.9764 332.3983 0055359 266.5492  92.9377 14.41841423 20324
CZ-6A DEB
1 61159U 24140RD  25009.91870725  .00003730  00000-0  11163-2 0  9995
2 61159  88.9765 332.3899 0055369 266.2978  93.1892 14.41841960 20330
CZ-6A DEB
1 61159U 24140RD  25010.33511157  .00003247  00000-0  97119-3 0  9993
2 61159  88.9765 332.3396 0055363 264.8236  94.6647 14.41843967 20396
CZ-6A DEB
1 61159U 24140RD  25011.30671792  .00003686  00000-0  11030-2 0  9997
2 61159  88.9768 332.2229 0055303 261.4224  98.0709 14.41852141 20534
CZ-6A DEB
1 61159U 24140RD  25011.86192001  .00003322  00000-0  99358-3 0  9996
2 61159  88.9767 332.1558 0055286 259.5008  99.9963 14.41855269 20610
CZ-6A DEB
1 61159U 24140RD  25012.13952058  .00003171  00000-0  94828-3 0  9992
2 61159  88.9769 332.1224 0055283 258.5207 100.9784 14.41856737 20658
CZ-6A DEB
1 61159U 24140RD  25012.90292046  .00002959  00000-0  88438-3 0  9994
2 61159  88.9770 332.0305 0055307 255.8136 103.6918 14.41861439 20763
CZ-6A DEB
1 61159U 24140RD  25013.31931932  .00003177  00000-0  94980-3 0  9996
2 61159  88.9772 331.9803 0055330 254.3496 105.1597 14.41864701 20827
CZ-6A DEB
1 61159U 24140RD  25014.29091409  .00003123  00000-0  93347-3 0  9997
2 61159  88.9775 331.8634 0055361 250.9442 108.5759 14.41870783 20967
CZ-6A DEB
1 61159U 24140RD  25014.29091409  .00003123  00000-0  93347-3 0  9997
2 61159  88.9775 331.8634 0055361 250.9442 108.5759 14.41870783 20967
CZ-6A DEB
1 61159U 24140RD  25015.81769845  .00002917  00000-0  87127-3 0  9991
2 61159  88.9780 331.6799 0055361 245.5767 113.9653 14.41880150 21180
CZ-6A DEB
1 61159U 24140RD  25015.88709751  .00003065  00000-0  91576-3 0  9996
2 61159  88.9781 331.6715 0055382 245.3321 114.2108 14.41880886 21192
CZ-6A DEB
1 61159U 24140RD  25016.37289017  .00003087  00000-0  92223-3 0  9993
2 61159  88.9782 331.6133 0055330 243.6356 115.9160 14.41884301 21269
CZ-6A DEB
1 61159U 24140RD  25017.83026018  .00003759  00000-0  11236-2 0  9995
2 61159  88.9784 331.4383 0055454 238.4877 121.0902 14.41896864 21475
CZ-6A DEB
1 61159U 24140RD  25017.89965845  .00003967  00000-0  11859-2 0  9993
2 61159  88.9785 331.4300 0055467 238.2387 121.3405 14.41897889 21483
CZ-6A DEB
1 61159U 24140RD  25018.87123189  .00004093  00000-0  12235-2 0  9999
2 61159  88.9785 331.3131 0055445 234.8414 124.7587 14.41906193 21626
CZ-6A DEB
1 61159U 24140RD  25018.87123189  .00004093  00000-0  12235-2 0  9999
2 61159  88.9785 331.3131 0055445 234.8414 124.7587 14.41906193 21626
CZ-6A DEB
1 61159U 24140RD  25019.28761898  .00004106  00000-0  12272-2 0  9996
2 61159  88.9786 331.2632 0055496 233.3837 126.2254 14.41909609 21680
CZ-6A DEB
1 61159U 24140RD  25019.84279983  .00004460  00000-0  13331-2 0  9997
2 61159  88.9786 331.1965 0055550 231.4727 128.1489 14.41915374 21762
CZ-6A DEB
1 61159U 24140RD  25020.81436185  .00004566  00000-0  13647-2 0  9992
2 61159  88.9784 331.0798 0055621 228.0900 131.5553 14.41924495 21907
CZ-6A DEB
1 61159U 24140RD  25020.88375887  .00005110  00000-0  15277-2 0  9997
2 61159  88.9784 331.0715 0055620 227.8465 131.8006 14.41926412 21916
CZ-6A DEB
1 61159U 24140RD  25021.30014022  .00004919  00000-0  14702-2 0  9994
2 61159  88.9783 331.0215 0055668 226.3540 133.3039 14.41930169 21973
CZ-6A DEB
1 61159U 24140RD  25021.85531395  .00004785  00000-0  14300-2 0  9996
2 61159  88.9781 330.9548 0055705 224.4169 135.2560 14.41935328 22058
CZ-6A DEB
1 61159U 24140RD  25021.85531395  .00004785  00000-0  14300-2 0  9996
2 61159  88.9781 330.9548 0055705 224.4169 135.2560 14.41935328 22058
CZ-6A DEB
1 61159U 24140RD  25023.10444743  .00004444  00000-0  13272-2 0  9995
2 61159  88.9782 330.8047 0055769 220.0501 139.6584 14.41946801 22236
CZ-6A DEB
1 61159U 24140RD  25023.59021894  .00004533  00000-0  13537-2 0  9999
2 61159  88.9782 330.7463 0055826 218.3692 141.3534 14.41951611 22300
CZ-6A DEB
1 61159U 24140RD  25023.86780169  .00004739  00000-0  14153-2 0  9999
2 61159  88.9780 330.7129 0055850 217.4058 142.3252 14.41955010 22349
CZ-6A DEB
1 61159U 24140RD  25024.28417530  .00005044  00000-0  15066-2 0  9999
2 61159  88.9781 330.6628 0055891 215.9541 143.7896 14.41959644 22401
CZ-6A DEB
1 61159U 24140RD  25024.28417530  .00005044  00000-0  15066-2 0  9999
2 61159  88.9781 330.6628 0055891 215.9541 143.7896 14.41959644 22401
CZ-6A DEB
1 61159U 24140RD  25025.81086932  .00003864  00000-0  11529-2 0  9995
2 61159  88.9783 330.4790 0056050 210.6417 149.1509 14.41971631 22628
CZ-6A DEB
1 61159U 24140RD  25025.81086932  .00003864  00000-0  11529-2 0  9995
2 61159  88.9783 330.4790 0056050 210.6417 149.1509 14.41971631 22628
CZ-6A DEB
1 61159U 24140RD  25026.85179039  .00003566  00000-0  10634-2 0  9996
2 61159  88.9784 330.3538 0056193 207.0668 152.7602 14.41979123 22778
CZ-6A DEB
1 61159U 24140RD  25026.85179039  .00003566  00000-0  10634-2 0  9996
2 61159  88.9784 330.3538 0056193 207.0668 152.7602 14.41979123 22778
CZ-6A DEB
1 61159U 24140RD  25029.34997865  .00004125  00000-0  12297-2 0  9997
2 61159  88.9792 330.0538 0056421 198.3433 161.5736 14.41999612 23132
CZ-6A DEB
1 61159U 24140RD  25029.55815969  .00003669  00000-0  10934-2 0  9992
2 61159  88.9793 330.0286 0056465 197.6052 162.3196 14.42000032 23162
CZ-6A DEB
1 61159U 24140RD  25030.32148668  .00003855  00000-0  11487-2 0  9995
2 61159  88.9795 329.9369 0056603 195.0500 164.9021 14.42007057 23278
CZ-6A DEB
1 61159U 24140RD  25030.80723904  .00003695  00000-0  11006-2 0  9999
2 61159  88.9794 329.8787 0056669 193.3916 166.5786 14.42010523 23340
CZ-6A DEB
1 61159U 24140RD  25030.80723904  .00003695  00000-0  11006-2 0  9999
2 61159  88.9794 329.8787 0056669 193.3916 166.5786 14.42010523 23340
CZ-6A DEB
1 61159U 24140RD  25031.77874024  .00003767  00000-0  11219-2 0  9992
2 61159  88.9794 329.7621 0056806 190.0636 169.9434 14.42018015 23488
CZ-6A DEB
1 61159U 24140RD  25032.26448921  .00003982  00000-0  11862-2 0  9993
2 61159  88.9792 329.7038 0056893 188.4252 171.6001 14.42021956 23555
CZ-6A DEB
1 61159U 24140RD  25032.26448921  .00003982  00000-0  11862-2 0  9993
2 61159  88.9792 329.7038 0056893 188.4252 171.6001 14.42021956 23555
CZ-6A DEB
1 61159U 24140RD  25033.30537391  .00004540  00000-0  13523-2 0  9996
2 61159  88.9791 329.5787 0057037 184.8796 175.1858 14.42031967 23706
CZ-6A DEB
1 61159U 24140RD  25033.30537391  .00004540  00000-0  13523-2 0  9996
2 61159  88.9791 329.5787 0057037 184.8796 175.1858 14.42031967 23706
CZ-6A DEB
1 61159U 24140RD  25033.79111844  .00004193  00000-0  12485-2 0  9990
2 61159  88.9790 329.5204 0057082 183.1901 176.8946 14.42035183 23776
CZ-6A DEB
1 61159U 24140RD  25034.76260304  .00003870  00000-0  11517-2 0  9990
2 61159  88.9787 329.4039 0057173 179.7894 180.3343 14.42042968 23916
CZ-6A DEB
1 61159U 24140RD  25034.76260304  .00003870  00000-0  11517-2 0  9990
2 61159  88.9787 329.4039 0057173 179.7894 180.3343 14.42042968 23916
CZ-6A DEB
1 61159U 24140RD  25035.24834311  .00003819  00000-0  11363-2 0  9991
2 61159  88.9786 329.3454 0057277 178.2118 181.9300 14.42046878 23984
CZ-6A DEB
1 61159U 24140RD  25038.23215296  .00003245  00000-0  96426-3 0  9995
2 61159  88.9785 328.9865 0057702 168.0824 192.1760 14.42066034 24417
CZ-6A DEB
1 61159U 24140RD  25038.85666667  .00003214  00000-0  95479-3 0  9998
2 61159  88.9786 328.9115 0057804 165.9687 194.3138 14.42069670 24504
CZ-6A DEB
1 61159U 24140RD  25039.06483739  .00002961  00000-0  87941-3 0  9992
2 61159  88.9787 328.8864 0057853 165.2944 194.9958 14.42070328 24539
CZ-6A DEB
1 61159U 24140RD  25039.82812918  .00003106  00000-0  92248-3 0  9999
2 61159  88.9788 328.7947 0057975 162.7633 197.5557 14.42075013 24645
CZ-6A DEB
1 61159U 24140RD  25039.82812918  .00003106  00000-0  92248-3 0  9999
2 61159  88.9788 328.7947 0057975 162.7633 197.5557 14.42075013 24645
CZ-6A DEB
1 61159U 24140RD  25040.52202916  .00003002  00000-0  89128-3 0  9997
2 61159  88.9790 328.7114 0058071 160.4114 199.9339 14.42078490 24748
CZ-6A DEB
1 61159U 24140RD  25040.79958828  .00003061  00000-0  90881-3 0  9999
2 61159  88.9790 328.6779 0058094 159.5131 200.8420 14.42080385 24780
CZ-6A DEB
1 61159U 24140RD  25041.21592571  .00003667  00000-0  10893-2 0  9992
2 61159  88.9792 328.6279 0058162 158.1099 202.2609 14.42085049 24845
CZ-6A DEB
1 61159U 24140RD  25041.21592571  .00003667  00000-0  10893-2 0  9992
2 61159  88.9792 328.6279 0058162 158.1099 202.2609 14.42085049 24845
CZ-6A DEB
1 61159U 24140RD  25041.77104175  .00003363  00000-0  99873-3 0  9991
2 61159  88.9790 328.5614 0058236 156.2817 204.1091 14.42087575 24925
CZ-6A DEB
1 61159U 24140RD  25042.53432428  .00003104  00000-0  92122-3 0  9994
2 61159  88.9792 328.4696 0058357 153.7111 206.7074 14.42091467 25036
CZ-6A DEB
1 61159U 24140RD  25042.81188068  .00003120  00000-0  92599-3 0  9999
2 61159  88.9792 328.4365 0058391 152.7971 207.6312 14.42093402 25070
CZ-6A DEB
1 61159U 24140RD  25042.81188068  .00003120  00000-0  92599-3 0  9999
2 61159  88.9792 328.4365 0058391 152.7971 207.6312 14.42093402 25070
CZ-6A DEB
1 61159U 24140RD  25043.50577063  .00003035  00000-0  90032-3 0  9998
2 61159  88.9792 328.3531 0058488 150.4911 209.9615 14.42097473 25174
CZ-6A DEB
1 61159U 24140RD  25043.78332591  .00003020  00000-0  89584-3 0  9997
2 61159  88.9792 328.3198 0058527 149.5828 210.8792 14.42099261 25212
CZ-6A DEB
1 61159U 24140RD  25044.75476739  .00002941  00000-0  87218-3 0  9991
2 61159  88.9792 328.2033 0058662 146.3450 214.1501 14.42104876 25354
CZ-6A DEB
1 61159U 24140RD  25044.75476739  .00002941  00000-0  87218-3 0  9991
2 61159  88.9792 328.2033 0058662 146.3450 214.1501 14.42104876 25354
CZ-6A DEB
1 61159U 24140RD  25045.51803986  .00003005  00000-0  89122-3 0  9992
2 61159  88.9793 328.1117 0058774 143.8392 216.6807 14.42109472 25463
CZ-6A DEB
1 61159U 24140RD  25045.72620460  .00003003  00000-0  89032-3 0  9997
2 61159  88.9793 328.0868 0058796 143.1525 217.3741 14.42110756 25495
CZ-6A DEB
1 61159U 24140RD  25046.21192107  .00003552  00000-0  10539-2 0  9998
2 61159  88.9792 328.0285 0058846 141.5588 218.9829 14.42115587 25563
CZ-6A DEB
1 61159U 24140RD  25046.21192107  .00003552  00000-0  10539-2 0  9998
2 61159  88.9792 328.0285 0058846 141.5588 218.9829 14.42115587 25563
CZ-6A DEB
1 61159U 24140RD  25046.76702425  .00003476  00000-0  10312-2 0  9992
2 61159  88.9791 327.9619 0058909 139.7422 220.8165 14.42119069 25640
CZ-6A DEB
1 61159U 24140RD  25047.25273819  .00003743  00000-0  11104-2 0  9994
2 61159  88.9791 327.9036 0058971 138.1406 222.4329 14.42123244 25715
CZ-6A DEB
1 61159U 24140RD  25047.25273819  .00003743  00000-0  11104-2 0  9994
2 61159  88.9791 327.9036 0058971 138.1406 222.4329 14.42123244 25715
CZ-6A DEB
1 61159U 24140RD  25047.73845064  .00003534  00000-0  10481-2 0  9999
2 61159  88.9789 327.8453 0059019 136.5362 224.0515 14.42126244 25786
CZ-6A DEB
1 61159U 24140RD  25048.22416156  .00004136  00000-0  12271-2 0  9998
2 61159  88.9788 327.7871 0059097 134.9428 225.6590 14.42131737 25850
CZ-6A DEB
1 61159U 24140RD  25048.77925831  .00003717  00000-0  11024-2 0  9992
2 61159  88.9786 327.7204 0059170 133.1191 227.4983 14.42135114 25936
CZ-6A DEB
1 61159U 24140RD  25048.77925831  .00003717  00000-0  11024-2 0  9992
2 61159  88.9786 327.7204 0059170 133.1191 227.4983 14.42135114 25936
CZ-6A DEB
1 61159U 24140RD  25049.26496596  .00004112  00000-0  12197-2 0  9990
2 61159  88.9784 327.6619 0059230 131.5279 229.1026 14.42140177 26000
CZ-6A DEB
1 61159U 24140RD  25049.75067278  .00003493  00000-0  10354-2 0  9999
2 61159  88.9783 327.6035 0059291 129.9203 230.7232 14.42142549 26075
CZ-6A DEB
1 61159U 24140RD  25050.02821870  .00003647  00000-0  10811-2 0  9996
2 61159  88.9784 327.5702 0059317 129.0188 231.6317 14.42145071 26110
CZ-6A DEB
1 61159U 24140RD  25050.02821870  .00003647  00000-0  10811-2 0  9996
2 61159  88.9784 327.5702 0059317 129.0188 231.6317 14.42145071 26110
CZ-6A DEB
1 61159U 24140RD  25050.72208123  .00003898  00000-0  11556-2 0  9998
2 61159  88.9782 327.4867 0059404 126.7404 233.9274 14.42151660 26210
CZ-6A DEB
1 61159U 24140RD  25051.20778326  .00004156  00000-0  12322-2 0  9999
2 61159  88.9781 327.4282 0059463 125.1528 235.5266 14.42156426 26286
CZ-6A DEB
1 61159U 24140RD  25051.76286989  .00003555  00000-0  10533-2 0  9993
2 61159  88.9781 327.3615 0059521 123.3307 237.3614 14.42159559 26361
CZ-6A DEB
1 61159U 24140RD  25051.76286989  .00003555  00000-0  10533-2 0  9993
2 61159  88.9781 327.3615 0059521 123.3307 237.3614 14.42159559 26361
CZ-6A DEB
1 61159U 24140RD  25052.24856908  .00003412  00000-0  10108-2 0  9991
2 61159  88.9780 327.3029 0059530 121.7927 238.9093 14.42163088 26437
CZ-6A DEB
1 61159U 24140RD  25052.73426728  .00003189  00000-0  94423-3 0  9992
2 61159  88.9780 327.2444 0059577 120.2060 240.5061 14.42166202 26503
CZ-6A DEB
1 61159U 24140RD  25053.21996382  .00003520  00000-0  10426-2 0  9993
2 61159  88.9782 327.1863 0059593 118.6387 242.0827 14.42170727 26571
CZ-6A DEB
1 61159U 24140RD  25053.21996382  .00003520  00000-0  10426-2 0  9993
2 61159  88.9782 327.1863 0059593 118.6387 242.0827 14.42170727 26571
CZ-6A DEB
1 61159U 24140RD  25053.70565956  .00003234  00000-0  95732-3 0  9992
2 61159  88.9783 327.1278 0059627 117.0631 243.6673 14.42173398 26646
CZ-6A DEB
1 61159U 24140RD  25055.71781103  .00004192  00000-0  12418-2 0  9992
2 61159  88.9785 326.8858 0059759 110.5612 250.2016 14.42191507 26930
CZ-6A DEB
1 61159U 24140RD  25055.71781103  .00004192  00000-0  12418-2 0  9992
2 61159  88.9785 326.8858 0059759 110.5612 250.2016 14.42191507 26930
CZ-6A DEB
1 61159U 24140RD  25056.20349812  .00004977  00000-0  14748-2 0  9993
2 61159  88.9787 326.8274 0059776 109.0052 251.7640 14.42197983 27006
CZ-6A DEB
1 61159U 24140RD  25056.75856755  .00004770  00000-0  14131-2 0  9999
2 61159  88.9787 326.7608 0059831 107.2145 253.5619 14.42202677 27082
CZ-6A DEB
1 61159U 24140RD  25056.75856755  .00004770  00000-0  14131-2 0  9999
2 61159  88.9787 326.7608 0059831 107.2145 253.5619 14.42202677 27082
CZ-6A DEB
1 61159U 24140RD  25057.72993342  .00004897  00000-0  14506-2 0  9997
2 61159  88.9787 326.6442 0059862 104.0736 256.7130 14.42212514 27222
CZ-6A DEB
1 61159U 24140RD  25058.70129178  .00005207  00000-0  15421-2 0  9997
2 61159  88.9782 326.5271 0059937 100.9105 259.8850 14.42223363 27366
CZ-6A DEB
1 61159U 24140RD  25058.70129178  .00005207  00000-0  15421-2 0  9997
2 61159  88.9782 326.5271 0059937 100.9105 259.8850 14.42223363 27366
CZ-6A DEB
1 61159U 24140RD  25059.46449706  .00004850  00000-0  14358-2 0  9994
2 61159  88.9785 326.4357 0060118  98.4270 262.3753 14.42230419 27473
CZ-6A DEB
1 61159U 24140RD  25060.15831585  .00005276  00000-0  15621-2 0  9999
2 61159  88.9784 326.3525 0060092  96.2004 264.6049 14.42238713 27579
CZ-6A DEB
1 61159U 24140RD  25060.15831585  .00005276  00000-0  15621-2 0  9999
2 61159  88.9784 326.3525 0060092  96.2004 264.6049 14.42238713 27579
CZ-6A DEB
1 61159U 24140RD  25060.71336850  .00004245  00000-0  12559-2 0  9998
2 61159  88.9778 326.2856 0060089  94.4124 266.3947 14.42242081 27655
CZ-6A DEB
1 61159U 24140RD  25061.75408856  .00003267  00000-0  96537-3 0  9991
2 61159  88.9772 326.1604 0060201  91.0521 269.7579 14.42248682 27807
CZ-6A DEB
1 61159U 24140RD  25061.75408856  .00003267  00000-0  96537-3 0  9991
2 61159  88.9772 326.1604 0060201  91.0521 269.7579 14.42248682 27807
CZ-6A DEB
1 61159U 24140RD  25062.17037515  .00002911  00000-0  85955-3 0  9995
2 61159  88.9770 326.1101 0060267  89.7001 271.1107 14.42250931 27866
CZ-6A DEB
1 61159U 24140RD  25062.72542293  .00003064  00000-0  90502-3 0  9994
2 61159  88.9768 326.0433 0060305  87.9044 272.9063 14.42254708 27945
CZ-6A DEB
1 61159U 24140RD  25063.14170791  .00002688  00000-0  79344-3 0  9993
2 61159  88.9767 325.9927 0060213  86.5424 274.2664 14.42256129 28004
CZ-6A DEB
1 61159U 24140RD  25063.14170791  .00002688  00000-0  79344-3 0  9993
2 61159  88.9767 325.9927 0060213  86.5424 274.2664 14.42256129 28004
CZ-6A DEB
1 61159U 24140RD  25064.73746047  .00003026  00000-0  89366-3 0  9994
2 61159  88.9766 325.8015 0060186  81.4731 279.3286 14.42265493 28239
CZ-6A DEB
1 61159U 24140RD  25064.73746047  .00003026  00000-0  89366-3 0  9994
2 61159  88.9766 325.8015 0060186  81.4731 279.3286 14.42265493 28239
CZ-6A DEB
1 61159U 24140RD  25065.22312238  .00002700  00000-0  79661-3 0  9995
2 61159  88.9770 325.7425 0060185  79.8647 280.9337 14.42267215 28301
CZ-6A DEB
1 61159U 24140RD  25065.70878294  .00002728  00000-0  80494-3 0  9993
2 61159  88.9768 325.6840 0060163  78.3064 282.4881 14.42269995 28376
CZ-6A DEB
1 61159U 24140RD  25066.74948106  .00002845  00000-0  83954-3 0  9992
2 61159  88.9768 325.5587 0060114  74.9732 285.8113 14.42276039 28522
CZ-6A DEB
1 61159U 24140RD  25066.74948106  .00002845  00000-0  83954-3 0  9992
2 61159  88.9768 325.5587 0060114  74.9732 285.8113 14.42276039 28522
CZ-6A DEB
1 61159U 24140RD  25067.16575908  .00002758  00000-0  81390-3 0  9990
2 61159  88.9769 325.5086 0060105  73.6365 287.1435 14.42278047 28584
CZ-6A DEB
1 61159U 24140RD  25067.72079494  .00003092  00000-0  91283-3 0  9995
2 61159  88.9770 325.4418 0060085  71.8452 288.9280 14.42282282 28660
CZ-6A DEB
1 61159U 24140RD  25068.20644978  .00003721  00000-0  10992-2 0  9990
2 61159  88.9771 325.3834 0060109  70.2931 290.4743 14.42287259 28733
CZ-6A DEB
1 61159U 24140RD  25068.20644978  .00003721  00000-0  10992-2 0  9990
2 61159  88.9771 325.3834 0060109  70.2931 290.4743 14.42287259 28733
CZ-6A DEB
1 61159U 24140RD  25068.69210357  .00003600  00000-0  10633-2 0  9991
2 61159  88.9771 325.3253 0060105  68.7421 292.0186 14.42289970 28809
CZ-6A DEB
1 61159U 24140RD  25069.17775636  .00003412  00000-0  10076-2 0  9993
2 61159  88.9772 325.2669 0060082  67.1775 293.5758 14.42292413 28873
CZ-6A DEB
1 61159U 24140RD  25069.73278630  .00003280  00000-0  96836-3 0  9999
2 61159  88.9771 325.2000 0060019  65.3634 295.3803 14.42295760 28953
CZ-6A DEB
1 61159U 24140RD  25069.73278630  .00003280  00000-0  96836-3 0  9999
2 61159  88.9771 325.2000 0060019  65.3634 295.3803 14.42295760 28953
CZ-6A DEB
1 61159U 24140RD  25070.42657185  .00003158  00000-0  93219-3 0  9999
2 61159  88.9771 325.1164 0060012  63.1295 297.6025 14.42299985 29051
CZ-6A DEB
1 61159U 24140RD  25070.70408516  .00003262  00000-0  96304-3 0  9996
2 61159  88.9770 325.0830 0059994  62.2242 298.5026 14.42302329 29090
CZ-6A DEB
1 61159U 24140RD  25071.12035444  .00003311  00000-0  97760-3 0  9991
2 61159  88.9769 325.0328 0059971  60.8818 299.8369 14.42305423 29157
CZ-6A DEB
1 61159U 24140RD  25071.18973258  .00003499  00000-0  10331-2 0  9996
2 61159  88.9769 325.0244 0059967  60.6539 300.0634 14.42306472 29163
CZ-6A DEB
1 61159U 24140RD  25071.67537896  .00003401  00000-0  10041-2 0  9995
2 61159  88.9768 324.9660 0059952  59.0892 301.6185 14.42309515 29237
CZ-6A DEB
1 61159U 24140RD  25072.71604369  .00004307  00000-0  12724-2 0  9997
2 61159  88.9768 324.8407 0059896  55.7388 304.9466 14.42320029 29382
CZ-6A DEB
1 61159U 24140RD  25072.71604369  .00004307  00000-0  12724-2 0  9997
2 61159  88.9768 324.8407 0059896  55.7388 304.9466 14.42320029 29382
CZ-6A DEB
1 61159U 24140RD  25073.20168475  .00004934  00000-0  14581-2 0  9994
2 61159  88.9769 324.7824 0059877  54.1730 306.5015 14.42325846 29456
CZ-6A DEB
1 61159U 24140RD  25073.68732379  .00004710  00000-0  13916-2 0  9999
2 61159  88.9765 324.7241 0059815  52.5914 308.0711 14.42330080 29527
CZ-6A DEB
1 61159U 24140RD  25074.10358444  .00004740  00000-0  14007-2 0  9999
2 61159  88.9765 324.6740 0059771  51.2449 309.4073 14.42334348 29583
CZ-6A DEB
1 61159U 24140RD  25074.10358444  .00004740  00000-0  14007-2 0  9999
2 61159  88.9765 324.6740 0059771  51.2449 309.4073 14.42334348 29583
CZ-6A DEB
1 61159U 24140RD  25074.65859665  .00004596  00000-0  13578-2 0  9991
2 61159  88.9763 324.6072 0059698  49.4341 311.2036 14.42339683 29663
CZ-6A DEB
1 61159U 24140RD  25075.69923901  .00004400  00000-0  12995-2 0  9997
2 61159  88.9760 324.4820 0059615  46.0770 314.5331 14.42349442 29812
CZ-6A DEB
1 61159U 24140RD  25075.69923901  .00004400  00000-0  12995-2 0  9997
2 61159  88.9760 324.4820 0059615  46.0770 314.5331 14.42349442 29812
CZ-6A DEB
1 61159U 24140RD  25076.18486920  .00004768  00000-0  14086-2 0  9997
2 61159  88.9758 324.4233 0059534  44.4679 316.1279 14.42355167 29884
CZ-6A DEB
1 61159U 24140RD  25076.94799907  .00005138  00000-0  15178-2 0  9998
2 61159  88.9755 324.3315 0059488  41.9717 318.6022 14.42363635 29998
CZ-6A DEB
1 61159U 24140RD  25077.15612480  .00005280  00000-0  15599-2 0  9997
2 61159  88.9754 324.3064 0059449  41.3169 319.2509 14.42366008 30020
CZ-6A DEB
1 61159U 24140RD  25077.71112475  .00004982  00000-0  14717-2 0  9997
2 61159  88.9755 324.2394 0059386  39.5036 321.0473 14.42371218 30107
CZ-6A DEB
1 61159U 24140RD  25078.19674731  .00005215  00000-0  15404-2 0  9992
2 61159  88.9754 324.1808 0059324  37.9246 322.6112 14.42377212 30176
CZ-6A DEB
1 61159U 24140RD  25078.19674731  .00005215  00000-0  15404-2 0  9992
2 61159  88.9754 324.1808 0059324  37.9246 322.6112 14.42377212 30176
CZ-6A DEB
1 61159U 24140RD  25079.09861172  .00005768  00000-0  17038-2 0  9997
2 61159  88.9753 324.0719 0059184  34.9586 325.5479 14.42389474 30309
CZ-6A DEB
1 61159U 24140RD  25079.72297570  .00005238  00000-0  15468-2 0  9999
2 61159  88.9750 323.9962 0059105  32.9188 327.5672 14.42395927 30399
CZ-6A DEB
1 61159U 24140RD  25080.62483001  .00004484  00000-0  13235-2 0  9998
2 61159  88.9750 323.8874 0059017  29.9926 330.4635 14.42404337 30521
CZ-6A DEB
1 61159U 24140RD  25080.69420309  .00004438  00000-0  13100-2 0  9997
2 61159  88.9749 323.8790 0058997  29.7561 330.6975 14.42405033 30539
CZ-6A DEB
1 61159U 24140RD  25081.11044090  .00004957  00000-0  14636-2 0  9995
2 61159  88.9750 323.8288 0058961  28.4156 332.0240 14.42410684 30595
CZ-6A DEB
1 61159U 24140RD  25081.11044090  .00004957  00000-0  14636-2 0  9995
2 61159  88.9750 323.8288 0058961  28.4156 332.0240 14.42410684 30595
CZ-6A DEB
1 61159U 24140RD  25081.66542119  .00006287  00000-0  18567-2 0  9995
2 61159  88.9750 323.7616 0058850  26.5949 333.8251 14.42420321 30674
CZ-6A DEB
1 61159U 24140RD  25082.15102644  .00007146  00000-0  21108-2 0  9995
2 61159  88.9751 323.7030 0058776  25.0326 335.3706 14.42428823 30740
CZ-6A DEB
1 61159U 24140RD  25082.15102644  .00007146  00000-0  21108-2 0  9995
2 61159  88.9751 323.7030 0058776  25.0326 335.3706 14.42428823 30740
CZ-6A DEB
1 61159U 24140RD  25082.63662988  .00006168  00000-0  18214-2 0  9997
2 61159  88.9750 323.6444 0058701  23.4277 336.9579 14.42433605 30819
CZ-6A DEB
1 61159U 24140RD  25083.39971724  .00005050  00000-0  14904-2 0  9993
2 61159  88.9749 323.5521 0058600  20.9179 339.4401 14.42441128 30926
CZ-6A DEB
1 61159U 24140RD  25083.60783108  .00005178  00000-0  15284-2 0  9997
2 61159  88.9749 323.5270 0058565  20.2126 340.1376 14.42443895 30958
CZ-6A DEB
1 61159U 24140RD  25083.95468676  .00005429  00000-0  16024-2 0  9997
2 61159  88.9750 323.4852 0058524  19.0738 341.2637 14.42448299 31007
CZ-6A DEB
1 61159U 24140RD  25085.13399048  .00004831  00000-0  14253-2 0  9993
2 61159  88.9747 323.3431 0058337  15.1854 345.1082 14.42459347 31174
CZ-6A DEB
1 61159U 24140RD  25085.61958304  .00004844  00000-0  14291-2 0  9998
2 61159  88.9748 323.2845 0058271  13.5591 346.7161 14.42464468 31243
CZ-6A DEB
1 61159U 24140RD  25086.38265315  .00005508  00000-0  16254-2 0  9995
2 61159  88.9746 323.1925 0058151  11.0575 349.1890 14.42473973 31350
CZ-6A DEB
1 61159U 24140RD  25086.59076275  .00004895  00000-0  14442-2 0  9998
2 61159  88.9747 323.1674 0058128  10.3631 349.8754 14.42474906 31387
CZ-6A DEB
1 61159U 24140RD  25087.07635003  .00005011  00000-0  14784-2 0  9992
2 61159  88.9744 323.1088 0058049   8.7570 351.4631 14.42480399 31452
CZ-6A DEB
1 61159U 24140RD  25087.90878288  .00003835  00000-0  11304-2 0  9995
2 61159  88.9741 323.0084 0057916   5.9529 354.2348 14.42485536 31576
CZ-6A DEB
1 61159U 24140RD  25087.90878288  .00003835  00000-0  11304-2 0  9995
2 61159  88.9741 323.0084 0057916   5.9529 354.2348 14.42485536 31576
CZ-6A DEB
1 61159U 24140RD  25088.67184320  .00003426  00000-0  10096-2 0  9990
2 61159  88.9737 322.9162 0057795   3.4175 356.7410 14.42490691 31688
CZ-6A DEB
1 61159U 24140RD  25089.08805720  .00003069  00000-0  90381-3 0  9999
2 61159  88.9735 322.8659 0057729   1.9592 358.1825 14.42492584 31745
CZ-6A DEB
1 61159U 24140RD  25089.08805720  .00003069  00000-0  90381-3 0  9999
2 61159  88.9735 322.8659 0057729   1.9592 358.1825 14.42492584 31745
CZ-6A DEB
1 61159U 24140RD  25089.64300786  .00003020  00000-0  88928-3 0  9994
2 61159  88.9732 322.7988 0057641   0.0863   0.0339 14.42496069 31824
CZ-6A DEB
1 61159U 24140RD  25090.12858910  .00002811  00000-0  82754-3 0  9994
2 61159  88.9727 322.7402 0057577 358.4540   1.6475 14.42498323 31899
CZ-6A DEB
1 61159U 24140RD  25090.61416932  .00002807  00000-0  82625-3 0  9994
2 61159  88.9726 322.6812 0057513 356.8457   3.2374 14.42501001 31963
CZ-6A DEB
1 61159U 24140RD  25090.68353781  .00002810  00000-0  82733-3 0  9997
2 61159  88.9726 322.6729 0057502 356.6108   3.4696 14.42501425 31979
CZ-6A DEB
1 61159U 24140RD  25091.37722206  .00002784  00000-0  81953-3 0  9999
2 61159  88.9725 322.5889 0057389 354.2603   5.7934 14.42505058 32079
CZ-6A DEB
1 61159U 24140RD  25091.37722206  .00002784  00000-0  81953-3 0  9999
2 61159  88.9725 322.5889 0057389 354.2603   5.7934 14.42505058 32079
CZ-6A DEB
1 61159U 24140RD  25091.65469529  .00002718  00000-0  80011-3 0  9997
2 61159  88.9724 322.5553 0057349 353.3285   6.7147 14.42506489 32119
CZ-6A DEB
1 61159U 24140RD  25092.62584923  .00002904  00000-0  85520-3 0  9998
2 61159  88.9723 322.4376 0057225 350.0342   9.9720 14.42512316 32254
CZ-6A DEB
1 61159U 24140RD  25092.62584923  .00002904  00000-0  85520-3 0  9998
2 61159  88.9723 322.4376 0057225 350.0342   9.9720 14.42512316 32254
CZ-6A DEB
1 61159U 24140RD  25093.59699903  .00003164  00000-0  93199-3 0  9990
2 61159  88.9722 322.3200 0057067 346.7623  13.2078 14.42518822 32393
CZ-6A DEB
1 61159U 24140RD  25093.66636661  .00003183  00000-0  93754-3 0  9998
2 61159  88.9724 322.3116 0057051 346.5451  13.4227 14.42519389 32400
CZ-6A DEB
1 61159U 24140RD  25093.66636661  .00003183  00000-0  93754-3 0  9998
2 61159  88.9724 322.3116 0057051 346.5451  13.4227 14.42519389 32400
CZ-6A DEB
1 61159U 24140RD  25094.08257204  .00003549  00000-0  10460-2 0  9995
2 61159  88.9725 322.2613 0056956 345.2086  14.7447 14.42523232 32461
CZ-6A DEB
1 61159U 24140RD  25094.63751140  .00003266  00000-0  96213-3 0  9991
2 61159  88.9725 322.1940 0056891 343.2871  16.6455 14.42526019 32546
CZ-6A DEB
1 61159U 24140RD  25095.05371434  .00003512  00000-0  10350-2 0  9993
2 61159  88.9725 322.1437 0056805 341.9000  18.0179 14.42529930 32602
CZ-6A DEB
1 61159U 24140RD  25095.67801715  .00003672  00000-0  10821-2 0  9991
2 61159  88.9724 322.0679 0056740 339.7451  20.1500 14.42535382 32690
CZ-6A DEB
1 61159U 24140RD  25096.09421785  .00003628  00000-0  10691-2 0  9999
2 61159  88.9728 322.0173 0056592 338.3620  21.5191 14.42538716 32753
CZ-6A DEB
1 61159U 24140RD  25096.92661675  .00003443  00000-0  10143-2 0  9992
2 61159  88.9727 321.9169 0056468 335.5155  24.3367 14.42544860 32875
CZ-6A DEB
1 61159U 24140RD  25097.62028041  .00002974  00000-0  87570-3 0  9991
2 61159  88.9726 321.8329 0056407 333.1111  26.7170 14.42548839 32979
CZ-6A DEB
1 61159U 24140RD  25097.62028041  .00002974  00000-0  87570-3 0  9991
2 61159  88.9726 321.8329 0056407 333.1111  26.7170 14.42548839 32979
CZ-6A DEB
1 61159U 24140RD  25098.10584373  .00003059  00000-0  90091-3 0  9997
2 61159  88.9725 321.7741 0056345 331.4406  28.3712 14.42552243 33047
CZ-6A DEB
1 61159U 24140RD  25098.86887012  .00002959  00000-0  87127-3 0  9990
2 61159  88.9724 321.6820 0056238 328.8285  30.9585 14.42556620 33151
CZ-6A DEB
1 61159U 24140RD  25098.86887012  .00002959  00000-0  87127-3 0  9990
2 61159  88.9724 321.6820 0056238 328.8285  30.9585 14.42556620 33151
CZ-6A DEB
1 61159U 24140RD  25099.56252861  .00003175  00000-0  93498-3 0  9995
2 61159  88.9722 321.5982 0056129 326.4420  33.3231 14.42561229 33258
CZ-6A DEB
1 61159U 24140RD  25099.63189436  .00003163  00000-0  93150-3 0  9992
2 61159  88.9721 321.5898 0056122 326.1969  33.5659 14.42561607 33268
CZ-6A DEB
1 61159U 24140RD  25100.04808809  .00003095  00000-0  91133-3 0  9995
2 61159  88.9720 321.5394 0056066 324.7623  34.9877 14.42564164 33321
CZ-6A DEB
1 61159U 24140RD  25100.04808809  .00003095  00000-0  91133-3 0  9995
2 61159  88.9720 321.5394 0056066 324.7623  34.9877 14.42564164 33321
CZ-6A DEB
1 61159U 24140RD  25100.60301212  .00003410  00000-0  10047-2 0  9998
2 61159  88.9719 321.4723 0055949 322.8942  36.8398 14.42568504 33406
CZ-6A DEB
1 61159U 24140RD  25101.64349148  .00003127  00000-0  92079-3 0  9994
2 61159  88.9714 321.3462 0055896 319.2459  40.4568 14.42574213 33554
CZ-6A DEB
1 61159U 24140RD  25101.64349148  .00003127  00000-0  92079-3 0  9994
2 61159  88.9714 321.3462 0055896 319.2459  40.4568 14.42574213 33554
CZ-6A DEB
1 61159U 24140RD  25102.54523658  .00003047  00000-0  89711-3 0  9994
2 61159  88.9710 321.2370 0055782 316.1303  43.5475 14.42579697 33681
CZ-6A DEB
1 61159U 24140RD  25102.61460131  .00003138  00000-0  92408-3 0  9996
2 61159  88.9710 321.2286 0055768 315.8961  43.7800 14.42580513 33691
CZ-6A DEB
1 61159U 24140RD  25103.03079009  .00003125  00000-0  92009-3 0  9996
2 61159  88.9708 321.1781 0055723 314.4455  45.2195 14.42583093 33758
CZ-6A DEB
1 61159U 24140RD  25103.58570766  .00002870  00000-0  84475-3 0  9996
2 61159  88.9706 321.1109 0055641 312.5338  47.1173 14.42585697 33836
CZ-6A DEB
1 61159U 24140RD  25104.55681074  .00002962  00000-0  87202-3 0  9992
2 61159  88.9703 320.9932 0055541 309.1567  50.4707 14.42591642 33971
CZ-6A DEB
1 61159U 24140RD  25105.59727520  .00002824  00000-0  83100-3 0  9994
2 61159  88.9702 320.8670 0055422 305.5376  54.0665 14.42596887 34121
CZ-6A DEB
1 61159U 24140RD  25105.59727520  .00002824  00000-0  83100-3 0  9994
2 61159  88.9702 320.8670 0055422 305.5376  54.0665 14.42596887 34121
CZ-6A DEB
1 61159U 24140RD  25106.56837161  .00002857  00000-0  84074-3 0  9992
2 61159  88.9701 320.7492 0055317 302.1459  57.4383 14.42602354 34265
CZ-6A DEB
1 61159U 24140RD  25107.05391250  .00006362  00000-0  18762-2 0  9996
2 61159  88.9701 320.6903 0055319 300.4493  59.1251 14.42618944 34335
CZ-6A DEB
1 61159U 24140RD  25107.60882766  .00002801  00000-0  82417-3 0  9997
2 61159  88.9701 320.6229 0055248 298.4992  61.0653 14.42608278 34413
CZ-6A DEB
1 61159U 24140RD  25107.60882766  .00002801  00000-0  82417-3 0  9997
2 61159  88.9701 320.6229 0055248 298.4992  61.0653 14.42608278 34413
CZ-6A DEB
1 61159U 24140RD  25109.55100358  .00002351  00000-0  69118-3 0  9996
2 61159  88.9700 320.3872 0055118 291.6898  67.8441 14.42617670 34694
CZ-6A DEB
1 61159U 24140RD  25109.55100358  .00002351  00000-0  69118-3 0  9996
2 61159  88.9700 320.3872 0055118 291.6898  67.8441 14.42617670 34694
CZ-6A DEB
1 61159U 24140RD  25110.52208720  .00002364  00000-0  69490-3 0  9994
2 61159  88.9701 320.2694 0055051 288.2910  71.2307 14.42622750 34830
CZ-6A DEB
1 61159U 24140RD  25111.07699112  .00002272  00000-0  66757-3 0  9995
2 61159  88.9701 320.2021 0055017 286.3295  73.1861 14.42625058 34910
CZ-6A DEB
1 61159U 24140RD  25111.56253086  .00002735  00000-0  80446-3 0  9990
2 61159  88.9701 320.1432 0055000 284.6279  74.8829 14.42628947 34989
CZ-6A DEB
1 61159U 24140RD  25112.53360785  .00002715  00000-0  79846-3 0  9993
2 61159  88.9700 320.0255 0054974 281.1961  78.3065 14.42634111 35127
CZ-6A DEB
1 61159U 24140RD  25112.53360785  .00002715  00000-0  79846-3 0  9993
2 61159  88.9700 320.0255 0054974 281.1961  78.3065 14.42634111 35127
CZ-6A DEB
1 61159U 24140RD  25113.01914536  .00002658  00000-0  78148-3 0  9996
2 61159  88.9700 319.9667 0054964 279.4983  80.0010 14.42636512 35198
CZ-6A DEB
1 61159U 24140RD  25114.05957982  .00002620  00000-0  77039-3 0  9990
2 61159  88.9697 319.8405 0054925 275.8238  83.6705 14.42642204 35344
CZ-6A DEB
1 61159U 24140RD  25114.54511448  .00002728  00000-0  80219-3 0  9990
2 61159  88.9695 319.7817 0054922 274.1236  85.3691 14.42645327 35415
CZ-6A DEB
1 61159U 24140RD  25115.51618134  .00002760  00000-0  81148-3 0  9996
2 61159  88.9691 319.6637 0054896 270.7249  88.7664 14.42651050 35558
CZ-6A DEB
1 61159U 24140RD  25116.55660639  .00002820  00000-0  82903-3 0  9995
2 61159  88.9691 319.5376 0054879 267.0445  92.4476 14.42657264 35708
CZ-6A DEB
1 61159U 24140RD  25117.52766608  .00003028  00000-0  89036-3 0  9991
2 61159  88.9688 319.4195 0054871 263.5997  95.8956 14.42663684 35845
CZ-6A DEB
1 61159U 24140RD  25118.98424916  .00002744  00000-0  80639-3 0  9999
2 61159  88.9686 319.2423 0054873 258.4323 101.0716 14.42671464 36056
CZ-6A DEB
1 61159U 24140RD  25121.55059324  .00002626  00000-0  77137-3 0  9991
2 61159  88.9684 318.9300 0054965 249.4622 110.0677 14.42685163 36426
CZ-6A DEB
1 61159U 24140RD  25121.55059324  .00002626  00000-0  77137-3 0  9991
2 61159  88.9684 318.9300 0054965 249.4622 110.0677 14.42685163 36426
CZ-6A DEB
1 61159U 24140RD  25122.03611547  .00002523  00000-0  74079-3 0  9994
2 61159  88.9683 318.8707 0054988 247.7565 111.7800 14.42687384 36497
CZ-6A DEB
1 61159U 24140RD  25122.52163652  .00002779  00000-0  81624-3 0  9994
2 61159  88.9684 318.8117 0055010 246.0476 113.4960 14.42690922 36569
CZ-6A DEB
1 61159U 24140RD  25123.56203620  .00002783  00000-0  81729-3 0  9990
2 61159  88.9684 318.6853 0055071 242.3899 117.1706 14.42696828 36716
CZ-6A DEB
1 61159U 24140RD  25123.56203620  .00002783  00000-0  81729-3 0  9990
2 61159  88.9684 318.6853 0055071 242.3899 117.1706 14.42696828 36716
CZ-6A DEB
1 61159U 24140RD  25124.53307294  .00002373  00000-0  69629-3 0  9990
2 61159  88.9682 318.5670 0055132 238.9776 120.6006 14.42700878 36851
CZ-6A DEB
1 61159U 24140RD  25124.94923053  .00002415  00000-0  70857-3 0  9994
2 61159  88.9685 318.5165 0055166 237.5144 122.0720 14.42703277 36916
CZ-6A DEB
1 61159U 24140RD  25124.94923053  .00002415  00000-0  70857-3 0  9994
2 61159  88.9685 318.5165 0055166 237.5144 122.0720 14.42703277 36916
CZ-6A DEB
1 61159U 24140RD  25125.78154419  .00002273  00000-0  66668-3 0  9996
2 61159  88.9683 318.4153 0055225 234.5359 125.0683 14.42707176 37038
CZ-6A DEB
1 61159U 24140RD  25126.26705979  .00002296  00000-0  67339-3 0  9994
2 61159  88.9683 318.3564 0055268 232.8857 126.7289 14.42709531 37109
CZ-6A DEB
1 61159U 24140RD  25126.26705979  .00002296  00000-0  67339-3 0  9994
2 61159  88.9683 318.3564 0055268 232.8857 126.7289 14.42709531 37109
CZ-6A DEB
1 61159U 24140RD  25127.51552571  .00002160  00000-0  63305-3 0  9990
2 61159  88.9685 318.2051 0055379 228.5682 131.0756 14.42714694 37285
CZ-6A DEB
1 61159U 24140RD  25128.55591119  .00002196  00000-0  64350-3 0  9996
2 61159  88.9682 318.0787 0055470 224.9587 134.7118 14.42719077 37431
CZ-6A DEB
1 61159U 24140RD  25128.97206456  .00002216  00000-0  64952-3 0  9990
2 61159  88.9681 318.0281 0055514 223.5150 136.1667 14.42720841 37491
CZ-6A DEB
1 61159U 24140RD  25129.94308762  .00002006  00000-0  58747-3 0  9993
2 61159  88.9679 317.9101 0055622 220.1505 139.5582 14.42724062 37632
CZ-6A DEB
1 61159U 24140RD  25129.94308762  .00002006  00000-0  58747-3 0  9993
2 61159  88.9679 317.9101 0055622 220.1505 139.5582 14.42724062 37632
CZ-6A DEB
1 61159U 24140RD  25130.49795679  .00001957  00000-0  57294-3 0  9992
2 61159  88.9678 317.8426 0055693 218.2103 141.5147 14.42726175 37716
CZ-6A DEB
1 61159U 24140RD  25131.46897637  .00001865  00000-0  54550-3 0  9997
2 61159  88.9676 317.7244 0055813 214.8452 144.9093 14.42729624 37858
CZ-6A DEB
1 61159U 24140RD  25131.46897637  .00001865  00000-0  54550-3 0  9997
2 61159  88.9676 317.7244 0055813 214.8452 144.9093 14.42729624 37858
CZ-6A DEB
1 61159U 24140RD  25131.95448516  .00001871  00000-0  54722-3 0  9997
2 61159  88.9676 317.6653 0055876 213.1690 146.6006 14.42731584 37925
CZ-6A DEB
1 61159U 24140RD  25132.50935182  .00001918  00000-0  56121-3 0  9996
2 61159  88.9676 317.5978 0055932 211.2639 148.5234 14.42733870 38003
CZ-6A DEB
1 61159U 24140RD  25132.78678473  .00001892  00000-0  55348-3 0  9994
2 61159  88.9678 317.5640 0055936 210.3767 149.4192 14.42734690 38045
CZ-6A DEB
1 61159U 24140RD  25133.54972509  .00001883  00000-0  55064-3 0  9991
2 61159  88.9677 317.4713 0056035 207.7488 152.0723 14.42737455 38159
CZ-6A DEB
1 61159U 24140RD  25133.54972509  .00001883  00000-0  55064-3 0  9991
2 61159  88.9677 317.4713 0056035 207.7488 152.0723 14.42737455 38159
CZ-6A DEB
1 61159U 24140RD  25134.24330545  .00001902  00000-0  55627-3 0  9994
2 61159  88.9677 317.3869 0056127 205.3729 154.4716 14.42740269 38250
CZ-6A DEB
1 61159U 24140RD  25134.93688495  .00001824  00000-0  53313-3 0  9993
2 61159  88.9678 317.3025 0056221 202.9896 156.8791 14.42742486 38351
CZ-6A DEB
1 61159U 24140RD  25134.93688495  .00001824  00000-0  53313-3 0  9993
2 61159  88.9678 317.3025 0056221 202.9896 156.8791 14.42742486 38351
CZ-6A DEB
1 61159U 24140RD  25135.97725247  .00001764  00000-0  51543-3 0  9991
2 61159  88.9678 317.1760 0056357 199.4264 160.4791 14.42745944 38504
CZ-6A DEB
1 61159U 24140RD  25136.46275646  .00001800  00000-0  52597-3 0  9990
2 61159  88.9678 317.1170 0056425 197.7692 162.1540 14.42747866 38574
CZ-6A DEB
1 61159U 24140RD  25137.50311872  .00002280  00000-0  66721-3 0  9995
2 61159  88.9677 316.9904 0056572 194.2228 165.7386 14.42754598 38729
CZ-6A DEB
1 61159U 24140RD  25137.50311872  .00002280  00000-0  66721-3 0  9995
2 61159  88.9677 316.9904 0056572 194.2228 165.7386 14.42754598 38729
CZ-6A DEB
1 61159U 24140RD  25137.91926300  .00002328  00000-0  68121-3 0  9997
2 61159  88.9678 316.9398 0056626 192.8058 167.1711 14.42756486 38784
CZ-6A DEB
1 61159U 24140RD  25138.47412156  .00002367  00000-0  69281-3 0  9999
2 61159  88.9678 316.8723 0056709 190.9220 169.0757 14.42758830 38862
CZ-6A DEB
1 61159U 24140RD  25138.95962242  .00002197  00000-0  64273-3 0  9995
2 61159  88.9678 316.8132 0056807 189.2755 170.7404 14.42759711 38934
CZ-6A DEB
1 61159U 24140RD  25139.51447991  .00001882  00000-0  54976-3 0  9996
2 61159  88.9679 316.7459 0056898 187.3969 172.6401 14.42760065 39014
CZ-6A DEB
1 61159U 24140RD  25140.20805040  .00001980  00000-0  57848-3 0  9997
2 61159  88.9679 316.6616 0056973 185.0390 175.0248 14.42763195 39119
CZ-6A DEB
1 61159U 24140RD  25140.48547776  .00001901  00000-0  55517-3 0  9990
2 61159  88.9681 316.6278 0057023 184.1076 175.9667 14.42763997 39152
CZ-6A DEB
1 61159U 24140RD  25140.76290524  .00001887  00000-0  55123-3 0  9993
2 61159  88.9680 316.5940 0057069 183.1707 176.9143 14.42765007 39194
CZ-6A DEB
1 61159U 24140RD  25141.52583003  .00001728  00000-0  50420-3 0  9994
2 61159  88.9679 316.5011 0057186 180.5975 179.5170 14.42767129 39308
CZ-6A DEB
1 61159U 24140RD  25141.52583003  .00001728  00000-0  50420-3 0  9994
2 61159  88.9679 316.5011 0057186 180.5975 179.5170 14.42767129 39308
CZ-6A DEB
1 61159U 24140RD  25142.49682307  .00001879  00000-0  54845-3 0  9990
2 61159  88.9679 316.3831 0057322 177.3367 182.8153 14.42771615 39445
CZ-6A DEB
1 61159U 24140RD  25142.91296223  .00001750  00000-0  51068-3 0  9997
2 61159  88.9680 316.3324 0057393 175.9394 184.2286 14.42772508 39508
CZ-6A DEB
1 61159U 24140RD  25143.46781382  .00001748  00000-0  50982-3 0  9994
2 61159  88.9679 316.2649 0057475 174.0753 186.1142 14.42774540 39583
CZ-6A DEB
1 61159U 24140RD  25143.74523941  .00001738  00000-0  50680-3 0  9994
2 61159  88.9680 316.2312 0057498 173.1328 187.0676 14.42775464 39628
CZ-6A DEB
1 61159U 24140RD  25144.43880236  .00001766  00000-0  51506-3 0  9993
2 61159  88.9681 316.1469 0057600 170.8199 189.4071 14.42778124 39728
CZ-6A DEB
1 61159U 24140RD  25144.43880236  .00001766  00000-0  51506-3 0  9993
2 61159  88.9681 316.1469 0057600 170.8199 189.4071 14.42778124 39728
CZ-6A DEB
1 61159U 24140RD  25144.92429569  .00001714  00000-0  49985-3 0  9996
2 61159  88.9681 316.0879 0057679 169.2041 191.0415 14.42779587 39798
CZ-6A DEB
1 61159U 24140RD  25144.99365185  .00001713  00000-0  49954-3 0  9991
2 61159  88.9682 316.0795 0057687 168.9712 191.2771 14.42779822 39807
CZ-6A DEB
1 61159U 24140RD  25145.47914455  .00001784  00000-0  52033-3 0  9995
2 61159  88.9682 316.0205 0057749 167.3454 192.9215 14.42781905 39871
CZ-6A DEB
1 61159U 24140RD  25145.89528063  .00001705  00000-0  49687-3 0  9991
2 61159  88.9681 315.9698 0057819 165.9664 194.3163 14.42782966 39932
CZ-6A DEB
1 61159U 24140RD  25147.42110970  .00001722  00000-0  50187-3 0  9992
2 61159  88.9680 315.7843 0058031 160.8973 199.4425 14.42788303 40159
CZ-6A DEB
1 61159U 24140RD  25147.42110970  .00001722  00000-0  50187-3 0  9992
2 61159  88.9680 315.7843 0058031 160.8973 199.4425 14.42788303 40159
CZ-6A DEB
1 61159U 24140RD  25148.46144381  .00001845  00000-0  53792-3 0  9991
2 61159  88.9681 315.6579 0058177 157.4592 202.9186 14.42792674 40302
CZ-6A DEB
1 61159U 24140RD  25148.46144381  .00001845  00000-0  53792-3 0  9991
2 61159  88.9681 315.6579 0058177 157.4592 202.9186 14.42792674 40302
CZ-6A DEB
1 61159U 24140RD  25149.43241969  .00001919  00000-0  55955-3 0  9994
2 61159  88.9683 315.5398 0058303 154.2535 206.1591 14.42796584 40440
CZ-6A DEB
1 61159U 24140RD  25149.91790590  .00001954  00000-0  56990-3 0  9995
2 61159  88.9682 315.4806 0058376 152.6751 207.7543 14.42798780 40516
CZ-6A DEB
1 61159U 24140RD  25149.91790590  .00001954  00000-0  56990-3 0  9995
2 61159  88.9682 315.4806 0058376 152.6751 207.7543 14.42798780 40516
CZ-6A DEB
1 61159U 24140RD  25150.47274735  .00001954  00000-0  56960-3 0  9993
2 61159  88.9682 315.4131 0058444 150.8490 209.5997 14.42800812 40594
CZ-6A DEB
1 61159U 24140RD  25150.95823238  .00001972  00000-0  57500-3 0  9995
2 61159  88.9682 315.3541 0058507 149.2464 211.2189 14.42802877 40665
CZ-6A DEB
1 61159U 24140RD  25151.44371722  .00001975  00000-0  57573-3 0  9999
2 61159  88.9683 315.2951 0058568 147.6565 212.8250 14.42804700 40732
CZ-6A DEB
1 61159U 24140RD  25152.41468306  .00002349  00000-0  68552-3 0  9997
2 61159  88.9684 315.1770 0058674 144.4547 216.0587 14.42810916 40874
CZ-6A DEB
1 61159U 24140RD  25152.41468306  .00002349  00000-0  68552-3 0  9997
2 61159  88.9684 315.1770 0058674 144.4547 216.0587 14.42810916 40874
CZ-6A DEB
1 61159U 24140RD  25152.90016444  .00002618  00000-0  76456-3 0  9994
2 61159  88.9688 315.1178 0058804 142.8728 217.6565 14.42813994 40948
CZ-6A DEB
1 61159U 24140RD  25153.45499954  .00002618  00000-0  76438-3 0  9996
2 61159  88.9687 315.0503 0058855 141.0467 219.4999 14.42816708 41022
CZ-6A DEB
1 61159U 24140RD  25153.94047830  .00002808  00000-0  82020-3 0  9997
2 61159  88.9688 314.9911 0058915 139.4732 221.0881 14.42820220 41097
CZ-6A DEB
1 61159U 24140RD  25155.18885009  .00002019  00000-0  58812-3 0  9999
2 61159  88.9685 314.8396 0059043 135.3842 225.2135 14.42824324 41277
CZ-6A DEB
1 61159U 24140RD  25155.46626502  .00002178  00000-0  63495-3 0  9990
2 61159  88.9685 314.8059 0059068 134.4910 226.1143 14.42826376 41319
CZ-6A DEB
1 61159U 24140RD  25155.88238694  .00002265  00000-0  66039-3 0  9991
2 61159  88.9685 314.7554 0059095 133.1334 227.4833 14.42828886 41378
CZ-6A DEB
1 61159U 24140RD  25156.43721592  .00001821  00000-0  52986-3 0  9990
2 61159  88.9684 314.6880 0059148 131.3148 229.3168 14.42830046 41452
CZ-6A DEB
1 61159U 24140RD  25156.43721592  .00001821  00000-0  52986-3 0  9990
2 61159  88.9684 314.6880 0059148 131.3148 229.3168 14.42830046 41452
CZ-6A DEB
1 61159U 24140RD  25156.92269028  .00001809  00000-0  52652-3 0  9991
2 61159  88.9684 314.6290 0059188 129.7467 230.8973 14.42832138 41529
CZ-6A DEB
1 61159U 24140RD  25157.68557773  .00001676  00000-0  48743-3 0  9990
2 61159  88.9683 314.5363 0059250 127.2505 233.4123 14.42834528 41637
CZ-6A DEB
1 61159U 24140RD  25157.89363758  .00001621  00000-0  47123-3 0  9992
2 61159  88.9683 314.5111 0059268 126.6016 234.0660 14.42835162 41668
CZ-6A DEB
1 61159U 24140RD  25158.37911035  .00001565  00000-0  45477-3 0  9990
2 61159  88.9682 314.4521 0059305 125.0277 235.6511 14.42836614 41738
CZ-6A DEB
1 61159U 24140RD  25158.86458220  .00001682  00000-0  48893-3 0  9991
2 61159  88.9683 314.3930 0059334 123.4900 237.1993 14.42838690 41804
CZ-6A DEB
1 61159U 24140RD  25159.41940697  .00001623  00000-0  47153-3 0  9990
2 61159  88.9684 314.3254 0059378 121.6602 239.0411 14.42840229 41886
CZ-6A DEB
1 61159U 24140RD  25160.87581739  .00001570  00000-0  45611-3 0  9998
2 61159  88.9685 314.1482 0059437 116.9802 243.7488 14.42844894 42095
CZ-6A DEB
1 61159U 24140RD  25161.15322820  .00001504  00000-0  43657-3 0  9999
2 61159  88.9687 314.1147 0059396 116.0599 244.6735 14.42845209 42134
CZ-6A DEB
1 61159U 24140RD  25161.84675487  .00001411  00000-0  40921-3 0  9993
2 61159  88.9687 314.0304 0059445 113.8009 246.9442 14.42846919 42234
CZ-6A DEB
1 61159U 24140RD  25161.84675487  .00001411  00000-0  40921-3 0  9993
2 61159  88.9687 314.0304 0059445 113.8009 246.9442 14.42846919 42234
CZ-6A DEB
1 61159U 24140RD  25162.47092788  .00001420  00000-0  41194-3 0  9993
2 61159  88.9688 313.9546 0059492 111.7642 248.9906 14.42848902 42324
CZ-6A DEB
1 61159U 24140RD  25163.37250876  .00001557  00000-0  45223-3 0  9995
2 61159  88.9689 313.8452 0059505 108.8526 251.9143 14.42852560 42459
CZ-6A DEB
1 61159U 24140RD  25163.85797465  .00001533  00000-0  44510-3 0  9990
2 61159  88.9691 313.7863 0059527 107.2882 253.4846 14.42853983 42524
CZ-6A DEB
1 61159U 24140RD  25164.13538340  .00001529  00000-0  44396-3 0  9994
2 61159  88.9692 313.7526 0059557 106.3728 254.4034 14.42854868 42560
CZ-6A DEB
1 61159U 24140RD  25165.86918079  .00001723  00000-0  50057-3 0  9993
2 61159  88.9693 313.5418 0059604 100.7583 260.0337 14.42862330 42819
CZ-6A DEB
1 61159U 24140RD  25165.86918079  .00001723  00000-0  50057-3 0  9993
2 61159  88.9693 313.5418 0059604 100.7583 260.0337 14.42862330 42819
CZ-6A DEB
1 61159U 24140RD  25166.84010387  .00001703  00000-0  49492-3 0  9996
2 61159  88.9695 313.4240 0059598  97.6347 263.1630 14.42865744 42954
CZ-6A DEB
1 61159U 24140RD  25167.39491591  .00001619  00000-0  47016-3 0  9993
2 61159  88.9694 313.3568 0059578  95.8802 264.9196 14.42867267 43037
CZ-6A DEB
1 61159U 24140RD  25167.39491591  .00001619  00000-0  47016-3 0  9993
2 61159  88.9694 313.3568 0059578  95.8802 264.9196 14.42867267 43037
CZ-6A DEB
1 61159U 24140RD  25168.43518580  .00001654  00000-0  48043-3 0  9997
2 61159  88.9696 313.2305 0059579  92.5240 268.2786 14.42871322 43183
CZ-6A DEB
1 61159U 24140RD  25168.43518580  .00001654  00000-0  48043-3 0  9997
2 61159  88.9696 313.2305 0059579  92.5240 268.2786 14.42871322 43183
CZ-6A DEB
1 61159U 24140RD  25169.40610192  .00001613  00000-0  46826-3 0  9999
2 61159  88.9696 313.1126 0059581  89.3859 271.4171 14.42874586 43321
CZ-6A DEB
1 61159U 24140RD  25169.82220806  .00001580  00000-0  45866-3 0  9990
2 61159  88.9695 313.0619 0059570  88.0469 272.7554 14.42875866 43384
CZ-6A DEB
1 61159U 24140RD  25169.89155913  .00001617  00000-0  46950-3 0  9999
2 61159  88.9695 313.0535 0059569  87.8212 272.9811 14.42876272 43393
CZ-6A DEB
1 61159U 24140RD  25170.37701587  .00001484  00000-0  43050-3 0  9998
2 61159  88.9695 312.9946 0059559  86.2579 274.5431 14.42877142 43466
CZ-6A DEB
1 61159U 24140RD  25171.34792730  .00001426  00000-0  41334-3 0  9995
2 61159  88.9696 312.8767 0059521  83.1367 277.6602 14.42879925 43608
CZ-6A DEB
1 61159U 24140RD  25171.34792730  .00001426  00000-0  41334-3 0  9995
2 61159  88.9696 312.8767 0059521  83.1367 277.6602 14.42879925 43608
CZ-6A DEB
1 61159U 24140RD  25173.35909549  .00001244  00000-0  35997-3 0  9992
2 61159  88.9696 312.6325 0059425  76.6539 284.1280 14.42884519 43898
CZ-6A DEB
1 61159U 24140RD  25173.35909549  .00001244  00000-0  35997-3 0  9992
2 61159  88.9696 312.6325 0059425  76.6539 284.1280 14.42884519 43898
CZ-6A DEB
1 61159U 24140RD  25174.81545368  .00001159  00000-0  33517-3 0  9990
2 61159  88.9697 312.4557 0059346  71.9609 288.8048 14.42887730 44108
CZ-6A DEB
1 61159U 24140RD  25174.81545368  .00001159  00000-0  33517-3 0  9990
2 61159  88.9697 312.4557 0059346  71.9609 288.8048 14.42887730 44108
CZ-6A DEB
1 61159U 24140RD  25176.34115804  .00001106  00000-0  31966-3 0  9996
2 61159  88.9698 312.2707 0059213  67.0330 293.7105 14.42890942 44326
CZ-6A DEB
1 61159U 24140RD  25176.61855852  .00001070  00000-0  30905-3 0  9992
2 61159  88.9699 312.2370 0059200  66.1289 294.6102 14.42891307 44369
CZ-6A DEB
1 61159U 24140RD  25177.31205841  .00001106  00000-0  31959-3 0  9997
2 61159  88.9700 312.1530 0059141  63.8804 296.8467 14.42893122 44466
CZ-6A DEB
1 61159U 24140RD  25177.65880824  .00001082  00000-0  31247-3 0  9997
2 61159  88.9700 312.1109 0059117  62.7596 297.9613 14.42893712 44513
CZ-6A DEB
1 61159U 24140RD  25177.65880824  .00001082  00000-0  31247-3 0  9997
2 61159  88.9700 312.1109 0059117  62.7596 297.9613 14.42893712 44513
CZ-6A DEB
1 61159U 24140RD  25177.86685779  .00001084  00000-0  31318-3 0  9993
2 61159  88.9700 312.0856 0059092  62.0836 298.6332 14.42894253 44543
CZ-6A DEB
1 61159U 24140RD  25178.76840566  .00001050  00000-0  30330-3 0  9996
2 61159  88.9701 311.9762 0059004  59.1578 301.5411 14.42896026 44677
CZ-6A DEB
1 61159U 24140RD  25178.76840566  .00001050  00000-0  30330-3 0  9996
2 61159  88.9701 311.9762 0059004  59.1578 301.5411 14.42896026 44677
CZ-6A DEB
1 61159U 24140RD  25179.39255345  .00001014  00000-0  29263-3 0  9994
2 61159  88.9702 311.9005 0058943  57.1226 303.5630 14.42897136 44765
CZ-6A DEB
1 61159U 24140RD  25179.80865137  .00001017  00000-0  29350-3 0  9996
2 61159  88.9703 311.8500 0058898  55.7681 304.9082 14.42898085 44820
CZ-6A DEB
1 61159U 24140RD  25179.80865137  .00001017  00000-0  29350-3 0  9996
2 61159  88.9703 311.8500 0058898  55.7681 304.9082 14.42898085 44820
CZ-6A DEB
1 61159U 24140RD  25180.36344838  .00000985  00000-0  28432-3 0  9992
2 61159  88.9703 311.7828 0058848  53.9504 306.7130 14.42899083 44903
CZ-6A DEB
1 61159U 24140RD  25180.84889501  .00000993  00000-0  28647-3 0  9993
2 61159  88.9704 311.7239 0058796  52.3737 308.2781 14.42900240 44977
CZ-6A DEB
1 61159U 24140RD  25180.84889501  .00000993  00000-0  28647-3 0  9993
2 61159  88.9704 311.7239 0058796  52.3737 308.2781 14.42900240 44977
CZ-6A DEB
1 61159U 24140RD  25181.33434128  .00001037  00000-0  29942-3 0  9998
2 61159  88.9705 311.6651 0058743  50.7797 309.8600 14.42901553 45049
CZ-6A DEB
1 61159U 24140RD  25181.81978689  .00001071  00000-0  30958-3 0  9993
2 61159  88.9705 311.6061 0058686  49.1909 311.4362 14.42902902 45118
CZ-6A DEB
1 61159U 24140RD  25182.09718423  .00001063  00000-0  30700-3 0  9998
2 61159  88.9705 311.5725 0058661  48.2924 312.3276 14.42903499 45154
CZ-6A DEB
1 61159U 24140RD  25182.09718423  .00001063  00000-0  30700-3 0  9998
2 61159  88.9705 311.5725 0058661  48.2924 312.3276 14.42903499 45154
CZ-6A DEB
1 61159U 24140RD  25182.86002614  .00001195  00000-0  34600-3 0  9990
2 61159  88.9705 311.4799 0058583  45.7903 314.8089 14.42906022 45262
CZ-6A DEB
1 61159U 24140RD  25183.34547065  .00001121  00000-0  32428-3 0  9993
2 61159  88.9705 311.4211 0058524  44.2000 316.3856 14.42906703 45331
CZ-6A DEB
1 61159U 24140RD  25183.34547065  .00001121  00000-0  32428-3 0  9993
2 61159  88.9705 311.4211 0058524  44.2000 316.3856 14.42906703 45331
CZ-6A DEB
1 61159U 24140RD  25183.83091418  .00001196  00000-0  34632-3 0  9994
2 61159  88.9706 311.3622 0058463  42.6037 317.9679 14.42908352 45401
CZ-6A DEB
1 61159U 24140RD  25184.31635775  .00001150  00000-0  33256-3 0  9999
2 61159  88.9706 311.3033 0058399  41.0096 319.5476 14.42909184 45477
CZ-6A DEB
1 61159U 24140RD  25184.80180050  .00001153  00000-0  33356-3 0  9998
2 61159  88.9706 311.2444 0058336  39.4130 321.1295 14.42910410 45543
CZ-6A DEB
1 61159U 24140RD  25184.80180050  .00001153  00000-0  33356-3 0  9998
2 61159  88.9706 311.2444 0058336  39.4130 321.1295 14.42910410 45543
CZ-6A DEB
1 61159U 24140RD  25185.35659158  .00001193  00000-0  34524-3 0  9991
2 61159  88.9706 311.1772 0058264  37.5833 322.9420 14.42912022 45624
CZ-6A DEB
1 61159U 24140RD  25186.32747471  .00001229  00000-0  35584-3 0  9992
2 61159  88.9706 311.0594 0058133  34.3810 326.1132 14.42914627 45764
CZ-6A DEB
1 61159U 24140RD  25186.32747471  .00001229  00000-0  35584-3 0  9992
2 61159  88.9706 311.0594 0058133  34.3810 326.1132 14.42914627 45764
CZ-6A DEB
1 61159U 24140RD  25186.81291586  .00001133  00000-0  32767-3 0  9991
2 61159  88.9707 311.0006 0058068  32.7783 327.7001 14.42915259 45833
CZ-6A DEB
1 61159U 24140RD  25187.36770484  .00001157  00000-0  33485-3 0  9995
2 61159  88.9708 310.9333 0057992  30.9363 329.5234 14.42916796 45918
CZ-6A DEB
1 61159U 24140RD  25187.36770484  .00001157  00000-0  33485-3 0  9995
2 61159  88.9708 310.9333 0057992  30.9363 329.5234 14.42916796 45918
CZ-6A DEB
1 61159U 24140RD  25187.85314483  .00001090  00000-0  31533-3 0  9990
2 61159  88.9709 310.8745 0057930  29.3358 331.1076 14.42917650 45983
CZ-6A DEB
1 61159U 24140RD  25188.82402329  .00001072  00000-0  30984-3 0  9994
2 61159  88.9709 310.7568 0057781  26.1138 334.2959 14.42919991 46121
CZ-6A DEB
1 61159U 24140RD  25188.82402329  .00001072  00000-0  30984-3 0  9994
2 61159  88.9709 310.7568 0057781  26.1138 334.2959 14.42919991 46121
CZ-6A DEB
1 61159U 24140RD  25189.37881036  .00001052  00000-0  30401-3 0  9993
2 61159  88.9709 310.6895 0057700  24.2671 336.1229 14.42921212 46204
CZ-6A DEB
1 61159U 24140RD  25190.34968646  .00000989  00000-0  28553-3 0  9998
2 61159  88.9711 310.5718 0057551  21.0384 339.3167 14.42923180 46347
CZ-6A DEB
1 61159U 24140RD  25190.34968646  .00000989  00000-0  28553-3 0  9998
2 61159  88.9711 310.5718 0057551  21.0384 339.3167 14.42923180 46347
CZ-6A DEB
1 61159U 24140RD  25190.76577590  .00000924  00000-0  26648-3 0  9990
2 61159  88.9711 310.5213 0057485  19.6540 340.6859 14.42923755 46408
CZ-6A DEB
1 61159U 24140RD  25191.59795383  .00000897  00000-0  25865-3 0  9993
2 61159  88.9712 310.4205 0057349  16.8649 343.4442 14.42925410 46529
CZ-6A DEB
1 61159U 24140RD  25191.59795383  .00000897  00000-0  25865-3 0  9993
2 61159  88.9712 310.4205 0057349  16.8649 343.4442 14.42925410 46529
CZ-6A DEB
1 61159U 24140RD  25192.36078290  .00000862  00000-0  24835-3 0  9998
2 61159  88.9713 310.3280 0057225  14.3046 345.9760 14.42926788 46630
CZ-6A DEB
1 61159U 24140RD  25192.77687090  .00000864  00000-0  24891-3 0  9991
2 61159  88.9714 310.2776 0057158  12.9037 347.3613 14.42927697 46698
CZ-6A DEB
1 61159U 24140RD  25192.77687090  .00000864  00000-0  24891-3 0  9991
2 61159  88.9714 310.2776 0057158  12.9037 347.3613 14.42927697 46698
CZ-6A DEB
1 61159U 24140RD  25193.33165450  .00000969  00000-0  28000-3 0  9997
2 61159  88.9714 310.2104 0057082  11.0415 349.2026 14.42929438 46772
CZ-6A DEB
1 61159U 24140RD  25193.74774217  .00000929  00000-0  26811-3 0  9993
2 61159  88.9715 310.1601 0057022   9.6543 350.5741 14.42930024 46832
CZ-6A DEB
1 61159U 24140RD  25194.30252502  .00000999  00000-0  28865-3 0  9992
2 61159  88.9715 310.0929 0056944   7.7872 352.4201 14.42931544 46919
CZ-6A DEB
1 61159U 24140RD  25194.57991648  .00000988  00000-0  28549-3 0  9999
2 61159  88.9715 310.0593 0056904   6.8513 353.3454 14.42931984 46956
CZ-6A DEB
1 61159U 24140RD  25194.71861209  .00000984  00000-0  28435-3 0  9994
2 61159  88.9715 310.0424 0056875   6.3697 353.8215 14.42932248 46970
CZ-6A DEB
1 61159U 24140RD  25195.34274239  .00000947  00000-0  27358-3 0  9997
2 61159  88.9715 309.9668 0056780   4.2655 355.9020 14.42933194 47062
CZ-6A DEB
1 61159U 24140RD  25195.34274239  .00000947  00000-0  27358-3 0  9997
2 61159  88.9715 309.9668 0056780   4.2655 355.9020 14.42933194 47062
CZ-6A DEB
1 61159U 24140RD  25196.31361022  .00000993  00000-0  28712-3 0  9998
2 61159  88.9714 309.8491 0056637   0.9804 359.1499 14.42935366 47209
CZ-6A DEB
1 61159U 24140RD  25196.72969595  .00001003  00000-0  29010-3 0  9997
2 61159  88.9714 309.7986 0056571 359.5733   0.5412 14.42936284 47266
CZ-6A DEB
1 61159U 24140RD  25196.72969595  .00001003  00000-0  29010-3 0  9997
2 61159  88.9714 309.7986 0056571 359.5733   0.5412 14.42936284 47266
CZ-6A DEB
1 61159U 24140RD  25197.35382451  .00000955  00000-0  27592-3 0  9995
2 61159  88.9714 309.7230 0056476 357.4489   2.6417 14.42937199 47351
CZ-6A DEB
1 61159U 24140RD  25197.70056195  .00000976  00000-0  28198-3 0  9993
2 61159  88.9714 309.6810 0056417 356.2761   3.8014 14.42938099 47401
CZ-6A DEB
1 61159U 24140RD  25198.32468916  .00001051  00000-0  30424-3 0  9990
2 61159  88.9714 309.6053 0056337 354.1569   5.8969 14.42939868 47499
CZ-6A DEB
1 61159U 24140RD  25198.74077382  .00000984  00000-0  28440-3 0  9998
2 61159  88.9714 309.5549 0056271 352.7411   7.2970 14.42940377 47557
CZ-6A DEB
1 61159U 24140RD  25198.74077382  .00000984  00000-0  28440-3 0  9998
2 61159  88.9714 309.5549 0056271 352.7411   7.2970 14.42940377 47557
CZ-6A DEB
1 61159U 24140RD  25199.22620546  .00001036  00000-0  29960-3 0  9995
2 61159  88.9713 309.4960 0056203 351.0857   8.9342 14.42941694 47625
CZ-6A DEB
1 61159U 24140RD  25200.33576219  .00001010  00000-0  29211-3 0  9998
2 61159  88.9713 309.3616 0056040 347.2829  12.6956 14.42943997 47785
CZ-6A DEB
1 61159U 24140RD  25200.33576219  .00001010  00000-0  29211-3 0  9998
2 61159  88.9713 309.3616 0056040 347.2829  12.6956 14.42943997 47785
CZ-6A DEB
1 61159U 24140RD  25201.30662259  .00001047  00000-0  30304-3 0  9991
2 61159  88.9713 309.2440 0055907 343.9588  15.9842 14.42946434 47920
CZ-6A DEB
1 61159U 24140RD  25201.72270538  .00001028  00000-0  29735-3 0  9997
2 61159  88.9713 309.1935 0055845 342.5130  17.4148 14.42947232 47986
CZ-6A DEB
1 61159U 24140RD  25201.72270538  .00001028  00000-0  29735-3 0  9997
2 61159  88.9713 309.1935 0055845 342.5130  17.4148 14.42947232 47986
CZ-6A DEB
1 61159U 24140RD  25202.55487001  .00001105  00000-0  32013-3 0  9993
2 61159  88.9714 309.0928 0055732 339.6283  20.2696 14.42949494 48106
CZ-6A DEB
1 61159U 24140RD  25203.04029888  .00001082  00000-0  31347-3 0  9996
2 61159  88.9713 309.0340 0055669 337.9462  21.9345 14.42950504 48172
CZ-6A DEB
1 61159U 24140RD  25203.31768681  .00001155  00000-0  33468-3 0  9994
2 61159  88.9713 309.0003 0055624 336.9974  22.8739 14.42951486 48218
CZ-6A DEB
1 61159U 24140RD  25204.28854263  .00001295  00000-0  37577-3 0  9993
2 61159  88.9713 308.8825 0055486 333.6458  26.1924 14.42954654 48352
CZ-6A DEB
1 61159U 24140RD  25204.28854263  .00001295  00000-0  37577-3 0  9993
2 61159  88.9713 308.8825 0055486 333.6458  26.1924 14.42954654 48352
CZ-6A DEB
1 61159U 24140RD  25205.25939700  .00001323  00000-0  38403-3 0  9992
2 61159  88.9713 308.7649 0055371 330.2782  29.5278 14.42957265 48496
CZ-6A DEB
1 61159U 24140RD  25205.74482390  .00001277  00000-0  37059-3 0  9998
2 61159  88.9714 308.7061 0055313 328.5860  31.2042 14.42958182 48564
CZ-6A DEB
1 61159U 24140RD  25205.74482390  .00001277  00000-0  37059-3 0  9998
2 61159  88.9714 308.7061 0055313 328.5860  31.2042 14.42958182 48564
CZ-6A DEB
1 61159U 24140RD  25206.29959683  .00001277  00000-0  37057-3 0  9991
2 61159  88.9714 308.6389 0055248 326.6601  33.1126 14.42959590 48642
CZ-6A DEB
1 61159U 24140RD  25206.71567597  .00001292  00000-0  37508-3 0  9995
2 61159  88.9714 308.5884 0055192 325.2099  34.5499 14.42960817 48704
CZ-6A DEB
1 61159U 24140RD  25207.20110153  .00001345  00000-0  39070-3 0  9997
2 61159  88.9715 308.5297 0055143 323.5324  36.2128 14.42962368 48779
CZ-6A DEB
1 61159U 24140RD  25207.54783371  .00001371  00000-0  39831-3 0  9996
2 61159  88.9716 308.4878 0055110 322.3332  37.4017 14.42963462 48826
CZ-6A DEB
1 61159U 24140RD  25208.31064380  .00001325  00000-0  38492-3 0  9995
2 61159  88.9716 308.3954 0055037 319.6531  40.0594 14.42965369 48938
CZ-6A DEB
1 61159U 24140RD  25208.31064380  .00001325  00000-0  38492-3 0  9995
2 61159  88.9716 308.3954 0055037 319.6531  40.0594 14.42965369 48938
CZ-6A DEB
1 61159U 24140RD  25208.79606779  .00001363  00000-0  39583-3 0  9995
2 61159  88.9716 308.3365 0054994 317.9573  41.7415 14.42966982 49003
CZ-6A DEB
1 61159U 24140RD  25209.28149177  .00001313  00000-0  38133-3 0  9999
2 61159  88.9715 308.2778 0054952 316.2637  43.4218 14.42968021 49079
CZ-6A DEB
1 61159U 24140RD  25210.52972234  .00001357  00000-0  39409-3 0  9991
2 61159  88.9716 308.1266 0054847 311.9023  47.7508 14.42971835 49251
CZ-6A DEB
1 61159U 24140RD  25210.52972234  .00001357  00000-0  39409-3 0  9991
2 61159  88.9716 308.1266 0054847 311.9023  47.7508 14.42971835 49251
CZ-6A DEB
1 61159U 24140RD  25210.80710654  .00001337  00000-0  38832-3 0  9995
2 61159  88.9715 308.0930 0054830 310.9225  48.7236 14.42972548 49297
CZ-6A DEB
1 61159U 24140RD  25211.29252874  .00001343  00000-0  38997-3 0  9993
2 61159  88.9715 308.0342 0054792 309.2192  50.4153 14.42973921 49367
CZ-6A DEB
1 61159U 24140RD  25211.70860456  .00001355  00000-0  39354-3 0  9991
2 61159  88.9714 307.9838 0054767 307.7529  51.8718 14.42975146 49423
CZ-6A DEB
1 61159U 24140RD  25211.70860456  .00001355  00000-0  39354-3 0  9991
2 61159  88.9714 307.9838 0054767 307.7529  51.8718 14.42975146 49423
CZ-6A DEB
1 61159U 24140RD  25212.67944680  .00001423  00000-0  41354-3 0  9999
2 61159  88.9714 307.8662 0054710 304.3404  55.2629 14.42978294 49561
CZ-6A DEB
1 61159U 24140RD  25213.30355908  .00001356  00000-0  39386-3 0  9996
2 61159  88.9713 307.7906 0054669 302.1519  57.4386 14.42979684 49654
CZ-6A DEB
1 61159U 24140RD  25213.30355908  .00001356  00000-0  39386-3 0  9996
2 61159  88.9713 307.7906 0054669 302.1519  57.4386 14.42979684 49654
CZ-6A DEB
1 61159U 24140RD  25214.27439881  .00001351  00000-0  39239-3 0  9998
2 61159  88.9712 307.6729 0054616 298.7411  60.8311 14.42982486 49793
CZ-6A DEB
1 61159U 24140RD  25214.69047280  .00001320  00000-0  38335-3 0  9994
2 61159  88.9712 307.6225 0054597 297.2676  62.2971 14.42983444 49859
CZ-6A DEB
1 61159U 24140RD  25215.24523746  .00001315  00000-0  38193-3 0  9998
2 61159  88.9712 307.5553 0054575 295.3176  64.2380 14.42984991 49935
CZ-6A DEB
1 61159U 24140RD  25216.21607478  .00001280  00000-0  37164-3 0  9999
2 61159  88.9712 307.4376 0054535 291.9101  67.6309 14.42987479 50072
CZ-6A DEB
1 61159U 24140RD  25216.28542024  .00001274  00000-0  36977-3 0  9995
2 61159  88.9712 307.4292 0054529 291.6682  67.8719 14.42987646 50087
CZ-6A DEB
1 61159U 24140RD  25216.70149287  .00001303  00000-0  37829-3 0  9996
2 61159  88.9712 307.3788 0054514 290.2077  69.3268 14.42988953 50148
CZ-6A DEB
1 61159U 24140RD  25217.25625595  .00001222  00000-0  35442-3 0  9997
2 61159  88.9711 307.3115 0054492 288.2431  71.2846 14.42990056 50227
CZ-6A DEB
1 61159U 24140RD  25217.25625595  .00001222  00000-0  35442-3 0  9997
2 61159  88.9711 307.3115 0054492 288.2431  71.2846 14.42990056 50227
CZ-6A DEB
1 61159U 24140RD  25217.67232820  .00001226  00000-0  35583-3 0  9998
2 61159  88.9711 307.2610 0054484 286.7737  72.7492 14.42991145 50288
CZ-6A DEB
1 61159U 24140RD  25218.50447170  .00001126  00000-0  32626-3 0  9991
2 61159  88.9711 307.1602 0054475 283.8273  75.6872 14.42992781 50406
CZ-6A DEB
1 61159U 24140RD  25218.50447170  .00001126  00000-0  32626-3 0  9991
2 61159  88.9711 307.1602 0054475 283.8273  75.6872 14.42992781 50406
CZ-6A DEB
1 61159U 24140RD  25219.26726942  .00001147  00000-0  33258-3 0  9997
2 61159  88.9710 307.0677 0054471 281.1391  78.3690 14.42994775 50519
CZ-6A DEB
1 61159U 24140RD  25220.16875680  .00001203  00000-0  34886-3 0  9993
2 61159  88.9710 306.9585 0054472 277.9630  81.5393 14.42997196 50645
CZ-6A DEB
1 61159U 24140RD  25220.51548275  .00001137  00000-0  32950-3 0  9995
2 61159  88.9710 306.9164 0054468 276.7332  82.7674 14.42997562 50696
CZ-6A DEB
1 61159U 24140RD  25220.65417294  .00001132  00000-0  32816-3 0  9992
2 61159  88.9709 306.8996 0054477 276.2436  83.2563 14.42997882 50717
CZ-6A DEB
1 61159U 24140RD  25221.20893330  .00001261  00000-0  36595-3 0  9994
2 61159  88.9708 306.8324 0054482 274.2914  85.2065 14.42999941 50791
CZ-6A DEB
1 61159U 24140RD  25222.17976247  .00001413  00000-0  41041-3 0  9991
2 61159  88.9707 306.7146 0054505 270.8748  88.6210 14.43003335 50933
CZ-6A DEB
1 61159U 24140RD  25222.73452150  .00001402  00000-0  40715-3 0  9990
2 61159  88.9707 306.6473 0054519 268.9162  90.5794 14.43004758 51017
CZ-6A DEB
1 61159U 24140RD  25223.15059019  .00001448  00000-0  42060-3 0  9999
2 61159  88.9706 306.5968 0054535 267.4532  92.0427 14.43006200 51077
CZ-6A DEB
1 61159U 24140RD  25224.19076166  .00001436  00000-0  41724-3 0  9999
2 61159  88.9704 306.4706 0054587 263.7765  95.7218 14.43008931 51226
CZ-6A DEB
1 61159U 24140RD  25224.19076166  .00001436  00000-0  41724-3 0  9999
2 61159  88.9704 306.4706 0054587 263.7765  95.7218 14.43008931 51226
CZ-6A DEB
1 61159U 24140RD  25224.67617403  .00001413  00000-0  41047-3 0  9990
2 61159  88.9704 306.4118 0054606 262.0618  97.4386 14.43010276 51291
CZ-6A DEB
1 61159U 24140RD  25225.71634312  .00001285  00000-0  37274-3 0  9998
2 61159  88.9703 306.2857 0054659 258.3982 101.1082 14.43012490 51441
CZ-6A DEB
1 61159U 24140RD  25225.71634312  .00001285  00000-0  37274-3 0  9998
2 61159  88.9703 306.2857 0054659 258.3982 101.1082 14.43012490 51441
CZ-6A DEB
1 61159U 24140RD  25226.47913244  .00001366  00000-0  39646-3 0  9991
2 61159  88.9702 306.1932 0054687 255.7291 103.7835 14.43015139 51557
CZ-6A DEB
1 61159U 24140RD  25227.24192099  .00001313  00000-0  38078-3 0  9994
2 61159  88.9701 306.1007 0054736 253.0520 106.4679 14.43017063 51666
CZ-6A DEB
1 61159U 24140RD  25227.24192099  .00001313  00000-0  38078-3 0  9994
2 61159  88.9701 306.1007 0054736 253.0520 106.4679 14.43017063 51666
CZ-6A DEB
1 61159U 24140RD  25227.93536439  .00001250  00000-0  36251-3 0  9991
2 61159  88.9700 306.0165 0054790 250.6128 108.9148 14.43018672 51762
CZ-6A DEB
1 61159U 24140RD  25228.21274173  .00001251  00000-0  36276-3 0  9995
2 61159  88.9699 305.9829 0054811 249.6439 109.8870 14.43019391 51807
CZ-6A DEB
1 61159U 24140RD  25228.62880736  .00001241  00000-0  35959-3 0  9994
2 61159  88.9699 305.9323 0054845 248.1784 111.3579 14.43020446 51863
CZ-6A DEB
1 61159U 24140RD  25228.62880736  .00001241  00000-0  35959-3 0  9994
2 61159  88.9699 305.9323 0054845 248.1784 111.3579 14.43020446 51863
CZ-6A DEB
1 61159U 24140RD  25229.18356145  .00001251  00000-0  36272-3 0  9998
2 61159  88.9698 305.8651 0054890 246.2362 113.3078 14.43021862 51944
CZ-6A DEB
1 61159U 24140RD  25229.66897070  .00001245  00000-0  36096-3 0  9995
2 61159  88.9698 305.8062 0054935 244.5372 115.0142 14.43023096 52013
CZ-6A DEB
1 61159U 24140RD  25229.66897070  .00001245  00000-0  36096-3 0  9995
2 61159  88.9698 305.8062 0054935 244.5372 115.0142 14.43023096 52013
CZ-6A DEB
1 61159U 24140RD  25230.22372416  .00001232  00000-0  35714-3 0  9993
2 61159  88.9697 305.7389 0054979 242.6018 116.9586 14.43024323 52091
CZ-6A DEB
1 61159U 24140RD  25231.19454146  .00001199  00000-0  34723-3 0  9992
2 61159  88.9696 305.6211 0055064 239.2043 120.3733 14.43026483 52237
CZ-6A DEB
1 61159U 24140RD  25231.19454146  .00001199  00000-0  34723-3 0  9992
2 61159  88.9696 305.6211 0055064 239.2043 120.3733 14.43026483 52237
CZ-6A DEB
1 61159U 24140RD  25232.23470103  .00001262  00000-0  36580-3 0  9993
2 61159  88.9695 305.4948 0055170 235.5820 124.0161 14.43029442 52381
CZ-6A DEB
1 61159U 24140RD  25232.23470103  .00001262  00000-0  36580-3 0  9993
2 61159  88.9695 305.4948 0055170 235.5820 124.0161 14.43029442 52381
CZ-6A DEB
1 61159U 24140RD  25232.65076470  .00001203  00000-0  34844-3 0  9994
2 61159  88.9695 305.4444 0055217 234.1348 125.4720 14.43030096 52444
CZ-6A DEB
1 61159U 24140RD  25234.17632983  .00001160  00000-0  33569-3 0  9995
2 61159  88.9693 305.2593 0055359 228.8307 130.8114 14.43033340 52663
CZ-6A DEB
1 61159U 24140RD  25235.70189202  .00001115  00000-0  32238-3 0  9998
2 61159  88.9692 305.0741 0055555 223.5587 136.1223 14.43036574 52881
CZ-6A DEB
1 61159U 24140RD  25236.18729765  .00001204  00000-0  34850-3 0  9996
2 61159  88.9691 305.0151 0055608 221.8885 137.8057 14.43038123 52959
CZ-6A DEB
1 61159U 24140RD  25237.22745109  .00001241  00000-0  35920-3 0  9992
2 61159  88.9689 304.8888 0055739 218.3052 141.4187 14.43040779 53105
CZ-6A DEB
1 61159U 24140RD  25237.64351183  .00001223  00000-0  35405-3 0  9991
2 61159  88.9688 304.8383 0055796 216.8721 142.8641 14.43041742 53160
CZ-6A DEB
1 61159U 24140RD  25238.12891564  .00001330  00000-0  38544-3 0  9993
2 61159  88.9687 304.7793 0055850 215.2137 144.5371 14.43043566 53231
CZ-6A DEB
1 61159U 24140RD  25238.68366252  .00001350  00000-0  39098-3 0  9992
2 61159  88.9686 304.7119 0055926 213.3072 146.4608 14.43045078 53316
CZ-6A DEB
1 61159U 24140RD  25239.65446806  .00001553  00000-0  45053-3 0  9997
2 61159  88.9685 304.5939 0056043 209.9797 149.8194 14.43048769 53451
CZ-6A DEB
1 61159U 24140RD  25240.62527116  .00001741  00000-0  50537-3 0  9992
2 61159  88.9683 304.4760 0056168 206.6617 153.1696 14.43052713 53597
CZ-6A DEB
1 61159U 24140RD  25241.11067108  .00001917  00000-0  55682-3 0  9998
2 61159  88.9683 304.4171 0056281 205.0629 154.7840 14.43055415 53663
CZ-6A DEB
1 61159U 24140RD  25241.66541421  .00001828  00000-0  53091-3 0  9996
2 61159  88.9681 304.3495 0056422 203.2173 156.6480 14.43056702 53740
CZ-6A DEB
1 61159U 24140RD  25242.15081410  .00001912  00000-0  55528-3 0  9999
2 61159  88.9679 304.2906 0056382 201.4830 158.4007 14.43058817 53810
CZ-6A DEB
1 61159U 24140RD  25242.63621233  .00002170  00000-0  63092-3 0  9997
2 61159  88.9680 304.2316 0056458 199.8478 160.0529 14.43062116 53881
CZ-6A DEB
1 61159U 24140RD  25243.19095237  .00002273  00000-0  66092-3 0  9995
2 61159  88.9679 304.1642 0056525 197.9664 161.9543 14.43064962 53967
CZ-6A DEB
1 61159U 24140RD  25243.60700679  .00002445  00000-0  71131-3 0  9995
2 61159  88.9680 304.1137 0056588 196.5602 163.3755 14.43067633 54021
CZ-6A DEB
1 61159U 24140RD  25243.88437573  .00002590  00000-0  75373-3 0  9998
2 61159  88.9678 304.0799 0056616 195.6350 164.3107 14.43069715 54062
CZ-6A DEB
1 61159U 24140RD  25244.16174568  .00002683  00000-0  78070-3 0  9992
2 61159  88.9677 304.0464 0056625 194.6884 165.2677 14.43071185 54102
CZ-6A DEB
1 61159U 24140RD  25244.57779868  .00002779  00000-0  80893-3 0  9993
2 61159  88.9678 303.9957 0056710 193.2652 166.7064 14.43073605 54162
CZ-6A DEB
1 61159U 24140RD  25244.64714081  .00002778  00000-0  80852-3 0  9991
2 61159  88.9678 303.9874 0056724 193.0383 166.9358 14.43073917 54179
CZ-6A DEB
1 61159U 24140RD  25245.13253398  .00003045  00000-0  88658-3 0  9995
2 61159  88.9677 303.9284 0056780 191.4017 168.5905 14.43078006 54249
CZ-6A DEB
1 61159U 24140RD  25246.10331986  .00002930  00000-0  85271-3 0  9993
2 61159  88.9675 303.8102 0056912 188.1210 171.9078 14.43082229 54386
CZ-6A DEB
1 61159U 24140RD  25246.65805430  .00003173  00000-0  92353-3 0  9992
2 61159  88.9679 303.7425 0057044 186.1772 173.8735 14.43084934 54460
CZ-6A DEB
1 61159U 24140RD  25247.14344465  .00002642  00000-0  76834-3 0  9999
2 61159  88.9677 303.6837 0057142 184.5931 175.4756 14.43086080 54535
CZ-6A DEB
1 61159U 24140RD  25248.18356402  .00002444  00000-0  71019-3 0  9998
2 61159  88.9676 303.5572 0057270 181.1012 179.0075 14.43091422 54680
CZ-6A DEB
1 61159U 24140RD  25248.59961101  .00002384  00000-0  69248-3 0  9995
2 61159  88.9677 303.5068 0057328 179.7426 180.3817 14.43093314 54745
CZ-6A DEB
1 61159U 24140RD  25249.15433908  .00002323  00000-0  67467-3 0  9991
2 61159  88.9675 303.4394 0057402 177.8849 182.2608 14.43096027 54827
CZ-6A DEB
1 61159U 24140RD  25249.63972563  .00002312  00000-0  67125-3 0  9998
2 61159  88.9673 303.3804 0057476 176.2420 183.9227 14.43098245 54895
CZ-6A DEB
1 61159U 24140RD  25250.19445216  .00002001  00000-0  58039-3 0  9990
2 61159  88.9670 303.3129 0057551 174.3840 185.8022 14.43099789 54978
CZ-6A DEB
1 61159U 24140RD  25251.16522208  .00001728  00000-0  50059-3 0  9994
2 61159  88.9667 303.1947 0057674 171.1437 189.0798 14.43102860 55111
CZ-6A DEB
1 61159U 24140RD  25251.65060628  .00001633  00000-0  47254-3 0  9999
2 61159  88.9664 303.1356 0057740 169.5137 190.7286 14.43104379 55189
CZ-6A DEB
1 61159U 24140RD  25252.13598996  .00001387  00000-0  40065-3 0  9996
2 61159  88.9663 303.0766 0057812 167.9108 192.3499 14.43105325 55256
CZ-6A DEB
1 61159U 24140RD  25252.41335176  .00001347  00000-0  38911-3 0  9999
2 61159  88.9663 303.0428 0057857 167.0044 193.2666 14.43106119 55292
CZ-6A DEB
1 61159U 24140RD  25253.10675599  .00001112  00000-0  32044-3 0  9993
2 61159  88.9660 302.9584 0057950 164.7078 195.5894 14.43107528 55399
CZ-6A DEB
1 61159U 24140RD  25253.66147866  .00001118  00000-0  32204-3 0  9999
2 61159  88.9658 302.8908 0058032 162.8416 197.4767 14.43109105 55474
CZ-6A DEB
1 61159U 24140RD  25253.86949955  .00001065  00000-0  30662-3 0  9997
2 61159  88.9658 302.8655 0058098 162.1623 198.1637 14.43109415 55500
CZ-6A DEB
1 61159U 24140RD  25256.08838485  .00001014  00000-0  29150-3 0  9993
2 61159  88.9657 302.5949 0058338 154.8535 205.5529 14.43113965 55822
CZ-6A DEB
1 61159U 24140RD  25256.64310477  .00001105  00000-0  31814-3 0  9992
2 61159  88.9656 302.5274 0058399 153.0413 207.3845 14.43115788 55900
CZ-6A DEB
1 61159U 24140RD  25257.12848450  .00001077  00000-0  30985-3 0  9999
2 61159  88.9655 302.4683 0058459 151.4363 209.0064 14.43116708 55977
CZ-6A DEB
1 61159U 24140RD  25257.54452368  .00001091  00000-0  31405-3 0  9998
2 61159  88.9654 302.4175 0058501 150.1047 210.3519 14.43117752 56033
CZ-6A DEB
1 61159U 24140RD  25257.61386354  .00001088  00000-0  31299-3 0  9994
2 61159  88.9654 302.4090 0058508 149.8724 210.5866 14.43117896 56040
CZ-6A DEB
1 61159U 24140RD  25259.06999756  .00001253  00000-0  36116-3 0  9998
2 61159  88.9652 302.2316 0058673 145.0903 215.4170 14.43122341 56253
CZ-6A DEB
1 61159U 24140RD  25259.55537493  .00001251  00000-0  36042-3 0  9994
2 61159  88.9651 302.1723 0058740 143.4977 217.0253 14.43123454 56325
CZ-6A DEB
1 61159U 24140RD  25259.62471448  .00001247  00000-0  35949-3 0  9999
2 61159  88.9651 302.1639 0058746 143.2776 217.2475 14.43123608 56332
CZ-6A DEB
1 61159U 24140RD  25261.08084322  .00001271  00000-0  36637-3 0  9995
2 61159  88.9650 301.9863 0058890 138.5117 222.0579 14.43127270 56544
CZ-6A DEB
1 61159U 24140RD  25262.12093205  .00001325  00000-0  38187-3 0  9993
2 61159  88.9649 301.8595 0058977 135.1248 225.4746 14.43130290 56692
CZ-6A DEB
1 61159U 24140RD  25262.53696708  .00001307  00000-0  37669-3 0  9999
2 61159  88.9648 301.8088 0059011 133.7857 226.8250 14.43131262 56750
CZ-6A DEB
1 61159U 24140RD  25263.57705224  .00001548  00000-0  44698-3 0  9995
2 61159  88.9647 301.6819 0059081 130.4060 230.2320 14.43135488 56904
CZ-6A DEB
1 61159U 24140RD  25264.13176371  .00001774  00000-0  51303-3 0  9995
2 61159  88.9645 301.6143 0059124 128.5838 232.0682 14.43138154 56983
CZ-6A DEB
1 61159U 24140RD  25264.54779601  .00001813  00000-0  52421-3 0  9991
2 61159  88.9645 301.5636 0059154 127.2373 233.4248 14.43139729 57042
CZ-6A DEB
1 61159U 24140RD  25265.10250511  .00002068  00000-0  59866-3 0  9991
2 61159  88.9643 301.4959 0059189 125.4240 235.2511 14.43142920 57127
CZ-6A DEB
1 61159U 24140RD  25265.51853669  .00002018  00000-0  58412-3 0  9990
2 61159  88.9642 301.4452 0059218 124.0760 236.6084 14.43143951 57180
CZ-6A DEB
1 61159U 24140RD  25266.83596406  .00002497  00000-0  72341-3 0  9997
2 61159  88.9640 301.2845 0059309 119.7812 240.9308 14.43151600 57370
CZ-6A DEB
1 61159U 24140RD  25267.11331636  .00002513  00000-0  72826-3 0  9998
2 61159  88.9640 301.2506 0059330 118.8775 241.8399 14.43152881 57413
CZ-6A DEB
1 61159U 24140RD  25268.15338544  .00002663  00000-0  77166-3 0  9996
2 61159  88.9638 301.1237 0059369 115.5118 245.2241 14.43158119 57567
CZ-6A DEB
1 61159U 24140RD  25269.12411240  .00002858  00000-0  82863-3 0  9995
2 61159  88.9634 301.0052 0059490 112.4038 248.3482 14.43163493 57707
CZ-6A DEB
1 61159U 24140RD  25269.60947429  .00002701  00000-0  78271-3 0  9996
2 61159  88.9633 300.9458 0059478 110.8392 249.9195 14.43165509 57770
CZ-6A DEB
1 61159U 24140RD  25270.09483492  .00002673  00000-0  77462-3 0  9995
2 61159  88.9633 300.8865 0059498 109.2652 251.5001 14.43168105 57842
CZ-6A DEB
1 61159U 24140RD  25270.51085799  .00002707  00000-0  78428-3 0  9991
2 61159  88.9634 300.8357 0059498 107.9309 252.8393 14.43170185 57909
CZ-6A DEB
1 61159U 24140RD  25271.06555389  .00002709  00000-0  78488-3 0  9997
2 61159  88.9634 300.7679 0059530 106.1391 254.6376 14.43173128 57983
CZ-6A DEB
1 61159U 24140RD  25271.34290121  .00002833  00000-0  82101-3 0  9993
2 61159  88.9634 300.7340 0059559 105.2405 255.5393 14.43175003 58024
CZ-6A DEB
1 61159U 24140RD  25272.10560498  .00002896  00000-0  83917-3 0  9990
2 61159  88.9634 300.6409 0059539 102.7648 258.0218 14.43179327 58137
CZ-6A DEB
1 61159U 24140RD  25272.52162383  .00003148  00000-0  91269-3 0  9997
2 61159  88.9634 300.5901 0059551 101.4139 259.3761 14.43182531 58192
CZ-6A DEB
1 61159U 24140RD  25272.52162384  .00003148  00000-0  91269-3 0  9998
2 61159  88.9634 300.5901 0059551 101.4140 259.3761 14.43182531 58194
CZ-6A DEB
1 61159U 24140RD  25273.07631392  .00002939  00000-0  85165-3 0  9994
2 61159  88.9633 300.5224 0059531  99.6144 261.1792 14.43185518 58273
CZ-6A DEB
1 61159U 24140RD  25273.07631393  .00002939  00000-0  85165-3 0  9995
2 61159  88.9633 300.5224 0059531  99.6144 261.1792 14.43185518 58273
CZ-6A DEB
1 61159U 24140RD  25273.35365785  .00003309  00000-0  95936-3 0  9994
2 61159  88.9630 300.4885 0059530  98.7635 262.0316 14.43188674 58319
CZ-6A DEB
1 61159U 24140RD  25273.35365785  .00003309  00000-0  95936-3 0  9994
2 61159  88.9630 300.4885 0059530  98.7635 262.0316 14.43188674 58319
CZ-6A DEB
1 61159U 24140RD  25274.04701537  .00003612  00000-0  10476-2 0  9992
2 61159  88.9631 300.4040 0059501  96.4926 264.3056 14.43195406 58417
CZ-6A DEB
1 61159U 24140RD  25274.32435742  .00004365  00000-0  12666-2 0  9994
2 61159  88.9633 300.3702 0059524  95.6377 265.1618 14.43200123 58459
CZ-6A DEB
1 61159U 24140RD  25274.32435743  .00004365  00000-0  12666-2 0  9995
2 61159  88.9633 300.3702 0059524  95.6377 265.1618 14.43200123 58459
CZ-6A DEB
1 61159U 24140RD  25275.08704530  .00004221  00000-0  12245-2 0  9996
2 61159  88.9634 300.2771 0059584  93.1895 267.6127 14.43207402 58560
CZ-6A DEB
1 61159U 24140RD  25275.08704531  .00004221  00000-0  12245-2 0  9997
2 61159  88.9634 300.2771 0059584  93.1895 267.6127 14.43207402 58560
CZ-6A DEB
1 61159U 24140RD  25276.05773391  .00003707  00000-0  10748-2 0  9999
2 61159  88.9634 300.1587 0059599  90.0626 270.7406 14.43215011 58704
CZ-6A DEB
1 61159U 24140RD  25277.51375796  .00003020  00000-0  87449-3 0  9999
2 61159  88.9629 299.9810 0059592  85.3684 275.4322 14.43224147 58918
CZ-6A DEB
1 61159U 24140RD  25278.06843111  .00002855  00000-0  82649-3 0  9993
2 61159  88.9626 299.9132 0059548  83.5781 277.2198 14.43227365 58995
CZ-6A DEB
1 61159U 24140RD  25278.48443551  .00002465  00000-0  71294-3 0  9994
2 61159  88.9622 299.8621 0059485  82.2281 278.5670 14.43228693 59056
CZ-6A DEB
1 61159U 24140RD  25279.03910712  .00002306  00000-0  66662-3 0  9991
2 61159  88.9621 299.7945 0059460  80.4196 280.3719 14.43231095 59135
CZ-6A DEB
1 61159U 24140RD  25279.10844110  .00002096  00000-0  60542-3 0  9994
2 61159  88.9620 299.7860 0059454  80.1947 280.5962 14.43230859 59144
CZ-6A DEB
1 61159U 24140RD  25280.00978011  .00002305  00000-0  66640-3 0  9991
2 61159  88.9619 299.6756 0059348  77.2321 283.5506 14.43235189 59272
CZ-6A DEB
1 61159U 24140RD  25280.07911381  .00002294  00000-0  66304-3 0  9999
2 61159  88.9619 299.6672 0059370  77.0194 283.7629 14.43235537 59286
CZ-6A DEB
1 61159U 24140RD  25280.49511551  .00002202  00000-0  63652-3 0  9992
2 61159  88.9617 299.6161 0059346  75.6876 285.0907 14.43237018 59348
CZ-6A DEB
1 61159U 24140RD  25281.04978293  .00002420  00000-0  69979-3 0  9994
2 61159  88.9615 299.5482 0059325  73.8937 286.8786 14.43240379 59423
CZ-6A DEB
1 61159U 24140RD  25281.04978293  .00002420  00000-0  69979-3 0  9994
2 61159  88.9615 299.5482 0059325  73.8937 286.8786 14.43240379 59423
CZ-6A DEB
1 61159U 24140RD  25281.46578329  .00002173  00000-0  62789-3 0  9993
2 61159  88.9615 299.4972 0059301  72.5367 288.2306 14.43241401 59480
CZ-6A DEB
1 61159U 24140RD  25281.46578329  .00002173  00000-0  62789-3 0  9993
2 61159  88.9615 299.4972 0059301  72.5367 288.2306 14.43241401 59480
CZ-6A DEB
1 61159U 24140RD  25282.08978243  .00002086  00000-0  60255-3 0  9990
2 61159  88.9613 299.4208 0059288  70.5637 290.1959 14.43243877 59577
CZ-6A DEB
1 61159U 24140RD  25282.08978244  .00002086  00000-0  60255-3 0  9991
2 61159  88.9613 299.4208 0059288  70.5637 290.1959 14.43243877 59577
CZ-6A DEB
1 61159U 24140RD  25282.50578154  .00001908  00000-0  55078-3 0  9993
2 61159  88.9612 299.3698 0059256  69.2116 291.5422 14.43244915 59631
CZ-6A DEB
1 61159U 24140RD  25282.50578155  .00001908  00000-0  55078-3 0  9994
2 61159  88.9612 299.3699 0059256  69.2116 291.5422 14.43244915 59632
CZ-6A DEB
1 61159U 24140RD  25283.06044591  .00001775  00000-0  51212-3 0  9996
2 61159  88.9612 299.3019 0059226  67.4134 293.3320 14.43246800 59716
CZ-6A DEB
1 61159U 24140RD  25283.06044592  .00001775  00000-0  51212-3 0  9997
2 61159  88.9612 299.3019 0059226  67.4134 293.3320 14.43246800 59716
CZ-6A DEB
1 61159U 24140RD  25283.47644352  .00001875  00000-0  54109-3 0  9991
2 61159  88.9612 299.2509 0059205  66.0775 294.6614 14.43248810 59771
CZ-6A DEB
1 61159U 24140RD  25283.47644353  .00001875  00000-0  54109-3 0  9992
2 61159  88.9612 299.2509 0059205  66.0775 294.6614 14.43248811 59772
CZ-6A DEB
1 61159U 24140RD  25284.03110602  .00001889  00000-0  54510-3 0  9991
2 61159  88.9612 299.1829 0059155  64.2619 296.4674 14.43251159 59851
CZ-6A DEB
1 61159U 24140RD  25284.03110602  .00001889  00000-0  54510-3 0  9991
2 61159  88.9612 299.1829 0059155  64.2619 296.4674 14.43251159 59851
CZ-6A DEB
1 61159U 24140RD  25284.51643473  .00002208  00000-0  63816-3 0  9996
2 61159  88.9613 299.1235 0059128  62.7044 298.0163 14.43254207 59924
CZ-6A DEB
1 61159U 24140RD  25285.00176300  .00002127  00000-0  61446-3 0  9998
2 61159  88.9613 299.0641 0059090  61.1282 299.5833 14.43255835 59994
CZ-6A DEB
1 61159U 24140RD  25285.76441915  .00002378  00000-0  68755-3 0  9996
2 61159  88.9617 298.9708 0059032  58.6699 302.0264 14.43260068 60106
CZ-6A DEB
1 61159U 24140RD  25286.04174808  .00002489  00000-0  71981-3 0  9990
2 61159  88.9617 298.9369 0058996  57.7560 302.9342 14.43261790 60147
CZ-6A DEB
1 61159U 24140RD  25286.45774092  .00002524  00000-0  73000-3 0  9990
2 61159  88.9619 298.8862 0058947  56.3958 304.2851 14.43263951 60206
CZ-6A DEB
1 61159U 24140RD  25287.01239731  .00002376  00000-0  68694-3 0  9997
2 61159  88.9617 298.8183 0058891  54.5805 306.0877 14.43266190 60283
CZ-6A DEB
1 61159U 24140RD  25288.46836504  .00002459  00000-0  71108-3 0  9994
2 61159  88.9616 298.6401 0058764  49.8100 310.8226 14.43273503 60497
CZ-6A DEB
1 61159U 24140RD  25289.02301771  .00002818  00000-0  81543-3 0  9993
2 61159  88.9615 298.5722 0058713  47.9900 312.6280 14.43277021 60570
CZ-6A DEB
1 61159U 24140RD  25289.50833756  .00002533  00000-0  73258-3 0  9997
2 61159  88.9613 298.5128 0058639  46.4197 314.1852 14.43278403 60642
CZ-6A DEB
1 61159U 24140RD  25290.06298760  .00003248  00000-0  94055-3 0  9992
2 61159  88.9612 298.4449 0058576  44.6070 315.9824 14.43283256 60725
CZ-6A DEB
1 61159U 24140RD  25290.06298761  .00003248  00000-0  94055-3 0  9993
2 61159  88.9612 298.4449 0058576  44.6070 315.9824 14.43283256 60725
CZ-6A DEB
1 61159U 24140RD  25290.47897523  .00002707  00000-0  78317-3 0  9991
2 61159  88.9612 298.3940 0058525  43.2476 317.3299 14.43283180 60783
CZ-6A DEB
1 61159U 24140RD  25290.96429234  .00003021  00000-0  87457-3 0  9990
2 61159  88.9611 298.3347 0058478  41.6498 318.9136 14.43286603 60854
CZ-6A DEB
1 61159U 24140RD  25291.03362326  .00003038  00000-0  87950-3 0  9993
2 61159  88.9611 298.3262 0058471  41.4137 319.1475 14.43287026 60861
CZ-6A DEB
1 61159U 24140RD  25291.03362327  .00003038  00000-0  87950-3 0  9994
2 61159  88.9611 298.3263 0058471  41.4137 319.1475 14.43287026 60862
CZ-6A DEB
1 61159U 24140RD  25291.51893975  .00003100  00000-0  89764-3 0  9990
2 61159  88.9612 298.2670 0058407  39.8355 320.7113 14.43289530 60933
CZ-6A DEB
1 61159U 24140RD  25292.28157652  .00003804  00000-0  11021-2 0  9991
2 61159  88.9609 298.1737 0058292  37.3396 323.1836 14.43296232 61041
CZ-6A DEB
1 61159U 24140RD  25292.97488042  .00003709  00000-0  10745-2 0  9993
2 61159  88.9609 298.0886 0058210  35.0637 325.4376 14.43300452 61143
CZ-6A DEB
1 61159U 24140RD  25293.04421067  .00003691  00000-0  10694-2 0  9999
2 61159  88.9607 298.0799 0058189  34.8481 325.6510 14.43300866 61155
CZ-6A DEB
1 61159U 24140RD  25293.04421068  .00003691  00000-0  10694-2 0  9990
2 61159  88.9607 298.0800 0058189  34.8481 325.6510 14.43300866 61158
CZ-6A DEB
1 61159U 24140RD  25293.46019153  .00003744  00000-0  10848-2 0  9994
2 61159  88.9605 298.0290 0058133  33.4802 327.0054 14.43303914 61213
CZ-6A DEB
1 61159U 24140RD  25294.43081029  .00003372  00000-0  97644-3 0  9990
2 61159  88.9606 297.9102 0057997  30.2824 330.1709 14.43309674 61356
CZ-6A DEB
1 61159U 24140RD  25295.05477723  .00003085  00000-0  89294-3 0  9992
2 61159  88.9604 297.8338 0057927  28.2149 332.2171 14.43313094 61441
CZ-6A DEB
1 61159U 24140RD  25295.05477724  .00003085  00000-0  89294-3 0  9993
2 61159  88.9604 297.8338 0057927  28.2149 332.2172 14.43313094 61442
CZ-6A DEB
1 61159U 24140RD  25295.95605998  .00002779  00000-0  80416-3 0  9994
2 61159  88.9605 297.7232 0057791  25.2497 335.1511 14.43317885 61572
CZ-6A DEB
1 61159U 24140RD  25296.02538933  .00002776  00000-0  80311-3 0  9998
2 61159  88.9605 297.7148 0057801  25.0104 335.3879 14.43318287 61580
CZ-6A DEB
1 61159U 24140RD  25296.44136472  .00002772  00000-0  80209-3 0  9998
2 61159  88.9605 297.6638 0057733  23.6320 336.7515 14.43320848 61646
CZ-6A DEB
1 61159U 24140RD  25296.44136473  .00002772  00000-0  80209-3 0  9999
2 61159  88.9605 297.6638 0057733  23.6320 336.7515 14.43320848 61646
CZ-6A DEB
1 61159U 24140RD  25296.99599755  .00002776  00000-0  80310-3 0  9992
2 61159  88.9605 297.5959 0057665  21.7804 338.5831 14.43324026 61723
CZ-6A DEB
1 61159U 24140RD  25297.96660224  .00002828  00000-0  81820-3 0  9995
2 61159  88.9606 297.4766 0057589  18.5280 341.8002 14.43329525 61867
CZ-6A DEB
1 61159U 24140RD  25298.03593101  .00002820  00000-0  81590-3 0  9999
2 61159  88.9604 297.4682 0057563  18.2890 342.0364 14.43329873 61879
CZ-6A DEB
1 61159U 24140RD  25298.03593101  .00002820  00000-0  81590-3 0  9999
2 61159  88.9604 297.4682 0057563  18.2890 342.0364 14.43329873 61879
CZ-6A DEB
1 61159U 24140RD  25298.45190304  .00002909  00000-0  84174-3 0  9992
2 61159  88.9606 297.4174 0057466  16.9321 343.3782 14.43332469 61933
CZ-6A DEB
1 61159U 24140RD  25298.72921734  .00002818  00000-0  81556-3 0  9991
2 61159  88.9605 297.3832 0057400  15.9986 344.3013 14.43333774 61978
CZ-6A DEB
1 61159U 24140RD  25298.72921734  .00002818  00000-0  81556-3 0  9991
2 61159  88.9605 297.3832 0057400  15.9986 344.3013 14.43333774 61978
CZ-6A DEB
1 61159U 24140RD  25299.00653167  .00002704  00000-0  78234-3 0  9998
2 61159  88.9606 297.3493 0057357  15.0838 345.2058 14.43334888 62012
CZ-6A DEB
1 61159U 24140RD  25299.00653167  .00002704  00000-0  78234-3 0  9998
2 61159  88.9606 297.3493 0057357  15.0838 345.2058 14.43334888 62012
CZ-6A DEB
1 61159U 24140RD  25299.49183083  .00002738  00000-0  79215-3 0  9993
2 61159  88.9609 297.2900 0057297  13.4721 346.7995 14.43337549 62083
CZ-6A DEB
1 61159U 24140RD  25299.97712906  .00002827  00000-0  81802-3 0  9992
2 61159  88.9609 297.2307 0057227  11.8518 348.4016 14.43340380 62151
CZ-6A DEB
1 61159U 24140RD  25299.97712907  .00002827  00000-0  81802-3 0  9993
2 61159  88.9609 297.2307 0057227  11.8518 348.4016 14.43340380 62151
CZ-6A DEB
1 61159U 24140RD  25301.43301856  .00002958  00000-0  85618-3 0  9999
2 61159  88.9611 297.0524 0056982   6.9725 353.2257 14.43348324 62365
CZ-6A DEB
1 61159U 24140RD  25302.40360711  .00002971  00000-0  86003-3 0  9996
2 61159  88.9611 296.9336 0056839   3.7187 356.4426 14.43353479 62508
CZ-6A DEB
1 61159U 24140RD  25302.95822755  .00002904  00000-0  84053-3 0  9996
2 61159  88.9611 296.8657 0056785   1.8659 358.2745 14.43356288 62589
CZ-6A DEB
1 61159U 24140RD  25303.02755513  .00002893  00000-0  83734-3 0  9994
2 61159  88.9609 296.8573 0056774   1.6281 358.5096 14.43356576 62593
CZ-6A DEB
1 61159U 24140RD  25303.92880972  .00003100  00000-0  89727-3 0  9991
2 61159  88.9609 296.7468 0056714 358.6266   1.4772 14.43362683 62723
CZ-6A DEB
1 61159U 24140RD  25304.48342654  .00002941  00000-0  85133-3 0  9992
2 61159  88.9611 296.6789 0056596 356.7669   3.3160 14.43365493 62808
CZ-6A DEB
1 61159U 24140RD  25305.24602219  .00002802  00000-0  81081-3 0  9997
2 61159  88.9610 296.5855 0056398 354.1502   5.9035 14.43369737 62914
CZ-6A DEB
1 61159U 24140RD  25306.00861605  .00002574  00000-0  74441-3 0  9996
2 61159  88.9608 296.4921 0056233 351.5685   8.4567 14.43373531 63023
CZ-6A DEB
1 61159U 24140RD  25306.42457551  .00002419  00000-0  69944-3 0  9993
2 61159  88.9608 296.4411 0056168 350.1529   9.8568 14.43375368 63088
CZ-6A DEB
1 61159U 24140RD  25307.39514518  .00002268  00000-0  65541-3 0  9998
2 61159  88.9606 296.3218 0056050 346.8527  13.1211 14.43380140 63223
CZ-6A DEB
1 61159U 24140RD  25308.22705955  .00002310  00000-0  66775-3 0  9996
2 61159  88.9606 296.2199 0055934 344.0400  15.9038 14.43384445 63342
CZ-6A DEB
1 61159U 24140RD  25308.43503781  .00002279  00000-0  65886-3 0  9998
2 61159  88.9606 296.1944 0055901 343.3173  16.6189 14.43385401 63373
CZ-6A DEB
1 61159U 24140RD  25308.43503782  .00002279  00000-0  65886-3 0  9999
2 61159  88.9606 296.1945 0055901 343.3173  16.6189 14.43385401 63374
CZ-6A DEB
1 61159U 24140RD  25308.92032000  .00002231  00000-0  64476-3 0  9995
2 61159  88.9605 296.1348 0055851 341.6688  18.2500 14.43387586 63445
CZ-6A DEB
1 61159U 24140RD  25309.47492725  .00002471  00000-0  71451-3 0  9997
2 61159  88.9607 296.0669 0055781 339.7662  20.1329 14.43390980 63526
CZ-6A DEB
1 61159U 24140RD  25310.23750984  .00003021  00000-0  87444-3 0  9998
2 61159  88.9611 295.9733 0055673 337.1716  22.7013 14.43396730 63632
CZ-6A DEB
1 61159U 24140RD  25310.23750984  .00003021  00000-0  87444-3 0  9998
2 61159  88.9611 295.9733 0055673 337.1715  22.7013 14.43396730 63631
CZ-6A DEB
1 61159U 24140RD  25310.93076486  .00002724  00000-0  78800-3 0  9998
2 61159  88.9612 295.8883 0055643 334.8782  24.9716 14.43399797 63733
CZ-6A DEB
1 61159U 24140RD  25310.93076487  .00002724  00000-0  78800-3 0  9999
2 61159  88.9612 295.8883 0055643 334.8782  24.9716 14.43399797 63733
CZ-6A DEB
1 61159U 24140RD  25311.97064227  .00003314  00000-0  95953-3 0  9997
2 61159  88.9613 295.7609 0055495 331.3027  28.5125 14.43408396 63884
CZ-6A DEB
1 61159U 24140RD  25311.97064228  .00003314  00000-0  95953-3 0  9998
2 61159  88.9613 295.7610 0055495 331.3027  28.5125 14.43408396 63886
CZ-6A DEB
1 61159U 24140RD  25312.38659199  .00003336  00000-0  96592-3 0  9995
2 61159  88.9613 295.7099 0055439 329.8691  29.9326 14.43411236 63946
CZ-6A DEB
1 61159U 24140RD  25314.46632826  .00003716  00000-0  10765-2 0  9993
2 61159  88.9621 295.4552 0055163 322.7481  36.9901 14.43426957 64246
CZ-6A DEB
1 61159U 24140RD  25315.99145537  .00003426  00000-0  99201-3 0  9991
2 61159  88.9627 295.2681 0054964 317.5147  42.1808 14.43436961 64467
CZ-6A DEB
1 61159U 24140RD  25316.89265751  .00005711  00000-0  16557-2 0  9993
2 61159  88.9624 295.1582 0054827 314.3260  45.3455 14.43451595 64599
CZ-6A DEB
1 61159U 24140RD  25316.89265752  .00005711  00000-0  16557-2 0  9994
2 61159  88.9624 295.1582 0054827 314.3260  45.3455 14.43451595 64599
CZ-6A DEB
1 61159U 24140RD  25317.37791632  .00006122  00000-0  17749-2 0  9990
2 61159  88.9622 295.0990 0054735 312.6189  47.0405 14.43459130 64663
CZ-6A DEB
1 61159U 24140RD  25317.37791632  .00006122  00000-0  17749-2 0  9990
2 61159  88.9622 295.0990 0054735 312.6189  47.0405 14.43459130 64663
CZ-6A DEB
1 61159U 24140RD  25317.93249570  .00006397  00000-0  18545-2 0  9990
2 61159  88.9617 295.0313 0054678 310.6420  49.0035 14.43467359 64740
CZ-6A DEB
1 61159U 24140RD  25318.00181812  .00006148  00000-0  17823-2 0  9995
2 61159  88.9612 295.0232 0054667 310.3677  49.2759 14.43467526 64756
CZ-6A DEB
1 61159U 24140RD  25318.34842975  .00004229  00000-0  12248-2 0  9990
2 61159  88.9612 294.9807 0054611 309.1654  50.4703 14.43468528 64804
CZ-6A DEB
1 61159U 24140RD  25319.66554777  .00003575  00000-0  10347-2 0  9997
2 61159  88.9610 294.8194 0054462 304.5818  55.0253 14.43478756 64990
CZ-6A DEB
1 61159U 24140RD  25319.66554777  .00003575  00000-0  10347-2 0  9997
2 61159  88.9610 294.8194 0054462 304.5818  55.0253 14.43478756 64990
CZ-6A DEB
1 61159U 24140RD  25321.19062155  .00003637  00000-0  10527-2 0  9991
2 61159  88.9611 294.6328 0054319 299.2195  60.3582 14.43490168 65218
CZ-6A DEB
1 61159U 24140RD  25321.32926405  .00003534  00000-0  10226-2 0  9995
2 61159  88.9607 294.6156 0054321 298.7085  60.8664 14.43490955 65239
CZ-6A DEB
1 61159U 24140RD  25321.32926406  .00003534  00000-0  10226-2 0  9996
2 61159  88.9607 294.6156 0054321 298.7085  60.8664 14.43490955 65239
CZ-6A DEB
1 61159U 24140RD  25321.95315492  .00002798  00000-0  80874-3 0  9990
2 61159  88.9606 294.5389 0054258 296.5324  63.0322 14.43493575 65323
CZ-6A DEB
1 61159U 24140RD  25321.95315492  .00002798  00000-0  80874-3 0  9990
2 61159  88.9606 294.5389 0054258 296.5324  63.0322 14.43493575 65323
CZ-6A DEB
1 61159U 24140RD  25322.36908119  .00002910  00000-0  84144-3 0  9990
2 61159  88.9608 294.4879 0054238 295.0756  64.4823 14.43496638 65389
CZ-6A DEB
1 61159U 24140RD  25322.85432774  .00002721  00000-0  78637-3 0  9993
2 61159  88.9607 294.4284 0054210 293.3696  66.1810 14.43499306 65450
CZ-6A DEB
1 61159U 24140RD  25322.92364879  .00002422  00000-0  69944-3 0  9990
2 61159  88.9608 294.4198 0054206 293.1301  66.4195 14.43498978 65465
CZ-6A DEB
1 61159U 24140RD  25323.89413986  .00002144  00000-0  61866-3 0  9997
2 61159  88.9608 294.3007 0054133 289.7317  69.8051 14.43503695 65607
CZ-6A DEB
1 61159U 24140RD  25324.93394906  .00002069  00000-0  59697-3 0  9998
2 61159  88.9610 294.1732 0054141 286.0231  73.5013 14.43508084 65750
CZ-6A DEB
1 61159U 24140RD  25325.41919198  .00002330  00000-0  67270-3 0  9995
2 61159  88.9613 294.1139 0054054 284.3771  75.1435 14.43511407 65824
CZ-6A DEB
1 61159U 24140RD  25325.97375492  .00002234  00000-0  64475-3 0  9996
2 61159  88.9613 294.0459 0053979 282.4895  77.0272 14.43513721 65909
CZ-6A DEB
1 61159U 24140RD  25325.97375493  .00002234  00000-0  64475-3 0  9997
2 61159  88.9613 294.0459 0053979 282.4895  77.0272 14.43513721 65909
CZ-6A DEB
1 61159U 24140RD  25326.94423763  .00002157  00000-0  62233-3 0  9993
2 61159  88.9615 293.9270 0053921 279.1020  80.4085 14.43518170 66049
CZ-6A DEB
1 61159U 24140RD  25326.94423763  .00002157  00000-0  62233-3 0  9993
2 61159  88.9615 293.9270 0053921 279.1020  80.4085 14.43518170 66049
CZ-6A DEB
1 61159U 24140RD  25327.36015801  .00002199  00000-0  63450-3 0  9998
2 61159  88.9619 293.8764 0053914 277.6327  81.8755 14.43520256 66109
CZ-6A DEB
1 61159U 24140RD  25327.91471757  .00002376  00000-0  68606-3 0  9990
2 61159  88.9620 293.8084 0053899 275.6351  83.8707 14.43523484 66186
CZ-6A DEB
1 61159U 24140RD  25327.91471758  .00002376  00000-0  68606-3 0  9991
2 61159  88.9620 293.8084 0053899 275.6352  83.8707 14.43523484 66187
CZ-6A DEB
1 61159U 24140RD  25328.33063704  .00002190  00000-0  63190-3 0  9993
2 61159  88.9623 293.7578 0053864 274.2344  85.2705 14.43524820 66241
CZ-6A DEB
1 61159U 24140RD  25328.88519494  .00002574  00000-0  74358-3 0  9999
2 61159  88.9624 293.6899 0053845 272.2678  87.2361 14.43528734 66321
CZ-6A DEB
1 61159U 24140RD  25328.95451468  .00002560  00000-0  73946-3 0  9990
2 61159  88.9624 293.6814 0053868 272.0351  87.4684 14.43528988 66331
CZ-6A DEB
1 61159U 24140RD  25328.95451468  .00002560  00000-0  73946-3 0  9990
2 61159  88.9624 293.6814 0053868 272.0351  87.4684 14.43528988 66331
CZ-6A DEB
1 61159U 24140RD  25329.92498860  .00002451  00000-0  70749-3 0  9992
2 61159  88.9627 293.5630 0053951 268.5724  90.9298 14.43533359 66479
CZ-6A DEB
1 61159U 24140RD  25329.92498860  .00002451  00000-0  70749-3 0  9992
2 61159  88.9627 293.5630 0053951 268.5724  90.9298 14.43533359 66479
CZ-6A DEB
1 61159U 24140RD  25330.34090541  .00002418  00000-0  69811-3 0  9995
2 61159  88.9628 293.5122 0053828 267.1457  92.3585 14.43535265 66537
CZ-6A DEB
1 61159U 24140RD  25330.34090541  .00002418  00000-0  69811-3 0  9995
2 61159  88.9628 293.5122 0053828 267.1457  92.3585 14.43535265 66537
CZ-6A DEB
1 61159U 24140RD  25330.89545969  .00002434  00000-0  70272-3 0  9995
2 61159  88.9627 293.4445 0053855 265.1640  94.3413 14.43538241 66613
CZ-6A DEB
1 61159U 24140RD  25330.89545969  .00002434  00000-0  70272-3 0  9995
2 61159  88.9627 293.4445 0053855 265.1640  94.3413 14.43538241 66613
CZ-6A DEB
1 61159U 24140RD  25331.38069440  .00002239  00000-0  64605-3 0  9991
2 61159  88.9628 293.3852 0053847 263.4470  96.0601 14.43540006 66685
CZ-6A DEB
1 61159U 24140RD  25332.62843722  .00002125  00000-0  61292-3 0  9995
2 61159  88.9626 293.2329 0053863 258.9993 100.5149 14.43545743 66869
CZ-6A DEB
1 61159U 24140RD  25332.90571311  .00002228  00000-0  64266-3 0  9996
2 61159  88.9624 293.1993 0053830 258.0086 101.5081 14.43547284 66904
CZ-6A DEB
1 61159U 24140RD  25332.90571312  .00002228  00000-0  64266-3 0  9997
2 61159  88.9624 293.1993 0053830 258.0086 101.5081 14.43547285 66905
CZ-6A DEB
1 61159U 24140RD  25334.15345067  .00002410  00000-0  69546-3 0  9991
2 61159  88.9625 293.0467 0053881 253.5831 105.9446 14.43553687 67081
CZ-6A DEB
1 61159U 24140RD  25334.15345068  .00002410  00000-0  69546-3 0  9992
2 61159  88.9625 293.0467 0053881 253.5831 105.9446 14.43553687 67081
CZ-6A DEB
1 61159U 24140RD  25334.84663624  .00002118  00000-0  61048-3 0  9993
2 61159  88.9625 292.9619 0053897 251.1415 108.3939 14.43556195 67189
CZ-6A DEB
1 61159U 24140RD  25334.84663624  .00002118  00000-0  61048-3 0  9993
2 61159  88.9625 292.9619 0053897 251.1415 108.3939 14.43556195 67189
CZ-6A DEB
1 61159U 24140RD  25335.40118375  .00002446  00000-0  70562-3 0  9999
2 61159  88.9627 292.8940 0053952 249.1961 110.3458 14.43559791 67265
CZ-6A DEB
1 61159U 24140RD  25335.40118375  .00002446  00000-0  70562-3 0  9999
2 61159  88.9627 292.8940 0053952 249.1961 110.3458 14.43559791 67265
CZ-6A DEB
1 61159U 24140RD  25335.88641237  .00002408  00000-0  69463-3 0  9995
2 61159  88.9627 292.8346 0053971 247.4907 112.0577 14.43561860 67336
CZ-6A DEB
1 61159U 24140RD  25335.88641238  .00002408  00000-0  69463-3 0  9996
2 61159  88.9627 292.8346 0053971 247.4907 112.0577 14.43561860 67336
CZ-6A DEB
1 61159U 24140RD  25336.37164006  .00002712  00000-0  78275-3 0  9993
2 61159  88.9628 292.7752 0054013 245.7758 113.7795 14.43565087 67403
CZ-6A DEB
1 61159U 24140RD  25336.37164006  .00002712  00000-0  78275-3 0  9993
2 61159  88.9628 292.7752 0054013 245.7758 113.7795 14.43565087 67403
CZ-6A DEB
1 61159U 24140RD  25336.85686677  .00002792  00000-0  80598-3 0  9998
2 61159  88.9627 292.7159 0054020 244.0714 115.4917 14.43567843 67479
CZ-6A DEB
1 61159U 24140RD  25336.92618473  .00002751  00000-0  79416-3 0  9997
2 61159  88.9628 292.7075 0054036 243.8300 115.7340 14.43568117 67481
CZ-6A DEB
1 61159U 24140RD  25336.92618474  .00002751  00000-0  79416-3 0  9998
2 61159  88.9628 292.7075 0054036 243.8300 115.7340 14.43568117 67481
CZ-6A DEB
1 61159U 24140RD  25338.31254031  .00004321  00000-0  12489-2 0  9999
2 61159  88.9632 292.5378 0054109 238.9529 120.6356 14.43581171 67688
CZ-6A DEB
1 61159U 24140RD  25338.31254032  .00004321  00000-0  12489-2 0  9990
2 61159  88.9632 292.5378 0054109 238.9529 120.6356 14.43581171 67688
CZ-6A DEB
1 61159U 24140RD  25338.93639788  .00004057  00000-0  11725-2 0  9991
2 61159  88.9636 292.4614 0054130 236.7952 122.8055 14.43584394 67774
CZ-6A DEB
1 61159U 24140RD  25338.93639789  .00004057  00000-0  11725-2 0  9992
2 61159  88.9636 292.4614 0054130 236.7952 122.8056 14.43584394 67775
CZ-6A DEB
1 61159U 24140RD  25339.90683853  .00003595  00000-0  10384-2 0  9997
2 61159  88.9638 292.3427 0054160 233.3737 126.2479 14.43590080 67917
CZ-6A DEB
1 61159U 24140RD  25340.32274005  .00003898  00000-0  11259-2 0  9998
2 61159  88.9640 292.2918 0054174 231.9150 127.7161 14.43594227 67979
CZ-6A DEB
1 61159U 24140RD  25341.91702332  .00002748  00000-0  79240-3 0  9991
2 61159  88.9645 292.0971 0054306 226.2934 133.3765 14.43602533 68205
CZ-6A DEB
1 61159U 24140RD  25342.12497268  .00002741  00000-0  79046-3 0  9991
2 61159  88.9645 292.0717 0054328 225.5662 134.1090 14.43603652 68233
CZ-6A DEB
1 61159U 24140RD  25342.33292219  .00003167  00000-0  91365-3 0  9994
2 61159  88.9645 292.0463 0054336 224.8300 134.8508 14.43605666 68262
CZ-6A DEB
1 61159U 24140RD  25342.81813637  .00003555  00000-0  10262-2 0  9997
2 61159  88.9644 291.9870 0054375 223.1298 136.5640 14.43609347 68336
CZ-6A DEB
1 61159U 24140RD  25342.88745235  .00002548  00000-0  73437-3 0  9997
2 61159  88.9644 291.9786 0054385 222.8894 136.8062 14.43607701 68345
CZ-6A DEB
1 61159U 24140RD  25342.88745235  .00002548  00000-0  73437-3 0  9997
2 61159  88.9644 291.9786 0054385 222.8894 136.8062 14.43607701 68345
CZ-6A DEB
1 61159U 24140RD  25343.30334988  .00003111  00000-0  89731-3 0  9995
2 61159  88.9644 291.9278 0054429 221.4516 138.2553 14.43610973 68409
CZ-6A DEB
1 61159U 24140RD  25343.37266597  .00003165  00000-0  91300-3 0  9996
2 61159  88.9645 291.9194 0054434 221.2044 138.5045 14.43611520 68416
CZ-6A DEB
1 61159U 24140RD  25343.37266598  .00003165  00000-0  91300-3 0  9997
2 61159  88.9645 291.9194 0054434 221.2044 138.5045 14.43611520 68416
CZ-6A DEB
1 61159U 24140RD  25344.34308985  .00002901  00000-0  83643-3 0  9990
2 61159  88.9644 291.8010 0054541 217.8377 141.8988 14.43616544 68559
CZ-6A DEB
1 61159U 24140RD  25344.34308985  .00002901  00000-0  83643-3 0  9990
2 61159  88.9644 291.8010 0054541 217.8377 141.8988 14.43616544 68559
CZ-6A DEB
1 61159U 24140RD  25344.82830036  .00002971  00000-0  85654-3 0  9991
2 61159  88.9644 291.7417 0054619 216.1590 143.5916 14.43619558 68620
CZ-6A DEB
1 61159U 24140RD  25344.82830037  .00002971  00000-0  85654-3 0  9992
2 61159  88.9644 291.7417 0054619 216.1590 143.5916 14.43619558 68620
CZ-6A DEB
1 61159U 24140RD  25345.59077198  .00003017  00000-0  86969-3 0  9990
2 61159  88.9643 291.6486 0054690 213.4945 146.2796 14.43624292 68736
CZ-6A DEB
1 61159U 24140RD  25345.79871860  .00003001  00000-0  86516-3 0  9991
2 61159  88.9642 291.6233 0054681 212.7622 147.0187 14.43625488 68763
CZ-6A DEB
1 61159U 24140RD  25346.28392617  .00003004  00000-0  86575-3 0  9992
2 61159  88.9642 291.5640 0054710 211.0683 148.7282 14.43628588 68832
CZ-6A DEB
1 61159U 24140RD  25347.87817360  .00002392  00000-0  68840-3 0  9999
2 61159  88.9641 291.3693 0054836 205.5164 154.3331 14.43636630 69069
CZ-6A DEB
1 61159U 24140RD  25348.29406273  .00002246  00000-0  64595-3 0  9994
2 61159  88.9643 291.3184 0054972 204.1136 155.7493 14.43638477 69123
CZ-6A DEB
1 61159U 24140RD  25348.84858167  .00001587  00000-0  45509-3 0  9999
2 61159  88.9643 291.2507 0054970 202.1631 157.7196 14.43639145 69201
CZ-6A DEB
1 61159U 24140RD  25349.33378500  .00001510  00000-0  43272-3 0  9993
2 61159  88.9643 291.1915 0055028 200.4772 159.4226 14.43641011 69270
CZ-6A DEB
1 61159U 24140RD  25349.88830245  .00001379  00000-0  39479-3 0  9999
2 61159  88.9643 291.1238 0055093 198.5856 161.3337 14.43642785 69353
CZ-6A DEB
1 61159U 24140RD  25350.85870698  .00001350  00000-0  38642-3 0  9994
2 61159  88.9644 291.0052 0055208 195.2366 164.7177 14.43645803 69493
CZ-6A DEB
1 61159U 24140RD  25351.27459419  .00001353  00000-0  38707-3 0  9990
2 61159  88.9646 290.9544 0055267 193.8153 166.1541 14.43646943 69556
CZ-6A DEB
1 61159U 24140RD  25351.34390871  .00001339  00000-0  38326-3 0  9995
2 61159  88.9645 290.9458 0055272 193.5895 166.3824 14.43647084 69569
CZ-6A DEB
1 61159U 24140RD  25352.24499658  .00001373  00000-0  39298-3 0  9995
2 61159  88.9647 290.8357 0055389 190.4902 169.5151 14.43649581 69698
CZ-6A DEB
1 61159U 24140RD  25352.86882602  .00001293  00000-0  36978-3 0  9991
2 61159  88.9648 290.7595 0055460 188.3509 171.6777 14.43650928 69786
CZ-6A DEB
1 61159U 24140RD  25353.76991164  .00001151  00000-0  32848-3 0  9990
2 61159  88.9647 290.6498 0055559 185.3402 174.7216 14.43652347 69918
CZ-6A DEB
1 61159U 24140RD  25353.83922589  .00001145  00000-0  32684-3 0  9994
2 61159  88.9648 290.6414 0055569 185.0929 174.9717 14.43652506 69925
CZ-6A DEB
1 61159U 24140RD  25353.83922590  .00001145  00000-0  32684-3 0  9996
2 61159  88.9648 290.6414 0055569 185.0929 174.9717 14.43652506 69925
CZ-6A DEB
1 61159U 24140RD  25354.25511105  .00001170  00000-0  33409-3 0  9993
2 61159  88.9648 290.5907 0055628 183.6589 176.4216 14.43653736 69986
CZ-6A DEB
1 61159U 24140RD  25354.25511106  .00001170  00000-0  33409-3 0  9994
2 61159  88.9648 290.5907 0055628 183.6589 176.4216 14.43653736 69986
CZ-6A DEB
1 61159U 24140RD  25354.80962441  .00001094  00000-0  31215-3 0  9995
2 61159  88.9649 290.5230 0055696 181.7598 178.3418 14.43654694 70060
CZ-6A DEB
1 61159U 24140RD  25354.80962442  .00001094  00000-0  31215-3 0  9996
2 61159  88.9649 290.5230 0055696 181.7598 178.3418 14.43654694 70060
CZ-6A DEB
1 61159U 24140RD  25355.84933500  .00001256  00000-0  35873-3 0  9998
2 61159  88.9650 290.3961 0055847 178.2324 181.9087 14.43658220 70215
CZ-6A DEB
1 61159U 24140RD  25356.26521799  .00001474  00000-0  42200-3 0  9992
2 61159  88.9650 290.3454 0055900 176.8164 183.3406 14.43660673 70270
CZ-6A DEB
1 61159U 24140RD  25356.81972861  .00001389  00000-0  39729-3 0  9990
2 61159  88.9650 290.2777 0056002 174.9584 185.2195 14.43661793 70355
CZ-6A DEB
1 61159U 24140RD  25356.81972862  .00001389  00000-0  39729-3 0  9991
2 61159  88.9650 290.2777 0056002 174.9585 185.2195 14.43661794 70357
CZ-6A DEB
1 61159U 24140RD  25358.06737501  .00001537  00000-0  43996-3 0  9995
2 61159  88.9651 290.1255 0056194 170.7607 189.4644 14.43666225 70538
CZ-6A DEB
1 61159U 24140RD  25358.27531557  .00001563  00000-0  44752-3 0  9991
2 61159  88.9650 290.1002 0056219 170.0695 190.1634 14.43667060 70564
CZ-6A DEB
1 61159U 24140RD  25358.82982372  .00001540  00000-0  44083-3 0  9999
2 61159  88.9650 290.0325 0056306 168.1983 192.0555 14.43668631 70643
CZ-6A DEB
1 61159U 24140RD  25358.82982372  .00001540  00000-0  44083-3 0  9999
2 61159  88.9650 290.0325 0056306 168.1983 192.0555 14.43668631 70643
CZ-6A DEB
1 61159U 24140RD  25359.80021064  .00001661  00000-0  47565-3 0  9992
2 61159  88.9650 289.9140 0056449 164.9348 195.3553 14.43672503 70784
CZ-6A DEB
1 61159U 24140RD  25359.80021064  .00001661  00000-0  47565-3 0  9992
2 61159  88.9650 289.9140 0056449 164.9348 195.3553 14.43672503 70784
CZ-6A DEB
1 61159U 24140RD  25360.28540327  .00001680  00000-0  48105-3 0  9996
2 61159  88.9651 289.8549 0056513 163.2998 197.0083 14.43674265 70854
CZ-6A DEB
1 61159U 24140RD  25360.77059495  .00001717  00000-0  49182-3 0  9998
2 61159  88.9651 289.7956 0056576 161.6910 198.6348 14.43676234 70927
CZ-6A DEB
1 61159U 24140RD  25360.77059496  .00001717  00000-0  49182-3 0  9999
2 61159  88.9651 289.7956 0056576 161.6910 198.6348 14.43676234 70927
CZ-6A DEB
1 61159U 24140RD  25361.25578595  .00001838  00000-0  52654-3 0  9991
2 61159  88.9652 289.7364 0056652 160.0523 200.2913 14.43678706 70990
CZ-6A DEB
1 61159U 24140RD  25361.25578596  .00001838  00000-0  52654-3 0  9992
2 61159  88.9652 289.7364 0056652 160.0523 200.2913 14.43678706 70990
CZ-6A DEB
1 61159U 24140RD  25362.22616524  .00002072  00000-0  59407-3 0  9998
2 61159  88.9653 289.6181 0056790 156.8068 203.5718 14.43683906 71131
CZ-6A DEB
1 61159U 24140RD  25362.22616525  .00002072  00000-0  59407-3 0  9999
2 61159  88.9653 289.6181 0056790 156.8068 203.5718 14.43683906 71131
CZ-6A DEB
1 61159U 24140RD  25362.78066683  .00002013  00000-0  57718-3 0  9992
2 61159  88.9655 289.5505 0056887 154.9568 205.4415 14.43685771 71219
CZ-6A DEB
1 61159U 24140RD  25362.78066683  .00002013  00000-0  57718-3 0  9992
2 61159  88.9655 289.5505 0056887 154.9568 205.4415 14.43685771 71219
CZ-6A DEB
1 61159U 24140RD  25363.82035279  .00002322  00000-0  66602-3 0  9990
2 61159  88.9656 289.4237 0057025 151.5023 208.9319 14.43692147 71367
CZ-6A DEB
1 61159U 24140RD  25364.23622634  .00002601  00000-0  74664-3 0  9990
2 61159  88.9657 289.3730 0057078 150.1261 210.3222 14.43695496 71429
CZ-6A DEB
1 61159U 24140RD  25364.30553953  .00002805  00000-0  80540-3 0  9991
2 61159  88.9654 289.3645 0057146 149.8929 210.5580 14.43695423 71433
CZ-6A DEB
1 61159U 24140RD  25364.79072413  .00002854  00000-0  81959-3 0  9990
2 61159  88.9654 289.3051 0057216 148.2838 212.1833 14.43698150 71501
CZ-6A DEB
1 61159U 24140RD  25364.79072414  .00002854  00000-0  81959-3 0  9991
2 61159  88.9654 289.3052 0057216 148.2838 212.1833 14.43698150 71502
CZ-6A DEB
1 61159U 24140RD  25365.06797205  .00003088  00000-0  88701-3 0  9996
2 61159  88.9653 289.2714 0057205 147.3152 213.1613 14.43700392 71545
CZ-6A DEB
1 61159U 24140RD  25365.27590802  .00003068  00000-0  88126-3 0  9992
2 61159  88.9653 289.2460 0057234 146.6335 213.8497 14.43701371 71578
CZ-6A DEB
1 61159U 24140RD  25365.27590803  .00003068  00000-0  88126-3 0  9993
2 61159  88.9653 289.2460 0057234 146.6335 213.8497 14.43701371 71578
CZ-6A DEB
1 61159U 24140RD  25365.83040230  .00003179  00000-0  91324-3 0  9996
2 61159  88.9655 289.1783 0057297 144.7892 215.7118 14.43704893 71655
CZ-6A DEB
1 61159U 24140RD  26001.24627221  .00002984  00000-0  85689-3 0  9990
2 61159  88.9656 289.1276 0057356 143.4251 217.0891 14.43706646 71712
CZ-6A DEB
1 61159U 24140RD  26001.73145251  .00003345  00000-0  96097-3 0  9999
2 61159  88.9659 289.0682 0057375 141.8235 218.7054 14.43710687 71786
CZ-6A DEB
1 61159U 24140RD  26001.80076390  .00003025  00000-0  86866-3 0  9992
2 61159  88.9659 289.0598 0057385 141.5937 218.9374 14.43710162 71795
CZ-6A DEB
1 61159U 24140RD  26001.80076391  .00003025  00000-0  86866-3 0  9993
2 61159  88.9659 289.0598 0057385 141.5937 218.9374 14.43710162 71795
CZ-6A DEB
1 61159U 24140RD  26002.21663220  .00003215  00000-0  92334-3 0  9990
2 61159  88.9658 289.0089 0057436 140.2412 220.3023 14.43713032 71854
CZ-6A DEB
1 61159U 24140RD  26002.77112190  .00003222  00000-0  92535-3 0  9997
2 61159  88.9658 288.9413 0057491 138.4376 222.1220 14.43716247 71931
CZ-6A DEB
1 61159U 24140RD  26002.84043294  .00003240  00000-0  93059-3 0  9995
2 61159  88.9659 288.9329 0057497 138.2065 222.3551 14.43716752 71948
CZ-6A DEB
1 61159U 24140RD  26002.84043295  .00003240  00000-0  93059-3 0  9996
2 61159  88.9659 288.9329 0057497 138.2066 222.3551 14.43716752 71949
CZ-6A DEB
1 61159U 24140RD  26003.81078616  .00002941  00000-0  84406-3 0  9992
2 61159  88.9660 288.8146 0057605 135.0275 225.5615 14.43721628 72085
CZ-6A DEB
1 61159U 24140RD  26004.29596154  .00002500  00000-0  71687-3 0  9995
2 61159  88.9660 288.7555 0057669 133.4347 227.1677 14.43723014 72155
CZ-6A DEB
1 61159U 24140RD  26004.29596154  .00002500  00000-0  71687-3 0  9995
2 61159  88.9660 288.7555 0057669 133.4347 227.1677 14.43723014 72155
CZ-6A DEB
1 61159U 24140RD  26004.78113651  .00002420  00000-0  69360-3 0  9992
2 61159  88.9661 288.6964 0057734 131.7974 228.8182 14.43725215 72221
CZ-6A DEB
1 61159U 24140RD  26004.78113651  .00002420  00000-0  69360-3 0  9992
2 61159  88.9661 288.6964 0057734 131.7974 228.8182 14.43725215 72221
CZ-6A DEB
1 61159U 24140RD  26005.26631009  .00002221  00000-0  63625-3 0  9995
2 61159  88.9661 288.6373 0057808 130.2020 230.4263 14.43727235 72293
CZ-6A DEB
1 61159U 24140RD  26005.26631010  .00002221  00000-0  63625-3 0  9997
2 61159  88.9661 288.6373 0057808 130.2020 230.4263 14.43727235 72293
CZ-6A DEB
1 61159U 24140RD  26005.75148294  .00002280  00000-0  65314-3 0  9990
2 61159  88.9659 288.5779 0057872 128.6125 232.0281 14.43729867 72366
CZ-6A DEB
1 61159U 24140RD  26006.79113707  .00001922  00000-0  54964-3 0  9997
2 61159  88.9660 288.4511 0058021 125.2641 235.4011 14.43733332 72511
CZ-6A DEB
1 61159U 24140RD  26007.20699803  .00001662  00000-0  47460-3 0  9994
2 61159  88.9659 288.4006 0058076 123.8187 236.8564 14.43734229 72577
CZ-6A DEB
1 61159U 24140RD  26007.48423838  .00001643  00000-0  46921-3 0  9997
2 61159  88.9659 288.3671 0058121 122.8786 237.8029 14.43735201 72612
CZ-6A DEB
1 61159U 24140RD  26007.48423838  .00001643  00000-0  46921-3 0  9997
2 61159  88.9659 288.3671 0058121 122.8786 237.8029 14.43735200 72611
CZ-6A DEB
1 61159U 24140RD  26008.80112633  .00001986  00000-0  56800-3 0  9999
2 61159  88.9658 288.2065 0058264 118.5665 242.1420 14.43741367 72808
CZ-6A DEB
1 61159U 24140RD  26009.28629445  .00001823  00000-0  52106-3 0  9991
2 61159  88.9656 288.1474 0058283 116.9839 243.7333 14.43742583 72873
CZ-6A DEB
1 61159U 24140RD  26009.49422347  .00001814  00000-0  51831-3 0  9990
2 61159  88.9657 288.1221 0058297 116.3096 244.4112 14.43743218 72901
CZ-6A DEB
1 61159U 24140RD  26010.18731958  .00001660  00000-0  47385-3 0  9997
2 61159  88.9656 288.0375 0058350 114.0631 246.6693 14.43745015 73006
CZ-6A DEB
1 61159U 24140RD  26011.01903286  .00001605  00000-0  45792-3 0  9994
2 61159  88.9657 287.9359 0058324 111.3390 249.4053 14.43747332 73128
CZ-6A DEB
1 61159U 24140RD  26012.19728998  .00001555  00000-0  44360-3 0  9993
2 61159  88.9657 287.7923 0058420 107.4991 253.2608 14.43751241 73294
CZ-6A DEB
1 61159U 24140RD  26012.75176293  .00001463  00000-0  41703-3 0  9996
2 61159  88.9656 287.7247 0058454 105.6917 255.0746 14.43752562 73376
CZ-6A DEB
1 61159U 24140RD  26012.75176293  .00001463  00000-0  41703-3 0  9996
2 61159  88.9656 287.7247 0058454 105.6917 255.0746 14.43752562 73376
CZ-6A DEB
1 61159U 24140RD  26013.72208967  .00001190  00000-0  33835-3 0  9992
2 61159  88.9656 287.6063 0058501 102.5472 258.2283 14.43753922 73514
CZ-6A DEB
1 61159U 24140RD  26013.79139870  .00001166  00000-0  33135-3 0  9991
2 61159  88.9655 287.5978 0058510 102.3215 258.4547 14.43753977 73526
CZ-6A DEB
1 61159U 24140RD  26014.69241429  .00001050  00000-0  29778-3 0  9995
2 61159  88.9655 287.4879 0058565  99.3950 261.3881 14.43755854 73650
CZ-6A DEB
1 61159U 24140RD  26014.69241430  .00001050  00000-0  29778-3 0  9997
2 61159  88.9655 287.4879 0058565  99.3950 261.3881 14.43755854 73650
CZ-6A DEB
1 61159U 24140RD  26015.17757600  .00001005  00000-0  28475-3 0  9995
2 61159  88.9655 287.4287 0058583  97.8308 262.9551 14.43756859 73728
CZ-6A DEB
1 61159U 24140RD  26015.17757600  .00001005  00000-0  28475-3 0  9995
2 61159  88.9655 287.4287 0058583  97.8308 262.9551 14.43756859 73728
CZ-6A DEB
1 61159U 24140RD  26015.73204586  .00001005  00000-0  28477-3 0  9999
2 61159  88.9654 287.3611 0058588  96.0356 264.7528 14.43758225 73808
CZ-6A DEB
1 61159U 24140RD  26015.80135447  .00001063  00000-0  30164-3 0  9996
2 61159  88.9654 287.3526 0058594  95.8095 264.9792 14.43758731 73815
CZ-6A DEB
1 61159U 24140RD  26016.77167475  .00001275  00000-0  36274-3 0  9992
2 61159  88.9653 287.2343 0058641  92.6502 268.1415 14.43762297 73956
CZ-6A DEB
1 61159U 24140RD  26017.25683388  .00001345  00000-0  38285-3 0  9994
2 61159  88.9652 287.1751 0058647  91.0746 269.7177 14.43763944 74027
CZ-6A DEB
1 61159U 24140RD  26017.46475911  .00001355  00000-0  38563-3 0  9998
2 61159  88.9652 287.1497 0058670  90.3985 270.3942 14.43764520 74059
CZ-6A DEB
1 61159U 24140RD  26018.22715141  .00001396  00000-0  39742-3 0  9990
2 61159  88.9652 287.0566 0058697  87.9236 272.8687 14.43766495 74163
CZ-6A DEB
1 61159U 24140RD  26018.78161757  .00001384  00000-0  39405-3 0  9992
2 61159  88.9651 286.9890 0058707  86.1280 274.6632 14.43767749 74244
CZ-6A DEB
1 61159U 24140RD  26019.12815836  .00001395  00000-0  39729-3 0  9996
2 61159  88.9651 286.9467 0058717  85.0107 275.7796 14.43768706 74293
CZ-6A DEB
1 61159U 24140RD  26019.47469866  .00001597  00000-0  45542-3 0  9996
2 61159  88.9652 286.9045 0058717  83.8888 276.9002 14.43770740 74348
CZ-6A DEB
1 61159U 24140RD  26019.68262299  .00001506  00000-0  42914-3 0  9990
2 61159  88.9651 286.8792 0058716  83.2188 277.5692 14.43770782 74372
CZ-6A DEB
1 61159U 24140RD  26020.16777816  .00002021  00000-0  57741-3 0  9998
2 61159  88.9652 286.8201 0058719  81.6315 279.1540 14.43775077 74445
CZ-6A DEB
1 61159U 24140RD  26022.17768276  .00003712  00000-0  10639-2 0  9993
2 61159  88.9649 286.5751 0058761  75.1953 285.5750 14.43795776 74735
CZ-6A DEB
1 61159U 24140RD  26022.45490928  .00003505  00000-0  10044-2 0  9990
2 61159  88.9648 286.5413 0058781  74.2999 286.4678 14.43797565 74772
CZ-6A DEB
1 61159U 24140RD  26022.45490929  .00003505  00000-0  10044-2 0  9991
2 61159  88.9648 286.5414 0058781  74.2999 286.4678 14.43797565 74773
CZ-6A DEB
1 61159U 24140RD  26023.21728009  .00003209  00000-0  91907-3 0  9998
2 61159  88.9645 286.4483 0058768  71.8331 288.9259 14.43803221 74884
CZ-6A DEB
1 61159U 24140RD  26023.70242391  .00002890  00000-0  82704-3 0  9997
2 61159  88.9645 286.3891 0058806  70.2621 290.4912 14.43805948 74954
CZ-6A DEB
1 61159U 24140RD  26024.18756673  .00002937  00000-0  84077-3 0  9990
2 61159  88.9645 286.3299 0058790  68.6980 292.0486 14.43809260 75021
CZ-6A DEB
1 61159U 24140RD  26024.46479109  .00002984  00000-0  85410-3 0  9991
2 61159  88.9644 286.2962 0058785  67.8216 292.9210 14.43810402 75061
CZ-6A DEB
1 61159U 24140RD  26024.67270902  .00002632  00000-0  75288-3 0  9996
2 61159  88.9644 286.2707 0058737  67.1471 293.5920 14.43810668 75093
CZ-6A DEB
1 61159U 24140RD  26025.22715589  .00002799  00000-0  80078-3 0  9990
2 61159  88.9641 286.2029 0058703  65.3555 295.3747 14.43814092 75174
CZ-6A DEB
1 61159U 24140RD  26025.43507316  .00002793  00000-0  79928-3 0  9996
2 61159  88.9640 286.1775 0058693  64.6867 296.0400 14.43815146 75205
CZ-6A DEB
1 61159U 24140RD  26025.43507316  .00002793  00000-0  79928-3 0  9996
2 61159  88.9640 286.1775 0058693  64.6867 296.0400 14.43815146 75205
CZ-6A DEB
1 61159U 24140RD  26026.12812934  .00002953  00000-0  84513-3 0  9992
2 61159  88.9642 286.0928 0058644  62.4366 298.2778 14.43819459 75306
CZ-6A DEB
1 61159U 24140RD  26027.16771039  .00002829  00000-0  80945-3 0  9994
2 61159  88.9642 285.9658 0058588  59.0722 301.6222 14.43824704 75457
CZ-6A DEB
1 61159U 24140RD  26027.44493149  .00002864  00000-0  81937-3 0  9999
2 61159  88.9642 285.9320 0058590  58.1629 302.5260 14.43826167 75493
CZ-6A DEB
1 61159U 24140RD  26027.44493149  .00002864  00000-0  81937-3 0  9999
2 61159  88.9642 285.9320 0058590  58.1629 302.5259 14.43826167 75491
CZ-6A DEB
1 61159U 24140RD  26028.13798241  .00002598  00000-0  74310-3 0  9998
2 61159  88.9643 285.8473 0058546  55.9266 304.7475 14.43829041 75592
CZ-6A DEB
1 61159U 24140RD  26030.14781899  .00002484  00000-0  71023-3 0  9995
2 61159  88.9644 285.6019 0058413  49.4036 311.2229 14.43839272 75882
CZ-6A DEB
1 61159U 24140RD  26030.14781899  .00002484  00000-0  71023-3 0  9995
2 61159  88.9644 285.6019 0058413  49.4036 311.2229 14.43839272 75882
CZ-6A DEB
1 61159U 24140RD  26030.97947145  .00001872  00000-0  53399-3 0  9990
2 61159  88.9644 285.5004 0058373  46.7009 313.9041 14.43841476 76005
CZ-6A DEB
1 61159U 24140RD  26030.97947145  .00001872  00000-0  53399-3 0  9990
2 61159  88.9644 285.5004 0058373  46.7009 313.9041 14.43841476 76005
CZ-6A DEB
1 61159U 24140RD  26031.67251354  .00001746  00000-0  49784-3 0  9991
2 61159  88.9642 285.4158 0058308  44.4459 316.1401 14.43844290 76107
CZ-6A DEB
1 61159U 24140RD  26031.67251355  .00001746  00000-0  49784-3 0  9992
2 61159  88.9642 285.4158 0058308  44.4459 316.1401 14.43844290 76107
CZ-6A DEB
1 61159U 24140RD  26032.71207434  .00001536  00000-0  43733-3 0  9992
2 61159  88.9640 285.2889 0058222  41.0570 319.4994 14.43847835 76253
CZ-6A DEB
1 61159U 24140RD  26033.12789782  .00001439  00000-0  40940-3 0  9998
2 61159  88.9639 285.2382 0058186  39.7135 320.8306 14.43849078 76310
CZ-6A DEB
1 61159U 24140RD  26033.68232829  .00001633  00000-0  46517-3 0  9996
2 61159  88.9637 285.1705 0058145  37.9093 322.6182 14.43851706 76395
CZ-6A DEB
1 61159U 24140RD  26034.65257960  .00001837  00000-0  52394-3 0  9993
2 61159  88.9634 285.0520 0058065  34.7414 325.7559 14.43855871 76534
CZ-6A DEB
1 61159U 24140RD  26035.41491806  .00001888  00000-0  53874-3 0  9997
2 61159  88.9630 284.9588 0057973  32.2412 328.2314 14.43858794 76646
CZ-6A DEB
1 61159U 24140RD  26035.69213157  .00001987  00000-0  56724-3 0  9995
2 61159  88.9631 284.9250 0057933  31.3238 329.1395 14.43860204 76687
CZ-6A DEB
1 61159U 24140RD  26036.10795103  .00002127  00000-0  60747-3 0  9995
2 61159  88.9630 284.8742 0057885  29.9638 330.4857 14.43862481 76748
CZ-6A DEB
1 61159U 24140RD  26036.10795103  .00002127  00000-0  60747-3 0  9995
2 61159  88.9630 284.8742 0057885  29.9638 330.4857 14.43862480 76747
CZ-6A DEB
1 61159U 24140RD  26037.63261819  .00002155  00000-0  61556-3 0  9996
2 61159  88.9625 284.6876 0057714  24.9396 335.4576 14.43869223 76963
CZ-6A DEB
1 61159U 24140RD  26037.70192100  .00002156  00000-0  61566-3 0  9992
2 61159  88.9625 284.6792 0057704  24.7067 335.6880 14.43869563 76970
CZ-6A DEB
1 61159U 24140RD  26037.70192100  .00002156  00000-0  61566-3 0  9992
2 61159  88.9625 284.6792 0057704  24.7067 335.6880 14.43869563 76970
CZ-6A DEB
1 61159U 24140RD  26038.11773804  .00002144  00000-0  61242-3 0  9992
2 61159  88.9624 284.6282 0057635  23.3276 337.0523 14.43871261 77039
CZ-6A DEB
1 61159U 24140RD  26038.11773805  .00002144  00000-0  61242-3 0  9993
2 61159  88.9624 284.6282 0057635  23.3276 337.0523 14.43871261 77039
CZ-6A DEB
1 61159U 24140RD  26038.67215992  .00001992  00000-0  56862-3 0  9994
2 61159  88.9626 284.5601 0057608  21.4411 338.9186 14.43872784 77110
CZ-6A DEB
1 61159U 24140RD  26038.67215992  .00001992  00000-0  56862-3 0  9994
2 61159  88.9626 284.5601 0057608  21.4411 338.9186 14.43872784 77110
CZ-6A DEB
1 61159U 24140RD  26039.08797637  .00001831  00000-0  52222-3 0  9999
2 61159  88.9626 284.5094 0057556  20.0793 340.2656 14.43873490 77175
CZ-6A DEB
1 61159U 24140RD  26039.08797637  .00001831  00000-0  52222-3 0  9999
2 61159  88.9626 284.5093 0057556  20.0793 340.2656 14.43873489 77172
CZ-6A DEB
1 61159U 24140RD  26039.71169990  .00001738  00000-0  49543-3 0  9992
2 61159  88.9625 284.4331 0057472  18.0127 342.3094 14.43875374 77264
CZ-6A DEB
1 61159U 24140RD  26039.71169990  .00001738  00000-0  49543-3 0  9992
2 61159  88.9625 284.4331 0057472  18.0127 342.3094 14.43875374 77264
CZ-6A DEB
1 61159U 24140RD  26040.12751481  .00001634  00000-0  46580-3 0  9994
2 61159  88.9625 284.3823 0057403  16.6302 343.6766 14.43876464 77320
CZ-6A DEB
1 61159U 24140RD  26040.68193427  .00001688  00000-0  48124-3 0  9990
2 61159  88.9624 284.3145 0057344  14.7914 345.4950 14.43878803 77401
CZ-6A DEB
1 61159U 24140RD  26040.68193427  .00001688  00000-0  48124-3 0  9990
2 61159  88.9624 284.3145 0057344  14.7914 345.4950 14.43878803 77401
CZ-6A DEB
1 61159U 24140RD  26041.09774828  .00001612  00000-0  45948-3 0  9994
2 61159  88.9624 284.2636 0057280  13.4166 346.8544 14.43879953 77466
CZ-6A DEB
1 61159U 24140RD  26041.16705064  .00001635  00000-0  46611-3 0  9991
2 61159  88.9625 284.2551 0057274  13.1991 347.0695 14.43880310 77479
CZ-6A DEB
1 61159U 24140RD  26041.16705064  .00001635  00000-0  46611-3 0  9991
2 61159  88.9625 284.2551 0057274  13.1991 347.0695 14.43880310 77479
CZ-6A DEB
1 61159U 24140RD  26041.65216657  .00001588  00000-0  45253-3 0  9998
2 61159  88.9624 284.1958 0057218  11.5877 348.6628 14.43881764 77546
CZ-6A DEB
1 61159U 24140RD  26042.62239668  .00001534  00000-0  43701-3 0  9990
2 61159  88.9623 284.0771 0057094   8.3699 351.8443 14.43884827 77684
CZ-6A DEB
1 61159U 24140RD  26042.69169874  .00001532  00000-0  43630-3 0  9997
2 61159  88.9624 284.0686 0057085   8.1296 352.0818 14.43885050 77690
CZ-6A DEB
1 61159U 24140RD  26043.10751096  .00001600  00000-0  45580-3 0  9999
2 61159  88.9624 284.0177 0057042   6.7623 353.4337 14.43886797 77753
CZ-6A DEB
1 61159U 24140RD  26043.17681274  .00001622  00000-0  46220-3 0  9992
2 61159  88.9624 284.0092 0057031   6.5434 353.6501 14.43887211 77763
CZ-6A DEB
1 61159U 24140RD  26043.17681275  .00001622  00000-0  46220-3 0  9993
2 61159  88.9624 284.0092 0057031   6.5434 353.6501 14.43887211 77763
CZ-6A DEB
1 61159U 24140RD  26045.11726543  .00001476  00000-0  42044-3 0  9994
2 61159  88.9623 283.7718 0056761   0.0621   0.0579 14.43892384 78046
CZ-6A DEB
1 61159U 24140RD  26045.60237777  .00001465  00000-0  41702-3 0  9992
2 61159  88.9622 283.7125 0056698 358.4408   1.6609 14.43893647 78111
CZ-6A DEB
1 61159U 24140RD  26046.15679100  .00001320  00000-0  37548-3 0  9996
2 61159  88.9621 283.6447 0056605 356.6141   3.4670 14.43894506 78199
CZ-6A DEB
1 61159U 24140RD  26046.15679101  .00001320  00000-0  37548-3 0  9997
2 61159  88.9621 283.6447 0056605 356.6141   3.4670 14.43894506 78199
CZ-6A DEB
1 61159U 24140RD  26047.61212193  .00001387  00000-0  39484-3 0  9997
2 61159  88.9618 283.4666 0056410 351.7267   8.3000 14.43899337 78407
CZ-6A DEB
1 61159U 24140RD  26047.68142311  .00001391  00000-0  39602-3 0  9995
2 61159  88.9618 283.4581 0056387 351.4690   8.5549 14.43899609 78416
CZ-6A DEB
1 61159U 24140RD  26048.09723114  .00001570  00000-0  44746-3 0  9991
2 61159  88.9617 283.4072 0056335 350.0835   9.9252 14.43901831 78472
CZ-6A DEB
1 61159U 24140RD  26048.09723114  .00001570  00000-0  44746-3 0  9991
2 61159  88.9617 283.4072 0056335 350.0835   9.9252 14.43901831 78472
CZ-6A DEB
1 61159U 24140RD  26048.65164176  .00001291  00000-0  36707-3 0  9998
2 61159  88.9616 283.3392 0056233 348.1910  11.7970 14.43901874 78558
CZ-6A DEB
1 61159U 24140RD  26048.65164176  .00001291  00000-0  36707-3 0  9998
2 61159  88.9616 283.3392 0056233 348.1910  11.7970 14.43901874 78558
CZ-6A DEB
1 61159U 24140RD  26049.13675037  .00001323  00000-0  37627-3 0  9993
2 61159  88.9616 283.2800 0056175 346.5514  13.4188 14.43903451 78629
CZ-6A DEB
1 61159U 24140RD  26049.13675038  .00001323  00000-0  37627-3 0  9994
2 61159  88.9616 283.2800 0056175 346.5514  13.4188 14.43903452 78620
CZ-6A DEB
1 61159U 24140RD  26049.69115971  .00001323  00000-0  37653-3 0  9999
2 61159  88.9615 283.2121 0056098 344.6670  15.2831 14.43905035 78704
CZ-6A DEB
1 61159U 24140RD  26049.69115971  .00001323  00000-0  37653-3 0  9999
2 61159  88.9615 283.2121 0056098 344.6670  15.2831 14.43905035 78704
CZ-6A DEB
1 61159U 24140RD  26050.66137484  .00001273  00000-0  36199-3 0  9999
2 61159  88.9612 283.0933 0055963 341.3619  18.5533 14.43907480 78843
CZ-6A DEB
1 61159U 24140RD  26050.66137485  .00001273  00000-0  36199-3 0  9990
2 61159  88.9612 283.0933 0055963 341.3619  18.5533 14.43907480 78843
CZ-6A DEB
1 61159U 24140RD  26051.07718098  .00001229  00000-0  34949-3 0  9993
2 61159  88.9612 283.0424 0055901 339.9594  19.9413 14.43908374 78907
CZ-6A DEB
1 61159U 24140RD  26051.07718099  .00001229  00000-0  34949-3 0  9994
2 61159  88.9612 283.0424 0055901 339.9594  19.9413 14.43908374 78907
CZ-6A DEB
1 61159U 24140RD  26052.04739418  .00001228  00000-0  34917-3 0  9994
2 61159  88.9611 282.9235 0055766 336.6651  23.2021 14.43910960 79044
CZ-6A DEB
1 61159U 24140RD  26052.04739418  .00001228  00000-0  34917-3 0  9994
2 61159  88.9611 282.9234 0055766 336.6651  23.2021 14.43910959 79041
CZ-6A DEB
1 61159U 24140RD  26052.60180109  .00001174  00000-0  33353-3 0  9996
2 61159  88.9610 282.8555 0055704 334.7721  25.0763 14.43912103 79129
CZ-6A DEB
1 61159U 24140RD  26052.67110182  .00001175  00000-0  33387-3 0  9995
2 61159  88.9610 282.8471 0055694 334.5173  25.3286 14.43912309 79135
CZ-6A DEB
1 61159U 24140RD  26052.67110183  .00001175  00000-0  33387-3 0  9996
2 61159  88.9610 282.8471 0055694 334.5173  25.3286 14.43912309 79135
CZ-6A DEB
1 61159U 24140RD  26053.57201133  .00001338  00000-0  38076-3 0  9993
2 61159  88.9607 282.7368 0055573 331.4457  28.3705 14.43915646 79262
CZ-6A DEB
1 61159U 24140RD  26054.05711592  .00001362  00000-0  38770-3 0  9990
2 61159  88.9607 282.6773 0055504 329.7889  30.0116 14.43917104 79339
CZ-6A DEB
1 61159U 24140RD  26054.12641652  .00001362  00000-0  38775-3 0  9992
2 61159  88.9606 282.6688 0055490 329.5530  30.2454 14.43917299 79341
CZ-6A DEB
1 61159U 24140RD  26054.12641653  .00001362  00000-0  38775-3 0  9993
2 61159  88.9606 282.6688 0055490 329.5530  30.2454 14.43917299 79341
CZ-6A DEB
1 61159U 24140RD  26055.58172845  .00001307  00000-0  37201-3 0  9998
2 61159  88.9604 282.4905 0055301 324.5685  35.1849 14.43920783 79553
CZ-6A DEB
1 61159U 24140RD  26055.58172845  .00001307  00000-0  37201-3 0  9998
2 61159  88.9604 282.4905 0055301 324.5685  35.1849 14.43920783 79553
CZ-6A DEB
1 61159U 24140RD  26056.13613191  .00001205  00000-0  34250-3 0  9992
2 61159  88.9604 282.4226 0055215 322.6666  37.0705 14.43921769 79637
CZ-6A DEB
1 61159U 24140RD  26056.13613191  .00001205  00000-0  34250-3 0  9992
2 61159  88.9604 282.4226 0055215 322.6666  37.0705 14.43921769 79637
CZ-6A DEB
1 61159U 24140RD  26057.03703641  .00001243  00000-0  35355-3 0  9991
2 61159  88.9604 282.3122 0055106 319.5603  40.1510 14.43924470 79761
CZ-6A DEB
1 61159U 24140RD  26057.03703642  .00001243  00000-0  35355-3 0  9992
2 61159  88.9604 282.3122 0055106 319.5603  40.1510 14.43924470 79761
CZ-6A DEB
1 61159U 24140RD  26059.11604139  .00001409  00000-0  40130-3 0  9995
2 61159  88.9602 282.0573 0054865 312.3999  47.2568 14.43931309 80061
CZ-6A DEB
1 61159U 24140RD  26059.11604139  .00001409  00000-0  40130-3 0  9995
2 61159  88.9602 282.0573 0054865 312.3999  47.2568 14.43931309 80061
CZ-6A DEB
1 61159U 24140RD  26059.60114163  .00001439  00000-0  41015-3 0  9998
2 61159  88.9601 281.9979 0054817 310.7097  48.9351 14.43932812 80132
CZ-6A DEB
1 61159U 24140RD  26059.60114163  .00001439  00000-0  41015-3 0  9998
2 61159  88.9601 281.9979 0054817 310.7097  48.9351 14.43932812 80132
CZ-6A DEB
1 61159U 24140RD  26060.64064037  .00001537  00000-0  43830-3 0  9994
2 61159  88.9600 281.8704 0054702 307.1150  52.5061 14.43936384 80282
CZ-6A DEB
1 61159U 24140RD  26060.64064037  .00001537  00000-0  43830-3 0  9994
2 61159  88.9600 281.8704 0054702 307.1150  52.5061 14.43936384 80282
CZ-6A DEB
1 61159U 24140RD  26061.05643943  .00001487  00000-0  42377-3 0  9998
2 61159  88.9601 281.8195 0054679 305.6258  53.9859 14.43937270 80344
CZ-6A DEB
1 61159U 24140RD  26061.61083766  .00001590  00000-0  45358-3 0  9998
2 61159  88.9600 281.7515 0054618 303.7112  55.8891 14.43939452 80429
CZ-6A DEB
1 61159U 24140RD  26061.61083767  .00001590  00000-0  45358-3 0  9999
2 61159  88.9600 281.7515 0054618 303.7112  55.8891 14.43939452 80429
CZ-6A DEB
1 61159U 24140RD  26062.09593561  .00001545  00000-0  44049-3 0  9996
2 61159  88.9598 281.6920 0054597 302.0050  57.5854 14.43940646 80495
CZ-6A DEB
1 61159U 24140RD  26062.58103307  .00001707  00000-0  48723-3 0  9998
2 61159  88.9597 281.6325 0054550 300.3279  59.2535 14.43943003 80569
CZ-6A DEB
1 61159U 24140RD  26062.58103307  .00001707  00000-0  48723-3 0  9998
2 61159  88.9597 281.6325 0054550 300.3279  59.2535 14.43943003 80569
CZ-6A DEB
1 61159U 24140RD  26063.06612984  .00001817  00000-0  51886-3 0  9994
2 61159  88.9597 281.5729 0054500 298.6477  60.9251 14.43945178 80637
CZ-6A DEB
1 61159U 24140RD  26063.06612984  .00001817  00000-0  51886-3 0  9994
2 61159  88.9597 281.5729 0054500 298.6477  60.9251 14.43945178 80637
CZ-6A DEB
1 61159U 24140RD  26064.10562171  .00001685  00000-0  48082-3 0  9999
2 61159  88.9594 281.4453 0054410 295.0372  64.5188 14.43947860 80787
CZ-6A DEB
1 61159U 24140RD  26064.10562172  .00001685  00000-0  48082-3 0  9990
2 61159  88.9594 281.4453 0054410 295.0372  64.5188 14.43947860 80787
CZ-6A DEB
1 61159U 24140RD  26065.00651319  .00001578  00000-0  44994-3 0  9991
2 61159  88.9593 281.3347 0054345 291.8819  67.6611 14.43950196 80910
CZ-6A DEB
1 61159U 24140RD  26066.04600110  .00001583  00000-0  45135-3 0  9993
2 61159  88.9591 281.2071 0054267 288.2376  71.2926 14.43953721 81066
CZ-6A DEB
1 61159U 24140RD  26066.04600110  .00001583  00000-0  45135-3 0  9993
2 61159  88.9591 281.2071 0054267 288.2376  71.2926 14.43953721 81066
CZ-6A DEB
1 61159U 24140RD  26066.60039315  .00001856  00000-0  53003-3 0  9994
2 61159  88.9590 281.1392 0054258 286.2843  73.2397 14.43957229 81147
CZ-6A DEB
1 61159U 24140RD  26067.01618691  .00001886  00000-0  53870-3 0  9995
2 61159  88.9592 281.0880 0054229 284.8416  74.6785 14.43958925 81205
CZ-6A DEB
1 61159U 24140RD  26067.08548584  .00001892  00000-0  54046-3 0  9998
2 61159  88.9594 281.0794 0054220 284.6082  74.9113 14.43959224 81211
CZ-6A DEB
1 61159U 24140RD  26067.57057828  .00001866  00000-0  53274-3 0  9991
2 61159  88.9592 281.0199 0054187 282.9047  76.6107 14.43960798 81289
CZ-6A DEB
1 61159U 24140RD  26067.63987713  .00001867  00000-0  53305-3 0  9999
2 61159  88.9593 281.0114 0054184 282.6663  76.8485 14.43961059 81298
CZ-6A DEB
1 61159U 24140RD  26068.61006082  .00001704  00000-0  48627-3 0  9990
2 61159  88.9592 280.8923 0054142 279.2521  80.2561 14.43963521 81437
CZ-6A DEB
1 61159U 24140RD  26068.61006083  .00001704  00000-0  48627-3 0  9991
2 61159  88.9592 280.8923 0054142 279.2521  80.2561 14.43963521 81437
CZ-6A DEB
1 61159U 24140RD  26069.02585301  .00001666  00000-0  47519-3 0  9998
2 61159  88.9592 280.8412 0054135 277.7755  81.7304 14.43964808 81490
CZ-6A DEB
1 61159U 24140RD  26069.02585302  .00001666  00000-0  47519-3 0  9999
2 61159  88.9592 280.8412 0054135 277.7755  81.7304 14.43964808 81490
CZ-6A DEB
1 61159U 24140RD  26069.58024228  .00001658  00000-0  47284-3 0  9995
2 61159  88.9592 280.7732 0054118 275.8368  83.6668 14.43966691 81579
CZ-6A DEB
1 61159U 24140RD  26069.58024229  .00001658  00000-0  47284-3 0  9996
2 61159  88.9592 280.7732 0054118 275.8368  83.6668 14.43966691 81579
CZ-6A DEB
1 61159U 24140RD  26070.06533220  .00001595  00000-0  45485-3 0  9998
2 61159  88.9591 280.7136 0054095 274.1219  85.3803 14.43968108 81640
CZ-6A DEB
1 61159U 24140RD  26070.06533221  .00001595  00000-0  45485-3 0  9999
2 61159  88.9591 280.7136 0054095 274.1219  85.3803 14.43968108 81640
CZ-6A DEB
1 61159U 24140RD  26070.61972045  .00001608  00000-0  45861-3 0  9994
2 61159  88.9592 280.6456 0054079 272.1761  87.3251 14.43970051 81725
CZ-6A DEB
1 61159U 24140RD  26070.61972045  .00001608  00000-0  45861-3 0  9994
2 61159  88.9592 280.6456 0054079 272.1760  87.3251 14.43970051 81724
CZ-6A DEB
1 61159U 24140RD  26071.58989857  .00001659  00000-0  47328-3 0  9996
2 61159  88.9589 280.5265 0054071 268.7485  90.7524 14.43973556 81863
CZ-6A DEB
1 61159U 24140RD  26071.58989857  .00001659  00000-0  47328-3 0  9996
2 61159  88.9589 280.5265 0054071 268.7485  90.7524 14.43973556 81863
CZ-6A DEB
1 61159U 24140RD  26072.56007486  .00001638  00000-0  46711-3 0  9996
2 61159  88.9589 280.4075 0054040 265.3501  94.1529 14.43976707 82000
CZ-6A DEB
1 61159U 24140RD  26072.83726791  .00001556  00000-0  44356-3 0  9995
2 61159  88.9589 280.3734 0053978 264.3694  95.1352 14.43977170 82046
CZ-6A DEB
1 61159U 24140RD  26073.59954723  .00001650  00000-0  47061-3 0  9998
2 61159  88.9588 280.2798 0054009 261.6967  97.8111 14.43980316 82153
CZ-6A DEB
1 61159U 24140RD  26074.29252837  .00001447  00000-0  41217-3 0  9994
2 61159  88.9587 280.1948 0053987 259.2401 100.2722 14.43981346 82250
CZ-6A DEB
1 61159U 24140RD  26074.56972071  .00001332  00000-0  37899-3 0  9997
2 61159  88.9587 280.1608 0053997 258.2669 101.2473 14.43981541 82294
CZ-6A DEB
1 61159U 24140RD  26076.30216941  .00001327  00000-0  37756-3 0  9994
2 61159  88.9581 279.9478 0054053 252.1790 107.3513 14.43986591 82541
CZ-6A DEB
1 61159U 24140RD  26076.51006301  .00001332  00000-0  37892-3 0  9991
2 61159  88.9581 279.9223 0054054 251.4519 108.0808 14.43987201 82578
CZ-6A DEB
1 61159U 24140RD  26076.99514770  .00001289  00000-0  36655-3 0  9994
2 61159  88.9581 279.8627 0054071 249.7400 109.7986 14.43988359 82641
CZ-6A DEB
1 61159U 24140RD  26077.82672097  .00001328  00000-0  37765-3 0  9991
2 61159  88.9580 279.7605 0054098 246.8160 112.7339 14.43990787 82762
CZ-6A DEB
1 61159U 24140RD  26077.82672097  .00001328  00000-0  37765-3 0  9991
2 61159  88.9580 279.7605 0054098 246.8160 112.7339 14.43990787 82762
CZ-6A DEB
1 61159U 24140RD  26077.96531640  .00001293  00000-0  36754-3 0  9992
2 61159  88.9579 279.7434 0054100 246.3215 113.2306 14.43990998 82786
CZ-6A DEB
1 61159U 24140RD  26078.51969838  .00001230  00000-0  34962-3 0  9998
2 61159  88.9578 279.6753 0054125 244.3689 115.1917 14.43991987 82865
CZ-6A DEB
1 61159U 24140RD  26079.00478207  .00001275  00000-0  36239-3 0  9996
2 61159  88.9578 279.6157 0054151 242.6607 116.9078 14.43993420 82932
CZ-6A DEB
1 61159U 24140RD  26079.00478207  .00001275  00000-0  36239-3 0  9996
2 61159  88.9578 279.6157 0054151 242.6607 116.9078 14.43993420 82932
CZ-6A DEB
1 61159U 24140RD  26079.48986612  .00001242  00000-0  35294-3 0  9996
2 61159  88.9577 279.5561 0054173 240.9577 118.6194 14.43994201 83005
CZ-6A DEB
1 61159U 24140RD  26079.48986613  .00001242  00000-0  35294-3 0  9997
2 61159  88.9577 279.5561 0054173 240.9577 118.6194 14.43994201 83005
CZ-6A DEB
1 61159U 24140RD  26080.04424653  .00001271  00000-0  36116-3 0  9998
2 61159  88.9577 279.4879 0054212 239.0118 120.5754 14.43995752 83084
CZ-6A DEB
1 61159U 24140RD  26080.52932841  .00001443  00000-0  41075-3 0  9995
2 61159  88.9576 279.4283 0054245 237.3142 122.2824 14.43998069 83155
CZ-6A DEB
1 61159U 24140RD  26081.56878975  .00001444  00000-0  41092-3 0  9997
2 61159  88.9575 279.3005 0054331 233.6786 125.9395 14.44000709 83300
CZ-6A DEB
1 61159U 24140RD  26082.95473493  .00001449  00000-0  41237-3 0  9993
2 61159  88.9574 279.1301 0054458 228.8368 130.8132 14.44004619 83508
CZ-6A DEB
1 61159U 24140RD  26083.78629971  .00001434  00000-0  40795-3 0  9991
2 61159  88.9577 279.0281 0054490 225.9001 133.7712 14.44007206 83629
CZ-6A DEB
1 61159U 24140RD  26084.47926968  .00001492  00000-0  42440-3 0  9997
2 61159  88.9572 278.9425 0054579 223.5180 136.1711 14.44009698 83726
CZ-6A DEB
1 61159U 24140RD  26085.03364491  .00001493  00000-0  42485-3 0  9997
2 61159  88.9574 278.8742 0054623 221.5625 138.1420 14.44011555 83804
CZ-6A DEB
1 61159U 24140RD  26085.03364491  .00001493  00000-0  42485-3 0  9997
2 61159  88.9574 278.8742 0054623 221.5625 138.1420 14.44011555 83804
CZ-6A DEB
1 61159U 24140RD  26086.00379980  .00001581  00000-0  45008-3 0  9996
2 61159  88.9576 278.7549 0054720 218.1867 141.5455 14.44015327 83940
CZ-6A DEB
1 61159U 24140RD  26086.28098690  .00001540  00000-0  43828-3 0  9995
2 61159  88.9575 278.7208 0054757 217.2260 142.5143 14.44015939 83986
CZ-6A DEB
1 61159U 24140RD  26086.55817345  .00001494  00000-0  42500-3 0  9995
2 61159  88.9575 278.6866 0054801 216.2836 143.4647 14.44016656 84025
CZ-6A DEB
1 61159U 24140RD  26086.55817346  .00001494  00000-0  42500-3 0  9996
2 61159  88.9575 278.6866 0054801 216.2836 143.4647 14.44016656 84025
CZ-6A DEB
1 61159U 24140RD  26086.97395326  .00001564  00000-0  44502-3 0  9993
2 61159  88.9574 278.6355 0054850 214.8383 144.9225 14.44018369 84089
CZ-6A DEB
1 61159U 24140RD  26087.25113947  .00001683  00000-0  47921-3 0  9992
2 61159  88.9575 278.6017 0054864 213.8784 145.8911 14.44019923 84128
CZ-6A DEB
1 61159U 24140RD  26087.25113947  .00001683  00000-0  47921-3 0  9992
2 61159  88.9575 278.6017 0054864 213.8784 145.8911 14.44019923 84128
CZ-6A DEB
1 61159U 24140RD  26087.80551142  .00001679  00000-0  47791-3 0  9996
2 61159  88.9575 278.5336 0054917 211.9599 147.8271 14.44021743 84206
CZ-6A DEB
1 61159U 24140RD  26087.80551143  .00001679  00000-0  47791-3 0  9997
2 61159  88.9575 278.5336 0054917 211.9599 147.8271 14.44021743 84206
CZ-6A DEB
1 61159U 24140RD  26088.98354877  .00002022  00000-0  57653-3 0  9993
2 61159  88.9574 278.3887 0055040 207.9130 151.9119 14.44027793 84374
CZ-6A DEB
1 61159U 24140RD  26088.98354878  .00002022  00000-0  57653-3 0  9994
2 61159  88.9574 278.3887 0055040 207.9130 151.9119 14.44027793 84374
CZ-6A DEB
1 61159U 24140RD  26089.53791825  .00002060  00000-0  58743-3 0  9996
2 61159  88.9574 278.3205 0055101 206.0077 153.8356 14.44030008 84452
CZ-6A DEB
1 61159U 24140RD  26089.53791826  .00002060  00000-0  58743-3 0  9997
2 61159  88.9574 278.3205 0055101 206.0077 153.8356 14.44030008 84452
CZ-6A DEB
1 61159U 24140RD  26089.95369458  .00002110  00000-0  60159-3 0  9995
2 61159  88.9573 278.2694 0055150 204.5779 155.2795 14.44031898 84516
CZ-6A DEB
1 61159U 24140RD  26090.92383823  .00002169  00000-0  61859-3 0  9998
2 61159  88.9573 278.1501 0055267 201.2437 158.6473 14.44035921 84652
CZ-6A DEB
1 61159U 24140RD  26091.47820532  .00001836  00000-0  52270-3 0  9999
2 61159  88.9572 278.0818 0055344 199.3457 160.5647 14.44036203 84734
CZ-6A DEB
1 61159U 24140RD  26091.96327490  .00001985  00000-0  56542-3 0  9999
2 61159  88.9571 278.0221 0055401 197.6863 162.2414 14.44039107 84802
CZ-6A DEB
1 61159U 24140RD  26091.96327490  .00001985  00000-0  56542-3 0  9999
2 61159  88.9571 278.0221 0055401 197.6863 162.2414 14.44039107 84802
CZ-6A DEB
1 61159U 24140RD  26092.93341011  .00002599  00000-0  74160-3 0  9990
2 61159  88.9572 277.9028 0055511 194.3669 165.5959 14.44047275 84946
CZ-6A DEB
1 61159U 24140RD  26093.00270647  .00002887  00000-0  82431-3 0  9995
2 61159  88.9570 277.8944 0055560 194.0711 165.8948 14.44047580 84950
CZ-6A DEB
1 61159U 24140RD  26093.48777359  .00003095  00000-0  88387-3 0  9997
2 61159  88.9570 277.8347 0055624 192.4195 167.5642 14.44050578 85026
CZ-6A DEB
1 61159U 24140RD  26093.55706887  .00003069  00000-0  87629-3 0  9992
2 61159  88.9570 277.8262 0055635 192.1858 167.8004 14.44050811 85033
CZ-6A DEB
1 61159U 24140RD  26093.55706887  .00003069  00000-0  87629-3 0  9992
2 61159  88.9570 277.8262 0055635 192.1858 167.8004 14.44050811 85033
CZ-6A DEB
1 61159U 24140RD  26094.52719949  .00002848  00000-0  81289-3 0  9993
2 61159  88.9573 277.7067 0055756 188.8818 171.1405 14.44055575 85170
CZ-6A DEB
1 61159U 24140RD  26094.94296864  .00002466  00000-0  70309-3 0  9992
2 61159  88.9574 277.6554 0055833 187.4805 172.5572 14.44056809 85236
CZ-6A DEB
1 61159U 24140RD  26095.49732689  .00002435  00000-0  69417-3 0  9997
2 61159  88.9574 277.5872 0055897 185.5878 174.4709 14.44059725 85319
CZ-6A DEB
1 61159U 24140RD  26095.49732689  .00002435  00000-0  69417-3 0  9997
2 61159  88.9574 277.5872 0055897 185.5878 174.4709 14.44059725 85319
CZ-6A DEB
1 61159U 24140RD  26095.91309481  .00002266  00000-0  64559-3 0  9998
2 61159  88.9575 277.5360 0055964 184.1817 175.8927 14.44061447 85372
CZ-6A DEB
1 61159U 24140RD  26095.98238940  .00002247  00000-0  64007-3 0  9993
2 61159  88.9577 277.5274 0055988 183.9397 176.1374 14.44061768 85381
CZ-6A DEB
1 61159U 24140RD  26096.95251264  .00002003  00000-0  57012-3 0  9993
2 61159  88.9578 277.4081 0056130 180.6623 179.4516 14.44065651 85528
CZ-6A DEB
1 61159U 24140RD  26097.22969025  .00001967  00000-0  55975-3 0  9999
2 61159  88.9579 277.3739 0056174 179.7310 180.3934 14.44066719 85563
CZ-6A DEB
1 61159U 24140RD  26097.50686804  .00001783  00000-0  50685-3 0  9990
2 61159  88.9579 277.3399 0056211 178.7828 181.3523 14.44067189 85602
CZ-6A DEB
1 61159U 24140RD  26097.50686804  .00001783  00000-0  50685-3 0  9990
2 61159  88.9579 277.3399 0056211 178.7828 181.3523 14.44067189 85602
CZ-6A DEB
1 61159U 24140RD  26098.89275324  .00001417  00000-0  40163-3 0  9998
2 61159  88.9579 277.1689 0056431 174.1439 186.0437 14.44071036 85808
CZ-6A DEB
1 61159U 24140RD  26098.89275325  .00001417  00000-0  40163-3 0  9999
2 61159  88.9579 277.1690 0056431 174.1439 186.0438 14.44071036 85801
CZ-6A DEB
1 61159U 24140RD  26099.51640063  .00001685  00000-0  47845-3 0  9995
2 61159  88.9580 277.0923 0056499 172.0281 188.1835 14.44073734 85897
CZ-6A DEB
1 61159U 24140RD  26099.51640064  .00001685  00000-0  47845-3 0  9996
2 61159  88.9580 277.0923 0056499 172.0281 188.1835 14.44073734 85897
CZ-6A DEB
1 61159U 24140RD  26100.41722271  .00001762  00000-0  50067-3 0  9995
2 61159  88.9581 276.9817 0056617 168.9771 191.2688 14.44076831 86026
CZ-6A DEB
1 61159U 24140RD  26100.41722271  .00001762  00000-0  50067-3 0  9995
2 61159  88.9581 276.9816 0056617 168.9771 191.2688 14.44076831 86025
CZ-6A DEB
1 61159U 24140RD  26101.45663080  .00001367  00000-0  38716-3 0  9990
2 61159  88.9580 276.8539 0056801 165.5426 194.7419 14.44078689 86179
CZ-6A DEB
1 61159U 24140RD  26101.52592459  .00001437  00000-0  40720-3 0  9995
2 61159  88.9580 276.8454 0056804 165.3065 194.9806 14.44079122 86181
CZ-6A DEB
1 61159U 24140RD  26101.94168727  .00001323  00000-0  37467-3 0  9996
2 61159  88.9581 276.7947 0056884 163.9842 196.3177 14.44079846 86240
CZ-6A DEB
1 61159U 24140RD  26101.94168727  .00001323  00000-0  37467-3 0  9996
2 61159  88.9581 276.7947 0056884 163.9842 196.3177 14.44079846 86240
CZ-6A DEB
1 61159U 24140RD  26102.21886244  .00001270  00000-0  35943-3 0  9996
2 61159  88.9579 276.7605 0056853 163.1225 197.1888 14.44079813 86287
CZ-6A DEB
1 61159U 24140RD  26102.21886245  .00001270  00000-0  35943-3 0  9997
2 61159  88.9579 276.7605 0056853 163.1225 197.1888 14.44079813 86287
CZ-6A DEB
1 61159U 24140RD  26102.91179932  .00001199  00000-0  33910-3 0  9994
2 61159  88.9579 276.6753 0056950 160.8037 199.5331 14.44081372 86386
CZ-6A DEB
1 61159U 24140RD  26102.98109294  .00001194  00000-0  33767-3 0  9990
2 61159  88.9579 276.6667 0056958 160.5784 199.7609 14.44081535 86396
CZ-6A DEB
1 61159U 24140RD  26102.98109295  .00001194  00000-0  33767-3 0  9991
2 61159  88.9579 276.6667 0056958 160.5784 199.7609 14.44081535 86396
CZ-6A DEB
1 61159U 24140RD  26103.88191029  .00001110  00000-0  31336-3 0  9995
2 61159  88.9578 276.5558 0057074 157.5289 202.8434 14.44083247 86528
CZ-6A DEB
1 61159U 24140RD  26103.88191029  .00001110  00000-0  31336-3 0  9995
2 61159  88.9578 276.5558 0057074 157.5289 202.8434 14.44083247 86528
CZ-6A DEB
1 61159U 24140RD  26104.43625856  .00001039  00000-0  29301-3 0  9996
2 61159  88.9580 276.4876 0057152 155.6833 204.7087 14.44084187 86602
CZ-6A DEB
1 61159U 24140RD  26104.43625857  .00001039  00000-0  29301-3 0  9997
2 61159  88.9580 276.4876 0057152 155.6833 204.7087 14.44084187 86602
CZ-6A DEB
1 61159U 24140RD  26104.71343237  .00001028  00000-0  28993-3 0  9991
2 61159  88.9581 276.4537 0057204 154.7947 205.6068 14.44084771 86643
CZ-6A DEB
1 61159U 24140RD  26104.92131275  .00001050  00000-0  29614-3 0  9997
2 61159  88.9581 276.4282 0057235 154.1159 206.2928 14.44085369 86672
CZ-6A DEB
1 61159U 24140RD  26104.92131276  .00001050  00000-0  29614-3 0  9998
2 61159  88.9581 276.4282 0057235 154.1159 206.2928 14.44085369 86672
CZ-6A DEB
1 61159U 24140RD  26105.47566050  .00000947  00000-0  26651-3 0  9993
2 61159  88.9581 276.3602 0057310 152.2717 208.1563 14.44085935 86754
CZ-6A DEB
1 61159U 24140RD  26105.47566050  .00000947  00000-0  26651-3 0  9993
2 61159  88.9581 276.3602 0057310 152.2717 208.1563 14.44085935 86754
CZ-6A DEB
1 61159U 24140RD  26105.75283416  .00000956  00000-0  26914-3 0  9998
2 61159  88.9581 276.3265 0057318 151.3396 209.0979 14.44086533 86790
CZ-6A DEB
1 61159U 24140RD  26105.75283416  .00000956  00000-0  26914-3 0  9998
2 61159  88.9581 276.3265 0057318 151.3396 209.0979 14.44086533 86790
CZ-6A DEB
1 61159U 24140RD  26106.51506116  .00001038  00000-0  29278-3 0  9996
2 61159  88.9579 276.2327 0057417 148.7948 211.6686 14.44088456 86901
CZ-6A DEB
1 61159U 24140RD  26106.51506116  .00001038  00000-0  29278-3 0  9996
2 61159  88.9579 276.2327 0057417 148.7948 211.6686 14.44088456 86901
CZ-6A DEB
1 61159U 24140RD  26107.90092607  .00001108  00000-0  31260-3 0  9997
2 61159  88.9580 276.0623 0057582 144.2687 216.2392 14.44091380 87102
CZ-6A DEB
1 61159U 24140RD  26108.17809898  .00001091  00000-0  30784-3 0  9996
2 61159  88.9580 276.0282 0057612 143.3625 217.1540 14.44091695 87147
CZ-6A DEB
1 61159U 24140RD  26108.73244316  .00001140  00000-0  32193-3 0  9997
2 61159  88.9581 275.9601 0057677 141.5174 219.0165 14.44093227 87227
CZ-6A DEB
1 61159U 24140RD  26108.73244316  .00001140  00000-0  32193-3 0  9997
2 61159  88.9581 275.9601 0057677 141.5174 219.0164 14.44093227 87226
CZ-6A DEB
1 61159U 24140RD  26109.49466653  .00001128  00000-0  31827-3 0  9990
2 61159  88.9581 275.8664 0057759 139.0298 221.5268 14.44094602 87337
CZ-6A DEB
1 61159U 24140RD  26109.49466653  .00001128  00000-0  31827-3 0  9990
2 61159  88.9581 275.8664 0057759 139.0298 221.5268 14.44094601 87336
CZ-6A DEB
1 61159U 24140RD  26110.39547513  .00001072  00000-0  30216-3 0  9995
2 61159  88.9582 275.7556 0057859 136.0466 224.5361 14.44095892 87465
CZ-6A DEB
1 61159U 24140RD  26110.39547513  .00001072  00000-0  30216-3 0  9995
2 61159  88.9582 275.7556 0057859 136.0466 224.5361 14.44095892 87465
CZ-6A DEB
1 61159U 24140RD  26110.74193892  .00001099  00000-0  30993-3 0  9992
2 61159  88.9582 275.7129 0057899 134.9126 225.6798 14.44096870 87514
CZ-6A DEB
1 61159U 24140RD  26110.88052446  .00001168  00000-0  32981-3 0  9992
2 61159  88.9582 275.6959 0057898 134.4744 226.1216 14.44097547 87539
CZ-6A DEB
1 61159U 24140RD  26112.47425615  .00001180  00000-0  33306-3 0  9997
2 61159  88.9584 275.5001 0058049 129.2643 231.3731 14.44101132 87768
CZ-6A DEB
1 61159U 24140RD  26112.89001134  .00001175  00000-0  33163-3 0  9994
2 61159  88.9585 275.4490 0058080 127.9217 232.7257 14.44102080 87825
CZ-6A DEB
1 61159U 24140RD  26112.89001135  .00001175  00000-0  33163-3 0  9995
2 61159  88.9585 275.4490 0058080 127.9217 232.7257 14.44102080 87825
CZ-6A DEB
1 61159U 24140RD  26112.89001135  .00001175  00000-0  33163-3 0  9995
2 61159  88.9585 275.4490 0058080 127.9217 232.7257 14.44102080 87825
CZ-6A DEB
1 61159U 24140RD  26114.48373632  .00001227  00000-0  34655-3 0  9991
2 61159  88.9586 275.2530 0058208 122.7183 237.9651 14.44106231 88059
CZ-6A DEB
1 61159U 24140RD  26114.89948951  .00001340  00000-0  37870-3 0  9996
2 61159  88.9586 275.2019 0058237 121.3521 239.3400 14.44107940 88117
CZ-6A DEB
1 61159U 24140RD  26115.17665714  .00001528  00000-0  43264-3 0  9993
2 61159  88.9589 275.1683 0058227 120.5101 240.1869 14.44109924 88157
CZ-6A DEB
1 61159U 24140RD  26115.38453334  .00001532  00000-0  43359-3 0  9999
2 61159  88.9589 275.1427 0058241 119.8354 240.8657 14.44110548 88189
CZ-6A DEB
1 61159U 24140RD  26115.93886946  .00001651  00000-0  46770-3 0  9991
2 61159  88.9590 275.0745 0058272 118.0343 242.6772 14.44112760 88261
CZ-6A DEB
1 61159U 24140RD  26116.70108029  .00001760  00000-0  49896-3 0  9999
2 61159  88.9590 274.9809 0058307 115.5647 245.1600 14.44115564 88373
CZ-6A DEB
1 61159U 24140RD  26116.70108030  .00001760  00000-0  49896-3 0  9991
2 61159  88.9590 274.9809 0058307 115.5647 245.1600 14.44115564 88373
CZ-6A DEB
1 61159U 24140RD  26117.39399763  .00001759  00000-0  49868-3 0  9999
2 61159  88.9590 274.8957 0058334 113.3218 247.4138 14.44117768 88476
CZ-6A DEB
1 61159U 24140RD  26117.67116470  .00001668  00000-0  47241-3 0  9994
2 61159  88.9592 274.8618 0058346 112.4311 248.3087 14.44118000 88517
CZ-6A DEB
1 61159U 24140RD  26117.67116470  .00001668  00000-0  47241-3 0  9994
2 61159  88.9592 274.8618 0058346 112.4311 248.3087 14.44118000 88517
CZ-6A DEB
1 61159U 24140RD  26118.15620575  .00001773  00000-0  50261-3 0  9997
2 61159  88.9592 274.8022 0058372 110.8474 249.8994 14.44120129 88582
CZ-6A DEB
1 61159U 24140RD  26118.15620576  .00001773  00000-0  50261-3 0  9998
2 61159  88.9592 274.8022 0058372 110.8474 249.8994 14.44120129 88582
CZ-6A DEB
1 61159U 24140RD  26118.43337167  .00001781  00000-0  50486-3 0  9998
2 61159  88.9592 274.7682 0058383 109.9496 250.8009 14.44121133 88628
CZ-6A DEB
1 61159U 24140RD  26118.84912035  .00001720  00000-0  48741-3 0  9990
2 61159  88.9592 274.7171 0058398 108.6084 252.1474 14.44122176 88681
CZ-6A DEB
1 61159U 24140RD  26118.84912035  .00001720  00000-0  48741-3 0  9990
2 61159  88.9592 274.7171 0058398 108.6084 252.1474 14.44122176 88681
CZ-6A DEB
1 61159U 24140RD  26119.47274252  .00001781  00000-0  50464-3 0  9994
2 61159  88.9593 274.6405 0058419 106.5828 254.1803 14.44124553 88777
CZ-6A DEB
1 61159U 24140RD  26119.47274253  .00001781  00000-0  50464-3 0  9995
2 61159  88.9593 274.6405 0058419 106.5828 254.1803 14.44124553 88777
CZ-6A DEB
1 61159U 24140RD  26120.44281895  .00001690  00000-0  47879-3 0  9999
2 61159  88.9593 274.5214 0058445 103.4498 257.3228 14.44127459 88912
CZ-6A DEB
1 61159U 24140RD  26120.44281895  .00001690  00000-0  47879-3 0  9999
2 61159  88.9593 274.5214 0058445 103.4498 257.3228 14.44127459 88912
CZ-6A DEB
1 61159U 24140RD  26121.41289191  .00001844  00000-0  52265-3 0  9990
2 61159  88.9595 274.4023 0058475 100.3025 260.4778 14.44131938 89054
CZ-6A DEB
1 61159U 24140RD  26121.41289192  .00001844  00000-0  52265-3 0  9991
2 61159  88.9595 274.4023 0058475 100.3025 260.4778 14.44131938 89054
CZ-6A DEB
1 61159U 24140RD  26122.66012626  .00001684  00000-0  47678-3 0  9999
2 61159  88.9597 274.2492 0058476  96.2808 264.5061 14.44135246 89233
CZ-6A DEB
1 61159U 24140RD  26122.66012627  .00001684  00000-0  47678-3 0  9990
2 61159  88.9597 274.2492 0058476  96.2808 264.5061 14.44135246 89233
CZ-6A DEB
1 61159U 24140RD  26122.93728840  .00001638  00000-0  46363-3 0  9990
2 61159  88.9594 274.2150 0058476  95.4036 265.3842 14.44136083 89275
CZ-6A DEB
1 61159U 24140RD  26122.93728841  .00001638  00000-0  46363-3 0  9991
2 61159  88.9594 274.2150 0058476  95.4036 265.3842 14.44136083 89275
CZ-6A DEB
1 61159U 24140RD  26122.93728841  .00001638  00000-0  46363-3 0  9991
2 61159  88.9594 274.2150 0058476  95.4036 265.3842 14.44136083 89275
CZ-6A DEB
1 61159U 24140RD  26123.42232205  .00001673  00000-0  47358-3 0  9994
2 61159  88.9595 274.1555 0058489  93.8318 266.9576 14.44137990 89340
CZ-6A DEB
1 61159U 24140RD  26123.42232205  .00001673  00000-0  47358-3 0  9994
2 61159  88.9595 274.1555 0058489  93.8318 266.9576 14.44137990 89340
CZ-6A DEB
1 61159U 24140RD  26123.83806495  .00001597  00000-0  45200-3 0  9996
2 61159  88.9598 274.1046 0058454  92.4982 268.2915 14.44138961 89400
CZ-6A DEB
1 61159U 24140RD  26123.90735540  .00001582  00000-0  44779-3 0  9990
2 61159  88.9598 274.0961 0058450  92.2852 268.5046 14.44139105 89415
CZ-6A DEB
1 61159U 24140RD  26124.11522650  .00001569  00000-0  44394-3 0  9998
2 61159  88.9598 274.0705 0058455  91.6138 269.1762 14.44139752 89449
CZ-6A DEB
1 61159U 24140RD  26124.46167836  .00001593  00000-0  45073-3 0  9999
2 61159  88.9598 274.0281 0058453  90.4870 270.3032 14.44141005 89499
CZ-6A DEB
1 61159U 24140RD  26124.46167836  .00001593  00000-0  45073-3 0  9999
2 61159  88.9598 274.0281 0058453  90.4870 270.3032 14.44141005 89499
CZ-6A DEB
1 61159U 24140RD  26124.80812985  .00001558  00000-0  44065-3 0  9990
2 61159  88.9599 273.9856 0058460  89.3656 271.4245 14.44141957 89543
CZ-6A DEB
1 61159U 24140RD  26124.80812986  .00001558  00000-0  44065-3 0  9991
2 61159  88.9599 273.9856 0058460  89.3656 271.4246 14.44141957 89544
CZ-6A DEB
1 61159U 24140RD  26125.43174111  .00001608  00000-0  45517-3 0  9991
2 61159  88.9600 273.9090 0058447  87.3452 273.4439 14.44144456 89637
CZ-6A DEB
1 61159U 24140RD  26125.84748159  .00001523  00000-0  43085-3 0  9999
2 61159  88.9601 273.8580 0058441  86.0111 274.7770 14.44145423 89696
CZ-6A DEB
1 61159U 24140RD  26125.84748159  .00001523  00000-0  43085-3 0  9999
2 61159  88.9601 273.8580 0058441  86.0111 274.7770 14.44145423 89696
CZ-6A DEB
1 61159U 24140RD  26126.81754122  .00001413  00000-0  39928-3 0  9993
2 61159  88.9602 273.7390 0058410  82.8752 277.9088 14.44148005 89838
CZ-6A DEB
1 61159U 24140RD  26126.81754122  .00001413  00000-0  39928-3 0  9993
2 61159  88.9602 273.7389 0058410  82.8752 277.9088 14.44148005 89836
CZ-6A DEB
1 61159U 24140RD  26127.44114985  .00001344  00000-0  37956-3 0  9992
2 61159  88.9603 273.6624 0058380  80.8596 279.9206 14.44149578 89928
CZ-6A DEB
1 61159U 24140RD  26127.85688847  .00001308  00000-0  36926-3 0  9996
2 61159  88.9604 273.6115 0058363  79.5092 281.2680 14.44150644 89985
CZ-6A DEB
1 61159U 24140RD  26127.85688848  .00001308  00000-0  36926-3 0  9997
2 61159  88.9604 273.6115 0058363  79.5092 281.2680 14.44150644 89985
CZ-6A DEB
1 61159U 24140RD  26128.34191641  .00001248  00000-0  35209-3 0  9998
2 61159  88.9605 273.5520 0058346  77.9394 282.8340 14.44151726 90055
CZ-6A DEB
1 61159U 24140RD  26128.82694373  .00001236  00000-0  34865-3 0  9995
2 61159  88.9604 273.4924 0058314  76.3702 284.3987 14.44153069 90126
CZ-6A DEB
1 61159U 24140RD  26128.82694373  .00001236  00000-0  34865-3 0  9995
2 61159  88.9604 273.4924 0058314  76.3702 284.3986 14.44153069 90125
CZ-6A DEB
1 61159U 24140RD  26129.38126046  .00001148  00000-0  32348-3 0  9990
2 61159  88.9604 273.4244 0058286  74.5744 286.1887 14.44154028 90209
CZ-6A DEB
1 61159U 24140RD  26129.38126047  .00001148  00000-0  32348-3 0  9991
2 61159  88.9604 273.4244 0058286  74.5744 286.1887 14.44154028 90209
CZ-6A DEB
1 61159U 24140RD  26130.42060284  .00001003  00000-0  28212-3 0  9993
2 61159  88.9605 273.2969 0058227  71.2042 289.5466 14.44155784 90358
CZ-6A DEB
1 61159U 24140RD  26130.83633907  .00000972  00000-0  27320-3 0  9999
2 61159  88.9604 273.2458 0058154  69.8600 290.8847 14.44156597 90410
CZ-6A DEB
1 61159U 24140RD  26130.90562845  .00000967  00000-0  27166-3 0  9991
2 61159  88.9605 273.2374 0058169  69.6405 291.1034 14.44156738 90425
CZ-6A DEB
1 61159U 24140RD  26130.90562845  .00000967  00000-0  27166-3 0  9991
2 61159  88.9605 273.2374 0058169  69.6405 291.1034 14.44156738 90425
CZ-6A DEB
1 61159U 24140RD  26131.39065382  .00000927  00000-0  26038-3 0  9992
2 61159  88.9606 273.1779 0058141  68.0661 292.6709 14.44157587 90496
CZ-6A DEB
1 61159U 24140RD  26131.39065383  .00000927  00000-0  26038-3 0  9993
2 61159  88.9606 273.1779 0058141  68.0661 292.6709 14.44157587 90496
CZ-6A DEB
1 61159U 24140RD  26132.84572780  .00000880  00000-0  24705-3 0  9995
2 61159  88.9607 272.9995 0058000  63.3569 297.3559 14.44160215 90704
CZ-6A DEB
1 61159U 24140RD  26132.84572781  .00000880  00000-0  24705-3 0  9996
2 61159  88.9608 272.9995 0058000  63.3569 297.3559 14.44160215 90705
CZ-6A DEB
1 61159U 24140RD  26133.40004117  .00000867  00000-0  24325-3 0  9995
2 61159  88.9608 272.9315 0057964  61.5506 299.1520 14.44161081 90788
CZ-6A DEB
1 61159U 24140RD  26133.81577564  .00000855  00000-0  23976-3 0  9999
2 61159  88.9610 272.8806 0057925  60.2019 300.4927 14.44161778 90844
CZ-6A DEB
1 61159U 24140RD  26133.81577564  .00000855  00000-0  23976-3 0  9999
2 61159  88.9610 272.8806 0057925  60.2019 300.4927 14.44161778 90844
CZ-6A DEB
1 61159U 24140RD  26134.37008815  .00000877  00000-0  24607-3 0  9995
2 61159  88.9609 272.8126 0057885  58.3875 302.2959 14.44162806 90927
CZ-6A DEB
1 61159U 24140RD  26135.40942326  .00000772  00000-0  21609-3 0  9997
2 61159  88.9611 272.6853 0057780  55.0055 305.6553 14.44163785 91074
CZ-6A DEB
1 61159U 24140RD  26136.79520008  .00000811  00000-0  22717-3 0  9994
2 61159  88.9614 272.5155 0057662  50.4836 310.1444 14.44166282 91273
CZ-6A DEB
1 61159U 24140RD  26136.79520009  .00000811  00000-0  22717-3 0  9995
2 61159  88.9614 272.5155 0057662  50.4836 310.1444 14.44166282 91273
CZ-6A DEB
1 61159U 24140RD  26137.41879916  .00000785  00000-0  21995-3 0  9996
2 61159  88.9614 272.4391 0057597  48.4320 312.1801 14.44167040 91368
CZ-6A DEB
1 61159U 24140RD  26137.41879916  .00000785  00000-0  21995-3 0  9996
2 61159  88.9614 272.4391 0057597  48.4320 312.1801 14.44167040 91368
CZ-6A DEB
1 61159U 24140RD  26137.83453135  .00000808  00000-0  22648-3 0  9995
2 61159  88.9614 272.3881 0057543  47.0629 313.5381 14.44167826 91426
CZ-6A DEB
1 61159U 24140RD  26137.83453136  .00000808  00000-0  22648-3 0  9996
2 61159  88.9614 272.3881 0057543  47.0629 313.5381 14.44167826 91426
CZ-6A DEB
1 61159U 24140RD  26138.31955227  .00000783  00000-0  21918-3 0  9999
2 61159  88.9614 272.3287 0057493  45.4682 315.1196 14.44168367 91491
CZ-6A DEB
1 61159U 24140RD  26138.31955227  .00000783  00000-0  21918-3 0  9999
2 61159  88.9614 272.3287 0057493  45.4682 315.1196 14.44168367 91491
CZ-6A DEB
1 61159U 24140RD  26139.08172679  .00000800  00000-0  22418-3 0  9992
2 61159  88.9616 272.2354 0057431  42.9827 317.5842 14.44169724 91607
CZ-6A DEB
1 61159U 24140RD  26139.08172680  .00000800  00000-0  22418-3 0  9994
2 61159  88.9616 272.2354 0057431  42.9827 317.5842 14.44169724 91607
CZ-6A DEB
1 61159U 24140RD  26139.63603495  .00000773  00000-0  21646-3 0  9999
2 61159  88.9617 272.1675 0057332  41.1578 319.3928 14.44170500 91684
CZ-6A DEB
1 61159U 24140RD  26139.63603496  .00000773  00000-0  21646-3 0  9990
2 61159  88.9617 272.1675 0057332  41.1578 319.3928 14.44170500 91684
CZ-6A DEB
1 61159U 24140RD  26140.32891976  .00000798  00000-0  22360-3 0  9991
2 61159  88.9618 272.0826 0057243  38.8849 321.6450 14.44171766 91789
CZ-6A DEB
1 61159U 24140RD  26140.32891976  .00000798  00000-0  22360-3 0  9991
2 61159  88.9618 272.0826 0057243  38.8849 321.6450 14.44171765 91788
CZ-6A DEB
1 61159U 24140RD  26141.29895723  .00000815  00000-0  22862-3 0  9999
2 61159  88.9619 271.9637 0057128  35.6788 324.8212 14.44173474 91922
CZ-6A DEB
1 61159U 24140RD  26141.29895724  .00000815  00000-0  22862-3 0  9990
2 61159  88.9619 271.9637 0057128  35.6788 324.8212 14.44173474 91922
CZ-6A DEB
1 61159U 24140RD  26141.85326365  .00000839  00000-0  23547-3 0  9999
2 61159  88.9620 271.8958 0057055  33.8519 326.6305 14.44174582 92004
CZ-6A DEB
1 61159U 24140RD  26141.85326365  .00000839  00000-0  23547-3 0  9999
2 61159  88.9620 271.8958 0057055  33.8519 326.6305 14.44174582 92004
CZ-6A DEB
1 61159U 24140RD  26143.30831565  .00000905  00000-0  25446-3 0  9998
2 61159  88.9621 271.7176 0056865  29.0212 331.4132 14.44177561 92216
CZ-6A DEB
1 61159U 24140RD  26143.37760375  .00000905  00000-0  25430-3 0  9998
2 61159  88.9622 271.7091 0056853  28.7918 331.6402 14.44177695 92220
CZ-6A DEB
1 61159U 24140RD  26143.79333243  .00000848  00000-0  23800-3 0  9999
2 61159  88.9622 271.6582 0056787  27.4087 333.0092 14.44178099 92289
CZ-6A DEB
1 61159U 24140RD  26144.76336438  .00000943  00000-0  26511-3 0  9994
2 61159  88.9622 271.5395 0056641  24.1792 336.2050 14.44180501 92422
CZ-6A DEB
1 61159U 24140RD  26145.38695543  .00001058  00000-0  29822-3 0  9994
2 61159  88.9622 271.4631 0056554  22.0936 338.2686 14.44182403 92514
CZ-6A DEB
1 61159U 24140RD  26145.38695543  .00001058  00000-0  29822-3 0  9994
2 61159  88.9622 271.4631 0056554  22.0936 338.2686 14.44182403 92514
CZ-6A DEB
1 61159U 24140RD  26146.28769671  .00001217  00000-0  34378-3 0  9997
2 61159  88.9623 271.3528 0056435  19.0979 341.2322 14.44185239 92645
CZ-6A DEB
1 61159U 24140RD  26146.35698444  .00001217  00000-0  34365-3 0  9990
2 61159  88.9623 271.3444 0056424  18.8677 341.4599 14.44185398 92657
CZ-6A DEB
1 61159U 24140RD  26146.77271093  .00001148  00000-0  32387-3 0  9998
2 61159  88.9624 271.2935 0056357  17.4788 342.8338 14.44185886 92710
CZ-6A DEB
1 61159U 24140RD  26147.11914898  .00001243  00000-0  35125-3 0  9993
2 61159  88.9625 271.2511 0056309  16.3178 343.9821 14.44187245 92764
CZ-6A DEB
1 61159U 24140RD  26147.11914899  .00001243  00000-0  35125-3 0  9994
2 61159  88.9625 271.2511 0056309  16.3178 343.9821 14.44187245 92764
CZ-6A DEB
1 61159U 24140RD  26147.32701148  .00001353  00000-0  38248-3 0  9999
2 61159  88.9624 271.2256 0056282  15.6165 344.6758 14.44188432 92796
CZ-6A DEB
1 61159U 24140RD  26147.32701149  .00001353  00000-0  38248-3 0  9990
2 61159  88.9624 271.2256 0056282  15.6165 344.6758 14.44188432 92796
CZ-6A DEB
1 61159U 24140RD  26148.29703689  .00001367  00000-0  38670-3 0  9992
2 61159  88.9625 271.1069 0056143  12.3612 347.8954 14.44190902 92939
CZ-6A DEB
1 61159U 24140RD  26148.36632431  .00001367  00000-0  38653-3 0  9997
2 61159  88.9625 271.0984 0056131  12.1284 348.1256 14.44191085 92947
CZ-6A DEB
1 61159U 24140RD  26148.78204875  .00001401  00000-0  39643-3 0  9999
2 61159  88.9626 271.0475 0056070  10.7294 349.5090 14.44192360 93006
CZ-6A DEB
1 61159U 24140RD  26148.85133584  .00001406  00000-0  39777-3 0  9998
2 61159  88.9627 271.0391 0056052  10.4875 349.7483 14.44192653 93010
CZ-6A DEB
1 61159U 24140RD  26149.33634727  .00001432  00000-0  40533-3 0  9998
2 61159  88.9627 270.9798 0055988   8.8549 351.3628 14.44194078 93085
CZ-6A DEB
1 61159U 24140RD  26149.33634727  .00001432  00000-0  40533-3 0  9998
2 61159  88.9627 270.9798 0055988   8.8549 351.3628 14.44194078 93085
CZ-6A DEB
1 61159U 24140RD  26149.75207090  .00001437  00000-0  40663-3 0  9992
2 61159  88.9628 270.9289 0055923   7.4588 352.7434 14.44195233 93149
CZ-6A DEB
1 61159U 24140RD  26150.37565475  .00001574  00000-0  44605-3 0  9998
2 61159  88.9628 270.8526 0055828   5.3415 354.8372 14.44197982 93239
CZ-6A DEB
1 61159U 24140RD  26150.37565475  .00001574  00000-0  44605-3 0  9998
2 61159  88.9628 270.8526 0055828   5.3415 354.8372 14.44197982 93239
CZ-6A DEB
1 61159U 24140RD  26150.79137756  .00001531  00000-0  43374-3 0  9996
2 61159  88.9629 270.8017 0055762   3.9304 356.2325 14.44198893 93295
CZ-6A DEB
1 61159U 24140RD  26150.79137756  .00001531  00000-0  43374-3 0  9996
2 61159  88.9629 270.8017 0055762   3.9304 356.2325 14.44198893 93295
CZ-6A DEB
1 61159U 24140RD  26151.34567294  .00001629  00000-0  46181-3 0  9999
2 61159  88.9629 270.7338 0055685   2.0551 358.0871 14.44201325 93378
CZ-6A DEB
1 61159U 24140RD  26151.76139485  .00001548  00000-0  43844-3 0  9995
2 61159  88.9630 270.6830 0055616   0.6422 359.4842 14.44202074 93433
CZ-6A DEB
1 61159U 24140RD  26151.83068178  .00001458  00000-0  41268-3 0  9991
2 61159  88.9630 270.6745 0055605   0.4112 359.7127 14.44201811 93448
CZ-6A DEB
1 61159U 24140RD  26151.83068179  .00001458  00000-0  41268-3 0  9992
2 61159  88.9630 270.6745 0055605   0.4112 359.7127 14.44201811 93448
CZ-6A DEB
1 61159U 24140RD  26153.28570442  .00001471  00000-0  41660-3 0  9995
2 61159  88.9632 270.4965 0055391 355.4566   4.6126 14.44206368 93650
CZ-6A DEB
1 61159U 24140RD  26153.77071080  .00001381  00000-0  39084-3 0  9990
2 61159  88.9632 270.4372 0055314 353.8103   6.2410 14.44207453 93724
CZ-6A DEB
1 61159U 24140RD  26153.77071081  .00001381  00000-0  39084-3 0  9991
2 61159  88.9632 270.4372 0055314 353.8103   6.2410 14.44207453 93724
CZ-6A DEB
1 61159U 24140RD  26154.32500329  .00001405  00000-0  39774-3 0  9998
2 61159  88.9633 270.3694 0055230 351.9080   8.1226 14.44209317 93807
CZ-6A DEB
1 61159U 24140RD  26154.32500329  .00001405  00000-0  39774-3 0  9998
2 61159  88.9633 270.3694 0055230 351.9080   8.1226 14.44209317 93807
CZ-6A DEB
1 61159U 24140RD  26156.33430951  .00001279  00000-0  36172-3 0  9992
2 61159  88.9634 270.1236 0054942 345.0071  14.9501 14.44214490 94092
CZ-6A DEB
1 61159U 24140RD  26156.33430952  .00001279  00000-0  36172-3 0  9993
2 61159  88.9634 270.1236 0054942 345.0071  14.9501 14.44214490 94092
CZ-6A DEB
1 61159U 24140RD  26157.02717127  .00001407  00000-0  39820-3 0  9998
2 61159  88.9635 270.0389 0054858 342.6701  17.2628 14.44217369 94195
CZ-6A DEB
1 61159U 24140RD  26157.02717128  .00001407  00000-0  39820-3 0  9999
2 61159  88.9635 270.0389 0054858 342.6701  17.2628 14.44217370 94197
CZ-6A DEB
1 61159U 24140RD  26158.75932472  .00001339  00000-0  37894-3 0  9994
2 61159  88.9636 269.8272 0054618 336.6833  23.1893 14.44221520 94448
CZ-6A DEB
1 61159U 24140RD  26159.24432708  .00001220  00000-0  34494-3 0  9998
2 61159  88.9636 269.7679 0054557 335.0111  24.8453 14.44222048 94516
CZ-6A DEB
1 61159U 24140RD  26159.24432709  .00001220  00000-0  34494-3 0  9999
2 61159  88.9636 269.7679 0054557 335.0111  24.8453 14.44222048 94516
CZ-6A DEB
1 61159U 24140RD  26159.79861454  .00001163  00000-0  32851-3 0  9993
2 61159  88.9636 269.7001 0054478 333.0838  26.7541 14.44223222 94593
CZ-6A DEB
1 61159U 24140RD  26160.28361619  .00001061  00000-0  29944-3 0  9993
2 61159  88.9636 269.6408 0054418 331.4021  28.4199 14.44223795 94664
CZ-6A DEB
1 61159U 24140RD  26160.35290212  .00001056  00000-0  29787-3 0  9990
2 61159  88.9636 269.6323 0054408 331.1582  28.6616 14.44223924 94679
CZ-6A DEB
1 61159U 24140RD  26160.56075975  .00001094  00000-0  30892-3 0  9991
2 61159  88.9637 269.6069 0054386 330.4366  29.3765 14.44224611 94705
CZ-6A DEB
1 61159U 24140RD  26160.76861714  .00001059  00000-0  29878-3 0  9990
2 61159  88.9638 269.5815 0054364 329.7000  30.1063 14.44225000 94733
CZ-6A DEB
1 61159U 24140RD  26160.76861715  .00001059  00000-0  29878-3 0  9991
2 61159  88.9638 269.5815 0054364 329.7000  30.1063 14.44225000 94733
CZ-6A DEB
1 61159U 24140RD  26161.32290384  .00001011  00000-0  28497-3 0  9996
2 61159  88.9638 269.5138 0054301 327.7680  32.0208 14.44226030 94819
CZ-6A DEB
1 61159U 24140RD  26161.32290385  .00001011  00000-0  28497-3 0  9997
2 61159  88.9638 269.5138 0054301 327.7680  32.0208 14.44226030 94819
CZ-6A DEB
1 61159U 24140RD  26161.80790444  .00000992  00000-0  27959-3 0  9990
2 61159  88.9638 269.4545 0054242 326.0769  33.6969 14.44227026 94888
CZ-6A DEB
1 61159U 24140RD  26162.29290492  .00000957  00000-0  26975-3 0  9990
2 61159  88.9638 269.3952 0054189 324.3881  35.3711 14.44227861 94954
CZ-6A DEB
1 61159U 24140RD  26162.29290493  .00000957  00000-0  26975-3 0  9991
2 61159  88.9638 269.3952 0054189 324.3881  35.3711 14.44227861 94954
CZ-6A DEB
1 61159U 24140RD  26162.70861897  .00000976  00000-0  27496-3 0  9999
2 61159  88.9637 269.3443 0054142 322.9398  36.8071 14.44228958 95015
CZ-6A DEB
1 61159U 24140RD  26162.70861898  .00000976  00000-0  27496-3 0  9990
2 61159  88.9637 269.3444 0054142 322.9398  36.8071 14.44228958 95016
CZ-6A DEB
1 61159U 24140RD  26163.26290420  .00001084  00000-0  30615-3 0  9997
2 61159  88.9637 269.2766 0054087 321.0064  38.7245 14.44230793 95092
CZ-6A DEB
1 61159U 24140RD  26163.74790345  .00001112  00000-0  31411-3 0  9998
2 61159  88.9637 269.2173 0054039 319.2993  40.4178 14.44232029 95168
CZ-6A DEB
1 61159U 24140RD  26163.74790345  .00001112  00000-0  31411-3 0  9998
2 61159  88.9637 269.2173 0054039 319.2993  40.4178 14.44232028 95167
CZ-6A DEB
1 61159U 24140RD  26164.30218836  .00001052  00000-0  29676-3 0  9994
2 61159  88.9638 269.1496 0053986 317.3591  42.3428 14.44232818 95243
CZ-6A DEB
1 61159U 24140RD  26164.30218836  .00001052  00000-0  29676-3 0  9994
2 61159  88.9637 269.1495 0053986 317.3591  42.3428 14.44232818 95241
CZ-6A DEB
1 61159U 24140RD  26164.71790148  .00001081  00000-0  30518-3 0  9999
2 61159  88.9638 269.0987 0053939 315.9078  43.7830 14.44233901 95302
CZ-6A DEB
1 61159U 24140RD  26164.71790149  .00001081  00000-0  30518-3 0  9990
2 61159  88.9638 269.0987 0053939 315.9078  43.7830 14.44233901 95302
CZ-6A DEB
1 61159U 24140RD  26165.75718382  .00001013  00000-0  28580-3 0  9995
2 61159  88.9638 268.9716 0053849 312.2587  47.4055 14.44235751 95456
CZ-6A DEB
1 61159U 24140RD  26165.75718383  .00001013  00000-0  28580-3 0  9996
2 61159  88.9638 268.9716 0053849 312.2587  47.4055 14.44235751 95456
CZ-6A DEB
1 61159U 24140RD  26166.31146765  .00000979  00000-0  27590-3 0  9998
2 61159  88.9638 268.9039 0053799 310.3313  49.3197 14.44236612 95538
CZ-6A DEB
1 61159U 24140RD  26166.31146766  .00000979  00000-0  27590-3 0  9999
2 61159  88.9638 268.9039 0053799 310.3313  49.3197 14.44236612 95538
CZ-6A DEB
1 61159U 24140RD  26166.31146766  .00000979  00000-0  27590-3 0  9999
2 61159  88.9638 268.9039 0053799 310.3313  49.3197 14.44236612 95538
CZ-6A DEB
1 61159U 24140RD  26166.72717996  .00000978  00000-0  27566-3 0  9995
2 61159  88.9639 268.8532 0053765 308.8778  50.7635 14.44237510 95593
CZ-6A DEB
1 61159U 24140RD  26167.00432157  .00000979  00000-0  27611-3 0  9992
2 61159  88.9639 268.8192 0053743 307.8939  51.7410 14.44238036 95630
CZ-6A DEB
1 61159U 24140RD  26167.28146316  .00000977  00000-0  27538-3 0  9997
2 61159  88.9639 268.7854 0053720 306.9335  52.6954 14.44238563 95671
CZ-6A DEB
1 61159U 24140RD  26167.28146316  .00000977  00000-0  27538-3 0  9997
2 61159  88.9639 268.7854 0053720 306.9335  52.6954 14.44238563 95671
CZ-6A DEB
1 61159U 24140RD  26168.32074322  .00000921  00000-0  25951-3 0  9996
2 61159  88.9640 268.6584 0053638 303.2763  56.3307 14.44240260 95822
CZ-6A DEB
1 61159U 24140RD  26168.32074322  .00000921  00000-0  25951-3 0  9996
2 61159  88.9640 268.6584 0053638 303.2763  56.3307 14.44240260 95822
CZ-6A DEB
1 61159U 24140RD  26168.73645477  .00000904  00000-0  25451-3 0  9992
2 61159  88.9640 268.6076 0053614 301.8044  57.7945 14.44241011 95882
CZ-6A DEB
1 61159U 24140RD  26168.73645478  .00000904  00000-0  25451-3 0  9993
2 61159  88.9640 268.6076 0053614 301.8044  57.7945 14.44241011 95882
CZ-6A DEB
1 61159U 24140RD  26169.22145179  .00000913  00000-0  25718-3 0  9997
2 61159  88.9640 268.5483 0053587 300.1027  59.4870 14.44241903 95959
CZ-6A DEB
1 61159U 24140RD  26169.29073698  .00000902  00000-0  25407-3 0  9993
2 61159  88.9640 268.5398 0053582 299.8558  59.7326 14.44241993 95961
CZ-6A DEB
1 61159U 24140RD  26169.29073699  .00000902  00000-0  25407-3 0  9994
2 61159  88.9640 268.5398 0053582 299.8558  59.7326 14.44241993 95961
CZ-6A DEB
1 61159U 24140RD  26169.77573367  .00000881  00000-0  24785-3 0  9998
2 61159  88.9642 268.4807 0053530 298.1578  61.4223 14.44242755 96036
CZ-6A DEB
1 61159U 24140RD  26169.77573368  .00000881  00000-0  24785-3 0  9999
2 61159  88.9642 268.4807 0053530 298.1578  61.4223 14.44242755 96036
CZ-6A DEB
1 61159U 24140RD  26169.98358931  .00000877  00000-0  24695-3 0  9994
2 61159  88.9642 268.4553 0053516 297.4269  62.1497 14.44243108 96064
CZ-6A DEB
1 61159U 24140RD  26170.26073001  .00000886  00000-0  24939-3 0  9990
2 61159  88.9643 268.4214 0053502 296.4544  63.1177 14.44243693 96109
CZ-6A DEB
1 61159U 24140RD  26170.74572627  .00000861  00000-0  24235-3 0  9993
2 61159  88.9643 268.3622 0053478 294.7334  64.8309 14.44244413 96174
CZ-6A DEB
1 61159U 24140RD  26171.30000742  .00000850  00000-0  23898-3 0  9992
2 61159  88.9643 268.2944 0053452 292.7670  66.7890 14.44245316 96251
CZ-6A DEB
1 61159U 24140RD  26171.30000743  .00000850  00000-0  23898-3 0  9993
2 61159  88.9643 268.2944 0053452 292.7670  66.7890 14.44245316 96251
CZ-6A DEB
1 61159U 24140RD  26173.51712989  .00000815  00000-0  22892-3 0  9994
2 61159  88.9642 268.0236 0053390 284.9079  74.6216 14.44248879 96571
CZ-6A DEB
1 61159U 24140RD  26174.69497479  .00000850  00000-0  23915-3 0  9994
2 61159  88.9643 267.8798 0053381 280.7382  78.7815 14.44251055 96742
CZ-6A DEB
1 61159U 24140RD  26175.52639361  .00000967  00000-0  27268-3 0  9999
2 61159  88.9643 267.7782 0053377 277.8062  81.7084 14.44253207 96867
CZ-6A DEB
1 61159U 24140RD  26176.70423515  .00001106  00000-0  31231-3 0  9993
2 61159  88.9642 267.6343 0053393 273.6379  85.8719 14.44256411 97031
CZ-6A DEB
1 61159U 24140RD  26176.70423516  .00001106  00000-0  31231-3 0  9994
2 61159  88.9642 267.6343 0053393 273.6379  85.8719 14.44256411 97031
CZ-6A DEB
1 61159U 24140RD  26177.53565269  .00001057  00000-0  29838-3 0  9993
2 61159  88.9641 267.5326 0053382 270.7012  88.8075 14.44257678 97157
CZ-6A DEB
1 61159U 24140RD  26177.67422211  .00001055  00000-0  29771-3 0  9991
2 61159  88.9641 267.5157 0053379 270.2101  89.2986 14.44257972 97174
CZ-6A DEB
1 61159U 24140RD  26177.95136074  .00001112  00000-0  31407-3 0  9994
2 61159  88.9639 267.4816 0053400 269.2340  90.2745 14.44258887 97216
CZ-6A DEB
1 61159U 24140RD  26178.22849943  .00001146  00000-0  32371-3 0  9999
2 61159  88.9640 267.4477 0053406 268.2581  91.2505 14.44259663 97255
CZ-6A DEB
1 61159U 24140RD  26178.22849944  .00001146  00000-0  32371-3 0  9990
2 61159  88.9640 267.4477 0053406 268.2581  91.2505 14.44259663 97255
CZ-6A DEB
1 61159U 24140RD  26178.64420745  .00001093  00000-0  30860-3 0  9992
2 61159  88.9640 267.3969 0053419 266.7828  92.7263 14.44260232 97319
CZ-6A DEB
1 61159U 24140RD  26178.64420746  .00001093  00000-0  30860-3 0  9993
2 61159  88.9640 267.3969 0053419 266.7828  92.7263 14.44260232 97319
CZ-6A DEB
1 61159U 24140RD  26179.26776909  .00001107  00000-0  31244-3 0  9990
2 61159  88.9640 267.3208 0053437 264.5860  94.9246 14.44261620 97404
CZ-6A DEB
1 61159U 24140RD  26179.47562286  .00001104  00000-0  31169-3 0  9997
2 61159  88.9640 267.2953 0053437 263.8581  95.6532 14.44262040 97438
CZ-6A DEB
1 61159U 24140RD  26179.96061475  .00001095  00000-0  30921-3 0  9999
2 61159  88.9640 267.2361 0053456 262.1426  97.3708 14.44263069 97506
CZ-6A DEB
1 61159U 24140RD  26179.96061475  .00001095  00000-0  30921-3 0  9999
2 61159  88.9640 267.2361 0053456 262.1426  97.3708 14.44263069 97506
CZ-6A DEB
1 61159U 24140RD  26181.69272648  .00001164  00000-0  32879-3 0  9999
2 61159  88.9639 267.0243 0053538 256.0393 103.4854 14.44267297 97752
CZ-6A DEB
1 61159U 24140RD  26182.24700094  .00001310  00000-0  37061-3 0  9993
2 61159  88.9639 266.9566 0053557 254.0935 105.4362 14.44269494 97835
CZ-6A DEB
1 61159U 24140RD  26182.24700094  .00001310  00000-0  37061-3 0  9993
2 61159  88.9639 266.9565 0053557 254.0935 105.4362 14.44269494 97834
CZ-6A DEB
1 61159U 24140RD  26182.93984436  .00001247  00000-0  35261-3 0  9992
2 61159  88.9639 266.8719 0053593 251.6449 107.8922 14.44270638 97938
CZ-6A DEB
1 61159U 24140RD  26183.21698153  .00001345  00000-0  38064-3 0  9995
2 61159  88.9638 266.8380 0053613 250.6713 108.8689 14.44271774 97974
CZ-6A DEB
1 61159U 24140RD  26183.49411833  .00001355  00000-0  38348-3 0  9999
2 61159  88.9639 266.8041 0053636 249.6927 109.8508 14.44272504 98018
CZ-6A DEB
1 61159U 24140RD  26183.49411834  .00001355  00000-0  38348-3 0  9990
2 61159  88.9639 266.8041 0053636 249.6927 109.8508 14.44272504 98018
CZ-6A DEB
1 61159U 24140RD  26184.67195000  .00001350  00000-0  38191-3 0  9996
2 61159  88.9638 266.6602 0053728 245.5517 114.0076 14.44275052 98187
CZ-6A DEB
1 61159U 24140RD  26185.15693860  .00001393  00000-0  39424-3 0  9994
2 61159  88.9637 266.6009 0053764 243.8493 115.7174 14.44276486 98258
CZ-6A DEB
1 61159U 24140RD  26185.15693861  .00001393  00000-0  39424-3 0  9995
2 61159  88.9637 266.6010 0053764 243.8494 115.7174 14.44276486 98251
CZ-6A DEB
1 61159U 24140RD  26185.22622230  .00001578  00000-0  44708-3 0  9991
2 61159  88.9637 266.5925 0053772 243.6168 115.9511 14.44277753 98266
CZ-6A DEB
1 61159U 24140RD  26186.26548149  .00001620  00000-0  45915-3 0  9991
2 61159  88.9636 266.4654 0053868 239.9721 119.6132 14.44280906 98413
CZ-6A DEB
1 61159U 24140RD  26186.26548150  .00001620  00000-0  45915-3 0  9993
2 61159  88.9636 266.4654 0053868 239.9721 119.6132 14.44280906 98413
CZ-6A DEB
1 61159U 24140RD  26186.68118544  .00001543  00000-0  43691-3 0  9992
2 61159  88.9636 266.4146 0053906 238.5174 121.0756 14.44281462 98472
CZ-6A DEB
1 61159U 24140RD  26187.16617287  .00001288  00000-0  36389-3 0  9996
2 61159  88.9635 266.3553 0053955 236.8131 122.7893 14.44281317 98547
CZ-6A DEB
1 61159U 24140RD  26187.23545668  .00001284  00000-0  36296-3 0  9990
2 61159  88.9635 266.3469 0053964 236.5690 123.0347 14.44281505 98558
CZ-6A DEB
1 61159U 24140RD  26187.72044374  .00001089  00000-0  30696-3 0  9993
2 61159  88.9636 266.2876 0054005 234.8518 124.7619 14.44281688 98627
CZ-6A DEB
1 61159U 24140RD  26187.72044374  .00001089  00000-0  30696-3 0  9993
2 61159  88.9636 266.2876 0054005 234.8518 124.7619 14.44281688 98627
CZ-6A DEB
1 61159U 24140RD  26189.17540300  .00000915  00000-0  25722-3 0  9995
2 61159  88.9635 266.1099 0054165 229.7705 129.8754 14.44284345 98832
CZ-6A DEB
1 61159U 24140RD  26189.17540300  .00000915  00000-0  25722-3 0  9995
2 61159  88.9635 266.1099 0054165 229.7705 129.8754 14.44284345 98832
CZ-6A DEB
1 61159U 24140RD  26189.17540300  .00000915  00000-0  25722-3 0  9995
2 61159  88.9635 266.1099 0054165 229.7705 129.8754 14.44284345 98832
CZ-6A DEB
1 61159U 24140RD  26191.94674845  .00000676  00000-0  18890-3 0  9997
2 61159  88.9634 265.7712 0054509 220.1178 139.5996 14.44288886 99234
CZ-6A DEB
1 61159U 24140RD  26191.94674845  .00000676  00000-0  18890-3 0  9997
2 61159  88.9634 265.7712 0054509 220.1178 139.5996 14.44288886 99234
CZ-6A DEB
1 61159U 24140RD  26191.94674845  .00000676  00000-0  18890-3 0  9997
2 61159  88.9634 265.7712 0054509 220.1178 139.5996 14.44288886 99234
CZ-6A DEB
1 61159U 24140RD  26193.60955354  .00000649  00000-0  18112-3 0  9996
2 61159  88.9633 265.5679 0054748 214.3806 145.3851 14.44291306 99473
CZ-6A DEB
1 61159U 24140RD  26193.67883689  .00000650  00000-0  18117-3 0  9991
2 61159  88.9633 265.5593 0054773 214.1446 145.6231 14.44291444 99483
CZ-6A DEB
1 61159U 24140RD  26194.16382160  .00000675  00000-0  18839-3 0  9992
2 61159  88.9631 265.5000 0054802 212.4636 147.3193 14.44292215 99550
CZ-6A DEB
1 61159U 24140RD  26194.16382160  .00000675  00000-0  18839-3 0  9992
2 61159  88.9631 265.5000 0054802 212.4636 147.3193 14.44292215 99550
CZ-6A DEB
1 61159U 24140RD  26194.64880587  .00000650  00000-0  18126-3 0  9993
2 61159  88.9632 265.4408 0054892 210.8071 148.9908 14.44292766 99626
CZ-6A DEB
1 61159U 24140RD  26195.13378955  .00000660  00000-0  18400-3 0  9995
2 61159  88.9632 265.3814 0055036 209.1630 150.6498 14.44293558 99690
CZ-6A DEB
1 61159U 24140RD  26195.61877384  .00000647  00000-0  18025-3 0  9996
2 61159  88.9631 265.3219 0055052 207.4628 152.3665 14.44294126 99769
CZ-6A DEB
1 61159U 24140RD  26195.68805725  .00000643  00000-0  17921-3 0  9993
2 61159  88.9631 265.3135 0055069 207.2395 152.5918 14.44294197 99775
CZ-6A DEB
1 61159U 24140RD  26195.68805725  .00000643  00000-0  17921-3 0  9993
2 61159  88.9631 265.3135 0055069 207.2395 152.5918 14.44294197 99775
CZ-6A DEB
1 61159U 24140RD  26196.17304102  .00000639  00000-0  17795-3 0  9995
2 61159  88.9632 265.2542 0055150 205.5911 154.2562 14.44294834 99843
CZ-6A DEB
1 61159U 24140RD  26196.17304102  .00000639  00000-0  17795-3 0  9995
2 61159  88.9632 265.2542 0055150 205.5911 154.2562 14.44294834 99843
CZ-6A DEB
1 61159U 24140RD  26197.14300796  .00000637  00000-0  17759-3 0  9996
2 61159  88.9631 265.1357 0055286 202.2850 157.5951 14.44296193 99984
CZ-6A DEB
1 61159U 24140RD  26197.21229140  .00000623  00000-0  17340-3 0  9998
2 61159  88.9631 265.1272 0055292 202.0456 157.8370 14.44296183 99995
CZ-6A DEB
1 61159U 24140RD  26197.21229141  .00000623  00000-0  17340-3 0  9999
2 61159  88.9631 265.1272 0055292 202.0456 157.8370 14.44296183 99995
CZ-6A DEB
1 61159U 24140RD  26198.59795745  .00000595  00000-0  16536-3 0  9993
2 61159  88.9630 264.9578 0055508 197.3093 162.6221 14.44297883100195
CZ-6A DEB
1 61159U 24140RD  26198.59795746  .00000595  00000-0  16536-3 0  9994
2 61159  88.9630 264.9578 0055508 197.3093 162.6221 14.44297883100195
CZ-6A DEB
1 61159U 24140RD  26199.15222349  .00000609  00000-0  16948-3 0  9994
2 61159  88.9629 264.8900 0055590 195.4311 164.5201 14.44298679100276
CZ-6A DEB
1 61159U 24140RD  26199.63720601  .00000587  00000-0  16319-3 0  9998
2 61159  88.9629 264.8305 0055670 193.7915 166.1771 14.44299218100343
CZ-6A DEB
1 61159U 24140RD  26199.63720601  .00000587  00000-0  16319-3 0  9998
2 61159  88.9629 264.8305 0055670 193.7915 166.1771 14.44299218100343
CZ-6A DEB
1 61159U 24140RD  26199.63720601  .00000587  00000-0  16319-3 0  9998
2 61159  88.9629 264.8305 0055670 193.7915 166.1771 14.44299218100343
CZ-6A DEB
1 61159U 24140RD  26200.19147173  .00000607  00000-0  16866-3 0  9999
2 61159  88.9628 264.7627 0055749 191.9097 168.0792 14.44299993100429
CZ-6A DEB
1 61159U 24140RD  26200.60717072  .00000587  00000-0  16307-3 0  9993
2 61159  88.9627 264.7119 0055819 190.4968 169.5076 14.44300443100483
CZ-6A DEB
1 61159U 24140RD  26200.60717072  .00000587  00000-0  16307-3 0  9993
2 61159  88.9627 264.7119 0055819 190.4968 169.5075 14.44300442100481
CZ-6A DEB
1 61159U 24140RD  26200.88430334  .00000613  00000-0  17038-3 0  9998
2 61159  88.9627 264.6780 0055860 189.5597 170.4549 14.44300922100522
CZ-6A DEB
1 61159U 24140RD  26201.43856848  .00000665  00000-0  18532-3 0  9999
2 61159  88.9626 264.6102 0055953 187.6948 172.3404 14.44301864100607
CZ-6A DEB
1 61159U 24140RD  26201.92354991  .00000770  00000-0  21527-3 0  9990
2 61159  88.9625 264.5509 0056025 186.0580 173.9954 14.44303136100670
CZ-6A DEB
1 61159U 24140RD  26202.13139915  .00000838  00000-0  23464-3 0  9998
2 61159  88.9625 264.5255 0056054 185.3601 174.7010 14.44303773100709
CZ-6A DEB
1 61159U 24140RD  26202.20068221  .00000836  00000-0  23407-3 0  9992
2 61159  88.9625 264.5170 0056068 185.1247 174.9391 14.44303856100711
CZ-6A DEB
1 61159U 24140RD  26203.17064384  .00000941  00000-0  26405-3 0  9993
2 61159  88.9625 264.3984 0056215 181.8575 178.2429 14.44305968100853
CZ-6A DEB
1 61159U 24140RD  26203.58634139  .00000911  00000-0  25539-3 0  9993
2 61159  88.9625 264.3475 0056288 180.4705 179.6456 14.44306480100910
CZ-6A DEB
1 61159U 24140RD  26203.93275595  .00000981  00000-0  27531-3 0  9990
2 61159  88.9624 264.3051 0056337 179.3045 180.8248 14.44307378100963
CZ-6A DEB
1 61159U 24140RD  26204.14060453  .00000985  00000-0  27651-3 0  9996
2 61159  88.9624 264.2796 0056369 178.6093 181.5278 14.44307773100991
CZ-6A DEB
1 61159U 24140RD  26205.11056335  .00001191  00000-0  33530-3 0  9991
2 61159  88.9623 264.1610 0056504 175.3641 184.8098 14.44310759101139
CZ-6A DEB
1 61159U 24140RD  26205.59554255  .00001180  00000-0  33210-3 0  9990
2 61159  88.9624 264.1016 0056580 173.7450 186.4474 14.44311601101205
CZ-6A DEB
1 61159U 24140RD  26205.94195602  .00001216  00000-0  34238-3 0  9997
2 61159  88.9623 264.0592 0056621 172.5706 187.6350 14.44312460101254
CZ-6A DEB
1 61159U 24140RD  26206.63478244  .00001188  00000-0  33428-3 0  9998
2 61159  88.9623 263.9744 0056729 170.2661 189.9656 14.44313694101350
CZ-6A DEB
1 61159U 24140RD  26207.18904271  .00001299  00000-0  36595-3 0  9994
2 61159  88.9621 263.9066 0056806 168.4141 191.8386 14.44315509101431
CZ-6A DEB
1 61159U 24140RD  26207.60473755  .00001298  00000-0  36565-3 0  9995
2 61159  88.9622 263.8557 0056868 167.0410 193.2271 14.44316448101496
CZ-6A DEB
1 61159U 24140RD  26208.15899691  .00001223  00000-0  34408-3 0  9999
2 61159  88.9621 263.7879 0056946 165.1998 195.0890 14.44317332101577
CZ-6A DEB
1 61159U 24140RD  26209.89105391  .00001117  00000-0  31399-3 0  9996
2 61159  88.9619 263.5758 0057199 159.4891 200.8628 14.44320808101821
CZ-6A DEB
1 61159U 24140RD  26209.89105392  .00001117  00000-0  31399-3 0  9997
2 61159  88.9619 263.5758 0057199 159.4891 200.8628 14.44320808101821
CZ-6A DEB
1 61159U 24140RD  26210.16818262  .00001181  00000-0  33216-3 0  9997
2 61159  88.9619 263.5419 0057227 158.5660 201.7959 14.44321787101869
CZ-6A DEB
1 61159U 24140RD  26210.86100359  .00001137  00000-0  31959-3 0  9998
2 61159  88.9618 263.4571 0057324 156.2781 204.1085 14.44323174101963
CZ-6A DEB
1 61159U 24140RD  26211.13813172  .00001129  00000-0  31734-3 0  9995
2 61159  88.9617 263.4232 0057360 155.3662 205.0302 14.44323795102001
CZ-6A DEB
1 61159U 24140RD  26211.90023359  .00001100  00000-0  30877-3 0  9996
2 61159  88.9616 263.3299 0057460 152.8625 207.5603 14.44325359102115
CZ-6A DEB
1 61159U 24140RD  26212.59305266  .00001144  00000-0  32154-3 0  9990
2 61159  88.9616 263.2450 0057537 150.5988 209.8473 14.44327134102219
CZ-6A DEB
1 61159U 24140RD  26212.59305267  .00001144  00000-0  32154-3 0  9991
2 61159  88.9616 263.2450 0057537 150.5988 209.8473 14.44327134102219
CZ-6A DEB
1 61159U 24140RD  26213.14730717  .00001028  00000-0  28836-3 0  9998
2 61159  88.9615 263.1771 0057610 148.7804 211.6843 14.44327807102298
CZ-6A DEB
1 61159U 24140RD  26213.63227979  .00001157  00000-0  32501-3 0  9990
2 61159  88.9614 263.1177 0057662 147.1833 213.2973 14.44329490102369
CZ-6A DEB
1 61159U 24140RD  26213.84012493  .00001037  00000-0  29073-3 0  9993
2 61159  88.9613 263.0923 0057696 146.5059 213.9815 14.44329323102396
CZ-6A DEB
1 61159U 24140RD  26214.11725174  .00001026  00000-0  28775-3 0  9997
2 61159  88.9613 263.0583 0057724 145.5957 214.9006 14.44329886102438
CZ-6A DEB
1 61159U 24140RD  26214.11725174  .00001026  00000-0  28775-3 0  9997
2 61159  88.9613 263.0583 0057724 145.5957 214.9006 14.44329886102438
CZ-6A DEB
1 61159U 24140RD  26214.87934970  .00001011  00000-0  28338-3 0  9995
2 61159  88.9612 262.9649 0057815 143.1201 217.4001 14.44331485102548
CZ-6A DEB
1 61159U 24140RD  26215.08719444  .00001006  00000-0  28210-3 0  9999
2 61159  88.9611 262.9395 0057832 142.4377 218.0889 14.44331921102579
CZ-6A DEB
1 61159U 24140RD  26215.84929155  .00000916  00000-0  25630-3 0  9997
2 61159  88.9611 262.8461 0057925 139.9554 220.5943 14.44332975102684
CZ-6A DEB
1 61159U 24140RD  26217.09635740  .00000824  00000-0  22994-3 0  9998
2 61159  88.9609 262.6934 0058044 135.8987 224.6867 14.44334963102861
CZ-6A DEB
1 61159U 24140RD  26217.58132694  .00000794  00000-0  22133-3 0  9993
2 61159  88.9609 262.6339 0058094 134.3265 226.2723 14.44335697102930
CZ-6A DEB
1 61159U 24140RD  26218.13557753  .00000729  00000-0  20302-3 0  9996
2 61159  88.9608 262.5661 0058149 132.5211 228.0926 14.44336314103010
CZ-6A DEB
1 61159U 24140RD  26218.55126523  .00000719  00000-0  20008-3 0  9991
2 61159  88.9608 262.5151 0058188 131.1719 229.4525 14.44336952103079
CZ-6A DEB
1 61159U 24140RD  26219.10551510  .00000672  00000-0  18653-3 0  9992
2 61159  88.9607 262.4472 0058231 129.3710 231.2673 14.44337602103159
CZ-6A DEB
1 61159U 24140RD  26220.35257625  .00000609  00000-0  16858-3 0  9996
2 61159  88.9607 262.2944 0058325 125.3395 235.3280 14.44339049103336
CZ-6A DEB
1 61159U 24140RD  26220.56041953  .00000608  00000-0  16842-3 0  9996
2 61159  88.9606 262.2689 0058345 124.6670 236.0052 14.44339372103368
CZ-6A DEB
1 61159U 24140RD  26220.56041953  .00000608  00000-0  16842-3 0  9996
2 61159  88.9606 262.2689 0058345 124.6670 236.0052 14.44339372103368
CZ-6A DEB
1 61159U 24140RD  26221.11466784  .00000611  00000-0  16915-3 0  9996
2 61159  88.9606 262.2010 0058386 122.8676 237.8167 14.44340236103443
CZ-6A DEB
1 61159U 24140RD  26221.11466784  .00000611  00000-0  16915-3 0  9996
2 61159  88.9606 262.2009 0058386 122.8676 237.8167 14.44340235103440
CZ-6A DEB
1 61159U 24140RD  26221.53035403  .00000612  00000-0  16955-3 0  9997
2 61159  88.9606 262.1500 0058418 121.5181 239.1748 14.44340793103504
CZ-6A DEB
1 61159U 24140RD  26222.15388292  .00000585  00000-0  16171-3 0  9992
2 61159  88.9605 262.0736 0058454 119.5051 241.2000 14.44341447103597
CZ-6A DEB
1 61159U 24140RD  26222.56956873  .00000586  00000-0  16214-3 0  9992
2 61159  88.9605 262.0226 0058477 118.1611 242.5517 14.44341926103659
CZ-6A DEB
1 61159U 24140RD  26222.56956873  .00000586  00000-0  16214-3 0  9992
2 61159  88.9605 262.0226 0058477 118.1611 242.5517 14.44341926103659
CZ-6A DEB
1 61159U 24140RD  26223.12381608  .00000578  00000-0  15976-3 0  9998
2 61159  88.9604 261.9547 0058500 116.3737 244.3489 14.44342513103738
CZ-6A DEB
1 61159U 24140RD  26223.12381608  .00000578  00000-0  15976-3 0  9998
2 61159  88.9604 261.9546 0058500 116.3737 244.3489 14.44342513103737
CZ-6A DEB
1 61159U 24140RD  26223.60878223  .00000573  00000-0  15843-3 0  9993
2 61159  88.9604 261.8952 0058529 114.8064 245.9244 14.44343034103807
CZ-6A DEB
1 61159U 24140RD  26223.60878224  .00000573  00000-0  15843-3 0  9994
2 61159  88.9604 261.8952 0058529 114.8064 245.9244 14.44343034103807
CZ-6A DEB
1 61159U 24140RD  26224.09374794  .00000580  00000-0  16046-3 0  9995
2 61159  88.9604 261.8357 0058546 113.2493 247.4890 14.44343667103877
CZ-6A DEB
1 61159U 24140RD  26224.09374794  .00000580  00000-0  16046-3 0  9995
2 61159  88.9604 261.8357 0058546 113.2493 247.4890 14.44343667103877
CZ-6A DEB
1 61159U 24140RD  26225.13295986  .00000523  00000-0  14415-3 0  9991
2 61159  88.9603 261.7084 0058592 109.8889 250.8641 14.44344465104020
CZ-6A DEB
1 61159U 24140RD  26225.61792490  .00000550  00000-0  15176-3 0  9991
2 61159  88.9602 261.6488 0058604 108.3210 252.4381 14.44345153104093
CZ-6A DEB
1 61159U 24140RD  26225.61792490  .00000550  00000-0  15176-3 0  9991
2 61159  88.9602 261.6488 0058604 108.3210 252.4381 14.44345153104093
CZ-6A DEB
1 61159U 24140RD  26226.10288961  .00000575  00000-0  15882-3 0  9990
2 61159  88.9601 261.5893 0058615 106.7616 254.0031 14.44345834104169
CZ-6A DEB
1 61159U 24140RD  26226.10288961  .00000575  00000-0  15882-3 0  9990
2 61159  88.9601 261.5893 0058615 106.7615 254.0031 14.44345834104168
CZ-6A DEB
1 61159U 24140RD  26226.51857339  .00000565  00000-0  15599-3 0  9990
2 61159  88.9600 261.5383 0058623 105.4312 255.3377 14.44346262104220
CZ-6A DEB
1 61159U 24140RD  26226.58785397  .00000567  00000-0  15656-3 0  9997
2 61159  88.9600 261.5298 0058631 105.2011 255.5686 14.44346373104237
CZ-6A DEB
1 61159U 24140RD  26226.58785398  .00000567  00000-0  15656-3 0  9998
2 61159  88.9600 261.5298 0058631 105.2011 255.5686 14.44346373104237
CZ-6A DEB
1 61159U 24140RD  26227.14209894  .00000592  00000-0  16376-3 0  9991
2 61159  88.9598 261.4618 0058640 103.4025 257.3725 14.44347059104318
CZ-6A DEB
1 61159U 24140RD  26227.14209894  .00000592  00000-0  16376-3 0  9991
2 61159  88.9598 261.4618 0058640 103.4025 257.3725 14.44347059104318
CZ-6A DEB
1 61159U 24140RD  26227.55778220  .00000563  00000-0  15545-3 0  9995
2 61159  88.9598 261.4108 0058646 102.0649 258.7135 14.44347392104371
CZ-6A DEB
1 61159U 24140RD  26227.55778221  .00000563  00000-0  15545-3 0  9996
2 61159  88.9598 261.4108 0058646 102.0649 258.7135 14.44347392104371
CZ-6A DEB
1 61159U 24140RD  26228.04274573  .00000636  00000-0  17639-3 0  9999
2 61159  88.9597 261.3513 0058648 100.4985 260.2834 14.44348342104444
CZ-6A DEB
1 61159U 24140RD  26228.11202638  .00000654  00000-0  18156-3 0  9995
2 61159  88.9597 261.3428 0058651 100.2745 260.5079 14.44348467104458
CZ-6A DEB
1 61159U 24140RD  26228.80483100  .00000690  00000-0  19169-3 0  9991
2 61159  88.9597 261.2580 0058665  98.0340 262.7525 14.44349421104558
CZ-6A DEB
1 61159U 24140RD  26229.08195262  .00000696  00000-0  19337-3 0  9994
2 61159  88.9597 261.2240 0058666  97.1357 263.6522 14.44349798104598
CZ-6A DEB
1 61159U 24140RD  26229.35907424  .00000711  00000-0  19761-3 0  9994
2 61159  88.9597 261.1900 0058669  96.2425 264.5466 14.44350169104635
CZ-6A DEB
1 61159U 24140RD  26230.05187746  .00000756  00000-0  21049-3 0  9991
2 61159  88.9596 261.1051 0058657  94.0180 266.7732 14.44351312104734
CZ-6A DEB
1 61159U 24140RD  26230.53683926  .00000843  00000-0  23520-3 0  9998
2 61159  88.9596 261.0457 0058637  92.4603 268.3315 14.44352424104801
CZ-6A DEB
1 61159U 24140RD  26231.09108098  .00000890  00000-0  24855-3 0  9996
2 61159  88.9596 260.9777 0058632  90.6693 270.1229 14.44353427104885
CZ-6A DEB
1 61159U 24140RD  26231.09108099  .00000890  00000-0  24855-3 0  9997
2 61159  88.9596 260.9777 0058632  90.6693 270.1229 14.44353427104885
CZ-6A DEB
1 61159U 24140RD  26232.06100265  .00000929  00000-0  25972-3 0  9996
2 61159  88.9595 260.8587 0058606  87.5431 273.2480 14.44355082105027
CZ-6A DEB
1 61159U 24140RD  26233.10020290  .00000954  00000-0  26692-3 0  9999
2 61159  88.9595 260.7312 0058579  84.1811 276.6066 14.44356839105170
CZ-6A DEB
1 61159U 24140RD  26233.51588264  .00000947  00000-0  26484-3 0  9995
2 61159  88.9595 260.6803 0058566  82.8412 277.9446 14.44357427105239
CZ-6A DEB
1 61159U 24140RD  26234.07012146  .00000956  00000-0  26744-3 0  9997
2 61159  88.9595 260.6123 0058545  81.0563 279.7261 14.44358459105319
CZ-6A DEB
1 61159U 24140RD  26234.48580043  .00000945  00000-0  26432-3 0  9990
2 61159  88.9595 260.5613 0058533  79.7169 281.0627 14.44359091105376
CZ-6A DEB
1 61159U 24140RD  26235.31715723  .00000936  00000-0  26165-3 0  9991
2 61159  88.9595 260.4594 0058495  77.0338 283.7389 14.44360524105499
CZ-6A DEB
1 61159U 24140RD  26235.31715723  .00000936  00000-0  26165-3 0  9991
2 61159  88.9595 260.4594 0058495  77.0338 283.7389 14.44360524105499
CZ-6A DEB
1 61159U 24140RD  26236.00995355  .00000934  00000-0  26124-3 0  9992
2 61159  88.9594 260.3743 0058456  74.7914 285.9743 14.44361836105590
CZ-6A DEB
1 61159U 24140RD  26237.04914667  .00000944  00000-0  26405-3 0  9997
2 61159  88.9594 260.2469 0058408  71.4301 289.3235 14.44363818105748
CZ-6A DEB
1 61159U 24140RD  26237.32626435  .00000999  00000-0  27959-3 0  9996
2 61159  88.9594 260.2128 0058372  70.5331 290.2167 14.44364646105782
CZ-6A DEB
1 61159U 24140RD  26237.32626436  .00000999  00000-0  27959-3 0  9997
2 61159  88.9594 260.2128 0058372  70.5331 290.2167 14.44364646105782
CZ-6A DEB
1 61159U 24140RD  26238.08833771  .00000993  00000-0  27804-3 0  9996
2 61159  88.9593 260.1194 0058316  68.0555 292.6833 14.44366072105894
CZ-6A DEB
1 61159U 24140RD  26238.08833771  .00000993  00000-0  27804-3 0  9996
2 61159  88.9593 260.1194 0058316  68.0555 292.6833 14.44366072105894
CZ-6A DEB
1 61159U 24140RD  26238.36545528  .00001068  00000-0  29943-3 0  9997
2 61159  88.9593 260.0854 0058303  67.1569 293.5777 14.44366895105932
CZ-6A DEB
1 61159U 24140RD  26238.36545528  .00001068  00000-0  29943-3 0  9997
2 61159  88.9593 260.0854 0058303  67.1569 293.5777 14.44366895105932
CZ-6A DEB
1 61159U 24140RD  26239.47392328  .00001146  00000-0  32141-3 0  9999
2 61159  88.9592 259.9494 0058214  63.5462 297.1698 14.44369430106099
CZ-6A DEB
1 61159U 24140RD  26239.47392328  .00001146  00000-0  32141-3 0  9999
2 61159  88.9592 259.9494 0058214  63.5462 297.1697 14.44369430106098
CZ-6A DEB
1 61159U 24140RD  26240.09743595  .00000976  00000-0  27321-3 0  9999
2 61159  88.9591 259.8729 0058160  61.5225 299.1819 14.44369620106181
CZ-6A DEB
1 61159U 24140RD  26240.09743595  .00000976  00000-0  27321-3 0  9999
2 61159  88.9591 259.8729 0058160  61.5225 299.1819 14.44369620106181
CZ-6A DEB
1 61159U 24140RD  26241.06734263  .00001023  00000-0  28662-3 0  9992
2 61159  88.9590 259.7538 0058078  58.3680 302.3172 14.44371770106328
CZ-6A DEB
1 61159U 24140RD  26241.06734263  .00001023  00000-0  28662-3 0  9992
2 61159  88.9590 259.7538 0058078  58.3680 302.3172 14.44371770106328
CZ-6A DEB
1 61159U 24140RD  26241.48301663  .00001058  00000-0  29647-3 0  9994
2 61159  88.9591 259.7028 0058042  57.0148 303.6615 14.44372697106380
CZ-6A DEB
1 61159U 24140RD  26241.48301664  .00001058  00000-0  29647-3 0  9995
2 61159  88.9591 259.7028 0058042  57.0148 303.6615 14.44372697106380
CZ-6A DEB
1 61159U 24140RD  26242.31436326  .00000984  00000-0  27557-3 0  9997
2 61159  88.9591 259.6008 0057951  54.3162 306.3416 14.44373980106500
CZ-6A DEB
1 61159U 24140RD  26242.45292110  .00000970  00000-0  27136-3 0  9991
2 61159  88.9591 259.5839 0057937  53.8651 306.7895 14.44374129106525
CZ-6A DEB
1 61159U 24140RD  26242.52219992  .00000970  00000-0  27144-3 0  9995
2 61159  88.9590 259.5752 0057938  53.6352 307.0178 14.44374279106530
CZ-6A DEB
1 61159U 24140RD  26242.52219993  .00000970  00000-0  27144-3 0  9996
2 61159  88.9590 259.5753 0057938  53.6352 307.0178 14.44374279106531
CZ-6A DEB
1 61159U 24140RD  26243.00715152  .00000908  00000-0  25377-3 0  9995
2 61159  88.9590 259.5157 0057888  52.0590 308.5825 14.44374897106609
CZ-6A DEB
1 61159U 24140RD  26243.00715152  .00000908  00000-0  25377-3 0  9995
2 61159  88.9590 259.5157 0057888  52.0590 308.5825 14.44374896106608
CZ-6A DEB
1 61159U 24140RD  26243.49210271  .00000916  00000-0  25607-3 0  9995
2 61159  88.9590 259.4562 0057837  50.4771 310.1524 14.44375895106676
CZ-6A DEB
1 61159U 24140RD  26243.56138144  .00000914  00000-0  25547-3 0  9992
2 61159  88.9590 259.4477 0057831  50.2495 310.3783 14.44376017106683
CZ-6A DEB
1 61159U 24140RD  26243.56138144  .00000914  00000-0  25547-3 0  9992
2 61159  88.9590 259.4477 0057831  50.2495 310.3783 14.44376017106683
CZ-6A DEB
1 61159U 24140RD  26244.04633236  .00000838  00000-0  23387-3 0  9993
2 61159  88.9590 259.3881 0057784  48.6722 311.9433 14.44376516106753
CZ-6A DEB
1 61159U 24140RD  26244.04633237  .00000838  00000-0  23387-3 0  9994
2 61159  88.9590 259.3881 0057784  48.6722 311.9433 14.44376516106753
CZ-6A DEB
1 61159U 24140RD  26244.46200431  .00000819  00000-0  22842-3 0  9990
2 61159  88.9589 259.3371 0057734  47.3171 313.2875 14.44377178106811
CZ-6A DEB
1 61159U 24140RD  26244.46200431  .00000819  00000-0  22842-3 0  9990
2 61159  88.9589 259.3371 0057734  47.3171 313.2875 14.44377178106811
