TBA - TO BE ASSIGNED
1 61461U 24140ZS  24282.54014864  .00037786  00000-0  14063-1 0  9995
2 61461  89.1397 345.0667 0023287 266.4726  93.3807 14.31679226  5874
CZ-6A DEB
1 61461U 24140ZT  24282.54014864  .00037786  00000-0  14063-1 0  9995
2 61461  89.1397 345.0667 0023287 266.4726  93.3807 14.31679226  5874
CZ-6A DEB
1 61461U 24140ZT  24284.14768937  .00013633  00000-0  50861-2 0  9992
2 61461  89.1400 344.9071 0023388 260.7725  99.0826 14.31699730  6107
CZ-6A DEB
1 61461U 24140ZT  24284.63693348  .00012360  00000-0  46111-2 0  9998
2 61461  89.1401 344.8587 0023468 258.9173 100.9385 14.31707208  6173
CZ-6A DEB
1 61461U 24140ZT  24284.91649666  .00048291  00000-0  17918-1 0  9997
2 61461  89.1400 344.8305 0023457 257.9319 101.9249 14.31756567  6216
CZ-6A DEB
1 61461U 24140ZT  24285.47561632  .00029696  00000-0  11045-1 0  9998
2 61461  89.1409 344.7757 0023715 256.1213 103.7346 14.31759845  6294
CZ-6A DEB
1 61461U 24140ZT  24286.45405249  .00014011  00000-0  52176-2 0  9994
2 61461  89.1407 344.6778 0023793 252.7565 107.1028 14.31788691  6434
CZ-6A DEB
1 61461U 24140ZT  24286.45405249  .00014011  00000-0  52176-2 0  9994
2 61461  89.1407 344.6778 0023793 252.7565 107.1028 14.31788691  6434
CZ-6A DEB
1 61461U 24140ZT  24287.15292960  .00009289  00000-0  34591-2 0  9998
2 61461  89.1405 344.6078 0023787 250.3165 109.5465 14.31796388  6532
CZ-6A DEB
1 61461U 24140ZT  24287.15292960  .00009289  00000-0  34591-2 0  9998
2 61461  89.1405 344.6078 0023787 250.3165 109.5465 14.31796388  6532
CZ-6A DEB
1 61461U 24140ZT  24288.13134966  .00007635  00000-0  28420-2 0  9995
2 61461  89.1403 344.5106 0024001 246.9116 112.9551 14.31807495  6679
CZ-6A DEB
1 61461U 24140ZT  24288.13134966  .00007635  00000-0  28420-2 0  9995
2 61461  89.1403 344.5106 0024001 246.9116 112.9551 14.31807495  6679
CZ-6A DEB
1 61461U 24140ZT  24290.15805504  .00007193  00000-0  26765-2 0  9992
2 61461  89.1383 344.3084 0023681 238.9658 120.9214 14.31830713  6960
CZ-6A DEB
1 61461U 24140ZT  24290.15805504  .00007193  00000-0  26765-2 0  9992
2 61461  89.1383 344.3084 0023681 238.9658 120.9214 14.31830713  6960
CZ-6A DEB
1 61461U 24140ZT  24292.39437270  .00010080  00000-0  37485-2 0  9991
2 61461  89.1381 344.0859 0023886 231.1623 128.7442 14.31864870  7285
CZ-6A DEB
1 61461U 24140ZT  24292.39437270  .00010080  00000-0  37485-2 0  9991
2 61461  89.1381 344.0859 0023886 231.1623 128.7442 14.31864870  7285
CZ-6A DEB
1 61461U 24140ZT  24294.14146095  .00018993  00000-0  70520-2 0  9996
2 61461  89.1378 343.9115 0024269 225.8050 134.1153 14.31905150  7539
CZ-6A DEB
1 61461U 24140ZT  24295.11981760  .00013997  00000-0  51986-2 0  9994
2 61461  89.1386 343.8137 0024351 222.2082 137.7241 14.31911628  7678
CZ-6A DEB
1 61461U 24140ZT  24295.11981760  .00013997  00000-0  51986-2 0  9994
2 61461  89.1386 343.8137 0024351 222.2082 137.7241 14.31911628  7678
CZ-6A DEB
1 61461U 24140ZT  24296.09816505  .00008638  00000-0  32082-2 0  9998
2 61461  89.1397 343.7167 0024579 219.4018 140.5392 14.31916773  7812
CZ-6A DEB
1 61461U 24140ZT  24296.09816505  .00008638  00000-0  32082-2 0  9998
2 61461  89.1397 343.7167 0024579 219.4018 140.5392 14.31916773  7812
CZ-6A DEB
1 61461U 24140ZT  24298.12471550  .00007786  00000-0  28898-2 0  9994
2 61461  89.1401 343.5142 0024844 212.5404 147.4263 14.31943210  8109
CZ-6A DEB
1 61461U 24140ZT  24298.12471550  .00007786  00000-0  28898-2 0  9994
2 61461  89.1401 343.5142 0024844 212.5404 147.4263 14.31943210  8109
CZ-6A DEB
1 61461U 24140ZT  24298.61387526  .00008842  00000-0  32814-2 0  9994
2 61461  89.1381 343.4637 0024834 210.1184 149.8586 14.31953362  8172
CZ-6A DEB
1 61461U 24140ZT  24299.38254958  .00008093  00000-0  30025-2 0  9991
2 61461  89.1386 343.3878 0024928 207.5973 152.3902 14.31965182  8289
CZ-6A DEB
1 61461U 24140ZT  24299.38254958  .00008093  00000-0  30025-2 0  9991
2 61461  89.1386 343.3878 0024928 207.5973 152.3902 14.31965182  8289
CZ-6A DEB
1 61461U 24140ZT  24300.15121680  .00007646  00000-0  28358-2 0  9993
2 61461  89.1394 343.3116 0024976 205.2364 154.7615 14.31977749  8396
CZ-6A DEB
1 61461U 24140ZT  24300.84999836  .00010896  00000-0  40403-2 0  9991
2 61461  89.1371 343.2397 0025048 202.6371 157.3723 14.31995019  8491
CZ-6A DEB
1 61461U 24140ZT  24301.82827810  .00014515  00000-0  53777-2 0  9992
2 61461  89.1393 343.1432 0025230 199.3106 160.7137 14.32023005  8636
CZ-6A DEB
1 61461U 24140ZT  24302.10778321  .00013128  00000-0  48637-2 0  9994
2 61461  89.1383 343.1156 0025275 198.2624 161.7668 14.32028661  8677
CZ-6A DEB
1 61461U 24140ZT  24302.10778321  .00013128  00000-0  48637-2 0  9994
2 61461  89.1383 343.1156 0025275 198.2624 161.7668 14.32028661  8677
CZ-6A DEB
1 61461U 24140ZT  24303.36553721  .00012625  00000-0  46741-2 0  9993
2 61461  89.1385 342.9900 0025421 193.9606 166.0891 14.32062556  8855
CZ-6A DEB
1 61461U 24140ZT  24303.36553721  .00012625  00000-0  46741-2 0  9993
2 61461  89.1385 342.9900 0025421 193.9606 166.0891 14.32062556  8855
CZ-6A DEB
1 61461U 24140ZT  24304.55338814  .00013871  00000-0  51312-2 0  9993
2 61461  89.1384 342.8716 0025549 190.0237 170.0454 14.32097226  9029
CZ-6A DEB
1 61461U 24140ZT  24304.55338814  .00013871  00000-0  51312-2 0  9993
2 61461  89.1384 342.8716 0025549 190.0237 170.0454 14.32097226  9029
CZ-6A DEB
1 61461U 24140ZT  24305.53159683  .00012854  00000-0  47527-2 0  9990
2 61461  89.1382 342.7742 0025625 186.8675 173.2175 14.32124866  9160
CZ-6A DEB
1 61461U 24140ZT  24307.83729538  .00016843  00000-0  62160-2 0  9999
2 61461  89.1353 342.5424 0025920 179.2668 180.8572 14.32198248  9495
CZ-6A DEB
1 61461U 24140ZT  24307.83729538  .00016843  00000-0  62160-2 0  9999
2 61461  89.1353 342.5424 0025920 179.2668 180.8572 14.32198248  9495
CZ-6A DEB
1 61461U 24140ZT  24309.37436173  .00016578  00000-0  61122-2 0  9992
2 61461  89.1349 342.3885 0026061 174.3927 185.7567 14.32248489  9716
CZ-6A DEB
1 61461U 24140ZT  24309.37436173  .00016578  00000-0  61122-2 0  9992
2 61461  89.1349 342.3885 0026061 174.3927 185.7567 14.32248489  9716
CZ-6A DEB
1 61461U 24140ZT  24310.35246955  .00013309  00000-0  49053-2 0  9997
2 61461  89.1315 342.2896 0026265 170.9053 189.2625 14.32273548  9851
CZ-6A DEB
1 61461U 24140ZT  24310.35246955  .00013309  00000-0  49053-2 0  9997
2 61461  89.1315 342.2896 0026265 170.9053 189.2625 14.32273548  9851
CZ-6A DEB
1 61461U 24140ZT  24311.81959822  .00013098  00000-0  48240-2 0  9995
2 61461  89.1340 342.1431 0026375 166.3556 193.8359 14.32311894 10069
CZ-6A DEB
1 61461U 24140ZT  24311.81959822  .00013098  00000-0  48240-2 0  9995
2 61461  89.1340 342.1431 0026375 166.3556 193.8359 14.32311894 10069
CZ-6A DEB
1 61461U 24140ZT  24312.09904625  .00011923  00000-0  43908-2 0  9998
2 61461  89.1340 342.1152 0026376 165.5464 194.6493 14.32319179 10106
CZ-6A DEB
1 61461U 24140ZT  24313.35654806  .00012290  00000-0  45229-2 0  9997
2 61461  89.1351 341.9894 0026464 161.5366 198.6797 14.32350220 10285
CZ-6A DEB
1 61461U 24140ZT  24313.35654806  .00012290  00000-0  45229-2 0  9997
2 61461  89.1351 341.9894 0026464 161.5366 198.6797 14.32350220 10285
CZ-6A DEB
1 61461U 24140ZT  24314.33458662  .00014692  00000-0  54031-2 0  9997
2 61461  89.1360 341.8920 0026605 158.3256 201.9073 14.32376532 10428
CZ-6A DEB
1 61461U 24140ZT  24314.82359856  .00016934  00000-0  62243-2 0  9991
2 61461  89.1362 341.8433 0026618 156.8967 203.3434 14.32392622 10497
CZ-6A DEB
1 61461U 24140ZT  24314.82359856  .00016934  00000-0  62243-2 0  9991
2 61461  89.1362 341.8433 0026618 156.8967 203.3434 14.32392622 10497
CZ-6A DEB
1 61461U 24140ZT  24315.80160886  .00011398  00000-0  41891-2 0  9998
2 61461  89.1362 341.7455 0026753 153.7737 206.4822 14.32413809 10633
CZ-6A DEB
1 61461U 24140ZT  24315.80160886  .00011398  00000-0  41891-2 0  9998
2 61461  89.1362 341.7455 0026753 153.7737 206.4822 14.32413809 10633
CZ-6A DEB
1 61461U 24140ZT  24317.33845385  .00007322  00000-0  26892-2 0  9998
2 61461  89.1359 341.5916 0026923 148.9562 211.3232 14.32440589 10859
CZ-6A DEB
1 61461U 24140ZT  24317.33845385  .00007322  00000-0  26892-2 0  9998
2 61461  89.1359 341.5916 0026923 148.9562 211.3232 14.32440589 10859
CZ-6A DEB
1 61461U 24140ZT  24318.52599983  .00005878  00000-0  21575-2 0  9997
2 61461  89.1357 341.4728 0027080 145.1641 215.1336 14.32455506 11021
CZ-6A DEB
1 61461U 24140ZT  24318.52599983  .00005878  00000-0  21575-2 0  9997
2 61461  89.1357 341.4728 0027080 145.1641 215.1336 14.32455506 11021
CZ-6A DEB
1 61461U 24140ZT  24319.50396978  .00006221  00000-0  22829-2 0  9991
2 61461  89.1346 341.3744 0027174 142.1189 218.1927 14.32467821 11161
CZ-6A DEB
1 61461U 24140ZT  24320.06280661  .00006395  00000-0  23466-2 0  9995
2 61461  89.1351 341.3186 0027301 140.3146 220.0056 14.32474463 11246
CZ-6A DEB
1 61461U 24140ZT  24320.34222356  .00006733  00000-0  24706-2 0  9997
2 61461  89.1352 341.2904 0027303 139.3957 220.9283 14.32478509 11284
CZ-6A DEB
1 61461U 24140ZT  24321.04076337  .00008240  00000-0  30231-2 0  9996
2 61461  89.1350 341.2204 0027372 137.2272 223.1062 14.32489744 11382
CZ-6A DEB
1 61461U 24140ZT  24321.80915296  .00005486  00000-0  20117-2 0  9997
2 61461  89.1345 341.1431 0027357 134.8921 225.4503 14.32494371 11493
CZ-6A DEB
1 61461U 24140ZT  24321.80915296  .00005486  00000-0  20117-2 0  9997
2 61461  89.1345 341.1431 0027357 134.8921 225.4503 14.32494371 11493
CZ-6A DEB
1 61461U 24140ZT  24323.48562605  .00004346  00000-0  15921-2 0  9996
2 61461  89.1346 340.9745 0027456 129.6537 230.7089 14.32508508 11737
CZ-6A DEB
1 61461U 24140ZT  24323.48562605  .00004346  00000-0  15921-2 0  9996
2 61461  89.1346 340.9745 0027456 129.6537 230.7089 14.32508508 11737
CZ-6A DEB
1 61461U 24140ZT  24324.32385545  .00004936  00000-0  18087-2 0  9997
2 61461  89.1346 340.8903 0027535 127.0913 233.2807 14.32517214 11853
CZ-6A DEB
1 61461U 24140ZT  24324.32385545  .00004936  00000-0  18087-2 0  9997
2 61461  89.1346 340.8903 0027535 127.0913 233.2807 14.32517214 11853
CZ-6A DEB
1 61461U 24140ZT  24328.30536207  .00007824  00000-0  28657-2 0  9995
2 61461  89.1350 340.4908 0027719 114.8604 245.5480 14.32571139 12427
CZ-6A DEB
1 61461U 24140ZT  24328.30536207  .00007824  00000-0  28657-2 0  9995
2 61461  89.1350 340.4908 0027719 114.8604 245.5480 14.32571139 12427
CZ-6A DEB
1 61461U 24140ZT  24331.30883757  .00009776  00000-0  35767-2 0  9992
2 61461  89.1351 340.1911 0027884 105.8457 254.5818 14.32626263 12859
CZ-6A DEB
1 61461U 24140ZT  24331.30883757  .00009776  00000-0  35767-2 0  9992
2 61461  89.1351 340.1911 0027884 105.8457 254.5818 14.32626263 12859
CZ-6A DEB
1 61461U 24140ZT  24332.28668724  .00009186  00000-0  33596-2 0  9998
2 61461  89.1337 340.0917 0027922 102.8337 257.5983 14.32644270 12994
CZ-6A DEB
1 61461U 24140ZT  24333.47405806  .00010534  00000-0  38507-2 0  9996
2 61461  89.1322 339.9707 0028011  99.1794 261.2574 14.32669393 13168
CZ-6A DEB
1 61461U 24140ZT  24333.47405806  .00010534  00000-0  38507-2 0  9996
2 61461  89.1322 339.9707 0028011  99.1794 261.2574 14.32669393 13168
CZ-6A DEB
1 61461U 24140ZT  24333.75343652  .00011169  00000-0  40820-2 0  9993
2 61461  89.1333 339.9438 0028123  98.3759 262.0628 14.32675799 13208
CZ-6A DEB
1 61461U 24140ZT  24334.45187605  .00010660  00000-0  38953-2 0  9994
2 61461  89.1334 339.8736 0027934  96.2722 264.1658 14.32690614 13305
CZ-6A DEB
1 61461U 24140ZT  24335.28999390  .00012212  00000-0  44600-2 0  9999
2 61461  89.1329 339.7890 0027944  93.7940 266.6453 14.32711575 13427
CZ-6A DEB
1 61461U 24140ZT  24335.28999390  .00012212  00000-0  44600-2 0  9999
2 61461  89.1329 339.7890 0027944  93.7940 266.6453 14.32711575 13427
CZ-6A DEB
1 61461U 24140ZT  24336.26778433  .00009960  00000-0  36363-2 0  9994
2 61461  89.1328 339.6905 0027969  90.7537 269.6865 14.32730652 13560
CZ-6A DEB
1 61461U 24140ZT  24336.26778433  .00009960  00000-0  36363-2 0  9994
2 61461  89.1328 339.6905 0027969  90.7537 269.6865 14.32730652 13560
CZ-6A DEB
1 61461U 24140ZT  24337.45508264  .00010038  00000-0  36633-2 0  9997
2 61461  89.1328 339.5708 0027951  87.2138 273.2258 14.32755398 13739
CZ-6A DEB
1 61461U 24140ZT  24337.45508264  .00010038  00000-0  36633-2 0  9997
2 61461  89.1328 339.5708 0027951  87.2138 273.2258 14.32755398 13739
CZ-6A DEB
1 61461U 24140ZT  24337.73444424  .00008768  00000-0  31993-2 0  9996
2 61461  89.1329 339.5427 0027945  86.3561 274.0831 14.32759002 13777
CZ-6A DEB
1 61461U 24140ZT  24338.50268300  .00009166  00000-0  33436-2 0  9996
2 61461  89.1329 339.4653 0027927  83.9911 276.4467 14.32774573 13882
CZ-6A DEB
1 61461U 24140ZT  24338.50268300  .00009166  00000-0  33436-2 0  9996
2 61461  89.1329 339.4653 0027927  83.9911 276.4467 14.32774573 13882
CZ-6A DEB
1 61461U 24140ZT  24339.27091374  .00009459  00000-0  34495-2 0  9997
2 61461  89.1332 339.3880 0027934  81.6075 278.8287 14.32789591 13995
CZ-6A DEB
1 61461U 24140ZT  24339.96929813  .00009406  00000-0  34294-2 0  9990
2 61461  89.1334 339.3177 0027930  79.4924 280.9418 14.32803473 14098
CZ-6A DEB
1 61461U 24140ZT  24340.45816314  .00009247  00000-0  33705-2 0  9996
2 61461  89.1332 339.2684 0027911  78.0716 282.3608 14.32812525 14164
CZ-6A DEB
1 61461U 24140ZT  24341.43588408  .00008237  00000-0  30015-2 0  9994
2 61461  89.1338 339.1702 0027918  75.1016 285.3270 14.32829263 14309
CZ-6A DEB
1 61461U 24140ZT  24341.71523090  .00008093  00000-0  29487-2 0  9992
2 61461  89.1339 339.1422 0027925  74.2258 286.2016 14.32833728 14348
CZ-6A DEB
1 61461U 24140ZT  24342.27392111  .00008298  00000-0  30227-2 0  9993
2 61461  89.1336 339.0859 0027872  72.5545 287.8696 14.32844004 14428
CZ-6A DEB
1 61461U 24140ZT  24343.74046410  .00008755  00000-0  31877-2 0  9994
2 61461  89.1337 338.9388 0027803  68.1115 292.3034 14.32871225 14637
CZ-6A DEB
1 61461U 24140ZT  24343.94996818  .00009297  00000-0  33846-2 0  9992
2 61461  89.1337 338.9176 0027827  67.5018 292.9121 14.32875937 14663
CZ-6A DEB
1 61461U 24140ZT  24344.43880843  .00009282  00000-0  33789-2 0  9997
2 61461  89.1339 338.8687 0027794  66.0234 294.3869 14.32884733 14735
CZ-6A DEB
1 61461U 24140ZT  24345.41647971  .00009599  00000-0  34931-2 0  9990
2 61461  89.1335 338.7704 0027743  63.0599 297.3428 14.32903211 14877
CZ-6A DEB
1 61461U 24140ZT  24345.41647971  .00009599  00000-0  34931-2 0  9990
2 61461  89.1335 338.7704 0027743  63.0599 297.3428 14.32903211 14877
CZ-6A DEB
1 61461U 24140ZT  24346.95279849  .00006796  00000-0  24713-2 0  9998
2 61461  89.1331 338.6159 0027668  58.3377 302.0513 14.32924253 15096
CZ-6A DEB
1 61461U 24140ZT  24346.95279849  .00006796  00000-0  24713-2 0  9998
2 61461  89.1331 338.6159 0027668  58.3377 302.0513 14.32924253 15096
CZ-6A DEB
1 61461U 24140ZT  24349.25723420  .00006329  00000-0  23003-2 0  9996
2 61461  89.1327 338.3837 0027528  51.2695 309.0956 14.32954124 15426
CZ-6A DEB
1 61461U 24140ZT  24349.25723420  .00006329  00000-0  23003-2 0  9996
2 61461  89.1327 338.3837 0027528  51.2695 309.0956 14.32954124 15426
CZ-6A DEB
1 61461U 24140ZT  24350.23485807  .00008312  00000-0  30206-2 0  9997
2 61461  89.1324 338.2848 0027456  48.2221 312.1316 14.32970724 15569
CZ-6A DEB
1 61461U 24140ZT  24350.72366619  .00008087  00000-0  29387-2 0  9997
2 61461  89.1324 338.2355 0027356  46.7367 313.6106 14.32977660 15632
CZ-6A DEB
1 61461U 24140ZT  24350.93315454  .00008253  00000-0  29986-2 0  9991
2 61461  89.1325 338.2144 0027341  46.0818 314.2630 14.32981334 15662
CZ-6A DEB
1 61461U 24140ZT  24351.70127425  .00008331  00000-0  30266-2 0  9996
2 61461  89.1326 338.1370 0027273  43.7125 316.6225 14.32993364 15776
CZ-6A DEB
1 61461U 24140ZT  24352.25990302  .00008415  00000-0  30566-2 0  9995
2 61461  89.1330 338.0809 0027251  42.0082 318.3198 14.33001952 15858
CZ-6A DEB
1 61461U 24140ZT  24352.25990302  .00008415  00000-0  30566-2 0  9995
2 61461  89.1330 338.0809 0027251  42.0082 318.3198 14.33001952 15858
CZ-6A DEB
1 61461U 24140ZT  24352.67887173  .00009263  00000-0  33640-2 0  9990
2 61461  89.1333 338.0390 0027238  40.7732 319.5497 14.33010254 15915
CZ-6A DEB
1 61461U 24140ZT  24353.23749338  .00008858  00000-0  32163-2 0  9991
2 61461  89.1339 337.9830 0027168  39.0857 321.2297 14.33019302 15998
CZ-6A DEB
1 61461U 24140ZT  24354.42455264  .00007461  00000-0  27079-2 0  9994
2 61461  89.1343 337.8637 0027037  35.4194 324.8792 14.33037232 16167
CZ-6A DEB
1 61461U 24140ZT  24354.42455264  .00007461  00000-0  27079-2 0  9994
2 61461  89.1343 337.8637 0027037  35.4194 324.8792 14.33037232 16167
CZ-6A DEB
1 61461U 24140ZT  24354.70385876  .00006719  00000-0  24382-2 0  9995
2 61461  89.1342 337.8356 0027032  34.5292 325.7654 14.33039987 16209
CZ-6A DEB
1 61461U 24140ZT  24355.40212015  .00007679  00000-0  27865-2 0  9992
2 61461  89.1344 337.7655 0026964  32.3676 327.9168 14.33051837 16300
CZ-6A DEB
1 61461U 24140ZT  24356.93827614  .00009153  00000-0  33200-2 0  9997
2 61461  89.1345 337.6113 0026784  27.6266 332.6348 14.33078213 16525
CZ-6A DEB
1 61461U 24140ZT  24358.40457702  .00010748  00000-0  38965-2 0  9993
2 61461  89.1340 337.4642 0026686  23.1228 337.1163 14.33108898 16736
CZ-6A DEB
1 61461U 24140ZT  24358.40457702  .00010748  00000-0  38965-2 0  9993
2 61461  89.1340 337.4642 0026686  23.1228 337.1163 14.33108898 16736
CZ-6A DEB
1 61461U 24140ZT  24359.38209331  .00011022  00000-0  39942-2 0  9996
2 61461  89.1341 337.3658 0026531  20.0434 340.1799 14.33129818 16876
CZ-6A DEB
1 61461U 24140ZT  24359.66138093  .00010901  00000-0  39500-2 0  9998
2 61461  89.1337 337.3375 0026484  19.1622 341.0565 14.33135555 16913
CZ-6A DEB
1 61461U 24140ZT  24359.66138093  .00010901  00000-0  39500-2 0  9998
2 61461  89.1337 337.3375 0026484  19.1622 341.0565 14.33135555 16913
CZ-6A DEB
1 61461U 24140ZT  24359.94066676  .00011241  00000-0  40725-2 0  9995
2 61461  89.1337 337.3094 0026403  18.2353 341.9785 14.33142835 16959
CZ-6A DEB
1 61461U 24140ZT  24361.40689822  .00011259  00000-0  40764-2 0  9995
2 61461  89.1329 337.1617 0026269  13.5898 346.6000 14.33177207 17168
CZ-6A DEB
1 61461U 24140ZT  24361.40689822  .00011259  00000-0  40764-2 0  9995
2 61461  89.1329 337.1617 0026269  13.5898 346.6000 14.33177207 17168
CZ-6A DEB
1 61461U 24140ZT  24362.38436562  .00011394  00000-0  41238-2 0  9991
2 61461  89.1337 337.0636 0025995  10.4751 349.6982 14.33200604 17302
CZ-6A DEB
1 61461U 24140ZT  24362.66363956  .00011818  00000-0  42767-2 0  9997
2 61461  89.1334 337.0353 0025968   9.5844 350.5843 14.33207096 17340
CZ-6A DEB
1 61461U 24140ZT  24362.66363956  .00011818  00000-0  42767-2 0  9997
2 61461  89.1334 337.0353 0025968   9.5844 350.5843 14.33207096 17340
CZ-6A DEB
1 61461U 24140ZT  24364.19962181  .00012635  00000-0  45692-2 0  9990
2 61461  89.1335 336.8806 0025737   4.7159 355.4276 14.33245154 17566
CZ-6A DEB
1 61461U 24140ZT  24364.19962181  .00012635  00000-0  45692-2 0  9990
2 61461  89.1335 336.8806 0025737   4.7159 355.4276 14.33245154 17566
CZ-6A DEB
1 61461U 24140ZT  24365.17704163  .00014372  00000-0  51939-2 0  9994
2 61461  89.1339 336.7824 0025523   1.5181 358.6089 14.33274198 17705
CZ-6A DEB
1 61461U 24140ZT  24365.38648581  .00014790  00000-0  53442-2 0  9993
2 61461  89.1335 336.7611 0025483   0.8352 359.2883 14.33281602 17732
CZ-6A DEB
1 61461U 24140ZT  24366.64313413  .00015128  00000-0  54625-2 0  9996
2 61461  89.1341 336.6347 0025234 356.7430   3.3599 14.33317977 17914
CZ-6A DEB
1 61461U 24140ZT  25002.17898053  .00069924  00000-0  25002-1 0  9999
2 61461  89.1376 336.4823 0024867 352.3569   7.7246 14.33445821 18137
CZ-6A DEB
1 61461U 24140ZT  25002.87707640  .00014460  00000-0  52132-2 0  9997
2 61461  89.1348 336.4101 0024834 349.6195  10.4487 14.33403848 18235
CZ-6A DEB
1 61461U 24140ZT  25003.36573398  .00011976  00000-0  43174-2 0  9998
2 61461  89.1351 336.3614 0024704 348.1209  11.9402 14.33417318 18301
CZ-6A DEB
1 61461U 24140ZT  25003.64496534  .00010414  00000-0  37540-2 0  9991
2 61461  89.1351 336.3334 0024689 347.1261  12.9303 14.33422754 18344
CZ-6A DEB
1 61461U 24140ZT  25004.34303813  .00010739  00000-0  38700-2 0  9995
2 61461  89.1353 336.2634 0024560 344.7752  15.2703 14.33440570 18441
CZ-6A DEB
1 61461U 24140ZT  25004.34303813  .00010739  00000-0  38700-2 0  9995
2 61461  89.1353 336.2634 0024560 344.7752  15.2703 14.33440570 18441
CZ-6A DEB
1 61461U 24140ZT  25005.87876536  .00011428  00000-0  41151-2 0  9991
2 61461  89.1365 336.1101 0024296 339.9085  20.1153 14.33483810 18665
CZ-6A DEB
1 61461U 24140ZT  25005.87876536  .00011428  00000-0  41151-2 0  9991
2 61461  89.1365 336.1101 0024296 339.9085  20.1153 14.33483810 18665
CZ-6A DEB
1 61461U 24140ZT  25006.92582943  .00009725  00000-0  35006-2 0  9993
2 61461  89.1344 336.0040 0024163 336.6091  23.4005 14.33506258 18818
CZ-6A DEB
1 61461U 24140ZT  25006.92582943  .00009725  00000-0  35006-2 0  9993
2 61461  89.1344 336.0040 0024163 336.6091  23.4005 14.33506258 18818
CZ-6A DEB
1 61461U 24140ZT  25007.34465050  .00008932  00000-0  32145-2 0  9999
2 61461  89.1340 335.9619 0024057 334.7970  25.2052 14.33513813 18874
CZ-6A DEB
1 61461U 24140ZT  25007.62386333  .00009501  00000-0  34191-2 0  9992
2 61461  89.1341 335.9335 0024001 333.8028  26.1954 14.33519565 18919
CZ-6A DEB
1 61461U 24140ZT  25007.62386337  .00009034  00000-0  32509-2 0  9998
2 61461  89.1328 335.9337 0023990 333.7780  26.2201 14.33518938 18915
CZ-6A DEB
1 61461U 24140ZT  25007.62386337  .00009034  00000-0  32509-2 0  9998
2 61461  89.1328 335.9337 0023990 333.7780  26.2201 14.33518938 18915
CZ-6A DEB
1 61461U 24140ZT  25008.88031164  .00006987  00000-0  25131-2 0  9999
2 61461  89.1341 335.8075 0023792 329.6287  30.3530 14.33537840 19098
CZ-6A DEB
1 61461U 24140ZT  25008.88031164  .00006987  00000-0  25131-2 0  9999
2 61461  89.1341 335.8075 0023792 329.6287  30.3530 14.33537840 19098
CZ-6A DEB
1 61461U 24140ZT  25010.62535221  .00007705  00000-0  27705-2 0  9995
2 61461  89.1324 335.6310 0023528 323.5117  36.4476 14.33563947 19342
CZ-6A DEB
1 61461U 24140ZT  25010.62535221  .00007705  00000-0  27705-2 0  9995
2 61461  89.1324 335.6310 0023528 323.5117  36.4476 14.33563947 19342
CZ-6A DEB
1 61461U 24140ZT  25011.32335916  .00008141  00000-0  29268-2 0  9993
2 61461  89.1320 335.5604 0023435 321.1946  38.7568 14.33575997 19440
CZ-6A DEB
1 61461U 24140ZT  25012.16096252  .00006392  00000-0  22970-2 0  9992
2 61461  89.1327 335.4763 0023273 318.5349  41.4082 14.33584864 19567
CZ-6A DEB
1 61461U 24140ZT  25012.16096252  .00006392  00000-0  22970-2 0  9992
2 61461  89.1327 335.4763 0023273 318.5349  41.4082 14.33584864 19567
CZ-6A DEB
1 61461U 24140ZT  25013.83614927  .00005880  00000-0  21122-2 0  9991
2 61461  89.1350 335.3084 0023056 312.5310  47.3940 14.33605898 19805
CZ-6A DEB
1 61461U 24140ZT  25013.83614927  .00005880  00000-0  21122-2 0  9991
2 61461  89.1350 335.3084 0023056 312.5310  47.3940 14.33605898 19805
CZ-6A DEB
1 61461U 24140ZT  25014.88312790  .00006442  00000-0  23135-2 0  9991
2 61461  89.1342 335.2025 0022885 308.7829  51.1324 14.33621042 19955
CZ-6A DEB
1 61461U 24140ZT  25014.88312790  .00006442  00000-0  23135-2 0  9991
2 61461  89.1342 335.2025 0022885 308.7829  51.1324 14.33621042 19955
CZ-6A DEB
1 61461U 24140ZT  25015.37171408  .00006845  00000-0  24581-2 0  9998
2 61461  89.1351 335.1541 0022841 306.8903  53.0201 14.33628614 20028
CZ-6A DEB
1 61461U 24140ZT  25015.86029821  .00006542  00000-0  23489-2 0  9993
2 61461  89.1351 335.1051 0022799 305.4668  54.4402 14.33635094 20094
CZ-6A DEB
1 61461U 24140ZT  25016.13948765  .00006764  00000-0  24285-2 0  9992
2 61461  89.1352 335.0770 0022757 304.4001  55.5045 14.33639512 20135
CZ-6A DEB
1 61461U 24140ZT  25016.83745799  .00006898  00000-0  24764-2 0  9991
2 61461  89.1355 335.0067 0022674 301.8537  58.0453 14.33650527 20231
CZ-6A DEB
1 61461U 24140ZT  25016.83745799  .00006898  00000-0  24764-2 0  9991
2 61461  89.1355 335.0067 0022674 301.8537  58.0453 14.33650527 20231
CZ-6A DEB
1 61461U 24140ZT  25017.32603398  .00007764  00000-0  27870-2 0  9998
2 61461  89.1349 334.9572 0022590 300.0837  59.8120 14.33659508 20300
CZ-6A DEB
1 61461U 24140ZT  25019.14071747  .00008826  00000-0  31664-2 0  9993
2 61461  89.1355 334.7758 0022397 293.5617  66.3228 14.33693708 20568
CZ-6A DEB
1 61461U 24140ZT  25019.14071747  .00008826  00000-0  31664-2 0  9993
2 61461  89.1355 334.7758 0022397 293.5617  66.3228 14.33693708 20568
CZ-6A DEB
1 61461U 24140ZT  25019.83866069  .00010009  00000-0  35899-2 0  9998
2 61461  89.1348 334.7061 0022264 291.0856  68.7962 14.33709595 20662
CZ-6A DEB
1 61461U 24140ZT  25020.11783608  .00011556  00000-0  41439-2 0  9993
2 61461  89.1348 334.6781 0022250 290.0029  69.8773 14.33717330 20709
CZ-6A DEB
1 61461U 24140ZT  25020.81576927  .00010462  00000-0  37511-2 0  9995
2 61461  89.1349 334.6081 0022127 287.5569  72.3212 14.33730715 20806
CZ-6A DEB
1 61461U 24140ZT  25020.81576927  .00010462  00000-0  37511-2 0  9995
2 61461  89.1349 334.6081 0022127 287.5569  72.3212 14.33730715 20806
CZ-6A DEB
1 61461U 24140ZT  25021.30431788  .00011142  00000-0  39936-2 0  9994
2 61461  89.1349 334.5592 0022110 285.6929  74.1830 14.33742777 20877
CZ-6A DEB
1 61461U 24140ZT  25021.58348684  .00010898  00000-0  39057-2 0  9997
2 61461  89.1351 334.5311 0022102 284.6234  75.2513 14.33748543 20910
CZ-6A DEB
1 61461U 24140ZT  25022.28140408  .00011253  00000-0  40319-2 0  9998
2 61461  89.1345 334.4609 0022013 282.1241  77.7490 14.33764979 21018
CZ-6A DEB
1 61461U 24140ZT  25022.28140408  .00011253  00000-0  40319-2 0  9998
2 61461  89.1345 334.4609 0022013 282.1241  77.7490 14.33764979 21018
CZ-6A DEB
1 61461U 24140ZT  25023.11889529  .00011041  00000-0  39547-2 0  9991
2 61461  89.1343 334.3766 0021933 278.9703  80.9013 14.33782626 21134
CZ-6A DEB
1 61461U 24140ZT  25023.81679686  .00009665  00000-0  34609-2 0  9992
2 61461  89.1347 334.3066 0021879 276.3833  83.4873 14.33796007 21237
CZ-6A DEB
1 61461U 24140ZT  25023.81679686  .00009665  00000-0  34609-2 0  9992
2 61461  89.1347 334.3066 0021879 276.3833  83.4873 14.33796007 21237
CZ-6A DEB
1 61461U 24140ZT  25024.16574465  .00010900  00000-0  39023-2 0  9999
2 61461  89.1346 334.2714 0021848 275.0647  84.8057 14.33804908 21284
CZ-6A DEB
1 61461U 24140ZT  25025.28236597  .00010064  00000-0  36015-2 0  9993
2 61461  89.1351 334.1593 0021770 270.9174  88.9529 14.33828414 21442
CZ-6A DEB
1 61461U 24140ZT  25025.28236597  .00010064  00000-0  36015-2 0  9993
2 61461  89.1351 334.1593 0021770 270.9174  88.9529 14.33828414 21442
CZ-6A DEB
1 61461U 24140ZT  25025.84067043  .00008733  00000-0  31247-2 0  9995
2 61461  89.1350 334.1028 0021720 268.9037  90.9673 14.33837902 21528
CZ-6A DEB
1 61461U 24140ZT  25026.32918377  .00008446  00000-0  30213-2 0  9997
2 61461  89.1351 334.0536 0021711 267.0409  92.8305 14.33846442 21594
CZ-6A DEB
1 61461U 24140ZT  25026.32918377  .00008446  00000-0  30213-2 0  9997
2 61461  89.1351 334.0536 0021711 267.0409  92.8305 14.33846442 21594
CZ-6A DEB
1 61461U 24140ZT  25026.32918377  .00008446  00000-0  30213-2 0  9997
2 61461  89.1351 334.0536 0021711 267.0409  92.8305 14.33846442 21594
CZ-6A DEB
1 61461U 24140ZT  25029.32999078  .00009861  00000-0  35240-2 0  9994
2 61461  89.1351 333.7509 0021382 255.9167 103.9654 14.33900841 22025
CZ-6A DEB
1 61461U 24140ZT  25029.60912925  .00008528  00000-0  30474-2 0  9994
2 61461  89.1361 333.7241 0021537 254.6180 105.2638 14.33904043 22061
CZ-6A DEB
1 61461U 24140ZT  25030.30697181  .00008527  00000-0  30461-2 0  9992
2 61461  89.1363 333.6541 0021549 251.9188 107.9663 14.33917556 22167
CZ-6A DEB
1 61461U 24140ZT  25030.79545843  .00008057  00000-0  28776-2 0  9996
2 61461  89.1365 333.6050 0021548 250.1061 109.7815 14.33925540 22233
CZ-6A DEB
1 61461U 24140ZT  25030.79545843  .00008057  00000-0  28776-2 0  9996
2 61461  89.1365 333.6050 0021548 250.1061 109.7815 14.33925540 22233
CZ-6A DEB
1 61461U 24140ZT  25031.28394256  .00008362  00000-0  29863-2 0  9998
2 61461  89.1366 333.5561 0021550 248.2711 111.6193 14.33933986 22305
CZ-6A DEB
1 61461U 24140ZT  25032.12133787  .00007901  00000-0  28206-2 0  9990
2 61461  89.1362 333.4725 0021643 245.1534 114.7414 14.33946132 22424
CZ-6A DEB
1 61461U 24140ZT  25032.26090288  .00009208  00000-0  32872-2 0  9999
2 61461  89.1362 333.4584 0021581 244.5765 115.3199 14.33950770 22449
CZ-6A DEB
1 61461U 24140ZT  25032.26090288  .00009208  00000-0  32872-2 0  9999
2 61461  89.1362 333.4584 0021581 244.5765 115.3199 14.33950770 22449
CZ-6A DEB
1 61461U 24140ZT  25035.26148710  .00008125  00000-0  28971-2 0  9998
2 61461  89.1357 333.1577 0021642 233.3426 126.5783 14.34006190 22879
CZ-6A DEB
1 61461U 24140ZT  25036.23839929  .00007497  00000-0  26725-2 0  9991
2 61461  89.1366 333.0600 0021676 229.5797 130.3510 14.34020172 23014
CZ-6A DEB
1 61461U 24140ZT  25038.26197582  .00006731  00000-0  23979-2 0  9996
2 61461  89.1361 332.8564 0021809 222.1533 137.7989 14.34046094 23304
CZ-6A DEB
1 61461U 24140ZT  25038.54108433  .00006840  00000-0  24365-2 0  9995
2 61461  89.1346 332.8275 0021702 220.9490 139.0079 14.34051691 23344
CZ-6A DEB
1 61461U 24140ZT  25039.51796598  .00006701  00000-0  23863-2 0  9996
2 61461  89.1350 332.7294 0021832 217.3850 142.5830 14.34064341 23488
CZ-6A DEB
1 61461U 24140ZT  25039.79707399  .00006599  00000-0  23497-2 0  9995
2 61461  89.1357 332.7017 0021851 216.3131 143.6585 14.34067508 23522
CZ-6A DEB
1 61461U 24140ZT  25039.79707399  .00006599  00000-0  23497-2 0  9995
2 61461  89.1357 332.7017 0021851 216.3131 143.6585 14.34067508 23522
CZ-6A DEB
1 61461U 24140ZT  25041.05305119  .00007665  00000-0  27288-2 0  9998
2 61461  89.1360 332.5756 0022009 211.7393 148.2479 14.34083912 23709
CZ-6A DEB
1 61461U 24140ZT  25041.05305119  .00007665  00000-0  27288-2 0  9998
2 61461  89.1360 332.5756 0022009 211.7393 148.2479 14.34083912 23709
CZ-6A DEB
1 61461U 24140ZT  25042.79743772  .00006219  00000-0  22121-2 0  9996
2 61461  89.1364 332.4006 0022182 205.4036 154.6073 14.34106830 23959
CZ-6A DEB
1 61461U 24140ZT  25042.79743772  .00006219  00000-0  22121-2 0  9996
2 61461  89.1364 332.4006 0022182 205.4036 154.6073 14.34106830 23959
CZ-6A DEB
1 61461U 24140ZT  25043.21608651  .00005953  00000-0  21174-2 0  9991
2 61461  89.1365 332.3587 0022212 203.7971 156.2202 14.34111781 24017
CZ-6A DEB
1 61461U 24140ZT  25043.70450853  .00005920  00000-0  21054-2 0  9995
2 61461  89.1366 332.3098 0022267 202.0521 157.9721 14.34117338 24083
CZ-6A DEB
1 61461U 24140ZT  25045.51863079  .00006319  00000-0  22461-2 0  9990
2 61461  89.1366 332.1283 0022465 195.5766 164.4743 14.34139014 24345
CZ-6A DEB
1 61461U 24140ZT  25045.51863079  .00006319  00000-0  22461-2 0  9990
2 61461  89.1366 332.1283 0022465 195.5766 164.4743 14.34139014 24345
CZ-6A DEB
1 61461U 24140ZT  25046.49545209  .00007432  00000-0  26415-2 0  9990
2 61461  89.1366 332.0302 0022633 192.1486 167.9170 14.34154838 24483
CZ-6A DEB
1 61461U 24140ZT  25046.77454199  .00007512  00000-0  26697-2 0  9999
2 61461  89.1363 332.0021 0022667 191.1957 168.8740 14.34159480 24523
CZ-6A DEB
1 61461U 24140ZT  25046.77454199  .00007512  00000-0  26697-2 0  9999
2 61461  89.1363 332.0021 0022667 191.1957 168.8740 14.34159480 24523
CZ-6A DEB
1 61461U 24140ZT  25047.05363123  .00007872  00000-0  27975-2 0  9996
2 61461  89.1361 331.9741 0022688 190.2614 169.8125 14.34164011 24569
CZ-6A DEB
1 61461U 24140ZT  25048.51883357  .00007441  00000-0  26427-2 0  9997
2 61461  89.1356 331.8270 0022874 185.1238 174.9729 14.34187593 24771
CZ-6A DEB
1 61461U 24140ZT  25048.51883357  .00007441  00000-0  26427-2 0  9997
2 61461  89.1356 331.8270 0022874 185.1238 174.9729 14.34187593 24771
CZ-6A DEB
1 61461U 24140ZT  25049.21654023  .00008581  00000-0  30469-2 0  9998
2 61461  89.1355 331.7568 0022972 182.5975 177.5107 14.34201271 24877
CZ-6A DEB
1 61461U 24140ZT  25049.21654023  .00008581  00000-0  30469-2 0  9998
2 61461  89.1355 331.7568 0022972 182.5975 177.5107 14.34201271 24877
CZ-6A DEB
1 61461U 24140ZT  25051.03055076  .00007391  00000-0  26224-2 0  9996
2 61461  89.1353 331.5745 0023243 176.3513 183.7858 14.34229922 25136
CZ-6A DEB
1 61461U 24140ZT  25051.51893145  .00007107  00000-0  25211-2 0  9996
2 61461  89.1352 331.5255 0023319 174.6901 185.4549 14.34237925 25203
CZ-6A DEB
1 61461U 24140ZT  25052.21661424  .00006595  00000-0  23389-2 0  9991
2 61461  89.1352 331.4553 0023429 172.3078 187.8484 14.34248194 25300
CZ-6A DEB
1 61461U 24140ZT  25052.49568598  .00006378  00000-0  22617-2 0  9991
2 61461  89.1353 331.4272 0023468 171.3447 188.8161 14.34251837 25346
CZ-6A DEB
1 61461U 24140ZT  25053.47243096  .00007140  00000-0  25311-2 0  9995
2 61461  89.1351 331.3291 0023630 167.9456 192.2313 14.34267185 25482
CZ-6A DEB
1 61461U 24140ZT  25053.47243096  .00007140  00000-0  25311-2 0  9995
2 61461  89.1351 331.3291 0023630 167.9456 192.2313 14.34267185 25482
CZ-6A DEB
1 61461U 24140ZT  25055.21659070  .00008929  00000-0  31637-2 0  9996
2 61461  89.1356 331.1538 0023912 162.3159 197.8877 14.34298447 25730
CZ-6A DEB
1 61461U 24140ZT  25055.49565305  .00008361  00000-0  29620-2 0  9992
2 61461  89.1355 331.1258 0023961 161.4540 198.7537 14.34301956 25773
CZ-6A DEB
1 61461U 24140ZT  25056.47236181  .00010368  00000-0  36715-2 0  9991
2 61461  89.1357 331.0278 0024112 158.1722 202.0509 14.34323673 25914
CZ-6A DEB
1 61461U 24140ZT  25056.47236181  .00010368  00000-0  36715-2 0  9991
2 61461  89.1357 331.0278 0024112 158.1722 202.0509 14.34323673 25914
CZ-6A DEB
1 61461U 24140ZT  25056.75141937  .00009640  00000-0  34135-2 0  9991
2 61461  89.1357 330.9998 0024161 157.1029 203.1252 14.34328266 25958
CZ-6A DEB
1 61461U 24140ZT  25057.72811155  .00009439  00000-0  33408-2 0  9993
2 61461  89.1360 330.9019 0024319 153.9928 206.2498 14.34346977 26094
CZ-6A DEB
1 61461U 24140ZT  25057.72811155  .00009439  00000-0  33408-2 0  9993
2 61461  89.1360 330.9019 0024319 153.9928 206.2498 14.34346977 26094
CZ-6A DEB
1 61461U 24140ZT  25058.49550333  .00010347  00000-0  36610-2 0  9994
2 61461  89.1356 330.8249 0024459 151.4153 208.8392 14.34363136 26201
CZ-6A DEB
1 61461U 24140ZT  25058.70479035  .00010341  00000-0  36583-2 0  9990
2 61461  89.1358 330.8039 0024479 150.7442 209.5133 14.34367680 26237
CZ-6A DEB
1 61461U 24140ZT  25059.19312489  .00010364  00000-0  36658-2 0  9991
2 61461  89.1358 330.7549 0024570 149.0971 211.1680 14.34377428 26307
CZ-6A DEB
1 61461U 24140ZT  25059.19312489  .00010364  00000-0  36658-2 0  9991
2 61461  89.1358 330.7549 0024570 149.0971 211.1680 14.34377428 26307
CZ-6A DEB
1 61461U 24140ZT  25060.72786957  .00007804  00000-0  27584-2 0  9990
2 61461  89.1355 330.6008 0024798 144.2338 216.0527 14.34403015 26529
CZ-6A DEB
1 61461U 24140ZT  25060.72786957  .00007804  00000-0  27584-2 0  9990
2 61461  89.1355 330.6008 0024798 144.2338 216.0527 14.34403015 26529
CZ-6A DEB
1 61461U 24140ZT  25061.21619240  .00006459  00000-0  22823-2 0  9991
2 61461  89.1352 330.5518 0024888 142.6037 217.6899 14.34408558 26592
CZ-6A DEB
1 61461U 24140ZT  25061.70451333  .00005571  00000-0  19679-2 0  9991
2 61461  89.1349 330.5026 0024977 141.0888 219.2114 14.34413537 26667
CZ-6A DEB
1 61461U 24140ZT  25062.19283266  .00004953  00000-0  17490-2 0  9995
2 61461  89.1346 330.4534 0025047 139.5274 220.7793 14.34418046 26735
CZ-6A DEB
1 61461U 24140ZT  25063.44850353  .00005200  00000-0  18357-2 0  9990
2 61461  89.1342 330.3270 0025231 135.5222 224.8008 14.34430500 26914
CZ-6A DEB
1 61461U 24140ZT  25064.00657617  .00005088  00000-0  17957-2 0  9990
2 61461  89.1341 330.2709 0025335 133.6788 226.6516 14.34435759 26993
CZ-6A DEB
1 61461U 24140ZT  25064.70416311  .00005563  00000-0  19635-2 0  9994
2 61461  89.1340 330.2006 0025410 131.5204 228.8180 14.34444190 27098
CZ-6A DEB
1 61461U 24140ZT  25064.70416311  .00005563  00000-0  19635-2 0  9994
2 61461  89.1340 330.2006 0025410 131.5204 228.8180 14.34444190 27098
CZ-6A DEB
1 61461U 24140ZT  25064.98319689  .00005253  00000-0  18537-2 0  9990
2 61461  89.1340 330.1726 0025443 130.6696 229.6719 14.34446458 27138
CZ-6A DEB
1 61461U 24140ZT  25066.72714560  .00005107  00000-0  18012-2 0  9997
2 61461  89.1342 329.9969 0025675 125.1936 235.1672 14.34464349 27384
CZ-6A DEB
1 61461U 24140ZT  25066.72714560  .00005107  00000-0  18012-2 0  9997
2 61461  89.1342 329.9969 0025675 125.1936 235.1672 14.34464349 27384
CZ-6A DEB
1 61461U 24140ZT  25067.21544777  .00004820  00000-0  16998-2 0  9995
2 61461  89.1342 329.9476 0025749 123.6703 236.6956 14.34468310 27455
CZ-6A DEB
1 61461U 24140ZT  25067.70374755  .00005586  00000-0  19700-2 0  9990
2 61461  89.1343 329.8985 0025802 122.1684 238.2022 14.34475109 27526
CZ-6A DEB
1 61461U 24140ZT  25069.16863344  .00006383  00000-0  22508-2 0  9995
2 61461  89.1345 329.7510 0025961 117.6716 242.7122 14.34494571 27730
CZ-6A DEB
1 61461U 24140ZT  25070.42423474  .00005254  00000-0  18514-2 0  9990
2 61461  89.1347 329.6249 0026118 113.7897 246.6044 14.34508417 27913
CZ-6A DEB
1 61461U 24140ZT  25070.42423474  .00005254  00000-0  18514-2 0  9990
2 61461  89.1347 329.6249 0026118 113.7897 246.6044 14.34508417 27913
CZ-6A DEB
1 61461U 24140ZT  25071.61006727  .00006427  00000-0  22647-2 0  9995
2 61461  89.1345 329.5058 0026181 110.2601 250.1415 14.34525178 28087
CZ-6A DEB
1 61461U 24140ZT  25071.67982173  .00006420  00000-0  22624-2 0  9997
2 61461  89.1345 329.4988 0026184 110.0501 250.3520 14.34526088 28099
CZ-6A DEB
1 61461U 24140ZT  25071.67982173  .00006420  00000-0  22624-2 0  9997
2 61461  89.1345 329.4988 0026184 110.0501 250.3520 14.34526088 28099
CZ-6A DEB
1 61461U 24140ZT  25072.44711523  .00009748  00000-0  34348-2 0  9994
2 61461  89.1344 329.4216 0026261 107.7452 252.6615 14.34543776 28202
CZ-6A DEB
1 61461U 24140ZT  25072.72612967  .00008166  00000-0  28770-2 0  9992
2 61461  89.1342 329.3935 0026322 106.8904 253.5183 14.34546255 28246
CZ-6A DEB
1 61461U 24140ZT  25072.72612967  .00008166  00000-0  28770-2 0  9992
2 61461  89.1342 329.3935 0026322 106.8904 253.5183 14.34546255 28246
CZ-6A DEB
1 61461U 24140ZT  25073.42366007  .00009474  00000-0  33366-2 0  9991
2 61461  89.1339 329.3234 0026447 104.6912 255.7221 14.34561467 28347
CZ-6A DEB
1 61461U 24140ZT  25073.98167929  .00008987  00000-0  31646-2 0  9991
2 61461  89.1337 329.2673 0026486 103.0418 257.3740 14.34571674 28422
CZ-6A DEB
1 61461U 24140ZT  25074.19093561  .00008779  00000-0  30909-2 0  9995
2 61461  89.1337 329.2462 0026471 102.4561 257.9601 14.34575323 28454
CZ-6A DEB
1 61461U 24140ZT  25074.19093561  .00008779  00000-0  30909-2 0  9995
2 61461  89.1337 329.2462 0026471 102.4561 257.9601 14.34575323 28454
CZ-6A DEB
1 61461U 24140ZT  25074.67919807  .00008513  00000-0  29968-2 0  9997
2 61461  89.1335 329.1971 0026503 100.9812 259.4370 14.34583923 28527
CZ-6A DEB
1 61461U 24140ZT  25075.44646188  .00007482  00000-0  26331-2 0  9997
2 61461  89.1331 329.1199 0026546  98.6845 261.7362 14.34595705 28631
CZ-6A DEB
1 61461U 24140ZT  25075.44646188  .00007482  00000-0  26331-2 0  9997
2 61461  89.1331 329.1199 0026546  98.6845 261.7362 14.34595705 28631
CZ-6A DEB
1 61461U 24140ZT  25075.65571398  .00008042  00000-0  28298-2 0  9997
2 61461  89.1329 329.0990 0026508  98.0830 262.3378 14.34600680 28668
CZ-6A DEB
1 61461U 24140ZT  25076.42296754  .00008896  00000-0  31297-2 0  9993
2 61461  89.1324 329.0215 0026521  95.7914 264.6309 14.34615993 28779
CZ-6A DEB
1 61461U 24140ZT  25076.42296754  .00008896  00000-0  31297-2 0  9993
2 61461  89.1324 329.0215 0026521  95.7914 264.6309 14.34615993 28779
CZ-6A DEB
1 61461U 24140ZT  25077.46920902  .00010118  00000-0  35581-2 0  9997
2 61461  89.1324 328.9161 0026592  92.6482 267.7761 14.34638671 28922
CZ-6A DEB
1 61461U 24140ZT  25077.46920902  .00010118  00000-0  35581-2 0  9997
2 61461  89.1324 328.9161 0026592  92.6482 267.7761 14.34638671 28922
CZ-6A DEB
1 61461U 24140ZT  25077.67845550  .00009649  00000-0  33926-2 0  9993
2 61461  89.1324 328.8950 0026626  92.0205 268.4043 14.34642457 28953
CZ-6A DEB
1 61461U 24140ZT  25078.44568551  .00009873  00000-0  34703-2 0  9995
2 61461  89.1326 328.8178 0026616  89.7506 270.6743 14.34659759 29061
CZ-6A DEB
1 61461U 24140ZT  25079.14315953  .00010841  00000-0  38090-2 0  9999
2 61461  89.1320 328.7470 0026744  87.6935 272.7325 14.34677058 29166
CZ-6A DEB
1 61461U 24140ZT  25079.14315953  .00010841  00000-0  38090-2 0  9999
2 61461  89.1320 328.7470 0026744  87.6935 272.7325 14.34677058 29166
CZ-6A DEB
1 61461U 24140ZT  25079.70113096  .00010108  00000-0  35508-2 0  9992
2 61461  89.1324 328.6908 0026680  86.0712 274.3536 14.34691236 29245
CZ-6A DEB
1 61461U 24140ZT  25080.67757378  .00008079  00000-0  28369-2 0  9998
2 61461  89.1324 328.5921 0026694  83.1510 277.2724 14.34707584 29388
CZ-6A DEB
1 61461U 24140ZT  25080.95655481  .00009726  00000-0  34148-2 0  9993
2 61461  89.1326 328.5638 0026701  82.3552 278.0677 14.34714661 29426
CZ-6A DEB
1 61461U 24140ZT  25081.93297392  .00014387  00000-0  50470-2 0  9990
2 61461  89.1324 328.4654 0026628  79.4514 280.9682 14.34747843 29565
CZ-6A DEB
1 61461U 24140ZT  25082.14220392  .00014301  00000-0  50161-2 0  9993
2 61461  89.1324 328.4443 0026674  78.8764 281.5432 14.34754740 29599
CZ-6A DEB
1 61461U 24140ZT  25082.14220392  .00014301  00000-0  50161-2 0  9993
2 61461  89.1324 328.4443 0026674  78.8764 281.5432 14.34754740 29599
CZ-6A DEB
1 61461U 24140ZT  25083.39757107  .00008928  00000-0  31305-2 0  9997
2 61461  89.1324 328.3176 0026688  75.2318 285.1835 14.34777940 29776
CZ-6A DEB
1 61461U 24140ZT  25083.39757107  .00008928  00000-0  31305-2 0  9997
2 61461  89.1324 328.3176 0026688  75.2318 285.1835 14.34777940 29776
CZ-6A DEB
1 61461U 24140ZT  25084.93187762  .00008919  00000-0  31255-2 0  9996
2 61461  89.1309 328.1620 0026763  70.7300 289.6789 14.34809660 29992
CZ-6A DEB
1 61461U 24140ZT  25084.93187762  .00008919  00000-0  31255-2 0  9996
2 61461  89.1309 328.1620 0026763  70.7300 289.6789 14.34809660 29992
CZ-6A DEB
1 61461U 24140ZT  25086.11745563  .00011106  00000-0  38899-2 0  9990
2 61461  89.1313 328.0430 0026568  67.0967 293.3032 14.34835842 30161
CZ-6A DEB
1 61461U 24140ZT  25086.39641185  .00011389  00000-0  39887-2 0  9996
2 61461  89.1318 328.0150 0026589  66.2967 294.1017 14.34842122 30205
CZ-6A DEB
1 61461U 24140ZT  25088.62803027  .00006636  00000-0  23220-2 0  9992
2 61461  89.1318 327.7901 0026442  59.5934 300.7873 14.34874537 30526
CZ-6A DEB
1 61461U 24140ZT  25088.62803027  .00006636  00000-0  23220-2 0  9992
2 61461  89.1318 327.7901 0026442  59.5934 300.7873 14.34874537 30526
CZ-6A DEB
1 61461U 24140ZT  25089.95303284  .00005647  00000-0  19751-2 0  9994
2 61461  89.1321 327.6566 0026356  55.5761 304.7923 14.34888839 30715
CZ-6A DEB
1 61461U 24140ZT  25090.37145155  .00005608  00000-0  19612-2 0  9996
2 61461  89.1312 327.6139 0026311  54.2973 306.0668 14.34893644 30770
CZ-6A DEB
1 61461U 24140ZT  25090.65039676  .00005904  00000-0  20646-2 0  9995
2 61461  89.1309 327.5855 0026325  53.4936 306.8682 14.34897496 30813
CZ-6A DEB
1 61461U 24140ZT  25091.13854937  .00005832  00000-0  20393-2 0  9993
2 61461  89.1304 327.5363 0026295  52.0670 308.2899 14.34902903 30881
CZ-6A DEB
1 61461U 24140ZT  25091.13854937  .00005832  00000-0  20393-2 0  9993
2 61461  89.1304 327.5363 0026295  52.0670 308.2899 14.34902903 30881
CZ-6A DEB
1 61461U 24140ZT  25091.90564218  .00005565  00000-0  19455-2 0  9998
2 61461  89.1302 327.4589 0026208  49.7872 310.5614 14.34911061 30997
CZ-6A DEB
1 61461U 24140ZT  25092.04511318  .00005571  00000-0  19475-2 0  9996
2 61461  89.1302 327.4447 0026188  49.3735 310.9735 14.34912648 31015
CZ-6A DEB
1 61461U 24140ZT  25093.09113809  .00007357  00000-0  25721-2 0  9990
2 61461  89.1303 327.3388 0026106  46.2101 314.1251 14.34929720 31166
CZ-6A DEB
1 61461U 24140ZT  25094.06741893  .00006787  00000-0  23720-2 0  9991
2 61461  89.1299 327.2395 0025993  43.1689 317.1541 14.34941747 31301
CZ-6A DEB
1 61461U 24140ZT  25095.60155148  .00007977  00000-0  27871-2 0  9997
2 61461  89.1298 327.0840 0025791  38.3320 321.9705 14.34968200 31529
CZ-6A DEB
1 61461U 24140ZT  25095.60155148  .00007977  00000-0  27871-2 0  9997
2 61461  89.1298 327.0840 0025791  38.3320 321.9705 14.34968200 31529
CZ-6A DEB
1 61461U 24140ZT  25096.64753460  .00006839  00000-0  23884-2 0  9999
2 61461  89.1301 326.9782 0025699  35.2022 325.0868 14.34985174 31679
CZ-6A DEB
1 61461U 24140ZT  25096.92646135  .00007060  00000-0  24655-2 0  9994
2 61461  89.1305 326.9503 0025684  34.4303 325.8553 14.34989902 31718
CZ-6A DEB
1 61461U 24140ZT  25097.62377558  .00005919  00000-0  20663-2 0  9998
2 61461  89.1307 326.8800 0025611  32.3683 327.9081 14.34998201 31819
CZ-6A DEB
1 61461U 24140ZT  25097.90270011  .00005861  00000-0  20459-2 0  9994
2 61461  89.1307 326.8518 0025569  31.5231 328.7493 14.35001476 31857
CZ-6A DEB
1 61461U 24140ZT  25098.87893040  .00006651  00000-0  23217-2 0  9997
2 61461  89.1304 326.7533 0025431  28.6117 331.6470 14.35015070 31996
CZ-6A DEB
1 61461U 24140ZT  25099.36704237  .00007512  00000-0  26221-2 0  9996
2 61461  89.1304 326.7041 0025355  27.0072 333.2439 14.35022618 32066
CZ-6A DEB
1 61461U 24140ZT  25100.62217560  .00007312  00000-0  25513-2 0  9997
2 61461  89.1300 326.5772 0025197  23.1198 337.1128 14.35040746 32241
CZ-6A DEB
1 61461U 24140ZT  25100.62217560  .00007312  00000-0  25513-2 0  9997
2 61461  89.1300 326.5772 0025197  23.1198 337.1128 14.35040746 32241
CZ-6A DEB
1 61461U 24140ZT  25101.11027873  .00007241  00000-0  25265-2 0  9993
2 61461  89.1299 326.5278 0025125  21.5985 338.6267 14.35047684 32312
CZ-6A DEB
1 61461U 24140ZT  25102.36539149  .00006818  00000-0  23780-2 0  9994
2 61461  89.1293 326.4008 0024943  17.6244 342.5814 14.35063218 32499
CZ-6A DEB
1 61461U 24140ZT  25102.57457568  .00006453  00000-0  22504-2 0  9999
2 61461  89.1292 326.3796 0024918  16.9623 343.2403 14.35065383 32527
CZ-6A DEB
1 61461U 24140ZT  25103.89939790  .00006202  00000-0  21622-2 0  9999
2 61461  89.1289 326.2453 0024713  12.7404 347.4413 14.35082963 32717
CZ-6A DEB
1 61461U 24140ZT  25103.89939790  .00006202  00000-0  21622-2 0  9999
2 61461  89.1289 326.2453 0024713  12.7404 347.4413 14.35082963 32717
CZ-6A DEB
1 61461U 24140ZT  25104.87557297  .00005857  00000-0  20412-2 0  9997
2 61461  89.1286 326.1460 0024536   9.6538 350.5127 14.35094801 32853
CZ-6A DEB
1 61461U 24140ZT  25105.08475247  .00006010  00000-0  20947-2 0  9990
2 61461  89.1284 326.1248 0024503   8.9621 351.2010 14.35097531 32889
CZ-6A DEB
1 61461U 24140ZT  25105.08475247  .00006010  00000-0  20947-2 0  9990
2 61461  89.1284 326.1248 0024503   8.9621 351.2010 14.35097531 32889
CZ-6A DEB
1 61461U 24140ZT  25106.33982162  .00007436  00000-0  25917-2 0  9993
2 61461  89.1283 325.9974 0024316   4.8843 355.2588 14.35114610 33067
CZ-6A DEB
1 61461U 24140ZT  25106.33982162  .00007436  00000-0  25917-2 0  9993
2 61461  89.1283 325.9974 0024316   4.8843 355.2588 14.35114610 33067
CZ-6A DEB
1 61461U 24140ZT  25107.59487632  .00006313  00000-0  21994-2 0  9998
2 61461  89.1282 325.8699 0024123   0.8423 359.2812 14.35128801 33246
CZ-6A DEB
1 61461U 24140ZT  25107.59487632  .00006313  00000-0  21994-2 0  9998
2 61461  89.1282 325.8699 0024123   0.8423 359.2812 14.35128801 33246
CZ-6A DEB
1 61461U 24140ZT  25109.05908991  .00004842  00000-0  16855-2 0  9992
2 61461  89.1283 325.7212 0023861 356.0500   4.0506 14.35144268 33450
CZ-6A DEB
1 61461U 24140ZT  25109.05908991  .00004842  00000-0  16855-2 0  9992
2 61461  89.1283 325.7212 0023861 356.0500   4.0506 14.35144268 33450
CZ-6A DEB
1 61461U 24140ZT  25111.56913291  .00005962  00000-0  20753-2 0  9996
2 61461  89.1284 325.4666 0023439 347.7372  12.3253 14.35173856 33812
CZ-6A DEB
1 61461U 24140ZT  25113.86996019  .00005460  00000-0  18997-2 0  9990
2 61461  89.1284 325.2328 0023037 339.8686  20.1602 14.35200114 34149
CZ-6A DEB
1 61461U 24140ZT  25113.86996019  .00005460  00000-0  18997-2 0  9990
2 61461  89.1284 325.2328 0023037 339.8686  20.1602 14.35200114 34149
CZ-6A DEB
1 61461U 24140ZT  25115.54326177  .00005874  00000-0  20432-2 0  9995
2 61461  89.1276 325.0631 0022810 334.0060  25.9991 14.35221052 34380
CZ-6A DEB
1 61461U 24140ZT  25115.54326177  .00005874  00000-0  20432-2 0  9995
2 61461  89.1276 325.0631 0022810 334.0060  25.9991 14.35221052 34380
CZ-6A DEB
1 61461U 24140ZT  25116.03130341  .00006016  00000-0  20925-2 0  9992
2 61461  89.1274 325.0136 0022744 332.3232  27.6754 14.35227637 34455
CZ-6A DEB
1 61461U 24140ZT  25117.00738124  .00006217  00000-0  21618-2 0  9996
2 61461  89.1270 324.9142 0022573 328.9890  30.9974 14.35239862 34596
CZ-6A DEB
1 61461U 24140ZT  25117.35597876  .00005814  00000-0  20216-2 0  9996
2 61461  89.1272 324.8793 0022455 327.8512  32.1316 14.35243034 34643
CZ-6A DEB
1 61461U 24140ZT  25117.84401290  .00006589  00000-0  22911-2 0  9998
2 61461  89.1270 324.8296 0022401 326.1032  33.8734 14.35250581 34714
CZ-6A DEB
1 61461U 24140ZT  25119.30810508  .00004759  00000-0  16536-2 0  9990
2 61461  89.1264 324.6806 0022133 320.7811  39.1782 14.35264158 34929
CZ-6A DEB
1 61461U 24140ZT  25119.30810508  .00004759  00000-0  16536-2 0  9990
2 61461  89.1264 324.6806 0022133 320.7811  39.1782 14.35264158 34929
CZ-6A DEB
1 61461U 24140ZT  25122.30596031  .00006023  00000-0  20922-2 0  9996
2 61461  89.1265 324.3757 0021875 309.8483  50.0790 14.35297961 35354
CZ-6A DEB
1 61461U 24140ZT  25122.51511082  .00005687  00000-0  19753-2 0  9997
2 61461  89.1264 324.3541 0021778 309.1152  50.8109 14.35299710 35381
CZ-6A DEB
1 61461U 24140ZT  25122.79397700  .00005571  00000-0  19351-2 0  9992
2 61461  89.1262 324.3260 0021779 308.0425  51.8808 14.35302512 35426
CZ-6A DEB
1 61461U 24140ZT  25123.56085643  .00005454  00000-0  18941-2 0  9992
2 61461  89.1265 324.2480 0021676 305.2813  54.6358 14.35311303 35539
CZ-6A DEB
1 61461U 24140ZT  25123.83972043  .00004972  00000-0  17263-2 0  9991
2 61461  89.1263 324.2193 0021591 304.1974  55.7178 14.35313652 35575
CZ-6A DEB
1 61461U 24140ZT  25124.53687890  .00004280  00000-0  14852-2 0  9995
2 61461  89.1264 324.1483 0021558 301.6082  58.3013 14.35319652 35676
CZ-6A DEB
1 61461U 24140ZT  25125.51289559  .00004360  00000-0  15127-2 0  9999
2 61461  89.1274 324.0496 0021409 297.9222  61.9809 14.35328957 35815
CZ-6A DEB
1 61461U 24140ZT  25125.79175622  .00004446  00000-0  15426-2 0  9991
2 61461  89.1273 324.0212 0021405 296.8436  63.0574 14.35331713 35851
CZ-6A DEB
1 61461U 24140ZT  25126.97691048  .00003899  00000-0  13521-2 0  9992
2 61461  89.1270 323.9008 0021281 292.4105  67.4839 14.35340732 36029
CZ-6A DEB
1 61461U 24140ZT  25127.53462740  .00003918  00000-0  13587-2 0  9994
2 61461  89.1268 323.8442 0021223 290.2754  69.6164 14.35345239 36100
CZ-6A DEB
1 61461U 24140ZT  25128.51062874  .00003916  00000-0  13579-2 0  9996
2 61461  89.1266 323.7450 0021166 286.5937  73.2937 14.35352537 36246
CZ-6A DEB
1 61461U 24140ZT  25130.81118444  .00003605  00000-0  12491-2 0  9994
2 61461  89.1262 323.5110 0021089 277.9217  81.9588 14.35368658 36577
CZ-6A DEB
1 61461U 24140ZT  25130.81118444  .00003605  00000-0  12491-2 0  9994
2 61461  89.1262 323.5110 0021089 277.9217  81.9588 14.35368658 36577
CZ-6A DEB
1 61461U 24140ZT  25131.22946461  .00003386  00000-0  11731-2 0  9990
2 61461  89.1256 323.4679 0021066 276.4205  83.4595 14.35371190 36632
CZ-6A DEB
1 61461U 24140ZT  25131.50831747  .00003620  00000-0  12545-2 0  9996
2 61461  89.1255 323.4395 0021064 275.3787  84.5008 14.35373863 36671
CZ-6A DEB
1 61461U 24140ZT  25133.52999040  .00003323  00000-0  11509-2 0  9990
2 61461  89.1253 323.2334 0021047 267.6039  92.2750 14.35387412 36962
CZ-6A DEB
1 61461U 24140ZT  25133.52999040  .00003323  00000-0  11509-2 0  9990
2 61461  89.1253 323.2334 0021047 267.6039  92.2750 14.35387412 36962
CZ-6A DEB
1 61461U 24140ZT  25136.24876312  .00003202  00000-0  11083-2 0  9991
2 61461  89.1256 322.9561 0021106 257.1174 102.7667 14.35405297 37353
CZ-6A DEB
1 61461U 24140ZT  25136.24876312  .00003202  00000-0  11083-2 0  9991
2 61461  89.1256 322.9561 0021106 257.1174 102.7667 14.35405297 37353
CZ-6A DEB
1 61461U 24140ZT  25138.47952421  .00004661  00000-0  16145-2 0  9998
2 61461  89.1259 322.7289 0021253 248.6170 111.2761 14.35424895 37675
CZ-6A DEB
1 61461U 24140ZT  25138.47952421  .00004661  00000-0  16145-2 0  9998
2 61461  89.1259 322.7289 0021253 248.6170 111.2761 14.35424895 37675
CZ-6A DEB
1 61461U 24140ZT  25140.50113009  .00003343  00000-0  11565-2 0  9993
2 61461  89.1262 322.5233 0021431 241.0316 118.8734 14.35436900 37968
CZ-6A DEB
1 61461U 24140ZT  25140.77997085  .00003377  00000-0  11681-2 0  9992
2 61461  89.1260 322.4950 0021466 239.9748 119.9322 14.35438712 38008
CZ-6A DEB
1 61461U 24140ZT  25141.47707119  .00003242  00000-0  11213-2 0  9999
2 61461  89.1262 322.4239 0021527 237.4470 122.4650 14.35443189 38101
CZ-6A DEB
1 61461U 24140ZT  25143.49865046  .00003031  00000-0  10476-2 0  9993
2 61461  89.1255 322.2182 0021791 229.8780 130.0510 14.35455873 38394
CZ-6A DEB
1 61461U 24140ZT  25143.49865046  .00003031  00000-0  10476-2 0  9993
2 61461  89.1255 322.2182 0021791 229.8780 130.0510 14.35455873 38394
CZ-6A DEB
1 61461U 24140ZT  25144.47457916  .00003043  00000-0  10517-2 0  9994
2 61461  89.1255 322.1191 0021972 226.2311 133.7070 14.35461905 38535
CZ-6A DEB
1 61461U 24140ZT  25144.96254158  .00003061  00000-0  10576-2 0  9996
2 61461  89.1258 322.0697 0022042 224.4487 135.4944 14.35465324 38607
CZ-6A DEB
1 61461U 24140ZT  25145.45050350  .00003011  00000-0  10403-2 0  9993
2 61461  89.1251 322.0196 0022098 222.7454 137.2027 14.35468138 38675
CZ-6A DEB
1 61461U 24140ZT  25145.72933829  .00003203  00000-0  11069-2 0  9996
2 61461  89.1253 321.9911 0022130 221.7645 138.1866 14.35470365 38719
CZ-6A DEB
1 61461U 24140ZT  25147.75088123  .00003212  00000-0  11097-2 0  9990
2 61461  89.1252 321.7849 0022442 214.5890 145.3850 14.35482970 39005
CZ-6A DEB
1 61461U 24140ZT  25147.75088123  .00003212  00000-0  11097-2 0  9990
2 61461  89.1252 321.7849 0022442 214.5890 145.3850 14.35482970 39005
CZ-6A DEB
1 61461U 24140ZT  25148.44796015  .00003533  00000-0  12207-2 0  9993
2 61461  89.1252 321.7137 0022540 212.0960 147.8868 14.35488796 39104
CZ-6A DEB
1 61461U 24140ZT  25149.21474456  .00003712  00000-0  12827-2 0  9998
2 61461  89.1254 321.6355 0022683 209.3829 150.6096 14.35494527 39214
CZ-6A DEB
1 61461U 24140ZT  25150.46947504  .00004320  00000-0  14931-2 0  9990
2 61461  89.1258 321.5075 0022896 204.9855 155.0237 14.35505931 39399
CZ-6A DEB
1 61461U 24140ZT  25150.46947504  .00004320  00000-0  14931-2 0  9990
2 61461  89.1258 321.5075 0022896 204.9855 155.0237 14.35505931 39399
CZ-6A DEB
1 61461U 24140ZT  25150.88771662  .00003977  00000-0  13739-2 0  9998
2 61461  89.1261 321.4650 0022999 203.5315 156.4834 14.35508554 39450
CZ-6A DEB
1 61461U 24140ZT  25151.44537062  .00003617  00000-0  12491-2 0  9990
2 61461  89.1261 321.4083 0023096 201.6298 158.3927 14.35512262 39532
CZ-6A DEB
1 61461U 24140ZT  25151.72419702  .00003502  00000-0  12093-2 0  9992
2 61461  89.1262 321.3799 0023149 200.6736 159.3528 14.35514146 39576
CZ-6A DEB
1 61461U 24140ZT  25151.72419702  .00003502  00000-0  12093-2 0  9992
2 61461  89.1262 321.3799 0023149 200.6736 159.3528 14.35514146 39576
CZ-6A DEB
1 61461U 24140ZT  25152.42126084  .00004359  00000-0  15059-2 0  9994
2 61461  89.1262 321.3090 0023263 198.3250 161.7113 14.35521793 39675
CZ-6A DEB
1 61461U 24140ZT  25152.90920245  .00004922  00000-0  17007-2 0  9999
2 61461  89.1263 321.2593 0023354 196.6841 163.3592 14.35528040 39740
CZ-6A DEB
1 61461U 24140ZT  25153.18802603  .00004964  00000-0  17150-2 0  9992
2 61461  89.1262 321.2310 0023411 195.7345 164.3129 14.35530584 39786
CZ-6A DEB
1 61461U 24140ZT  25153.74567066  .00005638  00000-0  19482-2 0  9994
2 61461  89.1263 321.1743 0023495 193.8562 166.1995 14.35538031 39863
CZ-6A DEB
1 61461U 24140ZT  25154.72154262  .00006548  00000-0  22623-2 0  9995
2 61461  89.1260 321.0751 0023663 190.6253 169.4449 14.35551467 40003
CZ-6A DEB
1 61461U 24140ZT  25155.41859312  .00003298  00000-0  11373-2 0  9999
2 61461  89.1261 321.0042 0023787 188.3255 171.7552 14.35549793 40101
CZ-6A DEB
1 61461U 24140ZT  25155.41859312  .00003298  00000-0  11373-2 0  9999
2 61461  89.1261 321.0042 0023787 188.3255 171.7552 14.35549793 40101
CZ-6A DEB
1 61461U 24140ZT  25156.18534361  .00003578  00000-0  12343-2 0  9997
2 61461  89.1260 320.9262 0023942 185.8255 174.2669 14.35557098 40213
CZ-6A DEB
1 61461U 24140ZT  25156.95209226  .00003174  00000-0  10942-2 0  9996
2 61461  89.1255 320.8481 0024036 183.2246 176.8802 14.35561632 40324
CZ-6A DEB
1 61461U 24140ZT  25157.71883887  .00002957  00000-0  10188-2 0  9992
2 61461  89.1254 320.7695 0024182 180.6568 179.4603 14.35565556 40438
CZ-6A DEB
1 61461U 24140ZT  25157.71883887  .00002957  00000-0  10188-2 0  9992
2 61461  89.1254 320.7695 0024182 180.6568 179.4603 14.35565556 40438
CZ-6A DEB
1 61461U 24140ZT  25158.41587907  .00002745  00000-0  94541-3 0  9995
2 61461  89.1252 320.6986 0024336 178.4708 181.6570 14.35569124 40534
CZ-6A DEB
1 61461U 24140ZT  25162.17986354  .00002531  00000-0  87079-3 0  9993
2 61461  89.1259 320.3159 0025033 166.6943 193.4922 14.35589846 41070
CZ-6A DEB
1 61461U 24140ZT  25162.17986354  .00002531  00000-0  87079-3 0  9993
2 61461  89.1259 320.3159 0025033 166.6943 193.4922 14.35589846 41070
CZ-6A DEB
1 61461U 24140ZT  25164.20123796  .00005702  00000-0  19663-2 0  9998
2 61461  89.1264 320.1099 0025234 160.1560 200.0627 14.35611696 41362
CZ-6A DEB
1 61461U 24140ZT  25166.43170126  .00003017  00000-0  10380-2 0  9998
2 61461  89.1268 319.8830 0025543 153.1933 207.0592 14.35617624 41683
CZ-6A DEB
1 61461U 24140ZT  25166.43170126  .00003017  00000-0  10380-2 0  9998
2 61461  89.1268 319.8830 0025543 153.1933 207.0592 14.35617624 41683
CZ-6A DEB
1 61461U 24140ZT  25167.40752016  .00002771  00000-0  95302-3 0  9994
2 61461  89.1268 319.7838 0025655 150.1944 210.0723 14.35623766 41823
CZ-6A DEB
1 61461U 24140ZT  25167.68632476  .00002830  00000-0  97328-3 0  9997
2 61461  89.1266 319.7552 0025748 149.4396 210.8309 14.35625694 41863
CZ-6A DEB
1 61461U 24140ZT  25167.68632476  .00002830  00000-0  97328-3 0  9997
2 61461  89.1266 319.7552 0025748 149.4396 210.8309 14.35625694 41863
CZ-6A DEB
1 61461U 24140ZT  25168.38333591  .00002760  00000-0  94891-3 0  9995
2 61461  89.1265 319.6842 0025861 147.4306 212.8494 14.35629333 41960
CZ-6A DEB
1 61461U 24140ZT  25169.15004569  .00002797  00000-0  96178-3 0  9991
2 61461  89.1265 319.6059 0025989 144.9777 215.3137 14.35633598 42078
CZ-6A DEB
1 61461U 24140ZT  25169.42884894  .00002706  00000-0  93019-3 0  9999
2 61461  89.1265 319.5776 0026017 144.0877 216.2077 14.35634756 42113
CZ-6A DEB
1 61461U 24140ZT  25170.12585538  .00002807  00000-0  96505-3 0  9996
2 61461  89.1265 319.5068 0026074 141.9740 218.3306 14.35638648 42218
CZ-6A DEB
1 61461U 24140ZT  25170.68345965  .00002657  00000-0  91317-3 0  9994
2 61461  89.1266 319.4501 0026123 140.2438 220.0681 14.35640904 42293
CZ-6A DEB
1 61461U 24140ZT  25170.68345965  .00002657  00000-0  91317-3 0  9994
2 61461  89.1266 319.4501 0026123 140.2438 220.0681 14.35640904 42293
CZ-6A DEB
1 61461U 24140ZT  25171.38046290  .00002621  00000-0  90063-3 0  9999
2 61461  89.1264 319.3792 0026198 138.1150 222.2060 14.35644495 42396
CZ-6A DEB
1 61461U 24140ZT  25172.14716573  .00002194  00000-0  75300-3 0  9994
2 61461  89.1261 319.3013 0026285 135.9450 224.3850 14.35646391 42504
CZ-6A DEB
1 61461U 24140ZT  25172.35626604  .00002180  00000-0  74801-3 0  9992
2 61461  89.1260 319.2800 0026301 135.3261 225.0063 14.35647339 42539
CZ-6A DEB
1 61461U 24140ZT  25172.42596621  .00002133  00000-0  73198-3 0  9991
2 61461  89.1259 319.2728 0026319 135.0636 225.2699 14.35647512 42549
CZ-6A DEB
1 61461U 24140ZT  25174.37756322  .00002056  00000-0  70523-3 0  9996
2 61461  89.1261 319.0740 0026463 129.2043 231.1511 14.35655328 42825
CZ-6A DEB
1 61461U 24140ZT  25174.37756322  .00002056  00000-0  70523-3 0  9996
2 61461  89.1261 319.0740 0026463 129.2043 231.1511 14.35655328 42825
CZ-6A DEB
1 61461U 24140ZT  25175.35335847  .00001945  00000-0  66692-3 0  9998
2 61461  89.1266 318.9748 0026520 126.2978 234.0676 14.35658380 42964
CZ-6A DEB
1 61461U 24140ZT  25175.84125485  .00002006  00000-0  68796-3 0  9993
2 61461  89.1267 318.9252 0026549 124.8782 235.4918 14.35660383 43032
CZ-6A DEB
1 61461U 24140ZT  25175.84125485  .00002006  00000-0  68796-3 0  9993
2 61461  89.1267 318.9252 0026549 124.8782 235.4918 14.35660383 43032
CZ-6A DEB
1 61461U 24140ZT  25176.12005283  .00001822  00000-0  62436-3 0  9998
2 61461  89.1267 318.8967 0026589 124.0298 236.3431 14.35660662 43076
CZ-6A DEB
1 61461U 24140ZT  25176.39885038  .00001926  00000-0  66032-3 0  9992
2 61461  89.1267 318.8683 0026602 123.1759 237.1997 14.35662025 43115
CZ-6A DEB
1 61461U 24140ZT  25177.37464050  .00001917  00000-0  65702-3 0  9991
2 61461  89.1268 318.7690 0026648 120.2882 240.0959 14.35665246 43252
CZ-6A DEB
1 61461U 24140ZT  25177.37464050  .00001917  00000-0  65702-3 0  9991
2 61461  89.1268 318.7690 0026648 120.2882 240.0959 14.35665246 43252
CZ-6A DEB
1 61461U 24140ZT  25178.35042701  .00001848  00000-0  63299-3 0  9997
2 61461  89.1268 318.6701 0026618 117.3141 243.0772 14.35669013 43393
CZ-6A DEB
1 61461U 24140ZT  25178.83831967  .00001799  00000-0  61621-3 0  9992
2 61461  89.1267 318.6204 0026655 115.9905 244.4043 14.35670486 43463
CZ-6A DEB
1 61461U 24140ZT  25178.83831967  .00001799  00000-0  61621-3 0  9992
2 61461  89.1267 318.6204 0026655 115.9905 244.4043 14.35670486 43463
CZ-6A DEB
1 61461U 24140ZT  25179.32621180  .00001740  00000-0  59590-3 0  9999
2 61461  89.1266 318.5709 0026667 114.5560 245.8423 14.35671889 43539
CZ-6A DEB
1 61461U 24140ZT  25180.37169247  .00001705  00000-0  58374-3 0  9997
2 61461  89.1268 318.4645 0026682 111.4648 248.9400 14.35675496 43682
CZ-6A DEB
1 61461U 24140ZT  25180.37169247  .00001705  00000-0  58374-3 0  9997
2 61461  89.1268 318.4645 0026682 111.4648 248.9400 14.35675496 43682
CZ-6A DEB
1 61461U 24140ZT  25180.85958201  .00001744  00000-0  59723-3 0  9998
2 61461  89.1268 318.4148 0026690 110.0098 250.3978 14.35677621 43750
CZ-6A DEB
1 61461U 24140ZT  25181.62626439  .00001813  00000-0  62098-3 0  9995
2 61461  89.1269 318.3369 0026686 107.7842 252.6272 14.35680938 43869
CZ-6A DEB
1 61461U 24140ZT  25181.62626439  .00001813  00000-0  62098-3 0  9995
2 61461  89.1269 318.3369 0026686 107.7842 252.6272 14.35680938 43869
CZ-6A DEB
1 61461U 24140ZT  25182.11415203  .00001848  00000-0  63279-3 0  9995
2 61461  89.1269 318.2873 0026675 106.3753 254.0381 14.35683111 43933
CZ-6A DEB
1 61461U 24140ZT  25183.36871768  .00001945  00000-0  66621-3 0  9997
2 61461  89.1269 318.1598 0026663 102.6459 257.7723 14.35688641 44119
CZ-6A DEB
1 61461U 24140ZT  25183.36871768  .00001945  00000-0  66621-3 0  9997
2 61461  89.1269 318.1598 0026663 102.6459 257.7723 14.35688641 44119
CZ-6A DEB
1 61461U 24140ZT  25183.78690449  .00002104  00000-0  72127-3 0  9994
2 61461  89.1271 318.1175 0026685 101.4271 258.9927 14.35691382 44177
CZ-6A DEB
1 61461U 24140ZT  25184.34448714  .00002020  00000-0  69212-3 0  9991
2 61461  89.1271 318.0608 0026676  99.7700 260.6513 14.35693130 44256
CZ-6A DEB
1 61461U 24140ZT  25186.36571355  .00002212  00000-0  75826-3 0  9994
2 61461  89.1271 317.8554 0026597  93.7696 266.6545 14.35702959 44546
CZ-6A DEB
1 61461U 24140ZT  25186.36571355  .00002212  00000-0  75826-3 0  9994
2 61461  89.1271 317.8554 0026597  93.7696 266.6545 14.35702959 44546
CZ-6A DEB
1 61461U 24140ZT  25186.64450303  .00002211  00000-0  75785-3 0  9997
2 61461  89.1269 317.8271 0026630  93.0934 267.3313 14.35704010 44580
CZ-6A DEB
1 61461U 24140ZT  25187.34147388  .00002167  00000-0  74284-3 0  9994
2 61461  89.1270 317.7562 0026583  91.0288 269.3957 14.35707158 44684
CZ-6A DEB
1 61461U 24140ZT  25187.82935239  .00002077  00000-0  71159-3 0  9995
2 61461  89.1271 317.7065 0026565  89.5670 270.8573 14.35709246 44759
CZ-6A DEB
1 61461U 24140ZT  25187.82935239  .00002077  00000-0  71159-3 0  9995
2 61461  89.1271 317.7065 0026565  89.5670 270.8573 14.35709246 44759
CZ-6A DEB
1 61461U 24140ZT  25188.80510751  .00001937  00000-0  66344-3 0  9996
2 61461  89.1270 317.6069 0026524  86.7294 273.6939 14.35713186 44897
CZ-6A DEB
1 61461U 24140ZT  25189.36268047  .00001882  00000-0  64436-3 0  9995
2 61461  89.1271 317.5502 0026475  85.0724 275.3496 14.35715461 44978
CZ-6A DEB
1 61461U 24140ZT  25189.36268047  .00001882  00000-0  64436-3 0  9995
2 61461  89.1271 317.5502 0026475  85.0724 275.3496 14.35715461 44978
CZ-6A DEB
1 61461U 24140ZT  25189.64146665  .00001826  00000-0  62489-3 0  9991
2 61461  89.1272 317.5219 0026453  84.2330 276.1884 14.35716414 45019
CZ-6A DEB
1 61461U 24140ZT  25190.61721695  .00001564  00000-0  53448-3 0  9996
2 61461  89.1275 317.4226 0026374  81.3245 279.0940 14.35719364 45151
CZ-6A DEB
1 61461U 24140ZT  25190.75660964  .00001533  00000-0  52388-3 0  9990
2 61461  89.1275 317.4082 0026371  81.0113 279.4069 14.35719795 45175
CZ-6A DEB
1 61461U 24140ZT  25190.75660964  .00001533  00000-0  52388-3 0  9990
2 61461  89.1275 317.4082 0026371  81.0113 279.4069 14.35719795 45175
CZ-6A DEB
1 61461U 24140ZT  25191.31418009  .00001482  00000-0  50638-3 0  9993
2 61461  89.1276 317.3517 0026325  79.3380 281.0782 14.35721557 45252
CZ-6A DEB
1 61461U 24140ZT  25192.28992716  .00001364  00000-0  46547-3 0  9995
2 61461  89.1276 317.2525 0026232  76.4300 283.9818 14.35724039 45391
CZ-6A DEB
1 61461U 24140ZT  25192.28992716  .00001364  00000-0  46547-3 0  9995
2 61461  89.1276 317.2525 0026232  76.4300 283.9818 14.35724039 45391
CZ-6A DEB
1 61461U 24140ZT  25192.77780008  .00001470  00000-0  50200-3 0  9997
2 61461  89.1273 317.2031 0026171  74.7994 285.6096 14.35725300 45469
CZ-6A DEB
1 61461U 24140ZT  25193.33536762  .00001626  00000-0  55596-3 0  9992
2 61461  89.1274 317.1466 0026131  73.0876 287.3185 14.35728126 45544
CZ-6A DEB
1 61461U 24140ZT  25193.61415157  .00001544  00000-0  52747-3 0  9991
2 61461  89.1275 317.1183 0026072  72.2563 288.1478 14.35728479 45588
CZ-6A DEB
1 61461U 24140ZT  25194.58989223  .00001666  00000-0  56981-3 0  9997
2 61461  89.1275 317.0192 0025945  69.2934 291.1043 14.35732494 45723
CZ-6A DEB
1 61461U 24140ZT  25194.58989223  .00001666  00000-0  56981-3 0  9997
2 61461  89.1275 317.0192 0025945  69.2934 291.1043 14.35732494 45723
CZ-6A DEB
1 61461U 24140ZT  25195.28684922  .00001588  00000-0  54278-3 0  9993
2 61461  89.1277 316.9486 0025879  67.1674 293.2254 14.35734233 45824
CZ-6A DEB
1 61461U 24140ZT  25197.58679725  .00001636  00000-0  55932-3 0  9995
2 61461  89.1278 316.7150 0025571  60.1151 300.2584 14.35742108 46155
CZ-6A DEB
1 61461U 24140ZT  25198.28374817  .00001747  00000-0  59749-3 0  9990
2 61461  89.1278 316.6442 0025468  57.9436 302.4231 14.35745219 46253
CZ-6A DEB
1 61461U 24140ZT  25198.77161322  .00001645  00000-0  56257-3 0  9997
2 61461  89.1278 316.5946 0025397  56.4380 303.9239 14.35746414 46324
CZ-6A DEB
1 61461U 24140ZT  25198.77161322  .00001645  00000-0  56257-3 0  9997
2 61461  89.1278 316.5946 0025397  56.4380 303.9239 14.35746414 46324
CZ-6A DEB
1 61461U 24140ZT  25199.32917222  .00001726  00000-0  59045-3 0  9995
2 61461  89.1278 316.5380 0025314  54.6904 305.6657 14.35748911 46403
CZ-6A DEB
1 61461U 24140ZT  25199.74734081  .00001756  00000-0  60060-3 0  9993
2 61461  89.1278 316.4956 0025253  53.3834 306.9682 14.35750646 46467
CZ-6A DEB
1 61461U 24140ZT  25200.30489829  .00001732  00000-0  59250-3 0  9998
2 61461  89.1278 316.4389 0025172  51.6484 308.6971 14.35752609 46549
CZ-6A DEB
1 61461U 24140ZT  25200.58367630  .00001831  00000-0  62643-3 0  9993
2 61461  89.1280 316.4107 0025101  50.7412 309.6008 14.35754270 46585
CZ-6A DEB
1 61461U 24140ZT  25201.28062092  .00001847  00000-0  63207-3 0  9999
2 61461  89.1276 316.3395 0025044  48.7485 311.5866 14.35757176 46684
CZ-6A DEB
1 61461U 24140ZT  25202.32603581  .00001864  00000-0  63772-3 0  9995
2 61461  89.1275 316.2331 0024872  45.4675 314.8550 14.35761293 46833
CZ-6A DEB
1 61461U 24140ZT  25202.60481253  .00001917  00000-0  65630-3 0  9990
2 61461  89.1276 316.2048 0024830  44.5789 315.7401 14.35762662 46879
CZ-6A DEB
1 61461U 24140ZT  25202.74420080  .00001914  00000-0  65512-3 0  9992
2 61461  89.1276 316.1907 0024816  44.1391 316.1782 14.35763214 46894
CZ-6A DEB
1 61461U 24140ZT  25203.30175336  .00002000  00000-0  68464-3 0  9992
2 61461  89.1278 316.1343 0024752  42.3954 317.9151 14.35765895 46979
CZ-6A DEB
1 61461U 24140ZT  25204.55624135  .00002303  00000-0  78906-3 0  9994
2 61461  89.1279 316.0070 0024534  38.3981 321.8958 14.35773074 47157
CZ-6A DEB
1 61461U 24140ZT  25204.55624135  .00002303  00000-0  78906-3 0  9994
2 61461  89.1279 316.0070 0024534  38.3981 321.8958 14.35773074 47157
CZ-6A DEB
1 61461U 24140ZT  25204.76532313  .00002556  00000-0  87654-3 0  9993
2 61461  89.1281 315.9853 0024438  37.9067 322.3846 14.35774053 47183
CZ-6A DEB
1 61461U 24140ZT  25205.32287111  .00002648  00000-0  90822-3 0  9992
2 61461  89.1283 315.9287 0024356  36.1063 324.1774 14.35777249 47261
CZ-6A DEB
1 61461U 24140ZT  25205.74103159  .00002530  00000-0  86733-3 0  9993
2 61461  89.1284 315.8863 0024291  34.7566 325.5214 14.35778985 47320
CZ-6A DEB
1 61461U 24140ZT  25206.01980428  .00002666  00000-0  91416-3 0  9990
2 61461  89.1284 315.8580 0024241  33.8645 326.4096 14.35781105 47369
CZ-6A DEB
1 61461U 24140ZT  25207.55305086  .00002553  00000-0  87506-3 0  9991
2 61461  89.1285 315.7025 0023956  28.8261 331.4256 14.35789363 47585
CZ-6A DEB
1 61461U 24140ZT  25207.55305086  .00002553  00000-0  87506-3 0  9991
2 61461  89.1285 315.7025 0023956  28.8261 331.4256 14.35789363 47585
CZ-6A DEB
1 61461U 24140ZT  25208.52874844  .00002544  00000-0  87194-3 0  9995
2 61461  89.1285 315.6037 0023753  25.5767 334.6601 14.35794690 47721
CZ-6A DEB
1 61461U 24140ZT  25208.73782599  .00002550  00000-0  87421-3 0  9993
2 61461  89.1284 315.5824 0023718  24.8872 335.3465 14.35795884 47758
CZ-6A DEB
1 61461U 24140ZT  25208.73782599  .00002550  00000-0  87421-3 0  9993
2 61461  89.1284 315.5824 0023718  24.8872 335.3465 14.35795884 47758
CZ-6A DEB
1 61461U 24140ZT  25209.29536579  .00002348  00000-0  80434-3 0  9992
2 61461  89.1280 315.5257 0023616  22.9987 337.2263 14.35798024 47832
CZ-6A DEB
1 61461U 24140ZT  25210.27105773  .00002523  00000-0  86492-3 0  9995
2 61461  89.1279 315.4267 0023431  19.6967 340.5131 14.35803362 47974
CZ-6A DEB
1 61461U 24140ZT  25210.27105773  .00002523  00000-0  86492-3 0  9995
2 61461  89.1279 315.4267 0023431  19.6967 340.5131 14.35803362 47974
CZ-6A DEB
1 61461U 24140ZT  25211.24674655  .00002490  00000-0  85342-3 0  9999
2 61461  89.1275 315.3275 0023266  16.4014 343.7932 14.35807988 48111
CZ-6A DEB
1 61461U 24140ZT  25211.73458999  .00002495  00000-0  85524-3 0  9991
2 61461  89.1271 315.2777 0023176  14.6964 345.4904 14.35810208 48181
CZ-6A DEB
1 61461U 24140ZT  25211.73458999  .00002495  00000-0  85524-3 0  9991
2 61461  89.1271 315.2777 0023176  14.6964 345.4904 14.35810208 48181
CZ-6A DEB
1 61461U 24140ZT  25213.54657007  .00002683  00000-0  91962-3 0  9995
2 61461  89.1271 315.0937 0022886   8.5334 351.6249 14.35820511 48445
CZ-6A DEB
1 61461U 24140ZT  25214.59193778  .00002408  00000-0  82509-3 0  9993
2 61461  89.1267 314.9871 0022721   4.9241 355.2177 14.35825386 48591
CZ-6A DEB
1 61461U 24140ZT  25214.73131986  .00002371  00000-0  81220-3 0  9990
2 61461  89.1269 314.9731 0022687   4.4315 355.7080 14.35826041 48616
CZ-6A DEB
1 61461U 24140ZT  25215.21915658  .00002338  00000-0  80074-3 0  9999
2 61461  89.1270 314.9236 0022608   2.7393 357.3926 14.35828501 48685
CZ-6A DEB
1 61461U 24140ZT  25215.70699291  .00002134  00000-0  73043-3 0  9997
2 61461  89.1270 314.8739 0022521   1.0016 359.1224 14.35830151 48753
CZ-6A DEB
1 61461U 24140ZT  25216.26451942  .00002119  00000-0  72519-3 0  9998
2 61461  89.1274 314.8174 0022437 359.2676   0.8486 14.35832580 48833
CZ-6A DEB
1 61461U 24140ZT  25216.26451942  .00002119  00000-0  72519-3 0  9998
2 61461  89.1274 314.8174 0022437 359.2676   0.8486 14.35832580 48833
CZ-6A DEB
1 61461U 24140ZT  25218.70368726  .00001861  00000-0  63644-3 0  9998
2 61461  89.1279 314.5695 0022053 350.5842   9.4940 14.35841738 49180
CZ-6A DEB
1 61461U 24140ZT  25219.53997050  .00001886  00000-0  64504-3 0  9991
2 61461  89.1280 314.4846 0021952 347.6938  12.3721 14.35844688 49300
CZ-6A DEB
1 61461U 24140ZT  25219.53997050  .00001886  00000-0  64504-3 0  9991
2 61461  89.1280 314.4846 0021952 347.6938  12.3721 14.35844688 49300
CZ-6A DEB
1 61461U 24140ZT  25220.51563254  .00001740  00000-0  59468-3 0  9998
2 61461  89.1281 314.3856 0021809 344.1395  15.9118 14.35847257 49440
CZ-6A DEB
1 61461U 24140ZT  25221.21253200  .00001976  00000-0  67605-3 0  9996
2 61461  89.1283 314.3151 0021714 341.5831  18.4580 14.35850535 49546
CZ-6A DEB
1 61461U 24140ZT  25223.51228745  .00002568  00000-0  87981-3 0  9994
2 61461  89.1279 314.0818 0021431 333.0760  26.9325 14.35863051 49875
CZ-6A DEB
1 61461U 24140ZT  25223.51228745  .00002568  00000-0  87981-3 0  9994
2 61461  89.1279 314.0818 0021431 333.0760  26.9325 14.35863051 49875
CZ-6A DEB
1 61461U 24140ZT  25224.20917938  .00002363  00000-0  80910-3 0  9998
2 61461  89.1277 314.0110 0021352 330.4784  29.5208 14.35866141 49970
CZ-6A DEB
1 61461U 24140ZT  25226.50891328  .00002112  00000-0  72242-3 0  9998
2 61461  89.1271 313.7769 0021159 321.7113  38.2582 14.35875798 50303
CZ-6A DEB
1 61461U 24140ZT  25226.50891328  .00002112  00000-0  72242-3 0  9998
2 61461  89.1271 313.7769 0021159 321.7113  38.2582 14.35875798 50303
CZ-6A DEB
1 61461U 24140ZT  25227.20579942  .00002016  00000-0  68959-3 0  9994
2 61461  89.1271 313.7064 0021087 319.1224  40.8393 14.35878554 50408
CZ-6A DEB
1 61461U 24140ZT  25227.69361889  .00001981  00000-0  67733-3 0  9995
2 61461  89.1268 313.6564 0021039 317.3197  42.6366 14.35880564 50475
CZ-6A DEB
1 61461U 24140ZT  25228.25112653  .00001821  00000-0  62229-3 0  9999
2 61461  89.1267 313.5997 0020925 315.4080  44.5434 14.35882238 50552
CZ-6A DEB
1 61461U 24140ZT  25228.25112653  .00001821  00000-0  62229-3 0  9999
2 61461  89.1267 313.5997 0020925 315.4080  44.5434 14.35882238 50552
CZ-6A DEB
1 61461U 24140ZT  25228.66925663  .00001855  00000-0  63388-3 0  9991
2 61461  89.1265 313.5569 0020900 313.8159  46.1311 14.35883956 50614
CZ-6A DEB
1 61461U 24140ZT  25228.94800980  .00001836  00000-0  62740-3 0  9996
2 61461  89.1265 313.5286 0020885 312.7690  47.1751 14.35884921 50656
CZ-6A DEB
1 61461U 24140ZT  25230.20239780  .00001719  00000-0  58705-3 0  9998
2 61461  89.1267 313.4012 0020811 308.0721  51.8600 14.35888697 50835
CZ-6A DEB
1 61461U 24140ZT  25230.48115024  .00001756  00000-0  60002-3 0  9996
2 61461  89.1268 313.3728 0020795 307.0189  52.9107 14.35889631 50874
CZ-6A DEB
1 61461U 24140ZT  25232.50209983  .00001830  00000-0  62523-3 0  9992
2 61461  89.1277 313.1675 0020759 299.2625  60.6498 14.35896428 51164
CZ-6A DEB
1 61461U 24140ZT  25234.52304077  .00001580  00000-0  53926-3 0  9995
2 61461  89.1270 312.9623 0020838 291.6083  68.2896 14.35902207 51450
CZ-6A DEB
1 61461U 24140ZT  25235.63803927  .00001582  00000-0  53992-3 0  9991
2 61461  89.1270 312.8489 0020859 287.3786  72.5132 14.35905802 51617
CZ-6A DEB
1 61461U 24140ZT  25236.19553775  .00001679  00000-0  57313-3 0  9994
2 61461  89.1269 312.7922 0020875 285.2827  74.6064 14.35908051 51691
CZ-6A DEB
1 61461U 24140ZT  25237.65896796  .00001649  00000-0  56263-3 0  9999
2 61461  89.1264 312.6431 0020916 279.7613  80.1224 14.35912527 51904
CZ-6A DEB
1 61461U 24140ZT  25237.93771469  .00001846  00000-0  63052-3 0  9992
2 61461  89.1260 312.6143 0020896 278.7384  81.1448 14.35914859 51944
CZ-6A DEB
1 61461U 24140ZT  25238.91333003  .00002031  00000-0  69397-3 0  9994
2 61461  89.1259 312.5151 0020968 275.0344  84.8461 14.35919406 52080
CZ-6A DEB
1 61461U 24140ZT  25239.19207667  .00002132  00000-0  72900-3 0  9997
2 61461  89.1259 312.4868 0020959 274.0225  85.8578 14.35921082 52129
CZ-6A DEB
1 61461U 24140ZT  25241.21298059  .00002702  00000-0  92461-3 0  9995
2 61461  89.1256 312.2809 0021139 266.3936  93.4845 14.35933251 52418
CZ-6A DEB
1 61461U 24140ZT  25241.90984059  .00003181  00000-0  10892-2 0  9992
2 61461  89.1255 312.2104 0021032 263.7156  96.1648 14.35938793 52510
CZ-6A DEB
1 61461U 24140ZT  25242.46732545  .00003691  00000-0  12644-2 0  9998
2 61461  89.1256 312.1537 0021133 261.5186  98.3618 14.35944338 52592
CZ-6A DEB
1 61461U 24140ZT  25243.16417954  .00003823  00000-0  13097-2 0  9990
2 61461  89.1255 312.0827 0021193 258.9681 100.9134 14.35949971 52690
CZ-6A DEB
1 61461U 24140ZT  25243.44292006  .00004016  00000-0  13761-2 0  9993
2 61461  89.1250 312.0541 0021205 257.8576 102.0248 14.35952834 52739
CZ-6A DEB
1 61461U 24140ZT  25243.93071497  .00004749  00000-0  16274-2 0  9991
2 61461  89.1253 312.0044 0021299 256.1303 103.7527 14.35959107 52809
CZ-6A DEB
1 61461U 24140ZT  25244.13976965  .00004729  00000-0  16207-2 0  9992
2 61461  89.1255 311.9832 0021286 255.3102 104.5737 14.35960859 52839
CZ-6A DEB
1 61461U 24140ZT  25245.67282869  .00005716  00000-0  19587-2 0  9996
2 61461  89.1255 311.8270 0021486 249.7554 110.1336 14.35977194 53057
CZ-6A DEB
1 61461U 24140ZT  25246.16061646  .00006344  00000-0  21740-2 0  9991
2 61461  89.1257 311.7774 0021525 247.9145 111.9769 14.35982861 53121
CZ-6A DEB
1 61461U 24140ZT  25246.43935082  .00006512  00000-0  22315-2 0  9991
2 61461  89.1258 311.7489 0021593 246.9171 112.9752 14.35986575 53161
CZ-6A DEB
1 61461U 24140ZT  25247.13618627  .00004875  00000-0  16697-2 0  9998
2 61461  89.1257 311.6780 0021650 244.3618 115.5344 14.35990377 53267
CZ-6A DEB
1 61461U 24140ZT  25248.18143362  .00003915  00000-0  13398-2 0  9992
2 61461  89.1257 311.5716 0021786 240.6112 119.2912 14.35998516 53415
CZ-6A DEB
1 61461U 24140ZT  25248.59953127  .00003845  00000-0  13157-2 0  9990
2 61461  89.1257 311.5291 0021845 239.1047 120.8004 14.36001631 53479
CZ-6A DEB
1 61461U 24140ZT  25249.15699323  .00003771  00000-0  12900-2 0  9991
2 61461  89.1258 311.4723 0021921 237.0936 122.8155 14.36005664 53556
CZ-6A DEB
1 61461U 24140ZT  25249.92350053  .00004440  00000-0  15194-2 0  9992
2 61461  89.1257 311.3944 0022033 234.3459 125.5689 14.36012987 53664
CZ-6A DEB
1 61461U 24140ZT  25250.89905231  .00003124  00000-0  10679-2 0  9995
2 61461  89.1254 311.2951 0022167 230.8614 129.0615 14.36016780 53809
CZ-6A DEB
1 61461U 24140ZT  25253.12887311  .00001846  00000-0  62895-3 0  9999
2 61461  89.1247 311.0681 0022496 223.0191 136.9250 14.36025738 54129
CZ-6A DEB
1 61461U 24140ZT  25253.54696310  .00001874  00000-0  63852-3 0  9997
2 61461  89.1240 311.0248 0022587 221.6188 138.3293 14.36027233 54183
CZ-6A DEB
1 61461U 24140ZT  25255.42836362  .00001576  00000-0  53614-3 0  9993
2 61461  89.1238 310.8329 0022876 215.1203 144.8489 14.36033254 54453
CZ-6A DEB
1 61461U 24140ZT  25256.40390185  .00001605  00000-0  54576-3 0  9991
2 61461  89.1238 310.7332 0023041 211.8195 148.1613 14.36036478 54596
CZ-6A DEB
1 61461U 24140ZT  25257.10071358  .00001663  00000-0  56564-3 0  9990
2 61461  89.1238 310.6621 0023178 209.4988 150.4905 14.36038891 54692
CZ-6A DEB
1 61461U 24140ZT  25258.42465026  .00003256  00000-0  11119-2 0  9991
2 61461  89.1239 310.5269 0023390 205.0923 154.9142 14.36049436 54887
CZ-6A DEB
1 61461U 24140ZT  25259.12146038  .00002188  00000-0  74572-3 0  9994
2 61461  89.1237 310.4557 0023500 202.7957 157.2201 14.36047704 54987
CZ-6A DEB
1 61461U 24140ZT  25260.09698828  .00002283  00000-0  77821-3 0  9997
2 61461  89.1239 310.3563 0023637 199.4603 160.5696 14.36052483 55128
CZ-6A DEB
1 61461U 24140ZT  25262.39643589  .00002045  00000-0  69622-3 0  9992
2 61461  89.1237 310.1218 0023999 191.9085 168.1550 14.36062259 55454
CZ-6A DEB
1 61461U 24140ZT  25262.88419558  .00002225  00000-0  75805-3 0  9993
2 61461  89.1237 310.0721 0024074 190.2675 169.8036 14.36064836 55522
CZ-6A DEB
1 61461U 24140ZT  25263.09323521  .00002229  00000-0  75931-3 0  9995
2 61461  89.1236 310.0508 0024102 189.5858 170.4885 14.36065783 55555
CZ-6A DEB
1 61461U 24140ZT  25264.13843123  .00002871  00000-0  97904-3 0  9993
2 61461  89.1233 309.9442 0024258 186.2265 173.8636 14.36072231 55708
CZ-6A DEB
1 61461U 24140ZT  25265.11394253  .00003806  00000-0  12993-2 0  9990
2 61461  89.1229 309.8444 0024429 183.0111 177.0945 14.36080473 55840
CZ-6A DEB
1 61461U 24140ZT  25266.85591124  .00005050  00000-0  17246-2 0  9997
2 61461  89.1224 309.6664 0024678 177.4830 182.6498 14.36097868 56097
CZ-6A DEB
1 61461U 24140ZT  25269.08559839  .00005032  00000-0  17174-2 0  9992
2 61461  89.1223 309.4384 0025002 170.3998 189.7685 14.36121208 56410
CZ-6A DEB
1 61461U 24140ZT  25269.36430673  .00004846  00000-0  16535-2 0  9999
2 61461  89.1220 309.4098 0025037 169.6676 190.5044 14.36123421 56453
CZ-6A DEB
1 61461U 24140ZT  25270.54881252  .00004737  00000-0  16160-2 0  9997
2 61461  89.1225 309.2890 0025183 165.9160 194.2747 14.36134342 56629
CZ-6A DEB
1 61461U 24140ZT  25271.10622364  .00004945  00000-0  16870-2 0  9996
2 61461  89.1224 309.2319 0025253 164.1343 196.0653 14.36140075 56701
CZ-6A DEB
1 61461U 24140ZT  25273.82356020  .00007600  00000-0  25917-2 0  9993
2 61461  89.1218 308.9531 0025654 155.3011 204.9423 14.36181031 57099
CZ-6A DEB
1 61461U 24140ZT  25273.82356020  .00007600  00000-0  25917-2 0  9993
2 61461  89.1218 308.9531 0025654 155.3011 204.9423 14.36181032 57090
CZ-6A DEB
1 61461U 24140ZT  25274.79898934  .00008564  00000-0  29193-2 0  9995
2 61461  89.1211 308.8531 0025718 152.4088 207.8482 14.36202766 57236
CZ-6A DEB
1 61461U 24140ZT  25274.79898935  .00008564  00000-0  29193-2 0  9996
2 61461  89.1211 308.8531 0025718 152.4088 207.8482 14.36202766 57236
CZ-6A DEB
1 61461U 24140ZT  25275.07768145  .00008026  00000-0  27357-2 0  9990
2 61461  89.1214 308.8247 0025763 151.5051 208.7563 14.36208013 57278
CZ-6A DEB
1 61461U 24140ZT  25275.35637213  .00007998  00000-0  27257-2 0  9998
2 61461  89.1222 308.7967 0025836 150.8501 209.4147 14.36212962 57317
CZ-6A DEB
1 61461U 24140ZT  25275.35637214  .00007998  00000-0  27257-2 0  9999
2 61461  89.1222 308.7967 0025836 150.8501 209.4147 14.36212962 57317
CZ-6A DEB
1 61461U 24140ZT  25276.05309715  .00006698  00000-0  22818-2 0  9993
2 61461  89.1228 308.7250 0025868 148.5260 211.7494 14.36221976 57416
CZ-6A DEB
1 61461U 24140ZT  25277.51620536  .00005547  00000-0  18883-2 0  9991
2 61461  89.1222 308.5757 0026012 144.0772 216.2182 14.36238851 57628
CZ-6A DEB
1 61461U 24140ZT  25278.07357559  .00005457  00000-0  18575-2 0  9993
2 61461  89.1219 308.5187 0026104 142.2407 218.0630 14.36245213 57705
CZ-6A DEB
1 61461U 24140ZT  25278.35225965  .00004668  00000-0  15883-2 0  9991
2 61461  89.1216 308.4908 0026140 141.6540 218.6524 14.36246592 57746
CZ-6A DEB
1 61461U 24140ZT  25279.04896882  .00004133  00000-0  14055-2 0  9997
2 61461  89.1210 308.4195 0026144 139.6714 220.6431 14.36252127 57844
CZ-6A DEB
1 61461U 24140ZT  25279.81534662  .00003953  00000-0  13441-2 0  9994
2 61461  89.1209 308.3408 0026203 137.3086 223.0156 14.36257232 57956
CZ-6A DEB
1 61461U 24140ZT  25280.51205075  .00003953  00000-0  13439-2 0  9993
2 61461  89.1206 308.2694 0026238 135.1796 225.1529 14.36262459 58057
CZ-6A DEB
1 61461U 24140ZT  25281.06941119  .00004644  00000-0  15792-2 0  9992
2 61461  89.1204 308.2121 0026267 133.4746 226.8644 14.36268985 58133
CZ-6A DEB
1 61461U 24140ZT  25281.06941120  .00004644  00000-0  15792-2 0  9994
2 61461  89.1204 308.2121 0026267 133.4746 226.8644 14.36268985 58133
CZ-6A DEB
1 61461U 24140ZT  25282.04478774  .00004276  00000-0  14534-2 0  9997
2 61461  89.1207 308.1121 0026308 130.5117 229.8380 14.36276695 58273
CZ-6A DEB
1 61461U 24140ZT  25282.32346562  .00003811  00000-0  12951-2 0  9992
2 61461  89.1217 308.0838 0026331 129.6773 230.6755 14.36278106 58311
CZ-6A DEB
1 61461U 24140ZT  25282.53247372  .00003800  00000-0  12912-2 0  9999
2 61461  89.1213 308.0622 0026370 129.0223 231.3330 14.36280138 58343
CZ-6A DEB
1 61461U 24140ZT  25282.53247372  .00003800  00000-0  12912-2 0  9999
2 61461  89.1213 308.0622 0026370 129.0223 231.3330 14.36280138 58343
CZ-6A DEB
1 61461U 24140ZT  25282.81115105  .00003506  00000-0  11909-2 0  9996
2 61461  89.1211 308.0336 0026362 128.2116 232.1463 14.36281679 58387
CZ-6A DEB
1 61461U 24140ZT  25282.81115106  .00003506  00000-0  11909-2 0  9997
2 61461  89.1211 308.0336 0026362 128.2116 232.1463 14.36281679 58387
CZ-6A DEB
1 61461U 24140ZT  25283.02015882  .00003389  00000-0  11509-2 0  9996
2 61461  89.1209 308.0121 0026376 127.5552 232.8049 14.36283124 58415
CZ-6A DEB
1 61461U 24140ZT  25283.02015883  .00003389  00000-0  11509-2 0  9997
2 61461  89.1209 308.0122 0026376 127.5552 232.8049 14.36283124 58416
CZ-6A DEB
1 61461U 24140ZT  25283.50784253  .00003446  00000-0  11701-2 0  9992
2 61461  89.1207 307.9619 0026408 126.0976 234.2674 14.36287113 58482
CZ-6A DEB
1 61461U 24140ZT  25283.50784254  .00003446  00000-0  11701-2 0  9993
2 61461  89.1207 307.9619 0026408 126.0976 234.2674 14.36287113 58482
CZ-6A DEB
1 61461U 24140ZT  25284.06519389  .00003489  00000-0  11849-2 0  9990
2 61461  89.1207 307.9047 0026423 124.4003 235.9700 14.36291316 58564
CZ-6A DEB
1 61461U 24140ZT  25284.06519390  .00003489  00000-0  11849-2 0  9992
2 61461  89.1207 307.9047 0026423 124.4003 235.9700 14.36291316 58564
CZ-6A DEB
1 61461U 24140ZT  25284.34386882  .00003607  00000-0  12250-2 0  9990
2 61461  89.1205 307.8758 0026445 123.5900 236.7829 14.36293578 58608
CZ-6A DEB
1 61461U 24140ZT  25285.31922697  .00004650  00000-0  15801-2 0  9992
2 61461  89.1212 307.7758 0026516 120.6344 239.7475 14.36303965 58741
CZ-6A DEB
1 61461U 24140ZT  25285.80690359  .00004956  00000-0  16841-2 0  9997
2 61461  89.1211 307.7258 0026516 119.1652 241.2206 14.36309061 58811
CZ-6A DEB
1 61461U 24140ZT  25286.01590734  .00004960  00000-0  16856-2 0  9998
2 61461  89.1210 307.7044 0026522 118.5228 241.8647 14.36311117 58845
CZ-6A DEB
1 61461U 24140ZT  25286.50358103  .00004808  00000-0  16335-2 0  9997
2 61461  89.1211 307.6544 0026502 117.0629 243.3280 14.36315837 58918
CZ-6A DEB
1 61461U 24140ZT  25286.78225095  .00004753  00000-0  16147-2 0  9990
2 61461  89.1208 307.6256 0026523 116.2335 244.1595 14.36318640 58959
CZ-6A DEB
1 61461U 24140ZT  25287.06092076  .00004654  00000-0  15809-2 0  9997
2 61461  89.1209 307.5972 0026556 115.3532 245.0421 14.36321174 58997
CZ-6A DEB
1 61461U 24140ZT  25287.47892445  .00004205  00000-0  14279-2 0  9992
2 61461  89.1208 307.5542 0026563 114.0870 246.3112 14.36324133 59055
CZ-6A DEB
1 61461U 24140ZT  25288.03626090  .00004212  00000-0  14300-2 0  9999
2 61461  89.1207 307.4971 0026564 112.3907 248.0111 14.36329294 59132
CZ-6A DEB
1 61461U 24140ZT  25288.80259580  .00004779  00000-0  16229-2 0  9990
2 61461  89.1203 307.4186 0026619 110.1116 250.2951 14.36336871 59243
CZ-6A DEB
1 61461U 24140ZT  25288.80259580  .00004779  00000-0  16229-2 0  9990
2 61461  89.1203 307.4186 0026619 110.1116 250.2951 14.36336871 59243
CZ-6A DEB
1 61461U 24140ZT  25289.01159564  .00004964  00000-0  16859-2 0  9990
2 61461  89.1202 307.3971 0026631 109.4822 250.9257 14.36339039 59270
CZ-6A DEB
1 61461U 24140ZT  25289.01159564  .00004964  00000-0  16859-2 0  9990
2 61461  89.1202 307.3971 0026631 109.4822 250.9257 14.36339039 59270
CZ-6A DEB
1 61461U 24140ZT  25290.47458720  .00005042  00000-0  17118-2 0  9995
2 61461  89.1191 307.2467 0026612 105.0569 255.3578 14.36350820 59484
CZ-6A DEB
1 61461U 24140ZT  25290.47458720  .00005042  00000-0  17118-2 0  9995
2 61461  89.1191 307.2467 0026612 105.0569 255.3578 14.36350820 59484
CZ-6A DEB
1 61461U 24140ZT  25291.03191353  .00005609  00000-0  19047-2 0  9996
2 61461  89.1190 307.1896 0026623 103.3783 257.0387 14.36357112 59566
CZ-6A DEB
1 61461U 24140ZT  25291.31057638  .00005179  00000-0  17583-2 0  9999
2 61461  89.1194 307.1611 0026624 102.5655 257.8525 14.36358248 59603
CZ-6A DEB
1 61461U 24140ZT  25292.00722875  .00006413  00000-0  21777-2 0  9990
2 61461  89.1190 307.0895 0026594 100.4149 260.0049 14.36368665 59705
CZ-6A DEB
1 61461U 24140ZT  25292.98253364  .00007129  00000-0  24205-2 0  9993
2 61461  89.1186 306.9894 0026677  97.5651 262.8580 14.36382976 59849
CZ-6A DEB
1 61461U 24140ZT  25293.05219784  .00007171  00000-0  24346-2 0  9993
2 61461  89.1186 306.9822 0026680  97.3787 263.0446 14.36384165 59859
CZ-6A DEB
1 61461U 24140ZT  25293.05219784  .00007171  00000-0  24346-2 0  9993
2 61461  89.1186 306.9822 0026680  97.3787 263.0446 14.36384165 59859
CZ-6A DEB
1 61461U 24140ZT  25294.02749278  .00006188  00000-0  21001-2 0  9999
2 61461  89.1184 306.8819 0026692  94.4454 265.9796 14.36396100 59990
CZ-6A DEB
1 61461U 24140ZT  25295.00278052  .00005224  00000-0  17720-2 0  9998
2 61461  89.1181 306.7816 0026663  91.5145 268.9109 14.36405667 60134
CZ-6A DEB
1 61461U 24140ZT  25295.28143274  .00004950  00000-0  16789-2 0  9994
2 61461  89.1183 306.7534 0026661  90.7456 269.6798 14.36408116 60175
CZ-6A DEB
1 61461U 24140ZT  25295.28143275  .00004950  00000-0  16789-2 0  9995
2 61461  89.1183 306.7534 0026661  90.7456 269.6798 14.36408116 60175
CZ-6A DEB
1 61461U 24140ZT  25296.46569970  .00004776  00000-0  16193-2 0  9995
2 61461  89.1181 306.6313 0026648  87.2071 273.2178 14.36419545 60346
CZ-6A DEB
1 61461U 24140ZT  25296.46569970  .00004776  00000-0  16193-2 0  9995
2 61461  89.1181 306.6313 0026648  87.2071 273.2178 14.36419545 60346
CZ-6A DEB
1 61461U 24140ZT  25297.02299819  .00004834  00000-0  16387-2 0  9990
2 61461  89.1180 306.5738 0026639  85.5348 274.8894 14.36425223 60424
CZ-6A DEB
1 61461U 24140ZT  25298.97352595  .00004662  00000-0  15795-2 0  9997
2 61461  89.1185 306.3731 0026582  79.6571 280.7623 14.36444200 60702
CZ-6A DEB
1 61461U 24140ZT  25298.97352595  .00004662  00000-0  15795-2 0  9997
2 61461  89.1185 306.3731 0026582  79.6571 280.7623 14.36444200 60702
CZ-6A DEB
1 61461U 24140ZT  25299.46115404  .00004547  00000-0  15405-2 0  9998
2 61461  89.1189 306.3233 0026544  78.0970 282.3203 14.36448552 60770
CZ-6A DEB
1 61461U 24140ZT  25299.73979802  .00004570  00000-0  15484-2 0  9991
2 61461  89.1187 306.2944 0026558  77.3021 283.1145 14.36450956 60810
CZ-6A DEB
1 61461U 24140ZT  25299.73979803  .00004570  00000-0  15484-2 0  9992
2 61461  89.1187 306.2944 0026558  77.3021 283.1145 14.36450956 60810
CZ-6A DEB
1 61461U 24140ZT  25300.01844105  .00004750  00000-0  16094-2 0  9990
2 61461  89.1193 306.2658 0026469  76.4468 283.9677 14.36454213 60857
CZ-6A DEB
1 61461U 24140ZT  25300.01844106  .00004750  00000-0  16094-2 0  9991
2 61461  89.1193 306.2658 0026469  76.4468 283.9677 14.36454213 60857
CZ-6A DEB
1 61461U 24140ZT  25301.48131045  .00005110  00000-0  17313-2 0  9990
2 61461  89.1189 306.1157 0026369  72.0478 288.3593 14.36468224 61064
CZ-6A DEB
1 61461U 24140ZT  25303.29246106  .00005498  00000-0  18622-2 0  9999
2 61461  89.1192 305.9297 0026278  66.5665 293.8293 14.36486784 61323
CZ-6A DEB
1 61461U 24140ZT  25303.98905000  .00005758  00000-0  19501-2 0  9996
2 61461  89.1192 305.8583 0026238  64.4592 295.9316 14.36495469 61422
CZ-6A DEB
1 61461U 24140ZT  25304.75529340  .00005468  00000-0  18516-2 0  9994
2 61461  89.1187 305.7794 0026170  62.0744 298.3101 14.36503907 61535
CZ-6A DEB
1 61461U 24140ZT  25304.96426791  .00005240  00000-0  17742-2 0  9991
2 61461  89.1187 305.7580 0026161  61.3870 298.9957 14.36506141 61561
CZ-6A DEB
1 61461U 24140ZT  25306.28776685  .00004305  00000-0  14566-2 0  9990
2 61461  89.1179 305.6217 0026053  57.3510 303.0198 14.36518416 61758
CZ-6A DEB
1 61461U 24140ZT  25306.28776686  .00004305  00000-0  14566-2 0  9991
2 61461  89.1179 305.6217 0026053  57.3510 303.0198 14.36518416 61758
CZ-6A DEB
1 61461U 24140ZT  25307.95953909  .00004673  00000-0  15809-2 0  9990
2 61461  89.1178 305.4498 0025882  52.2417 308.1121 14.36534344 61991
CZ-6A DEB
1 61461U 24140ZT  25307.95953909  .00004673  00000-0  15809-2 0  9990
2 61461  89.1178 305.4498 0025882  52.2417 308.1121 14.36534344 61991
CZ-6A DEB
1 61461U 24140ZT  25308.72576193  .00004053  00000-0  13704-2 0  9996
2 61461  89.1180 305.3710 0025820  49.8542 310.4913 14.36540171 62107
CZ-6A DEB
1 61461U 24140ZT  25308.72576194  .00004053  00000-0  13704-2 0  9997
2 61461  89.1180 305.3710 0025820  49.8542 310.4913 14.36540171 62107
CZ-6A DEB
1 61461U 24140ZT  25308.93473117  .00004181  00000-0  14140-2 0  9998
2 61461  89.1180 305.3495 0025800  49.1814 311.1617 14.36542389 62135
CZ-6A DEB
1 61461U 24140ZT  25310.25819481  .00005746  00000-0  19441-2 0  9991
2 61461  89.1182 305.2131 0025684  45.0700 315.2577 14.36558830 62321
CZ-6A DEB
1 61461U 24140ZT  25310.25819482  .00005746  00000-0  19441-2 0  9992
2 61461  89.1182 305.2131 0025684  45.0700 315.2577 14.36558830 62321
CZ-6A DEB
1 61461U 24140ZT  25310.95474832  .00005433  00000-0  18377-2 0  9995
2 61461  89.1181 305.1412 0025633  42.8823 317.4369 14.36566230 62423
CZ-6A DEB
1 61461U 24140ZT  25310.95474833  .00005433  00000-0  18377-2 0  9996
2 61461  89.1181 305.1412 0025633  42.8823 317.4369 14.36566230 62423
CZ-6A DEB
1 61461U 24140ZT  25314.71605418  .00006819  00000-0  23050-2 0  9992
2 61461  89.1189 304.7540 0025181  31.1257 329.1427 14.36619579 62967
CZ-6A DEB
1 61461U 24140ZT  25316.24839808  .00012855  00000-0  43434-2 0  9999
2 61461  89.1187 304.5965 0025003  26.4065 333.8402 14.36651795 63187
CZ-6A DEB
1 61461U 24140ZT  25316.94490277  .00012668  00000-0  42790-2 0  9995
2 61461  89.1185 304.5250 0024919  24.1871 336.0492 14.36670074 63283
CZ-6A DEB
1 61461U 24140ZT  25316.94490277  .00012668  00000-0  42790-2 0  9995
2 61461  89.1185 304.5250 0024919  24.1871 336.0492 14.36670074 63283
CZ-6A DEB
1 61461U 24140ZT  25319.24330617  .00006249  00000-0  21084-2 0  9993
2 61461  89.1179 304.2886 0024624  16.9842 343.2176 14.36718347 63610
CZ-6A DEB
1 61461U 24140ZT  25320.21837042  .00007725  00000-0  26064-2 0  9999
2 61461  89.1181 304.1882 0024509  13.9098 346.2771 14.36733240 63758
CZ-6A DEB
1 61461U 24140ZT  25320.21837042  .00007725  00000-0  26064-2 0  9999
2 61461  89.1181 304.1883 0024509  13.9098 346.2771 14.36733240 63759
CZ-6A DEB
1 61461U 24140ZT  25321.40236400  .00007609  00000-0  25662-2 0  9996
2 61461  89.1184 304.0665 0024339  10.0969 350.0714 14.36750898 63922
CZ-6A DEB
1 61461U 24140ZT  25321.40236401  .00007609  00000-0  25662-2 0  9997
2 61461  89.1184 304.0665 0024339  10.0969 350.0714 14.36750898 63922
CZ-6A DEB
1 61461U 24140ZT  25321.95953279  .00005712  00000-0  19256-2 0  9991
2 61461  89.1181 304.0092 0024284   8.3278 351.8320 14.36755950 64001
CZ-6A DEB
1 61461U 24140ZT  25321.95953279  .00005712  00000-0  19256-2 0  9991
2 61461  89.1181 304.0092 0024284   8.3278 351.8320 14.36755950 64001
CZ-6A DEB
1 61461U 24140ZT  25322.93457217  .00005041  00000-0  16989-2 0  9996
2 61461  89.1179 303.9088 0024163   5.0963 355.0478 14.36767008 64144
CZ-6A DEB
1 61461U 24140ZT  25322.93457222  .00004846  00000-0  16330-2 0  9994
2 61461  89.1182 303.9087 0024148   5.1895 354.9550 14.36766620 64143
CZ-6A DEB
1 61461U 24140ZT  25322.93457223  .00004815  00000-0  16224-2 0  9993
2 61461  89.1179 303.9088 0024160   5.1030 355.0411 14.36766601 64142
CZ-6A DEB
1 61461U 24140ZT  25324.39711926  .00004453  00000-0  14999-2 0  9993
2 61461  89.1183 303.7579 0023999   0.3665 359.7548 14.36780816 64359
CZ-6A DEB
1 61461U 24140ZT  25324.39711926  .00004453  00000-0  14999-2 0  9993
2 61461  89.1183 303.7579 0023999   0.3665 359.7548 14.36780817 64350
CZ-6A DEB
1 61461U 24140ZT  25324.95427667  .00004356  00000-0  14668-2 0  9996
2 61461  89.1183 303.7005 0023945 358.5666   1.5461 14.36785581 64432
CZ-6A DEB
1 61461U 24140ZT  25325.44178679  .00005175  00000-0  17433-2 0  9990
2 61461  89.1185 303.6504 0023883 356.9462   3.1587 14.36792385 64509
CZ-6A DEB
1 61461U 24140ZT  25326.20787074  .00005555  00000-0  18713-2 0  9994
2 61461  89.1188 303.5717 0023768 354.4252   5.6679 14.36801300 64618
CZ-6A DEB
1 61461U 24140ZT  25326.20787075  .00005555  00000-0  18713-2 0  9995
2 61461  89.1188 303.5717 0023768 354.4252   5.6679 14.36801300 64618
CZ-6A DEB
1 61461U 24140ZT  25327.39181083  .00004712  00000-0  15866-2 0  9993
2 61461  89.1191 303.4499 0023620 350.4915   9.5834 14.36812306 64789
CZ-6A DEB
1 61461U 24140ZT  25327.39181084  .00004712  00000-0  15866-2 0  9994
2 61461  89.1191 303.4499 0023620 350.4915   9.5834 14.36812306 64789
CZ-6A DEB
1 61461U 24140ZT  25328.36681406  .00004679  00000-0  15751-2 0  9990
2 61461  89.1192 303.3495 0023505 347.3194  12.7411 14.36821117 64924
CZ-6A DEB
1 61461U 24140ZT  25328.36681407  .00004679  00000-0  15751-2 0  9991
2 61461  89.1192 303.3495 0023505 347.3194  12.7411 14.36821117 64924
CZ-6A DEB
1 61461U 24140ZT  25330.17751561  .00005266  00000-0  17725-2 0  9998
2 61461  89.1195 303.1638 0023290 341.1860  18.8476 14.36840493 65182
CZ-6A DEB
1 61461U 24140ZT  25330.38644117  .00004986  00000-0  16781-2 0  9998
2 61461  89.1193 303.1422 0023259 340.5679  19.4631 14.36842366 65212
CZ-6A DEB
1 61461U 24140ZT  25330.38644117  .00004986  00000-0  16781-2 0  9998
2 61461  89.1193 303.1422 0023259 340.5679  19.4631 14.36842366 65212
CZ-6A DEB
1 61461U 24140ZT  25331.91855387  .00004798  00000-0  16141-2 0  9992
2 61461  89.1190 302.9850 0023081 335.5263  24.4839 14.36856803 65438
CZ-6A DEB
1 61461U 24140ZT  25332.19711821  .00004826  00000-0  16238-2 0  9996
2 61461  89.1194 302.9565 0023031 334.5548  25.4515 14.36859356 65477
CZ-6A DEB
1 61461U 24140ZT  25332.19711821  .00004826  00000-0  16238-2 0  9996
2 61461  89.1194 302.9565 0023031 334.5548  25.4515 14.36859357 65478
CZ-6A DEB
1 61461U 24140ZT  25333.17208939  .00004646  00000-0  15627-2 0  9997
2 61461  89.1191 302.8562 0022878 331.2013  28.7922 14.36868002 65611
CZ-6A DEB
1 61461U 24140ZT  25333.17208939  .00004646  00000-0  15627-2 0  9997
2 61461  89.1191 302.8562 0022878 331.2013  28.7922 14.36868002 65611
CZ-6A DEB
1 61461U 24140ZT  25334.35597425  .00004775  00000-0  16060-2 0  9994
2 61461  89.1188 302.7346 0022716 327.1420  32.8366 14.36879927 65787
CZ-6A DEB
1 61461U 24140ZT  25334.35597425  .00004775  00000-0  16060-2 0  9994
2 61461  89.1188 302.7346 0022716 327.1420  32.8366 14.36879927 65787
CZ-6A DEB
1 61461U 24140ZT  25335.19165202  .00005319  00000-0  17892-2 0  9990
2 61461  89.1187 302.6487 0022607 324.2761  35.6925 14.36889365 65909
CZ-6A DEB
1 61461U 24140ZT  25335.33093095  .00005328  00000-0  17921-2 0  9999
2 61461  89.1188 302.6344 0022586 323.7683  36.1986 14.36891002 65921
CZ-6A DEB
1 61461U 24140ZT  25335.33093096  .00005328  00000-0  17921-2 0  9990
2 61461  89.1188 302.6344 0022586 323.7683  36.1986 14.36891002 65921
CZ-6A DEB
1 61461U 24140ZT  25336.16660301  .00005300  00000-0  17823-2 0  9992
2 61461  89.1186 302.5483 0022484 320.9325  39.0250 14.36899355 66040
CZ-6A DEB
1 61461U 24140ZT  25336.37552006  .00005797  00000-0  19498-2 0  9997
2 61461  89.1185 302.5268 0022451 320.3160  39.6395 14.36902903 66078
CZ-6A DEB
1 61461U 24140ZT  25336.37552006  .00005797  00000-0  19498-2 0  9997
2 61461  89.1185 302.5268 0022451 320.3160  39.6395 14.36902903 66078
CZ-6A DEB
1 61461U 24140ZT  25336.65407536  .00006051  00000-0  20350-2 0  9998
2 61461  89.1184 302.4981 0022416 319.3295  40.6230 14.36906345 66115
CZ-6A DEB
1 61461U 24140ZT  25336.65407537  .00006051  00000-0  20350-2 0  9999
2 61461  89.1184 302.4981 0022416 319.3295  40.6230 14.36906345 66115
CZ-6A DEB
1 61461U 24140ZT  25337.35046110  .00006591  00000-0  22165-2 0  9998
2 61461  89.1185 302.4264 0022332 316.9198  43.0253 14.36915641 66214
CZ-6A DEB
1 61461U 24140ZT  25337.90756555  .00009061  00000-0  30473-2 0  9996
2 61461  89.1187 302.3689 0022237 314.9364  45.0031 14.36928041 66295
CZ-6A DEB
1 61461U 24140ZT  25338.18611608  .00010027  00000-0  33718-2 0  9995
2 61461  89.1189 302.3402 0022191 314.0091  45.9279 14.36934279 66335
CZ-6A DEB
1 61461U 24140ZT  25338.39502772  .00010845  00000-0  36462-2 0  9996
2 61461  89.1190 302.3187 0022171 313.3118  46.6232 14.36940023 66361
CZ-6A DEB
1 61461U 24140ZT  25338.39502772  .00010845  00000-0  36462-2 0  9996
2 61461  89.1190 302.3187 0022171 313.3118  46.6232 14.36940023 66361
CZ-6A DEB
1 61461U 24140ZT  25338.88248761  .00009814  00000-0  32993-2 0  9994
2 61461  89.1188 302.2687 0022125 311.5130  48.4171 14.36946575 66433
CZ-6A DEB
1 61461U 24140ZT  25339.16103468  .00009873  00000-0  33191-2 0  9996
2 61461  89.1191 302.2399 0022081 310.5695  49.3582 14.36951716 66476
CZ-6A DEB
1 61461U 24140ZT  25339.16103468  .00009873  00000-0  33191-2 0  9996
2 61461  89.1191 302.2399 0022081 310.5695  49.3582 14.36951716 66476
CZ-6A DEB
1 61461U 24140ZT  25339.85739757  .00008768  00000-0  29469-2 0  9993
2 61461  89.1193 302.1683 0021985 308.1127  51.8090 14.36963754 66576
CZ-6A DEB
1 61461U 24140ZT  25340.34484877  .00008707  00000-0  29259-2 0  9999
2 61461  89.1194 302.1181 0021909 306.4133  53.5046 14.36971720 66644
CZ-6A DEB
1 61461U 24140ZT  25340.90193250  .00007637  00000-0  25658-2 0  9993
2 61461  89.1195 302.0608 0021855 304.2991  55.6139 14.36979117 66729
CZ-6A DEB
1 61461U 24140ZT  25341.18047332  .00007721  00000-0  25937-2 0  9997
2 61461  89.1196 302.0322 0021815 303.2898  56.6212 14.36983260 66765
CZ-6A DEB
1 61461U 24140ZT  25341.87682137  .00006650  00000-0  22332-2 0  9997
2 61461  89.1196 301.9604 0021734 300.8553  59.0509 14.36992776 66866
CZ-6A DEB
1 61461U 24140ZT  25342.15535957  .00006478  00000-0  21754-2 0  9991
2 61461  89.1196 301.9318 0021706 299.8323  60.0719 14.36996175 66906
CZ-6A DEB
1 61461U 24140ZT  25342.85170204  .00008199  00000-0  27533-2 0  9991
2 61461  89.1198 301.8607 0021630 297.2859  62.6138 14.37008112 67001
CZ-6A DEB
1 61461U 24140ZT  25342.85170204  .00008199  00000-0  27533-2 0  9991
2 61461  89.1198 301.8607 0021630 297.2859  62.6138 14.37008112 67001
CZ-6A DEB
1 61461U 24140ZT  25343.61767325  .00007834  00000-0  26301-2 0  9999
2 61461  89.1199 301.7822 0021540 294.4924  65.4030 14.37017590 67116
CZ-6A DEB
1 61461U 24140ZT  25343.61767326  .00007834  00000-0  26301-2 0  9990
2 61461  89.1199 301.7822 0021540 294.4924  65.4030 14.37017590 67116
CZ-6A DEB
1 61461U 24140ZT  25344.31400547  .00007725  00000-0  25931-2 0  9994
2 61461  89.1199 301.7108 0021454 291.9772  67.9147 14.37027746 67211
CZ-6A DEB
1 61461U 24140ZT  25344.31400548  .00007725  00000-0  25931-2 0  9995
2 61461  89.1199 301.7108 0021454 291.9772  67.9147 14.37027746 67211
CZ-6A DEB
1 61461U 24140ZT  25345.14959752  .00007637  00000-0  25627-2 0  9997
2 61461  89.1199 301.6250 0021380 288.9041  70.9841 14.37040158 67331
CZ-6A DEB
1 61461U 24140ZT  25345.14959753  .00007637  00000-0  25627-2 0  9998
2 61461  89.1199 301.6250 0021380 288.9041  70.9841 14.37040158 67331
CZ-6A DEB
1 61461U 24140ZT  25345.84591742  .00007459  00000-0  25027-2 0  9991
2 61461  89.1198 301.5536 0021337 286.3079  73.5774 14.37052074 67436
CZ-6A DEB
1 61461U 24140ZT  25346.61186301  .00007355  00000-0  24670-2 0  9996
2 61461  89.1195 301.4748 0021275 283.4672  76.4157 14.37064908 67543
CZ-6A DEB
1 61461U 24140ZT  25347.30817171  .00008100  00000-0  27163-2 0  9998
2 61461  89.1194 301.4034 0021216 280.8590  79.0222 14.37077393 67640
CZ-6A DEB
1 61461U 24140ZT  25347.37780242  .00007993  00000-0  26804-2 0  9993
2 61461  89.1195 301.3963 0021201 280.6310  79.2501 14.37078261 67651
CZ-6A DEB
1 61461U 24140ZT  25348.84003908  .00004237  00000-0  14193-2 0  9999
2 61461  89.1193 301.2459 0021113 275.2426  84.6364 14.37089936 67869
CZ-6A DEB
1 61461U 24140ZT  25349.32744842  .00003399  00000-0  11376-2 0  9990
2 61461  89.1191 301.1958 0021091 273.4245  86.4542 14.37092936 67934
CZ-6A DEB
1 61461U 24140ZT  25350.30226410  .00003543  00000-0  11859-2 0  9993
2 61461  89.1195 301.0955 0021017 269.8576  90.0215 14.37100331 68071
CZ-6A DEB
1 61461U 24140ZT  25350.85929925  .00003803  00000-0  12729-2 0  9990
2 61461  89.1200 301.0380 0020997 267.7568  92.1227 14.37105055 68157
CZ-6A DEB
1 61461U 24140ZT  25351.62521998  .00003780  00000-0  12650-2 0  9991
2 61461  89.1203 300.9592 0020962 264.9306  94.9501 14.37110888 68261
CZ-6A DEB
1 61461U 24140ZT  25351.83410693  .00003769  00000-0  12615-2 0  9991
2 61461  89.1205 300.9377 0020969 264.1429  95.7380 14.37112563 68298
CZ-6A DEB
1 61461U 24140ZT  25352.11262234  .00003869  00000-0  12950-2 0  9992
2 61461  89.1206 300.9093 0021002 263.0515  96.8296 14.37114841 68331
CZ-6A DEB
1 61461U 24140ZT  25352.80890904  .00003734  00000-0  12495-2 0  9994
2 61461  89.1207 300.8378 0020991 260.4494  99.4333 14.37120389 68436
CZ-6A DEB
1 61461U 24140ZT  25355.80291353  .00004013  00000-0  13425-2 0  9995
2 61461  89.1215 300.5306 0021037 249.2280 110.6666 14.37144307 68861
CZ-6A DEB
1 61461U 24140ZT  25355.80291354  .00004013  00000-0  13425-2 0  9996
2 61461  89.1215 300.5306 0021037 249.2280 110.6666 14.37144307 68861
CZ-6A DEB
1 61461U 24140ZT  25356.29030436  .00005131  00000-0  17173-2 0  9998
2 61461  89.1216 300.4806 0021051 247.4026 112.4947 14.37151222 68934
CZ-6A DEB
1 61461U 24140ZT  25356.84732132  .00004939  00000-0  16527-2 0  9998
2 61461  89.1205 300.4225 0020827 245.1842 114.7192 14.37156094 69017
CZ-6A DEB
1 61461U 24140ZT  25356.84732132  .00004939  00000-0  16527-2 0  9998
2 61461  89.1205 300.4225 0020827 245.1842 114.7192 14.37156094 69017
CZ-6A DEB
1 61461U 24140ZT  25357.12582860  .00005418  00000-0  18132-2 0  9998
2 61461  89.1209 300.3945 0020918 244.2834 115.6207 14.37159854 69059
CZ-6A DEB
1 61461U 24140ZT  25357.12582860  .00005418  00000-0  18132-2 0  9998
2 61461  89.1209 300.3945 0020918 244.2834 115.6207 14.37159854 69059
CZ-6A DEB
1 61461U 24140ZT  25357.82209351  .00005319  00000-0  17799-2 0  9994
2 61461  89.1211 300.3233 0020922 241.7060 118.2029 14.37167522 69153
CZ-6A DEB
1 61461U 24140ZT  25357.82209351  .00005319  00000-0  17799-2 0  9994
2 61461  89.1211 300.3234 0020922 241.7060 118.2029 14.37167522 69154
CZ-6A DEB
1 61461U 24140ZT  25358.10059894  .00005379  00000-0  17997-2 0  9997
2 61461  89.1211 300.2947 0020883 240.6320 119.2794 14.37170572 69190
CZ-6A DEB
1 61461U 24140ZT  25358.10059894  .00005379  00000-0  17997-2 0  9997
2 61461  89.1211 300.2947 0020883 240.6320 119.2794 14.37170572 69190
CZ-6A DEB
1 61461U 24140ZT  25359.84124071  .00005580  00000-0  18663-2 0  9994
2 61461  89.1214 300.1164 0021019 234.2964 125.6280 14.37191482 69440
CZ-6A DEB
1 61461U 24140ZT  25359.84124071  .00005580  00000-0  18663-2 0  9994
2 61461  89.1214 300.1165 0021019 234.2964 125.6280 14.37191482 69441
CZ-6A DEB
1 61461U 24140ZT  25361.09448699  .00006335  00000-0  21184-2 0  9990
2 61461  89.1206 299.9879 0021007 229.5008 130.4362 14.37208476 69629
CZ-6A DEB
1 61461U 24140ZT  25361.09448700  .00006335  00000-0  21184-2 0  9993
2 61461  89.1206 299.9879 0021007 229.5008 130.4362 14.37208476 69629
CZ-6A DEB
1 61461U 24140ZT  25361.79072889  .00006378  00000-0  21326-2 0  9996
2 61461  89.1205 299.9165 0021032 226.9045 133.0396 14.37217576 69724
CZ-6A DEB
1 61461U 24140ZT  25361.79072889  .00006378  00000-0  21326-2 0  9996
2 61461  89.1205 299.9165 0021032 226.9045 133.0396 14.37217576 69724
CZ-6A DEB
1 61461U 24140ZT  25362.27809542  .00007229  00000-0  24168-2 0  9997
2 61461  89.1207 299.8668 0021009 224.9830 134.9668 14.37225762 69792
CZ-6A DEB
1 61461U 24140ZT  25362.27809542  .00007229  00000-0  24168-2 0  9997
2 61461  89.1207 299.8668 0021009 224.9830 134.9668 14.37225762 69792
CZ-6A DEB
1 61461U 24140ZT  25362.83508319  .00006808  00000-0  22756-2 0  9990
2 61461  89.1197 299.8086 0021072 222.8590 137.0968 14.37232382 69876
CZ-6A DEB
1 61461U 24140ZT  25362.83508320  .00006808  00000-0  22756-2 0  9992
2 61461  89.1197 299.8086 0021072 222.8590 137.0968 14.37232382 69876
CZ-6A DEB
1 61461U 24140ZT  25364.08829160  .00008611  00000-0  28776-2 0  9991
2 61461  89.1198 299.6802 0021131 218.1654 141.8051 14.37255416 70057
CZ-6A DEB
1 61461U 24140ZT  25364.08829160  .00008611  00000-0  28776-2 0  9991
2 61461  89.1198 299.6802 0021131 218.1654 141.8051 14.37255416 70057
CZ-6A DEB
1 61461U 24140ZT  25364.78451022  .00008720  00000-0  29133-2 0  9995
2 61461  89.1204 299.6087 0021188 215.4203 144.5591 14.37267889 70159
CZ-6A DEB
1 61461U 24140ZT  25364.78451023  .00008720  00000-0  29133-2 0  9996
2 61461  89.1204 299.6087 0021188 215.4203 144.5591 14.37267889 70159
CZ-6A DEB
1 61461U 24140ZT  25365.06299617  .00009582  00000-0  32008-2 0  9999
2 61461  89.1210 299.5804 0021166 214.3490 145.6342 14.37273862 70192
CZ-6A DEB
1 61461U 24140ZT  25365.06299617  .00009582  00000-0  32008-2 0  9999
2 61461  89.1210 299.5804 0021166 214.3490 145.6342 14.37273862 70192
CZ-6A DEB
1 61461U 24140ZT  25365.27185999  .00008778  00000-0  29321-2 0  9999
2 61461  89.1210 299.5589 0021183 213.5608 146.4251 14.37276398 70222
CZ-6A DEB
1 61461U 24140ZT  25365.27185999  .00008778  00000-0  29321-2 0  9999
2 61461  89.1210 299.5589 0021183 213.5609 146.4251 14.37276398 70223
CZ-6A DEB
1 61461U 24140ZT  25365.82882777  .00009145  00000-0  30542-2 0  9994
2 61461  89.1210 299.5016 0021222 211.4495 148.5438 14.37286427 70305
CZ-6A DEB
1 61461U 24140ZT  26001.24655089  .00008408  00000-0  28076-2 0  9992
2 61461  89.1210 299.4585 0021267 209.9101 150.0885 14.37292689 70367
CZ-6A DEB
1 61461U 24140ZT  26001.24655089  .00008408  00000-0  28076-2 0  9992
2 61461  89.1210 299.4585 0021267 209.9101 150.0885 14.37292689 70367
CZ-6A DEB
1 61461U 24140ZT  26002.56932736  .00008941  00000-0  29841-2 0  9998
2 61461  89.1215 299.3227 0021409 205.0766 154.9396 14.37316275 70555
CZ-6A DEB
1 61461U 24140ZT  26002.77818523  .00008958  00000-0  29895-2 0  9995
2 61461  89.1214 299.3011 0021421 204.1743 155.8453 14.37319791 70587
CZ-6A DEB
1 61461U 24140ZT  26002.77818524  .00008958  00000-0  29895-2 0  9996
2 61461  89.1214 299.3011 0021421 204.1743 155.8454 14.37319791 70588
CZ-6A DEB
1 61461U 24140ZT  26003.26551758  .00009490  00000-0  31665-2 0  9994
2 61461  89.1216 299.2511 0021455 202.3121 157.7148 14.37329003 70657
CZ-6A DEB
1 61461U 24140ZT  26003.26551759  .00009490  00000-0  31665-2 0  9995
2 61461  89.1216 299.2511 0021455 202.3121 157.7148 14.37329003 70657
CZ-6A DEB
1 61461U 24140ZT  26004.24017436  .00006714  00000-0  22391-2 0  9995
2 61461  89.1218 299.1512 0021586 198.7758 161.2648 14.37340993 70799
CZ-6A DEB
1 61461U 24140ZT  26004.24017437  .00006714  00000-0  22391-2 0  9996
2 61461  89.1218 299.1512 0021586 198.7758 161.2648 14.37340993 70799
CZ-6A DEB
1 61461U 24140ZT  26006.05022916  .00005680  00000-0  18929-2 0  9998
2 61461  89.1219 298.9659 0021718 192.0305 168.0379 14.37363445 71054
CZ-6A DEB
1 61461U 24140ZT  26006.05022916  .00005680  00000-0  18929-2 0  9998
2 61461  89.1219 298.9659 0021718 192.0305 168.0379 14.37363445 71054
CZ-6A DEB
1 61461U 24140ZT  26007.23371196  .00004348  00000-0  14477-2 0  9990
2 61461  89.1221 298.8449 0021829 187.6491 172.4379 14.37375672 71225
CZ-6A DEB
1 61461U 24140ZT  26007.72102570  .00004263  00000-0  14193-2 0  9993
2 61461  89.1211 298.7947 0021867 185.8240 174.2709 14.37380329 71299
CZ-6A DEB
1 61461U 24140ZT  26007.72102570  .00004263  00000-0  14193-2 0  9993
2 61461  89.1211 298.7947 0021867 185.8240 174.2709 14.37380329 71299
CZ-6A DEB
1 61461U 24140ZT  26008.06910578  .00004250  00000-0  14145-2 0  9999
2 61461  89.1216 298.7592 0021929 184.5493 175.5511 14.37383809 71342
CZ-6A DEB
1 61461U 24140ZT  26008.06910578  .00004250  00000-0  14145-2 0  9999
2 61461  89.1216 298.7592 0021929 184.5493 175.5511 14.37383809 71342
CZ-6A DEB
1 61461U 24140ZT  26009.04372549  .00004398  00000-0  14636-2 0  9996
2 61461  89.1212 298.6593 0022031 181.0922 179.0234 14.37394035 71481
CZ-6A DEB
1 61461U 24140ZT  26009.04372550  .00004398  00000-0  14636-2 0  9998
2 61461  89.1212 298.6593 0022031 181.0922 179.0234 14.37394035 71481
CZ-6A DEB
1 61461U 24140ZT  26009.53103292  .00004995  00000-0  16627-2 0  9992
2 61461  89.1208 298.6092 0022104 179.3361 180.7872 14.37399832 71553
CZ-6A DEB
1 61461U 24140ZT  26011.06256110  .00004574  00000-0  15219-2 0  9990
2 61461  89.1206 298.4520 0022284 173.9103 186.2372 14.37413344 71773
CZ-6A DEB
1 61461U 24140ZT  26012.52445933  .00004299  00000-0  14296-2 0  9993
2 61461  89.1208 298.3019 0022475 168.7742 191.3964 14.37426952 71986
CZ-6A DEB
1 61461U 24140ZT  26012.52445934  .00004299  00000-0  14296-2 0  9994
2 61461  89.1208 298.3019 0022475 168.7742 191.3964 14.37426952 71986
CZ-6A DEB
1 61461U 24140ZT  26013.77750689  .00002747  00000-0  91171-3 0  9992
2 61461  89.1209 298.1732 0022631 164.3590 195.8314 14.37433316 72165
CZ-6A DEB
1 61461U 24140ZT  26014.75209513  .00002488  00000-0  82534-3 0  9991
2 61461  89.1211 298.0731 0022762 160.9689 199.2367 14.37438708 72304
CZ-6A DEB
1 61461U 24140ZT  26014.75209513  .00002488  00000-0  82534-3 0  9991
2 61461  89.1211 298.0731 0022762 160.9689 199.2367 14.37438708 72304
CZ-6A DEB
1 61461U 24140ZT  26016.21397068  .00003109  00000-0  10321-2 0  9992
2 61461  89.1211 297.9228 0022978 155.8606 204.3676 14.37448118 72514
CZ-6A DEB
1 61461U 24140ZT  26016.49242218  .00003248  00000-0  10785-2 0  9996
2 61461  89.1215 297.8945 0023018 154.8819 205.3506 14.37449939 72553
CZ-6A DEB
1 61461U 24140ZT  26017.74544843  .00003964  00000-0  13168-2 0  9997
2 61461  89.1219 297.7662 0023202 150.4269 209.8249 14.37460100 72734
CZ-6A DEB
1 61461U 24140ZT  26018.51118250  .00004147  00000-0  13775-2 0  9990
2 61461  89.1219 297.6878 0023322 147.7723 212.4908 14.37466278 72845
CZ-6A DEB
1 61461U 24140ZT  26018.72001840  .00004152  00000-0  13791-2 0  9993
2 61461  89.1218 297.6664 0023354 147.0599 213.2062 14.37468057 72876
CZ-6A DEB
1 61461U 24140ZT  26019.76419400  .00004382  00000-0  14554-2 0  9996
2 61461  89.1215 297.5593 0023526 143.4368 216.8443 14.37477303 73022
CZ-6A DEB
1 61461U 24140ZT  26020.18185733  .00008674  00000-0  28829-2 0  9991
2 61461  89.1216 297.5165 0023595 142.1425 218.1440 14.37494030 73088
CZ-6A DEB
1 61461U 24140ZT  26020.73873838  .00011738  00000-0  38996-2 0  9993
2 61461  89.1225 297.4598 0023698 140.2604 220.0338 14.37511701 73161
CZ-6A DEB
1 61461U 24140ZT  26022.47896002  .00006910  00000-0  22936-2 0  9997
2 61461  89.1211 297.2811 0024009 134.4229 225.8942 14.37543550 73416
CZ-6A DEB
1 61461U 24140ZT  26022.47896003  .00006910  00000-0  22936-2 0  9998
2 61461  89.1211 297.2811 0024009 134.4229 225.8942 14.37543550 73416
CZ-6A DEB
1 61461U 24140ZT  26023.03582388  .00005099  00000-0  16913-2 0  9994
2 61461  89.1210 297.2241 0024087 132.6920 227.6314 14.37549329 73497
CZ-6A DEB
1 61461U 24140ZT  26024.49758081  .00007600  00000-0  25212-2 0  9992
2 61461  89.1205 297.0739 0024304 127.9748 232.3653 14.37570173 73702
CZ-6A DEB
1 61461U 24140ZT  26024.70640187  .00006310  00000-0  20929-2 0  9990
2 61461  89.1207 297.0524 0024341 127.2859 233.0565 14.37570935 73732
CZ-6A DEB
1 61461U 24140ZT  26026.72498279  .00006062  00000-0  20091-2 0  9991
2 61461  89.1209 296.8451 0024690 120.6424 239.7215 14.37596931 74024
CZ-6A DEB
1 61461U 24140ZT  26026.72498280  .00006062  00000-0  20091-2 0  9993
2 61461  89.1209 296.8451 0024690 120.6424 239.7215 14.37596931 74024
CZ-6A DEB
1 61461U 24140ZT  26027.49064145  .00006715  00000-0  22253-2 0  9994
2 61461  89.1207 296.7662 0024782 118.2679 242.1026 14.37607702 74131
CZ-6A DEB
1 61461U 24140ZT  26027.49064145  .00006715  00000-0  22253-2 0  9994
2 61461  89.1207 296.7662 0024782 118.2679 242.1026 14.37607702 74131
CZ-6A DEB
1 61461U 24140ZT  26027.69945686  .00006263  00000-0  20754-2 0  9996
2 61461  89.1206 296.7448 0024826 117.5562 242.8165 14.37609613 74161
CZ-6A DEB
1 61461U 24140ZT  26027.69945687  .00006263  00000-0  20754-2 0  9997
2 61461  89.1206 296.7448 0024826 117.5562 242.8165 14.37609614 74162
CZ-6A DEB
1 61461U 24140ZT  26029.99639804  .00006102  00000-0  20206-2 0  9997
2 61461  89.1212 296.5088 0025168 110.2392 250.1517 14.37638307 74498
CZ-6A DEB
1 61461U 24140ZT  26030.20520818  .00005957  00000-0  19723-2 0  9996
2 61461  89.1211 296.4873 0025220 109.5691 250.8235 14.37641252 74521
CZ-6A DEB
1 61461U 24140ZT  26030.48362153  .00005675  00000-0  18787-2 0  9998
2 61461  89.1211 296.4587 0025254 108.7011 251.6933 14.37644114 74565
CZ-6A DEB
1 61461U 24140ZT  26030.48362153  .00005675  00000-0  18787-2 0  9998
2 61461  89.1211 296.4587 0025254 108.7011 251.6933 14.37644114 74565
CZ-6A DEB
1 61461U 24140ZT  26031.17965300  .00004132  00000-0  13666-2 0  9996
2 61461  89.1212 296.3873 0025354 106.4804 253.9185 14.37649189 74661
CZ-6A DEB
1 61461U 24140ZT  26031.17965301  .00004132  00000-0  13666-2 0  9997
2 61461  89.1212 296.3873 0025354 106.4804 253.9185 14.37649189 74661
CZ-6A DEB
1 61461U 24140ZT  26032.15409200  .00003594  00000-0  11878-2 0  9991
2 61461  89.1211 296.2874 0025495 103.3937 257.0107 14.37657303 74801
CZ-6A DEB
1 61461U 24140ZT  26032.71091192  .00003588  00000-0  11857-2 0  9990
2 61461  89.1210 296.2303 0025564 101.6481 258.7590 14.37661822 74882
CZ-6A DEB
1 61461U 24140ZT  26032.98932087  .00003637  00000-0  12020-2 0  9994
2 61461  89.1212 296.2018 0025590 100.7997 259.6086 14.37664296 74921
CZ-6A DEB
1 61461U 24140ZT  26034.17255375  .00004114  00000-0  13596-2 0  9995
2 61461  89.1209 296.0805 0025710  97.1510 263.2614 14.37675973 75094
CZ-6A DEB
1 61461U 24140ZT  26034.17255376  .00004114  00000-0  13596-2 0  9996
2 61461  89.1209 296.0805 0025710  97.1510 263.2614 14.37675973 75094
CZ-6A DEB
1 61461U 24140ZT  26034.45096019  .00004330  00000-0  14313-2 0  9992
2 61461  89.1208 296.0518 0025756  96.2968 264.1167 14.37678828 75131
CZ-6A DEB
1 61461U 24140ZT  26034.45096019  .00004330  00000-0  14313-2 0  9992
2 61461  89.1208 296.0518 0025756  96.2968 264.1167 14.37678828 75131
CZ-6A DEB
1 61461U 24140ZT  26035.14697341  .00004551  00000-0  15044-2 0  9991
2 61461  89.1205 295.9805 0025817  94.1546 266.2605 14.37686325 75234
CZ-6A DEB
1 61461U 24140ZT  26035.14697342  .00004551  00000-0  15044-2 0  9992
2 61461  89.1205 295.9805 0025817  94.1546 266.2605 14.37686325 75234
CZ-6A DEB
1 61461U 24140ZT  26035.70378178  .00004863  00000-0  16073-2 0  9996
2 61461  89.1203 295.9233 0025838  92.4483 267.9675 14.37692169 75318
CZ-6A DEB
1 61461U 24140ZT  26035.70378179  .00004863  00000-0  16073-2 0  9997
2 61461  89.1203 295.9233 0025838  92.4483 267.9675 14.37692169 75318
CZ-6A DEB
1 61461U 24140ZT  26036.67818852  .00006732  00000-0  22258-2 0  9990
2 61461  89.1200 295.8232 0025934  89.4668 270.9504 14.37707733 75455
CZ-6A DEB
1 61461U 24140ZT  26036.67818852  .00006732  00000-0  22258-2 0  9990
2 61461  89.1200 295.8232 0025934  89.4668 270.9504 14.37707733 75455
CZ-6A DEB
1 61461U 24140ZT  26037.16538927  .00006008  00000-0  19858-2 0  9995
2 61461  89.1198 295.7731 0026002  87.9790 272.4387 14.37711847 75525
CZ-6A DEB
1 61461U 24140ZT  26037.16538928  .00006008  00000-0  19858-2 0  9996
2 61461  89.1198 295.7731 0026002  87.9790 272.4388 14.37711847 75526
CZ-6A DEB
1 61461U 24140ZT  26038.13978588  .00005346  00000-0  17661-2 0  9998
2 61461  89.1196 295.6727 0026099  84.9909 275.4269 14.37721284 75665
CZ-6A DEB
1 61461U 24140ZT  26038.13978588  .00005346  00000-0  17661-2 0  9998
2 61461  89.1196 295.6727 0026099  84.9909 275.4269 14.37721284 75665
CZ-6A DEB
1 61461U 24140ZT  26039.67096750  .00004072  00000-0  13443-2 0  9999
2 61461  89.1197 295.5152 0026049  80.4212 279.9930 14.37732986 75889
CZ-6A DEB
1 61461U 24140ZT  26039.67096751  .00004072  00000-0  13443-2 0  9990
2 61461  89.1197 295.5152 0026049  80.4212 279.9930 14.37732986 75889
CZ-6A DEB
1 61461U 24140ZT  26040.15815857  .00003991  00000-0  13171-2 0  9998
2 61461  89.1190 295.4649 0026238  78.8622 281.5526 14.37737597 75959
CZ-6A DEB
1 61461U 24140ZT  26041.13253615  .00004121  00000-0  13599-2 0  9995
2 61461  89.1190 295.3648 0026327  75.9092 284.5032 14.37746480 76097
CZ-6A DEB
1 61461U 24140ZT  26041.13253616  .00004121  00000-0  13599-2 0  9996
2 61461  89.1190 295.3648 0026327  75.9092 284.5032 14.37746480 76097
CZ-6A DEB
1 61461U 24140ZT  26041.68932048  .00004103  00000-0  13539-2 0  9993
2 61461  89.1189 295.3074 0026289  74.2228 286.1868 14.37751248 76170
CZ-6A DEB
1 61461U 24140ZT  26043.15087083  .00004443  00000-0  14660-2 0  9990
2 61461  89.1195 295.1569 0026353  69.8639 290.5393 14.37764593 76384
CZ-6A DEB
1 61461U 24140ZT  26043.15087084  .00004443  00000-0  14660-2 0  9991
2 61461  89.1195 295.1569 0026353  69.8639 290.5393 14.37764593 76384
CZ-6A DEB
1 61461U 24140ZT  26044.68200443  .00003856  00000-0  12713-2 0  9990
2 61461  89.1202 294.9997 0026346  65.2671 295.1266 14.37776539 76601
CZ-6A DEB
1 61461U 24140ZT  26044.96039099  .00004020  00000-0  13257-2 0  9996
2 61461  89.1201 294.9711 0026364  64.4256 295.9665 14.37779144 76644
CZ-6A DEB
1 61461U 24140ZT  26045.65635564  .00003810  00000-0  12559-2 0  9992
2 61461  89.1199 294.8996 0026382  62.3005 298.0867 14.37784202 76743
CZ-6A DEB
1 61461U 24140ZT  26046.14352899  .00003481  00000-0  11470-2 0  9999
2 61461  89.1197 294.8494 0026402  60.8786 299.5052 14.37787447 76810
CZ-6A DEB
1 61461U 24140ZT  26046.14352900  .00003481  00000-0  11470-2 0  9992
2 61461  89.1197 294.8494 0026402  60.8786 299.5052 14.37787447 76810
CZ-6A DEB
1 61461U 24140ZT  26046.63070061  .00004485  00000-0  14789-2 0  9992
2 61461  89.1196 294.7994 0026382  59.3980 300.9818 14.37793844 76881
CZ-6A DEB
1 61461U 24140ZT  26047.11787110  .00004494  00000-0  14816-2 0  9997
2 61461  89.1198 294.7497 0026415  58.0108 302.3654 14.37797907 76952
CZ-6A DEB
1 61461U 24140ZT  26047.11787110  .00004494  00000-0  14816-2 0  9997
2 61461  89.1198 294.7497 0026415  58.0108 302.3654 14.37797907 76952
CZ-6A DEB
1 61461U 24140ZT  26047.67463485  .00004254  00000-0  14025-2 0  9990
2 61461  89.1193 294.6925 0026311  56.2932 304.0771 14.37802423 77031
CZ-6A DEB
1 61461U 24140ZT  26047.67463485  .00004254  00000-0  14025-2 0  9990
2 61461  89.1193 294.6925 0026311  56.2932 304.0771 14.37802423 77031
CZ-6A DEB
1 61461U 24140ZT  26048.64896804  .00003817  00000-0  12576-2 0  9996
2 61461  89.1191 294.5925 0026260  53.2920 307.0687 14.37809677 77177
CZ-6A DEB
1 61461U 24140ZT  26049.13613241  .00003876  00000-0  12771-2 0  9995
2 61461  89.1188 294.5423 0026238  51.8342 308.5216 14.37814027 77240
CZ-6A DEB
1 61461U 24140ZT  26049.13613241  .00003876  00000-0  12771-2 0  9995
2 61461  89.1188 294.5423 0026238  51.8342 308.5216 14.37814027 77240
CZ-6A DEB
1 61461U 24140ZT  26049.41451170  .00003896  00000-0  12835-2 0  9990
2 61461  89.1186 294.5136 0026259  51.0329 309.3204 14.37816175 77285
CZ-6A DEB
1 61461U 24140ZT  26049.41451170  .00003896  00000-0  12835-2 0  9990
2 61461  89.1186 294.5137 0026259  51.0329 309.3204 14.37816175 77286
CZ-6A DEB
1 61461U 24140ZT  26051.08477895  .00003465  00000-0  11409-2 0  9996
2 61461  89.1180 294.3417 0026215  46.0508 314.2848 14.37827500 77524
CZ-6A DEB
1 61461U 24140ZT  26051.08477895  .00003465  00000-0  11409-2 0  9996
2 61461  89.1180 294.3417 0026215  46.0508 314.2848 14.37827500 77524
CZ-6A DEB
1 61461U 24140ZT  26052.12868925  .00003552  00000-0  11697-2 0  9996
2 61461  89.1177 294.2342 0026142  42.8441 317.4790 14.37834722 77676
CZ-6A DEB
1 61461U 24140ZT  26052.12868926  .00003552  00000-0  11697-2 0  9997
2 61461  89.1177 294.2342 0026142  42.8441 317.4790 14.37834722 77676
CZ-6A DEB
1 61461U 24140ZT  26052.61584514  .00003374  00000-0  11107-2 0  9997
2 61461  89.1175 294.1841 0026053  41.3229 318.9936 14.37837755 77741
CZ-6A DEB
1 61461U 24140ZT  26052.61584515  .00003374  00000-0  11107-2 0  9998
2 61461  89.1175 294.1841 0026053  41.3229 318.9936 14.37837755 77741
CZ-6A DEB
1 61461U 24140ZT  26053.10300048  .00003297  00000-0  10851-2 0  9999
2 61461  89.1174 294.1337 0026006  39.8371 320.4731 14.37840723 77816
CZ-6A DEB
1 61461U 24140ZT  26053.65974714  .00004171  00000-0  13738-2 0  9995
2 61461  89.1174 294.0763 0025968  38.1220 322.1811 14.37846983 77899
CZ-6A DEB
1 61461U 24140ZT  26053.93812000  .00004308  00000-0  14190-2 0  9990
2 61461  89.1174 294.0475 0025936  37.2734 323.0259 14.37849252 77937
CZ-6A DEB
1 61461U 24140ZT  26053.93812000  .00004308  00000-0  14190-2 0  9990
2 61461  89.1174 294.0475 0025936  37.2734 323.0259 14.37849252 77937
CZ-6A DEB
1 61461U 24140ZT  26054.63404993  .00004015  00000-0  13221-2 0  9995
2 61461  89.1178 293.9758 0025822  35.0255 325.2637 14.37854118 78034
CZ-6A DEB
1 61461U 24140ZT  26054.63404994  .00004015  00000-0  13221-2 0  9996
2 61461  89.1178 293.9758 0025822  35.0255 325.2637 14.37854118 78034
CZ-6A DEB
1 61461U 24140ZT  26054.91242162  .00003737  00000-0  12303-2 0  9994
2 61461  89.1181 293.9472 0025829  34.3424 325.9439 14.37855424 78070
CZ-6A DEB
1 61461U 24140ZT  26055.12119984  .00003681  00000-0  12116-2 0  9993
2 61461  89.1181 293.9257 0025810  33.7082 326.5753 14.37857046 78106
CZ-6A DEB
1 61461U 24140ZT  26055.39957046  .00003639  00000-0  11979-2 0  9990
2 61461  89.1178 293.8968 0025769  32.7244 327.5546 14.37858995 78141
CZ-6A DEB
1 61461U 24140ZT  26055.39957047  .00003639  00000-0  11979-2 0  9991
2 61461  89.1178 293.8968 0025769  32.7244 327.5546 14.37858995 78141
CZ-6A DEB
1 61461U 24140ZT  26056.09549573  .00003073  00000-0  10108-2 0  9995
2 61461  89.1180 293.8250 0025707  30.6083 329.6611 14.37862823 78240
CZ-6A DEB
1 61461U 24140ZT  26056.09549573  .00003073  00000-0  10108-2 0  9995
2 61461  89.1180 293.8250 0025707  30.6083 329.6611 14.37862823 78240
CZ-6A DEB
1 61461U 24140ZT  26056.44345730  .00003257  00000-0  10716-2 0  9992
2 61461  89.1180 293.7891 0025676  29.5308 330.7336 14.37865684 78292
CZ-6A DEB
1 61461U 24140ZT  26056.44345731  .00003257  00000-0  10716-2 0  9993
2 61461  89.1180 293.7891 0025676  29.5308 330.7336 14.37865684 78292
CZ-6A DEB
1 61461U 24140ZT  26057.06978779  .00003086  00000-0  10150-2 0  9998
2 61461  89.1181 293.7246 0025618  27.6008 332.6546 14.37868994 78380
CZ-6A DEB
1 61461U 24140ZT  26057.06978780  .00003086  00000-0  10150-2 0  9990
2 61461  89.1181 293.7246 0025618  27.6008 332.6546 14.37868994 78380
CZ-6A DEB
1 61461U 24140ZT  26057.41774776  .00003212  00000-0  10565-2 0  9999
2 61461  89.1178 293.6889 0025527  26.4319 333.8176 14.37871528 78434
CZ-6A DEB
1 61461U 24140ZT  26057.41774776  .00003212  00000-0  10565-2 0  9999
2 61461  89.1178 293.6889 0025527  26.4319 333.8176 14.37871528 78434
CZ-6A DEB
1 61461U 24140ZT  26058.60080852  .00003172  00000-0  10432-2 0  9994
2 61461  89.1178 293.5670 0025375  22.6627 337.5687 14.37879176 78606
CZ-6A DEB
1 61461U 24140ZT  26058.94876673  .00003350  00000-0  11019-2 0  9995
2 61461  89.1178 293.5312 0025367  21.6442 338.5825 14.37881645 78658
CZ-6A DEB
1 61461U 24140ZT  26059.08794969  .00003342  00000-0  10995-2 0  9991
2 61461  89.1178 293.5168 0025350  21.2091 339.0154 14.37882646 78670
CZ-6A DEB
1 61461U 24140ZT  26059.08794970  .00003342  00000-0  10995-2 0  9993
2 61461  89.1178 293.5169 0025350  21.2091 339.0154 14.37882646 78671
CZ-6A DEB
1 61461U 24140ZT  26059.64468097  .00003193  00000-0  10500-2 0  9999
2 61461  89.1176 293.4595 0025284  19.4319 340.7839 14.37885801 78753
CZ-6A DEB
1 61461U 24140ZT  26059.92304600  .00003284  00000-0  10801-2 0  9994
2 61461  89.1176 293.4309 0025257  18.5830 341.6287 14.37887755 78795
CZ-6A DEB
1 61461U 24140ZT  26059.92304600  .00003284  00000-0  10801-2 0  9994
2 61461  89.1176 293.4309 0025257  18.5830 341.6287 14.37887755 78795
CZ-6A DEB
1 61461U 24140ZT  26060.61895707  .00003445  00000-0  11331-2 0  9993
2 61461  89.1173 293.3592 0025181  16.3347 343.8658 14.37892816 78891
CZ-6A DEB
1 61461U 24140ZT  26060.61895707  .00003445  00000-0  11331-2 0  9993
2 61461  89.1173 293.3592 0025181  16.3347 343.8659 14.37892816 78892
CZ-6A DEB
1 61461U 24140ZT  26061.38445668  .00003586  00000-0  11797-2 0  9997
2 61461  89.1170 293.2802 0025083  13.9937 346.1953 14.37898144 79008
CZ-6A DEB
1 61461U 24140ZT  26061.59322879  .00003488  00000-0  11474-2 0  9991
2 61461  89.1170 293.2587 0025062  13.3037 346.8818 14.37899280 79032
CZ-6A DEB
1 61461U 24140ZT  26061.59322879  .00003488  00000-0  11474-2 0  9991
2 61461  89.1170 293.2587 0025062  13.3037 346.8818 14.37899280 79032
CZ-6A DEB
1 61461U 24140ZT  26062.08036267  .00003404  00000-0  11197-2 0  9999
2 61461  89.1168 293.2085 0024980  11.7103 348.4673 14.37902359 79103
CZ-6A DEB
1 61461U 24140ZT  26062.63708595  .00003792  00000-0  12476-2 0  9991
2 61461  89.1167 293.1512 0024922   9.9363 350.2325 14.37907310 79184
CZ-6A DEB
1 61461U 24140ZT  26062.63708596  .00003792  00000-0  12476-2 0  9992
2 61461  89.1167 293.1512 0024922   9.9363 350.2325 14.37907310 79184
CZ-6A DEB
1 61461U 24140ZT  26063.05462697  .00004149  00000-0  13653-2 0  9993
2 61461  89.1166 293.1081 0024873   8.6087 351.5534 14.37911470 79243
CZ-6A DEB
1 61461U 24140ZT  26063.61134692  .00004113  00000-0  13534-2 0  9995
2 61461  89.1163 293.0508 0024788   6.8616 353.2919 14.37915345 79326
CZ-6A DEB
1 61461U 24140ZT  26063.61134693  .00004113  00000-0  13534-2 0  9996
2 61461  89.1163 293.0508 0024788   6.8616 353.2919 14.37915345 79326
CZ-6A DEB
1 61461U 24140ZT  26064.09847542  .00003815  00000-0  12548-2 0  9995
2 61461  89.1161 293.0004 0024713   5.3347 354.8112 14.37918614 79399
CZ-6A DEB
1 61461U 24140ZT  26064.09847543  .00003815  00000-0  12548-2 0  9996
2 61461  89.1161 293.0004 0024713   5.3347 354.8112 14.37918614 79399
CZ-6A DEB
1 61461U 24140ZT  26064.58560291  .00004060  00000-0  13358-2 0  9995
2 61461  89.1159 292.9501 0024664   3.7995 356.3388 14.37922907 79462
CZ-6A DEB
1 61461U 24140ZT  26064.58560291  .00004060  00000-0  13358-2 0  9995
2 61461  89.1159 292.9501 0024664   3.7995 356.3388 14.37922907 79462
CZ-6A DEB
1 61461U 24140ZT  26065.07272869  .00003320  00000-0  10914-2 0  9994
2 61461  89.1158 292.8998 0024592   2.2201 357.9103 14.37925303 79537
CZ-6A DEB
1 61461U 24140ZT  26066.60368850  .00004098  00000-0  13478-2 0  9991
2 61461  89.1156 292.7416 0024382 357.1891   2.9168 14.37938313 79750
CZ-6A DEB
1 61461U 24140ZT  26066.60368850  .00004098  00000-0  13478-2 0  9991
2 61461  89.1156 292.7416 0024382 357.1891   2.9168 14.37938313 79750
CZ-6A DEB
1 61461U 24140ZT  26067.36916291  .00004661  00000-0  15336-2 0  9994
2 61461  89.1156 292.6625 0024274 354.7301   5.3640 14.37945887 79868
CZ-6A DEB
1 61461U 24140ZT  26067.36916291  .00004661  00000-0  15336-2 0  9994
2 61461  89.1156 292.6625 0024274 354.7301   5.3640 14.37945887 79868
CZ-6A DEB
1 61461U 24140ZT  26068.62175054  .00003685  00000-0  12116-2 0  9996
2 61461  89.1158 292.5329 0024080 350.5027   9.5714 14.37954271 80041
CZ-6A DEB
1 61461U 24140ZT  26068.62175055  .00003685  00000-0  12116-2 0  9997
2 61461  89.1158 292.5329 0024080 350.5028   9.5714 14.37954271 80042
CZ-6A DEB
1 61461U 24140ZT  26069.03927776  .00003643  00000-0  11975-2 0  9994
2 61461  89.1159 292.4898 0024020 349.1325  10.9353 14.37957695 80106
CZ-6A DEB
1 61461U 24140ZT  26069.03927776  .00003643  00000-0  11975-2 0  9994
2 61461  89.1159 292.4898 0024020 349.1325  10.9353 14.37957695 80106
CZ-6A DEB
1 61461U 24140ZT  26069.59597921  .00003519  00000-0  11565-2 0  9997
2 61461  89.1159 292.4323 0023947 347.2731  12.7861 14.37961961 80189
CZ-6A DEB
1 61461U 24140ZT  26069.59597921  .00003519  00000-0  11565-2 0  9997
2 61461  89.1159 292.4323 0023947 347.2731  12.7861 14.37961961 80189
CZ-6A DEB
1 61461U 24140ZT  26070.57020320  .00003459  00000-0  11366-2 0  9993
2 61461  89.1161 292.3316 0023812 343.9956  16.0489 14.37969193 80320
CZ-6A DEB
1 61461U 24140ZT  26070.57020320  .00003459  00000-0  11366-2 0  9993
2 61461  89.1161 292.3316 0023812 343.9956  16.0489 14.37969193 80320
CZ-6A DEB
1 61461U 24140ZT  26071.89235742  .00003442  00000-0  11310-2 0  9996
2 61461  89.1158 292.1953 0023625 339.2551  20.7688 14.37978185 80517
CZ-6A DEB
1 61461U 24140ZT  26071.89235742  .00003442  00000-0  11310-2 0  9996
2 61461  89.1158 292.1953 0023625 339.2551  20.7688 14.37978185 80517
CZ-6A DEB
1 61461U 24140ZT  26072.58822504  .00003578  00000-0  11757-2 0  9996
2 61461  89.1160 292.1234 0023551 336.9926  23.0217 14.37983267 80612
CZ-6A DEB
1 61461U 24140ZT  26072.86657139  .00003438  00000-0  11296-2 0  9990
2 61461  89.1159 292.0945 0023505 336.1131  23.8977 14.37984760 80651
CZ-6A DEB
1 61461U 24140ZT  26073.56243512  .00004015  00000-0  13197-2 0  9998
2 61461  89.1159 292.0227 0023386 333.8171  26.1845 14.37991272 80756
CZ-6A DEB
1 61461U 24140ZT  26075.09332751  .00003206  00000-0  10527-2 0  9997
2 61461  89.1156 291.8648 0023162 328.5727  31.4088 14.38000621 80979
CZ-6A DEB
1 61461U 24140ZT  26075.58042767  .00002821  00000-0  92575-3 0  9992
2 61461  89.1154 291.8146 0023096 326.8938  33.0815 14.38002940 81042
CZ-6A DEB
1 61461U 24140ZT  26075.58042768  .00002821  00000-0  92575-3 0  9993
2 61461  89.1154 291.8146 0023096 326.8938  33.0815 14.38002940 81042
CZ-6A DEB
1 61461U 24140ZT  26076.55462557  .00002462  00000-0  80721-3 0  9994
2 61461  89.1150 291.7140 0022965 323.4941  36.4693 14.38007672 81185
CZ-6A DEB
1 61461U 24140ZT  26078.57259890  .00002528  00000-0  82907-3 0  9993
2 61461  89.1144 291.5051 0022737 316.3115  43.6284 14.38016906 81476
CZ-6A DEB
1 61461U 24140ZT  26078.57259891  .00002528  00000-0  82907-3 0  9994
2 61461  89.1144 291.5051 0022737 316.3115  43.6284 14.38016906 81476
CZ-6A DEB
1 61461U 24140ZT  26079.54678883  .00002878  00000-0  94435-3 0  9995
2 61461  89.1144 291.4045 0022664 312.7032  47.2259 14.38021989 81610
CZ-6A DEB
1 61461U 24140ZT  26079.54678883  .00002878  00000-0  94435-3 0  9995
2 61461  89.1144 291.4045 0022664 312.7032  47.2259 14.38021989 81610
CZ-6A DEB
1 61461U 24140ZT  26079.82512821  .00002775  00000-0  91048-3 0  9998
2 61461  89.1144 291.3757 0022639 311.6745  48.2516 14.38022865 81655
CZ-6A DEB
1 61461U 24140ZT  26079.82512821  .00002775  00000-0  91048-3 0  9998
2 61461  89.1144 291.3757 0022639 311.6746  48.2516 14.38022865 81656
CZ-6A DEB
1 61461U 24140ZT  26080.31222080  .00003057  00000-0  10033-2 0  9997
2 61461  89.1152 291.3259 0022537 310.0752  49.8471 14.38026395 81726
CZ-6A DEB
1 61461U 24140ZT  26081.56473995  .00003349  00000-0  10995-2 0  9999
2 61461  89.1141 291.1953 0022350 305.5287  54.3828 14.38034701 81905
CZ-6A DEB
1 61461U 24140ZT  26082.53891590  .00003176  00000-0  10422-2 0  9995
2 61461  89.1140 291.0941 0022206 301.9366  57.9674 14.38041073 82042
CZ-6A DEB
1 61461U 24140ZT  26082.81725088  .00003140  00000-0  10303-2 0  9993
2 61461  89.1140 291.0654 0022185 300.8780  59.0238 14.38043063 82081
CZ-6A DEB
1 61461U 24140ZT  26083.30433655  .00003011  00000-0  98766-3 0  9991
2 61461  89.1140 291.0149 0022141 299.0596  60.8386 14.38046239 82156
CZ-6A DEB
1 61461U 24140ZT  26083.30433656  .00003011  00000-0  98766-3 0  9992
2 61461  89.1140 291.0149 0022141 299.0596  60.8386 14.38046239 82156
CZ-6A DEB
1 61461U 24140ZT  26084.83517160  .00002764  00000-0  90627-3 0  9996
2 61461  89.1140 290.8563 0022020 293.4351  66.4534 14.38055403 82370
CZ-6A DEB
1 61461U 24140ZT  26084.83517161  .00002764  00000-0  90627-3 0  9997
2 61461  89.1140 290.8563 0022020 293.4351  66.4534 14.38055403 82370
CZ-6A DEB
1 61461U 24140ZT  26085.53100324  .00002662  00000-0  87264-3 0  9994
2 61461  89.1140 290.7842 0021973 290.8696  69.0152 14.38059001 82472
CZ-6A DEB
1 61461U 24140ZT  26085.53100325  .00002662  00000-0  87264-3 0  9995
2 61461  89.1140 290.7842 0021973 290.8696  69.0152 14.38059001 82472
CZ-6A DEB
1 61461U 24140ZT  26086.50516411  .00002745  00000-0  89987-3 0  9996
2 61461  89.1138 290.6833 0021809 287.2861  72.5953 14.38064776 82619
CZ-6A DEB
1 61461U 24140ZT  26086.50516411  .00002745  00000-0  89987-3 0  9996
2 61461  89.1138 290.6833 0021809 287.2861  72.5953 14.38064776 82619
CZ-6A DEB
1 61461U 24140ZT  26086.99224361  .00002811  00000-0  92167-3 0  9997
2 61461  89.1137 290.6326 0021734 285.4428  74.4372 14.38067521 82685
CZ-6A DEB
1 61461U 24140ZT  26086.99224361  .00002811  00000-0  92167-3 0  9997
2 61461  89.1137 290.6326 0021734 285.4428  74.4372 14.38067521 82685
CZ-6A DEB
1 61461U 24140ZT  26087.54890365  .00003167  00000-0  10388-2 0  9991
2 61461  89.1136 290.5749 0021662 283.3490  76.5295 14.38072188 82769
CZ-6A DEB
1 61461U 24140ZT  26087.54890365  .00003167  00000-0  10388-2 0  9991
2 61461  89.1136 290.5749 0021662 283.3490  76.5295 14.38072188 82769
CZ-6A DEB
1 61461U 24140ZT  26087.82723343  .00003208  00000-0  10522-2 0  9999
2 61461  89.1136 290.5462 0021636 282.3162  77.5616 14.38073947 82804
CZ-6A DEB
1 61461U 24140ZT  26087.82723343  .00003208  00000-0  10522-2 0  9999
2 61461  89.1136 290.5462 0021636 282.3162  77.5616 14.38073947 82804
CZ-6A DEB
1 61461U 24140ZT  26089.01012965  .00004057  00000-0  13316-2 0  9990
2 61461  89.1139 290.4242 0021641 277.8730  82.0014 14.38084645 82976
CZ-6A DEB
1 61461U 24140ZT  26089.01012966  .00004057  00000-0  13316-2 0  9991
2 61461  89.1139 290.4242 0021641 277.8730  82.0014 14.38084645 82976
CZ-6A DEB
1 61461U 24140ZT  26089.98427367  .00004127  00000-0  13543-2 0  9992
2 61461  89.1136 290.3233 0021610 274.2392  85.6338 14.38092390 83114
CZ-6A DEB
1 61461U 24140ZT  26089.98427368  .00004127  00000-0  13543-2 0  9993
2 61461  89.1136 290.3233 0021610 274.2392  85.6338 14.38092390 83114
CZ-6A DEB
1 61461U 24140ZT  26091.02799412  .00004115  00000-0  13504-2 0  9997
2 61461  89.1128 290.2152 0021453 270.2252  89.6490 14.38100650 83268
CZ-6A DEB
1 61461U 24140ZT  26091.02799413  .00004115  00000-0  13504-2 0  9998
2 61461  89.1128 290.2152 0021453 270.2252  89.6490 14.38100650 83268
CZ-6A DEB
1 61461U 24140ZT  26091.79338477  .00003442  00000-0  11286-2 0  9998
2 61461  89.1127 290.1360 0021509 267.3722  92.5016 14.38105282 83373
CZ-6A DEB
1 61461U 24140ZT  26091.79338477  .00003442  00000-0  11286-2 0  9998
2 61461  89.1127 290.1360 0021509 267.3722  92.5016 14.38105282 83373
CZ-6A DEB
1 61461U 24140ZT  26092.97625330  .00005625  00000-0  18463-2 0  9995
2 61461  89.1127 290.0134 0021414 262.8113  97.0652 14.38121340 83548
CZ-6A DEB
1 61461U 24140ZT  26093.53289373  .00005967  00000-0  19584-2 0  9995
2 61461  89.1124 289.9554 0021455 260.7896  99.0877 14.38127808 83623
CZ-6A DEB
1 61461U 24140ZT  26093.53289373  .00005967  00000-0  19584-2 0  9995
2 61461  89.1124 289.9554 0021455 260.7896  99.0877 14.38127808 83623
CZ-6A DEB
1 61461U 24140ZT  26094.50700757  .00005476  00000-0  17967-2 0  9995
2 61461  89.1122 289.8543 0021469 257.2178 102.6623 14.38138328 83761
CZ-6A DEB
1 61461U 24140ZT  26095.27237764  .00004705  00000-0  15429-2 0  9998
2 61461  89.1130 289.7749 0021460 254.1444 105.7391 14.38145666 83871
CZ-6A DEB
1 61461U 24140ZT  26095.27237764  .00004705  00000-0  15429-2 0  9998
2 61461  89.1130 289.7749 0021460 254.1444 105.7391 14.38145666 83871
CZ-6A DEB
1 61461U 24140ZT  26096.80310861  .00004083  00000-0  13382-2 0  9993
2 61461  89.1130 289.6161 0021514 248.3503 111.5406 14.38158541 84092
CZ-6A DEB
1 61461U 24140ZT  26097.49889186  .00003443  00000-0  11276-2 0  9999
2 61461  89.1131 289.5439 0021552 245.7562 114.1386 14.38162400 84194
CZ-6A DEB
1 61461U 24140ZT  26097.77720468  .00003347  00000-0  10961-2 0  9990
2 61461  89.1134 289.5150 0021583 244.8118 115.0845 14.38163981 84238
CZ-6A DEB
1 61461U 24140ZT  26097.77720468  .00003347  00000-0  10961-2 0  9990
2 61461  89.1134 289.5150 0021583 244.8118 115.0845 14.38163981 84238
CZ-6A DEB
1 61461U 24140ZT  26098.26425077  .00003191  00000-0  10445-2 0  9997
2 61461  89.1130 289.4642 0021579 242.8754 117.0245 14.38167373 84301
CZ-6A DEB
1 61461U 24140ZT  26098.96002976  .00002756  00000-0  90163-3 0  9995
2 61461  89.1132 289.3921 0021620 240.2967 119.6081 14.38170972 84403
CZ-6A DEB
1 61461U 24140ZT  26098.96002977  .00002756  00000-0  90163-3 0  9996
2 61461  89.1132 289.3921 0021620 240.2967 119.6081 14.38170972 84403
CZ-6A DEB
1 61461U 24140ZT  26099.51665170  .00003168  00000-0  10368-2 0  9994
2 61461  89.1134 289.3344 0021662 238.2705 121.6384 14.38175205 84488
CZ-6A DEB
1 61461U 24140ZT  26099.51665170  .00003168  00000-0  10368-2 0  9994
2 61461  89.1134 289.3344 0021662 238.2705 121.6384 14.38175205 84488
CZ-6A DEB
1 61461U 24140ZT  26100.49073637  .00003499  00000-0  11456-2 0  9991
2 61461  89.1133 289.2335 0021741 234.6893 125.2275 14.38182109 84628
CZ-6A DEB
1 61461U 24140ZT  26100.76904597  .00003287  00000-0  10759-2 0  9999
2 61461  89.1134 289.2047 0021770 233.6483 126.2709 14.38183024 84669
CZ-6A DEB
1 61461U 24140ZT  26100.97777756  .00003346  00000-0  10952-2 0  9998
2 61461  89.1133 289.1831 0021792 232.8739 127.0470 14.38184639 84697
CZ-6A DEB
1 61461U 24140ZT  26101.25608655  .00002739  00000-0  89582-3 0  9992
2 61461  89.1132 289.1542 0021820 231.8457 128.0778 14.38184694 84731
CZ-6A DEB
1 61461U 24140ZT  26101.25608656  .00002739  00000-0  89582-3 0  9993
2 61461  89.1132 289.1542 0021820 231.8457 128.0778 14.38184695 84732
CZ-6A DEB
1 61461U 24140ZT  26101.95185741  .00002711  00000-0  88640-3 0  9999
2 61461  89.1130 289.0821 0021897 229.3291 130.6006 14.38188481 84832
CZ-6A DEB
1 61461U 24140ZT  26101.95185741  .00002711  00000-0  88640-3 0  9999
2 61461  89.1130 289.0821 0021897 229.3291 130.6006 14.38188481 84832
CZ-6A DEB
1 61461U 24140ZT  26102.50847315  .00002419  00000-0  79041-3 0  9993
2 61461  89.1129 289.0244 0021958 227.2931 132.6421 14.38190573 84912
CZ-6A DEB
1 61461U 24140ZT  26102.50847315  .00002419  00000-0  79041-3 0  9993
2 61461  89.1129 289.0244 0021958 227.2931 132.6421 14.38190573 84912
CZ-6A DEB
1 61461U 24140ZT  26102.99551100  .00002369  00000-0  77401-3 0  9992
2 61461  89.1128 288.9739 0022016 225.5223 134.4178 14.38192969 84986
CZ-6A DEB
1 61461U 24140ZT  26102.99551100  .00002369  00000-0  77401-3 0  9992
2 61461  89.1128 288.9739 0022016 225.5223 134.4178 14.38192969 84986
CZ-6A DEB
1 61461U 24140ZT  26103.48254831  .00002282  00000-0  74532-3 0  9994
2 61461  89.1127 288.9234 0022067 223.7492 136.1961 14.38195070 85053
CZ-6A DEB
1 61461U 24140ZT  26103.96958492  .00002179  00000-0  71126-3 0  9992
2 61461  89.1126 288.8729 0022134 221.9649 137.9857 14.38197014 85120
CZ-6A DEB
1 61461U 24140ZT  26103.96958493  .00002179  00000-0  71126-3 0  9993
2 61461  89.1126 288.8729 0022134 221.9649 137.9857 14.38197014 85120
CZ-6A DEB
1 61461U 24140ZT  26104.45662091  .00002102  00000-0  68606-3 0  9999
2 61461  89.1125 288.8224 0022200 220.2034 139.7525 14.38198936 85196
CZ-6A DEB
1 61461U 24140ZT  26104.45662092  .00002102  00000-0  68606-3 0  9990
2 61461  89.1125 288.8224 0022200 220.2034 139.7525 14.38198936 85196
CZ-6A DEB
1 61461U 24140ZT  26104.94365625  .00002130  00000-0  69526-3 0  9999
2 61461  89.1124 288.7718 0022274 218.4599 141.5015 14.38201096 85263
CZ-6A DEB
1 61461U 24140ZT  26104.94365626  .00002130  00000-0  69526-3 0  9990
2 61461  89.1124 288.7718 0022274 218.4599 141.5015 14.38201096 85263
CZ-6A DEB
1 61461U 24140ZT  26105.50026766  .00001993  00000-0  65024-3 0  9997
2 61461  89.1124 288.7142 0022327 216.4970 143.4710 14.38202844 85348
CZ-6A DEB
1 61461U 24140ZT  26105.50026767  .00001993  00000-0  65024-3 0  9998
2 61461  89.1124 288.7142 0022327 216.4970 143.4710 14.38202844 85348
CZ-6A DEB
1 61461U 24140ZT  26105.77857309  .00002005  00000-0  65413-3 0  9998
2 61461  89.1125 288.6853 0022338 215.5439 144.4274 14.38203887 85387
CZ-6A DEB
1 61461U 24140ZT  26105.77857310  .00002005  00000-0  65413-3 0  9990
2 61461  89.1125 288.6854 0022338 215.5439 144.4274 14.38203887 85388
CZ-6A DEB
1 61461U 24140ZT  26106.47433576  .00002166  00000-0  70679-3 0  9990
2 61461  89.1124 288.6131 0022408 213.0799 146.9002 14.38206996 85486
CZ-6A DEB
1 61461U 24140ZT  26106.47433577  .00002166  00000-0  70679-3 0  9991
2 61461  89.1124 288.6131 0022408 213.0799 146.9002 14.38206996 85486
CZ-6A DEB
1 61461U 24140ZT  26107.93543313  .00002552  00000-0  83337-3 0  9997
2 61461  89.1123 288.4613 0022597 207.9178 152.0812 14.38213648 85692
CZ-6A DEB
1 61461U 24140ZT  26108.77034242  .00002667  00000-0  87135-3 0  9993
2 61461  89.1124 288.3746 0022708 205.0141 154.9961 14.38217710 85816
CZ-6A DEB
1 61461U 24140ZT  26108.77034242  .00002667  00000-0  87135-3 0  9993
2 61461  89.1124 288.3746 0022708 205.0141 154.9961 14.38217710 85816
CZ-6A DEB
1 61461U 24140ZT  26110.23142857  .00002534  00000-0  82751-3 0  9991
2 61461  89.1129 288.2230 0022926 199.8922 160.1387 14.38224144 86021
CZ-6A DEB
1 61461U 24140ZT  26110.44015455  .00002532  00000-0  82680-3 0  9996
2 61461  89.1129 288.2014 0022954 199.1798 160.8540 14.38225227 86050
CZ-6A DEB
1 61461U 24140ZT  26110.44015455  .00002532  00000-0  82680-3 0  9996
2 61461  89.1129 288.2014 0022954 199.1798 160.8540 14.38225227 86050
CZ-6A DEB
1 61461U 24140ZT  26111.20548082  .00002937  00000-0  95943-3 0  9993
2 61461  89.1130 288.1218 0023081 196.5528 163.4921 14.38230832 86163
CZ-6A DEB
1 61461U 24140ZT  26111.20548083  .00002937  00000-0  95943-3 0  9994
2 61461  89.1130 288.1219 0023081 196.5528 163.4921 14.38230832 86164
CZ-6A DEB
1 61461U 24140ZT  26111.20548083  .00002937  00000-0  95943-3 0  9994
2 61461  89.1130 288.1219 0023081 196.5528 163.4921 14.38230832 86164
CZ-6A DEB
1 61461U 24140ZT  26114.47548904  .00002781  00000-0  90779-3 0  9997
2 61461  89.1131 287.7827 0023592 185.5722 174.5219 14.38248164 86638
CZ-6A DEB
1 61461U 24140ZT  26114.89293393  .00003041  00000-0  99299-3 0  9998
2 61461  89.1132 287.7395 0023660 184.1969 175.9037 14.38251206 86693
CZ-6A DEB
1 61461U 24140ZT  26115.44952451  .00003759  00000-0  12284-2 0  9991
2 61461  89.1131 287.6818 0023737 182.3838 177.7253 14.38257326 86779
CZ-6A DEB
1 61461U 24140ZT  26115.72782047  .00003454  00000-0  11283-2 0  9994
2 61461  89.1132 287.6531 0023801 181.4654 178.6481 14.38257699 86811
CZ-6A DEB
1 61461U 24140ZT  26115.93654148  .00004044  00000-0  13217-2 0  9992
2 61461  89.1132 287.6315 0023850 180.8017 179.3150 14.38260919 86844
CZ-6A DEB
1 61461U 24140ZT  26116.91057045  .00003799  00000-0  12412-2 0  9996
2 61461  89.1129 287.5305 0024010 177.6486 182.4832 14.38266919 86984
CZ-6A DEB
1 61461U 24140ZT  26117.18886300  .00004222  00000-0  13795-2 0  9997
2 61461  89.1129 287.5017 0024053 176.7401 183.3961 14.38270457 87029
CZ-6A DEB
1 61461U 24140ZT  26117.18886300  .00004222  00000-0  13795-2 0  9997
2 61461  89.1129 287.5017 0024053 176.7400 183.3961 14.38270457 87028
CZ-6A DEB
1 61461U 24140ZT  26117.74544782  .00003912  00000-0  12778-2 0  9999
2 61461  89.1129 287.4439 0024145 174.9670 185.1777 14.38273683 87104
CZ-6A DEB
1 61461U 24140ZT  26117.88459362  .00004156  00000-0  13578-2 0  9993
2 61461  89.1128 287.4295 0024174 174.5429 185.6039 14.38275576 87124
CZ-6A DEB
1 61461U 24140ZT  26117.88459363  .00004156  00000-0  13578-2 0  9994
2 61461  89.1128 287.4295 0024174 174.5429 185.6040 14.38275576 87126
CZ-6A DEB
1 61461U 24140ZT  26118.44117639  .00003974  00000-0  12980-2 0  9997
2 61461  89.1128 287.3718 0024253 172.7641 187.3914 14.38279277 87209
CZ-6A DEB
1 61461U 24140ZT  26118.71946694  .00003865  00000-0  12621-2 0  9999
2 61461  89.1127 287.3430 0024325 171.8684 188.2915 14.38281190 87248
CZ-6A DEB
1 61461U 24140ZT  26118.71946695  .00003865  00000-0  12621-2 0  9990
2 61461  89.1127 287.3430 0024325 171.8684 188.2915 14.38281190 87248
CZ-6A DEB
1 61461U 24140ZT  26119.90219826  .00003905  00000-0  12751-2 0  9990
2 61461  89.1129 287.2204 0024524 168.1741 192.0041 14.38289896 87415
CZ-6A DEB
1 61461U 24140ZT  26119.90219827  .00003905  00000-0  12751-2 0  9991
2 61461  89.1129 287.2204 0024524 168.1741 192.0041 14.38289896 87415
CZ-6A DEB
1 61461U 24140ZT  26120.87620706  .00003976  00000-0  12981-2 0  9994
2 61461  89.1124 287.1190 0024670 165.1474 195.0456 14.38296920 87559
CZ-6A DEB
1 61461U 24140ZT  26120.87620707  .00003976  00000-0  12981-2 0  9995
2 61461  89.1124 287.1190 0024670 165.1474 195.0457 14.38296920 87550
CZ-6A DEB
1 61461U 24140ZT  26121.91978235  .00003794  00000-0  12380-2 0  9994
2 61461  89.1130 287.0109 0024822 161.9343 198.2746 14.38304307 87706
CZ-6A DEB
1 61461U 24140ZT  26121.91978236  .00003794  00000-0  12380-2 0  9995
2 61461  89.1130 287.0109 0024822 161.9343 198.2746 14.38304307 87706
CZ-6A DEB
1 61461U 24140ZT  26122.40678145  .00003997  00000-0  13046-2 0  9991
2 61461  89.1134 286.9605 0024924 160.5819 199.6337 14.38308852 87772
CZ-6A DEB
1 61461U 24140ZT  26122.40678145  .00003997  00000-0  13046-2 0  9991
2 61461  89.1134 286.9605 0024924 160.5819 199.6336 14.38308852 87771
CZ-6A DEB
1 61461U 24140ZT  26122.89378069  .00003760  00000-0  12269-2 0  9990
2 61461  89.1131 286.9097 0024972 158.8704 201.3534 14.38311769 87849
CZ-6A DEB
1 61461U 24140ZT  26123.17206471  .00003898  00000-0  12719-2 0  9991
2 61461  89.1132 286.8807 0025012 158.0621 202.1656 14.38314315 87882
CZ-6A DEB
1 61461U 24140ZT  26123.17206472  .00003898  00000-0  12719-2 0  9992
2 61461  89.1132 286.8807 0025012 158.0621 202.1656 14.38314315 87882
CZ-6A DEB
1 61461U 24140ZT  26123.45034867  .00003863  00000-0  12604-2 0  9995
2 61461  89.1132 286.8518 0025038 157.1057 203.1266 14.38316486 87926
CZ-6A DEB
1 61461U 24140ZT  26123.45034868  .00003863  00000-0  12604-2 0  9996
2 61461  89.1132 286.8519 0025038 157.1057 203.1266 14.38316487 87928
CZ-6A DEB
1 61461U 24140ZT  26123.86777399  .00003451  00000-0  11255-2 0  9998
2 61461  89.1135 286.8087 0025113 155.9100 204.3281 14.38318386 87986
CZ-6A DEB
1 61461U 24140ZT  26123.86777400  .00003451  00000-0  11255-2 0  9991
2 61461  89.1135 286.8087 0025113 155.9100 204.3281 14.38318386 87986
CZ-6A DEB
1 61461U 24140ZT  26124.42433975  .00003112  00000-0  10145-2 0  9991
2 61461  89.1137 286.7510 0025190 154.2234 206.0228 14.38321441 88069
CZ-6A DEB
1 61461U 24140ZT  26124.42433975  .00003112  00000-0  10145-2 0  9991
2 61461  89.1137 286.7510 0025190 154.2234 206.0228 14.38321441 88069
CZ-6A DEB
1 61461U 24140ZT  26125.18961492  .00004028  00000-0  13139-2 0  9998
2 61461  89.1140 286.6717 0025288 151.8883 208.3689 14.38328854 88175
CZ-6A DEB
1 61461U 24140ZT  26125.18961493  .00004028  00000-0  13139-2 0  9999
2 61461  89.1140 286.6717 0025288 151.8883 208.3689 14.38328854 88175
CZ-6A DEB
1 61461U 24140ZT  26125.39832573  .00003994  00000-0  13029-2 0  9997
2 61461  89.1140 286.6501 0025322 151.2665 208.9937 14.38330415 88209
CZ-6A DEB
1 61461U 24140ZT  26125.39832573  .00003994  00000-0  13029-2 0  9997
2 61461  89.1140 286.6501 0025322 151.2665 208.9937 14.38330415 88209
CZ-6A DEB
1 61461U 24140ZT  26126.92886821  .00002817  00000-0  91739-3 0  9990
2 61461  89.1144 286.4916 0025506 146.6044 213.6772 14.38337120 88428
CZ-6A DEB
1 61461U 24140ZT  26126.92886821  .00002817  00000-0  91739-3 0  9990
2 61461  89.1144 286.4916 0025506 146.6044 213.6772 14.38337120 88428
CZ-6A DEB
1 61461U 24140ZT  26127.41585721  .00002595  00000-0  84468-3 0  9994
2 61461  89.1144 286.4411 0025569 145.1327 215.1554 14.38339259 88492
CZ-6A DEB
1 61461U 24140ZT  26127.41585722  .00002595  00000-0  84468-3 0  9995
2 61461  89.1144 286.4411 0025569 145.1327 215.1554 14.38339259 88492
CZ-6A DEB
1 61461U 24140ZT  26128.38983301  .00002387  00000-0  77660-3 0  9992
2 61461  89.1142 286.3405 0025677 142.3073 217.9933 14.38343295 88631
CZ-6A DEB
1 61461U 24140ZT  26128.87681951  .00002467  00000-0  80274-3 0  9996
2 61461  89.1141 286.2902 0025714 140.9545 219.3518 14.38345853 88706
CZ-6A DEB
1 61461U 24140ZT  26128.87681952  .00002467  00000-0  80274-3 0  9997
2 61461  89.1141 286.2902 0025714 140.9545 219.3518 14.38345853 88706
CZ-6A DEB
1 61461U 24140ZT  26129.71165338  .00002079  00000-0  67575-3 0  9994
2 61461  89.1141 286.2036 0025788 138.2295 222.0880 14.38347937 88828
CZ-6A DEB
1 61461U 24140ZT  26129.71165339  .00002079  00000-0  67575-3 0  9995
2 61461  89.1141 286.2036 0025788 138.2295 222.0880 14.38347937 88828
CZ-6A DEB
1 61461U 24140ZT  26130.19863834  .00001998  00000-0  64909-3 0  9991
2 61461  89.1142 286.1532 0025836 136.7067 223.6170 14.38349803 88893
CZ-6A DEB
1 61461U 24140ZT  26130.19863835  .00001998  00000-0  64909-3 0  9992
2 61461  89.1142 286.1532 0025836 136.7067 223.6170 14.38349803 88893
CZ-6A DEB
1 61461U 24140ZT  26130.40734606  .00001954  00000-0  63472-3 0  9995
2 61461  89.1143 286.1317 0025858 136.0786 224.2476 14.38350542 88922
CZ-6A DEB
1 61461U 24140ZT  26130.68562301  .00001931  00000-0  62706-3 0  9990
2 61461  89.1141 286.1027 0025916 135.1528 225.1773 14.38351443 88962
CZ-6A DEB
1 61461U 24140ZT  26130.68562302  .00001931  00000-0  62706-3 0  9991
2 61461  89.1141 286.1027 0025916 135.1528 225.1773 14.38351443 88962
CZ-6A DEB
1 61461U 24140ZT  26131.17260677  .00001869  00000-0  60670-3 0  9994
2 61461  89.1139 286.0522 0025975 133.6645 226.6715 14.38353205 89035
CZ-6A DEB
1 61461U 24140ZT  26131.38131394  .00001843  00000-0  59820-3 0  9997
2 61461  89.1137 286.0305 0025998 133.0310 227.3075 14.38353978 89067
CZ-6A DEB
1 61461U 24140ZT  26131.38131394  .00001843  00000-0  59820-3 0  9997
2 61461  89.1137 286.0305 0025998 133.0310 227.3075 14.38353978 89067
CZ-6A DEB
1 61461U 24140ZT  26132.84226134  .00001852  00000-0  60112-3 0  9992
2 61461  89.1137 285.8793 0026133 128.6030 231.7516 14.38359167 89274
CZ-6A DEB
1 61461U 24140ZT  26132.91183003  .00001851  00000-0  60073-3 0  9992
2 61461  89.1137 285.8720 0026129 128.4362 231.9190 14.38359446 89286
CZ-6A DEB
1 61461U 24140ZT  26132.91183004  .00001851  00000-0  60073-3 0  9993
2 61461  89.1137 285.8720 0026129 128.4362 231.9190 14.38359446 89286
CZ-6A DEB
1 61461U 24140ZT  26133.39881148  .00001761  00000-0  57123-3 0  9992
2 61461  89.1137 285.8216 0026181 126.8903 233.4703 14.38360734 89354
CZ-6A DEB
1 61461U 24140ZT  26133.39881149  .00001761  00000-0  57123-3 0  9993
2 61461  89.1137 285.8216 0026181 126.8903 233.4703 14.38360734 89354
CZ-6A DEB
1 61461U 24140ZT  26134.16406647  .00001923  00000-0  62425-3 0  9996
2 61461  89.1139 285.7423 0026259 124.5181 235.8504 14.38363772 89466
CZ-6A DEB
1 61461U 24140ZT  26134.16406648  .00001923  00000-0  62425-3 0  9997
2 61461  89.1139 285.7423 0026259 124.5181 235.8504 14.38363773 89467
CZ-6A DEB
1 61461U 24140ZT  26134.37277209  .00001942  00000-0  63033-3 0  9996
2 61461  89.1139 285.7207 0026270 123.8804 236.4901 14.38364604 89499
CZ-6A DEB
1 61461U 24140ZT  26135.83370797  .00001806  00000-0  58599-3 0  9994
2 61461  89.1142 285.5693 0026289 119.4367 240.9462 14.38369556 89702
CZ-6A DEB
1 61461U 24140ZT  26137.15550197  .00001876  00000-0  60890-3 0  9999
2 61461  89.1145 285.4325 0026364 115.3527 245.0408 14.38374751 89892
CZ-6A DEB
1 61461U 24140ZT  26137.36420580  .00001869  00000-0  60650-3 0  9990
2 61461  89.1145 285.4109 0026371 114.7273 245.6677 14.38375505 89927
CZ-6A DEB
1 61461U 24140ZT  26137.36420581  .00001869  00000-0  60650-3 0  9991
2 61461  89.1145 285.4109 0026371 114.7273 245.6677 14.38375506 89928
CZ-6A DEB
1 61461U 24140ZT  26138.82512912  .00001931  00000-0  62660-3 0  9996
2 61461  89.1146 285.2596 0026421 110.3607 250.0435 14.38381389 90139
CZ-6A DEB
1 61461U 24140ZT  26138.82512913  .00001931  00000-0  62660-3 0  9997
2 61461  89.1146 285.2596 0026421 110.3607 250.0435 14.38381389 90139
CZ-6A DEB
1 61461U 24140ZT  26139.38167000  .00001837  00000-0  59595-3 0  9990
2 61461  89.1147 285.2020 0026439 108.6820 251.7253 14.38382978 90218
CZ-6A DEB
1 61461U 24140ZT  26139.65993919  .00001887  00000-0  61205-3 0  9992
2 61461  89.1146 285.1731 0026435 107.9649 252.4436 14.38384512 90253
CZ-6A DEB
1 61461U 24140ZT  26139.65993919  .00001887  00000-0  61205-3 0  9992
2 61461  89.1146 285.1731 0026435 107.9649 252.4436 14.38384512 90253
CZ-6A DEB
1 61461U 24140ZT  26140.35561296  .00001937  00000-0  62863-3 0  9997
2 61461  89.1146 285.1011 0026447 105.8583 254.5536 14.38387573 90356
CZ-6A DEB
1 61461U 24140ZT  26140.35561297  .00001937  00000-0  62863-3 0  9998
2 61461  89.1146 285.1011 0026447 105.8583 254.5536 14.38387573 90356
CZ-6A DEB
1 61461U 24140ZT  26141.81652277  .00002056  00000-0  66734-3 0  9993
2 61461  89.1149 284.9499 0026436 101.5029 258.9142 14.38394222 90565
CZ-6A DEB
1 61461U 24140ZT  26141.81652277  .00002056  00000-0  66734-3 0  9993
2 61461  89.1149 284.9499 0026436 101.5029 258.9142 14.38394222 90565
CZ-6A DEB
1 61461U 24140ZT  26142.37305795  .00002101  00000-0  68191-3 0  9995
2 61461  89.1150 284.8924 0026413  99.8301 260.5883 14.38396807 90647
CZ-6A DEB
1 61461U 24140ZT  26142.37305796  .00002101  00000-0  68191-3 0  9996
2 61461  89.1150 284.8924 0026413  99.8301 260.5883 14.38396807 90647
CZ-6A DEB
1 61461U 24140ZT  26143.34699130  .00002263  00000-0  73504-3 0  9995
2 61461  89.1150 284.7915 0026393  96.9333 263.4871 14.38402055 90783
CZ-6A DEB
1 61461U 24140ZT  26144.11222272  .00002455  00000-0  79754-3 0  9996
2 61461  89.1150 284.7123 0026418  94.8334 265.5883 14.38406177 90897
CZ-6A DEB
1 61461U 24140ZT  26144.80788502  .00002752  00000-0  89470-3 0  9991
2 61461  89.1151 284.6405 0026374  92.7446 267.6774 14.38410856 90994
CZ-6A DEB
1 61461U 24140ZT  26145.36441281  .00003022  00000-0  98262-3 0  9993
2 61461  89.1149 284.5828 0026352  91.0556 269.3664 14.38415115 91079
CZ-6A DEB
1 61461U 24140ZT  26145.64267579  .00003114  00000-0  10126-2 0  9994
2 61461  89.1147 284.5537 0026315  90.3063 270.1153 14.38417217 91111
CZ-6A DEB
1 61461U 24140ZT  26146.12963548  .00003623  00000-0  11787-2 0  9996
2 61461  89.1146 284.5033 0026304  88.8239 271.5974 14.38422051 91181
CZ-6A DEB
1 61461U 24140ZT  26146.33833207  .00003666  00000-0  11929-2 0  9992
2 61461  89.1145 284.4817 0026295  88.2088 272.2124 14.38423721 91218
CZ-6A DEB
1 61461U 24140ZT  26147.66007035  .00004227  00000-0  13756-2 0  9995
2 61461  89.1148 284.3450 0026167  84.2520 276.1662 14.38435759 91403
CZ-6A DEB
1 61461U 24140ZT  26147.79920005  .00004267  00000-0  13887-2 0  9999
2 61461  89.1145 284.3306 0026120  83.8565 276.5610 14.38437058 91426
CZ-6A DEB
1 61461U 24140ZT  26147.79920005  .00004267  00000-0  13887-2 0  9999
2 61461  89.1145 284.3306 0026120  83.8565 276.5610 14.38437058 91426
CZ-6A DEB
1 61461U 24140ZT  26148.35571741  .00004485  00000-0  14597-2 0  9992
2 61461  89.1145 284.2729 0026064  82.1752 278.2406 14.38442627 91500
CZ-6A DEB
1 61461U 24140ZT  26149.32961771  .00004779  00000-0  15555-2 0  9997
2 61461  89.1147 284.1720 0025961  79.2848 281.1273 14.38452421 91643
CZ-6A DEB
1 61461U 24140ZT  26149.32961771  .00004779  00000-0  15555-2 0  9997
2 61461  89.1147 284.1720 0025961  79.2848 281.1273 14.38452421 91643
CZ-6A DEB
1 61461U 24140ZT  26149.81656491  .00005178  00000-0  16854-2 0  9998
2 61461  89.1149 284.1216 0025894  77.8125 282.5974 14.38458370 91712
CZ-6A DEB
1 61461U 24140ZT  26150.37307405  .00005345  00000-0  17398-2 0  9999
2 61461  89.1150 284.0639 0025840  76.1071 284.3001 14.38464508 91794
CZ-6A DEB
1 61461U 24140ZT  26150.37307406  .00005345  00000-0  17398-2 0  9990
2 61461  89.1150 284.0639 0025840  76.1071 284.3001 14.38464508 91794
CZ-6A DEB
1 61461U 24140ZT  26150.79045490  .00004828  00000-0  15710-2 0  9999
2 61461  89.1153 284.0207 0025759  74.8505 285.5542 14.38467248 91858
CZ-6A DEB
1 61461U 24140ZT  26150.79045490  .00004828  00000-0  15710-2 0  9999
2 61461  89.1153 284.0207 0025759  74.8505 285.5541 14.38467248 91857
CZ-6A DEB
1 61461U 24140ZT  26151.34696010  .00005246  00000-0  17072-2 0  9999
2 61461  89.1157 283.9633 0025676  73.1565 287.2449 14.38473936 91934
CZ-6A DEB
1 61461U 24140ZT  26152.11215286  .00004123  00000-0  13409-2 0  9990
2 61461  89.1157 283.8841 0025570  70.8330 289.5635 14.38478004 92047
CZ-6A DEB
1 61461U 24140ZT  26152.32084123  .00003724  00000-0  12106-2 0  9996
2 61461  89.1157 283.8625 0025534  70.2483 290.1468 14.38478852 92076
CZ-6A DEB
1 61461U 24140ZT  26152.32084123  .00003724  00000-0  12106-2 0  9996
2 61461  89.1157 283.8625 0025534  70.2483 290.1468 14.38478852 92076
CZ-6A DEB
1 61461U 24140ZT  26156.07720014  .00003576  00000-0  11620-2 0  9993
2 61461  89.1159 283.4743 0024964  58.7203 301.6438 14.38502506 92611
CZ-6A DEB
1 61461U 24140ZT  26156.07720014  .00003576  00000-0  11620-2 0  9993
2 61461  89.1159 283.4743 0024964  58.7203 301.6438 14.38502506 92611
CZ-6A DEB
1 61461U 24140ZT  26156.35544715  .00002940  00000-0  95468-3 0  9993
2 61461  89.1158 283.4453 0025041  57.8754 302.4872 14.38502677 92650
CZ-6A DEB
1 61461U 24140ZT  26156.35544716  .00002940  00000-0  95468-3 0  9994
2 61461  89.1158 283.4453 0025041  57.8754 302.4872 14.38502677 92650
CZ-6A DEB
1 61461U 24140ZT  26157.12062301  .00003485  00000-0  11322-2 0  9996
2 61461  89.1159 283.3663 0024878  55.4615 304.8929 14.38508074 92768
CZ-6A DEB
1 61461U 24140ZT  26157.12062301  .00003485  00000-0  11322-2 0  9996
2 61461  89.1159 283.3663 0024878  55.4615 304.8929 14.38508074 92768
CZ-6A DEB
1 61461U 24140ZT  26158.79009147  .00002861  00000-0  92862-3 0  9995
2 61461  89.1156 283.1937 0024609  50.2471 310.0892 14.38515481 93008
CZ-6A DEB
1 61461U 24140ZT  26158.79009147  .00002861  00000-0  92862-3 0  9995
2 61461  89.1156 283.1937 0024609  50.2471 310.0892 14.38515481 93008
CZ-6A DEB
1 61461U 24140ZT  26159.62481977  .00002950  00000-0  95763-3 0  9995
2 61461  89.1155 283.1074 0024440  47.6200 312.7063 14.38521069 93123
CZ-6A DEB
1 61461U 24140ZT  26159.62481978  .00002950  00000-0  95763-3 0  9996
2 61461  89.1155 283.1074 0024440  47.6200 312.7063 14.38521069 93123
CZ-6A DEB
1 61461U 24140ZT  26160.32042595  .00002300  00000-0  74567-3 0  9991
2 61461  89.1154 283.0354 0024325  45.4140 314.9040 14.38522862 93225
CZ-6A DEB
1 61461U 24140ZT  26160.32042595  .00002300  00000-0  74567-3 0  9991
2 61461  89.1154 283.0354 0024325  45.4140 314.9040 14.38522862 93225
CZ-6A DEB
1 61461U 24140ZT  26160.59866816  .00002356  00000-0  76378-3 0  9993
2 61461  89.1155 283.0065 0024344  44.5470 315.7682 14.38524367 93269
CZ-6A DEB
1 61461U 24140ZT  26160.80734921  .00002372  00000-0  76911-3 0  9999
2 61461  89.1156 282.9848 0024354  43.9423 316.3708 14.38525723 93295
CZ-6A DEB
1 61461U 24140ZT  26160.80734922  .00002372  00000-0  76911-3 0  9990
2 61461  89.1156 282.9848 0024354  43.9423 316.3708 14.38525723 93295
CZ-6A DEB
1 61461U 24140ZT  26162.05943445  .00002189  00000-0  70953-3 0  9997
2 61461  89.1157 282.8552 0024140  40.0021 320.2952 14.38530941 93475
CZ-6A DEB
1 61461U 24140ZT  26165.05050448  .00002527  00000-0  81951-3 0  9998
2 61461  89.1163 282.5457 0023628  30.2931 329.9629 14.38546387 93900
CZ-6A DEB
1 61461U 24140ZT  26165.05050449  .00002527  00000-0  81951-3 0  9999
2 61461  89.1163 282.5457 0023628  30.2931 329.9629 14.38546387 93900
CZ-6A DEB
1 61461U 24140ZT  26166.02433390  .00002563  00000-0  83120-3 0  9997
2 61461  89.1165 282.4455 0023529  27.2101 333.0326 14.38551940 94041
CZ-6A DEB
1 61461U 24140ZT  26166.02433391  .00002563  00000-0  83120-3 0  9998
2 61461  89.1165 282.4455 0023529  27.2101 333.0327 14.38551940 94042
CZ-6A DEB
1 61461U 24140ZT  26166.58080535  .00002443  00000-0  79204-3 0  9992
2 61461  89.1167 282.3877 0023301  25.1086 335.1242 14.38554680 94120
CZ-6A DEB
1 61461U 24140ZT  26167.06771752  .00002435  00000-0  78958-3 0  9990
2 61461  89.1170 282.3374 0023220  23.5718 336.6541 14.38557410 94199
CZ-6A DEB
1 61461U 24140ZT  26167.06771753  .00002435  00000-0  78958-3 0  9991
2 61461  89.1170 282.3374 0023220  23.5718 336.6541 14.38557411 94190
CZ-6A DEB
1 61461U 24140ZT  26168.04153866  .00002488  00000-0  80665-3 0  9995
2 61461  89.1173 282.2374 0023044  20.3292 339.8820 14.38563079 94336
CZ-6A DEB
1 61461U 24140ZT  26168.31977245  .00002390  00000-0  77469-3 0  9990
2 61461  89.1173 282.2087 0022970  19.2420 340.9643 14.38564335 94370
CZ-6A DEB
1 61461U 24140ZT  26168.31977246  .00002390  00000-0  77469-3 0  9991
2 61461  89.1173 282.2087 0022970  19.2420 340.9643 14.38564335 94370
CZ-6A DEB
1 61461U 24140ZT  26169.29358981  .00002337  00000-0  75725-3 0  9992
2 61461  89.1171 282.1083 0022795  15.9515 344.2398 14.38569066 94512
CZ-6A DEB
1 61461U 24140ZT  26169.29358982  .00002337  00000-0  75725-3 0  9993
2 61461  89.1171 282.1083 0022795  15.9515 344.2398 14.38569066 94512
CZ-6A DEB
1 61461U 24140ZT  26170.26740200  .00002575  00000-0  83487-3 0  9998
2 61461  89.1158 282.0073 0022599  12.7023 347.4742 14.38575510 94650
CZ-6A DEB
1 61461U 24140ZT  26173.25838119  .00002176  00000-0  70500-3 0  9996
2 61461  89.1172 281.6996 0021886   1.8564 358.2714 14.38588064 95087
CZ-6A DEB
1 61461U 24140ZT  26174.30174345  .00002064  00000-0  66843-3 0  9998
2 61461  89.1157 281.5905 0021802 358.5015   1.6116 14.38590602 95233
CZ-6A DEB
1 61461U 24140ZT  26175.55377381  .00002211  00000-0  71631-3 0  9996
2 61461  89.1158 281.4610 0021617 354.0588   6.0353 14.38594817 95410
CZ-6A DEB
1 61461U 24140ZT  26176.73624124  .00002758  00000-0  89432-3 0  9991
2 61461  89.1157 281.3387 0021396 349.6852  10.3906 14.38601476 95587
CZ-6A DEB
1 61461U 24140ZT  26176.73624124  .00002758  00000-0  89432-3 0  9991
2 61461  89.1157 281.3387 0021396 349.6852  10.3906 14.38601476 95587
CZ-6A DEB
1 61461U 24140ZT  26177.71003568  .00002376  00000-0  76998-3 0  9992
2 61461  89.1169 281.2384 0021303 346.4249  13.6375 14.38604469 95726
CZ-6A DEB
1 61461U 24140ZT  26177.71003569  .00002376  00000-0  76998-3 0  9993
2 61461  89.1169 281.2384 0021303 346.4249  13.6375 14.38604469 95726
CZ-6A DEB
1 61461U 24140ZT  26178.54471341  .00002308  00000-0  74758-3 0  9999
2 61461  89.1173 281.1520 0021159 343.1883  16.8614 14.38608212 95843
CZ-6A DEB
1 61461U 24140ZT  26178.54471342  .00002308  00000-0  74758-3 0  9990
2 61461  89.1173 281.1520 0021159 343.1883  16.8614 14.38608212 95843
CZ-6A DEB
1 61461U 24140ZT  26179.03160789  .00002231  00000-0  72250-3 0  9995
2 61461  89.1166 281.1018 0021071 341.6231  18.4205 14.38610376 95916
CZ-6A DEB
1 61461U 24140ZT  26179.03160790  .00002231  00000-0  72250-3 0  9997
2 61461  89.1166 281.1018 0021071 341.6232  18.4205 14.38610376 95917
CZ-6A DEB
1 61461U 24140ZT  26179.58805802  .00002135  00000-0  69126-3 0  9998
2 61461  89.1164 281.0447 0021096 339.5939  20.4416 14.38612090 95997
CZ-6A DEB
1 61461U 24140ZT  26179.72717039  .00002127  00000-0  68873-3 0  9997
2 61461  89.1164 281.0303 0021072 339.0753  20.9583 14.38612674 96013
CZ-6A DEB
1 61461U 24140ZT  26180.70095577  .00002162  00000-0  70012-3 0  9990
2 61461  89.1166 280.9297 0020959 335.4859  24.5343 14.38617085 96155
CZ-6A DEB
1 61461U 24140ZT  26180.70095577  .00002162  00000-0  70012-3 0  9990
2 61461  89.1166 280.9297 0020959 335.4859  24.5343 14.38617085 96155
CZ-6A DEB
1 61461U 24140ZT  26182.02251455  .00002458  00000-0  79655-3 0  9996
2 61461  89.1165 280.7930 0020792 330.5849  29.4180 14.38625191 96347
CZ-6A DEB
1 61461U 24140ZT  26182.02251455  .00002458  00000-0  79655-3 0  9996
2 61461  89.1165 280.7930 0020792 330.5849  29.4180 14.38625191 96347
CZ-6A DEB
1 61461U 24140ZT  26183.27451154  .00003387  00000-0  10990-2 0  9990
2 61461  89.1169 280.6639 0020577 325.6982  34.2888 14.38634737 96525
CZ-6A DEB
1 61461U 24140ZT  26183.69184234  .00003345  00000-0  10853-2 0  9990
2 61461  89.1167 280.6208 0020543 323.8474  36.1336 14.38636982 96583
CZ-6A DEB
1 61461U 24140ZT  26183.69184234  .00003345  00000-0  10853-2 0  9990
2 61461  89.1167 280.6208 0020543 323.8474  36.1336 14.38636982 96583
CZ-6A DEB
1 61461U 24140ZT  26185.01338299  .00003746  00000-0  12155-2 0  9992
2 61461  89.1165 280.4843 0020419 318.9927  40.9738 14.38647610 96774
CZ-6A DEB
1 61461U 24140ZT  26185.22204615  .00003843  00000-0  12472-2 0  9999
2 61461  89.1165 280.4628 0020410 318.1834  41.7806 14.38649680 96803
CZ-6A DEB
1 61461U 24140ZT  26185.22204615  .00003843  00000-0  12472-2 0  9999
2 61461  89.1165 280.4628 0020410 318.1834  41.7806 14.38649680 96803
CZ-6A DEB
1 61461U 24140ZT  26185.22204615  .00003843  00000-0  12472-2 0  9999
2 61461  89.1165 280.4627 0020410 318.1834  41.7806 14.38649680 96802
CZ-6A DEB
1 61461U 24140ZT  26185.70892416  .00005447  00000-0  17689-2 0  9991
2 61461  89.1165 280.4125 0020399 316.2284  43.7299 14.38659481 96874
CZ-6A DEB
1 61461U 24140ZT  26186.26535876  .00005085  00000-0  16509-2 0  9995
2 61461  89.1154 280.3551 0020334 314.2307  45.7224 14.38661146 96957
CZ-6A DEB
1 61461U 24140ZT  26186.26535877  .00005085  00000-0  16509-2 0  9996
2 61461  89.1154 280.3551 0020334 314.2307  45.7224 14.38661146 96957
CZ-6A DEB
1 61461U 24140ZT  26186.68268301  .00004393  00000-0  14259-2 0  9998
2 61461  89.1157 280.3120 0020331 312.3974  47.5506 14.38662448 97015
CZ-6A DEB
1 61461U 24140ZT  26186.68268302  .00004393  00000-0  14259-2 0  9999
2 61461  89.1157 280.3120 0020331 312.3974  47.5506 14.38662448 97015
CZ-6A DEB
1 61461U 24140ZT  26187.23911421  .00003157  00000-0  10235-2 0  9995
2 61461  89.1165 280.2548 0020278 310.2677  49.6750 14.38663617 97095
CZ-6A DEB
1 61461U 24140ZT  26188.00420541  .00002148  00000-0  69486-3 0  9991
2 61461  89.1159 280.1757 0020306 307.0088  52.9254 14.38665732 97200
CZ-6A DEB
1 61461U 24140ZT  26188.21286735  .00002169  00000-0  70169-3 0  9992
2 61461  89.1161 280.1543 0020262 306.4487  53.4846 14.38665630 97236
CZ-6A DEB
1 61461U 24140ZT  26188.21286735  .00002169  00000-0  70169-3 0  9992
2 61461  89.1161 280.1542 0020262 306.4487  53.4846 14.38665630 97235
CZ-6A DEB
1 61461U 24140ZT  26188.56063617  .00001967  00000-0  63609-3 0  9998
2 61461  89.1159 280.1182 0020195 305.3646  54.5666 14.38666644 97285
CZ-6A DEB
1 61461U 24140ZT  26188.56063618  .00001967  00000-0  63609-3 0  9999
2 61461  89.1159 280.1182 0020195 305.3646  54.5666 14.38666644 97285
CZ-6A DEB
1 61461U 24140ZT  26189.53438703  .00001608  00000-0  51906-3 0  9997
2 61461  89.1168 280.0176 0020204 301.5537  58.3690 14.38669164 97420
CZ-6A DEB
1 61461U 24140ZT  26189.53438703  .00001608  00000-0  51906-3 0  9997
2 61461  89.1168 280.0175 0020204 301.5537  58.3690 14.38669164 97429
CZ-6A DEB
1 61461U 24140ZT  26189.74304772  .00001594  00000-0  51462-3 0  9999
2 61461  89.1169 279.9960 0020212 300.6348  59.2860 14.38669740 97450
CZ-6A DEB
1 61461U 24140ZT  26190.22992280  .00001401  00000-0  45168-3 0  9994
2 61461  89.1167 279.9456 0020202 298.5343  61.3824 14.38670221 97525
CZ-6A DEB
1 61461U 24140ZT  26191.20367193  .00001307  00000-0  42097-3 0  9995
2 61461  89.1166 279.8448 0020187 294.7460  65.1640 14.38672129 97666
CZ-6A DEB
1 61461U 24140ZT  26192.52518709  .00001123  00000-0  36102-3 0  9998
2 61461  89.1167 279.7081 0020201 289.6415  70.2605 14.38674140 97853
CZ-6A DEB
1 61461U 24140ZT  26192.52518710  .00001123  00000-0  36102-3 0  9990
2 61461  89.1167 279.7081 0020201 289.6415  70.2605 14.38674140 97853
CZ-6A DEB
1 61461U 24140ZT  26192.52518710  .00001123  00000-0  36102-3 0  9990
2 61461  89.1167 279.7081 0020201 289.6415  70.2605 14.38674140 97853
CZ-6A DEB
1 61461U 24140ZT  26193.22072017  .00001110  00000-0  35691-3 0  9991
2 61461  89.1167 279.6363 0020210 286.9719  72.9266 14.38675704 97952
CZ-6A DEB
1 61461U 24140ZT  26193.22072018  .00001110  00000-0  35691-3 0  9992
2 61461  89.1167 279.6363 0020210 286.9719  72.9266 14.38675704 97952
CZ-6A DEB
1 61461U 24140ZT  26194.19446491  .00001144  00000-0  36776-3 0  9991
2 61461  89.1164 279.5360 0020171 283.5853  76.3101 14.38678218 98098
CZ-6A DEB
1 61461U 24140ZT  26194.19446491  .00001144  00000-0  36776-3 0  9991
2 61461  89.1164 279.5360 0020171 283.5853  76.3101 14.38678218 98098
CZ-6A DEB
1 61461U 24140ZT  26195.51597089  .00001266  00000-0  40765-3 0  9996
2 61461  89.1163 279.3996 0020409 278.0586  81.8298 14.38682614 98280
CZ-6A DEB
1 61461U 24140ZT  26197.18523781  .00001295  00000-0  41705-3 0  9996
2 61461  89.1165 279.2269 0020328 272.0245  87.8627 14.38687795 98524
CZ-6A DEB
1 61461U 24140ZT  26197.18523782  .00001295  00000-0  41705-3 0  9997
2 61461  89.1165 279.2269 0020328 272.0245  87.8627 14.38687795 98524
CZ-6A DEB
1 61461U 24140ZT  26198.64584198  .00001240  00000-0  39912-3 0  9994
2 61461  89.1165 279.0763 0020433 266.4161  93.4702 14.38691935 98733
CZ-6A DEB
1 61461U 24140ZT  26198.64584199  .00001240  00000-0  39912-3 0  9995
2 61461  89.1165 279.0763 0020433 266.4161  93.4702 14.38691936 98734
CZ-6A DEB
1 61461U 24140ZT  26199.20226215  .00001232  00000-0  39624-3 0  9991
2 61461  89.1163 279.0186 0020466 264.3375  95.5492 14.38693404 98811
CZ-6A DEB
1 61461U 24140ZT  26199.48047186  .00001207  00000-0  38827-3 0  9995
2 61461  89.1164 278.9899 0020525 263.2322  96.6543 14.38694043 98850
CZ-6A DEB
1 61461U 24140ZT  26199.96733909  .00001116  00000-0  35847-3 0  9991
2 61461  89.1165 278.9398 0020635 261.3718  98.5145 14.38694734 98929
CZ-6A DEB
1 61461U 24140ZT  26200.17599646  .00001108  00000-0  35587-3 0  9997
2 61461  89.1165 278.9183 0020656 260.5684  99.3182 14.38695173 98958
CZ-6A DEB
1 61461U 24140ZT  26201.49749252  .00001058  00000-0  33970-3 0  9991
2 61461  89.1158 278.7812 0020747 255.4337 104.4562 14.38697431 99147
CZ-6A DEB
1 61461U 24140ZT  26202.19301542  .00001314  00000-0  42281-3 0  9995
2 61461  89.1156 278.7090 0020825 252.7468 107.1454 14.38700207 99242
CZ-6A DEB
1 61461U 24140ZT  26203.65360922  .00001554  00000-0  50113-3 0  9993
2 61461  89.1162 278.5592 0021030 247.6042 112.2931 14.38705310 99454
CZ-6A DEB
1 61461U 24140ZT  26204.62733522  .00001876  00000-0  60565-3 0  9990
2 61461  89.1164 278.4587 0021143 244.0366 115.8657 14.38709998 99599
CZ-6A DEB
1 61461U 24140ZT  26204.62733522  .00001876  00000-0  60565-3 0  9990
2 61461  89.1164 278.4587 0021143 244.0365 115.8657 14.38709998 99598
CZ-6A DEB
1 61461U 24140ZT  26205.18374758  .00002275  00000-0  73539-3 0  9993
2 61461  89.1163 278.4012 0021218 242.0355 117.8699 14.38714424 99677
CZ-6A DEB
1 61461U 24140ZT  26207.20073515  .00002638  00000-0  85307-3 0  9994
2 61461  89.1152 278.1911 0021684 234.5774 125.3403 14.38725412 99966
CZ-6A DEB
1 61461U 24140ZT  26207.47893947  .00002579  00000-0  83411-3 0  9990
2 61461  89.1157 278.1626 0021592 233.5141 126.4070 14.38726531100002
CZ-6A DEB
1 61461U 24140ZT  26208.17444896  .00002446  00000-0  79073-3 0  9995
2 61461  89.1156 278.0907 0021686 230.9885 128.9385 14.38729304100100
CZ-6A DEB
1 61461U 24140ZT  26209.91321608  .00002215  00000-0  71532-3 0  9999
2 61461  89.1157 277.9107 0021930 224.8018 135.1413 14.38736670100356
CZ-6A DEB
1 61461U 24140ZT  26209.91321608  .00002215  00000-0  71532-3 0  9999
2 61461  89.1157 277.9107 0021930 224.8018 135.1413 14.38736670100356
CZ-6A DEB
1 61461U 24140ZT  26210.19141819  .00002360  00000-0  76241-3 0  9998
2 61461  89.1158 277.8821 0021996 223.5666 136.3798 14.38738404100396
CZ-6A DEB
1 61461U 24140ZT  26210.60872107  .00002425  00000-0  78360-3 0  9991
2 61461  89.1154 277.8388 0022053 222.0383 137.9126 14.38740191100450
CZ-6A DEB
1 61461U 24140ZT  26211.16512395  .00002196  00000-0  70905-3 0  9995
2 61461  89.1153 277.7813 0022136 220.0732 139.8837 14.38741830100539
CZ-6A DEB
1 61461U 24140ZT  26212.62567719  .00002256  00000-0  72831-3 0  9994
2 61461  89.1150 277.6302 0022376 215.0086 144.9645 14.38748227100744
CZ-6A DEB
1 61461U 24140ZT  26212.62567719  .00002256  00000-0  72831-3 0  9994
2 61461  89.1150 277.6302 0022376 215.0086 144.9645 14.38748227100744
CZ-6A DEB
1 61461U 24140ZT  26212.90387678  .00002082  00000-0  67196-3 0  9994
2 61461  89.1149 277.6017 0022459 214.0268 145.9494 14.38748997100789
CZ-6A DEB
1 61461U 24140ZT  26213.18207609  .00002126  00000-0  68620-3 0  9992
2 61461  89.1148 277.5730 0022578 213.2146 146.7639 14.38750475100826
CZ-6A DEB
1 61461U 24140ZT  26213.59937508  .00002330  00000-0  75232-3 0  9999
2 61461  89.1148 277.5299 0022647 211.7843 148.1992 14.38752920100881
CZ-6A DEB
1 61461U 24140ZT  26214.15577258  .00002173  00000-0  70132-3 0  9993
2 61461  89.1146 277.4723 0022739 209.8947 150.0956 14.38755126100967
CZ-6A DEB
1 61461U 24140ZT  26214.15577259  .00002173  00000-0  70132-3 0  9994
2 61461  89.1146 277.4723 0022739 209.8948 150.0956 14.38755126100968
CZ-6A DEB
1 61461U 24140ZT  26214.43397090  .00002018  00000-0  65096-3 0  9999
2 61461  89.1146 277.4434 0022813 208.9792 151.0144 14.38755938101004
CZ-6A DEB
1 61461U 24140ZT  26215.12946592  .00002199  00000-0  70975-3 0  9995
2 61461  89.1144 277.3714 0022931 206.6202 153.3823 14.38759801101107
CZ-6A DEB
1 61461U 24140ZT  26215.61631190  .00002225  00000-0  71805-3 0  9997
2 61461  89.1145 277.3209 0023024 205.0238 154.9848 14.38761954101176
CZ-6A DEB
1 61461U 24140ZT  26217.14639557  .00001644  00000-0  52920-3 0  9993
2 61461  89.1147 277.1626 0023317 199.8535 160.1761 14.38766261101397
CZ-6A DEB
1 61461U 24140ZT  26217.42459248  .00001551  00000-0  49903-3 0  9995
2 61461  89.1146 277.1337 0023321 198.8700 161.1639 14.38766757101433
CZ-6A DEB
1 61461U 24140ZT  26218.60692672  .00001282  00000-0  41147-3 0  9999
2 61461  89.1148 277.0115 0023571 194.9759 165.0747 14.38769515101603
CZ-6A DEB
1 61461U 24140ZT  26218.60692672  .00001282  00000-0  41147-3 0  9999
2 61461  89.1148 277.0115 0023571 194.9759 165.0747 14.38769515101603
CZ-6A DEB
1 61461U 24140ZT  26219.58061352  .00001239  00000-0  39773-3 0  9996
2 61461  89.1146 276.9107 0023682 191.8957 168.1687 14.38770778101744
CZ-6A DEB
1 61461U 24140ZT  26219.58061352  .00001239  00000-0  39773-3 0  9996
2 61461  89.1146 276.9107 0023682 191.8957 168.1687 14.38770778101744
CZ-6A DEB
1 61461U 24140ZT  26220.13700477  .00001151  00000-0  36887-3 0  9993
2 61461  89.1145 276.8531 0023780 190.0555 170.0173 14.38771828101825
CZ-6A DEB
1 61461U 24140ZT  26220.13700477  .00001151  00000-0  36887-3 0  9993
2 61461  89.1145 276.8531 0023780 190.0555 170.0173 14.38771828101825
CZ-6A DEB
1 61461U 24140ZT  26220.41520050  .00001136  00000-0  36420-3 0  9997
2 61461  89.1146 276.8243 0023831 189.1533 170.9237 14.38772373101868
CZ-6A DEB
1 61461U 24140ZT  26220.41520050  .00001136  00000-0  36420-3 0  9997
2 61461  89.1146 276.8243 0023831 189.1533 170.9237 14.38772373101868
CZ-6A DEB
1 61461U 24140ZT  26221.11068794  .00001171  00000-0  37540-3 0  9990
2 61461  89.1144 276.7521 0023939 186.8511 173.2366 14.38774533101963
CZ-6A DEB
1 61461U 24140ZT  26221.11068794  .00001171  00000-0  37540-3 0  9990
2 61461  89.1144 276.7521 0023939 186.8511 173.2366 14.38774533101963
CZ-6A DEB
1 61461U 24140ZT  26221.59752882  .00001206  00000-0  38669-3 0  9992
2 61461  89.1142 276.7016 0024021 185.2066 174.8889 14.38775995102030
CZ-6A DEB
1 61461U 24140ZT  26222.15391819  .00001156  00000-0  37057-3 0  9998
2 61461  89.1140 276.6439 0024110 183.4112 176.6928 14.38777083102110
CZ-6A DEB
1 61461U 24140ZT  26222.64075868  .00001165  00000-0  37348-3 0  9998
2 61461  89.1140 276.5934 0024193 181.8204 178.2913 14.38778215102181
CZ-6A DEB
1 61461U 24140ZT  26222.91895311  .00001121  00000-0  35923-3 0  9990
2 61461  89.1142 276.5647 0024242 180.9434 179.1725 14.38778577102221
CZ-6A DEB
1 61461U 24140ZT  26223.12759910  .00001110  00000-0  35546-3 0  9997
2 61461  89.1143 276.5431 0024278 180.2457 179.8736 14.38778905102257
CZ-6A DEB
1 61461U 24140ZT  26223.12759910  .00001110  00000-0  35546-3 0  9997
2 61461  89.1143 276.5431 0024278 180.2457 179.8736 14.38778905102257
CZ-6A DEB
1 61461U 24140ZT  26223.40579352  .00001095  00000-0  35070-3 0  9992
2 61461  89.1142 276.5143 0024322 179.2703 180.8537 14.38779370102290
CZ-6A DEB
1 61461U 24140ZT  26223.40579353  .00001095  00000-0  35070-3 0  9993
2 61461  89.1142 276.5143 0024322 179.2703 180.8537 14.38779370102290
CZ-6A DEB
1 61461U 24140ZT  26224.10127854  .00001062  00000-0  34002-3 0  9994
2 61461  89.1141 276.4423 0024458 177.0497 183.0852 14.38780728102390
CZ-6A DEB
1 61461U 24140ZT  26224.10127855  .00001062  00000-0  34002-3 0  9995
2 61461  89.1141 276.4423 0024458 177.0497 183.0852 14.38780728102390
CZ-6A DEB
1 61461U 24140ZT  26224.86631237  .00000910  00000-0  29072-3 0  9994
2 61461  89.1143 276.3631 0024593 174.7173 185.4292 14.38781229102501
CZ-6A DEB
1 61461U 24140ZT  26224.86631238  .00000910  00000-0  29072-3 0  9995
2 61461  89.1143 276.3631 0024593 174.7173 185.4292 14.38781229102501
CZ-6A DEB
1 61461U 24140ZT  26226.11818389  .00000906  00000-0  28924-3 0  9999
2 61461  89.1140 276.2334 0024793 170.7431 189.4232 14.38783476102685
CZ-6A DEB
1 61461U 24140ZT  26226.11818389  .00000906  00000-0  28924-3 0  9999
2 61461  89.1140 276.2333 0024793 170.7431 189.4232 14.38783476102684
CZ-6A DEB
1 61461U 24140ZT  26226.39637748  .00000900  00000-0  28741-3 0  9998
2 61461  89.1140 276.2046 0024836 169.8577 190.3130 14.38783870102724
CZ-6A DEB
1 61461U 24140ZT  26226.39637748  .00000900  00000-0  28741-3 0  9998
2 61461  89.1140 276.2046 0024836 169.8577 190.3130 14.38783870102724
CZ-6A DEB
1 61461U 24140ZT  26226.88321558  .00000941  00000-0  30046-3 0  9997
2 61461  89.1137 276.1540 0024911 168.2788 191.8998 14.38784972102798
CZ-6A DEB
1 61461U 24140ZT  26227.09186034  .00000946  00000-0  30208-3 0  9994
2 61461  89.1137 276.1324 0024936 167.6186 192.5633 14.38785404102829
CZ-6A DEB
1 61461U 24140ZT  26227.09186034  .00000946  00000-0  30208-3 0  9994
2 61461  89.1137 276.1324 0024936 167.6186 192.5633 14.38785404102829
CZ-6A DEB
1 61461U 24140ZT  26228.13508337  .00001083  00000-0  34663-3 0  9996
2 61461  89.1137 276.0244 0025085 164.3767 195.8214 14.38788024102972
CZ-6A DEB
1 61461U 24140ZT  26229.10875661  .00001163  00000-0  37272-3 0  9999
2 61461  89.1136 275.9235 0025219 161.3369 198.8762 14.38790329103112
CZ-6A DEB
1 61461U 24140ZT  26229.38694869  .00001195  00000-0  38285-3 0  9998
2 61461  89.1136 275.8946 0025261 160.4816 199.7358 14.38791030103159
CZ-6A DEB
1 61461U 24140ZT  26230.08242801  .00001285  00000-0  41203-3 0  9996
2 61461  89.1136 275.8227 0025343 158.3082 201.9199 14.38793083103253
CZ-6A DEB
1 61461U 24140ZT  26231.12564507  .00001519  00000-0  48797-3 0  9997
2 61461  89.1135 275.7146 0025470 155.0766 205.1671 14.38796892103404
CZ-6A DEB
1 61461U 24140ZT  26232.09931225  .00001533  00000-0  49241-3 0  9990
2 61461  89.1135 275.6137 0025582 152.0976 208.1603 14.38799557103541
CZ-6A DEB
1 61461U 24140ZT  26233.07297703  .00001584  00000-0  50888-3 0  9990
2 61461  89.1133 275.5126 0025702 149.0973 211.1747 14.38802657103687
CZ-6A DEB
1 61461U 24140ZT  26234.53346965  .00001629  00000-0  52333-3 0  9994
2 61461  89.1133 275.3614 0025888 144.5079 215.7851 14.38807523103895
CZ-6A DEB
1 61461U 24140ZT  26234.53346966  .00001629  00000-0  52333-3 0  9995
2 61461  89.1133 275.3614 0025888 144.5079 215.7851 14.38807523103895
CZ-6A DEB
1 61461U 24140ZT  26235.08984619  .00001640  00000-0  52685-3 0  9992
2 61461  89.1132 275.3035 0025934 142.8522 217.4480 14.38809485103972
CZ-6A DEB
1 61461U 24140ZT  26236.06350320  .00001650  00000-0  53010-3 0  9991
2 61461  89.1128 275.2021 0026028 139.8890 220.4238 14.38812961104115
CZ-6A DEB
1 61461U 24140ZT  26236.55033074  .00001688  00000-0  54250-3 0  9997
2 61461  89.1127 275.1516 0026066 138.4201 221.8989 14.38814918104184
CZ-6A DEB
1 61461U 24140ZT  26237.38489062  .00001763  00000-0  56682-3 0  9996
2 61461  89.1131 275.0656 0026139 136.0368 224.2918 14.38818316104301
CZ-6A DEB
1 61461U 24140ZT  26237.52398391  .00001753  00000-0  56346-3 0  9992
2 61461  89.1132 275.0514 0026168 135.4920 224.8389 14.38818791104321
CZ-6A DEB
1 61461U 24140ZT  26237.52398392  .00001753  00000-0  56346-3 0  9993
2 61461  89.1132 275.0514 0026168 135.4920 224.8389 14.38818791104321
CZ-6A DEB
1 61461U 24140ZT  26238.35854222  .00001896  00000-0  60992-3 0  9994
2 61461  89.1131 274.9649 0026227 132.9674 227.3732 14.38822423104441
CZ-6A DEB
1 61461U 24140ZT  26238.35854223  .00001896  00000-0  60992-3 0  9995
2 61461  89.1131 274.9649 0026227 132.9674 227.3732 14.38822423104441
CZ-6A DEB
1 61461U 24140ZT  26239.54082970  .00002018  00000-0  64913-3 0  9993
2 61461  89.1130 274.8421 0026330 129.3757 230.9782 14.38827298104613
CZ-6A DEB
1 61461U 24140ZT  26239.54082970  .00002018  00000-0  64913-3 0  9993
2 61461  89.1130 274.8421 0026330 129.3756 230.9782 14.38827298104612
CZ-6A DEB
1 61461U 24140ZT  26240.51447635  .00001845  00000-0  59303-3 0  9999
2 61461  89.1127 274.7411 0026408 126.4372 233.9268 14.38829577104753
CZ-6A DEB
1 61461U 24140ZT  26240.51447636  .00001845  00000-0  59303-3 0  9990
2 61461  89.1127 274.7411 0026408 126.4373 233.9268 14.38829577104754
CZ-6A DEB
1 61461U 24140ZT  26242.53130480  .00001857  00000-0  59696-3 0  9998
2 61461  89.1123 274.5315 0026526 120.4155 239.9672 14.38837298105041
CZ-6A DEB
1 61461U 24140ZT  26242.80948676  .00001807  00000-0  58072-3 0  9994
2 61461  89.1123 274.5025 0026562 119.6332 240.7519 14.38838201105085
CZ-6A DEB
1 61461U 24140ZT  26242.80948676  .00001807  00000-0  58072-3 0  9994
2 61461  89.1123 274.5025 0026562 119.6332 240.7519 14.38838201105085
CZ-6A DEB
1 61461U 24140ZT  26243.36585103  .00001787  00000-0  57405-3 0  9994
2 61461  89.1121 274.4447 0026598 117.9332 242.4566 14.38840180105169
CZ-6A DEB
1 61461U 24140ZT  26243.36585104  .00001787  00000-0  57405-3 0  9995
2 61461  89.1121 274.4447 0026598 117.9333 242.4566 14.38840180105160
