TBA - TO BE ASSIGNED
1 61481U 24140AAL 24282.16936231  .00045961  00000-0  21083-1 0  9990
2 61481  88.9002 343.2834 0140674 322.1827  36.9539 14.15919292  4678
TBA - TO BE ASSIGNED
1 61481U 24140AAP 24282.16936231  .00045961  00000-0  21083-1 0  9990
2 61481  88.9002 343.2834 0140674 322.1827  36.9539 14.15919292  4678
CZ-6A DEB
1 61481U 24140AAL 24282.16936231  .00045961  00000-0  21083-1 0  9990
2 61481  88.9002 343.2834 0140674 322.1827  36.9539 14.15919292  4678
CZ-6A DEB
1 61481U 24140AAP 24284.14812824  .00008805  00000-0  40555-2 0  9993
2 61481  88.9005 343.0374 0140677 315.7078  43.2919 14.15917534  4958
CZ-6A DEB
1 61481U 24140AAP 24284.43080564  .00009900  00000-0  45591-2 0  9995
2 61481  88.9005 343.0023 0140669 314.7830  44.1983 14.15922715  4997
CZ-6A DEB
1 61481U 24140AAP 24284.57214481  .00007799  00000-0  35916-2 0  9991
2 61481  88.9006 342.9847 0140676 314.3185  44.6536 14.15921424  5016
CZ-6A DEB
1 61481U 24140AAP 24285.13748834  .00030291  00000-0  13911-1 0  9991
2 61481  88.9007 342.9146 0140556 312.4792  46.4584 14.15973595  5096
CZ-6A DEB
1 61481U 24140AAP 24285.42015630  .00087616  00000-0  39873-1 0  9992
2 61481  88.9009 342.8794 0140496 311.5934  47.3280 14.16046005  5133
CZ-6A DEB
1 61481U 24140AAP 24285.42015630  .00087616  00000-0  39873-1 0  9992
2 61481  88.9009 342.8794 0140496 311.5934  47.3280 14.16046005  5133
CZ-6A DEB
1 61481U 24140AAP 24289.87213093  .00006210  00000-0  28521-2 0  9998
2 61481  88.9015 342.3278 0141244 296.7979  61.8819 14.16010293  5765
CZ-6A DEB
1 61481U 24140AAP 24289.87213093  .00006210  00000-0  28521-2 0  9998
2 61481  88.9015 342.3278 0141244 296.7979  61.8819 14.16010293  5765
CZ-6A DEB
1 61481U 24140AAP 24291.14409943  .00006121  00000-0  28120-2 0  9998
2 61481  88.9008 342.1704 0140871 292.7154  65.9195 14.16024961  5944
CZ-6A DEB
1 61481U 24140AAP 24291.14409943  .00006121  00000-0  28120-2 0  9998
2 61481  88.9008 342.1704 0140871 292.7154  65.9195 14.16024961  5944
CZ-6A DEB
1 61481U 24140AAP 24291.56808601  .00006220  00000-0  28566-2 0  9992
2 61481  88.9014 342.1187 0140945 291.3192  67.2999 14.16029339  6004
CZ-6A DEB
1 61481U 24140AAP 24292.41605530  .00009070  00000-0  41657-2 0  9995
2 61481  88.8999 342.0133 0140981 288.5644  70.0273 14.16042608  6129
CZ-6A DEB
1 61481U 24140AAP 24292.41605530  .00009070  00000-0  41657-2 0  9995
2 61481  88.8999 342.0133 0140981 288.5644  70.0273 14.16042608  6129
CZ-6A DEB
1 61481U 24140AAP 24293.12269129  .00011837  00000-0  54362-2 0  9995
2 61481  88.8993 341.9248 0140782 286.2670  72.3070 14.16056022  6227
CZ-6A DEB
1 61481U 24140AAP 24294.11197602  .00012692  00000-0  58256-2 0  9997
2 61481  88.8994 341.8017 0140908 283.0415  75.5075 14.16071957  6362
CZ-6A DEB
1 61481U 24140AAP 24294.11197602  .00012692  00000-0  58256-2 0  9997
2 61481  88.8994 341.8017 0140908 283.0415  75.5075 14.16071957  6362
CZ-6A DEB
1 61481U 24140AAP 24295.10125467  .00010725  00000-0  49220-2 0  9993
2 61481  88.8994 341.6788 0140965 279.8060  78.7235 14.16079486  6501
CZ-6A DEB
1 61481U 24140AAP 24295.10125467  .00010725  00000-0  49220-2 0  9993
2 61481  88.8994 341.6788 0140965 279.8060  78.7235 14.16079486  6501
CZ-6A DEB
1 61481U 24140AAP 24299.83555779  .00007118  00000-0  32570-2 0  9992
2 61481  88.9006 341.0900 0142290 264.4189  94.0757 14.16129616  7176
CZ-6A DEB
1 61481U 24140AAP 24301.10743014  .00009525  00000-0  43606-2 0  9993
2 61481  88.9013 340.9337 0141742 260.2158  98.3000 14.16152278  7355
CZ-6A DEB
1 61481U 24140AAP 24301.10743014  .00009525  00000-0  43606-2 0  9993
2 61481  88.9013 340.9337 0141742 260.2158  98.3000 14.16152278  7355
CZ-6A DEB
1 61481U 24140AAP 24301.81401635  .00010832  00000-0  49561-2 0  9990
2 61481  88.9019 340.8462 0141924 257.9217 100.6038 14.16166097  7453
CZ-6A DEB
1 61481U 24140AAP 24302.37928108  .00009965  00000-0  45594-2 0  9998
2 61481  88.9004 340.7754 0141822 256.0921 102.4458 14.16174942  7532
CZ-6A DEB
1 61481U 24140AAP 24302.37928108  .00009965  00000-0  45594-2 0  9998
2 61481  88.9004 340.7754 0141822 256.0921 102.4458 14.16174942  7532
CZ-6A DEB
1 61481U 24140AAP 24302.80322636  .00011017  00000-0  50395-2 0  9996
2 61481  88.9007 340.7229 0141804 254.6927 103.8551 14.16185287  7591
CZ-6A DEB
1 61481U 24140AAP 24303.36848342  .00009387  00000-0  42923-2 0  9990
2 61481  88.9012 340.6526 0142002 252.9176 105.6417 14.16193711  7675
CZ-6A DEB
1 61481U 24140AAP 24303.79242371  .00009882  00000-0  45179-2 0  9993
2 61481  88.9008 340.6005 0141974 251.5342 107.0371 14.16202403  7730
CZ-6A DEB
1 61481U 24140AAP 24304.07504909  .00009800  00000-0  44797-2 0  9998
2 61481  88.9008 340.5655 0142002 250.6165 107.9628 14.16208025  7770
CZ-6A DEB
1 61481U 24140AAP 24304.35767352  .00010068  00000-0  46018-2 0  9998
2 61481  88.9007 340.5304 0142022 249.7034 108.8842 14.16213815  7812
CZ-6A DEB
1 61481U 24140AAP 24305.34685084  .00009099  00000-0  41566-2 0  9994
2 61481  88.9005 340.4077 0142156 246.5121 112.1074 14.16231722  7953
CZ-6A DEB
1 61481U 24140AAP 24305.34685084  .00009099  00000-0  41566-2 0  9994
2 61481  88.9005 340.4077 0142156 246.5121 112.1074 14.16231722  7953
CZ-6A DEB
1 61481U 24140AAP 24306.54797837  .00008514  00000-0  38859-2 0  9999
2 61481  88.8992 340.2581 0142478 242.6758 115.9865 14.16254123  8124
CZ-6A DEB
1 61481U 24140AAP 24306.83059237  .00009860  00000-0  45007-2 0  9994
2 61481  88.8993 340.2228 0142304 241.6811 116.9961 14.16262691  8161
CZ-6A DEB
1 61481U 24140AAP 24307.81973610  .00011688  00000-0  53312-2 0  9992
2 61481  88.8989 340.0998 0142462 238.5019 120.2185 14.16285827  8306
CZ-6A DEB
1 61481U 24140AAP 24307.81973610  .00011688  00000-0  53312-2 0  9992
2 61481  88.8989 340.0998 0142462 238.5019 120.2185 14.16285827  8306
CZ-6A DEB
1 61481U 24140AAP 24308.52625926  .00010030  00000-0  45736-2 0  9996
2 61481  88.8988 340.0125 0142446 236.2148 122.5407 14.16299546  8403
CZ-6A DEB
1 61481U 24140AAP 24308.87951804  .00010682  00000-0  48699-2 0  9995
2 61481  88.8993 339.9689 0142488 235.0738 123.6996 14.16307738  8452
CZ-6A DEB
1 61481U 24140AAP 24309.79798285  .00009048  00000-0  41227-2 0  9993
2 61481  88.8995 339.8547 0142623 232.1306 126.6912 14.16324478  8581
CZ-6A DEB
1 61481U 24140AAP 24310.57513729  .00007959  00000-0  36250-2 0  9998
2 61481  88.8999 339.7584 0142756 229.6788 129.1857 14.16338187  8697
CZ-6A DEB
1 61481U 24140AAP 24310.57513729  .00007959  00000-0  36250-2 0  9998
2 61481  88.8999 339.7584 0142756 229.6788 129.1857 14.16338187  8697
CZ-6A DEB
1 61481U 24140AAP 24311.06968759  .00007302  00000-0  33253-2 0  9992
2 61481  88.8994 339.6968 0142698 228.0223 130.8739 14.16345111  8760
CZ-6A DEB
1 61481U 24140AAP 24311.77618196  .00008617  00000-0  39234-2 0  9992
2 61481  88.9000 339.6088 0142692 225.7634 133.1769 14.16359386  8865
CZ-6A DEB
1 61481U 24140AAP 24311.77618196  .00008617  00000-0  39234-2 0  9992
2 61481  88.9000 339.6088 0142692 225.7634 133.1769 14.16359386  8865
CZ-6A DEB
1 61481U 24140AAP 24312.34137319  .00007798  00000-0  35492-2 0  9990
2 61481  88.9001 339.5386 0142737 223.9287 135.0484 14.16368166  8940
CZ-6A DEB
1 61481U 24140AAP 24312.83591313  .00007738  00000-0  35214-2 0  9998
2 61481  88.9003 339.4771 0142758 222.3192 136.6914 14.16376118  9010
CZ-6A DEB
1 61481U 24140AAP 24312.83591313  .00007738  00000-0  35214-2 0  9998
2 61481  88.9003 339.4771 0142758 222.3192 136.6914 14.16376118  9010
CZ-6A DEB
1 61481U 24140AAP 24313.33045016  .00007713  00000-0  35092-2 0  9995
2 61481  88.9004 339.4158 0142794 220.7282 138.3162 14.16384124  9089
CZ-6A DEB
1 61481U 24140AAP 24314.03692812  .00007593  00000-0  34535-2 0  9992
2 61481  88.9004 339.3280 0142842 218.4424 140.6521 14.16394505  9180
CZ-6A DEB
1 61481U 24140AAP 24314.31951751  .00008959  00000-0  40749-2 0  9994
2 61481  88.9004 339.2929 0142855 217.5324 141.5827 14.16401003  9228
CZ-6A DEB
1 61481U 24140AAP 24315.02598711  .00010295  00000-0  46808-2 0  9994
2 61481  88.9004 339.2055 0142918 215.2820 143.8846 14.16415001  9324
CZ-6A DEB
1 61481U 24140AAP 24315.80309830  .00007115  00000-0  32336-2 0  9990
2 61481  88.9005 339.1090 0143016 212.8302 146.3942 14.16422232  9432
CZ-6A DEB
1 61481U 24140AAP 24315.80309830  .00007115  00000-0  32336-2 0  9990
2 61481  88.9005 339.1090 0143016 212.8302 146.3942 14.16422232  9432
CZ-6A DEB
1 61481U 24140AAP 24317.49859609  .00004777  00000-0  21683-2 0  9995
2 61481  88.8999 338.8985 0143173 207.4376 151.9202 14.16440096  9672
CZ-6A DEB
1 61481U 24140AAP 24317.78117754  .00004860  00000-0  22059-2 0  9996
2 61481  88.8996 338.8632 0143205 206.5136 152.8678 14.16442714  9719
CZ-6A DEB
1 61481U 24140AAP 24317.78117754  .00004860  00000-0  22059-2 0  9996
2 61481  88.8996 338.8632 0143205 206.5136 152.8678 14.16442714  9719
CZ-6A DEB
1 61481U 24140AAP 24318.48762937  .00004552  00000-0  20654-2 0  9990
2 61481  88.8996 338.7755 0143260 204.2230 155.2180 14.16448501  9811
CZ-6A DEB
1 61481U 24140AAP 24318.77020929  .00004240  00000-0  19233-2 0  9995
2 61481  88.8996 338.7403 0143284 203.3153 156.1495 14.16450213  9857
CZ-6A DEB
1 61481U 24140AAP 24320.32439180  .00004058  00000-0  18395-2 0  9997
2 61481  88.8986 338.5468 0143339 198.3263 161.2732 14.16462304 10072
CZ-6A DEB
1 61481U 24140AAP 24320.32439180  .00004058  00000-0  18395-2 0  9997
2 61481  88.8986 338.5468 0143339 198.3263 161.2732 14.16462304 10072
CZ-6A DEB
1 61481U 24140AAP 24320.81890254  .00004372  00000-0  19823-2 0  9990
2 61481  88.8988 338.4856 0143420 196.7293 162.9140 14.16466191 10147
CZ-6A DEB
1 61481U 24140AAP 24321.03083456  .00004636  00000-0  21021-2 0  9999
2 61481  88.8990 338.4593 0143380 196.0872 163.5741 14.16468772 10173
CZ-6A DEB
1 61481U 24140AAP 24322.01985095  .00002709  00000-0  12257-2 0  9998
2 61481  88.8987 338.3361 0143421 192.9001 166.8505 14.16472091 10315
CZ-6A DEB
1 61481U 24140AAP 24322.01985095  .00002709  00000-0  12257-2 0  9998
2 61481  88.8987 338.3361 0143421 192.9001 166.8505 14.16472091 10315
CZ-6A DEB
1 61481U 24140AAP 24323.29143888  .00002343  00000-0  10591-2 0  9998
2 61481  88.8988 338.1779 0143467 188.8280 171.0384 14.16478013 10492
CZ-6A DEB
1 61481U 24140AAP 24323.29143888  .00002343  00000-0  10591-2 0  9998
2 61481  88.8988 338.1779 0143467 188.8280 171.0384 14.16478013 10492
CZ-6A DEB
1 61481U 24140AAP 24324.28044792  .00002698  00000-0  12202-2 0  9996
2 61481  88.8990 338.0550 0143410 185.7009 174.2555 14.16483807 10632
CZ-6A DEB
1 61481U 24140AAP 24324.98687986  .00003492  00000-0  15810-2 0  9992
2 61481  88.8988 337.9669 0143429 183.4260 176.5962 14.16490322 10730
CZ-6A DEB
1 61481U 24140AAP 24324.98687986  .00003492  00000-0  15810-2 0  9992
2 61481  88.8988 337.9669 0143429 183.4260 176.5962 14.16490322 10730
CZ-6A DEB
1 61481U 24140AAP 24326.47038174  .00003381  00000-0  15301-2 0  9999
2 61481  88.8990 337.7818 0143567 178.6550 181.5054 14.16497867 10940
CZ-6A DEB
1 61481U 24140AAP 24326.47038174  .00003381  00000-0  15301-2 0  9999
2 61481  88.8990 337.7818 0143567 178.6550 181.5054 14.16497867 10940
CZ-6A DEB
1 61481U 24140AAP 24326.82359467  .00003860  00000-0  17474-2 0  9994
2 61481  88.8986 337.7379 0143497 177.5215 182.6718 14.16501867 10995
CZ-6A DEB
1 61481U 24140AAP 24327.53001886  .00004286  00000-0  19407-2 0  9993
2 61481  88.8989 337.6501 0143547 175.2465 185.0127 14.16507884 11090
CZ-6A DEB
1 61481U 24140AAP 24327.53001886  .00004286  00000-0  19407-2 0  9993
2 61481  88.8989 337.6501 0143547 175.2465 185.0127 14.16507884 11090
CZ-6A DEB
1 61481U 24140AAP 24330.99144968  .00004619  00000-0  20902-2 0  9998
2 61481  88.8987 337.2197 0143711 164.1466 196.4293 14.16537899 11589
CZ-6A DEB
1 61481U 24140AAP 24330.99144968  .00004619  00000-0  20902-2 0  9998
2 61481  88.8987 337.2197 0143711 164.1466 196.4293 14.16537899 11589
CZ-6A DEB
1 61481U 24140AAP 24332.26297660  .00004420  00000-0  19997-2 0  9990
2 61481  88.8987 337.0613 0143637 160.0629 200.6253 14.16548392 11767
CZ-6A DEB
1 61481U 24140AAP 24332.26297660  .00004420  00000-0  19997-2 0  9990
2 61481  88.8987 337.0613 0143637 160.0629 200.6253 14.16548392 11767
CZ-6A DEB
1 61481U 24140AAP 24332.96937575  .00004241  00000-0  19179-2 0  9996
2 61481  88.8982 336.9735 0143712 157.7796 202.9707 14.16554358 11866
CZ-6A DEB
1 61481U 24140AAP 24333.25193469  .00004837  00000-0  21884-2 0  9992
2 61481  88.8984 336.9382 0143654 156.8954 203.8782 14.16557834 11907
CZ-6A DEB
1 61481U 24140AAP 24334.45280324  .00004968  00000-0  22475-2 0  9994
2 61481  88.8980 336.7887 0143613 153.0512 207.8229 14.16568741 12073
CZ-6A DEB
1 61481U 24140AAP 24334.73535876  .00005012  00000-0  22665-2 0  9992
2 61481  88.8983 336.7529 0143813 152.1396 208.7591 14.16571509 12114
CZ-6A DEB
1 61481U 24140AAP 24335.72429940  .00004547  00000-0  20550-2 0  9999
2 61481  88.8989 336.6298 0143881 148.9568 212.0224 14.16579907 12257
CZ-6A DEB
1 61481U 24140AAP 24335.72429940  .00004547  00000-0  20550-2 0  9999
2 61481  88.8989 336.6298 0143881 148.9568 212.0224 14.16579907 12257
CZ-6A DEB
1 61481U 24140AAP 24336.43068100  .00004670  00000-0  21105-2 0  9999
2 61481  88.8981 336.5413 0143829 146.6610 214.3740 14.16587264 12356
CZ-6A DEB
1 61481U 24140AAP 24336.71323249  .00004782  00000-0  21615-2 0  9998
2 61481  88.8977 336.5059 0143839 145.7459 215.3111 14.16590343 12398
CZ-6A DEB
1 61481U 24140AAP 24338.26725486  .00004137  00000-0  18681-2 0  9992
2 61481  88.8968 336.3116 0143877 140.8069 220.3646 14.16603918 12612
CZ-6A DEB
1 61481U 24140AAP 24338.26725486  .00004137  00000-0  18681-2 0  9992
2 61481  88.8968 336.3116 0143877 140.8069 220.3646 14.16603918 12612
CZ-6A DEB
1 61481U 24140AAP 24339.25617077  .00003847  00000-0  17363-2 0  9991
2 61481  88.8967 336.1882 0143956 137.6168 223.6248 14.16611786 12752
CZ-6A DEB
1 61481U 24140AAP 24339.96253545  .00003868  00000-0  17454-2 0  9999
2 61481  88.8965 336.1000 0143992 135.3448 225.9445 14.16617719 12855
CZ-6A DEB
1 61481U 24140AAP 24340.24508043  .00003831  00000-0  17285-2 0  9990
2 61481  88.8968 336.0649 0144019 134.4343 226.8737 14.16619863 12891
CZ-6A DEB
1 61481U 24140AAP 24341.72843451  .00003378  00000-0  15233-2 0  9996
2 61481  88.8975 335.8806 0144001 129.6686 231.7308 14.16629826 13102
CZ-6A DEB
1 61481U 24140AAP 24341.72843451  .00003378  00000-0  15233-2 0  9996
2 61481  88.8975 335.8806 0144001 129.6686 231.7308 14.16629826 13102
CZ-6A DEB
1 61481U 24140AAP 24342.22288283  .00003476  00000-0  15678-2 0  9990
2 61481  88.8981 335.8197 0143949 128.0784 233.3492 14.16633639 13170
CZ-6A DEB
1 61481U 24140AAP 24342.71732986  .00003734  00000-0  16840-2 0  9997
2 61481  88.8979 335.7578 0144000 126.5058 234.9494 14.16637637 13244
CZ-6A DEB
1 61481U 24140AAP 24343.70621919  .00003748  00000-0  16905-2 0  9997
2 61481  88.8974 335.6345 0143972 123.3444 238.1622 14.16644858 13388
CZ-6A DEB
1 61481U 24140AAP 24343.70621919  .00003748  00000-0  16905-2 0  9997
2 61481  88.8974 335.6345 0143972 123.3444 238.1622 14.16644858 13388
CZ-6A DEB
1 61481U 24140AAP 24345.40144407  .00004019  00000-0  18123-2 0  9994
2 61481  88.8970 335.4234 0144020 117.8970 243.6889 14.16658412 13620
CZ-6A DEB
1 61481U 24140AAP 24345.40144407  .00004019  00000-0  18123-2 0  9994
2 61481  88.8970 335.4234 0144020 117.8970 243.6889 14.16658412 13620
CZ-6A DEB
1 61481U 24140AAP 24345.68398016  .00003557  00000-0  16035-2 0  9997
2 61481  88.8970 335.3882 0144024 116.9883 244.6095 14.16659223 13660
CZ-6A DEB
1 61481U 24140AAP 24346.24905004  .00003308  00000-0  14904-2 0  9998
2 61481  88.8970 335.3176 0144038 115.1976 246.4227 14.16662860 13742
CZ-6A DEB
1 61481U 24140AAP 24346.95538570  .00002849  00000-0  12824-2 0  9994
2 61481  88.8973 335.2298 0144092 112.9339 248.7130 14.16666666 13844
CZ-6A DEB
1 61481U 24140AAP 24346.95538570  .00002849  00000-0  12824-2 0  9994
2 61481  88.8973 335.2298 0144092 112.9339 248.7130 14.16666666 13844
CZ-6A DEB
1 61481U 24140AAP 24348.93311512  .00002537  00000-0  11408-2 0  9990
2 61481  88.8979 334.9838 0144187 106.6074 255.1003 14.16676078 14128
CZ-6A DEB
1 61481U 24140AAP 24348.93311512  .00002537  00000-0  11408-2 0  9990
2 61481  88.8979 334.9838 0144187 106.6074 255.1003 14.16676078 14128
CZ-6A DEB
1 61481U 24140AAP 24349.71007719  .00002643  00000-0  11889-2 0  9999
2 61481  88.8967 334.8859 0144086 104.0908 257.6342 14.16679195 14231
CZ-6A DEB
1 61481U 24140AAP 24350.20450497  .00003029  00000-0  13633-2 0  9998
2 61481  88.8967 334.8243 0144112 102.5126 259.2227 14.16682914 14304
CZ-6A DEB
1 61481U 24140AAP 24350.20450497  .00003029  00000-0  13633-2 0  9998
2 61481  88.8967 334.8243 0144112 102.5126 259.2227 14.16682914 14304
CZ-6A DEB
1 61481U 24140AAP 24350.76956478  .00002938  00000-0  13220-2 0  9999
2 61481  88.8958 334.7534 0144230 100.7416 261.0048 14.16685098 14385
CZ-6A DEB
1 61481U 24140AAP 24351.19335809  .00003088  00000-0  13900-2 0  9998
2 61481  88.8961 334.7000 0144227  99.4100 262.3426 14.16687732 14445
CZ-6A DEB
1 61481U 24140AAP 24351.68778320  .00003067  00000-0  13803-2 0  9990
2 61481  88.8969 334.6387 0144169  97.8330 263.9252 14.16689921 14516
CZ-6A DEB
1 61481U 24140AAP 24351.89967946  .00003025  00000-0  13615-2 0  9992
2 61481  88.8969 334.6124 0144188  97.1534 264.6073 14.16690844 14543
CZ-6A DEB
1 61481U 24140AAP 24351.97031172  .00003033  00000-0  13647-2 0  9998
2 61481  88.8969 334.6039 0144214  96.9110 264.8508 14.16691153 14555
CZ-6A DEB
1 61481U 24140AAP 24352.95915652  .00003290  00000-0  14807-2 0  9995
2 61481  88.8971 334.4811 0144223  93.7228 268.0465 14.16697230 14694
CZ-6A DEB
1 61481U 24140AAP 24352.95915652  .00003290  00000-0  14807-2 0  9995
2 61481  88.8971 334.4811 0144223  93.7228 268.0465 14.16697230 14694
CZ-6A DEB
1 61481U 24140AAP 24353.94799601  .00003134  00000-0  14102-2 0  9994
2 61481  88.8974 334.3580 0144255  90.5561 271.2159 14.16702504 14832
CZ-6A DEB
1 61481U 24140AAP 24354.37178273  .00002821  00000-0  12687-2 0  9996
2 61481  88.8975 334.3052 0144268  89.2052 272.5663 14.16704103 14898
CZ-6A DEB
1 61481U 24140AAP 24354.37178273  .00002821  00000-0  12687-2 0  9996
2 61481  88.8975 334.3052 0144268  89.2052 272.5663 14.16704103 14898
CZ-6A DEB
1 61481U 24140AAP 24354.93683076  .00002613  00000-0  11744-2 0  9992
2 61481  88.8974 334.2352 0144208  87.4041 274.3645 14.16706591 14973
CZ-6A DEB
1 61481U 24140AAP 24355.36061537  .00002734  00000-0  12294-2 0  9997
2 61481  88.8975 334.1824 0144217  86.0495 275.7166 14.16709496 15033
CZ-6A DEB
1 61481U 24140AAP 24356.91448519  .00003284  00000-0  14777-2 0  9997
2 61481  88.8975 333.9890 0144255  81.0941 280.6546 14.16719952 15255
CZ-6A DEB
1 61481U 24140AAP 24356.91448519  .00003284  00000-0  14777-2 0  9997
2 61481  88.8975 333.9890 0144255  81.0941 280.6546 14.16719952 15255
CZ-6A DEB
1 61481U 24140AAP 24357.90330451  .00003560  00000-0  16021-2 0  9993
2 61481  88.8974 333.8659 0144282  77.9330 283.7984 14.16726726 15394
CZ-6A DEB
1 61481U 24140AAP 24358.75085929  .00003556  00000-0  16000-2 0  9996
2 61481  88.8969 333.7601 0144336  75.2241 286.4889 14.16732217 15516
CZ-6A DEB
1 61481U 24140AAP 24358.89211738  .00003837  00000-0  17268-2 0  9999
2 61481  88.8970 333.7424 0144319  74.7736 286.9357 14.16734349 15530
CZ-6A DEB
1 61481U 24140AAP 24359.88092248  .00004246  00000-0  19112-2 0  9997
2 61481  88.8965 333.6193 0144280  71.6501 290.0318 14.16743570 15673
CZ-6A DEB
1 61481U 24140AAP 24359.88092248  .00004246  00000-0  19112-2 0  9997
2 61481  88.8965 333.6193 0144280  71.6501 290.0318 14.16743570 15673
CZ-6A DEB
1 61481U 24140AAP 24360.37532285  .00004857  00000-0  21871-2 0  9996
2 61481  88.8965 333.5581 0144310  70.0801 291.5868 14.16748932 15744
CZ-6A DEB
1 61481U 24140AAP 24360.94034889  .00004447  00000-0  20018-2 0  9993
2 61481  88.8969 333.4879 0144230  68.2612 293.3858 14.16753397 15826
CZ-6A DEB
1 61481U 24140AAP 24360.94034889  .00004447  00000-0  20018-2 0  9993
2 61481  88.8969 333.4879 0144230  68.2612 293.3858 14.16753397 15826
CZ-6A DEB
1 61481U 24140AAP 24361.36411712  .00004792  00000-0  21576-2 0  9997
2 61481  88.8968 333.4348 0144236  66.8926 294.7389 14.16758165 15882
CZ-6A DEB
1 61481U 24140AAP 24362.35290341  .00004879  00000-0  21965-2 0  9998
2 61481  88.8969 333.3114 0144212  63.7216 297.8708 14.16768182 16021
CZ-6A DEB
1 61481U 24140AAP 24362.42353066  .00004962  00000-0  22340-2 0  9991
2 61481  88.8961 333.3022 0144229  63.4702 298.1190 14.16769157 16039
CZ-6A DEB
1 61481U 24140AAP 24362.63541238  .00004878  00000-0  21958-2 0  9994
2 61481  88.8964 333.2761 0144233  62.7957 298.7846 14.16770963 16064
CZ-6A DEB
1 61481U 24140AAP 24363.62418891  .00005305  00000-0  23882-2 0  9996
2 61481  88.8965 333.1528 0144245  59.6508 301.8853 14.16781660 16201
CZ-6A DEB
1 61481U 24140AAP 24364.18919977  .00005435  00000-0  24470-2 0  9997
2 61481  88.8968 333.0825 0144120  57.8705 303.6375 14.16787902 16286
CZ-6A DEB
1 61481U 24140AAP 24364.68358223  .00005874  00000-0  26445-2 0  9994
2 61481  88.8970 333.0210 0144125  56.3154 305.1681 14.16794340 16353
CZ-6A DEB
1 61481U 24140AAP 24364.89545953  .00006220  00000-0  28004-2 0  9994
2 61481  88.8969 332.9945 0144124  55.6371 305.8353 14.16797493 16384
CZ-6A DEB
1 61481U 24140AAP 25001.15545450  .00008325  00000-0  37478-2 0  9997
2 61481  88.8977 332.7131 0143938  48.4711 312.8720 14.16832074 16705
CZ-6A DEB
1 61481U 24140AAP 25001.15545450  .00008325  00000-0  37478-2 0  9997
2 61481  88.8977 332.7131 0143938  48.4711 312.8720 14.16832074 16705
CZ-6A DEB
1 61481U 24140AAP 25001.86168892  .00009321  00000-0  41950-2 0  9993
2 61481  88.8979 332.6254 0144000  46.2257 315.0740 14.16846534 16808
CZ-6A DEB
1 61481U 24140AAP 25003.34475712  .00007033  00000-0  31615-2 0  9995
2 61481  88.8970 332.4416 0144306  41.5565 319.6485 14.16873470 17015
CZ-6A DEB
1 61481U 24140AAP 25003.34475712  .00007033  00000-0  31615-2 0  9995
2 61481  88.8970 332.4416 0144306  41.5565 319.6485 14.16873470 17015
CZ-6A DEB
1 61481U 24140AAP 25003.62724157  .00006161  00000-0  27707-2 0  9994
2 61481  88.8980 332.4055 0143878  40.6089 320.5723 14.16877348 17057
CZ-6A DEB
1 61481U 24140AAP 25004.33345453  .00006063  00000-0  27256-2 0  9991
2 61481  88.8968 332.3175 0144043  38.4105 322.7232 14.16887028 17150
CZ-6A DEB
1 61481U 24140AAP 25004.61593794  .00005227  00000-0  23487-2 0  9998
2 61481  88.8965 332.2822 0144095  37.5246 323.5894 14.16889737 17194
CZ-6A DEB
1 61481U 24140AAP 25004.61593794  .00005227  00000-0  23487-2 0  9998
2 61481  88.8965 332.2822 0144095  37.5246 323.5894 14.16889737 17194
CZ-6A DEB
1 61481U 24140AAP 25005.88709947  .00006452  00000-0  29009-2 0  9994
2 61481  88.8972 332.1245 0143643  33.4131 327.6019 14.16910824 17372
CZ-6A DEB
1 61481U 24140AAP 25006.31081612  .00006244  00000-0  28075-2 0  9996
2 61481  88.8971 332.0716 0143526  32.0328 328.9483 14.16916607 17437
CZ-6A DEB
1 61481U 24140AAP 25006.59329337  .00006174  00000-0  27756-2 0  9992
2 61481  88.8975 332.0364 0143511  31.1360 329.8232 14.16920131 17473
CZ-6A DEB
1 61481U 24140AAP 25007.15824609  .00005569  00000-0  25031-2 0  9998
2 61481  88.8980 331.9657 0143483  29.3356 331.5790 14.16926117 17552
CZ-6A DEB
1 61481U 24140AAP 25007.15824609  .00005569  00000-0  25031-2 0  9998
2 61481  88.8980 331.9657 0143483  29.3356 331.5790 14.16926117 17552
CZ-6A DEB
1 61481U 24140AAP 25007.86443313  .00005370  00000-0  24135-2 0  9999
2 61481  88.8981 331.8780 0143391  27.0989 333.7590 14.16934247 17650
CZ-6A DEB
1 61481U 24140AAP 25008.14690729  .00005354  00000-0  24061-2 0  9996
2 61481  88.8978 331.8426 0143382  26.1911 334.6437 14.16936673 17697
CZ-6A DEB
1 61481U 24140AAP 25008.14690729  .00005385  00000-0  24199-2 0  9992
2 61481  88.8983 331.8429 0143392  26.2045 334.6307 14.16936812 17697
CZ-6A DEB
1 61481U 24140AAP 25008.85308979  .00004354  00000-0  19559-2 0  9992
2 61481  88.8976 331.7544 0143284  23.9396 336.8366 14.16941831 17796
CZ-6A DEB
1 61481U 24140AAP 25008.85308979  .00004354  00000-0  19559-2 0  9992
2 61481  88.8976 331.7544 0143284  23.9396 336.8366 14.16941831 17796
CZ-6A DEB
1 61481U 24140AAP 25009.13556192  .00004263  00000-0  19147-2 0  9998
2 61481  88.8974 331.7192 0143266  23.0475 337.7054 14.16944192 17834
CZ-6A DEB
1 61481U 24140AAP 25009.84173957  .00004844  00000-0  21763-2 0  9992
2 61481  88.8969 331.6311 0143197  20.8047 339.8888 14.16952002 17931
CZ-6A DEB
1 61481U 24140AAP 25010.83038228  .00004640  00000-0  20845-2 0  9998
2 61481  88.8970 331.5078 0143063  17.6371 342.9710 14.16960939 18071
CZ-6A DEB
1 61481U 24140AAP 25010.83038228  .00004640  00000-0  20845-2 0  9998
2 61481  88.8970 331.5078 0143063  17.6371 342.9710 14.16960939 18071
CZ-6A DEB
1 61481U 24140AAP 25012.31333392  .00004116  00000-0  18489-2 0  9992
2 61481  88.8975 331.3225 0142781  12.8416 347.6347 14.16973833 18289
CZ-6A DEB
1 61481U 24140AAP 25012.31333392  .00004116  00000-0  18489-2 0  9992
2 61481  88.8975 331.3225 0142781  12.8416 347.6347 14.16973833 18289
CZ-6A DEB
1 61481U 24140AAP 25012.87826489  .00003945  00000-0  17715-2 0  9997
2 61481  88.8974 331.2523 0142831  11.0540 349.3729 14.16978091 18366
CZ-6A DEB
1 61481U 24140AAP 25013.30196127  .00004259  00000-0  19133-2 0  9990
2 61481  88.8974 331.1994 0142766   9.6977 350.6913 14.16982554 18427
CZ-6A DEB
1 61481U 24140AAP 25014.85550568  .00004131  00000-0  18553-2 0  9998
2 61481  88.8982 331.0062 0142605   4.7233 355.5261 14.16995601 18645
CZ-6A DEB
1 61481U 24140AAP 25014.85550568  .00004131  00000-0  18553-2 0  9998
2 61481  88.8982 331.0062 0142605   4.7233 355.5261 14.16995601 18645
CZ-6A DEB
1 61481U 24140AAP 25015.84411633  .00004174  00000-0  18748-2 0  9990
2 61481  88.8988 330.8842 0142511   1.5183 358.6409 14.17004817 18783
CZ-6A DEB
1 61481U 24140AAP 25016.26780441  .00004580  00000-0  20578-2 0  9998
2 61481  88.9004 330.8324 0142445   0.1756 359.9457 14.17009823 18841
CZ-6A DEB
1 61481U 24140AAP 25016.83271900  .00004867  00000-0  21872-2 0  9992
2 61481  88.9001 330.7618 0142352 358.3344   1.7350 14.17016583 18925
CZ-6A DEB
1 61481U 24140AAP 25016.83271900  .00004867  00000-0  21872-2 0  9992
2 61481  88.9001 330.7618 0142352 358.3344   1.7350 14.17016583 18925
CZ-6A DEB
1 61481U 24140AAP 25017.82131317  .00005811  00000-0  26122-2 0  9992
2 61481  88.8979 330.6371 0142181 355.2172   4.7647 14.17030244 19066
CZ-6A DEB
1 61481U 24140AAP 25017.82131317  .00005811  00000-0  26122-2 0  9992
2 61481  88.8979 330.6371 0142181 355.2172   4.7647 14.17030244 19066
CZ-6A DEB
1 61481U 24140AAP 25020.36336931  .00008098  00000-0  36408-2 0  9992
2 61481  88.8969 330.3206 0141744 347.0942  12.6632 14.17069664 19427
CZ-6A DEB
1 61481U 24140AAP 25020.36336931  .00008098  00000-0  36408-2 0  9992
2 61481  88.8969 330.3206 0141744 347.0942  12.6632 14.17069664 19427
CZ-6A DEB
1 61481U 24140AAP 25021.28131761  .00007780  00000-0  34972-2 0  9999
2 61481  88.8970 330.2067 0141668 344.1619  15.5160 14.17083074 19550
CZ-6A DEB
1 61481U 24140AAP 25021.84620240  .00007475  00000-0  33602-2 0  9996
2 61481  88.8976 330.1366 0141546 342.2315  17.3950 14.17092150 19635
CZ-6A DEB
1 61481U 24140AAP 25021.84620240  .00007475  00000-0  33602-2 0  9996
2 61481  88.8976 330.1366 0141546 342.2315  17.3950 14.17092150 19635
CZ-6A DEB
1 61481U 24140AAP 25022.12864387  .00008179  00000-0  36764-2 0  9994
2 61481  88.8978 330.1013 0141506 341.3139  18.2882 14.17098221 19679
CZ-6A DEB
1 61481U 24140AAP 25023.82327610  .00007257  00000-0  32612-2 0  9999
2 61481  88.8979 329.8901 0141245 335.8064  23.6532 14.17123596 19919
CZ-6A DEB
1 61481U 24140AAP 25023.82327610  .00007257  00000-0  32612-2 0  9999
2 61481  88.8979 329.8901 0141245 335.8064  23.6532 14.17123596 19919
CZ-6A DEB
1 61481U 24140AAP 25025.09422900  .00007775  00000-0  34942-2 0  9991
2 61481  88.8979 329.7319 0140956 331.6939  27.6639 14.17145081 20090
CZ-6A DEB
1 61481U 24140AAP 25025.09422900  .00007775  00000-0  34942-2 0  9991
2 61481  88.8979 329.7319 0140956 331.6939  27.6639 14.17145081 20090
CZ-6A DEB
1 61481U 24140AAP 25026.57698751  .00006456  00000-0  29011-2 0  9990
2 61481  88.8989 329.5474 0140686 326.9060  32.3383 14.17165064 20309
CZ-6A DEB
1 61481U 24140AAP 25026.57698751  .00006456  00000-0  29011-2 0  9990
2 61481  88.8989 329.5474 0140686 326.9060  32.3383 14.17165064 20309
CZ-6A DEB
1 61481U 24140AAP 25027.77730113  .00006169  00000-0  27718-2 0  9995
2 61481  88.8994 329.3979 0140534 322.9775  36.1778 14.17180942 20474
CZ-6A DEB
1 61481U 24140AAP 25027.77730113  .00006169  00000-0  27718-2 0  9995
2 61481  88.8994 329.3979 0140534 322.9775  36.1778 14.17180942 20474
CZ-6A DEB
1 61481U 24140AAP 25029.54244323  .00006337  00000-0  28469-2 0  9996
2 61481  88.9000 329.1781 0140273 317.1890  41.8440 14.17206509 20721
CZ-6A DEB
1 61481U 24140AAP 25029.54244323  .00006337  00000-0  28469-2 0  9996
2 61481  88.9000 329.1781 0140273 317.1890  41.8440 14.17206509 20721
CZ-6A DEB
1 61481U 24140AAP 25030.60151525  .00006031  00000-0  27093-2 0  9999
2 61481  88.9001 329.0464 0140108 313.7691  45.1970 14.17220926 20877
CZ-6A DEB
1 61481U 24140AAP 25030.81332832  .00005913  00000-0  26561-2 0  9991
2 61481  88.9000 329.0201 0140096 313.0658  45.8869 14.17223741 20903
CZ-6A DEB
1 61481U 24140AAP 25030.81332832  .00005913  00000-0  26561-2 0  9991
2 61481  88.9000 329.0201 0140096 313.0658  45.8869 14.17223741 20903
CZ-6A DEB
1 61481U 24140AAP 25033.77867502  .00006768  00000-0  30399-2 0  9999
2 61481  88.8998 328.6514 0139682 303.4081  55.3809 14.17263603 21320
CZ-6A DEB
1 61481U 24140AAP 25033.77867502  .00006768  00000-0  30399-2 0  9999
2 61481  88.8998 328.6514 0139682 303.4081  55.3809 14.17263603 21320
CZ-6A DEB
1 61481U 24140AAP 25034.55530036  .00005882  00000-0  26416-2 0  9996
2 61481  88.8993 328.5551 0139464 300.9110  57.8428 14.17273099 21434
CZ-6A DEB
1 61481U 24140AAP 25034.76710618  .00005806  00000-0  26077-2 0  9994
2 61481  88.8992 328.5288 0139442 300.1812  58.5624 14.17276024 21467
CZ-6A DEB
1 61481U 24140AAP 25035.04951335  .00005461  00000-0  24524-2 0  9991
2 61481  88.8991 328.4934 0139410 299.2325  59.4982 14.17279148 21507
CZ-6A DEB
1 61481U 24140AAP 25035.04951335  .00005461  00000-0  24524-2 0  9991
2 61481  88.8991 328.4934 0139410 299.2325  59.4982 14.17279148 21507
CZ-6A DEB
1 61481U 24140AAP 25036.53214340  .00005480  00000-0  24606-2 0  9996
2 61481  88.8989 328.3086 0139274 294.3577  64.3125 14.17296398 21717
CZ-6A DEB
1 61481U 24140AAP 25036.74394625  .00005535  00000-0  24853-2 0  9999
2 61481  88.8991 328.2821 0139291 293.6505  65.0114 14.17299035 21748
CZ-6A DEB
1 61481U 24140AAP 25036.74394625  .00005535  00000-0  24853-2 0  9999
2 61481  88.8991 328.2821 0139291 293.6505  65.0114 14.17299035 21748
CZ-6A DEB
1 61481U 24140AAP 25037.59115566  .00005287  00000-0  23735-2 0  9990
2 61481  88.8989 328.1766 0139260 290.8524  67.7799 14.17307479 21861
CZ-6A DEB
1 61481U 24140AAP 25038.79136255  .00004887  00000-0  21931-2 0  9992
2 61481  88.8993 328.0273 0139156 286.9381  71.6592 14.17318662 22030
CZ-6A DEB
1 61481U 24140AAP 25038.79136255  .00004887  00000-0  21931-2 0  9992
2 61481  88.8993 328.0273 0139156 286.9381  71.6592 14.17318662 22030
CZ-6A DEB
1 61481U 24140AAP 25039.56796266  .00004602  00000-0  20650-2 0  9994
2 61481  88.8993 327.9304 0139086 284.3789  74.1995 14.17325108 22149
CZ-6A DEB
1 61481U 24140AAP 25039.77976217  .00004620  00000-0  20729-2 0  9990
2 61481  88.8993 327.9040 0139067 283.6860  74.8878 14.17327166 22173
CZ-6A DEB
1 61481U 24140AAP 25041.05055531  .00005066  00000-0  22733-2 0  9993
2 61481  88.8995 327.7459 0138945 279.5174  79.0335 14.17338388 22356
CZ-6A DEB
1 61481U 24140AAP 25041.54474985  .00004645  00000-0  20840-2 0  9994
2 61481  88.8994 327.6841 0138909 277.8945  80.6496 14.17342301 22420
CZ-6A DEB
1 61481U 24140AAP 25041.75654712  .00004647  00000-0  20848-2 0  9995
2 61481  88.8995 327.6577 0138909 277.2006  81.3408 14.17344342 22450
CZ-6A DEB
1 61481U 24140AAP 25042.53313559  .00004140  00000-0  18570-2 0  9990
2 61481  88.8995 327.5612 0138808 274.6481  83.8866 14.17350089 22567
CZ-6A DEB
1 61481U 24140AAP 25042.74493197  .00004077  00000-0  18287-2 0  9994
2 61481  88.8995 327.5349 0138780 273.9512  84.5821 14.17351869 22599
CZ-6A DEB
1 61481U 24140AAP 25042.74493197  .00004077  00000-0  18287-2 0  9994
2 61481  88.8995 327.5349 0138780 273.9512  84.5821 14.17351869 22599
CZ-6A DEB
1 61481U 24140AAP 25045.21587540  .00004007  00000-0  17970-2 0  9996
2 61481  88.8997 327.2280 0138651 265.8312  92.7020 14.17370856 22945
CZ-6A DEB
1 61481U 24140AAP 25045.49826713  .00003810  00000-0  17083-2 0  9990
2 61481  88.8995 327.1928 0138666 264.8980  93.6370 14.17372504 22981
CZ-6A DEB
1 61481U 24140AAP 25046.27484203  .00004518  00000-0  20259-2 0  9996
2 61481  88.8994 327.0961 0138688 262.3417  96.2003 14.17380612 23092
CZ-6A DEB
1 61481U 24140AAP 25046.27484203  .00004518  00000-0  20259-2 0  9996
2 61481  88.8994 327.0961 0138688 262.3417  96.2003 14.17380612 23092
CZ-6A DEB
1 61481U 24140AAP 25048.46335444  .00004786  00000-0  21456-2 0  9998
2 61481  88.8991 326.8240 0138639 255.1394 103.4405 14.17400961 23408
CZ-6A DEB
1 61481U 24140AAP 25048.46335444  .00004786  00000-0  21456-2 0  9998
2 61481  88.8991 326.8240 0138639 255.1394 103.4405 14.17400961 23408
CZ-6A DEB
1 61481U 24140AAP 25049.02812729  .00004555  00000-0  20418-2 0  9998
2 61481  88.8989 326.7537 0138631 253.2809 105.3128 14.17405804 23487
CZ-6A DEB
1 61481U 24140AAP 25050.72243538  .00004241  00000-0  18999-2 0  9996
2 61481  88.8989 326.5430 0138643 247.6987 110.9455 14.17421093 23724
CZ-6A DEB
1 61481U 24140AAP 25050.72243538  .00004241  00000-0  18999-2 0  9996
2 61481  88.8989 326.5430 0138643 247.6987 110.9455 14.17421093 23724
CZ-6A DEB
1 61481U 24140AAP 25052.55791927  .00003413  00000-0  15276-2 0  9994
2 61481  88.8984 326.3141 0138646 241.6557 117.0591 14.17435075 23988
CZ-6A DEB
1 61481U 24140AAP 25053.47565621  .00003545  00000-0  15867-2 0  9998
2 61481  88.8985 326.1995 0138576 238.6218 120.1353 14.17442185 24113
CZ-6A DEB
1 61481U 24140AAP 25054.04041510  .00003600  00000-0  16111-2 0  9993
2 61481  88.8989 326.1291 0138633 236.7793 122.0044 14.17446590 24197
CZ-6A DEB
1 61481U 24140AAP 25054.04041510  .00003600  00000-0  16111-2 0  9993
2 61481  88.8989 326.1291 0138633 236.7793 122.0044 14.17446590 24197
CZ-6A DEB
1 61481U 24140AAP 25055.45230557  .00004384  00000-0  19625-2 0  9993
2 61481  88.8989 325.9531 0138682 232.1298 126.7281 14.17459719 24398
CZ-6A DEB
1 61481U 24140AAP 25055.52290016  .00004176  00000-0  18691-2 0  9998
2 61481  88.8991 325.9442 0138639 231.8874 126.9750 14.17459671 24402
CZ-6A DEB
1 61481U 24140AAP 25056.44062209  .00004858  00000-0  21750-2 0  9998
2 61481  88.8991 325.8300 0138638 228.8584 130.0574 14.17469814 24531
CZ-6A DEB
1 61481U 24140AAP 25056.72299721  .00004623  00000-0  20693-2 0  9995
2 61481  88.8991 325.7948 0138645 227.9271 131.0059 14.17471977 24575
CZ-6A DEB
1 61481U 24140AAP 25056.72299721  .00004623  00000-0  20693-2 0  9995
2 61481  88.8991 325.7948 0138645 227.9271 131.0059 14.17471977 24575
CZ-6A DEB
1 61481U 24140AAP 25057.00537191  .00004472  00000-0  20016-2 0  9994
2 61481  88.8990 325.7597 0138670 226.9972 131.9530 14.17474108 24616
CZ-6A DEB
1 61481U 24140AAP 25057.99367936  .00004619  00000-0  20667-2 0  9995
2 61481  88.8990 325.6368 0138719 223.7503 135.2629 14.17483782 24759
CZ-6A DEB
1 61481U 24140AAP 25058.48783082  .00004654  00000-0  20821-2 0  9995
2 61481  88.8990 325.5755 0138771 222.1296 136.9162 14.17488614 24825
CZ-6A DEB
1 61481U 24140AAP 25059.47612969  .00004624  00000-0  20682-2 0  9992
2 61481  88.8985 325.4526 0138812 218.8636 140.2510 14.17497806 24963
CZ-6A DEB
1 61481U 24140AAP 25059.47612969  .00004624  00000-0  20682-2 0  9992
2 61481  88.8985 325.4526 0138812 218.8636 140.2510 14.17497806 24963
CZ-6A DEB
1 61481U 24140AAP 25059.68790749  .00004204  00000-0  18797-2 0  9996
2 61481  88.8985 325.4263 0138821 218.1637 140.9661 14.17498758 24999
CZ-6A DEB
1 61481U 24140AAP 25060.46442390  .00003667  00000-0  16389-2 0  9997
2 61481  88.8980 325.3296 0138867 215.5955 143.5913 14.17504145 25104
CZ-6A DEB
1 61481U 24140AAP 25061.45271343  .00002812  00000-0  12549-2 0  9990
2 61481  88.8977 325.2065 0138945 212.3626 146.8986 14.17509880 25242
CZ-6A DEB
1 61481U 24140AAP 25061.45271343  .00002812  00000-0  12549-2 0  9990
2 61481  88.8977 325.2065 0138945 212.3626 146.8986 14.17509880 25242
CZ-6A DEB
1 61481U 24140AAP 25062.44099932  .00002805  00000-0  12513-2 0  9995
2 61481  88.8979 325.0833 0139099 209.1562 150.1812 14.17516192 25384
CZ-6A DEB
1 61481U 24140AAP 25063.49987341  .00002889  00000-0  12886-2 0  9996
2 61481  88.8984 324.9514 0139275 205.7276 153.6942 14.17522283 25531
CZ-6A DEB
1 61481U 24140AAP 25063.49987341  .00002889  00000-0  12886-2 0  9996
2 61481  88.8984 324.9514 0139275 205.7276 153.6942 14.17522283 25531
CZ-6A DEB
1 61481U 24140AAP 25064.69992659  .00002945  00000-0  13134-2 0  9997
2 61481  88.8982 324.8018 0139344 201.7838 157.7391 14.17529305 25708
CZ-6A DEB
1 61481U 24140AAP 25064.69992659  .00002945  00000-0  13134-2 0  9997
2 61481  88.8982 324.8018 0139344 201.7838 157.7391 14.17529305 25708
CZ-6A DEB
1 61481U 24140AAP 25065.47642972  .00002600  00000-0  11589-2 0  9994
2 61481  88.8977 324.7049 0139259 199.1337 160.4593 14.17532959 25810
CZ-6A DEB
1 61481U 24140AAP 25066.95883687  .00002526  00000-0  11250-2 0  9990
2 61481  88.8981 324.5201 0139466 194.3275 165.3943 14.17540732 26026
CZ-6A DEB
1 61481U 24140AAP 25066.95883687  .00002526  00000-0  11250-2 0  9990
2 61481  88.8981 324.5201 0139466 194.3275 165.3943 14.17540732 26026
CZ-6A DEB
1 61481U 24140AAP 25070.13539594  .00003208  00000-0  14289-2 0  9993
2 61481  88.8983 324.1246 0139811 183.9349 176.0754 14.17561051 26478
CZ-6A DEB
1 61481U 24140AAP 25070.41775481  .00003113  00000-0  13865-2 0  9995
2 61481  88.8978 324.0891 0139861 183.0178 177.0183 14.17562368 26517
CZ-6A DEB
1 61481U 24140AAP 25071.19423930  .00003467  00000-0  15444-2 0  9997
2 61481  88.8980 323.9926 0139950 180.4548 179.6537 14.17568626 26624
CZ-6A DEB
1 61481U 24140AAP 25071.47659626  .00003472  00000-0  15462-2 0  9997
2 61481  88.8982 323.9575 0139987 179.5317 180.6030 14.17570648 26660
CZ-6A DEB
1 61481U 24140AAP 25072.11189765  .00003839  00000-0  17098-2 0  9995
2 61481  88.8978 323.8781 0140069 177.4329 182.7612 14.17576627 26758
CZ-6A DEB
1 61481U 24140AAP 25072.67660736  .00004191  00000-0  18667-2 0  9993
2 61481  88.8980 323.8076 0140160 175.6132 184.6323 14.17582318 26835
CZ-6A DEB
1 61481U 24140AAP 25072.67660736  .00004191  00000-0  18667-2 0  9993
2 61481  88.8980 323.8076 0140160 175.6132 184.6323 14.17582318 26835
CZ-6A DEB
1 61481U 24140AAP 25073.94719765  .00004459  00000-0  19855-2 0  9998
2 61481  88.8979 323.6493 0140363 171.4965 188.8653 14.17594207 27010
CZ-6A DEB
1 61481U 24140AAP 25073.94719765  .00004459  00000-0  19855-2 0  9998
2 61481  88.8979 323.6493 0140363 171.4965 188.8653 14.17594207 27010
CZ-6A DEB
1 61481U 24140AAP 25074.93542668  .00004221  00000-0  18784-2 0  9991
2 61481  88.8972 323.5264 0140527 168.2688 192.1834 14.17603095 27156
CZ-6A DEB
1 61481U 24140AAP 25075.42953931  .00003879  00000-0  17255-2 0  9995
2 61481  88.8970 323.4648 0140607 166.6449 193.8525 14.17606530 27225
CZ-6A DEB
1 61481U 24140AAP 25075.42953931  .00003879  00000-0  17255-2 0  9995
2 61481  88.8970 323.4648 0140607 166.6449 193.8525 14.17606530 27225
CZ-6A DEB
1 61481U 24140AAP 25075.92364998  .00004046  00000-0  17998-2 0  9990
2 61481  88.8969 323.4032 0140673 165.0358 195.5061 14.17611298 27293
CZ-6A DEB
1 61481U 24140AAP 25076.41775935  .00004267  00000-0  18981-2 0  9990
2 61481  88.8967 323.3417 0140744 163.4250 197.1611 14.17615954 27369
CZ-6A DEB
1 61481U 24140AAP 25077.12362622  .00004720  00000-0  20993-2 0  9994
2 61481  88.8970 323.2536 0140816 161.1554 199.4924 14.17623547 27466
CZ-6A DEB
1 61481U 24140AAP 25077.12362622  .00004720  00000-0  20993-2 0  9994
2 61481  88.8970 323.2536 0140816 161.1554 199.4924 14.17623547 27466
CZ-6A DEB
1 61481U 24140AAP 25078.46476315  .00005198  00000-0  23112-2 0  9993
2 61481  88.8969 323.0862 0140987 156.8354 203.9275 14.17637866 27652
CZ-6A DEB
1 61481U 24140AAP 25078.46476315  .00005198  00000-0  23112-2 0  9993
2 61481  88.8969 323.0862 0140987 156.8354 203.9275 14.17637866 27652
CZ-6A DEB
1 61481U 24140AAP 25080.08822307  .00005267  00000-0  23403-2 0  9990
2 61481  88.8970 322.8833 0141227 151.5823 209.3162 14.17657082 27882
CZ-6A DEB
1 61481U 24140AAP 25080.44114671  .00004863  00000-0  21600-2 0  9996
2 61481  88.8969 322.8392 0141294 150.4192 210.5086 14.17660314 27938
CZ-6A DEB
1 61481U 24140AAP 25080.65290020  .00004475  00000-0  19870-2 0  9997
2 61481  88.8970 322.8128 0141314 149.7486 211.1958 14.17661919 27967
CZ-6A DEB
1 61481U 24140AAP 25081.92341066  .00006623  00000-0  29413-2 0  9996
2 61481  88.8974 322.6538 0141554 145.6478 215.3966 14.17681821 28146
CZ-6A DEB
1 61481U 24140AAP 25081.92341066  .00006623  00000-0  29413-2 0  9996
2 61481  88.8974 322.6538 0141554 145.6478 215.3966 14.17681821 28146
CZ-6A DEB
1 61481U 24140AAP 25082.91157502  .00005838  00000-0  25906-2 0  9996
2 61481  88.8976 322.5305 0141768 142.4343 218.6855 14.17693553 28285
CZ-6A DEB
1 61481U 24140AAP 25083.89973105  .00005393  00000-0  23916-2 0  9994
2 61481  88.8975 322.4077 0141936 139.2394 221.9520 14.17704302 28423
CZ-6A DEB
1 61481U 24140AAP 25085.09962452  .00005154  00000-0  22842-2 0  9993
2 61481  88.8974 322.2581 0142131 135.3838 225.8895 14.17716241 28599
CZ-6A DEB
1 61481U 24140AAP 25085.38195038  .00005788  00000-0  25655-2 0  9991
2 61481  88.8974 322.2227 0142183 134.4860 226.8058 14.17720468 28631
CZ-6A DEB
1 61481U 24140AAP 25086.08776208  .00005996  00000-0  26575-2 0  9996
2 61481  88.8974 322.1348 0142246 132.2342 229.1020 14.17728952 28737
CZ-6A DEB
1 61481U 24140AAP 25087.07589091  .00005718  00000-0  25329-2 0  9996
2 61481  88.8971 322.0114 0142318 129.0973 232.2974 14.17739882 28870
CZ-6A DEB
1 61481U 24140AAP 25087.07589091  .00005718  00000-0  25329-2 0  9996
2 61481  88.8971 322.0114 0142318 129.0973 232.2974 14.17739882 28870
CZ-6A DEB
1 61481U 24140AAP 25087.92285281  .00004603  00000-0  20374-2 0  9991
2 61481  88.8968 321.9057 0142389 126.3963 235.0458 14.17746614 28999
CZ-6A DEB
1 61481U 24140AAP 25088.62865060  .00004102  00000-0  18145-2 0  9995
2 61481  88.8964 321.8176 0142493 124.1319 237.3481 14.17752437 29096
CZ-6A DEB
1 61481U 24140AAP 25088.62865060  .00004102  00000-0  18145-2 0  9995
2 61481  88.8964 321.8176 0142493 124.1319 237.3481 14.17752437 29096
CZ-6A DEB
1 61481U 24140AAP 25089.89907781  .00003589  00000-0  15859-2 0  9999
2 61481  88.8959 321.6589 0142788 120.0198 241.5247 14.17762520 29274
CZ-6A DEB
1 61481U 24140AAP 25090.39313052  .00003629  00000-0  16034-2 0  9999
2 61481  88.8962 321.5973 0142868 118.4433 243.1237 14.17766163 29348
CZ-6A DEB
1 61481U 24140AAP 25090.88718143  .00003681  00000-0  16260-2 0  9992
2 61481  88.8962 321.5357 0142925 116.8671 244.7211 14.17770118 29416
CZ-6A DEB
1 61481U 24140AAP 25091.59296624  .00003600  00000-0  15898-2 0  9993
2 61481  88.8962 321.4477 0143024 114.6170 246.9996 14.17775090 29518
CZ-6A DEB
1 61481U 24140AAP 25091.87527918  .00003617  00000-0  15972-2 0  9998
2 61481  88.8964 321.4126 0143052 113.7237 247.9034 14.17777172 29557
CZ-6A DEB
1 61481U 24140AAP 25091.87527918  .00003617  00000-0  15972-2 0  9998
2 61481  88.8964 321.4126 0143052 113.7237 247.9034 14.17777172 29557
CZ-6A DEB
1 61481U 24140AAP 25092.65163684  .00004202  00000-0  18556-2 0  9993
2 61481  88.8960 321.3155 0143262 111.2425 250.4133 14.17784825 29663
CZ-6A DEB
1 61481U 24140AAP 25093.07510282  .00004701  00000-0  20766-2 0  9990
2 61481  88.8961 321.2624 0143269 109.9031 251.7660 14.17789343 29724
CZ-6A DEB
1 61481U 24140AAP 25093.35741254  .00005109  00000-0  22573-2 0  9997
2 61481  88.8957 321.2268 0143302 109.0143 252.6634 14.17792673 29761
CZ-6A DEB
1 61481U 24140AAP 25094.34549259  .00005291  00000-0  23372-2 0  9998
2 61481  88.8954 321.1029 0143371 105.8714 255.8330 14.17801831 29907
CZ-6A DEB
1 61481U 24140AAP 25094.34549259  .00005291  00000-0  23372-2 0  9998
2 61481  88.8954 321.1029 0143371 105.8714 255.8330 14.17801831 29907
CZ-6A DEB
1 61481U 24140AAP 25094.62780013  .00004700  00000-0  20753-2 0  9998
2 61481  88.8958 321.0678 0143425 104.9714 256.7403 14.17803063 29944
CZ-6A DEB
1 61481U 24140AAP 25095.40414049  .00005406  00000-0  23871-2 0  9996
2 61481  88.8960 320.9707 0143476 102.5075 259.2208 14.17812814 30057
CZ-6A DEB
1 61481U 24140AAP 25095.61586958  .00004917  00000-0  21706-2 0  9999
2 61481  88.8966 320.9444 0143537 101.8364 259.8963 14.17813608 30081
CZ-6A DEB
1 61481U 24140AAP 25096.60393148  .00004408  00000-0  19447-2 0  9990
2 61481  88.8968 320.8212 0143634  98.7018 263.0470 14.17822404 30223
CZ-6A DEB
1 61481U 24140AAP 25096.60393148  .00004408  00000-0  19447-2 0  9990
2 61481  88.8968 320.8212 0143634  98.7018 263.0470 14.17822404 30223
CZ-6A DEB
1 61481U 24140AAP 25097.87428582  .00003917  00000-0  17269-2 0  9995
2 61481  88.8969 320.6630 0143714  94.6744 267.0874 14.17833382 30405
CZ-6A DEB
1 61481U 24140AAP 25097.87428582  .00003917  00000-0  17269-2 0  9995
2 61481  88.8969 320.6630 0143714  94.6744 267.0874 14.17833382 30405
CZ-6A DEB
1 61481U 24140AAP 25098.36830958  .00004100  00000-0  18073-2 0  9993
2 61481  88.8967 320.6014 0143783  93.1089 268.6563 14.17838111 30475
CZ-6A DEB
1 61481U 24140AAP 25098.58003375  .00003884  00000-0  17116-2 0  9997
2 61481  88.8966 320.5750 0143849  92.4429 269.3237 14.17839421 30508
CZ-6A DEB
1 61481U 24140AAP 25099.07405514  .00004019  00000-0  17709-2 0  9992
2 61481  88.8966 320.5134 0143919  90.8818 270.8863 14.17843877 30575
CZ-6A DEB
1 61481U 24140AAP 25099.56807499  .00004346  00000-0  19153-2 0  9992
2 61481  88.8963 320.4518 0143978  89.3189 272.4494 14.17848660 30647
CZ-6A DEB
1 61481U 24140AAP 25100.34438808  .00004526  00000-0  19944-2 0  9993
2 61481  88.8961 320.3549 0144048  86.8643 274.9016 14.17855667 30758
CZ-6A DEB
1 61481U 24140AAP 25100.34438808  .00004526  00000-0  19944-2 0  9993
2 61481  88.8961 320.3549 0144048  86.8643 274.9016 14.17855667 30758
CZ-6A DEB
1 61481U 24140AAP 25102.88501854  .00004358  00000-0  19194-2 0  9996
2 61481  88.8962 320.0373 0144029  78.8356 282.8985 14.17877437 31115
CZ-6A DEB
1 61481U 24140AAP 25102.88501854  .00004358  00000-0  19194-2 0  9996
2 61481  88.8962 320.0373 0144029  78.8356 282.8985 14.17877437 31115
CZ-6A DEB
1 61481U 24140AAP 25103.59074183  .00003852  00000-0  16955-2 0  9995
2 61481  88.8963 319.9491 0144043  76.6166 285.1034 14.17882018 31218
CZ-6A DEB
1 61481U 24140AAP 25105.00217960  .00003584  00000-0  15768-2 0  9998
2 61481  88.8956 319.7726 0144093  72.1604 289.5242 14.17891926 31411
CZ-6A DEB
1 61481U 24140AAP 25105.00217960  .00003584  00000-0  15768-2 0  9998
2 61481  88.8956 319.7726 0144093  72.1604 289.5242 14.17891926 31411
CZ-6A DEB
1 61481U 24140AAP 25106.34303579  .00004101  00000-0  18045-2 0  9995
2 61481  88.8954 319.6048 0144178  67.9385 293.7044 14.17901649 31609
CZ-6A DEB
1 61481U 24140AAP 25106.34303579  .00004101  00000-0  18045-2 0  9995
2 61481  88.8954 319.6048 0144178  67.9385 293.7044 14.17901649 31609
CZ-6A DEB
1 61481U 24140AAP 25107.54274054  .00003483  00000-0  15312-2 0  9999
2 61481  88.8948 319.4546 0144273  64.2033 297.3959 14.17908412 31777
CZ-6A DEB
1 61481U 24140AAP 25107.54274054  .00003483  00000-0  15312-2 0  9999
2 61481  88.8948 319.4546 0144273  64.2033 297.3959 14.17908412 31777
CZ-6A DEB
1 61481U 24140AAP 25108.53072683  .00002938  00000-0  12906-2 0  9993
2 61481  88.8949 319.3311 0144208  61.0775 300.4789 14.17913545 31919
CZ-6A DEB
1 61481U 24140AAP 25108.53072683  .00002938  00000-0  12906-2 0  9993
2 61481  88.8949 319.3311 0144208  61.0775 300.4789 14.17913545 31919
CZ-6A DEB
1 61481U 24140AAP 25114.52911403  .00002964  00000-0  13035-2 0  9994
2 61481  88.8971 318.5823 0143284  41.8149 319.3881 14.17948174 32769
CZ-6A DEB
1 61481U 24140AAP 25114.52911403  .00002964  00000-0  13035-2 0  9994
2 61481  88.8971 318.5823 0143284  41.8149 319.3881 14.17948174 32769
CZ-6A DEB
1 61481U 24140AAP 25115.30536280  .00002830  00000-0  12437-2 0  9994
2 61481  88.8943 318.4839 0143421  39.6845 321.4732 14.17952656 32876
CZ-6A DEB
1 61481U 24140AAP 25116.01104065  .00003037  00000-0  13354-2 0  9994
2 61481  88.8946 318.3955 0143302  37.4343 323.6722 14.17957683 32973
CZ-6A DEB
1 61481U 24140AAP 25117.06955261  .00003153  00000-0  13868-2 0  9991
2 61481  88.8948 318.2635 0143142  34.0415 326.9854 14.17964934 33121
CZ-6A DEB
1 61481U 24140AAP 25117.28125457  .00002975  00000-0  13084-2 0  9992
2 61481  88.8945 318.2363 0143047  33.4472 327.5650 14.17965763 33151
CZ-6A DEB
1 61481U 24140AAP 25117.84579110  .00003195  00000-0  14057-2 0  9999
2 61481  88.8945 318.1655 0142941  31.6428 329.3255 14.17970175 33230
CZ-6A DEB
1 61481U 24140AAP 25118.97486076  .00002665  00000-0  11716-2 0  9992
2 61481  88.8942 318.0242 0142729  28.0673 332.8117 14.17975495 33397
CZ-6A DEB
1 61481U 24140AAP 25118.97486076  .00002665  00000-0  11716-2 0  9992
2 61481  88.8942 318.0242 0142729  28.0673 332.8117 14.17975495 33397
CZ-6A DEB
1 61481U 24140AAP 25122.50317079  .00002617  00000-0  11512-2 0  9993
2 61481  88.8938 317.5815 0142064  16.8148 343.7679 14.17993829 33896
CZ-6A DEB
1 61481U 24140AAP 25122.78543286  .00002630  00000-0  11573-2 0  9996
2 61481  88.8934 317.5466 0141974  15.8775 344.6795 14.17995432 33934
CZ-6A DEB
1 61481U 24140AAP 25123.49108798  .00002757  00000-0  12136-2 0  9996
2 61481  88.8932 317.4582 0141790  13.6277 346.8677 14.17999564 34034
CZ-6A DEB
1 61481U 24140AAP 25123.77334963  .00002619  00000-0  11525-2 0  9990
2 61481  88.8932 317.4228 0141740  12.7188 347.7516 14.18000552 34074
CZ-6A DEB
1 61481U 24140AAP 25123.77334963  .00002619  00000-0  11525-2 0  9990
2 61481  88.8932 317.4228 0141740  12.7188 347.7516 14.18000552 34074
CZ-6A DEB
1 61481U 24140AAP 25124.47900261  .00002255  00000-0  99185-3 0  9993
2 61481  88.8931 317.3344 0141567  10.4632 349.9448 14.18003045 34176
CZ-6A DEB
1 61481U 24140AAP 25125.96086772  .00001938  00000-0  85204-3 0  9994
2 61481  88.8934 317.1487 0141207   5.6929 354.5823 14.18009462 34382
CZ-6A DEB
1 61481U 24140AAP 25126.24312717  .00001966  00000-0  86431-3 0  9991
2 61481  88.8934 317.1134 0141149   4.7834 355.4665 14.18010687 34421
CZ-6A DEB
1 61481U 24140AAP 25128.28950245  .00001694  00000-0  74433-3 0  9998
2 61481  88.8930 316.8571 0140677 358.1715   1.8940 14.18017367 34719
CZ-6A DEB
1 61481U 24140AAP 25128.50119586  .00001736  00000-0  76290-3 0  9998
2 61481  88.8929 316.8306 0140622 357.4862   2.5602 14.18018260 34747
CZ-6A DEB
1 61481U 24140AAP 25129.27740427  .00001771  00000-0  77891-3 0  9994
2 61481  88.8928 316.7333 0140428 354.9696   5.0071 14.18020880 34857
CZ-6A DEB
1 61481U 24140AAP 25130.47699650  .00001875  00000-0  82516-3 0  9994
2 61481  88.8924 316.5828 0140139 351.0690   8.8007 14.18025109 35020
CZ-6A DEB
1 61481U 24140AAP 25130.47699650  .00001875  00000-0  82516-3 0  9994
2 61481  88.8924 316.5828 0140139 351.0690   8.8007 14.18025109 35020
CZ-6A DEB
1 61481U 24140AAP 25130.75925334  .00001635  00000-0  71886-3 0  9998
2 61481  88.8924 316.5474 0140075 350.1491   9.6955 14.18025106 35067
CZ-6A DEB
1 61481U 24140AAP 25131.46489370  .00001542  00000-0  67769-3 0  9994
2 61481  88.8924 316.4586 0139994 347.8169  11.9645 14.18027094 35164
CZ-6A DEB
1 61481U 24140AAP 25131.95884177  .00001460  00000-0  64127-3 0  9996
2 61481  88.8924 316.3967 0139886 346.2058  13.5323 14.18028216 35232
CZ-6A DEB
1 61481U 24140AAP 25132.45278891  .00001550  00000-0  68147-3 0  9998
2 61481  88.8924 316.3348 0139785 344.5947  15.1006 14.18030365 35303
CZ-6A DEB
1 61481U 24140AAP 25133.51124702  .00001437  00000-0  63177-3 0  9999
2 61481  88.8923 316.2020 0139542 341.1359  18.4687 14.18032870 35459
CZ-6A DEB
1 61481U 24140AAP 25133.51124702  .00001437  00000-0  63177-3 0  9999
2 61481  88.8923 316.2020 0139542 341.1359  18.4687 14.18032870 35459
CZ-6A DEB
1 61481U 24140AAP 25134.49913891  .00001357  00000-0  59608-3 0  9997
2 61481  88.8924 316.0783 0139339 337.9018  21.6199 14.18035496 35599
CZ-6A DEB
1 61481U 24140AAP 25137.25111565  .00001655  00000-0  72888-3 0  9998
2 61481  88.8925 315.7333 0138819 328.8579  30.4435 14.18045109 35986
CZ-6A DEB
1 61481U 24140AAP 25137.25111565  .00001655  00000-0  72888-3 0  9998
2 61481  88.8925 315.7333 0138819 328.8579  30.4435 14.18045109 35986
CZ-6A DEB
1 61481U 24140AAP 25138.45069166  .00001683  00000-0  74167-3 0  9993
2 61481  88.8927 315.5829 0138647 324.9262  34.2855 14.18048722 36153
CZ-6A DEB
1 61481U 24140AAP 25138.45069166  .00001683  00000-0  74167-3 0  9993
2 61481  88.8927 315.5829 0138647 324.9262  34.2855 14.18048722 36153
CZ-6A DEB
1 61481U 24140AAP 25139.43857651  .00001486  00000-0  65403-3 0  9990
2 61481  88.8927 315.4589 0138466 321.6564  37.4842 14.18050399 36292
CZ-6A DEB
1 61481U 24140AAP 25139.72082931  .00001355  00000-0  59591-3 0  9999
2 61481  88.8928 315.4234 0138405 320.7219  38.3990 14.18050412 36335
CZ-6A DEB
1 61481U 24140AAP 25139.72082931  .00001355  00000-0  59591-3 0  9999
2 61481  88.8928 315.4234 0138405 320.7219  38.3990 14.18050412 36335
CZ-6A DEB
1 61481U 24140AAP 25141.20265313  .00001322  00000-0  58165-3 0  9992
2 61481  88.8927 315.2376 0138188 315.8168  43.2049 14.18054522 36544
CZ-6A DEB
1 61481U 24140AAP 25141.48490522  .00001243  00000-0  54674-3 0  9997
2 61481  88.8926 315.2022 0138151 314.8906  44.1131 14.18054863 36584
CZ-6A DEB
1 61481U 24140AAP 25142.47278635  .00001312  00000-0  57710-3 0  9997
2 61481  88.8924 315.0785 0138036 311.6463  47.2970 14.18057954 36726
CZ-6A DEB
1 61481U 24140AAP 25142.47278635  .00001312  00000-0  57710-3 0  9997
2 61481  88.8924 315.0785 0138036 311.6463  47.2970 14.18057954 36726
CZ-6A DEB
1 61481U 24140AAP 25143.46066638  .00001224  00000-0  53838-3 0  9994
2 61481  88.8923 314.9546 0137941 308.3804  50.5058 14.18060165 36861
CZ-6A DEB
1 61481U 24140AAP 25147.69443112  .00001128  00000-0  49571-3 0  9991
2 61481  88.8925 314.4238 0137648 294.3241  64.3626 14.18069231 37463
CZ-6A DEB
1 61481U 24140AAP 25147.69443112  .00001128  00000-0  49571-3 0  9991
2 61481  88.8925 314.4238 0137648 294.3241  64.3626 14.18069231 37463
CZ-6A DEB
1 61481U 24140AAP 25149.24680970  .00001164  00000-0  51171-3 0  9998
2 61481  88.8925 314.2292 0137597 289.1470  69.4866 14.18072379 37683
CZ-6A DEB
1 61481U 24140AAP 25149.24680970  .00001164  00000-0  51171-3 0  9998
2 61481  88.8925 314.2292 0137597 289.1470  69.4866 14.18072379 37683
CZ-6A DEB
1 61481U 24140AAP 25149.74074851  .00001198  00000-0  52685-3 0  9996
2 61481  88.8930 314.1677 0137571 287.5391  71.0806 14.18073428 37758
CZ-6A DEB
1 61481U 24140AAP 25150.44637500  .00001154  00000-0  50716-3 0  9996
2 61481  88.8930 314.0792 0137553 285.1803  73.4208 14.18074447 37852
CZ-6A DEB
1 61481U 24140AAP 25150.44637500  .00001154  00000-0  50716-3 0  9996
2 61481  88.8930 314.0792 0137553 285.1803  73.4208 14.18074447 37852
CZ-6A DEB
1 61481U 24140AAP 25151.43425231  .00001057  00000-0  46429-3 0  9990
2 61481  88.8931 313.9554 0137559 281.8985  76.6808 14.18075530 37997
CZ-6A DEB
1 61481U 24140AAP 25152.21044017  .00001296  00000-0  57051-3 0  9994
2 61481  88.8932 313.8583 0137567 279.3164  79.2491 14.18078419 38109
CZ-6A DEB
1 61481U 24140AAP 25152.42212782  .00001294  00000-0  56950-3 0  9998
2 61481  88.8933 313.8318 0137563 278.6055  79.9568 14.18078852 38139
CZ-6A DEB
1 61481U 24140AAP 25154.18618792  .00001517  00000-0  66854-3 0  9996
2 61481  88.8933 313.6110 0137626 272.7277  85.8166 14.18084527 38381
CZ-6A DEB
1 61481U 24140AAP 25154.39787550  .00001468  00000-0  64655-3 0  9990
2 61481  88.8929 313.5841 0137554 272.0241  86.5200 14.18084730 38417
CZ-6A DEB
1 61481U 24140AAP 25155.38574953  .00001206  00000-0  53029-3 0  9994
2 61481  88.8929 313.4603 0137648 268.7318  89.8099 14.18085512 38559
CZ-6A DEB
1 61481U 24140AAP 25155.38574953  .00001206  00000-0  53029-3 0  9994
2 61481  88.8929 313.4603 0137648 268.7318  89.8099 14.18085512 38559
CZ-6A DEB
1 61481U 24140AAP 25157.85543142  .00001015  00000-0  44516-3 0  9993
2 61481  88.8925 313.1507 0137833 260.5529  98.0058 14.18090175 38902
CZ-6A DEB
1 61481U 24140AAP 25157.85543142  .00001015  00000-0  44516-3 0  9993
2 61481  88.8925 313.1507 0137833 260.5529  98.0058 14.18090175 38902
CZ-6A DEB
1 61481U 24140AAP 25159.12555262  .00000997  00000-0  43690-3 0  9991
2 61481  88.8925 312.9915 0137971 256.3523 102.2271 14.18092716 39080
CZ-6A DEB
1 61481U 24140AAP 25159.40780166  .00000993  00000-0  43517-3 0  9999
2 61481  88.8925 312.9562 0138005 255.4210 103.1641 14.18093276 39128
CZ-6A DEB
1 61481U 24140AAP 25160.67792459  .00000824  00000-0  36001-3 0  9991
2 61481  88.8926 312.7969 0138057 251.2351 107.3818 14.18094125 39301
CZ-6A DEB
1 61481U 24140AAP 25161.17186079  .00000823  00000-0  35976-3 0  9991
2 61481  88.8927 312.7351 0138122 249.5988 109.0321 14.18094870 39378
CZ-6A DEB
1 61481U 24140AAP 25161.87748418  .00000791  00000-0  34531-3 0  9999
2 61481  88.8926 312.6466 0138224 247.2668 111.3864 14.18095689 39474
CZ-6A DEB
1 61481U 24140AAP 25162.15973352  .00000824  00000-0  36009-3 0  9997
2 61481  88.8924 312.6113 0138239 246.3224 112.3407 14.18096242 39510
CZ-6A DEB
1 61481U 24140AAP 25162.37142059  .00000817  00000-0  35667-3 0  9994
2 61481  88.8924 312.5848 0138265 245.6183 113.0523 14.18096496 39540
CZ-6A DEB
1 61481U 24140AAP 25162.86535713  .00000796  00000-0  34751-3 0  9990
2 61481  88.8924 312.5230 0138319 243.9860 114.7031 14.18097015 39616
CZ-6A DEB
1 61481U 24140AAP 25163.85322944  .00000900  00000-0  39368-3 0  9996
2 61481  88.8929 312.3993 0138434 240.7449 117.9842 14.18099070 39754
CZ-6A DEB
1 61481U 24140AAP 25163.85322944  .00000900  00000-0  39368-3 0  9996
2 61481  88.8929 312.3993 0138434 240.7449 117.9842 14.18099070 39754
CZ-6A DEB
1 61481U 24140AAP 25164.84109960  .00001163  00000-0  50994-3 0  9997
2 61481  88.8929 312.2755 0138551 237.5020 121.2717 14.18102582 39895
CZ-6A DEB
1 61481U 24140AAP 25165.19391149  .00001050  00000-0  45984-3 0  9996
2 61481  88.8930 312.2314 0138602 236.3442 122.4464 14.18102360 39942
CZ-6A DEB
1 61481U 24140AAP 25165.40559801  .00001057  00000-0  46280-3 0  9998
2 61481  88.8930 312.2048 0138637 235.6497 123.1513 14.18102831 39975
CZ-6A DEB
1 61481U 24140AAP 25166.18178113  .00001130  00000-0  49524-3 0  9993
2 61481  88.8928 312.1075 0138769 233.0944 125.7465 14.18104947 40084
CZ-6A DEB
1 61481U 24140AAP 25166.67571578  .00001089  00000-0  47678-3 0  9990
2 61481  88.8928 312.0455 0138884 231.4695 127.3979 14.18105810 40154
CZ-6A DEB
1 61481U 24140AAP 25166.67571578  .00001089  00000-0  47678-3 0  9990
2 61481  88.8928 312.0455 0138884 231.4695 127.3979 14.18105810 40154
CZ-6A DEB
1 61481U 24140AAP 25168.36920487  .00001126  00000-0  49287-3 0  9995
2 61481  88.8926 311.8332 0139180 225.9239 133.0426 14.18109850 40390
CZ-6A DEB
1 61481U 24140AAP 25168.36920487  .00001126  00000-0  49287-3 0  9995
2 61481  88.8926 311.8332 0139180 225.9239 133.0426 14.18109850 40390
CZ-6A DEB
1 61481U 24140AAP 25169.35707277  .00001080  00000-0  47251-3 0  9993
2 61481  88.8927 311.7094 0139376 222.7005 136.3287 14.18111811 40535
CZ-6A DEB
1 61481U 24140AAP 25170.13325362  .00001120  00000-0  48999-3 0  9997
2 61481  88.8927 311.6121 0139525 220.1658 138.9155 14.18113873 40641
CZ-6A DEB
1 61481U 24140AAP 25170.13325362  .00001120  00000-0  48999-3 0  9997
2 61481  88.8927 311.6121 0139525 220.1658 138.9155 14.18113873 40641
CZ-6A DEB
1 61481U 24140AAP 25171.19168256  .00001015  00000-0  44337-3 0  9996
2 61481  88.8925 311.4788 0139641 216.6834 142.4735 14.18115430 40792
CZ-6A DEB
1 61481U 24140AAP 25171.19168256  .00001015  00000-0  44337-3 0  9996
2 61481  88.8925 311.4788 0139641 216.6834 142.4735 14.18115430 40792
CZ-6A DEB
1 61481U 24140AAP 25171.68561564  .00000981  00000-0  42835-3 0  9991
2 61481  88.8925 311.4168 0139736 215.0758 144.1170 14.18116200 40863
CZ-6A DEB
1 61481U 24140AAP 25172.32067240  .00000952  00000-0  41540-3 0  9995
2 61481  88.8925 311.3372 0139854 213.0086 146.2317 14.18117197 40954
CZ-6A DEB
1 61481U 24140AAP 25172.32067240  .00000952  00000-0  41540-3 0  9995
2 61481  88.8925 311.3372 0139854 213.0086 146.2317 14.18117197 40954
CZ-6A DEB
1 61481U 24140AAP 25173.16741395  .00000944  00000-0  41155-3 0  9991
2 61481  88.8924 311.2311 0140013 210.2581 149.0472 14.18118732 41076
CZ-6A DEB
1 61481U 24140AAP 25174.36696416  .00000933  00000-0  40657-3 0  9991
2 61481  88.8925 311.0807 0140220 206.3618 153.0392 14.18120773 41245
CZ-6A DEB
1 61481U 24140AAP 25174.36696416  .00000933  00000-0  40657-3 0  9991
2 61481  88.8925 311.0807 0140220 206.3618 153.0392 14.18120773 41245
CZ-6A DEB
1 61481U 24140AAP 25175.35482851  .00000942  00000-0  41025-3 0  9997
2 61481  88.8924 310.9569 0140393 203.1507 156.3319 14.18122445 41388
CZ-6A DEB
1 61481U 24140AAP 25176.34269185  .00000884  00000-0  38470-3 0  9995
2 61481  88.8924 310.8330 0140600 199.9567 159.6092 14.18123817 41526
CZ-6A DEB
1 61481U 24140AAP 25176.62493852  .00000865  00000-0  37595-3 0  9992
2 61481  88.8924 310.7977 0140661 199.0459 160.5441 14.18124131 41563
CZ-6A DEB
1 61481U 24140AAP 25177.33055467  .00000824  00000-0  35797-3 0  9994
2 61481  88.8924 310.7093 0140827 196.7735 162.8774 14.18125073 41668
CZ-6A DEB
1 61481U 24140AAP 25177.61280094  .00000832  00000-0  36120-3 0  9991
2 61481  88.8924 310.6739 0140892 195.8641 163.8114 14.18125582 41701
CZ-6A DEB
1 61481U 24140AAP 25177.61280094  .00000832  00000-0  36120-3 0  9991
2 61481  88.8924 310.6739 0140892 195.8641 163.8114 14.18125582 41701
CZ-6A DEB
1 61481U 24140AAP 25179.30627692  .00000858  00000-0  37269-3 0  9991
2 61481  88.8924 310.4617 0141208 190.4048 169.4214 14.18128690 41940
CZ-6A DEB
1 61481U 24140AAP 25179.30627692  .00000858  00000-0  37269-3 0  9991
2 61481  88.8924 310.4617 0141208 190.4048 169.4214 14.18128690 41940
CZ-6A DEB
1 61481U 24140AAP 25180.15301313  .00000906  00000-0  39360-3 0  9993
2 61481  88.8925 310.3556 0141356 187.6767 172.2260 14.18130617 42061
CZ-6A DEB
1 61481U 24140AAP 25180.78806517  .00000864  00000-0  37485-3 0  9997
2 61481  88.8925 310.2760 0141462 185.6321 174.3286 14.18131557 42154
CZ-6A DEB
1 61481U 24140AAP 25180.78806517  .00000864  00000-0  37485-3 0  9997
2 61481  88.8925 310.2760 0141462 185.6321 174.3286 14.18131557 42154
CZ-6A DEB
1 61481U 24140AAP 25181.14087132  .00000920  00000-0  39965-3 0  9990
2 61481  88.8925 310.2318 0141517 184.4933 175.4998 14.18132596 42202
CZ-6A DEB
1 61481U 24140AAP 25181.77592217  .00000968  00000-0  42053-3 0  9998
2 61481  88.8926 310.1522 0141623 182.4565 177.5946 14.18134146 42294
CZ-6A DEB
1 61481U 24140AAP 25182.12872751  .00001024  00000-0  44525-3 0  9992
2 61481  88.8926 310.1080 0141683 181.3234 178.7602 14.18135304 42345
CZ-6A DEB
1 61481U 24140AAP 25182.12872751  .00001024  00000-0  44525-3 0  9992
2 61481  88.8926 310.1080 0141683 181.3234 178.7602 14.18135304 42345
CZ-6A DEB
1 61481U 24140AAP 25183.32826526  .00001116  00000-0  48576-3 0  9996
2 61481  88.8924 309.9575 0141879 177.4609 182.7333 14.18138543 42510
CZ-6A DEB
1 61481U 24140AAP 25183.32826526  .00001116  00000-0  48576-3 0  9996
2 61481  88.8924 309.9575 0141879 177.4609 182.7333 14.18138543 42510
CZ-6A DEB
1 61481U 24140AAP 25183.61050908  .00001157  00000-0  50394-3 0  9997
2 61481  88.8924 309.9221 0141914 176.5475 183.6730 14.18139429 42558
CZ-6A DEB
1 61481U 24140AAP 25184.31611786  .00001160  00000-0  50491-3 0  9994
2 61481  88.8922 309.8336 0142033 174.2865 185.9987 14.18141179 42658
CZ-6A DEB
1 61481U 24140AAP 25185.09228582  .00001208  00000-0  52626-3 0  9993
2 61481  88.8922 309.7362 0142156 171.7983 188.5580 14.18143567 42768
CZ-6A DEB
1 61481U 24140AAP 25185.09228582  .00001208  00000-0  52626-3 0  9993
2 61481  88.8922 309.7362 0142156 171.7983 188.5580 14.18143567 42768
CZ-6A DEB
1 61481U 24140AAP 25185.79789234  .00001223  00000-0  53249-3 0  9995
2 61481  88.8922 309.6478 0142265 169.5441 190.8763 14.18145509 42868
CZ-6A DEB
1 61481U 24140AAP 25187.77358359  .00001252  00000-0  54487-3 0  9992
2 61481  88.8925 309.4003 0142528 163.2336 197.3638 14.18151366 43142
CZ-6A DEB
1 61481U 24140AAP 25187.77358359  .00001252  00000-0  54487-3 0  9992
2 61481  88.8925 309.4003 0142528 163.2336 197.3638 14.18151366 43142
CZ-6A DEB
1 61481U 24140AAP 25188.83198585  .00001264  00000-0  55022-3 0  9992
2 61481  88.8925 309.2675 0142670 159.8591 200.8309 14.18154499 43298
CZ-6A DEB
1 61481U 24140AAP 25188.83198585  .00001264  00000-0  55022-3 0  9992
2 61481  88.8925 309.2675 0142670 159.8591 200.8309 14.18154499 43298
CZ-6A DEB
1 61481U 24140AAP 25189.60814664  .00001201  00000-0  52243-3 0  9994
2 61481  88.8926 309.1702 0142754 157.3661 203.3910 14.18156194 43406
CZ-6A DEB
1 61481U 24140AAP 25190.31374582  .00001157  00000-0  50270-3 0  9992
2 61481  88.8926 309.0819 0142831 155.1208 205.6958 14.18157905 43502
CZ-6A DEB
1 61481U 24140AAP 25190.31374582  .00001157  00000-0  50270-3 0  9992
2 61481  88.8926 309.0819 0142831 155.1208 205.6958 14.18157905 43502
CZ-6A DEB
1 61481U 24140AAP 25191.30158336  .00001066  00000-0  46235-3 0  9994
2 61481  88.8926 308.9582 0142951 151.9764 208.9218 14.18159915 43644
CZ-6A DEB
1 61481U 24140AAP 25192.28941902  .00000977  00000-0  42300-3 0  9990
2 61481  88.8926 308.8344 0143065 148.8421 212.1351 14.18161795 43780
CZ-6A DEB
1 61481U 24140AAP 25192.28941902  .00000977  00000-0  42300-3 0  9990
2 61481  88.8926 308.8344 0143065 148.8421 212.1351 14.18161795 43780
CZ-6A DEB
1 61481U 24140AAP 25192.78333572  .00001008  00000-0  43685-3 0  9996
2 61481  88.8926 308.7725 0143114 147.2745 213.7413 14.18163224 43852
CZ-6A DEB
1 61481U 24140AAP 25193.55949025  .00001010  00000-0  43776-3 0  9992
2 61481  88.8927 308.6749 0143212 144.8060 216.2692 14.18164914 43966
CZ-6A DEB
1 61481U 24140AAP 25193.55949025  .00001010  00000-0  43776-3 0  9992
2 61481  88.8927 308.6749 0143212 144.8060 216.2692 14.18164914 43966
CZ-6A DEB
1 61481U 24140AAP 25194.05340563  .00001061  00000-0  46020-3 0  9991
2 61481  88.8927 308.6130 0143265 143.2389 217.8731 14.18166380 44034
CZ-6A DEB
1 61481U 24140AAP 25195.74682732  .00001033  00000-0  44747-3 0  9998
2 61481  88.8927 308.4007 0143403 137.8616 223.3706 14.18169717 44278
CZ-6A DEB
1 61481U 24140AAP 25195.74682732  .00001033  00000-0  44747-3 0  9998
2 61481  88.8927 308.4007 0143403 137.8616 223.3706 14.18169717 44278
CZ-6A DEB
1 61481U 24140AAP 25196.31129969  .00001085  00000-0  47047-3 0  9993
2 61481  88.8926 308.3302 0143462 136.0525 225.2180 14.18171226 44353
CZ-6A DEB
1 61481U 24140AAP 25196.80521246  .00001060  00000-0  45909-3 0  9999
2 61481  88.8926 308.2682 0143504 134.4834 226.8195 14.18172133 44424
CZ-6A DEB
1 61481U 24140AAP 25196.80521246  .00001060  00000-0  45909-3 0  9999
2 61481  88.8926 308.2682 0143504 134.4834 226.8195 14.18172133 44424
CZ-6A DEB
1 61481U 24140AAP 25197.29912475  .00001054  00000-0  45673-3 0  9992
2 61481  88.8926 308.2063 0143536 132.9138 228.4204 14.18173139 44495
CZ-6A DEB
1 61481U 24140AAP 25198.07527099  .00001075  00000-0  46588-3 0  9992
2 61481  88.8925 308.1091 0143591 130.4457 230.9358 14.18175055 44602
CZ-6A DEB
1 61481U 24140AAP 25198.28694664  .00001162  00000-0  50422-3 0  9997
2 61481  88.8925 308.0825 0143592 129.7757 231.6182 14.18176132 44634
CZ-6A DEB
1 61481U 24140AAP 25199.27476636  .00001129  00000-0  48959-3 0  9999
2 61481  88.8924 307.9587 0143626 126.6446 234.8049 14.18178373 44776
CZ-6A DEB
1 61481U 24140AAP 25199.27476636  .00001129  00000-0  48959-3 0  9999
2 61481  88.8924 307.9587 0143626 126.6446 234.8049 14.18178373 44776
CZ-6A DEB
1 61481U 24140AAP 25200.26258317  .00001116  00000-0  48358-3 0  9994
2 61481  88.8924 307.8350 0143656 123.5142 237.9868 14.18180884 44914
CZ-6A DEB
1 61481U 24140AAP 25201.32095532  .00001130  00000-0  48995-3 0  9993
2 61481  88.8924 307.7023 0143682 120.1567 241.3948 14.18183791 45068
CZ-6A DEB
1 61481U 24140AAP 25201.32095532  .00001130  00000-0  48995-3 0  9993
2 61481  88.8924 307.7023 0143682 120.1567 241.3948 14.18183791 45068
CZ-6A DEB
1 61481U 24140AAP 25202.23820858  .00001183  00000-0  51297-3 0  9998
2 61481  88.8921 307.5873 0143710 117.2425 244.3489 14.18186552 45193
CZ-6A DEB
1 61481U 24140AAP 25203.01434389  .00001220  00000-0  52914-3 0  9994
2 61481  88.8920 307.4898 0143754 114.7739 246.8485 14.18188912 45304
CZ-6A DEB
1 61481U 24140AAP 25203.29657462  .00001304  00000-0  56595-3 0  9995
2 61481  88.8920 307.4543 0143760 113.8737 247.7593 14.18190107 45349
CZ-6A DEB
1 61481U 24140AAP 25204.28437940  .00001454  00000-0  63187-3 0  9993
2 61481  88.8920 307.3304 0143770 110.7419 250.9245 14.18193793 45486
CZ-6A DEB
1 61481U 24140AAP 25204.28437940  .00001454  00000-0  63187-3 0  9993
2 61481  88.8920 307.3304 0143770 110.7419 250.9245 14.18193793 45486
CZ-6A DEB
1 61481U 24140AAP 25205.55440935  .00001494  00000-0  64950-3 0  9995
2 61481  88.8919 307.1710 0143777 106.7191 254.9833 14.18197895 45666
CZ-6A DEB
1 61481U 24140AAP 25205.55440935  .00001494  00000-0  64950-3 0  9995
2 61481  88.8919 307.1710 0143777 106.7191 254.9833 14.18197895 45666
CZ-6A DEB
1 61481U 24140AAP 25206.25997927  .00001500  00000-0  65231-3 0  9992
2 61481  88.8919 307.0825 0143769 104.4811 257.2378 14.18200189 45769
CZ-6A DEB
1 61481U 24140AAP 25207.24777398  .00001568  00000-0  68184-3 0  9994
2 61481  88.8919 306.9587 0143737 101.3486 260.3891 14.18203901 45907
CZ-6A DEB
1 61481U 24140AAP 25207.24777398  .00001568  00000-0  68184-3 0  9994
2 61481  88.8919 306.9587 0143737 101.3486 260.3891 14.18203901 45907
CZ-6A DEB
1 61481U 24140AAP 25208.23556516  .00001540  00000-0  66978-3 0  9990
2 61481  88.8920 306.8349 0143687  98.2185 263.5329 14.18207259 46045
CZ-6A DEB
1 61481U 24140AAP 25208.72945932  .00001570  00000-0  68294-3 0  9994
2 61481  88.8920 306.7730 0143671  96.6502 265.1063 14.18209253 46113
CZ-6A DEB
1 61481U 24140AAP 25208.72945932  .00001570  00000-0  68294-3 0  9994
2 61481  88.8920 306.7730 0143671  96.6502 265.1063 14.18209253 46113
CZ-6A DEB
1 61481U 24140AAP 25209.22335284  .00001518  00000-0  66009-3 0  9997
2 61481  88.8920 306.7111 0143609  95.0896 266.6702 14.18210704 46182
CZ-6A DEB
1 61481U 24140AAP 25209.99946927  .00001489  00000-0  64718-3 0  9995
2 61481  88.8920 306.6139 0143582  92.6273 269.1360 14.18213394 46291
CZ-6A DEB
1 61481U 24140AAP 25209.99946927  .00001489  00000-0  64718-3 0  9995
2 61481  88.8920 306.6139 0143582  92.6273 269.1360 14.18213394 46291
CZ-6A DEB
1 61481U 24140AAP 25211.55169734  .00001481  00000-0  64369-3 0  9997
2 61481  88.8919 306.4193 0143528  87.6886 274.0728 14.18218479 46518
CZ-6A DEB
1 61481U 24140AAP 25211.55169734  .00001481  00000-0  64369-3 0  9997
2 61481  88.8919 306.4193 0143528  87.6886 274.0728 14.18218479 46518
CZ-6A DEB
1 61481U 24140AAP 25212.53947392  .00001565  00000-0  68091-3 0  9999
2 61481  88.8918 306.2954 0143498  84.5422 277.2116 14.18222336 46656
CZ-6A DEB
1 61481U 24140AAP 25213.24502672  .00001515  00000-0  65871-3 0  9994
2 61481  88.8918 306.2071 0143486  82.2931 279.4524 14.18224498 46752
CZ-6A DEB
1 61481U 24140AAP 25213.24502672  .00001515  00000-0  65871-3 0  9994
2 61481  88.8918 306.2071 0143486  82.2931 279.4524 14.18224498 46752
CZ-6A DEB
1 61481U 24140AAP 25214.23279760  .00001505  00000-0  65435-3 0  9998
2 61481  88.8918 306.0832 0143438  79.1472 282.5821 14.18227897 46893
CZ-6A DEB
1 61481U 24140AAP 25215.22056592  .00001425  00000-0  61919-3 0  9998
2 61481  88.8916 305.9591 0143364  75.9973 285.7108 14.18230701 47037
CZ-6A DEB
1 61481U 24140AAP 25215.22056592  .00001425  00000-0  61919-3 0  9998
2 61481  88.8916 305.9591 0143364  75.9973 285.7108 14.18230701 47037
CZ-6A DEB
1 61481U 24140AAP 25215.71444916  .00001345  00000-0  58397-3 0  9990
2 61481  88.8916 305.8971 0143324  74.4248 287.2709 14.18231805 47101
CZ-6A DEB
1 61481U 24140AAP 25216.20833102  .00001366  00000-0  59326-3 0  9990
2 61481  88.8919 305.8356 0143270  72.8631 288.8189 14.18233598 47176
CZ-6A DEB
1 61481U 24140AAP 25217.19609328  .00001276  00000-0  55380-3 0  9996
2 61481  88.8920 305.7120 0143193  69.7134 291.9379 14.18236223 47313
CZ-6A DEB
1 61481U 24140AAP 25217.47831036  .00001260  00000-0  54674-3 0  9998
2 61481  88.8921 305.6766 0143148  68.8137 292.8278 14.18237030 47351
CZ-6A DEB
1 61481U 24140AAP 25218.25440671  .00001162  00000-0  50399-3 0  9997
2 61481  88.8923 305.5794 0143083  66.3429 295.2703 14.18238824 47462
CZ-6A DEB
1 61481U 24140AAP 25219.52437935  .00001175  00000-0  50983-3 0  9990
2 61481  88.8919 305.4199 0142947  62.2902 299.2705 14.18242315 47640
CZ-6A DEB
1 61481U 24140AAP 25219.73604113  .00001242  00000-0  53910-3 0  9995
2 61481  88.8919 305.3933 0142927  61.6138 299.9374 14.18243215 47679
CZ-6A DEB
1 61481U 24140AAP 25220.01825664  .00001213  00000-0  52647-3 0  9998
2 61481  88.8919 305.3580 0142915  60.7117 300.8269 14.18243764 47710
CZ-6A DEB
1 61481U 24140AAP 25220.01825664  .00001213  00000-0  52647-3 0  9998
2 61481  88.8919 305.3580 0142915  60.7117 300.8269 14.18243764 47710
CZ-6A DEB
1 61481U 24140AAP 25221.21766965  .00001285  00000-0  55829-3 0  9993
2 61481  88.8916 305.2075 0142808  56.8781 304.6020 14.18247300 47884
CZ-6A DEB
1 61481U 24140AAP 25221.49988314  .00001443  00000-0  62775-3 0  9991
2 61481  88.8917 305.1721 0142747  55.9701 305.4949 14.18249075 47921
CZ-6A DEB
1 61481U 24140AAP 25222.48763043  .00001509  00000-0  65680-3 0  9992
2 61481  88.8915 305.0483 0142626  52.8131 308.5979 14.18252287 48064
CZ-6A DEB
1 61481U 24140AAP 25222.48763043  .00001509  00000-0  65680-3 0  9992
2 61481  88.8915 305.0483 0142626  52.8131 308.5979 14.18252287 48064
CZ-6A DEB
1 61481U 24140AAP 25224.18090472  .00001513  00000-0  65861-3 0  9996
2 61481  88.8908 304.8353 0142485  47.4045 313.9059 14.18257481 48303
CZ-6A DEB
1 61481U 24140AAP 25224.18090472  .00001513  00000-0  65861-3 0  9996
2 61481  88.8908 304.8353 0142485  47.4045 313.9059 14.18257481 48303
CZ-6A DEB
1 61481U 24140AAP 25226.22693287  .00001436  00000-0  62531-3 0  9991
2 61481  88.8909 304.5789 0142207  40.8354 320.3386 14.18263651 48598
CZ-6A DEB
1 61481U 24140AAP 25226.22693287  .00001436  00000-0  62531-3 0  9991
2 61481  88.8909 304.5789 0142207  40.8354 320.3386 14.18263651 48598
CZ-6A DEB
1 61481U 24140AAP 25226.65024758  .00001416  00000-0  61617-3 0  9991
2 61481  88.8909 304.5258 0142171  39.4779 321.6664 14.18264918 48651
CZ-6A DEB
1 61481U 24140AAP 25227.21466646  .00001361  00000-0  59236-3 0  9993
2 61481  88.8909 304.4551 0142110  37.6685 323.4352 14.18266437 48736
CZ-6A DEB
1 61481U 24140AAP 25228.20239763  .00001296  00000-0  56368-3 0  9991
2 61481  88.8908 304.3311 0141961  34.4960 326.5341 14.18269084 48870
CZ-6A DEB
1 61481U 24140AAP 25228.20239763  .00001296  00000-0  56368-3 0  9991
2 61481  88.8908 304.3311 0141961  34.4960 326.5341 14.18269084 48870
CZ-6A DEB
1 61481U 24140AAP 25228.62571022  .00001283  00000-0  55791-3 0  9999
2 61481  88.8908 304.2780 0141926  33.1388 327.8592 14.18270278 48936
CZ-6A DEB
1 61481U 24140AAP 25229.19012668  .00001294  00000-0  56289-3 0  9993
2 61481  88.8908 304.2073 0141862  31.3249 329.6294 14.18271866 49019
CZ-6A DEB
1 61481U 24140AAP 25230.17785314  .00001287  00000-0  55993-3 0  9991
2 61481  88.8908 304.0832 0141696  28.1348 332.7405 14.18274580 49159
CZ-6A DEB
1 61481U 24140AAP 25230.17785314  .00001287  00000-0  55993-3 0  9991
2 61481  88.8908 304.0832 0141696  28.1348 332.7405 14.18274580 49159
CZ-6A DEB
1 61481U 24140AAP 25231.16557755  .00001250  00000-0  54403-3 0  9992
2 61481  88.8904 303.9590 0141555  24.9485 335.8458 14.18277027 49290
CZ-6A DEB
1 61481U 24140AAP 25232.15329929  .00001322  00000-0  57563-3 0  9992
2 61481  88.8903 303.8350 0141457  21.7715 338.9404 14.18280177 49435
CZ-6A DEB
1 61481U 24140AAP 25232.15329929  .00001322  00000-0  57563-3 0  9992
2 61481  88.8903 303.8350 0141457  21.7715 338.9404 14.18280177 49435
CZ-6A DEB
1 61481U 24140AAP 25232.92936554  .00001258  00000-0  54769-3 0  9998
2 61481  88.8897 303.7367 0141396  19.3135 341.3336 14.18281773 49542
CZ-6A DEB
1 61481U 24140AAP 25235.18700440  .00001254  00000-0  54622-3 0  9996
2 61481  88.8898 303.4538 0140999  11.9754 348.4729 14.18287649 49860
CZ-6A DEB
1 61481U 24140AAP 25237.16242997  .00001348  00000-0  58786-3 0  9993
2 61481  88.8899 303.2059 0140786   5.5801 354.6916 14.18293450 50140
CZ-6A DEB
1 61481U 24140AAP 25238.15013905  .00001452  00000-0  63354-3 0  9991
2 61481  88.8888 303.0814 0140661   2.4155 357.7682 14.18296901 50288
CZ-6A DEB
1 61481U 24140AAP 25238.92619478  .00001576  00000-0  68829-3 0  9992
2 61481  88.8883 302.9836 0140531 359.8884   0.2249 14.18299747 50391
CZ-6A DEB
1 61481U 24140AAP 25239.13784592  .00001587  00000-0  69333-3 0  9999
2 61481  88.8887 302.9572 0140515 359.1938   0.9002 14.18300503 50428
CZ-6A DEB
1 61481U 24140AAP 25239.91389914  .00001854  00000-0  81099-3 0  9994
2 61481  88.8888 302.8598 0140408 356.6652   3.3586 14.18304439 50530
CZ-6A DEB
1 61481U 24140AAP 25240.12554969  .00001875  00000-0  82010-3 0  9990
2 61481  88.8891 302.8333 0140391 355.9714   4.0332 14.18305311 50563
CZ-6A DEB
1 61481U 24140AAP 25241.46600110  .00002048  00000-0  89657-3 0  9995
2 61481  88.8891 302.6649 0140236 351.6183   8.2663 14.18310962 50754
CZ-6A DEB
1 61481U 24140AAP 25242.45369794  .00002416  00000-0  10589-2 0  9991
2 61481  88.8892 302.5410 0140120 348.4148  11.3825 14.18317039 50899
CZ-6A DEB
1 61481U 24140AAP 25243.15919384  .00002521  00000-0  11052-2 0  9998
2 61481  88.8889 302.4521 0140016 346.1171  13.6184 14.18320715 50991
CZ-6A DEB
1 61481U 24140AAP 25243.44139201  .00002503  00000-0  10975-2 0  9995
2 61481  88.8890 302.4167 0139981 345.1906  14.5201 14.18321798 51031
CZ-6A DEB
1 61481U 24140AAP 25244.14688567  .00002950  00000-0  12945-2 0  9992
2 61481  88.8890 302.3281 0139898 342.8765  16.7727 14.18327440 51139
CZ-6A DEB
1 61481U 24140AAP 25245.13457175  .00003389  00000-0  14878-2 0  9995
2 61481  88.8897 302.2046 0139762 339.6230  19.9414 14.18335204 51275
CZ-6A DEB
1 61481U 24140AAP 25245.91061203  .00003589  00000-0  15765-2 0  9992
2 61481  88.8893 302.1063 0139597 337.1321  22.3688 14.18337411 51384
CZ-6A DEB
1 61481U 24140AAP 25246.12225776  .00003651  00000-0  16035-2 0  9994
2 61481  88.8892 302.0797 0139571 336.4213  23.0617 14.18339153 51419
CZ-6A DEB
1 61481U 24140AAP 25248.09761384  .00002802  00000-0  12298-2 0  9996
2 61481  88.8885 301.8308 0139409 329.9520  29.3720 14.18348742 51692
CZ-6A DEB
1 61481U 24140AAP 25249.86131274  .00002781  00000-0  12203-2 0  9993
2 61481  88.8888 301.6096 0139245 324.1577  35.0328 14.18358828 51946
CZ-6A DEB
1 61481U 24140AAP 25250.14350421  .00002306  00000-0  10110-2 0  9991
2 61481  88.8888 301.5741 0139225 323.2433  35.9269 14.18358726 51985
CZ-6A DEB
1 61481U 24140AAP 25251.90719411  .00001795  00000-0  78577-3 0  9997
2 61481  88.8885 301.3524 0139081 317.4465  41.6011 14.18365570 52232
CZ-6A DEB
1 61481U 24140AAP 25252.11883636  .00001769  00000-0  77447-3 0  9998
2 61481  88.8880 301.3255 0139072 316.7566  42.2769 14.18366515 52262
CZ-6A DEB
1 61481U 24140AAP 25252.89485714  .00001606  00000-0  70268-3 0  9992
2 61481  88.8873 301.2272 0139007 314.2030  44.7805 14.18369384 52376
CZ-6A DEB
1 61481U 24140AAP 25253.10649927  .00001563  00000-0  68371-3 0  9999
2 61481  88.8873 301.2005 0138984 313.5174  45.4532 14.18370052 52407
CZ-6A DEB
1 61481U 24140AAP 25254.09416078  .00001519  00000-0  66427-3 0  9998
2 61481  88.8870 301.0758 0138930 310.2825  48.6285 14.18373503 52544
CZ-6A DEB
1 61481U 24140AAP 25255.57564933  .00001584  00000-0  69303-3 0  9994
2 61481  88.8869 300.8893 0138860 305.4051  53.4232 14.18379173 52756
CZ-6A DEB
1 61481U 24140AAP 25257.62151007  .00001596  00000-0  69828-3 0  9991
2 61481  88.8866 300.6316 0138703 298.6955  60.0350 14.18385907 53043
CZ-6A DEB
1 61481U 24140AAP 25258.89134704  .00002065  00000-0  90517-3 0  9997
2 61481  88.8871 300.4721 0138777 294.4662  64.2105 14.18392890 53220
CZ-6A DEB
1 61481U 24140AAP 25259.38517295  .00002222  00000-0  97407-3 0  9992
2 61481  88.8872 300.4096 0138720 292.8667  65.7925 14.18395423 53299
CZ-6A DEB
1 61481U 24140AAP 25260.09063732  .00002087  00000-0  91443-3 0  9997
2 61481  88.8871 300.3210 0138728 290.5469  68.0881 14.18397862 53395
CZ-6A DEB
1 61481U 24140AAP 25260.37282244  .00002074  00000-0  90917-3 0  9990
2 61481  88.8868 300.2852 0138674 289.6181  69.0084 14.18399227 53430
CZ-6A DEB
1 61481U 24140AAP 25261.07828497  .00002157  00000-0  94556-3 0  9999
2 61481  88.8876 300.1967 0138714 287.3197  71.2857 14.18402786 53531
CZ-6A DEB
1 61481U 24140AAP 25262.06593051  .00002142  00000-0  93856-3 0  9990
2 61481  88.8871 300.0723 0138749 284.0961  74.4841 14.18406952 53678
CZ-6A DEB
1 61481U 24140AAP 25265.09939896  .00003680  00000-0  16159-2 0  9995
2 61481  88.8864 299.6901 0138663 274.0919  84.4432 14.18426004 54104
CZ-6A DEB
1 61481U 24140AAP 25265.52267131  .00003655  00000-0  16050-2 0  9991
2 61481  88.8861 299.6367 0138668 272.6962  85.8362 14.18428300 54168
CZ-6A DEB
1 61481U 24140AAP 25267.07466149  .00004478  00000-0  19665-2 0  9992
2 61481  88.8859 299.4402 0138696 267.5944  90.9361 14.18441950 54383
CZ-6A DEB
1 61481U 24140AAP 25267.56847587  .00004132  00000-0  18138-2 0  9996
2 61481  88.8868 299.3800 0138847 266.0202  92.5106 14.18444419 54459
CZ-6A DEB
1 61481U 24140AAP 25268.06228781  .00004032  00000-0  17700-2 0  9994
2 61481  88.8870 299.3175 0138848 264.3918  94.1424 14.18447663 54526
CZ-6A DEB
1 61481U 24140AAP 25269.04990822  .00003971  00000-0  17422-2 0  9997
2 61481  88.8882 299.1949 0138942 261.1181  97.4256 14.18455313 54663
CZ-6A DEB
1 61481U 24140AAP 25270.03752597  .00003626  00000-0  15904-2 0  9993
2 61481  88.8869 299.0688 0138892 257.8858 100.6741 14.18461273 54808
CZ-6A DEB
1 61481U 24140AAP 25270.53133426  .00003586  00000-0  15726-2 0  9999
2 61481  88.8852 299.0044 0139052 256.2978 102.2698 14.18463918 54875
CZ-6A DEB
1 61481U 24140AAP 25271.87166455  .00004016  00000-0  17615-2 0  9993
2 61481  88.8857 298.8349 0139003 251.8911 106.7097 14.18473645 55061
CZ-6A DEB
1 61481U 24140AAP 25272.50655473  .00004402  00000-0  19309-2 0  9998
2 61481  88.8861 298.7546 0139025 249.8116 108.8076 14.18479422 55151
CZ-6A DEB
1 61481U 24140AAP 25273.35307042  .00004508  00000-0  19768-2 0  9994
2 61481  88.8861 298.6479 0139085 247.0358 111.6106 14.18487421 55276
CZ-6A DEB
1 61481U 24140AAP 25273.35307042  .00004508  00000-0  19768-2 0  9994
2 61481  88.8861 298.6479 0139085 247.0358 111.6106 14.18487421 55276
CZ-6A DEB
1 61481U 24140AAP 25274.05849513  .00004937  00000-0  21652-2 0  9997
2 61481  88.8860 298.5593 0139018 244.7263 113.9467 14.18497006 55372
CZ-6A DEB
1 61481U 24140AAP 25274.05849513  .00004937  00000-0  21652-2 0  9997
2 61481  88.8860 298.5593 0139018 244.7263 113.9467 14.18497006 55372
CZ-6A DEB
1 61481U 24140AAP 25275.04608285  .00005439  00000-0  23853-2 0  9999
2 61481  88.8862 298.4349 0139022 241.5119 117.2011 14.18510861 55515
CZ-6A DEB
1 61481U 24140AAP 25275.32824941  .00005189  00000-0  22754-2 0  9990
2 61481  88.8862 298.3993 0139018 240.5859 118.1395 14.18513823 55554
CZ-6A DEB
1 61481U 24140AAP 25275.32824941  .00005189  00000-0  22754-2 0  9990
2 61481  88.8862 298.3993 0139018 240.5859 118.1395 14.18513823 55554
CZ-6A DEB
1 61481U 24140AAP 25276.03366409  .00004497  00000-0  19709-2 0  9996
2 61481  88.8862 298.3104 0139031 238.2734 120.4843 14.18520935 55656
CZ-6A DEB
1 61481U 24140AAP 25277.51502703  .00003628  00000-0  15885-2 0  9995
2 61481  88.8858 298.1236 0139091 233.4028 125.4300 14.18532458 55863
CZ-6A DEB
1 61481U 24140AAP 25278.00881250  .00003498  00000-0  15312-2 0  9997
2 61481  88.8856 298.0614 0139133 231.7853 127.0744 14.18535983 55938
CZ-6A DEB
1 61481U 24140AAP 25278.50259723  .00003142  00000-0  13746-2 0  9991
2 61481  88.8854 297.9990 0139215 230.1857 128.7012 14.18538654 56002
CZ-6A DEB
1 61481U 24140AAP 25278.50259724  .00003142  00000-0  13746-2 0  9992
2 61481  88.8854 297.9990 0139215 230.1857 128.7012 14.18538654 56002
CZ-6A DEB
1 61481U 24140AAP 25280.05448793  .00002920  00000-0  12765-2 0  9994
2 61481  88.8846 297.8027 0139383 225.1189 133.8617 14.18546978 56221
CZ-6A DEB
1 61481U 24140AAP 25282.31176991  .00002551  00000-0  11139-2 0  9997
2 61481  88.8856 297.5185 0139620 217.8218 141.3099 14.18558652 56544
CZ-6A DEB
1 61481U 24140AAP 25282.31176991  .00002551  00000-0  11139-2 0  9997
2 61481  88.8856 297.5185 0139620 217.8218 141.3099 14.18558652 56544
CZ-6A DEB
1 61481U 24140AAP 25283.01716657  .00002346  00000-0  10237-2 0  9994
2 61481  88.8861 297.4302 0139493 215.3625 143.8254 14.18562996 56640
CZ-6A DEB
1 61481U 24140AAP 25283.01716658  .00002346  00000-0  10237-2 0  9995
2 61481  88.8861 297.4302 0139493 215.3625 143.8255 14.18562996 56641
CZ-6A DEB
1 61481U 24140AAP 25283.51094336  .00002355  00000-0  10277-2 0  9996
2 61481  88.8857 297.3673 0139545 213.7568 145.4679 14.18565868 56719
CZ-6A DEB
1 61481U 24140AAP 25283.79310139  .00002443  00000-0  10663-2 0  9995
2 61481  88.8843 297.3303 0139635 212.9929 146.2492 14.18566909 56759
CZ-6A DEB
1 61481U 24140AAP 25283.79310140  .00002443  00000-0  10663-2 0  9997
2 61481  88.8843 297.3304 0139635 212.9929 146.2492 14.18566909 56750
CZ-6A DEB
1 61481U 24140AAP 25284.00471964  .00002436  00000-0  10629-2 0  9998
2 61481  88.8838 297.3034 0139655 212.3238 146.9339 14.18568064 56787
CZ-6A DEB
1 61481U 24140AAP 25284.28687795  .00002333  00000-0  10180-2 0  9997
2 61481  88.8836 297.2674 0139639 211.3747 147.9058 14.18568863 56821
CZ-6A DEB
1 61481U 24140AAP 25284.78065268  .00002703  00000-0  11798-2 0  9994
2 61481  88.8835 297.2048 0139697 209.7670 149.5521 14.18572759 56894
CZ-6A DEB
1 61481U 24140AAP 25284.99227049  .00002605  00000-0  11369-2 0  9999
2 61481  88.8837 297.1781 0139677 209.1030 150.2324 14.18573433 56925
CZ-6A DEB
1 61481U 24140AAP 25285.76819999  .00003036  00000-0  13254-2 0  9990
2 61481  88.8838 297.0800 0139758 206.5703 152.8278 14.18579081 57039
CZ-6A DEB
1 61481U 24140AAP 25285.76820004  .00002916  00000-0  12732-2 0  9995
2 61481  88.8839 297.0801 0139762 206.5682 152.8299 14.18578701 57033
CZ-6A DEB
1 61481U 24140AAP 25286.47358868  .00002936  00000-0  12818-2 0  9995
2 61481  88.8846 296.9912 0139807 204.2857 155.1703 14.18582829 57134
CZ-6A DEB
1 61481U 24140AAP 25287.74328379  .00002859  00000-0  12473-2 0  9991
2 61481  88.8850 296.8311 0139907 200.1732 159.3898 14.18590015 57316
CZ-6A DEB
1 61481U 24140AAP 25288.02543743  .00002926  00000-0  12768-2 0  9999
2 61481  88.8849 296.7955 0139922 199.2628 160.3243 14.18591936 57359
CZ-6A DEB
1 61481U 24140AAP 25289.01297404  .00003296  00000-0  14383-2 0  9995
2 61481  88.8856 296.6716 0140005 196.0373 163.6363 14.18598380 57491
CZ-6A DEB
1 61481U 24140AAP 25289.01297404  .00003296  00000-0  14383-2 0  9995
2 61481  88.8856 296.6716 0140005 196.0374 163.6363 14.18598380 57492
CZ-6A DEB
1 61481U 24140AAP 25289.78889255  .00002991  00000-0  13047-2 0  9997
2 61481  88.8847 296.5735 0140069 193.5120 166.2305 14.18601812 57606
CZ-6A DEB
1 61481U 24140AAP 25289.78889255  .00002991  00000-0  13047-2 0  9997
2 61481  88.8847 296.5735 0140069 193.5120 166.2305 14.18601812 57606
CZ-6A DEB
1 61481U 24140AAP 25290.98803478  .00003218  00000-0  14037-2 0  9997
2 61481  88.8841 296.4220 0140170 189.6216 170.2286 14.18609304 57778
CZ-6A DEB
1 61481U 24140AAP 25290.98803479  .00003218  00000-0  14037-2 0  9998
2 61481  88.8841 296.4220 0140170 189.6216 170.2286 14.18609304 57778
CZ-6A DEB
1 61481U 24140AAP 25291.97556063  .00003405  00000-0  14850-2 0  9993
2 61481  88.8841 296.2973 0140366 186.3825 173.5583 14.18615136 57910
CZ-6A DEB
1 61481U 24140AAP 25292.25770929  .00003850  00000-0  16795-2 0  9998
2 61481  88.8843 296.2619 0140406 185.4814 174.4847 14.18618386 57959
CZ-6A DEB
1 61481U 24140AAP 25292.75146942  .00003664  00000-0  15984-2 0  9997
2 61481  88.8835 296.1981 0140139 183.8368 176.1761 14.18621163 58020
CZ-6A DEB
1 61481U 24140AAP 25293.45683834  .00003785  00000-0  16511-2 0  9992
2 61481  88.8834 296.1088 0140203 181.5472 178.5304 14.18626468 58123
CZ-6A DEB
1 61481U 24140AAP 25294.44435076  .00003482  00000-0  15181-2 0  9991
2 61481  88.8838 295.9839 0140286 178.3600 181.8080 14.18632599 58261
CZ-6A DEB
1 61481U 24140AAP 25295.50239493  .00003028  00000-0  13192-2 0  9990
2 61481  88.8840 295.8500 0140404 174.9384 185.3265 14.18638444 58417
CZ-6A DEB
1 61481U 24140AAP 25295.50239494  .00003028  00000-0  13192-2 0  9991
2 61481  88.8840 295.8501 0140404 174.9384 185.3265 14.18638444 58418
CZ-6A DEB
1 61481U 24140AAP 25295.99614736  .00002916  00000-0  12699-2 0  9996
2 61481  88.8837 295.7875 0140497 173.3303 186.9801 14.18641245 58486
CZ-6A DEB
1 61481U 24140AAP 25296.27829247  .00002903  00000-0  12642-2 0  9997
2 61481  88.8831 295.7523 0140290 172.3941 187.9424 14.18642413 58523
CZ-6A DEB
1 61481U 24140AAP 25296.27829247  .00002903  00000-0  12642-2 0  9997
2 61481  88.8831 295.7523 0140290 172.3941 187.9424 14.18642413 58523
CZ-6A DEB
1 61481U 24140AAP 25296.98365061  .00002798  00000-0  12181-2 0  9994
2 61481  88.8832 295.6635 0140392 170.1204 190.2799 14.18646310 58621
CZ-6A DEB
1 61481U 24140AAP 25297.97114897  .00002645  00000-0  11511-2 0  9990
2 61481  88.8840 295.5387 0140385 166.9260 193.5631 14.18651386 58765
CZ-6A DEB
1 61481U 24140AAP 25297.97114898  .00002645  00000-0  11511-2 0  9991
2 61481  88.8840 295.5387 0140385 166.9260 193.5631 14.18651386 58765
CZ-6A DEB
1 61481U 24140AAP 25298.95864403  .00002450  00000-0  10656-2 0  9997
2 61481  88.8841 295.4132 0140291 163.6896 196.8879 14.18655954 58909
CZ-6A DEB
1 61481U 24140AAP 25298.95864403  .00002450  00000-0  10656-2 0  9997
2 61481  88.8841 295.4132 0140291 163.6896 196.8879 14.18655954 58909
CZ-6A DEB
1 61481U 24140AAP 25299.45238981  .00002514  00000-0  10935-2 0  9990
2 61481  88.8839 295.3506 0140335 162.0800 198.5412 14.18658804 58973
CZ-6A DEB
1 61481U 24140AAP 25299.94613495  .00002566  00000-0  11163-2 0  9992
2 61481  88.8838 295.2882 0140394 160.4768 200.1876 14.18661405 59042
CZ-6A DEB
1 61481U 24140AAP 25299.94613496  .00002566  00000-0  11163-2 0  9993
2 61481  88.8838 295.2882 0140394 160.4768 200.1876 14.18661405 59042
CZ-6A DEB
1 61481U 24140AAP 25300.29880998  .00002544  00000-0  11065-2 0  9994
2 61481  88.8838 295.2433 0140475 159.3117 201.3839 14.18662742 59091
CZ-6A DEB
1 61481U 24140AAP 25300.43987970  .00002580  00000-0  11219-2 0  9999
2 61481  88.8839 295.2255 0140500 158.8547 201.8531 14.18663527 59113
CZ-6A DEB
1 61481U 24140AAP 25300.43987971  .00002580  00000-0  11219-2 0  9990
2 61481  88.8839 295.2255 0140500 158.8547 201.8531 14.18663527 59113
CZ-6A DEB
1 61481U 24140AAP 25302.97912197  .00002804  00000-0  12191-2 0  9998
2 61481  88.8842 294.9047 0140713 150.5923 210.3280 14.18676149 59474
CZ-6A DEB
1 61481U 24140AAP 25303.96659699  .00003002  00000-0  13057-2 0  9996
2 61481  88.8841 294.7801 0140767 147.3781 213.6204 14.18682420 59611
CZ-6A DEB
1 61481U 24140AAP 25305.44779993  .00002666  00000-0  11581-2 0  9996
2 61481  88.8845 294.5935 0140976 142.5645 218.5467 14.18690857 59820
CZ-6A DEB
1 61481U 24140AAP 25305.94153227  .00002462  00000-0  10689-2 0  9999
2 61481  88.8844 294.5311 0141025 140.9612 220.1859 14.18693135 59892
CZ-6A DEB
1 61481U 24140AAP 25307.70485471  .00002132  00000-0  92417-3 0  9998
2 61481  88.8837 294.3077 0141161 135.2191 226.0497 14.18700947 60144
CZ-6A DEB
1 61481U 24140AAP 25307.91645256  .00002287  00000-0  99214-3 0  9993
2 61481  88.8837 294.2809 0141170 134.5324 226.7501 14.18702427 60177
CZ-6A DEB
1 61481U 24140AAP 25307.91645256  .00002287  00000-0  99214-3 0  9993
2 61481  88.8837 294.2809 0141170 134.5324 226.7501 14.18702427 60177
CZ-6A DEB
1 61481U 24140AAP 25310.24401659  .00003025  00000-0  13133-2 0  9996
2 61481  88.8839 293.9864 0141388 126.9756 234.4475 14.18715575 60502
CZ-6A DEB
1 61481U 24140AAP 25310.45561204  .00003060  00000-0  13285-2 0  9999
2 61481  88.8841 293.9596 0141404 126.2943 235.1404 14.18716836 60531
CZ-6A DEB
1 61481U 24140AAP 25310.45561204  .00003060  00000-0  13285-2 0  9999
2 61481  88.8841 293.9596 0141404 126.2943 235.1404 14.18716836 60531
CZ-6A DEB
1 61481U 24140AAP 25311.93677124  .00003348  00000-0  14535-2 0  9990
2 61481  88.8842 293.7723 0141556 121.4814 240.0299 14.18727422 60747
CZ-6A DEB
1 61481U 24140AAP 25312.21889493  .00003455  00000-0  15000-2 0  9993
2 61481  88.8846 293.7367 0141571 120.5851 240.9393 14.18729889 60780
CZ-6A DEB
1 61481U 24140AAP 25312.21889494  .00003455  00000-0  15000-2 0  9994
2 61481  88.8846 293.7367 0141571 120.5851 240.9393 14.18729889 60780
CZ-6A DEB
1 61481U 24140AAP 25312.71261057  .00003679  00000-0  15978-2 0  9990
2 61481  88.8846 293.6742 0141623 118.9847 242.5624 14.18734326 60855
CZ-6A DEB
1 61481U 24140AAP 25314.89905085  .00003387  00000-0  14696-2 0  9999
2 61481  88.8851 293.3982 0141813 111.9109 249.7227 14.18748463 61169
CZ-6A DEB
1 61481U 24140AAP 25315.39275947  .00004154  00000-0  18032-2 0  9993
2 61481  88.8852 293.3359 0141895 110.3063 251.3441 14.18753222 61234
CZ-6A DEB
1 61481U 24140AAP 25317.43809404  .00007295  00000-0  31683-2 0  9997
2 61481  88.8850 293.0780 0142047 103.7035 258.0014 14.18784052 61529
CZ-6A DEB
1 61481U 24140AAP 25317.43809405  .00007295  00000-0  31683-2 0  9998
2 61481  88.8850 293.0780 0142047 103.7035 258.0014 14.18784052 61529
CZ-6A DEB
1 61481U 24140AAP 25319.20127440  .00003842  00000-0  16653-2 0  9991
2 61481  88.8844 292.8552 0142182  98.0471 263.6878 14.18803319 61771
CZ-6A DEB
1 61481U 24140AAP 25319.90654064  .00003938  00000-0  17065-2 0  9999
2 61481  88.8848 292.7666 0142247  95.7844 265.9582 14.18809924 61876
CZ-6A DEB
1 61481U 24140AAP 25320.68233088  .00004233  00000-0  18345-2 0  9996
2 61481  88.8841 292.6685 0142292  93.3043 268.4436 14.18815729 61982
CZ-6A DEB
1 61481U 24140AAP 25320.68233088  .00004233  00000-0  18345-2 0  9996
2 61481  88.8841 292.6685 0142292  93.3043 268.4436 14.18815729 61982
CZ-6A DEB
1 61481U 24140AAP 25321.88127074  .00003508  00000-0  15186-2 0  9990
2 61481  88.8840 292.5168 0142456  89.4428 272.3082 14.18824179 62151
CZ-6A DEB
1 61481U 24140AAP 25321.88127075  .00003508  00000-0  15186-2 0  9991
2 61481  88.8840 292.5168 0142456  89.4428 272.3083 14.18824179 62152
CZ-6A DEB
1 61481U 24140AAP 25322.37494904  .00003749  00000-0  16231-2 0  9993
2 61481  88.8842 292.4543 0142504  87.8515 273.8985 14.18828692 62222
CZ-6A DEB
1 61481U 24140AAP 25322.93915253  .00002999  00000-0  12970-2 0  9992
2 61481  88.8838 292.3829 0142610  86.0319 275.7159 14.18830551 62304
CZ-6A DEB
1 61481U 24140AAP 25324.63175057  .00002960  00000-0  12792-2 0  9991
2 61481  88.8840 292.1689 0142758  80.5971 281.1324 14.18840738 62544
CZ-6A DEB
1 61481U 24140AAP 25324.63175057  .00002960  00000-0  12792-2 0  9991
2 61481  88.8840 292.1689 0142758  80.5971 281.1324 14.18840738 62544
CZ-6A DEB
1 61481U 24140AAP 25324.91384848  .00002854  00000-0  12332-2 0  9994
2 61481  88.8841 292.1332 0142760  79.6961 282.0288 14.18842477 62586
CZ-6A DEB
1 61481U 24140AAP 25325.90118802  .00003175  00000-0  13722-2 0  9990
2 61481  88.8843 292.0084 0142859  76.5318 285.1745 14.18849803 62720
CZ-6A DEB
1 61481U 24140AAP 25325.90118803  .00003175  00000-0  13722-2 0  9991
2 61481  88.8843 292.0084 0142859  76.5318 285.1745 14.18849803 62720
CZ-6A DEB
1 61481U 24140AAP 25327.87585066  .00003419  00000-0  14778-2 0  9991
2 61481  88.8844 291.7588 0143082  70.2030 291.4521 14.18863742 63009
CZ-6A DEB
1 61481U 24140AAP 25327.87585066  .00003419  00000-0  14778-2 0  9991
2 61481  88.8844 291.7588 0143082  70.2030 291.4521 14.18863742 63009
CZ-6A DEB
1 61481U 24140AAP 25328.86317350  .00003752  00000-0  16219-2 0  9992
2 61481  88.8844 291.6343 0143107  67.0493 294.5724 14.18871386 63149
CZ-6A DEB
1 61481U 24140AAP 25328.86317350  .00003752  00000-0  16219-2 0  9992
2 61481  88.8844 291.6343 0143107  67.0493 294.5724 14.18871386 63149
CZ-6A DEB
1 61481U 24140AAP 25329.63892301  .00003832  00000-0  16561-2 0  9991
2 61481  88.8844 291.5364 0143164  64.5690 297.0235 14.18876953 63257
CZ-6A DEB
1 61481U 24140AAP 25329.63892301  .00003832  00000-0  16561-2 0  9991
2 61481  88.8844 291.5364 0143164  64.5690 297.0235 14.18876953 63257
CZ-6A DEB
1 61481U 24140AAP 25330.34414630  .00003827  00000-0  16539-2 0  9995
2 61481  88.8842 291.4472 0143147  62.3094 299.2536 14.18882131 63353
CZ-6A DEB
1 61481U 24140AAP 25330.34414630  .00003827  00000-0  16539-2 0  9995
2 61481  88.8842 291.4472 0143147  62.3094 299.2536 14.18882131 63353
CZ-6A DEB
1 61481U 24140AAP 25330.62623476  .00004003  00000-0  17302-2 0  9992
2 61481  88.8842 291.4116 0143190  61.4072 300.1439 14.18884780 63392
CZ-6A DEB
1 61481U 24140AAP 25330.62623476  .00004003  00000-0  17302-2 0  9992
2 61481  88.8842 291.4116 0143190  61.4072 300.1439 14.18884780 63392
CZ-6A DEB
1 61481U 24140AAP 25331.33145388  .00003581  00000-0  15471-2 0  9997
2 61481  88.8845 291.3226 0143197  59.1511 302.3675 14.18888822 63493
CZ-6A DEB
1 61481U 24140AAP 25333.16501009  .00003556  00000-0  15358-2 0  9992
2 61481  88.8845 291.0911 0143262  53.3000 308.1253 14.18902130 63757
CZ-6A DEB
1 61481U 24140AAP 25333.16501010  .00003556  00000-0  15358-2 0  9994
2 61481  88.8845 291.0911 0143262  53.3000 308.1253 14.18902130 63757
CZ-6A DEB
1 61481U 24140AAP 25334.15230115  .00003975  00000-0  17169-2 0  9996
2 61481  88.8839 290.9665 0143317  50.1478 311.2216 14.18910363 63895
CZ-6A DEB
1 61481U 24140AAP 25334.15230115  .00003975  00000-0  17169-2 0  9996
2 61481  88.8839 290.9665 0143317  50.1478 311.2216 14.18910363 63895
CZ-6A DEB
1 61481U 24140AAP 25334.85750522  .00003582  00000-0  15465-2 0  9993
2 61481  88.8849 290.8778 0143357  47.8996 313.4278 14.18915065 63999
CZ-6A DEB
1 61481U 24140AAP 25334.85750523  .00003582  00000-0  15465-2 0  9994
2 61481  88.8849 290.8778 0143357  47.8996 313.4278 14.18915065 63999
CZ-6A DEB
1 61481U 24140AAP 25335.13958611  .00003837  00000-0  16568-2 0  9992
2 61481  88.8848 290.8421 0143359  47.0018 314.3081 14.18917668 64031
CZ-6A DEB
1 61481U 24140AAP 25335.35114596  .00004293  00000-0  18541-2 0  9992
2 61481  88.8845 290.8153 0143368  46.3306 314.9662 14.18920704 64061
CZ-6A DEB
1 61481U 24140AAP 25335.35114597  .00004293  00000-0  18541-2 0  9993
2 61481  88.8845 290.8153 0143368  46.3306 314.9662 14.18920704 64061
CZ-6A DEB
1 61481U 24140AAP 25335.84478552  .00003854  00000-0  16639-2 0  9999
2 61481  88.8844 290.7529 0143396  44.7600 316.5054 14.18923568 64138
CZ-6A DEB
1 61481U 24140AAP 25336.12686436  .00004302  00000-0  18579-2 0  9997
2 61481  88.8849 290.7174 0143421  43.8639 317.3832 14.18926877 64173
CZ-6A DEB
1 61481U 24140AAP 25336.12686437  .00004302  00000-0  18579-2 0  9998
2 61481  88.8849 290.7174 0143421  43.8639 317.3832 14.18926877 64173
CZ-6A DEB
1 61481U 24140AAP 25336.33842310  .00004721  00000-0  20390-2 0  9994
2 61481  88.8848 290.6906 0143434  43.1904 318.0428 14.18929703 64200
CZ-6A DEB
1 61481U 24140AAP 25336.62050079  .00004932  00000-0  21307-2 0  9992
2 61481  88.8843 290.6545 0143396  42.2878 318.9261 14.18932620 64241
CZ-6A DEB
1 61481U 24140AAP 25336.83205863  .00005032  00000-0  21738-2 0  9998
2 61481  88.8843 290.6277 0143391  41.6119 319.5876 14.18934870 64270
CZ-6A DEB
1 61481U 24140AAP 25337.11413492  .00005299  00000-0  22894-2 0  9998
2 61481  88.8845 290.5921 0143368  40.7096 320.4702 14.18938259 64314
CZ-6A DEB
1 61481U 24140AAP 25337.32569221  .00005549  00000-0  23977-2 0  9994
2 61481  88.8846 290.5653 0143364  40.0366 321.1286 14.18940697 64343
CZ-6A DEB
1 61481U 24140AAP 25337.32569222  .00005549  00000-0  23977-2 0  9995
2 61481  88.8846 290.5653 0143364  40.0366 321.1286 14.18940697 64343
CZ-6A DEB
1 61481U 24140AAP 25337.60776760  .00005727  00000-0  24742-2 0  9992
2 61481  88.8847 290.5296 0143364  39.1376 322.0077 14.18943859 64382
CZ-6A DEB
1 61481U 24140AAP 25337.60776761  .00005727  00000-0  24742-2 0  9993
2 61481  88.8847 290.5296 0143364  39.1376 322.0077 14.18943859 64382
CZ-6A DEB
1 61481U 24140AAP 25337.88984184  .00007212  00000-0  31168-2 0  9994
2 61481  88.8848 290.4940 0143355  38.2356 322.8895 14.18950570 64425
CZ-6A DEB
1 61481U 24140AAP 25340.85156399  .00007209  00000-0  31132-2 0  9991
2 61481  88.8850 290.1198 0143264  28.8121 332.0884 14.18994835 64843
CZ-6A DEB
1 61481U 24140AAP 25341.13362849  .00006435  00000-0  27784-2 0  9990
2 61481  88.8851 290.0843 0143299  27.9135 332.9646 14.18996645 64883
CZ-6A DEB
1 61481U 24140AAP 25341.83878576  .00007198  00000-0  31076-2 0  9992
2 61481  88.8850 289.9953 0143276  25.6742 335.1470 14.19007230 64980
CZ-6A DEB
1 61481U 24140AAP 25342.61445507  .00006696  00000-0  28903-2 0  9990
2 61481  88.8852 289.8974 0143293  23.2330 337.5250 14.19014384 65093
CZ-6A DEB
1 61481U 24140AAP 25342.82600005  .00007114  00000-0  30708-2 0  9991
2 61481  88.8850 289.8707 0143275  22.5518 338.1882 14.19017727 65121
CZ-6A DEB
1 61481U 24140AAP 25342.82600005  .00007114  00000-0  30708-2 0  9991
2 61481  88.8850 289.8707 0143275  22.5518 338.1882 14.19017727 65121
CZ-6A DEB
1 61481U 24140AAP 25343.60166288  .00006627  00000-0  28600-2 0  9994
2 61481  88.8849 289.7728 0143253  20.0975 340.5774 14.19025018 65238
CZ-6A DEB
1 61481U 24140AAP 25343.81320576  .00007027  00000-0  30329-2 0  9995
2 61481  88.8850 289.7460 0143173  19.3812 341.2744 14.19029020 65260
CZ-6A DEB
1 61481U 24140AAP 25343.81320577  .00007027  00000-0  30329-2 0  9996
2 61481  88.8850 289.7460 0143173  19.3812 341.2744 14.19029020 65260
CZ-6A DEB
1 61481U 24140AAP 25344.30680458  .00006703  00000-0  28931-2 0  9994
2 61481  88.8861 289.6838 0143104  17.7826 342.8297 14.19034707 65337
CZ-6A DEB
1 61481U 24140AAP 25344.58886078  .00006743  00000-0  29100-2 0  9993
2 61481  88.8857 289.6482 0143099  16.8787 343.7091 14.19037813 65373
CZ-6A DEB
1 61481U 24140AAP 25344.58886078  .00006743  00000-0  29100-2 0  9993
2 61481  88.8857 289.6482 0143099  16.8787 343.7091 14.19037813 65373
CZ-6A DEB
1 61481U 24140AAP 25345.29399658  .00007452  00000-0  32163-2 0  9996
2 61481  88.8855 289.5592 0143025  14.6201 345.9059 14.19048658 65476
CZ-6A DEB
1 61481U 24140AAP 25345.57604981  .00006670  00000-0  28782-2 0  9998
2 61481  88.8859 289.5239 0143029  13.7179 346.7832 14.19050769 65515
CZ-6A DEB
1 61481U 24140AAP 25347.12732847  .00005903  00000-0  25462-2 0  9994
2 61481  88.8853 289.3282 0142943   8.7805 351.5834 14.19070138 65731
CZ-6A DEB
1 61481U 24140AAP 25347.62091290  .00004878  00000-0  21031-2 0  9997
2 61481  88.8841 289.2652 0142952   7.2414 353.0793 14.19074267 65804
CZ-6A DEB
1 61481U 24140AAP 25347.83244862  .00004778  00000-0  20597-2 0  9990
2 61481  88.8841 289.2384 0142938   6.5672 353.7346 14.19076460 65839
CZ-6A DEB
1 61481U 24140AAP 25348.11449564  .00004499  00000-0  19391-2 0  9998
2 61481  88.8840 289.2028 0142932   5.6749 354.6018 14.19078895 65876
CZ-6A DEB
1 61481U 24140AAP 25348.81961201  .00003654  00000-0  15741-2 0  9999
2 61481  88.8846 289.1140 0142866   3.4084 356.8043 14.19083589 65979
CZ-6A DEB
1 61481U 24140AAP 25349.10165839  .00002746  00000-0  11814-2 0  9993
2 61481  88.8845 289.0782 0142871   2.5241 357.6637 14.19083614 66013
CZ-6A DEB
1 61481U 24140AAP 25349.80677237  .00002784  00000-0  11981-2 0  9997
2 61481  88.8845 288.9888 0142805   0.2730 359.8511 14.19087988 66117
CZ-6A DEB
1 61481U 24140AAP 25350.30035117  .00002882  00000-0  12406-2 0  9991
2 61481  88.8847 288.9265 0142744 358.6927   1.3868 14.19090837 66186
CZ-6A DEB
1 61481U 24140AAP 25350.79392945  .00002745  00000-0  11813-2 0  9998
2 61481  88.8844 288.8634 0142710 357.1084   2.9264 14.19092826 66258
CZ-6A DEB
1 61481U 24140AAP 25351.28750641  .00002822  00000-0  12144-2 0  9998
2 61481  88.8843 288.8006 0142644 355.5089   4.4809 14.19095579 66321
CZ-6A DEB
1 61481U 24140AAP 25351.56954977  .00002863  00000-0  12323-2 0  9991
2 61481  88.8845 288.7650 0142626 354.6214   5.3434 14.19097328 66369
CZ-6A DEB
1 61481U 24140AAP 25351.78108231  .00002824  00000-0  12153-2 0  9997
2 61481  88.8845 288.7384 0142612 353.9511   5.9950 14.19098463 66393
CZ-6A DEB
1 61481U 24140AAP 25351.85159353  .00002669  00000-0  11484-2 0  9999
2 61481  88.8847 288.7297 0142629 353.7520   6.1884 14.19098296 66409
CZ-6A DEB
1 61481U 24140AAP 25352.27465746  .00002726  00000-0  11730-2 0  9990
2 61481  88.8847 288.6763 0142592 352.3915   7.5109 14.19100989 66462
CZ-6A DEB
1 61481U 24140AAP 25352.76823187  .00002543  00000-0  10939-2 0  9998
2 61481  88.8848 288.6139 0142549 350.8180   9.0406 14.19103072 66530
CZ-6A DEB
1 61481U 24140AAP 25353.54384727  .00002255  00000-0  96944-3 0  9998
2 61481  88.8851 288.5161 0142475 348.3521  11.4381 14.19106222 66648
CZ-6A DEB
1 61481U 24140AAP 25353.54384728  .00002255  00000-0  96944-3 0  9999
2 61481  88.8851 288.5161 0142475 348.3521  11.4381 14.19106222 66648
CZ-6A DEB
1 61481U 24140AAP 25354.81303213  .00002062  00000-0  88602-3 0  9998
2 61481  88.8852 288.3557 0142365 344.3139  15.3660 14.19111936 66826
CZ-6A DEB
1 61481U 24140AAP 25354.81303213  .00002062  00000-0  88602-3 0  9998
2 61481  88.8852 288.3557 0142365 344.3139  15.3660 14.19111936 66826
CZ-6A DEB
1 61481U 24140AAP 25355.09507245  .00002102  00000-0  90326-3 0  9991
2 61481  88.8852 288.3201 0142324 343.4080  16.2475 14.19113350 66862
CZ-6A DEB
1 61481U 24140AAP 25355.09507246  .00002102  00000-0  90326-3 0  9992
2 61481  88.8852 288.3201 0142324 343.4080  16.2475 14.19113350 66862
CZ-6A DEB
1 61481U 24140AAP 25355.80017229  .00002447  00000-0  10528-2 0  9995
2 61481  88.8851 288.2309 0142236 341.1592  18.4363 14.19117771 66966
CZ-6A DEB
1 61481U 24140AAP 25356.08221149  .00002954  00000-0  12722-2 0  9995
2 61481  88.8853 288.1954 0142198 340.2524  19.3191 14.19120740 67000
CZ-6A DEB
1 61481U 24140AAP 25356.08221150  .00002954  00000-0  12722-2 0  9997
2 61481  88.8853 288.1954 0142198 340.2524  19.3191 14.19120740 67000
CZ-6A DEB
1 61481U 24140AAP 25358.55004076  .00003312  00000-0  14269-2 0  9994
2 61481  88.8849 287.8839 0141882 332.3183  27.0502 14.19136657 67359
CZ-6A DEB
1 61481U 24140AAP 25358.55004077  .00003312  00000-0  14269-2 0  9995
2 61481  88.8849 287.8839 0141882 332.3183  27.0502 14.19136657 67359
CZ-6A DEB
1 61481U 24140AAP 25359.74868904  .00003492  00000-0  15052-2 0  9994
2 61481  88.8848 287.7327 0141720 328.4437  30.8309 14.19146494 67524
CZ-6A DEB
1 61481U 24140AAP 25359.74868905  .00003492  00000-0  15052-2 0  9995
2 61481  88.8848 287.7328 0141720 328.4437  30.8309 14.19146494 67525
CZ-6A DEB
1 61481U 24140AAP 25361.58190218  .00003886  00000-0  16754-2 0  9992
2 61481  88.8848 287.5013 0141422 322.5551  36.5848 14.19162157 67788
CZ-6A DEB
1 61481U 24140AAP 25361.58190218  .00003886  00000-0  16754-2 0  9992
2 61481  88.8848 287.5013 0141422 322.5551  36.5848 14.19162157 67788
CZ-6A DEB
1 61481U 24140AAP 25362.07545612  .00004281  00000-0  18466-2 0  9991
2 61481  88.8845 287.4388 0141355 320.9324  38.1721 14.19167272 67853
CZ-6A DEB
1 61481U 24140AAP 25362.07545613  .00004281  00000-0  18466-2 0  9992
2 61481  88.8845 287.4388 0141355 320.9324  38.1721 14.19167272 67853
CZ-6A DEB
1 61481U 24140AAP 25362.78053106  .00004318  00000-0  18623-2 0  9997
2 61481  88.8847 287.3498 0141250 318.6680  40.3886 14.19173723 67955
CZ-6A DEB
1 61481U 24140AAP 25362.78053107  .00004318  00000-0  18623-2 0  9998
2 61481  88.8847 287.3498 0141250 318.6680  40.3886 14.19173723 67955
CZ-6A DEB
1 61481U 24140AAP 25363.06256000  .00005102  00000-0  22012-2 0  9996
2 61481  88.8847 287.3143 0141207 317.7529  41.2848 14.19178047 67992
CZ-6A DEB
1 61481U 24140AAP 25364.04965679  .00005438  00000-0  23465-2 0  9999
2 61481  88.8848 287.1893 0141034 314.5766  44.3979 14.19188981 68133
CZ-6A DEB
1 61481U 24140AAP 25364.04965680  .00005438  00000-0  23465-2 0  9991
2 61481  88.8848 287.1893 0141034 314.5766  44.3979 14.19188981 68133
CZ-6A DEB
1 61481U 24140AAP 25365.24826432  .00005926  00000-0  25575-2 0  9991
2 61481  88.8852 287.0379 0140798 310.7261  48.1769 14.19203873 68306
CZ-6A DEB
1 61481U 24140AAP 25365.24826432  .00005926  00000-0  25575-2 0  9991
2 61481  88.8852 287.0379 0140798 310.7261  48.1769 14.19203873 68306
CZ-6A DEB
1 61481U 24140AAP 26001.23534398  .00005721  00000-0  24691-2 0  9996
2 61481  88.8857 286.9135 0140619 307.5397  51.3082 14.19215635 68443
CZ-6A DEB
1 61481U 24140AAP 26001.72888101  .00006296  00000-0  27175-2 0  9992
2 61481  88.8858 286.8510 0140569 305.9231  52.8980 14.19222626 68512
CZ-6A DEB
1 61481U 24140AAP 26001.72888101  .00006296  00000-0  27175-2 0  9992
2 61481  88.8858 286.8510 0140569 305.9231  52.8980 14.19222626 68512
CZ-6A DEB
1 61481U 24140AAP 26002.22241663  .00005820  00000-0  25120-2 0  9994
2 61481  88.8859 286.7885 0140509 304.3044  54.4911 14.19227278 68583
CZ-6A DEB
1 61481U 24140AAP 26002.78645480  .00005836  00000-0  25184-2 0  9997
2 61481  88.8859 286.7170 0140501 302.4293  56.3370 14.19233709 68662
CZ-6A DEB
1 61481U 24140AAP 26002.78645481  .00005836  00000-0  25184-2 0  9998
2 61481  88.8859 286.7170 0140501 302.4293  56.3370 14.19233709 68662
CZ-6A DEB
1 61481U 24140AAP 26005.04258788  .00003683  00000-0  15881-2 0  9991
2 61481  88.8858 286.4323 0140102 295.1238  63.5470 14.19253555 68989
CZ-6A DEB
1 61481U 24140AAP 26005.04258789  .00003683  00000-0  15881-2 0  9992
2 61481  88.8858 286.4323 0140102 295.1238  63.5470 14.19253555 68989
CZ-6A DEB
1 61481U 24140AAP 26005.74762383  .00004285  00000-0  18487-2 0  9993
2 61481  88.8858 286.3434 0139935 292.8424  65.8038 14.19261191 69086
CZ-6A DEB
1 61481U 24140AAP 26006.73467167  .00003311  00000-0  14274-2 0  9994
2 61481  88.8856 286.2188 0139738 289.6404  68.9750 14.19266546 69222
CZ-6A DEB
1 61481U 24140AAP 26007.22819405  .00002691  00000-0  11592-2 0  9995
2 61481  88.8853 286.1566 0139604 288.0393  70.5628 14.19268980 69294
CZ-6A DEB
1 61481U 24140AAP 26007.51020682  .00002629  00000-0  11324-2 0  9992
2 61481  88.8846 286.1203 0139675 287.1108  71.4824 14.19269992 69333
CZ-6A DEB
1 61481U 24140AAP 26007.72171600  .00002702  00000-0  11640-2 0  9995
2 61481  88.8846 286.0938 0139684 286.4131  72.1743 14.19271568 69368
CZ-6A DEB
1 61481U 24140AAP 26007.72171600  .00002702  00000-0  11640-2 0  9995
2 61481  88.8846 286.0938 0139684 286.4131  72.1743 14.19271568 69368
CZ-6A DEB
1 61481U 24140AAP 26008.21523677  .00003009  00000-0  12968-2 0  9990
2 61481  88.8846 286.0314 0139596 284.8077  73.7682 14.19275493 69437
CZ-6A DEB
1 61481U 24140AAP 26008.21523677  .00003009  00000-0  12968-2 0  9990
2 61481  88.8846 286.0314 0139596 284.8078  73.7682 14.19275493 69438
CZ-6A DEB
1 61481U 24140AAP 26009.48428728  .00002914  00000-0  12561-2 0  9994
2 61481  88.8841 285.8710 0139384 280.6713  77.8807 14.19282618 69616
CZ-6A DEB
1 61481U 24140AAP 26010.75333307  .00002467  00000-0  10625-2 0  9996
2 61481  88.8843 285.7104 0139321 276.4908  82.0436 14.19288562 69793
CZ-6A DEB
1 61481U 24140AAP 26011.03534289  .00002527  00000-0  10887-2 0  9997
2 61481  88.8845 285.6747 0139265 275.5710  82.9611 14.19289922 69835
CZ-6A DEB
1 61481U 24140AAP 26011.52885903  .00002445  00000-0  10531-2 0  9998
2 61481  88.8844 285.6123 0139205 273.9549  84.5738 14.19292558 69903
CZ-6A DEB
1 61481U 24140AAP 26011.74036584  .00002405  00000-0  10359-2 0  9999
2 61481  88.8844 285.5855 0139172 273.2613  85.2663 14.19293501 69939
CZ-6A DEB
1 61481U 24140AAP 26012.72739579  .00002261  00000-0  97358-3 0  9997
2 61481  88.8843 285.4606 0139082 270.0230  88.5022 14.19298330 70078
CZ-6A DEB
1 61481U 24140AAP 26012.72739579  .00002261  00000-0  97358-3 0  9997
2 61481  88.8843 285.4606 0139082 270.0230  88.5022 14.19298330 70078
CZ-6A DEB
1 61481U 24140AAP 26013.50291886  .00001676  00000-0  72014-3 0  9999
2 61481  88.8844 285.3625 0139000 267.4787  91.0484 14.19299926 70181
CZ-6A DEB
1 61481U 24140AAP 26013.71442497  .00001625  00000-0  69821-3 0  9994
2 61481  88.8844 285.3358 0138981 266.7876  91.7406 14.19300689 70216
CZ-6A DEB
1 61481U 24140AAP 26014.20793897  .00001501  00000-0  64445-3 0  9992
2 61481  88.8845 285.2733 0138936 265.1660  93.3654 14.19302303 70282
CZ-6A DEB
1 61481U 24140AAP 26014.48994714  .00001397  00000-0  59931-3 0  9990
2 61481  88.8845 285.2376 0138904 264.2410  94.2929 14.19302857 70327
CZ-6A DEB
1 61481U 24140AAP 26014.70145323  .00001270  00000-0  54429-3 0  9996
2 61481  88.8845 285.2109 0138870 263.5551  94.9811 14.19303165 70354
CZ-6A DEB
1 61481U 24140AAP 26014.70145324  .00001270  00000-0  54429-3 0  9997
2 61481  88.8845 285.2109 0138870 263.5551  94.9811 14.19303165 70354
CZ-6A DEB
1 61481U 24140AAP 26015.19496690  .00001330  00000-0  57037-3 0  9991
2 61481  88.8848 285.1485 0138849 261.9354  96.6064 14.19304891 70426
CZ-6A DEB
1 61481U 24140AAP 26015.19496691  .00001330  00000-0  57037-3 0  9992
2 61481  88.8848 285.1485 0138849 261.9354  96.6064 14.19304891 70426
CZ-6A DEB
1 61481U 24140AAP 26015.68848071  .00001232  00000-0  52791-3 0  9992
2 61481  88.8848 285.0861 0138793 260.3155  98.2334 14.19305862 70497
CZ-6A DEB
1 61481U 24140AAP 26015.68848071  .00001232  00000-0  52791-3 0  9992
2 61481  88.8848 285.0861 0138793 260.3155  98.2334 14.19305862 70497
CZ-6A DEB
1 61481U 24140AAP 26016.18199430  .00001374  00000-0  58942-3 0  9997
2 61481  88.8849 285.0237 0138747 258.6903  99.8670 14.19307478 70568
CZ-6A DEB
1 61481U 24140AAP 26017.16902013  .00001945  00000-0  83665-3 0  9999
2 61481  88.8849 284.8990 0138656 255.4412 103.1365 14.19311981 70700
CZ-6A DEB
1 61481U 24140AAP 26017.73303362  .00001960  00000-0  84343-3 0  9995
2 61481  88.8850 284.8277 0138653 253.5798 105.0113 14.19314067 70781
CZ-6A DEB
1 61481U 24140AAP 26018.72005606  .00002151  00000-0  92581-3 0  9991
2 61481  88.8849 284.7031 0138522 250.3375 108.2823 14.19318630 70926
CZ-6A DEB
1 61481U 24140AAP 26019.70707548  .00002352  00000-0  10128-2 0  9993
2 61481  88.8847 284.5784 0138464 247.0866 111.5660 14.19323985 71061
CZ-6A DEB
1 61481U 24140AAP 26019.98907991  .00003057  00000-0  13182-2 0  9993
2 61481  88.8849 284.5429 0138530 246.1529 112.5091 14.19327700 71102
CZ-6A DEB
1 61481U 24140AAP 26020.69408212  .00006116  00000-0  26412-2 0  9994
2 61481  88.8848 284.4538 0138342 243.8289 114.8619 14.19345851 71208
CZ-6A DEB
1 61481U 24140AAP 26021.46958178  .00006384  00000-0  27565-2 0  9998
2 61481  88.8846 284.3558 0138340 241.2694 117.4538 14.19356679 71318
CZ-6A DEB
1 61481U 24140AAP 26022.17457558  .00004881  00000-0  21066-2 0  9993
2 61481  88.8840 284.2668 0138277 238.9368 119.8188 14.19366921 71412
CZ-6A DEB
1 61481U 24140AAP 26022.17457559  .00004881  00000-0  21066-2 0  9994
2 61481  88.8840 284.2668 0138277 238.9368 119.8188 14.19366921 71412
CZ-6A DEB
1 61481U 24140AAP 26024.00754891  .00004929  00000-0  21267-2 0  9993
2 61481  88.8836 284.0349 0138206 232.8884 125.9612 14.19384062 71673
CZ-6A DEB
1 61481U 24140AAP 26024.00754891  .00004929  00000-0  21267-2 0  9993
2 61481  88.8836 284.0349 0138206 232.8884 125.9612 14.19384062 71673
CZ-6A DEB
1 61481U 24140AAP 26025.98150135  .00004489  00000-0  19356-2 0  9999
2 61481  88.8838 283.7850 0138291 226.3823 132.5829 14.19400219 71951
CZ-6A DEB
1 61481U 24140AAP 26026.47498618  .00004076  00000-0  17569-2 0  9991
2 61481  88.8837 283.7224 0138333 224.7580 134.2383 14.19403742 72021
CZ-6A DEB
1 61481U 24140AAP 26026.47498619  .00004076  00000-0  17569-2 0  9992
2 61481  88.8837 283.7224 0138333 224.7580 134.2383 14.19403742 72021
CZ-6A DEB
1 61481U 24140AAP 26026.68647926  .00004064  00000-0  17516-2 0  9991
2 61481  88.8836 283.6956 0138339 224.0644 134.9456 14.19405711 72050
CZ-6A DEB
1 61481U 24140AAP 26026.68647927  .00004064  00000-0  17516-2 0  9992
2 61481  88.8836 283.6956 0138339 224.0644 134.9456 14.19405711 72050
CZ-6A DEB
1 61481U 24140AAP 26027.67344398  .00004050  00000-0  17452-2 0  9992
2 61481  88.8836 283.5707 0138338 220.8057 138.2710 14.19414155 72191
CZ-6A DEB
1 61481U 24140AAP 26027.67344399  .00004050  00000-0  17452-2 0  9993
2 61481  88.8836 283.5707 0138338 220.8057 138.2710 14.19414155 72191
CZ-6A DEB
1 61481U 24140AAP 26028.66040411  .00003803  00000-0  16379-2 0  9993
2 61481  88.8837 283.4457 0138372 217.5524 141.5941 14.19421456 72334
CZ-6A DEB
1 61481U 24140AAP 26030.14083434  .00003931  00000-0  16926-2 0  9991
2 61481  88.8839 283.2584 0138416 212.6756 146.5817 14.19433959 72548
CZ-6A DEB
1 61481U 24140AAP 26030.14083434  .00003931  00000-0  16926-2 0  9991
2 61481  88.8839 283.2584 0138416 212.6756 146.5817 14.19433959 72548
CZ-6A DEB
1 61481U 24140AAP 26030.42281973  .00003721  00000-0  16017-2 0  9998
2 61481  88.8839 283.2226 0138417 211.7473 147.5318 14.19435824 72582
CZ-6A DEB
1 61481U 24140AAP 26030.42281973  .00003721  00000-0  16017-2 0  9998
2 61481  88.8839 283.2226 0138417 211.7473 147.5318 14.19435824 72582
CZ-6A DEB
1 61481U 24140AAP 26032.67869460  .00002447  00000-0  10510-2 0  9996
2 61481  88.8837 282.9375 0138538 204.3175 155.1438 14.19447636 72900
CZ-6A DEB
1 61481U 24140AAP 26033.66563422  .00002609  00000-0  11204-2 0  9996
2 61481  88.8833 282.8126 0138658 201.0881 158.4559 14.19453432 73047
CZ-6A DEB
1 61481U 24140AAP 26034.65257018  .00002732  00000-0  11736-2 0  9994
2 61481  88.8830 282.6880 0138752 197.8528 161.7763 14.19459477 73188
CZ-6A DEB
1 61481U 24140AAP 26035.42801762  .00002667  00000-0  11449-2 0  9999
2 61481  88.8825 282.5897 0138786 195.2958 164.4018 14.19463677 73297
CZ-6A DEB
1 61481U 24140AAP 26035.63950273  .00002784  00000-0  11953-2 0  9994
2 61481  88.8826 282.5629 0138813 194.6103 165.1058 14.19465262 73325
CZ-6A DEB
1 61481U 24140AAP 26036.13296712  .00003181  00000-0  13665-2 0  9995
2 61481  88.8824 282.5004 0138848 192.9882 166.7720 14.19469320 73392
CZ-6A DEB
1 61481U 24140AAP 26036.13296712  .00003181  00000-0  13665-2 0  9995
2 61481  88.8824 282.5004 0138848 192.9882 166.7720 14.19469320 73392
CZ-6A DEB
1 61481U 24140AAP 26036.62643036  .00003852  00000-0  16560-2 0  9996
2 61481  88.8823 282.4379 0138880 191.3671 168.4374 14.19474105 73469
CZ-6A DEB
1 61481U 24140AAP 26036.62643036  .00003852  00000-0  16560-2 0  9996
2 61481  88.8823 282.4380 0138880 191.3671 168.4374 14.19474105 73461
CZ-6A DEB
1 61481U 24140AAP 26037.11989249  .00003544  00000-0  15229-2 0  9999
2 61481  88.8821 282.3753 0138941 189.7605 170.0882 14.19476689 73538
CZ-6A DEB
1 61481U 24140AAP 26037.11989249  .00003544  00000-0  15229-2 0  9999
2 61481  88.8821 282.3753 0138941 189.7605 170.0882 14.19476689 73538
CZ-6A DEB
1 61481U 24140AAP 26037.96582575  .00003366  00000-0  14457-2 0  9997
2 61481  88.8820 282.2681 0139032 186.9992 172.9261 14.19481459 73652
CZ-6A DEB
1 61481U 24140AAP 26038.10681420  .00003364  00000-0  14448-2 0  9991
2 61481  88.8821 282.2501 0139058 186.5498 173.3880 14.19482506 73677
CZ-6A DEB
1 61481U 24140AAP 26038.10681420  .00003364  00000-0  14448-2 0  9991
2 61481  88.8821 282.2501 0139058 186.5498 173.3880 14.19482506 73677
CZ-6A DEB
1 61481U 24140AAP 26038.67076780  .00003241  00000-0  13915-2 0  9992
2 61481  88.8823 282.1788 0139102 184.6993 175.2903 14.19485621 73751
CZ-6A DEB
1 61481U 24140AAP 26038.67076780  .00003241  00000-0  13915-2 0  9992
2 61481  88.8823 282.1788 0139102 184.6993 175.2903 14.19485621 73751
CZ-6A DEB
1 61481U 24140AAP 26039.65768402  .00002711  00000-0  11625-2 0  9997
2 61481  88.8825 282.0539 0139204 181.4698 178.6104 14.19489708 73891
CZ-6A DEB
1 61481U 24140AAP 26040.43311510  .00002743  00000-0  11762-2 0  9996
2 61481  88.8822 281.9553 0139314 178.9618 181.1889 14.19494204 74007
CZ-6A DEB
1 61481U 24140AAP 26040.43311511  .00002743  00000-0  11762-2 0  9997
2 61481  88.8822 281.9553 0139314 178.9618 181.1889 14.19494204 74007
CZ-6A DEB
1 61481U 24140AAP 26040.64459622  .00002580  00000-0  11058-2 0  9993
2 61481  88.8822 281.9285 0139329 178.2696 181.9006 14.19494808 74036
CZ-6A DEB
1 61481U 24140AAP 26041.91347878  .00002376  00000-0  10176-2 0  9996
2 61481  88.8824 281.7681 0139480 174.1375 186.1490 14.19500627 74214
CZ-6A DEB
1 61481U 24140AAP 26042.12495864  .00002370  00000-0  10148-2 0  9992
2 61481  88.8823 281.7411 0139515 173.4404 186.8657 14.19501719 74246
CZ-6A DEB
1 61481U 24140AAP 26043.11186247  .00002494  00000-0  10679-2 0  9990
2 61481  88.8823 281.6159 0139633 170.2326 190.1632 14.19506937 74386
CZ-6A DEB
1 61481U 24140AAP 26043.11186247  .00002494  00000-0  10679-2 0  9990
2 61481  88.8823 281.6159 0139633 170.2326 190.1632 14.19506938 74387
CZ-6A DEB
1 61481U 24140AAP 26043.60531328  .00002263  00000-0  96831-3 0  9997
2 61481  88.8822 281.5532 0139718 168.6277 191.8127 14.19508518 74451
CZ-6A DEB
1 61481U 24140AAP 26043.60531328  .00002263  00000-0  96831-3 0  9997
2 61481  88.8822 281.5532 0139718 168.6278 191.8127 14.19508518 74452
CZ-6A DEB
1 61481U 24140AAP 26045.08566083  .00002438  00000-0  10434-2 0  9995
2 61481  88.8821 281.3658 0139889 163.8149 196.7579 14.19515763 74669
CZ-6A DEB
1 61481U 24140AAP 26045.64960086  .00002413  00000-0  10324-2 0  9999
2 61481  88.8820 281.2944 0139961 161.9860 198.6364 14.19518176 74748
CZ-6A DEB
1 61481U 24140AAP 26045.64960086  .00002413  00000-0  10324-2 0  9999
2 61481  88.8820 281.2944 0139961 161.9860 198.6364 14.19518176 74748
CZ-6A DEB
1 61481U 24140AAP 26047.41190426  .00002647  00000-0  11322-2 0  9997
2 61481  88.8816 281.0712 0140188 156.2798 204.4940 14.19527642 74995
CZ-6A DEB
1 61481U 24140AAP 26047.62337979  .00002494  00000-0  10665-2 0  9995
2 61481  88.8815 281.0444 0140220 155.5941 205.1975 14.19528352 75025
CZ-6A DEB
1 61481U 24140AAP 26047.62337980  .00002494  00000-0  10665-2 0  9997
2 61481  88.8815 281.0444 0140220 155.5941 205.1975 14.19528352 75025
CZ-6A DEB
1 61481U 24140AAP 26048.61026379  .00002211  00000-0  94445-3 0  9990
2 61481  88.8812 280.9193 0140335 152.4052 208.4680 14.19532467 75163
CZ-6A DEB
1 61481U 24140AAP 26048.61026379  .00002211  00000-0  94445-3 0  9990
2 61481  88.8812 280.9193 0140335 152.4052 208.4680 14.19532467 75163
CZ-6A DEB
1 61481U 24140AAP 26049.59714346  .00002227  00000-0  95104-3 0  9996
2 61481  88.8808 280.7941 0140438 149.2370 211.7148 14.19537566 75305
CZ-6A DEB
1 61481U 24140AAP 26049.59714347  .00002227  00000-0  95104-3 0  9997
2 61481  88.8808 280.7941 0140438 149.2370 211.7148 14.19537566 75305
CZ-6A DEB
1 61481U 24140AAP 26050.09058233  .00002086  00000-0  89044-3 0  9998
2 61481  88.8808 280.7314 0140506 147.6501 213.3403 14.19539382 75370
CZ-6A DEB
1 61481U 24140AAP 26050.09058233  .00002086  00000-0  89044-3 0  9998
2 61481  88.8808 280.7314 0140506 147.6501 213.3403 14.19539382 75370
CZ-6A DEB
1 61481U 24140AAP 26050.37254700  .00002162  00000-0  92303-3 0  9993
2 61481  88.8807 280.6956 0140537 146.7340 214.2783 14.19540835 75416
CZ-6A DEB
1 61481U 24140AAP 26050.58402010  .00002178  00000-0  92976-3 0  9998
2 61481  88.8807 280.6691 0140563 146.0690 214.9591 14.19541922 75447
CZ-6A DEB
1 61481U 24140AAP 26050.58402011  .00002178  00000-0  92976-3 0  9999
2 61481  88.8807 280.6691 0140563 146.0691 214.9591 14.19541922 75448
CZ-6A DEB
1 61481U 24140AAP 26051.07745728  .00002137  00000-0  91203-3 0  9996
2 61481  88.8806 280.6064 0140626 144.4770 216.5885 14.19543873 75510
CZ-6A DEB
1 61481U 24140AAP 26051.07745729  .00002137  00000-0  91203-3 0  9997
2 61481  88.8806 280.6064 0140626 144.4770 216.5885 14.19543873 75510
CZ-6A DEB
1 61481U 24140AAP 26052.06432911  .00002275  00000-0  97115-3 0  9994
2 61481  88.8803 280.4814 0140717 141.2955 219.8421 14.19548315 75652
CZ-6A DEB
1 61481U 24140AAP 26052.06432911  .00002275  00000-0  97115-3 0  9994
2 61481  88.8803 280.4814 0140717 141.2955 219.8421 14.19548315 75652
CZ-6A DEB
1 61481U 24140AAP 26053.61511874  .00002691  00000-0  11494-2 0  9999
2 61481  88.8803 280.2849 0140868 136.3187 224.9255 14.19556886 75875
CZ-6A DEB
1 61481U 24140AAP 26053.89707892  .00002827  00000-0  12077-2 0  9995
2 61481  88.8806 280.2488 0140923 135.4249 225.8379 14.19558851 75914
CZ-6A DEB
1 61481U 24140AAP 26053.89707893  .00002827  00000-0  12077-2 0  9996
2 61481  88.8806 280.2488 0140923 135.4249 225.8379 14.19558851 75914
CZ-6A DEB
1 61481U 24140AAP 26054.60197838  .00002668  00000-0  11391-2 0  9999
2 61481  88.8803 280.1590 0140988 133.1802 228.1272 14.19562326 76017
CZ-6A DEB
1 61481U 24140AAP 26054.60197839  .00002668  00000-0  11391-2 0  9990
2 61481  88.8803 280.1590 0140988 133.1802 228.1272 14.19562326 76017
CZ-6A DEB
1 61481U 24140AAP 26055.37736570  .00002586  00000-0  11037-2 0  9992
2 61481  88.8804 280.0602 0141102 130.6727 230.6828 14.19566265 76121
CZ-6A DEB
1 61481U 24140AAP 26055.58883440  .00002510  00000-0  10711-2 0  9999
2 61481  88.8805 280.0336 0141116 129.9823 231.3858 14.19567289 76150
CZ-6A DEB
1 61481U 24140AAP 26055.58883440  .00002510  00000-0  10711-2 0  9999
2 61481  88.8805 280.0336 0141116 129.9823 231.3858 14.19567290 76152
CZ-6A DEB
1 61481U 24140AAP 26056.57568509  .00002348  00000-0  10012-2 0  9998
2 61481  88.8801 279.9084 0141210 126.8423 234.5814 14.19572417 76291
CZ-6A DEB
1 61481U 24140AAP 26056.57568510  .00002348  00000-0  10012-2 0  9990
2 61481  88.8801 279.9084 0141210 126.8423 234.5815 14.19572417 76292
CZ-6A DEB
1 61481U 24140AAP 26057.06910891  .00002372  00000-0  10114-2 0  9998
2 61481  88.8800 279.8456 0141201 125.2785 236.1709 14.19575147 76368
CZ-6A DEB
1 61481U 24140AAP 26057.06910891  .00002372  00000-0  10114-2 0  9998
2 61481  88.8800 279.8456 0141201 125.2785 236.1709 14.19575147 76368
CZ-6A DEB
1 61481U 24140AAP 26057.56253131  .00002602  00000-0  11098-2 0  9998
2 61481  88.8803 279.7831 0141285 123.6805 237.7951 14.19578694 76438
CZ-6A DEB
1 61481U 24140AAP 26057.56253132  .00002602  00000-0  11098-2 0  9999
2 61481  88.8803 279.7832 0141285 123.6805 237.7951 14.19578694 76439
CZ-6A DEB
1 61481U 24140AAP 26058.05595298  .00002716  00000-0  11587-2 0  9995
2 61481  88.8805 279.7206 0141305 122.0989 239.4009 14.19581592 76507
CZ-6A DEB
1 61481U 24140AAP 26058.05595298  .00002716  00000-0  11587-2 0  9995
2 61481  88.8805 279.7206 0141305 122.0989 239.4009 14.19581592 76507
CZ-6A DEB
1 61481U 24140AAP 26058.54937342  .00002730  00000-0  11644-2 0  9999
2 61481  88.8805 279.6581 0141345 120.5147 241.0085 14.19584271 76572
CZ-6A DEB
1 61481U 24140AAP 26058.90181558  .00002922  00000-0  12469-2 0  9998
2 61481  88.8804 279.6134 0141367 119.4008 242.1381 14.19586811 76621
CZ-6A DEB
1 61481U 24140AAP 26059.04279239  .00002934  00000-0  12520-2 0  9999
2 61481  88.8803 279.5954 0141391 118.9449 242.6004 14.19587700 76646
CZ-6A DEB
1 61481U 24140AAP 26059.04279239  .00002934  00000-0  12520-2 0  9999
2 61481  88.8803 279.5954 0141391 118.9449 242.6004 14.19587700 76646
CZ-6A DEB
1 61481U 24140AAP 26060.02962689  .00003061  00000-0  13063-2 0  9992
2 61481  88.8800 279.4702 0141457 115.7889 245.7975 14.19593789 76789
CZ-6A DEB
1 61481U 24140AAP 26060.02962689  .00003061  00000-0  13063-2 0  9992
2 61481  88.8800 279.4702 0141457 115.7889 245.7975 14.19593789 76789
CZ-6A DEB
1 61481U 24140AAP 26060.59352970  .00003222  00000-0  13751-2 0  9993
2 61481  88.8799 279.3988 0141460 113.9953 247.6120 14.19597770 76863
CZ-6A DEB
1 61481U 24140AAP 26060.59352971  .00003222  00000-0  13751-2 0  9994
2 61481  88.8799 279.3988 0141460 113.9953 247.6120 14.19597770 76863
CZ-6A DEB
1 61481U 24140AAP 26061.01645575  .00003119  00000-0  13307-2 0  9999
2 61481  88.8797 279.3450 0141487 112.6452 248.9771 14.19600115 76925
CZ-6A DEB
1 61481U 24140AAP 26061.58035576  .00003243  00000-0  13839-2 0  9993
2 61481  88.8795 279.2735 0141501 110.8448 250.7962 14.19603992 77009
CZ-6A DEB
1 61481U 24140AAP 26061.58035577  .00003243  00000-0  13839-2 0  9994
2 61481  88.8795 279.2735 0141501 110.8448 250.7962 14.19603992 77009
CZ-6A DEB
1 61481U 24140AAP 26062.35571530  .00003381  00000-0  14428-2 0  9992
2 61481  88.8795 279.1752 0141546 108.3683 253.2959 14.19609326 77112
CZ-6A DEB
1 61481U 24140AAP 26062.56717607  .00003533  00000-0  15080-2 0  9996
2 61481  88.8794 279.1484 0141544 107.6942 253.9758 14.19611363 77142
CZ-6A DEB
1 61481U 24140AAP 26062.56717607  .00003533  00000-0  15080-2 0  9996
2 61481  88.8794 279.1484 0141544 107.6942 253.9758 14.19611364 77143
CZ-6A DEB
1 61481U 24140AAP 26062.84912336  .00003835  00000-0  16371-2 0  9992
2 61481  88.8791 279.1123 0141537 106.7965 254.8807 14.19614238 77189
CZ-6A DEB
1 61481U 24140AAP 26063.06058365  .00003891  00000-0  16611-2 0  9999
2 61481  88.8791 279.0855 0141536 106.1233 255.5590 14.19615942 77215
CZ-6A DEB
1 61481U 24140AAP 26063.34252987  .00004126  00000-0  17618-2 0  9996
2 61481  88.8790 279.0499 0141574 105.2225 256.4669 14.19618914 77254
CZ-6A DEB
1 61481U 24140AAP 26063.55398978  .00003869  00000-0  16516-2 0  9999
2 61481  88.8792 279.0232 0141587 104.5439 257.1503 14.19619404 77287
CZ-6A DEB
1 61481U 24140AAP 26063.55398978  .00003869  00000-0  16516-2 0  9999
2 61481  88.8792 279.0232 0141587 104.5439 257.1504 14.19619404 77288
CZ-6A DEB
1 61481U 24140AAP 26064.04739446  .00003617  00000-0  15433-2 0  9991
2 61481  88.8790 278.9605 0141601 102.9737 258.7308 14.19622515 77352
CZ-6A DEB
1 61481U 24140AAP 26064.04739446  .00003617  00000-0  15433-2 0  9991
2 61481  88.8790 278.9605 0141601 102.9737 258.7308 14.19622515 77352
CZ-6A DEB
1 61481U 24140AAP 26064.54079771  .00003885  00000-0  16579-2 0  9993
2 61481  88.8789 278.8979 0141613 101.3954 260.3182 14.19626776 77420
CZ-6A DEB
1 61481U 24140AAP 26064.54079771  .00003885  00000-0  16579-2 0  9993
2 61481  88.8789 278.8979 0141613 101.3954 260.3182 14.19626776 77420
CZ-6A DEB
1 61481U 24140AAP 26066.02099848  .00003320  00000-0  14158-2 0  9990
2 61481  88.8789 278.7095 0141617  96.6839 265.0491 14.19636201 77632
CZ-6A DEB
1 61481U 24140AAP 26066.02099848  .00003320  00000-0  14158-2 0  9990
2 61481  88.8789 278.7095 0141617  96.6839 265.0491 14.19636201 77632
CZ-6A DEB
1 61481U 24140AAP 26066.58488072  .00004051  00000-0  17286-2 0  9999
2 61481  88.8788 278.6378 0141614  94.8857 266.8518 14.19642055 77713
CZ-6A DEB
1 61481U 24140AAP 26067.00779104  .00004296  00000-0  18335-2 0  9993
2 61481  88.8788 278.5840 0141615  93.5399 268.1999 14.19645814 77774
CZ-6A DEB
1 61481U 24140AAP 26067.57166921  .00004282  00000-0  18270-2 0  9995
2 61481  88.8788 278.5122 0141613  91.7432 269.9984 14.19650561 77850
CZ-6A DEB
1 61481U 24140AAP 26067.85360754  .00004083  00000-0  17421-2 0  9992
2 61481  88.8788 278.4764 0141614  90.8466 270.8953 14.19652411 77896
CZ-6A DEB
1 61481U 24140AAP 26068.06506106  .00003943  00000-0  16821-2 0  9996
2 61481  88.8790 278.4494 0141612  90.1670 271.5747 14.19653951 77920
CZ-6A DEB
1 61481U 24140AAP 26069.54522718  .00003424  00000-0  14597-2 0  9999
2 61481  88.8792 278.2613 0141592  85.4540 276.2808 14.19664711 78133
CZ-6A DEB
1 61481U 24140AAP 26069.82716197  .00003409  00000-0  14531-2 0  9997
2 61481  88.8792 278.2253 0141594  84.5558 277.1765 14.19666789 78177
CZ-6A DEB
1 61481U 24140AAP 26069.82716197  .00003409  00000-0  14531-2 0  9997
2 61481  88.8792 278.2253 0141594  84.5558 277.1765 14.19666789 78177
CZ-6A DEB
1 61481U 24140AAP 26070.53199732  .00003342  00000-0  14242-2 0  9992
2 61481  88.8792 278.1360 0141574  82.3133 279.4107 14.19671669 78277
CZ-6A DEB
1 61481U 24140AAP 26070.53199732  .00003342  00000-0  14242-2 0  9992
2 61481  88.8792 278.1360 0141574  82.3133 279.4107 14.19671669 78277
CZ-6A DEB
1 61481U 24140AAP 26071.51876225  .00003365  00000-0  14341-2 0  9995
2 61481  88.8791 278.0105 0141549  79.1653 282.5431 14.19678249 78417
CZ-6A DEB
1 61481U 24140AAP 26071.51876225  .00003365  00000-0  14341-2 0  9995
2 61481  88.8791 278.0105 0141549  79.1653 282.5431 14.19678249 78417
CZ-6A DEB
1 61481U 24140AAP 26072.50552151  .00003542  00000-0  15096-2 0  9999
2 61481  88.8790 277.8852 0141512  76.0124 285.6755 14.19685187 78558
CZ-6A DEB
1 61481U 24140AAP 26074.26757604  .00003468  00000-0  14777-2 0  9996
2 61481  88.8785 277.6614 0141495  70.4002 291.2400 14.19698088 78801
CZ-6A DEB
1 61481U 24140AAP 26074.54950297  .00003068  00000-0  13067-2 0  9997
2 61481  88.8785 277.6256 0141429  69.4914 292.1389 14.19699386 78842
CZ-6A DEB
1 61481U 24140AAP 26074.83142892  .00002987  00000-0  12720-2 0  9997
2 61481  88.8784 277.5893 0141359  68.5990 293.0213 14.19701536 78884
CZ-6A DEB
1 61481U 24140AAP 26075.04287352  .00003229  00000-0  13755-2 0  9991
2 61481  88.8785 277.5626 0141331  67.9188 293.6940 14.19703704 78917
CZ-6A DEB
1 61481U 24140AAP 26075.81816826  .00002814  00000-0  11978-2 0  9994
2 61481  88.8783 277.4642 0141290  65.4540 296.1301 14.19708059 79021
CZ-6A DEB
1 61481U 24140AAP 26075.81816827  .00002814  00000-0  11978-2 0  9995
2 61481  88.8783 277.4643 0141290  65.4540 296.1302 14.19708059 79023
CZ-6A DEB
1 61481U 24140AAP 26076.52297966  .00002483  00000-0  10561-2 0  9990
2 61481  88.8780 277.3747 0141229  63.2011 298.3544 14.19711316 79128
CZ-6A DEB
1 61481U 24140AAP 26076.80490364  .00002511  00000-0  10681-2 0  9993
2 61481  88.8780 277.3390 0141209  62.3010 299.2424 14.19712720 79160
CZ-6A DEB
1 61481U 24140AAP 26076.80490364  .00002511  00000-0  10681-2 0  9993
2 61481  88.8780 277.3390 0141209  62.3010 299.2424 14.19712720 79160
CZ-6A DEB
1 61481U 24140AAP 26077.50971239  .00002593  00000-0  11036-2 0  9991
2 61481  88.8779 277.2495 0141150  60.0483 301.4635 14.19716209 79264
CZ-6A DEB
1 61481U 24140AAP 26077.50971239  .00002593  00000-0  11036-2 0  9991
2 61481  88.8779 277.2495 0141150  60.0483 301.4635 14.19716209 79264
CZ-6A DEB
1 61481U 24140AAP 26078.28499959  .00002698  00000-0  11485-2 0  9995
2 61481  88.8778 277.1510 0141006  57.5370 303.9362 14.19720153 79375
CZ-6A DEB
1 61481U 24140AAP 26078.49644114  .00002754  00000-0  11724-2 0  9992
2 61481  88.8779 277.1243 0140982  56.8637 304.5989 14.19721352 79407
CZ-6A DEB
1 61481U 24140AAP 26078.98980401  .00002846  00000-0  12121-2 0  9992
2 61481  88.8779 277.0615 0140945  55.2892 306.1480 14.19723899 79473
CZ-6A DEB
1 61481U 24140AAP 26079.27172596  .00002560  00000-0  10896-2 0  9993
2 61481  88.8782 277.0252 0140954  54.3903 307.0323 14.19723865 79511
CZ-6A DEB
1 61481U 24140AAP 26079.27172597  .00002560  00000-0  10896-2 0  9994
2 61481  88.8782 277.0252 0140954  54.3903 307.0324 14.19723865 79512
CZ-6A DEB
1 61481U 24140AAP 26080.54036559  .00003394  00000-0  14465-2 0  9995
2 61481  88.8783 276.8639 0140836  50.3273 311.0239 14.19733356 79699
CZ-6A DEB
1 61481U 24140AAP 26081.24516153  .00003381  00000-0  14410-2 0  9992
2 61481  88.8774 276.7738 0140768  48.0920 313.2174 14.19737610 79795
CZ-6A DEB
1 61481U 24140AAP 26081.80899641  .00003327  00000-0  14179-2 0  9992
2 61481  88.8780 276.7021 0140679  46.2729 315.0008 14.19741049 79871
CZ-6A DEB
1 61481U 24140AAP 26082.51378612  .00003295  00000-0  14044-2 0  9996
2 61481  88.8787 276.6123 0140581  44.0083 317.2197 14.19746534 79979
CZ-6A DEB
1 61481U 24140AAP 26082.51378612  .00003295  00000-0  14044-2 0  9996
2 61481  88.8787 276.6123 0140581  44.0083 317.2197 14.19746535 79970
CZ-6A DEB
1 61481U 24140AAP 26083.28905230  .00003128  00000-0  13330-2 0  9995
2 61481  88.8788 276.5136 0140496  41.5240 319.6520 14.19751826 80085
CZ-6A DEB
1 61481U 24140AAP 26083.50048791  .00003090  00000-0  13167-2 0  9996
2 61481  88.8788 276.4866 0140477  40.8438 320.3178 14.19753320 80117
CZ-6A DEB
1 61481U 24140AAP 26083.50048791  .00003090  00000-0  13167-2 0  9996
2 61481  88.8788 276.4867 0140477  40.8438 320.3178 14.19753320 80118
CZ-6A DEB
1 61481U 24140AAP 26084.27574985  .00003017  00000-0  12855-2 0  9992
2 61481  88.8787 276.3884 0140343  38.3519 322.7548 14.19758570 80220
CZ-6A DEB
1 61481U 24140AAP 26085.47387678  .00002952  00000-0  12579-2 0  9996
2 61481  88.8787 276.2360 0140216  34.4981 326.5211 14.19766020 80393
CZ-6A DEB
1 61481U 24140AAP 26085.96722187  .00003072  00000-0  13093-2 0  9994
2 61481  88.8787 276.1731 0140153  32.9226 328.0595 14.19768914 80463
CZ-6A DEB
1 61481U 24140AAP 26085.96722187  .00003072  00000-0  13093-2 0  9994
2 61481  88.8787 276.1731 0140153  32.9226 328.0595 14.19768914 80463
CZ-6A DEB
1 61481U 24140AAP 26086.53104271  .00002866  00000-0  12213-2 0  9999
2 61481  88.8785 276.1015 0140078  31.1105 329.8283 14.19771902 80542
CZ-6A DEB
1 61481U 24140AAP 26086.53104271  .00002866  00000-0  12213-2 0  9999
2 61481  88.8785 276.1015 0140078  31.1105 329.8283 14.19771902 80542
CZ-6A DEB
1 61481U 24140AAP 26086.95390801  .00002822  00000-0  12024-2 0  9993
2 61481  88.8785 276.0478 0140014  29.7438 331.1618 14.19773895 80604
CZ-6A DEB
1 61481U 24140AAP 26087.79963434  .00003067  00000-0  13076-2 0  9994
2 61481  88.8781 275.9400 0139844  27.0610 333.7781 14.19779999 80728
CZ-6A DEB
1 61481U 24140AAP 26087.79963434  .00003067  00000-0  13076-2 0  9994
2 61481  88.8781 275.9400 0139844  27.0610 333.7781 14.19779999 80728
CZ-6A DEB
1 61481U 24140AAP 26088.92726532  .00003662  00000-0  15623-2 0  9997
2 61481  88.8777 275.7967 0139700  23.3938 337.3525 14.19788672 80883
CZ-6A DEB
1 61481U 24140AAP 26088.92726533  .00003662  00000-0  15623-2 0  9998
2 61481  88.8777 275.7967 0139700  23.3938 337.3525 14.19788672 80883
CZ-6A DEB
1 61481U 24140AAP 26089.49107734  .00003593  00000-0  15334-2 0  9999
2 61481  88.8787 275.7254 0139377  21.5734 339.1248 14.19792091 80968
CZ-6A DEB
1 61481U 24140AAP 26089.49107734  .00003593  00000-0  15334-2 0  9999
2 61481  88.8787 275.7254 0139377  21.5734 339.1248 14.19792091 80968
CZ-6A DEB
1 61481U 24140AAP 26090.26631702  .00003659  00000-0  15616-2 0  9999
2 61481  88.8780 275.6264 0139349  19.0207 341.6113 14.19797557 81071
CZ-6A DEB
1 61481U 24140AAP 26090.47774541  .00003679  00000-0  15703-2 0  9990
2 61481  88.8780 275.5995 0139327  18.3351 342.2788 14.19799159 81108
CZ-6A DEB
1 61481U 24140AAP 26090.47774541  .00003679  00000-0  15703-2 0  9990
2 61481  88.8780 275.5995 0139327  18.3351 342.2788 14.19799159 81108
CZ-6A DEB
1 61481U 24140AAP 26090.75964920  .00003730  00000-0  15924-2 0  9996
2 61481  88.8779 275.5637 0139208  17.4156 343.1738 14.19801393 81143
CZ-6A DEB
1 61481U 24140AAP 26090.75964921  .00003730  00000-0  15924-2 0  9997
2 61481  88.8779 275.5637 0139208  17.4156 343.1738 14.19801393 81143
CZ-6A DEB
1 61481U 24140AAP 26091.46440802  .00002911  00000-0  12414-2 0  9994
2 61481  88.8780 275.4740 0139108  15.1361 345.3926 14.19803835 81248
CZ-6A DEB
1 61481U 24140AAP 26091.46440803  .00002911  00000-0  12414-2 0  9995
2 61481  88.8780 275.4740 0139108  15.1361 345.3926 14.19803836 81249
CZ-6A DEB
1 61481U 24140AAP 26092.23963963  .00003790  00000-0  16183-2 0  9991
2 61481  88.8771 275.3750 0138964  12.5960 347.8643 14.19811775 81350
CZ-6A DEB
1 61481U 24140AAP 26093.93103973  .00004888  00000-0  20889-2 0  9993
2 61481  88.8775 275.1596 0138660   7.0952 353.2156 14.19828401 81593
CZ-6A DEB
1 61481U 24140AAP 26094.49483528  .00004175  00000-0  17836-2 0  9999
2 61481  88.8776 275.0877 0138529   5.2447 355.0155 14.19832192 81678
CZ-6A DEB
1 61481U 24140AAP 26095.48147401  .00003454  00000-0  14748-2 0  9994
2 61481  88.8779 274.9620 0138365   2.0238 358.1482 14.19838972 81811
CZ-6A DEB
1 61481U 24140AAP 26095.48147401  .00003454  00000-0  14748-2 0  9994
2 61481  88.8779 274.9620 0138365   2.0238 358.1482 14.19838972 81811
CZ-6A DEB
1 61481U 24140AAP 26095.76337031  .00003293  00000-0  14060-2 0  9993
2 61481  88.8786 274.9264 0138371   1.1227 359.0246 14.19840494 81852
CZ-6A DEB
1 61481U 24140AAP 26095.76337032  .00003293  00000-0  14060-2 0  9994
2 61481  88.8786 274.9264 0138371   1.1227 359.0246 14.19840494 81852
CZ-6A DEB
1 61481U 24140AAP 26096.46810913  .00003048  00000-0  13008-2 0  9995
2 61481  88.8787 274.8369 0138229 358.7953   1.2883 14.19844541 81958
CZ-6A DEB
1 61481U 24140AAP 26097.24331994  .00002828  00000-0  12070-2 0  9992
2 61481  88.8787 274.7381 0138096 356.2606   3.7538 14.19848245 82063
CZ-6A DEB
1 61481U 24140AAP 26097.45474061  .00002790  00000-0  11906-2 0  9993
2 61481  88.8786 274.7112 0138083 355.5668   4.4287 14.19849434 82093
CZ-6A DEB
1 61481U 24140AAP 26098.22994932  .00002429  00000-0  10359-2 0  9993
2 61481  88.8789 274.6126 0137980 353.0388   6.8881 14.19852237 82201
CZ-6A DEB
1 61481U 24140AAP 26098.44136931  .00002395  00000-0  10216-2 0  9998
2 61481  88.8790 274.5857 0137944 352.3403   7.5677 14.19853358 82232
CZ-6A DEB
1 61481U 24140AAP 26098.93468264  .00002112  00000-0  89988-3 0  9999
2 61481  88.8791 274.5230 0137875 350.7255   9.1390 14.19854953 82308
CZ-6A DEB
1 61481U 24140AAP 26098.93468265  .00002112  00000-0  89988-3 0  9990
2 61481  88.8792 274.5230 0137875 350.7255   9.1390 14.19854953 82309
CZ-6A DEB
1 61481U 24140AAP 26099.49846821  .00002390  00000-0  10193-2 0  9999
2 61481  88.8792 274.4513 0137790 348.8748  10.9401 14.19858207 82380
CZ-6A DEB
1 61481U 24140AAP 26099.49846822  .00002390  00000-0  10193-2 0  9990
2 61481  88.8792 274.4513 0137790 348.8748  10.9401 14.19858208 82381
CZ-6A DEB
1 61481U 24140AAP 26100.90792785  .00002302  00000-0  98205-3 0  9991
2 61481  88.8792 274.2722 0137590 344.2196  15.4725 14.19864408 82586
CZ-6A DEB
1 61481U 24140AAP 26100.90792785  .00002302  00000-0  98205-3 0  9991
2 61481  88.8792 274.2722 0137590 344.2196  15.4725 14.19864408 82586
CZ-6A DEB
1 61481U 24140AAP 26101.75360132  .00002051  00000-0  87447-3 0  9999
2 61481  88.8792 274.1648 0137470 341.4387  18.1813 14.19867219 82705
CZ-6A DEB
1 61481U 24140AAP 26101.89454691  .00001908  00000-0  81319-3 0  9990
2 61481  88.8791 274.1468 0137440 340.9615  18.6464 14.19867287 82723
CZ-6A DEB
1 61481U 24140AAP 26101.89454692  .00001908  00000-0  81319-3 0  9991
2 61481  88.8791 274.1468 0137440 340.9615  18.6464 14.19867287 82723
CZ-6A DEB
1 61481U 24140AAP 26102.45832831  .00001770  00000-0  75389-3 0  9996
2 61481  88.8790 274.0751 0137364 339.1033  20.4573 14.19869047 82802
CZ-6A DEB
1 61481U 24140AAP 26102.74021867  .00001757  00000-0  74827-3 0  9998
2 61481  88.8790 274.0393 0137330 338.1726  21.3646 14.19870069 82846
CZ-6A DEB
1 61481U 24140AAP 26102.88116389  .00001714  00000-0  72969-3 0  9995
2 61481  88.8792 274.0215 0137311 337.6831  21.8418 14.19870415 82860
CZ-6A DEB
1 61481U 24140AAP 26102.88116389  .00001714  00000-0  72969-3 0  9995
2 61481  88.8792 274.0215 0137311 337.6831  21.8418 14.19870415 82860
CZ-6A DEB
1 61481U 24140AAP 26103.93825164  .00001621  00000-0  68988-3 0  9993
2 61481  88.8790 273.8871 0137181 334.1850  25.2535 14.19873712 83010
CZ-6A DEB
1 61481U 24140AAP 26103.93825165  .00001621  00000-0  68988-3 0  9994
2 61481  88.8790 273.8871 0137181 334.1850  25.2535 14.19873712 83010
CZ-6A DEB
1 61481U 24140AAP 26104.71344806  .00001584  00000-0  67424-3 0  9991
2 61481  88.8789 273.7884 0137103 331.6171  27.7596 14.19876022 83126
CZ-6A DEB
1 61481U 24140AAP 26104.92486507  .00001614  00000-0  68731-3 0  9995
2 61481  88.8789 273.7615 0137078 330.9136  28.4465 14.19876825 83159
CZ-6A DEB
1 61481U 24140AAP 26104.92486507  .00001614  00000-0  68731-3 0  9995
2 61481  88.8789 273.7615 0137078 330.9136  28.4465 14.19876825 83159
CZ-6A DEB
1 61481U 24140AAP 26106.19336584  .00001594  00000-0  67873-3 0  9998
2 61481  88.8788 273.6001 0136958 326.7071  32.5557 14.19880577 83330
CZ-6A DEB
1 61481U 24140AAP 26106.19336585  .00001594  00000-0  67873-3 0  9999
2 61481  88.8788 273.6001 0136958 326.7071  32.5557 14.19880577 83330
CZ-6A DEB
1 61481U 24140AAP 26106.89808719  .00001669  00000-0  71065-3 0  9990
2 61481  88.8791 273.5104 0136972 324.3706  34.8396 14.19883297 83431
CZ-6A DEB
1 61481U 24140AAP 26107.88469593  .00001750  00000-0  74577-3 0  9995
2 61481  88.8791 273.3851 0136888 321.1059  38.0341 14.19886801 83575
CZ-6A DEB
1 61481U 24140AAP 26108.73035831  .00001853  00000-0  78994-3 0  9995
2 61481  88.8794 273.2776 0136834 318.3006  40.7814 14.19890280 83698
CZ-6A DEB
1 61481U 24140AAP 26108.73035832  .00001853  00000-0  78994-3 0  9996
2 61481  88.8794 273.2776 0136834 318.3006  40.7814 14.19890280 83698
CZ-6A DEB
1 61481U 24140AAP 26109.71696308  .00001924  00000-0  82042-3 0  9994
2 61481  88.8797 273.1524 0136793 315.0268  43.9906 14.19894063 83835
CZ-6A DEB
1 61481U 24140AAP 26109.71696308  .00001924  00000-0  82042-3 0  9994
2 61481  88.8797 273.1524 0136793 315.0268  43.9906 14.19894063 83835
CZ-6A DEB
1 61481U 24140AAP 26110.21026555  .00001856  00000-0  79115-3 0  9993
2 61481  88.8796 273.0896 0136756 313.3888  45.5977 14.19895191 83900
CZ-6A DEB
1 61481U 24140AAP 26110.42168045  .00001851  00000-0  78908-3 0  9991
2 61481  88.8796 273.0627 0136747 312.6889  46.2846 14.19895935 83937
CZ-6A DEB
1 61481U 24140AAP 26110.42168046  .00001851  00000-0  78908-3 0  9992
2 61481  88.8796 273.0627 0136747 312.6889  46.2846 14.19895935 83937
CZ-6A DEB
1 61481U 24140AAP 26111.90158063  .00002060  00000-0  87885-3 0  9991
2 61481  88.8798 272.8747 0136675 307.7635  51.1236 14.19902910 84147
CZ-6A DEB
1 61481U 24140AAP 26111.90158063  .00002060  00000-0  87885-3 0  9991
2 61481  88.8798 272.8746 0136675 307.7635  51.1236 14.19902910 84146
CZ-6A DEB
1 61481U 24140AAP 26112.88817830  .00002114  00000-0  90183-3 0  9998
2 61481  88.8799 272.7493 0136645 304.4789  54.3554 14.19907230 84289
CZ-6A DEB
1 61481U 24140AAP 26112.88817831  .00002114  00000-0  90183-3 0  9999
2 61481  88.8799 272.7493 0136645 304.4789  54.3554 14.19907230 84289
CZ-6A DEB
1 61481U 24140AAP 26112.88817831  .00002114  00000-0  90183-3 0  9999
2 61481  88.8799 272.7493 0136645 304.4789  54.3554 14.19907230 84289
CZ-6A DEB
1 61481U 24140AAP 26114.86136552  .00002390  00000-0  10203-2 0  9993
2 61481  88.8802 272.4987 0136611 297.9222  60.8191 14.19917618 84561
CZ-6A DEB
1 61481U 24140AAP 26114.86136553  .00002390  00000-0  10203-2 0  9994
2 61481  88.8802 272.4987 0136611 297.9222  60.8191 14.19917618 84561
CZ-6A DEB
1 61481U 24140AAP 26115.14324743  .00002661  00000-0  11364-2 0  9996
2 61481  88.8800 272.4628 0136619 296.9700  61.7591 14.19920692 84604
CZ-6A DEB
1 61481U 24140AAP 26115.84795426  .00003172  00000-0  13557-2 0  9997
2 61481  88.8801 272.3735 0136563 294.5862  64.1149 14.19925140 84704
CZ-6A DEB
1 61481U 24140AAP 26115.84795426  .00003172  00000-0  13557-2 0  9997
2 61481  88.8801 272.3735 0136563 294.5861  64.1149 14.19925140 84703
CZ-6A DEB
1 61481U 24140AAP 26116.41171723  .00003327  00000-0  14221-2 0  9990
2 61481  88.8800 272.3019 0136604 292.7077  65.9721 14.19929118 84784
CZ-6A DEB
1 61481U 24140AAP 26116.41171724  .00003327  00000-0  14221-2 0  9991
2 61481  88.8800 272.3019 0136604 292.7077  65.9721 14.19929118 84784
CZ-6A DEB
1 61481U 24140AAP 26117.18688994  .00003443  00000-0  14716-2 0  9996
2 61481  88.8797 272.2033 0136634 290.1285  68.5248 14.19934220 84895
CZ-6A DEB
1 61481U 24140AAP 26117.18688995  .00003443  00000-0  14716-2 0  9997
2 61481  88.8797 272.2033 0136634 290.1285  68.5248 14.19934220 84895
CZ-6A DEB
1 61481U 24140AAP 26117.89159021  .00003524  00000-0  15059-2 0  9999
2 61481  88.8793 272.1136 0136682 287.7741  70.8574 14.19939128 84997
CZ-6A DEB
1 61481U 24140AAP 26118.17347021  .00003395  00000-0  14506-2 0  9992
2 61481  88.8793 272.0777 0136691 286.8456  71.7780 14.19940402 85032
CZ-6A DEB
1 61481U 24140AAP 26118.17347021  .00003395  00000-0  14506-2 0  9992
2 61481  88.8793 272.0777 0136691 286.8456  71.7780 14.19940402 85032
CZ-6A DEB
1 61481U 24140AAP 26118.38487966  .00003444  00000-0  14713-2 0  9993
2 61481  88.8793 272.0509 0136709 286.1453  72.4725 14.19942033 85067
CZ-6A DEB
1 61481U 24140AAP 26118.87816794  .00003376  00000-0  14421-2 0  9992
2 61481  88.8795 271.9882 0136752 284.5050  74.1002 14.19945129 85138
CZ-6A DEB
1 61481U 24140AAP 26119.16004671  .00003319  00000-0  14176-2 0  9992
2 61481  88.8795 271.9524 0136763 283.5718  75.0269 14.19946724 85174
CZ-6A DEB
1 61481U 24140AAP 26119.16004672  .00003319  00000-0  14176-2 0  9993
2 61481  88.8795 271.9524 0136763 283.5718  75.0269 14.19946724 85174
CZ-6A DEB
1 61481U 24140AAP 26119.86474170  .00003541  00000-0  15128-2 0  9999
2 61481  88.8796 271.8628 0136830 281.2227  77.3610 14.19952236 85275
CZ-6A DEB
1 61481U 24140AAP 26119.86474171  .00003541  00000-0  15128-2 0  9990
2 61481  88.8796 271.8628 0136830 281.2227  77.3610 14.19952236 85275
CZ-6A DEB
1 61481U 24140AAP 26120.35802705  .00003462  00000-0  14784-2 0  9993
2 61481  88.8798 271.8001 0136886 279.5841  78.9905 14.19955362 85340
CZ-6A DEB
1 61481U 24140AAP 26120.35802706  .00003462  00000-0  14784-2 0  9994
2 61481  88.8798 271.8001 0136886 279.5841  78.9905 14.19955362 85340
CZ-6A DEB
1 61481U 24140AAP 26120.85131160  .00003568  00000-0  15236-2 0  9998
2 61481  88.8799 271.7374 0136950 277.9376  80.6290 14.19958983 85417
CZ-6A DEB
1 61481U 24140AAP 26122.40162750  .00003735  00000-0  15943-2 0  9991
2 61481  88.8801 271.5404 0137152 272.7644  85.7855 14.19970421 85637
CZ-6A DEB
1 61481U 24140AAP 26122.40162751  .00003735  00000-0  15943-2 0  9992
2 61481  88.8801 271.5404 0137152 272.7644  85.7855 14.19970421 85637
CZ-6A DEB
1 61481U 24140AAP 26122.82443907  .00003788  00000-0  16169-2 0  9992
2 61481  88.8807 271.4868 0137117 271.3800  87.1686 14.19973969 85690
CZ-6A DEB
1 61481U 24140AAP 26122.82443908  .00003788  00000-0  16169-2 0  9993
2 61481  88.8807 271.4868 0137117 271.3800  87.1686 14.19973969 85690
CZ-6A DEB
1 61481U 24140AAP 26123.38818631  .00003905  00000-0  16669-2 0  9990
2 61481  88.8807 271.4151 0137175 269.5111  89.0360 14.19978860 85777
CZ-6A DEB
1 61481U 24140AAP 26123.38818631  .00003905  00000-0  16669-2 0  9990
2 61481  88.8807 271.4151 0137175 269.5111  89.0360 14.19978860 85777
CZ-6A DEB
1 61481U 24140AAP 26123.67005958  .00003795  00000-0  16194-2 0  9992
2 61481  88.8808 271.3793 0137202 268.5765  89.9705 14.19980668 85810
CZ-6A DEB
1 61481U 24140AAP 26123.67005959  .00003795  00000-0  16194-2 0  9993
2 61481  88.8808 271.3793 0137202 268.5765  89.9705 14.19980668 85810
CZ-6A DEB
1 61481U 24140AAP 26124.37474115  .00003379  00000-0  14412-2 0  9994
2 61481  88.8811 271.2898 0137259 266.2394  92.3092 14.19985199 85916
CZ-6A DEB
1 61481U 24140AAP 26124.37474115  .00003379  00000-0  14412-2 0  9994
2 61481  88.8811 271.2898 0137259 266.2394  92.3092 14.19985199 85916
CZ-6A DEB
1 61481U 24140AAP 26124.86801698  .00003486  00000-0  14868-2 0  9992
2 61481  88.8812 271.2271 0137315 264.6055  93.9457 14.19989105 85981
CZ-6A DEB
1 61481U 24140AAP 26124.86801699  .00003486  00000-0  14868-2 0  9993
2 61481  88.8812 271.2271 0137315 264.6055  93.9457 14.19989105 85981
CZ-6A DEB
1 61481U 24140AAP 26125.36129116  .00004349  00000-0  18556-2 0  9993
2 61481  88.8813 271.1646 0137377 262.9731  95.5819 14.19995178 86053
CZ-6A DEB
1 61481U 24140AAP 26125.36129116  .00004349  00000-0  18556-2 0  9993
2 61481  88.8813 271.1646 0137377 262.9731  95.5819 14.19995178 86053
CZ-6A DEB
1 61481U 24140AAP 26127.12297854  .00003222  00000-0  13727-2 0  9998
2 61481  88.8813 270.9410 0137640 257.1411 101.4372 14.20005418 86303
CZ-6A DEB
1 61481U 24140AAP 26127.12297855  .00003222  00000-0  13727-2 0  9999
2 61481  88.8813 270.9410 0137640 257.1412 101.4372 14.20005418 86304
CZ-6A DEB
1 61481U 24140AAP 26127.82764990  .00003234  00000-0  13774-2 0  9990
2 61481  88.8810 270.8512 0137832 254.8130 103.7783 14.20010334 86402
CZ-6A DEB
1 61481U 24140AAP 26127.82764990  .00003234  00000-0  13774-2 0  9990
2 61481  88.8810 270.8512 0137832 254.8130 103.7782 14.20010334 86401
CZ-6A DEB
1 61481U 24140AAP 26128.67325353  .00003379  00000-0  14389-2 0  9993
2 61481  88.8811 270.7441 0138016 252.0197 106.5910 14.20015884 86522
CZ-6A DEB
1 61481U 24140AAP 26128.67325354  .00003379  00000-0  14389-2 0  9994
2 61481  88.8811 270.7441 0138016 252.0197 106.5910 14.20015884 86522
CZ-6A DEB
1 61481U 24140AAP 26129.37792081  .00003351  00000-0  14265-2 0  9990
2 61481  88.8809 270.6548 0138102 249.6941 108.9363 14.20020902 86627
CZ-6A DEB
1 61481U 24140AAP 26129.80072052  .00003152  00000-0  13411-2 0  9998
2 61481  88.8809 270.6012 0138175 248.2958 110.3474 14.20023234 86683
CZ-6A DEB
1 61481U 24140AAP 26129.80072053  .00003152  00000-0  13411-2 0  9999
2 61481  88.8809 270.6012 0138175 248.2959 110.3474 14.20023234 86684
CZ-6A DEB
1 61481U 24140AAP 26130.36445249  .00002923  00000-0  12432-2 0  9990
2 61481  88.8805 270.5295 0138251 246.4395 112.2224 14.20026490 86761
CZ-6A DEB
1 61481U 24140AAP 26130.64631803  .00003025  00000-0  12868-2 0  9991
2 61481  88.8802 270.4934 0138292 245.5222 113.1494 14.20028229 86807
CZ-6A DEB
1 61481U 24140AAP 26130.64631804  .00003025  00000-0  12868-2 0  9992
2 61481  88.8802 270.4934 0138292 245.5222 113.1494 14.20028229 86807
CZ-6A DEB
1 61481U 24140AAP 26131.13958221  .00002870  00000-0  12201-2 0  9990
2 61481  88.8803 270.4308 0138400 243.8976 114.7918 14.20030904 86879
CZ-6A DEB
1 61481U 24140AAP 26131.35098088  .00002868  00000-0  12194-2 0  9998
2 61481  88.8804 270.4040 0138436 243.2007 115.4969 14.20032266 86902
CZ-6A DEB
1 61481U 24140AAP 26131.35098089  .00002868  00000-0  12194-2 0  9999
2 61481  88.8804 270.4040 0138436 243.2007 115.4969 14.20032267 86903
CZ-6A DEB
1 61481U 24140AAP 26131.84424396  .00002838  00000-0  12061-2 0  9997
2 61481  88.8802 270.3414 0138556 241.5779 117.1390 14.20035180 86976
CZ-6A DEB
1 61481U 24140AAP 26131.84424396  .00002838  00000-0  12061-2 0  9997
2 61481  88.8802 270.3414 0138555 241.5779 117.1390 14.20035180 86975
CZ-6A DEB
1 61481U 24140AAP 26132.12610819  .00002939  00000-0  12491-2 0  9995
2 61481  88.8804 270.3057 0138597 240.6534 118.0754 14.20037153 87017
CZ-6A DEB
1 61481U 24140AAP 26132.12610820  .00002939  00000-0  12491-2 0  9997
2 61481  88.8804 270.3057 0138597 240.6534 118.0754 14.20037153 87017
CZ-6A DEB
1 61481U 24140AAP 26132.61937005  .00003008  00000-0  12784-2 0  9991
2 61481  88.8805 270.2431 0138707 239.0424 119.7075 14.20040239 87086
CZ-6A DEB
1 61481U 24140AAP 26132.83076778  .00003035  00000-0  12897-2 0  9991
2 61481  88.8804 270.2163 0138749 238.3470 120.4125 14.20041579 87113
CZ-6A DEB
1 61481U 24140AAP 26132.83076778  .00003035  00000-0  12897-2 0  9991
2 61481  88.8804 270.2163 0138749 238.3470 120.4125 14.20041579 87113
CZ-6A DEB
1 61481U 24140AAP 26133.11263138  .00002912  00000-0  12371-2 0  9991
2 61481  88.8805 270.1805 0138799 237.4191 121.3535 14.20042689 87153
CZ-6A DEB
1 61481U 24140AAP 26133.11263138  .00002912  00000-0  12371-2 0  9991
2 61481  88.8805 270.1805 0138799 237.4191 121.3535 14.20042689 87153
CZ-6A DEB
1 61481U 24140AAP 26133.32402880  .00002957  00000-0  12563-2 0  9995
2 61481  88.8805 270.1536 0138839 236.7280 122.0546 14.20044052 87189
CZ-6A DEB
1 61481U 24140AAP 26133.32402880  .00002957  00000-0  12563-2 0  9995
2 61481  88.8805 270.1536 0138839 236.7280 122.0546 14.20044052 87189
CZ-6A DEB
1 61481U 24140AAP 26134.80380715  .00003298  00000-0  14007-2 0  9995
2 61481  88.8807 269.9656 0139154 231.8764 126.9816 14.20053244 87393
CZ-6A DEB
1 61481U 24140AAP 26135.79032214  .00003250  00000-0  13797-2 0  9995
2 61481  88.8809 269.8403 0139376 228.6520 130.2614 14.20058650 87530
CZ-6A DEB
1 61481U 24140AAP 26136.63590261  .00003627  00000-0  15399-2 0  9998
2 61481  88.8811 269.7329 0139550 225.8910 133.0732 14.20065322 87654
CZ-6A DEB
1 61481U 24140AAP 26136.77683244  .00003596  00000-0  15264-2 0  9993
2 61481  88.8811 269.7150 0139612 225.4331 133.5395 14.20066154 87674
CZ-6A DEB
1 61481U 24140AAP 26136.77683245  .00003596  00000-0  15264-2 0  9994
2 61481  88.8811 269.7150 0139612 225.4331 133.5395 14.20066154 87674
CZ-6A DEB
1 61481U 24140AAP 26137.34055164  .00003299  00000-0  13996-2 0  9991
2 61481  88.8812 269.6435 0139751 223.5974 135.4107 14.20068688 87751
CZ-6A DEB
1 61481U 24140AAP 26137.62241089  .00003199  00000-0  13566-2 0  9997
2 61481  88.8812 269.6075 0139792 222.6724 136.3543 14.20070033 87794
CZ-6A DEB
1 61481U 24140AAP 26137.62241090  .00003199  00000-0  13566-2 0  9999
2 61481  88.8812 269.6075 0139792 222.6724 136.3543 14.20070033 87794
CZ-6A DEB
1 61481U 24140AAP 26138.11566329  .00003296  00000-0  13975-2 0  9991
2 61481  88.8812 269.5449 0139927 221.0747 137.9844 14.20073610 87869
CZ-6A DEB
1 61481U 24140AAP 26138.32705731  .00003083  00000-0  13069-2 0  9994
2 61481  88.8812 269.5180 0139966 220.3863 138.6870 14.20074180 87898
CZ-6A DEB
1 61481U 24140AAP 26138.60891522  .00003112  00000-0  13189-2 0  9995
2 61481  88.8813 269.4823 0140037 219.4722 139.6203 14.20076080 87933
CZ-6A DEB
1 61481U 24140AAP 26138.60891523  .00003112  00000-0  13189-2 0  9996
2 61481  88.8813 269.4823 0140037 219.4722 139.6203 14.20076080 87933
CZ-6A DEB
1 61481U 24140AAP 26139.10216586  .00003200  00000-0  13563-2 0  9996
2 61481  88.8812 269.4196 0140156 217.8722 141.2546 14.20079605 88003
CZ-6A DEB
1 61481U 24140AAP 26139.31355884  .00003020  00000-0  12794-2 0  9999
2 61481  88.8812 269.3928 0140200 217.1860 141.9558 14.20080398 88035
CZ-6A DEB
1 61481U 24140AAP 26139.31355885  .00003020  00000-0  12794-2 0  9990
2 61481  88.8812 269.3928 0140200 217.1860 141.9558 14.20080398 88035
CZ-6A DEB
1 61481U 24140AAP 26139.80680793  .00003322  00000-0  14076-2 0  9993
2 61481  88.8814 269.3301 0140336 215.5947 143.5823 14.20084600 88101
CZ-6A DEB
1 61481U 24140AAP 26139.80680793  .00003322  00000-0  14076-2 0  9993
2 61481  88.8814 269.3301 0140336 215.5947 143.5823 14.20084600 88101
CZ-6A DEB
1 61481U 24140AAP 26140.08866440  .00003294  00000-0  13956-2 0  9994
2 61481  88.8814 269.2944 0140401 214.6778 144.5200 14.20086214 88145
CZ-6A DEB
1 61481U 24140AAP 26140.30005677  .00003218  00000-0  13632-2 0  9993
2 61481  88.8816 269.2676 0140419 213.9932 145.2203 14.20087209 88171
CZ-6A DEB
1 61481U 24140AAP 26140.30005678  .00003218  00000-0  13632-2 0  9994
2 61481  88.8816 269.2676 0140419 213.9933 145.2203 14.20087210 88174
CZ-6A DEB
1 61481U 24140AAP 26140.30005678  .00003218  00000-0  13632-2 0  9994
2 61481  88.8816 269.2676 0140419 213.9933 145.2203 14.20087210 88174
CZ-6A DEB
1 61481U 24140AAP 26141.77979661  .00003336  00000-0  14121-2 0  9993
2 61481  88.8814 269.0800 0140772 209.1992 150.1278 14.20096926 88387
CZ-6A DEB
1 61481U 24140AAP 26141.77979662  .00003336  00000-0  14121-2 0  9994
2 61481  88.8814 269.0800 0140772 209.1992 150.1278 14.20096926 88387
CZ-6A DEB
1 61481U 24140AAP 26142.06165078  .00003625  00000-0  15351-2 0  9992
2 61481  88.8814 269.0443 0140799 208.2844 151.0652 14.20099657 88420
CZ-6A DEB
1 61481U 24140AAP 26142.62535750  .00003717  00000-0  15734-2 0  9999
2 61481  88.8814 268.9728 0140925 206.4629 152.9319 14.20104009 88503
CZ-6A DEB
1 61481U 24140AAP 26142.62535751  .00003717  00000-0  15734-2 0  9990
2 61481  88.8814 268.9728 0140925 206.4629 152.9319 14.20104009 88503
CZ-6A DEB
1 61481U 24140AAP 26143.32998925  .00003726  00000-0  15768-2 0  9991
2 61481  88.8813 268.8835 0141111 204.1977 155.2544 14.20109032 88607
CZ-6A DEB
1 61481U 24140AAP 26143.61184108  .00003599  00000-0  15228-2 0  9992
2 61481  88.8814 268.8477 0141175 203.2875 156.1880 14.20110738 88649
CZ-6A DEB
1 61481U 24140AAP 26144.10508087  .00003770  00000-0  15949-2 0  9994
2 61481  88.8813 268.7851 0141289 201.7005 157.8163 14.20115033 88710
CZ-6A DEB
1 61481U 24140AAP 26144.59831955  .00003876  00000-0  16394-2 0  9992
2 61481  88.8812 268.7225 0141384 200.1097 159.4491 14.20119091 88781
CZ-6A DEB
1 61481U 24140AAP 26145.30294376  .00004221  00000-0  17851-2 0  9996
2 61481  88.8810 268.6331 0141555 197.8405 161.7789 14.20125639 88883
CZ-6A DEB
1 61481U 24140AAP 26145.30294377  .00004221  00000-0  17851-2 0  9997
2 61481  88.8810 268.6331 0141555 197.8405 161.7789 14.20125639 88883
CZ-6A DEB
1 61481U 24140AAP 26146.28941304  .00004895  00000-0  20700-2 0  9998
2 61481  88.8809 268.5078 0141757 194.6760 165.0297 14.20135241 89029
CZ-6A DEB
1 61481U 24140AAP 26146.35987523  .00004824  00000-0  20399-2 0  9995
2 61481  88.8811 268.4990 0141751 194.4295 165.2831 14.20135504 89038
CZ-6A DEB
1 61481U 24140AAP 26147.76910593  .00005481  00000-0  23167-2 0  9990
2 61481  88.8816 268.3202 0142046 189.9259 169.9121 14.20149562 89239
CZ-6A DEB
1 61481U 24140AAP 26147.76910593  .00005481  00000-0  23167-2 0  9990
2 61481  88.8816 268.3201 0142046 189.9259 169.9121 14.20149562 89238
CZ-6A DEB
1 61481U 24140AAP 26149.31924247  .00005811  00000-0  24544-2 0  9991
2 61481  88.8821 268.1233 0142293 184.9528 175.0265 14.20166841 89455
CZ-6A DEB
1 61481U 24140AAP 26149.31924247  .00005811  00000-0  24544-2 0  9991
2 61481  88.8821 268.1233 0142293 184.9528 175.0265 14.20166841 89455
CZ-6A DEB
1 61481U 24140AAP 26149.74200376  .00005484  00000-0  23158-2 0  9994
2 61481  88.8817 268.0692 0142395 183.6167 176.4009 14.20170654 89511
CZ-6A DEB
1 61481U 24140AAP 26150.30568227  .00006179  00000-0  26092-2 0  9992
2 61481  88.8817 267.9976 0142478 181.8150 178.2544 14.20179290 89595
CZ-6A DEB
1 61481U 24140AAP 26150.30568228  .00006179  00000-0  26092-2 0  9993
2 61481  88.8817 267.9976 0142478 181.8150 178.2544 14.20179290 89595
CZ-6A DEB
1 61481U 24140AAP 26151.29211376  .00006285  00000-0  26524-2 0  9999
2 61481  88.8819 267.8721 0142709 178.6959 181.4634 14.20191364 89730
CZ-6A DEB
1 61481U 24140AAP 26151.78532704  .00005497  00000-0  23188-2 0  9991
2 61481  88.8820 267.8098 0142797 177.1291 183.0753 14.20195455 89802
CZ-6A DEB
1 61481U 24140AAP 26152.06716213  .00004952  00000-0  20880-2 0  9993
2 61481  88.8821 267.7741 0142856 176.2455 183.9845 14.20197508 89841
CZ-6A DEB
1 61481U 24140AAP 26152.27853834  .00004444  00000-0  18730-2 0  9994
2 61481  88.8822 267.7473 0142897 175.5721 184.6773 14.20198819 89874
CZ-6A DEB
1 61481U 24140AAP 26155.09685670  .00004922  00000-0  20726-2 0  9997
2 61481  88.8820 267.3899 0143317 166.6419 193.8631 14.20227291 90271
CZ-6A DEB
1 61481U 24140AAP 26155.09685671  .00004922  00000-0  20726-2 0  9998
2 61481  88.8820 267.3899 0143317 166.6419 193.8631 14.20227291 90271
CZ-6A DEB
1 61481U 24140AAP 26156.08325508  .00005415  00000-0  22797-2 0  9996
2 61481  88.8819 267.2649 0143435 163.5149 197.0779 14.20237766 90411
CZ-6A DEB
1 61481U 24140AAP 26156.08325509  .00005415  00000-0  22797-2 0  9997
2 61481  88.8819 267.2649 0143435 163.5149 197.0779 14.20237766 90411
CZ-6A DEB
1 61481U 24140AAP 26156.57645142  .00004891  00000-0  20585-2 0  9999
2 61481  88.8818 267.2024 0143499 161.9709 198.6648 14.20241636 90481
CZ-6A DEB
1 61481U 24140AAP 26156.57645143  .00004891  00000-0  20585-2 0  9990
2 61481  88.8818 267.2024 0143499 161.9709 198.6648 14.20241636 90481
CZ-6A DEB
1 61481U 24140AAP 26158.05602948  .00004693  00000-0  19738-2 0  9999
2 61481  88.8815 267.0149 0143681 157.2844 203.4792 14.20256455 90698
CZ-6A DEB
1 61481U 24140AAP 26158.05602949  .00004693  00000-0  19738-2 0  9990
2 61481  88.8815 267.0149 0143681 157.2844 203.4792 14.20256455 90698
CZ-6A DEB
1 61481U 24140AAP 26158.54921929  .00004491  00000-0  18881-2 0  9990
2 61481  88.8815 266.9523 0143732 155.7220 205.0834 14.20260519 90769
CZ-6A DEB
1 61481U 24140AAP 26158.54921930  .00004491  00000-0  18881-2 0  9992
2 61481  88.8815 266.9523 0143732 155.7220 205.0834 14.20260519 90769
CZ-6A DEB
1 61481U 24140AAP 26159.53559382  .00004331  00000-0  18200-2 0  9998
2 61481  88.8814 266.8272 0143805 152.6064 208.2805 14.20268781 90909
CZ-6A DEB
1 61481U 24140AAP 26159.53559382  .00004331  00000-0  18200-2 0  9998
2 61481  88.8814 266.8272 0143805 152.6064 208.2805 14.20268781 90909
CZ-6A DEB
1 61481U 24140AAP 26160.02877902  .00003519  00000-0  14778-2 0  9998
2 61481  88.8814 266.7646 0143860 151.0568 209.8699 14.20270885 90979
CZ-6A DEB
1 61481U 24140AAP 26160.02877902  .00003519  00000-0  14778-2 0  9998
2 61481  88.8814 266.7646 0143860 151.0568 209.8699 14.20270885 90979
CZ-6A DEB
1 61481U 24140AAP 26160.59241766  .00003799  00000-0  15955-2 0  9991
2 61481  88.8814 266.6930 0143900 149.2837 211.6877 14.20275724 91053
CZ-6A DEB
1 61481U 24140AAP 26161.01514502  .00003970  00000-0  16672-2 0  9998
2 61481  88.8814 266.6394 0143932 147.9520 213.0524 14.20279543 91111
CZ-6A DEB
1 61481U 24140AAP 26161.01514503  .00003970  00000-0  16672-2 0  9999
2 61481  88.8814 266.6394 0143932 147.9521 213.0524 14.20279543 91112
CZ-6A DEB
1 61481U 24140AAP 26161.57878034  .00003892  00000-0  16343-2 0  9990
2 61481  88.8815 266.5678 0143963 146.1789 214.8688 14.20283616 91192
CZ-6A DEB
1 61481U 24140AAP 26162.56513677  .00004043  00000-0  16973-2 0  9997
2 61481  88.8817 266.4425 0144018 143.0747 218.0465 14.20292031 91331
CZ-6A DEB
1 61481U 24140AAP 26162.56513678  .00004043  00000-0  16973-2 0  9998
2 61481  88.8817 266.4425 0144018 143.0747 218.0465 14.20292031 91331
CZ-6A DEB
1 61481U 24140AAP 26164.53782955  .00004316  00000-0  18114-2 0  9995
2 61481  88.8820 266.1919 0144089 136.8662 224.3925 14.20309916 91617
CZ-6A DEB
1 61481U 24140AAP 26164.53782955  .00004316  00000-0  18114-2 0  9995
2 61481  88.8820 266.1919 0144089 136.8662 224.3925 14.20309916 91617
CZ-6A DEB
1 61481U 24140AAP 26165.03099846  .00004299  00000-0  18040-2 0  9999
2 61481  88.8822 266.1293 0144105 135.3074 225.9838 14.20314337 91684
CZ-6A DEB
1 61481U 24140AAP 26165.03099847  .00004299  00000-0  18040-2 0  9990
2 61481  88.8822 266.1293 0144105 135.3074 225.9838 14.20314337 91684
CZ-6A DEB
1 61481U 24140AAP 26166.01733176  .00003823  00000-0  16034-2 0  9992
2 61481  88.8824 266.0042 0144109 132.2028 229.1502 14.20321688 91823
CZ-6A DEB
1 61481U 24140AAP 26166.01733177  .00003823  00000-0  16034-2 0  9993
2 61481  88.8824 266.0042 0144109 132.2028 229.1502 14.20321688 91823
CZ-6A DEB
1 61481U 24140AAP 26167.00365969  .00003626  00000-0  15204-2 0  9992
2 61481  88.8823 265.8791 0144094 129.1092 232.3015 14.20328558 91962
CZ-6A DEB
1 61481U 24140AAP 26167.00365969  .00003626  00000-0  15204-2 0  9992
2 61481  88.8823 265.8791 0144094 129.1092 232.3015 14.20328558 91962
CZ-6A DEB
1 61481U 24140AAP 26167.56727336  .00003489  00000-0  14626-2 0  9997
2 61481  88.8822 265.8076 0144086 127.3342 234.1079 14.20332098 92040
CZ-6A DEB
1 61481U 24140AAP 26167.56727336  .00003489  00000-0  14626-2 0  9997
2 61481  88.8822 265.8076 0144086 127.3342 234.1079 14.20332098 92040
CZ-6A DEB
1 61481U 24140AAP 26167.98998216  .00003649  00000-0  15300-2 0  9998
2 61481  88.8823 265.7541 0144077 125.9994 235.4654 14.20335508 92103
CZ-6A DEB
1 61481U 24140AAP 26167.98998217  .00003649  00000-0  15300-2 0  9999
2 61481  88.8823 265.7541 0144077 125.9994 235.4654 14.20335508 92103
CZ-6A DEB
1 61481U 24140AAP 26169.25810308  .00003351  00000-0  14041-2 0  9996
2 61481  88.8821 265.5934 0144025 122.0073 239.5206 14.20343551 92288
CZ-6A DEB
1 61481U 24140AAP 26169.53990642  .00003374  00000-0  14140-2 0  9992
2 61481  88.8821 265.5577 0144015 121.1227 240.4183 14.20345473 92326
CZ-6A DEB
1 61481U 24140AAP 26169.53990643  .00003374  00000-0  14140-2 0  9993
2 61481  88.8821 265.5577 0144015 121.1227 240.4183 14.20345473 92326
CZ-6A DEB
1 61481U 24140AAP 26169.75125869  .00003377  00000-0  14151-2 0  9992
2 61481  88.8821 265.5309 0143996 120.4595 241.0909 14.20346990 92357
CZ-6A DEB
1 61481U 24140AAP 26169.75125870  .00003377  00000-0  14151-2 0  9994
2 61481  88.8821 265.5309 0143996 120.4595 241.0910 14.20346990 92359
CZ-6A DEB
1 61481U 24140AAP 26170.24441289  .00003457  00000-0  14486-2 0  9995
2 61481  88.8819 265.4684 0143968 118.9057 242.6663 14.20350605 92423
CZ-6A DEB
1 61481U 24140AAP 26170.52621474  .00003312  00000-0  13878-2 0  9996
2 61481  88.8818 265.4327 0143948 118.0215 243.5623 14.20352076 92465
CZ-6A DEB
1 61481U 24140AAP 26171.23071727  .00003327  00000-0  13940-2 0  9991
2 61481  88.8818 265.3434 0143903 115.8013 245.8104 14.20357033 92563
CZ-6A DEB
1 61481U 24140AAP 26171.23071727  .00003327  00000-0  13940-2 0  9991
2 61481  88.8818 265.3434 0143903 115.8013 245.8104 14.20357033 92563
CZ-6A DEB
1 61481U 24140AAP 26173.69645567  .00003089  00000-0  12939-2 0  9994
2 61481  88.8811 265.0300 0143721 108.0246 253.6665 14.20372236 92915
CZ-6A DEB
1 61481U 24140AAP 26174.68274211  .00003239  00000-0  13569-2 0  9995
2 61481  88.8815 264.9050 0143667 104.8886 256.8265 14.20378710 93052
CZ-6A DEB
1 61481U 24140AAP 26174.96453689  .00003559  00000-0  14916-2 0  9996
2 61481  88.8814 264.8692 0143635 103.9996 257.7213 14.20381351 93091
CZ-6A DEB
1 61481U 24140AAP 26175.52812496  .00003892  00000-0  16315-2 0  9999
2 61481  88.8815 264.7975 0143569 102.2150 259.5162 14.20386246 93175
CZ-6A DEB
1 61481U 24140AAP 26176.72574170  .00004604  00000-0  19310-2 0  9996
2 61481  88.8817 264.6454 0143417  98.4248 263.3228 14.20398004 93344
CZ-6A DEB
1 61481U 24140AAP 26176.72574171  .00004604  00000-0  19310-2 0  9997
2 61481  88.8817 264.6454 0143417  98.4248 263.3228 14.20398004 93344
CZ-6A DEB
1 61481U 24140AAP 26177.50066345  .00004245  00000-0  17802-2 0  9998
2 61481  88.8818 264.5472 0143253  95.9867 265.7670 14.20404747 93452
CZ-6A DEB
1 61481U 24140AAP 26177.50066345  .00004245  00000-0  17802-2 0  9998
2 61481  88.8818 264.5472 0143253  95.9867 265.7670 14.20404747 93452
CZ-6A DEB
1 61481U 24140AAP 26177.99379336  .00004395  00000-0  18435-2 0  9997
2 61481  88.8819 264.4846 0143165  94.4263 267.3299 14.20409870 93528
CZ-6A DEB
1 61481U 24140AAP 26177.99379336  .00004395  00000-0  18435-2 0  9997
2 61481  88.8819 264.4846 0143165  94.4263 267.3299 14.20409870 93528
CZ-6A DEB
1 61481U 24140AAP 26178.69826184  .00003894  00000-0  16328-2 0  9995
2 61481  88.8820 264.3951 0143040  92.1976 269.5600 14.20415242 93625
CZ-6A DEB
1 61481U 24140AAP 26178.69826185  .00003894  00000-0  16328-2 0  9996
2 61481  88.8820 264.3951 0143040  92.1976 269.5600 14.20415242 93625
CZ-6A DEB
1 61481U 24140AAP 26178.98004844  .00003910  00000-0  16397-2 0  9993
2 61481  88.8821 264.3594 0142990  91.3043 270.4533 14.20417535 93665
CZ-6A DEB
1 61481U 24140AAP 26178.98004844  .00003910  00000-0  16397-2 0  9993
2 61481  88.8821 264.3594 0142990  91.3043 270.4533 14.20417535 93665
CZ-6A DEB
1 61481U 24140AAP 26179.96629751  .00003625  00000-0  15197-2 0  9992
2 61481  88.8822 264.2342 0142786  88.1786 273.5751 14.20424528 93809
CZ-6A DEB
1 61481U 24140AAP 26181.51610679  .00003852  00000-0  16154-2 0  9991
2 61481  88.8820 264.0379 0142611  83.2378 278.5016 14.20435904 94029
CZ-6A DEB
1 61481U 24140AAP 26181.65699778  .00003922  00000-0  16448-2 0  9997
2 61481  88.8821 264.0200 0142590  82.7884 278.9491 14.20437143 94045
CZ-6A DEB
1 61481U 24140AAP 26181.65699778  .00003922  00000-0  16448-2 0  9997
2 61481  88.8821 264.0200 0142590  82.7884 278.9491 14.20437142 94044
CZ-6A DEB
1 61481U 24140AAP 26182.22055950  .00004999  00000-0  20984-2 0  9994
2 61481  88.8820 263.9486 0142492  80.9868 280.7417 14.20444372 94121
CZ-6A DEB
1 61481U 24140AAP 26182.22055951  .00004999  00000-0  20984-2 0  9995
2 61481  88.8820 263.9486 0142492  80.9868 280.7417 14.20444372 94121
CZ-6A DEB
1 61481U 24140AAP 26182.22055951  .00004999  00000-0  20984-2 0  9995
2 61481  88.8820 263.9486 0142492  80.9868 280.7417 14.20444372 94121
CZ-6A DEB
1 61481U 24140AAP 26183.20678873  .00004534  00000-0  19030-2 0  9993
2 61481  88.8817 263.8235 0142321  77.8492 283.8600 14.20451007 94263
CZ-6A DEB
1 61481U 24140AAP 26183.48856698  .00004766  00000-0  20004-2 0  9996
2 61481  88.8817 263.7879 0142243  76.9524 284.7501 14.20453871 94301
CZ-6A DEB
1 61481U 24140AAP 26183.48856699  .00004766  00000-0  20004-2 0  9997
2 61481  88.8817 263.7879 0142243  76.9524 284.7501 14.20453871 94301
CZ-6A DEB
1 61481U 24140AAP 26184.96789538  .00004723  00000-0  19829-2 0  9994
2 61481  88.8813 263.6001 0141912  72.2372 289.4246 14.20465676 94512
CZ-6A DEB
1 61481U 24140AAP 26185.17922652  .00004904  00000-0  20591-2 0  9993
2 61481  88.8812 263.5733 0141875  71.5589 290.0964 14.20468104 94549
CZ-6A DEB
1 61481U 24140AAP 26185.17922652  .00004904  00000-0  20591-2 0  9993
2 61481  88.8812 263.5733 0141875  71.5589 290.0964 14.20468104 94549
CZ-6A DEB
1 61481U 24140AAP 26185.67232943  .00007374  00000-0  30986-2 0  9998
2 61481  88.8813 263.5108 0141756  69.9820 291.6568 14.20479396 94613
CZ-6A DEB
1 61481U 24140AAP 26186.16543264  .00006203  00000-0  26062-2 0  9994
2 61481  88.8810 263.4481 0141651  68.4042 293.2172 14.20481158 94682
CZ-6A DEB
1 61481U 24140AAP 26186.16543265  .00006203  00000-0  26062-2 0  9995
2 61481  88.8810 263.4481 0141651  68.4042 293.2173 14.20481159 94684
CZ-6A DEB
1 61481U 24140AAP 26186.65853361  .00005401  00000-0  22690-2 0  9992
2 61481  88.8810 263.3855 0141531  66.8254 294.7773 14.20484103 94754
CZ-6A DEB
1 61481U 24140AAP 26187.15163281  .00004055  00000-0  17023-2 0  9991
2 61481  88.8810 263.3231 0141455  65.2427 296.3407 14.20485894 94820
CZ-6A DEB
1 61481U 24140AAP 26189.19445865  .00002032  00000-0  85011-3 0  9994
2 61481  88.8809 263.0635 0141053  58.6870 302.8040 14.20496008 95113
CZ-6A DEB
1 61481U 24140AAP 26189.47622654  .00001996  00000-0  83506-3 0  9993
2 61481  88.8810 263.0276 0141002  57.7829 303.6941 14.20497154 95150
CZ-6A DEB
1 61481U 24140AAP 26189.47622655  .00001996  00000-0  83506-3 0  9994
2 61481  88.8810 263.0276 0141002  57.7829 303.6941 14.20497154 95150
CZ-6A DEB
1 61481U 24140AAP 26189.47622655  .00001996  00000-0  83506-3 0  9994
2 61481  88.8810 263.0276 0141002  57.7829 303.6941 14.20497154 95150
CZ-6A DEB
1 61481U 24140AAP 26190.18064449  .00002260  00000-0  94655-3 0  9997
2 61481  88.8810 262.9380 0140897  55.5210 305.9196 14.20501305 95257
CZ-6A DEB
1 61481U 24140AAP 26191.16682648  .00002256  00000-0  94486-3 0  9990
2 61481  88.8813 262.8127 0140677  52.3463 309.0393 14.20505764 95391
CZ-6A DEB
1 61481U 24140AAP 26192.15300488  .00002004  00000-0  83876-3 0  9991
2 61481  88.8816 262.6876 0140492  49.1758 312.1515 14.20509569 95533
CZ-6A DEB
1 61481U 24140AAP 26192.64609281  .00001997  00000-0  83622-3 0  9997
2 61481  88.8817 262.6250 0140372  47.5821 313.7143 14.20511583 95601
CZ-6A DEB
1 61481U 24140AAP 26192.64609282  .00001997  00000-0  83622-3 0  9998
2 61481  88.8817 262.6250 0140372  47.5821 313.7143 14.20511583 95601
CZ-6A DEB
1 61481U 24140AAP 26192.64609282  .00001997  00000-0  83622-3 0  9998
2 61481  88.8817 262.6250 0140372  47.5821 313.7143 14.20511583 95601
CZ-6A DEB
1 61481U 24140AAP 26193.13917955  .00002056  00000-0  86110-3 0  9994
2 61481  88.8817 262.5624 0140237  45.9824 315.2821 14.20513880 95679
CZ-6A DEB
1 61481U 24140AAP 26193.13917956  .00002056  00000-0  86110-3 0  9995
2 61481  88.8817 262.5624 0140237  45.9824 315.2821 14.20513880 95679
CZ-6A DEB
1 61481U 24140AAP 26193.63226535  .00001977  00000-0  82798-3 0  9995
2 61481  88.8820 262.5005 0140158  44.3905 316.8419 14.20515827 95742
CZ-6A DEB
1 61481U 24140AAP 26193.63226535  .00001977  00000-0  82798-3 0  9995
2 61481  88.8820 262.5005 0140158  44.3905 316.8419 14.20515827 95742
CZ-6A DEB
1 61481U 24140AAP 26194.47755362  .00001990  00000-0  83353-3 0  9996
2 61481  88.8820 262.3932 0139973  41.6593 319.5157 14.20519379 95863
CZ-6A DEB
1 61481U 24140AAP 26194.47755363  .00001990  00000-0  83353-3 0  9997
2 61481  88.8820 262.3932 0139973  41.6593 319.5157 14.20519379 95863
CZ-6A DEB
1 61481U 24140AAP 26195.18195852  .00001933  00000-0  80981-3 0  9998
2 61481  88.8815 262.3034 0139817  39.3789 321.7465 14.20522234 95960
CZ-6A DEB
1 61481U 24140AAP 26195.18195852  .00001933  00000-0  80981-3 0  9998
2 61481  88.8815 262.3034 0139817  39.3789 321.7465 14.20522234 95960
CZ-6A DEB
1 61481U 24140AAP 26196.16812299  .00001803  00000-0  75494-3 0  9997
2 61481  88.8814 262.1783 0139581  36.1821 324.8713 14.20525660 96101
CZ-6A DEB
1 61481U 24140AAP 26196.16812299  .00001803  00000-0  75494-3 0  9997
2 61481  88.8814 262.1783 0139581  36.1821 324.8713 14.20525660 96101
CZ-6A DEB
1 61481U 24140AAP 26197.15428442  .00001808  00000-0  75739-3 0  9997
2 61481  88.8810 262.0531 0139370  32.9772 328.0015 14.20529376 96246
CZ-6A DEB
1 61481U 24140AAP 26197.15428443  .00001808  00000-0  75739-3 0  9998
2 61481  88.8810 262.0531 0139370  32.9772 328.0015 14.20529376 96246
CZ-6A DEB
1 61481U 24140AAP 26198.14044300  .00001832  00000-0  76785-3 0  9993
2 61481  88.8808 261.9280 0139159  29.7624 331.1390 14.20532972 96389
CZ-6A DEB
1 61481U 24140AAP 26198.14044300  .00001832  00000-0  76785-3 0  9993
2 61481  88.8808 261.9280 0139159  29.7624 331.1390 14.20532972 96389
CZ-6A DEB
1 61481U 24140AAP 26198.63352140  .00001709  00000-0  71570-3 0  9991
2 61481  88.8808 261.8654 0139054  28.1587 332.7032 14.20534244 96450
CZ-6A DEB
1 61481U 24140AAP 26198.63352141  .00001709  00000-0  71570-3 0  9992
2 61481  88.8808 261.8654 0139054  28.1587 332.7032 14.20534244 96450
CZ-6A DEB
1 61481U 24140AAP 26198.91528011  .00001774  00000-0  74319-3 0  9990
2 61481  88.8807 261.8296 0139004  27.2434 333.5959 14.20535391 96492
CZ-6A DEB
1 61481U 24140AAP 26199.12659892  .00001779  00000-0  74561-3 0  9990
2 61481  88.8807 261.8028 0138964  26.5532 334.2689 14.20536212 96525
CZ-6A DEB
1 61481U 24140AAP 26199.61967561  .00001713  00000-0  71769-3 0  9994
2 61481  88.8807 261.7402 0138854  24.9451 335.8365 14.20537835 96597
CZ-6A DEB
1 61481U 24140AAP 26199.61967562  .00001713  00000-0  71769-3 0  9995
2 61481  88.8807 261.7402 0138854  24.9451 335.8365 14.20537835 96597
CZ-6A DEB
1 61481U 24140AAP 26200.18319133  .00001694  00000-0  70979-3 0  9995
2 61481  88.8807 261.6686 0138762  23.1141 337.6210 14.20539721 96679
CZ-6A DEB
1 61481U 24140AAP 26200.60582734  .00001670  00000-0  69993-3 0  9999
2 61481  88.8807 261.6150 0138693  21.7420 338.9578 14.20541225 96732
CZ-6A DEB
1 61481U 24140AAP 26200.60582734  .00001670  00000-0  69993-3 0  9999
2 61481  88.8807 261.6150 0138693  21.7420 338.9578 14.20541225 96732
CZ-6A DEB
1 61481U 24140AAP 26200.88758451  .00001711  00000-0  71721-3 0  9998
2 61481  88.8807 261.5793 0138640  20.8198 339.8562 14.20542265 96770
CZ-6A DEB
1 61481U 24140AAP 26201.16934148  .00001772  00000-0  74309-3 0  9991
2 61481  88.8807 261.5435 0138585  19.9007 340.7513 14.20543421 96816
CZ-6A DEB
1 61481U 24140AAP 26202.15548858  .00002357  00000-0  99046-3 0  9995
2 61481  88.8808 261.4182 0138381  16.6830 343.8844 14.20548750 96953
CZ-6A DEB
1 61481U 24140AAP 26202.43724447  .00002411  00000-0  10135-2 0  9998
2 61481  88.8808 261.3825 0138319  15.7629 344.7801 14.20549837 96997
CZ-6A DEB
1 61481U 24140AAP 26204.12777108  .00002918  00000-0  12279-2 0  9991
2 61481  88.8810 261.1677 0137973  10.2194 350.1749 14.20559499 97230
CZ-6A DEB
1 61481U 24140AAP 26204.40952534  .00002811  00000-0  11827-2 0  9990
2 61481  88.8813 261.1320 0137967   9.3150 351.0549 14.20560211 97278
CZ-6A DEB
1 61481U 24140AAP 26204.62084000  .00002915  00000-0  12270-2 0  9996
2 61481  88.8814 261.1052 0137924   8.6187 351.7323 14.20561792 97302
CZ-6A DEB
1 61481U 24140AAP 26204.62084001  .00002915  00000-0  12270-2 0  9997
2 61481  88.8814 261.1052 0137924   8.6187 351.7323 14.20561792 97302
CZ-6A DEB
1 61481U 24140AAP 26205.11390662  .00003355  00000-0  14130-2 0  9991
2 61481  88.8812 261.0425 0137830   6.9981 353.3090 14.20566170 97373
CZ-6A DEB
1 61481U 24140AAP 26205.60697291  .00003205  00000-0  13497-2 0  9992
2 61481  88.8813 260.9799 0137737   5.3785 354.8846 14.20568475 97440
CZ-6A DEB
1 61481U 24140AAP 26206.59310225  .00002903  00000-0  12223-2 0  9990
2 61481  88.8810 260.8542 0137550   2.1299 358.0447 14.20573294 97583
CZ-6A DEB
1 61481U 24140AAP 26206.87485279  .00002929  00000-0  12330-2 0  9990
2 61481  88.8811 260.8187 0137533   1.2112 358.9384 14.20574984 97625
CZ-6A DEB
1 61481U 24140AAP 26207.15660294  .00003071  00000-0  12933-2 0  9992
2 61481  88.8811 260.7829 0137488   0.2905 359.8340 14.20577106 97660
CZ-6A DEB
1 61481U 24140AAP 26207.57922762  .00003025  00000-0  12738-2 0  9991
2 61481  88.8811 260.7293 0137406 358.9055   1.1814 14.20579385 97725
CZ-6A DEB
1 61481U 24140AAP 26208.14272612  .00002907  00000-0  12242-2 0  9995
2 61481  88.8810 260.6577 0137308 357.0561   2.9805 14.20582209 97808
CZ-6A DEB
1 61481U 24140AAP 26208.42447506  .00002919  00000-0  12295-2 0  9993
2 61481  88.8811 260.6220 0137252 356.1260   3.8854 14.20583670 97849
CZ-6A DEB
1 61481U 24140AAP 26208.56534939  .00002929  00000-0  12335-2 0  9991
2 61481  88.8808 260.6040 0137270 355.6610   4.3378 14.20584529 97861
CZ-6A DEB
1 61481U 24140AAP 26209.12884588  .00002907  00000-0  12242-2 0  9995
2 61481  88.8807 260.5325 0137176 353.8080   6.1407 14.20587487 97949
CZ-6A DEB
1 61481U 24140AAP 26209.41059369  .00002861  00000-0  12048-2 0  9991
2 61481  88.8807 260.4969 0137124 352.8704   7.0531 14.20588770 97985
CZ-6A DEB
1 61481U 24140AAP 26210.88976505  .00002857  00000-0  12033-2 0  9993
2 61481  88.8806 260.3092 0136893 347.9922  11.8013 14.20596671 98190
CZ-6A DEB
1 61481U 24140AAP 26211.10107459  .00002856  00000-0  12029-2 0  9997
2 61481  88.8805 260.2823 0136870 347.2927  12.4824 14.20597849 98222
CZ-6A DEB
1 61481U 24140AAP 26211.87587520  .00002736  00000-0  11523-2 0  9997
2 61481  88.8803 260.1838 0136767 344.7462  14.9622 14.20601547 98332
CZ-6A DEB
1 61481U 24140AAP 26212.58023758  .00002722  00000-0  11466-2 0  9995
2 61481  88.8802 260.0943 0136669 342.4277  17.2208 14.20605262 98432
CZ-6A DEB
1 61481U 24140AAP 26212.58023759  .00002722  00000-0  11466-2 0  9996
2 61481  88.8802 260.0943 0136669 342.4277  17.2208 14.20605262 98432
CZ-6A DEB
1 61481U 24140AAP 26213.14372606  .00002530  00000-0  10655-2 0  9993
2 61481  88.8801 260.0227 0136593 340.5736  19.0276 14.20607789 98511
CZ-6A DEB
1 61481U 24140AAP 26213.42547040  .00002522  00000-0  10622-2 0  9995
2 61481  88.8800 259.9869 0136557 339.6489  19.9288 14.20608972 98554
CZ-6A DEB
1 61481U 24140AAP 26214.12982927  .00002257  00000-0  95019-3 0  9999
2 61481  88.8799 259.8974 0136460 337.3286  22.1911 14.20611793 98655
CZ-6A DEB
1 61481U 24140AAP 26214.12982928  .00002257  00000-0  95019-3 0  9990
2 61481  88.8799 259.8974 0136460 337.3286  22.1911 14.20611793 98655
CZ-6A DEB
1 61481U 24140AAP 26214.55244415  .00002346  00000-0  98771-3 0  9996
2 61481  88.8799 259.8437 0136404 335.9370  23.5484 14.20614016 98713
CZ-6A DEB
1 61481U 24140AAP 26214.83418658  .00002517  00000-0  10603-2 0  9996
2 61481  88.8799 259.8079 0136368 335.0152  24.4477 14.20616098 98751
CZ-6A DEB
1 61481U 24140AAP 26215.53854285  .00002486  00000-0  10472-2 0  9993
2 61481  88.8799 259.7183 0136279 332.6912  26.7156 14.20619289 98859
CZ-6A DEB
1 61481U 24140AAP 26217.08812151  .00002019  00000-0  84953-3 0  9999
2 61481  88.8801 259.5212 0136110 327.5643  31.7233 14.20625030 99070
CZ-6A DEB
1 61481U 24140AAP 26217.58116809  .00001948  00000-0  81943-3 0  9997
2 61481  88.8802 259.4586 0136060 325.9281  33.3228 14.20626974 99146
CZ-6A DEB
1 61481U 24140AAP 26217.58116809  .00001948  00000-0  81943-3 0  9997
2 61481  88.8802 259.4586 0136060 325.9281  33.3228 14.20626974 99146
CZ-6A DEB
1 61481U 24140AAP 26218.56725974  .00001758  00000-0  73925-3 0  9995
2 61481  88.8803 259.3332 0135971 322.6677  36.5122 14.20630529 99282
CZ-6A DEB
1 61481U 24140AAP 26218.84899990  .00001668  00000-0  70093-3 0  9999
2 61481  88.8803 259.2973 0135947 321.7366  37.4235 14.20631320 99320
CZ-6A DEB
1 61481U 24140AAP 26219.06030482  .00001666  00000-0  69992-3 0  9991
2 61481  88.8804 259.2704 0135940 321.0347  38.1106 14.20632184 99355
CZ-6A DEB
1 61481U 24140AAP 26219.55334948  .00001624  00000-0  68247-3 0  9995
2 61481  88.8803 259.2076 0135898 319.3959  39.7156 14.20633884 99425
CZ-6A DEB
1 61481U 24140AAP 26219.83508902  .00001620  00000-0  68055-3 0  9992
2 61481  88.8803 259.1719 0135872 318.4674  40.6253 14.20634912 99460
CZ-6A DEB
1 61481U 24140AAP 26219.83508902  .00001620  00000-0  68055-3 0  9992
2 61481  88.8803 259.1719 0135872 318.4674  40.6253 14.20634912 99460
CZ-6A DEB
1 61481U 24140AAP 26221.38465465  .00001837  00000-0  77252-3 0  9990
2 61481  88.8803 258.9749 0135742 313.3364  45.6575 14.20640875 99687
CZ-6A DEB
1 61481U 24140AAP 26222.08900134  .00001701  00000-0  71507-3 0  9992
2 61481  88.8802 258.8855 0135690 311.0092  47.9428 14.20642921 99785
CZ-6A DEB
1 61481U 24140AAP 26222.37073992  .00001688  00000-0  70962-3 0  9995
2 61481  88.8802 258.8497 0135674 310.0786  48.8571 14.20643725 99825
CZ-6A DEB
1 61481U 24140AAP 26222.37073993  .00001688  00000-0  70962-3 0  9996
2 61481  88.8802 258.8497 0135674 310.0786  48.8571 14.20643725 99825
CZ-6A DEB
1 61481U 24140AAP 26223.35682361  .00001611  00000-0  67697-3 0  9997
2 61481  88.8802 258.7245 0135623 306.8123  52.0686 14.20646793 99964
CZ-6A DEB
1 61481U 24140AAP 26223.35682362  .00001611  00000-0  67697-3 0  9998
2 61481  88.8802 258.7245 0135623 306.8123  52.0686 14.20646793 99964
CZ-6A DEB
1 61481U 24140AAP 26224.06116792  .00001654  00000-0  69514-3 0  9993
2 61481  88.8799 258.6348 0135626 304.5080  54.3364 14.20649320100063
CZ-6A DEB
1 61481U 24140AAP 26224.06116792  .00001654  00000-0  69514-3 0  9993
2 61481  88.8799 258.6348 0135626 304.5080  54.3364 14.20649320100063
CZ-6A DEB
1 61481U 24140AAP 26225.04724944  .00001549  00000-0  65076-3 0  9998
2 61481  88.8799 258.5094 0135571 301.2427  57.5538 14.20651921100202
CZ-6A DEB
1 61481U 24140AAP 26225.54028968  .00001587  00000-0  66693-3 0  9994
2 61481  88.8798 258.4467 0135553 299.6045  59.1696 14.20653694100279
CZ-6A DEB
1 61481U 24140AAP 26225.54028968  .00001587  00000-0  66693-3 0  9994
2 61481  88.8798 258.4467 0135553 299.6045  59.1696 14.20653694100279
CZ-6A DEB
1 61481U 24140AAP 26226.03332940  .00001626  00000-0  68328-3 0  9998
2 61481  88.8796 258.3838 0135502 297.9807  60.7725 14.20655536100345
CZ-6A DEB
1 61481U 24140AAP 26226.03332940  .00001626  00000-0  68328-3 0  9998
2 61481  88.8796 258.3838 0135502 297.9807  60.7725 14.20655536100345
CZ-6A DEB
1 61481U 24140AAP 26226.52636858  .00001630  00000-0  68520-3 0  9996
2 61481  88.8796 258.3211 0135481 296.3449  62.3881 14.20657242100416
CZ-6A DEB
1 61481U 24140AAP 26226.52636858  .00001630  00000-0  68520-3 0  9996
2 61481  88.8796 258.3211 0135481 296.3449  62.3880 14.20657242100415
CZ-6A DEB
1 61481U 24140AAP 26227.08984147  .00001726  00000-0  72570-3 0  9991
2 61481  88.8795 258.2495 0135469 294.4763  64.2349 14.20659678100495
CZ-6A DEB
1 61481U 24140AAP 26227.08984148  .00001726  00000-0  72570-3 0  9992
2 61481  88.8795 258.2495 0135469 294.4763  64.2349 14.20659678100495
CZ-6A DEB
1 61481U 24140AAP 26228.07591846  .00001776  00000-0  74703-3 0  9996
2 61481  88.8793 258.1239 0135433 291.2096  67.4671 14.20663137100637
CZ-6A DEB
1 61481U 24140AAP 26228.07591847  .00001776  00000-0  74703-3 0  9997
2 61481  88.8793 258.1239 0135433 291.2096  67.4671 14.20663137100637
CZ-6A DEB
1 61481U 24140AAP 26228.49852306  .00001745  00000-0  73364-3 0  9991
2 61481  88.8793 258.0703 0135407 289.8196  68.8439 14.20664164100691
CZ-6A DEB
1 61481U 24140AAP 26229.06199466  .00001859  00000-0  78191-3 0  9995
2 61481  88.8793 257.9987 0135390 287.9550  70.6921 14.20666622100774
CZ-6A DEB
1 61481U 24140AAP 26230.04806865  .00001968  00000-0  82832-3 0  9991
2 61481  88.8793 257.8734 0135370 284.6852  73.9366 14.20670548100917
CZ-6A DEB
1 61481U 24140AAP 26230.54110467  .00002165  00000-0  91140-3 0  9994
2 61481  88.8795 257.8109 0135379 283.0495  75.5612 14.20673409100988
CZ-6A DEB
1 61481U 24140AAP 26231.03414059  .00002225  00000-0  93693-3 0  9995
2 61481  88.8794 257.7482 0135369 281.4171  77.1841 14.20675494101059
CZ-6A DEB
1 61481U 24140AAP 26231.31587486  .00002391  00000-0  10074-2 0  9996
2 61481  88.8792 257.7120 0135356 280.4988  78.0976 14.20677519101090
CZ-6A DEB
1 61481U 24140AAP 26231.31587486  .00002391  00000-0  10074-2 0  9996
2 61481  88.8792 257.7120 0135356 280.4988  78.0976 14.20677519101090
CZ-6A DEB
1 61481U 24140AAP 26232.02021081  .00002285  00000-0  96210-3 0  9998
2 61481  88.8791 257.6225 0135351 278.1560  80.4297 14.20679538101196
CZ-6A DEB
1 61481U 24140AAP 26232.79497922  .00002302  00000-0  96951-3 0  9995
2 61481  88.8789 257.5238 0135379 275.5854  82.9910 14.20682549101301
CZ-6A DEB
1 61481U 24140AAP 26233.07671299  .00002281  00000-0  96048-3 0  9991
2 61481  88.8791 257.4882 0135340 274.6587  83.9158 14.20683549101349
CZ-6A DEB
1 61481U 24140AAP 26233.49931339  .00002217  00000-0  93330-3 0  9991
2 61481  88.8790 257.4344 0135379 273.2638  85.3072 14.20684805101409
CZ-6A DEB
1 61481U 24140AAP 26233.49931340  .00002217  00000-0  93330-3 0  9993
2 61481  88.8790 257.4344 0135379 273.2638  85.3072 14.20684805101409
CZ-6A DEB
1 61481U 24140AAP 26234.06277980  .00002206  00000-0  92852-3 0  9996
2 61481  88.8789 257.3628 0135337 271.4019  87.1672 14.20687035101480
CZ-6A DEB
1 61481U 24140AAP 26234.48537918  .00002172  00000-0  91426-3 0  9990
2 61481  88.8793 257.3092 0135367 270.0054  88.5625 14.20688564101545
CZ-6A DEB
1 61481U 24140AAP 26234.48537918  .00002172  00000-0  91426-3 0  9990
2 61481  88.8793 257.3092 0135367 270.0054  88.5625 14.20688564101545
CZ-6A DEB
1 61481U 24140AAP 26235.04884418  .00002163  00000-0  91028-3 0  9991
2 61481  88.8792 257.2374 0135361 268.1422  90.4261 14.20690931101625
CZ-6A DEB
1 61481U 24140AAP 26235.82360753  .00002121  00000-0  89255-3 0  9991
2 61481  88.8792 257.1390 0135382 265.5759  92.9955 14.20694028101739
CZ-6A DEB
1 61481U 24140AAP 26236.03490646  .00002113  00000-0  88931-3 0  9991
2 61481  88.8792 257.1121 0135361 264.8495  93.7235 14.20695080101769
CZ-6A DEB
1 61481U 24140AAP 26236.31663801  .00002154  00000-0  90652-3 0  9995
2 61481  88.8793 257.0763 0135384 263.9137  94.6614 14.20696421101805
CZ-6A DEB
1 61481U 24140AAP 26236.31663802  .00002154  00000-0  90652-3 0  9996
2 61481  88.8793 257.0763 0135384 263.9137  94.6614 14.20696421101805
CZ-6A DEB
1 61481U 24140AAP 26237.02096660  .00002112  00000-0  88870-3 0  9990
2 61481  88.8791 256.9868 0135405 261.5867  96.9955 14.20699305101903
CZ-6A DEB
1 61481U 24140AAP 26237.79572686  .00002214  00000-0  93158-3 0  9999
2 61481  88.8790 256.8883 0135428 259.0238  99.5693 14.20702850102018
CZ-6A DEB
1 61481U 24140AAP 26237.79572687  .00002214  00000-0  93158-3 0  9990
2 61481  88.8790 256.8883 0135428 259.0238  99.5693 14.20702850102018
CZ-6A DEB
1 61481U 24140AAP 26238.00702485  .00002235  00000-0  94031-3 0  9990
2 61481  88.8789 256.8613 0135435 258.3304 100.2662 14.20703876102049
CZ-6A DEB
1 61481U 24140AAP 26238.00702486  .00002235  00000-0  94031-3 0  9991
2 61481  88.8789 256.8613 0135435 258.3304 100.2662 14.20703876102049
CZ-6A DEB
1 61481U 24140AAP 26238.50005348  .00002435  00000-0  10248-2 0  9998
2 61481  88.8788 256.7986 0135440 256.7127 101.8930 14.20706465102111
CZ-6A DEB
1 61481U 24140AAP 26238.50005349  .00002435  00000-0  10248-2 0  9999
2 61481  88.8788 256.7986 0135440 256.7127 101.8930 14.20706465102111
CZ-6A DEB
1 61481U 24140AAP 26239.06351362  .00002262  00000-0  95193-3 0  9991
2 61481  88.8787 256.7269 0135462 254.8523 103.7651 14.20708517102196
CZ-6A DEB
1 61481U 24140AAP 26239.06351363  .00002262  00000-0  95193-3 0  9992
2 61481  88.8787 256.7269 0135462 254.8523 103.7651 14.20708517102196
CZ-6A DEB
1 61481U 24140AAP 26239.48610874  .00002529  00000-0  10646-2 0  9998
2 61481  88.8787 256.6731 0135474 253.4540 105.1733 14.20710962102257
CZ-6A DEB
1 61481U 24140AAP 26239.48610874  .00002529  00000-0  10646-2 0  9998
2 61481  88.8787 256.6731 0135474 253.4540 105.1733 14.20710962102257
CZ-6A DEB
1 61481U 24140AAP 26240.04956786  .00002575  00000-0  10840-2 0  9994
2 61481  88.8786 256.6014 0135502 251.5875 107.0544 14.20713586102337
CZ-6A DEB
1 61481U 24140AAP 26240.04956786  .00002575  00000-0  10840-2 0  9994
2 61481  88.8786 256.6014 0135502 251.5875 107.0544 14.20713586102337
CZ-6A DEB
1 61481U 24140AAP 26240.47216230  .00002286  00000-0  96157-3 0  9999
2 61481  88.8785 256.5477 0135509 250.1915 108.4624 14.20714264102399
CZ-6A DEB
1 61481U 24140AAP 26240.47216231  .00002286  00000-0  96157-3 0  9990
2 61481  88.8785 256.5477 0135509 250.1915 108.4624 14.20714264102399
CZ-6A DEB
1 61481U 24140AAP 26241.45821309  .00002472  00000-0  10401-2 0  9991
2 61481  88.8785 256.4222 0135577 246.9279 111.7571 14.20719294102539
CZ-6A DEB
1 61481U 24140AAP 26241.45821310  .00002472  00000-0  10401-2 0  9993
2 61481  88.8785 256.4222 0135577 246.9279 111.7571 14.20719294102539
CZ-6A DEB
1 61481U 24140AAP 26242.30339772  .00002357  00000-0  99149-3 0  9993
2 61481  88.8785 256.3145 0135621 244.1393 114.5761 14.20722901102653
CZ-6A DEB
1 61481U 24140AAP 26242.30339773  .00002357  00000-0  99149-3 0  9994
2 61481  88.8785 256.3145 0135621 244.1393 114.5762 14.20722901102654
CZ-6A DEB
1 61481U 24140AAP 26242.30339773  .00002357  00000-0  99149-3 0  9994
2 61481  88.8785 256.3145 0135621 244.1393 114.5762 14.20722901102654
CZ-6A DEB
1 61481U 24140AAP 26243.00771721  .00002103  00000-0  88362-3 0  9999
2 61481  88.8784 256.2248 0135676 241.8145 116.9287 14.20725428102751
CZ-6A DEB
1 61481U 24140AAP 26243.00771722  .00002103  00000-0  88362-3 0  9990
2 61481  88.8784 256.2248 0135676 241.8145 116.9287 14.20725428102751
CZ-6A DEB
1 61481U 24140AAP 26243.50074006  .00002061  00000-0  86574-3 0  9992
2 61481  88.8787 256.1620 0135706 240.1873 118.5768 14.20727682102825
CZ-6A DEB
1 61481U 24140AAP 26243.50074006  .00002061  00000-0  86574-3 0  9992
2 61481  88.8787 256.1620 0135706 240.1873 118.5768 14.20727682102825
CZ-6A DEB
1 61481U 24140AAP 26243.78246727  .00002006  00000-0  84241-3 0  9991
2 61481  88.8787 256.1262 0135740 239.2598 119.5166 14.20728752102864
CZ-6A DEB
1 61481U 24140AAP 26243.78246727  .00002006  00000-0  84241-3 0  9991
2 61481  88.8787 256.1262 0135740 239.2598 119.5166 14.20728752102864
CZ-6A DEB
1 61481U 24140AAP 26243.99376262  .00001879  00000-0  78883-3 0  9994
2 61481  88.8786 256.0993 0135752 238.5631 120.2229 14.20729318102897
CZ-6A DEB
1 61481U 24140AAP 26243.99376262  .00001879  00000-0  78883-3 0  9994
2 61481  88.8786 256.0993 0135752 238.5631 120.2229 14.20729318102897
CZ-6A DEB
1 61481U 24140AAP 26244.48678466  .00001802  00000-0  75614-3 0  9995
2 61481  88.8787 256.0365 0135788 236.9358 121.8733 14.20731241102961
CZ-6A DEB
1 61481U 24140AAP 26244.48678467  .00001802  00000-0  75614-3 0  9996
2 61481  88.8787 256.0365 0135788 236.9358 121.8733 14.20731241102961
CZ-6A DEB
1 61481U 24140AAP 26244.97980640  .00001730  00000-0  72597-3 0  9996
2 61481  88.8786 255.9737 0135795 235.3107 123.5228 14.20733014103031
